onset	duration	trial_type	value	sample
4.531248412524633	1.0	NonTarget	1	1160
4.656248368732209	1.0	NonTarget	1	1192
4.781248324939785	1.0	NonTarget	1	1224
4.906248281147361	1.0	NonTarget	1	1256
5.031248237354937	1.0	NonTarget	1	1288
5.156248193562513	1.0	NonTarget	1	1320
5.281248149770089	1.0	NonTarget	1	1352
5.4062481059776655	1.0	NonTarget	1	1384
5.531248062185242	1.0	NonTarget	1	1416
5.656248018392818	1.0	NonTarget	1	1448
5.781247974600394	1.0	NonTarget	1	1480
5.90624793080797	1.0	NonTarget	1	1512
6.031247887015546	1.0	NonTarget	1	1544
6.156247843223122	1.0	NonTarget	1	1576
6.281247799430698	1.0	NonTarget	1	1608
6.406247755638274	1.0	NonTarget	1	1640
6.53124771184585	1.0	NonTarget	1	1672
6.656247668053426	1.0	NonTarget	1	1704
6.7812476242610025	1.0	NonTarget	1	1736
6.906247580468579	1.0	NonTarget	1	1768
7.031247536676155	1.0	NonTarget	1	1800
7.156247492883731	1.0	NonTarget	1	1832
7.281247449091307	1.0	NonTarget	1	1864
7.406247405298883	1.0	NonTarget	1	1896
7.531247361506459	1.0	NonTarget	1	1928
7.656247317714035	1.0	NonTarget	1	1960
7.781247273921611	1.0	NonTarget	1	1992
7.906247230129187	1.0	NonTarget	1	2024
8.031247186336763	1.0	NonTarget	1	2056
8.15624714254434	1.0	NonTarget	1	2088
8.281247098751916	1.0	NonTarget	1	2120
8.406247054959492	1.0	NonTarget	1	2152
8.531247011167068	1.0	NonTarget	1	2184
8.656246967374644	1.0	NonTarget	1	2216
8.78124692358222	1.0	NonTarget	1	2248
8.906246879789796	1.0	NonTarget	1	2280
9.031246835997372	1.0	NonTarget	1	2312
9.156246792204948	1.0	NonTarget	1	2344
9.281246748412524	1.0	NonTarget	1	2376
9.4062467046201	1.0	NonTarget	1	2408
9.531246660827676	1.0	NonTarget	1	2440
9.656246617035253	1.0	NonTarget	1	2472
9.781246573242829	1.0	NonTarget	1	2504
9.906246529450405	1.0	NonTarget	1	2536
10.03124648565798	1.0	NonTarget	1	2568
10.156246441865557	1.0	NonTarget	1	2600
10.281246398073133	1.0	NonTarget	1	2632
10.406246354280709	1.0	NonTarget	1	2664
10.531246310488285	1.0	NonTarget	1	2696
10.656246266695861	1.0	NonTarget	1	2728
10.781246222903437	1.0	NonTarget	1	2760
10.906246179111013	1.0	NonTarget	1	2792
11.03124613531859	1.0	NonTarget	1	2824
11.156246091526166	1.0	NonTarget	1	2856
11.281246047733742	1.0	NonTarget	1	2888
11.406246003941318	1.0	NonTarget	1	2920
11.531245960148894	1.0	NonTarget	1	2952
11.65624591635647	1.0	NonTarget	1	2984
11.781245872564046	1.0	NonTarget	1	3016
11.906245828771622	1.0	NonTarget	1	3048
12.031245784979198	1.0	NonTarget	1	3080
12.156245741186774	1.0	NonTarget	1	3112
12.28124569739435	1.0	NonTarget	1	3144
12.406245653601927	1.0	NonTarget	1	3176
12.531245609809503	1.0	NonTarget	1	3208
12.656245566017079	1.0	NonTarget	1	3240
12.781245522224655	1.0	NonTarget	1	3272
12.906245478432231	1.0	NonTarget	1	3304
13.031245434639807	1.0	NonTarget	1	3336
13.156245390847383	1.0	NonTarget	1	3368
13.28124534705496	1.0	NonTarget	1	3400
13.406245303262535	1.0	NonTarget	1	3432
13.531245259470111	1.0	NonTarget	1	3464
13.656245215677687	1.0	NonTarget	1	3496
13.781245171885264	1.0	NonTarget	1	3528
13.90624512809284	1.0	NonTarget	1	3560
14.031245084300416	1.0	NonTarget	1	3592
14.156245040507992	1.0	NonTarget	1	3624
14.281244996715568	1.0	NonTarget	1	3656
14.406244952923144	1.0	NonTarget	1	3688
14.53124490913072	1.0	NonTarget	1	3720
14.656244865338296	1.0	NonTarget	1	3752
14.781244821545872	1.0	NonTarget	1	3784
14.906244777753448	1.0	NonTarget	1	3816
15.031244733961024	1.0	NonTarget	1	3848
15.1562446901686	1.0	NonTarget	1	3880
15.281244646376177	1.0	NonTarget	1	3912
15.406244602583753	1.0	NonTarget	1	3944
15.531244558791329	1.0	NonTarget	1	3976
15.656244514998905	1.0	NonTarget	1	4008
15.781244471206481	1.0	NonTarget	1	4040
15.906244427414057	1.0	NonTarget	1	4072
16.031244383621633	1.0	NonTarget	1	4104
16.156244339829207	1.0	NonTarget	1	4136
16.281244296036785	1.0	NonTarget	1	4168
16.40624425224436	1.0	NonTarget	1	4200
16.531244208451938	1.0	NonTarget	1	4232
16.656244164659512	1.0	NonTarget	1	4264
16.78124412086709	1.0	NonTarget	1	4296
16.906244077074664	1.0	NonTarget	1	4328
17.031244033282242	1.0	NonTarget	1	4360
17.156243989489816	1.0	NonTarget	1	4392
17.281243945697394	1.0	NonTarget	1	4424
17.40624390190497	1.0	NonTarget	1	4456
17.531243858112546	1.0	NonTarget	1	4488
17.65624381432012	1.0	NonTarget	1	4520
17.7812437705277	1.0	NonTarget	1	4552
17.906243726735273	1.0	NonTarget	1	4584
18.03124368294285	1.0	NonTarget	1	4616
18.156243639150425	1.0	NonTarget	1	4648
18.281243595358003	1.0	NonTarget	1	4680
18.406243551565577	1.0	NonTarget	1	4712
18.531243507773155	1.0	NonTarget	1	4744
18.65624346398073	1.0	NonTarget	1	4776
18.781243420188307	1.0	NonTarget	1	4808
18.90624337639588	1.0	NonTarget	1	4840
19.03124333260346	1.0	NonTarget	1	4872
19.156243288811034	1.0	NonTarget	1	4904
19.28124324501861	1.0	NonTarget	1	4936
19.406243201226186	1.0	NonTarget	1	4968
25.531241055397416	1.0	NonTarget	1	6536
25.65624101160499	1.0	NonTarget	1	6568
25.78124096781257	1.0	NonTarget	1	6600
25.906240924020143	1.0	NonTarget	1	6632
26.03124088022772	1.0	NonTarget	1	6664
26.156240836435295	1.0	NonTarget	1	6696
26.281240792642873	1.0	NonTarget	1	6728
26.406240748850447	1.0	NonTarget	1	6760
26.531240705058025	1.0	NonTarget	1	6792
26.6562406612656	1.0	NonTarget	1	6824
26.781240617473177	1.0	NonTarget	1	6856
26.90624057368075	1.0	NonTarget	1	6888
27.03124052988833	1.0	NonTarget	1	6920
27.156240486095903	1.0	NonTarget	1	6952
27.28124044230348	1.0	NonTarget	1	6984
27.406240398511056	1.0	NonTarget	1	7016
27.531240354718634	1.0	NonTarget	1	7048
27.656240310926208	1.0	NonTarget	1	7080
27.781240267133786	1.0	NonTarget	1	7112
27.90624022334136	1.0	NonTarget	1	7144
28.031240179548938	1.0	NonTarget	1	7176
28.156240135756512	1.0	NonTarget	1	7208
28.28124009196409	1.0	NonTarget	1	7240
28.406240048171664	1.0	NonTarget	1	7272
28.531240004379242	1.0	NonTarget	1	7304
28.656239960586817	1.0	NonTarget	1	7336
28.781239916794394	1.0	NonTarget	1	7368
28.90623987300197	1.0	NonTarget	1	7400
29.031239829209547	1.0	NonTarget	1	7432
29.15623978541712	1.0	NonTarget	1	7464
29.2812397416247	1.0	NonTarget	1	7496
29.406239697832273	1.0	NonTarget	1	7528
29.53123965403985	1.0	NonTarget	1	7560
29.656239610247425	1.0	NonTarget	1	7592
29.781239566455003	1.0	NonTarget	1	7624
29.906239522662577	1.0	NonTarget	1	7656
30.031239478870155	1.0	NonTarget	1	7688
30.15623943507773	1.0	NonTarget	1	7720
30.281239391285308	1.0	NonTarget	1	7752
30.406239347492882	1.0	NonTarget	1	7784
30.53123930370046	1.0	NonTarget	1	7816
30.656239259908034	1.0	NonTarget	1	7848
30.781239216115612	1.0	NonTarget	1	7880
30.906239172323186	1.0	NonTarget	1	7912
31.031239128530764	1.0	NonTarget	1	7944
31.15623908473834	1.0	NonTarget	1	7976
31.281239040945916	1.0	NonTarget	1	8008
31.40623899715349	1.0	NonTarget	1	8040
31.53123895336107	1.0	NonTarget	1	8072
31.656238909568643	1.0	NonTarget	1	8104
31.78123886577622	1.0	NonTarget	1	8136
31.906238821983795	1.0	NonTarget	1	8168
32.03123877819137	1.0	NonTarget	1	8200
32.15623873439895	1.0	NonTarget	1	8232
32.28123869060652	1.0	NonTarget	1	8264
32.4062386468141	1.0	NonTarget	1	8296
32.53123860302168	1.0	NonTarget	1	8328
32.65623855922925	1.0	NonTarget	1	8360
32.781238515436826	1.0	NonTarget	1	8392
32.90623847164441	1.0	NonTarget	1	8424
33.03123842785198	1.0	NonTarget	1	8456
33.156238384059556	1.0	NonTarget	1	8488
33.28123834026713	1.0	NonTarget	1	8520
33.40623829647471	1.0	NonTarget	1	8552
33.531238252682286	1.0	NonTarget	1	8584
33.65623820888986	1.0	NonTarget	1	8616
33.781238165097434	1.0	NonTarget	1	8648
33.906238121305016	1.0	NonTarget	1	8680
34.03123807751259	1.0	NonTarget	1	8712
34.156238033720165	1.0	NonTarget	1	8744
34.28123798992774	1.0	NonTarget	1	8776
34.40623794613532	1.0	NonTarget	1	8808
34.531237902342895	1.0	NonTarget	1	8840
34.65623785855047	1.0	NonTarget	1	8872
34.78123781475804	1.0	NonTarget	1	8904
34.906237770965625	1.0	NonTarget	1	8936
35.0312377271732	1.0	NonTarget	1	8968
35.15623768338077	1.0	NonTarget	1	9000
35.28123763958835	1.0	NonTarget	1	9032
35.40623759579593	1.0	NonTarget	1	9064
35.5312375520035	1.0	NonTarget	1	9096
35.65623750821108	1.0	NonTarget	1	9128
35.78123746441865	1.0	NonTarget	1	9160
35.90623742062623	1.0	NonTarget	1	9192
36.03123737683381	1.0	NonTarget	1	9224
36.15623733304138	1.0	NonTarget	1	9256
36.281237289248956	1.0	NonTarget	1	9288
36.40623724545654	1.0	NonTarget	1	9320
36.53123720166411	1.0	NonTarget	1	9352
36.656237157871686	1.0	NonTarget	1	9384
36.78123711407926	1.0	NonTarget	1	9416
36.90623707028684	1.0	NonTarget	1	9448
37.031237026494416	1.0	NonTarget	1	9480
37.15623698270199	1.0	NonTarget	1	9512
37.281236938909565	1.0	NonTarget	1	9544
37.406236895117146	1.0	NonTarget	1	9576
37.53123685132472	1.0	NonTarget	1	9608
37.656236807532295	1.0	NonTarget	1	9640
37.78123676373987	1.0	NonTarget	1	9672
37.90623671994745	1.0	NonTarget	1	9704
38.031236676155025	1.0	NonTarget	1	9736
38.1562366323626	1.0	NonTarget	1	9768
38.281236588570174	1.0	NonTarget	1	9800
38.406236544777755	1.0	NonTarget	1	9832
38.53123650098533	1.0	NonTarget	1	9864
38.656236457192904	1.0	NonTarget	1	9896
38.78123641340048	1.0	NonTarget	1	9928
38.90623636960806	1.0	NonTarget	1	9960
39.031236325815634	1.0	NonTarget	1	9992
39.15623628202321	1.0	NonTarget	1	10024
39.28123623823078	1.0	NonTarget	1	10056
39.406236194438364	1.0	NonTarget	1	10088
39.53123615064594	1.0	NonTarget	1	10120
39.65623610685351	1.0	NonTarget	1	10152
39.78123606306109	1.0	NonTarget	1	10184
39.90623601926867	1.0	NonTarget	1	10216
40.03123597547624	1.0	NonTarget	1	10248
40.15623593168382	1.0	NonTarget	1	10280
40.28123588789139	1.0	NonTarget	1	10312
40.40623584409897	1.0	NonTarget	1	10344
46.5312336982702	1.0	NonTarget	1	11912
46.656233654477774	1.0	NonTarget	1	11944
46.78123361068535	1.0	NonTarget	1	11976
46.90623356689292	1.0	NonTarget	1	12008
47.031233523100504	1.0	NonTarget	1	12040
47.15623347930808	1.0	NonTarget	1	12072
47.28123343551565	1.0	NonTarget	1	12104
47.40623339172323	1.0	NonTarget	1	12136
47.53123334793081	1.0	NonTarget	1	12168
47.65623330413838	1.0	NonTarget	1	12200
47.78123326034596	1.0	NonTarget	1	12232
47.90623321655353	1.0	NonTarget	1	12264
48.03123317276111	1.0	NonTarget	1	12296
48.15623312896869	1.0	NonTarget	1	12328
48.28123308517626	1.0	NonTarget	1	12360
48.406233041383835	1.0	NonTarget	1	12392
48.53123299759142	1.0	NonTarget	1	12424
48.65623295379899	1.0	NonTarget	1	12456
48.781232910006565	1.0	NonTarget	1	12488
48.90623286621414	1.0	NonTarget	1	12520
49.03123282242172	1.0	NonTarget	1	12552
49.156232778629295	1.0	NonTarget	1	12584
49.28123273483687	1.0	NonTarget	1	12616
49.406232691044444	1.0	NonTarget	1	12648
49.531232647252025	1.0	NonTarget	1	12680
49.6562326034596	1.0	NonTarget	1	12712
49.781232559667174	1.0	NonTarget	1	12744
49.90623251587475	1.0	NonTarget	1	12776
50.03123247208233	1.0	NonTarget	1	12808
50.156232428289904	1.0	NonTarget	1	12840
50.28123238449748	1.0	NonTarget	1	12872
50.40623234070505	1.0	NonTarget	1	12904
50.531232296912634	1.0	NonTarget	1	12936
50.65623225312021	1.0	NonTarget	1	12968
50.78123220932778	1.0	NonTarget	1	13000
50.90623216553536	1.0	NonTarget	1	13032
51.03123212174294	1.0	NonTarget	1	13064
51.15623207795051	1.0	NonTarget	1	13096
51.28123203415809	1.0	NonTarget	1	13128
51.40623199036566	1.0	NonTarget	1	13160
51.53123194657324	1.0	NonTarget	1	13192
51.65623190278082	1.0	NonTarget	1	13224
51.78123185898839	1.0	NonTarget	1	13256
51.906231815195966	1.0	NonTarget	1	13288
52.03123177140355	1.0	NonTarget	1	13320
52.15623172761112	1.0	NonTarget	1	13352
52.281231683818696	1.0	NonTarget	1	13384
52.40623164002627	1.0	NonTarget	1	13416
52.53123159623385	1.0	NonTarget	1	13448
52.656231552441426	1.0	NonTarget	1	13480
52.781231508649	1.0	NonTarget	1	13512
52.906231464856575	1.0	NonTarget	1	13544
53.031231421064156	1.0	NonTarget	1	13576
53.15623137727173	1.0	NonTarget	1	13608
53.281231333479305	1.0	NonTarget	1	13640
53.40623128968688	1.0	NonTarget	1	13672
53.53123124589446	1.0	NonTarget	1	13704
53.656231202102035	1.0	NonTarget	1	13736
53.78123115830961	1.0	NonTarget	1	13768
53.90623111451718	1.0	NonTarget	1	13800
54.031231070724765	1.0	NonTarget	1	13832
54.15623102693234	1.0	NonTarget	1	13864
54.28123098313991	1.0	NonTarget	1	13896
54.40623093934749	1.0	NonTarget	1	13928
54.53123089555507	1.0	NonTarget	1	13960
54.65623085176264	1.0	NonTarget	1	13992
54.78123080797022	1.0	NonTarget	1	14024
54.90623076417779	1.0	NonTarget	1	14056
55.03123072038537	1.0	NonTarget	1	14088
55.15623067659295	1.0	NonTarget	1	14120
55.28123063280052	1.0	NonTarget	1	14152
55.406230589008096	1.0	NonTarget	1	14184
55.53123054521568	1.0	NonTarget	1	14216
55.65623050142325	1.0	NonTarget	1	14248
55.781230457630826	1.0	NonTarget	1	14280
55.9062304138384	1.0	NonTarget	1	14312
56.03123037004598	1.0	NonTarget	1	14344
56.15623032625356	1.0	NonTarget	1	14376
56.28123028246113	1.0	NonTarget	1	14408
56.406230238668705	1.0	NonTarget	1	14440
56.53123019487629	1.0	NonTarget	1	14472
56.65623015108386	1.0	NonTarget	1	14504
56.781230107291435	1.0	NonTarget	1	14536
56.90623006349901	1.0	NonTarget	1	14568
57.03123001970659	1.0	NonTarget	1	14600
57.156229975914165	1.0	NonTarget	1	14632
57.28122993212174	1.0	NonTarget	1	14664
57.406229888329314	1.0	NonTarget	1	14696
57.531229844536895	1.0	NonTarget	1	14728
57.65622980074447	1.0	NonTarget	1	14760
57.781229756952044	1.0	NonTarget	1	14792
57.90622971315962	1.0	NonTarget	1	14824
58.0312296693672	1.0	NonTarget	1	14856
58.156229625574774	1.0	NonTarget	1	14888
58.28122958178235	1.0	NonTarget	1	14920
58.40622953798992	1.0	NonTarget	1	14952
58.531229494197504	1.0	NonTarget	1	14984
58.65622945040508	1.0	NonTarget	1	15016
58.78122940661265	1.0	NonTarget	1	15048
58.90622936282023	1.0	NonTarget	1	15080
59.03122931902781	1.0	NonTarget	1	15112
59.15622927523538	1.0	NonTarget	1	15144
59.28122923144296	1.0	NonTarget	1	15176
59.40622918765053	1.0	NonTarget	1	15208
59.53122914385811	1.0	NonTarget	1	15240
59.65622910006569	1.0	NonTarget	1	15272
59.78122905627326	1.0	NonTarget	1	15304
59.906229012480836	1.0	NonTarget	1	15336
60.03122896868842	1.0	NonTarget	1	15368
60.15622892489599	1.0	NonTarget	1	15400
60.281228881103566	1.0	NonTarget	1	15432
60.40622883731114	1.0	NonTarget	1	15464
60.53122879351872	1.0	NonTarget	1	15496
60.656228749726296	1.0	NonTarget	1	15528
60.78122870593387	1.0	NonTarget	1	15560
60.906228662141444	1.0	NonTarget	1	15592
61.031228618349026	1.0	NonTarget	1	15624
61.1562285745566	1.0	NonTarget	1	15656
61.281228530764174	1.0	NonTarget	1	15688
61.40622848697175	1.0	NonTarget	1	15720
67.53122634114298	1.0	NonTarget	1	17288
67.65622629735056	1.0	NonTarget	1	17320
67.78122625355813	1.0	NonTarget	1	17352
67.9062262097657	1.0	NonTarget	1	17384
68.03122616597328	1.0	NonTarget	1	17416
68.15622612218085	1.0	NonTarget	1	17448
68.28122607838844	1.0	NonTarget	1	17480
68.40622603459602	1.0	NonTarget	1	17512
68.53122599080359	1.0	NonTarget	1	17544
68.65622594701117	1.0	NonTarget	1	17576
68.78122590321874	1.0	NonTarget	1	17608
68.90622585942631	1.0	NonTarget	1	17640
69.03122581563389	1.0	NonTarget	1	17672
69.15622577184146	1.0	NonTarget	1	17704
69.28122572804905	1.0	NonTarget	1	17736
69.40622568425663	1.0	NonTarget	1	17768
69.5312256404642	1.0	NonTarget	1	17800
69.65622559667177	1.0	NonTarget	1	17832
69.78122555287935	1.0	NonTarget	1	17864
69.90622550908692	1.0	NonTarget	1	17896
70.0312254652945	1.0	NonTarget	1	17928
70.15622542150207	1.0	NonTarget	1	17960
70.28122537770966	1.0	NonTarget	1	17992
70.40622533391723	1.0	NonTarget	1	18024
70.53122529012481	1.0	NonTarget	1	18056
70.65622524633238	1.0	NonTarget	1	18088
70.78122520253996	1.0	NonTarget	1	18120
70.90622515874753	1.0	NonTarget	1	18152
71.0312251149551	1.0	NonTarget	1	18184
71.15622507116268	1.0	NonTarget	1	18216
71.28122502737027	1.0	NonTarget	1	18248
71.40622498357784	1.0	NonTarget	1	18280
71.53122493978542	1.0	NonTarget	1	18312
71.65622489599299	1.0	NonTarget	1	18344
71.78122485220057	1.0	NonTarget	1	18376
71.90622480840814	1.0	NonTarget	1	18408
72.03122476461571	1.0	NonTarget	1	18440
72.15622472082329	1.0	NonTarget	1	18472
72.28122467703088	1.0	NonTarget	1	18504
72.40622463323845	1.0	NonTarget	1	18536
72.53122458944603	1.0	NonTarget	1	18568
72.6562245456536	1.0	NonTarget	1	18600
72.78122450186117	1.0	NonTarget	1	18632
72.90622445806875	1.0	NonTarget	1	18664
73.03122441427632	1.0	NonTarget	1	18696
73.1562243704839	1.0	NonTarget	1	18728
73.28122432669149	1.0	NonTarget	1	18760
73.40622428289906	1.0	NonTarget	1	18792
73.53122423910663	1.0	NonTarget	1	18824
73.65622419531421	1.0	NonTarget	1	18856
73.78122415152178	1.0	NonTarget	1	18888
73.90622410772936	1.0	NonTarget	1	18920
74.03122406393693	1.0	NonTarget	1	18952
74.1562240201445	1.0	NonTarget	1	18984
74.2812239763521	1.0	NonTarget	1	19016
74.40622393255967	1.0	NonTarget	1	19048
74.53122388876724	1.0	NonTarget	1	19080
74.65622384497482	1.0	NonTarget	1	19112
74.78122380118239	1.0	NonTarget	1	19144
74.90622375738997	1.0	NonTarget	1	19176
75.03122371359754	1.0	NonTarget	1	19208
75.15622366980512	1.0	NonTarget	1	19240
75.2812236260127	1.0	NonTarget	1	19272
75.40622358222028	1.0	NonTarget	1	19304
75.53122353842785	1.0	NonTarget	1	19336
75.65622349463543	1.0	NonTarget	1	19368
75.781223450843	1.0	NonTarget	1	19400
75.90622340705058	1.0	NonTarget	1	19432
76.03122336325815	1.0	NonTarget	1	19464
76.15622331946572	1.0	NonTarget	1	19496
76.2812232756733	1.0	NonTarget	1	19528
76.40622323188089	1.0	NonTarget	1	19560
76.53122318808846	1.0	NonTarget	1	19592
76.65622314429604	1.0	NonTarget	1	19624
76.78122310050361	1.0	NonTarget	1	19656
76.90622305671118	1.0	NonTarget	1	19688
77.03122301291876	1.0	NonTarget	1	19720
77.15622296912633	1.0	NonTarget	1	19752
77.2812229253339	1.0	NonTarget	1	19784
77.4062228815415	1.0	NonTarget	1	19816
77.53122283774907	1.0	NonTarget	1	19848
77.65622279395664	1.0	NonTarget	1	19880
77.78122275016422	1.0	NonTarget	1	19912
77.90622270637179	1.0	NonTarget	1	19944
78.03122266257937	1.0	NonTarget	1	19976
78.15622261878694	1.0	NonTarget	1	20008
78.28122257499452	1.0	NonTarget	1	20040
78.4062225312021	1.0	NonTarget	1	20072
78.53122248740968	1.0	NonTarget	1	20104
78.65622244361725	1.0	NonTarget	1	20136
78.78122239982483	1.0	NonTarget	1	20168
78.9062223560324	1.0	NonTarget	1	20200
79.03122231223998	1.0	NonTarget	1	20232
79.15622226844755	1.0	NonTarget	1	20264
79.28122222465512	1.0	NonTarget	1	20296
79.40622218086271	1.0	NonTarget	1	20328
79.53122213707029	1.0	NonTarget	1	20360
79.65622209327786	1.0	NonTarget	1	20392
79.78122204948544	1.0	NonTarget	1	20424
79.90622200569301	1.0	NonTarget	1	20456
80.03122196190058	1.0	NonTarget	1	20488
80.15622191810816	1.0	NonTarget	1	20520
80.28122187431573	1.0	NonTarget	1	20552
80.40622183052332	1.0	NonTarget	1	20584
80.5312217867309	1.0	NonTarget	1	20616
80.65622174293847	1.0	NonTarget	1	20648
80.78122169914604	1.0	NonTarget	1	20680
80.90622165535362	1.0	NonTarget	1	20712
81.0312216115612	1.0	NonTarget	1	20744
81.15622156776877	1.0	NonTarget	1	20776
81.28122152397634	1.0	NonTarget	1	20808
81.40622148018393	1.0	NonTarget	1	20840
81.5312214363915	1.0	NonTarget	1	20872
81.65622139259908	1.0	NonTarget	1	20904
81.78122134880665	1.0	NonTarget	1	20936
81.90622130501423	1.0	NonTarget	1	20968
82.0312212612218	1.0	NonTarget	1	21000
82.15622121742938	1.0	NonTarget	1	21032
82.28122117363695	1.0	NonTarget	1	21064
82.40622112984454	1.0	NonTarget	1	21096
88.53121898401577	1.0	NonTarget	1	22664
88.65621894022334	1.0	NonTarget	1	22696
88.78121889643091	1.0	NonTarget	1	22728
88.90621885263849	1.0	NonTarget	1	22760
89.03121880884606	1.0	NonTarget	1	22792
89.15621876505364	1.0	NonTarget	1	22824
89.28121872126121	1.0	NonTarget	1	22856
89.4062186774688	1.0	NonTarget	1	22888
89.53121863367637	1.0	NonTarget	1	22920
89.65621858988395	1.0	NonTarget	1	22952
89.78121854609152	1.0	NonTarget	1	22984
89.9062185022991	1.0	NonTarget	1	23016
90.03121845850667	1.0	NonTarget	1	23048
90.15621841471425	1.0	NonTarget	1	23080
90.28121837092182	1.0	NonTarget	1	23112
90.40621832712941	1.0	NonTarget	1	23144
90.53121828333698	1.0	NonTarget	1	23176
90.65621823954456	1.0	NonTarget	1	23208
90.78121819575213	1.0	NonTarget	1	23240
90.9062181519597	1.0	NonTarget	1	23272
91.03121810816728	1.0	NonTarget	1	23304
91.15621806437485	1.0	NonTarget	1	23336
91.28121802058243	1.0	NonTarget	1	23368
91.40621797679002	1.0	NonTarget	1	23400
91.53121793299759	1.0	NonTarget	1	23432
91.65621788920517	1.0	NonTarget	1	23464
91.78121784541274	1.0	NonTarget	1	23496
91.90621780162031	1.0	NonTarget	1	23528
92.03121775782789	1.0	NonTarget	1	23560
92.15621771403546	1.0	NonTarget	1	23592
92.28121767024304	1.0	NonTarget	1	23624
92.40621762645063	1.0	NonTarget	1	23656
92.5312175826582	1.0	NonTarget	1	23688
92.65621753886577	1.0	NonTarget	1	23720
92.78121749507335	1.0	NonTarget	1	23752
92.90621745128092	1.0	NonTarget	1	23784
93.0312174074885	1.0	NonTarget	1	23816
93.15621736369607	1.0	NonTarget	1	23848
93.28121731990365	1.0	NonTarget	1	23880
93.40621727611124	1.0	NonTarget	1	23912
93.53121723231881	1.0	NonTarget	1	23944
93.65621718852638	1.0	NonTarget	1	23976
93.78121714473396	1.0	NonTarget	1	24008
93.90621710094153	1.0	NonTarget	1	24040
94.0312170571491	1.0	NonTarget	1	24072
94.15621701335668	1.0	NonTarget	1	24104
94.28121696956426	1.0	NonTarget	1	24136
94.40621692577184	1.0	NonTarget	1	24168
94.53121688197942	1.0	NonTarget	1	24200
94.65621683818699	1.0	NonTarget	1	24232
94.78121679439457	1.0	NonTarget	1	24264
94.90621675060214	1.0	NonTarget	1	24296
95.03121670680972	1.0	NonTarget	1	24328
95.15621666301729	1.0	NonTarget	1	24360
95.28121661922486	1.0	NonTarget	1	24392
95.40621657543245	1.0	NonTarget	1	24424
95.53121653164003	1.0	NonTarget	1	24456
95.6562164878476	1.0	NonTarget	1	24488
95.78121644405518	1.0	NonTarget	1	24520
95.90621640026275	1.0	NonTarget	1	24552
96.03121635647032	1.0	NonTarget	1	24584
96.1562163126779	1.0	NonTarget	1	24616
96.28121626888547	1.0	NonTarget	1	24648
96.40621622509306	1.0	NonTarget	1	24680
96.53121618130064	1.0	NonTarget	1	24712
96.65621613750821	1.0	NonTarget	1	24744
96.78121609371578	1.0	NonTarget	1	24776
96.90621604992336	1.0	NonTarget	1	24808
97.03121600613093	1.0	NonTarget	1	24840
97.1562159623385	1.0	NonTarget	1	24872
97.28121591854608	1.0	NonTarget	1	24904
97.40621587475367	1.0	NonTarget	1	24936
97.53121583096124	1.0	NonTarget	1	24968
97.65621578716882	1.0	NonTarget	1	25000
97.78121574337639	1.0	NonTarget	1	25032
97.90621569958397	1.0	NonTarget	1	25064
98.03121565579154	1.0	NonTarget	1	25096
98.15621561199912	1.0	NonTarget	1	25128
98.28121556820669	1.0	NonTarget	1	25160
98.40621552441428	1.0	NonTarget	1	25192
98.53121548062185	1.0	NonTarget	1	25224
98.65621543682943	1.0	NonTarget	1	25256
98.781215393037	1.0	NonTarget	1	25288
98.90621534924458	1.0	NonTarget	1	25320
99.03121530545215	1.0	NonTarget	1	25352
99.15621526165972	1.0	NonTarget	1	25384
99.2812152178673	1.0	NonTarget	1	25416
99.40621517407489	1.0	NonTarget	1	25448
99.53121513028246	1.0	NonTarget	1	25480
99.65621508649004	1.0	NonTarget	1	25512
99.78121504269761	1.0	NonTarget	1	25544
99.90621499890518	1.0	NonTarget	1	25576
100.03121495511276	1.0	NonTarget	1	25608
100.15621491132033	1.0	NonTarget	1	25640
100.28121486752791	1.0	NonTarget	1	25672
100.4062148237355	1.0	NonTarget	1	25704
100.53121477994307	1.0	NonTarget	1	25736
100.65621473615064	1.0	NonTarget	1	25768
100.78121469235822	1.0	NonTarget	1	25800
100.9062146485658	1.0	NonTarget	1	25832
101.03121460477337	1.0	NonTarget	1	25864
101.15621456098094	1.0	NonTarget	1	25896
101.28121451718852	1.0	NonTarget	1	25928
101.4062144733961	1.0	NonTarget	1	25960
101.53121442960368	1.0	NonTarget	1	25992
101.65621438581125	1.0	NonTarget	1	26024
101.78121434201883	1.0	NonTarget	1	26056
101.9062142982264	1.0	NonTarget	1	26088
102.03121425443398	1.0	NonTarget	1	26120
102.15621421064155	1.0	NonTarget	1	26152
102.28121416684913	1.0	NonTarget	1	26184
102.40621412305671	1.0	NonTarget	1	26216
102.53121407926429	1.0	NonTarget	1	26248
102.65621403547186	1.0	NonTarget	1	26280
102.78121399167944	1.0	NonTarget	1	26312
102.90621394788701	1.0	NonTarget	1	26344
103.03121390409459	1.0	NonTarget	1	26376
103.15621386030216	1.0	NonTarget	1	26408
103.28121381650973	1.0	NonTarget	1	26440
103.40621377271732	1.0	NonTarget	1	26472
109.53121162688855	1.0	NonTarget	1	28040
109.65621158309612	1.0	NonTarget	1	28072
109.7812115393037	1.0	NonTarget	1	28104
109.90621149551127	1.0	NonTarget	1	28136
110.03121145171885	1.0	NonTarget	1	28168
110.15621140792642	1.0	NonTarget	1	28200
110.281211364134	1.0	NonTarget	1	28232
110.40621132034157	1.0	NonTarget	1	28264
110.53121127654916	1.0	NonTarget	1	28296
110.65621123275673	1.0	NonTarget	1	28328
110.7812111889643	1.0	NonTarget	1	28360
110.90621114517188	1.0	NonTarget	1	28392
111.03121110137945	1.0	NonTarget	1	28424
111.15621105758703	1.0	NonTarget	1	28456
111.2812110137946	1.0	NonTarget	1	28488
111.40621097000218	1.0	NonTarget	1	28520
111.53121092620977	1.0	NonTarget	1	28552
111.65621088241734	1.0	NonTarget	1	28584
111.78121083862492	1.0	NonTarget	1	28616
111.90621079483249	1.0	NonTarget	1	28648
112.03121075104006	1.0	NonTarget	1	28680
112.15621070724764	1.0	NonTarget	1	28712
112.28121066345521	1.0	NonTarget	1	28744
112.40621061966279	1.0	NonTarget	1	28776
112.53121057587038	1.0	NonTarget	1	28808
112.65621053207795	1.0	NonTarget	1	28840
112.78121048828552	1.0	NonTarget	1	28872
112.9062104444931	1.0	NonTarget	1	28904
113.03121040070067	1.0	NonTarget	1	28936
113.15621035690825	1.0	NonTarget	1	28968
113.28121031311582	1.0	NonTarget	1	29000
113.4062102693234	1.0	NonTarget	1	29032
113.53121022553098	1.0	NonTarget	1	29064
113.65621018173856	1.0	NonTarget	1	29096
113.78121013794613	1.0	NonTarget	1	29128
113.9062100941537	1.0	NonTarget	1	29160
114.03121005036128	1.0	NonTarget	1	29192
114.15621000656886	1.0	NonTarget	1	29224
114.28120996277643	1.0	NonTarget	1	29256
114.406209918984	1.0	NonTarget	1	29288
114.53120987519159	1.0	NonTarget	1	29320
114.65620983139917	1.0	NonTarget	1	29352
114.78120978760674	1.0	NonTarget	1	29384
114.90620974381432	1.0	NonTarget	1	29416
115.03120970002189	1.0	NonTarget	1	29448
115.15620965622946	1.0	NonTarget	1	29480
115.28120961243704	1.0	NonTarget	1	29512
115.40620956864461	1.0	NonTarget	1	29544
115.5312095248522	1.0	NonTarget	1	29576
115.65620948105978	1.0	NonTarget	1	29608
115.78120943726735	1.0	NonTarget	1	29640
115.90620939347492	1.0	NonTarget	1	29672
116.0312093496825	1.0	NonTarget	1	29704
116.15620930589007	1.0	NonTarget	1	29736
116.28120926209765	1.0	NonTarget	1	29768
116.40620921830522	1.0	NonTarget	1	29800
116.53120917451281	1.0	NonTarget	1	29832
116.65620913072038	1.0	NonTarget	1	29864
116.78120908692796	1.0	NonTarget	1	29896
116.90620904313553	1.0	NonTarget	1	29928
117.03120899934311	1.0	NonTarget	1	29960
117.15620895555068	1.0	NonTarget	1	29992
117.28120891175826	1.0	NonTarget	1	30024
117.40620886796583	1.0	NonTarget	1	30056
117.53120882417342	1.0	NonTarget	1	30088
117.656208780381	1.0	NonTarget	1	30120
117.78120873658857	1.0	NonTarget	1	30152
117.90620869279614	1.0	NonTarget	1	30184
118.03120864900372	1.0	NonTarget	1	30216
118.15620860521129	1.0	NonTarget	1	30248
118.28120856141886	1.0	NonTarget	1	30280
118.40620851762644	1.0	NonTarget	1	30312
118.53120847383403	1.0	NonTarget	1	30344
118.6562084300416	1.0	NonTarget	1	30376
118.78120838624918	1.0	NonTarget	1	30408
118.90620834245675	1.0	NonTarget	1	30440
119.03120829866432	1.0	NonTarget	1	30472
119.1562082548719	1.0	NonTarget	1	30504
119.28120821107947	1.0	NonTarget	1	30536
119.40620816728705	1.0	NonTarget	1	30568
119.53120812349464	1.0	NonTarget	1	30600
119.65620807970221	1.0	NonTarget	1	30632
119.78120803590978	1.0	NonTarget	1	30664
119.90620799211736	1.0	NonTarget	1	30696
120.03120794832493	1.0	NonTarget	1	30728
120.15620790453251	1.0	NonTarget	1	30760
120.28120786074008	1.0	NonTarget	1	30792
120.40620781694766	1.0	NonTarget	1	30824
120.53120777315524	1.0	NonTarget	1	30856
120.65620772936282	1.0	NonTarget	1	30888
120.7812076855704	1.0	NonTarget	1	30920
120.90620764177797	1.0	NonTarget	1	30952
121.03120759798554	1.0	NonTarget	1	30984
121.15620755419312	1.0	NonTarget	1	31016
121.28120751040069	1.0	NonTarget	1	31048
121.40620746660827	1.0	NonTarget	1	31080
121.53120742281585	1.0	NonTarget	1	31112
121.65620737902343	1.0	NonTarget	1	31144
121.781207335231	1.0	NonTarget	1	31176
121.90620729143858	1.0	NonTarget	1	31208
122.03120724764615	1.0	NonTarget	1	31240
122.15620720385373	1.0	NonTarget	1	31272
122.2812071600613	1.0	NonTarget	1	31304
122.40620711626887	1.0	NonTarget	1	31336
122.53120707247646	1.0	NonTarget	1	31368
122.65620702868404	1.0	NonTarget	1	31400
122.78120698489161	1.0	NonTarget	1	31432
122.90620694109919	1.0	NonTarget	1	31464
123.03120689730676	1.0	NonTarget	1	31496
123.15620685351433	1.0	NonTarget	1	31528
123.28120680972191	1.0	NonTarget	1	31560
123.40620676592948	1.0	NonTarget	1	31592
123.53120672213707	1.0	NonTarget	1	31624
123.65620667834465	1.0	NonTarget	1	31656
123.78120663455222	1.0	NonTarget	1	31688
123.9062065907598	1.0	NonTarget	1	31720
124.03120654696737	1.0	NonTarget	1	31752
124.15620650317494	1.0	NonTarget	1	31784
124.28120645938252	1.0	NonTarget	1	31816
124.40620641559009	1.0	NonTarget	1	31848
130.53120426976133	1.0	NonTarget	1	33416
130.6562042259689	1.0	NonTarget	1	33448
130.78120418217648	1.0	NonTarget	1	33480
130.90620413838406	1.0	NonTarget	1	33512
131.03120409459163	1.0	NonTarget	1	33544
131.1562040507992	1.0	NonTarget	1	33576
131.28120400700678	1.0	NonTarget	1	33608
131.40620396321435	1.0	NonTarget	1	33640
131.53120391942193	1.0	NonTarget	1	33672
131.6562038756295	1.0	NonTarget	1	33704
131.78120383183708	1.0	NonTarget	1	33736
131.90620378804465	1.0	NonTarget	1	33768
132.03120374425225	1.0	NonTarget	1	33800
132.15620370045983	1.0	NonTarget	1	33832
132.2812036566674	1.0	NonTarget	1	33864
132.40620361287498	1.0	NonTarget	1	33896
132.53120356908255	1.0	NonTarget	1	33928
132.65620352529012	1.0	NonTarget	1	33960
132.7812034814977	1.0	NonTarget	1	33992
132.90620343770527	1.0	NonTarget	1	34024
133.03120339391285	1.0	NonTarget	1	34056
133.15620335012042	1.0	NonTarget	1	34088
133.281203306328	1.0	NonTarget	1	34120
133.40620326253557	1.0	NonTarget	1	34152
133.53120321874314	1.0	NonTarget	1	34184
133.65620317495072	1.0	NonTarget	1	34216
133.7812031311583	1.0	NonTarget	1	34248
133.90620308736587	1.0	NonTarget	1	34280
134.03120304357347	1.0	NonTarget	1	34312
134.15620299978104	1.0	NonTarget	1	34344
134.28120295598862	1.0	NonTarget	1	34376
134.4062029121962	1.0	NonTarget	1	34408
134.53120286840377	1.0	NonTarget	1	34440
134.65620282461134	1.0	NonTarget	1	34472
134.78120278081892	1.0	NonTarget	1	34504
134.9062027370265	1.0	NonTarget	1	34536
135.03120269323406	1.0	NonTarget	1	34568
135.15620264944164	1.0	NonTarget	1	34600
135.2812026056492	1.0	NonTarget	1	34632
135.4062025618568	1.0	NonTarget	1	34664
135.53120251806436	1.0	NonTarget	1	34696
135.65620247427194	1.0	NonTarget	1	34728
135.7812024304795	1.0	NonTarget	1	34760
135.90620238668708	1.0	NonTarget	1	34792
136.0312023428947	1.0	NonTarget	1	34824
136.15620229910226	1.0	NonTarget	1	34856
136.28120225530984	1.0	NonTarget	1	34888
136.4062022115174	1.0	NonTarget	1	34920
136.53120216772498	1.0	NonTarget	1	34952
136.65620212393256	1.0	NonTarget	1	34984
136.78120208014013	1.0	NonTarget	1	35016
136.9062020363477	1.0	NonTarget	1	35048
137.03120199255528	1.0	NonTarget	1	35080
137.15620194876286	1.0	NonTarget	1	35112
137.28120190497043	1.0	NonTarget	1	35144
137.406201861178	1.0	NonTarget	1	35176
137.53120181738558	1.0	NonTarget	1	35208
137.65620177359315	1.0	NonTarget	1	35240
137.78120172980073	1.0	NonTarget	1	35272
137.9062016860083	1.0	NonTarget	1	35304
138.0312016422159	1.0	NonTarget	1	35336
138.15620159842348	1.0	NonTarget	1	35368
138.28120155463105	1.0	NonTarget	1	35400
138.40620151083863	1.0	NonTarget	1	35432
138.5312014670462	1.0	NonTarget	1	35464
138.65620142325378	1.0	NonTarget	1	35496
138.78120137946135	1.0	NonTarget	1	35528
138.90620133566892	1.0	NonTarget	1	35560
139.0312012918765	1.0	NonTarget	1	35592
139.15620124808407	1.0	NonTarget	1	35624
139.28120120429165	1.0	NonTarget	1	35656
139.40620116049922	1.0	NonTarget	1	35688
139.5312011167068	1.0	NonTarget	1	35720
139.65620107291437	1.0	NonTarget	1	35752
139.78120102912195	1.0	NonTarget	1	35784
139.90620098532952	1.0	NonTarget	1	35816
140.03120094153712	1.0	NonTarget	1	35848
140.1562008977447	1.0	NonTarget	1	35880
140.28120085395227	1.0	NonTarget	1	35912
140.40620081015985	1.0	NonTarget	1	35944
140.53120076636742	1.0	NonTarget	1	35976
140.656200722575	1.0	NonTarget	1	36008
140.78120067878257	1.0	NonTarget	1	36040
140.90620063499014	1.0	NonTarget	1	36072
141.03120059119772	1.0	NonTarget	1	36104
141.1562005474053	1.0	NonTarget	1	36136
141.28120050361287	1.0	NonTarget	1	36168
141.40620045982044	1.0	NonTarget	1	36200
141.531200416028	1.0	NonTarget	1	36232
141.6562003722356	1.0	NonTarget	1	36264
141.78120032844316	1.0	NonTarget	1	36296
141.90620028465074	1.0	NonTarget	1	36328
142.03120024085834	1.0	NonTarget	1	36360
142.1562001970659	1.0	NonTarget	1	36392
142.2812001532735	1.0	NonTarget	1	36424
142.40620010948106	1.0	NonTarget	1	36456
142.53120006568864	1.0	NonTarget	1	36488
142.6562000218962	1.0	NonTarget	1	36520
142.78119997810379	1.0	NonTarget	1	36552
142.90619993431136	1.0	NonTarget	1	36584
143.03119989051893	1.0	NonTarget	1	36616
143.1561998467265	1.0	NonTarget	1	36648
143.28119980293408	1.0	NonTarget	1	36680
143.40619975914166	1.0	NonTarget	1	36712
143.53119971534923	1.0	NonTarget	1	36744
143.6561996715568	1.0	NonTarget	1	36776
143.78119962776438	1.0	NonTarget	1	36808
143.90619958397195	1.0	NonTarget	1	36840
144.03119954017953	1.0	NonTarget	1	36872
144.15619949638713	1.0	NonTarget	1	36904
144.2811994525947	1.0	NonTarget	1	36936
144.40619940880228	1.0	NonTarget	1	36968
144.53119936500985	1.0	NonTarget	1	37000
144.65619932121743	1.0	NonTarget	1	37032
144.781199277425	1.0	NonTarget	1	37064
144.90619923363258	1.0	NonTarget	1	37096
145.03119918984015	1.0	NonTarget	1	37128
145.15619914604773	1.0	NonTarget	1	37160
145.2811991022553	1.0	NonTarget	1	37192
145.40619905846287	1.0	NonTarget	1	37224
151.5311969126341	1.0	NonTarget	1	38792
151.65619686884168	1.0	NonTarget	1	38824
151.78119682504925	1.0	NonTarget	1	38856
151.90619678125682	1.0	NonTarget	1	38888
152.0311967374644	1.0	NonTarget	1	38920
152.156196693672	1.0	NonTarget	1	38952
152.28119664987958	1.0	NonTarget	1	38984
152.40619660608715	1.0	NonTarget	1	39016
152.53119656229472	1.0	NonTarget	1	39048
152.6561965185023	1.0	NonTarget	1	39080
152.78119647470987	1.0	NonTarget	1	39112
152.90619643091745	1.0	NonTarget	1	39144
153.03119638712502	1.0	NonTarget	1	39176
153.1561963433326	1.0	NonTarget	1	39208
153.28119629954017	1.0	NonTarget	1	39240
153.40619625574774	1.0	NonTarget	1	39272
153.53119621195532	1.0	NonTarget	1	39304
153.6561961681629	1.0	NonTarget	1	39336
153.78119612437047	1.0	NonTarget	1	39368
153.90619608057804	1.0	NonTarget	1	39400
154.03119603678562	1.0	NonTarget	1	39432
154.15619599299322	1.0	NonTarget	1	39464
154.2811959492008	1.0	NonTarget	1	39496
154.40619590540837	1.0	NonTarget	1	39528
154.53119586161594	1.0	NonTarget	1	39560
154.65619581782352	1.0	NonTarget	1	39592
154.7811957740311	1.0	NonTarget	1	39624
154.90619573023866	1.0	NonTarget	1	39656
155.03119568644624	1.0	NonTarget	1	39688
155.1561956426538	1.0	NonTarget	1	39720
155.2811955988614	1.0	NonTarget	1	39752
155.40619555506896	1.0	NonTarget	1	39784
155.53119551127654	1.0	NonTarget	1	39816
155.6561954674841	1.0	NonTarget	1	39848
155.78119542369168	1.0	NonTarget	1	39880
155.90619537989926	1.0	NonTarget	1	39912
156.03119533610683	1.0	NonTarget	1	39944
156.15619529231444	1.0	NonTarget	1	39976
156.281195248522	1.0	NonTarget	1	40008
156.40619520472958	1.0	NonTarget	1	40040
156.53119516093716	1.0	NonTarget	1	40072
156.65619511714473	1.0	NonTarget	1	40104
156.7811950733523	1.0	NonTarget	1	40136
156.90619502955988	1.0	NonTarget	1	40168
157.03119498576746	1.0	NonTarget	1	40200
157.15619494197503	1.0	NonTarget	1	40232
157.2811948981826	1.0	NonTarget	1	40264
157.40619485439018	1.0	NonTarget	1	40296
157.53119481059775	1.0	NonTarget	1	40328
157.65619476680533	1.0	NonTarget	1	40360
157.7811947230129	1.0	NonTarget	1	40392
157.90619467922048	1.0	NonTarget	1	40424
158.03119463542805	1.0	NonTarget	1	40456
158.15619459163565	1.0	NonTarget	1	40488
158.28119454784323	1.0	NonTarget	1	40520
158.4061945040508	1.0	NonTarget	1	40552
158.53119446025838	1.0	NonTarget	1	40584
158.65619441646595	1.0	NonTarget	1	40616
158.78119437267353	1.0	NonTarget	1	40648
158.9061943288811	1.0	NonTarget	1	40680
159.03119428508867	1.0	NonTarget	1	40712
159.15619424129625	1.0	NonTarget	1	40744
159.28119419750382	1.0	NonTarget	1	40776
159.4061941537114	1.0	NonTarget	1	40808
159.53119410991897	1.0	NonTarget	1	40840
159.65619406612655	1.0	NonTarget	1	40872
159.78119402233412	1.0	NonTarget	1	40904
159.9061939785417	1.0	NonTarget	1	40936
160.03119393474927	1.0	NonTarget	1	40968
160.15619389095687	1.0	NonTarget	1	41000
160.28119384716445	1.0	NonTarget	1	41032
160.40619380337202	1.0	NonTarget	1	41064
160.5311937595796	1.0	NonTarget	1	41096
160.65619371578717	1.0	NonTarget	1	41128
160.78119367199474	1.0	NonTarget	1	41160
160.90619362820232	1.0	NonTarget	1	41192
161.0311935844099	1.0	NonTarget	1	41224
161.15619354061747	1.0	NonTarget	1	41256
161.28119349682504	1.0	NonTarget	1	41288
161.4061934530326	1.0	NonTarget	1	41320
161.5311934092402	1.0	NonTarget	1	41352
161.65619336544776	1.0	NonTarget	1	41384
161.78119332165534	1.0	NonTarget	1	41416
161.9061932778629	1.0	NonTarget	1	41448
162.03119323407049	1.0	NonTarget	1	41480
162.1561931902781	1.0	NonTarget	1	41512
162.28119314648566	1.0	NonTarget	1	41544
162.40619310269324	1.0	NonTarget	1	41576
162.5311930589008	1.0	NonTarget	1	41608
162.65619301510839	1.0	NonTarget	1	41640
162.78119297131596	1.0	NonTarget	1	41672
162.90619292752353	1.0	NonTarget	1	41704
163.0311928837311	1.0	NonTarget	1	41736
163.15619283993868	1.0	NonTarget	1	41768
163.28119279614626	1.0	NonTarget	1	41800
163.40619275235383	1.0	NonTarget	1	41832
163.5311927085614	1.0	NonTarget	1	41864
163.65619266476898	1.0	NonTarget	1	41896
163.78119262097655	1.0	NonTarget	1	41928
163.90619257718413	1.0	NonTarget	1	41960
164.0311925333917	1.0	NonTarget	1	41992
164.1561924895993	1.0	NonTarget	1	42024
164.28119244580688	1.0	NonTarget	1	42056
164.40619240201445	1.0	NonTarget	1	42088
164.53119235822203	1.0	NonTarget	1	42120
164.6561923144296	1.0	NonTarget	1	42152
164.78119227063718	1.0	NonTarget	1	42184
164.90619222684475	1.0	NonTarget	1	42216
165.03119218305233	1.0	NonTarget	1	42248
165.1561921392599	1.0	NonTarget	1	42280
165.28119209546747	1.0	NonTarget	1	42312
165.40619205167505	1.0	NonTarget	1	42344
165.53119200788262	1.0	NonTarget	1	42376
165.6561919640902	1.0	NonTarget	1	42408
165.78119192029777	1.0	NonTarget	1	42440
165.90619187650535	1.0	NonTarget	1	42472
166.03119183271292	1.0	NonTarget	1	42504
166.15619178892052	1.0	NonTarget	1	42536
166.2811917451281	1.0	NonTarget	1	42568
166.40619170133567	1.0	NonTarget	1	42600
172.5311895555069	1.0	NonTarget	1	44168
172.65618951171447	1.0	NonTarget	1	44200
172.78118946792205	1.0	NonTarget	1	44232
172.90618942412962	1.0	NonTarget	1	44264
173.0311893803372	1.0	NonTarget	1	44296
173.15618933654477	1.0	NonTarget	1	44328
173.28118929275234	1.0	NonTarget	1	44360
173.40618924895992	1.0	NonTarget	1	44392
173.5311892051675	1.0	NonTarget	1	44424
173.65618916137507	1.0	NonTarget	1	44456
173.78118911758264	1.0	NonTarget	1	44488
173.90618907379022	1.0	NonTarget	1	44520
174.0311890299978	1.0	NonTarget	1	44552
174.1561889862054	1.0	NonTarget	1	44584
174.28118894241297	1.0	NonTarget	1	44616
174.40618889862054	1.0	NonTarget	1	44648
174.53118885482812	1.0	NonTarget	1	44680
174.6561888110357	1.0	NonTarget	1	44712
174.78118876724326	1.0	NonTarget	1	44744
174.90618872345084	1.0	NonTarget	1	44776
175.0311886796584	1.0	NonTarget	1	44808
175.156188635866	1.0	NonTarget	1	44840
175.28118859207356	1.0	NonTarget	1	44872
175.40618854828114	1.0	NonTarget	1	44904
175.5311885044887	1.0	NonTarget	1	44936
175.65618846069628	1.0	NonTarget	1	44968
175.78118841690386	1.0	NonTarget	1	45000
175.90618837311143	1.0	NonTarget	1	45032
176.031188329319	1.0	NonTarget	1	45064
176.1561882855266	1.0	NonTarget	1	45096
176.28118824173418	1.0	NonTarget	1	45128
176.40618819794176	1.0	NonTarget	1	45160
176.53118815414933	1.0	NonTarget	1	45192
176.6561881103569	1.0	NonTarget	1	45224
176.78118806656448	1.0	NonTarget	1	45256
176.90618802277206	1.0	NonTarget	1	45288
177.03118797897963	1.0	NonTarget	1	45320
177.1561879351872	1.0	NonTarget	1	45352
177.28118789139478	1.0	NonTarget	1	45384
177.40618784760235	1.0	NonTarget	1	45416
177.53118780380993	1.0	NonTarget	1	45448
177.6561877600175	1.0	NonTarget	1	45480
177.78118771622508	1.0	NonTarget	1	45512
177.90618767243265	1.0	NonTarget	1	45544
178.03118762864023	1.0	NonTarget	1	45576
178.1561875848478	1.0	NonTarget	1	45608
178.2811875410554	1.0	NonTarget	1	45640
178.40618749726298	1.0	NonTarget	1	45672
178.53118745347055	1.0	NonTarget	1	45704
178.65618740967813	1.0	NonTarget	1	45736
178.7811873658857	1.0	NonTarget	1	45768
178.90618732209327	1.0	NonTarget	1	45800
179.03118727830085	1.0	NonTarget	1	45832
179.15618723450842	1.0	NonTarget	1	45864
179.281187190716	1.0	NonTarget	1	45896
179.40618714692357	1.0	NonTarget	1	45928
179.53118710313115	1.0	NonTarget	1	45960
179.65618705933872	1.0	NonTarget	1	45992
179.7811870155463	1.0	NonTarget	1	46024
179.90618697175387	1.0	NonTarget	1	46056
180.03118692796144	1.0	NonTarget	1	46088
180.15618688416902	1.0	NonTarget	1	46120
180.28118684037662	1.0	NonTarget	1	46152
180.4061867965842	1.0	NonTarget	1	46184
180.53118675279177	1.0	NonTarget	1	46216
180.65618670899934	1.0	NonTarget	1	46248
180.78118666520692	1.0	NonTarget	1	46280
180.9061866214145	1.0	NonTarget	1	46312
181.03118657762207	1.0	NonTarget	1	46344
181.15618653382964	1.0	NonTarget	1	46376
181.28118649003721	1.0	NonTarget	1	46408
181.4061864462448	1.0	NonTarget	1	46440
181.53118640245236	1.0	NonTarget	1	46472
181.65618635865994	1.0	NonTarget	1	46504
181.7811863148675	1.0	NonTarget	1	46536
181.9061862710751	1.0	NonTarget	1	46568
182.03118622728266	1.0	NonTarget	1	46600
182.15618618349023	1.0	NonTarget	1	46632
182.28118613969784	1.0	NonTarget	1	46664
182.4061860959054	1.0	NonTarget	1	46696
182.531186052113	1.0	NonTarget	1	46728
182.65618600832056	1.0	NonTarget	1	46760
182.78118596452813	1.0	NonTarget	1	46792
182.9061859207357	1.0	NonTarget	1	46824
183.03118587694328	1.0	NonTarget	1	46856
183.15618583315086	1.0	NonTarget	1	46888
183.28118578935843	1.0	NonTarget	1	46920
183.406185745566	1.0	NonTarget	1	46952
183.53118570177358	1.0	NonTarget	1	46984
183.65618565798115	1.0	NonTarget	1	47016
183.78118561418873	1.0	NonTarget	1	47048
183.9061855703963	1.0	NonTarget	1	47080
184.03118552660388	1.0	NonTarget	1	47112
184.15618548281145	1.0	NonTarget	1	47144
184.28118543901905	1.0	NonTarget	1	47176
184.40618539522663	1.0	NonTarget	1	47208
184.5311853514342	1.0	NonTarget	1	47240
184.65618530764178	1.0	NonTarget	1	47272
184.78118526384935	1.0	NonTarget	1	47304
184.90618522005693	1.0	NonTarget	1	47336
185.0311851762645	1.0	NonTarget	1	47368
185.15618513247207	1.0	NonTarget	1	47400
185.28118508867965	1.0	NonTarget	1	47432
185.40618504488722	1.0	NonTarget	1	47464
185.5311850010948	1.0	NonTarget	1	47496
185.65618495730237	1.0	NonTarget	1	47528
185.78118491350995	1.0	NonTarget	1	47560
185.90618486971752	1.0	NonTarget	1	47592
186.0311848259251	1.0	NonTarget	1	47624
186.15618478213267	1.0	NonTarget	1	47656
186.28118473834027	1.0	NonTarget	1	47688
186.40618469454785	1.0	NonTarget	1	47720
186.53118465075542	1.0	NonTarget	1	47752
186.656184606963	1.0	NonTarget	1	47784
186.78118456317057	1.0	NonTarget	1	47816
186.90618451937814	1.0	NonTarget	1	47848
187.03118447558572	1.0	NonTarget	1	47880
187.1561844317933	1.0	NonTarget	1	47912
187.28118438800087	1.0	NonTarget	1	47944
187.40618434420844	1.0	NonTarget	1	47976
193.53118219837967	1.0	NonTarget	1	49544
193.65618215458724	1.0	NonTarget	1	49576
193.78118211079482	1.0	NonTarget	1	49608
193.9061820670024	1.0	NonTarget	1	49640
194.03118202320996	1.0	NonTarget	1	49672
194.15618197941754	1.0	NonTarget	1	49704
194.28118193562514	1.0	NonTarget	1	49736
194.40618189183272	1.0	NonTarget	1	49768
194.5311818480403	1.0	NonTarget	1	49800
194.65618180424786	1.0	NonTarget	1	49832
194.78118176045544	1.0	NonTarget	1	49864
194.906181716663	1.0	NonTarget	1	49896
195.0311816728706	1.0	NonTarget	1	49928
195.15618162907816	1.0	NonTarget	1	49960
195.28118158528574	1.0	NonTarget	1	49992
195.4061815414933	1.0	NonTarget	1	50024
195.53118149770089	1.0	NonTarget	1	50056
195.65618145390846	1.0	NonTarget	1	50088
195.78118141011603	1.0	NonTarget	1	50120
195.9061813663236	1.0	NonTarget	1	50152
196.03118132253118	1.0	NonTarget	1	50184
196.15618127873876	1.0	NonTarget	1	50216
196.28118123494636	1.0	NonTarget	1	50248
196.40618119115393	1.0	NonTarget	1	50280
196.5311811473615	1.0	NonTarget	1	50312
196.65618110356908	1.0	NonTarget	1	50344
196.78118105977666	1.0	NonTarget	1	50376
196.90618101598423	1.0	NonTarget	1	50408
197.0311809721918	1.0	NonTarget	1	50440
197.15618092839938	1.0	NonTarget	1	50472
197.28118088460695	1.0	NonTarget	1	50504
197.40618084081453	1.0	NonTarget	1	50536
197.5311807970221	1.0	NonTarget	1	50568
197.65618075322968	1.0	NonTarget	1	50600
197.78118070943725	1.0	NonTarget	1	50632
197.90618066564483	1.0	NonTarget	1	50664
198.0311806218524	1.0	NonTarget	1	50696
198.15618057805997	1.0	NonTarget	1	50728
198.28118053426758	1.0	NonTarget	1	50760
198.40618049047515	1.0	NonTarget	1	50792
198.53118044668273	1.0	NonTarget	1	50824
198.6561804028903	1.0	NonTarget	1	50856
198.78118035909787	1.0	NonTarget	1	50888
198.90618031530545	1.0	NonTarget	1	50920
199.03118027151302	1.0	NonTarget	1	50952
199.1561802277206	1.0	NonTarget	1	50984
199.28118018392817	1.0	NonTarget	1	51016
199.40618014013575	1.0	NonTarget	1	51048
199.53118009634332	1.0	NonTarget	1	51080
199.6561800525509	1.0	NonTarget	1	51112
199.78118000875847	1.0	NonTarget	1	51144
199.90617996496604	1.0	NonTarget	1	51176
200.03117992117362	1.0	NonTarget	1	51208
200.1561798773812	1.0	NonTarget	1	51240
200.2811798335888	1.0	NonTarget	1	51272
200.40617978979637	1.0	NonTarget	1	51304
200.53117974600394	1.0	NonTarget	1	51336
200.65617970221152	1.0	NonTarget	1	51368
200.7811796584191	1.0	NonTarget	1	51400
200.90617961462667	1.0	NonTarget	1	51432
201.03117957083424	1.0	NonTarget	1	51464
201.15617952704181	1.0	NonTarget	1	51496
201.2811794832494	1.0	NonTarget	1	51528
201.40617943945696	1.0	NonTarget	1	51560
201.53117939566454	1.0	NonTarget	1	51592
201.6561793518721	1.0	NonTarget	1	51624
201.7811793080797	1.0	NonTarget	1	51656
201.90617926428726	1.0	NonTarget	1	51688
202.03117922049483	1.0	NonTarget	1	51720
202.1561791767024	1.0	NonTarget	1	51752
202.28117913291	1.0	NonTarget	1	51784
202.4061790891176	1.0	NonTarget	1	51816
202.53117904532516	1.0	NonTarget	1	51848
202.65617900153273	1.0	NonTarget	1	51880
202.7811789577403	1.0	NonTarget	1	51912
202.90617891394788	1.0	NonTarget	1	51944
203.03117887015546	1.0	NonTarget	1	51976
203.15617882636303	1.0	NonTarget	1	52008
203.2811787825706	1.0	NonTarget	1	52040
203.40617873877818	1.0	NonTarget	1	52072
203.53117869498575	1.0	NonTarget	1	52104
203.65617865119333	1.0	NonTarget	1	52136
203.7811786074009	1.0	NonTarget	1	52168
203.90617856360848	1.0	NonTarget	1	52200
204.03117851981605	1.0	NonTarget	1	52232
204.15617847602363	1.0	NonTarget	1	52264
204.28117843223123	1.0	NonTarget	1	52296
204.4061783884388	1.0	NonTarget	1	52328
204.53117834464638	1.0	NonTarget	1	52360
204.65617830085395	1.0	NonTarget	1	52392
204.78117825706153	1.0	NonTarget	1	52424
204.9061782132691	1.0	NonTarget	1	52456
205.03117816947668	1.0	NonTarget	1	52488
205.15617812568425	1.0	NonTarget	1	52520
205.28117808189182	1.0	NonTarget	1	52552
205.4061780380994	1.0	NonTarget	1	52584
205.53117799430697	1.0	NonTarget	1	52616
205.65617795051455	1.0	NonTarget	1	52648
205.78117790672212	1.0	NonTarget	1	52680
205.9061778629297	1.0	NonTarget	1	52712
206.03117781913727	1.0	NonTarget	1	52744
206.15617777534484	1.0	NonTarget	1	52776
206.28117773155245	1.0	NonTarget	1	52808
206.40617768776002	1.0	NonTarget	1	52840
206.5311776439676	1.0	NonTarget	1	52872
206.65617760017517	1.0	NonTarget	1	52904
206.78117755638274	1.0	NonTarget	1	52936
206.90617751259032	1.0	NonTarget	1	52968
207.0311774687979	1.0	NonTarget	1	53000
207.15617742500547	1.0	NonTarget	1	53032
207.28117738121304	1.0	NonTarget	1	53064
207.40617733742062	1.0	NonTarget	1	53096
207.5311772936282	1.0	NonTarget	1	53128
207.65617724983576	1.0	NonTarget	1	53160
207.78117720604334	1.0	NonTarget	1	53192
207.9061771622509	1.0	NonTarget	1	53224
208.0311771184585	1.0	NonTarget	1	53256
208.15617707466606	1.0	NonTarget	1	53288
208.28117703087366	1.0	NonTarget	1	53320
208.40617698708124	1.0	NonTarget	1	53352
214.53117484125247	1.0	NonTarget	1	54920
214.65617479746004	1.0	NonTarget	1	54952
214.7811747536676	1.0	NonTarget	1	54984
214.9061747098752	1.0	NonTarget	1	55016
215.03117466608276	1.0	NonTarget	1	55048
215.15617462229034	1.0	NonTarget	1	55080
215.2811745784979	1.0	NonTarget	1	55112
215.40617453470549	1.0	NonTarget	1	55144
215.53117449091306	1.0	NonTarget	1	55176
215.65617444712063	1.0	NonTarget	1	55208
215.7811744033282	1.0	NonTarget	1	55240
215.90617435953578	1.0	NonTarget	1	55272
216.03117431574336	1.0	NonTarget	1	55304
216.15617427195093	1.0	NonTarget	1	55336
216.2811742281585	1.0	NonTarget	1	55368
216.4061741843661	1.0	NonTarget	1	55400
216.53117414057368	1.0	NonTarget	1	55432
216.65617409678126	1.0	NonTarget	1	55464
216.78117405298883	1.0	NonTarget	1	55496
216.9061740091964	1.0	NonTarget	1	55528
217.03117396540398	1.0	NonTarget	1	55560
217.15617392161155	1.0	NonTarget	1	55592
217.28117387781913	1.0	NonTarget	1	55624
217.4061738340267	1.0	NonTarget	1	55656
217.53117379023428	1.0	NonTarget	1	55688
217.65617374644185	1.0	NonTarget	1	55720
217.78117370264943	1.0	NonTarget	1	55752
217.906173658857	1.0	NonTarget	1	55784
218.03117361506457	1.0	NonTarget	1	55816
218.15617357127215	1.0	NonTarget	1	55848
218.28117352747972	1.0	NonTarget	1	55880
218.40617348368733	1.0	NonTarget	1	55912
218.5311734398949	1.0	NonTarget	1	55944
218.65617339610247	1.0	NonTarget	1	55976
218.78117335231005	1.0	NonTarget	1	56008
218.90617330851762	1.0	NonTarget	1	56040
219.0311732647252	1.0	NonTarget	1	56072
219.15617322093277	1.0	NonTarget	1	56104
219.28117317714035	1.0	NonTarget	1	56136
219.40617313334792	1.0	NonTarget	1	56168
219.5311730895555	1.0	NonTarget	1	56200
219.65617304576307	1.0	NonTarget	1	56232
219.78117300197064	1.0	NonTarget	1	56264
219.90617295817822	1.0	NonTarget	1	56296
220.0311729143858	1.0	NonTarget	1	56328
220.15617287059337	1.0	NonTarget	1	56360
220.28117282680094	1.0	NonTarget	1	56392
220.40617278300854	1.0	NonTarget	1	56424
220.53117273921612	1.0	NonTarget	1	56456
220.6561726954237	1.0	NonTarget	1	56488
220.78117265163127	1.0	NonTarget	1	56520
220.90617260783884	1.0	NonTarget	1	56552
221.03117256404641	1.0	NonTarget	1	56584
221.156172520254	1.0	NonTarget	1	56616
221.28117247646156	1.0	NonTarget	1	56648
221.40617243266914	1.0	NonTarget	1	56680
221.5311723888767	1.0	NonTarget	1	56712
221.6561723450843	1.0	NonTarget	1	56744
221.78117230129186	1.0	NonTarget	1	56776
221.90617225749943	1.0	NonTarget	1	56808
222.031172213707	1.0	NonTarget	1	56840
222.15617216991458	1.0	NonTarget	1	56872
222.28117212612216	1.0	NonTarget	1	56904
222.40617208232976	1.0	NonTarget	1	56936
222.53117203853733	1.0	NonTarget	1	56968
222.6561719947449	1.0	NonTarget	1	57000
222.78117195095248	1.0	NonTarget	1	57032
222.90617190716006	1.0	NonTarget	1	57064
223.03117186336763	1.0	NonTarget	1	57096
223.1561718195752	1.0	NonTarget	1	57128
223.28117177578278	1.0	NonTarget	1	57160
223.40617173199036	1.0	NonTarget	1	57192
223.53117168819793	1.0	NonTarget	1	57224
223.6561716444055	1.0	NonTarget	1	57256
223.78117160061308	1.0	NonTarget	1	57288
223.90617155682065	1.0	NonTarget	1	57320
224.03117151302823	1.0	NonTarget	1	57352
224.1561714692358	1.0	NonTarget	1	57384
224.28117142544338	1.0	NonTarget	1	57416
224.40617138165098	1.0	NonTarget	1	57448
224.53117133785855	1.0	NonTarget	1	57480
224.65617129406613	1.0	NonTarget	1	57512
224.7811712502737	1.0	NonTarget	1	57544
224.90617120648128	1.0	NonTarget	1	57576
225.03117116268885	1.0	NonTarget	1	57608
225.15617111889642	1.0	NonTarget	1	57640
225.281171075104	1.0	NonTarget	1	57672
225.40617103131157	1.0	NonTarget	1	57704
225.53117098751915	1.0	NonTarget	1	57736
225.65617094372672	1.0	NonTarget	1	57768
225.7811708999343	1.0	NonTarget	1	57800
225.90617085614187	1.0	NonTarget	1	57832
226.03117081234944	1.0	NonTarget	1	57864
226.15617076855702	1.0	NonTarget	1	57896
226.2811707247646	1.0	NonTarget	1	57928
226.4061706809722	1.0	NonTarget	1	57960
226.53117063717977	1.0	NonTarget	1	57992
226.65617059338734	1.0	NonTarget	1	58024
226.78117054959492	1.0	NonTarget	1	58056
226.9061705058025	1.0	NonTarget	1	58088
227.03117046201007	1.0	NonTarget	1	58120
227.15617041821764	1.0	NonTarget	1	58152
227.28117037442522	1.0	NonTarget	1	58184
227.4061703306328	1.0	NonTarget	1	58216
227.53117028684036	1.0	NonTarget	1	58248
227.65617024304794	1.0	NonTarget	1	58280
227.7811701992555	1.0	NonTarget	1	58312
227.9061701554631	1.0	NonTarget	1	58344
228.03117011167066	1.0	NonTarget	1	58376
228.15617006787824	1.0	NonTarget	1	58408
228.2811700240858	1.0	NonTarget	1	58440
228.4061699802934	1.0	NonTarget	1	58472
228.531169936501	1.0	NonTarget	1	58504
228.65616989270856	1.0	NonTarget	1	58536
228.78116984891614	1.0	NonTarget	1	58568
228.9061698051237	1.0	NonTarget	1	58600
229.03116976133128	1.0	NonTarget	1	58632
229.15616971753886	1.0	NonTarget	1	58664
229.28116967374643	1.0	NonTarget	1	58696
229.406169629954	1.0	NonTarget	1	58728
235.53116748412523	1.0	NonTarget	1	60296
235.6561674403328	1.0	NonTarget	1	60328
235.78116739654038	1.0	NonTarget	1	60360
235.90616735274796	1.0	NonTarget	1	60392
236.03116730895553	1.0	NonTarget	1	60424
236.1561672651631	1.0	NonTarget	1	60456
236.28116722137068	1.0	NonTarget	1	60488
236.40616717757828	1.0	NonTarget	1	60520
236.53116713378586	1.0	NonTarget	1	60552
236.65616708999343	1.0	NonTarget	1	60584
236.781167046201	1.0	NonTarget	1	60616
236.90616700240858	1.0	NonTarget	1	60648
237.03116695861615	1.0	NonTarget	1	60680
237.15616691482373	1.0	NonTarget	1	60712
237.2811668710313	1.0	NonTarget	1	60744
237.40616682723888	1.0	NonTarget	1	60776
237.53116678344645	1.0	NonTarget	1	60808
237.65616673965403	1.0	NonTarget	1	60840
237.7811666958616	1.0	NonTarget	1	60872
237.90616665206917	1.0	NonTarget	1	60904
238.03116660827675	1.0	NonTarget	1	60936
238.15616656448432	1.0	NonTarget	1	60968
238.2811665206919	1.0	NonTarget	1	61000
238.4061664768995	1.0	NonTarget	1	61032
238.53116643310707	1.0	NonTarget	1	61064
238.65616638931465	1.0	NonTarget	1	61096
238.78116634552222	1.0	NonTarget	1	61128
238.9061663017298	1.0	NonTarget	1	61160
239.03116625793737	1.0	NonTarget	1	61192
239.15616621414495	1.0	NonTarget	1	61224
239.28116617035252	1.0	NonTarget	1	61256
239.4061661265601	1.0	NonTarget	1	61288
239.53116608276767	1.0	NonTarget	1	61320
239.65616603897524	1.0	NonTarget	1	61352
239.78116599518282	1.0	NonTarget	1	61384
239.9061659513904	1.0	NonTarget	1	61416
240.03116590759797	1.0	NonTarget	1	61448
240.15616586380554	1.0	NonTarget	1	61480
240.28116582001311	1.0	NonTarget	1	61512
240.40616577622072	1.0	NonTarget	1	61544
240.5311657324283	1.0	NonTarget	1	61576
240.65616568863587	1.0	NonTarget	1	61608
240.78116564484344	1.0	NonTarget	1	61640
240.90616560105101	1.0	NonTarget	1	61672
241.0311655572586	1.0	NonTarget	1	61704
241.15616551346616	1.0	NonTarget	1	61736
241.28116546967374	1.0	NonTarget	1	61768
241.4061654258813	1.0	NonTarget	1	61800
241.5311653820889	1.0	NonTarget	1	61832
241.65616533829646	1.0	NonTarget	1	61864
241.78116529450404	1.0	NonTarget	1	61896
241.9061652507116	1.0	NonTarget	1	61928
242.03116520691918	1.0	NonTarget	1	61960
242.15616516312676	1.0	NonTarget	1	61992
242.28116511933433	1.0	NonTarget	1	62024
242.40616507554194	1.0	NonTarget	1	62056
242.5311650317495	1.0	NonTarget	1	62088
242.65616498795708	1.0	NonTarget	1	62120
242.78116494416466	1.0	NonTarget	1	62152
242.90616490037223	1.0	NonTarget	1	62184
243.0311648565798	1.0	NonTarget	1	62216
243.15616481278738	1.0	NonTarget	1	62248
243.28116476899496	1.0	NonTarget	1	62280
243.40616472520253	1.0	NonTarget	1	62312
243.5311646814101	1.0	NonTarget	1	62344
243.65616463761768	1.0	NonTarget	1	62376
243.78116459382525	1.0	NonTarget	1	62408
243.90616455003283	1.0	NonTarget	1	62440
244.0311645062404	1.0	NonTarget	1	62472
244.15616446244798	1.0	NonTarget	1	62504
244.28116441865555	1.0	NonTarget	1	62536
244.40616437486312	1.0	NonTarget	1	62568
244.53116433107073	1.0	NonTarget	1	62600
244.6561642872783	1.0	NonTarget	1	62632
244.78116424348588	1.0	NonTarget	1	62664
244.90616419969345	1.0	NonTarget	1	62696
245.03116415590102	1.0	NonTarget	1	62728
245.1561641121086	1.0	NonTarget	1	62760
245.28116406831617	1.0	NonTarget	1	62792
245.40616402452375	1.0	NonTarget	1	62824
245.53116398073132	1.0	NonTarget	1	62856
245.6561639369389	1.0	NonTarget	1	62888
245.78116389314647	1.0	NonTarget	1	62920
245.90616384935404	1.0	NonTarget	1	62952
246.03116380556162	1.0	NonTarget	1	62984
246.1561637617692	1.0	NonTarget	1	63016
246.28116371797677	1.0	NonTarget	1	63048
246.40616367418434	1.0	NonTarget	1	63080
246.53116363039194	1.0	NonTarget	1	63112
246.65616358659952	1.0	NonTarget	1	63144
246.7811635428071	1.0	NonTarget	1	63176
246.90616349901467	1.0	NonTarget	1	63208
247.03116345522224	1.0	NonTarget	1	63240
247.15616341142982	1.0	NonTarget	1	63272
247.2811633676374	1.0	NonTarget	1	63304
247.40616332384496	1.0	NonTarget	1	63336
247.53116328005254	1.0	NonTarget	1	63368
247.6561632362601	1.0	NonTarget	1	63400
247.7811631924677	1.0	NonTarget	1	63432
247.90616314867526	1.0	NonTarget	1	63464
248.03116310488284	1.0	NonTarget	1	63496
248.1561630610904	1.0	NonTarget	1	63528
248.28116301729798	1.0	NonTarget	1	63560
248.40616297350556	1.0	NonTarget	1	63592
248.53116292971316	1.0	NonTarget	1	63624
248.65616288592074	1.0	NonTarget	1	63656
248.7811628421283	1.0	NonTarget	1	63688
248.90616279833588	1.0	NonTarget	1	63720
249.03116275454346	1.0	NonTarget	1	63752
249.15616271075103	1.0	NonTarget	1	63784
249.2811626669586	1.0	NonTarget	1	63816
249.40616262316618	1.0	NonTarget	1	63848
249.53116257937376	1.0	NonTarget	1	63880
249.65616253558133	1.0	NonTarget	1	63912
249.7811624917889	1.0	NonTarget	1	63944
249.90616244799648	1.0	NonTarget	1	63976
250.03116240420405	1.0	NonTarget	1	64008
250.15616236041163	1.0	NonTarget	1	64040
250.2811623166192	1.0	NonTarget	1	64072
250.40616227282678	1.0	NonTarget	1	64104
256.53116012699803	1.0	NonTarget	1	65672
256.6561600832056	1.0	NonTarget	1	65704
256.7811600394132	1.0	NonTarget	1	65736
256.9061599956207	1.0	NonTarget	1	65768
257.03115995182833	1.0	NonTarget	1	65800
257.1561599080359	1.0	NonTarget	1	65832
257.2811598642435	1.0	NonTarget	1	65864
257.406159820451	1.0	NonTarget	1	65896
257.5311597766586	1.0	NonTarget	1	65928
257.65615973286623	1.0	NonTarget	1	65960
257.7811596890738	1.0	NonTarget	1	65992
257.9061596452814	1.0	NonTarget	1	66024
258.0311596014889	1.0	NonTarget	1	66056
258.1561595576965	1.0	NonTarget	1	66088
258.2811595139041	1.0	NonTarget	1	66120
258.4061594701117	1.0	NonTarget	1	66152
258.5311594263192	1.0	NonTarget	1	66184
258.6561593825268	1.0	NonTarget	1	66216
258.78115933873437	1.0	NonTarget	1	66248
258.906159294942	1.0	NonTarget	1	66280
259.0311592511495	1.0	NonTarget	1	66312
259.1561592073571	1.0	NonTarget	1	66344
259.28115916356467	1.0	NonTarget	1	66376
259.40615911977227	1.0	NonTarget	1	66408
259.5311590759799	1.0	NonTarget	1	66440
259.6561590321874	1.0	NonTarget	1	66472
259.781158988395	1.0	NonTarget	1	66504
259.90615894460257	1.0	NonTarget	1	66536
260.03115890081017	1.0	NonTarget	1	66568
260.1561588570177	1.0	NonTarget	1	66600
260.2811588132253	1.0	NonTarget	1	66632
260.40615876943286	1.0	NonTarget	1	66664
260.53115872564047	1.0	NonTarget	1	66696
260.656158681848	1.0	NonTarget	1	66728
260.7811586380556	1.0	NonTarget	1	66760
260.90615859426316	1.0	NonTarget	1	66792
261.03115855047076	1.0	NonTarget	1	66824
261.1561585066783	1.0	NonTarget	1	66856
261.2811584628859	1.0	NonTarget	1	66888
261.40615841909346	1.0	NonTarget	1	66920
261.53115837530106	1.0	NonTarget	1	66952
261.65615833150866	1.0	NonTarget	1	66984
261.7811582877162	1.0	NonTarget	1	67016
261.9061582439238	1.0	NonTarget	1	67048
262.03115820013136	1.0	NonTarget	1	67080
262.15615815633896	1.0	NonTarget	1	67112
262.2811581125465	1.0	NonTarget	1	67144
262.4061580687541	1.0	NonTarget	1	67176
262.53115802496166	1.0	NonTarget	1	67208
262.65615798116926	1.0	NonTarget	1	67240
262.7811579373768	1.0	NonTarget	1	67272
262.9061578935844	1.0	NonTarget	1	67304
263.03115784979195	1.0	NonTarget	1	67336
263.15615780599956	1.0	NonTarget	1	67368
263.2811577622071	1.0	NonTarget	1	67400
263.4061577184147	1.0	NonTarget	1	67432
263.5311576746223	1.0	NonTarget	1	67464
263.65615763082985	1.0	NonTarget	1	67496
263.78115758703746	1.0	NonTarget	1	67528
263.906157543245	1.0	NonTarget	1	67560
264.0311574994526	1.0	NonTarget	1	67592
264.15615745566015	1.0	NonTarget	1	67624
264.28115741186775	1.0	NonTarget	1	67656
264.4061573680753	1.0	NonTarget	1	67688
264.5311573242829	1.0	NonTarget	1	67720
264.65615728049045	1.0	NonTarget	1	67752
264.78115723669805	1.0	NonTarget	1	67784
264.9061571929056	1.0	NonTarget	1	67816
265.0311571491132	1.0	NonTarget	1	67848
265.15615710532074	1.0	NonTarget	1	67880
265.28115706152835	1.0	NonTarget	1	67912
265.4061570177359	1.0	NonTarget	1	67944
265.5311569739435	1.0	NonTarget	1	67976
265.6561569301511	1.0	NonTarget	1	68008
265.78115688635864	1.0	NonTarget	1	68040
265.90615684256625	1.0	NonTarget	1	68072
266.0311567987738	1.0	NonTarget	1	68104
266.1561567549814	1.0	NonTarget	1	68136
266.28115671118894	1.0	NonTarget	1	68168
266.40615666739654	1.0	NonTarget	1	68200
266.5311566236041	1.0	NonTarget	1	68232
266.6561565798117	1.0	NonTarget	1	68264
266.78115653601924	1.0	NonTarget	1	68296
266.90615649222684	1.0	NonTarget	1	68328
267.0311564484344	1.0	NonTarget	1	68360
267.156156404642	1.0	NonTarget	1	68392
267.28115636084954	1.0	NonTarget	1	68424
267.40615631705714	1.0	NonTarget	1	68456
267.53115627326474	1.0	NonTarget	1	68488
267.6561562294723	1.0	NonTarget	1	68520
267.7811561856799	1.0	NonTarget	1	68552
267.90615614188744	1.0	NonTarget	1	68584
268.03115609809504	1.0	NonTarget	1	68616
268.1561560543026	1.0	NonTarget	1	68648
268.2811560105102	1.0	NonTarget	1	68680
268.40615596671773	1.0	NonTarget	1	68712
268.53115592292534	1.0	NonTarget	1	68744
268.6561558791329	1.0	NonTarget	1	68776
268.7811558353405	1.0	NonTarget	1	68808
268.90615579154803	1.0	NonTarget	1	68840
269.03115574775563	1.0	NonTarget	1	68872
269.1561557039632	1.0	NonTarget	1	68904
269.2811556601708	1.0	NonTarget	1	68936
269.4061556163783	1.0	NonTarget	1	68968
269.53115557258593	1.0	NonTarget	1	69000
269.65615552879353	1.0	NonTarget	1	69032
269.7811554850011	1.0	NonTarget	1	69064
269.9061554412087	1.0	NonTarget	1	69096
270.0311553974162	1.0	NonTarget	1	69128
270.15615535362383	1.0	NonTarget	1	69160
270.2811553098314	1.0	NonTarget	1	69192
270.406155266039	1.0	NonTarget	1	69224
270.5311552222465	1.0	NonTarget	1	69256
270.6561551784541	1.0	NonTarget	1	69288
270.7811551346617	1.0	NonTarget	1	69320
270.9061550908693	1.0	NonTarget	1	69352
271.0311550470768	1.0	NonTarget	1	69384
271.1561550032844	1.0	NonTarget	1	69416
271.28115495949197	1.0	NonTarget	1	69448
271.4061549156996	1.0	NonTarget	1	69480
277.5311527698708	1.0	NonTarget	1	71048
277.6561527260784	1.0	NonTarget	1	71080
277.78115268228595	1.0	NonTarget	1	71112
277.90615263849355	1.0	NonTarget	1	71144
278.0311525947011	1.0	NonTarget	1	71176
278.1561525509087	1.0	NonTarget	1	71208
278.28115250711625	1.0	NonTarget	1	71240
278.40615246332385	1.0	NonTarget	1	71272
278.5311524195314	1.0	NonTarget	1	71304
278.656152375739	1.0	NonTarget	1	71336
278.78115233194654	1.0	NonTarget	1	71368
278.90615228815415	1.0	NonTarget	1	71400
279.0311522443617	1.0	NonTarget	1	71432
279.1561522005693	1.0	NonTarget	1	71464
279.28115215677684	1.0	NonTarget	1	71496
279.40615211298444	1.0	NonTarget	1	71528
279.531152069192	1.0	NonTarget	1	71560
279.6561520253996	1.0	NonTarget	1	71592
279.7811519816072	1.0	NonTarget	1	71624
279.90615193781474	1.0	NonTarget	1	71656
280.03115189402234	1.0	NonTarget	1	71688
280.1561518502299	1.0	NonTarget	1	71720
280.2811518064375	1.0	NonTarget	1	71752
280.40615176264504	1.0	NonTarget	1	71784
280.53115171885264	1.0	NonTarget	1	71816
280.6561516750602	1.0	NonTarget	1	71848
280.7811516312678	1.0	NonTarget	1	71880
280.90615158747534	1.0	NonTarget	1	71912
281.03115154368294	1.0	NonTarget	1	71944
281.1561514998905	1.0	NonTarget	1	71976
281.2811514560981	1.0	NonTarget	1	72008
281.40615141230563	1.0	NonTarget	1	72040
281.53115136851324	1.0	NonTarget	1	72072
281.65615132472084	1.0	NonTarget	1	72104
281.7811512809284	1.0	NonTarget	1	72136
281.906151237136	1.0	NonTarget	1	72168
282.03115119334353	1.0	NonTarget	1	72200
282.15615114955114	1.0	NonTarget	1	72232
282.2811511057587	1.0	NonTarget	1	72264
282.4061510619663	1.0	NonTarget	1	72296
282.53115101817383	1.0	NonTarget	1	72328
282.65615097438143	1.0	NonTarget	1	72360
282.781150930589	1.0	NonTarget	1	72392
282.9061508867966	1.0	NonTarget	1	72424
283.0311508430041	1.0	NonTarget	1	72456
283.15615079921173	1.0	NonTarget	1	72488
283.2811507554193	1.0	NonTarget	1	72520
283.4061507116269	1.0	NonTarget	1	72552
283.5311506678344	1.0	NonTarget	1	72584
283.656150624042	1.0	NonTarget	1	72616
283.78115058024963	1.0	NonTarget	1	72648
283.9061505364572	1.0	NonTarget	1	72680
284.0311504926648	1.0	NonTarget	1	72712
284.1561504488723	1.0	NonTarget	1	72744
284.2811504050799	1.0	NonTarget	1	72776
284.4061503612875	1.0	NonTarget	1	72808
284.5311503174951	1.0	NonTarget	1	72840
284.6561502737026	1.0	NonTarget	1	72872
284.7811502299102	1.0	NonTarget	1	72904
284.90615018611777	1.0	NonTarget	1	72936
285.0311501423254	1.0	NonTarget	1	72968
285.1561500985329	1.0	NonTarget	1	73000
285.2811500547405	1.0	NonTarget	1	73032
285.40615001094807	1.0	NonTarget	1	73064
285.53114996715567	1.0	NonTarget	1	73096
285.6561499233633	1.0	NonTarget	1	73128
285.7811498795708	1.0	NonTarget	1	73160
285.9061498357784	1.0	NonTarget	1	73192
286.03114979198597	1.0	NonTarget	1	73224
286.15614974819357	1.0	NonTarget	1	73256
286.2811497044011	1.0	NonTarget	1	73288
286.4061496606087	1.0	NonTarget	1	73320
286.53114961681626	1.0	NonTarget	1	73352
286.65614957302387	1.0	NonTarget	1	73384
286.7811495292314	1.0	NonTarget	1	73416
286.906149485439	1.0	NonTarget	1	73448
287.03114944164656	1.0	NonTarget	1	73480
287.15614939785416	1.0	NonTarget	1	73512
287.2811493540617	1.0	NonTarget	1	73544
287.4061493102693	1.0	NonTarget	1	73576
287.53114926647686	1.0	NonTarget	1	73608
287.65614922268446	1.0	NonTarget	1	73640
287.78114917889206	1.0	NonTarget	1	73672
287.9061491350996	1.0	NonTarget	1	73704
288.0311490913072	1.0	NonTarget	1	73736
288.15614904751476	1.0	NonTarget	1	73768
288.28114900372236	1.0	NonTarget	1	73800
288.4061489599299	1.0	NonTarget	1	73832
288.5311489161375	1.0	NonTarget	1	73864
288.65614887234506	1.0	NonTarget	1	73896
288.78114882855266	1.0	NonTarget	1	73928
288.9061487847602	1.0	NonTarget	1	73960
289.0311487409678	1.0	NonTarget	1	73992
289.15614869717535	1.0	NonTarget	1	74024
289.28114865338296	1.0	NonTarget	1	74056
289.4061486095905	1.0	NonTarget	1	74088
289.5311485657981	1.0	NonTarget	1	74120
289.6561485220057	1.0	NonTarget	1	74152
289.78114847821325	1.0	NonTarget	1	74184
289.90614843442086	1.0	NonTarget	1	74216
290.0311483906284	1.0	NonTarget	1	74248
290.156148346836	1.0	NonTarget	1	74280
290.28114830304355	1.0	NonTarget	1	74312
290.40614825925115	1.0	NonTarget	1	74344
290.5311482154587	1.0	NonTarget	1	74376
290.6561481716663	1.0	NonTarget	1	74408
290.78114812787385	1.0	NonTarget	1	74440
290.90614808408145	1.0	NonTarget	1	74472
291.031148040289	1.0	NonTarget	1	74504
291.1561479964966	1.0	NonTarget	1	74536
291.28114795270415	1.0	NonTarget	1	74568
291.40614790891175	1.0	NonTarget	1	74600
291.5311478651193	1.0	NonTarget	1	74632
291.6561478213269	1.0	NonTarget	1	74664
291.7811477775345	1.0	NonTarget	1	74696
291.90614773374205	1.0	NonTarget	1	74728
292.03114768994965	1.0	NonTarget	1	74760
292.1561476461572	1.0	NonTarget	1	74792
292.2811476023648	1.0	NonTarget	1	74824
292.40614755857234	1.0	NonTarget	1	74856
298.53114541274357	1.0	NonTarget	1	76424
298.6561453689512	1.0	NonTarget	1	76456
298.7811453251587	1.0	NonTarget	1	76488
298.9061452813663	1.0	NonTarget	1	76520
299.03114523757387	1.0	NonTarget	1	76552
299.15614519378147	1.0	NonTarget	1	76584
299.281145149989	1.0	NonTarget	1	76616
299.4061451061966	1.0	NonTarget	1	76648
299.53114506240416	1.0	NonTarget	1	76680
299.65614501861177	1.0	NonTarget	1	76712
299.78114497481937	1.0	NonTarget	1	76744
299.9061449310269	1.0	NonTarget	1	76776
300.0311448872345	1.0	NonTarget	1	76808
300.15614484344206	1.0	NonTarget	1	76840
300.28114479964967	1.0	NonTarget	1	76872
300.4061447558572	1.0	NonTarget	1	76904
300.5311447120648	1.0	NonTarget	1	76936
300.65614466827236	1.0	NonTarget	1	76968
300.78114462447996	1.0	NonTarget	1	77000
300.9061445806875	1.0	NonTarget	1	77032
301.0311445368951	1.0	NonTarget	1	77064
301.15614449310266	1.0	NonTarget	1	77096
301.28114444931026	1.0	NonTarget	1	77128
301.4061444055178	1.0	NonTarget	1	77160
301.5311443617254	1.0	NonTarget	1	77192
301.656144317933	1.0	NonTarget	1	77224
301.78114427414056	1.0	NonTarget	1	77256
301.90614423034816	1.0	NonTarget	1	77288
302.0311441865557	1.0	NonTarget	1	77320
302.1561441427633	1.0	NonTarget	1	77352
302.28114409897086	1.0	NonTarget	1	77384
302.40614405517846	1.0	NonTarget	1	77416
302.531144011386	1.0	NonTarget	1	77448
302.6561439675936	1.0	NonTarget	1	77480
302.78114392380115	1.0	NonTarget	1	77512
302.90614388000876	1.0	NonTarget	1	77544
303.0311438362163	1.0	NonTarget	1	77576
303.1561437924239	1.0	NonTarget	1	77608
303.28114374863145	1.0	NonTarget	1	77640
303.40614370483905	1.0	NonTarget	1	77672
303.5311436610466	1.0	NonTarget	1	77704
303.6561436172542	1.0	NonTarget	1	77736
303.7811435734618	1.0	NonTarget	1	77768
303.90614352966935	1.0	NonTarget	1	77800
304.03114348587695	1.0	NonTarget	1	77832
304.1561434420845	1.0	NonTarget	1	77864
304.2811433982921	1.0	NonTarget	1	77896
304.40614335449965	1.0	NonTarget	1	77928
304.53114331070725	1.0	NonTarget	1	77960
304.6561432669148	1.0	NonTarget	1	77992
304.7811432231224	1.0	NonTarget	1	78024
304.90614317932994	1.0	NonTarget	1	78056
305.03114313553755	1.0	NonTarget	1	78088
305.1561430917451	1.0	NonTarget	1	78120
305.2811430479527	1.0	NonTarget	1	78152
305.40614300416024	1.0	NonTarget	1	78184
305.53114296036784	1.0	NonTarget	1	78216
305.65614291657545	1.0	NonTarget	1	78248
305.781142872783	1.0	NonTarget	1	78280
305.9061428289906	1.0	NonTarget	1	78312
306.03114278519814	1.0	NonTarget	1	78344
306.15614274140574	1.0	NonTarget	1	78376
306.2811426976133	1.0	NonTarget	1	78408
306.4061426538209	1.0	NonTarget	1	78440
306.53114261002844	1.0	NonTarget	1	78472
306.65614256623604	1.0	NonTarget	1	78504
306.7811425224436	1.0	NonTarget	1	78536
306.9061424786512	1.0	NonTarget	1	78568
307.03114243485874	1.0	NonTarget	1	78600
307.15614239106634	1.0	NonTarget	1	78632
307.2811423472739	1.0	NonTarget	1	78664
307.4061423034815	1.0	NonTarget	1	78696
307.53114225968903	1.0	NonTarget	1	78728
307.65614221589664	1.0	NonTarget	1	78760
307.78114217210424	1.0	NonTarget	1	78792
307.9061421283118	1.0	NonTarget	1	78824
308.0311420845194	1.0	NonTarget	1	78856
308.15614204072693	1.0	NonTarget	1	78888
308.28114199693454	1.0	NonTarget	1	78920
308.4061419531421	1.0	NonTarget	1	78952
308.5311419093497	1.0	NonTarget	1	78984
308.65614186555723	1.0	NonTarget	1	79016
308.78114182176483	1.0	NonTarget	1	79048
308.9061417779724	1.0	NonTarget	1	79080
309.03114173418	1.0	NonTarget	1	79112
309.1561416903875	1.0	NonTarget	1	79144
309.28114164659513	1.0	NonTarget	1	79176
309.4061416028027	1.0	NonTarget	1	79208
309.5311415590103	1.0	NonTarget	1	79240
309.6561415152179	1.0	NonTarget	1	79272
309.7811414714254	1.0	NonTarget	1	79304
309.90614142763303	1.0	NonTarget	1	79336
310.0311413838406	1.0	NonTarget	1	79368
310.1561413400482	1.0	NonTarget	1	79400
310.2811412962557	1.0	NonTarget	1	79432
310.4061412524633	1.0	NonTarget	1	79464
310.5311412086709	1.0	NonTarget	1	79496
310.6561411648785	1.0	NonTarget	1	79528
310.781141121086	1.0	NonTarget	1	79560
310.9061410772936	1.0	NonTarget	1	79592
311.03114103350117	1.0	NonTarget	1	79624
311.1561409897088	1.0	NonTarget	1	79656
311.2811409459163	1.0	NonTarget	1	79688
311.4061409021239	1.0	NonTarget	1	79720
311.53114085833147	1.0	NonTarget	1	79752
311.65614081453907	1.0	NonTarget	1	79784
311.7811407707467	1.0	NonTarget	1	79816
311.9061407269542	1.0	NonTarget	1	79848
312.0311406831618	1.0	NonTarget	1	79880
312.15614063936937	1.0	NonTarget	1	79912
312.28114059557697	1.0	NonTarget	1	79944
312.4061405517845	1.0	NonTarget	1	79976
312.5311405079921	1.0	NonTarget	1	80008
312.65614046419967	1.0	NonTarget	1	80040
312.78114042040727	1.0	NonTarget	1	80072
312.9061403766148	1.0	NonTarget	1	80104
313.0311403328224	1.0	NonTarget	1	80136
313.15614028902996	1.0	NonTarget	1	80168
313.28114024523757	1.0	NonTarget	1	80200
313.4061402014451	1.0	NonTarget	1	80232
319.53113805561634	1.0	NonTarget	1	81800
319.65613801182394	1.0	NonTarget	1	81832
319.78113796803154	1.0	NonTarget	1	81864
319.9061379242391	1.0	NonTarget	1	81896
320.0311378804467	1.0	NonTarget	1	81928
320.15613783665424	1.0	NonTarget	1	81960
320.28113779286184	1.0	NonTarget	1	81992
320.4061377490694	1.0	NonTarget	1	82024
320.531137705277	1.0	NonTarget	1	82056
320.65613766148454	1.0	NonTarget	1	82088
320.78113761769214	1.0	NonTarget	1	82120
320.9061375738997	1.0	NonTarget	1	82152
321.0311375301073	1.0	NonTarget	1	82184
321.15613748631483	1.0	NonTarget	1	82216
321.28113744252244	1.0	NonTarget	1	82248
321.40613739873	1.0	NonTarget	1	82280
321.5311373549376	1.0	NonTarget	1	82312
321.65613731114513	1.0	NonTarget	1	82344
321.78113726735273	1.0	NonTarget	1	82376
321.90613722356034	1.0	NonTarget	1	82408
322.0311371797679	1.0	NonTarget	1	82440
322.1561371359755	1.0	NonTarget	1	82472
322.28113709218303	1.0	NonTarget	1	82504
322.40613704839063	1.0	NonTarget	1	82536
322.5311370045982	1.0	NonTarget	1	82568
322.6561369608058	1.0	NonTarget	1	82600
322.7811369170133	1.0	NonTarget	1	82632
322.90613687322093	1.0	NonTarget	1	82664
323.0311368294285	1.0	NonTarget	1	82696
323.1561367856361	1.0	NonTarget	1	82728
323.2811367418436	1.0	NonTarget	1	82760
323.4061366980512	1.0	NonTarget	1	82792
323.5311366542588	1.0	NonTarget	1	82824
323.6561366104664	1.0	NonTarget	1	82856
323.781136566674	1.0	NonTarget	1	82888
323.9061365228815	1.0	NonTarget	1	82920
324.0311364790891	1.0	NonTarget	1	82952
324.1561364352967	1.0	NonTarget	1	82984
324.2811363915043	1.0	NonTarget	1	83016
324.4061363477118	1.0	NonTarget	1	83048
324.5311363039194	1.0	NonTarget	1	83080
324.65613626012697	1.0	NonTarget	1	83112
324.7811362163346	1.0	NonTarget	1	83144
324.9061361725421	1.0	NonTarget	1	83176
325.0311361287497	1.0	NonTarget	1	83208
325.15613608495727	1.0	NonTarget	1	83240
325.28113604116487	1.0	NonTarget	1	83272
325.4061359973724	1.0	NonTarget	1	83304
325.53113595358	1.0	NonTarget	1	83336
325.65613590978757	1.0	NonTarget	1	83368
325.78113586599517	1.0	NonTarget	1	83400
325.90613582220277	1.0	NonTarget	1	83432
326.0311357784103	1.0	NonTarget	1	83464
326.1561357346179	1.0	NonTarget	1	83496
326.28113569082547	1.0	NonTarget	1	83528
326.40613564703307	1.0	NonTarget	1	83560
326.5311356032406	1.0	NonTarget	1	83592
326.6561355594482	1.0	NonTarget	1	83624
326.78113551565576	1.0	NonTarget	1	83656
326.90613547186337	1.0	NonTarget	1	83688
327.0311354280709	1.0	NonTarget	1	83720
327.1561353842785	1.0	NonTarget	1	83752
327.28113534048606	1.0	NonTarget	1	83784
327.40613529669366	1.0	NonTarget	1	83816
327.5311352529012	1.0	NonTarget	1	83848
327.6561352091088	1.0	NonTarget	1	83880
327.7811351653164	1.0	NonTarget	1	83912
327.90613512152396	1.0	NonTarget	1	83944
328.03113507773156	1.0	NonTarget	1	83976
328.1561350339391	1.0	NonTarget	1	84008
328.2811349901467	1.0	NonTarget	1	84040
328.40613494635426	1.0	NonTarget	1	84072
328.53113490256186	1.0	NonTarget	1	84104
328.6561348587694	1.0	NonTarget	1	84136
328.781134814977	1.0	NonTarget	1	84168
328.90613477118455	1.0	NonTarget	1	84200
329.03113472739216	1.0	NonTarget	1	84232
329.1561346835997	1.0	NonTarget	1	84264
329.2811346398073	1.0	NonTarget	1	84296
329.40613459601485	1.0	NonTarget	1	84328
329.53113455222245	1.0	NonTarget	1	84360
329.65613450843	1.0	NonTarget	1	84392
329.7811344646376	1.0	NonTarget	1	84424
329.9061344208452	1.0	NonTarget	1	84456
330.03113437705275	1.0	NonTarget	1	84488
330.15613433326035	1.0	NonTarget	1	84520
330.2811342894679	1.0	NonTarget	1	84552
330.4061342456755	1.0	NonTarget	1	84584
330.53113420188305	1.0	NonTarget	1	84616
330.65613415809065	1.0	NonTarget	1	84648
330.7811341142982	1.0	NonTarget	1	84680
330.9061340705058	1.0	NonTarget	1	84712
331.03113402671335	1.0	NonTarget	1	84744
331.15613398292095	1.0	NonTarget	1	84776
331.2811339391285	1.0	NonTarget	1	84808
331.4061338953361	1.0	NonTarget	1	84840
331.53113385154364	1.0	NonTarget	1	84872
331.65613380775125	1.0	NonTarget	1	84904
331.78113376395885	1.0	NonTarget	1	84936
331.9061337201664	1.0	NonTarget	1	84968
332.031133676374	1.0	NonTarget	1	85000
332.15613363258154	1.0	NonTarget	1	85032
332.28113358878915	1.0	NonTarget	1	85064
332.4061335449967	1.0	NonTarget	1	85096
332.5311335012043	1.0	NonTarget	1	85128
332.65613345741184	1.0	NonTarget	1	85160
332.78113341361944	1.0	NonTarget	1	85192
332.906133369827	1.0	NonTarget	1	85224
333.0311333260346	1.0	NonTarget	1	85256
333.15613328224214	1.0	NonTarget	1	85288
333.28113323844974	1.0	NonTarget	1	85320
333.4061331946573	1.0	NonTarget	1	85352
333.5311331508649	1.0	NonTarget	1	85384
333.65613310707243	1.0	NonTarget	1	85416
333.78113306328004	1.0	NonTarget	1	85448
333.90613301948764	1.0	NonTarget	1	85480
334.0311329756952	1.0	NonTarget	1	85512
334.1561329319028	1.0	NonTarget	1	85544
334.28113288811033	1.0	NonTarget	1	85576
334.40613284431794	1.0	NonTarget	1	85608
340.53113069848916	1.0	NonTarget	1	87176
340.6561306546967	1.0	NonTarget	1	87208
340.7811306109043	1.0	NonTarget	1	87240
340.90613056711186	1.0	NonTarget	1	87272
341.03113052331946	1.0	NonTarget	1	87304
341.156130479527	1.0	NonTarget	1	87336
341.2811304357346	1.0	NonTarget	1	87368
341.40613039194216	1.0	NonTarget	1	87400
341.53113034814976	1.0	NonTarget	1	87432
341.6561303043573	1.0	NonTarget	1	87464
341.7811302605649	1.0	NonTarget	1	87496
341.9061302167725	1.0	NonTarget	1	87528
342.03113017298006	1.0	NonTarget	1	87560
342.15613012918766	1.0	NonTarget	1	87592
342.2811300853952	1.0	NonTarget	1	87624
342.4061300416028	1.0	NonTarget	1	87656
342.53112999781035	1.0	NonTarget	1	87688
342.65612995401796	1.0	NonTarget	1	87720
342.7811299102255	1.0	NonTarget	1	87752
342.9061298664331	1.0	NonTarget	1	87784
343.03112982264065	1.0	NonTarget	1	87816
343.15612977884825	1.0	NonTarget	1	87848
343.2811297350558	1.0	NonTarget	1	87880
343.4061296912634	1.0	NonTarget	1	87912
343.53112964747095	1.0	NonTarget	1	87944
343.65612960367855	1.0	NonTarget	1	87976
343.78112955988615	1.0	NonTarget	1	88008
343.9061295160937	1.0	NonTarget	1	88040
344.0311294723013	1.0	NonTarget	1	88072
344.15612942850885	1.0	NonTarget	1	88104
344.28112938471645	1.0	NonTarget	1	88136
344.406129340924	1.0	NonTarget	1	88168
344.5311292971316	1.0	NonTarget	1	88200
344.65612925333915	1.0	NonTarget	1	88232
344.78112920954675	1.0	NonTarget	1	88264
344.9061291657543	1.0	NonTarget	1	88296
345.0311291219619	1.0	NonTarget	1	88328
345.15612907816944	1.0	NonTarget	1	88360
345.28112903437705	1.0	NonTarget	1	88392
345.4061289905846	1.0	NonTarget	1	88424
345.5311289467922	1.0	NonTarget	1	88456
345.65612890299974	1.0	NonTarget	1	88488
345.78112885920734	1.0	NonTarget	1	88520
345.90612881541495	1.0	NonTarget	1	88552
346.0311287716225	1.0	NonTarget	1	88584
346.1561287278301	1.0	NonTarget	1	88616
346.28112868403764	1.0	NonTarget	1	88648
346.40612864024524	1.0	NonTarget	1	88680
346.5311285964528	1.0	NonTarget	1	88712
346.6561285526604	1.0	NonTarget	1	88744
346.78112850886794	1.0	NonTarget	1	88776
346.90612846507554	1.0	NonTarget	1	88808
347.0311284212831	1.0	NonTarget	1	88840
347.1561283774907	1.0	NonTarget	1	88872
347.28112833369823	1.0	NonTarget	1	88904
347.40612828990584	1.0	NonTarget	1	88936
347.5311282461134	1.0	NonTarget	1	88968
347.656128202321	1.0	NonTarget	1	89000
347.78112815852853	1.0	NonTarget	1	89032
347.90612811473613	1.0	NonTarget	1	89064
348.03112807094374	1.0	NonTarget	1	89096
348.1561280271513	1.0	NonTarget	1	89128
348.2811279833589	1.0	NonTarget	1	89160
348.40612793956643	1.0	NonTarget	1	89192
348.53112789577403	1.0	NonTarget	1	89224
348.6561278519816	1.0	NonTarget	1	89256
348.7811278081892	1.0	NonTarget	1	89288
348.90612776439673	1.0	NonTarget	1	89320
349.03112772060433	1.0	NonTarget	1	89352
349.1561276768119	1.0	NonTarget	1	89384
349.2811276330195	1.0	NonTarget	1	89416
349.406127589227	1.0	NonTarget	1	89448
349.53112754543463	1.0	NonTarget	1	89480
349.6561275016422	1.0	NonTarget	1	89512
349.7811274578498	1.0	NonTarget	1	89544
349.9061274140574	1.0	NonTarget	1	89576
350.0311273702649	1.0	NonTarget	1	89608
350.15612732647253	1.0	NonTarget	1	89640
350.2811272826801	1.0	NonTarget	1	89672
350.4061272388877	1.0	NonTarget	1	89704
350.5311271950952	1.0	NonTarget	1	89736
350.6561271513028	1.0	NonTarget	1	89768
350.7811271075104	1.0	NonTarget	1	89800
350.906127063718	1.0	NonTarget	1	89832
351.0311270199255	1.0	NonTarget	1	89864
351.1561269761331	1.0	NonTarget	1	89896
351.28112693234067	1.0	NonTarget	1	89928
351.4061268885483	1.0	NonTarget	1	89960
351.5311268447558	1.0	NonTarget	1	89992
351.6561268009634	1.0	NonTarget	1	90024
351.78112675717097	1.0	NonTarget	1	90056
351.90612671337857	1.0	NonTarget	1	90088
352.0311266695862	1.0	NonTarget	1	90120
352.1561266257937	1.0	NonTarget	1	90152
352.2811265820013	1.0	NonTarget	1	90184
352.40612653820887	1.0	NonTarget	1	90216
352.53112649441647	1.0	NonTarget	1	90248
352.656126450624	1.0	NonTarget	1	90280
352.7811264068316	1.0	NonTarget	1	90312
352.90612636303916	1.0	NonTarget	1	90344
353.03112631924677	1.0	NonTarget	1	90376
353.1561262754543	1.0	NonTarget	1	90408
353.2811262316619	1.0	NonTarget	1	90440
353.40612618786946	1.0	NonTarget	1	90472
353.53112614407706	1.0	NonTarget	1	90504
353.6561261002846	1.0	NonTarget	1	90536
353.7811260564922	1.0	NonTarget	1	90568
353.9061260126998	1.0	NonTarget	1	90600
354.03112596890736	1.0	NonTarget	1	90632
354.15612592511496	1.0	NonTarget	1	90664
354.2811258813225	1.0	NonTarget	1	90696
354.4061258375301	1.0	NonTarget	1	90728
354.53112579373766	1.0	NonTarget	1	90760
354.65612574994526	1.0	NonTarget	1	90792
354.7811257061528	1.0	NonTarget	1	90824
354.9061256623604	1.0	NonTarget	1	90856
355.03112561856796	1.0	NonTarget	1	90888
355.15612557477556	1.0	NonTarget	1	90920
355.2811255309831	1.0	NonTarget	1	90952
355.4061254871907	1.0	NonTarget	1	90984
361.53112334136193	1.0	NonTarget	1	92552
361.6561232975695	1.0	NonTarget	1	92584
361.7811232537771	1.0	NonTarget	1	92616
361.9061232099847	1.0	NonTarget	1	92648
362.03112316619223	1.0	NonTarget	1	92680
362.15612312239983	1.0	NonTarget	1	92712
362.2811230786074	1.0	NonTarget	1	92744
362.406123034815	1.0	NonTarget	1	92776
362.5311229910225	1.0	NonTarget	1	92808
362.65612294723013	1.0	NonTarget	1	92840
362.7811229034377	1.0	NonTarget	1	92872
362.9061228596453	1.0	NonTarget	1	92904
363.0311228158528	1.0	NonTarget	1	92936
363.1561227720604	1.0	NonTarget	1	92968
363.281122728268	1.0	NonTarget	1	93000
363.4061226844756	1.0	NonTarget	1	93032
363.5311226406831	1.0	NonTarget	1	93064
363.6561225968907	1.0	NonTarget	1	93096
363.78112255309827	1.0	NonTarget	1	93128
363.9061225093059	1.0	NonTarget	1	93160
364.0311224655135	1.0	NonTarget	1	93192
364.156122421721	1.0	NonTarget	1	93224
364.2811223779286	1.0	NonTarget	1	93256
364.40612233413617	1.0	NonTarget	1	93288
364.5311222903438	1.0	NonTarget	1	93320
364.6561222465513	1.0	NonTarget	1	93352
364.7811222027589	1.0	NonTarget	1	93384
364.90612215896647	1.0	NonTarget	1	93416
365.03112211517407	1.0	NonTarget	1	93448
365.1561220713816	1.0	NonTarget	1	93480
365.2811220275892	1.0	NonTarget	1	93512
365.40612198379677	1.0	NonTarget	1	93544
365.53112194000437	1.0	NonTarget	1	93576
365.6561218962119	1.0	NonTarget	1	93608
365.7811218524195	1.0	NonTarget	1	93640
365.9061218086271	1.0	NonTarget	1	93672
366.03112176483467	1.0	NonTarget	1	93704
366.15612172104227	1.0	NonTarget	1	93736
366.2811216772498	1.0	NonTarget	1	93768
366.4061216334574	1.0	NonTarget	1	93800
366.53112158966496	1.0	NonTarget	1	93832
366.65612154587257	1.0	NonTarget	1	93864
366.7811215020801	1.0	NonTarget	1	93896
366.9061214582877	1.0	NonTarget	1	93928
367.03112141449526	1.0	NonTarget	1	93960
367.15612137070286	1.0	NonTarget	1	93992
367.2811213269104	1.0	NonTarget	1	94024
367.406121283118	1.0	NonTarget	1	94056
367.53112123932556	1.0	NonTarget	1	94088
367.65612119553316	1.0	NonTarget	1	94120
367.7811211517407	1.0	NonTarget	1	94152
367.9061211079483	1.0	NonTarget	1	94184
368.0311210641559	1.0	NonTarget	1	94216
368.15612102036346	1.0	NonTarget	1	94248
368.28112097657106	1.0	NonTarget	1	94280
368.4061209327786	1.0	NonTarget	1	94312
368.5311208889862	1.0	NonTarget	1	94344
368.65612084519375	1.0	NonTarget	1	94376
368.78112080140136	1.0	NonTarget	1	94408
368.9061207576089	1.0	NonTarget	1	94440
369.0311207138165	1.0	NonTarget	1	94472
369.15612067002405	1.0	NonTarget	1	94504
369.28112062623165	1.0	NonTarget	1	94536
369.4061205824392	1.0	NonTarget	1	94568
369.5311205386468	1.0	NonTarget	1	94600
369.65612049485435	1.0	NonTarget	1	94632
369.78112045106195	1.0	NonTarget	1	94664
369.90612040726955	1.0	NonTarget	1	94696
370.0311203634771	1.0	NonTarget	1	94728
370.1561203196847	1.0	NonTarget	1	94760
370.28112027589225	1.0	NonTarget	1	94792
370.40612023209985	1.0	NonTarget	1	94824
370.5311201883074	1.0	NonTarget	1	94856
370.656120144515	1.0	NonTarget	1	94888
370.78112010072255	1.0	NonTarget	1	94920
370.90612005693015	1.0	NonTarget	1	94952
371.0311200131377	1.0	NonTarget	1	94984
371.1561199693453	1.0	NonTarget	1	95016
371.28111992555284	1.0	NonTarget	1	95048
371.40611988176045	1.0	NonTarget	1	95080
371.531119837968	1.0	NonTarget	1	95112
371.6561197941756	1.0	NonTarget	1	95144
371.78111975038314	1.0	NonTarget	1	95176
371.90611970659074	1.0	NonTarget	1	95208
372.03111966279835	1.0	NonTarget	1	95240
372.1561196190059	1.0	NonTarget	1	95272
372.2811195752135	1.0	NonTarget	1	95304
372.40611953142104	1.0	NonTarget	1	95336
372.53111948762864	1.0	NonTarget	1	95368
372.6561194438362	1.0	NonTarget	1	95400
372.7811194000438	1.0	NonTarget	1	95432
372.90611935625134	1.0	NonTarget	1	95464
373.03111931245894	1.0	NonTarget	1	95496
373.1561192686665	1.0	NonTarget	1	95528
373.2811192248741	1.0	NonTarget	1	95560
373.40611918108164	1.0	NonTarget	1	95592
373.53111913728924	1.0	NonTarget	1	95624
373.6561190934968	1.0	NonTarget	1	95656
373.7811190497044	1.0	NonTarget	1	95688
373.906119005912	1.0	NonTarget	1	95720
374.03111896211954	1.0	NonTarget	1	95752
374.15611891832714	1.0	NonTarget	1	95784
374.2811188745347	1.0	NonTarget	1	95816
374.4061188307423	1.0	NonTarget	1	95848
374.53111878694983	1.0	NonTarget	1	95880
374.65611874315744	1.0	NonTarget	1	95912
374.781118699365	1.0	NonTarget	1	95944
374.9061186555726	1.0	NonTarget	1	95976
375.03111861178013	1.0	NonTarget	1	96008
375.15611856798773	1.0	NonTarget	1	96040
375.2811185241953	1.0	NonTarget	1	96072
375.4061184804029	1.0	NonTarget	1	96104
375.5311184366104	1.0	NonTarget	1	96136
375.65611839281803	1.0	NonTarget	1	96168
375.7811183490256	1.0	NonTarget	1	96200
375.9061183052332	1.0	NonTarget	1	96232
376.0311182614408	1.0	NonTarget	1	96264
376.1561182176483	1.0	NonTarget	1	96296
376.28111817385593	1.0	NonTarget	1	96328
376.4061181300635	1.0	NonTarget	1	96360
382.5311159842347	1.0	NonTarget	1	97928
382.6561159404423	1.0	NonTarget	1	97960
382.78111589664985	1.0	NonTarget	1	97992
382.90611585285745	1.0	NonTarget	1	98024
383.031115809065	1.0	NonTarget	1	98056
383.1561157652726	1.0	NonTarget	1	98088
383.28111572148015	1.0	NonTarget	1	98120
383.40611567768775	1.0	NonTarget	1	98152
383.5311156338953	1.0	NonTarget	1	98184
383.6561155901029	1.0	NonTarget	1	98216
383.78111554631045	1.0	NonTarget	1	98248
383.90611550251805	1.0	NonTarget	1	98280
384.03111545872565	1.0	NonTarget	1	98312
384.1561154149332	1.0	NonTarget	1	98344
384.2811153711408	1.0	NonTarget	1	98376
384.40611532734835	1.0	NonTarget	1	98408
384.53111528355595	1.0	NonTarget	1	98440
384.6561152397635	1.0	NonTarget	1	98472
384.7811151959711	1.0	NonTarget	1	98504
384.90611515217864	1.0	NonTarget	1	98536
385.03111510838625	1.0	NonTarget	1	98568
385.1561150645938	1.0	NonTarget	1	98600
385.2811150208014	1.0	NonTarget	1	98632
385.40611497700894	1.0	NonTarget	1	98664
385.53111493321654	1.0	NonTarget	1	98696
385.6561148894241	1.0	NonTarget	1	98728
385.7811148456317	1.0	NonTarget	1	98760
385.90611480183924	1.0	NonTarget	1	98792
386.03111475804684	1.0	NonTarget	1	98824
386.15611471425444	1.0	NonTarget	1	98856
386.281114670462	1.0	NonTarget	1	98888
386.4061146266696	1.0	NonTarget	1	98920
386.53111458287714	1.0	NonTarget	1	98952
386.65611453908474	1.0	NonTarget	1	98984
386.7811144952923	1.0	NonTarget	1	99016
386.9061144514999	1.0	NonTarget	1	99048
387.03111440770743	1.0	NonTarget	1	99080
387.15611436391504	1.0	NonTarget	1	99112
387.2811143201226	1.0	NonTarget	1	99144
387.4061142763302	1.0	NonTarget	1	99176
387.53111423253773	1.0	NonTarget	1	99208
387.65611418874533	1.0	NonTarget	1	99240
387.7811141449529	1.0	NonTarget	1	99272
387.9061141011605	1.0	NonTarget	1	99304
388.0311140573681	1.0	NonTarget	1	99336
388.15611401357563	1.0	NonTarget	1	99368
388.28111396978323	1.0	NonTarget	1	99400
388.4061139259908	1.0	NonTarget	1	99432
388.5311138821984	1.0	NonTarget	1	99464
388.65611383840593	1.0	NonTarget	1	99496
388.78111379461353	1.0	NonTarget	1	99528
388.9061137508211	1.0	NonTarget	1	99560
389.0311137070287	1.0	NonTarget	1	99592
389.1561136632362	1.0	NonTarget	1	99624
389.28111361944383	1.0	NonTarget	1	99656
389.4061135756514	1.0	NonTarget	1	99688
389.531113531859	1.0	NonTarget	1	99720
389.6561134880665	1.0	NonTarget	1	99752
389.7811134442741	1.0	NonTarget	1	99784
389.9061134004817	1.0	NonTarget	1	99816
390.0311133566893	1.0	NonTarget	1	99848
390.1561133128969	1.0	NonTarget	1	99880
390.2811132691044	1.0	NonTarget	1	99912
390.406113225312	1.0	NonTarget	1	99944
390.5311131815196	1.0	NonTarget	1	99976
390.6561131377272	1.0	NonTarget	1	100008
390.7811130939347	1.0	NonTarget	1	100040
390.9061130501423	1.0	NonTarget	1	100072
391.03111300634987	1.0	NonTarget	1	100104
391.1561129625575	1.0	NonTarget	1	100136
391.281112918765	1.0	NonTarget	1	100168
391.4061128749726	1.0	NonTarget	1	100200
391.53111283118017	1.0	NonTarget	1	100232
391.65611278738777	1.0	NonTarget	1	100264
391.7811127435953	1.0	NonTarget	1	100296
391.9061126998029	1.0	NonTarget	1	100328
392.0311126560105	1.0	NonTarget	1	100360
392.15611261221807	1.0	NonTarget	1	100392
392.28111256842567	1.0	NonTarget	1	100424
392.4061125246332	1.0	NonTarget	1	100456
392.5311124808408	1.0	NonTarget	1	100488
392.65611243704836	1.0	NonTarget	1	100520
392.78111239325597	1.0	NonTarget	1	100552
392.9061123494635	1.0	NonTarget	1	100584
393.0311123056711	1.0	NonTarget	1	100616
393.15611226187866	1.0	NonTarget	1	100648
393.28111221808626	1.0	NonTarget	1	100680
393.4061121742938	1.0	NonTarget	1	100712
393.5311121305014	1.0	NonTarget	1	100744
393.65611208670896	1.0	NonTarget	1	100776
393.78111204291656	1.0	NonTarget	1	100808
393.9061119991241	1.0	NonTarget	1	100840
394.0311119553317	1.0	NonTarget	1	100872
394.1561119115393	1.0	NonTarget	1	100904
394.28111186774686	1.0	NonTarget	1	100936
394.40611182395446	1.0	NonTarget	1	100968
394.531111780162	1.0	NonTarget	1	101000
394.6561117363696	1.0	NonTarget	1	101032
394.78111169257716	1.0	NonTarget	1	101064
394.90611164878476	1.0	NonTarget	1	101096
395.0311116049923	1.0	NonTarget	1	101128
395.1561115611999	1.0	NonTarget	1	101160
395.28111151740745	1.0	NonTarget	1	101192
395.40611147361506	1.0	NonTarget	1	101224
395.5311114298226	1.0	NonTarget	1	101256
395.6561113860302	1.0	NonTarget	1	101288
395.78111134223775	1.0	NonTarget	1	101320
395.90611129844535	1.0	NonTarget	1	101352
396.03111125465296	1.0	NonTarget	1	101384
396.1561112108605	1.0	NonTarget	1	101416
396.2811111670681	1.0	NonTarget	1	101448
396.40611112327565	1.0	NonTarget	1	101480
396.53111107948325	1.0	NonTarget	1	101512
396.6561110356908	1.0	NonTarget	1	101544
396.7811109918984	1.0	NonTarget	1	101576
396.90611094810595	1.0	NonTarget	1	101608
397.03111090431355	1.0	NonTarget	1	101640
397.1561108605211	1.0	NonTarget	1	101672
397.2811108167287	1.0	NonTarget	1	101704
397.40611077293624	1.0	NonTarget	1	101736
403.53110862710747	1.0	NonTarget	1	103304
403.6561085833151	1.0	NonTarget	1	103336
403.7811085395226	1.0	NonTarget	1	103368
403.9061084957302	1.0	NonTarget	1	103400
404.0311084519378	1.0	NonTarget	1	103432
404.15610840814537	1.0	NonTarget	1	103464
404.281108364353	1.0	NonTarget	1	103496
404.4061083205605	1.0	NonTarget	1	103528
404.5311082767681	1.0	NonTarget	1	103560
404.65610823297567	1.0	NonTarget	1	103592
404.78110818918327	1.0	NonTarget	1	103624
404.9061081453908	1.0	NonTarget	1	103656
405.0311081015984	1.0	NonTarget	1	103688
405.15610805780597	1.0	NonTarget	1	103720
405.28110801401357	1.0	NonTarget	1	103752
405.4061079702211	1.0	NonTarget	1	103784
405.5311079264287	1.0	NonTarget	1	103816
405.65610788263626	1.0	NonTarget	1	103848
405.78110783884387	1.0	NonTarget	1	103880
405.9061077950514	1.0	NonTarget	1	103912
406.031107751259	1.0	NonTarget	1	103944
406.1561077074666	1.0	NonTarget	1	103976
406.28110766367416	1.0	NonTarget	1	104008
406.40610761988177	1.0	NonTarget	1	104040
406.5311075760893	1.0	NonTarget	1	104072
406.6561075322969	1.0	NonTarget	1	104104
406.78110748850446	1.0	NonTarget	1	104136
406.90610744471206	1.0	NonTarget	1	104168
407.0311074009196	1.0	NonTarget	1	104200
407.1561073571272	1.0	NonTarget	1	104232
407.28110731333476	1.0	NonTarget	1	104264
407.40610726954236	1.0	NonTarget	1	104296
407.5311072257499	1.0	NonTarget	1	104328
407.6561071819575	1.0	NonTarget	1	104360
407.78110713816505	1.0	NonTarget	1	104392
407.90610709437266	1.0	NonTarget	1	104424
408.03110705058026	1.0	NonTarget	1	104456
408.1561070067878	1.0	NonTarget	1	104488
408.2811069629954	1.0	NonTarget	1	104520
408.40610691920295	1.0	NonTarget	1	104552
408.53110687541056	1.0	NonTarget	1	104584
408.6561068316181	1.0	NonTarget	1	104616
408.7811067878257	1.0	NonTarget	1	104648
408.90610674403325	1.0	NonTarget	1	104680
409.03110670024085	1.0	NonTarget	1	104712
409.1561066564484	1.0	NonTarget	1	104744
409.281106612656	1.0	NonTarget	1	104776
409.40610656886355	1.0	NonTarget	1	104808
409.53110652507115	1.0	NonTarget	1	104840
409.6561064812787	1.0	NonTarget	1	104872
409.7811064374863	1.0	NonTarget	1	104904
409.90610639369385	1.0	NonTarget	1	104936
410.03110634990145	1.0	NonTarget	1	104968
410.15610630610905	1.0	NonTarget	1	105000
410.2811062623166	1.0	NonTarget	1	105032
410.4061062185242	1.0	NonTarget	1	105064
410.53110617473175	1.0	NonTarget	1	105096
410.65610613093935	1.0	NonTarget	1	105128
410.7811060871469	1.0	NonTarget	1	105160
410.9061060433545	1.0	NonTarget	1	105192
411.03110599956204	1.0	NonTarget	1	105224
411.15610595576965	1.0	NonTarget	1	105256
411.2811059119772	1.0	NonTarget	1	105288
411.4061058681848	1.0	NonTarget	1	105320
411.53110582439234	1.0	NonTarget	1	105352
411.65610578059994	1.0	NonTarget	1	105384
411.7811057368075	1.0	NonTarget	1	105416
411.9061056930151	1.0	NonTarget	1	105448
412.03110564922264	1.0	NonTarget	1	105480
412.15610560543024	1.0	NonTarget	1	105512
412.28110556163784	1.0	NonTarget	1	105544
412.4061055178454	1.0	NonTarget	1	105576
412.531105474053	1.0	NonTarget	1	105608
412.65610543026054	1.0	NonTarget	1	105640
412.78110538646814	1.0	NonTarget	1	105672
412.9061053426757	1.0	NonTarget	1	105704
413.0311052988833	1.0	NonTarget	1	105736
413.15610525509084	1.0	NonTarget	1	105768
413.28110521129844	1.0	NonTarget	1	105800
413.406105167506	1.0	NonTarget	1	105832
413.5311051237136	1.0	NonTarget	1	105864
413.65610507992113	1.0	NonTarget	1	105896
413.78110503612874	1.0	NonTarget	1	105928
413.9061049923363	1.0	NonTarget	1	105960
414.0311049485439	1.0	NonTarget	1	105992
414.1561049047515	1.0	NonTarget	1	106024
414.28110486095903	1.0	NonTarget	1	106056
414.40610481716664	1.0	NonTarget	1	106088
414.5311047733742	1.0	NonTarget	1	106120
414.6561047295818	1.0	NonTarget	1	106152
414.78110468578933	1.0	NonTarget	1	106184
414.90610464199693	1.0	NonTarget	1	106216
415.0311045982045	1.0	NonTarget	1	106248
415.1561045544121	1.0	NonTarget	1	106280
415.2811045106196	1.0	NonTarget	1	106312
415.40610446682723	1.0	NonTarget	1	106344
415.5311044230348	1.0	NonTarget	1	106376
415.6561043792424	1.0	NonTarget	1	106408
415.7811043354499	1.0	NonTarget	1	106440
415.9061042916575	1.0	NonTarget	1	106472
416.0311042478651	1.0	NonTarget	1	106504
416.1561042040727	1.0	NonTarget	1	106536
416.2811041602803	1.0	NonTarget	1	106568
416.4061041164878	1.0	NonTarget	1	106600
416.5311040726954	1.0	NonTarget	1	106632
416.656104028903	1.0	NonTarget	1	106664
416.7811039851106	1.0	NonTarget	1	106696
416.9061039413181	1.0	NonTarget	1	106728
417.0311038975257	1.0	NonTarget	1	106760
417.15610385373327	1.0	NonTarget	1	106792
417.2811038099409	1.0	NonTarget	1	106824
417.4061037661484	1.0	NonTarget	1	106856
417.531103722356	1.0	NonTarget	1	106888
417.65610367856357	1.0	NonTarget	1	106920
417.78110363477117	1.0	NonTarget	1	106952
417.9061035909787	1.0	NonTarget	1	106984
418.0311035471863	1.0	NonTarget	1	107016
418.1561035033939	1.0	NonTarget	1	107048
418.28110345960147	1.0	NonTarget	1	107080
418.40610341580907	1.0	NonTarget	1	107112
424.5311012699803	1.0	NonTarget	1	108680
424.65610122618784	1.0	NonTarget	1	108712
424.78110118239545	1.0	NonTarget	1	108744
424.906101138603	1.0	NonTarget	1	108776
425.0311010948106	1.0	NonTarget	1	108808
425.15610105101814	1.0	NonTarget	1	108840
425.28110100722574	1.0	NonTarget	1	108872
425.4061009634333	1.0	NonTarget	1	108904
425.5311009196409	1.0	NonTarget	1	108936
425.65610087584844	1.0	NonTarget	1	108968
425.78110083205604	1.0	NonTarget	1	109000
425.9061007882636	1.0	NonTarget	1	109032
426.0311007444712	1.0	NonTarget	1	109064
426.1561007006788	1.0	NonTarget	1	109096
426.28110065688634	1.0	NonTarget	1	109128
426.40610061309394	1.0	NonTarget	1	109160
426.5311005693015	1.0	NonTarget	1	109192
426.6561005255091	1.0	NonTarget	1	109224
426.78110048171663	1.0	NonTarget	1	109256
426.90610043792424	1.0	NonTarget	1	109288
427.0311003941318	1.0	NonTarget	1	109320
427.1561003503394	1.0	NonTarget	1	109352
427.28110030654693	1.0	NonTarget	1	109384
427.40610026275453	1.0	NonTarget	1	109416
427.5311002189621	1.0	NonTarget	1	109448
427.6561001751697	1.0	NonTarget	1	109480
427.78110013137723	1.0	NonTarget	1	109512
427.90610008758483	1.0	NonTarget	1	109544
428.0311000437924	1.0	NonTarget	1	109576
428.1561	1.0	NonTarget	1	109608
428.2810999562076	1.0	NonTarget	1	109640
428.40609991241513	1.0	NonTarget	1	109672
428.53109986862273	1.0	NonTarget	1	109704
428.6560998248303	1.0	NonTarget	1	109736
428.7810997810379	1.0	NonTarget	1	109768
428.9060997372454	1.0	NonTarget	1	109800
429.03109969345303	1.0	NonTarget	1	109832
429.1560996496606	1.0	NonTarget	1	109864
429.2810996058682	1.0	NonTarget	1	109896
429.4060995620757	1.0	NonTarget	1	109928
429.5310995182833	1.0	NonTarget	1	109960
429.6560994744909	1.0	NonTarget	1	109992
429.7810994306985	1.0	NonTarget	1	110024
429.906099386906	1.0	NonTarget	1	110056
430.0310993431136	1.0	NonTarget	1	110088
430.1560992993212	1.0	NonTarget	1	110120
430.2810992555288	1.0	NonTarget	1	110152
430.4060992117364	1.0	NonTarget	1	110184
430.5310991679439	1.0	NonTarget	1	110216
430.6560991241515	1.0	NonTarget	1	110248
430.78109908035907	1.0	NonTarget	1	110280
430.9060990365667	1.0	NonTarget	1	110312
431.0310989927742	1.0	NonTarget	1	110344
431.1560989489818	1.0	NonTarget	1	110376
431.28109890518937	1.0	NonTarget	1	110408
431.40609886139697	1.0	NonTarget	1	110440
431.5310988176045	1.0	NonTarget	1	110472
431.6560987738121	1.0	NonTarget	1	110504
431.78109873001966	1.0	NonTarget	1	110536
431.90609868622727	1.0	NonTarget	1	110568
432.0310986424348	1.0	NonTarget	1	110600
432.1560985986424	1.0	NonTarget	1	110632
432.28109855485	1.0	NonTarget	1	110664
432.40609851105756	1.0	NonTarget	1	110696
432.53109846726517	1.0	NonTarget	1	110728
432.6560984234727	1.0	NonTarget	1	110760
432.7810983796803	1.0	NonTarget	1	110792
432.90609833588786	1.0	NonTarget	1	110824
433.03109829209546	1.0	NonTarget	1	110856
433.156098248303	1.0	NonTarget	1	110888
433.2810982045106	1.0	NonTarget	1	110920
433.40609816071816	1.0	NonTarget	1	110952
433.53109811692576	1.0	NonTarget	1	110984
433.6560980731333	1.0	NonTarget	1	111016
433.7810980293409	1.0	NonTarget	1	111048
433.90609798554846	1.0	NonTarget	1	111080
434.03109794175606	1.0	NonTarget	1	111112
434.15609789796366	1.0	NonTarget	1	111144
434.2810978541712	1.0	NonTarget	1	111176
434.4060978103788	1.0	NonTarget	1	111208
434.53109776658636	1.0	NonTarget	1	111240
434.65609772279396	1.0	NonTarget	1	111272
434.7810976790015	1.0	NonTarget	1	111304
434.9060976352091	1.0	NonTarget	1	111336
435.03109759141665	1.0	NonTarget	1	111368
435.15609754762426	1.0	NonTarget	1	111400
435.2810975038318	1.0	NonTarget	1	111432
435.4060974600394	1.0	NonTarget	1	111464
435.53109741624695	1.0	NonTarget	1	111496
435.65609737245455	1.0	NonTarget	1	111528
435.7810973286621	1.0	NonTarget	1	111560
435.9060972848697	1.0	NonTarget	1	111592
436.03109724107725	1.0	NonTarget	1	111624
436.15609719728485	1.0	NonTarget	1	111656
436.28109715349245	1.0	NonTarget	1	111688
436.4060971097	1.0	NonTarget	1	111720
436.5310970659076	1.0	NonTarget	1	111752
436.65609702211515	1.0	NonTarget	1	111784
436.78109697832275	1.0	NonTarget	1	111816
436.9060969345303	1.0	NonTarget	1	111848
437.0310968907379	1.0	NonTarget	1	111880
437.15609684694545	1.0	NonTarget	1	111912
437.28109680315305	1.0	NonTarget	1	111944
437.4060967593606	1.0	NonTarget	1	111976
437.5310967155682	1.0	NonTarget	1	112008
437.65609667177574	1.0	NonTarget	1	112040
437.78109662798335	1.0	NonTarget	1	112072
437.9060965841909	1.0	NonTarget	1	112104
438.0310965403985	1.0	NonTarget	1	112136
438.1560964966061	1.0	NonTarget	1	112168
438.28109645281364	1.0	NonTarget	1	112200
438.40609640902125	1.0	NonTarget	1	112232
438.5310963652288	1.0	NonTarget	1	112264
438.6560963214364	1.0	NonTarget	1	112296
438.78109627764394	1.0	NonTarget	1	112328
438.90609623385154	1.0	NonTarget	1	112360
439.0310961900591	1.0	NonTarget	1	112392
439.1560961462667	1.0	NonTarget	1	112424
439.28109610247424	1.0	NonTarget	1	112456
439.40609605868184	1.0	NonTarget	1	112488
445.53109391285307	1.0	NonTarget	1	114056
445.6560938690606	1.0	NonTarget	1	114088
445.7810938252682	1.0	NonTarget	1	114120
445.90609378147576	1.0	NonTarget	1	114152
446.03109373768336	1.0	NonTarget	1	114184
446.1560936938909	1.0	NonTarget	1	114216
446.2810936500985	1.0	NonTarget	1	114248
446.4060936063061	1.0	NonTarget	1	114280
446.53109356251366	1.0	NonTarget	1	114312
446.65609351872126	1.0	NonTarget	1	114344
446.7810934749288	1.0	NonTarget	1	114376
446.9060934311364	1.0	NonTarget	1	114408
447.03109338734396	1.0	NonTarget	1	114440
447.15609334355156	1.0	NonTarget	1	114472
447.2810932997591	1.0	NonTarget	1	114504
447.4060932559667	1.0	NonTarget	1	114536
447.53109321217426	1.0	NonTarget	1	114568
447.65609316838186	1.0	NonTarget	1	114600
447.7810931245894	1.0	NonTarget	1	114632
447.906093080797	1.0	NonTarget	1	114664
448.03109303700455	1.0	NonTarget	1	114696
448.15609299321216	1.0	NonTarget	1	114728
448.28109294941976	1.0	NonTarget	1	114760
448.4060929056273	1.0	NonTarget	1	114792
448.5310928618349	1.0	NonTarget	1	114824
448.65609281804245	1.0	NonTarget	1	114856
448.78109277425006	1.0	NonTarget	1	114888
448.9060927304576	1.0	NonTarget	1	114920
449.0310926866652	1.0	NonTarget	1	114952
449.15609264287275	1.0	NonTarget	1	114984
449.28109259908035	1.0	NonTarget	1	115016
449.4060925552879	1.0	NonTarget	1	115048
449.5310925114955	1.0	NonTarget	1	115080
449.65609246770305	1.0	NonTarget	1	115112
449.78109242391065	1.0	NonTarget	1	115144
449.9060923801182	1.0	NonTarget	1	115176
450.0310923363258	1.0	NonTarget	1	115208
450.15609229253334	1.0	NonTarget	1	115240
450.28109224874095	1.0	NonTarget	1	115272
450.40609220494855	1.0	NonTarget	1	115304
450.5310921611561	1.0	NonTarget	1	115336
450.6560921173637	1.0	NonTarget	1	115368
450.78109207357124	1.0	NonTarget	1	115400
450.90609202977885	1.0	NonTarget	1	115432
451.0310919859864	1.0	NonTarget	1	115464
451.156091942194	1.0	NonTarget	1	115496
451.28109189840154	1.0	NonTarget	1	115528
451.40609185460914	1.0	NonTarget	1	115560
451.5310918108167	1.0	NonTarget	1	115592
451.6560917670243	1.0	NonTarget	1	115624
451.78109172323184	1.0	NonTarget	1	115656
451.90609167943944	1.0	NonTarget	1	115688
452.031091635647	1.0	NonTarget	1	115720
452.1560915918546	1.0	NonTarget	1	115752
452.2810915480622	1.0	NonTarget	1	115784
452.40609150426974	1.0	NonTarget	1	115816
452.53109146047734	1.0	NonTarget	1	115848
452.6560914166849	1.0	NonTarget	1	115880
452.7810913728925	1.0	NonTarget	1	115912
452.90609132910004	1.0	NonTarget	1	115944
453.03109128530764	1.0	NonTarget	1	115976
453.1560912415152	1.0	NonTarget	1	116008
453.2810911977228	1.0	NonTarget	1	116040
453.40609115393033	1.0	NonTarget	1	116072
453.53109111013794	1.0	NonTarget	1	116104
453.6560910663455	1.0	NonTarget	1	116136
453.7810910225531	1.0	NonTarget	1	116168
453.90609097876063	1.0	NonTarget	1	116200
454.03109093496823	1.0	NonTarget	1	116232
454.1560908911758	1.0	NonTarget	1	116264
454.2810908473834	1.0	NonTarget	1	116296
454.406090803591	1.0	NonTarget	1	116328
454.53109075979853	1.0	NonTarget	1	116360
454.65609071600613	1.0	NonTarget	1	116392
454.7810906722137	1.0	NonTarget	1	116424
454.9060906284213	1.0	NonTarget	1	116456
455.0310905846288	1.0	NonTarget	1	116488
455.15609054083643	1.0	NonTarget	1	116520
455.281090497044	1.0	NonTarget	1	116552
455.4060904532516	1.0	NonTarget	1	116584
455.5310904094591	1.0	NonTarget	1	116616
455.6560903656667	1.0	NonTarget	1	116648
455.7810903218743	1.0	NonTarget	1	116680
455.9060902780819	1.0	NonTarget	1	116712
456.0310902342894	1.0	NonTarget	1	116744
456.156090190497	1.0	NonTarget	1	116776
456.2810901467046	1.0	NonTarget	1	116808
456.4060901029122	1.0	NonTarget	1	116840
456.5310900591198	1.0	NonTarget	1	116872
456.6560900153273	1.0	NonTarget	1	116904
456.7810899715349	1.0	NonTarget	1	116936
456.90608992774247	1.0	NonTarget	1	116968
457.0310898839501	1.0	NonTarget	1	117000
457.1560898401576	1.0	NonTarget	1	117032
457.2810897963652	1.0	NonTarget	1	117064
457.40608975257277	1.0	NonTarget	1	117096
457.53108970878037	1.0	NonTarget	1	117128
457.6560896649879	1.0	NonTarget	1	117160
457.7810896211955	1.0	NonTarget	1	117192
457.90608957740307	1.0	NonTarget	1	117224
458.03108953361067	1.0	NonTarget	1	117256
458.1560894898182	1.0	NonTarget	1	117288
458.2810894460258	1.0	NonTarget	1	117320
458.4060894022334	1.0	NonTarget	1	117352
458.53108935844097	1.0	NonTarget	1	117384
458.65608931464857	1.0	NonTarget	1	117416
458.7810892708561	1.0	NonTarget	1	117448
458.9060892270637	1.0	NonTarget	1	117480
459.03108918327126	1.0	NonTarget	1	117512
459.15608913947887	1.0	NonTarget	1	117544
459.2810890956864	1.0	NonTarget	1	117576
459.406089051894	1.0	NonTarget	1	117608
459.53108900810156	1.0	NonTarget	1	117640
459.65608896430916	1.0	NonTarget	1	117672
459.7810889205167	1.0	NonTarget	1	117704
459.9060888767243	1.0	NonTarget	1	117736
460.03108883293186	1.0	NonTarget	1	117768
460.15608878913946	1.0	NonTarget	1	117800
460.28108874534706	1.0	NonTarget	1	117832
460.4060887015546	1.0	NonTarget	1	117864
466.53108655572584	1.0	NonTarget	1	119432
466.65608651193344	1.0	NonTarget	1	119464
466.781086468141	1.0	NonTarget	1	119496
466.9060864243486	1.0	NonTarget	1	119528
467.03108638055613	1.0	NonTarget	1	119560
467.15608633676374	1.0	NonTarget	1	119592
467.2810862929713	1.0	NonTarget	1	119624
467.4060862491789	1.0	NonTarget	1	119656
467.53108620538643	1.0	NonTarget	1	119688
467.65608616159403	1.0	NonTarget	1	119720
467.7810861178016	1.0	NonTarget	1	119752
467.9060860740092	1.0	NonTarget	1	119784
468.0310860302167	1.0	NonTarget	1	119816
468.15608598642433	1.0	NonTarget	1	119848
468.28108594263193	1.0	NonTarget	1	119880
468.4060858988395	1.0	NonTarget	1	119912
468.5310858550471	1.0	NonTarget	1	119944
468.6560858112546	1.0	NonTarget	1	119976
468.78108576746223	1.0	NonTarget	1	120008
468.9060857236698	1.0	NonTarget	1	120040
469.0310856798774	1.0	NonTarget	1	120072
469.1560856360849	1.0	NonTarget	1	120104
469.2810855922925	1.0	NonTarget	1	120136
469.4060855485001	1.0	NonTarget	1	120168
469.5310855047077	1.0	NonTarget	1	120200
469.6560854609152	1.0	NonTarget	1	120232
469.7810854171228	1.0	NonTarget	1	120264
469.90608537333037	1.0	NonTarget	1	120296
470.031085329538	1.0	NonTarget	1	120328
470.1560852857455	1.0	NonTarget	1	120360
470.2810852419531	1.0	NonTarget	1	120392
470.4060851981607	1.0	NonTarget	1	120424
470.53108515436827	1.0	NonTarget	1	120456
470.6560851105759	1.0	NonTarget	1	120488
470.7810850667834	1.0	NonTarget	1	120520
470.906085022991	1.0	NonTarget	1	120552
471.03108497919857	1.0	NonTarget	1	120584
471.15608493540617	1.0	NonTarget	1	120616
471.2810848916137	1.0	NonTarget	1	120648
471.4060848478213	1.0	NonTarget	1	120680
471.53108480402886	1.0	NonTarget	1	120712
471.65608476023647	1.0	NonTarget	1	120744
471.781084716444	1.0	NonTarget	1	120776
471.9060846726516	1.0	NonTarget	1	120808
472.03108462885916	1.0	NonTarget	1	120840
472.15608458506676	1.0	NonTarget	1	120872
472.28108454127437	1.0	NonTarget	1	120904
472.4060844974819	1.0	NonTarget	1	120936
472.5310844536895	1.0	NonTarget	1	120968
472.65608440989706	1.0	NonTarget	1	121000
472.78108436610466	1.0	NonTarget	1	121032
472.9060843223122	1.0	NonTarget	1	121064
473.0310842785198	1.0	NonTarget	1	121096
473.15608423472736	1.0	NonTarget	1	121128
473.28108419093496	1.0	NonTarget	1	121160
473.4060841471425	1.0	NonTarget	1	121192
473.5310841033501	1.0	NonTarget	1	121224
473.65608405955766	1.0	NonTarget	1	121256
473.78108401576526	1.0	NonTarget	1	121288
473.9060839719728	1.0	NonTarget	1	121320
474.0310839281804	1.0	NonTarget	1	121352
474.15608388438795	1.0	NonTarget	1	121384
474.28108384059556	1.0	NonTarget	1	121416
474.40608379680316	1.0	NonTarget	1	121448
474.5310837530107	1.0	NonTarget	1	121480
474.6560837092183	1.0	NonTarget	1	121512
474.78108366542585	1.0	NonTarget	1	121544
474.90608362163346	1.0	NonTarget	1	121576
475.031083577841	1.0	NonTarget	1	121608
475.1560835340486	1.0	NonTarget	1	121640
475.28108349025615	1.0	NonTarget	1	121672
475.40608344646375	1.0	NonTarget	1	121704
475.5310834026713	1.0	NonTarget	1	121736
475.6560833588789	1.0	NonTarget	1	121768
475.78108331508645	1.0	NonTarget	1	121800
475.90608327129405	1.0	NonTarget	1	121832
476.0310832275016	1.0	NonTarget	1	121864
476.1560831837092	1.0	NonTarget	1	121896
476.2810831399168	1.0	NonTarget	1	121928
476.40608309612435	1.0	NonTarget	1	121960
476.53108305233195	1.0	NonTarget	1	121992
476.6560830085395	1.0	NonTarget	1	122024
476.7810829647471	1.0	NonTarget	1	122056
476.90608292095465	1.0	NonTarget	1	122088
477.03108287716225	1.0	NonTarget	1	122120
477.1560828333698	1.0	NonTarget	1	122152
477.2810827895774	1.0	NonTarget	1	122184
477.40608274578494	1.0	NonTarget	1	122216
477.53108270199255	1.0	NonTarget	1	122248
477.6560826582001	1.0	NonTarget	1	122280
477.7810826144077	1.0	NonTarget	1	122312
477.90608257061524	1.0	NonTarget	1	122344
478.03108252682284	1.0	NonTarget	1	122376
478.1560824830304	1.0	NonTarget	1	122408
478.281082439238	1.0	NonTarget	1	122440
478.4060823954456	1.0	NonTarget	1	122472
478.53108235165314	1.0	NonTarget	1	122504
478.65608230786074	1.0	NonTarget	1	122536
478.7810822640683	1.0	NonTarget	1	122568
478.9060822202759	1.0	NonTarget	1	122600
479.03108217648344	1.0	NonTarget	1	122632
479.15608213269104	1.0	NonTarget	1	122664
479.2810820888986	1.0	NonTarget	1	122696
479.4060820451062	1.0	NonTarget	1	122728
479.53108200131373	1.0	NonTarget	1	122760
479.65608195752134	1.0	NonTarget	1	122792
479.7810819137289	1.0	NonTarget	1	122824
479.9060818699365	1.0	NonTarget	1	122856
480.03108182614403	1.0	NonTarget	1	122888
480.15608178235163	1.0	NonTarget	1	122920
480.2810817385592	1.0	NonTarget	1	122952
480.4060816947668	1.0	NonTarget	1	122984
480.5310816509744	1.0	NonTarget	1	123016
480.65608160718193	1.0	NonTarget	1	123048
480.78108156338953	1.0	NonTarget	1	123080
480.9060815195971	1.0	NonTarget	1	123112
481.0310814758047	1.0	NonTarget	1	123144
481.15608143201223	1.0	NonTarget	1	123176
481.28108138821983	1.0	NonTarget	1	123208
481.4060813444274	1.0	NonTarget	1	123240
487.5310791985986	1.0	NonTarget	1	124808
487.6560791548062	1.0	NonTarget	1	124840
487.78107911101375	1.0	NonTarget	1	124872
487.90607906722136	1.0	NonTarget	1	124904
488.0310790234289	1.0	NonTarget	1	124936
488.1560789796365	1.0	NonTarget	1	124968
488.28107893584405	1.0	NonTarget	1	125000
488.40607889205165	1.0	NonTarget	1	125032
488.53107884825926	1.0	NonTarget	1	125064
488.6560788044668	1.0	NonTarget	1	125096
488.7810787606744	1.0	NonTarget	1	125128
488.90607871688195	1.0	NonTarget	1	125160
489.03107867308955	1.0	NonTarget	1	125192
489.1560786292971	1.0	NonTarget	1	125224
489.2810785855047	1.0	NonTarget	1	125256
489.40607854171225	1.0	NonTarget	1	125288
489.53107849791985	1.0	NonTarget	1	125320
489.6560784541274	1.0	NonTarget	1	125352
489.781078410335	1.0	NonTarget	1	125384
489.90607836654254	1.0	NonTarget	1	125416
490.03107832275015	1.0	NonTarget	1	125448
490.1560782789577	1.0	NonTarget	1	125480
490.2810782351653	1.0	NonTarget	1	125512
490.4060781913729	1.0	NonTarget	1	125544
490.53107814758044	1.0	NonTarget	1	125576
490.65607810378805	1.0	NonTarget	1	125608
490.7810780599956	1.0	NonTarget	1	125640
490.9060780162032	1.0	NonTarget	1	125672
491.03107797241074	1.0	NonTarget	1	125704
491.15607792861834	1.0	NonTarget	1	125736
491.2810778848259	1.0	NonTarget	1	125768
491.4060778410335	1.0	NonTarget	1	125800
491.53107779724104	1.0	NonTarget	1	125832
491.65607775344864	1.0	NonTarget	1	125864
491.7810777096562	1.0	NonTarget	1	125896
491.9060776658638	1.0	NonTarget	1	125928
492.03107762207134	1.0	NonTarget	1	125960
492.15607757827894	1.0	NonTarget	1	125992
492.2810775344865	1.0	NonTarget	1	126024
492.4060774906941	1.0	NonTarget	1	126056
492.5310774469017	1.0	NonTarget	1	126088
492.65607740310924	1.0	NonTarget	1	126120
492.78107735931684	1.0	NonTarget	1	126152
492.9060773155244	1.0	NonTarget	1	126184
493.031077271732	1.0	NonTarget	1	126216
493.15607722793953	1.0	NonTarget	1	126248
493.28107718414714	1.0	NonTarget	1	126280
493.4060771403547	1.0	NonTarget	1	126312
493.5310770965623	1.0	NonTarget	1	126344
493.65607705276983	1.0	NonTarget	1	126376
493.78107700897743	1.0	NonTarget	1	126408
493.906076965185	1.0	NonTarget	1	126440
494.0310769213926	1.0	NonTarget	1	126472
494.1560768776001	1.0	NonTarget	1	126504
494.28107683380773	1.0	NonTarget	1	126536
494.40607679001533	1.0	NonTarget	1	126568
494.5310767462229	1.0	NonTarget	1	126600
494.6560767024305	1.0	NonTarget	1	126632
494.781076658638	1.0	NonTarget	1	126664
494.90607661484563	1.0	NonTarget	1	126696
495.0310765710532	1.0	NonTarget	1	126728
495.1560765272608	1.0	NonTarget	1	126760
495.2810764834683	1.0	NonTarget	1	126792
495.4060764396759	1.0	NonTarget	1	126824
495.5310763958835	1.0	NonTarget	1	126856
495.6560763520911	1.0	NonTarget	1	126888
495.7810763082986	1.0	NonTarget	1	126920
495.9060762645062	1.0	NonTarget	1	126952
496.03107622071377	1.0	NonTarget	1	126984
496.1560761769214	1.0	NonTarget	1	127016
496.2810761331289	1.0	NonTarget	1	127048
496.4060760893365	1.0	NonTarget	1	127080
496.5310760455441	1.0	NonTarget	1	127112
496.65607600175167	1.0	NonTarget	1	127144
496.7810759579593	1.0	NonTarget	1	127176
496.9060759141668	1.0	NonTarget	1	127208
497.0310758703744	1.0	NonTarget	1	127240
497.15607582658197	1.0	NonTarget	1	127272
497.28107578278957	1.0	NonTarget	1	127304
497.4060757389971	1.0	NonTarget	1	127336
497.5310756952047	1.0	NonTarget	1	127368
497.65607565141227	1.0	NonTarget	1	127400
497.78107560761987	1.0	NonTarget	1	127432
497.9060755638274	1.0	NonTarget	1	127464
498.031075520035	1.0	NonTarget	1	127496
498.15607547624256	1.0	NonTarget	1	127528
498.28107543245017	1.0	NonTarget	1	127560
498.40607538865777	1.0	NonTarget	1	127592
498.5310753448653	1.0	NonTarget	1	127624
498.6560753010729	1.0	NonTarget	1	127656
498.78107525728046	1.0	NonTarget	1	127688
498.90607521348807	1.0	NonTarget	1	127720
499.0310751696956	1.0	NonTarget	1	127752
499.1560751259032	1.0	NonTarget	1	127784
499.28107508211076	1.0	NonTarget	1	127816
499.40607503831836	1.0	NonTarget	1	127848
499.5310749945259	1.0	NonTarget	1	127880
499.6560749507335	1.0	NonTarget	1	127912
499.78107490694106	1.0	NonTarget	1	127944
499.90607486314866	1.0	NonTarget	1	127976
500.0310748193562	1.0	NonTarget	1	128008
500.1560747755638	1.0	NonTarget	1	128040
500.28107473177135	1.0	NonTarget	1	128072
500.40607468797896	1.0	NonTarget	1	128104
500.53107464418656	1.0	NonTarget	1	128136
500.6560746003941	1.0	NonTarget	1	128168
500.7810745566017	1.0	NonTarget	1	128200
500.90607451280925	1.0	NonTarget	1	128232
501.03107446901686	1.0	NonTarget	1	128264
501.1560744252244	1.0	NonTarget	1	128296
501.281074381432	1.0	NonTarget	1	128328
501.40607433763955	1.0	NonTarget	1	128360
501.53107429384715	1.0	NonTarget	1	128392
501.6560742500547	1.0	NonTarget	1	128424
501.7810742062623	1.0	NonTarget	1	128456
501.90607416246985	1.0	NonTarget	1	128488
502.03107411867745	1.0	NonTarget	1	128520
502.156074074885	1.0	NonTarget	1	128552
502.2810740310926	1.0	NonTarget	1	128584
502.4060739873002	1.0	NonTarget	1	128616
508.53107184147143	1.0	NonTarget	1	130184
508.656071797679	1.0	NonTarget	1	130216
508.7810717538866	1.0	NonTarget	1	130248
508.9060717100941	1.0	NonTarget	1	130280
509.0310716663017	1.0	NonTarget	1	130312
509.1560716225093	1.0	NonTarget	1	130344
509.2810715787169	1.0	NonTarget	1	130376
509.4060715349244	1.0	NonTarget	1	130408
509.531071491132	1.0	NonTarget	1	130440
509.65607144733957	1.0	NonTarget	1	130472
509.7810714035472	1.0	NonTarget	1	130504
509.9060713597547	1.0	NonTarget	1	130536
510.0310713159623	1.0	NonTarget	1	130568
510.15607127216987	1.0	NonTarget	1	130600
510.28107122837747	1.0	NonTarget	1	130632
510.4060711845851	1.0	NonTarget	1	130664
510.5310711407926	1.0	NonTarget	1	130696
510.6560710970002	1.0	NonTarget	1	130728
510.78107105320777	1.0	NonTarget	1	130760
510.90607100941537	1.0	NonTarget	1	130792
511.0310709656229	1.0	NonTarget	1	130824
511.1560709218305	1.0	NonTarget	1	130856
511.28107087803807	1.0	NonTarget	1	130888
511.40607083424567	1.0	NonTarget	1	130920
511.5310707904532	1.0	NonTarget	1	130952
511.6560707466608	1.0	NonTarget	1	130984
511.78107070286836	1.0	NonTarget	1	131016
511.90607065907597	1.0	NonTarget	1	131048
512.0310706152835	1.0	NonTarget	1	131080
512.1560705714911	1.0	NonTarget	1	131112
512.2810705276987	1.0	NonTarget	1	131144
512.4060704839062	1.0	NonTarget	1	131176
512.5310704401138	1.0	NonTarget	1	131208
512.6560703963214	1.0	NonTarget	1	131240
512.781070352529	1.0	NonTarget	1	131272
512.9060703087366	1.0	NonTarget	1	131304
513.0310702649441	1.0	NonTarget	1	131336
513.1560702211517	1.0	NonTarget	1	131368
513.2810701773593	1.0	NonTarget	1	131400
513.4060701335669	1.0	NonTarget	1	131432
513.5310700897744	1.0	NonTarget	1	131464
513.656070045982	1.0	NonTarget	1	131496
513.7810700021896	1.0	NonTarget	1	131528
513.9060699583972	1.0	NonTarget	1	131560
514.0310699146047	1.0	NonTarget	1	131592
514.1560698708123	1.0	NonTarget	1	131624
514.2810698270199	1.0	NonTarget	1	131656
514.4060697832275	1.0	NonTarget	1	131688
514.5310697394351	1.0	NonTarget	1	131720
514.6560696956426	1.0	NonTarget	1	131752
514.7810696518502	1.0	NonTarget	1	131784
514.9060696080578	1.0	NonTarget	1	131816
515.0310695642654	1.0	NonTarget	1	131848
515.1560695204729	1.0	NonTarget	1	131880
515.2810694766805	1.0	NonTarget	1	131912
515.4060694328881	1.0	NonTarget	1	131944
515.5310693890957	1.0	NonTarget	1	131976
515.6560693453032	1.0	NonTarget	1	132008
515.7810693015108	1.0	NonTarget	1	132040
515.9060692577184	1.0	NonTarget	1	132072
516.031069213926	1.0	NonTarget	1	132104
516.1560691701335	1.0	NonTarget	1	132136
516.2810691263411	1.0	NonTarget	1	132168
516.4060690825487	1.0	NonTarget	1	132200
516.5310690387563	1.0	NonTarget	1	132232
516.6560689949639	1.0	NonTarget	1	132264
516.7810689511714	1.0	NonTarget	1	132296
516.906068907379	1.0	NonTarget	1	132328
517.0310688635866	1.0	NonTarget	1	132360
517.1560688197942	1.0	NonTarget	1	132392
517.2810687760017	1.0	NonTarget	1	132424
517.4060687322093	1.0	NonTarget	1	132456
517.5310686884169	1.0	NonTarget	1	132488
517.6560686446245	1.0	NonTarget	1	132520
517.781068600832	1.0	NonTarget	1	132552
517.9060685570396	1.0	NonTarget	1	132584
518.0310685132472	1.0	NonTarget	1	132616
518.1560684694548	1.0	NonTarget	1	132648
518.2810684256623	1.0	NonTarget	1	132680
518.4060683818699	1.0	NonTarget	1	132712
518.5310683380775	1.0	NonTarget	1	132744
518.6560682942851	1.0	NonTarget	1	132776
518.7810682504927	1.0	NonTarget	1	132808
518.9060682067002	1.0	NonTarget	1	132840
519.0310681629078	1.0	NonTarget	1	132872
519.1560681191154	1.0	NonTarget	1	132904
519.281068075323	1.0	NonTarget	1	132936
519.4060680315305	1.0	NonTarget	1	132968
519.5310679877381	1.0	NonTarget	1	133000
519.6560679439457	1.0	NonTarget	1	133032
519.7810679001533	1.0	NonTarget	1	133064
519.9060678563608	1.0	NonTarget	1	133096
520.0310678125684	1.0	NonTarget	1	133128
520.156067768776	1.0	NonTarget	1	133160
520.2810677249836	1.0	NonTarget	1	133192
520.4060676811911	1.0	NonTarget	1	133224
520.5310676373987	1.0	NonTarget	1	133256
520.6560675936063	1.0	NonTarget	1	133288
520.7810675498139	1.0	NonTarget	1	133320
520.9060675060215	1.0	NonTarget	1	133352
521.031067462229	1.0	NonTarget	1	133384
521.1560674184366	1.0	NonTarget	1	133416
521.2810673746442	1.0	NonTarget	1	133448
521.4060673308518	1.0	NonTarget	1	133480
521.5310672870593	1.0	NonTarget	1	133512
521.6560672432669	1.0	NonTarget	1	133544
521.7810671994745	1.0	NonTarget	1	133576
521.9060671556821	1.0	NonTarget	1	133608
522.0310671118896	1.0	NonTarget	1	133640
522.1560670680972	1.0	NonTarget	1	133672
522.2810670243048	1.0	NonTarget	1	133704
522.4060669805124	1.0	NonTarget	1	133736
522.53106693672	1.0	NonTarget	1	133768
522.6560668929275	1.0	NonTarget	1	133800
522.7810668491351	1.0	NonTarget	1	133832
522.9060668053427	1.0	NonTarget	1	133864
523.0310667615503	1.0	NonTarget	1	133896
523.1560667177578	1.0	NonTarget	1	133928
523.2810666739654	1.0	NonTarget	1	133960
523.406066630173	1.0	NonTarget	1	133992
529.5310644843441	1.0	NonTarget	1	135560
529.6560644405517	1.0	NonTarget	1	135592
529.7810643967593	1.0	NonTarget	1	135624
529.906064352967	1.0	NonTarget	1	135656
530.0310643091744	1.0	NonTarget	1	135688
530.156064265382	1.0	NonTarget	1	135720
530.2810642215896	1.0	NonTarget	1	135752
530.4060641777972	1.0	NonTarget	1	135784
530.5310641340049	1.0	NonTarget	1	135816
530.6560640902123	1.0	NonTarget	1	135848
530.7810640464199	1.0	NonTarget	1	135880
530.9060640026275	1.0	NonTarget	1	135912
531.0310639588351	1.0	NonTarget	1	135944
531.1560639150426	1.0	NonTarget	1	135976
531.2810638712502	1.0	NonTarget	1	136008
531.4060638274578	1.0	NonTarget	1	136040
531.5310637836654	1.0	NonTarget	1	136072
531.6560637398729	1.0	NonTarget	1	136104
531.7810636960805	1.0	NonTarget	1	136136
531.9060636522881	1.0	NonTarget	1	136168
532.0310636084957	1.0	NonTarget	1	136200
532.1560635647032	1.0	NonTarget	1	136232
532.2810635209108	1.0	NonTarget	1	136264
532.4060634771184	1.0	NonTarget	1	136296
532.531063433326	1.0	NonTarget	1	136328
532.6560633895336	1.0	NonTarget	1	136360
532.7810633457411	1.0	NonTarget	1	136392
532.9060633019487	1.0	NonTarget	1	136424
533.0310632581563	1.0	NonTarget	1	136456
533.1560632143639	1.0	NonTarget	1	136488
533.2810631705714	1.0	NonTarget	1	136520
533.406063126779	1.0	NonTarget	1	136552
533.5310630829866	1.0	NonTarget	1	136584
533.6560630391942	1.0	NonTarget	1	136616
533.7810629954017	1.0	NonTarget	1	136648
533.9060629516093	1.0	NonTarget	1	136680
534.0310629078169	1.0	NonTarget	1	136712
534.1560628640245	1.0	NonTarget	1	136744
534.281062820232	1.0	NonTarget	1	136776
534.4060627764396	1.0	NonTarget	1	136808
534.5310627326472	1.0	NonTarget	1	136840
534.6560626888548	1.0	NonTarget	1	136872
534.7810626450624	1.0	NonTarget	1	136904
534.9060626012699	1.0	NonTarget	1	136936
535.0310625574775	1.0	NonTarget	1	136968
535.1560625136851	1.0	NonTarget	1	137000
535.2810624698927	1.0	NonTarget	1	137032
535.4060624261002	1.0	NonTarget	1	137064
535.5310623823078	1.0	NonTarget	1	137096
535.6560623385154	1.0	NonTarget	1	137128
535.781062294723	1.0	NonTarget	1	137160
535.9060622509305	1.0	NonTarget	1	137192
536.0310622071381	1.0	NonTarget	1	137224
536.1560621633457	1.0	NonTarget	1	137256
536.2810621195533	1.0	NonTarget	1	137288
536.4060620757608	1.0	NonTarget	1	137320
536.5310620319684	1.0	NonTarget	1	137352
536.656061988176	1.0	NonTarget	1	137384
536.7810619443836	1.0	NonTarget	1	137416
536.9060619005912	1.0	NonTarget	1	137448
537.0310618567987	1.0	NonTarget	1	137480
537.1560618130063	1.0	NonTarget	1	137512
537.2810617692139	1.0	NonTarget	1	137544
537.4060617254215	1.0	NonTarget	1	137576
537.531061681629	1.0	NonTarget	1	137608
537.6560616378366	1.0	NonTarget	1	137640
537.7810615940442	1.0	NonTarget	1	137672
537.9060615502518	1.0	NonTarget	1	137704
538.0310615064593	1.0	NonTarget	1	137736
538.1560614626669	1.0	NonTarget	1	137768
538.2810614188745	1.0	NonTarget	1	137800
538.4060613750821	1.0	NonTarget	1	137832
538.5310613312897	1.0	NonTarget	1	137864
538.6560612874972	1.0	NonTarget	1	137896
538.7810612437048	1.0	NonTarget	1	137928
538.9060611999124	1.0	NonTarget	1	137960
539.03106115612	1.0	NonTarget	1	137992
539.1560611123275	1.0	NonTarget	1	138024
539.2810610685351	1.0	NonTarget	1	138056
539.4060610247427	1.0	NonTarget	1	138088
539.5310609809503	1.0	NonTarget	1	138120
539.6560609371578	1.0	NonTarget	1	138152
539.7810608933654	1.0	NonTarget	1	138184
539.906060849573	1.0	NonTarget	1	138216
540.0310608057806	1.0	NonTarget	1	138248
540.1560607619881	1.0	NonTarget	1	138280
540.2810607181957	1.0	NonTarget	1	138312
540.4060606744033	1.0	NonTarget	1	138344
540.5310606306109	1.0	NonTarget	1	138376
540.6560605868185	1.0	NonTarget	1	138408
540.781060543026	1.0	NonTarget	1	138440
540.9060604992336	1.0	NonTarget	1	138472
541.0310604554412	1.0	NonTarget	1	138504
541.1560604116488	1.0	NonTarget	1	138536
541.2810603678563	1.0	NonTarget	1	138568
541.4060603240639	1.0	NonTarget	1	138600
541.5310602802715	1.0	NonTarget	1	138632
541.6560602364791	1.0	NonTarget	1	138664
541.7810601926866	1.0	NonTarget	1	138696
541.9060601488942	1.0	NonTarget	1	138728
542.0310601051018	1.0	NonTarget	1	138760
542.1560600613094	1.0	NonTarget	1	138792
542.2810600175169	1.0	NonTarget	1	138824
542.4060599737245	1.0	NonTarget	1	138856
542.5310599299321	1.0	NonTarget	1	138888
542.6560598861397	1.0	NonTarget	1	138920
542.7810598423473	1.0	NonTarget	1	138952
542.9060597985548	1.0	NonTarget	1	138984
543.0310597547624	1.0	NonTarget	1	139016
543.15605971097	1.0	NonTarget	1	139048
543.2810596671776	1.0	NonTarget	1	139080
543.4060596233851	1.0	NonTarget	1	139112
543.5310595795927	1.0	NonTarget	1	139144
543.6560595358003	1.0	NonTarget	1	139176
543.7810594920079	1.0	NonTarget	1	139208
543.9060594482154	1.0	NonTarget	1	139240
544.031059404423	1.0	NonTarget	1	139272
544.1560593606306	1.0	NonTarget	1	139304
544.2810593168382	1.0	NonTarget	1	139336
544.4060592730457	1.0	NonTarget	1	139368
550.531057127217	1.0	NonTarget	1	140936
550.6560570834246	1.0	NonTarget	1	140968
550.7810570396322	1.0	NonTarget	1	141000
550.9060569958397	1.0	NonTarget	1	141032
551.0310569520473	1.0	NonTarget	1	141064
551.1560569082549	1.0	NonTarget	1	141096
551.2810568644625	1.0	NonTarget	1	141128
551.40605682067	1.0	NonTarget	1	141160
551.5310567768776	1.0	NonTarget	1	141192
551.6560567330852	1.0	NonTarget	1	141224
551.7810566892928	1.0	NonTarget	1	141256
551.9060566455003	1.0	NonTarget	1	141288
552.0310566017079	1.0	NonTarget	1	141320
552.1560565579155	1.0	NonTarget	1	141352
552.2810565141231	1.0	NonTarget	1	141384
552.4060564703306	1.0	NonTarget	1	141416
552.5310564265382	1.0	NonTarget	1	141448
552.6560563827458	1.0	NonTarget	1	141480
552.7810563389534	1.0	NonTarget	1	141512
552.906056295161	1.0	NonTarget	1	141544
553.0310562513685	1.0	NonTarget	1	141576
553.1560562075761	1.0	NonTarget	1	141608
553.2810561637837	1.0	NonTarget	1	141640
553.4060561199913	1.0	NonTarget	1	141672
553.5310560761988	1.0	NonTarget	1	141704
553.6560560324064	1.0	NonTarget	1	141736
553.781055988614	1.0	NonTarget	1	141768
553.9060559448216	1.0	NonTarget	1	141800
554.031055901029	1.0	NonTarget	1	141832
554.1560558572367	1.0	NonTarget	1	141864
554.2810558134443	1.0	NonTarget	1	141896
554.4060557696519	1.0	NonTarget	1	141928
554.5310557258593	1.0	NonTarget	1	141960
554.656055682067	1.0	NonTarget	1	141992
554.7810556382746	1.0	NonTarget	1	142024
554.9060555944822	1.0	NonTarget	1	142056
555.0310555506898	1.0	NonTarget	1	142088
555.1560555068972	1.0	NonTarget	1	142120
555.2810554631048	1.0	NonTarget	1	142152
555.4060554193125	1.0	NonTarget	1	142184
555.53105537552	1.0	NonTarget	1	142216
555.6560553317275	1.0	NonTarget	1	142248
555.7810552879351	1.0	NonTarget	1	142280
555.9060552441427	1.0	NonTarget	1	142312
556.0310552003504	1.0	NonTarget	1	142344
556.1560551565578	1.0	NonTarget	1	142376
556.2810551127654	1.0	NonTarget	1	142408
556.406055068973	1.0	NonTarget	1	142440
556.5310550251806	1.0	NonTarget	1	142472
556.6560549813883	1.0	NonTarget	1	142504
556.7810549375957	1.0	NonTarget	1	142536
556.9060548938033	1.0	NonTarget	1	142568
557.031054850011	1.0	NonTarget	1	142600
557.1560548062185	1.0	NonTarget	1	142632
557.281054762426	1.0	NonTarget	1	142664
557.4060547186336	1.0	NonTarget	1	142696
557.5310546748412	1.0	NonTarget	1	142728
557.6560546310488	1.0	NonTarget	1	142760
557.7810545872563	1.0	NonTarget	1	142792
557.9060545434639	1.0	NonTarget	1	142824
558.0310544996715	1.0	NonTarget	1	142856
558.1560544558791	1.0	NonTarget	1	142888
558.2810544120866	1.0	NonTarget	1	142920
558.4060543682942	1.0	NonTarget	1	142952
558.5310543245018	1.0	NonTarget	1	142984
558.6560542807094	1.0	NonTarget	1	143016
558.781054236917	1.0	NonTarget	1	143048
558.9060541931245	1.0	NonTarget	1	143080
559.0310541493321	1.0	NonTarget	1	143112
559.1560541055397	1.0	NonTarget	1	143144
559.2810540617473	1.0	NonTarget	1	143176
559.4060540179548	1.0	NonTarget	1	143208
559.5310539741624	1.0	NonTarget	1	143240
559.65605393037	1.0	NonTarget	1	143272
559.7810538865776	1.0	NonTarget	1	143304
559.9060538427851	1.0	NonTarget	1	143336
560.0310537989927	1.0	NonTarget	1	143368
560.1560537552003	1.0	NonTarget	1	143400
560.2810537114079	1.0	NonTarget	1	143432
560.4060536676154	1.0	NonTarget	1	143464
560.531053623823	1.0	NonTarget	1	143496
560.6560535800306	1.0	NonTarget	1	143528
560.7810535362382	1.0	NonTarget	1	143560
560.9060534924458	1.0	NonTarget	1	143592
561.0310534486533	1.0	NonTarget	1	143624
561.1560534048609	1.0	NonTarget	1	143656
561.2810533610685	1.0	NonTarget	1	143688
561.4060533172761	1.0	NonTarget	1	143720
561.5310532734836	1.0	NonTarget	1	143752
561.6560532296912	1.0	NonTarget	1	143784
561.7810531858988	1.0	NonTarget	1	143816
561.9060531421064	1.0	NonTarget	1	143848
562.0310530983139	1.0	NonTarget	1	143880
562.1560530545215	1.0	NonTarget	1	143912
562.2810530107291	1.0	NonTarget	1	143944
562.4060529669367	1.0	NonTarget	1	143976
562.5310529231442	1.0	NonTarget	1	144008
562.6560528793518	1.0	NonTarget	1	144040
562.7810528355594	1.0	NonTarget	1	144072
562.906052791767	1.0	NonTarget	1	144104
563.0310527479746	1.0	NonTarget	1	144136
563.1560527041821	1.0	NonTarget	1	144168
563.2810526603897	1.0	NonTarget	1	144200
563.4060526165973	1.0	NonTarget	1	144232
563.5310525728049	1.0	NonTarget	1	144264
563.6560525290124	1.0	NonTarget	1	144296
563.78105248522	1.0	NonTarget	1	144328
563.9060524414276	1.0	NonTarget	1	144360
564.0310523976352	1.0	NonTarget	1	144392
564.1560523538427	1.0	NonTarget	1	144424
564.2810523100503	1.0	NonTarget	1	144456
564.4060522662579	1.0	NonTarget	1	144488
564.5310522224655	1.0	NonTarget	1	144520
564.6560521786731	1.0	NonTarget	1	144552
564.7810521348806	1.0	NonTarget	1	144584
564.9060520910882	1.0	NonTarget	1	144616
565.0310520472958	1.0	NonTarget	1	144648
565.1560520035034	1.0	NonTarget	1	144680
565.2810519597109	1.0	NonTarget	1	144712
565.4060519159185	1.0	NonTarget	1	144744
571.5310497700898	1.0	NonTarget	1	146312
571.6560497262973	1.0	NonTarget	1	146344
571.7810496825049	1.0	NonTarget	1	146376
571.9060496387125	1.0	NonTarget	1	146408
572.0310495949201	1.0	NonTarget	1	146440
572.1560495511276	1.0	NonTarget	1	146472
572.2810495073352	1.0	NonTarget	1	146504
572.4060494635428	1.0	NonTarget	1	146536
572.5310494197504	1.0	NonTarget	1	146568
572.656049375958	1.0	NonTarget	1	146600
572.7810493321655	1.0	NonTarget	1	146632
572.9060492883731	1.0	NonTarget	1	146664
573.0310492445807	1.0	NonTarget	1	146696
573.1560492007883	1.0	NonTarget	1	146728
573.2810491569958	1.0	NonTarget	1	146760
573.4060491132034	1.0	NonTarget	1	146792
573.531049069411	1.0	NonTarget	1	146824
573.6560490256186	1.0	NonTarget	1	146856
573.7810489818261	1.0	NonTarget	1	146888
573.9060489380337	1.0	NonTarget	1	146920
574.0310488942413	1.0	NonTarget	1	146952
574.1560488504489	1.0	NonTarget	1	146984
574.2810488066564	1.0	NonTarget	1	147016
574.406048762864	1.0	NonTarget	1	147048
574.5310487190716	1.0	NonTarget	1	147080
574.6560486752792	1.0	NonTarget	1	147112
574.7810486314868	1.0	NonTarget	1	147144
574.9060485876943	1.0	NonTarget	1	147176
575.0310485439019	1.0	NonTarget	1	147208
575.1560485001095	1.0	NonTarget	1	147240
575.2810484563171	1.0	NonTarget	1	147272
575.4060484125246	1.0	NonTarget	1	147304
575.5310483687322	1.0	NonTarget	1	147336
575.6560483249398	1.0	NonTarget	1	147368
575.7810482811474	1.0	NonTarget	1	147400
575.9060482373549	1.0	NonTarget	1	147432
576.0310481935625	1.0	NonTarget	1	147464
576.1560481497701	1.0	NonTarget	1	147496
576.2810481059777	1.0	NonTarget	1	147528
576.4060480621852	1.0	NonTarget	1	147560
576.5310480183928	1.0	NonTarget	1	147592
576.6560479746004	1.0	NonTarget	1	147624
576.781047930808	1.0	NonTarget	1	147656
576.9060478870156	1.0	NonTarget	1	147688
577.0310478432231	1.0	NonTarget	1	147720
577.1560477994307	1.0	NonTarget	1	147752
577.2810477556383	1.0	NonTarget	1	147784
577.4060477118459	1.0	NonTarget	1	147816
577.5310476680534	1.0	NonTarget	1	147848
577.656047624261	1.0	NonTarget	1	147880
577.7810475804686	1.0	NonTarget	1	147912
577.9060475366762	1.0	NonTarget	1	147944
578.0310474928837	1.0	NonTarget	1	147976
578.1560474490913	1.0	NonTarget	1	148008
578.2810474052989	1.0	NonTarget	1	148040
578.4060473615065	1.0	NonTarget	1	148072
578.531047317714	1.0	NonTarget	1	148104
578.6560472739216	1.0	NonTarget	1	148136
578.7810472301292	1.0	NonTarget	1	148168
578.9060471863368	1.0	NonTarget	1	148200
579.0310471425444	1.0	NonTarget	1	148232
579.1560470987519	1.0	NonTarget	1	148264
579.2810470549595	1.0	NonTarget	1	148296
579.4060470111671	1.0	NonTarget	1	148328
579.5310469673747	1.0	NonTarget	1	148360
579.6560469235822	1.0	NonTarget	1	148392
579.7810468797898	1.0	NonTarget	1	148424
579.9060468359974	1.0	NonTarget	1	148456
580.031046792205	1.0	NonTarget	1	148488
580.1560467484125	1.0	NonTarget	1	148520
580.28104670462	1.0	NonTarget	1	148552
580.4060466608277	1.0	NonTarget	1	148584
580.5310466170353	1.0	NonTarget	1	148616
580.6560465732427	1.0	NonTarget	1	148648
580.7810465294504	1.0	NonTarget	1	148680
580.906046485658	1.0	NonTarget	1	148712
581.0310464418656	1.0	NonTarget	1	148744
581.1560463980732	1.0	NonTarget	1	148776
581.2810463542806	1.0	NonTarget	1	148808
581.4060463104883	1.0	NonTarget	1	148840
581.5310462666959	1.0	NonTarget	1	148872
581.6560462229035	1.0	NonTarget	1	148904
581.781046179111	1.0	NonTarget	1	148936
581.9060461353185	1.0	NonTarget	1	148968
582.0310460915262	1.0	NonTarget	1	149000
582.1560460477338	1.0	NonTarget	1	149032
582.2810460039412	1.0	NonTarget	1	149064
582.4060459601488	1.0	NonTarget	1	149096
582.5310459163564	1.0	NonTarget	1	149128
582.656045872564	1.0	NonTarget	1	149160
582.7810458287717	1.0	NonTarget	1	149192
582.9060457849791	1.0	NonTarget	1	149224
583.0310457411867	1.0	NonTarget	1	149256
583.1560456973943	1.0	NonTarget	1	149288
583.281045653602	1.0	NonTarget	1	149320
583.4060456098094	1.0	NonTarget	1	149352
583.531045566017	1.0	NonTarget	1	149384
583.6560455222246	1.0	NonTarget	1	149416
583.7810454784322	1.0	NonTarget	1	149448
583.9060454346397	1.0	NonTarget	1	149480
584.0310453908473	1.0	NonTarget	1	149512
584.1560453470549	1.0	NonTarget	1	149544
584.2810453032625	1.0	NonTarget	1	149576
584.40604525947	1.0	NonTarget	1	149608
584.5310452156776	1.0	NonTarget	1	149640
584.6560451718852	1.0	NonTarget	1	149672
584.7810451280928	1.0	NonTarget	1	149704
584.9060450843004	1.0	NonTarget	1	149736
585.0310450405079	1.0	NonTarget	1	149768
585.1560449967155	1.0	NonTarget	1	149800
585.2810449529231	1.0	NonTarget	1	149832
585.4060449091307	1.0	NonTarget	1	149864
585.5310448653382	1.0	NonTarget	1	149896
585.6560448215458	1.0	NonTarget	1	149928
585.7810447777534	1.0	NonTarget	1	149960
585.906044733961	1.0	NonTarget	1	149992
586.0310446901685	1.0	NonTarget	1	150024
586.1560446463761	1.0	NonTarget	1	150056
586.2810446025837	1.0	NonTarget	1	150088
586.4060445587913	1.0	NonTarget	1	150120
592.5310424129625	1.0	NonTarget	1	151688
592.6560423691701	1.0	NonTarget	1	151720
592.7810423253777	1.0	NonTarget	1	151752
592.9060422815853	1.0	NonTarget	1	151784
593.0310422377928	1.0	NonTarget	1	151816
593.1560421940004	1.0	NonTarget	1	151848
593.281042150208	1.0	NonTarget	1	151880
593.4060421064156	1.0	NonTarget	1	151912
593.5310420626231	1.0	NonTarget	1	151944
593.6560420188307	1.0	NonTarget	1	151976
593.7810419750383	1.0	NonTarget	1	152008
593.9060419312459	1.0	NonTarget	1	152040
594.0310418874534	1.0	NonTarget	1	152072
594.156041843661	1.0	NonTarget	1	152104
594.2810417998686	1.0	NonTarget	1	152136
594.4060417560762	1.0	NonTarget	1	152168
594.5310417122837	1.0	NonTarget	1	152200
594.6560416684913	1.0	NonTarget	1	152232
594.7810416246989	1.0	NonTarget	1	152264
594.9060415809065	1.0	NonTarget	1	152296
595.0310415371141	1.0	NonTarget	1	152328
595.1560414933216	1.0	NonTarget	1	152360
595.2810414495292	1.0	NonTarget	1	152392
595.4060414057368	1.0	NonTarget	1	152424
595.5310413619444	1.0	NonTarget	1	152456
595.6560413181519	1.0	NonTarget	1	152488
595.7810412743595	1.0	NonTarget	1	152520
595.9060412305671	1.0	NonTarget	1	152552
596.0310411867747	1.0	NonTarget	1	152584
596.1560411429822	1.0	NonTarget	1	152616
596.2810410991898	1.0	NonTarget	1	152648
596.4060410553974	1.0	NonTarget	1	152680
596.531041011605	1.0	NonTarget	1	152712
596.6560409678125	1.0	NonTarget	1	152744
596.7810409240201	1.0	NonTarget	1	152776
596.9060408802277	1.0	NonTarget	1	152808
597.0310408364353	1.0	NonTarget	1	152840
597.1560407926429	1.0	NonTarget	1	152872
597.2810407488504	1.0	NonTarget	1	152904
597.406040705058	1.0	NonTarget	1	152936
597.5310406612656	1.0	NonTarget	1	152968
597.6560406174732	1.0	NonTarget	1	153000
597.7810405736807	1.0	NonTarget	1	153032
597.9060405298883	1.0	NonTarget	1	153064
598.0310404860959	1.0	NonTarget	1	153096
598.1560404423035	1.0	NonTarget	1	153128
598.281040398511	1.0	NonTarget	1	153160
598.4060403547186	1.0	NonTarget	1	153192
598.5310403109262	1.0	NonTarget	1	153224
598.6560402671338	1.0	NonTarget	1	153256
598.7810402233414	1.0	NonTarget	1	153288
598.9060401795489	1.0	NonTarget	1	153320
599.0310401357565	1.0	NonTarget	1	153352
599.1560400919641	1.0	NonTarget	1	153384
599.2810400481717	1.0	NonTarget	1	153416
599.4060400043792	1.0	NonTarget	1	153448
599.5310399605868	1.0	NonTarget	1	153480
599.6560399167944	1.0	NonTarget	1	153512
599.781039873002	1.0	NonTarget	1	153544
599.9060398292095	1.0	NonTarget	1	153576
600.0310397854171	1.0	NonTarget	1	153608
600.1560397416247	1.0	NonTarget	1	153640
600.2810396978323	1.0	NonTarget	1	153672
600.4060396540398	1.0	NonTarget	1	153704
600.5310396102474	1.0	NonTarget	1	153736
600.656039566455	1.0	NonTarget	1	153768
600.7810395226626	1.0	NonTarget	1	153800
600.9060394788702	1.0	NonTarget	1	153832
601.0310394350777	1.0	NonTarget	1	153864
601.1560393912853	1.0	NonTarget	1	153896
601.2810393474929	1.0	NonTarget	1	153928
601.4060393037005	1.0	NonTarget	1	153960
601.531039259908	1.0	NonTarget	1	153992
601.6560392161156	1.0	NonTarget	1	154024
601.7810391723232	1.0	NonTarget	1	154056
601.9060391285308	1.0	NonTarget	1	154088
602.0310390847383	1.0	NonTarget	1	154120
602.1560390409459	1.0	NonTarget	1	154152
602.2810389971535	1.0	NonTarget	1	154184
602.4060389533611	1.0	NonTarget	1	154216
602.5310389095686	1.0	NonTarget	1	154248
602.6560388657762	1.0	NonTarget	1	154280
602.7810388219838	1.0	NonTarget	1	154312
602.9060387781914	1.0	NonTarget	1	154344
603.031038734399	1.0	NonTarget	1	154376
603.1560386906065	1.0	NonTarget	1	154408
603.2810386468141	1.0	NonTarget	1	154440
603.4060386030217	1.0	NonTarget	1	154472
603.5310385592293	1.0	NonTarget	1	154504
603.6560385154368	1.0	NonTarget	1	154536
603.7810384716444	1.0	NonTarget	1	154568
603.906038427852	1.0	NonTarget	1	154600
604.0310383840596	1.0	NonTarget	1	154632
604.1560383402671	1.0	NonTarget	1	154664
604.2810382964747	1.0	NonTarget	1	154696
604.4060382526823	1.0	NonTarget	1	154728
604.5310382088899	1.0	NonTarget	1	154760
604.6560381650974	1.0	NonTarget	1	154792
604.781038121305	1.0	NonTarget	1	154824
604.9060380775126	1.0	NonTarget	1	154856
605.0310380337202	1.0	NonTarget	1	154888
605.1560379899278	1.0	NonTarget	1	154920
605.2810379461353	1.0	NonTarget	1	154952
605.4060379023429	1.0	NonTarget	1	154984
605.5310378585505	1.0	NonTarget	1	155016
605.6560378147581	1.0	NonTarget	1	155048
605.7810377709656	1.0	NonTarget	1	155080
605.9060377271732	1.0	NonTarget	1	155112
606.0310376833808	1.0	NonTarget	1	155144
606.1560376395884	1.0	NonTarget	1	155176
606.2810375957959	1.0	NonTarget	1	155208
606.4060375520035	1.0	NonTarget	1	155240
606.531037508211	1.0	NonTarget	1	155272
606.6560374644187	1.0	NonTarget	1	155304
606.7810374206263	1.0	NonTarget	1	155336
606.9060373768338	1.0	NonTarget	1	155368
607.0310373330414	1.0	NonTarget	1	155400
607.156037289249	1.0	NonTarget	1	155432
607.2810372454566	1.0	NonTarget	1	155464
607.406037201664	1.0	NonTarget	1	155496
613.5310350558353	1.0	NonTarget	1	157064
613.6560350120429	1.0	NonTarget	1	157096
613.7810349682504	1.0	NonTarget	1	157128
613.906034924458	1.0	NonTarget	1	157160
614.0310348806656	1.0	NonTarget	1	157192
614.1560348368732	1.0	NonTarget	1	157224
614.2810347930807	1.0	NonTarget	1	157256
614.4060347492883	1.0	NonTarget	1	157288
614.5310347054959	1.0	NonTarget	1	157320
614.6560346617035	1.0	NonTarget	1	157352
614.781034617911	1.0	NonTarget	1	157384
614.9060345741186	1.0	NonTarget	1	157416
615.0310345303262	1.0	NonTarget	1	157448
615.1560344865338	1.0	NonTarget	1	157480
615.2810344427414	1.0	NonTarget	1	157512
615.4060343989489	1.0	NonTarget	1	157544
615.5310343551565	1.0	NonTarget	1	157576
615.6560343113641	1.0	NonTarget	1	157608
615.7810342675717	1.0	NonTarget	1	157640
615.9060342237792	1.0	NonTarget	1	157672
616.0310341799868	1.0	NonTarget	1	157704
616.1560341361944	1.0	NonTarget	1	157736
616.281034092402	1.0	NonTarget	1	157768
616.4060340486095	1.0	NonTarget	1	157800
616.5310340048171	1.0	NonTarget	1	157832
616.6560339610247	1.0	NonTarget	1	157864
616.7810339172323	1.0	NonTarget	1	157896
616.9060338734399	1.0	NonTarget	1	157928
617.0310338296474	1.0	NonTarget	1	157960
617.156033785855	1.0	NonTarget	1	157992
617.2810337420626	1.0	NonTarget	1	158024
617.4060336982702	1.0	NonTarget	1	158056
617.5310336544777	1.0	NonTarget	1	158088
617.6560336106853	1.0	NonTarget	1	158120
617.7810335668929	1.0	NonTarget	1	158152
617.9060335231005	1.0	NonTarget	1	158184
618.031033479308	1.0	NonTarget	1	158216
618.1560334355156	1.0	NonTarget	1	158248
618.2810333917232	1.0	NonTarget	1	158280
618.4060333479308	1.0	NonTarget	1	158312
618.5310333041383	1.0	NonTarget	1	158344
618.6560332603459	1.0	NonTarget	1	158376
618.7810332165535	1.0	NonTarget	1	158408
618.9060331727611	1.0	NonTarget	1	158440
619.0310331289687	1.0	NonTarget	1	158472
619.1560330851762	1.0	NonTarget	1	158504
619.2810330413838	1.0	NonTarget	1	158536
619.4060329975914	1.0	NonTarget	1	158568
619.531032953799	1.0	NonTarget	1	158600
619.6560329100065	1.0	NonTarget	1	158632
619.7810328662141	1.0	NonTarget	1	158664
619.9060328224217	1.0	NonTarget	1	158696
620.0310327786293	1.0	NonTarget	1	158728
620.1560327348368	1.0	NonTarget	1	158760
620.2810326910444	1.0	NonTarget	1	158792
620.406032647252	1.0	NonTarget	1	158824
620.5310326034596	1.0	NonTarget	1	158856
620.6560325596671	1.0	NonTarget	1	158888
620.7810325158747	1.0	NonTarget	1	158920
620.9060324720823	1.0	NonTarget	1	158952
621.0310324282899	1.0	NonTarget	1	158984
621.1560323844975	1.0	NonTarget	1	159016
621.281032340705	1.0	NonTarget	1	159048
621.4060322969126	1.0	NonTarget	1	159080
621.5310322531202	1.0	NonTarget	1	159112
621.6560322093278	1.0	NonTarget	1	159144
621.7810321655353	1.0	NonTarget	1	159176
621.9060321217429	1.0	NonTarget	1	159208
622.0310320779505	1.0	NonTarget	1	159240
622.1560320341581	1.0	NonTarget	1	159272
622.2810319903656	1.0	NonTarget	1	159304
622.4060319465732	1.0	NonTarget	1	159336
622.5310319027808	1.0	NonTarget	1	159368
622.6560318589884	1.0	NonTarget	1	159400
622.7810318151959	1.0	NonTarget	1	159432
622.9060317714035	1.0	NonTarget	1	159464
623.0310317276111	1.0	NonTarget	1	159496
623.1560316838187	1.0	NonTarget	1	159528
623.2810316400263	1.0	NonTarget	1	159560
623.4060315962338	1.0	NonTarget	1	159592
623.5310315524414	1.0	NonTarget	1	159624
623.656031508649	1.0	NonTarget	1	159656
623.7810314648566	1.0	NonTarget	1	159688
623.9060314210641	1.0	NonTarget	1	159720
624.0310313772717	1.0	NonTarget	1	159752
624.1560313334793	1.0	NonTarget	1	159784
624.2810312896869	1.0	NonTarget	1	159816
624.4060312458944	1.0	NonTarget	1	159848
624.531031202102	1.0	NonTarget	1	159880
624.6560311583096	1.0	NonTarget	1	159912
624.7810311145172	1.0	NonTarget	1	159944
624.9060310707248	1.0	NonTarget	1	159976
625.0310310269323	1.0	NonTarget	1	160008
625.1560309831399	1.0	NonTarget	1	160040
625.2810309393475	1.0	NonTarget	1	160072
625.4060308955551	1.0	NonTarget	1	160104
625.5310308517626	1.0	NonTarget	1	160136
625.6560308079702	1.0	NonTarget	1	160168
625.7810307641778	1.0	NonTarget	1	160200
625.9060307203854	1.0	NonTarget	1	160232
626.0310306765929	1.0	NonTarget	1	160264
626.1560306328005	1.0	NonTarget	1	160296
626.2810305890081	1.0	NonTarget	1	160328
626.4060305452157	1.0	NonTarget	1	160360
626.5310305014232	1.0	NonTarget	1	160392
626.6560304576308	1.0	NonTarget	1	160424
626.7810304138384	1.0	NonTarget	1	160456
626.906030370046	1.0	NonTarget	1	160488
627.0310303262536	1.0	NonTarget	1	160520
627.1560302824611	1.0	NonTarget	1	160552
627.2810302386687	1.0	NonTarget	1	160584
627.4060301948763	1.0	NonTarget	1	160616
627.5310301510839	1.0	NonTarget	1	160648
627.6560301072914	1.0	NonTarget	1	160680
627.781030063499	1.0	NonTarget	1	160712
627.9060300197066	1.0	NonTarget	1	160744
628.0310299759142	1.0	NonTarget	1	160776
628.1560299321217	1.0	NonTarget	1	160808
628.2810298883293	1.0	NonTarget	1	160840
628.4060298445369	1.0	NonTarget	1	160872
634.531027698708	1.0	NonTarget	1	162440
634.6560276549156	1.0	NonTarget	1	162472
634.7810276111232	1.0	NonTarget	1	162504
634.9060275673309	1.0	NonTarget	1	162536
635.0310275235385	1.0	NonTarget	1	162568
635.156027479746	1.0	NonTarget	1	162600
635.2810274359535	1.0	NonTarget	1	162632
635.4060273921611	1.0	NonTarget	1	162664
635.5310273483688	1.0	NonTarget	1	162696
635.6560273045762	1.0	NonTarget	1	162728
635.7810272607838	1.0	NonTarget	1	162760
635.9060272169914	1.0	NonTarget	1	162792
636.031027173199	1.0	NonTarget	1	162824
636.1560271294065	1.0	NonTarget	1	162856
636.2810270856141	1.0	NonTarget	1	162888
636.4060270418217	1.0	NonTarget	1	162920
636.5310269980293	1.0	NonTarget	1	162952
636.6560269542368	1.0	NonTarget	1	162984
636.7810269104444	1.0	NonTarget	1	163016
636.906026866652	1.0	NonTarget	1	163048
637.0310268228596	1.0	NonTarget	1	163080
637.1560267790672	1.0	NonTarget	1	163112
637.2810267352747	1.0	NonTarget	1	163144
637.4060266914823	1.0	NonTarget	1	163176
637.5310266476899	1.0	NonTarget	1	163208
637.6560266038975	1.0	NonTarget	1	163240
637.781026560105	1.0	NonTarget	1	163272
637.9060265163126	1.0	NonTarget	1	163304
638.0310264725202	1.0	NonTarget	1	163336
638.1560264287278	1.0	NonTarget	1	163368
638.2810263849353	1.0	NonTarget	1	163400
638.4060263411429	1.0	NonTarget	1	163432
638.5310262973505	1.0	NonTarget	1	163464
638.6560262535581	1.0	NonTarget	1	163496
638.7810262097656	1.0	NonTarget	1	163528
638.9060261659732	1.0	NonTarget	1	163560
639.0310261221808	1.0	NonTarget	1	163592
639.1560260783884	1.0	NonTarget	1	163624
639.281026034596	1.0	NonTarget	1	163656
639.4060259908035	1.0	NonTarget	1	163688
639.5310259470111	1.0	NonTarget	1	163720
639.6560259032187	1.0	NonTarget	1	163752
639.7810258594263	1.0	NonTarget	1	163784
639.9060258156338	1.0	NonTarget	1	163816
640.0310257718414	1.0	NonTarget	1	163848
640.156025728049	1.0	NonTarget	1	163880
640.2810256842566	1.0	NonTarget	1	163912
640.4060256404641	1.0	NonTarget	1	163944
640.5310255966717	1.0	NonTarget	1	163976
640.6560255528793	1.0	NonTarget	1	164008
640.7810255090869	1.0	NonTarget	1	164040
640.9060254652945	1.0	NonTarget	1	164072
641.031025421502	1.0	NonTarget	1	164104
641.1560253777096	1.0	NonTarget	1	164136
641.2810253339172	1.0	NonTarget	1	164168
641.4060252901248	1.0	NonTarget	1	164200
641.5310252463323	1.0	NonTarget	1	164232
641.6560252025399	1.0	NonTarget	1	164264
641.7810251587475	1.0	NonTarget	1	164296
641.9060251149551	1.0	NonTarget	1	164328
642.0310250711626	1.0	NonTarget	1	164360
642.1560250273702	1.0	NonTarget	1	164392
642.2810249835778	1.0	NonTarget	1	164424
642.4060249397854	1.0	NonTarget	1	164456
642.5310248959929	1.0	NonTarget	1	164488
642.6560248522005	1.0	NonTarget	1	164520
642.7810248084081	1.0	NonTarget	1	164552
642.9060247646157	1.0	NonTarget	1	164584
643.0310247208233	1.0	NonTarget	1	164616
643.1560246770308	1.0	NonTarget	1	164648
643.2810246332384	1.0	NonTarget	1	164680
643.406024589446	1.0	NonTarget	1	164712
643.5310245456536	1.0	NonTarget	1	164744
643.6560245018611	1.0	NonTarget	1	164776
643.7810244580687	1.0	NonTarget	1	164808
643.9060244142763	1.0	NonTarget	1	164840
644.0310243704839	1.0	NonTarget	1	164872
644.1560243266914	1.0	NonTarget	1	164904
644.281024282899	1.0	NonTarget	1	164936
644.4060242391066	1.0	NonTarget	1	164968
644.5310241953142	1.0	NonTarget	1	165000
644.6560241515217	1.0	NonTarget	1	165032
644.7810241077293	1.0	NonTarget	1	165064
644.9060240639369	1.0	NonTarget	1	165096
645.0310240201445	1.0	NonTarget	1	165128
645.1560239763521	1.0	NonTarget	1	165160
645.2810239325596	1.0	NonTarget	1	165192
645.4060238887672	1.0	NonTarget	1	165224
645.5310238449748	1.0	NonTarget	1	165256
645.6560238011824	1.0	NonTarget	1	165288
645.7810237573899	1.0	NonTarget	1	165320
645.9060237135975	1.0	NonTarget	1	165352
646.0310236698051	1.0	NonTarget	1	165384
646.1560236260127	1.0	NonTarget	1	165416
646.2810235822202	1.0	NonTarget	1	165448
646.4060235384278	1.0	NonTarget	1	165480
646.5310234946354	1.0	NonTarget	1	165512
646.656023450843	1.0	NonTarget	1	165544
646.7810234070505	1.0	NonTarget	1	165576
646.9060233632581	1.0	NonTarget	1	165608
647.0310233194657	1.0	NonTarget	1	165640
647.1560232756733	1.0	NonTarget	1	165672
647.2810232318809	1.0	NonTarget	1	165704
647.4060231880884	1.0	NonTarget	1	165736
647.531023144296	1.0	NonTarget	1	165768
647.6560231005036	1.0	NonTarget	1	165800
647.7810230567112	1.0	NonTarget	1	165832
647.9060230129187	1.0	NonTarget	1	165864
648.0310229691263	1.0	NonTarget	1	165896
648.1560229253339	1.0	NonTarget	1	165928
648.2810228815415	1.0	NonTarget	1	165960
648.406022837749	1.0	NonTarget	1	165992
648.5310227939566	1.0	NonTarget	1	166024
648.6560227501642	1.0	NonTarget	1	166056
648.7810227063718	1.0	NonTarget	1	166088
648.9060226625793	1.0	NonTarget	1	166120
649.0310226187869	1.0	NonTarget	1	166152
649.1560225749945	1.0	NonTarget	1	166184
649.2810225312021	1.0	NonTarget	1	166216
649.4060224874097	1.0	NonTarget	1	166248
655.5310203415809	1.0	NonTarget	1	167816
655.6560202977885	1.0	NonTarget	1	167848
655.7810202539961	1.0	NonTarget	1	167880
655.9060202102036	1.0	NonTarget	1	167912
656.0310201664112	1.0	NonTarget	1	167944
656.1560201226188	1.0	NonTarget	1	167976
656.2810200788264	1.0	NonTarget	1	168008
656.4060200350339	1.0	NonTarget	1	168040
656.5310199912415	1.0	NonTarget	1	168072
656.6560199474491	1.0	NonTarget	1	168104
656.7810199036567	1.0	NonTarget	1	168136
656.9060198598642	1.0	NonTarget	1	168168
657.0310198160718	1.0	NonTarget	1	168200
657.1560197722794	1.0	NonTarget	1	168232
657.281019728487	1.0	NonTarget	1	168264
657.4060196846946	1.0	NonTarget	1	168296
657.5310196409021	1.0	NonTarget	1	168328
657.6560195971097	1.0	NonTarget	1	168360
657.7810195533173	1.0	NonTarget	1	168392
657.9060195095249	1.0	NonTarget	1	168424
658.0310194657324	1.0	NonTarget	1	168456
658.15601942194	1.0	NonTarget	1	168488
658.2810193781476	1.0	NonTarget	1	168520
658.4060193343552	1.0	NonTarget	1	168552
658.5310192905627	1.0	NonTarget	1	168584
658.6560192467703	1.0	NonTarget	1	168616
658.7810192029779	1.0	NonTarget	1	168648
658.9060191591855	1.0	NonTarget	1	168680
659.0310191153931	1.0	NonTarget	1	168712
659.1560190716006	1.0	NonTarget	1	168744
659.2810190278082	1.0	NonTarget	1	168776
659.4060189840158	1.0	NonTarget	1	168808
659.5310189402234	1.0	NonTarget	1	168840
659.6560188964309	1.0	NonTarget	1	168872
659.7810188526385	1.0	NonTarget	1	168904
659.906018808846	1.0	NonTarget	1	168936
660.0310187650537	1.0	NonTarget	1	168968
660.1560187212611	1.0	NonTarget	1	169000
660.2810186774688	1.0	NonTarget	1	169032
660.4060186336764	1.0	NonTarget	1	169064
660.531018589884	1.0	NonTarget	1	169096
660.6560185460914	1.0	NonTarget	1	169128
660.781018502299	1.0	NonTarget	1	169160
660.9060184585067	1.0	NonTarget	1	169192
661.0310184147143	1.0	NonTarget	1	169224
661.1560183709219	1.0	NonTarget	1	169256
661.2810183271293	1.0	NonTarget	1	169288
661.406018283337	1.0	NonTarget	1	169320
661.5310182395446	1.0	NonTarget	1	169352
661.6560181957522	1.0	NonTarget	1	169384
661.7810181519596	1.0	NonTarget	1	169416
661.9060181081672	1.0	NonTarget	1	169448
662.0310180643748	1.0	NonTarget	1	169480
662.1560180205825	1.0	NonTarget	1	169512
662.2810179767899	1.0	NonTarget	1	169544
662.4060179329975	1.0	NonTarget	1	169576
662.5310178892051	1.0	NonTarget	1	169608
662.6560178454127	1.0	NonTarget	1	169640
662.7810178016202	1.0	NonTarget	1	169672
662.9060177578278	1.0	NonTarget	1	169704
663.0310177140354	1.0	NonTarget	1	169736
663.156017670243	1.0	NonTarget	1	169768
663.2810176264506	1.0	NonTarget	1	169800
663.4060175826581	1.0	NonTarget	1	169832
663.5310175388657	1.0	NonTarget	1	169864
663.6560174950733	1.0	NonTarget	1	169896
663.781017451281	1.0	NonTarget	1	169928
663.9060174074884	1.0	NonTarget	1	169960
664.031017363696	1.0	NonTarget	1	169992
664.1560173199036	1.0	NonTarget	1	170024
664.2810172761112	1.0	NonTarget	1	170056
664.4060172323187	1.0	NonTarget	1	170088
664.5310171885263	1.0	NonTarget	1	170120
664.6560171447339	1.0	NonTarget	1	170152
664.7810171009415	1.0	NonTarget	1	170184
664.906017057149	1.0	NonTarget	1	170216
665.0310170133566	1.0	NonTarget	1	170248
665.1560169695642	1.0	NonTarget	1	170280
665.2810169257718	1.0	NonTarget	1	170312
665.4060168819794	1.0	NonTarget	1	170344
665.5310168381869	1.0	NonTarget	1	170376
665.6560167943945	1.0	NonTarget	1	170408
665.7810167506021	1.0	NonTarget	1	170440
665.9060167068097	1.0	NonTarget	1	170472
666.0310166630172	1.0	NonTarget	1	170504
666.1560166192248	1.0	NonTarget	1	170536
666.2810165754324	1.0	NonTarget	1	170568
666.40601653164	1.0	NonTarget	1	170600
666.5310164878475	1.0	NonTarget	1	170632
666.6560164440551	1.0	NonTarget	1	170664
666.7810164002627	1.0	NonTarget	1	170696
666.9060163564703	1.0	NonTarget	1	170728
667.0310163126779	1.0	NonTarget	1	170760
667.1560162688854	1.0	NonTarget	1	170792
667.281016225093	1.0	NonTarget	1	170824
667.4060161813006	1.0	NonTarget	1	170856
667.5310161375082	1.0	NonTarget	1	170888
667.6560160937157	1.0	NonTarget	1	170920
667.7810160499233	1.0	NonTarget	1	170952
667.9060160061309	1.0	NonTarget	1	170984
668.0310159623385	1.0	NonTarget	1	171016
668.156015918546	1.0	NonTarget	1	171048
668.2810158747536	1.0	NonTarget	1	171080
668.4060158309612	1.0	NonTarget	1	171112
668.5310157871688	1.0	NonTarget	1	171144
668.6560157433763	1.0	NonTarget	1	171176
668.7810156995839	1.0	NonTarget	1	171208
668.9060156557915	1.0	NonTarget	1	171240
669.0310156119991	1.0	NonTarget	1	171272
669.1560155682067	1.0	NonTarget	1	171304
669.2810155244142	1.0	NonTarget	1	171336
669.4060154806218	1.0	NonTarget	1	171368
669.5310154368294	1.0	NonTarget	1	171400
669.656015393037	1.0	NonTarget	1	171432
669.7810153492445	1.0	NonTarget	1	171464
669.9060153054521	1.0	NonTarget	1	171496
670.0310152616597	1.0	NonTarget	1	171528
670.1560152178673	1.0	NonTarget	1	171560
670.2810151740748	1.0	NonTarget	1	171592
670.4060151302824	1.0	NonTarget	1	171624
676.5310129844537	1.0	NonTarget	1	173192
676.6560129406612	1.0	NonTarget	1	173224
676.7810128968688	1.0	NonTarget	1	173256
676.9060128530764	1.0	NonTarget	1	173288
677.031012809284	1.0	NonTarget	1	173320
677.1560127654916	1.0	NonTarget	1	173352
677.2810127216991	1.0	NonTarget	1	173384
677.4060126779067	1.0	NonTarget	1	173416
677.5310126341143	1.0	NonTarget	1	173448
677.6560125903219	1.0	NonTarget	1	173480
677.7810125465294	1.0	NonTarget	1	173512
677.906012502737	1.0	NonTarget	1	173544
678.0310124589446	1.0	NonTarget	1	173576
678.1560124151522	1.0	NonTarget	1	173608
678.2810123713597	1.0	NonTarget	1	173640
678.4060123275673	1.0	NonTarget	1	173672
678.5310122837749	1.0	NonTarget	1	173704
678.6560122399825	1.0	NonTarget	1	173736
678.78101219619	1.0	NonTarget	1	173768
678.9060121523976	1.0	NonTarget	1	173800
679.0310121086052	1.0	NonTarget	1	173832
679.1560120648128	1.0	NonTarget	1	173864
679.2810120210204	1.0	NonTarget	1	173896
679.4060119772279	1.0	NonTarget	1	173928
679.5310119334355	1.0	NonTarget	1	173960
679.6560118896431	1.0	NonTarget	1	173992
679.7810118458507	1.0	NonTarget	1	174024
679.9060118020582	1.0	NonTarget	1	174056
680.0310117582658	1.0	NonTarget	1	174088
680.1560117144734	1.0	NonTarget	1	174120
680.281011670681	1.0	NonTarget	1	174152
680.4060116268885	1.0	NonTarget	1	174184
680.5310115830961	1.0	NonTarget	1	174216
680.6560115393037	1.0	NonTarget	1	174248
680.7810114955113	1.0	NonTarget	1	174280
680.9060114517188	1.0	NonTarget	1	174312
681.0310114079264	1.0	NonTarget	1	174344
681.156011364134	1.0	NonTarget	1	174376
681.2810113203416	1.0	NonTarget	1	174408
681.4060112765492	1.0	NonTarget	1	174440
681.5310112327567	1.0	NonTarget	1	174472
681.6560111889643	1.0	NonTarget	1	174504
681.7810111451719	1.0	NonTarget	1	174536
681.9060111013795	1.0	NonTarget	1	174568
682.031011057587	1.0	NonTarget	1	174600
682.1560110137946	1.0	NonTarget	1	174632
682.2810109700022	1.0	NonTarget	1	174664
682.4060109262098	1.0	NonTarget	1	174696
682.5310108824173	1.0	NonTarget	1	174728
682.6560108386249	1.0	NonTarget	1	174760
682.7810107948325	1.0	NonTarget	1	174792
682.9060107510401	1.0	NonTarget	1	174824
683.0310107072476	1.0	NonTarget	1	174856
683.1560106634552	1.0	NonTarget	1	174888
683.2810106196628	1.0	NonTarget	1	174920
683.4060105758704	1.0	NonTarget	1	174952
683.531010532078	1.0	NonTarget	1	174984
683.6560104882855	1.0	NonTarget	1	175016
683.7810104444931	1.0	NonTarget	1	175048
683.9060104007007	1.0	NonTarget	1	175080
684.0310103569083	1.0	NonTarget	1	175112
684.1560103131158	1.0	NonTarget	1	175144
684.2810102693234	1.0	NonTarget	1	175176
684.406010225531	1.0	NonTarget	1	175208
684.5310101817386	1.0	NonTarget	1	175240
684.656010137946	1.0	NonTarget	1	175272
684.7810100941537	1.0	NonTarget	1	175304
684.9060100503613	1.0	NonTarget	1	175336
685.0310100065689	1.0	NonTarget	1	175368
685.1560099627765	1.0	NonTarget	1	175400
685.281009918984	1.0	NonTarget	1	175432
685.4060098751916	1.0	NonTarget	1	175464
685.5310098313992	1.0	NonTarget	1	175496
685.6560097876068	1.0	NonTarget	1	175528
685.7810097438143	1.0	NonTarget	1	175560
685.9060097000219	1.0	NonTarget	1	175592
686.0310096562295	1.0	NonTarget	1	175624
686.1560096124371	1.0	NonTarget	1	175656
686.2810095686445	1.0	NonTarget	1	175688
686.4060095248522	1.0	NonTarget	1	175720
686.5310094810598	1.0	NonTarget	1	175752
686.6560094372674	1.0	NonTarget	1	175784
686.7810093934748	1.0	NonTarget	1	175816
686.9060093496824	1.0	NonTarget	1	175848
687.03100930589	1.0	NonTarget	1	175880
687.1560092620977	1.0	NonTarget	1	175912
687.2810092183053	1.0	NonTarget	1	175944
687.4060091745127	1.0	NonTarget	1	175976
687.5310091307203	1.0	NonTarget	1	176008
687.656009086928	1.0	NonTarget	1	176040
687.7810090431356	1.0	NonTarget	1	176072
687.906008999343	1.0	NonTarget	1	176104
688.0310089555506	1.0	NonTarget	1	176136
688.1560089117582	1.0	NonTarget	1	176168
688.2810088679659	1.0	NonTarget	1	176200
688.4060088241733	1.0	NonTarget	1	176232
688.531008780381	1.0	NonTarget	1	176264
688.6560087365885	1.0	NonTarget	1	176296
688.7810086927961	1.0	NonTarget	1	176328
688.9060086490036	1.0	NonTarget	1	176360
689.0310086052112	1.0	NonTarget	1	176392
689.1560085614188	1.0	NonTarget	1	176424
689.2810085176264	1.0	NonTarget	1	176456
689.406008473834	1.0	NonTarget	1	176488
689.5310084300415	1.0	NonTarget	1	176520
689.6560083862491	1.0	NonTarget	1	176552
689.7810083424567	1.0	NonTarget	1	176584
689.9060082986643	1.0	NonTarget	1	176616
690.0310082548718	1.0	NonTarget	1	176648
690.1560082110794	1.0	NonTarget	1	176680
690.281008167287	1.0	NonTarget	1	176712
690.4060081234946	1.0	NonTarget	1	176744
690.5310080797021	1.0	NonTarget	1	176776
690.6560080359097	1.0	NonTarget	1	176808
690.7810079921173	1.0	NonTarget	1	176840
690.9060079483249	1.0	NonTarget	1	176872
691.0310079045324	1.0	NonTarget	1	176904
691.15600786074	1.0	NonTarget	1	176936
691.2810078169476	1.0	NonTarget	1	176968
691.4060077731552	1.0	NonTarget	1	177000
697.5310056273264	1.0	NonTarget	1	178568
697.656005583534	1.0	NonTarget	1	178600
697.7810055397416	1.0	NonTarget	1	178632
697.9060054959492	1.0	NonTarget	1	178664
698.0310054521567	1.0	NonTarget	1	178696
698.1560054083643	1.0	NonTarget	1	178728
698.2810053645719	1.0	NonTarget	1	178760
698.4060053207795	1.0	NonTarget	1	178792
698.531005276987	1.0	NonTarget	1	178824
698.6560052331946	1.0	NonTarget	1	178856
698.7810051894022	1.0	NonTarget	1	178888
698.9060051456098	1.0	NonTarget	1	178920
699.0310051018173	1.0	NonTarget	1	178952
699.1560050580249	1.0	NonTarget	1	178984
699.2810050142325	1.0	NonTarget	1	179016
699.4060049704401	1.0	NonTarget	1	179048
699.5310049266477	1.0	NonTarget	1	179080
699.6560048828552	1.0	NonTarget	1	179112
699.7810048390628	1.0	NonTarget	1	179144
699.9060047952704	1.0	NonTarget	1	179176
700.031004751478	1.0	NonTarget	1	179208
700.1560047076855	1.0	NonTarget	1	179240
700.2810046638931	1.0	NonTarget	1	179272
700.4060046201007	1.0	NonTarget	1	179304
700.5310045763083	1.0	NonTarget	1	179336
700.6560045325158	1.0	NonTarget	1	179368
700.7810044887234	1.0	NonTarget	1	179400
700.906004444931	1.0	NonTarget	1	179432
701.0310044011386	1.0	NonTarget	1	179464
701.1560043573462	1.0	NonTarget	1	179496
701.2810043135537	1.0	NonTarget	1	179528
701.4060042697613	1.0	NonTarget	1	179560
701.5310042259689	1.0	NonTarget	1	179592
701.6560041821765	1.0	NonTarget	1	179624
701.781004138384	1.0	NonTarget	1	179656
701.9060040945916	1.0	NonTarget	1	179688
702.0310040507992	1.0	NonTarget	1	179720
702.1560040070068	1.0	NonTarget	1	179752
702.2810039632143	1.0	NonTarget	1	179784
702.4060039194219	1.0	NonTarget	1	179816
702.5310038756295	1.0	NonTarget	1	179848
702.6560038318371	1.0	NonTarget	1	179880
702.7810037880446	1.0	NonTarget	1	179912
702.9060037442522	1.0	NonTarget	1	179944
703.0310037004598	1.0	NonTarget	1	179976
703.1560036566674	1.0	NonTarget	1	180008
703.281003612875	1.0	NonTarget	1	180040
703.4060035690825	1.0	NonTarget	1	180072
703.5310035252901	1.0	NonTarget	1	180104
703.6560034814977	1.0	NonTarget	1	180136
703.7810034377053	1.0	NonTarget	1	180168
703.9060033939128	1.0	NonTarget	1	180200
704.0310033501204	1.0	NonTarget	1	180232
704.156003306328	1.0	NonTarget	1	180264
704.2810032625356	1.0	NonTarget	1	180296
704.4060032187431	1.0	NonTarget	1	180328
704.5310031749507	1.0	NonTarget	1	180360
704.6560031311583	1.0	NonTarget	1	180392
704.7810030873659	1.0	NonTarget	1	180424
704.9060030435734	1.0	NonTarget	1	180456
705.031002999781	1.0	NonTarget	1	180488
705.1560029559886	1.0	NonTarget	1	180520
705.2810029121962	1.0	NonTarget	1	180552
705.4060028684038	1.0	NonTarget	1	180584
705.5310028246113	1.0	NonTarget	1	180616
705.6560027808189	1.0	NonTarget	1	180648
705.7810027370265	1.0	NonTarget	1	180680
705.9060026932341	1.0	NonTarget	1	180712
706.0310026494416	1.0	NonTarget	1	180744
706.1560026056492	1.0	NonTarget	1	180776
706.2810025618568	1.0	NonTarget	1	180808
706.4060025180644	1.0	NonTarget	1	180840
706.5310024742719	1.0	NonTarget	1	180872
706.6560024304795	1.0	NonTarget	1	180904
706.7810023866871	1.0	NonTarget	1	180936
706.9060023428947	1.0	NonTarget	1	180968
707.0310022991022	1.0	NonTarget	1	181000
707.1560022553098	1.0	NonTarget	1	181032
707.2810022115174	1.0	NonTarget	1	181064
707.406002167725	1.0	NonTarget	1	181096
707.5310021239326	1.0	NonTarget	1	181128
707.6560020801401	1.0	NonTarget	1	181160
707.7810020363477	1.0	NonTarget	1	181192
707.9060019925553	1.0	NonTarget	1	181224
708.0310019487629	1.0	NonTarget	1	181256
708.1560019049704	1.0	NonTarget	1	181288
708.281001861178	1.0	NonTarget	1	181320
708.4060018173856	1.0	NonTarget	1	181352
708.5310017735932	1.0	NonTarget	1	181384
708.6560017298007	1.0	NonTarget	1	181416
708.7810016860083	1.0	NonTarget	1	181448
708.9060016422159	1.0	NonTarget	1	181480
709.0310015984235	1.0	NonTarget	1	181512
709.1560015546311	1.0	NonTarget	1	181544
709.2810015108386	1.0	NonTarget	1	181576
709.4060014670462	1.0	NonTarget	1	181608
709.5310014232538	1.0	NonTarget	1	181640
709.6560013794614	1.0	NonTarget	1	181672
709.7810013356689	1.0	NonTarget	1	181704
709.9060012918765	1.0	NonTarget	1	181736
710.0310012480841	1.0	NonTarget	1	181768
710.1560012042917	1.0	NonTarget	1	181800
710.2810011604992	1.0	NonTarget	1	181832
710.4060011167068	1.0	NonTarget	1	181864
710.5310010729144	1.0	NonTarget	1	181896
710.656001029122	1.0	NonTarget	1	181928
710.7810009853295	1.0	NonTarget	1	181960
710.9060009415371	1.0	NonTarget	1	181992
711.0310008977447	1.0	NonTarget	1	182024
711.1560008539523	1.0	NonTarget	1	182056
711.2810008101599	1.0	NonTarget	1	182088
711.4060007663674	1.0	NonTarget	1	182120
711.531000722575	1.0	NonTarget	1	182152
711.6560006787826	1.0	NonTarget	1	182184
711.7810006349902	1.0	NonTarget	1	182216
711.9060005911977	1.0	NonTarget	1	182248
712.0310005474053	1.0	NonTarget	1	182280
712.1560005036129	1.0	NonTarget	1	182312
712.2810004598205	1.0	NonTarget	1	182344
712.406000416028	1.0	NonTarget	1	182376
718.5309982701992	1.0	NonTarget	1	183944
718.6559982264068	1.0	NonTarget	1	183976
718.7809981826143	1.0	NonTarget	1	184008
718.9059981388219	1.0	NonTarget	1	184040
719.0309980950295	1.0	NonTarget	1	184072
719.1559980512371	1.0	NonTarget	1	184104
719.2809980074447	1.0	NonTarget	1	184136
719.4059979636522	1.0	NonTarget	1	184168
719.5309979198598	1.0	NonTarget	1	184200
719.6559978760674	1.0	NonTarget	1	184232
719.780997832275	1.0	NonTarget	1	184264
719.9059977884825	1.0	NonTarget	1	184296
720.0309977446901	1.0	NonTarget	1	184328
720.1559977008977	1.0	NonTarget	1	184360
720.2809976571053	1.0	NonTarget	1	184392
720.4059976133128	1.0	NonTarget	1	184424
720.5309975695204	1.0	NonTarget	1	184456
720.655997525728	1.0	NonTarget	1	184488
720.7809974819356	1.0	NonTarget	1	184520
720.9059974381431	1.0	NonTarget	1	184552
721.0309973943507	1.0	NonTarget	1	184584
721.1559973505583	1.0	NonTarget	1	184616
721.2809973067659	1.0	NonTarget	1	184648
721.4059972629735	1.0	NonTarget	1	184680
721.530997219181	1.0	NonTarget	1	184712
721.6559971753886	1.0	NonTarget	1	184744
721.7809971315962	1.0	NonTarget	1	184776
721.9059970878038	1.0	NonTarget	1	184808
722.0309970440113	1.0	NonTarget	1	184840
722.1559970002189	1.0	NonTarget	1	184872
722.2809969564265	1.0	NonTarget	1	184904
722.4059969126341	1.0	NonTarget	1	184936
722.5309968688416	1.0	NonTarget	1	184968
722.6559968250492	1.0	NonTarget	1	185000
722.7809967812568	1.0	NonTarget	1	185032
722.9059967374644	1.0	NonTarget	1	185064
723.0309966936719	1.0	NonTarget	1	185096
723.1559966498795	1.0	NonTarget	1	185128
723.2809966060871	1.0	NonTarget	1	185160
723.4059965622947	1.0	NonTarget	1	185192
723.5309965185023	1.0	NonTarget	1	185224
723.6559964747098	1.0	NonTarget	1	185256
723.7809964309174	1.0	NonTarget	1	185288
723.905996387125	1.0	NonTarget	1	185320
724.0309963433326	1.0	NonTarget	1	185352
724.1559962995401	1.0	NonTarget	1	185384
724.2809962557477	1.0	NonTarget	1	185416
724.4059962119553	1.0	NonTarget	1	185448
724.5309961681629	1.0	NonTarget	1	185480
724.6559961243704	1.0	NonTarget	1	185512
724.780996080578	1.0	NonTarget	1	185544
724.9059960367856	1.0	NonTarget	1	185576
725.0309959929932	1.0	NonTarget	1	185608
725.1559959492007	1.0	NonTarget	1	185640
725.2809959054083	1.0	NonTarget	1	185672
725.4059958616159	1.0	NonTarget	1	185704
725.5309958178235	1.0	NonTarget	1	185736
725.6559957740311	1.0	NonTarget	1	185768
725.7809957302386	1.0	NonTarget	1	185800
725.9059956864462	1.0	NonTarget	1	185832
726.0309956426538	1.0	NonTarget	1	185864
726.1559955988614	1.0	NonTarget	1	185896
726.2809955550689	1.0	NonTarget	1	185928
726.4059955112765	1.0	NonTarget	1	185960
726.5309954674841	1.0	NonTarget	1	185992
726.6559954236917	1.0	NonTarget	1	186024
726.7809953798992	1.0	NonTarget	1	186056
726.9059953361068	1.0	NonTarget	1	186088
727.0309952923144	1.0	NonTarget	1	186120
727.155995248522	1.0	NonTarget	1	186152
727.2809952047296	1.0	NonTarget	1	186184
727.4059951609371	1.0	NonTarget	1	186216
727.5309951171447	1.0	NonTarget	1	186248
727.6559950733523	1.0	NonTarget	1	186280
727.7809950295599	1.0	NonTarget	1	186312
727.9059949857674	1.0	NonTarget	1	186344
728.030994941975	1.0	NonTarget	1	186376
728.1559948981826	1.0	NonTarget	1	186408
728.2809948543902	1.0	NonTarget	1	186440
728.4059948105977	1.0	NonTarget	1	186472
728.5309947668053	1.0	NonTarget	1	186504
728.6559947230129	1.0	NonTarget	1	186536
728.7809946792205	1.0	NonTarget	1	186568
728.905994635428	1.0	NonTarget	1	186600
729.0309945916356	1.0	NonTarget	1	186632
729.1559945478432	1.0	NonTarget	1	186664
729.2809945040508	1.0	NonTarget	1	186696
729.4059944602584	1.0	NonTarget	1	186728
729.5309944164659	1.0	NonTarget	1	186760
729.6559943726735	1.0	NonTarget	1	186792
729.7809943288811	1.0	NonTarget	1	186824
729.9059942850887	1.0	NonTarget	1	186856
730.0309942412962	1.0	NonTarget	1	186888
730.1559941975038	1.0	NonTarget	1	186920
730.2809941537114	1.0	NonTarget	1	186952
730.405994109919	1.0	NonTarget	1	186984
730.5309940661265	1.0	NonTarget	1	187016
730.6559940223341	1.0	NonTarget	1	187048
730.7809939785417	1.0	NonTarget	1	187080
730.9059939347493	1.0	NonTarget	1	187112
731.0309938909568	1.0	NonTarget	1	187144
731.1559938471644	1.0	NonTarget	1	187176
731.280993803372	1.0	NonTarget	1	187208
731.4059937595796	1.0	NonTarget	1	187240
731.5309937157872	1.0	NonTarget	1	187272
731.6559936719947	1.0	NonTarget	1	187304
731.7809936282023	1.0	NonTarget	1	187336
731.9059935844099	1.0	NonTarget	1	187368
732.0309935406175	1.0	NonTarget	1	187400
732.155993496825	1.0	NonTarget	1	187432
732.2809934530326	1.0	NonTarget	1	187464
732.4059934092402	1.0	NonTarget	1	187496
732.5309933654478	1.0	NonTarget	1	187528
732.6559933216553	1.0	NonTarget	1	187560
732.7809932778629	1.0	NonTarget	1	187592
732.9059932340705	1.0	NonTarget	1	187624
733.0309931902781	1.0	NonTarget	1	187656
733.1559931464856	1.0	NonTarget	1	187688
733.2809931026932	1.0	NonTarget	1	187720
733.4059930589008	1.0	NonTarget	1	187752
739.5309909130721	1.0	NonTarget	1	189320
739.6559908692795	1.0	NonTarget	1	189352
739.7809908254872	1.0	NonTarget	1	189384
739.9059907816948	1.0	NonTarget	1	189416
740.0309907379024	1.0	NonTarget	1	189448
740.1559906941098	1.0	NonTarget	1	189480
740.2809906503174	1.0	NonTarget	1	189512
740.405990606525	1.0	NonTarget	1	189544
740.5309905627327	1.0	NonTarget	1	189576
740.6559905189401	1.0	NonTarget	1	189608
740.7809904751477	1.0	NonTarget	1	189640
740.9059904313553	1.0	NonTarget	1	189672
741.030990387563	1.0	NonTarget	1	189704
741.1559903437704	1.0	NonTarget	1	189736
741.280990299978	1.0	NonTarget	1	189768
741.4059902561856	1.0	NonTarget	1	189800
741.5309902123932	1.0	NonTarget	1	189832
741.6559901686009	1.0	NonTarget	1	189864
741.7809901248083	1.0	NonTarget	1	189896
741.905990081016	1.0	NonTarget	1	189928
742.0309900372235	1.0	NonTarget	1	189960
742.1559899934311	1.0	NonTarget	1	189992
742.2809899496386	1.0	NonTarget	1	190024
742.4059899058462	1.0	NonTarget	1	190056
742.5309898620538	1.0	NonTarget	1	190088
742.6559898182614	1.0	NonTarget	1	190120
742.7809897744689	1.0	NonTarget	1	190152
742.9059897306765	1.0	NonTarget	1	190184
743.0309896868841	1.0	NonTarget	1	190216
743.1559896430917	1.0	NonTarget	1	190248
743.2809895992993	1.0	NonTarget	1	190280
743.4059895555068	1.0	NonTarget	1	190312
743.5309895117144	1.0	NonTarget	1	190344
743.655989467922	1.0	NonTarget	1	190376
743.7809894241296	1.0	NonTarget	1	190408
743.9059893803371	1.0	NonTarget	1	190440
744.0309893365447	1.0	NonTarget	1	190472
744.1559892927523	1.0	NonTarget	1	190504
744.2809892489599	1.0	NonTarget	1	190536
744.4059892051674	1.0	NonTarget	1	190568
744.530989161375	1.0	NonTarget	1	190600
744.6559891175826	1.0	NonTarget	1	190632
744.7809890737902	1.0	NonTarget	1	190664
744.9059890299977	1.0	NonTarget	1	190696
745.0309889862053	1.0	NonTarget	1	190728
745.1559889424129	1.0	NonTarget	1	190760
745.2809888986205	1.0	NonTarget	1	190792
745.4059888548281	1.0	NonTarget	1	190824
745.5309888110356	1.0	NonTarget	1	190856
745.6559887672432	1.0	NonTarget	1	190888
745.7809887234508	1.0	NonTarget	1	190920
745.9059886796584	1.0	NonTarget	1	190952
746.0309886358659	1.0	NonTarget	1	190984
746.1559885920735	1.0	NonTarget	1	191016
746.2809885482811	1.0	NonTarget	1	191048
746.4059885044887	1.0	NonTarget	1	191080
746.5309884606962	1.0	NonTarget	1	191112
746.6559884169038	1.0	NonTarget	1	191144
746.7809883731114	1.0	NonTarget	1	191176
746.905988329319	1.0	NonTarget	1	191208
747.0309882855265	1.0	NonTarget	1	191240
747.1559882417341	1.0	NonTarget	1	191272
747.2809881979417	1.0	NonTarget	1	191304
747.4059881541493	1.0	NonTarget	1	191336
747.5309881103569	1.0	NonTarget	1	191368
747.6559880665644	1.0	NonTarget	1	191400
747.780988022772	1.0	NonTarget	1	191432
747.9059879789796	1.0	NonTarget	1	191464
748.0309879351872	1.0	NonTarget	1	191496
748.1559878913947	1.0	NonTarget	1	191528
748.2809878476023	1.0	NonTarget	1	191560
748.4059878038099	1.0	NonTarget	1	191592
748.5309877600175	1.0	NonTarget	1	191624
748.655987716225	1.0	NonTarget	1	191656
748.7809876724326	1.0	NonTarget	1	191688
748.9059876286402	1.0	NonTarget	1	191720
749.0309875848478	1.0	NonTarget	1	191752
749.1559875410553	1.0	NonTarget	1	191784
749.2809874972629	1.0	NonTarget	1	191816
749.4059874534705	1.0	NonTarget	1	191848
749.5309874096781	1.0	NonTarget	1	191880
749.6559873658857	1.0	NonTarget	1	191912
749.7809873220932	1.0	NonTarget	1	191944
749.9059872783008	1.0	NonTarget	1	191976
750.0309872345084	1.0	NonTarget	1	192008
750.155987190716	1.0	NonTarget	1	192040
750.2809871469235	1.0	NonTarget	1	192072
750.4059871031311	1.0	NonTarget	1	192104
750.5309870593387	1.0	NonTarget	1	192136
750.6559870155463	1.0	NonTarget	1	192168
750.7809869717538	1.0	NonTarget	1	192200
750.9059869279614	1.0	NonTarget	1	192232
751.030986884169	1.0	NonTarget	1	192264
751.1559868403766	1.0	NonTarget	1	192296
751.2809867965841	1.0	NonTarget	1	192328
751.4059867527917	1.0	NonTarget	1	192360
751.5309867089993	1.0	NonTarget	1	192392
751.6559866652069	1.0	NonTarget	1	192424
751.7809866214145	1.0	NonTarget	1	192456
751.905986577622	1.0	NonTarget	1	192488
752.0309865338296	1.0	NonTarget	1	192520
752.1559864900372	1.0	NonTarget	1	192552
752.2809864462448	1.0	NonTarget	1	192584
752.4059864024523	1.0	NonTarget	1	192616
752.5309863586599	1.0	NonTarget	1	192648
752.6559863148675	1.0	NonTarget	1	192680
752.7809862710751	1.0	NonTarget	1	192712
752.9059862272826	1.0	NonTarget	1	192744
753.0309861834902	1.0	NonTarget	1	192776
753.1559861396978	1.0	NonTarget	1	192808
753.2809860959054	1.0	NonTarget	1	192840
753.405986052113	1.0	NonTarget	1	192872
753.5309860083205	1.0	NonTarget	1	192904
753.6559859645281	1.0	NonTarget	1	192936
753.7809859207357	1.0	NonTarget	1	192968
753.9059858769433	1.0	NonTarget	1	193000
754.0309858331508	1.0	NonTarget	1	193032
754.1559857893584	1.0	NonTarget	1	193064
754.280985745566	1.0	NonTarget	1	193096
754.4059857017736	1.0	NonTarget	1	193128
760.5309835559448	1.0	NonTarget	1	194696
760.6559835121524	1.0	NonTarget	1	194728
760.78098346836	1.0	NonTarget	1	194760
760.9059834245675	1.0	NonTarget	1	194792
761.0309833807751	1.0	NonTarget	1	194824
761.1559833369827	1.0	NonTarget	1	194856
761.2809832931903	1.0	NonTarget	1	194888
761.4059832493979	1.0	NonTarget	1	194920
761.5309832056054	1.0	NonTarget	1	194952
761.655983161813	1.0	NonTarget	1	194984
761.7809831180206	1.0	NonTarget	1	195016
761.9059830742282	1.0	NonTarget	1	195048
762.0309830304357	1.0	NonTarget	1	195080
762.1559829866433	1.0	NonTarget	1	195112
762.2809829428509	1.0	NonTarget	1	195144
762.4059828990585	1.0	NonTarget	1	195176
762.530982855266	1.0	NonTarget	1	195208
762.6559828114736	1.0	NonTarget	1	195240
762.7809827676812	1.0	NonTarget	1	195272
762.9059827238888	1.0	NonTarget	1	195304
763.0309826800963	1.0	NonTarget	1	195336
763.1559826363039	1.0	NonTarget	1	195368
763.2809825925115	1.0	NonTarget	1	195400
763.4059825487191	1.0	NonTarget	1	195432
763.5309825049267	1.0	NonTarget	1	195464
763.6559824611342	1.0	NonTarget	1	195496
763.7809824173418	1.0	NonTarget	1	195528
763.9059823735494	1.0	NonTarget	1	195560
764.030982329757	1.0	NonTarget	1	195592
764.1559822859645	1.0	NonTarget	1	195624
764.2809822421721	1.0	NonTarget	1	195656
764.4059821983797	1.0	NonTarget	1	195688
764.5309821545873	1.0	NonTarget	1	195720
764.6559821107948	1.0	NonTarget	1	195752
764.7809820670024	1.0	NonTarget	1	195784
764.90598202321	1.0	NonTarget	1	195816
765.0309819794176	1.0	NonTarget	1	195848
765.155981935625	1.0	NonTarget	1	195880
765.2809818918327	1.0	NonTarget	1	195912
765.4059818480403	1.0	NonTarget	1	195944
765.5309818042479	1.0	NonTarget	1	195976
765.6559817604555	1.0	NonTarget	1	196008
765.780981716663	1.0	NonTarget	1	196040
765.9059816728706	1.0	NonTarget	1	196072
766.0309816290782	1.0	NonTarget	1	196104
766.1559815852858	1.0	NonTarget	1	196136
766.2809815414932	1.0	NonTarget	1	196168
766.4059814977009	1.0	NonTarget	1	196200
766.5309814539085	1.0	NonTarget	1	196232
766.655981410116	1.0	NonTarget	1	196264
766.7809813663235	1.0	NonTarget	1	196296
766.9059813225311	1.0	NonTarget	1	196328
767.0309812787388	1.0	NonTarget	1	196360
767.1559812349464	1.0	NonTarget	1	196392
767.2809811911538	1.0	NonTarget	1	196424
767.4059811473614	1.0	NonTarget	1	196456
767.530981103569	1.0	NonTarget	1	196488
767.6559810597766	1.0	NonTarget	1	196520
767.7809810159843	1.0	NonTarget	1	196552
767.9059809721917	1.0	NonTarget	1	196584
768.0309809283993	1.0	NonTarget	1	196616
768.155980884607	1.0	NonTarget	1	196648
768.2809808408145	1.0	NonTarget	1	196680
768.405980797022	1.0	NonTarget	1	196712
768.5309807532296	1.0	NonTarget	1	196744
768.6559807094372	1.0	NonTarget	1	196776
768.7809806656448	1.0	NonTarget	1	196808
768.9059806218523	1.0	NonTarget	1	196840
769.0309805780599	1.0	NonTarget	1	196872
769.1559805342675	1.0	NonTarget	1	196904
769.2809804904751	1.0	NonTarget	1	196936
769.4059804466827	1.0	NonTarget	1	196968
769.5309804028902	1.0	NonTarget	1	197000
769.6559803590978	1.0	NonTarget	1	197032
769.7809803153054	1.0	NonTarget	1	197064
769.905980271513	1.0	NonTarget	1	197096
770.0309802277205	1.0	NonTarget	1	197128
770.1559801839281	1.0	NonTarget	1	197160
770.2809801401357	1.0	NonTarget	1	197192
770.4059800963433	1.0	NonTarget	1	197224
770.5309800525508	1.0	NonTarget	1	197256
770.6559800087584	1.0	NonTarget	1	197288
770.780979964966	1.0	NonTarget	1	197320
770.9059799211736	1.0	NonTarget	1	197352
771.0309798773811	1.0	NonTarget	1	197384
771.1559798335887	1.0	NonTarget	1	197416
771.2809797897963	1.0	NonTarget	1	197448
771.4059797460039	1.0	NonTarget	1	197480
771.5309797022115	1.0	NonTarget	1	197512
771.655979658419	1.0	NonTarget	1	197544
771.7809796146266	1.0	NonTarget	1	197576
771.9059795708342	1.0	NonTarget	1	197608
772.0309795270418	1.0	NonTarget	1	197640
772.1559794832493	1.0	NonTarget	1	197672
772.2809794394569	1.0	NonTarget	1	197704
772.4059793956645	1.0	NonTarget	1	197736
772.5309793518721	1.0	NonTarget	1	197768
772.6559793080796	1.0	NonTarget	1	197800
772.7809792642872	1.0	NonTarget	1	197832
772.9059792204948	1.0	NonTarget	1	197864
773.0309791767024	1.0	NonTarget	1	197896
773.1559791329099	1.0	NonTarget	1	197928
773.2809790891175	1.0	NonTarget	1	197960
773.4059790453251	1.0	NonTarget	1	197992
773.5309790015327	1.0	NonTarget	1	198024
773.6559789577403	1.0	NonTarget	1	198056
773.7809789139478	1.0	NonTarget	1	198088
773.9059788701554	1.0	NonTarget	1	198120
774.030978826363	1.0	NonTarget	1	198152
774.1559787825706	1.0	NonTarget	1	198184
774.2809787387781	1.0	NonTarget	1	198216
774.4059786949857	1.0	NonTarget	1	198248
774.5309786511933	1.0	NonTarget	1	198280
774.6559786074009	1.0	NonTarget	1	198312
774.7809785636084	1.0	NonTarget	1	198344
774.905978519816	1.0	NonTarget	1	198376
775.0309784760236	1.0	NonTarget	1	198408
775.1559784322312	1.0	NonTarget	1	198440
775.2809783884387	1.0	NonTarget	1	198472
775.4059783446463	1.0	NonTarget	1	198504
781.5309761988176	1.0	NonTarget	1	200072
781.6559761550252	1.0	NonTarget	1	200104
781.7809761112327	1.0	NonTarget	1	200136
781.9059760674403	1.0	NonTarget	1	200168
782.0309760236479	1.0	NonTarget	1	200200
782.1559759798555	1.0	NonTarget	1	200232
782.280975936063	1.0	NonTarget	1	200264
782.4059758922706	1.0	NonTarget	1	200296
782.5309758484782	1.0	NonTarget	1	200328
782.6559758046858	1.0	NonTarget	1	200360
782.7809757608933	1.0	NonTarget	1	200392
782.9059757171009	1.0	NonTarget	1	200424
783.0309756733085	1.0	NonTarget	1	200456
783.1559756295161	1.0	NonTarget	1	200488
783.2809755857236	1.0	NonTarget	1	200520
783.4059755419312	1.0	NonTarget	1	200552
783.5309754981388	1.0	NonTarget	1	200584
783.6559754543464	1.0	NonTarget	1	200616
783.780975410554	1.0	NonTarget	1	200648
783.9059753667615	1.0	NonTarget	1	200680
784.0309753229691	1.0	NonTarget	1	200712
784.1559752791767	1.0	NonTarget	1	200744
784.2809752353843	1.0	NonTarget	1	200776
784.4059751915918	1.0	NonTarget	1	200808
784.5309751477994	1.0	NonTarget	1	200840
784.655975104007	1.0	NonTarget	1	200872
784.7809750602146	1.0	NonTarget	1	200904
784.9059750164221	1.0	NonTarget	1	200936
785.0309749726297	1.0	NonTarget	1	200968
785.1559749288373	1.0	NonTarget	1	201000
785.2809748850449	1.0	NonTarget	1	201032
785.4059748412524	1.0	NonTarget	1	201064
785.53097479746	1.0	NonTarget	1	201096
785.6559747536676	1.0	NonTarget	1	201128
785.7809747098752	1.0	NonTarget	1	201160
785.9059746660828	1.0	NonTarget	1	201192
786.0309746222903	1.0	NonTarget	1	201224
786.1559745784979	1.0	NonTarget	1	201256
786.2809745347055	1.0	NonTarget	1	201288
786.4059744909131	1.0	NonTarget	1	201320
786.5309744471206	1.0	NonTarget	1	201352
786.6559744033282	1.0	NonTarget	1	201384
786.7809743595358	1.0	NonTarget	1	201416
786.9059743157434	1.0	NonTarget	1	201448
787.0309742719509	1.0	NonTarget	1	201480
787.1559742281585	1.0	NonTarget	1	201512
787.2809741843661	1.0	NonTarget	1	201544
787.4059741405737	1.0	NonTarget	1	201576
787.5309740967813	1.0	NonTarget	1	201608
787.6559740529888	1.0	NonTarget	1	201640
787.7809740091964	1.0	NonTarget	1	201672
787.905973965404	1.0	NonTarget	1	201704
788.0309739216116	1.0	NonTarget	1	201736
788.1559738778191	1.0	NonTarget	1	201768
788.2809738340267	1.0	NonTarget	1	201800
788.4059737902343	1.0	NonTarget	1	201832
788.5309737464419	1.0	NonTarget	1	201864
788.6559737026494	1.0	NonTarget	1	201896
788.780973658857	1.0	NonTarget	1	201928
788.9059736150646	1.0	NonTarget	1	201960
789.0309735712722	1.0	NonTarget	1	201992
789.1559735274797	1.0	NonTarget	1	202024
789.2809734836873	1.0	NonTarget	1	202056
789.4059734398949	1.0	NonTarget	1	202088
789.5309733961025	1.0	NonTarget	1	202120
789.6559733523101	1.0	NonTarget	1	202152
789.7809733085176	1.0	NonTarget	1	202184
789.9059732647252	1.0	NonTarget	1	202216
790.0309732209328	1.0	NonTarget	1	202248
790.1559731771404	1.0	NonTarget	1	202280
790.2809731333479	1.0	NonTarget	1	202312
790.4059730895555	1.0	NonTarget	1	202344
790.5309730457631	1.0	NonTarget	1	202376
790.6559730019707	1.0	NonTarget	1	202408
790.7809729581782	1.0	NonTarget	1	202440
790.9059729143858	1.0	NonTarget	1	202472
791.0309728705934	1.0	NonTarget	1	202504
791.155972826801	1.0	NonTarget	1	202536
791.2809727830085	1.0	NonTarget	1	202568
791.405972739216	1.0	NonTarget	1	202600
791.5309726954237	1.0	NonTarget	1	202632
791.6559726516313	1.0	NonTarget	1	202664
791.7809726078389	1.0	NonTarget	1	202696
791.9059725640464	1.0	NonTarget	1	202728
792.030972520254	1.0	NonTarget	1	202760
792.1559724764616	1.0	NonTarget	1	202792
792.2809724326692	1.0	NonTarget	1	202824
792.4059723888766	1.0	NonTarget	1	202856
792.5309723450843	1.0	NonTarget	1	202888
792.6559723012919	1.0	NonTarget	1	202920
792.7809722574995	1.0	NonTarget	1	202952
792.905972213707	1.0	NonTarget	1	202984
793.0309721699145	1.0	NonTarget	1	203016
793.1559721261222	1.0	NonTarget	1	203048
793.2809720823298	1.0	NonTarget	1	203080
793.4059720385372	1.0	NonTarget	1	203112
793.5309719947448	1.0	NonTarget	1	203144
793.6559719509524	1.0	NonTarget	1	203176
793.78097190716	1.0	NonTarget	1	203208
793.9059718633677	1.0	NonTarget	1	203240
794.0309718195751	1.0	NonTarget	1	203272
794.1559717757827	1.0	NonTarget	1	203304
794.2809717319903	1.0	NonTarget	1	203336
794.405971688198	1.0	NonTarget	1	203368
794.5309716444054	1.0	NonTarget	1	203400
794.655971600613	1.0	NonTarget	1	203432
794.7809715568206	1.0	NonTarget	1	203464
794.9059715130282	1.0	NonTarget	1	203496
795.0309714692357	1.0	NonTarget	1	203528
795.1559714254433	1.0	NonTarget	1	203560
795.2809713816509	1.0	NonTarget	1	203592
795.4059713378585	1.0	NonTarget	1	203624
795.5309712940661	1.0	NonTarget	1	203656
795.6559712502736	1.0	NonTarget	1	203688
795.7809712064812	1.0	NonTarget	1	203720
795.9059711626888	1.0	NonTarget	1	203752
796.0309711188964	1.0	NonTarget	1	203784
796.1559710751039	1.0	NonTarget	1	203816
796.2809710313115	1.0	NonTarget	1	203848
796.4059709875191	1.0	NonTarget	1	203880
802.5309688416903	1.0	NonTarget	1	205448
802.6559687978979	1.0	NonTarget	1	205480
802.7809687541055	1.0	NonTarget	1	205512
802.9059687103131	1.0	NonTarget	1	205544
803.0309686665206	1.0	NonTarget	1	205576
803.1559686227282	1.0	NonTarget	1	205608
803.2809685789358	1.0	NonTarget	1	205640
803.4059685351434	1.0	NonTarget	1	205672
803.530968491351	1.0	NonTarget	1	205704
803.6559684475585	1.0	NonTarget	1	205736
803.7809684037661	1.0	NonTarget	1	205768
803.9059683599737	1.0	NonTarget	1	205800
804.0309683161813	1.0	NonTarget	1	205832
804.1559682723888	1.0	NonTarget	1	205864
804.2809682285964	1.0	NonTarget	1	205896
804.405968184804	1.0	NonTarget	1	205928
804.5309681410116	1.0	NonTarget	1	205960
804.6559680972191	1.0	NonTarget	1	205992
804.7809680534267	1.0	NonTarget	1	206024
804.9059680096343	1.0	NonTarget	1	206056
805.0309679658419	1.0	NonTarget	1	206088
805.1559679220494	1.0	NonTarget	1	206120
805.280967878257	1.0	NonTarget	1	206152
805.4059678344646	1.0	NonTarget	1	206184
805.5309677906722	1.0	NonTarget	1	206216
805.6559677468798	1.0	NonTarget	1	206248
805.7809677030873	1.0	NonTarget	1	206280
805.9059676592949	1.0	NonTarget	1	206312
806.0309676155025	1.0	NonTarget	1	206344
806.1559675717101	1.0	NonTarget	1	206376
806.2809675279176	1.0	NonTarget	1	206408
806.4059674841252	1.0	NonTarget	1	206440
806.5309674403328	1.0	NonTarget	1	206472
806.6559673965404	1.0	NonTarget	1	206504
806.7809673527479	1.0	NonTarget	1	206536
806.9059673089555	1.0	NonTarget	1	206568
807.0309672651631	1.0	NonTarget	1	206600
807.1559672213707	1.0	NonTarget	1	206632
807.2809671775782	1.0	NonTarget	1	206664
807.4059671337858	1.0	NonTarget	1	206696
807.5309670899934	1.0	NonTarget	1	206728
807.655967046201	1.0	NonTarget	1	206760
807.7809670024086	1.0	NonTarget	1	206792
807.9059669586161	1.0	NonTarget	1	206824
808.0309669148237	1.0	NonTarget	1	206856
808.1559668710313	1.0	NonTarget	1	206888
808.2809668272389	1.0	NonTarget	1	206920
808.4059667834464	1.0	NonTarget	1	206952
808.530966739654	1.0	NonTarget	1	206984
808.6559666958616	1.0	NonTarget	1	207016
808.7809666520692	1.0	NonTarget	1	207048
808.9059666082767	1.0	NonTarget	1	207080
809.0309665644843	1.0	NonTarget	1	207112
809.1559665206919	1.0	NonTarget	1	207144
809.2809664768995	1.0	NonTarget	1	207176
809.405966433107	1.0	NonTarget	1	207208
809.5309663893146	1.0	NonTarget	1	207240
809.6559663455222	1.0	NonTarget	1	207272
809.7809663017298	1.0	NonTarget	1	207304
809.9059662579374	1.0	NonTarget	1	207336
810.0309662141449	1.0	NonTarget	1	207368
810.1559661703525	1.0	NonTarget	1	207400
810.2809661265601	1.0	NonTarget	1	207432
810.4059660827677	1.0	NonTarget	1	207464
810.5309660389752	1.0	NonTarget	1	207496
810.6559659951828	1.0	NonTarget	1	207528
810.7809659513904	1.0	NonTarget	1	207560
810.905965907598	1.0	NonTarget	1	207592
811.0309658638055	1.0	NonTarget	1	207624
811.1559658200131	1.0	NonTarget	1	207656
811.2809657762207	1.0	NonTarget	1	207688
811.4059657324283	1.0	NonTarget	1	207720
811.5309656886359	1.0	NonTarget	1	207752
811.6559656448434	1.0	NonTarget	1	207784
811.780965601051	1.0	NonTarget	1	207816
811.9059655572586	1.0	NonTarget	1	207848
812.0309655134662	1.0	NonTarget	1	207880
812.1559654696737	1.0	NonTarget	1	207912
812.2809654258813	1.0	NonTarget	1	207944
812.4059653820889	1.0	NonTarget	1	207976
812.5309653382965	1.0	NonTarget	1	208008
812.655965294504	1.0	NonTarget	1	208040
812.7809652507116	1.0	NonTarget	1	208072
812.9059652069192	1.0	NonTarget	1	208104
813.0309651631268	1.0	NonTarget	1	208136
813.1559651193343	1.0	NonTarget	1	208168
813.2809650755419	1.0	NonTarget	1	208200
813.4059650317495	1.0	NonTarget	1	208232
813.5309649879571	1.0	NonTarget	1	208264
813.6559649441647	1.0	NonTarget	1	208296
813.7809649003722	1.0	NonTarget	1	208328
813.9059648565798	1.0	NonTarget	1	208360
814.0309648127874	1.0	NonTarget	1	208392
814.155964768995	1.0	NonTarget	1	208424
814.2809647252025	1.0	NonTarget	1	208456
814.4059646814101	1.0	NonTarget	1	208488
814.5309646376177	1.0	NonTarget	1	208520
814.6559645938253	1.0	NonTarget	1	208552
814.7809645500328	1.0	NonTarget	1	208584
814.9059645062404	1.0	NonTarget	1	208616
815.030964462448	1.0	NonTarget	1	208648
815.1559644186556	1.0	NonTarget	1	208680
815.2809643748631	1.0	NonTarget	1	208712
815.4059643310707	1.0	NonTarget	1	208744
815.5309642872783	1.0	NonTarget	1	208776
815.6559642434859	1.0	NonTarget	1	208808
815.7809641996935	1.0	NonTarget	1	208840
815.905964155901	1.0	NonTarget	1	208872
816.0309641121086	1.0	NonTarget	1	208904
816.1559640683162	1.0	NonTarget	1	208936
816.2809640245238	1.0	NonTarget	1	208968
816.4059639807313	1.0	NonTarget	1	209000
816.5309639369389	1.0	NonTarget	1	209032
816.6559638931465	1.0	NonTarget	1	209064
816.7809638493541	1.0	NonTarget	1	209096
816.9059638055616	1.0	NonTarget	1	209128
817.0309637617692	1.0	NonTarget	1	209160
817.1559637179768	1.0	NonTarget	1	209192
817.2809636741844	1.0	NonTarget	1	209224
817.4059636303919	1.0	NonTarget	1	209256
823.5309614845631	1.0	NonTarget	1	210824
823.6559614407707	1.0	NonTarget	1	210856
823.7809613969783	1.0	NonTarget	1	210888
823.9059613531858	1.0	NonTarget	1	210920
824.0309613093934	1.0	NonTarget	1	210952
824.155961265601	1.0	NonTarget	1	210984
824.2809612218086	1.0	NonTarget	1	211016
824.4059611780161	1.0	NonTarget	1	211048
824.5309611342237	1.0	NonTarget	1	211080
824.6559610904313	1.0	NonTarget	1	211112
824.7809610466389	1.0	NonTarget	1	211144
824.9059610028464	1.0	NonTarget	1	211176
825.030960959054	1.0	NonTarget	1	211208
825.1559609152616	1.0	NonTarget	1	211240
825.2809608714692	1.0	NonTarget	1	211272
825.4059608276767	1.0	NonTarget	1	211304
825.5309607838843	1.0	NonTarget	1	211336
825.6559607400919	1.0	NonTarget	1	211368
825.7809606962995	1.0	NonTarget	1	211400
825.9059606525071	1.0	NonTarget	1	211432
826.0309606087146	1.0	NonTarget	1	211464
826.1559605649222	1.0	NonTarget	1	211496
826.2809605211298	1.0	NonTarget	1	211528
826.4059604773374	1.0	NonTarget	1	211560
826.5309604335449	1.0	NonTarget	1	211592
826.6559603897525	1.0	NonTarget	1	211624
826.7809603459601	1.0	NonTarget	1	211656
826.9059603021677	1.0	NonTarget	1	211688
827.0309602583752	1.0	NonTarget	1	211720
827.1559602145828	1.0	NonTarget	1	211752
827.2809601707904	1.0	NonTarget	1	211784
827.405960126998	1.0	NonTarget	1	211816
827.5309600832055	1.0	NonTarget	1	211848
827.6559600394131	1.0	NonTarget	1	211880
827.7809599956207	1.0	NonTarget	1	211912
827.9059599518283	1.0	NonTarget	1	211944
828.0309599080359	1.0	NonTarget	1	211976
828.1559598642434	1.0	NonTarget	1	212008
828.280959820451	1.0	NonTarget	1	212040
828.4059597766586	1.0	NonTarget	1	212072
828.5309597328662	1.0	NonTarget	1	212104
828.6559596890737	1.0	NonTarget	1	212136
828.7809596452813	1.0	NonTarget	1	212168
828.9059596014889	1.0	NonTarget	1	212200
829.0309595576965	1.0	NonTarget	1	212232
829.155959513904	1.0	NonTarget	1	212264
829.2809594701116	1.0	NonTarget	1	212296
829.4059594263192	1.0	NonTarget	1	212328
829.5309593825268	1.0	NonTarget	1	212360
829.6559593387344	1.0	NonTarget	1	212392
829.7809592949419	1.0	NonTarget	1	212424
829.9059592511495	1.0	NonTarget	1	212456
830.0309592073571	1.0	NonTarget	1	212488
830.1559591635647	1.0	NonTarget	1	212520
830.2809591197722	1.0	NonTarget	1	212552
830.4059590759798	1.0	NonTarget	1	212584
830.5309590321874	1.0	NonTarget	1	212616
830.655958988395	1.0	NonTarget	1	212648
830.7809589446025	1.0	NonTarget	1	212680
830.9059589008101	1.0	NonTarget	1	212712
831.0309588570177	1.0	NonTarget	1	212744
831.1559588132253	1.0	NonTarget	1	212776
831.2809587694328	1.0	NonTarget	1	212808
831.4059587256404	1.0	NonTarget	1	212840
831.530958681848	1.0	NonTarget	1	212872
831.6559586380556	1.0	NonTarget	1	212904
831.7809585942632	1.0	NonTarget	1	212936
831.9059585504707	1.0	NonTarget	1	212968
832.0309585066783	1.0	NonTarget	1	213000
832.1559584628859	1.0	NonTarget	1	213032
832.2809584190935	1.0	NonTarget	1	213064
832.405958375301	1.0	NonTarget	1	213096
832.5309583315086	1.0	NonTarget	1	213128
832.6559582877162	1.0	NonTarget	1	213160
832.7809582439238	1.0	NonTarget	1	213192
832.9059582001313	1.0	NonTarget	1	213224
833.0309581563389	1.0	NonTarget	1	213256
833.1559581125465	1.0	NonTarget	1	213288
833.2809580687541	1.0	NonTarget	1	213320
833.4059580249616	1.0	NonTarget	1	213352
833.5309579811692	1.0	NonTarget	1	213384
833.6559579373768	1.0	NonTarget	1	213416
833.7809578935844	1.0	NonTarget	1	213448
833.905957849792	1.0	NonTarget	1	213480
834.0309578059995	1.0	NonTarget	1	213512
834.1559577622071	1.0	NonTarget	1	213544
834.2809577184147	1.0	NonTarget	1	213576
834.4059576746223	1.0	NonTarget	1	213608
834.5309576308298	1.0	NonTarget	1	213640
834.6559575870374	1.0	NonTarget	1	213672
834.780957543245	1.0	NonTarget	1	213704
834.9059574994526	1.0	NonTarget	1	213736
835.0309574556601	1.0	NonTarget	1	213768
835.1559574118677	1.0	NonTarget	1	213800
835.2809573680753	1.0	NonTarget	1	213832
835.4059573242829	1.0	NonTarget	1	213864
835.5309572804904	1.0	NonTarget	1	213896
835.655957236698	1.0	NonTarget	1	213928
835.7809571929056	1.0	NonTarget	1	213960
835.9059571491132	1.0	NonTarget	1	213992
836.0309571053208	1.0	NonTarget	1	214024
836.1559570615283	1.0	NonTarget	1	214056
836.2809570177359	1.0	NonTarget	1	214088
836.4059569739435	1.0	NonTarget	1	214120
836.5309569301511	1.0	NonTarget	1	214152
836.6559568863586	1.0	NonTarget	1	214184
836.7809568425662	1.0	NonTarget	1	214216
836.9059567987738	1.0	NonTarget	1	214248
837.0309567549814	1.0	NonTarget	1	214280
837.1559567111889	1.0	NonTarget	1	214312
837.2809566673965	1.0	NonTarget	1	214344
837.4059566236041	1.0	NonTarget	1	214376
837.5309565798117	1.0	NonTarget	1	214408
837.6559565360193	1.0	NonTarget	1	214440
837.7809564922268	1.0	NonTarget	1	214472
837.9059564484344	1.0	NonTarget	1	214504
838.030956404642	1.0	NonTarget	1	214536
838.1559563608496	1.0	NonTarget	1	214568
838.2809563170571	1.0	NonTarget	1	214600
838.4059562732647	1.0	NonTarget	1	214632
844.530954127436	1.0	NonTarget	1	216200
844.6559540836435	1.0	NonTarget	1	216232
844.780954039851	1.0	NonTarget	1	216264
844.9059539960587	1.0	NonTarget	1	216296
845.0309539522663	1.0	NonTarget	1	216328
845.1559539084737	1.0	NonTarget	1	216360
845.2809538646814	1.0	NonTarget	1	216392
845.405953820889	1.0	NonTarget	1	216424
845.5309537770966	1.0	NonTarget	1	216456
845.6559537333042	1.0	NonTarget	1	216488
845.7809536895116	1.0	NonTarget	1	216520
845.9059536457193	1.0	NonTarget	1	216552
846.0309536019269	1.0	NonTarget	1	216584
846.1559535581345	1.0	NonTarget	1	216616
846.280953514342	1.0	NonTarget	1	216648
846.4059534705495	1.0	NonTarget	1	216680
846.5309534267572	1.0	NonTarget	1	216712
846.6559533829648	1.0	NonTarget	1	216744
846.7809533391722	1.0	NonTarget	1	216776
846.9059532953798	1.0	NonTarget	1	216808
847.0309532515874	1.0	NonTarget	1	216840
847.155953207795	1.0	NonTarget	1	216872
847.2809531640025	1.0	NonTarget	1	216904
847.4059531202101	1.0	NonTarget	1	216936
847.5309530764177	1.0	NonTarget	1	216968
847.6559530326253	1.0	NonTarget	1	217000
847.780952988833	1.0	NonTarget	1	217032
847.9059529450404	1.0	NonTarget	1	217064
848.030952901248	1.0	NonTarget	1	217096
848.1559528574556	1.0	NonTarget	1	217128
848.2809528136632	1.0	NonTarget	1	217160
848.4059527698707	1.0	NonTarget	1	217192
848.5309527260783	1.0	NonTarget	1	217224
848.6559526822859	1.0	NonTarget	1	217256
848.7809526384935	1.0	NonTarget	1	217288
848.905952594701	1.0	NonTarget	1	217320
849.0309525509086	1.0	NonTarget	1	217352
849.1559525071162	1.0	NonTarget	1	217384
849.2809524633238	1.0	NonTarget	1	217416
849.4059524195313	1.0	NonTarget	1	217448
849.5309523757389	1.0	NonTarget	1	217480
849.6559523319465	1.0	NonTarget	1	217512
849.7809522881541	1.0	NonTarget	1	217544
849.9059522443617	1.0	NonTarget	1	217576
850.0309522005692	1.0	NonTarget	1	217608
850.1559521567768	1.0	NonTarget	1	217640
850.2809521129844	1.0	NonTarget	1	217672
850.405952069192	1.0	NonTarget	1	217704
850.5309520253995	1.0	NonTarget	1	217736
850.6559519816071	1.0	NonTarget	1	217768
850.7809519378147	1.0	NonTarget	1	217800
850.9059518940223	1.0	NonTarget	1	217832
851.0309518502298	1.0	NonTarget	1	217864
851.1559518064374	1.0	NonTarget	1	217896
851.280951762645	1.0	NonTarget	1	217928
851.4059517188526	1.0	NonTarget	1	217960
851.5309516750601	1.0	NonTarget	1	217992
851.6559516312677	1.0	NonTarget	1	218024
851.7809515874753	1.0	NonTarget	1	218056
851.9059515436829	1.0	NonTarget	1	218088
852.0309514998905	1.0	NonTarget	1	218120
852.155951456098	1.0	NonTarget	1	218152
852.2809514123056	1.0	NonTarget	1	218184
852.4059513685132	1.0	NonTarget	1	218216
852.5309513247208	1.0	NonTarget	1	218248
852.6559512809283	1.0	NonTarget	1	218280
852.7809512371359	1.0	NonTarget	1	218312
852.9059511933435	1.0	NonTarget	1	218344
853.0309511495511	1.0	NonTarget	1	218376
853.1559511057586	1.0	NonTarget	1	218408
853.2809510619662	1.0	NonTarget	1	218440
853.4059510181738	1.0	NonTarget	1	218472
853.5309509743814	1.0	NonTarget	1	218504
853.6559509305889	1.0	NonTarget	1	218536
853.7809508867965	1.0	NonTarget	1	218568
853.9059508430041	1.0	NonTarget	1	218600
854.0309507992117	1.0	NonTarget	1	218632
854.1559507554193	1.0	NonTarget	1	218664
854.2809507116268	1.0	NonTarget	1	218696
854.4059506678344	1.0	NonTarget	1	218728
854.530950624042	1.0	NonTarget	1	218760
854.6559505802496	1.0	NonTarget	1	218792
854.7809505364571	1.0	NonTarget	1	218824
854.9059504926647	1.0	NonTarget	1	218856
855.0309504488723	1.0	NonTarget	1	218888
855.1559504050799	1.0	NonTarget	1	218920
855.2809503612874	1.0	NonTarget	1	218952
855.405950317495	1.0	NonTarget	1	218984
855.5309502737026	1.0	NonTarget	1	219016
855.6559502299102	1.0	NonTarget	1	219048
855.7809501861178	1.0	NonTarget	1	219080
855.9059501423253	1.0	NonTarget	1	219112
856.0309500985329	1.0	NonTarget	1	219144
856.1559500547405	1.0	NonTarget	1	219176
856.2809500109481	1.0	NonTarget	1	219208
856.4059499671556	1.0	NonTarget	1	219240
856.5309499233632	1.0	NonTarget	1	219272
856.6559498795708	1.0	NonTarget	1	219304
856.7809498357784	1.0	NonTarget	1	219336
856.9059497919859	1.0	NonTarget	1	219368
857.0309497481935	1.0	NonTarget	1	219400
857.1559497044011	1.0	NonTarget	1	219432
857.2809496606087	1.0	NonTarget	1	219464
857.4059496168162	1.0	NonTarget	1	219496
857.5309495730238	1.0	NonTarget	1	219528
857.6559495292314	1.0	NonTarget	1	219560
857.780949485439	1.0	NonTarget	1	219592
857.9059494416466	1.0	NonTarget	1	219624
858.0309493978541	1.0	NonTarget	1	219656
858.1559493540617	1.0	NonTarget	1	219688
858.2809493102693	1.0	NonTarget	1	219720
858.4059492664769	1.0	NonTarget	1	219752
858.5309492226844	1.0	NonTarget	1	219784
858.655949178892	1.0	NonTarget	1	219816
858.7809491350996	1.0	NonTarget	1	219848
858.9059490913072	1.0	NonTarget	1	219880
859.0309490475147	1.0	NonTarget	1	219912
859.1559490037223	1.0	NonTarget	1	219944
859.2809489599299	1.0	NonTarget	1	219976
859.4059489161375	1.0	NonTarget	1	220008
865.5309467703087	1.0	NonTarget	1	221576
865.6559467265163	1.0	NonTarget	1	221608
865.7809466827239	1.0	NonTarget	1	221640
865.9059466389315	1.0	NonTarget	1	221672
866.030946595139	1.0	NonTarget	1	221704
866.1559465513466	1.0	NonTarget	1	221736
866.2809465075542	1.0	NonTarget	1	221768
866.4059464637618	1.0	NonTarget	1	221800
866.5309464199693	1.0	NonTarget	1	221832
866.6559463761769	1.0	NonTarget	1	221864
866.7809463323845	1.0	NonTarget	1	221896
866.9059462885921	1.0	NonTarget	1	221928
867.0309462447996	1.0	NonTarget	1	221960
867.1559462010072	1.0	NonTarget	1	221992
867.2809461572148	1.0	NonTarget	1	222024
867.4059461134224	1.0	NonTarget	1	222056
867.5309460696299	1.0	NonTarget	1	222088
867.6559460258375	1.0	NonTarget	1	222120
867.7809459820451	1.0	NonTarget	1	222152
867.9059459382527	1.0	NonTarget	1	222184
868.0309458944603	1.0	NonTarget	1	222216
868.1559458506678	1.0	NonTarget	1	222248
868.2809458068754	1.0	NonTarget	1	222280
868.405945763083	1.0	NonTarget	1	222312
868.5309457192906	1.0	NonTarget	1	222344
868.6559456754981	1.0	NonTarget	1	222376
868.7809456317057	1.0	NonTarget	1	222408
868.9059455879133	1.0	NonTarget	1	222440
869.0309455441209	1.0	NonTarget	1	222472
869.1559455003284	1.0	NonTarget	1	222504
869.280945456536	1.0	NonTarget	1	222536
869.4059454127436	1.0	NonTarget	1	222568
869.5309453689512	1.0	NonTarget	1	222600
869.6559453251587	1.0	NonTarget	1	222632
869.7809452813663	1.0	NonTarget	1	222664
869.9059452375739	1.0	NonTarget	1	222696
870.0309451937815	1.0	NonTarget	1	222728
870.1559451499891	1.0	NonTarget	1	222760
870.2809451061966	1.0	NonTarget	1	222792
870.4059450624042	1.0	NonTarget	1	222824
870.5309450186118	1.0	NonTarget	1	222856
870.6559449748194	1.0	NonTarget	1	222888
870.7809449310269	1.0	NonTarget	1	222920
870.9059448872345	1.0	NonTarget	1	222952
871.0309448434421	1.0	NonTarget	1	222984
871.1559447996497	1.0	NonTarget	1	223016
871.2809447558571	1.0	NonTarget	1	223048
871.4059447120648	1.0	NonTarget	1	223080
871.5309446682724	1.0	NonTarget	1	223112
871.65594462448	1.0	NonTarget	1	223144
871.7809445806876	1.0	NonTarget	1	223176
871.905944536895	1.0	NonTarget	1	223208
872.0309444931027	1.0	NonTarget	1	223240
872.1559444493103	1.0	NonTarget	1	223272
872.2809444055179	1.0	NonTarget	1	223304
872.4059443617253	1.0	NonTarget	1	223336
872.530944317933	1.0	NonTarget	1	223368
872.6559442741406	1.0	NonTarget	1	223400
872.7809442303482	1.0	NonTarget	1	223432
872.9059441865556	1.0	NonTarget	1	223464
873.0309441427632	1.0	NonTarget	1	223496
873.1559440989708	1.0	NonTarget	1	223528
873.2809440551785	1.0	NonTarget	1	223560
873.4059440113859	1.0	NonTarget	1	223592
873.5309439675935	1.0	NonTarget	1	223624
873.6559439238011	1.0	NonTarget	1	223656
873.7809438800087	1.0	NonTarget	1	223688
873.9059438362164	1.0	NonTarget	1	223720
874.0309437924238	1.0	NonTarget	1	223752
874.1559437486314	1.0	NonTarget	1	223784
874.280943704839	1.0	NonTarget	1	223816
874.4059436610466	1.0	NonTarget	1	223848
874.5309436172541	1.0	NonTarget	1	223880
874.6559435734617	1.0	NonTarget	1	223912
874.7809435296693	1.0	NonTarget	1	223944
874.905943485877	1.0	NonTarget	1	223976
875.0309434420844	1.0	NonTarget	1	224008
875.155943398292	1.0	NonTarget	1	224040
875.2809433544996	1.0	NonTarget	1	224072
875.4059433107072	1.0	NonTarget	1	224104
875.5309432669147	1.0	NonTarget	1	224136
875.6559432231223	1.0	NonTarget	1	224168
875.7809431793299	1.0	NonTarget	1	224200
875.9059431355375	1.0	NonTarget	1	224232
876.0309430917451	1.0	NonTarget	1	224264
876.1559430479526	1.0	NonTarget	1	224296
876.2809430041602	1.0	NonTarget	1	224328
876.4059429603678	1.0	NonTarget	1	224360
876.5309429165754	1.0	NonTarget	1	224392
876.6559428727829	1.0	NonTarget	1	224424
876.7809428289905	1.0	NonTarget	1	224456
876.9059427851981	1.0	NonTarget	1	224488
877.0309427414057	1.0	NonTarget	1	224520
877.1559426976132	1.0	NonTarget	1	224552
877.2809426538208	1.0	NonTarget	1	224584
877.4059426100284	1.0	NonTarget	1	224616
877.530942566236	1.0	NonTarget	1	224648
877.6559425224435	1.0	NonTarget	1	224680
877.7809424786511	1.0	NonTarget	1	224712
877.9059424348587	1.0	NonTarget	1	224744
878.0309423910663	1.0	NonTarget	1	224776
878.1559423472739	1.0	NonTarget	1	224808
878.2809423034814	1.0	NonTarget	1	224840
878.405942259689	1.0	NonTarget	1	224872
878.5309422158966	1.0	NonTarget	1	224904
878.6559421721042	1.0	NonTarget	1	224936
878.7809421283117	1.0	NonTarget	1	224968
878.9059420845193	1.0	NonTarget	1	225000
879.0309420407269	1.0	NonTarget	1	225032
879.1559419969345	1.0	NonTarget	1	225064
879.280941953142	1.0	NonTarget	1	225096
879.4059419093496	1.0	NonTarget	1	225128
879.5309418655572	1.0	NonTarget	1	225160
879.6559418217648	1.0	NonTarget	1	225192
879.7809417779724	1.0	NonTarget	1	225224
879.9059417341799	1.0	NonTarget	1	225256
880.0309416903875	1.0	NonTarget	1	225288
880.1559416465951	1.0	NonTarget	1	225320
880.2809416028027	1.0	NonTarget	1	225352
880.4059415590102	1.0	NonTarget	1	225384
886.5309394131815	1.0	NonTarget	1	226952
886.6559393693891	1.0	NonTarget	1	226984
886.7809393255966	1.0	NonTarget	1	227016
886.9059392818042	1.0	NonTarget	1	227048
887.0309392380118	1.0	NonTarget	1	227080
887.1559391942194	1.0	NonTarget	1	227112
887.2809391504269	1.0	NonTarget	1	227144
887.4059391066345	1.0	NonTarget	1	227176
887.5309390628421	1.0	NonTarget	1	227208
887.6559390190497	1.0	NonTarget	1	227240
887.7809389752572	1.0	NonTarget	1	227272
887.9059389314648	1.0	NonTarget	1	227304
888.0309388876724	1.0	NonTarget	1	227336
888.15593884388	1.0	NonTarget	1	227368
888.2809388000876	1.0	NonTarget	1	227400
888.4059387562951	1.0	NonTarget	1	227432
888.5309387125027	1.0	NonTarget	1	227464
888.6559386687103	1.0	NonTarget	1	227496
888.7809386249179	1.0	NonTarget	1	227528
888.9059385811254	1.0	NonTarget	1	227560
889.030938537333	1.0	NonTarget	1	227592
889.1559384935406	1.0	NonTarget	1	227624
889.2809384497482	1.0	NonTarget	1	227656
889.4059384059557	1.0	NonTarget	1	227688
889.5309383621633	1.0	NonTarget	1	227720
889.6559383183709	1.0	NonTarget	1	227752
889.7809382745785	1.0	NonTarget	1	227784
889.9059382307861	1.0	NonTarget	1	227816
890.0309381869936	1.0	NonTarget	1	227848
890.1559381432012	1.0	NonTarget	1	227880
890.2809380994088	1.0	NonTarget	1	227912
890.4059380556164	1.0	NonTarget	1	227944
890.5309380118239	1.0	NonTarget	1	227976
890.6559379680315	1.0	NonTarget	1	228008
890.7809379242391	1.0	NonTarget	1	228040
890.9059378804467	1.0	NonTarget	1	228072
891.0309378366542	1.0	NonTarget	1	228104
891.1559377928618	1.0	NonTarget	1	228136
891.2809377490694	1.0	NonTarget	1	228168
891.405937705277	1.0	NonTarget	1	228200
891.5309376614845	1.0	NonTarget	1	228232
891.6559376176921	1.0	NonTarget	1	228264
891.7809375738997	1.0	NonTarget	1	228296
891.9059375301073	1.0	NonTarget	1	228328
892.0309374863149	1.0	NonTarget	1	228360
892.1559374425224	1.0	NonTarget	1	228392
892.28093739873	1.0	NonTarget	1	228424
892.4059373549376	1.0	NonTarget	1	228456
892.5309373111452	1.0	NonTarget	1	228488
892.6559372673527	1.0	NonTarget	1	228520
892.7809372235603	1.0	NonTarget	1	228552
892.9059371797679	1.0	NonTarget	1	228584
893.0309371359755	1.0	NonTarget	1	228616
893.155937092183	1.0	NonTarget	1	228648
893.2809370483906	1.0	NonTarget	1	228680
893.4059370045982	1.0	NonTarget	1	228712
893.5309369608058	1.0	NonTarget	1	228744
893.6559369170133	1.0	NonTarget	1	228776
893.7809368732209	1.0	NonTarget	1	228808
893.9059368294285	1.0	NonTarget	1	228840
894.0309367856361	1.0	NonTarget	1	228872
894.1559367418437	1.0	NonTarget	1	228904
894.2809366980512	1.0	NonTarget	1	228936
894.4059366542588	1.0	NonTarget	1	228968
894.5309366104664	1.0	NonTarget	1	229000
894.655936566674	1.0	NonTarget	1	229032
894.7809365228815	1.0	NonTarget	1	229064
894.9059364790891	1.0	NonTarget	1	229096
895.0309364352967	1.0	NonTarget	1	229128
895.1559363915043	1.0	NonTarget	1	229160
895.2809363477118	1.0	NonTarget	1	229192
895.4059363039194	1.0	NonTarget	1	229224
895.530936260127	1.0	NonTarget	1	229256
895.6559362163346	1.0	NonTarget	1	229288
895.780936172542	1.0	NonTarget	1	229320
895.9059361287497	1.0	NonTarget	1	229352
896.0309360849573	1.0	NonTarget	1	229384
896.1559360411649	1.0	NonTarget	1	229416
896.2809359973725	1.0	NonTarget	1	229448
896.40593595358	1.0	NonTarget	1	229480
896.5309359097876	1.0	NonTarget	1	229512
896.6559358659952	1.0	NonTarget	1	229544
896.7809358222028	1.0	NonTarget	1	229576
896.9059357784103	1.0	NonTarget	1	229608
897.0309357346179	1.0	NonTarget	1	229640
897.1559356908255	1.0	NonTarget	1	229672
897.2809356470331	1.0	NonTarget	1	229704
897.4059356032406	1.0	NonTarget	1	229736
897.5309355594482	1.0	NonTarget	1	229768
897.6559355156558	1.0	NonTarget	1	229800
897.7809354718634	1.0	NonTarget	1	229832
897.905935428071	1.0	NonTarget	1	229864
898.0309353842785	1.0	NonTarget	1	229896
898.155935340486	1.0	NonTarget	1	229928
898.2809352966937	1.0	NonTarget	1	229960
898.4059352529013	1.0	NonTarget	1	229992
898.5309352091087	1.0	NonTarget	1	230024
898.6559351653164	1.0	NonTarget	1	230056
898.780935121524	1.0	NonTarget	1	230088
898.9059350777316	1.0	NonTarget	1	230120
899.030935033939	1.0	NonTarget	1	230152
899.1559349901466	1.0	NonTarget	1	230184
899.2809349463543	1.0	NonTarget	1	230216
899.4059349025619	1.0	NonTarget	1	230248
899.5309348587693	1.0	NonTarget	1	230280
899.655934814977	1.0	NonTarget	1	230312
899.7809347711845	1.0	NonTarget	1	230344
899.9059347273922	1.0	NonTarget	1	230376
900.0309346835998	1.0	NonTarget	1	230408
900.1559346398072	1.0	NonTarget	1	230440
900.2809345960148	1.0	NonTarget	1	230472
900.4059345522224	1.0	NonTarget	1	230504
900.53093450843	1.0	NonTarget	1	230536
900.6559344646375	1.0	NonTarget	1	230568
900.7809344208451	1.0	NonTarget	1	230600
900.9059343770527	1.0	NonTarget	1	230632
901.0309343332603	1.0	NonTarget	1	230664
901.1559342894678	1.0	NonTarget	1	230696
901.2809342456754	1.0	NonTarget	1	230728
901.405934201883	1.0	NonTarget	1	230760
907.5309320560542	1.0	NonTarget	1	232328
907.6559320122618	1.0	NonTarget	1	232360
907.7809319684694	1.0	NonTarget	1	232392
907.905931924677	1.0	NonTarget	1	232424
908.0309318808846	1.0	NonTarget	1	232456
908.1559318370921	1.0	NonTarget	1	232488
908.2809317932997	1.0	NonTarget	1	232520
908.4059317495073	1.0	NonTarget	1	232552
908.5309317057149	1.0	NonTarget	1	232584
908.6559316619224	1.0	NonTarget	1	232616
908.78093161813	1.0	NonTarget	1	232648
908.9059315743376	1.0	NonTarget	1	232680
909.0309315305452	1.0	NonTarget	1	232712
909.1559314867527	1.0	NonTarget	1	232744
909.2809314429603	1.0	NonTarget	1	232776
909.4059313991679	1.0	NonTarget	1	232808
909.5309313553755	1.0	NonTarget	1	232840
909.655931311583	1.0	NonTarget	1	232872
909.7809312677906	1.0	NonTarget	1	232904
909.9059312239982	1.0	NonTarget	1	232936
910.0309311802058	1.0	NonTarget	1	232968
910.1559311364134	1.0	NonTarget	1	233000
910.2809310926209	1.0	NonTarget	1	233032
910.4059310488285	1.0	NonTarget	1	233064
910.5309310050361	1.0	NonTarget	1	233096
910.6559309612437	1.0	NonTarget	1	233128
910.7809309174512	1.0	NonTarget	1	233160
910.9059308736588	1.0	NonTarget	1	233192
911.0309308298664	1.0	NonTarget	1	233224
911.155930786074	1.0	NonTarget	1	233256
911.2809307422815	1.0	NonTarget	1	233288
911.4059306984891	1.0	NonTarget	1	233320
911.5309306546967	1.0	NonTarget	1	233352
911.6559306109043	1.0	NonTarget	1	233384
911.7809305671118	1.0	NonTarget	1	233416
911.9059305233194	1.0	NonTarget	1	233448
912.030930479527	1.0	NonTarget	1	233480
912.1559304357346	1.0	NonTarget	1	233512
912.2809303919422	1.0	NonTarget	1	233544
912.4059303481497	1.0	NonTarget	1	233576
912.5309303043573	1.0	NonTarget	1	233608
912.6559302605649	1.0	NonTarget	1	233640
912.7809302167725	1.0	NonTarget	1	233672
912.90593017298	1.0	NonTarget	1	233704
913.0309301291876	1.0	NonTarget	1	233736
913.1559300853952	1.0	NonTarget	1	233768
913.2809300416028	1.0	NonTarget	1	233800
913.4059299978103	1.0	NonTarget	1	233832
913.5309299540179	1.0	NonTarget	1	233864
913.6559299102255	1.0	NonTarget	1	233896
913.7809298664331	1.0	NonTarget	1	233928
913.9059298226407	1.0	NonTarget	1	233960
914.0309297788482	1.0	NonTarget	1	233992
914.1559297350558	1.0	NonTarget	1	234024
914.2809296912634	1.0	NonTarget	1	234056
914.405929647471	1.0	NonTarget	1	234088
914.5309296036785	1.0	NonTarget	1	234120
914.6559295598861	1.0	NonTarget	1	234152
914.7809295160937	1.0	NonTarget	1	234184
914.9059294723013	1.0	NonTarget	1	234216
915.0309294285088	1.0	NonTarget	1	234248
915.1559293847164	1.0	NonTarget	1	234280
915.280929340924	1.0	NonTarget	1	234312
915.4059292971316	1.0	NonTarget	1	234344
915.5309292533391	1.0	NonTarget	1	234376
915.6559292095467	1.0	NonTarget	1	234408
915.7809291657543	1.0	NonTarget	1	234440
915.9059291219619	1.0	NonTarget	1	234472
916.0309290781695	1.0	NonTarget	1	234504
916.155929034377	1.0	NonTarget	1	234536
916.2809289905846	1.0	NonTarget	1	234568
916.4059289467922	1.0	NonTarget	1	234600
916.5309289029998	1.0	NonTarget	1	234632
916.6559288592073	1.0	NonTarget	1	234664
916.7809288154149	1.0	NonTarget	1	234696
916.9059287716225	1.0	NonTarget	1	234728
917.0309287278301	1.0	NonTarget	1	234760
917.1559286840376	1.0	NonTarget	1	234792
917.2809286402452	1.0	NonTarget	1	234824
917.4059285964528	1.0	NonTarget	1	234856
917.5309285526604	1.0	NonTarget	1	234888
917.6559285088679	1.0	NonTarget	1	234920
917.7809284650755	1.0	NonTarget	1	234952
917.9059284212831	1.0	NonTarget	1	234984
918.0309283774907	1.0	NonTarget	1	235016
918.1559283336983	1.0	NonTarget	1	235048
918.2809282899058	1.0	NonTarget	1	235080
918.4059282461134	1.0	NonTarget	1	235112
918.530928202321	1.0	NonTarget	1	235144
918.6559281585286	1.0	NonTarget	1	235176
918.7809281147361	1.0	NonTarget	1	235208
918.9059280709437	1.0	NonTarget	1	235240
919.0309280271513	1.0	NonTarget	1	235272
919.1559279833589	1.0	NonTarget	1	235304
919.2809279395664	1.0	NonTarget	1	235336
919.405927895774	1.0	NonTarget	1	235368
919.5309278519816	1.0	NonTarget	1	235400
919.6559278081892	1.0	NonTarget	1	235432
919.7809277643967	1.0	NonTarget	1	235464
919.9059277206043	1.0	NonTarget	1	235496
920.0309276768119	1.0	NonTarget	1	235528
920.1559276330195	1.0	NonTarget	1	235560
920.2809275892271	1.0	NonTarget	1	235592
920.4059275454346	1.0	NonTarget	1	235624
920.5309275016422	1.0	NonTarget	1	235656
920.6559274578498	1.0	NonTarget	1	235688
920.7809274140574	1.0	NonTarget	1	235720
920.9059273702649	1.0	NonTarget	1	235752
921.0309273264725	1.0	NonTarget	1	235784
921.1559272826801	1.0	NonTarget	1	235816
921.2809272388877	1.0	NonTarget	1	235848
921.4059271950952	1.0	NonTarget	1	235880
921.5309271513028	1.0	NonTarget	1	235912
921.6559271075104	1.0	NonTarget	1	235944
921.780927063718	1.0	NonTarget	1	235976
921.9059270199255	1.0	NonTarget	1	236008
922.0309269761331	1.0	NonTarget	1	236040
922.1559269323407	1.0	NonTarget	1	236072
922.2809268885483	1.0	NonTarget	1	236104
922.4059268447559	1.0	NonTarget	1	236136
928.530924698927	1.0	NonTarget	1	237704
928.6559246551346	1.0	NonTarget	1	237736
928.7809246113422	1.0	NonTarget	1	237768
928.9059245675497	1.0	NonTarget	1	237800
929.0309245237573	1.0	NonTarget	1	237832
929.1559244799649	1.0	NonTarget	1	237864
929.2809244361725	1.0	NonTarget	1	237896
929.40592439238	1.0	NonTarget	1	237928
929.5309243485876	1.0	NonTarget	1	237960
929.6559243047952	1.0	NonTarget	1	237992
929.7809242610028	1.0	NonTarget	1	238024
929.9059242172103	1.0	NonTarget	1	238056
930.0309241734179	1.0	NonTarget	1	238088
930.1559241296255	1.0	NonTarget	1	238120
930.2809240858331	1.0	NonTarget	1	238152
930.4059240420407	1.0	NonTarget	1	238184
930.5309239982482	1.0	NonTarget	1	238216
930.6559239544558	1.0	NonTarget	1	238248
930.7809239106634	1.0	NonTarget	1	238280
930.905923866871	1.0	NonTarget	1	238312
931.0309238230785	1.0	NonTarget	1	238344
931.1559237792861	1.0	NonTarget	1	238376
931.2809237354937	1.0	NonTarget	1	238408
931.4059236917013	1.0	NonTarget	1	238440
931.5309236479088	1.0	NonTarget	1	238472
931.6559236041164	1.0	NonTarget	1	238504
931.780923560324	1.0	NonTarget	1	238536
931.9059235165316	1.0	NonTarget	1	238568
932.0309234727392	1.0	NonTarget	1	238600
932.1559234289467	1.0	NonTarget	1	238632
932.2809233851543	1.0	NonTarget	1	238664
932.4059233413619	1.0	NonTarget	1	238696
932.5309232975695	1.0	NonTarget	1	238728
932.655923253777	1.0	NonTarget	1	238760
932.7809232099846	1.0	NonTarget	1	238792
932.9059231661922	1.0	NonTarget	1	238824
933.0309231223998	1.0	NonTarget	1	238856
933.1559230786073	1.0	NonTarget	1	238888
933.2809230348149	1.0	NonTarget	1	238920
933.4059229910225	1.0	NonTarget	1	238952
933.5309229472301	1.0	NonTarget	1	238984
933.6559229034376	1.0	NonTarget	1	239016
933.7809228596452	1.0	NonTarget	1	239048
933.9059228158528	1.0	NonTarget	1	239080
934.0309227720604	1.0	NonTarget	1	239112
934.155922728268	1.0	NonTarget	1	239144
934.2809226844755	1.0	NonTarget	1	239176
934.4059226406831	1.0	NonTarget	1	239208
934.5309225968907	1.0	NonTarget	1	239240
934.6559225530983	1.0	NonTarget	1	239272
934.7809225093058	1.0	NonTarget	1	239304
934.9059224655134	1.0	NonTarget	1	239336
935.030922421721	1.0	NonTarget	1	239368
935.1559223779286	1.0	NonTarget	1	239400
935.2809223341361	1.0	NonTarget	1	239432
935.4059222903437	1.0	NonTarget	1	239464
935.5309222465513	1.0	NonTarget	1	239496
935.6559222027589	1.0	NonTarget	1	239528
935.7809221589664	1.0	NonTarget	1	239560
935.905922115174	1.0	NonTarget	1	239592
936.0309220713816	1.0	NonTarget	1	239624
936.1559220275892	1.0	NonTarget	1	239656
936.2809219837968	1.0	NonTarget	1	239688
936.4059219400043	1.0	NonTarget	1	239720
936.5309218962119	1.0	NonTarget	1	239752
936.6559218524195	1.0	NonTarget	1	239784
936.7809218086271	1.0	NonTarget	1	239816
936.9059217648346	1.0	NonTarget	1	239848
937.0309217210422	1.0	NonTarget	1	239880
937.1559216772498	1.0	NonTarget	1	239912
937.2809216334574	1.0	NonTarget	1	239944
937.4059215896649	1.0	NonTarget	1	239976
937.5309215458725	1.0	NonTarget	1	240008
937.6559215020801	1.0	NonTarget	1	240040
937.7809214582877	1.0	NonTarget	1	240072
937.9059214144952	1.0	NonTarget	1	240104
938.0309213707028	1.0	NonTarget	1	240136
938.1559213269104	1.0	NonTarget	1	240168
938.280921283118	1.0	NonTarget	1	240200
938.4059212393256	1.0	NonTarget	1	240232
938.5309211955331	1.0	NonTarget	1	240264
938.6559211517407	1.0	NonTarget	1	240296
938.7809211079483	1.0	NonTarget	1	240328
938.9059210641559	1.0	NonTarget	1	240360
939.0309210203634	1.0	NonTarget	1	240392
939.155920976571	1.0	NonTarget	1	240424
939.2809209327786	1.0	NonTarget	1	240456
939.4059208889862	1.0	NonTarget	1	240488
939.5309208451937	1.0	NonTarget	1	240520
939.6559208014013	1.0	NonTarget	1	240552
939.7809207576089	1.0	NonTarget	1	240584
939.9059207138165	1.0	NonTarget	1	240616
940.0309206700241	1.0	NonTarget	1	240648
940.1559206262316	1.0	NonTarget	1	240680
940.2809205824392	1.0	NonTarget	1	240712
940.4059205386468	1.0	NonTarget	1	240744
940.5309204948544	1.0	NonTarget	1	240776
940.6559204510619	1.0	NonTarget	1	240808
940.7809204072695	1.0	NonTarget	1	240840
940.9059203634771	1.0	NonTarget	1	240872
941.0309203196847	1.0	NonTarget	1	240904
941.1559202758922	1.0	NonTarget	1	240936
941.2809202320998	1.0	NonTarget	1	240968
941.4059201883074	1.0	NonTarget	1	241000
941.530920144515	1.0	NonTarget	1	241032
941.6559201007225	1.0	NonTarget	1	241064
941.7809200569301	1.0	NonTarget	1	241096
941.9059200131377	1.0	NonTarget	1	241128
942.0309199693453	1.0	NonTarget	1	241160
942.1559199255529	1.0	NonTarget	1	241192
942.2809198817604	1.0	NonTarget	1	241224
942.405919837968	1.0	NonTarget	1	241256
942.5309197941756	1.0	NonTarget	1	241288
942.6559197503832	1.0	NonTarget	1	241320
942.7809197065907	1.0	NonTarget	1	241352
942.9059196627983	1.0	NonTarget	1	241384
943.0309196190059	1.0	NonTarget	1	241416
943.1559195752135	1.0	NonTarget	1	241448
943.280919531421	1.0	NonTarget	1	241480
943.4059194876286	1.0	NonTarget	1	241512
949.5309173417999	1.0	NonTarget	1	243080
949.6559172980074	1.0	NonTarget	1	243112
949.780917254215	1.0	NonTarget	1	243144
949.9059172104226	1.0	NonTarget	1	243176
950.0309171666302	1.0	NonTarget	1	243208
950.1559171228378	1.0	NonTarget	1	243240
950.2809170790453	1.0	NonTarget	1	243272
950.4059170352529	1.0	NonTarget	1	243304
950.5309169914605	1.0	NonTarget	1	243336
950.6559169476681	1.0	NonTarget	1	243368
950.7809169038755	1.0	NonTarget	1	243400
950.9059168600832	1.0	NonTarget	1	243432
951.0309168162908	1.0	NonTarget	1	243464
951.1559167724984	1.0	NonTarget	1	243496
951.2809167287058	1.0	NonTarget	1	243528
951.4059166849134	1.0	NonTarget	1	243560
951.530916641121	1.0	NonTarget	1	243592
951.6559165973287	1.0	NonTarget	1	243624
951.7809165535361	1.0	NonTarget	1	243656
951.9059165097437	1.0	NonTarget	1	243688
952.0309164659513	1.0	NonTarget	1	243720
952.155916422159	1.0	NonTarget	1	243752
952.2809163783666	1.0	NonTarget	1	243784
952.405916334574	1.0	NonTarget	1	243816
952.5309162907816	1.0	NonTarget	1	243848
952.6559162469892	1.0	NonTarget	1	243880
952.7809162031969	1.0	NonTarget	1	243912
952.9059161594043	1.0	NonTarget	1	243944
953.030916115612	1.0	NonTarget	1	243976
953.1559160718195	1.0	NonTarget	1	244008
953.2809160280271	1.0	NonTarget	1	244040
953.4059159842346	1.0	NonTarget	1	244072
953.5309159404422	1.0	NonTarget	1	244104
953.6559158966498	1.0	NonTarget	1	244136
953.7809158528574	1.0	NonTarget	1	244168
953.9059158090649	1.0	NonTarget	1	244200
954.0309157652725	1.0	NonTarget	1	244232
954.1559157214801	1.0	NonTarget	1	244264
954.2809156776877	1.0	NonTarget	1	244296
954.4059156338953	1.0	NonTarget	1	244328
954.5309155901028	1.0	NonTarget	1	244360
954.6559155463104	1.0	NonTarget	1	244392
954.780915502518	1.0	NonTarget	1	244424
954.9059154587256	1.0	NonTarget	1	244456
955.0309154149331	1.0	NonTarget	1	244488
955.1559153711407	1.0	NonTarget	1	244520
955.2809153273483	1.0	NonTarget	1	244552
955.4059152835559	1.0	NonTarget	1	244584
955.5309152397634	1.0	NonTarget	1	244616
955.655915195971	1.0	NonTarget	1	244648
955.7809151521786	1.0	NonTarget	1	244680
955.9059151083862	1.0	NonTarget	1	244712
956.0309150645937	1.0	NonTarget	1	244744
956.1559150208013	1.0	NonTarget	1	244776
956.2809149770089	1.0	NonTarget	1	244808
956.4059149332165	1.0	NonTarget	1	244840
956.5309148894241	1.0	NonTarget	1	244872
956.6559148456316	1.0	NonTarget	1	244904
956.7809148018392	1.0	NonTarget	1	244936
956.9059147580468	1.0	NonTarget	1	244968
957.0309147142544	1.0	NonTarget	1	245000
957.1559146704619	1.0	NonTarget	1	245032
957.2809146266695	1.0	NonTarget	1	245064
957.4059145828771	1.0	NonTarget	1	245096
957.5309145390847	1.0	NonTarget	1	245128
957.6559144952922	1.0	NonTarget	1	245160
957.7809144514998	1.0	NonTarget	1	245192
957.9059144077074	1.0	NonTarget	1	245224
958.030914363915	1.0	NonTarget	1	245256
958.1559143201226	1.0	NonTarget	1	245288
958.2809142763301	1.0	NonTarget	1	245320
958.4059142325377	1.0	NonTarget	1	245352
958.5309141887453	1.0	NonTarget	1	245384
958.6559141449529	1.0	NonTarget	1	245416
958.7809141011604	1.0	NonTarget	1	245448
958.905914057368	1.0	NonTarget	1	245480
959.0309140135756	1.0	NonTarget	1	245512
959.1559139697832	1.0	NonTarget	1	245544
959.2809139259907	1.0	NonTarget	1	245576
959.4059138821983	1.0	NonTarget	1	245608
959.5309138384059	1.0	NonTarget	1	245640
959.6559137946135	1.0	NonTarget	1	245672
959.780913750821	1.0	NonTarget	1	245704
959.9059137070286	1.0	NonTarget	1	245736
960.0309136632362	1.0	NonTarget	1	245768
960.1559136194438	1.0	NonTarget	1	245800
960.2809135756514	1.0	NonTarget	1	245832
960.4059135318589	1.0	NonTarget	1	245864
960.5309134880665	1.0	NonTarget	1	245896
960.6559134442741	1.0	NonTarget	1	245928
960.7809134004817	1.0	NonTarget	1	245960
960.9059133566892	1.0	NonTarget	1	245992
961.0309133128968	1.0	NonTarget	1	246024
961.1559132691044	1.0	NonTarget	1	246056
961.280913225312	1.0	NonTarget	1	246088
961.4059131815195	1.0	NonTarget	1	246120
961.5309131377271	1.0	NonTarget	1	246152
961.6559130939347	1.0	NonTarget	1	246184
961.7809130501423	1.0	NonTarget	1	246216
961.9059130063498	1.0	NonTarget	1	246248
962.0309129625574	1.0	NonTarget	1	246280
962.155912918765	1.0	NonTarget	1	246312
962.2809128749726	1.0	NonTarget	1	246344
962.4059128311802	1.0	NonTarget	1	246376
962.5309127873877	1.0	NonTarget	1	246408
962.6559127435953	1.0	NonTarget	1	246440
962.7809126998029	1.0	NonTarget	1	246472
962.9059126560105	1.0	NonTarget	1	246504
963.030912612218	1.0	NonTarget	1	246536
963.1559125684256	1.0	NonTarget	1	246568
963.2809125246332	1.0	NonTarget	1	246600
963.4059124808408	1.0	NonTarget	1	246632
963.5309124370483	1.0	NonTarget	1	246664
963.6559123932559	1.0	NonTarget	1	246696
963.7809123494635	1.0	NonTarget	1	246728
963.9059123056711	1.0	NonTarget	1	246760
964.0309122618786	1.0	NonTarget	1	246792
964.1559122180862	1.0	NonTarget	1	246824
964.2809121742938	1.0	NonTarget	1	246856
964.4059121305014	1.0	NonTarget	1	246888
970.5309099846726	1.0	NonTarget	1	248456
970.6559099408802	1.0	NonTarget	1	248488
970.7809098970878	1.0	NonTarget	1	248520
970.9059098532954	1.0	NonTarget	1	248552
971.0309098095029	1.0	NonTarget	1	248584
971.1559097657105	1.0	NonTarget	1	248616
971.2809097219181	1.0	NonTarget	1	248648
971.4059096781257	1.0	NonTarget	1	248680
971.5309096343332	1.0	NonTarget	1	248712
971.6559095905408	1.0	NonTarget	1	248744
971.7809095467484	1.0	NonTarget	1	248776
971.905909502956	1.0	NonTarget	1	248808
972.0309094591635	1.0	NonTarget	1	248840
972.1559094153711	1.0	NonTarget	1	248872
972.2809093715787	1.0	NonTarget	1	248904
972.4059093277863	1.0	NonTarget	1	248936
972.5309092839939	1.0	NonTarget	1	248968
972.6559092402014	1.0	NonTarget	1	249000
972.780909196409	1.0	NonTarget	1	249032
972.9059091526166	1.0	NonTarget	1	249064
973.0309091088242	1.0	NonTarget	1	249096
973.1559090650317	1.0	NonTarget	1	249128
973.2809090212393	1.0	NonTarget	1	249160
973.4059089774469	1.0	NonTarget	1	249192
973.5309089336545	1.0	NonTarget	1	249224
973.655908889862	1.0	NonTarget	1	249256
973.7809088460696	1.0	NonTarget	1	249288
973.9059088022772	1.0	NonTarget	1	249320
974.0309087584848	1.0	NonTarget	1	249352
974.1559087146924	1.0	NonTarget	1	249384
974.2809086708999	1.0	NonTarget	1	249416
974.4059086271075	1.0	NonTarget	1	249448
974.5309085833151	1.0	NonTarget	1	249480
974.6559085395227	1.0	NonTarget	1	249512
974.7809084957302	1.0	NonTarget	1	249544
974.9059084519378	1.0	NonTarget	1	249576
975.0309084081454	1.0	NonTarget	1	249608
975.155908364353	1.0	NonTarget	1	249640
975.2809083205605	1.0	NonTarget	1	249672
975.4059082767681	1.0	NonTarget	1	249704
975.5309082329757	1.0	NonTarget	1	249736
975.6559081891833	1.0	NonTarget	1	249768
975.7809081453908	1.0	NonTarget	1	249800
975.9059081015984	1.0	NonTarget	1	249832
976.030908057806	1.0	NonTarget	1	249864
976.1559080140136	1.0	NonTarget	1	249896
976.2809079702212	1.0	NonTarget	1	249928
976.4059079264287	1.0	NonTarget	1	249960
976.5309078826363	1.0	NonTarget	1	249992
976.6559078388439	1.0	NonTarget	1	250024
976.7809077950515	1.0	NonTarget	1	250056
976.905907751259	1.0	NonTarget	1	250088
977.0309077074666	1.0	NonTarget	1	250120
977.1559076636742	1.0	NonTarget	1	250152
977.2809076198818	1.0	NonTarget	1	250184
977.4059075760892	1.0	NonTarget	1	250216
977.5309075322969	1.0	NonTarget	1	250248
977.6559074885045	1.0	NonTarget	1	250280
977.780907444712	1.0	NonTarget	1	250312
977.9059074009195	1.0	NonTarget	1	250344
978.0309073571271	1.0	NonTarget	1	250376
978.1559073133348	1.0	NonTarget	1	250408
978.2809072695424	1.0	NonTarget	1	250440
978.40590722575	1.0	NonTarget	1	250472
978.5309071819574	1.0	NonTarget	1	250504
978.655907138165	1.0	NonTarget	1	250536
978.7809070943727	1.0	NonTarget	1	250568
978.9059070505803	1.0	NonTarget	1	250600
979.0309070067877	1.0	NonTarget	1	250632
979.1559069629953	1.0	NonTarget	1	250664
979.280906919203	1.0	NonTarget	1	250696
979.4059068754106	1.0	NonTarget	1	250728
979.530906831618	1.0	NonTarget	1	250760
979.6559067878256	1.0	NonTarget	1	250792
979.7809067440332	1.0	NonTarget	1	250824
979.9059067002408	1.0	NonTarget	1	250856
980.0309066564483	1.0	NonTarget	1	250888
980.1559066126559	1.0	NonTarget	1	250920
980.2809065688635	1.0	NonTarget	1	250952
980.4059065250711	1.0	NonTarget	1	250984
980.5309064812787	1.0	NonTarget	1	251016
980.6559064374862	1.0	NonTarget	1	251048
980.7809063936938	1.0	NonTarget	1	251080
980.9059063499014	1.0	NonTarget	1	251112
981.030906306109	1.0	NonTarget	1	251144
981.1559062623165	1.0	NonTarget	1	251176
981.2809062185241	1.0	NonTarget	1	251208
981.4059061747317	1.0	NonTarget	1	251240
981.5309061309393	1.0	NonTarget	1	251272
981.6559060871468	1.0	NonTarget	1	251304
981.7809060433544	1.0	NonTarget	1	251336
981.905905999562	1.0	NonTarget	1	251368
982.0309059557696	1.0	NonTarget	1	251400
982.1559059119771	1.0	NonTarget	1	251432
982.2809058681847	1.0	NonTarget	1	251464
982.4059058243923	1.0	NonTarget	1	251496
982.5309057805999	1.0	NonTarget	1	251528
982.6559057368075	1.0	NonTarget	1	251560
982.780905693015	1.0	NonTarget	1	251592
982.9059056492226	1.0	NonTarget	1	251624
983.0309056054302	1.0	NonTarget	1	251656
983.1559055616378	1.0	NonTarget	1	251688
983.2809055178453	1.0	NonTarget	1	251720
983.4059054740529	1.0	NonTarget	1	251752
983.5309054302605	1.0	NonTarget	1	251784
983.6559053864681	1.0	NonTarget	1	251816
983.7809053426756	1.0	NonTarget	1	251848
983.9059052988832	1.0	NonTarget	1	251880
984.0309052550908	1.0	NonTarget	1	251912
984.1559052112984	1.0	NonTarget	1	251944
984.280905167506	1.0	NonTarget	1	251976
984.4059051237135	1.0	NonTarget	1	252008
984.5309050799211	1.0	NonTarget	1	252040
984.6559050361287	1.0	NonTarget	1	252072
984.7809049923363	1.0	NonTarget	1	252104
984.9059049485438	1.0	NonTarget	1	252136
985.0309049047514	1.0	NonTarget	1	252168
985.155904860959	1.0	NonTarget	1	252200
985.2809048171666	1.0	NonTarget	1	252232
985.4059047733741	1.0	NonTarget	1	252264
991.5309026275454	1.0	NonTarget	1	253832
991.655902583753	1.0	NonTarget	1	253864
991.7809025399605	1.0	NonTarget	1	253896
991.9059024961681	1.0	NonTarget	1	253928
992.0309024523757	1.0	NonTarget	1	253960
992.1559024085833	1.0	NonTarget	1	253992
992.2809023647909	1.0	NonTarget	1	254024
992.4059023209984	1.0	NonTarget	1	254056
992.530902277206	1.0	NonTarget	1	254088
992.6559022334136	1.0	NonTarget	1	254120
992.7809021896212	1.0	NonTarget	1	254152
992.9059021458287	1.0	NonTarget	1	254184
993.0309021020363	1.0	NonTarget	1	254216
993.1559020582439	1.0	NonTarget	1	254248
993.2809020144515	1.0	NonTarget	1	254280
993.405901970659	1.0	NonTarget	1	254312
993.5309019268666	1.0	NonTarget	1	254344
993.6559018830742	1.0	NonTarget	1	254376
993.7809018392818	1.0	NonTarget	1	254408
993.9059017954893	1.0	NonTarget	1	254440
994.0309017516969	1.0	NonTarget	1	254472
994.1559017079045	1.0	NonTarget	1	254504
994.2809016641121	1.0	NonTarget	1	254536
994.4059016203197	1.0	NonTarget	1	254568
994.5309015765272	1.0	NonTarget	1	254600
994.6559015327348	1.0	NonTarget	1	254632
994.7809014889424	1.0	NonTarget	1	254664
994.90590144515	1.0	NonTarget	1	254696
995.0309014013575	1.0	NonTarget	1	254728
995.1559013575651	1.0	NonTarget	1	254760
995.2809013137727	1.0	NonTarget	1	254792
995.4059012699803	1.0	NonTarget	1	254824
995.5309012261878	1.0	NonTarget	1	254856
995.6559011823954	1.0	NonTarget	1	254888
995.780901138603	1.0	NonTarget	1	254920
995.9059010948106	1.0	NonTarget	1	254952
996.0309010510181	1.0	NonTarget	1	254984
996.1559010072257	1.0	NonTarget	1	255016
996.2809009634333	1.0	NonTarget	1	255048
996.4059009196409	1.0	NonTarget	1	255080
996.5309008758485	1.0	NonTarget	1	255112
996.655900832056	1.0	NonTarget	1	255144
996.7809007882636	1.0	NonTarget	1	255176
996.9059007444712	1.0	NonTarget	1	255208
997.0309007006788	1.0	NonTarget	1	255240
997.1559006568863	1.0	NonTarget	1	255272
997.2809006130939	1.0	NonTarget	1	255304
997.4059005693015	1.0	NonTarget	1	255336
997.5309005255091	1.0	NonTarget	1	255368
997.6559004817166	1.0	NonTarget	1	255400
997.7809004379242	1.0	NonTarget	1	255432
997.9059003941318	1.0	NonTarget	1	255464
998.0309003503394	1.0	NonTarget	1	255496
998.1559003065469	1.0	NonTarget	1	255528
998.2809002627545	1.0	NonTarget	1	255560
998.4059002189621	1.0	NonTarget	1	255592
998.5309001751697	1.0	NonTarget	1	255624
998.6559001313773	1.0	NonTarget	1	255656
998.7809000875848	1.0	NonTarget	1	255688
998.9059000437924	1.0	NonTarget	1	255720
999.0309	1.0	NonTarget	1	255752
999.1558999562076	1.0	NonTarget	1	255784
999.2808999124151	1.0	NonTarget	1	255816
999.4058998686227	1.0	NonTarget	1	255848
999.5308998248303	1.0	NonTarget	1	255880
999.6558997810379	1.0	NonTarget	1	255912
999.7808997372454	1.0	NonTarget	1	255944
999.905899693453	1.0	NonTarget	1	255976
1000.0308996496606	1.0	NonTarget	1	256008
1000.1558996058682	1.0	NonTarget	1	256040
1000.2808995620758	1.0	NonTarget	1	256072
1000.4058995182833	1.0	NonTarget	1	256104
1000.5308994744909	1.0	NonTarget	1	256136
1000.6558994306985	1.0	NonTarget	1	256168
1000.7808993869061	1.0	NonTarget	1	256200
1000.9058993431136	1.0	NonTarget	1	256232
1001.0308992993212	1.0	NonTarget	1	256264
1001.1558992555288	1.0	NonTarget	1	256296
1001.2808992117364	1.0	NonTarget	1	256328
1001.4058991679439	1.0	NonTarget	1	256360
1001.5308991241515	1.0	NonTarget	1	256392
1001.6558990803591	1.0	NonTarget	1	256424
1001.7808990365667	1.0	NonTarget	1	256456
1001.9058989927742	1.0	NonTarget	1	256488
1002.0308989489818	1.0	NonTarget	1	256520
1002.1558989051894	1.0	NonTarget	1	256552
1002.280898861397	1.0	NonTarget	1	256584
1002.4058988176046	1.0	NonTarget	1	256616
1002.530898773812	1.0	NonTarget	1	256648
1002.6558987300197	1.0	NonTarget	1	256680
1002.7808986862273	1.0	NonTarget	1	256712
1002.9058986424349	1.0	NonTarget	1	256744
1003.0308985986424	1.0	NonTarget	1	256776
1003.15589855485	1.0	NonTarget	1	256808
1003.2808985110576	1.0	NonTarget	1	256840
1003.4058984672652	1.0	NonTarget	1	256872
1003.5308984234726	1.0	NonTarget	1	256904
1003.6558983796803	1.0	NonTarget	1	256936
1003.7808983358879	1.0	NonTarget	1	256968
1003.9058982920955	1.0	NonTarget	1	257000
1004.030898248303	1.0	NonTarget	1	257032
1004.1558982045105	1.0	NonTarget	1	257064
1004.2808981607182	1.0	NonTarget	1	257096
1004.4058981169258	1.0	NonTarget	1	257128
1004.5308980731334	1.0	NonTarget	1	257160
1004.6558980293408	1.0	NonTarget	1	257192
1004.7808979855484	1.0	NonTarget	1	257224
1004.905897941756	1.0	NonTarget	1	257256
1005.0308978979637	1.0	NonTarget	1	257288
1005.1558978541711	1.0	NonTarget	1	257320
1005.2808978103787	1.0	NonTarget	1	257352
1005.4058977665863	1.0	NonTarget	1	257384
1005.530897722794	1.0	NonTarget	1	257416
1005.6558976790014	1.0	NonTarget	1	257448
1005.780897635209	1.0	NonTarget	1	257480
1005.9058975914166	1.0	NonTarget	1	257512
1006.0308975476242	1.0	NonTarget	1	257544
1006.1558975038317	1.0	NonTarget	1	257576
1006.2808974600393	1.0	NonTarget	1	257608
1006.405897416247	1.0	NonTarget	1	257640
1012.5308952704182	1.0	NonTarget	1	259208
1012.6558952266257	1.0	NonTarget	1	259240
1012.7808951828333	1.0	NonTarget	1	259272
1012.9058951390409	1.0	NonTarget	1	259304
1013.0308950952485	1.0	NonTarget	1	259336
1013.155895051456	1.0	NonTarget	1	259368
1013.2808950076636	1.0	NonTarget	1	259400
1013.4058949638712	1.0	NonTarget	1	259432
1013.5308949200788	1.0	NonTarget	1	259464
1013.6558948762863	1.0	NonTarget	1	259496
1013.7808948324939	1.0	NonTarget	1	259528
1013.9058947887015	1.0	NonTarget	1	259560
1014.0308947449091	1.0	NonTarget	1	259592
1014.1558947011166	1.0	NonTarget	1	259624
1014.2808946573242	1.0	NonTarget	1	259656
1014.4058946135318	1.0	NonTarget	1	259688
1014.5308945697394	1.0	NonTarget	1	259720
1014.655894525947	1.0	NonTarget	1	259752
1014.7808944821545	1.0	NonTarget	1	259784
1014.9058944383621	1.0	NonTarget	1	259816
1015.0308943945697	1.0	NonTarget	1	259848
1015.1558943507773	1.0	NonTarget	1	259880
1015.2808943069848	1.0	NonTarget	1	259912
1015.4058942631924	1.0	NonTarget	1	259944
1015.5308942194	1.0	NonTarget	1	259976
1015.6558941756076	1.0	NonTarget	1	260008
1015.7808941318151	1.0	NonTarget	1	260040
1015.9058940880227	1.0	NonTarget	1	260072
1016.0308940442303	1.0	NonTarget	1	260104
1016.1558940004379	1.0	NonTarget	1	260136
1016.2808939566454	1.0	NonTarget	1	260168
1016.405893912853	1.0	NonTarget	1	260200
1016.5308938690606	1.0	NonTarget	1	260232
1016.6558938252682	1.0	NonTarget	1	260264
1016.7808937814758	1.0	NonTarget	1	260296
1016.9058937376833	1.0	NonTarget	1	260328
1017.0308936938909	1.0	NonTarget	1	260360
1017.1558936500985	1.0	NonTarget	1	260392
1017.2808936063061	1.0	NonTarget	1	260424
1017.4058935625136	1.0	NonTarget	1	260456
1017.5308935187212	1.0	NonTarget	1	260488
1017.6558934749288	1.0	NonTarget	1	260520
1017.7808934311364	1.0	NonTarget	1	260552
1017.9058933873439	1.0	NonTarget	1	260584
1018.0308933435515	1.0	NonTarget	1	260616
1018.1558932997591	1.0	NonTarget	1	260648
1018.2808932559667	1.0	NonTarget	1	260680
1018.4058932121743	1.0	NonTarget	1	260712
1018.5308931683818	1.0	NonTarget	1	260744
1018.6558931245894	1.0	NonTarget	1	260776
1018.780893080797	1.0	NonTarget	1	260808
1018.9058930370046	1.0	NonTarget	1	260840
1019.0308929932121	1.0	NonTarget	1	260872
1019.1558929494197	1.0	NonTarget	1	260904
1019.2808929056273	1.0	NonTarget	1	260936
1019.4058928618349	1.0	NonTarget	1	260968
1019.5308928180424	1.0	NonTarget	1	261000
1019.65589277425	1.0	NonTarget	1	261032
1019.7808927304576	1.0	NonTarget	1	261064
1019.9058926866652	1.0	NonTarget	1	261096
1020.0308926428727	1.0	NonTarget	1	261128
1020.1558925990803	1.0	NonTarget	1	261160
1020.2808925552879	1.0	NonTarget	1	261192
1020.4058925114955	1.0	NonTarget	1	261224
1020.5308924677031	1.0	NonTarget	1	261256
1020.6558924239106	1.0	NonTarget	1	261288
1020.7808923801182	1.0	NonTarget	1	261320
1020.9058923363258	1.0	NonTarget	1	261352
1021.0308922925334	1.0	NonTarget	1	261384
1021.1558922487409	1.0	NonTarget	1	261416
1021.2808922049485	1.0	NonTarget	1	261448
1021.4058921611561	1.0	NonTarget	1	261480
1021.5308921173637	1.0	NonTarget	1	261512
1021.6558920735712	1.0	NonTarget	1	261544
1021.7808920297788	1.0	NonTarget	1	261576
1021.9058919859864	1.0	NonTarget	1	261608
1022.030891942194	1.0	NonTarget	1	261640
1022.1558918984015	1.0	NonTarget	1	261672
1022.2808918546091	1.0	NonTarget	1	261704
1022.4058918108167	1.0	NonTarget	1	261736
1022.5308917670243	1.0	NonTarget	1	261768
1022.6558917232319	1.0	NonTarget	1	261800
1022.7808916794394	1.0	NonTarget	1	261832
1022.905891635647	1.0	NonTarget	1	261864
1023.0308915918546	1.0	NonTarget	1	261896
1023.1558915480622	1.0	NonTarget	1	261928
1023.2808915042697	1.0	NonTarget	1	261960
1023.4058914604773	1.0	NonTarget	1	261992
1023.5308914166849	1.0	NonTarget	1	262024
1023.6558913728925	1.0	NonTarget	1	262056
1023.7808913291	1.0	NonTarget	1	262088
1023.9058912853076	1.0	NonTarget	1	262120
1024.030891241515	1.0	NonTarget	1	262152
1024.1558911977227	1.0	NonTarget	1	262184
1024.2808911539303	1.0	NonTarget	1	262216
1024.4058911101379	1.0	NonTarget	1	262248
1024.5308910663455	1.0	NonTarget	1	262280
1024.655891022553	1.0	NonTarget	1	262312
1024.7808909787607	1.0	NonTarget	1	262344
1024.9058909349683	1.0	NonTarget	1	262376
1025.0308908911759	1.0	NonTarget	1	262408
1025.1558908473833	1.0	NonTarget	1	262440
1025.2808908035909	1.0	NonTarget	1	262472
1025.4058907597985	1.0	NonTarget	1	262504
1025.530890716006	1.0	NonTarget	1	262536
1025.6558906722137	1.0	NonTarget	1	262568
1025.7808906284213	1.0	NonTarget	1	262600
1025.9058905846289	1.0	NonTarget	1	262632
1026.0308905408365	1.0	NonTarget	1	262664
1026.1558904970439	1.0	NonTarget	1	262696
1026.2808904532515	1.0	NonTarget	1	262728
1026.405890409459	1.0	NonTarget	1	262760
1026.5308903656667	1.0	NonTarget	1	262792
1026.6558903218743	1.0	NonTarget	1	262824
1026.7808902780819	1.0	NonTarget	1	262856
1026.9058902342895	1.0	NonTarget	1	262888
1027.030890190497	1.0	NonTarget	1	262920
1027.1558901467047	1.0	NonTarget	1	262952
1027.280890102912	1.0	NonTarget	1	262984
1027.4058900591197	1.0	NonTarget	1	263016
1033.530887913291	1.0	NonTarget	1	264584
1033.6558878694984	1.0	NonTarget	1	264616
1033.780887825706	1.0	NonTarget	1	264648
1033.9058877819136	1.0	NonTarget	1	264680
1034.0308877381212	1.0	NonTarget	1	264712
1034.1558876943288	1.0	NonTarget	1	264744
1034.2808876505364	1.0	NonTarget	1	264776
1034.405887606744	1.0	NonTarget	1	264808
1034.5308875629516	1.0	NonTarget	1	264840
1034.6558875191593	1.0	NonTarget	1	264872
1034.7808874753666	1.0	NonTarget	1	264904
1034.9058874315742	1.0	NonTarget	1	264936
1035.0308873877818	1.0	NonTarget	1	264968
1035.1558873439894	1.0	NonTarget	1	265000
1035.280887300197	1.0	NonTarget	1	265032
1035.4058872564046	1.0	NonTarget	1	265064
1035.5308872126122	1.0	NonTarget	1	265096
1035.6558871688198	1.0	NonTarget	1	265128
1035.7808871250272	1.0	NonTarget	1	265160
1035.9058870812348	1.0	NonTarget	1	265192
1036.0308870374424	1.0	NonTarget	1	265224
1036.15588699365	1.0	NonTarget	1	265256
1036.2808869498576	1.0	NonTarget	1	265288
1036.4058869060652	1.0	NonTarget	1	265320
1036.5308868622728	1.0	NonTarget	1	265352
1036.6558868184804	1.0	NonTarget	1	265384
1036.780886774688	1.0	NonTarget	1	265416
1036.9058867308954	1.0	NonTarget	1	265448
1037.030886687103	1.0	NonTarget	1	265480
1037.1558866433106	1.0	NonTarget	1	265512
1037.2808865995182	1.0	NonTarget	1	265544
1037.4058865557258	1.0	NonTarget	1	265576
1037.5308865119334	1.0	NonTarget	1	265608
1037.655886468141	1.0	NonTarget	1	265640
1037.7808864243486	1.0	NonTarget	1	265672
1037.905886380556	1.0	NonTarget	1	265704
1038.0308863367636	1.0	NonTarget	1	265736
1038.1558862929712	1.0	NonTarget	1	265768
1038.2808862491788	1.0	NonTarget	1	265800
1038.4058862053864	1.0	NonTarget	1	265832
1038.530886161594	1.0	NonTarget	1	265864
1038.6558861178016	1.0	NonTarget	1	265896
1038.7808860740092	1.0	NonTarget	1	265928
1038.9058860302168	1.0	NonTarget	1	265960
1039.0308859864242	1.0	NonTarget	1	265992
1039.1558859426318	1.0	NonTarget	1	266024
1039.2808858988394	1.0	NonTarget	1	266056
1039.405885855047	1.0	NonTarget	1	266088
1039.5308858112546	1.0	NonTarget	1	266120
1039.6558857674622	1.0	NonTarget	1	266152
1039.7808857236698	1.0	NonTarget	1	266184
1039.9058856798774	1.0	NonTarget	1	266216
1040.0308856360848	1.0	NonTarget	1	266248
1040.1558855922924	1.0	NonTarget	1	266280
1040.2808855485	1.0	NonTarget	1	266312
1040.4058855047076	1.0	NonTarget	1	266344
1040.5308854609152	1.0	NonTarget	1	266376
1040.6558854171228	1.0	NonTarget	1	266408
1040.7808853733304	1.0	NonTarget	1	266440
1040.905885329538	1.0	NonTarget	1	266472
1041.0308852857456	1.0	NonTarget	1	266504
1041.155885241953	1.0	NonTarget	1	266536
1041.2808851981606	1.0	NonTarget	1	266568
1041.4058851543682	1.0	NonTarget	1	266600
1041.5308851105758	1.0	NonTarget	1	266632
1041.6558850667834	1.0	NonTarget	1	266664
1041.780885022991	1.0	NonTarget	1	266696
1041.9058849791986	1.0	NonTarget	1	266728
1042.0308849354062	1.0	NonTarget	1	266760
1042.1558848916136	1.0	NonTarget	1	266792
1042.2808848478212	1.0	NonTarget	1	266824
1042.4058848040288	1.0	NonTarget	1	266856
1042.5308847602364	1.0	NonTarget	1	266888
1042.655884716444	1.0	NonTarget	1	266920
1042.7808846726516	1.0	NonTarget	1	266952
1042.9058846288592	1.0	NonTarget	1	266984
1043.0308845850668	1.0	NonTarget	1	267016
1043.1558845412744	1.0	NonTarget	1	267048
1043.2808844974818	1.0	NonTarget	1	267080
1043.4058844536894	1.0	NonTarget	1	267112
1043.530884409897	1.0	NonTarget	1	267144
1043.6558843661046	1.0	NonTarget	1	267176
1043.7808843223122	1.0	NonTarget	1	267208
1043.9058842785198	1.0	NonTarget	1	267240
1044.0308842347274	1.0	NonTarget	1	267272
1044.155884190935	1.0	NonTarget	1	267304
1044.2808841471424	1.0	NonTarget	1	267336
1044.40588410335	1.0	NonTarget	1	267368
1044.5308840595576	1.0	NonTarget	1	267400
1044.6558840157652	1.0	NonTarget	1	267432
1044.7808839719728	1.0	NonTarget	1	267464
1044.9058839281804	1.0	NonTarget	1	267496
1045.030883884388	1.0	NonTarget	1	267528
1045.1558838405956	1.0	NonTarget	1	267560
1045.2808837968032	1.0	NonTarget	1	267592
1045.4058837530106	1.0	NonTarget	1	267624
1045.5308837092182	1.0	NonTarget	1	267656
1045.6558836654258	1.0	NonTarget	1	267688
1045.7808836216334	1.0	NonTarget	1	267720
1045.905883577841	1.0	NonTarget	1	267752
1046.0308835340486	1.0	NonTarget	1	267784
1046.1558834902562	1.0	NonTarget	1	267816
1046.2808834464638	1.0	NonTarget	1	267848
1046.4058834026714	1.0	NonTarget	1	267880
1046.5308833588788	1.0	NonTarget	1	267912
1046.6558833150864	1.0	NonTarget	1	267944
1046.780883271294	1.0	NonTarget	1	267976
1046.9058832275016	1.0	NonTarget	1	268008
1047.0308831837092	1.0	NonTarget	1	268040
1047.1558831399168	1.0	NonTarget	1	268072
1047.2808830961244	1.0	NonTarget	1	268104
1047.405883052332	1.0	NonTarget	1	268136
1047.5308830085394	1.0	NonTarget	1	268168
1047.655882964747	1.0	NonTarget	1	268200
1047.7808829209546	1.0	NonTarget	1	268232
1047.9058828771622	1.0	NonTarget	1	268264
1048.0308828333698	1.0	NonTarget	1	268296
1048.1558827895774	1.0	NonTarget	1	268328
1048.280882745785	1.0	NonTarget	1	268360
1048.4058827019926	1.0	NonTarget	1	268392
1054.5308805561638	1.0	NonTarget	1	269960
1054.6558805123714	1.0	NonTarget	1	269992
1054.780880468579	1.0	NonTarget	1	270024
1054.9058804247866	1.0	NonTarget	1	270056
1055.030880380994	1.0	NonTarget	1	270088
1055.1558803372016	1.0	NonTarget	1	270120
1055.2808802934092	1.0	NonTarget	1	270152
1055.4058802496168	1.0	NonTarget	1	270184
1055.5308802058244	1.0	NonTarget	1	270216
1055.655880162032	1.0	NonTarget	1	270248
1055.7808801182396	1.0	NonTarget	1	270280
1055.9058800744472	1.0	NonTarget	1	270312
1056.0308800306545	1.0	NonTarget	1	270344
1056.1558799868621	1.0	NonTarget	1	270376
1056.2808799430697	1.0	NonTarget	1	270408
1056.4058798992774	1.0	NonTarget	1	270440
1056.530879855485	1.0	NonTarget	1	270472
1056.6558798116926	1.0	NonTarget	1	270504
1056.7808797679002	1.0	NonTarget	1	270536
1056.9058797241078	1.0	NonTarget	1	270568
1057.0308796803154	1.0	NonTarget	1	270600
1057.1558796365227	1.0	NonTarget	1	270632
1057.2808795927303	1.0	NonTarget	1	270664
1057.405879548938	1.0	NonTarget	1	270696
1057.5308795051455	1.0	NonTarget	1	270728
1057.6558794613532	1.0	NonTarget	1	270760
1057.7808794175608	1.0	NonTarget	1	270792
1057.9058793737684	1.0	NonTarget	1	270824
1058.030879329976	1.0	NonTarget	1	270856
1058.1558792861833	1.0	NonTarget	1	270888
1058.280879242391	1.0	NonTarget	1	270920
1058.4058791985985	1.0	NonTarget	1	270952
1058.5308791548061	1.0	NonTarget	1	270984
1058.6558791110137	1.0	NonTarget	1	271016
1058.7808790672213	1.0	NonTarget	1	271048
1058.905879023429	1.0	NonTarget	1	271080
1059.0308789796366	1.0	NonTarget	1	271112
1059.1558789358442	1.0	NonTarget	1	271144
1059.2808788920515	1.0	NonTarget	1	271176
1059.4058788482591	1.0	NonTarget	1	271208
1059.5308788044667	1.0	NonTarget	1	271240
1059.6558787606743	1.0	NonTarget	1	271272
1059.780878716882	1.0	NonTarget	1	271304
1059.9058786730895	1.0	NonTarget	1	271336
1060.0308786292971	1.0	NonTarget	1	271368
1060.1558785855048	1.0	NonTarget	1	271400
1060.2808785417121	1.0	NonTarget	1	271432
1060.4058784979197	1.0	NonTarget	1	271464
1060.5308784541273	1.0	NonTarget	1	271496
1060.655878410335	1.0	NonTarget	1	271528
1060.7808783665425	1.0	NonTarget	1	271560
1060.9058783227501	1.0	NonTarget	1	271592
1061.0308782789577	1.0	NonTarget	1	271624
1061.1558782351653	1.0	NonTarget	1	271656
1061.280878191373	1.0	NonTarget	1	271688
1061.4058781475803	1.0	NonTarget	1	271720
1061.530878103788	1.0	NonTarget	1	271752
1061.6558780599955	1.0	NonTarget	1	271784
1061.7808780162031	1.0	NonTarget	1	271816
1061.9058779724107	1.0	NonTarget	1	271848
1062.0308779286183	1.0	NonTarget	1	271880
1062.155877884826	1.0	NonTarget	1	271912
1062.2808778410335	1.0	NonTarget	1	271944
1062.405877797241	1.0	NonTarget	1	271976
1062.5308777534485	1.0	NonTarget	1	272008
1062.6558777096561	1.0	NonTarget	1	272040
1062.7808776658637	1.0	NonTarget	1	272072
1062.9058776220713	1.0	NonTarget	1	272104
1063.030877578279	1.0	NonTarget	1	272136
1063.1558775344865	1.0	NonTarget	1	272168
1063.2808774906941	1.0	NonTarget	1	272200
1063.4058774469017	1.0	NonTarget	1	272232
1063.5308774031091	1.0	NonTarget	1	272264
1063.6558773593167	1.0	NonTarget	1	272296
1063.7808773155243	1.0	NonTarget	1	272328
1063.905877271732	1.0	NonTarget	1	272360
1064.0308772279395	1.0	NonTarget	1	272392
1064.1558771841471	1.0	NonTarget	1	272424
1064.2808771403547	1.0	NonTarget	1	272456
1064.4058770965623	1.0	NonTarget	1	272488
1064.53087705277	1.0	NonTarget	1	272520
1064.6558770089773	1.0	NonTarget	1	272552
1064.780876965185	1.0	NonTarget	1	272584
1064.9058769213925	1.0	NonTarget	1	272616
1065.0308768776001	1.0	NonTarget	1	272648
1065.1558768338077	1.0	NonTarget	1	272680
1065.2808767900153	1.0	NonTarget	1	272712
1065.405876746223	1.0	NonTarget	1	272744
1065.5308767024305	1.0	NonTarget	1	272776
1065.655876658638	1.0	NonTarget	1	272808
1065.7808766148455	1.0	NonTarget	1	272840
1065.905876571053	1.0	NonTarget	1	272872
1066.0308765272607	1.0	NonTarget	1	272904
1066.1558764834683	1.0	NonTarget	1	272936
1066.280876439676	1.0	NonTarget	1	272968
1066.4058763958835	1.0	NonTarget	1	273000
1066.5308763520911	1.0	NonTarget	1	273032
1066.6558763082987	1.0	NonTarget	1	273064
1066.780876264506	1.0	NonTarget	1	273096
1066.9058762207137	1.0	NonTarget	1	273128
1067.0308761769213	1.0	NonTarget	1	273160
1067.155876133129	1.0	NonTarget	1	273192
1067.2808760893365	1.0	NonTarget	1	273224
1067.4058760455441	1.0	NonTarget	1	273256
1067.5308760017517	1.0	NonTarget	1	273288
1067.6558759579593	1.0	NonTarget	1	273320
1067.7808759141667	1.0	NonTarget	1	273352
1067.9058758703743	1.0	NonTarget	1	273384
1068.030875826582	1.0	NonTarget	1	273416
1068.1558757827895	1.0	NonTarget	1	273448
1068.280875738997	1.0	NonTarget	1	273480
1068.4058756952047	1.0	NonTarget	1	273512
1068.5308756514123	1.0	NonTarget	1	273544
1068.65587560762	1.0	NonTarget	1	273576
1068.7808755638275	1.0	NonTarget	1	273608
1068.905875520035	1.0	NonTarget	1	273640
1069.0308754762425	1.0	NonTarget	1	273672
1069.15587543245	1.0	NonTarget	1	273704
1069.2808753886577	1.0	NonTarget	1	273736
1069.4058753448653	1.0	NonTarget	1	273768
1075.5308731990365	1.0	NonTarget	1	275336
1075.655873155244	1.0	NonTarget	1	275368
1075.7808731114517	1.0	NonTarget	1	275400
1075.9058730676593	1.0	NonTarget	1	275432
1076.030873023867	1.0	NonTarget	1	275464
1076.1558729800745	1.0	NonTarget	1	275496
1076.2808729362819	1.0	NonTarget	1	275528
1076.4058728924895	1.0	NonTarget	1	275560
1076.530872848697	1.0	NonTarget	1	275592
1076.6558728049047	1.0	NonTarget	1	275624
1076.7808727611123	1.0	NonTarget	1	275656
1076.9058727173199	1.0	NonTarget	1	275688
1077.0308726735275	1.0	NonTarget	1	275720
1077.155872629735	1.0	NonTarget	1	275752
1077.2808725859427	1.0	NonTarget	1	275784
1077.40587254215	1.0	NonTarget	1	275816
1077.5308724983577	1.0	NonTarget	1	275848
1077.6558724545653	1.0	NonTarget	1	275880
1077.7808724107729	1.0	NonTarget	1	275912
1077.9058723669805	1.0	NonTarget	1	275944
1078.030872323188	1.0	NonTarget	1	275976
1078.1558722793957	1.0	NonTarget	1	276008
1078.2808722356033	1.0	NonTarget	1	276040
1078.4058721918107	1.0	NonTarget	1	276072
1078.5308721480183	1.0	NonTarget	1	276104
1078.6558721042259	1.0	NonTarget	1	276136
1078.7808720604335	1.0	NonTarget	1	276168
1078.905872016641	1.0	NonTarget	1	276200
1079.0308719728487	1.0	NonTarget	1	276232
1079.1558719290563	1.0	NonTarget	1	276264
1079.2808718852639	1.0	NonTarget	1	276296
1079.4058718414715	1.0	NonTarget	1	276328
1079.5308717976789	1.0	NonTarget	1	276360
1079.6558717538865	1.0	NonTarget	1	276392
1079.780871710094	1.0	NonTarget	1	276424
1079.9058716663017	1.0	NonTarget	1	276456
1080.0308716225093	1.0	NonTarget	1	276488
1080.1558715787169	1.0	NonTarget	1	276520
1080.2808715349245	1.0	NonTarget	1	276552
1080.405871491132	1.0	NonTarget	1	276584
1080.5308714473397	1.0	NonTarget	1	276616
1080.655871403547	1.0	NonTarget	1	276648
1080.7808713597547	1.0	NonTarget	1	276680
1080.9058713159623	1.0	NonTarget	1	276712
1081.0308712721699	1.0	NonTarget	1	276744
1081.1558712283775	1.0	NonTarget	1	276776
1081.280871184585	1.0	NonTarget	1	276808
1081.4058711407927	1.0	NonTarget	1	276840
1081.5308710970003	1.0	NonTarget	1	276872
1081.6558710532076	1.0	NonTarget	1	276904
1081.7808710094153	1.0	NonTarget	1	276936
1081.9058709656229	1.0	NonTarget	1	276968
1082.0308709218305	1.0	NonTarget	1	277000
1082.155870878038	1.0	NonTarget	1	277032
1082.2808708342457	1.0	NonTarget	1	277064
1082.4058707904533	1.0	NonTarget	1	277096
1082.5308707466609	1.0	NonTarget	1	277128
1082.6558707028685	1.0	NonTarget	1	277160
1082.7808706590758	1.0	NonTarget	1	277192
1082.9058706152834	1.0	NonTarget	1	277224
1083.030870571491	1.0	NonTarget	1	277256
1083.1558705276987	1.0	NonTarget	1	277288
1083.2808704839063	1.0	NonTarget	1	277320
1083.4058704401139	1.0	NonTarget	1	277352
1083.5308703963215	1.0	NonTarget	1	277384
1083.655870352529	1.0	NonTarget	1	277416
1083.7808703087364	1.0	NonTarget	1	277448
1083.905870264944	1.0	NonTarget	1	277480
1084.0308702211516	1.0	NonTarget	1	277512
1084.1558701773592	1.0	NonTarget	1	277544
1084.2808701335669	1.0	NonTarget	1	277576
1084.4058700897745	1.0	NonTarget	1	277608
1084.530870045982	1.0	NonTarget	1	277640
1084.6558700021897	1.0	NonTarget	1	277672
1084.7808699583973	1.0	NonTarget	1	277704
1084.9058699146046	1.0	NonTarget	1	277736
1085.0308698708122	1.0	NonTarget	1	277768
1085.1558698270198	1.0	NonTarget	1	277800
1085.2808697832274	1.0	NonTarget	1	277832
1085.405869739435	1.0	NonTarget	1	277864
1085.5308696956427	1.0	NonTarget	1	277896
1085.6558696518503	1.0	NonTarget	1	277928
1085.7808696080579	1.0	NonTarget	1	277960
1085.9058695642652	1.0	NonTarget	1	277992
1086.0308695204728	1.0	NonTarget	1	278024
1086.1558694766804	1.0	NonTarget	1	278056
1086.280869432888	1.0	NonTarget	1	278088
1086.4058693890956	1.0	NonTarget	1	278120
1086.5308693453032	1.0	NonTarget	1	278152
1086.6558693015108	1.0	NonTarget	1	278184
1086.7808692577185	1.0	NonTarget	1	278216
1086.905869213926	1.0	NonTarget	1	278248
1087.0308691701334	1.0	NonTarget	1	278280
1087.155869126341	1.0	NonTarget	1	278312
1087.2808690825486	1.0	NonTarget	1	278344
1087.4058690387562	1.0	NonTarget	1	278376
1087.5308689949638	1.0	NonTarget	1	278408
1087.6558689511714	1.0	NonTarget	1	278440
1087.780868907379	1.0	NonTarget	1	278472
1087.9058688635866	1.0	NonTarget	1	278504
1088.030868819794	1.0	NonTarget	1	278536
1088.1558687760016	1.0	NonTarget	1	278568
1088.2808687322092	1.0	NonTarget	1	278600
1088.4058686884168	1.0	NonTarget	1	278632
1088.5308686446244	1.0	NonTarget	1	278664
1088.655868600832	1.0	NonTarget	1	278696
1088.7808685570396	1.0	NonTarget	1	278728
1088.9058685132472	1.0	NonTarget	1	278760
1089.0308684694548	1.0	NonTarget	1	278792
1089.1558684256622	1.0	NonTarget	1	278824
1089.2808683818698	1.0	NonTarget	1	278856
1089.4058683380774	1.0	NonTarget	1	278888
1089.530868294285	1.0	NonTarget	1	278920
1089.6558682504926	1.0	NonTarget	1	278952
1089.7808682067002	1.0	NonTarget	1	278984
1089.9058681629078	1.0	NonTarget	1	279016
1090.0308681191154	1.0	NonTarget	1	279048
1090.1558680753228	1.0	NonTarget	1	279080
1090.2808680315304	1.0	NonTarget	1	279112
1090.405867987738	1.0	NonTarget	1	279144
1096.5308658419092	1.0	NonTarget	1	280712
1096.6558657981168	1.0	NonTarget	1	280744
1096.7808657543244	1.0	NonTarget	1	280776
1096.905865710532	1.0	NonTarget	1	280808
1097.0308656667396	1.0	NonTarget	1	280840
1097.1558656229472	1.0	NonTarget	1	280872
1097.2808655791548	1.0	NonTarget	1	280904
1097.4058655353624	1.0	NonTarget	1	280936
1097.53086549157	1.0	NonTarget	1	280968
1097.6558654477774	1.0	NonTarget	1	281000
1097.780865403985	1.0	NonTarget	1	281032
1097.9058653601926	1.0	NonTarget	1	281064
1098.0308653164002	1.0	NonTarget	1	281096
1098.1558652726078	1.0	NonTarget	1	281128
1098.2808652288154	1.0	NonTarget	1	281160
1098.405865185023	1.0	NonTarget	1	281192
1098.5308651412306	1.0	NonTarget	1	281224
1098.6558650974382	1.0	NonTarget	1	281256
1098.7808650536456	1.0	NonTarget	1	281288
1098.9058650098532	1.0	NonTarget	1	281320
1099.0308649660608	1.0	NonTarget	1	281352
1099.1558649222684	1.0	NonTarget	1	281384
1099.280864878476	1.0	NonTarget	1	281416
1099.4058648346836	1.0	NonTarget	1	281448
1099.5308647908912	1.0	NonTarget	1	281480
1099.6558647470988	1.0	NonTarget	1	281512
1099.7808647033062	1.0	NonTarget	1	281544
1099.9058646595138	1.0	NonTarget	1	281576
1100.0308646157214	1.0	NonTarget	1	281608
1100.155864571929	1.0	NonTarget	1	281640
1100.2808645281366	1.0	NonTarget	1	281672
1100.4058644843442	1.0	NonTarget	1	281704
1100.5308644405518	1.0	NonTarget	1	281736
1100.6558643967594	1.0	NonTarget	1	281768
1100.780864352967	1.0	NonTarget	1	281800
1100.9058643091744	1.0	NonTarget	1	281832
1101.030864265382	1.0	NonTarget	1	281864
1101.1558642215896	1.0	NonTarget	1	281896
1101.2808641777972	1.0	NonTarget	1	281928
1101.4058641340048	1.0	NonTarget	1	281960
1101.5308640902124	1.0	NonTarget	1	281992
1101.65586404642	1.0	NonTarget	1	282024
1101.7808640026276	1.0	NonTarget	1	282056
1101.905863958835	1.0	NonTarget	1	282088
1102.0308639150426	1.0	NonTarget	1	282120
1102.1558638712502	1.0	NonTarget	1	282152
1102.2808638274578	1.0	NonTarget	1	282184
1102.4058637836654	1.0	NonTarget	1	282216
1102.530863739873	1.0	NonTarget	1	282248
1102.6558636960806	1.0	NonTarget	1	282280
1102.7808636522882	1.0	NonTarget	1	282312
1102.9058636084958	1.0	NonTarget	1	282344
1103.0308635647032	1.0	NonTarget	1	282376
1103.1558635209108	1.0	NonTarget	1	282408
1103.2808634771184	1.0	NonTarget	1	282440
1103.405863433326	1.0	NonTarget	1	282472
1103.5308633895336	1.0	NonTarget	1	282504
1103.6558633457412	1.0	NonTarget	1	282536
1103.7808633019488	1.0	NonTarget	1	282568
1103.9058632581564	1.0	NonTarget	1	282600
1104.0308632143638	1.0	NonTarget	1	282632
1104.1558631705714	1.0	NonTarget	1	282664
1104.280863126779	1.0	NonTarget	1	282696
1104.4058630829866	1.0	NonTarget	1	282728
1104.5308630391942	1.0	NonTarget	1	282760
1104.6558629954018	1.0	NonTarget	1	282792
1104.7808629516094	1.0	NonTarget	1	282824
1104.905862907817	1.0	NonTarget	1	282856
1105.0308628640246	1.0	NonTarget	1	282888
1105.155862820232	1.0	NonTarget	1	282920
1105.2808627764396	1.0	NonTarget	1	282952
1105.4058627326472	1.0	NonTarget	1	282984
1105.5308626888548	1.0	NonTarget	1	283016
1105.6558626450624	1.0	NonTarget	1	283048
1105.78086260127	1.0	NonTarget	1	283080
1105.9058625574776	1.0	NonTarget	1	283112
1106.0308625136852	1.0	NonTarget	1	283144
1106.1558624698926	1.0	NonTarget	1	283176
1106.2808624261002	1.0	NonTarget	1	283208
1106.4058623823078	1.0	NonTarget	1	283240
1106.5308623385154	1.0	NonTarget	1	283272
1106.655862294723	1.0	NonTarget	1	283304
1106.7808622509306	1.0	NonTarget	1	283336
1106.9058622071382	1.0	NonTarget	1	283368
1107.0308621633458	1.0	NonTarget	1	283400
1107.1558621195534	1.0	NonTarget	1	283432
1107.2808620757608	1.0	NonTarget	1	283464
1107.4058620319684	1.0	NonTarget	1	283496
1107.530861988176	1.0	NonTarget	1	283528
1107.6558619443836	1.0	NonTarget	1	283560
1107.7808619005912	1.0	NonTarget	1	283592
1107.9058618567988	1.0	NonTarget	1	283624
1108.0308618130064	1.0	NonTarget	1	283656
1108.155861769214	1.0	NonTarget	1	283688
1108.2808617254213	1.0	NonTarget	1	283720
1108.405861681629	1.0	NonTarget	1	283752
1108.5308616378366	1.0	NonTarget	1	283784
1108.6558615940442	1.0	NonTarget	1	283816
1108.7808615502518	1.0	NonTarget	1	283848
1108.9058615064594	1.0	NonTarget	1	283880
1109.030861462667	1.0	NonTarget	1	283912
1109.1558614188746	1.0	NonTarget	1	283944
1109.2808613750822	1.0	NonTarget	1	283976
1109.4058613312895	1.0	NonTarget	1	284008
1109.5308612874971	1.0	NonTarget	1	284040
1109.6558612437047	1.0	NonTarget	1	284072
1109.7808611999124	1.0	NonTarget	1	284104
1109.90586115612	1.0	NonTarget	1	284136
1110.0308611123276	1.0	NonTarget	1	284168
1110.1558610685352	1.0	NonTarget	1	284200
1110.2808610247428	1.0	NonTarget	1	284232
1110.4058609809501	1.0	NonTarget	1	284264
1110.5308609371577	1.0	NonTarget	1	284296
1110.6558608933653	1.0	NonTarget	1	284328
1110.780860849573	1.0	NonTarget	1	284360
1110.9058608057805	1.0	NonTarget	1	284392
1111.0308607619882	1.0	NonTarget	1	284424
1111.1558607181958	1.0	NonTarget	1	284456
1111.2808606744034	1.0	NonTarget	1	284488
1111.405860630611	1.0	NonTarget	1	284520
1117.5308584847821	1.0	NonTarget	1	286088
1117.6558584409897	1.0	NonTarget	1	286120
1117.7808583971973	1.0	NonTarget	1	286152
1117.9058583534047	1.0	NonTarget	1	286184
1118.0308583096123	1.0	NonTarget	1	286216
1118.15585826582	1.0	NonTarget	1	286248
1118.2808582220275	1.0	NonTarget	1	286280
1118.4058581782351	1.0	NonTarget	1	286312
1118.5308581344427	1.0	NonTarget	1	286344
1118.6558580906503	1.0	NonTarget	1	286376
1118.780858046858	1.0	NonTarget	1	286408
1118.9058580030655	1.0	NonTarget	1	286440
1119.030857959273	1.0	NonTarget	1	286472
1119.1558579154805	1.0	NonTarget	1	286504
1119.280857871688	1.0	NonTarget	1	286536
1119.4058578278957	1.0	NonTarget	1	286568
1119.5308577841033	1.0	NonTarget	1	286600
1119.655857740311	1.0	NonTarget	1	286632
1119.7808576965185	1.0	NonTarget	1	286664
1119.9058576527261	1.0	NonTarget	1	286696
1120.0308576089335	1.0	NonTarget	1	286728
1120.155857565141	1.0	NonTarget	1	286760
1120.2808575213487	1.0	NonTarget	1	286792
1120.4058574775563	1.0	NonTarget	1	286824
1120.530857433764	1.0	NonTarget	1	286856
1120.6558573899715	1.0	NonTarget	1	286888
1120.7808573461791	1.0	NonTarget	1	286920
1120.9058573023867	1.0	NonTarget	1	286952
1121.0308572585943	1.0	NonTarget	1	286984
1121.1558572148017	1.0	NonTarget	1	287016
1121.2808571710093	1.0	NonTarget	1	287048
1121.405857127217	1.0	NonTarget	1	287080
1121.5308570834245	1.0	NonTarget	1	287112
1121.655857039632	1.0	NonTarget	1	287144
1121.7808569958397	1.0	NonTarget	1	287176
1121.9058569520473	1.0	NonTarget	1	287208
1122.030856908255	1.0	NonTarget	1	287240
1122.1558568644623	1.0	NonTarget	1	287272
1122.28085682067	1.0	NonTarget	1	287304
1122.4058567768775	1.0	NonTarget	1	287336
1122.530856733085	1.0	NonTarget	1	287368
1122.6558566892927	1.0	NonTarget	1	287400
1122.7808566455003	1.0	NonTarget	1	287432
1122.905856601708	1.0	NonTarget	1	287464
1123.0308565579155	1.0	NonTarget	1	287496
1123.1558565141231	1.0	NonTarget	1	287528
1123.2808564703305	1.0	NonTarget	1	287560
1123.405856426538	1.0	NonTarget	1	287592
1123.5308563827457	1.0	NonTarget	1	287624
1123.6558563389533	1.0	NonTarget	1	287656
1123.780856295161	1.0	NonTarget	1	287688
1123.9058562513685	1.0	NonTarget	1	287720
1124.030856207576	1.0	NonTarget	1	287752
1124.1558561637837	1.0	NonTarget	1	287784
1124.280856119991	1.0	NonTarget	1	287816
1124.4058560761987	1.0	NonTarget	1	287848
1124.5308560324063	1.0	NonTarget	1	287880
1124.655855988614	1.0	NonTarget	1	287912
1124.7808559448215	1.0	NonTarget	1	287944
1124.905855901029	1.0	NonTarget	1	287976
1125.0308558572367	1.0	NonTarget	1	288008
1125.1558558134443	1.0	NonTarget	1	288040
1125.280855769652	1.0	NonTarget	1	288072
1125.4058557258593	1.0	NonTarget	1	288104
1125.5308556820669	1.0	NonTarget	1	288136
1125.6558556382745	1.0	NonTarget	1	288168
1125.780855594482	1.0	NonTarget	1	288200
1125.9058555506897	1.0	NonTarget	1	288232
1126.0308555068973	1.0	NonTarget	1	288264
1126.155855463105	1.0	NonTarget	1	288296
1126.2808554193125	1.0	NonTarget	1	288328
1126.4058553755199	1.0	NonTarget	1	288360
1126.5308553317275	1.0	NonTarget	1	288392
1126.655855287935	1.0	NonTarget	1	288424
1126.7808552441427	1.0	NonTarget	1	288456
1126.9058552003503	1.0	NonTarget	1	288488
1127.030855156558	1.0	NonTarget	1	288520
1127.1558551127655	1.0	NonTarget	1	288552
1127.280855068973	1.0	NonTarget	1	288584
1127.4058550251807	1.0	NonTarget	1	288616
1127.530854981388	1.0	NonTarget	1	288648
1127.6558549375957	1.0	NonTarget	1	288680
1127.7808548938033	1.0	NonTarget	1	288712
1127.9058548500109	1.0	NonTarget	1	288744
1128.0308548062185	1.0	NonTarget	1	288776
1128.155854762426	1.0	NonTarget	1	288808
1128.2808547186337	1.0	NonTarget	1	288840
1128.4058546748413	1.0	NonTarget	1	288872
1128.5308546310487	1.0	NonTarget	1	288904
1128.6558545872563	1.0	NonTarget	1	288936
1128.7808545434639	1.0	NonTarget	1	288968
1128.9058544996715	1.0	NonTarget	1	289000
1129.030854455879	1.0	NonTarget	1	289032
1129.1558544120867	1.0	NonTarget	1	289064
1129.2808543682943	1.0	NonTarget	1	289096
1129.405854324502	1.0	NonTarget	1	289128
1129.5308542807095	1.0	NonTarget	1	289160
1129.6558542369169	1.0	NonTarget	1	289192
1129.7808541931245	1.0	NonTarget	1	289224
1129.905854149332	1.0	NonTarget	1	289256
1130.0308541055397	1.0	NonTarget	1	289288
1130.1558540617473	1.0	NonTarget	1	289320
1130.2808540179549	1.0	NonTarget	1	289352
1130.4058539741625	1.0	NonTarget	1	289384
1130.53085393037	1.0	NonTarget	1	289416
1130.6558538865775	1.0	NonTarget	1	289448
1130.780853842785	1.0	NonTarget	1	289480
1130.9058537989927	1.0	NonTarget	1	289512
1131.0308537552003	1.0	NonTarget	1	289544
1131.1558537114079	1.0	NonTarget	1	289576
1131.2808536676155	1.0	NonTarget	1	289608
1131.405853623823	1.0	NonTarget	1	289640
1131.5308535800307	1.0	NonTarget	1	289672
1131.6558535362383	1.0	NonTarget	1	289704
1131.7808534924457	1.0	NonTarget	1	289736
1131.9058534486533	1.0	NonTarget	1	289768
1132.0308534048609	1.0	NonTarget	1	289800
1132.1558533610685	1.0	NonTarget	1	289832
1132.280853317276	1.0	NonTarget	1	289864
1132.4058532734837	1.0	NonTarget	1	289896
1138.5308511276548	1.0	NonTarget	1	291464
1138.6558510838624	1.0	NonTarget	1	291496
1138.78085104007	1.0	NonTarget	1	291528
1138.9058509962776	1.0	NonTarget	1	291560
1139.0308509524853	1.0	NonTarget	1	291592
1139.1558509086929	1.0	NonTarget	1	291624
1139.2808508649002	1.0	NonTarget	1	291656
1139.4058508211078	1.0	NonTarget	1	291688
1139.5308507773154	1.0	NonTarget	1	291720
1139.655850733523	1.0	NonTarget	1	291752
1139.7808506897306	1.0	NonTarget	1	291784
1139.9058506459382	1.0	NonTarget	1	291816
1140.0308506021458	1.0	NonTarget	1	291848
1140.1558505583534	1.0	NonTarget	1	291880
1140.2808505145608	1.0	NonTarget	1	291912
1140.4058504707684	1.0	NonTarget	1	291944
1140.530850426976	1.0	NonTarget	1	291976
1140.6558503831836	1.0	NonTarget	1	292008
1140.7808503393912	1.0	NonTarget	1	292040
1140.9058502955988	1.0	NonTarget	1	292072
1141.0308502518064	1.0	NonTarget	1	292104
1141.155850208014	1.0	NonTarget	1	292136
1141.2808501642216	1.0	NonTarget	1	292168
1141.405850120429	1.0	NonTarget	1	292200
1141.5308500766366	1.0	NonTarget	1	292232
1141.6558500328442	1.0	NonTarget	1	292264
1141.7808499890518	1.0	NonTarget	1	292296
1141.9058499452594	1.0	NonTarget	1	292328
1142.030849901467	1.0	NonTarget	1	292360
1142.1558498576746	1.0	NonTarget	1	292392
1142.2808498138822	1.0	NonTarget	1	292424
1142.4058497700896	1.0	NonTarget	1	292456
1142.5308497262972	1.0	NonTarget	1	292488
1142.6558496825048	1.0	NonTarget	1	292520
1142.7808496387124	1.0	NonTarget	1	292552
1142.90584959492	1.0	NonTarget	1	292584
1143.0308495511276	1.0	NonTarget	1	292616
1143.1558495073352	1.0	NonTarget	1	292648
1143.2808494635428	1.0	NonTarget	1	292680
1143.4058494197504	1.0	NonTarget	1	292712
1143.5308493759578	1.0	NonTarget	1	292744
1143.6558493321654	1.0	NonTarget	1	292776
1143.780849288373	1.0	NonTarget	1	292808
1143.9058492445806	1.0	NonTarget	1	292840
1144.0308492007882	1.0	NonTarget	1	292872
1144.1558491569958	1.0	NonTarget	1	292904
1144.2808491132034	1.0	NonTarget	1	292936
1144.405849069411	1.0	NonTarget	1	292968
1144.5308490256184	1.0	NonTarget	1	293000
1144.655848981826	1.0	NonTarget	1	293032
1144.7808489380336	1.0	NonTarget	1	293064
1144.9058488942412	1.0	NonTarget	1	293096
1145.0308488504488	1.0	NonTarget	1	293128
1145.1558488066564	1.0	NonTarget	1	293160
1145.280848762864	1.0	NonTarget	1	293192
1145.4058487190716	1.0	NonTarget	1	293224
1145.5308486752792	1.0	NonTarget	1	293256
1145.6558486314866	1.0	NonTarget	1	293288
1145.7808485876942	1.0	NonTarget	1	293320
1145.9058485439018	1.0	NonTarget	1	293352
1146.0308485001094	1.0	NonTarget	1	293384
1146.155848456317	1.0	NonTarget	1	293416
1146.2808484125246	1.0	NonTarget	1	293448
1146.4058483687322	1.0	NonTarget	1	293480
1146.5308483249398	1.0	NonTarget	1	293512
1146.6558482811472	1.0	NonTarget	1	293544
1146.7808482373548	1.0	NonTarget	1	293576
1146.9058481935624	1.0	NonTarget	1	293608
1147.03084814977	1.0	NonTarget	1	293640
1147.1558481059776	1.0	NonTarget	1	293672
1147.2808480621852	1.0	NonTarget	1	293704
1147.4058480183928	1.0	NonTarget	1	293736
1147.5308479746004	1.0	NonTarget	1	293768
1147.655847930808	1.0	NonTarget	1	293800
1147.7808478870154	1.0	NonTarget	1	293832
1147.905847843223	1.0	NonTarget	1	293864
1148.0308477994306	1.0	NonTarget	1	293896
1148.1558477556382	1.0	NonTarget	1	293928
1148.2808477118458	1.0	NonTarget	1	293960
1148.4058476680534	1.0	NonTarget	1	293992
1148.530847624261	1.0	NonTarget	1	294024
1148.6558475804686	1.0	NonTarget	1	294056
1148.7808475366762	1.0	NonTarget	1	294088
1148.9058474928836	1.0	NonTarget	1	294120
1149.0308474490912	1.0	NonTarget	1	294152
1149.1558474052988	1.0	NonTarget	1	294184
1149.2808473615064	1.0	NonTarget	1	294216
1149.405847317714	1.0	NonTarget	1	294248
1149.5308472739216	1.0	NonTarget	1	294280
1149.6558472301292	1.0	NonTarget	1	294312
1149.7808471863368	1.0	NonTarget	1	294344
1149.9058471425442	1.0	NonTarget	1	294376
1150.0308470987518	1.0	NonTarget	1	294408
1150.1558470549594	1.0	NonTarget	1	294440
1150.280847011167	1.0	NonTarget	1	294472
1150.4058469673746	1.0	NonTarget	1	294504
1150.5308469235822	1.0	NonTarget	1	294536
1150.6558468797898	1.0	NonTarget	1	294568
1150.7808468359974	1.0	NonTarget	1	294600
1150.905846792205	1.0	NonTarget	1	294632
1151.0308467484124	1.0	NonTarget	1	294664
1151.15584670462	1.0	NonTarget	1	294696
1151.2808466608276	1.0	NonTarget	1	294728
1151.4058466170352	1.0	NonTarget	1	294760
1151.5308465732428	1.0	NonTarget	1	294792
1151.6558465294504	1.0	NonTarget	1	294824
1151.780846485658	1.0	NonTarget	1	294856
1151.9058464418656	1.0	NonTarget	1	294888
1152.030846398073	1.0	NonTarget	1	294920
1152.1558463542806	1.0	NonTarget	1	294952
1152.2808463104882	1.0	NonTarget	1	294984
1152.4058462666958	1.0	NonTarget	1	295016
1152.5308462229034	1.0	NonTarget	1	295048
1152.655846179111	1.0	NonTarget	1	295080
1152.7808461353186	1.0	NonTarget	1	295112
1152.9058460915262	1.0	NonTarget	1	295144
1153.0308460477338	1.0	NonTarget	1	295176
1153.1558460039412	1.0	NonTarget	1	295208
1153.2808459601488	1.0	NonTarget	1	295240
1153.4058459163564	1.0	NonTarget	1	295272
1159.5308437705276	1.0	NonTarget	1	296840
1159.6558437267352	1.0	NonTarget	1	296872
1159.7808436829428	1.0	NonTarget	1	296904
1159.9058436391504	1.0	NonTarget	1	296936
1160.030843595358	1.0	NonTarget	1	296968
1160.1558435515656	1.0	NonTarget	1	297000
1160.2808435077732	1.0	NonTarget	1	297032
1160.4058434639808	1.0	NonTarget	1	297064
1160.5308434201881	1.0	NonTarget	1	297096
1160.6558433763958	1.0	NonTarget	1	297128
1160.7808433326034	1.0	NonTarget	1	297160
1160.905843288811	1.0	NonTarget	1	297192
1161.0308432450186	1.0	NonTarget	1	297224
1161.1558432012262	1.0	NonTarget	1	297256
1161.2808431574338	1.0	NonTarget	1	297288
1161.4058431136414	1.0	NonTarget	1	297320
1161.530843069849	1.0	NonTarget	1	297352
1161.6558430260563	1.0	NonTarget	1	297384
1161.780842982264	1.0	NonTarget	1	297416
1161.9058429384716	1.0	NonTarget	1	297448
1162.0308428946792	1.0	NonTarget	1	297480
1162.1558428508868	1.0	NonTarget	1	297512
1162.2808428070944	1.0	NonTarget	1	297544
1162.405842763302	1.0	NonTarget	1	297576
1162.5308427195096	1.0	NonTarget	1	297608
1162.655842675717	1.0	NonTarget	1	297640
1162.7808426319245	1.0	NonTarget	1	297672
1162.9058425881321	1.0	NonTarget	1	297704
1163.0308425443397	1.0	NonTarget	1	297736
1163.1558425005474	1.0	NonTarget	1	297768
1163.280842456755	1.0	NonTarget	1	297800
1163.4058424129626	1.0	NonTarget	1	297832
1163.5308423691702	1.0	NonTarget	1	297864
1163.6558423253778	1.0	NonTarget	1	297896
1163.7808422815851	1.0	NonTarget	1	297928
1163.9058422377927	1.0	NonTarget	1	297960
1164.0308421940003	1.0	NonTarget	1	297992
1164.155842150208	1.0	NonTarget	1	298024
1164.2808421064155	1.0	NonTarget	1	298056
1164.4058420626232	1.0	NonTarget	1	298088
1164.5308420188308	1.0	NonTarget	1	298120
1164.6558419750384	1.0	NonTarget	1	298152
1164.7808419312457	1.0	NonTarget	1	298184
1164.9058418874533	1.0	NonTarget	1	298216
1165.030841843661	1.0	NonTarget	1	298248
1165.1558417998685	1.0	NonTarget	1	298280
1165.2808417560761	1.0	NonTarget	1	298312
1165.4058417122837	1.0	NonTarget	1	298344
1165.5308416684913	1.0	NonTarget	1	298376
1165.655841624699	1.0	NonTarget	1	298408
1165.7808415809066	1.0	NonTarget	1	298440
1165.905841537114	1.0	NonTarget	1	298472
1166.0308414933215	1.0	NonTarget	1	298504
1166.1558414495291	1.0	NonTarget	1	298536
1166.2808414057367	1.0	NonTarget	1	298568
1166.4058413619443	1.0	NonTarget	1	298600
1166.530841318152	1.0	NonTarget	1	298632
1166.6558412743595	1.0	NonTarget	1	298664
1166.7808412305671	1.0	NonTarget	1	298696
1166.9058411867748	1.0	NonTarget	1	298728
1167.0308411429821	1.0	NonTarget	1	298760
1167.1558410991897	1.0	NonTarget	1	298792
1167.2808410553973	1.0	NonTarget	1	298824
1167.405841011605	1.0	NonTarget	1	298856
1167.5308409678125	1.0	NonTarget	1	298888
1167.6558409240201	1.0	NonTarget	1	298920
1167.7808408802277	1.0	NonTarget	1	298952
1167.9058408364353	1.0	NonTarget	1	298984
1168.0308407926427	1.0	NonTarget	1	299016
1168.1558407488503	1.0	NonTarget	1	299048
1168.280840705058	1.0	NonTarget	1	299080
1168.4058406612655	1.0	NonTarget	1	299112
1168.5308406174731	1.0	NonTarget	1	299144
1168.6558405736807	1.0	NonTarget	1	299176
1168.7808405298883	1.0	NonTarget	1	299208
1168.905840486096	1.0	NonTarget	1	299240
1169.0308404423035	1.0	NonTarget	1	299272
1169.155840398511	1.0	NonTarget	1	299304
1169.2808403547185	1.0	NonTarget	1	299336
1169.4058403109261	1.0	NonTarget	1	299368
1169.5308402671337	1.0	NonTarget	1	299400
1169.6558402233413	1.0	NonTarget	1	299432
1169.780840179549	1.0	NonTarget	1	299464
1169.9058401357565	1.0	NonTarget	1	299496
1170.0308400919641	1.0	NonTarget	1	299528
1170.1558400481715	1.0	NonTarget	1	299560
1170.2808400043791	1.0	NonTarget	1	299592
1170.4058399605867	1.0	NonTarget	1	299624
1170.5308399167943	1.0	NonTarget	1	299656
1170.655839873002	1.0	NonTarget	1	299688
1170.7808398292095	1.0	NonTarget	1	299720
1170.9058397854171	1.0	NonTarget	1	299752
1171.0308397416247	1.0	NonTarget	1	299784
1171.1558396978323	1.0	NonTarget	1	299816
1171.2808396540397	1.0	NonTarget	1	299848
1171.4058396102473	1.0	NonTarget	1	299880
1171.530839566455	1.0	NonTarget	1	299912
1171.6558395226625	1.0	NonTarget	1	299944
1171.7808394788701	1.0	NonTarget	1	299976
1171.9058394350777	1.0	NonTarget	1	300008
1172.0308393912853	1.0	NonTarget	1	300040
1172.155839347493	1.0	NonTarget	1	300072
1172.2808393037003	1.0	NonTarget	1	300104
1172.405839259908	1.0	NonTarget	1	300136
1172.5308392161155	1.0	NonTarget	1	300168
1172.655839172323	1.0	NonTarget	1	300200
1172.7808391285307	1.0	NonTarget	1	300232
1172.9058390847383	1.0	NonTarget	1	300264
1173.030839040946	1.0	NonTarget	1	300296
1173.1558389971535	1.0	NonTarget	1	300328
1173.2808389533611	1.0	NonTarget	1	300360
1173.4058389095685	1.0	NonTarget	1	300392
1173.530838865776	1.0	NonTarget	1	300424
1173.6558388219837	1.0	NonTarget	1	300456
1173.7808387781913	1.0	NonTarget	1	300488
1173.905838734399	1.0	NonTarget	1	300520
1174.0308386906065	1.0	NonTarget	1	300552
1174.1558386468141	1.0	NonTarget	1	300584
1174.2808386030217	1.0	NonTarget	1	300616
1174.405838559229	1.0	NonTarget	1	300648
1180.5308364134005	1.0	NonTarget	1	302216
1180.655836369608	1.0	NonTarget	1	302248
1180.7808363258155	1.0	NonTarget	1	302280
1180.905836282023	1.0	NonTarget	1	302312
1181.0308362382307	1.0	NonTarget	1	302344
1181.1558361944383	1.0	NonTarget	1	302376
1181.2808361506459	1.0	NonTarget	1	302408
1181.4058361068535	1.0	NonTarget	1	302440
1181.530836063061	1.0	NonTarget	1	302472
1181.6558360192687	1.0	NonTarget	1	302504
1181.7808359754763	1.0	NonTarget	1	302536
1181.9058359316837	1.0	NonTarget	1	302568
1182.0308358878913	1.0	NonTarget	1	302600
1182.1558358440989	1.0	NonTarget	1	302632
1182.2808358003065	1.0	NonTarget	1	302664
1182.405835756514	1.0	NonTarget	1	302696
1182.5308357127217	1.0	NonTarget	1	302728
1182.6558356689293	1.0	NonTarget	1	302760
1182.780835625137	1.0	NonTarget	1	302792
1182.9058355813445	1.0	NonTarget	1	302824
1183.0308355375519	1.0	NonTarget	1	302856
1183.1558354937595	1.0	NonTarget	1	302888
1183.280835449967	1.0	NonTarget	1	302920
1183.4058354061747	1.0	NonTarget	1	302952
1183.5308353623823	1.0	NonTarget	1	302984
1183.6558353185899	1.0	NonTarget	1	303016
1183.7808352747975	1.0	NonTarget	1	303048
1183.905835231005	1.0	NonTarget	1	303080
1184.0308351872125	1.0	NonTarget	1	303112
1184.15583514342	1.0	NonTarget	1	303144
1184.2808350996277	1.0	NonTarget	1	303176
1184.4058350558353	1.0	NonTarget	1	303208
1184.5308350120429	1.0	NonTarget	1	303240
1184.6558349682505	1.0	NonTarget	1	303272
1184.780834924458	1.0	NonTarget	1	303304
1184.9058348806657	1.0	NonTarget	1	303336
1185.0308348368733	1.0	NonTarget	1	303368
1185.1558347930807	1.0	NonTarget	1	303400
1185.2808347492883	1.0	NonTarget	1	303432
1185.4058347054959	1.0	NonTarget	1	303464
1185.5308346617035	1.0	NonTarget	1	303496
1185.655834617911	1.0	NonTarget	1	303528
1185.7808345741187	1.0	NonTarget	1	303560
1185.9058345303263	1.0	NonTarget	1	303592
1186.0308344865339	1.0	NonTarget	1	303624
1186.1558344427413	1.0	NonTarget	1	303656
1186.2808343989489	1.0	NonTarget	1	303688
1186.4058343551565	1.0	NonTarget	1	303720
1186.530834311364	1.0	NonTarget	1	303752
1186.6558342675717	1.0	NonTarget	1	303784
1186.7808342237793	1.0	NonTarget	1	303816
1186.9058341799869	1.0	NonTarget	1	303848
1187.0308341361945	1.0	NonTarget	1	303880
1187.155834092402	1.0	NonTarget	1	303912
1187.2808340486094	1.0	NonTarget	1	303944
1187.405834004817	1.0	NonTarget	1	303976
1187.5308339610247	1.0	NonTarget	1	304008
1187.6558339172323	1.0	NonTarget	1	304040
1187.7808338734399	1.0	NonTarget	1	304072
1187.9058338296475	1.0	NonTarget	1	304104
1188.030833785855	1.0	NonTarget	1	304136
1188.1558337420627	1.0	NonTarget	1	304168
1188.28083369827	1.0	NonTarget	1	304200
1188.4058336544776	1.0	NonTarget	1	304232
1188.5308336106852	1.0	NonTarget	1	304264
1188.6558335668929	1.0	NonTarget	1	304296
1188.7808335231005	1.0	NonTarget	1	304328
1188.905833479308	1.0	NonTarget	1	304360
1189.0308334355157	1.0	NonTarget	1	304392
1189.1558333917233	1.0	NonTarget	1	304424
1189.2808333479309	1.0	NonTarget	1	304456
1189.4058333041382	1.0	NonTarget	1	304488
1189.5308332603458	1.0	NonTarget	1	304520
1189.6558332165534	1.0	NonTarget	1	304552
1189.780833172761	1.0	NonTarget	1	304584
1189.9058331289687	1.0	NonTarget	1	304616
1190.0308330851763	1.0	NonTarget	1	304648
1190.1558330413839	1.0	NonTarget	1	304680
1190.2808329975915	1.0	NonTarget	1	304712
1190.4058329537988	1.0	NonTarget	1	304744
1190.5308329100064	1.0	NonTarget	1	304776
1190.655832866214	1.0	NonTarget	1	304808
1190.7808328224216	1.0	NonTarget	1	304840
1190.9058327786292	1.0	NonTarget	1	304872
1191.0308327348368	1.0	NonTarget	1	304904
1191.1558326910445	1.0	NonTarget	1	304936
1191.280832647252	1.0	NonTarget	1	304968
1191.4058326034597	1.0	NonTarget	1	305000
1191.530832559667	1.0	NonTarget	1	305032
1191.6558325158746	1.0	NonTarget	1	305064
1191.7808324720822	1.0	NonTarget	1	305096
1191.9058324282898	1.0	NonTarget	1	305128
1192.0308323844974	1.0	NonTarget	1	305160
1192.155832340705	1.0	NonTarget	1	305192
1192.2808322969126	1.0	NonTarget	1	305224
1192.4058322531203	1.0	NonTarget	1	305256
1192.5308322093276	1.0	NonTarget	1	305288
1192.6558321655352	1.0	NonTarget	1	305320
1192.7808321217428	1.0	NonTarget	1	305352
1192.9058320779504	1.0	NonTarget	1	305384
1193.030832034158	1.0	NonTarget	1	305416
1193.1558319903656	1.0	NonTarget	1	305448
1193.2808319465732	1.0	NonTarget	1	305480
1193.4058319027808	1.0	NonTarget	1	305512
1193.5308318589884	1.0	NonTarget	1	305544
1193.6558318151958	1.0	NonTarget	1	305576
1193.7808317714034	1.0	NonTarget	1	305608
1193.905831727611	1.0	NonTarget	1	305640
1194.0308316838186	1.0	NonTarget	1	305672
1194.1558316400262	1.0	NonTarget	1	305704
1194.2808315962338	1.0	NonTarget	1	305736
1194.4058315524414	1.0	NonTarget	1	305768
1194.530831508649	1.0	NonTarget	1	305800
1194.6558314648564	1.0	NonTarget	1	305832
1194.780831421064	1.0	NonTarget	1	305864
1194.9058313772716	1.0	NonTarget	1	305896
1195.0308313334792	1.0	NonTarget	1	305928
1195.1558312896868	1.0	NonTarget	1	305960
1195.2808312458944	1.0	NonTarget	1	305992
1195.405831202102	1.0	NonTarget	1	306024
1201.5308290562732	1.0	NonTarget	1	307592
1201.6558290124808	1.0	NonTarget	1	307624
1201.7808289686884	1.0	NonTarget	1	307656
1201.905828924896	1.0	NonTarget	1	307688
1202.0308288811036	1.0	NonTarget	1	307720
1202.155828837311	1.0	NonTarget	1	307752
1202.2808287935186	1.0	NonTarget	1	307784
1202.4058287497262	1.0	NonTarget	1	307816
1202.5308287059338	1.0	NonTarget	1	307848
1202.6558286621414	1.0	NonTarget	1	307880
1202.780828618349	1.0	NonTarget	1	307912
1202.9058285745566	1.0	NonTarget	1	307944
1203.0308285307642	1.0	NonTarget	1	307976
1203.1558284869718	1.0	NonTarget	1	308008
1203.2808284431792	1.0	NonTarget	1	308040
1203.4058283993868	1.0	NonTarget	1	308072
1203.5308283555944	1.0	NonTarget	1	308104
1203.655828311802	1.0	NonTarget	1	308136
1203.7808282680096	1.0	NonTarget	1	308168
1203.9058282242172	1.0	NonTarget	1	308200
1204.0308281804248	1.0	NonTarget	1	308232
1204.1558281366324	1.0	NonTarget	1	308264
1204.2808280928398	1.0	NonTarget	1	308296
1204.4058280490474	1.0	NonTarget	1	308328
1204.530828005255	1.0	NonTarget	1	308360
1204.6558279614626	1.0	NonTarget	1	308392
1204.7808279176702	1.0	NonTarget	1	308424
1204.9058278738778	1.0	NonTarget	1	308456
1205.0308278300854	1.0	NonTarget	1	308488
1205.155827786293	1.0	NonTarget	1	308520
1205.2808277425006	1.0	NonTarget	1	308552
1205.405827698708	1.0	NonTarget	1	308584
1205.5308276549156	1.0	NonTarget	1	308616
1205.6558276111232	1.0	NonTarget	1	308648
1205.7808275673308	1.0	NonTarget	1	308680
1205.9058275235384	1.0	NonTarget	1	308712
1206.030827479746	1.0	NonTarget	1	308744
1206.1558274359536	1.0	NonTarget	1	308776
1206.2808273921612	1.0	NonTarget	1	308808
1206.4058273483686	1.0	NonTarget	1	308840
1206.5308273045762	1.0	NonTarget	1	308872
1206.6558272607838	1.0	NonTarget	1	308904
1206.7808272169914	1.0	NonTarget	1	308936
1206.905827173199	1.0	NonTarget	1	308968
1207.0308271294066	1.0	NonTarget	1	309000
1207.1558270856142	1.0	NonTarget	1	309032
1207.2808270418218	1.0	NonTarget	1	309064
1207.4058269980294	1.0	NonTarget	1	309096
1207.5308269542368	1.0	NonTarget	1	309128
1207.6558269104444	1.0	NonTarget	1	309160
1207.780826866652	1.0	NonTarget	1	309192
1207.9058268228596	1.0	NonTarget	1	309224
1208.0308267790672	1.0	NonTarget	1	309256
1208.1558267352748	1.0	NonTarget	1	309288
1208.2808266914824	1.0	NonTarget	1	309320
1208.40582664769	1.0	NonTarget	1	309352
1208.5308266038974	1.0	NonTarget	1	309384
1208.655826560105	1.0	NonTarget	1	309416
1208.7808265163126	1.0	NonTarget	1	309448
1208.9058264725202	1.0	NonTarget	1	309480
1209.0308264287278	1.0	NonTarget	1	309512
1209.1558263849354	1.0	NonTarget	1	309544
1209.280826341143	1.0	NonTarget	1	309576
1209.4058262973506	1.0	NonTarget	1	309608
1209.5308262535582	1.0	NonTarget	1	309640
1209.6558262097656	1.0	NonTarget	1	309672
1209.7808261659732	1.0	NonTarget	1	309704
1209.9058261221808	1.0	NonTarget	1	309736
1210.0308260783884	1.0	NonTarget	1	309768
1210.155826034596	1.0	NonTarget	1	309800
1210.2808259908036	1.0	NonTarget	1	309832
1210.4058259470112	1.0	NonTarget	1	309864
1210.5308259032188	1.0	NonTarget	1	309896
1210.6558258594262	1.0	NonTarget	1	309928
1210.7808258156338	1.0	NonTarget	1	309960
1210.9058257718414	1.0	NonTarget	1	309992
1211.030825728049	1.0	NonTarget	1	310024
1211.1558256842566	1.0	NonTarget	1	310056
1211.2808256404642	1.0	NonTarget	1	310088
1211.4058255966718	1.0	NonTarget	1	310120
1211.5308255528794	1.0	NonTarget	1	310152
1211.655825509087	1.0	NonTarget	1	310184
1211.7808254652944	1.0	NonTarget	1	310216
1211.905825421502	1.0	NonTarget	1	310248
1212.0308253777096	1.0	NonTarget	1	310280
1212.1558253339172	1.0	NonTarget	1	310312
1212.2808252901248	1.0	NonTarget	1	310344
1212.4058252463324	1.0	NonTarget	1	310376
1212.53082520254	1.0	NonTarget	1	310408
1212.6558251587476	1.0	NonTarget	1	310440
1212.780825114955	1.0	NonTarget	1	310472
1212.9058250711626	1.0	NonTarget	1	310504
1213.0308250273702	1.0	NonTarget	1	310536
1213.1558249835778	1.0	NonTarget	1	310568
1213.2808249397854	1.0	NonTarget	1	310600
1213.405824895993	1.0	NonTarget	1	310632
1213.5308248522006	1.0	NonTarget	1	310664
1213.6558248084082	1.0	NonTarget	1	310696
1213.7808247646158	1.0	NonTarget	1	310728
1213.9058247208231	1.0	NonTarget	1	310760
1214.0308246770308	1.0	NonTarget	1	310792
1214.1558246332384	1.0	NonTarget	1	310824
1214.280824589446	1.0	NonTarget	1	310856
1214.4058245456536	1.0	NonTarget	1	310888
1214.5308245018612	1.0	NonTarget	1	310920
1214.6558244580688	1.0	NonTarget	1	310952
1214.7808244142764	1.0	NonTarget	1	310984
1214.9058243704837	1.0	NonTarget	1	311016
1215.0308243266913	1.0	NonTarget	1	311048
1215.155824282899	1.0	NonTarget	1	311080
1215.2808242391066	1.0	NonTarget	1	311112
1215.4058241953142	1.0	NonTarget	1	311144
1215.5308241515218	1.0	NonTarget	1	311176
1215.6558241077294	1.0	NonTarget	1	311208
1215.780824063937	1.0	NonTarget	1	311240
1215.9058240201446	1.0	NonTarget	1	311272
1216.030823976352	1.0	NonTarget	1	311304
1216.1558239325595	1.0	NonTarget	1	311336
1216.2808238887671	1.0	NonTarget	1	311368
1216.4058238449747	1.0	NonTarget	1	311400
1222.530821699146	1.0	NonTarget	1	312968
1222.6558216553535	1.0	NonTarget	1	313000
1222.7808216115611	1.0	NonTarget	1	313032
1222.9058215677687	1.0	NonTarget	1	313064
1223.0308215239763	1.0	NonTarget	1	313096
1223.155821480184	1.0	NonTarget	1	313128
1223.2808214363915	1.0	NonTarget	1	313160
1223.4058213925991	1.0	NonTarget	1	313192
1223.5308213488065	1.0	NonTarget	1	313224
1223.6558213050141	1.0	NonTarget	1	313256
1223.7808212612217	1.0	NonTarget	1	313288
1223.9058212174293	1.0	NonTarget	1	313320
1224.030821173637	1.0	NonTarget	1	313352
1224.1558211298445	1.0	NonTarget	1	313384
1224.2808210860521	1.0	NonTarget	1	313416
1224.4058210422597	1.0	NonTarget	1	313448
1224.530820998467	1.0	NonTarget	1	313480
1224.6558209546747	1.0	NonTarget	1	313512
1224.7808209108823	1.0	NonTarget	1	313544
1224.90582086709	1.0	NonTarget	1	313576
1225.0308208232975	1.0	NonTarget	1	313608
1225.1558207795051	1.0	NonTarget	1	313640
1225.2808207357127	1.0	NonTarget	1	313672
1225.4058206919203	1.0	NonTarget	1	313704
1225.530820648128	1.0	NonTarget	1	313736
1225.6558206043353	1.0	NonTarget	1	313768
1225.780820560543	1.0	NonTarget	1	313800
1225.9058205167505	1.0	NonTarget	1	313832
1226.030820472958	1.0	NonTarget	1	313864
1226.1558204291657	1.0	NonTarget	1	313896
1226.2808203853733	1.0	NonTarget	1	313928
1226.405820341581	1.0	NonTarget	1	313960
1226.5308202977885	1.0	NonTarget	1	313992
1226.655820253996	1.0	NonTarget	1	314024
1226.7808202102035	1.0	NonTarget	1	314056
1226.905820166411	1.0	NonTarget	1	314088
1227.0308201226187	1.0	NonTarget	1	314120
1227.1558200788263	1.0	NonTarget	1	314152
1227.280820035034	1.0	NonTarget	1	314184
1227.4058199912415	1.0	NonTarget	1	314216
1227.5308199474491	1.0	NonTarget	1	314248
1227.6558199036567	1.0	NonTarget	1	314280
1227.780819859864	1.0	NonTarget	1	314312
1227.9058198160717	1.0	NonTarget	1	314344
1228.0308197722793	1.0	NonTarget	1	314376
1228.155819728487	1.0	NonTarget	1	314408
1228.2808196846945	1.0	NonTarget	1	314440
1228.405819640902	1.0	NonTarget	1	314472
1228.5308195971097	1.0	NonTarget	1	314504
1228.6558195533173	1.0	NonTarget	1	314536
1228.7808195095247	1.0	NonTarget	1	314568
1228.9058194657323	1.0	NonTarget	1	314600
1229.03081942194	1.0	NonTarget	1	314632
1229.1558193781475	1.0	NonTarget	1	314664
1229.280819334355	1.0	NonTarget	1	314696
1229.4058192905627	1.0	NonTarget	1	314728
1229.5308192467703	1.0	NonTarget	1	314760
1229.655819202978	1.0	NonTarget	1	314792
1229.7808191591855	1.0	NonTarget	1	314824
1229.905819115393	1.0	NonTarget	1	314856
1230.0308190716005	1.0	NonTarget	1	314888
1230.155819027808	1.0	NonTarget	1	314920
1230.2808189840157	1.0	NonTarget	1	314952
1230.4058189402233	1.0	NonTarget	1	314984
1230.530818896431	1.0	NonTarget	1	315016
1230.6558188526385	1.0	NonTarget	1	315048
1230.780818808846	1.0	NonTarget	1	315080
1230.9058187650535	1.0	NonTarget	1	315112
1231.030818721261	1.0	NonTarget	1	315144
1231.1558186774687	1.0	NonTarget	1	315176
1231.2808186336763	1.0	NonTarget	1	315208
1231.405818589884	1.0	NonTarget	1	315240
1231.5308185460915	1.0	NonTarget	1	315272
1231.655818502299	1.0	NonTarget	1	315304
1231.7808184585067	1.0	NonTarget	1	315336
1231.9058184147143	1.0	NonTarget	1	315368
1232.0308183709217	1.0	NonTarget	1	315400
1232.1558183271293	1.0	NonTarget	1	315432
1232.2808182833369	1.0	NonTarget	1	315464
1232.4058182395445	1.0	NonTarget	1	315496
1232.530818195752	1.0	NonTarget	1	315528
1232.6558181519597	1.0	NonTarget	1	315560
1232.7808181081673	1.0	NonTarget	1	315592
1232.905818064375	1.0	NonTarget	1	315624
1233.0308180205823	1.0	NonTarget	1	315656
1233.1558179767899	1.0	NonTarget	1	315688
1233.2808179329975	1.0	NonTarget	1	315720
1233.405817889205	1.0	NonTarget	1	315752
1233.5308178454127	1.0	NonTarget	1	315784
1233.6558178016203	1.0	NonTarget	1	315816
1233.780817757828	1.0	NonTarget	1	315848
1233.9058177140355	1.0	NonTarget	1	315880
1234.030817670243	1.0	NonTarget	1	315912
1234.1558176264505	1.0	NonTarget	1	315944
1234.280817582658	1.0	NonTarget	1	315976
1234.4058175388657	1.0	NonTarget	1	316008
1234.5308174950733	1.0	NonTarget	1	316040
1234.6558174512809	1.0	NonTarget	1	316072
1234.7808174074885	1.0	NonTarget	1	316104
1234.905817363696	1.0	NonTarget	1	316136
1235.0308173199037	1.0	NonTarget	1	316168
1235.1558172761113	1.0	NonTarget	1	316200
1235.2808172323187	1.0	NonTarget	1	316232
1235.4058171885263	1.0	NonTarget	1	316264
1235.5308171447339	1.0	NonTarget	1	316296
1235.6558171009415	1.0	NonTarget	1	316328
1235.780817057149	1.0	NonTarget	1	316360
1235.9058170133567	1.0	NonTarget	1	316392
1236.0308169695643	1.0	NonTarget	1	316424
1236.155816925772	1.0	NonTarget	1	316456
1236.2808168819793	1.0	NonTarget	1	316488
1236.4058168381869	1.0	NonTarget	1	316520
1236.5308167943945	1.0	NonTarget	1	316552
1236.655816750602	1.0	NonTarget	1	316584
1236.7808167068097	1.0	NonTarget	1	316616
1236.9058166630173	1.0	NonTarget	1	316648
1237.0308166192249	1.0	NonTarget	1	316680
1237.1558165754325	1.0	NonTarget	1	316712
1237.28081653164	1.0	NonTarget	1	316744
1237.4058164878475	1.0	NonTarget	1	316776
1243.5308143420189	1.0	NonTarget	1	318344
1243.6558142982265	1.0	NonTarget	1	318376
1243.7808142544338	1.0	NonTarget	1	318408
1243.9058142106414	1.0	NonTarget	1	318440
1244.030814166849	1.0	NonTarget	1	318472
1244.1558141230566	1.0	NonTarget	1	318504
1244.2808140792642	1.0	NonTarget	1	318536
1244.4058140354718	1.0	NonTarget	1	318568
1244.5308139916795	1.0	NonTarget	1	318600
1244.655813947887	1.0	NonTarget	1	318632
1244.7808139040944	1.0	NonTarget	1	318664
1244.905813860302	1.0	NonTarget	1	318696
1245.0308138165096	1.0	NonTarget	1	318728
1245.1558137727172	1.0	NonTarget	1	318760
1245.2808137289248	1.0	NonTarget	1	318792
1245.4058136851324	1.0	NonTarget	1	318824
1245.53081364134	1.0	NonTarget	1	318856
1245.6558135975476	1.0	NonTarget	1	318888
1245.7808135537553	1.0	NonTarget	1	318920
1245.9058135099626	1.0	NonTarget	1	318952
1246.0308134661702	1.0	NonTarget	1	318984
1246.1558134223778	1.0	NonTarget	1	319016
1246.2808133785854	1.0	NonTarget	1	319048
1246.405813334793	1.0	NonTarget	1	319080
1246.5308132910006	1.0	NonTarget	1	319112
1246.6558132472082	1.0	NonTarget	1	319144
1246.7808132034158	1.0	NonTarget	1	319176
1246.9058131596232	1.0	NonTarget	1	319208
1247.0308131158308	1.0	NonTarget	1	319240
1247.1558130720384	1.0	NonTarget	1	319272
1247.280813028246	1.0	NonTarget	1	319304
1247.4058129844536	1.0	NonTarget	1	319336
1247.5308129406612	1.0	NonTarget	1	319368
1247.6558128968688	1.0	NonTarget	1	319400
1247.7808128530764	1.0	NonTarget	1	319432
1247.905812809284	1.0	NonTarget	1	319464
1248.0308127654914	1.0	NonTarget	1	319496
1248.155812721699	1.0	NonTarget	1	319528
1248.2808126779066	1.0	NonTarget	1	319560
1248.4058126341142	1.0	NonTarget	1	319592
1248.5308125903218	1.0	NonTarget	1	319624
1248.6558125465294	1.0	NonTarget	1	319656
1248.780812502737	1.0	NonTarget	1	319688
1248.9058124589446	1.0	NonTarget	1	319720
1249.030812415152	1.0	NonTarget	1	319752
1249.1558123713596	1.0	NonTarget	1	319784
1249.2808123275672	1.0	NonTarget	1	319816
1249.4058122837748	1.0	NonTarget	1	319848
1249.5308122399824	1.0	NonTarget	1	319880
1249.65581219619	1.0	NonTarget	1	319912
1249.7808121523976	1.0	NonTarget	1	319944
1249.9058121086052	1.0	NonTarget	1	319976
1250.0308120648128	1.0	NonTarget	1	320008
1250.1558120210202	1.0	NonTarget	1	320040
1250.2808119772278	1.0	NonTarget	1	320072
1250.4058119334354	1.0	NonTarget	1	320104
1250.530811889643	1.0	NonTarget	1	320136
1250.6558118458506	1.0	NonTarget	1	320168
1250.7808118020582	1.0	NonTarget	1	320200
1250.9058117582658	1.0	NonTarget	1	320232
1251.0308117144734	1.0	NonTarget	1	320264
1251.1558116706808	1.0	NonTarget	1	320296
1251.2808116268884	1.0	NonTarget	1	320328
1251.405811583096	1.0	NonTarget	1	320360
1251.5308115393036	1.0	NonTarget	1	320392
1251.6558114955112	1.0	NonTarget	1	320424
1251.7808114517188	1.0	NonTarget	1	320456
1251.9058114079264	1.0	NonTarget	1	320488
1252.030811364134	1.0	NonTarget	1	320520
1252.1558113203416	1.0	NonTarget	1	320552
1252.280811276549	1.0	NonTarget	1	320584
1252.4058112327566	1.0	NonTarget	1	320616
1252.5308111889642	1.0	NonTarget	1	320648
1252.6558111451718	1.0	NonTarget	1	320680
1252.7808111013794	1.0	NonTarget	1	320712
1252.905811057587	1.0	NonTarget	1	320744
1253.0308110137946	1.0	NonTarget	1	320776
1253.1558109700022	1.0	NonTarget	1	320808
1253.2808109262098	1.0	NonTarget	1	320840
1253.4058108824172	1.0	NonTarget	1	320872
1253.5308108386248	1.0	NonTarget	1	320904
1253.6558107948324	1.0	NonTarget	1	320936
1253.78081075104	1.0	NonTarget	1	320968
1253.9058107072476	1.0	NonTarget	1	321000
1254.0308106634552	1.0	NonTarget	1	321032
1254.1558106196628	1.0	NonTarget	1	321064
1254.2808105758704	1.0	NonTarget	1	321096
1254.4058105320778	1.0	NonTarget	1	321128
1254.5308104882854	1.0	NonTarget	1	321160
1254.655810444493	1.0	NonTarget	1	321192
1254.7808104007006	1.0	NonTarget	1	321224
1254.9058103569082	1.0	NonTarget	1	321256
1255.0308103131158	1.0	NonTarget	1	321288
1255.1558102693234	1.0	NonTarget	1	321320
1255.280810225531	1.0	NonTarget	1	321352
1255.4058101817386	1.0	NonTarget	1	321384
1255.530810137946	1.0	NonTarget	1	321416
1255.6558100941536	1.0	NonTarget	1	321448
1255.7808100503612	1.0	NonTarget	1	321480
1255.9058100065688	1.0	NonTarget	1	321512
1256.0308099627764	1.0	NonTarget	1	321544
1256.155809918984	1.0	NonTarget	1	321576
1256.2808098751916	1.0	NonTarget	1	321608
1256.4058098313992	1.0	NonTarget	1	321640
1256.5308097876066	1.0	NonTarget	1	321672
1256.6558097438142	1.0	NonTarget	1	321704
1256.7808097000218	1.0	NonTarget	1	321736
1256.9058096562294	1.0	NonTarget	1	321768
1257.030809612437	1.0	NonTarget	1	321800
1257.1558095686446	1.0	NonTarget	1	321832
1257.2808095248522	1.0	NonTarget	1	321864
1257.4058094810598	1.0	NonTarget	1	321896
1257.5308094372674	1.0	NonTarget	1	321928
1257.6558093934748	1.0	NonTarget	1	321960
1257.7808093496824	1.0	NonTarget	1	321992
1257.90580930589	1.0	NonTarget	1	322024
1258.0308092620976	1.0	NonTarget	1	322056
1258.1558092183052	1.0	NonTarget	1	322088
1258.2808091745128	1.0	NonTarget	1	322120
1258.4058091307204	1.0	NonTarget	1	322152
1264.5308069848916	1.0	NonTarget	1	323720
1264.6558069410992	1.0	NonTarget	1	323752
1264.7808068973068	1.0	NonTarget	1	323784
1264.9058068535144	1.0	NonTarget	1	323816
1265.0308068097218	1.0	NonTarget	1	323848
1265.1558067659294	1.0	NonTarget	1	323880
1265.280806722137	1.0	NonTarget	1	323912
1265.4058066783446	1.0	NonTarget	1	323944
1265.5308066345522	1.0	NonTarget	1	323976
1265.6558065907598	1.0	NonTarget	1	324008
1265.7808065469674	1.0	NonTarget	1	324040
1265.905806503175	1.0	NonTarget	1	324072
1266.0308064593826	1.0	NonTarget	1	324104
1266.15580641559	1.0	NonTarget	1	324136
1266.2808063717976	1.0	NonTarget	1	324168
1266.4058063280052	1.0	NonTarget	1	324200
1266.5308062842128	1.0	NonTarget	1	324232
1266.6558062404204	1.0	NonTarget	1	324264
1266.780806196628	1.0	NonTarget	1	324296
1266.9058061528356	1.0	NonTarget	1	324328
1267.0308061090432	1.0	NonTarget	1	324360
1267.1558060652505	1.0	NonTarget	1	324392
1267.2808060214581	1.0	NonTarget	1	324424
1267.4058059776658	1.0	NonTarget	1	324456
1267.5308059338734	1.0	NonTarget	1	324488
1267.655805890081	1.0	NonTarget	1	324520
1267.7808058462886	1.0	NonTarget	1	324552
1267.9058058024962	1.0	NonTarget	1	324584
1268.0308057587038	1.0	NonTarget	1	324616
1268.1558057149114	1.0	NonTarget	1	324648
1268.2808056711187	1.0	NonTarget	1	324680
1268.4058056273263	1.0	NonTarget	1	324712
1268.530805583534	1.0	NonTarget	1	324744
1268.6558055397416	1.0	NonTarget	1	324776
1268.7808054959492	1.0	NonTarget	1	324808
1268.9058054521568	1.0	NonTarget	1	324840
1269.0308054083644	1.0	NonTarget	1	324872
1269.155805364572	1.0	NonTarget	1	324904
1269.2808053207796	1.0	NonTarget	1	324936
1269.405805276987	1.0	NonTarget	1	324968
1269.5308052331945	1.0	NonTarget	1	325000
1269.6558051894021	1.0	NonTarget	1	325032
1269.7808051456097	1.0	NonTarget	1	325064
1269.9058051018174	1.0	NonTarget	1	325096
1270.030805058025	1.0	NonTarget	1	325128
1270.1558050142326	1.0	NonTarget	1	325160
1270.2808049704402	1.0	NonTarget	1	325192
1270.4058049266475	1.0	NonTarget	1	325224
1270.5308048828551	1.0	NonTarget	1	325256
1270.6558048390627	1.0	NonTarget	1	325288
1270.7808047952703	1.0	NonTarget	1	325320
1270.905804751478	1.0	NonTarget	1	325352
1271.0308047076855	1.0	NonTarget	1	325384
1271.1558046638932	1.0	NonTarget	1	325416
1271.2808046201008	1.0	NonTarget	1	325448
1271.4058045763084	1.0	NonTarget	1	325480
1271.5308045325157	1.0	NonTarget	1	325512
1271.6558044887233	1.0	NonTarget	1	325544
1271.780804444931	1.0	NonTarget	1	325576
1271.9058044011385	1.0	NonTarget	1	325608
1272.0308043573461	1.0	NonTarget	1	325640
1272.1558043135537	1.0	NonTarget	1	325672
1272.2808042697613	1.0	NonTarget	1	325704
1272.405804225969	1.0	NonTarget	1	325736
1272.5308041821763	1.0	NonTarget	1	325768
1272.655804138384	1.0	NonTarget	1	325800
1272.7808040945915	1.0	NonTarget	1	325832
1272.9058040507991	1.0	NonTarget	1	325864
1273.0308040070067	1.0	NonTarget	1	325896
1273.1558039632143	1.0	NonTarget	1	325928
1273.280803919422	1.0	NonTarget	1	325960
1273.4058038756295	1.0	NonTarget	1	325992
1273.5308038318371	1.0	NonTarget	1	326024
1273.6558037880445	1.0	NonTarget	1	326056
1273.7808037442521	1.0	NonTarget	1	326088
1273.9058037004597	1.0	NonTarget	1	326120
1274.0308036566673	1.0	NonTarget	1	326152
1274.155803612875	1.0	NonTarget	1	326184
1274.2808035690825	1.0	NonTarget	1	326216
1274.4058035252901	1.0	NonTarget	1	326248
1274.5308034814977	1.0	NonTarget	1	326280
1274.6558034377051	1.0	NonTarget	1	326312
1274.7808033939127	1.0	NonTarget	1	326344
1274.9058033501203	1.0	NonTarget	1	326376
1275.030803306328	1.0	NonTarget	1	326408
1275.1558032625355	1.0	NonTarget	1	326440
1275.2808032187431	1.0	NonTarget	1	326472
1275.4058031749507	1.0	NonTarget	1	326504
1275.5308031311583	1.0	NonTarget	1	326536
1275.655803087366	1.0	NonTarget	1	326568
1275.7808030435733	1.0	NonTarget	1	326600
1275.905802999781	1.0	NonTarget	1	326632
1276.0308029559885	1.0	NonTarget	1	326664
1276.1558029121961	1.0	NonTarget	1	326696
1276.2808028684037	1.0	NonTarget	1	326728
1276.4058028246113	1.0	NonTarget	1	326760
1276.530802780819	1.0	NonTarget	1	326792
1276.6558027370265	1.0	NonTarget	1	326824
1276.780802693234	1.0	NonTarget	1	326856
1276.9058026494415	1.0	NonTarget	1	326888
1277.0308026056491	1.0	NonTarget	1	326920
1277.1558025618567	1.0	NonTarget	1	326952
1277.2808025180643	1.0	NonTarget	1	326984
1277.405802474272	1.0	NonTarget	1	327016
1277.5308024304795	1.0	NonTarget	1	327048
1277.6558023866871	1.0	NonTarget	1	327080
1277.7808023428947	1.0	NonTarget	1	327112
1277.905802299102	1.0	NonTarget	1	327144
1278.0308022553097	1.0	NonTarget	1	327176
1278.1558022115173	1.0	NonTarget	1	327208
1278.280802167725	1.0	NonTarget	1	327240
1278.4058021239325	1.0	NonTarget	1	327272
1278.5308020801401	1.0	NonTarget	1	327304
1278.6558020363477	1.0	NonTarget	1	327336
1278.7808019925553	1.0	NonTarget	1	327368
1278.9058019487627	1.0	NonTarget	1	327400
1279.0308019049703	1.0	NonTarget	1	327432
1279.155801861178	1.0	NonTarget	1	327464
1279.2808018173855	1.0	NonTarget	1	327496
1279.405801773593	1.0	NonTarget	1	327528
1285.5307996277643	1.0	NonTarget	1	329096
1285.6557995839719	1.0	NonTarget	1	329128
1285.7807995401795	1.0	NonTarget	1	329160
1285.905799496387	1.0	NonTarget	1	329192
1286.0307994525947	1.0	NonTarget	1	329224
1286.1557994088023	1.0	NonTarget	1	329256
1286.28079936501	1.0	NonTarget	1	329288
1286.4057993212173	1.0	NonTarget	1	329320
1286.5307992774249	1.0	NonTarget	1	329352
1286.6557992336325	1.0	NonTarget	1	329384
1286.78079918984	1.0	NonTarget	1	329416
1286.9057991460477	1.0	NonTarget	1	329448
1287.0307991022553	1.0	NonTarget	1	329480
1287.155799058463	1.0	NonTarget	1	329512
1287.2807990146705	1.0	NonTarget	1	329544
1287.405798970878	1.0	NonTarget	1	329576
1287.5307989270855	1.0	NonTarget	1	329608
1287.655798883293	1.0	NonTarget	1	329640
1287.7807988395007	1.0	NonTarget	1	329672
1287.9057987957083	1.0	NonTarget	1	329704
1288.0307987519159	1.0	NonTarget	1	329736
1288.1557987081235	1.0	NonTarget	1	329768
1288.280798664331	1.0	NonTarget	1	329800
1288.4057986205387	1.0	NonTarget	1	329832
1288.530798576746	1.0	NonTarget	1	329864
1288.6557985329537	1.0	NonTarget	1	329896
1288.7807984891613	1.0	NonTarget	1	329928
1288.9057984453689	1.0	NonTarget	1	329960
1289.0307984015765	1.0	NonTarget	1	329992
1289.155798357784	1.0	NonTarget	1	330024
1289.2807983139917	1.0	NonTarget	1	330056
1289.4057982701993	1.0	NonTarget	1	330088
1289.530798226407	1.0	NonTarget	1	330120
1289.6557981826143	1.0	NonTarget	1	330152
1289.7807981388219	1.0	NonTarget	1	330184
1289.9057980950295	1.0	NonTarget	1	330216
1290.030798051237	1.0	NonTarget	1	330248
1290.1557980074447	1.0	NonTarget	1	330280
1290.2807979636523	1.0	NonTarget	1	330312
1290.4057979198599	1.0	NonTarget	1	330344
1290.5307978760675	1.0	NonTarget	1	330376
1290.6557978322749	1.0	NonTarget	1	330408
1290.7807977884825	1.0	NonTarget	1	330440
1290.90579774469	1.0	NonTarget	1	330472
1291.0307977008977	1.0	NonTarget	1	330504
1291.1557976571053	1.0	NonTarget	1	330536
1291.2807976133129	1.0	NonTarget	1	330568
1291.4057975695205	1.0	NonTarget	1	330600
1291.530797525728	1.0	NonTarget	1	330632
1291.6557974819357	1.0	NonTarget	1	330664
1291.780797438143	1.0	NonTarget	1	330696
1291.9057973943507	1.0	NonTarget	1	330728
1292.0307973505583	1.0	NonTarget	1	330760
1292.1557973067659	1.0	NonTarget	1	330792
1292.2807972629735	1.0	NonTarget	1	330824
1292.405797219181	1.0	NonTarget	1	330856
1292.5307971753887	1.0	NonTarget	1	330888
1292.6557971315963	1.0	NonTarget	1	330920
1292.7807970878036	1.0	NonTarget	1	330952
1292.9057970440113	1.0	NonTarget	1	330984
1293.0307970002189	1.0	NonTarget	1	331016
1293.1557969564265	1.0	NonTarget	1	331048
1293.280796912634	1.0	NonTarget	1	331080
1293.4057968688417	1.0	NonTarget	1	331112
1293.5307968250493	1.0	NonTarget	1	331144
1293.6557967812569	1.0	NonTarget	1	331176
1293.7807967374645	1.0	NonTarget	1	331208
1293.9057966936718	1.0	NonTarget	1	331240
1294.0307966498794	1.0	NonTarget	1	331272
1294.155796606087	1.0	NonTarget	1	331304
1294.2807965622947	1.0	NonTarget	1	331336
1294.4057965185023	1.0	NonTarget	1	331368
1294.5307964747099	1.0	NonTarget	1	331400
1294.6557964309175	1.0	NonTarget	1	331432
1294.780796387125	1.0	NonTarget	1	331464
1294.9057963433324	1.0	NonTarget	1	331496
1295.03079629954	1.0	NonTarget	1	331528
1295.1557962557476	1.0	NonTarget	1	331560
1295.2807962119552	1.0	NonTarget	1	331592
1295.4057961681629	1.0	NonTarget	1	331624
1295.5307961243705	1.0	NonTarget	1	331656
1295.655796080578	1.0	NonTarget	1	331688
1295.7807960367857	1.0	NonTarget	1	331720
1295.9057959929933	1.0	NonTarget	1	331752
1296.0307959492006	1.0	NonTarget	1	331784
1296.1557959054082	1.0	NonTarget	1	331816
1296.2807958616158	1.0	NonTarget	1	331848
1296.4057958178234	1.0	NonTarget	1	331880
1296.530795774031	1.0	NonTarget	1	331912
1296.6557957302387	1.0	NonTarget	1	331944
1296.7807956864463	1.0	NonTarget	1	331976
1296.9057956426539	1.0	NonTarget	1	332008
1297.0307955988612	1.0	NonTarget	1	332040
1297.1557955550688	1.0	NonTarget	1	332072
1297.2807955112764	1.0	NonTarget	1	332104
1297.405795467484	1.0	NonTarget	1	332136
1297.5307954236916	1.0	NonTarget	1	332168
1297.6557953798992	1.0	NonTarget	1	332200
1297.7807953361068	1.0	NonTarget	1	332232
1297.9057952923145	1.0	NonTarget	1	332264
1298.030795248522	1.0	NonTarget	1	332296
1298.1557952047294	1.0	NonTarget	1	332328
1298.280795160937	1.0	NonTarget	1	332360
1298.4057951171446	1.0	NonTarget	1	332392
1298.5307950733522	1.0	NonTarget	1	332424
1298.6557950295598	1.0	NonTarget	1	332456
1298.7807949857674	1.0	NonTarget	1	332488
1298.905794941975	1.0	NonTarget	1	332520
1299.0307948981826	1.0	NonTarget	1	332552
1299.15579485439	1.0	NonTarget	1	332584
1299.2807948105976	1.0	NonTarget	1	332616
1299.4057947668052	1.0	NonTarget	1	332648
1299.5307947230128	1.0	NonTarget	1	332680
1299.6557946792204	1.0	NonTarget	1	332712
1299.780794635428	1.0	NonTarget	1	332744
1299.9057945916356	1.0	NonTarget	1	332776
1300.0307945478432	1.0	NonTarget	1	332808
1300.1557945040508	1.0	NonTarget	1	332840
1300.2807944602582	1.0	NonTarget	1	332872
1300.4057944164658	1.0	NonTarget	1	332904
1306.5307922706372	1.0	NonTarget	1	334472
1306.6557922268446	1.0	NonTarget	1	334504
1306.7807921830522	1.0	NonTarget	1	334536
1306.9057921392598	1.0	NonTarget	1	334568
1307.0307920954674	1.0	NonTarget	1	334600
1307.155792051675	1.0	NonTarget	1	334632
1307.2807920078826	1.0	NonTarget	1	334664
1307.4057919640902	1.0	NonTarget	1	334696
1307.5307919202978	1.0	NonTarget	1	334728
1307.6557918765054	1.0	NonTarget	1	334760
1307.7807918327128	1.0	NonTarget	1	334792
1307.9057917889204	1.0	NonTarget	1	334824
1308.030791745128	1.0	NonTarget	1	334856
1308.1557917013356	1.0	NonTarget	1	334888
1308.2807916575432	1.0	NonTarget	1	334920
1308.4057916137508	1.0	NonTarget	1	334952
1308.5307915699584	1.0	NonTarget	1	334984
1308.655791526166	1.0	NonTarget	1	335016
1308.7807914823734	1.0	NonTarget	1	335048
1308.905791438581	1.0	NonTarget	1	335080
1309.0307913947886	1.0	NonTarget	1	335112
1309.1557913509962	1.0	NonTarget	1	335144
1309.2807913072038	1.0	NonTarget	1	335176
1309.4057912634114	1.0	NonTarget	1	335208
1309.530791219619	1.0	NonTarget	1	335240
1309.6557911758266	1.0	NonTarget	1	335272
1309.7807911320342	1.0	NonTarget	1	335304
1309.9057910882416	1.0	NonTarget	1	335336
1310.0307910444492	1.0	NonTarget	1	335368
1310.1557910006568	1.0	NonTarget	1	335400
1310.2807909568644	1.0	NonTarget	1	335432
1310.405790913072	1.0	NonTarget	1	335464
1310.5307908692796	1.0	NonTarget	1	335496
1310.6557908254872	1.0	NonTarget	1	335528
1310.7807907816948	1.0	NonTarget	1	335560
1310.9057907379022	1.0	NonTarget	1	335592
1311.0307906941098	1.0	NonTarget	1	335624
1311.1557906503174	1.0	NonTarget	1	335656
1311.280790606525	1.0	NonTarget	1	335688
1311.4057905627326	1.0	NonTarget	1	335720
1311.5307905189402	1.0	NonTarget	1	335752
1311.6557904751478	1.0	NonTarget	1	335784
1311.7807904313554	1.0	NonTarget	1	335816
1311.905790387563	1.0	NonTarget	1	335848
1312.0307903437704	1.0	NonTarget	1	335880
1312.155790299978	1.0	NonTarget	1	335912
1312.2807902561856	1.0	NonTarget	1	335944
1312.4057902123932	1.0	NonTarget	1	335976
1312.5307901686008	1.0	NonTarget	1	336008
1312.6557901248084	1.0	NonTarget	1	336040
1312.780790081016	1.0	NonTarget	1	336072
1312.9057900372236	1.0	NonTarget	1	336104
1313.030789993431	1.0	NonTarget	1	336136
1313.1557899496386	1.0	NonTarget	1	336168
1313.2807899058462	1.0	NonTarget	1	336200
1313.4057898620538	1.0	NonTarget	1	336232
1313.5307898182614	1.0	NonTarget	1	336264
1313.655789774469	1.0	NonTarget	1	336296
1313.7807897306766	1.0	NonTarget	1	336328
1313.9057896868842	1.0	NonTarget	1	336360
1314.0307896430918	1.0	NonTarget	1	336392
1314.1557895992992	1.0	NonTarget	1	336424
1314.2807895555068	1.0	NonTarget	1	336456
1314.4057895117144	1.0	NonTarget	1	336488
1314.530789467922	1.0	NonTarget	1	336520
1314.6557894241296	1.0	NonTarget	1	336552
1314.7807893803372	1.0	NonTarget	1	336584
1314.9057893365448	1.0	NonTarget	1	336616
1315.0307892927524	1.0	NonTarget	1	336648
1315.1557892489598	1.0	NonTarget	1	336680
1315.2807892051674	1.0	NonTarget	1	336712
1315.405789161375	1.0	NonTarget	1	336744
1315.5307891175826	1.0	NonTarget	1	336776
1315.6557890737902	1.0	NonTarget	1	336808
1315.7807890299978	1.0	NonTarget	1	336840
1315.9057889862054	1.0	NonTarget	1	336872
1316.030788942413	1.0	NonTarget	1	336904
1316.1557888986206	1.0	NonTarget	1	336936
1316.280788854828	1.0	NonTarget	1	336968
1316.4057888110356	1.0	NonTarget	1	337000
1316.5307887672432	1.0	NonTarget	1	337032
1316.6557887234508	1.0	NonTarget	1	337064
1316.7807886796584	1.0	NonTarget	1	337096
1316.905788635866	1.0	NonTarget	1	337128
1317.0307885920736	1.0	NonTarget	1	337160
1317.1557885482812	1.0	NonTarget	1	337192
1317.2807885044886	1.0	NonTarget	1	337224
1317.4057884606962	1.0	NonTarget	1	337256
1317.5307884169038	1.0	NonTarget	1	337288
1317.6557883731114	1.0	NonTarget	1	337320
1317.780788329319	1.0	NonTarget	1	337352
1317.9057882855266	1.0	NonTarget	1	337384
1318.0307882417342	1.0	NonTarget	1	337416
1318.1557881979418	1.0	NonTarget	1	337448
1318.2807881541494	1.0	NonTarget	1	337480
1318.4057881103568	1.0	NonTarget	1	337512
1318.5307880665644	1.0	NonTarget	1	337544
1318.655788022772	1.0	NonTarget	1	337576
1318.7807879789796	1.0	NonTarget	1	337608
1318.9057879351872	1.0	NonTarget	1	337640
1319.0307878913948	1.0	NonTarget	1	337672
1319.1557878476024	1.0	NonTarget	1	337704
1319.28078780381	1.0	NonTarget	1	337736
1319.4057877600173	1.0	NonTarget	1	337768
1319.530787716225	1.0	NonTarget	1	337800
1319.6557876724326	1.0	NonTarget	1	337832
1319.7807876286402	1.0	NonTarget	1	337864
1319.9057875848478	1.0	NonTarget	1	337896
1320.0307875410554	1.0	NonTarget	1	337928
1320.155787497263	1.0	NonTarget	1	337960
1320.2807874534706	1.0	NonTarget	1	337992
1320.4057874096782	1.0	NonTarget	1	338024
1320.5307873658855	1.0	NonTarget	1	338056
1320.6557873220931	1.0	NonTarget	1	338088
1320.7807872783007	1.0	NonTarget	1	338120
1320.9057872345084	1.0	NonTarget	1	338152
1321.030787190716	1.0	NonTarget	1	338184
1321.1557871469236	1.0	NonTarget	1	338216
1321.2807871031312	1.0	NonTarget	1	338248
1321.4057870593388	1.0	NonTarget	1	338280
1327.53078491351	1.0	NonTarget	1	339848
1327.6557848697175	1.0	NonTarget	1	339880
1327.7807848259251	1.0	NonTarget	1	339912
1327.9057847821327	1.0	NonTarget	1	339944
1328.0307847383401	1.0	NonTarget	1	339976
1328.1557846945477	1.0	NonTarget	1	340008
1328.2807846507553	1.0	NonTarget	1	340040
1328.405784606963	1.0	NonTarget	1	340072
1328.5307845631705	1.0	NonTarget	1	340104
1328.6557845193781	1.0	NonTarget	1	340136
1328.7807844755857	1.0	NonTarget	1	340168
1328.9057844317933	1.0	NonTarget	1	340200
1329.0307843880007	1.0	NonTarget	1	340232
1329.1557843442083	1.0	NonTarget	1	340264
1329.280784300416	1.0	NonTarget	1	340296
1329.4057842566235	1.0	NonTarget	1	340328
1329.5307842128311	1.0	NonTarget	1	340360
1329.6557841690387	1.0	NonTarget	1	340392
1329.7807841252463	1.0	NonTarget	1	340424
1329.905784081454	1.0	NonTarget	1	340456
1330.0307840376615	1.0	NonTarget	1	340488
1330.155783993869	1.0	NonTarget	1	340520
1330.2807839500765	1.0	NonTarget	1	340552
1330.4057839062841	1.0	NonTarget	1	340584
1330.5307838624917	1.0	NonTarget	1	340616
1330.6557838186993	1.0	NonTarget	1	340648
1330.780783774907	1.0	NonTarget	1	340680
1330.9057837311145	1.0	NonTarget	1	340712
1331.0307836873221	1.0	NonTarget	1	340744
1331.1557836435295	1.0	NonTarget	1	340776
1331.280783599737	1.0	NonTarget	1	340808
1331.4057835559447	1.0	NonTarget	1	340840
1331.5307835121523	1.0	NonTarget	1	340872
1331.65578346836	1.0	NonTarget	1	340904
1331.7807834245675	1.0	NonTarget	1	340936
1331.9057833807751	1.0	NonTarget	1	340968
1332.0307833369827	1.0	NonTarget	1	341000
1332.1557832931903	1.0	NonTarget	1	341032
1332.2807832493977	1.0	NonTarget	1	341064
1332.4057832056053	1.0	NonTarget	1	341096
1332.530783161813	1.0	NonTarget	1	341128
1332.6557831180205	1.0	NonTarget	1	341160
1332.780783074228	1.0	NonTarget	1	341192
1332.9057830304357	1.0	NonTarget	1	341224
1333.0307829866433	1.0	NonTarget	1	341256
1333.155782942851	1.0	NonTarget	1	341288
1333.2807828990583	1.0	NonTarget	1	341320
1333.405782855266	1.0	NonTarget	1	341352
1333.5307828114735	1.0	NonTarget	1	341384
1333.655782767681	1.0	NonTarget	1	341416
1333.7807827238887	1.0	NonTarget	1	341448
1333.9057826800963	1.0	NonTarget	1	341480
1334.030782636304	1.0	NonTarget	1	341512
1334.1557825925115	1.0	NonTarget	1	341544
1334.2807825487191	1.0	NonTarget	1	341576
1334.4057825049265	1.0	NonTarget	1	341608
1334.530782461134	1.0	NonTarget	1	341640
1334.6557824173417	1.0	NonTarget	1	341672
1334.7807823735493	1.0	NonTarget	1	341704
1334.905782329757	1.0	NonTarget	1	341736
1335.0307822859645	1.0	NonTarget	1	341768
1335.155782242172	1.0	NonTarget	1	341800
1335.2807821983797	1.0	NonTarget	1	341832
1335.405782154587	1.0	NonTarget	1	341864
1335.5307821107947	1.0	NonTarget	1	341896
1335.6557820670023	1.0	NonTarget	1	341928
1335.78078202321	1.0	NonTarget	1	341960
1335.9057819794175	1.0	NonTarget	1	341992
1336.030781935625	1.0	NonTarget	1	342024
1336.1557818918327	1.0	NonTarget	1	342056
1336.2807818480403	1.0	NonTarget	1	342088
1336.405781804248	1.0	NonTarget	1	342120
1336.5307817604553	1.0	NonTarget	1	342152
1336.655781716663	1.0	NonTarget	1	342184
1336.7807816728705	1.0	NonTarget	1	342216
1336.905781629078	1.0	NonTarget	1	342248
1337.0307815852857	1.0	NonTarget	1	342280
1337.1557815414933	1.0	NonTarget	1	342312
1337.280781497701	1.0	NonTarget	1	342344
1337.4057814539085	1.0	NonTarget	1	342376
1337.530781410116	1.0	NonTarget	1	342408
1337.6557813663235	1.0	NonTarget	1	342440
1337.780781322531	1.0	NonTarget	1	342472
1337.9057812787387	1.0	NonTarget	1	342504
1338.0307812349463	1.0	NonTarget	1	342536
1338.155781191154	1.0	NonTarget	1	342568
1338.2807811473615	1.0	NonTarget	1	342600
1338.405781103569	1.0	NonTarget	1	342632
1338.5307810597767	1.0	NonTarget	1	342664
1338.655781015984	1.0	NonTarget	1	342696
1338.7807809721917	1.0	NonTarget	1	342728
1338.9057809283993	1.0	NonTarget	1	342760
1339.0307808846069	1.0	NonTarget	1	342792
1339.1557808408145	1.0	NonTarget	1	342824
1339.280780797022	1.0	NonTarget	1	342856
1339.4057807532297	1.0	NonTarget	1	342888
1339.5307807094373	1.0	NonTarget	1	342920
1339.655780665645	1.0	NonTarget	1	342952
1339.7807806218523	1.0	NonTarget	1	342984
1339.9057805780599	1.0	NonTarget	1	343016
1340.0307805342675	1.0	NonTarget	1	343048
1340.155780490475	1.0	NonTarget	1	343080
1340.2807804466827	1.0	NonTarget	1	343112
1340.4057804028903	1.0	NonTarget	1	343144
1340.530780359098	1.0	NonTarget	1	343176
1340.6557803153055	1.0	NonTarget	1	343208
1340.7807802715129	1.0	NonTarget	1	343240
1340.9057802277205	1.0	NonTarget	1	343272
1341.030780183928	1.0	NonTarget	1	343304
1341.1557801401357	1.0	NonTarget	1	343336
1341.2807800963433	1.0	NonTarget	1	343368
1341.4057800525509	1.0	NonTarget	1	343400
1341.5307800087585	1.0	NonTarget	1	343432
1341.655779964966	1.0	NonTarget	1	343464
1341.7807799211737	1.0	NonTarget	1	343496
1341.905779877381	1.0	NonTarget	1	343528
1342.0307798335887	1.0	NonTarget	1	343560
1342.1557797897963	1.0	NonTarget	1	343592
1342.2807797460039	1.0	NonTarget	1	343624
1342.4057797022115	1.0	NonTarget	1	343656
1348.5307775563826	1.0	NonTarget	1	345224
1348.6557775125902	1.0	NonTarget	1	345256
1348.7807774687979	1.0	NonTarget	1	345288
1348.9057774250055	1.0	NonTarget	1	345320
1349.030777381213	1.0	NonTarget	1	345352
1349.1557773374207	1.0	NonTarget	1	345384
1349.280777293628	1.0	NonTarget	1	345416
1349.4057772498356	1.0	NonTarget	1	345448
1349.5307772060432	1.0	NonTarget	1	345480
1349.6557771622508	1.0	NonTarget	1	345512
1349.7807771184584	1.0	NonTarget	1	345544
1349.905777074666	1.0	NonTarget	1	345576
1350.0307770308737	1.0	NonTarget	1	345608
1350.1557769870813	1.0	NonTarget	1	345640
1350.2807769432889	1.0	NonTarget	1	345672
1350.4057768994962	1.0	NonTarget	1	345704
1350.5307768557038	1.0	NonTarget	1	345736
1350.6557768119114	1.0	NonTarget	1	345768
1350.780776768119	1.0	NonTarget	1	345800
1350.9057767243266	1.0	NonTarget	1	345832
1351.0307766805342	1.0	NonTarget	1	345864
1351.1557766367418	1.0	NonTarget	1	345896
1351.2807765929495	1.0	NonTarget	1	345928
1351.4057765491568	1.0	NonTarget	1	345960
1351.5307765053644	1.0	NonTarget	1	345992
1351.655776461572	1.0	NonTarget	1	346024
1351.7807764177796	1.0	NonTarget	1	346056
1351.9057763739872	1.0	NonTarget	1	346088
1352.0307763301948	1.0	NonTarget	1	346120
1352.1557762864024	1.0	NonTarget	1	346152
1352.28077624261	1.0	NonTarget	1	346184
1352.4057761988176	1.0	NonTarget	1	346216
1352.530776155025	1.0	NonTarget	1	346248
1352.6557761112326	1.0	NonTarget	1	346280
1352.7807760674402	1.0	NonTarget	1	346312
1352.9057760236478	1.0	NonTarget	1	346344
1353.0307759798554	1.0	NonTarget	1	346376
1353.155775936063	1.0	NonTarget	1	346408
1353.2807758922706	1.0	NonTarget	1	346440
1353.4057758484782	1.0	NonTarget	1	346472
1353.5307758046856	1.0	NonTarget	1	346504
1353.6557757608932	1.0	NonTarget	1	346536
1353.7807757171008	1.0	NonTarget	1	346568
1353.9057756733084	1.0	NonTarget	1	346600
1354.030775629516	1.0	NonTarget	1	346632
1354.1557755857236	1.0	NonTarget	1	346664
1354.2807755419312	1.0	NonTarget	1	346696
1354.4057754981388	1.0	NonTarget	1	346728
1354.5307754543464	1.0	NonTarget	1	346760
1354.6557754105538	1.0	NonTarget	1	346792
1354.7807753667614	1.0	NonTarget	1	346824
1354.905775322969	1.0	NonTarget	1	346856
1355.0307752791766	1.0	NonTarget	1	346888
1355.1557752353842	1.0	NonTarget	1	346920
1355.2807751915918	1.0	NonTarget	1	346952
1355.4057751477994	1.0	NonTarget	1	346984
1355.530775104007	1.0	NonTarget	1	347016
1355.6557750602146	1.0	NonTarget	1	347048
1355.780775016422	1.0	NonTarget	1	347080
1355.9057749726296	1.0	NonTarget	1	347112
1356.0307749288372	1.0	NonTarget	1	347144
1356.1557748850448	1.0	NonTarget	1	347176
1356.2807748412524	1.0	NonTarget	1	347208
1356.40577479746	1.0	NonTarget	1	347240
1356.5307747536676	1.0	NonTarget	1	347272
1356.6557747098752	1.0	NonTarget	1	347304
1356.7807746660826	1.0	NonTarget	1	347336
1356.9057746222902	1.0	NonTarget	1	347368
1357.0307745784978	1.0	NonTarget	1	347400
1357.1557745347054	1.0	NonTarget	1	347432
1357.280774490913	1.0	NonTarget	1	347464
1357.4057744471206	1.0	NonTarget	1	347496
1357.5307744033282	1.0	NonTarget	1	347528
1357.6557743595358	1.0	NonTarget	1	347560
1357.7807743157434	1.0	NonTarget	1	347592
1357.9057742719508	1.0	NonTarget	1	347624
1358.0307742281584	1.0	NonTarget	1	347656
1358.155774184366	1.0	NonTarget	1	347688
1358.2807741405736	1.0	NonTarget	1	347720
1358.4057740967812	1.0	NonTarget	1	347752
1358.5307740529888	1.0	NonTarget	1	347784
1358.6557740091964	1.0	NonTarget	1	347816
1358.780773965404	1.0	NonTarget	1	347848
1358.9057739216114	1.0	NonTarget	1	347880
1359.030773877819	1.0	NonTarget	1	347912
1359.1557738340266	1.0	NonTarget	1	347944
1359.2807737902342	1.0	NonTarget	1	347976
1359.4057737464418	1.0	NonTarget	1	348008
1359.5307737026494	1.0	NonTarget	1	348040
1359.655773658857	1.0	NonTarget	1	348072
1359.7807736150646	1.0	NonTarget	1	348104
1359.9057735712722	1.0	NonTarget	1	348136
1360.0307735274796	1.0	NonTarget	1	348168
1360.1557734836872	1.0	NonTarget	1	348200
1360.2807734398948	1.0	NonTarget	1	348232
1360.4057733961024	1.0	NonTarget	1	348264
1360.53077335231	1.0	NonTarget	1	348296
1360.6557733085176	1.0	NonTarget	1	348328
1360.7807732647252	1.0	NonTarget	1	348360
1360.9057732209328	1.0	NonTarget	1	348392
1361.0307731771402	1.0	NonTarget	1	348424
1361.1557731333478	1.0	NonTarget	1	348456
1361.2807730895554	1.0	NonTarget	1	348488
1361.405773045763	1.0	NonTarget	1	348520
1361.5307730019706	1.0	NonTarget	1	348552
1361.6557729581782	1.0	NonTarget	1	348584
1361.7807729143858	1.0	NonTarget	1	348616
1361.9057728705934	1.0	NonTarget	1	348648
1362.030772826801	1.0	NonTarget	1	348680
1362.1557727830084	1.0	NonTarget	1	348712
1362.280772739216	1.0	NonTarget	1	348744
1362.4057726954236	1.0	NonTarget	1	348776
1362.5307726516312	1.0	NonTarget	1	348808
1362.6557726078388	1.0	NonTarget	1	348840
1362.7807725640464	1.0	NonTarget	1	348872
1362.905772520254	1.0	NonTarget	1	348904
1363.0307724764616	1.0	NonTarget	1	348936
1363.155772432669	1.0	NonTarget	1	348968
1363.2807723888766	1.0	NonTarget	1	349000
1363.4057723450842	1.0	NonTarget	1	349032
1369.5307701992554	1.0	NonTarget	1	350600
1369.655770155463	1.0	NonTarget	1	350632
1369.7807701116706	1.0	NonTarget	1	350664
1369.9057700678782	1.0	NonTarget	1	350696
1370.0307700240858	1.0	NonTarget	1	350728
1370.1557699802934	1.0	NonTarget	1	350760
1370.280769936501	1.0	NonTarget	1	350792
1370.4057698927086	1.0	NonTarget	1	350824
1370.5307698489162	1.0	NonTarget	1	350856
1370.6557698051236	1.0	NonTarget	1	350888
1370.7807697613312	1.0	NonTarget	1	350920
1370.9057697175388	1.0	NonTarget	1	350952
1371.0307696737464	1.0	NonTarget	1	350984
1371.155769629954	1.0	NonTarget	1	351016
1371.2807695861616	1.0	NonTarget	1	351048
1371.4057695423692	1.0	NonTarget	1	351080
1371.5307694985768	1.0	NonTarget	1	351112
1371.6557694547844	1.0	NonTarget	1	351144
1371.7807694109918	1.0	NonTarget	1	351176
1371.9057693671994	1.0	NonTarget	1	351208
1372.030769323407	1.0	NonTarget	1	351240
1372.1557692796146	1.0	NonTarget	1	351272
1372.2807692358222	1.0	NonTarget	1	351304
1372.4057691920298	1.0	NonTarget	1	351336
1372.5307691482374	1.0	NonTarget	1	351368
1372.655769104445	1.0	NonTarget	1	351400
1372.7807690606523	1.0	NonTarget	1	351432
1372.90576901686	1.0	NonTarget	1	351464
1373.0307689730676	1.0	NonTarget	1	351496
1373.1557689292752	1.0	NonTarget	1	351528
1373.2807688854828	1.0	NonTarget	1	351560
1373.4057688416904	1.0	NonTarget	1	351592
1373.530768797898	1.0	NonTarget	1	351624
1373.6557687541056	1.0	NonTarget	1	351656
1373.7807687103132	1.0	NonTarget	1	351688
1373.9057686665205	1.0	NonTarget	1	351720
1374.0307686227281	1.0	NonTarget	1	351752
1374.1557685789357	1.0	NonTarget	1	351784
1374.2807685351434	1.0	NonTarget	1	351816
1374.405768491351	1.0	NonTarget	1	351848
1374.5307684475586	1.0	NonTarget	1	351880
1374.6557684037662	1.0	NonTarget	1	351912
1374.7807683599738	1.0	NonTarget	1	351944
1374.9057683161811	1.0	NonTarget	1	351976
1375.0307682723887	1.0	NonTarget	1	352008
1375.1557682285963	1.0	NonTarget	1	352040
1375.280768184804	1.0	NonTarget	1	352072
1375.4057681410115	1.0	NonTarget	1	352104
1375.5307680972192	1.0	NonTarget	1	352136
1375.6557680534268	1.0	NonTarget	1	352168
1375.7807680096344	1.0	NonTarget	1	352200
1375.905767965842	1.0	NonTarget	1	352232
1376.0307679220493	1.0	NonTarget	1	352264
1376.155767878257	1.0	NonTarget	1	352296
1376.2807678344645	1.0	NonTarget	1	352328
1376.4057677906721	1.0	NonTarget	1	352360
1376.5307677468797	1.0	NonTarget	1	352392
1376.6557677030873	1.0	NonTarget	1	352424
1376.780767659295	1.0	NonTarget	1	352456
1376.9057676155026	1.0	NonTarget	1	352488
1377.03076757171	1.0	NonTarget	1	352520
1377.1557675279175	1.0	NonTarget	1	352552
1377.2807674841251	1.0	NonTarget	1	352584
1377.4057674403327	1.0	NonTarget	1	352616
1377.5307673965403	1.0	NonTarget	1	352648
1377.655767352748	1.0	NonTarget	1	352680
1377.7807673089555	1.0	NonTarget	1	352712
1377.9057672651631	1.0	NonTarget	1	352744
1378.0307672213708	1.0	NonTarget	1	352776
1378.1557671775781	1.0	NonTarget	1	352808
1378.2807671337857	1.0	NonTarget	1	352840
1378.4057670899933	1.0	NonTarget	1	352872
1378.530767046201	1.0	NonTarget	1	352904
1378.6557670024085	1.0	NonTarget	1	352936
1378.7807669586161	1.0	NonTarget	1	352968
1378.9057669148237	1.0	NonTarget	1	353000
1379.0307668710313	1.0	NonTarget	1	353032
1379.1557668272387	1.0	NonTarget	1	353064
1379.2807667834463	1.0	NonTarget	1	353096
1379.405766739654	1.0	NonTarget	1	353128
1379.5307666958615	1.0	NonTarget	1	353160
1379.6557666520691	1.0	NonTarget	1	353192
1379.7807666082767	1.0	NonTarget	1	353224
1379.9057665644843	1.0	NonTarget	1	353256
1380.030766520692	1.0	NonTarget	1	353288
1380.1557664768995	1.0	NonTarget	1	353320
1380.280766433107	1.0	NonTarget	1	353352
1380.4057663893145	1.0	NonTarget	1	353384
1380.5307663455221	1.0	NonTarget	1	353416
1380.6557663017297	1.0	NonTarget	1	353448
1380.7807662579373	1.0	NonTarget	1	353480
1380.905766214145	1.0	NonTarget	1	353512
1381.0307661703525	1.0	NonTarget	1	353544
1381.1557661265601	1.0	NonTarget	1	353576
1381.2807660827675	1.0	NonTarget	1	353608
1381.4057660389751	1.0	NonTarget	1	353640
1381.5307659951827	1.0	NonTarget	1	353672
1381.6557659513903	1.0	NonTarget	1	353704
1381.780765907598	1.0	NonTarget	1	353736
1381.9057658638055	1.0	NonTarget	1	353768
1382.0307658200131	1.0	NonTarget	1	353800
1382.1557657762207	1.0	NonTarget	1	353832
1382.2807657324283	1.0	NonTarget	1	353864
1382.4057656886357	1.0	NonTarget	1	353896
1382.5307656448433	1.0	NonTarget	1	353928
1382.655765601051	1.0	NonTarget	1	353960
1382.7807655572585	1.0	NonTarget	1	353992
1382.9057655134661	1.0	NonTarget	1	354024
1383.0307654696737	1.0	NonTarget	1	354056
1383.1557654258813	1.0	NonTarget	1	354088
1383.280765382089	1.0	NonTarget	1	354120
1383.4057653382963	1.0	NonTarget	1	354152
1383.530765294504	1.0	NonTarget	1	354184
1383.6557652507115	1.0	NonTarget	1	354216
1383.780765206919	1.0	NonTarget	1	354248
1383.9057651631267	1.0	NonTarget	1	354280
1384.0307651193343	1.0	NonTarget	1	354312
1384.155765075542	1.0	NonTarget	1	354344
1384.2807650317495	1.0	NonTarget	1	354376
1384.4057649879571	1.0	NonTarget	1	354408
1390.5307628421283	1.0	NonTarget	1	355976
1390.655762798336	1.0	NonTarget	1	356008
1390.7807627545435	1.0	NonTarget	1	356040
1390.9057627107509	1.0	NonTarget	1	356072
1391.0307626669585	1.0	NonTarget	1	356104
1391.155762623166	1.0	NonTarget	1	356136
1391.2807625793737	1.0	NonTarget	1	356168
1391.4057625355813	1.0	NonTarget	1	356200
1391.530762491789	1.0	NonTarget	1	356232
1391.6557624479965	1.0	NonTarget	1	356264
1391.780762404204	1.0	NonTarget	1	356296
1391.9057623604117	1.0	NonTarget	1	356328
1392.030762316619	1.0	NonTarget	1	356360
1392.1557622728267	1.0	NonTarget	1	356392
1392.2807622290343	1.0	NonTarget	1	356424
1392.4057621852419	1.0	NonTarget	1	356456
1392.5307621414495	1.0	NonTarget	1	356488
1392.655762097657	1.0	NonTarget	1	356520
1392.7807620538647	1.0	NonTarget	1	356552
1392.9057620100723	1.0	NonTarget	1	356584
1393.0307619662797	1.0	NonTarget	1	356616
1393.1557619224873	1.0	NonTarget	1	356648
1393.2807618786949	1.0	NonTarget	1	356680
1393.4057618349025	1.0	NonTarget	1	356712
1393.53076179111	1.0	NonTarget	1	356744
1393.6557617473177	1.0	NonTarget	1	356776
1393.7807617035253	1.0	NonTarget	1	356808
1393.905761659733	1.0	NonTarget	1	356840
1394.0307616159405	1.0	NonTarget	1	356872
1394.1557615721479	1.0	NonTarget	1	356904
1394.2807615283555	1.0	NonTarget	1	356936
1394.405761484563	1.0	NonTarget	1	356968
1394.5307614407707	1.0	NonTarget	1	357000
1394.6557613969783	1.0	NonTarget	1	357032
1394.7807613531859	1.0	NonTarget	1	357064
1394.9057613093935	1.0	NonTarget	1	357096
1395.030761265601	1.0	NonTarget	1	357128
1395.1557612218085	1.0	NonTarget	1	357160
1395.280761178016	1.0	NonTarget	1	357192
1395.4057611342237	1.0	NonTarget	1	357224
1395.5307610904313	1.0	NonTarget	1	357256
1395.6557610466389	1.0	NonTarget	1	357288
1395.7807610028465	1.0	NonTarget	1	357320
1395.905760959054	1.0	NonTarget	1	357352
1396.0307609152617	1.0	NonTarget	1	357384
1396.1557608714693	1.0	NonTarget	1	357416
1396.2807608276767	1.0	NonTarget	1	357448
1396.4057607838843	1.0	NonTarget	1	357480
1396.5307607400919	1.0	NonTarget	1	357512
1396.6557606962995	1.0	NonTarget	1	357544
1396.780760652507	1.0	NonTarget	1	357576
1396.9057606087147	1.0	NonTarget	1	357608
1397.0307605649223	1.0	NonTarget	1	357640
1397.1557605211299	1.0	NonTarget	1	357672
1397.2807604773373	1.0	NonTarget	1	357704
1397.4057604335449	1.0	NonTarget	1	357736
1397.5307603897525	1.0	NonTarget	1	357768
1397.65576034596	1.0	NonTarget	1	357800
1397.7807603021677	1.0	NonTarget	1	357832
1397.9057602583753	1.0	NonTarget	1	357864
1398.0307602145829	1.0	NonTarget	1	357896
1398.1557601707905	1.0	NonTarget	1	357928
1398.280760126998	1.0	NonTarget	1	357960
1398.4057600832055	1.0	NonTarget	1	357992
1398.530760039413	1.0	NonTarget	1	358024
1398.6557599956207	1.0	NonTarget	1	358056
1398.7807599518283	1.0	NonTarget	1	358088
1398.9057599080359	1.0	NonTarget	1	358120
1399.0307598642435	1.0	NonTarget	1	358152
1399.155759820451	1.0	NonTarget	1	358184
1399.2807597766587	1.0	NonTarget	1	358216
1399.405759732866	1.0	NonTarget	1	358248
1399.5307596890736	1.0	NonTarget	1	358280
1399.6557596452813	1.0	NonTarget	1	358312
1399.7807596014889	1.0	NonTarget	1	358344
1399.9057595576965	1.0	NonTarget	1	358376
1400.030759513904	1.0	NonTarget	1	358408
1400.1557594701117	1.0	NonTarget	1	358440
1400.2807594263193	1.0	NonTarget	1	358472
1400.4057593825269	1.0	NonTarget	1	358504
1400.5307593387342	1.0	NonTarget	1	358536
1400.6557592949418	1.0	NonTarget	1	358568
1400.7807592511494	1.0	NonTarget	1	358600
1400.905759207357	1.0	NonTarget	1	358632
1401.0307591635647	1.0	NonTarget	1	358664
1401.1557591197723	1.0	NonTarget	1	358696
1401.2807590759799	1.0	NonTarget	1	358728
1401.4057590321875	1.0	NonTarget	1	358760
1401.5307589883948	1.0	NonTarget	1	358792
1401.6557589446024	1.0	NonTarget	1	358824
1401.78075890081	1.0	NonTarget	1	358856
1401.9057588570176	1.0	NonTarget	1	358888
1402.0307588132252	1.0	NonTarget	1	358920
1402.1557587694329	1.0	NonTarget	1	358952
1402.2807587256405	1.0	NonTarget	1	358984
1402.405758681848	1.0	NonTarget	1	359016
1402.5307586380557	1.0	NonTarget	1	359048
1402.655758594263	1.0	NonTarget	1	359080
1402.7807585504706	1.0	NonTarget	1	359112
1402.9057585066782	1.0	NonTarget	1	359144
1403.0307584628858	1.0	NonTarget	1	359176
1403.1557584190934	1.0	NonTarget	1	359208
1403.280758375301	1.0	NonTarget	1	359240
1403.4057583315087	1.0	NonTarget	1	359272
1403.5307582877163	1.0	NonTarget	1	359304
1403.6557582439236	1.0	NonTarget	1	359336
1403.7807582001312	1.0	NonTarget	1	359368
1403.9057581563388	1.0	NonTarget	1	359400
1404.0307581125464	1.0	NonTarget	1	359432
1404.155758068754	1.0	NonTarget	1	359464
1404.2807580249616	1.0	NonTarget	1	359496
1404.4057579811692	1.0	NonTarget	1	359528
1404.5307579373768	1.0	NonTarget	1	359560
1404.6557578935845	1.0	NonTarget	1	359592
1404.7807578497918	1.0	NonTarget	1	359624
1404.9057578059994	1.0	NonTarget	1	359656
1405.030757762207	1.0	NonTarget	1	359688
1405.1557577184146	1.0	NonTarget	1	359720
1405.2807576746222	1.0	NonTarget	1	359752
1405.4057576308298	1.0	NonTarget	1	359784
1411.530755485001	1.0	NonTarget	1	361352
1411.6557554412086	1.0	NonTarget	1	361384
1411.7807553974162	1.0	NonTarget	1	361416
1411.9057553536238	1.0	NonTarget	1	361448
1412.0307553098314	1.0	NonTarget	1	361480
1412.155755266039	1.0	NonTarget	1	361512
1412.2807552222464	1.0	NonTarget	1	361544
1412.405755178454	1.0	NonTarget	1	361576
1412.5307551346616	1.0	NonTarget	1	361608
1412.6557550908692	1.0	NonTarget	1	361640
1412.7807550470768	1.0	NonTarget	1	361672
1412.9057550032844	1.0	NonTarget	1	361704
1413.030754959492	1.0	NonTarget	1	361736
1413.1557549156996	1.0	NonTarget	1	361768
1413.280754871907	1.0	NonTarget	1	361800
1413.4057548281146	1.0	NonTarget	1	361832
1413.5307547843222	1.0	NonTarget	1	361864
1413.6557547405298	1.0	NonTarget	1	361896
1413.7807546967374	1.0	NonTarget	1	361928
1413.905754652945	1.0	NonTarget	1	361960
1414.0307546091526	1.0	NonTarget	1	361992
1414.1557545653602	1.0	NonTarget	1	362024
1414.2807545215678	1.0	NonTarget	1	362056
1414.4057544777752	1.0	NonTarget	1	362088
1414.5307544339828	1.0	NonTarget	1	362120
1414.6557543901904	1.0	NonTarget	1	362152
1414.780754346398	1.0	NonTarget	1	362184
1414.9057543026056	1.0	NonTarget	1	362216
1415.0307542588132	1.0	NonTarget	1	362248
1415.1557542150208	1.0	NonTarget	1	362280
1415.2807541712284	1.0	NonTarget	1	362312
1415.4057541274358	1.0	NonTarget	1	362344
1415.5307540836434	1.0	NonTarget	1	362376
1415.655754039851	1.0	NonTarget	1	362408
1415.7807539960586	1.0	NonTarget	1	362440
1415.9057539522662	1.0	NonTarget	1	362472
1416.0307539084738	1.0	NonTarget	1	362504
1416.1557538646814	1.0	NonTarget	1	362536
1416.280753820889	1.0	NonTarget	1	362568
1416.4057537770966	1.0	NonTarget	1	362600
1416.530753733304	1.0	NonTarget	1	362632
1416.6557536895116	1.0	NonTarget	1	362664
1416.7807536457192	1.0	NonTarget	1	362696
1416.9057536019268	1.0	NonTarget	1	362728
1417.0307535581344	1.0	NonTarget	1	362760
1417.155753514342	1.0	NonTarget	1	362792
1417.2807534705496	1.0	NonTarget	1	362824
1417.4057534267572	1.0	NonTarget	1	362856
1417.5307533829646	1.0	NonTarget	1	362888
1417.6557533391722	1.0	NonTarget	1	362920
1417.7807532953798	1.0	NonTarget	1	362952
1417.9057532515874	1.0	NonTarget	1	362984
1418.030753207795	1.0	NonTarget	1	363016
1418.1557531640026	1.0	NonTarget	1	363048
1418.2807531202102	1.0	NonTarget	1	363080
1418.4057530764178	1.0	NonTarget	1	363112
1418.5307530326254	1.0	NonTarget	1	363144
1418.6557529888328	1.0	NonTarget	1	363176
1418.7807529450404	1.0	NonTarget	1	363208
1418.905752901248	1.0	NonTarget	1	363240
1419.0307528574556	1.0	NonTarget	1	363272
1419.1557528136632	1.0	NonTarget	1	363304
1419.2807527698708	1.0	NonTarget	1	363336
1419.4057527260784	1.0	NonTarget	1	363368
1419.530752682286	1.0	NonTarget	1	363400
1419.6557526384934	1.0	NonTarget	1	363432
1419.780752594701	1.0	NonTarget	1	363464
1419.9057525509086	1.0	NonTarget	1	363496
1420.0307525071162	1.0	NonTarget	1	363528
1420.1557524633238	1.0	NonTarget	1	363560
1420.2807524195314	1.0	NonTarget	1	363592
1420.405752375739	1.0	NonTarget	1	363624
1420.5307523319466	1.0	NonTarget	1	363656
1420.6557522881542	1.0	NonTarget	1	363688
1420.7807522443616	1.0	NonTarget	1	363720
1420.9057522005692	1.0	NonTarget	1	363752
1421.0307521567768	1.0	NonTarget	1	363784
1421.1557521129844	1.0	NonTarget	1	363816
1421.280752069192	1.0	NonTarget	1	363848
1421.4057520253996	1.0	NonTarget	1	363880
1421.5307519816072	1.0	NonTarget	1	363912
1421.6557519378148	1.0	NonTarget	1	363944
1421.7807518940222	1.0	NonTarget	1	363976
1421.9057518502298	1.0	NonTarget	1	364008
1422.0307518064374	1.0	NonTarget	1	364040
1422.155751762645	1.0	NonTarget	1	364072
1422.2807517188526	1.0	NonTarget	1	364104
1422.4057516750602	1.0	NonTarget	1	364136
1422.5307516312678	1.0	NonTarget	1	364168
1422.6557515874754	1.0	NonTarget	1	364200
1422.780751543683	1.0	NonTarget	1	364232
1422.9057514998904	1.0	NonTarget	1	364264
1423.030751456098	1.0	NonTarget	1	364296
1423.1557514123056	1.0	NonTarget	1	364328
1423.2807513685132	1.0	NonTarget	1	364360
1423.4057513247208	1.0	NonTarget	1	364392
1423.5307512809284	1.0	NonTarget	1	364424
1423.655751237136	1.0	NonTarget	1	364456
1423.7807511933436	1.0	NonTarget	1	364488
1423.9057511495512	1.0	NonTarget	1	364520
1424.0307511057586	1.0	NonTarget	1	364552
1424.1557510619662	1.0	NonTarget	1	364584
1424.2807510181738	1.0	NonTarget	1	364616
1424.4057509743814	1.0	NonTarget	1	364648
1424.530750930589	1.0	NonTarget	1	364680
1424.6557508867966	1.0	NonTarget	1	364712
1424.7807508430042	1.0	NonTarget	1	364744
1424.9057507992118	1.0	NonTarget	1	364776
1425.0307507554191	1.0	NonTarget	1	364808
1425.1557507116268	1.0	NonTarget	1	364840
1425.2807506678344	1.0	NonTarget	1	364872
1425.405750624042	1.0	NonTarget	1	364904
1425.5307505802496	1.0	NonTarget	1	364936
1425.6557505364572	1.0	NonTarget	1	364968
1425.7807504926648	1.0	NonTarget	1	365000
1425.9057504488724	1.0	NonTarget	1	365032
1426.03075040508	0.96875	NonTarget	1	365064
1426.1557503612873	0.84375	NonTarget	1	365096
1426.280750317495	0.71875	NonTarget	1	365128
1426.4057502737026	0.59375	NonTarget	1	365160
