onset	duration	trial_type	value	sample
4.531248037039043	1.0	NonTarget	1	1160
4.656247982888395	1.0	NonTarget	1	1192
4.7812479287377485	1.0	NonTarget	1	1224
4.906247874587101	1.0	NonTarget	1	1256
5.031247820436454	1.0	NonTarget	1	1288
5.156247766285807	1.0	NonTarget	1	1320
5.28124771213516	1.0	NonTarget	1	1352
5.406247657984513	1.0	NonTarget	1	1384
5.531247603833866	1.0	NonTarget	1	1416
5.6562475496832185	1.0	NonTarget	1	1448
5.781247495532572	1.0	NonTarget	1	1480
5.906247441381924	1.0	NonTarget	1	1512
6.031247387231278	1.0	NonTarget	1	1544
6.15624733308063	1.0	NonTarget	1	1576
6.281247278929984	1.0	NonTarget	1	1608
6.406247224779336	1.0	NonTarget	1	1640
6.531247170628689	1.0	NonTarget	1	1672
6.656247116478042	1.0	NonTarget	1	1704
6.781247062327394	1.0	NonTarget	1	1736
6.906247008176748	1.0	NonTarget	1	1768
7.0312469540261	1.0	NonTarget	1	1800
7.156246899875454	1.0	NonTarget	1	1832
7.281246845724806	1.0	NonTarget	1	1864
7.406246791574159	1.0	NonTarget	1	1896
7.531246737423512	1.0	NonTarget	1	1928
7.656246683272865	1.0	NonTarget	1	1960
7.781246629122218	1.0	NonTarget	1	1992
7.906246574971571	1.0	NonTarget	1	2024
8.031246520820924	1.0	NonTarget	1	2056
8.156246466670277	1.0	NonTarget	1	2088
8.28124641251963	1.0	NonTarget	1	2120
8.406246358368982	1.0	NonTarget	1	2152
8.531246304218335	1.0	NonTarget	1	2184
8.656246250067689	1.0	NonTarget	1	2216
8.781246195917042	1.0	NonTarget	1	2248
8.906246141766394	1.0	NonTarget	1	2280
9.031246087615747	1.0	NonTarget	1	2312
9.1562460334651	1.0	NonTarget	1	2344
9.281245979314452	1.0	NonTarget	1	2376
9.406245925163805	1.0	NonTarget	1	2408
9.531245871013159	1.0	NonTarget	1	2440
9.656245816862512	1.0	NonTarget	1	2472
9.781245762711864	1.0	NonTarget	1	2504
9.906245708561217	1.0	NonTarget	1	2536
10.03124565441057	1.0	NonTarget	1	2568
10.156245600259924	1.0	NonTarget	1	2600
10.281245546109275	1.0	NonTarget	1	2632
10.406245491958629	1.0	NonTarget	1	2664
10.531245437807982	1.0	NonTarget	1	2696
10.656245383657335	1.0	NonTarget	1	2728
10.781245329506687	1.0	NonTarget	1	2760
10.90624527535604	1.0	NonTarget	1	2792
11.031245221205394	1.0	NonTarget	1	2824
11.156245167054747	1.0	NonTarget	1	2856
11.281245112904099	1.0	NonTarget	1	2888
11.406245058753452	1.0	NonTarget	1	2920
11.531245004602805	1.0	NonTarget	1	2952
11.656244950452157	1.0	NonTarget	1	2984
11.78124489630151	1.0	NonTarget	1	3016
11.906244842150864	1.0	NonTarget	1	3048
12.031244788000217	1.0	NonTarget	1	3080
12.156244733849569	1.0	NonTarget	1	3112
12.281244679698922	1.0	NonTarget	1	3144
12.406244625548275	1.0	NonTarget	1	3176
12.531244571397629	1.0	NonTarget	1	3208
12.65624451724698	1.0	NonTarget	1	3240
12.781244463096334	1.0	NonTarget	1	3272
12.906244408945687	1.0	NonTarget	1	3304
13.03124435479504	1.0	NonTarget	1	3336
13.156244300644392	1.0	NonTarget	1	3368
13.281244246493745	1.0	NonTarget	1	3400
13.406244192343099	1.0	NonTarget	1	3432
13.531244138192452	1.0	NonTarget	1	3464
13.656244084041804	1.0	NonTarget	1	3496
13.781244029891157	1.0	NonTarget	1	3528
13.90624397574051	1.0	NonTarget	1	3560
14.031243921589862	1.0	NonTarget	1	3592
14.156243867439215	1.0	NonTarget	1	3624
14.281243813288569	1.0	NonTarget	1	3656
14.406243759137922	1.0	NonTarget	1	3688
14.531243704987274	1.0	NonTarget	1	3720
14.656243650836627	1.0	NonTarget	1	3752
14.78124359668598	1.0	NonTarget	1	3784
14.906243542535334	1.0	NonTarget	1	3816
15.031243488384685	1.0	NonTarget	1	3848
15.156243434234039	1.0	NonTarget	1	3880
15.281243380083392	1.0	NonTarget	1	3912
15.406243325932746	1.0	NonTarget	1	3944
15.531243271782097	1.0	NonTarget	1	3976
15.65624321763145	1.0	NonTarget	1	4008
15.781243163480804	1.0	NonTarget	1	4040
15.906243109330157	1.0	NonTarget	1	4072
16.03124305517951	1.0	NonTarget	1	4104
16.156243001028862	1.0	NonTarget	1	4136
16.281242946878216	1.0	NonTarget	1	4168
16.40624289272757	1.0	NonTarget	1	4200
16.531242838576922	1.0	NonTarget	1	4232
16.656242784426272	1.0	NonTarget	1	4264
16.781242730275626	1.0	NonTarget	1	4296
16.90624267612498	1.0	NonTarget	1	4328
17.031242621974332	1.0	NonTarget	1	4360
17.156242567823686	1.0	NonTarget	1	4392
17.28124251367304	1.0	NonTarget	1	4424
17.406242459522392	1.0	NonTarget	1	4456
17.531242405371746	1.0	NonTarget	1	4488
17.656242351221096	1.0	NonTarget	1	4520
17.78124229707045	1.0	NonTarget	1	4552
17.906242242919802	1.0	NonTarget	1	4584
18.031242188769156	1.0	NonTarget	1	4616
18.15624213461851	1.0	NonTarget	1	4648
18.281242080467862	1.0	NonTarget	1	4680
18.406242026317216	1.0	NonTarget	1	4712
18.53124197216657	1.0	NonTarget	1	4744
18.65624191801592	1.0	NonTarget	1	4776
18.781241863865272	1.0	NonTarget	1	4808
18.906241809714626	1.0	NonTarget	1	4840
19.03124175556398	1.0	NonTarget	1	4872
19.156241701413332	1.0	NonTarget	1	4904
19.281241647262686	1.0	NonTarget	1	4936
19.40624159311204	1.0	NonTarget	1	4968
25.53123893973033	1.0	NonTarget	1	6536
25.656238885579683	1.0	NonTarget	1	6568
25.781238831429036	1.0	NonTarget	1	6600
25.90623877727839	1.0	NonTarget	1	6632
26.031238723127743	1.0	NonTarget	1	6664
26.156238668977092	1.0	NonTarget	1	6696
26.281238614826446	1.0	NonTarget	1	6728
26.4062385606758	1.0	NonTarget	1	6760
26.531238506525153	1.0	NonTarget	1	6792
26.656238452374506	1.0	NonTarget	1	6824
26.78123839822386	1.0	NonTarget	1	6856
26.906238344073213	1.0	NonTarget	1	6888
27.031238289922566	1.0	NonTarget	1	6920
27.156238235771916	1.0	NonTarget	1	6952
27.28123818162127	1.0	NonTarget	1	6984
27.406238127470623	1.0	NonTarget	1	7016
27.531238073319976	1.0	NonTarget	1	7048
27.65623801916933	1.0	NonTarget	1	7080
27.781237965018683	1.0	NonTarget	1	7112
27.906237910868036	1.0	NonTarget	1	7144
28.03123785671739	1.0	NonTarget	1	7176
28.15623780256674	1.0	NonTarget	1	7208
28.281237748416093	1.0	NonTarget	1	7240
28.406237694265446	1.0	NonTarget	1	7272
28.5312376401148	1.0	NonTarget	1	7304
28.656237585964153	1.0	NonTarget	1	7336
28.781237531813506	1.0	NonTarget	1	7368
28.90623747766286	1.0	NonTarget	1	7400
29.03123742351221	1.0	NonTarget	1	7432
29.156237369361563	1.0	NonTarget	1	7464
29.281237315210916	1.0	NonTarget	1	7496
29.40623726106027	1.0	NonTarget	1	7528
29.531237206909623	1.0	NonTarget	1	7560
29.656237152758976	1.0	NonTarget	1	7592
29.78123709860833	1.0	NonTarget	1	7624
29.906237044457683	1.0	NonTarget	1	7656
30.031236990307033	1.0	NonTarget	1	7688
30.156236936156386	1.0	NonTarget	1	7720
30.28123688200574	1.0	NonTarget	1	7752
30.406236827855093	1.0	NonTarget	1	7784
30.531236773704446	1.0	NonTarget	1	7816
30.6562367195538	1.0	NonTarget	1	7848
30.781236665403153	1.0	NonTarget	1	7880
30.906236611252506	1.0	NonTarget	1	7912
31.031236557101856	1.0	NonTarget	1	7944
31.15623650295121	1.0	NonTarget	1	7976
31.281236448800563	1.0	NonTarget	1	8008
31.406236394649916	1.0	NonTarget	1	8040
31.53123634049927	1.0	NonTarget	1	8072
31.656236286348623	1.0	NonTarget	1	8104
31.781236232197976	1.0	NonTarget	1	8136
31.906236178047326	1.0	NonTarget	1	8168
32.03123612389668	1.0	NonTarget	1	8200
32.156236069746036	1.0	NonTarget	1	8232
32.28123601559539	1.0	NonTarget	1	8264
32.406235961444736	1.0	NonTarget	1	8296
32.53123590729409	1.0	NonTarget	1	8328
32.65623585314344	1.0	NonTarget	1	8360
32.781235798992796	1.0	NonTarget	1	8392
32.90623574484215	1.0	NonTarget	1	8424
33.0312356906915	1.0	NonTarget	1	8456
33.156235636540856	1.0	NonTarget	1	8488
33.28123558239021	1.0	NonTarget	1	8520
33.40623552823956	1.0	NonTarget	1	8552
33.531235474088916	1.0	NonTarget	1	8584
33.65623541993827	1.0	NonTarget	1	8616
33.78123536578762	1.0	NonTarget	1	8648
33.906235311636976	1.0	NonTarget	1	8680
34.03123525748633	1.0	NonTarget	1	8712
34.15623520333568	1.0	NonTarget	1	8744
34.28123514918503	1.0	NonTarget	1	8776
34.40623509503438	1.0	NonTarget	1	8808
34.531235040883736	1.0	NonTarget	1	8840
34.65623498673309	1.0	NonTarget	1	8872
34.78123493258244	1.0	NonTarget	1	8904
34.906234878431796	1.0	NonTarget	1	8936
35.03123482428115	1.0	NonTarget	1	8968
35.1562347701305	1.0	NonTarget	1	9000
35.281234715979856	1.0	NonTarget	1	9032
35.40623466182921	1.0	NonTarget	1	9064
35.53123460767856	1.0	NonTarget	1	9096
35.656234553527916	1.0	NonTarget	1	9128
35.78123449937727	1.0	NonTarget	1	9160
35.90623444522662	1.0	NonTarget	1	9192
36.03123439107598	1.0	NonTarget	1	9224
36.15623433692532	1.0	NonTarget	1	9256
36.281234282774676	1.0	NonTarget	1	9288
36.40623422862403	1.0	NonTarget	1	9320
36.53123417447338	1.0	NonTarget	1	9352
36.656234120322736	1.0	NonTarget	1	9384
36.78123406617209	1.0	NonTarget	1	9416
36.90623401202144	1.0	NonTarget	1	9448
37.031233957870796	1.0	NonTarget	1	9480
37.15623390372015	1.0	NonTarget	1	9512
37.2812338495695	1.0	NonTarget	1	9544
37.406233795418856	1.0	NonTarget	1	9576
37.53123374126821	1.0	NonTarget	1	9608
37.65623368711756	1.0	NonTarget	1	9640
37.78123363296692	1.0	NonTarget	1	9672
37.90623357881627	1.0	NonTarget	1	9704
38.03123352466562	1.0	NonTarget	1	9736
38.15623347051497	1.0	NonTarget	1	9768
38.28123341636432	1.0	NonTarget	1	9800
38.406233362213676	1.0	NonTarget	1	9832
38.53123330806303	1.0	NonTarget	1	9864
38.65623325391238	1.0	NonTarget	1	9896
38.781233199761736	1.0	NonTarget	1	9928
38.90623314561109	1.0	NonTarget	1	9960
39.03123309146044	1.0	NonTarget	1	9992
39.156233037309796	1.0	NonTarget	1	10024
39.28123298315915	1.0	NonTarget	1	10056
39.4062329290085	1.0	NonTarget	1	10088
39.53123287485786	1.0	NonTarget	1	10120
39.65623282070721	1.0	NonTarget	1	10152
39.78123276655656	1.0	NonTarget	1	10184
39.90623271240592	1.0	NonTarget	1	10216
40.03123265825526	1.0	NonTarget	1	10248
40.156232604104616	1.0	NonTarget	1	10280
40.28123254995397	1.0	NonTarget	1	10312
40.40623249580332	1.0	NonTarget	1	10344
46.53122984242162	1.0	NonTarget	1	11912
46.65622978827097	1.0	NonTarget	1	11944
46.78122973412032	1.0	NonTarget	1	11976
46.90622967996968	1.0	NonTarget	1	12008
47.03122962581903	1.0	NonTarget	1	12040
47.15622957166838	1.0	NonTarget	1	12072
47.28122951751774	1.0	NonTarget	1	12104
47.40622946336709	1.0	NonTarget	1	12136
47.531229409216444	1.0	NonTarget	1	12168
47.65622935506579	1.0	NonTarget	1	12200
47.78122930091514	1.0	NonTarget	1	12232
47.9062292467645	1.0	NonTarget	1	12264
48.03122919261385	1.0	NonTarget	1	12296
48.1562291384632	1.0	NonTarget	1	12328
48.28122908431256	1.0	NonTarget	1	12360
48.40622903016191	1.0	NonTarget	1	12392
48.53122897601126	1.0	NonTarget	1	12424
48.65622892186062	1.0	NonTarget	1	12456
48.78122886770997	1.0	NonTarget	1	12488
48.90622881355932	1.0	NonTarget	1	12520
49.03122875940868	1.0	NonTarget	1	12552
49.15622870525803	1.0	NonTarget	1	12584
49.281228651107384	1.0	NonTarget	1	12616
49.40622859695674	1.0	NonTarget	1	12648
49.53122854280608	1.0	NonTarget	1	12680
49.65622848865544	1.0	NonTarget	1	12712
49.78122843450479	1.0	NonTarget	1	12744
49.90622838035414	1.0	NonTarget	1	12776
50.0312283262035	1.0	NonTarget	1	12808
50.15622827205285	1.0	NonTarget	1	12840
50.2812282179022	1.0	NonTarget	1	12872
50.40622816375156	1.0	NonTarget	1	12904
50.53122810960091	1.0	NonTarget	1	12936
50.65622805545026	1.0	NonTarget	1	12968
50.78122800129962	1.0	NonTarget	1	13000
50.90622794714897	1.0	NonTarget	1	13032
51.031227892998324	1.0	NonTarget	1	13064
51.15622783884768	1.0	NonTarget	1	13096
51.28122778469703	1.0	NonTarget	1	13128
51.40622773054638	1.0	NonTarget	1	13160
51.53122767639573	1.0	NonTarget	1	13192
51.65622762224508	1.0	NonTarget	1	13224
51.78122756809444	1.0	NonTarget	1	13256
51.90622751394379	1.0	NonTarget	1	13288
52.03122745979314	1.0	NonTarget	1	13320
52.1562274056425	1.0	NonTarget	1	13352
52.28122735149185	1.0	NonTarget	1	13384
52.4062272973412	1.0	NonTarget	1	13416
52.53122724319056	1.0	NonTarget	1	13448
52.65622718903991	1.0	NonTarget	1	13480
52.781227134889264	1.0	NonTarget	1	13512
52.90622708073862	1.0	NonTarget	1	13544
53.03122702658797	1.0	NonTarget	1	13576
53.156226972437324	1.0	NonTarget	1	13608
53.28122691828667	1.0	NonTarget	1	13640
53.40622686413602	1.0	NonTarget	1	13672
53.53122680998538	1.0	NonTarget	1	13704
53.65622675583473	1.0	NonTarget	1	13736
53.78122670168408	1.0	NonTarget	1	13768
53.90622664753344	1.0	NonTarget	1	13800
54.03122659338279	1.0	NonTarget	1	13832
54.156226539232144	1.0	NonTarget	1	13864
54.2812264850815	1.0	NonTarget	1	13896
54.40622643093085	1.0	NonTarget	1	13928
54.531226376780204	1.0	NonTarget	1	13960
54.65622632262956	1.0	NonTarget	1	13992
54.78122626847891	1.0	NonTarget	1	14024
54.906226214328264	1.0	NonTarget	1	14056
55.03122616017762	1.0	NonTarget	1	14088
55.15622610602697	1.0	NonTarget	1	14120
55.28122605187632	1.0	NonTarget	1	14152
55.40622599772567	1.0	NonTarget	1	14184
55.53122594357502	1.0	NonTarget	1	14216
55.65622588942438	1.0	NonTarget	1	14248
55.78122583527373	1.0	NonTarget	1	14280
55.906225781123084	1.0	NonTarget	1	14312
56.03122572697244	1.0	NonTarget	1	14344
56.15622567282179	1.0	NonTarget	1	14376
56.281225618671144	1.0	NonTarget	1	14408
56.4062255645205	1.0	NonTarget	1	14440
56.53122551036985	1.0	NonTarget	1	14472
56.656225456219204	1.0	NonTarget	1	14504
56.78122540206856	1.0	NonTarget	1	14536
56.90622534791791	1.0	NonTarget	1	14568
57.031225293767264	1.0	NonTarget	1	14600
57.15622523961661	1.0	NonTarget	1	14632
57.28122518546596	1.0	NonTarget	1	14664
57.40622513131532	1.0	NonTarget	1	14696
57.53122507716467	1.0	NonTarget	1	14728
57.656225023014024	1.0	NonTarget	1	14760
57.78122496886338	1.0	NonTarget	1	14792
57.90622491471273	1.0	NonTarget	1	14824
58.031224860562084	1.0	NonTarget	1	14856
58.15622480641144	1.0	NonTarget	1	14888
58.28122475226079	1.0	NonTarget	1	14920
58.406224698110144	1.0	NonTarget	1	14952
58.5312246439595	1.0	NonTarget	1	14984
58.65622458980885	1.0	NonTarget	1	15016
58.781224535658204	1.0	NonTarget	1	15048
58.90622448150756	1.0	NonTarget	1	15080
59.031224427356904	1.0	NonTarget	1	15112
59.15622437320626	1.0	NonTarget	1	15144
59.28122431905561	1.0	NonTarget	1	15176
59.406224264904964	1.0	NonTarget	1	15208
59.53122421075432	1.0	NonTarget	1	15240
59.65622415660367	1.0	NonTarget	1	15272
59.781224102453024	1.0	NonTarget	1	15304
59.90622404830238	1.0	NonTarget	1	15336
60.03122399415173	1.0	NonTarget	1	15368
60.156223940001084	1.0	NonTarget	1	15400
60.28122388585044	1.0	NonTarget	1	15432
60.40622383169979	1.0	NonTarget	1	15464
60.531223777549144	1.0	NonTarget	1	15496
60.6562237233985	1.0	NonTarget	1	15528
60.78122366924785	1.0	NonTarget	1	15560
60.9062236150972	1.0	NonTarget	1	15592
61.03122356094655	1.0	NonTarget	1	15624
61.156223506795904	1.0	NonTarget	1	15656
61.28122345264526	1.0	NonTarget	1	15688
61.40622339849461	1.0	NonTarget	1	15720
67.5312207451129	1.0	NonTarget	1	17288
67.65622069096226	1.0	NonTarget	1	17320
67.78122063681161	1.0	NonTarget	1	17352
67.90622058266096	1.0	NonTarget	1	17384
68.03122052851032	1.0	NonTarget	1	17416
68.15622047435967	1.0	NonTarget	1	17448
68.28122042020902	1.0	NonTarget	1	17480
68.40622036605838	1.0	NonTarget	1	17512
68.53122031190773	1.0	NonTarget	1	17544
68.65622025775708	1.0	NonTarget	1	17576
68.78122020360644	1.0	NonTarget	1	17608
68.90622014945579	1.0	NonTarget	1	17640
69.03122009530514	1.0	NonTarget	1	17672
69.1562200411545	1.0	NonTarget	1	17704
69.28121998700385	1.0	NonTarget	1	17736
69.4062199328532	1.0	NonTarget	1	17768
69.53121987870254	1.0	NonTarget	1	17800
69.6562198245519	1.0	NonTarget	1	17832
69.78121977040125	1.0	NonTarget	1	17864
69.9062197162506	1.0	NonTarget	1	17896
70.03121966209996	1.0	NonTarget	1	17928
70.15621960794931	1.0	NonTarget	1	17960
70.28121955379866	1.0	NonTarget	1	17992
70.40621949964802	1.0	NonTarget	1	18024
70.53121944549737	1.0	NonTarget	1	18056
70.65621939134672	1.0	NonTarget	1	18088
70.78121933719608	1.0	NonTarget	1	18120
70.90621928304543	1.0	NonTarget	1	18152
71.03121922889478	1.0	NonTarget	1	18184
71.15621917474414	1.0	NonTarget	1	18216
71.28121912059349	1.0	NonTarget	1	18248
71.40621906644284	1.0	NonTarget	1	18280
71.5312190122922	1.0	NonTarget	1	18312
71.65621895814155	1.0	NonTarget	1	18344
71.7812189039909	1.0	NonTarget	1	18376
71.90621884984026	1.0	NonTarget	1	18408
72.03121879568961	1.0	NonTarget	1	18440
72.15621874153896	1.0	NonTarget	1	18472
72.28121868738832	1.0	NonTarget	1	18504
72.40621863323767	1.0	NonTarget	1	18536
72.53121857908702	1.0	NonTarget	1	18568
72.65621852493638	1.0	NonTarget	1	18600
72.78121847078573	1.0	NonTarget	1	18632
72.90621841663508	1.0	NonTarget	1	18664
73.03121836248444	1.0	NonTarget	1	18696
73.15621830833379	1.0	NonTarget	1	18728
73.28121825418313	1.0	NonTarget	1	18760
73.40621820003248	1.0	NonTarget	1	18792
73.53121814588184	1.0	NonTarget	1	18824
73.65621809173119	1.0	NonTarget	1	18856
73.78121803758054	1.0	NonTarget	1	18888
73.9062179834299	1.0	NonTarget	1	18920
74.03121792927925	1.0	NonTarget	1	18952
74.1562178751286	1.0	NonTarget	1	18984
74.28121782097796	1.0	NonTarget	1	19016
74.40621776682731	1.0	NonTarget	1	19048
74.53121771267666	1.0	NonTarget	1	19080
74.65621765852602	1.0	NonTarget	1	19112
74.78121760437537	1.0	NonTarget	1	19144
74.90621755022472	1.0	NonTarget	1	19176
75.03121749607408	1.0	NonTarget	1	19208
75.15621744192343	1.0	NonTarget	1	19240
75.28121738777278	1.0	NonTarget	1	19272
75.40621733362214	1.0	NonTarget	1	19304
75.53121727947149	1.0	NonTarget	1	19336
75.65621722532084	1.0	NonTarget	1	19368
75.7812171711702	1.0	NonTarget	1	19400
75.90621711701955	1.0	NonTarget	1	19432
76.0312170628689	1.0	NonTarget	1	19464
76.15621700871826	1.0	NonTarget	1	19496
76.28121695456761	1.0	NonTarget	1	19528
76.40621690041696	1.0	NonTarget	1	19560
76.53121684626632	1.0	NonTarget	1	19592
76.65621679211567	1.0	NonTarget	1	19624
76.78121673796502	1.0	NonTarget	1	19656
76.90621668381438	1.0	NonTarget	1	19688
77.03121662966373	1.0	NonTarget	1	19720
77.15621657551307	1.0	NonTarget	1	19752
77.28121652136242	1.0	NonTarget	1	19784
77.40621646721178	1.0	NonTarget	1	19816
77.53121641306113	1.0	NonTarget	1	19848
77.65621635891048	1.0	NonTarget	1	19880
77.78121630475984	1.0	NonTarget	1	19912
77.90621625060919	1.0	NonTarget	1	19944
78.03121619645854	1.0	NonTarget	1	19976
78.1562161423079	1.0	NonTarget	1	20008
78.28121608815725	1.0	NonTarget	1	20040
78.4062160340066	1.0	NonTarget	1	20072
78.53121597985596	1.0	NonTarget	1	20104
78.65621592570531	1.0	NonTarget	1	20136
78.78121587155466	1.0	NonTarget	1	20168
78.90621581740402	1.0	NonTarget	1	20200
79.03121576325337	1.0	NonTarget	1	20232
79.15621570910272	1.0	NonTarget	1	20264
79.28121565495208	1.0	NonTarget	1	20296
79.40621560080143	1.0	NonTarget	1	20328
79.53121554665078	1.0	NonTarget	1	20360
79.65621549250014	1.0	NonTarget	1	20392
79.78121543834949	1.0	NonTarget	1	20424
79.90621538419884	1.0	NonTarget	1	20456
80.0312153300482	1.0	NonTarget	1	20488
80.15621527589755	1.0	NonTarget	1	20520
80.2812152217469	1.0	NonTarget	1	20552
80.40621516759626	1.0	NonTarget	1	20584
80.53121511344561	1.0	NonTarget	1	20616
80.65621505929496	1.0	NonTarget	1	20648
80.78121500514432	1.0	NonTarget	1	20680
80.90621495099366	1.0	NonTarget	1	20712
81.03121489684301	1.0	NonTarget	1	20744
81.15621484269236	1.0	NonTarget	1	20776
81.28121478854172	1.0	NonTarget	1	20808
81.40621473439107	1.0	NonTarget	1	20840
81.53121468024042	1.0	NonTarget	1	20872
81.65621462608978	1.0	NonTarget	1	20904
81.78121457193913	1.0	NonTarget	1	20936
81.90621451778848	1.0	NonTarget	1	20968
82.03121446363784	1.0	NonTarget	1	21000
82.15621440948719	1.0	NonTarget	1	21032
82.28121435533654	1.0	NonTarget	1	21064
82.4062143011859	1.0	NonTarget	1	21096
88.53121164780418	1.0	NonTarget	1	22664
88.65621159365354	1.0	NonTarget	1	22696
88.78121153950289	1.0	NonTarget	1	22728
88.90621148535224	1.0	NonTarget	1	22760
89.0312114312016	1.0	NonTarget	1	22792
89.15621137705095	1.0	NonTarget	1	22824
89.2812113229003	1.0	NonTarget	1	22856
89.40621126874966	1.0	NonTarget	1	22888
89.53121121459901	1.0	NonTarget	1	22920
89.65621116044836	1.0	NonTarget	1	22952
89.78121110629772	1.0	NonTarget	1	22984
89.90621105214707	1.0	NonTarget	1	23016
90.03121099799642	1.0	NonTarget	1	23048
90.15621094384578	1.0	NonTarget	1	23080
90.28121088969513	1.0	NonTarget	1	23112
90.40621083554448	1.0	NonTarget	1	23144
90.53121078139384	1.0	NonTarget	1	23176
90.65621072724319	1.0	NonTarget	1	23208
90.78121067309254	1.0	NonTarget	1	23240
90.9062106189419	1.0	NonTarget	1	23272
91.03121056479125	1.0	NonTarget	1	23304
91.1562105106406	1.0	NonTarget	1	23336
91.28121045648996	1.0	NonTarget	1	23368
91.40621040233931	1.0	NonTarget	1	23400
91.53121034818867	1.0	NonTarget	1	23432
91.65621029403802	1.0	NonTarget	1	23464
91.78121023988737	1.0	NonTarget	1	23496
91.90621018573673	1.0	NonTarget	1	23528
92.03121013158608	1.0	NonTarget	1	23560
92.15621007743543	1.0	NonTarget	1	23592
92.28121002328477	1.0	NonTarget	1	23624
92.40620996913412	1.0	NonTarget	1	23656
92.53120991498348	1.0	NonTarget	1	23688
92.65620986083283	1.0	NonTarget	1	23720
92.78120980668218	1.0	NonTarget	1	23752
92.90620975253154	1.0	NonTarget	1	23784
93.03120969838089	1.0	NonTarget	1	23816
93.15620964423024	1.0	NonTarget	1	23848
93.2812095900796	1.0	NonTarget	1	23880
93.40620953592895	1.0	NonTarget	1	23912
93.5312094817783	1.0	NonTarget	1	23944
93.65620942762766	1.0	NonTarget	1	23976
93.78120937347701	1.0	NonTarget	1	24008
93.90620931932636	1.0	NonTarget	1	24040
94.03120926517572	1.0	NonTarget	1	24072
94.15620921102507	1.0	NonTarget	1	24104
94.28120915687443	1.0	NonTarget	1	24136
94.40620910272378	1.0	NonTarget	1	24168
94.53120904857313	1.0	NonTarget	1	24200
94.65620899442249	1.0	NonTarget	1	24232
94.78120894027184	1.0	NonTarget	1	24264
94.90620888612119	1.0	NonTarget	1	24296
95.03120883197055	1.0	NonTarget	1	24328
95.1562087778199	1.0	NonTarget	1	24360
95.28120872366925	1.0	NonTarget	1	24392
95.4062086695186	1.0	NonTarget	1	24424
95.53120861536796	1.0	NonTarget	1	24456
95.65620856121731	1.0	NonTarget	1	24488
95.78120850706667	1.0	NonTarget	1	24520
95.90620845291602	1.0	NonTarget	1	24552
96.03120839876537	1.0	NonTarget	1	24584
96.15620834461471	1.0	NonTarget	1	24616
96.28120829046406	1.0	NonTarget	1	24648
96.40620823631342	1.0	NonTarget	1	24680
96.53120818216277	1.0	NonTarget	1	24712
96.65620812801212	1.0	NonTarget	1	24744
96.78120807386148	1.0	NonTarget	1	24776
96.90620801971083	1.0	NonTarget	1	24808
97.03120796556018	1.0	NonTarget	1	24840
97.15620791140954	1.0	NonTarget	1	24872
97.28120785725889	1.0	NonTarget	1	24904
97.40620780310825	1.0	NonTarget	1	24936
97.5312077489576	1.0	NonTarget	1	24968
97.65620769480695	1.0	NonTarget	1	25000
97.7812076406563	1.0	NonTarget	1	25032
97.90620758650566	1.0	NonTarget	1	25064
98.03120753235501	1.0	NonTarget	1	25096
98.15620747820437	1.0	NonTarget	1	25128
98.28120742405372	1.0	NonTarget	1	25160
98.40620736990307	1.0	NonTarget	1	25192
98.53120731575243	1.0	NonTarget	1	25224
98.65620726160178	1.0	NonTarget	1	25256
98.78120720745113	1.0	NonTarget	1	25288
98.90620715330049	1.0	NonTarget	1	25320
99.03120709914984	1.0	NonTarget	1	25352
99.15620704499919	1.0	NonTarget	1	25384
99.28120699084855	1.0	NonTarget	1	25416
99.4062069366979	1.0	NonTarget	1	25448
99.53120688254725	1.0	NonTarget	1	25480
99.6562068283966	1.0	NonTarget	1	25512
99.78120677424596	1.0	NonTarget	1	25544
99.9062067200953	1.0	NonTarget	1	25576
100.03120666594465	1.0	NonTarget	1	25608
100.156206611794	1.0	NonTarget	1	25640
100.28120655764336	1.0	NonTarget	1	25672
100.40620650349271	1.0	NonTarget	1	25704
100.53120644934206	1.0	NonTarget	1	25736
100.65620639519142	1.0	NonTarget	1	25768
100.78120634104077	1.0	NonTarget	1	25800
100.90620628689013	1.0	NonTarget	1	25832
101.03120623273948	1.0	NonTarget	1	25864
101.15620617858883	1.0	NonTarget	1	25896
101.28120612443819	1.0	NonTarget	1	25928
101.40620607028754	1.0	NonTarget	1	25960
101.53120601613689	1.0	NonTarget	1	25992
101.65620596198625	1.0	NonTarget	1	26024
101.7812059078356	1.0	NonTarget	1	26056
101.90620585368495	1.0	NonTarget	1	26088
102.0312057995343	1.0	NonTarget	1	26120
102.15620574538366	1.0	NonTarget	1	26152
102.28120569123301	1.0	NonTarget	1	26184
102.40620563708237	1.0	NonTarget	1	26216
102.53120558293172	1.0	NonTarget	1	26248
102.65620552878107	1.0	NonTarget	1	26280
102.78120547463043	1.0	NonTarget	1	26312
102.90620542047978	1.0	NonTarget	1	26344
103.03120536632913	1.0	NonTarget	1	26376
103.15620531217849	1.0	NonTarget	1	26408
103.28120525802784	1.0	NonTarget	1	26440
103.40620520387719	1.0	NonTarget	1	26472
109.53120255049548	1.0	NonTarget	1	28040
109.65620249634483	1.0	NonTarget	1	28072
109.78120244219419	1.0	NonTarget	1	28104
109.90620238804354	1.0	NonTarget	1	28136
110.03120233389289	1.0	NonTarget	1	28168
110.15620227974225	1.0	NonTarget	1	28200
110.2812022255916	1.0	NonTarget	1	28232
110.40620217144095	1.0	NonTarget	1	28264
110.5312021172903	1.0	NonTarget	1	28296
110.65620206313966	1.0	NonTarget	1	28328
110.78120200898901	1.0	NonTarget	1	28360
110.90620195483837	1.0	NonTarget	1	28392
111.03120190068772	1.0	NonTarget	1	28424
111.15620184653707	1.0	NonTarget	1	28456
111.28120179238641	1.0	NonTarget	1	28488
111.40620173823577	1.0	NonTarget	1	28520
111.53120168408512	1.0	NonTarget	1	28552
111.65620162993447	1.0	NonTarget	1	28584
111.78120157578383	1.0	NonTarget	1	28616
111.90620152163318	1.0	NonTarget	1	28648
112.03120146748253	1.0	NonTarget	1	28680
112.15620141333189	1.0	NonTarget	1	28712
112.28120135918124	1.0	NonTarget	1	28744
112.40620130503059	1.0	NonTarget	1	28776
112.53120125087995	1.0	NonTarget	1	28808
112.6562011967293	1.0	NonTarget	1	28840
112.78120114257865	1.0	NonTarget	1	28872
112.906201088428	1.0	NonTarget	1	28904
113.03120103427736	1.0	NonTarget	1	28936
113.15620098012671	1.0	NonTarget	1	28968
113.28120092597607	1.0	NonTarget	1	29000
113.40620087182542	1.0	NonTarget	1	29032
113.53120081767477	1.0	NonTarget	1	29064
113.65620076352413	1.0	NonTarget	1	29096
113.78120070937348	1.0	NonTarget	1	29128
113.90620065522283	1.0	NonTarget	1	29160
114.03120060107219	1.0	NonTarget	1	29192
114.15620054692154	1.0	NonTarget	1	29224
114.28120049277089	1.0	NonTarget	1	29256
114.40620043862025	1.0	NonTarget	1	29288
114.5312003844696	1.0	NonTarget	1	29320
114.65620033031895	1.0	NonTarget	1	29352
114.7812002761683	1.0	NonTarget	1	29384
114.90620022201766	1.0	NonTarget	1	29416
115.03120016786701	1.0	NonTarget	1	29448
115.15620011371635	1.0	NonTarget	1	29480
115.2812000595657	1.0	NonTarget	1	29512
115.40620000541506	1.0	NonTarget	1	29544
115.53119995126441	1.0	NonTarget	1	29576
115.65619989711377	1.0	NonTarget	1	29608
115.78119984296312	1.0	NonTarget	1	29640
115.90619978881247	1.0	NonTarget	1	29672
116.03119973466183	1.0	NonTarget	1	29704
116.15619968051118	1.0	NonTarget	1	29736
116.28119962636053	1.0	NonTarget	1	29768
116.40619957220989	1.0	NonTarget	1	29800
116.53119951805924	1.0	NonTarget	1	29832
116.65619946390859	1.0	NonTarget	1	29864
116.78119940975795	1.0	NonTarget	1	29896
116.9061993556073	1.0	NonTarget	1	29928
117.03119930145665	1.0	NonTarget	1	29960
117.156199247306	1.0	NonTarget	1	29992
117.28119919315536	1.0	NonTarget	1	30024
117.40619913900471	1.0	NonTarget	1	30056
117.53119908485407	1.0	NonTarget	1	30088
117.65619903070342	1.0	NonTarget	1	30120
117.78119897655277	1.0	NonTarget	1	30152
117.90619892240213	1.0	NonTarget	1	30184
118.03119886825148	1.0	NonTarget	1	30216
118.15619881410083	1.0	NonTarget	1	30248
118.28119875995019	1.0	NonTarget	1	30280
118.40619870579954	1.0	NonTarget	1	30312
118.5311986516489	1.0	NonTarget	1	30344
118.65619859749825	1.0	NonTarget	1	30376
118.7811985433476	1.0	NonTarget	1	30408
118.90619848919694	1.0	NonTarget	1	30440
119.03119843504629	1.0	NonTarget	1	30472
119.15619838089565	1.0	NonTarget	1	30504
119.281198326745	1.0	NonTarget	1	30536
119.40619827259435	1.0	NonTarget	1	30568
119.5311982184437	1.0	NonTarget	1	30600
119.65619816429306	1.0	NonTarget	1	30632
119.78119811014241	1.0	NonTarget	1	30664
119.90619805599177	1.0	NonTarget	1	30696
120.03119800184112	1.0	NonTarget	1	30728
120.15619794769047	1.0	NonTarget	1	30760
120.28119789353983	1.0	NonTarget	1	30792
120.40619783938918	1.0	NonTarget	1	30824
120.53119778523853	1.0	NonTarget	1	30856
120.65619773108789	1.0	NonTarget	1	30888
120.78119767693724	1.0	NonTarget	1	30920
120.90619762278659	1.0	NonTarget	1	30952
121.03119756863595	1.0	NonTarget	1	30984
121.1561975144853	1.0	NonTarget	1	31016
121.28119746033465	1.0	NonTarget	1	31048
121.406197406184	1.0	NonTarget	1	31080
121.53119735203336	1.0	NonTarget	1	31112
121.65619729788271	1.0	NonTarget	1	31144
121.78119724373207	1.0	NonTarget	1	31176
121.90619718958142	1.0	NonTarget	1	31208
122.03119713543077	1.0	NonTarget	1	31240
122.15619708128013	1.0	NonTarget	1	31272
122.28119702712948	1.0	NonTarget	1	31304
122.40619697297883	1.0	NonTarget	1	31336
122.53119691882819	1.0	NonTarget	1	31368
122.65619686467754	1.0	NonTarget	1	31400
122.78119681052688	1.0	NonTarget	1	31432
122.90619675637623	1.0	NonTarget	1	31464
123.03119670222559	1.0	NonTarget	1	31496
123.15619664807494	1.0	NonTarget	1	31528
123.28119659392429	1.0	NonTarget	1	31560
123.40619653977365	1.0	NonTarget	1	31592
123.531196485623	1.0	NonTarget	1	31624
123.65619643147235	1.0	NonTarget	1	31656
123.7811963773217	1.0	NonTarget	1	31688
123.90619632317106	1.0	NonTarget	1	31720
124.03119626902041	1.0	NonTarget	1	31752
124.15619621486977	1.0	NonTarget	1	31784
124.28119616071912	1.0	NonTarget	1	31816
124.40619610656847	1.0	NonTarget	1	31848
130.53119345318677	1.0	NonTarget	1	33416
130.6561933990361	1.0	NonTarget	1	33448
130.78119334488548	1.0	NonTarget	1	33480
130.90619329073482	1.0	NonTarget	1	33512
131.0311932365842	1.0	NonTarget	1	33544
131.15619318243353	1.0	NonTarget	1	33576
131.2811931282829	1.0	NonTarget	1	33608
131.40619307413223	1.0	NonTarget	1	33640
131.5311930199816	1.0	NonTarget	1	33672
131.65619296583094	1.0	NonTarget	1	33704
131.7811929116803	1.0	NonTarget	1	33736
131.90619285752965	1.0	NonTarget	1	33768
132.031192803379	1.0	NonTarget	1	33800
132.15619274922835	1.0	NonTarget	1	33832
132.2811926950777	1.0	NonTarget	1	33864
132.40619264092706	1.0	NonTarget	1	33896
132.5311925867764	1.0	NonTarget	1	33928
132.65619253262577	1.0	NonTarget	1	33960
132.7811924784751	1.0	NonTarget	1	33992
132.90619242432447	1.0	NonTarget	1	34024
133.0311923701738	1.0	NonTarget	1	34056
133.15619231602318	1.0	NonTarget	1	34088
133.28119226187252	1.0	NonTarget	1	34120
133.4061922077219	1.0	NonTarget	1	34152
133.53119215357123	1.0	NonTarget	1	34184
133.6561920994206	1.0	NonTarget	1	34216
133.78119204526993	1.0	NonTarget	1	34248
133.9061919911193	1.0	NonTarget	1	34280
134.03119193696864	1.0	NonTarget	1	34312
134.156191882818	1.0	NonTarget	1	34344
134.28119182866735	1.0	NonTarget	1	34376
134.4061917745167	1.0	NonTarget	1	34408
134.53119172036605	1.0	NonTarget	1	34440
134.65619166621542	1.0	NonTarget	1	34472
134.78119161206476	1.0	NonTarget	1	34504
134.90619155791413	1.0	NonTarget	1	34536
135.03119150376347	1.0	NonTarget	1	34568
135.15619144961283	1.0	NonTarget	1	34600
135.28119139546217	1.0	NonTarget	1	34632
135.40619134131154	1.0	NonTarget	1	34664
135.53119128716088	1.0	NonTarget	1	34696
135.65619123301025	1.0	NonTarget	1	34728
135.7811911788596	1.0	NonTarget	1	34760
135.90619112470895	1.0	NonTarget	1	34792
136.0311910705583	1.0	NonTarget	1	34824
136.15619101640763	1.0	NonTarget	1	34856
136.281190962257	1.0	NonTarget	1	34888
136.40619090810634	1.0	NonTarget	1	34920
136.5311908539557	1.0	NonTarget	1	34952
136.65619079980505	1.0	NonTarget	1	34984
136.7811907456544	1.0	NonTarget	1	35016
136.90619069150375	1.0	NonTarget	1	35048
137.03119063735312	1.0	NonTarget	1	35080
137.15619058320246	1.0	NonTarget	1	35112
137.28119052905183	1.0	NonTarget	1	35144
137.40619047490117	1.0	NonTarget	1	35176
137.53119042075053	1.0	NonTarget	1	35208
137.65619036659987	1.0	NonTarget	1	35240
137.78119031244924	1.0	NonTarget	1	35272
137.90619025829858	1.0	NonTarget	1	35304
138.03119020414795	1.0	NonTarget	1	35336
138.1561901499973	1.0	NonTarget	1	35368
138.28119009584665	1.0	NonTarget	1	35400
138.406190041696	1.0	NonTarget	1	35432
138.53118998754536	1.0	NonTarget	1	35464
138.6561899333947	1.0	NonTarget	1	35496
138.78118987924407	1.0	NonTarget	1	35528
138.9061898250934	1.0	NonTarget	1	35560
139.03118977094277	1.0	NonTarget	1	35592
139.1561897167921	1.0	NonTarget	1	35624
139.28118966264148	1.0	NonTarget	1	35656
139.40618960849082	1.0	NonTarget	1	35688
139.5311895543402	1.0	NonTarget	1	35720
139.65618950018953	1.0	NonTarget	1	35752
139.7811894460389	1.0	NonTarget	1	35784
139.90618939188823	1.0	NonTarget	1	35816
140.03118933773757	1.0	NonTarget	1	35848
140.15618928358694	1.0	NonTarget	1	35880
140.28118922943628	1.0	NonTarget	1	35912
140.40618917528565	1.0	NonTarget	1	35944
140.531189121135	1.0	NonTarget	1	35976
140.65618906698435	1.0	NonTarget	1	36008
140.7811890128337	1.0	NonTarget	1	36040
140.90618895868306	1.0	NonTarget	1	36072
141.0311889045324	1.0	NonTarget	1	36104
141.15618885038177	1.0	NonTarget	1	36136
141.2811887962311	1.0	NonTarget	1	36168
141.40618874208047	1.0	NonTarget	1	36200
141.5311886879298	1.0	NonTarget	1	36232
141.65618863377918	1.0	NonTarget	1	36264
141.78118857962852	1.0	NonTarget	1	36296
141.9061885254779	1.0	NonTarget	1	36328
142.03118847132723	1.0	NonTarget	1	36360
142.1561884171766	1.0	NonTarget	1	36392
142.28118836302593	1.0	NonTarget	1	36424
142.4061883088753	1.0	NonTarget	1	36456
142.53118825472464	1.0	NonTarget	1	36488
142.656188200574	1.0	NonTarget	1	36520
142.78118814642335	1.0	NonTarget	1	36552
142.9061880922727	1.0	NonTarget	1	36584
143.03118803812205	1.0	NonTarget	1	36616
143.15618798397142	1.0	NonTarget	1	36648
143.28118792982076	1.0	NonTarget	1	36680
143.40618787567013	1.0	NonTarget	1	36712
143.53118782151947	1.0	NonTarget	1	36744
143.6561877673688	1.0	NonTarget	1	36776
143.78118771321817	1.0	NonTarget	1	36808
143.9061876590675	1.0	NonTarget	1	36840
144.03118760491688	1.0	NonTarget	1	36872
144.15618755076622	1.0	NonTarget	1	36904
144.2811874966156	1.0	NonTarget	1	36936
144.40618744246493	1.0	NonTarget	1	36968
144.5311873883143	1.0	NonTarget	1	37000
144.65618733416363	1.0	NonTarget	1	37032
144.781187280013	1.0	NonTarget	1	37064
144.90618722586234	1.0	NonTarget	1	37096
145.0311871717117	1.0	NonTarget	1	37128
145.15618711756105	1.0	NonTarget	1	37160
145.2811870634104	1.0	NonTarget	1	37192
145.40618700925975	1.0	NonTarget	1	37224
151.53118435587805	1.0	NonTarget	1	38792
151.6561843017274	1.0	NonTarget	1	38824
151.78118424757676	1.0	NonTarget	1	38856
151.9061841934261	1.0	NonTarget	1	38888
152.03118413927547	1.0	NonTarget	1	38920
152.1561840851248	1.0	NonTarget	1	38952
152.28118403097417	1.0	NonTarget	1	38984
152.4061839768235	1.0	NonTarget	1	39016
152.53118392267288	1.0	NonTarget	1	39048
152.65618386852222	1.0	NonTarget	1	39080
152.7811838143716	1.0	NonTarget	1	39112
152.90618376022093	1.0	NonTarget	1	39144
153.0311837060703	1.0	NonTarget	1	39176
153.15618365191963	1.0	NonTarget	1	39208
153.281183597769	1.0	NonTarget	1	39240
153.40618354361834	1.0	NonTarget	1	39272
153.5311834894677	1.0	NonTarget	1	39304
153.65618343531705	1.0	NonTarget	1	39336
153.78118338116641	1.0	NonTarget	1	39368
153.90618332701575	1.0	NonTarget	1	39400
154.03118327286512	1.0	NonTarget	1	39432
154.15618321871446	1.0	NonTarget	1	39464
154.28118316456383	1.0	NonTarget	1	39496
154.40618311041317	1.0	NonTarget	1	39528
154.53118305626253	1.0	NonTarget	1	39560
154.65618300211187	1.0	NonTarget	1	39592
154.78118294796124	1.0	NonTarget	1	39624
154.90618289381058	1.0	NonTarget	1	39656
155.03118283965992	1.0	NonTarget	1	39688
155.1561827855093	1.0	NonTarget	1	39720
155.28118273135863	1.0	NonTarget	1	39752
155.406182677208	1.0	NonTarget	1	39784
155.53118262305733	1.0	NonTarget	1	39816
155.6561825689067	1.0	NonTarget	1	39848
155.78118251475604	1.0	NonTarget	1	39880
155.9061824606054	1.0	NonTarget	1	39912
156.03118240645475	1.0	NonTarget	1	39944
156.1561823523041	1.0	NonTarget	1	39976
156.28118229815345	1.0	NonTarget	1	40008
156.40618224400282	1.0	NonTarget	1	40040
156.53118218985216	1.0	NonTarget	1	40072
156.65618213570153	1.0	NonTarget	1	40104
156.78118208155087	1.0	NonTarget	1	40136
156.90618202740023	1.0	NonTarget	1	40168
157.03118197324957	1.0	NonTarget	1	40200
157.15618191909894	1.0	NonTarget	1	40232
157.28118186494828	1.0	NonTarget	1	40264
157.40618181079765	1.0	NonTarget	1	40296
157.531181756647	1.0	NonTarget	1	40328
157.65618170249635	1.0	NonTarget	1	40360
157.7811816483457	1.0	NonTarget	1	40392
157.90618159419506	1.0	NonTarget	1	40424
158.0311815400444	1.0	NonTarget	1	40456
158.15618148589377	1.0	NonTarget	1	40488
158.2811814317431	1.0	NonTarget	1	40520
158.40618137759247	1.0	NonTarget	1	40552
158.5311813234418	1.0	NonTarget	1	40584
158.65618126929118	1.0	NonTarget	1	40616
158.78118121514052	1.0	NonTarget	1	40648
158.90618116098986	1.0	NonTarget	1	40680
159.03118110683923	1.0	NonTarget	1	40712
159.15618105268857	1.0	NonTarget	1	40744
159.28118099853793	1.0	NonTarget	1	40776
159.40618094438727	1.0	NonTarget	1	40808
159.53118089023664	1.0	NonTarget	1	40840
159.65618083608598	1.0	NonTarget	1	40872
159.78118078193535	1.0	NonTarget	1	40904
159.9061807277847	1.0	NonTarget	1	40936
160.03118067363405	1.0	NonTarget	1	40968
160.1561806194834	1.0	NonTarget	1	41000
160.28118056533276	1.0	NonTarget	1	41032
160.4061805111821	1.0	NonTarget	1	41064
160.53118045703147	1.0	NonTarget	1	41096
160.6561804028808	1.0	NonTarget	1	41128
160.78118034873017	1.0	NonTarget	1	41160
160.9061802945795	1.0	NonTarget	1	41192
161.03118024042888	1.0	NonTarget	1	41224
161.15618018627822	1.0	NonTarget	1	41256
161.2811801321276	1.0	NonTarget	1	41288
161.40618007797693	1.0	NonTarget	1	41320
161.5311800238263	1.0	NonTarget	1	41352
161.65617996967563	1.0	NonTarget	1	41384
161.781179915525	1.0	NonTarget	1	41416
161.90617986137434	1.0	NonTarget	1	41448
162.0311798072237	1.0	NonTarget	1	41480
162.15617975307305	1.0	NonTarget	1	41512
162.28117969892241	1.0	NonTarget	1	41544
162.40617964477175	1.0	NonTarget	1	41576
162.53117959062112	1.0	NonTarget	1	41608
162.65617953647046	1.0	NonTarget	1	41640
162.7811794823198	1.0	NonTarget	1	41672
162.90617942816917	1.0	NonTarget	1	41704
163.0311793740185	1.0	NonTarget	1	41736
163.15617931986787	1.0	NonTarget	1	41768
163.2811792657172	1.0	NonTarget	1	41800
163.40617921156658	1.0	NonTarget	1	41832
163.53117915741592	1.0	NonTarget	1	41864
163.6561791032653	1.0	NonTarget	1	41896
163.78117904911463	1.0	NonTarget	1	41928
163.906178994964	1.0	NonTarget	1	41960
164.03117894081333	1.0	NonTarget	1	41992
164.1561788866627	1.0	NonTarget	1	42024
164.28117883251204	1.0	NonTarget	1	42056
164.4061787783614	1.0	NonTarget	1	42088
164.53117872421075	1.0	NonTarget	1	42120
164.65617867006011	1.0	NonTarget	1	42152
164.78117861590945	1.0	NonTarget	1	42184
164.90617856175882	1.0	NonTarget	1	42216
165.03117850760816	1.0	NonTarget	1	42248
165.15617845345753	1.0	NonTarget	1	42280
165.28117839930687	1.0	NonTarget	1	42312
165.40617834515623	1.0	NonTarget	1	42344
165.53117829100557	1.0	NonTarget	1	42376
165.65617823685494	1.0	NonTarget	1	42408
165.78117818270428	1.0	NonTarget	1	42440
165.90617812855365	1.0	NonTarget	1	42472
166.031178074403	1.0	NonTarget	1	42504
166.15617802025236	1.0	NonTarget	1	42536
166.2811779661017	1.0	NonTarget	1	42568
166.40617791195106	1.0	NonTarget	1	42600
172.53117525856933	1.0	NonTarget	1	44168
172.6561752044187	1.0	NonTarget	1	44200
172.78117515026804	1.0	NonTarget	1	44232
172.9061750961174	1.0	NonTarget	1	44264
173.03117504196675	1.0	NonTarget	1	44296
173.15617498781612	1.0	NonTarget	1	44328
173.28117493366545	1.0	NonTarget	1	44360
173.40617487951482	1.0	NonTarget	1	44392
173.53117482536416	1.0	NonTarget	1	44424
173.65617477121353	1.0	NonTarget	1	44456
173.78117471706287	1.0	NonTarget	1	44488
173.90617466291224	1.0	NonTarget	1	44520
174.03117460876157	1.0	NonTarget	1	44552
174.1561745546109	1.0	NonTarget	1	44584
174.28117450046028	1.0	NonTarget	1	44616
174.40617444630962	1.0	NonTarget	1	44648
174.531174392159	1.0	NonTarget	1	44680
174.65617433800833	1.0	NonTarget	1	44712
174.7811742838577	1.0	NonTarget	1	44744
174.90617422970703	1.0	NonTarget	1	44776
175.0311741755564	1.0	NonTarget	1	44808
175.15617412140574	1.0	NonTarget	1	44840
175.2811740672551	1.0	NonTarget	1	44872
175.40617401310445	1.0	NonTarget	1	44904
175.53117395895381	1.0	NonTarget	1	44936
175.65617390480315	1.0	NonTarget	1	44968
175.78117385065252	1.0	NonTarget	1	45000
175.90617379650186	1.0	NonTarget	1	45032
176.03117374235123	1.0	NonTarget	1	45064
176.15617368820057	1.0	NonTarget	1	45096
176.28117363404994	1.0	NonTarget	1	45128
176.40617357989927	1.0	NonTarget	1	45160
176.53117352574864	1.0	NonTarget	1	45192
176.65617347159798	1.0	NonTarget	1	45224
176.78117341744735	1.0	NonTarget	1	45256
176.9061733632967	1.0	NonTarget	1	45288
177.03117330914606	1.0	NonTarget	1	45320
177.1561732549954	1.0	NonTarget	1	45352
177.28117320084476	1.0	NonTarget	1	45384
177.4061731466941	1.0	NonTarget	1	45416
177.53117309254347	1.0	NonTarget	1	45448
177.6561730383928	1.0	NonTarget	1	45480
177.78117298424218	1.0	NonTarget	1	45512
177.90617293009151	1.0	NonTarget	1	45544
178.03117287594085	1.0	NonTarget	1	45576
178.15617282179022	1.0	NonTarget	1	45608
178.28117276763956	1.0	NonTarget	1	45640
178.40617271348893	1.0	NonTarget	1	45672
178.53117265933827	1.0	NonTarget	1	45704
178.65617260518763	1.0	NonTarget	1	45736
178.78117255103697	1.0	NonTarget	1	45768
178.90617249688634	1.0	NonTarget	1	45800
179.03117244273568	1.0	NonTarget	1	45832
179.15617238858505	1.0	NonTarget	1	45864
179.2811723344344	1.0	NonTarget	1	45896
179.40617228028376	1.0	NonTarget	1	45928
179.5311722261331	1.0	NonTarget	1	45960
179.65617217198246	1.0	NonTarget	1	45992
179.7811721178318	1.0	NonTarget	1	46024
179.90617206368117	1.0	NonTarget	1	46056
180.0311720095305	1.0	NonTarget	1	46088
180.15617195537988	1.0	NonTarget	1	46120
180.28117190122921	1.0	NonTarget	1	46152
180.40617184707858	1.0	NonTarget	1	46184
180.53117179292792	1.0	NonTarget	1	46216
180.6561717387773	1.0	NonTarget	1	46248
180.78117168462663	1.0	NonTarget	1	46280
180.906171630476	1.0	NonTarget	1	46312
181.03117157632533	1.0	NonTarget	1	46344
181.1561715221747	1.0	NonTarget	1	46376
181.28117146802404	1.0	NonTarget	1	46408
181.4061714138734	1.0	NonTarget	1	46440
181.53117135972275	1.0	NonTarget	1	46472
181.6561713055721	1.0	NonTarget	1	46504
181.78117125142145	1.0	NonTarget	1	46536
181.9061711972708	1.0	NonTarget	1	46568
182.03117114312016	1.0	NonTarget	1	46600
182.1561710889695	1.0	NonTarget	1	46632
182.28117103481887	1.0	NonTarget	1	46664
182.4061709806682	1.0	NonTarget	1	46696
182.53117092651758	1.0	NonTarget	1	46728
182.6561708723669	1.0	NonTarget	1	46760
182.78117081821628	1.0	NonTarget	1	46792
182.90617076406562	1.0	NonTarget	1	46824
183.031170709915	1.0	NonTarget	1	46856
183.15617065576433	1.0	NonTarget	1	46888
183.2811706016137	1.0	NonTarget	1	46920
183.40617054746303	1.0	NonTarget	1	46952
183.5311704933124	1.0	NonTarget	1	46984
183.65617043916174	1.0	NonTarget	1	47016
183.7811703850111	1.0	NonTarget	1	47048
183.90617033086045	1.0	NonTarget	1	47080
184.03117027670982	1.0	NonTarget	1	47112
184.15617022255915	1.0	NonTarget	1	47144
184.28117016840852	1.0	NonTarget	1	47176
184.40617011425786	1.0	NonTarget	1	47208
184.53117006010723	1.0	NonTarget	1	47240
184.65617000595657	1.0	NonTarget	1	47272
184.78116995180594	1.0	NonTarget	1	47304
184.90616989765527	1.0	NonTarget	1	47336
185.03116984350464	1.0	NonTarget	1	47368
185.15616978935398	1.0	NonTarget	1	47400
185.28116973520335	1.0	NonTarget	1	47432
185.4061696810527	1.0	NonTarget	1	47464
185.53116962690203	1.0	NonTarget	1	47496
185.6561695727514	1.0	NonTarget	1	47528
185.78116951860073	1.0	NonTarget	1	47560
185.9061694644501	1.0	NonTarget	1	47592
186.03116941029944	1.0	NonTarget	1	47624
186.1561693561488	1.0	NonTarget	1	47656
186.28116930199815	1.0	NonTarget	1	47688
186.40616924784752	1.0	NonTarget	1	47720
186.53116919369685	1.0	NonTarget	1	47752
186.65616913954622	1.0	NonTarget	1	47784
186.78116908539556	1.0	NonTarget	1	47816
186.90616903124493	1.0	NonTarget	1	47848
187.03116897709427	1.0	NonTarget	1	47880
187.15616892294364	1.0	NonTarget	1	47912
187.28116886879297	1.0	NonTarget	1	47944
187.40616881464234	1.0	NonTarget	1	47976
193.53116616126061	1.0	NonTarget	1	49544
193.65616610710998	1.0	NonTarget	1	49576
193.78116605295932	1.0	NonTarget	1	49608
193.9061659988087	1.0	NonTarget	1	49640
194.03116594465803	1.0	NonTarget	1	49672
194.1561658905074	1.0	NonTarget	1	49704
194.28116583635673	1.0	NonTarget	1	49736
194.4061657822061	1.0	NonTarget	1	49768
194.53116572805544	1.0	NonTarget	1	49800
194.6561656739048	1.0	NonTarget	1	49832
194.78116561975415	1.0	NonTarget	1	49864
194.90616556560352	1.0	NonTarget	1	49896
195.03116551145285	1.0	NonTarget	1	49928
195.15616545730222	1.0	NonTarget	1	49960
195.28116540315156	1.0	NonTarget	1	49992
195.40616534900093	1.0	NonTarget	1	50024
195.53116529485027	1.0	NonTarget	1	50056
195.65616524069964	1.0	NonTarget	1	50088
195.78116518654898	1.0	NonTarget	1	50120
195.90616513239834	1.0	NonTarget	1	50152
196.03116507824768	1.0	NonTarget	1	50184
196.15616502409705	1.0	NonTarget	1	50216
196.2811649699464	1.0	NonTarget	1	50248
196.40616491579576	1.0	NonTarget	1	50280
196.5311648616451	1.0	NonTarget	1	50312
196.65616480749446	1.0	NonTarget	1	50344
196.7811647533438	1.0	NonTarget	1	50376
196.90616469919314	1.0	NonTarget	1	50408
197.0311646450425	1.0	NonTarget	1	50440
197.15616459089185	1.0	NonTarget	1	50472
197.28116453674122	1.0	NonTarget	1	50504
197.40616448259055	1.0	NonTarget	1	50536
197.53116442843992	1.0	NonTarget	1	50568
197.65616437428926	1.0	NonTarget	1	50600
197.78116432013863	1.0	NonTarget	1	50632
197.90616426598797	1.0	NonTarget	1	50664
198.03116421183734	1.0	NonTarget	1	50696
198.15616415768667	1.0	NonTarget	1	50728
198.28116410353604	1.0	NonTarget	1	50760
198.40616404938538	1.0	NonTarget	1	50792
198.53116399523475	1.0	NonTarget	1	50824
198.6561639410841	1.0	NonTarget	1	50856
198.78116388693346	1.0	NonTarget	1	50888
198.9061638327828	1.0	NonTarget	1	50920
199.03116377863216	1.0	NonTarget	1	50952
199.1561637244815	1.0	NonTarget	1	50984
199.28116367033087	1.0	NonTarget	1	51016
199.4061636161802	1.0	NonTarget	1	51048
199.53116356202958	1.0	NonTarget	1	51080
199.65616350787892	1.0	NonTarget	1	51112
199.78116345372828	1.0	NonTarget	1	51144
199.90616339957762	1.0	NonTarget	1	51176
200.031163345427	1.0	NonTarget	1	51208
200.15616329127633	1.0	NonTarget	1	51240
200.2811632371257	1.0	NonTarget	1	51272
200.40616318297504	1.0	NonTarget	1	51304
200.5311631288244	1.0	NonTarget	1	51336
200.65616307467374	1.0	NonTarget	1	51368
200.78116302052308	1.0	NonTarget	1	51400
200.90616296637245	1.0	NonTarget	1	51432
201.0311629122218	1.0	NonTarget	1	51464
201.15616285807116	1.0	NonTarget	1	51496
201.2811628039205	1.0	NonTarget	1	51528
201.40616274976986	1.0	NonTarget	1	51560
201.5311626956192	1.0	NonTarget	1	51592
201.65616264146857	1.0	NonTarget	1	51624
201.7811625873179	1.0	NonTarget	1	51656
201.90616253316728	1.0	NonTarget	1	51688
202.03116247901661	1.0	NonTarget	1	51720
202.15616242486598	1.0	NonTarget	1	51752
202.28116237071532	1.0	NonTarget	1	51784
202.4061623165647	1.0	NonTarget	1	51816
202.53116226241403	1.0	NonTarget	1	51848
202.6561622082634	1.0	NonTarget	1	51880
202.78116215411274	1.0	NonTarget	1	51912
202.9061620999621	1.0	NonTarget	1	51944
203.03116204581144	1.0	NonTarget	1	51976
203.1561619916608	1.0	NonTarget	1	52008
203.28116193751015	1.0	NonTarget	1	52040
203.40616188335952	1.0	NonTarget	1	52072
203.53116182920886	1.0	NonTarget	1	52104
203.65616177505822	1.0	NonTarget	1	52136
203.78116172090756	1.0	NonTarget	1	52168
203.90616166675693	1.0	NonTarget	1	52200
204.03116161260627	1.0	NonTarget	1	52232
204.15616155845564	1.0	NonTarget	1	52264
204.28116150430498	1.0	NonTarget	1	52296
204.40616145015434	1.0	NonTarget	1	52328
204.53116139600368	1.0	NonTarget	1	52360
204.65616134185302	1.0	NonTarget	1	52392
204.7811612877024	1.0	NonTarget	1	52424
204.90616123355173	1.0	NonTarget	1	52456
205.0311611794011	1.0	NonTarget	1	52488
205.15616112525043	1.0	NonTarget	1	52520
205.2811610710998	1.0	NonTarget	1	52552
205.40616101694914	1.0	NonTarget	1	52584
205.5311609627985	1.0	NonTarget	1	52616
205.65616090864785	1.0	NonTarget	1	52648
205.78116085449722	1.0	NonTarget	1	52680
205.90616080034656	1.0	NonTarget	1	52712
206.03116074619592	1.0	NonTarget	1	52744
206.15616069204526	1.0	NonTarget	1	52776
206.28116063789463	1.0	NonTarget	1	52808
206.40616058374397	1.0	NonTarget	1	52840
206.53116052959334	1.0	NonTarget	1	52872
206.65616047544268	1.0	NonTarget	1	52904
206.78116042129204	1.0	NonTarget	1	52936
206.90616036714138	1.0	NonTarget	1	52968
207.03116031299075	1.0	NonTarget	1	53000
207.1561602588401	1.0	NonTarget	1	53032
207.28116020468946	1.0	NonTarget	1	53064
207.4061601505388	1.0	NonTarget	1	53096
207.53116009638816	1.0	NonTarget	1	53128
207.6561600422375	1.0	NonTarget	1	53160
207.78115998808687	1.0	NonTarget	1	53192
207.9061599339362	1.0	NonTarget	1	53224
208.03115987978558	1.0	NonTarget	1	53256
208.15615982563492	1.0	NonTarget	1	53288
208.28115977148425	1.0	NonTarget	1	53320
208.40615971733362	1.0	NonTarget	1	53352
214.53115706395192	1.0	NonTarget	1	54920
214.65615700980126	1.0	NonTarget	1	54952
214.78115695565063	1.0	NonTarget	1	54984
214.90615690149997	1.0	NonTarget	1	55016
215.03115684734934	1.0	NonTarget	1	55048
215.15615679319868	1.0	NonTarget	1	55080
215.28115673904804	1.0	NonTarget	1	55112
215.40615668489738	1.0	NonTarget	1	55144
215.53115663074675	1.0	NonTarget	1	55176
215.6561565765961	1.0	NonTarget	1	55208
215.78115652244546	1.0	NonTarget	1	55240
215.9061564682948	1.0	NonTarget	1	55272
216.03115641414414	1.0	NonTarget	1	55304
216.1561563599935	1.0	NonTarget	1	55336
216.28115630584284	1.0	NonTarget	1	55368
216.4061562516922	1.0	NonTarget	1	55400
216.53115619754155	1.0	NonTarget	1	55432
216.65615614339092	1.0	NonTarget	1	55464
216.78115608924026	1.0	NonTarget	1	55496
216.90615603508962	1.0	NonTarget	1	55528
217.03115598093896	1.0	NonTarget	1	55560
217.15615592678833	1.0	NonTarget	1	55592
217.28115587263767	1.0	NonTarget	1	55624
217.40615581848704	1.0	NonTarget	1	55656
217.53115576433638	1.0	NonTarget	1	55688
217.65615571018574	1.0	NonTarget	1	55720
217.78115565603508	1.0	NonTarget	1	55752
217.90615560188445	1.0	NonTarget	1	55784
218.0311555477338	1.0	NonTarget	1	55816
218.15615549358316	1.0	NonTarget	1	55848
218.2811554394325	1.0	NonTarget	1	55880
218.40615538528186	1.0	NonTarget	1	55912
218.5311553311312	1.0	NonTarget	1	55944
218.65615527698057	1.0	NonTarget	1	55976
218.7811552228299	1.0	NonTarget	1	56008
218.90615516867928	1.0	NonTarget	1	56040
219.03115511452862	1.0	NonTarget	1	56072
219.15615506037798	1.0	NonTarget	1	56104
219.28115500622732	1.0	NonTarget	1	56136
219.4061549520767	1.0	NonTarget	1	56168
219.53115489792603	1.0	NonTarget	1	56200
219.6561548437754	1.0	NonTarget	1	56232
219.78115478962474	1.0	NonTarget	1	56264
219.90615473547408	1.0	NonTarget	1	56296
220.03115468132344	1.0	NonTarget	1	56328
220.15615462717278	1.0	NonTarget	1	56360
220.28115457302215	1.0	NonTarget	1	56392
220.4061545188715	1.0	NonTarget	1	56424
220.53115446472086	1.0	NonTarget	1	56456
220.6561544105702	1.0	NonTarget	1	56488
220.78115435641956	1.0	NonTarget	1	56520
220.9061543022689	1.0	NonTarget	1	56552
221.03115424811827	1.0	NonTarget	1	56584
221.1561541939676	1.0	NonTarget	1	56616
221.28115413981698	1.0	NonTarget	1	56648
221.40615408566632	1.0	NonTarget	1	56680
221.53115403151568	1.0	NonTarget	1	56712
221.65615397736502	1.0	NonTarget	1	56744
221.7811539232144	1.0	NonTarget	1	56776
221.90615386906373	1.0	NonTarget	1	56808
222.0311538149131	1.0	NonTarget	1	56840
222.15615376076244	1.0	NonTarget	1	56872
222.2811537066118	1.0	NonTarget	1	56904
222.40615365246114	1.0	NonTarget	1	56936
222.5311535983105	1.0	NonTarget	1	56968
222.65615354415985	1.0	NonTarget	1	57000
222.78115349000922	1.0	NonTarget	1	57032
222.90615343585856	1.0	NonTarget	1	57064
223.03115338170792	1.0	NonTarget	1	57096
223.15615332755726	1.0	NonTarget	1	57128
223.28115327340663	1.0	NonTarget	1	57160
223.40615321925597	1.0	NonTarget	1	57192
223.5311531651053	1.0	NonTarget	1	57224
223.65615311095468	1.0	NonTarget	1	57256
223.78115305680402	1.0	NonTarget	1	57288
223.90615300265338	1.0	NonTarget	1	57320
224.03115294850272	1.0	NonTarget	1	57352
224.1561528943521	1.0	NonTarget	1	57384
224.28115284020143	1.0	NonTarget	1	57416
224.4061527860508	1.0	NonTarget	1	57448
224.53115273190014	1.0	NonTarget	1	57480
224.6561526777495	1.0	NonTarget	1	57512
224.78115262359884	1.0	NonTarget	1	57544
224.9061525694482	1.0	NonTarget	1	57576
225.03115251529755	1.0	NonTarget	1	57608
225.15615246114692	1.0	NonTarget	1	57640
225.28115240699626	1.0	NonTarget	1	57672
225.40615235284562	1.0	NonTarget	1	57704
225.53115229869496	1.0	NonTarget	1	57736
225.65615224454433	1.0	NonTarget	1	57768
225.78115219039367	1.0	NonTarget	1	57800
225.90615213624304	1.0	NonTarget	1	57832
226.03115208209238	1.0	NonTarget	1	57864
226.15615202794174	1.0	NonTarget	1	57896
226.28115197379108	1.0	NonTarget	1	57928
226.40615191964045	1.0	NonTarget	1	57960
226.5311518654898	1.0	NonTarget	1	57992
226.65615181133916	1.0	NonTarget	1	58024
226.7811517571885	1.0	NonTarget	1	58056
226.90615170303786	1.0	NonTarget	1	58088
227.0311516488872	1.0	NonTarget	1	58120
227.15615159473657	1.0	NonTarget	1	58152
227.2811515405859	1.0	NonTarget	1	58184
227.40615148643525	1.0	NonTarget	1	58216
227.53115143228462	1.0	NonTarget	1	58248
227.65615137813396	1.0	NonTarget	1	58280
227.78115132398332	1.0	NonTarget	1	58312
227.90615126983266	1.0	NonTarget	1	58344
228.03115121568203	1.0	NonTarget	1	58376
228.15615116153137	1.0	NonTarget	1	58408
228.28115110738074	1.0	NonTarget	1	58440
228.40615105323008	1.0	NonTarget	1	58472
228.53115099907944	1.0	NonTarget	1	58504
228.65615094492878	1.0	NonTarget	1	58536
228.78115089077815	1.0	NonTarget	1	58568
228.9061508366275	1.0	NonTarget	1	58600
229.03115078247686	1.0	NonTarget	1	58632
229.1561507283262	1.0	NonTarget	1	58664
229.28115067417556	1.0	NonTarget	1	58696
229.4061506200249	1.0	NonTarget	1	58728
235.5311479666432	1.0	NonTarget	1	60296
235.65614791249254	1.0	NonTarget	1	60328
235.7811478583419	1.0	NonTarget	1	60360
235.90614780419125	1.0	NonTarget	1	60392
236.03114775004062	1.0	NonTarget	1	60424
236.15614769588996	1.0	NonTarget	1	60456
236.28114764173932	1.0	NonTarget	1	60488
236.40614758758866	1.0	NonTarget	1	60520
236.53114753343803	1.0	NonTarget	1	60552
236.65614747928737	1.0	NonTarget	1	60584
236.78114742513674	1.0	NonTarget	1	60616
236.90614737098608	1.0	NonTarget	1	60648
237.03114731683544	1.0	NonTarget	1	60680
237.15614726268478	1.0	NonTarget	1	60712
237.28114720853415	1.0	NonTarget	1	60744
237.4061471543835	1.0	NonTarget	1	60776
237.53114710023286	1.0	NonTarget	1	60808
237.6561470460822	1.0	NonTarget	1	60840
237.78114699193156	1.0	NonTarget	1	60872
237.9061469377809	1.0	NonTarget	1	60904
238.03114688363027	1.0	NonTarget	1	60936
238.1561468294796	1.0	NonTarget	1	60968
238.28114677532898	1.0	NonTarget	1	61000
238.40614672117832	1.0	NonTarget	1	61032
238.53114666702768	1.0	NonTarget	1	61064
238.65614661287702	1.0	NonTarget	1	61096
238.78114655872636	1.0	NonTarget	1	61128
238.90614650457573	1.0	NonTarget	1	61160
239.03114645042507	1.0	NonTarget	1	61192
239.15614639627444	1.0	NonTarget	1	61224
239.28114634212378	1.0	NonTarget	1	61256
239.40614628797314	1.0	NonTarget	1	61288
239.53114623382248	1.0	NonTarget	1	61320
239.65614617967185	1.0	NonTarget	1	61352
239.7811461255212	1.0	NonTarget	1	61384
239.90614607137056	1.0	NonTarget	1	61416
240.0311460172199	1.0	NonTarget	1	61448
240.15614596306926	1.0	NonTarget	1	61480
240.2811459089186	1.0	NonTarget	1	61512
240.40614585476797	1.0	NonTarget	1	61544
240.5311458006173	1.0	NonTarget	1	61576
240.65614574646668	1.0	NonTarget	1	61608
240.78114569231602	1.0	NonTarget	1	61640
240.90614563816538	1.0	NonTarget	1	61672
241.03114558401472	1.0	NonTarget	1	61704
241.1561455298641	1.0	NonTarget	1	61736
241.28114547571343	1.0	NonTarget	1	61768
241.4061454215628	1.0	NonTarget	1	61800
241.53114536741214	1.0	NonTarget	1	61832
241.6561453132615	1.0	NonTarget	1	61864
241.78114525911084	1.0	NonTarget	1	61896
241.9061452049602	1.0	NonTarget	1	61928
242.03114515080955	1.0	NonTarget	1	61960
242.15614509665892	1.0	NonTarget	1	61992
242.28114504250826	1.0	NonTarget	1	62024
242.40614498835762	1.0	NonTarget	1	62056
242.53114493420696	1.0	NonTarget	1	62088
242.6561448800563	1.0	NonTarget	1	62120
242.78114482590567	1.0	NonTarget	1	62152
242.906144771755	1.0	NonTarget	1	62184
243.03114471760438	1.0	NonTarget	1	62216
243.15614466345372	1.0	NonTarget	1	62248
243.28114460930308	1.0	NonTarget	1	62280
243.40614455515242	1.0	NonTarget	1	62312
243.5311445010018	1.0	NonTarget	1	62344
243.65614444685113	1.0	NonTarget	1	62376
243.7811443927005	1.0	NonTarget	1	62408
243.90614433854984	1.0	NonTarget	1	62440
244.0311442843992	1.0	NonTarget	1	62472
244.15614423024854	1.0	NonTarget	1	62504
244.2811441760979	1.0	NonTarget	1	62536
244.40614412194725	1.0	NonTarget	1	62568
244.53114406779662	1.0	NonTarget	1	62600
244.65614401364596	1.0	NonTarget	1	62632
244.78114395949532	1.0	NonTarget	1	62664
244.90614390534466	1.0	NonTarget	1	62696
245.03114385119403	1.0	NonTarget	1	62728
245.15614379704337	1.0	NonTarget	1	62760
245.28114374289274	1.0	NonTarget	1	62792
245.40614368874208	1.0	NonTarget	1	62824
245.53114363459144	1.0	NonTarget	1	62856
245.65614358044078	1.0	NonTarget	1	62888
245.78114352629015	1.0	NonTarget	1	62920
245.9061434721395	1.0	NonTarget	1	62952
246.03114341798886	1.0	NonTarget	1	62984
246.1561433638382	1.0	NonTarget	1	63016
246.28114330968756	1.0	NonTarget	1	63048
246.4061432555369	1.0	NonTarget	1	63080
246.53114320138624	1.0	NonTarget	1	63112
246.6561431472356	1.0	NonTarget	1	63144
246.78114309308495	1.0	NonTarget	1	63176
246.90614303893432	1.0	NonTarget	1	63208
247.03114298478366	1.0	NonTarget	1	63240
247.15614293063302	1.0	NonTarget	1	63272
247.28114287648236	1.0	NonTarget	1	63304
247.40614282233173	1.0	NonTarget	1	63336
247.53114276818107	1.0	NonTarget	1	63368
247.65614271403044	1.0	NonTarget	1	63400
247.78114265987978	1.0	NonTarget	1	63432
247.90614260572914	1.0	NonTarget	1	63464
248.03114255157848	1.0	NonTarget	1	63496
248.15614249742785	1.0	NonTarget	1	63528
248.2811424432772	1.0	NonTarget	1	63560
248.40614238912656	1.0	NonTarget	1	63592
248.5311423349759	1.0	NonTarget	1	63624
248.65614228082526	1.0	NonTarget	1	63656
248.7811422266746	1.0	NonTarget	1	63688
248.90614217252397	1.0	NonTarget	1	63720
249.0311421183733	1.0	NonTarget	1	63752
249.15614206422268	1.0	NonTarget	1	63784
249.28114201007202	1.0	NonTarget	1	63816
249.40614195592138	1.0	NonTarget	1	63848
249.53114190177072	1.0	NonTarget	1	63880
249.6561418476201	1.0	NonTarget	1	63912
249.78114179346943	1.0	NonTarget	1	63944
249.9061417393188	1.0	NonTarget	1	63976
250.03114168516814	1.0	NonTarget	1	64008
250.15614163101748	1.0	NonTarget	1	64040
250.28114157686684	1.0	NonTarget	1	64072
250.40614152271618	1.0	NonTarget	1	64104
256.5311388693345	1.0	NonTarget	1	65672
256.65613881518385	1.0	NonTarget	1	65704
256.7811387610332	1.0	NonTarget	1	65736
256.90613870688253	1.0	NonTarget	1	65768
257.0311386527319	1.0	NonTarget	1	65800
257.15613859858126	1.0	NonTarget	1	65832
257.28113854443063	1.0	NonTarget	1	65864
257.40613849027994	1.0	NonTarget	1	65896
257.5311384361293	1.0	NonTarget	1	65928
257.6561383819787	1.0	NonTarget	1	65960
257.781138327828	1.0	NonTarget	1	65992
257.90613827367736	1.0	NonTarget	1	66024
258.0311382195267	1.0	NonTarget	1	66056
258.1561381653761	1.0	NonTarget	1	66088
258.2811381112254	1.0	NonTarget	1	66120
258.40613805707477	1.0	NonTarget	1	66152
258.53113800292414	1.0	NonTarget	1	66184
258.6561379487735	1.0	NonTarget	1	66216
258.7811378946228	1.0	NonTarget	1	66248
258.9061378404722	1.0	NonTarget	1	66280
259.03113778632155	1.0	NonTarget	1	66312
259.1561377321709	1.0	NonTarget	1	66344
259.28113767802023	1.0	NonTarget	1	66376
259.4061376238696	1.0	NonTarget	1	66408
259.53113756971896	1.0	NonTarget	1	66440
259.65613751556833	1.0	NonTarget	1	66472
259.78113746141764	1.0	NonTarget	1	66504
259.906137407267	1.0	NonTarget	1	66536
260.0311373531164	1.0	NonTarget	1	66568
260.15613729896575	1.0	NonTarget	1	66600
260.28113724481506	1.0	NonTarget	1	66632
260.4061371906644	1.0	NonTarget	1	66664
260.5311371365138	1.0	NonTarget	1	66696
260.65613708236316	1.0	NonTarget	1	66728
260.78113702821247	1.0	NonTarget	1	66760
260.90613697406184	1.0	NonTarget	1	66792
261.0311369199112	1.0	NonTarget	1	66824
261.1561368657606	1.0	NonTarget	1	66856
261.2811368116099	1.0	NonTarget	1	66888
261.40613675745925	1.0	NonTarget	1	66920
261.5311367033086	1.0	NonTarget	1	66952
261.65613664915793	1.0	NonTarget	1	66984
261.7811365950073	1.0	NonTarget	1	67016
261.90613654085666	1.0	NonTarget	1	67048
262.03113648670603	1.0	NonTarget	1	67080
262.15613643255534	1.0	NonTarget	1	67112
262.2811363784047	1.0	NonTarget	1	67144
262.4061363242541	1.0	NonTarget	1	67176
262.53113627010345	1.0	NonTarget	1	67208
262.65613621595276	1.0	NonTarget	1	67240
262.7811361618021	1.0	NonTarget	1	67272
262.9061361076515	1.0	NonTarget	1	67304
263.03113605350086	1.0	NonTarget	1	67336
263.15613599935017	1.0	NonTarget	1	67368
263.28113594519954	1.0	NonTarget	1	67400
263.4061358910489	1.0	NonTarget	1	67432
263.5311358368983	1.0	NonTarget	1	67464
263.6561357827476	1.0	NonTarget	1	67496
263.78113572859695	1.0	NonTarget	1	67528
263.9061356744463	1.0	NonTarget	1	67560
264.0311356202957	1.0	NonTarget	1	67592
264.156135566145	1.0	NonTarget	1	67624
264.28113551199436	1.0	NonTarget	1	67656
264.40613545784373	1.0	NonTarget	1	67688
264.5311354036931	1.0	NonTarget	1	67720
264.6561353495424	1.0	NonTarget	1	67752
264.7811352953918	1.0	NonTarget	1	67784
264.90613524124115	1.0	NonTarget	1	67816
265.0311351870905	1.0	NonTarget	1	67848
265.1561351329398	1.0	NonTarget	1	67880
265.2811350787892	1.0	NonTarget	1	67912
265.40613502463856	1.0	NonTarget	1	67944
265.53113497048787	1.0	NonTarget	1	67976
265.65613491633724	1.0	NonTarget	1	68008
265.7811348621866	1.0	NonTarget	1	68040
265.906134808036	1.0	NonTarget	1	68072
266.0311347538853	1.0	NonTarget	1	68104
266.15613469973465	1.0	NonTarget	1	68136
266.281134645584	1.0	NonTarget	1	68168
266.4061345914334	1.0	NonTarget	1	68200
266.5311345372827	1.0	NonTarget	1	68232
266.65613448313206	1.0	NonTarget	1	68264
266.78113442898143	1.0	NonTarget	1	68296
266.9061343748308	1.0	NonTarget	1	68328
267.0311343206801	1.0	NonTarget	1	68360
267.1561342665295	1.0	NonTarget	1	68392
267.28113421237884	1.0	NonTarget	1	68424
267.4061341582282	1.0	NonTarget	1	68456
267.5311341040775	1.0	NonTarget	1	68488
267.6561340499269	1.0	NonTarget	1	68520
267.78113399577626	1.0	NonTarget	1	68552
267.9061339416256	1.0	NonTarget	1	68584
268.03113388747494	1.0	NonTarget	1	68616
268.1561338333243	1.0	NonTarget	1	68648
268.2811337791737	1.0	NonTarget	1	68680
268.40613372502304	1.0	NonTarget	1	68712
268.53113367087235	1.0	NonTarget	1	68744
268.6561336167217	1.0	NonTarget	1	68776
268.7811335625711	1.0	NonTarget	1	68808
268.90613350842045	1.0	NonTarget	1	68840
269.03113345426976	1.0	NonTarget	1	68872
269.15613340011913	1.0	NonTarget	1	68904
269.2811333459685	1.0	NonTarget	1	68936
269.4061332918178	1.0	NonTarget	1	68968
269.5311332376672	1.0	NonTarget	1	69000
269.65613318351654	1.0	NonTarget	1	69032
269.7811331293659	1.0	NonTarget	1	69064
269.9061330752152	1.0	NonTarget	1	69096
270.0311330210646	1.0	NonTarget	1	69128
270.15613296691396	1.0	NonTarget	1	69160
270.2811329127633	1.0	NonTarget	1	69192
270.40613285861264	1.0	NonTarget	1	69224
270.531132804462	1.0	NonTarget	1	69256
270.6561327503114	1.0	NonTarget	1	69288
270.78113269616074	1.0	NonTarget	1	69320
270.90613264201005	1.0	NonTarget	1	69352
271.0311325878594	1.0	NonTarget	1	69384
271.1561325337088	1.0	NonTarget	1	69416
271.28113247955815	1.0	NonTarget	1	69448
271.40613242540746	1.0	NonTarget	1	69480
277.5311297720258	1.0	NonTarget	1	71048
277.6561297178751	1.0	NonTarget	1	71080
277.78112966372447	1.0	NonTarget	1	71112
277.90612960957384	1.0	NonTarget	1	71144
278.0311295554232	1.0	NonTarget	1	71176
278.1561295012725	1.0	NonTarget	1	71208
278.2811294471219	1.0	NonTarget	1	71240
278.40612939297125	1.0	NonTarget	1	71272
278.5311293388206	1.0	NonTarget	1	71304
278.65612928466993	1.0	NonTarget	1	71336
278.7811292305193	1.0	NonTarget	1	71368
278.90612917636867	1.0	NonTarget	1	71400
279.03112912221803	1.0	NonTarget	1	71432
279.15612906806734	1.0	NonTarget	1	71464
279.2811290139167	1.0	NonTarget	1	71496
279.4061289597661	1.0	NonTarget	1	71528
279.53112890561545	1.0	NonTarget	1	71560
279.65612885146476	1.0	NonTarget	1	71592
279.7811287973141	1.0	NonTarget	1	71624
279.9061287431635	1.0	NonTarget	1	71656
280.03112868901286	1.0	NonTarget	1	71688
280.15612863486217	1.0	NonTarget	1	71720
280.28112858071154	1.0	NonTarget	1	71752
280.4061285265609	1.0	NonTarget	1	71784
280.5311284724103	1.0	NonTarget	1	71816
280.6561284182596	1.0	NonTarget	1	71848
280.78112836410895	1.0	NonTarget	1	71880
280.9061283099583	1.0	NonTarget	1	71912
281.03112825580763	1.0	NonTarget	1	71944
281.156128201657	1.0	NonTarget	1	71976
281.28112814750637	1.0	NonTarget	1	72008
281.40612809335573	1.0	NonTarget	1	72040
281.53112803920504	1.0	NonTarget	1	72072
281.6561279850544	1.0	NonTarget	1	72104
281.7811279309038	1.0	NonTarget	1	72136
281.90612787675315	1.0	NonTarget	1	72168
282.03112782260246	1.0	NonTarget	1	72200
282.1561277684518	1.0	NonTarget	1	72232
282.2811277143012	1.0	NonTarget	1	72264
282.40612766015056	1.0	NonTarget	1	72296
282.53112760599987	1.0	NonTarget	1	72328
282.65612755184924	1.0	NonTarget	1	72360
282.7811274976986	1.0	NonTarget	1	72392
282.906127443548	1.0	NonTarget	1	72424
283.0311273893973	1.0	NonTarget	1	72456
283.15612733524665	1.0	NonTarget	1	72488
283.281127281096	1.0	NonTarget	1	72520
283.4061272269454	1.0	NonTarget	1	72552
283.5311271727947	1.0	NonTarget	1	72584
283.65612711864406	1.0	NonTarget	1	72616
283.78112706449343	1.0	NonTarget	1	72648
283.9061270103428	1.0	NonTarget	1	72680
284.0311269561921	1.0	NonTarget	1	72712
284.1561269020415	1.0	NonTarget	1	72744
284.28112684789085	1.0	NonTarget	1	72776
284.40612679374016	1.0	NonTarget	1	72808
284.5311267395895	1.0	NonTarget	1	72840
284.6561266854389	1.0	NonTarget	1	72872
284.78112663128826	1.0	NonTarget	1	72904
284.90612657713757	1.0	NonTarget	1	72936
285.03112652298694	1.0	NonTarget	1	72968
285.1561264688363	1.0	NonTarget	1	73000
285.2811264146857	1.0	NonTarget	1	73032
285.406126360535	1.0	NonTarget	1	73064
285.53112630638435	1.0	NonTarget	1	73096
285.6561262522337	1.0	NonTarget	1	73128
285.7811261980831	1.0	NonTarget	1	73160
285.9061261439324	1.0	NonTarget	1	73192
286.03112608978176	1.0	NonTarget	1	73224
286.15612603563113	1.0	NonTarget	1	73256
286.2811259814805	1.0	NonTarget	1	73288
286.4061259273298	1.0	NonTarget	1	73320
286.5311258731792	1.0	NonTarget	1	73352
286.65612581902855	1.0	NonTarget	1	73384
286.7811257648779	1.0	NonTarget	1	73416
286.9061257107272	1.0	NonTarget	1	73448
287.0311256565766	1.0	NonTarget	1	73480
287.15612560242596	1.0	NonTarget	1	73512
287.2811255482753	1.0	NonTarget	1	73544
287.40612549412464	1.0	NonTarget	1	73576
287.531125439974	1.0	NonTarget	1	73608
287.6561253858234	1.0	NonTarget	1	73640
287.78112533167274	1.0	NonTarget	1	73672
287.90612527752205	1.0	NonTarget	1	73704
288.0311252233714	1.0	NonTarget	1	73736
288.1561251692208	1.0	NonTarget	1	73768
288.2811251150701	1.0	NonTarget	1	73800
288.40612506091946	1.0	NonTarget	1	73832
288.53112500676883	1.0	NonTarget	1	73864
288.6561249526182	1.0	NonTarget	1	73896
288.7811248984675	1.0	NonTarget	1	73928
288.9061248443169	1.0	NonTarget	1	73960
289.03112479016625	1.0	NonTarget	1	73992
289.1561247360156	1.0	NonTarget	1	74024
289.2811246818649	1.0	NonTarget	1	74056
289.4061246277143	1.0	NonTarget	1	74088
289.53112457356366	1.0	NonTarget	1	74120
289.656124519413	1.0	NonTarget	1	74152
289.78112446526234	1.0	NonTarget	1	74184
289.9061244111117	1.0	NonTarget	1	74216
290.0311243569611	1.0	NonTarget	1	74248
290.15612430281044	1.0	NonTarget	1	74280
290.28112424865975	1.0	NonTarget	1	74312
290.4061241945091	1.0	NonTarget	1	74344
290.5311241403585	1.0	NonTarget	1	74376
290.65612408620785	1.0	NonTarget	1	74408
290.78112403205716	1.0	NonTarget	1	74440
290.90612397790653	1.0	NonTarget	1	74472
291.0311239237559	1.0	NonTarget	1	74504
291.15612386960527	1.0	NonTarget	1	74536
291.2811238154546	1.0	NonTarget	1	74568
291.40612376130395	1.0	NonTarget	1	74600
291.5311237071533	1.0	NonTarget	1	74632
291.6561236530027	1.0	NonTarget	1	74664
291.781123598852	1.0	NonTarget	1	74696
291.90612354470136	1.0	NonTarget	1	74728
292.0311234905507	1.0	NonTarget	1	74760
292.15612343640004	1.0	NonTarget	1	74792
292.2811233822494	1.0	NonTarget	1	74824
292.4061233280988	1.0	NonTarget	1	74856
298.53112067471704	1.0	NonTarget	1	76424
298.6561206205664	1.0	NonTarget	1	76456
298.7811205664158	1.0	NonTarget	1	76488
298.90612051226515	1.0	NonTarget	1	76520
299.03112045811446	1.0	NonTarget	1	76552
299.1561204039638	1.0	NonTarget	1	76584
299.2811203498132	1.0	NonTarget	1	76616
299.40612029566256	1.0	NonTarget	1	76648
299.53112024151187	1.0	NonTarget	1	76680
299.65612018736124	1.0	NonTarget	1	76712
299.7811201332106	1.0	NonTarget	1	76744
299.9061200790599	1.0	NonTarget	1	76776
300.0311200249093	1.0	NonTarget	1	76808
300.15611997075865	1.0	NonTarget	1	76840
300.281119916608	1.0	NonTarget	1	76872
300.40611986245733	1.0	NonTarget	1	76904
300.5311198083067	1.0	NonTarget	1	76936
300.65611975415607	1.0	NonTarget	1	76968
300.78111970000543	1.0	NonTarget	1	77000
300.90611964585474	1.0	NonTarget	1	77032
301.0311195917041	1.0	NonTarget	1	77064
301.1561195375535	1.0	NonTarget	1	77096
301.28111948340285	1.0	NonTarget	1	77128
301.40611942925216	1.0	NonTarget	1	77160
301.5311193751015	1.0	NonTarget	1	77192
301.6561193209509	1.0	NonTarget	1	77224
301.78111926680026	1.0	NonTarget	1	77256
301.90611921264957	1.0	NonTarget	1	77288
302.03111915849894	1.0	NonTarget	1	77320
302.1561191043483	1.0	NonTarget	1	77352
302.2811190501977	1.0	NonTarget	1	77384
302.406118996047	1.0	NonTarget	1	77416
302.53111894189635	1.0	NonTarget	1	77448
302.6561188877457	1.0	NonTarget	1	77480
302.7811188335951	1.0	NonTarget	1	77512
302.9061187794444	1.0	NonTarget	1	77544
303.03111872529377	1.0	NonTarget	1	77576
303.15611867114313	1.0	NonTarget	1	77608
303.2811186169925	1.0	NonTarget	1	77640
303.4061185628418	1.0	NonTarget	1	77672
303.5311185086912	1.0	NonTarget	1	77704
303.65611845454055	1.0	NonTarget	1	77736
303.78111840038986	1.0	NonTarget	1	77768
303.9061183462392	1.0	NonTarget	1	77800
304.0311182920886	1.0	NonTarget	1	77832
304.15611823793796	1.0	NonTarget	1	77864
304.28111818378727	1.0	NonTarget	1	77896
304.40611812963664	1.0	NonTarget	1	77928
304.531118075486	1.0	NonTarget	1	77960
304.6561180213354	1.0	NonTarget	1	77992
304.7811179671847	1.0	NonTarget	1	78024
304.90611791303405	1.0	NonTarget	1	78056
305.0311178588834	1.0	NonTarget	1	78088
305.1561178047328	1.0	NonTarget	1	78120
305.2811177505821	1.0	NonTarget	1	78152
305.40611769643147	1.0	NonTarget	1	78184
305.53111764228083	1.0	NonTarget	1	78216
305.6561175881302	1.0	NonTarget	1	78248
305.7811175339795	1.0	NonTarget	1	78280
305.9061174798289	1.0	NonTarget	1	78312
306.03111742567825	1.0	NonTarget	1	78344
306.1561173715276	1.0	NonTarget	1	78376
306.2811173173769	1.0	NonTarget	1	78408
306.4061172632263	1.0	NonTarget	1	78440
306.53111720907566	1.0	NonTarget	1	78472
306.656117154925	1.0	NonTarget	1	78504
306.78111710077434	1.0	NonTarget	1	78536
306.9061170466237	1.0	NonTarget	1	78568
307.0311169924731	1.0	NonTarget	1	78600
307.15611693832244	1.0	NonTarget	1	78632
307.28111688417175	1.0	NonTarget	1	78664
307.4061168300211	1.0	NonTarget	1	78696
307.5311167758705	1.0	NonTarget	1	78728
307.6561167217198	1.0	NonTarget	1	78760
307.78111666756917	1.0	NonTarget	1	78792
307.90611661341853	1.0	NonTarget	1	78824
308.0311165592679	1.0	NonTarget	1	78856
308.1561165051172	1.0	NonTarget	1	78888
308.2811164509666	1.0	NonTarget	1	78920
308.40611639681595	1.0	NonTarget	1	78952
308.5311163426653	1.0	NonTarget	1	78984
308.6561162885146	1.0	NonTarget	1	79016
308.781116234364	1.0	NonTarget	1	79048
308.90611618021336	1.0	NonTarget	1	79080
309.0311161260627	1.0	NonTarget	1	79112
309.15611607191204	1.0	NonTarget	1	79144
309.2811160177614	1.0	NonTarget	1	79176
309.4061159636108	1.0	NonTarget	1	79208
309.53111590946014	1.0	NonTarget	1	79240
309.65611585530945	1.0	NonTarget	1	79272
309.7811158011588	1.0	NonTarget	1	79304
309.9061157470082	1.0	NonTarget	1	79336
310.03111569285755	1.0	NonTarget	1	79368
310.15611563870686	1.0	NonTarget	1	79400
310.28111558455623	1.0	NonTarget	1	79432
310.4061155304056	1.0	NonTarget	1	79464
310.53111547625497	1.0	NonTarget	1	79496
310.6561154221043	1.0	NonTarget	1	79528
310.78111536795365	1.0	NonTarget	1	79560
310.906115313803	1.0	NonTarget	1	79592
311.0311152596523	1.0	NonTarget	1	79624
311.1561152055017	1.0	NonTarget	1	79656
311.28111515135106	1.0	NonTarget	1	79688
311.4061150972004	1.0	NonTarget	1	79720
311.53111504304974	1.0	NonTarget	1	79752
311.6561149888991	1.0	NonTarget	1	79784
311.7811149347485	1.0	NonTarget	1	79816
311.90611488059784	1.0	NonTarget	1	79848
312.03111482644715	1.0	NonTarget	1	79880
312.1561147722965	1.0	NonTarget	1	79912
312.2811147181459	1.0	NonTarget	1	79944
312.40611466399525	1.0	NonTarget	1	79976
312.53111460984456	1.0	NonTarget	1	80008
312.65611455569393	1.0	NonTarget	1	80040
312.7811145015433	1.0	NonTarget	1	80072
312.90611444739267	1.0	NonTarget	1	80104
313.031114393242	1.0	NonTarget	1	80136
313.15611433909135	1.0	NonTarget	1	80168
313.2811142849407	1.0	NonTarget	1	80200
313.4061142307901	1.0	NonTarget	1	80232
319.53111157740835	1.0	NonTarget	1	81800
319.6561115232577	1.0	NonTarget	1	81832
319.78111146910703	1.0	NonTarget	1	81864
319.9061114149564	1.0	NonTarget	1	81896
320.03111136080577	1.0	NonTarget	1	81928
320.15611130665513	1.0	NonTarget	1	81960
320.28111125250445	1.0	NonTarget	1	81992
320.4061111983538	1.0	NonTarget	1	82024
320.5311111442032	1.0	NonTarget	1	82056
320.65611109005255	1.0	NonTarget	1	82088
320.78111103590186	1.0	NonTarget	1	82120
320.9061109817512	1.0	NonTarget	1	82152
321.0311109276006	1.0	NonTarget	1	82184
321.15611087344996	1.0	NonTarget	1	82216
321.2811108192993	1.0	NonTarget	1	82248
321.40611076514864	1.0	NonTarget	1	82280
321.531110710998	1.0	NonTarget	1	82312
321.6561106568474	1.0	NonTarget	1	82344
321.7811106026967	1.0	NonTarget	1	82376
321.90611054854605	1.0	NonTarget	1	82408
322.0311104943954	1.0	NonTarget	1	82440
322.1561104402448	1.0	NonTarget	1	82472
322.2811103860941	1.0	NonTarget	1	82504
322.40611033194347	1.0	NonTarget	1	82536
322.53111027779283	1.0	NonTarget	1	82568
322.65611022364214	1.0	NonTarget	1	82600
322.7811101694915	1.0	NonTarget	1	82632
322.9061101153409	1.0	NonTarget	1	82664
323.03111006119025	1.0	NonTarget	1	82696
323.15611000703956	1.0	NonTarget	1	82728
323.2811099528889	1.0	NonTarget	1	82760
323.4061098987383	1.0	NonTarget	1	82792
323.53110984458766	1.0	NonTarget	1	82824
323.656109790437	1.0	NonTarget	1	82856
323.78110973628634	1.0	NonTarget	1	82888
323.9061096821357	1.0	NonTarget	1	82920
324.0311096279851	1.0	NonTarget	1	82952
324.1561095738344	1.0	NonTarget	1	82984
324.28110951968375	1.0	NonTarget	1	83016
324.4061094655331	1.0	NonTarget	1	83048
324.5311094113825	1.0	NonTarget	1	83080
324.6561093572318	1.0	NonTarget	1	83112
324.78110930308117	1.0	NonTarget	1	83144
324.90610924893053	1.0	NonTarget	1	83176
325.0311091947799	1.0	NonTarget	1	83208
325.1561091406292	1.0	NonTarget	1	83240
325.2811090864786	1.0	NonTarget	1	83272
325.40610903232795	1.0	NonTarget	1	83304
325.5311089781773	1.0	NonTarget	1	83336
325.6561089240266	1.0	NonTarget	1	83368
325.781108869876	1.0	NonTarget	1	83400
325.90610881572536	1.0	NonTarget	1	83432
326.0311087615747	1.0	NonTarget	1	83464
326.15610870742404	1.0	NonTarget	1	83496
326.2811086532734	1.0	NonTarget	1	83528
326.4061085991228	1.0	NonTarget	1	83560
326.5311085449721	1.0	NonTarget	1	83592
326.65610849082145	1.0	NonTarget	1	83624
326.7811084366708	1.0	NonTarget	1	83656
326.9061083825202	1.0	NonTarget	1	83688
327.0311083283695	1.0	NonTarget	1	83720
327.15610827421887	1.0	NonTarget	1	83752
327.28110822006823	1.0	NonTarget	1	83784
327.4061081659176	1.0	NonTarget	1	83816
327.5311081117669	1.0	NonTarget	1	83848
327.6561080576163	1.0	NonTarget	1	83880
327.78110800346565	1.0	NonTarget	1	83912
327.906107949315	1.0	NonTarget	1	83944
328.0311078951643	1.0	NonTarget	1	83976
328.1561078410137	1.0	NonTarget	1	84008
328.28110778686306	1.0	NonTarget	1	84040
328.4061077327124	1.0	NonTarget	1	84072
328.53110767856174	1.0	NonTarget	1	84104
328.6561076244111	1.0	NonTarget	1	84136
328.7811075702605	1.0	NonTarget	1	84168
328.90610751610984	1.0	NonTarget	1	84200
329.03110746195915	1.0	NonTarget	1	84232
329.1561074078085	1.0	NonTarget	1	84264
329.2811073536579	1.0	NonTarget	1	84296
329.40610729950725	1.0	NonTarget	1	84328
329.53110724535657	1.0	NonTarget	1	84360
329.65610719120593	1.0	NonTarget	1	84392
329.7811071370553	1.0	NonTarget	1	84424
329.90610708290467	1.0	NonTarget	1	84456
330.031107028754	1.0	NonTarget	1	84488
330.15610697460335	1.0	NonTarget	1	84520
330.2811069204527	1.0	NonTarget	1	84552
330.406106866302	1.0	NonTarget	1	84584
330.5311068121514	1.0	NonTarget	1	84616
330.65610675800076	1.0	NonTarget	1	84648
330.7811067038501	1.0	NonTarget	1	84680
330.90610664969944	1.0	NonTarget	1	84712
331.0311065955488	1.0	NonTarget	1	84744
331.1561065413982	1.0	NonTarget	1	84776
331.28110648724754	1.0	NonTarget	1	84808
331.40610643309685	1.0	NonTarget	1	84840
331.5311063789462	1.0	NonTarget	1	84872
331.6561063247956	1.0	NonTarget	1	84904
331.78110627064495	1.0	NonTarget	1	84936
331.90610621649427	1.0	NonTarget	1	84968
332.03110616234363	1.0	NonTarget	1	85000
332.156106108193	1.0	NonTarget	1	85032
332.28110605404237	1.0	NonTarget	1	85064
332.4061059998917	1.0	NonTarget	1	85096
332.53110594574105	1.0	NonTarget	1	85128
332.6561058915904	1.0	NonTarget	1	85160
332.7811058374398	1.0	NonTarget	1	85192
332.9061057832891	1.0	NonTarget	1	85224
333.03110572913846	1.0	NonTarget	1	85256
333.1561056749878	1.0	NonTarget	1	85288
333.2811056208372	1.0	NonTarget	1	85320
333.4061055666865	1.0	NonTarget	1	85352
333.5311055125359	1.0	NonTarget	1	85384
333.65610545838524	1.0	NonTarget	1	85416
333.7811054042346	1.0	NonTarget	1	85448
333.9061053500839	1.0	NonTarget	1	85480
334.0311052959333	1.0	NonTarget	1	85512
334.15610524178265	1.0	NonTarget	1	85544
334.28110518763197	1.0	NonTarget	1	85576
334.40610513348133	1.0	NonTarget	1	85608
340.53110248009966	1.0	NonTarget	1	87176
340.656102425949	1.0	NonTarget	1	87208
340.78110237179834	1.0	NonTarget	1	87240
340.9061023176477	1.0	NonTarget	1	87272
341.0311022634971	1.0	NonTarget	1	87304
341.1561022093464	1.0	NonTarget	1	87336
341.28110215519575	1.0	NonTarget	1	87368
341.4061021010451	1.0	NonTarget	1	87400
341.53110204689443	1.0	NonTarget	1	87432
341.6561019927438	1.0	NonTarget	1	87464
341.78110193859317	1.0	NonTarget	1	87496
341.90610188444253	1.0	NonTarget	1	87528
342.03110183029185	1.0	NonTarget	1	87560
342.1561017761412	1.0	NonTarget	1	87592
342.2811017219906	1.0	NonTarget	1	87624
342.40610166783995	1.0	NonTarget	1	87656
342.53110161368926	1.0	NonTarget	1	87688
342.6561015595386	1.0	NonTarget	1	87720
342.781101505388	1.0	NonTarget	1	87752
342.90610145123736	1.0	NonTarget	1	87784
343.0311013970867	1.0	NonTarget	1	87816
343.15610134293604	1.0	NonTarget	1	87848
343.2811012887854	1.0	NonTarget	1	87880
343.4061012346348	1.0	NonTarget	1	87912
343.5311011804841	1.0	NonTarget	1	87944
343.65610112633345	1.0	NonTarget	1	87976
343.7811010721828	1.0	NonTarget	1	88008
343.9061010180322	1.0	NonTarget	1	88040
344.0311009638815	1.0	NonTarget	1	88072
344.15610090973087	1.0	NonTarget	1	88104
344.28110085558023	1.0	NonTarget	1	88136
344.4061008014296	1.0	NonTarget	1	88168
344.5311007472789	1.0	NonTarget	1	88200
344.6561006931283	1.0	NonTarget	1	88232
344.78110063897765	1.0	NonTarget	1	88264
344.906100584827	1.0	NonTarget	1	88296
345.0311005306763	1.0	NonTarget	1	88328
345.1561004765257	1.0	NonTarget	1	88360
345.28110042237506	1.0	NonTarget	1	88392
345.4061003682244	1.0	NonTarget	1	88424
345.53110031407374	1.0	NonTarget	1	88456
345.6561002599231	1.0	NonTarget	1	88488
345.7811002057725	1.0	NonTarget	1	88520
345.9061001516218	1.0	NonTarget	1	88552
346.03110009747115	1.0	NonTarget	1	88584
346.1561000433205	1.0	NonTarget	1	88616
346.2810999891699	1.0	NonTarget	1	88648
346.4060999350192	1.0	NonTarget	1	88680
346.53109988086857	1.0	NonTarget	1	88712
346.65609982671793	1.0	NonTarget	1	88744
346.7810997725673	1.0	NonTarget	1	88776
346.9060997184166	1.0	NonTarget	1	88808
347.031099664266	1.0	NonTarget	1	88840
347.15609961011535	1.0	NonTarget	1	88872
347.2810995559647	1.0	NonTarget	1	88904
347.406099501814	1.0	NonTarget	1	88936
347.5310994476634	1.0	NonTarget	1	88968
347.65609939351276	1.0	NonTarget	1	89000
347.78109933936213	1.0	NonTarget	1	89032
347.90609928521144	1.0	NonTarget	1	89064
348.0310992310608	1.0	NonTarget	1	89096
348.1560991769102	1.0	NonTarget	1	89128
348.28109912275954	1.0	NonTarget	1	89160
348.40609906860885	1.0	NonTarget	1	89192
348.5310990144582	1.0	NonTarget	1	89224
348.6560989603076	1.0	NonTarget	1	89256
348.78109890615696	1.0	NonTarget	1	89288
348.90609885200627	1.0	NonTarget	1	89320
349.03109879785563	1.0	NonTarget	1	89352
349.156098743705	1.0	NonTarget	1	89384
349.2810986895543	1.0	NonTarget	1	89416
349.4060986354037	1.0	NonTarget	1	89448
349.53109858125305	1.0	NonTarget	1	89480
349.6560985271024	1.0	NonTarget	1	89512
349.7810984729517	1.0	NonTarget	1	89544
349.9060984188011	1.0	NonTarget	1	89576
350.03109836465046	1.0	NonTarget	1	89608
350.15609831049983	1.0	NonTarget	1	89640
350.28109825634914	1.0	NonTarget	1	89672
350.4060982021985	1.0	NonTarget	1	89704
350.5310981480479	1.0	NonTarget	1	89736
350.65609809389724	1.0	NonTarget	1	89768
350.78109803974655	1.0	NonTarget	1	89800
350.9060979855959	1.0	NonTarget	1	89832
351.0310979314453	1.0	NonTarget	1	89864
351.15609787729466	1.0	NonTarget	1	89896
351.28109782314397	1.0	NonTarget	1	89928
351.40609776899333	1.0	NonTarget	1	89960
351.5310977148427	1.0	NonTarget	1	89992
351.65609766069207	1.0	NonTarget	1	90024
351.7810976065414	1.0	NonTarget	1	90056
351.90609755239075	1.0	NonTarget	1	90088
352.0310974982401	1.0	NonTarget	1	90120
352.1560974440895	1.0	NonTarget	1	90152
352.2810973899388	1.0	NonTarget	1	90184
352.40609733578816	1.0	NonTarget	1	90216
352.5310972816375	1.0	NonTarget	1	90248
352.6560972274869	1.0	NonTarget	1	90280
352.7810971733362	1.0	NonTarget	1	90312
352.9060971191856	1.0	NonTarget	1	90344
353.03109706503494	1.0	NonTarget	1	90376
353.15609701088425	1.0	NonTarget	1	90408
353.2810969567336	1.0	NonTarget	1	90440
353.406096902583	1.0	NonTarget	1	90472
353.53109684843236	1.0	NonTarget	1	90504
353.65609679428167	1.0	NonTarget	1	90536
353.78109674013103	1.0	NonTarget	1	90568
353.9060966859804	1.0	NonTarget	1	90600
354.03109663182977	1.0	NonTarget	1	90632
354.1560965776791	1.0	NonTarget	1	90664
354.28109652352845	1.0	NonTarget	1	90696
354.4060964693778	1.0	NonTarget	1	90728
354.5310964152272	1.0	NonTarget	1	90760
354.6560963610765	1.0	NonTarget	1	90792
354.78109630692586	1.0	NonTarget	1	90824
354.9060962527752	1.0	NonTarget	1	90856
355.0310961986246	1.0	NonTarget	1	90888
355.1560961444739	1.0	NonTarget	1	90920
355.2810960903233	1.0	NonTarget	1	90952
355.40609603617264	1.0	NonTarget	1	90984
361.5310933827909	1.0	NonTarget	1	92552
361.6560933286403	1.0	NonTarget	1	92584
361.78109327448965	1.0	NonTarget	1	92616
361.90609322033896	1.0	NonTarget	1	92648
362.0310931661883	1.0	NonTarget	1	92680
362.1560931120377	1.0	NonTarget	1	92712
362.28109305788706	1.0	NonTarget	1	92744
362.4060930037364	1.0	NonTarget	1	92776
362.53109294958574	1.0	NonTarget	1	92808
362.6560928954351	1.0	NonTarget	1	92840
362.7810928412845	1.0	NonTarget	1	92872
362.9060927871338	1.0	NonTarget	1	92904
363.03109273298315	1.0	NonTarget	1	92936
363.1560926788325	1.0	NonTarget	1	92968
363.2810926246819	1.0	NonTarget	1	93000
363.4060925705312	1.0	NonTarget	1	93032
363.53109251638057	1.0	NonTarget	1	93064
363.65609246222994	1.0	NonTarget	1	93096
363.7810924080793	1.0	NonTarget	1	93128
363.9060923539286	1.0	NonTarget	1	93160
364.031092299778	1.0	NonTarget	1	93192
364.15609224562735	1.0	NonTarget	1	93224
364.28109219147666	1.0	NonTarget	1	93256
364.406092137326	1.0	NonTarget	1	93288
364.5310920831754	1.0	NonTarget	1	93320
364.65609202902476	1.0	NonTarget	1	93352
364.7810919748741	1.0	NonTarget	1	93384
364.90609192072344	1.0	NonTarget	1	93416
365.0310918665728	1.0	NonTarget	1	93448
365.1560918124222	1.0	NonTarget	1	93480
365.2810917582715	1.0	NonTarget	1	93512
365.40609170412085	1.0	NonTarget	1	93544
365.5310916499702	1.0	NonTarget	1	93576
365.6560915958196	1.0	NonTarget	1	93608
365.7810915416689	1.0	NonTarget	1	93640
365.90609148751827	1.0	NonTarget	1	93672
366.03109143336764	1.0	NonTarget	1	93704
366.156091379217	1.0	NonTarget	1	93736
366.2810913250663	1.0	NonTarget	1	93768
366.4060912709157	1.0	NonTarget	1	93800
366.53109121676505	1.0	NonTarget	1	93832
366.6560911626144	1.0	NonTarget	1	93864
366.7810911084637	1.0	NonTarget	1	93896
366.9060910543131	1.0	NonTarget	1	93928
367.03109100016246	1.0	NonTarget	1	93960
367.15609094601183	1.0	NonTarget	1	93992
367.28109089186114	1.0	NonTarget	1	94024
367.4060908377105	1.0	NonTarget	1	94056
367.5310907835599	1.0	NonTarget	1	94088
367.65609072940924	1.0	NonTarget	1	94120
367.78109067525855	1.0	NonTarget	1	94152
367.9060906211079	1.0	NonTarget	1	94184
368.0310905669573	1.0	NonTarget	1	94216
368.1560905128066	1.0	NonTarget	1	94248
368.28109045865597	1.0	NonTarget	1	94280
368.40609040450533	1.0	NonTarget	1	94312
368.5310903503547	1.0	NonTarget	1	94344
368.656090296204	1.0	NonTarget	1	94376
368.7810902420534	1.0	NonTarget	1	94408
368.90609018790275	1.0	NonTarget	1	94440
369.0310901337521	1.0	NonTarget	1	94472
369.1560900796014	1.0	NonTarget	1	94504
369.2810900254508	1.0	NonTarget	1	94536
369.40608997130016	1.0	NonTarget	1	94568
369.53108991714953	1.0	NonTarget	1	94600
369.65608986299884	1.0	NonTarget	1	94632
369.7810898088482	1.0	NonTarget	1	94664
369.9060897546976	1.0	NonTarget	1	94696
370.03108970054694	1.0	NonTarget	1	94728
370.15608964639625	1.0	NonTarget	1	94760
370.2810895922456	1.0	NonTarget	1	94792
370.406089538095	1.0	NonTarget	1	94824
370.53108948394436	1.0	NonTarget	1	94856
370.65608942979367	1.0	NonTarget	1	94888
370.78108937564303	1.0	NonTarget	1	94920
370.9060893214924	1.0	NonTarget	1	94952
371.03108926734177	1.0	NonTarget	1	94984
371.1560892131911	1.0	NonTarget	1	95016
371.28108915904045	1.0	NonTarget	1	95048
371.4060891048898	1.0	NonTarget	1	95080
371.5310890507392	1.0	NonTarget	1	95112
371.6560889965885	1.0	NonTarget	1	95144
371.78108894243786	1.0	NonTarget	1	95176
371.90608888828723	1.0	NonTarget	1	95208
372.03108883413654	1.0	NonTarget	1	95240
372.1560887799859	1.0	NonTarget	1	95272
372.2810887258353	1.0	NonTarget	1	95304
372.40608867168464	1.0	NonTarget	1	95336
372.53108861753395	1.0	NonTarget	1	95368
372.6560885633833	1.0	NonTarget	1	95400
372.7810885092327	1.0	NonTarget	1	95432
372.90608845508206	1.0	NonTarget	1	95464
373.03108840093137	1.0	NonTarget	1	95496
373.15608834678073	1.0	NonTarget	1	95528
373.2810882926301	1.0	NonTarget	1	95560
373.40608823847947	1.0	NonTarget	1	95592
373.5310881843288	1.0	NonTarget	1	95624
373.65608813017815	1.0	NonTarget	1	95656
373.7810880760275	1.0	NonTarget	1	95688
373.9060880218769	1.0	NonTarget	1	95720
374.0310879677262	1.0	NonTarget	1	95752
374.15608791357556	1.0	NonTarget	1	95784
374.28108785942493	1.0	NonTarget	1	95816
374.4060878052743	1.0	NonTarget	1	95848
374.5310877511236	1.0	NonTarget	1	95880
374.656087696973	1.0	NonTarget	1	95912
374.78108764282234	1.0	NonTarget	1	95944
374.9060875886717	1.0	NonTarget	1	95976
375.031087534521	1.0	NonTarget	1	96008
375.1560874803704	1.0	NonTarget	1	96040
375.28108742621976	1.0	NonTarget	1	96072
375.4060873720691	1.0	NonTarget	1	96104
375.53108731791843	1.0	NonTarget	1	96136
375.6560872637678	1.0	NonTarget	1	96168
375.78108720961717	1.0	NonTarget	1	96200
375.9060871554665	1.0	NonTarget	1	96232
376.03108710131585	1.0	NonTarget	1	96264
376.1560870471652	1.0	NonTarget	1	96296
376.2810869930146	1.0	NonTarget	1	96328
376.4060869388639	1.0	NonTarget	1	96360
382.5310842854822	1.0	NonTarget	1	97928
382.6560842313316	1.0	NonTarget	1	97960
382.7810841771809	1.0	NonTarget	1	97992
382.90608412303027	1.0	NonTarget	1	98024
383.03108406887964	1.0	NonTarget	1	98056
383.156084014729	1.0	NonTarget	1	98088
383.2810839605783	1.0	NonTarget	1	98120
383.4060839064277	1.0	NonTarget	1	98152
383.53108385227705	1.0	NonTarget	1	98184
383.65608379812636	1.0	NonTarget	1	98216
383.7810837439757	1.0	NonTarget	1	98248
383.9060836898251	1.0	NonTarget	1	98280
384.03108363567446	1.0	NonTarget	1	98312
384.1560835815238	1.0	NonTarget	1	98344
384.28108352737314	1.0	NonTarget	1	98376
384.4060834732225	1.0	NonTarget	1	98408
384.5310834190719	1.0	NonTarget	1	98440
384.6560833649212	1.0	NonTarget	1	98472
384.78108331077055	1.0	NonTarget	1	98504
384.9060832566199	1.0	NonTarget	1	98536
385.0310832024693	1.0	NonTarget	1	98568
385.1560831483186	1.0	NonTarget	1	98600
385.28108309416797	1.0	NonTarget	1	98632
385.40608304001734	1.0	NonTarget	1	98664
385.5310829858667	1.0	NonTarget	1	98696
385.656082931716	1.0	NonTarget	1	98728
385.7810828775654	1.0	NonTarget	1	98760
385.90608282341475	1.0	NonTarget	1	98792
386.0310827692641	1.0	NonTarget	1	98824
386.1560827151134	1.0	NonTarget	1	98856
386.2810826609628	1.0	NonTarget	1	98888
386.40608260681216	1.0	NonTarget	1	98920
386.53108255266153	1.0	NonTarget	1	98952
386.65608249851084	1.0	NonTarget	1	98984
386.7810824443602	1.0	NonTarget	1	99016
386.9060823902096	1.0	NonTarget	1	99048
387.03108233605894	1.0	NonTarget	1	99080
387.15608228190825	1.0	NonTarget	1	99112
387.2810822277576	1.0	NonTarget	1	99144
387.406082173607	1.0	NonTarget	1	99176
387.5310821194563	1.0	NonTarget	1	99208
387.65608206530567	1.0	NonTarget	1	99240
387.78108201115504	1.0	NonTarget	1	99272
387.9060819570044	1.0	NonTarget	1	99304
388.0310819028537	1.0	NonTarget	1	99336
388.1560818487031	1.0	NonTarget	1	99368
388.28108179455245	1.0	NonTarget	1	99400
388.4060817404018	1.0	NonTarget	1	99432
388.5310816862511	1.0	NonTarget	1	99464
388.6560816321005	1.0	NonTarget	1	99496
388.78108157794986	1.0	NonTarget	1	99528
388.90608152379923	1.0	NonTarget	1	99560
389.03108146964854	1.0	NonTarget	1	99592
389.1560814154979	1.0	NonTarget	1	99624
389.2810813613473	1.0	NonTarget	1	99656
389.40608130719664	1.0	NonTarget	1	99688
389.53108125304595	1.0	NonTarget	1	99720
389.6560811988953	1.0	NonTarget	1	99752
389.7810811447447	1.0	NonTarget	1	99784
389.90608109059406	1.0	NonTarget	1	99816
390.03108103644337	1.0	NonTarget	1	99848
390.15608098229274	1.0	NonTarget	1	99880
390.2810809281421	1.0	NonTarget	1	99912
390.40608087399147	1.0	NonTarget	1	99944
390.5310808198408	1.0	NonTarget	1	99976
390.65608076569015	1.0	NonTarget	1	100008
390.7810807115395	1.0	NonTarget	1	100040
390.9060806573888	1.0	NonTarget	1	100072
391.0310806032382	1.0	NonTarget	1	100104
391.15608054908756	1.0	NonTarget	1	100136
391.28108049493693	1.0	NonTarget	1	100168
391.40608044078624	1.0	NonTarget	1	100200
391.5310803866356	1.0	NonTarget	1	100232
391.656080332485	1.0	NonTarget	1	100264
391.78108027833434	1.0	NonTarget	1	100296
391.90608022418365	1.0	NonTarget	1	100328
392.031080170033	1.0	NonTarget	1	100360
392.1560801158824	1.0	NonTarget	1	100392
392.28108006173176	1.0	NonTarget	1	100424
392.40608000758107	1.0	NonTarget	1	100456
392.53107995343044	1.0	NonTarget	1	100488
392.6560798992798	1.0	NonTarget	1	100520
392.78107984512917	1.0	NonTarget	1	100552
392.9060797909785	1.0	NonTarget	1	100584
393.03107973682785	1.0	NonTarget	1	100616
393.1560796826772	1.0	NonTarget	1	100648
393.2810796285266	1.0	NonTarget	1	100680
393.4060795743759	1.0	NonTarget	1	100712
393.53107952022526	1.0	NonTarget	1	100744
393.65607946607463	1.0	NonTarget	1	100776
393.781079411924	1.0	NonTarget	1	100808
393.9060793577733	1.0	NonTarget	1	100840
394.0310793036227	1.0	NonTarget	1	100872
394.15607924947204	1.0	NonTarget	1	100904
394.2810791953214	1.0	NonTarget	1	100936
394.4060791411707	1.0	NonTarget	1	100968
394.5310790870201	1.0	NonTarget	1	101000
394.65607903286946	1.0	NonTarget	1	101032
394.78107897871877	1.0	NonTarget	1	101064
394.90607892456813	1.0	NonTarget	1	101096
395.0310788704175	1.0	NonTarget	1	101128
395.15607881626687	1.0	NonTarget	1	101160
395.2810787621162	1.0	NonTarget	1	101192
395.40607870796555	1.0	NonTarget	1	101224
395.5310786538149	1.0	NonTarget	1	101256
395.6560785996643	1.0	NonTarget	1	101288
395.7810785455136	1.0	NonTarget	1	101320
395.90607849136296	1.0	NonTarget	1	101352
396.03107843721233	1.0	NonTarget	1	101384
396.1560783830617	1.0	NonTarget	1	101416
396.281078328911	1.0	NonTarget	1	101448
396.4060782747604	1.0	NonTarget	1	101480
396.53107822060974	1.0	NonTarget	1	101512
396.6560781664591	1.0	NonTarget	1	101544
396.7810781123084	1.0	NonTarget	1	101576
396.9060780581578	1.0	NonTarget	1	101608
397.03107800400716	1.0	NonTarget	1	101640
397.1560779498565	1.0	NonTarget	1	101672
397.28107789570583	1.0	NonTarget	1	101704
397.4060778415552	1.0	NonTarget	1	101736
403.5310751881735	1.0	NonTarget	1	103304
403.65607513402284	1.0	NonTarget	1	103336
403.7810750798722	1.0	NonTarget	1	103368
403.9060750257216	1.0	NonTarget	1	103400
404.0310749715709	1.0	NonTarget	1	103432
404.15607491742026	1.0	NonTarget	1	103464
404.2810748632696	1.0	NonTarget	1	103496
404.406074809119	1.0	NonTarget	1	103528
404.5310747549683	1.0	NonTarget	1	103560
404.65607470081767	1.0	NonTarget	1	103592
404.78107464666704	1.0	NonTarget	1	103624
404.9060745925164	1.0	NonTarget	1	103656
405.0310745383657	1.0	NonTarget	1	103688
405.1560744842151	1.0	NonTarget	1	103720
405.28107443006445	1.0	NonTarget	1	103752
405.4060743759138	1.0	NonTarget	1	103784
405.5310743217631	1.0	NonTarget	1	103816
405.6560742676125	1.0	NonTarget	1	103848
405.78107421346186	1.0	NonTarget	1	103880
405.90607415931123	1.0	NonTarget	1	103912
406.03107410516054	1.0	NonTarget	1	103944
406.1560740510099	1.0	NonTarget	1	103976
406.2810739968593	1.0	NonTarget	1	104008
406.4060739427086	1.0	NonTarget	1	104040
406.53107388855796	1.0	NonTarget	1	104072
406.6560738344073	1.0	NonTarget	1	104104
406.7810737802567	1.0	NonTarget	1	104136
406.906073726106	1.0	NonTarget	1	104168
407.03107367195537	1.0	NonTarget	1	104200
407.15607361780474	1.0	NonTarget	1	104232
407.2810735636541	1.0	NonTarget	1	104264
407.4060735095034	1.0	NonTarget	1	104296
407.5310734553528	1.0	NonTarget	1	104328
407.65607340120215	1.0	NonTarget	1	104360
407.7810733470515	1.0	NonTarget	1	104392
407.9060732929008	1.0	NonTarget	1	104424
408.0310732387502	1.0	NonTarget	1	104456
408.15607318459956	1.0	NonTarget	1	104488
408.28107313044893	1.0	NonTarget	1	104520
408.40607307629824	1.0	NonTarget	1	104552
408.5310730221476	1.0	NonTarget	1	104584
408.656072967997	1.0	NonTarget	1	104616
408.78107291384634	1.0	NonTarget	1	104648
408.90607285969566	1.0	NonTarget	1	104680
409.031072805545	1.0	NonTarget	1	104712
409.1560727513944	1.0	NonTarget	1	104744
409.28107269724376	1.0	NonTarget	1	104776
409.40607264309307	1.0	NonTarget	1	104808
409.53107258894244	1.0	NonTarget	1	104840
409.6560725347918	1.0	NonTarget	1	104872
409.78107248064117	1.0	NonTarget	1	104904
409.9060724264905	1.0	NonTarget	1	104936
410.03107237233985	1.0	NonTarget	1	104968
410.1560723181892	1.0	NonTarget	1	105000
410.2810722640385	1.0	NonTarget	1	105032
410.4060722098879	1.0	NonTarget	1	105064
410.53107215573726	1.0	NonTarget	1	105096
410.65607210158663	1.0	NonTarget	1	105128
410.78107204743594	1.0	NonTarget	1	105160
410.9060719932853	1.0	NonTarget	1	105192
411.0310719391347	1.0	NonTarget	1	105224
411.15607188498404	1.0	NonTarget	1	105256
411.28107183083335	1.0	NonTarget	1	105288
411.4060717766827	1.0	NonTarget	1	105320
411.5310717225321	1.0	NonTarget	1	105352
411.65607166838146	1.0	NonTarget	1	105384
411.78107161423077	1.0	NonTarget	1	105416
411.90607156008014	1.0	NonTarget	1	105448
412.0310715059295	1.0	NonTarget	1	105480
412.15607145177887	1.0	NonTarget	1	105512
412.2810713976282	1.0	NonTarget	1	105544
412.40607134347755	1.0	NonTarget	1	105576
412.5310712893269	1.0	NonTarget	1	105608
412.6560712351763	1.0	NonTarget	1	105640
412.7810711810256	1.0	NonTarget	1	105672
412.90607112687496	1.0	NonTarget	1	105704
413.03107107272433	1.0	NonTarget	1	105736
413.1560710185737	1.0	NonTarget	1	105768
413.281070964423	1.0	NonTarget	1	105800
413.4060709102724	1.0	NonTarget	1	105832
413.53107085612174	1.0	NonTarget	1	105864
413.6560708019711	1.0	NonTarget	1	105896
413.7810707478204	1.0	NonTarget	1	105928
413.9060706936698	1.0	NonTarget	1	105960
414.03107063951916	1.0	NonTarget	1	105992
414.15607058536847	1.0	NonTarget	1	106024
414.28107053121784	1.0	NonTarget	1	106056
414.4060704770672	1.0	NonTarget	1	106088
414.53107042291657	1.0	NonTarget	1	106120
414.6560703687659	1.0	NonTarget	1	106152
414.78107031461525	1.0	NonTarget	1	106184
414.9060702604646	1.0	NonTarget	1	106216
415.031070206314	1.0	NonTarget	1	106248
415.1560701521633	1.0	NonTarget	1	106280
415.28107009801266	1.0	NonTarget	1	106312
415.40607004386203	1.0	NonTarget	1	106344
415.5310699897114	1.0	NonTarget	1	106376
415.6560699355607	1.0	NonTarget	1	106408
415.7810698814101	1.0	NonTarget	1	106440
415.90606982725944	1.0	NonTarget	1	106472
416.0310697731088	1.0	NonTarget	1	106504
416.1560697189581	1.0	NonTarget	1	106536
416.2810696648075	1.0	NonTarget	1	106568
416.40606961065686	1.0	NonTarget	1	106600
416.5310695565062	1.0	NonTarget	1	106632
416.65606950235554	1.0	NonTarget	1	106664
416.7810694482049	1.0	NonTarget	1	106696
416.90606939405427	1.0	NonTarget	1	106728
417.03106933990364	1.0	NonTarget	1	106760
417.15606928575295	1.0	NonTarget	1	106792
417.2810692316023	1.0	NonTarget	1	106824
417.4060691774517	1.0	NonTarget	1	106856
417.531069123301	1.0	NonTarget	1	106888
417.65606906915036	1.0	NonTarget	1	106920
417.78106901499973	1.0	NonTarget	1	106952
417.9060689608491	1.0	NonTarget	1	106984
418.0310689066984	1.0	NonTarget	1	107016
418.1560688525478	1.0	NonTarget	1	107048
418.28106879839714	1.0	NonTarget	1	107080
418.4060687442465	1.0	NonTarget	1	107112
424.5310660908648	1.0	NonTarget	1	108680
424.65606603671415	1.0	NonTarget	1	108712
424.7810659825635	1.0	NonTarget	1	108744
424.90606592841283	1.0	NonTarget	1	108776
425.0310658742622	1.0	NonTarget	1	108808
425.15606582011156	1.0	NonTarget	1	108840
425.2810657659609	1.0	NonTarget	1	108872
425.40606571181024	1.0	NonTarget	1	108904
425.5310656576596	1.0	NonTarget	1	108936
425.656065603509	1.0	NonTarget	1	108968
425.7810655493583	1.0	NonTarget	1	109000
425.90606549520766	1.0	NonTarget	1	109032
426.031065441057	1.0	NonTarget	1	109064
426.1560653869064	1.0	NonTarget	1	109096
426.2810653327557	1.0	NonTarget	1	109128
426.40606527860507	1.0	NonTarget	1	109160
426.53106522445444	1.0	NonTarget	1	109192
426.6560651703038	1.0	NonTarget	1	109224
426.7810651161531	1.0	NonTarget	1	109256
426.9060650620025	1.0	NonTarget	1	109288
427.03106500785185	1.0	NonTarget	1	109320
427.1560649537012	1.0	NonTarget	1	109352
427.28106489955053	1.0	NonTarget	1	109384
427.4060648453999	1.0	NonTarget	1	109416
427.53106479124926	1.0	NonTarget	1	109448
427.65606473709863	1.0	NonTarget	1	109480
427.78106468294794	1.0	NonTarget	1	109512
427.9060646287973	1.0	NonTarget	1	109544
428.0310645746467	1.0	NonTarget	1	109576
428.15606452049605	1.0	NonTarget	1	109608
428.28106446634536	1.0	NonTarget	1	109640
428.4060644121947	1.0	NonTarget	1	109672
428.5310643580441	1.0	NonTarget	1	109704
428.65606430389346	1.0	NonTarget	1	109736
428.78106424974277	1.0	NonTarget	1	109768
428.90606419559214	1.0	NonTarget	1	109800
429.0310641414415	1.0	NonTarget	1	109832
429.1560640872908	1.0	NonTarget	1	109864
429.2810640331402	1.0	NonTarget	1	109896
429.40606397898955	1.0	NonTarget	1	109928
429.5310639248389	1.0	NonTarget	1	109960
429.65606387068823	1.0	NonTarget	1	109992
429.7810638165376	1.0	NonTarget	1	110024
429.90606376238696	1.0	NonTarget	1	110056
430.03106370823633	1.0	NonTarget	1	110088
430.15606365408564	1.0	NonTarget	1	110120
430.281063599935	1.0	NonTarget	1	110152
430.4060635457844	1.0	NonTarget	1	110184
430.53106349163374	1.0	NonTarget	1	110216
430.65606343748306	1.0	NonTarget	1	110248
430.7810633833324	1.0	NonTarget	1	110280
430.9060633291818	1.0	NonTarget	1	110312
431.03106327503116	1.0	NonTarget	1	110344
431.15606322088047	1.0	NonTarget	1	110376
431.28106316672984	1.0	NonTarget	1	110408
431.4060631125792	1.0	NonTarget	1	110440
431.5310630584286	1.0	NonTarget	1	110472
431.6560630042779	1.0	NonTarget	1	110504
431.78106295012725	1.0	NonTarget	1	110536
431.9060628959766	1.0	NonTarget	1	110568
432.031062841826	1.0	NonTarget	1	110600
432.1560627876753	1.0	NonTarget	1	110632
432.28106273352466	1.0	NonTarget	1	110664
432.40606267937403	1.0	NonTarget	1	110696
432.5310626252234	1.0	NonTarget	1	110728
432.6560625710727	1.0	NonTarget	1	110760
432.7810625169221	1.0	NonTarget	1	110792
432.90606246277144	1.0	NonTarget	1	110824
433.03106240862076	1.0	NonTarget	1	110856
433.1560623544701	1.0	NonTarget	1	110888
433.2810623003195	1.0	NonTarget	1	110920
433.40606224616886	1.0	NonTarget	1	110952
433.53106219201817	1.0	NonTarget	1	110984
433.65606213786754	1.0	NonTarget	1	111016
433.7810620837169	1.0	NonTarget	1	111048
433.90606202956627	1.0	NonTarget	1	111080
434.0310619754156	1.0	NonTarget	1	111112
434.15606192126495	1.0	NonTarget	1	111144
434.2810618671143	1.0	NonTarget	1	111176
434.4060618129637	1.0	NonTarget	1	111208
434.531061758813	1.0	NonTarget	1	111240
434.65606170466236	1.0	NonTarget	1	111272
434.78106165051173	1.0	NonTarget	1	111304
434.9060615963611	1.0	NonTarget	1	111336
435.0310615422104	1.0	NonTarget	1	111368
435.1560614880598	1.0	NonTarget	1	111400
435.28106143390914	1.0	NonTarget	1	111432
435.4060613797585	1.0	NonTarget	1	111464
435.5310613256078	1.0	NonTarget	1	111496
435.6560612714572	1.0	NonTarget	1	111528
435.78106121730656	1.0	NonTarget	1	111560
435.9060611631559	1.0	NonTarget	1	111592
436.03106110900524	1.0	NonTarget	1	111624
436.1560610548546	1.0	NonTarget	1	111656
436.28106100070397	1.0	NonTarget	1	111688
436.40606094655334	1.0	NonTarget	1	111720
436.53106089240265	1.0	NonTarget	1	111752
436.656060838252	1.0	NonTarget	1	111784
436.7810607841014	1.0	NonTarget	1	111816
436.9060607299507	1.0	NonTarget	1	111848
437.03106067580006	1.0	NonTarget	1	111880
437.15606062164943	1.0	NonTarget	1	111912
437.2810605674988	1.0	NonTarget	1	111944
437.4060605133481	1.0	NonTarget	1	111976
437.5310604591975	1.0	NonTarget	1	112008
437.65606040504684	1.0	NonTarget	1	112040
437.7810603508962	1.0	NonTarget	1	112072
437.9060602967455	1.0	NonTarget	1	112104
438.0310602425949	1.0	NonTarget	1	112136
438.15606018844426	1.0	NonTarget	1	112168
438.2810601342936	1.0	NonTarget	1	112200
438.40606008014294	1.0	NonTarget	1	112232
438.5310600259923	1.0	NonTarget	1	112264
438.65605997184167	1.0	NonTarget	1	112296
438.78105991769104	1.0	NonTarget	1	112328
438.90605986354035	1.0	NonTarget	1	112360
439.0310598093897	1.0	NonTarget	1	112392
439.1560597552391	1.0	NonTarget	1	112424
439.28105970108845	1.0	NonTarget	1	112456
439.40605964693776	1.0	NonTarget	1	112488
445.5310569935561	1.0	NonTarget	1	114056
445.6560569394054	1.0	NonTarget	1	114088
445.78105688525477	1.0	NonTarget	1	114120
445.90605683110414	1.0	NonTarget	1	114152
446.0310567769535	1.0	NonTarget	1	114184
446.1560567228028	1.0	NonTarget	1	114216
446.2810566686522	1.0	NonTarget	1	114248
446.40605661450155	1.0	NonTarget	1	114280
446.5310565603509	1.0	NonTarget	1	114312
446.65605650620023	1.0	NonTarget	1	114344
446.7810564520496	1.0	NonTarget	1	114376
446.90605639789896	1.0	NonTarget	1	114408
447.03105634374833	1.0	NonTarget	1	114440
447.15605628959764	1.0	NonTarget	1	114472
447.281056235447	1.0	NonTarget	1	114504
447.4060561812964	1.0	NonTarget	1	114536
447.53105612714575	1.0	NonTarget	1	114568
447.65605607299506	1.0	NonTarget	1	114600
447.7810560188444	1.0	NonTarget	1	114632
447.9060559646938	1.0	NonTarget	1	114664
448.0310559105431	1.0	NonTarget	1	114696
448.15605585639247	1.0	NonTarget	1	114728
448.28105580224184	1.0	NonTarget	1	114760
448.4060557480912	1.0	NonTarget	1	114792
448.5310556939405	1.0	NonTarget	1	114824
448.6560556397899	1.0	NonTarget	1	114856
448.78105558563925	1.0	NonTarget	1	114888
448.9060555314886	1.0	NonTarget	1	114920
449.03105547733793	1.0	NonTarget	1	114952
449.1560554231873	1.0	NonTarget	1	114984
449.28105536903666	1.0	NonTarget	1	115016
449.40605531488603	1.0	NonTarget	1	115048
449.53105526073534	1.0	NonTarget	1	115080
449.6560552065847	1.0	NonTarget	1	115112
449.7810551524341	1.0	NonTarget	1	115144
449.90605509828345	1.0	NonTarget	1	115176
450.03105504413276	1.0	NonTarget	1	115208
450.1560549899821	1.0	NonTarget	1	115240
450.2810549358315	1.0	NonTarget	1	115272
450.40605488168086	1.0	NonTarget	1	115304
450.53105482753017	1.0	NonTarget	1	115336
450.65605477337954	1.0	NonTarget	1	115368
450.7810547192289	1.0	NonTarget	1	115400
450.9060546650783	1.0	NonTarget	1	115432
451.0310546109276	1.0	NonTarget	1	115464
451.15605455677695	1.0	NonTarget	1	115496
451.2810545026263	1.0	NonTarget	1	115528
451.4060544484757	1.0	NonTarget	1	115560
451.531054394325	1.0	NonTarget	1	115592
451.65605434017436	1.0	NonTarget	1	115624
451.78105428602373	1.0	NonTarget	1	115656
451.90605423187304	1.0	NonTarget	1	115688
452.0310541777224	1.0	NonTarget	1	115720
452.1560541235718	1.0	NonTarget	1	115752
452.28105406942115	1.0	NonTarget	1	115784
452.40605401527046	1.0	NonTarget	1	115816
452.5310539611198	1.0	NonTarget	1	115848
452.6560539069692	1.0	NonTarget	1	115880
452.78105385281856	1.0	NonTarget	1	115912
452.90605379866787	1.0	NonTarget	1	115944
453.03105374451724	1.0	NonTarget	1	115976
453.1560536903666	1.0	NonTarget	1	116008
453.281053636216	1.0	NonTarget	1	116040
453.4060535820653	1.0	NonTarget	1	116072
453.53105352791465	1.0	NonTarget	1	116104
453.656053473764	1.0	NonTarget	1	116136
453.7810534196134	1.0	NonTarget	1	116168
453.9060533654627	1.0	NonTarget	1	116200
454.03105331131206	1.0	NonTarget	1	116232
454.15605325716143	1.0	NonTarget	1	116264
454.2810532030108	1.0	NonTarget	1	116296
454.4060531488601	1.0	NonTarget	1	116328
454.5310530947095	1.0	NonTarget	1	116360
454.65605304055885	1.0	NonTarget	1	116392
454.7810529864082	1.0	NonTarget	1	116424
454.9060529322575	1.0	NonTarget	1	116456
455.0310528781069	1.0	NonTarget	1	116488
455.15605282395626	1.0	NonTarget	1	116520
455.2810527698056	1.0	NonTarget	1	116552
455.40605271565494	1.0	NonTarget	1	116584
455.5310526615043	1.0	NonTarget	1	116616
455.6560526073537	1.0	NonTarget	1	116648
455.781052553203	1.0	NonTarget	1	116680
455.90605249905235	1.0	NonTarget	1	116712
456.0310524449017	1.0	NonTarget	1	116744
456.1560523907511	1.0	NonTarget	1	116776
456.2810523366004	1.0	NonTarget	1	116808
456.40605228244976	1.0	NonTarget	1	116840
456.53105222829913	1.0	NonTarget	1	116872
456.6560521741485	1.0	NonTarget	1	116904
456.7810521199978	1.0	NonTarget	1	116936
456.9060520658472	1.0	NonTarget	1	116968
457.03105201169654	1.0	NonTarget	1	117000
457.1560519575459	1.0	NonTarget	1	117032
457.2810519033952	1.0	NonTarget	1	117064
457.4060518492446	1.0	NonTarget	1	117096
457.53105179509396	1.0	NonTarget	1	117128
457.6560517409433	1.0	NonTarget	1	117160
457.78105168679264	1.0	NonTarget	1	117192
457.906051632642	1.0	NonTarget	1	117224
458.0310515784914	1.0	NonTarget	1	117256
458.15605152434074	1.0	NonTarget	1	117288
458.28105147019005	1.0	NonTarget	1	117320
458.4060514160394	1.0	NonTarget	1	117352
458.5310513618888	1.0	NonTarget	1	117384
458.65605130773815	1.0	NonTarget	1	117416
458.78105125358746	1.0	NonTarget	1	117448
458.90605119943683	1.0	NonTarget	1	117480
459.0310511452862	1.0	NonTarget	1	117512
459.15605109113557	1.0	NonTarget	1	117544
459.2810510369849	1.0	NonTarget	1	117576
459.40605098283424	1.0	NonTarget	1	117608
459.5310509286836	1.0	NonTarget	1	117640
459.6560508745329	1.0	NonTarget	1	117672
459.7810508203823	1.0	NonTarget	1	117704
459.90605076623166	1.0	NonTarget	1	117736
460.031050712081	1.0	NonTarget	1	117768
460.15605065793034	1.0	NonTarget	1	117800
460.2810506037797	1.0	NonTarget	1	117832
460.4060505496291	1.0	NonTarget	1	117864
466.53104789624734	1.0	NonTarget	1	119432
466.6560478420967	1.0	NonTarget	1	119464
466.7810477879461	1.0	NonTarget	1	119496
466.90604773379545	1.0	NonTarget	1	119528
467.03104767964476	1.0	NonTarget	1	119560
467.1560476254941	1.0	NonTarget	1	119592
467.2810475713435	1.0	NonTarget	1	119624
467.4060475171928	1.0	NonTarget	1	119656
467.53104746304217	1.0	NonTarget	1	119688
467.65604740889154	1.0	NonTarget	1	119720
467.7810473547409	1.0	NonTarget	1	119752
467.9060473005902	1.0	NonTarget	1	119784
468.0310472464396	1.0	NonTarget	1	119816
468.15604719228895	1.0	NonTarget	1	119848
468.2810471381383	1.0	NonTarget	1	119880
468.40604708398763	1.0	NonTarget	1	119912
468.531047029837	1.0	NonTarget	1	119944
468.65604697568637	1.0	NonTarget	1	119976
468.78104692153573	1.0	NonTarget	1	120008
468.90604686738504	1.0	NonTarget	1	120040
469.0310468132344	1.0	NonTarget	1	120072
469.1560467590838	1.0	NonTarget	1	120104
469.28104670493315	1.0	NonTarget	1	120136
469.40604665078246	1.0	NonTarget	1	120168
469.5310465966318	1.0	NonTarget	1	120200
469.6560465424812	1.0	NonTarget	1	120232
469.78104648833056	1.0	NonTarget	1	120264
469.90604643417987	1.0	NonTarget	1	120296
470.03104638002924	1.0	NonTarget	1	120328
470.1560463258786	1.0	NonTarget	1	120360
470.281046271728	1.0	NonTarget	1	120392
470.4060462175773	1.0	NonTarget	1	120424
470.53104616342665	1.0	NonTarget	1	120456
470.656046109276	1.0	NonTarget	1	120488
470.78104605512533	1.0	NonTarget	1	120520
470.9060460009747	1.0	NonTarget	1	120552
471.03104594682407	1.0	NonTarget	1	120584
471.15604589267343	1.0	NonTarget	1	120616
471.28104583852274	1.0	NonTarget	1	120648
471.4060457843721	1.0	NonTarget	1	120680
471.5310457302215	1.0	NonTarget	1	120712
471.65604567607085	1.0	NonTarget	1	120744
471.78104562192016	1.0	NonTarget	1	120776
471.9060455677695	1.0	NonTarget	1	120808
472.0310455136189	1.0	NonTarget	1	120840
472.15604545946826	1.0	NonTarget	1	120872
472.28104540531757	1.0	NonTarget	1	120904
472.40604535116694	1.0	NonTarget	1	120936
472.5310452970163	1.0	NonTarget	1	120968
472.6560452428657	1.0	NonTarget	1	121000
472.781045188715	1.0	NonTarget	1	121032
472.90604513456435	1.0	NonTarget	1	121064
473.0310450804137	1.0	NonTarget	1	121096
473.1560450262631	1.0	NonTarget	1	121128
473.2810449721124	1.0	NonTarget	1	121160
473.40604491796176	1.0	NonTarget	1	121192
473.53104486381113	1.0	NonTarget	1	121224
473.6560448096605	1.0	NonTarget	1	121256
473.7810447555098	1.0	NonTarget	1	121288
473.9060447013592	1.0	NonTarget	1	121320
474.03104464720855	1.0	NonTarget	1	121352
474.1560445930579	1.0	NonTarget	1	121384
474.2810445389072	1.0	NonTarget	1	121416
474.4060444847566	1.0	NonTarget	1	121448
474.53104443060596	1.0	NonTarget	1	121480
474.65604437645527	1.0	NonTarget	1	121512
474.78104432230464	1.0	NonTarget	1	121544
474.906044268154	1.0	NonTarget	1	121576
475.0310442140034	1.0	NonTarget	1	121608
475.1560441598527	1.0	NonTarget	1	121640
475.28104410570205	1.0	NonTarget	1	121672
475.4060440515514	1.0	NonTarget	1	121704
475.5310439974008	1.0	NonTarget	1	121736
475.6560439432501	1.0	NonTarget	1	121768
475.78104388909946	1.0	NonTarget	1	121800
475.90604383494883	1.0	NonTarget	1	121832
476.0310437807982	1.0	NonTarget	1	121864
476.1560437266475	1.0	NonTarget	1	121896
476.2810436724969	1.0	NonTarget	1	121928
476.40604361834625	1.0	NonTarget	1	121960
476.5310435641956	1.0	NonTarget	1	121992
476.6560435100449	1.0	NonTarget	1	122024
476.7810434558943	1.0	NonTarget	1	122056
476.90604340174366	1.0	NonTarget	1	122088
477.031043347593	1.0	NonTarget	1	122120
477.15604329344234	1.0	NonTarget	1	122152
477.2810432392917	1.0	NonTarget	1	122184
477.4060431851411	1.0	NonTarget	1	122216
477.53104313099044	1.0	NonTarget	1	122248
477.65604307683975	1.0	NonTarget	1	122280
477.7810430226891	1.0	NonTarget	1	122312
477.9060429685385	1.0	NonTarget	1	122344
478.03104291438785	1.0	NonTarget	1	122376
478.15604286023716	1.0	NonTarget	1	122408
478.28104280608653	1.0	NonTarget	1	122440
478.4060427519359	1.0	NonTarget	1	122472
478.5310426977852	1.0	NonTarget	1	122504
478.6560426436346	1.0	NonTarget	1	122536
478.78104258948395	1.0	NonTarget	1	122568
478.9060425353333	1.0	NonTarget	1	122600
479.0310424811826	1.0	NonTarget	1	122632
479.156042427032	1.0	NonTarget	1	122664
479.28104237288136	1.0	NonTarget	1	122696
479.4060423187307	1.0	NonTarget	1	122728
479.53104226458004	1.0	NonTarget	1	122760
479.6560422104294	1.0	NonTarget	1	122792
479.7810421562788	1.0	NonTarget	1	122824
479.90604210212814	1.0	NonTarget	1	122856
480.03104204797745	1.0	NonTarget	1	122888
480.1560419938268	1.0	NonTarget	1	122920
480.2810419396762	1.0	NonTarget	1	122952
480.40604188552555	1.0	NonTarget	1	122984
480.53104183137486	1.0	NonTarget	1	123016
480.65604177722423	1.0	NonTarget	1	123048
480.7810417230736	1.0	NonTarget	1	123080
480.90604166892297	1.0	NonTarget	1	123112
481.0310416147723	1.0	NonTarget	1	123144
481.15604156062165	1.0	NonTarget	1	123176
481.281041506471	1.0	NonTarget	1	123208
481.4060414523204	1.0	NonTarget	1	123240
487.53103879893865	1.0	NonTarget	1	124808
487.656038744788	1.0	NonTarget	1	124840
487.78103869063733	1.0	NonTarget	1	124872
487.9060386364867	1.0	NonTarget	1	124904
488.03103858233607	1.0	NonTarget	1	124936
488.15603852818543	1.0	NonTarget	1	124968
488.28103847403474	1.0	NonTarget	1	125000
488.4060384198841	1.0	NonTarget	1	125032
488.5310383657335	1.0	NonTarget	1	125064
488.65603831158285	1.0	NonTarget	1	125096
488.78103825743216	1.0	NonTarget	1	125128
488.9060382032815	1.0	NonTarget	1	125160
489.0310381491309	1.0	NonTarget	1	125192
489.15603809498026	1.0	NonTarget	1	125224
489.28103804082957	1.0	NonTarget	1	125256
489.40603798667894	1.0	NonTarget	1	125288
489.5310379325283	1.0	NonTarget	1	125320
489.6560378783777	1.0	NonTarget	1	125352
489.781037824227	1.0	NonTarget	1	125384
489.90603777007635	1.0	NonTarget	1	125416
490.0310377159257	1.0	NonTarget	1	125448
490.15603766177503	1.0	NonTarget	1	125480
490.2810376076244	1.0	NonTarget	1	125512
490.40603755347377	1.0	NonTarget	1	125544
490.53103749932313	1.0	NonTarget	1	125576
490.65603744517244	1.0	NonTarget	1	125608
490.7810373910218	1.0	NonTarget	1	125640
490.9060373368712	1.0	NonTarget	1	125672
491.03103728272055	1.0	NonTarget	1	125704
491.15603722856986	1.0	NonTarget	1	125736
491.2810371744192	1.0	NonTarget	1	125768
491.4060371202686	1.0	NonTarget	1	125800
491.53103706611796	1.0	NonTarget	1	125832
491.65603701196727	1.0	NonTarget	1	125864
491.78103695781664	1.0	NonTarget	1	125896
491.906036903666	1.0	NonTarget	1	125928
492.0310368495154	1.0	NonTarget	1	125960
492.1560367953647	1.0	NonTarget	1	125992
492.28103674121405	1.0	NonTarget	1	126024
492.4060366870634	1.0	NonTarget	1	126056
492.5310366329128	1.0	NonTarget	1	126088
492.6560365787621	1.0	NonTarget	1	126120
492.78103652461147	1.0	NonTarget	1	126152
492.90603647046083	1.0	NonTarget	1	126184
493.0310364163102	1.0	NonTarget	1	126216
493.1560363621595	1.0	NonTarget	1	126248
493.2810363080089	1.0	NonTarget	1	126280
493.40603625385825	1.0	NonTarget	1	126312
493.5310361997076	1.0	NonTarget	1	126344
493.6560361455569	1.0	NonTarget	1	126376
493.7810360914063	1.0	NonTarget	1	126408
493.90603603725566	1.0	NonTarget	1	126440
494.03103598310497	1.0	NonTarget	1	126472
494.15603592895434	1.0	NonTarget	1	126504
494.2810358748037	1.0	NonTarget	1	126536
494.4060358206531	1.0	NonTarget	1	126568
494.5310357665024	1.0	NonTarget	1	126600
494.65603571235175	1.0	NonTarget	1	126632
494.7810356582011	1.0	NonTarget	1	126664
494.9060356040505	1.0	NonTarget	1	126696
495.0310355498998	1.0	NonTarget	1	126728
495.15603549574917	1.0	NonTarget	1	126760
495.28103544159853	1.0	NonTarget	1	126792
495.4060353874479	1.0	NonTarget	1	126824
495.5310353332972	1.0	NonTarget	1	126856
495.6560352791466	1.0	NonTarget	1	126888
495.78103522499595	1.0	NonTarget	1	126920
495.9060351708453	1.0	NonTarget	1	126952
496.0310351166946	1.0	NonTarget	1	126984
496.156035062544	1.0	NonTarget	1	127016
496.28103500839336	1.0	NonTarget	1	127048
496.4060349542427	1.0	NonTarget	1	127080
496.53103490009204	1.0	NonTarget	1	127112
496.6560348459414	1.0	NonTarget	1	127144
496.7810347917908	1.0	NonTarget	1	127176
496.90603473764014	1.0	NonTarget	1	127208
497.03103468348945	1.0	NonTarget	1	127240
497.1560346293388	1.0	NonTarget	1	127272
497.2810345751882	1.0	NonTarget	1	127304
497.4060345210375	1.0	NonTarget	1	127336
497.53103446688687	1.0	NonTarget	1	127368
497.65603441273623	1.0	NonTarget	1	127400
497.7810343585856	1.0	NonTarget	1	127432
497.9060343044349	1.0	NonTarget	1	127464
498.0310342502843	1.0	NonTarget	1	127496
498.15603419613365	1.0	NonTarget	1	127528
498.281034141983	1.0	NonTarget	1	127560
498.4060340878323	1.0	NonTarget	1	127592
498.5310340336817	1.0	NonTarget	1	127624
498.65603397953106	1.0	NonTarget	1	127656
498.7810339253804	1.0	NonTarget	1	127688
498.90603387122974	1.0	NonTarget	1	127720
499.0310338170791	1.0	NonTarget	1	127752
499.1560337629285	1.0	NonTarget	1	127784
499.28103370877784	1.0	NonTarget	1	127816
499.40603365462715	1.0	NonTarget	1	127848
499.5310336004765	1.0	NonTarget	1	127880
499.6560335463259	1.0	NonTarget	1	127912
499.78103349217525	1.0	NonTarget	1	127944
499.90603343802456	1.0	NonTarget	1	127976
500.03103338387393	1.0	NonTarget	1	128008
500.1560333297233	1.0	NonTarget	1	128040
500.28103327557267	1.0	NonTarget	1	128072
500.406033221422	1.0	NonTarget	1	128104
500.53103316727135	1.0	NonTarget	1	128136
500.6560331131207	1.0	NonTarget	1	128168
500.7810330589701	1.0	NonTarget	1	128200
500.9060330048194	1.0	NonTarget	1	128232
501.03103295066876	1.0	NonTarget	1	128264
501.1560328965181	1.0	NonTarget	1	128296
501.28103284236744	1.0	NonTarget	1	128328
501.4060327882168	1.0	NonTarget	1	128360
501.5310327340662	1.0	NonTarget	1	128392
501.65603267991554	1.0	NonTarget	1	128424
501.78103262576485	1.0	NonTarget	1	128456
501.9060325716142	1.0	NonTarget	1	128488
502.0310325174636	1.0	NonTarget	1	128520
502.15603246331295	1.0	NonTarget	1	128552
502.28103240916226	1.0	NonTarget	1	128584
502.40603235501163	1.0	NonTarget	1	128616
508.53102970162996	1.0	NonTarget	1	130184
508.6560296474793	1.0	NonTarget	1	130216
508.78102959332864	1.0	NonTarget	1	130248
508.906029539178	1.0	NonTarget	1	130280
509.0310294850273	1.0	NonTarget	1	130312
509.1560294308767	1.0	NonTarget	1	130344
509.28102937672605	1.0	NonTarget	1	130376
509.4060293225754	1.0	NonTarget	1	130408
509.53102926842473	1.0	NonTarget	1	130440
509.6560292142741	1.0	NonTarget	1	130472
509.78102916012347	1.0	NonTarget	1	130504
509.90602910597283	1.0	NonTarget	1	130536
510.03102905182214	1.0	NonTarget	1	130568
510.1560289976715	1.0	NonTarget	1	130600
510.2810289435209	1.0	NonTarget	1	130632
510.40602888937025	1.0	NonTarget	1	130664
510.53102883521956	1.0	NonTarget	1	130696
510.6560287810689	1.0	NonTarget	1	130728
510.7810287269183	1.0	NonTarget	1	130760
510.90602867276766	1.0	NonTarget	1	130792
511.031028618617	1.0	NonTarget	1	130824
511.15602856446634	1.0	NonTarget	1	130856
511.2810285103157	1.0	NonTarget	1	130888
511.4060284561651	1.0	NonTarget	1	130920
511.5310284020144	1.0	NonTarget	1	130952
511.65602834786375	1.0	NonTarget	1	130984
511.7810282937131	1.0	NonTarget	1	131016
511.9060282395625	1.0	NonTarget	1	131048
512.0310281854119	1.0	NonTarget	1	131080
512.1560281312612	1.0	NonTarget	1	131112
512.2810280771105	1.0	NonTarget	1	131144
512.4060280229598	1.0	NonTarget	1	131176
512.5310279688092	1.0	NonTarget	1	131208
512.6560279146586	1.0	NonTarget	1	131240
512.781027860508	1.0	NonTarget	1	131272
512.9060278063573	1.0	NonTarget	1	131304
513.0310277522067	1.0	NonTarget	1	131336
513.1560276980559	1.0	NonTarget	1	131368
513.2810276439053	1.0	NonTarget	1	131400
513.4060275897547	1.0	NonTarget	1	131432
513.531027535604	1.0	NonTarget	1	131464
513.6560274814534	1.0	NonTarget	1	131496
513.7810274273028	1.0	NonTarget	1	131528
513.9060273731521	1.0	NonTarget	1	131560
514.0310273190015	1.0	NonTarget	1	131592
514.1560272648508	1.0	NonTarget	1	131624
514.2810272107001	1.0	NonTarget	1	131656
514.4060271565495	1.0	NonTarget	1	131688
514.5310271023989	1.0	NonTarget	1	131720
514.6560270482482	1.0	NonTarget	1	131752
514.7810269940976	1.0	NonTarget	1	131784
514.906026939947	1.0	NonTarget	1	131816
515.0310268857963	1.0	NonTarget	1	131848
515.1560268316456	1.0	NonTarget	1	131880
515.281026777495	1.0	NonTarget	1	131912
515.4060267233443	1.0	NonTarget	1	131944
515.5310266691937	1.0	NonTarget	1	131976
515.6560266150431	1.0	NonTarget	1	132008
515.7810265608924	1.0	NonTarget	1	132040
515.9060265067418	1.0	NonTarget	1	132072
516.0310264525912	1.0	NonTarget	1	132104
516.1560263984404	1.0	NonTarget	1	132136
516.2810263442898	1.0	NonTarget	1	132168
516.4060262901392	1.0	NonTarget	1	132200
516.5310262359885	1.0	NonTarget	1	132232
516.6560261818379	1.0	NonTarget	1	132264
516.7810261276873	1.0	NonTarget	1	132296
516.9060260735366	1.0	NonTarget	1	132328
517.0310260193859	1.0	NonTarget	1	132360
517.1560259652352	1.0	NonTarget	1	132392
517.2810259110846	1.0	NonTarget	1	132424
517.406025856934	1.0	NonTarget	1	132456
517.5310258027833	1.0	NonTarget	1	132488
517.6560257486327	1.0	NonTarget	1	132520
517.7810256944821	1.0	NonTarget	1	132552
517.9060256403314	1.0	NonTarget	1	132584
518.0310255861807	1.0	NonTarget	1	132616
518.1560255320301	1.0	NonTarget	1	132648
518.2810254778794	1.0	NonTarget	1	132680
518.4060254237288	1.0	NonTarget	1	132712
518.5310253695782	1.0	NonTarget	1	132744
518.6560253154275	1.0	NonTarget	1	132776
518.7810252612769	1.0	NonTarget	1	132808
518.9060252071263	1.0	NonTarget	1	132840
519.0310251529755	1.0	NonTarget	1	132872
519.1560250988249	1.0	NonTarget	1	132904
519.2810250446743	1.0	NonTarget	1	132936
519.4060249905236	1.0	NonTarget	1	132968
519.531024936373	1.0	NonTarget	1	133000
519.6560248822224	1.0	NonTarget	1	133032
519.7810248280717	1.0	NonTarget	1	133064
519.9060247739211	1.0	NonTarget	1	133096
520.0310247197704	1.0	NonTarget	1	133128
520.1560246656197	1.0	NonTarget	1	133160
520.2810246114691	1.0	NonTarget	1	133192
520.4060245573185	1.0	NonTarget	1	133224
520.5310245031678	1.0	NonTarget	1	133256
520.6560244490172	1.0	NonTarget	1	133288
520.7810243948666	1.0	NonTarget	1	133320
520.9060243407158	1.0	NonTarget	1	133352
521.0310242865652	1.0	NonTarget	1	133384
521.1560242324146	1.0	NonTarget	1	133416
521.2810241782639	1.0	NonTarget	1	133448
521.4060241241133	1.0	NonTarget	1	133480
521.5310240699627	1.0	NonTarget	1	133512
521.656024015812	1.0	NonTarget	1	133544
521.7810239616614	1.0	NonTarget	1	133576
521.9060239075106	1.0	NonTarget	1	133608
522.03102385336	1.0	NonTarget	1	133640
522.1560237992094	1.0	NonTarget	1	133672
522.2810237450587	1.0	NonTarget	1	133704
522.4060236909081	1.0	NonTarget	1	133736
522.5310236367575	1.0	NonTarget	1	133768
522.6560235826068	1.0	NonTarget	1	133800
522.7810235284562	1.0	NonTarget	1	133832
522.9060234743055	1.0	NonTarget	1	133864
523.0310234201548	1.0	NonTarget	1	133896
523.1560233660042	1.0	NonTarget	1	133928
523.2810233118536	1.0	NonTarget	1	133960
523.4060232577029	1.0	NonTarget	1	133992
529.5310206043213	1.0	NonTarget	1	135560
529.6560205501705	1.0	NonTarget	1	135592
529.7810204960199	1.0	NonTarget	1	135624
529.9060204418693	1.0	NonTarget	1	135656
530.0310203877186	1.0	NonTarget	1	135688
530.156020333568	1.0	NonTarget	1	135720
530.2810202794174	1.0	NonTarget	1	135752
530.4060202252667	1.0	NonTarget	1	135784
530.5310201711161	1.0	NonTarget	1	135816
530.6560201169654	1.0	NonTarget	1	135848
530.7810200628147	1.0	NonTarget	1	135880
530.9060200086641	1.0	NonTarget	1	135912
531.0310199545135	1.0	NonTarget	1	135944
531.1560199003628	1.0	NonTarget	1	135976
531.2810198462122	1.0	NonTarget	1	136008
531.4060197920616	1.0	NonTarget	1	136040
531.5310197379109	1.0	NonTarget	1	136072
531.6560196837602	1.0	NonTarget	1	136104
531.7810196296095	1.0	NonTarget	1	136136
531.9060195754589	1.0	NonTarget	1	136168
532.0310195213083	1.0	NonTarget	1	136200
532.1560194671576	1.0	NonTarget	1	136232
532.281019413007	1.0	NonTarget	1	136264
532.4060193588564	1.0	NonTarget	1	136296
532.5310193047056	1.0	NonTarget	1	136328
532.656019250555	1.0	NonTarget	1	136360
532.7810191964044	1.0	NonTarget	1	136392
532.9060191422537	1.0	NonTarget	1	136424
533.0310190881031	1.0	NonTarget	1	136456
533.1560190339525	1.0	NonTarget	1	136488
533.2810189798018	1.0	NonTarget	1	136520
533.4060189256512	1.0	NonTarget	1	136552
533.5310188715005	1.0	NonTarget	1	136584
533.6560188173498	1.0	NonTarget	1	136616
533.7810187631992	1.0	NonTarget	1	136648
533.9060187090486	1.0	NonTarget	1	136680
534.0310186548979	1.0	NonTarget	1	136712
534.1560186007473	1.0	NonTarget	1	136744
534.2810185465967	1.0	NonTarget	1	136776
534.406018492446	1.0	NonTarget	1	136808
534.5310184382953	1.0	NonTarget	1	136840
534.6560183841447	1.0	NonTarget	1	136872
534.781018329994	1.0	NonTarget	1	136904
534.9060182758434	1.0	NonTarget	1	136936
535.0310182216928	1.0	NonTarget	1	136968
535.1560181675421	1.0	NonTarget	1	137000
535.2810181133915	1.0	NonTarget	1	137032
535.4060180592409	1.0	NonTarget	1	137064
535.5310180050901	1.0	NonTarget	1	137096
535.6560179509395	1.0	NonTarget	1	137128
535.7810178967889	1.0	NonTarget	1	137160
535.9060178426382	1.0	NonTarget	1	137192
536.0310177884876	1.0	NonTarget	1	137224
536.156017734337	1.0	NonTarget	1	137256
536.2810176801863	1.0	NonTarget	1	137288
536.4060176260356	1.0	NonTarget	1	137320
536.531017571885	1.0	NonTarget	1	137352
536.6560175177343	1.0	NonTarget	1	137384
536.7810174635837	1.0	NonTarget	1	137416
536.906017409433	1.0	NonTarget	1	137448
537.0310173552824	1.0	NonTarget	1	137480
537.1560173011318	1.0	NonTarget	1	137512
537.2810172469812	1.0	NonTarget	1	137544
537.4060171928304	1.0	NonTarget	1	137576
537.5310171386798	1.0	NonTarget	1	137608
537.6560170845291	1.0	NonTarget	1	137640
537.7810170303785	1.0	NonTarget	1	137672
537.9060169762279	1.0	NonTarget	1	137704
538.0310169220772	1.0	NonTarget	1	137736
538.1560168679266	1.0	NonTarget	1	137768
538.281016813776	1.0	NonTarget	1	137800
538.4060167596252	1.0	NonTarget	1	137832
538.5310167054746	1.0	NonTarget	1	137864
538.656016651324	1.0	NonTarget	1	137896
538.7810165971733	1.0	NonTarget	1	137928
538.9060165430227	1.0	NonTarget	1	137960
539.0310164888721	1.0	NonTarget	1	137992
539.1560164347214	1.0	NonTarget	1	138024
539.2810163805707	1.0	NonTarget	1	138056
539.4060163264201	1.0	NonTarget	1	138088
539.5310162722694	1.0	NonTarget	1	138120
539.6560162181188	1.0	NonTarget	1	138152
539.7810161639682	1.0	NonTarget	1	138184
539.9060161098175	1.0	NonTarget	1	138216
540.0310160556669	1.0	NonTarget	1	138248
540.1560160015163	1.0	NonTarget	1	138280
540.2810159473655	1.0	NonTarget	1	138312
540.4060158932149	1.0	NonTarget	1	138344
540.5310158390643	1.0	NonTarget	1	138376
540.6560157849136	1.0	NonTarget	1	138408
540.781015730763	1.0	NonTarget	1	138440
540.9060156766124	1.0	NonTarget	1	138472
541.0310156224617	1.0	NonTarget	1	138504
541.1560155683111	1.0	NonTarget	1	138536
541.2810155141603	1.0	NonTarget	1	138568
541.4060154600097	1.0	NonTarget	1	138600
541.5310154058591	1.0	NonTarget	1	138632
541.6560153517084	1.0	NonTarget	1	138664
541.7810152975578	1.0	NonTarget	1	138696
541.9060152434072	1.0	NonTarget	1	138728
542.0310151892566	1.0	NonTarget	1	138760
542.1560151351059	1.0	NonTarget	1	138792
542.2810150809552	1.0	NonTarget	1	138824
542.4060150268045	1.0	NonTarget	1	138856
542.5310149726539	1.0	NonTarget	1	138888
542.6560149185033	1.0	NonTarget	1	138920
542.7810148643526	1.0	NonTarget	1	138952
542.906014810202	1.0	NonTarget	1	138984
543.0310147560514	1.0	NonTarget	1	139016
543.1560147019006	1.0	NonTarget	1	139048
543.28101464775	1.0	NonTarget	1	139080
543.4060145935994	1.0	NonTarget	1	139112
543.5310145394487	1.0	NonTarget	1	139144
543.6560144852981	1.0	NonTarget	1	139176
543.7810144311475	1.0	NonTarget	1	139208
543.9060143769968	1.0	NonTarget	1	139240
544.0310143228462	1.0	NonTarget	1	139272
544.1560142686955	1.0	NonTarget	1	139304
544.2810142145448	1.0	NonTarget	1	139336
544.4060141603942	1.0	NonTarget	1	139368
550.5310115070125	1.0	NonTarget	1	140936
550.6560114528619	1.0	NonTarget	1	140968
550.7810113987113	1.0	NonTarget	1	141000
550.9060113445605	1.0	NonTarget	1	141032
551.0310112904099	1.0	NonTarget	1	141064
551.1560112362592	1.0	NonTarget	1	141096
551.2810111821086	1.0	NonTarget	1	141128
551.406011127958	1.0	NonTarget	1	141160
551.5310110738073	1.0	NonTarget	1	141192
551.6560110196567	1.0	NonTarget	1	141224
551.7810109655061	1.0	NonTarget	1	141256
551.9060109113553	1.0	NonTarget	1	141288
552.0310108572047	1.0	NonTarget	1	141320
552.1560108030541	1.0	NonTarget	1	141352
552.2810107489034	1.0	NonTarget	1	141384
552.4060106947528	1.0	NonTarget	1	141416
552.5310106406022	1.0	NonTarget	1	141448
552.6560105864515	1.0	NonTarget	1	141480
552.7810105323009	1.0	NonTarget	1	141512
552.9060104781502	1.0	NonTarget	1	141544
553.0310104239995	1.0	NonTarget	1	141576
553.1560103698489	1.0	NonTarget	1	141608
553.2810103156983	1.0	NonTarget	1	141640
553.4060102615476	1.0	NonTarget	1	141672
553.531010207397	1.0	NonTarget	1	141704
553.6560101532464	1.0	NonTarget	1	141736
553.7810100990957	1.0	NonTarget	1	141768
553.906010044945	1.0	NonTarget	1	141800
554.0310099907944	1.0	NonTarget	1	141832
554.1560099366437	1.0	NonTarget	1	141864
554.2810098824931	1.0	NonTarget	1	141896
554.4060098283425	1.0	NonTarget	1	141928
554.5310097741918	1.0	NonTarget	1	141960
554.6560097200412	1.0	NonTarget	1	141992
554.7810096658905	1.0	NonTarget	1	142024
554.9060096117398	1.0	NonTarget	1	142056
555.0310095575892	1.0	NonTarget	1	142088
555.1560095034386	1.0	NonTarget	1	142120
555.2810094492879	1.0	NonTarget	1	142152
555.4060093951373	1.0	NonTarget	1	142184
555.5310093409867	1.0	NonTarget	1	142216
555.656009286836	1.0	NonTarget	1	142248
555.7810092326853	1.0	NonTarget	1	142280
555.9060091785346	1.0	NonTarget	1	142312
556.031009124384	1.0	NonTarget	1	142344
556.1560090702334	1.0	NonTarget	1	142376
556.2810090160827	1.0	NonTarget	1	142408
556.4060089619321	1.0	NonTarget	1	142440
556.5310089077815	1.0	NonTarget	1	142472
556.6560088536309	1.0	NonTarget	1	142504
556.7810087994801	1.0	NonTarget	1	142536
556.9060087453295	1.0	NonTarget	1	142568
557.0310086911788	1.0	NonTarget	1	142600
557.1560086370282	1.0	NonTarget	1	142632
557.2810085828776	1.0	NonTarget	1	142664
557.4060085287269	1.0	NonTarget	1	142696
557.5310084745763	1.0	NonTarget	1	142728
557.6560084204257	1.0	NonTarget	1	142760
557.7810083662749	1.0	NonTarget	1	142792
557.9060083121243	1.0	NonTarget	1	142824
558.0310082579737	1.0	NonTarget	1	142856
558.156008203823	1.0	NonTarget	1	142888
558.2810081496724	1.0	NonTarget	1	142920
558.4060080955218	1.0	NonTarget	1	142952
558.5310080413711	1.0	NonTarget	1	142984
558.6560079872204	1.0	NonTarget	1	143016
558.7810079330698	1.0	NonTarget	1	143048
558.9060078789191	1.0	NonTarget	1	143080
559.0310078247685	1.0	NonTarget	1	143112
559.1560077706179	1.0	NonTarget	1	143144
559.2810077164672	1.0	NonTarget	1	143176
559.4060076623166	1.0	NonTarget	1	143208
559.531007608166	1.0	NonTarget	1	143240
559.6560075540152	1.0	NonTarget	1	143272
559.7810074998646	1.0	NonTarget	1	143304
559.906007445714	1.0	NonTarget	1	143336
560.0310073915633	1.0	NonTarget	1	143368
560.1560073374127	1.0	NonTarget	1	143400
560.281007283262	1.0	NonTarget	1	143432
560.4060072291114	1.0	NonTarget	1	143464
560.5310071749608	1.0	NonTarget	1	143496
560.65600712081	1.0	NonTarget	1	143528
560.7810070666594	1.0	NonTarget	1	143560
560.9060070125088	1.0	NonTarget	1	143592
561.0310069583581	1.0	NonTarget	1	143624
561.1560069042075	1.0	NonTarget	1	143656
561.2810068500569	1.0	NonTarget	1	143688
561.4060067959063	1.0	NonTarget	1	143720
561.5310067417556	1.0	NonTarget	1	143752
561.6560066876049	1.0	NonTarget	1	143784
561.7810066334542	1.0	NonTarget	1	143816
561.9060065793036	1.0	NonTarget	1	143848
562.031006525153	1.0	NonTarget	1	143880
562.1560064710023	1.0	NonTarget	1	143912
562.2810064168517	1.0	NonTarget	1	143944
562.4060063627011	1.0	NonTarget	1	143976
562.5310063085503	1.0	NonTarget	1	144008
562.6560062543997	1.0	NonTarget	1	144040
562.7810062002491	1.0	NonTarget	1	144072
562.9060061460984	1.0	NonTarget	1	144104
563.0310060919478	1.0	NonTarget	1	144136
563.1560060377972	1.0	NonTarget	1	144168
563.2810059836465	1.0	NonTarget	1	144200
563.4060059294959	1.0	NonTarget	1	144232
563.5310058753452	1.0	NonTarget	1	144264
563.6560058211945	1.0	NonTarget	1	144296
563.7810057670439	1.0	NonTarget	1	144328
563.9060057128933	1.0	NonTarget	1	144360
564.0310056587426	1.0	NonTarget	1	144392
564.156005604592	1.0	NonTarget	1	144424
564.2810055504414	1.0	NonTarget	1	144456
564.4060054962907	1.0	NonTarget	1	144488
564.53100544214	1.0	NonTarget	1	144520
564.6560053879894	1.0	NonTarget	1	144552
564.7810053338387	1.0	NonTarget	1	144584
564.9060052796881	1.0	NonTarget	1	144616
565.0310052255375	1.0	NonTarget	1	144648
565.1560051713868	1.0	NonTarget	1	144680
565.2810051172362	1.0	NonTarget	1	144712
565.4060050630856	1.0	NonTarget	1	144744
571.5310024097038	1.0	NonTarget	1	146312
571.6560023555531	1.0	NonTarget	1	146344
571.7810023014025	1.0	NonTarget	1	146376
571.9060022472519	1.0	NonTarget	1	146408
572.0310021931012	1.0	NonTarget	1	146440
572.1560021389506	1.0	NonTarget	1	146472
572.2810020847999	1.0	NonTarget	1	146504
572.4060020306492	1.0	NonTarget	1	146536
572.5310019764986	1.0	NonTarget	1	146568
572.656001922348	1.0	NonTarget	1	146600
572.7810018681973	1.0	NonTarget	1	146632
572.9060018140467	1.0	NonTarget	1	146664
573.0310017598961	1.0	NonTarget	1	146696
573.1560017057454	1.0	NonTarget	1	146728
573.2810016515947	1.0	NonTarget	1	146760
573.4060015974441	1.0	NonTarget	1	146792
573.5310015432934	1.0	NonTarget	1	146824
573.6560014891428	1.0	NonTarget	1	146856
573.7810014349922	1.0	NonTarget	1	146888
573.9060013808415	1.0	NonTarget	1	146920
574.0310013266909	1.0	NonTarget	1	146952
574.1560012725402	1.0	NonTarget	1	146984
574.2810012183895	1.0	NonTarget	1	147016
574.4060011642389	1.0	NonTarget	1	147048
574.5310011100883	1.0	NonTarget	1	147080
574.6560010559376	1.0	NonTarget	1	147112
574.781001001787	1.0	NonTarget	1	147144
574.9060009476364	1.0	NonTarget	1	147176
575.0310008934857	1.0	NonTarget	1	147208
575.156000839335	1.0	NonTarget	1	147240
575.2810007851843	1.0	NonTarget	1	147272
575.4060007310337	1.0	NonTarget	1	147304
575.5310006768831	1.0	NonTarget	1	147336
575.6560006227324	1.0	NonTarget	1	147368
575.7810005685818	1.0	NonTarget	1	147400
575.9060005144312	1.0	NonTarget	1	147432
576.0310004602806	1.0	NonTarget	1	147464
576.1560004061298	1.0	NonTarget	1	147496
576.2810003519792	1.0	NonTarget	1	147528
576.4060002978285	1.0	NonTarget	1	147560
576.5310002436779	1.0	NonTarget	1	147592
576.6560001895273	1.0	NonTarget	1	147624
576.7810001353766	1.0	NonTarget	1	147656
576.906000081226	1.0	NonTarget	1	147688
577.0310000270754	1.0	NonTarget	1	147720
577.1559999729246	1.0	NonTarget	1	147752
577.280999918774	1.0	NonTarget	1	147784
577.4059998646234	1.0	NonTarget	1	147816
577.5309998104727	1.0	NonTarget	1	147848
577.6559997563221	1.0	NonTarget	1	147880
577.7809997021715	1.0	NonTarget	1	147912
577.9059996480208	1.0	NonTarget	1	147944
578.0309995938701	1.0	NonTarget	1	147976
578.1559995397195	1.0	NonTarget	1	148008
578.2809994855688	1.0	NonTarget	1	148040
578.4059994314182	1.0	NonTarget	1	148072
578.5309993772676	1.0	NonTarget	1	148104
578.6559993231169	1.0	NonTarget	1	148136
578.7809992689663	1.0	NonTarget	1	148168
578.9059992148157	1.0	NonTarget	1	148200
579.0309991606649	1.0	NonTarget	1	148232
579.1559991065143	1.0	NonTarget	1	148264
579.2809990523637	1.0	NonTarget	1	148296
579.405998998213	1.0	NonTarget	1	148328
579.5309989440624	1.0	NonTarget	1	148360
579.6559988899118	1.0	NonTarget	1	148392
579.7809988357611	1.0	NonTarget	1	148424
579.9059987816105	1.0	NonTarget	1	148456
580.0309987274597	1.0	NonTarget	1	148488
580.1559986733091	1.0	NonTarget	1	148520
580.2809986191585	1.0	NonTarget	1	148552
580.4059985650078	1.0	NonTarget	1	148584
580.5309985108572	1.0	NonTarget	1	148616
580.6559984567066	1.0	NonTarget	1	148648
580.780998402556	1.0	NonTarget	1	148680
580.9059983484053	1.0	NonTarget	1	148712
581.0309982942546	1.0	NonTarget	1	148744
581.1559982401039	1.0	NonTarget	1	148776
581.2809981859533	1.0	NonTarget	1	148808
581.4059981318027	1.0	NonTarget	1	148840
581.530998077652	1.0	NonTarget	1	148872
581.6559980235014	1.0	NonTarget	1	148904
581.7809979693508	1.0	NonTarget	1	148936
581.9059979152	1.0	NonTarget	1	148968
582.0309978610494	1.0	NonTarget	1	149000
582.1559978068988	1.0	NonTarget	1	149032
582.2809977527481	1.0	NonTarget	1	149064
582.4059976985975	1.0	NonTarget	1	149096
582.5309976444469	1.0	NonTarget	1	149128
582.6559975902962	1.0	NonTarget	1	149160
582.7809975361456	1.0	NonTarget	1	149192
582.9059974819949	1.0	NonTarget	1	149224
583.0309974278442	1.0	NonTarget	1	149256
583.1559973736936	1.0	NonTarget	1	149288
583.280997319543	1.0	NonTarget	1	149320
583.4059972653923	1.0	NonTarget	1	149352
583.5309972112417	1.0	NonTarget	1	149384
583.6559971570911	1.0	NonTarget	1	149416
583.7809971029404	1.0	NonTarget	1	149448
583.9059970487897	1.0	NonTarget	1	149480
584.030996994639	1.0	NonTarget	1	149512
584.1559969404884	1.0	NonTarget	1	149544
584.2809968863378	1.0	NonTarget	1	149576
584.4059968321872	1.0	NonTarget	1	149608
584.5309967780365	1.0	NonTarget	1	149640
584.6559967238859	1.0	NonTarget	1	149672
584.7809966697353	1.0	NonTarget	1	149704
584.9059966155845	1.0	NonTarget	1	149736
585.0309965614339	1.0	NonTarget	1	149768
585.1559965072832	1.0	NonTarget	1	149800
585.2809964531326	1.0	NonTarget	1	149832
585.405996398982	1.0	NonTarget	1	149864
585.5309963448314	1.0	NonTarget	1	149896
585.6559962906807	1.0	NonTarget	1	149928
585.78099623653	1.0	NonTarget	1	149960
585.9059961823793	1.0	NonTarget	1	149992
586.0309961282287	1.0	NonTarget	1	150024
586.1559960740781	1.0	NonTarget	1	150056
586.2809960199274	1.0	NonTarget	1	150088
586.4059959657768	1.0	NonTarget	1	150120
592.530993312395	1.0	NonTarget	1	151688
592.6559932582444	1.0	NonTarget	1	151720
592.7809932040938	1.0	NonTarget	1	151752
592.9059931499431	1.0	NonTarget	1	151784
593.0309930957925	1.0	NonTarget	1	151816
593.1559930416419	1.0	NonTarget	1	151848
593.2809929874912	1.0	NonTarget	1	151880
593.4059929333406	1.0	NonTarget	1	151912
593.5309928791899	1.0	NonTarget	1	151944
593.6559928250392	1.0	NonTarget	1	151976
593.7809927708886	1.0	NonTarget	1	152008
593.905992716738	1.0	NonTarget	1	152040
594.0309926625873	1.0	NonTarget	1	152072
594.1559926084367	1.0	NonTarget	1	152104
594.2809925542861	1.0	NonTarget	1	152136
594.4059925001354	1.0	NonTarget	1	152168
594.5309924459847	1.0	NonTarget	1	152200
594.655992391834	1.0	NonTarget	1	152232
594.7809923376834	1.0	NonTarget	1	152264
594.9059922835328	1.0	NonTarget	1	152296
595.0309922293822	1.0	NonTarget	1	152328
595.1559921752315	1.0	NonTarget	1	152360
595.2809921210809	1.0	NonTarget	1	152392
595.4059920669303	1.0	NonTarget	1	152424
595.5309920127795	1.0	NonTarget	1	152456
595.6559919586289	1.0	NonTarget	1	152488
595.7809919044782	1.0	NonTarget	1	152520
595.9059918503276	1.0	NonTarget	1	152552
596.030991796177	1.0	NonTarget	1	152584
596.1559917420263	1.0	NonTarget	1	152616
596.2809916878757	1.0	NonTarget	1	152648
596.405991633725	1.0	NonTarget	1	152680
596.5309915795743	1.0	NonTarget	1	152712
596.6559915254237	1.0	NonTarget	1	152744
596.7809914712731	1.0	NonTarget	1	152776
596.9059914171224	1.0	NonTarget	1	152808
597.0309913629718	1.0	NonTarget	1	152840
597.1559913088212	1.0	NonTarget	1	152872
597.2809912546705	1.0	NonTarget	1	152904
597.4059912005198	1.0	NonTarget	1	152936
597.5309911463692	1.0	NonTarget	1	152968
597.6559910922185	1.0	NonTarget	1	153000
597.7809910380679	1.0	NonTarget	1	153032
597.9059909839173	1.0	NonTarget	1	153064
598.0309909297666	1.0	NonTarget	1	153096
598.155990875616	1.0	NonTarget	1	153128
598.2809908214654	1.0	NonTarget	1	153160
598.4059907673146	1.0	NonTarget	1	153192
598.530990713164	1.0	NonTarget	1	153224
598.6559906590134	1.0	NonTarget	1	153256
598.7809906048627	1.0	NonTarget	1	153288
598.9059905507121	1.0	NonTarget	1	153320
599.0309904965615	1.0	NonTarget	1	153352
599.1559904424108	1.0	NonTarget	1	153384
599.2809903882602	1.0	NonTarget	1	153416
599.4059903341094	1.0	NonTarget	1	153448
599.5309902799588	1.0	NonTarget	1	153480
599.6559902258082	1.0	NonTarget	1	153512
599.7809901716575	1.0	NonTarget	1	153544
599.9059901175069	1.0	NonTarget	1	153576
600.0309900633563	1.0	NonTarget	1	153608
600.1559900092057	1.0	NonTarget	1	153640
600.2809899550549	1.0	NonTarget	1	153672
600.4059899009043	1.0	NonTarget	1	153704
600.5309898467536	1.0	NonTarget	1	153736
600.655989792603	1.0	NonTarget	1	153768
600.7809897384524	1.0	NonTarget	1	153800
600.9059896843017	1.0	NonTarget	1	153832
601.0309896301511	1.0	NonTarget	1	153864
601.1559895760005	1.0	NonTarget	1	153896
601.2809895218497	1.0	NonTarget	1	153928
601.4059894676991	1.0	NonTarget	1	153960
601.5309894135485	1.0	NonTarget	1	153992
601.6559893593978	1.0	NonTarget	1	154024
601.7809893052472	1.0	NonTarget	1	154056
601.9059892510966	1.0	NonTarget	1	154088
602.0309891969459	1.0	NonTarget	1	154120
602.1559891427953	1.0	NonTarget	1	154152
602.2809890886446	1.0	NonTarget	1	154184
602.4059890344939	1.0	NonTarget	1	154216
602.5309889803433	1.0	NonTarget	1	154248
602.6559889261927	1.0	NonTarget	1	154280
602.780988872042	1.0	NonTarget	1	154312
602.9059888178914	1.0	NonTarget	1	154344
603.0309887637408	1.0	NonTarget	1	154376
603.1559887095901	1.0	NonTarget	1	154408
603.2809886554394	1.0	NonTarget	1	154440
603.4059886012888	1.0	NonTarget	1	154472
603.5309885471381	1.0	NonTarget	1	154504
603.6559884929875	1.0	NonTarget	1	154536
603.7809884388369	1.0	NonTarget	1	154568
603.9059883846862	1.0	NonTarget	1	154600
604.0309883305356	1.0	NonTarget	1	154632
604.1559882763848	1.0	NonTarget	1	154664
604.2809882222342	1.0	NonTarget	1	154696
604.4059881680836	1.0	NonTarget	1	154728
604.530988113933	1.0	NonTarget	1	154760
604.6559880597823	1.0	NonTarget	1	154792
604.7809880056317	1.0	NonTarget	1	154824
604.905987951481	1.0	NonTarget	1	154856
605.0309878973304	1.0	NonTarget	1	154888
605.1559878431797	1.0	NonTarget	1	154920
605.280987789029	1.0	NonTarget	1	154952
605.4059877348784	1.0	NonTarget	1	154984
605.5309876807278	1.0	NonTarget	1	155016
605.6559876265771	1.0	NonTarget	1	155048
605.7809875724265	1.0	NonTarget	1	155080
605.9059875182759	1.0	NonTarget	1	155112
606.0309874641252	1.0	NonTarget	1	155144
606.1559874099745	1.0	NonTarget	1	155176
606.2809873558239	1.0	NonTarget	1	155208
606.4059873016732	1.0	NonTarget	1	155240
606.5309872475226	1.0	NonTarget	1	155272
606.655987193372	1.0	NonTarget	1	155304
606.7809871392213	1.0	NonTarget	1	155336
606.9059870850707	1.0	NonTarget	1	155368
607.0309870309201	1.0	NonTarget	1	155400
607.1559869767693	1.0	NonTarget	1	155432
607.2809869226187	1.0	NonTarget	1	155464
607.4059868684681	1.0	NonTarget	1	155496
613.5309842150864	1.0	NonTarget	1	157064
613.6559841609358	1.0	NonTarget	1	157096
613.7809841067851	1.0	NonTarget	1	157128
613.9059840526344	1.0	NonTarget	1	157160
614.0309839984837	1.0	NonTarget	1	157192
614.1559839443331	1.0	NonTarget	1	157224
614.2809838901825	1.0	NonTarget	1	157256
614.4059838360319	1.0	NonTarget	1	157288
614.5309837818812	1.0	NonTarget	1	157320
614.6559837277306	1.0	NonTarget	1	157352
614.78098367358	1.0	NonTarget	1	157384
614.9059836194292	1.0	NonTarget	1	157416
615.0309835652786	1.0	NonTarget	1	157448
615.1559835111279	1.0	NonTarget	1	157480
615.2809834569773	1.0	NonTarget	1	157512
615.4059834028267	1.0	NonTarget	1	157544
615.530983348676	1.0	NonTarget	1	157576
615.6559832945254	1.0	NonTarget	1	157608
615.7809832403747	1.0	NonTarget	1	157640
615.905983186224	1.0	NonTarget	1	157672
616.0309831320734	1.0	NonTarget	1	157704
616.1559830779228	1.0	NonTarget	1	157736
616.2809830237721	1.0	NonTarget	1	157768
616.4059829696215	1.0	NonTarget	1	157800
616.5309829154709	1.0	NonTarget	1	157832
616.6559828613202	1.0	NonTarget	1	157864
616.7809828071695	1.0	NonTarget	1	157896
616.9059827530189	1.0	NonTarget	1	157928
617.0309826988682	1.0	NonTarget	1	157960
617.1559826447176	1.0	NonTarget	1	157992
617.280982590567	1.0	NonTarget	1	158024
617.4059825364163	1.0	NonTarget	1	158056
617.5309824822657	1.0	NonTarget	1	158088
617.6559824281151	1.0	NonTarget	1	158120
617.7809823739643	1.0	NonTarget	1	158152
617.9059823198137	1.0	NonTarget	1	158184
618.030982265663	1.0	NonTarget	1	158216
618.1559822115124	1.0	NonTarget	1	158248
618.2809821573618	1.0	NonTarget	1	158280
618.4059821032112	1.0	NonTarget	1	158312
618.5309820490605	1.0	NonTarget	1	158344
618.6559819949099	1.0	NonTarget	1	158376
618.7809819407591	1.0	NonTarget	1	158408
618.9059818866085	1.0	NonTarget	1	158440
619.0309818324579	1.0	NonTarget	1	158472
619.1559817783073	1.0	NonTarget	1	158504
619.2809817241566	1.0	NonTarget	1	158536
619.405981670006	1.0	NonTarget	1	158568
619.5309816158554	1.0	NonTarget	1	158600
619.6559815617046	1.0	NonTarget	1	158632
619.780981507554	1.0	NonTarget	1	158664
619.9059814534033	1.0	NonTarget	1	158696
620.0309813992527	1.0	NonTarget	1	158728
620.1559813451021	1.0	NonTarget	1	158760
620.2809812909514	1.0	NonTarget	1	158792
620.4059812368008	1.0	NonTarget	1	158824
620.5309811826502	1.0	NonTarget	1	158856
620.6559811284994	1.0	NonTarget	1	158888
620.7809810743488	1.0	NonTarget	1	158920
620.9059810201982	1.0	NonTarget	1	158952
621.0309809660475	1.0	NonTarget	1	158984
621.1559809118969	1.0	NonTarget	1	159016
621.2809808577463	1.0	NonTarget	1	159048
621.4059808035956	1.0	NonTarget	1	159080
621.530980749445	1.0	NonTarget	1	159112
621.6559806952943	1.0	NonTarget	1	159144
621.7809806411436	1.0	NonTarget	1	159176
621.905980586993	1.0	NonTarget	1	159208
622.0309805328424	1.0	NonTarget	1	159240
622.1559804786917	1.0	NonTarget	1	159272
622.2809804245411	1.0	NonTarget	1	159304
622.4059803703905	1.0	NonTarget	1	159336
622.5309803162398	1.0	NonTarget	1	159368
622.6559802620891	1.0	NonTarget	1	159400
622.7809802079385	1.0	NonTarget	1	159432
622.9059801537878	1.0	NonTarget	1	159464
623.0309800996372	1.0	NonTarget	1	159496
623.1559800454866	1.0	NonTarget	1	159528
623.2809799913359	1.0	NonTarget	1	159560
623.4059799371853	1.0	NonTarget	1	159592
623.5309798830345	1.0	NonTarget	1	159624
623.6559798288839	1.0	NonTarget	1	159656
623.7809797747333	1.0	NonTarget	1	159688
623.9059797205826	1.0	NonTarget	1	159720
624.030979666432	1.0	NonTarget	1	159752
624.1559796122814	1.0	NonTarget	1	159784
624.2809795581308	1.0	NonTarget	1	159816
624.4059795039801	1.0	NonTarget	1	159848
624.5309794498294	1.0	NonTarget	1	159880
624.6559793956787	1.0	NonTarget	1	159912
624.7809793415281	1.0	NonTarget	1	159944
624.9059792873775	1.0	NonTarget	1	159976
625.0309792332268	1.0	NonTarget	1	160008
625.1559791790762	1.0	NonTarget	1	160040
625.2809791249256	1.0	NonTarget	1	160072
625.405979070775	1.0	NonTarget	1	160104
625.5309790166242	1.0	NonTarget	1	160136
625.6559789624736	1.0	NonTarget	1	160168
625.7809789083229	1.0	NonTarget	1	160200
625.9059788541723	1.0	NonTarget	1	160232
626.0309788000217	1.0	NonTarget	1	160264
626.155978745871	1.0	NonTarget	1	160296
626.2809786917204	1.0	NonTarget	1	160328
626.4059786375698	1.0	NonTarget	1	160360
626.530978583419	1.0	NonTarget	1	160392
626.6559785292684	1.0	NonTarget	1	160424
626.7809784751178	1.0	NonTarget	1	160456
626.9059784209671	1.0	NonTarget	1	160488
627.0309783668165	1.0	NonTarget	1	160520
627.1559783126659	1.0	NonTarget	1	160552
627.2809782585152	1.0	NonTarget	1	160584
627.4059782043645	1.0	NonTarget	1	160616
627.5309781502139	1.0	NonTarget	1	160648
627.6559780960632	1.0	NonTarget	1	160680
627.7809780419126	1.0	NonTarget	1	160712
627.905977987762	1.0	NonTarget	1	160744
628.0309779336113	1.0	NonTarget	1	160776
628.1559778794607	1.0	NonTarget	1	160808
628.2809778253101	1.0	NonTarget	1	160840
628.4059777711593	1.0	NonTarget	1	160872
634.5309751177776	1.0	NonTarget	1	162440
634.655975063627	1.0	NonTarget	1	162472
634.7809750094764	1.0	NonTarget	1	162504
634.9059749553257	1.0	NonTarget	1	162536
635.0309749011751	1.0	NonTarget	1	162568
635.1559748470244	1.0	NonTarget	1	162600
635.2809747928737	1.0	NonTarget	1	162632
635.4059747387231	1.0	NonTarget	1	162664
635.5309746845725	1.0	NonTarget	1	162696
635.6559746304218	1.0	NonTarget	1	162728
635.7809745762712	1.0	NonTarget	1	162760
635.9059745221206	1.0	NonTarget	1	162792
636.0309744679699	1.0	NonTarget	1	162824
636.1559744138192	1.0	NonTarget	1	162856
636.2809743596686	1.0	NonTarget	1	162888
636.4059743055179	1.0	NonTarget	1	162920
636.5309742513673	1.0	NonTarget	1	162952
636.6559741972167	1.0	NonTarget	1	162984
636.780974143066	1.0	NonTarget	1	163016
636.9059740889154	1.0	NonTarget	1	163048
637.0309740347648	1.0	NonTarget	1	163080
637.155973980614	1.0	NonTarget	1	163112
637.2809739264634	1.0	NonTarget	1	163144
637.4059738723128	1.0	NonTarget	1	163176
637.5309738181621	1.0	NonTarget	1	163208
637.6559737640115	1.0	NonTarget	1	163240
637.7809737098609	1.0	NonTarget	1	163272
637.9059736557102	1.0	NonTarget	1	163304
638.0309736015596	1.0	NonTarget	1	163336
638.1559735474088	1.0	NonTarget	1	163368
638.2809734932582	1.0	NonTarget	1	163400
638.4059734391076	1.0	NonTarget	1	163432
638.530973384957	1.0	NonTarget	1	163464
638.6559733308063	1.0	NonTarget	1	163496
638.7809732766557	1.0	NonTarget	1	163528
638.905973222505	1.0	NonTarget	1	163560
639.0309731683543	1.0	NonTarget	1	163592
639.1559731142037	1.0	NonTarget	1	163624
639.280973060053	1.0	NonTarget	1	163656
639.4059730059024	1.0	NonTarget	1	163688
639.5309729517518	1.0	NonTarget	1	163720
639.6559728976011	1.0	NonTarget	1	163752
639.7809728434505	1.0	NonTarget	1	163784
639.9059727892999	1.0	NonTarget	1	163816
640.0309727351491	1.0	NonTarget	1	163848
640.1559726809985	1.0	NonTarget	1	163880
640.2809726268479	1.0	NonTarget	1	163912
640.4059725726972	1.0	NonTarget	1	163944
640.5309725185466	1.0	NonTarget	1	163976
640.655972464396	1.0	NonTarget	1	164008
640.7809724102453	1.0	NonTarget	1	164040
640.9059723560947	1.0	NonTarget	1	164072
641.030972301944	1.0	NonTarget	1	164104
641.1559722477933	1.0	NonTarget	1	164136
641.2809721936427	1.0	NonTarget	1	164168
641.4059721394921	1.0	NonTarget	1	164200
641.5309720853414	1.0	NonTarget	1	164232
641.6559720311908	1.0	NonTarget	1	164264
641.7809719770402	1.0	NonTarget	1	164296
641.9059719228895	1.0	NonTarget	1	164328
642.0309718687388	1.0	NonTarget	1	164360
642.1559718145882	1.0	NonTarget	1	164392
642.2809717604375	1.0	NonTarget	1	164424
642.4059717062869	1.0	NonTarget	1	164456
642.5309716521363	1.0	NonTarget	1	164488
642.6559715979856	1.0	NonTarget	1	164520
642.780971543835	1.0	NonTarget	1	164552
642.9059714896842	1.0	NonTarget	1	164584
643.0309714355336	1.0	NonTarget	1	164616
643.155971381383	1.0	NonTarget	1	164648
643.2809713272324	1.0	NonTarget	1	164680
643.4059712730817	1.0	NonTarget	1	164712
643.5309712189311	1.0	NonTarget	1	164744
643.6559711647805	1.0	NonTarget	1	164776
643.7809711106298	1.0	NonTarget	1	164808
643.9059710564791	1.0	NonTarget	1	164840
644.0309710023284	1.0	NonTarget	1	164872
644.1559709481778	1.0	NonTarget	1	164904
644.2809708940272	1.0	NonTarget	1	164936
644.4059708398765	1.0	NonTarget	1	164968
644.5309707857259	1.0	NonTarget	1	165000
644.6559707315753	1.0	NonTarget	1	165032
644.7809706774246	1.0	NonTarget	1	165064
644.9059706232739	1.0	NonTarget	1	165096
645.0309705691233	1.0	NonTarget	1	165128
645.1559705149726	1.0	NonTarget	1	165160
645.280970460822	1.0	NonTarget	1	165192
645.4059704066714	1.0	NonTarget	1	165224
645.5309703525207	1.0	NonTarget	1	165256
645.6559702983701	1.0	NonTarget	1	165288
645.7809702442194	1.0	NonTarget	1	165320
645.9059701900687	1.0	NonTarget	1	165352
646.0309701359181	1.0	NonTarget	1	165384
646.1559700817675	1.0	NonTarget	1	165416
646.2809700276168	1.0	NonTarget	1	165448
646.4059699734662	1.0	NonTarget	1	165480
646.5309699193156	1.0	NonTarget	1	165512
646.6559698651649	1.0	NonTarget	1	165544
646.7809698110142	1.0	NonTarget	1	165576
646.9059697568636	1.0	NonTarget	1	165608
647.0309697027129	1.0	NonTarget	1	165640
647.1559696485623	1.0	NonTarget	1	165672
647.2809695944117	1.0	NonTarget	1	165704
647.405969540261	1.0	NonTarget	1	165736
647.5309694861104	1.0	NonTarget	1	165768
647.6559694319598	1.0	NonTarget	1	165800
647.780969377809	1.0	NonTarget	1	165832
647.9059693236584	1.0	NonTarget	1	165864
648.0309692695078	1.0	NonTarget	1	165896
648.1559692153571	1.0	NonTarget	1	165928
648.2809691612065	1.0	NonTarget	1	165960
648.4059691070559	1.0	NonTarget	1	165992
648.5309690529052	1.0	NonTarget	1	166024
648.6559689987546	1.0	NonTarget	1	166056
648.7809689446038	1.0	NonTarget	1	166088
648.9059688904532	1.0	NonTarget	1	166120
649.0309688363026	1.0	NonTarget	1	166152
649.155968782152	1.0	NonTarget	1	166184
649.2809687280013	1.0	NonTarget	1	166216
649.4059686738507	1.0	NonTarget	1	166248
655.5309660204689	1.0	NonTarget	1	167816
655.6559659663183	1.0	NonTarget	1	167848
655.7809659121676	1.0	NonTarget	1	167880
655.905965858017	1.0	NonTarget	1	167912
656.0309658038664	1.0	NonTarget	1	167944
656.1559657497157	1.0	NonTarget	1	167976
656.2809656955651	1.0	NonTarget	1	168008
656.4059656414145	1.0	NonTarget	1	168040
656.5309655872637	1.0	NonTarget	1	168072
656.6559655331131	1.0	NonTarget	1	168104
656.7809654789625	1.0	NonTarget	1	168136
656.9059654248118	1.0	NonTarget	1	168168
657.0309653706612	1.0	NonTarget	1	168200
657.1559653165106	1.0	NonTarget	1	168232
657.2809652623599	1.0	NonTarget	1	168264
657.4059652082092	1.0	NonTarget	1	168296
657.5309651540585	1.0	NonTarget	1	168328
657.6559650999079	1.0	NonTarget	1	168360
657.7809650457573	1.0	NonTarget	1	168392
657.9059649916067	1.0	NonTarget	1	168424
658.030964937456	1.0	NonTarget	1	168456
658.1559648833054	1.0	NonTarget	1	168488
658.2809648291548	1.0	NonTarget	1	168520
658.405964775004	1.0	NonTarget	1	168552
658.5309647208534	1.0	NonTarget	1	168584
658.6559646667027	1.0	NonTarget	1	168616
658.7809646125521	1.0	NonTarget	1	168648
658.9059645584015	1.0	NonTarget	1	168680
659.0309645042508	1.0	NonTarget	1	168712
659.1559644501002	1.0	NonTarget	1	168744
659.2809643959496	1.0	NonTarget	1	168776
659.4059643417988	1.0	NonTarget	1	168808
659.5309642876482	1.0	NonTarget	1	168840
659.6559642334976	1.0	NonTarget	1	168872
659.7809641793469	1.0	NonTarget	1	168904
659.9059641251963	1.0	NonTarget	1	168936
660.0309640710457	1.0	NonTarget	1	168968
660.155964016895	1.0	NonTarget	1	169000
660.2809639627444	1.0	NonTarget	1	169032
660.4059639085937	1.0	NonTarget	1	169064
660.530963854443	1.0	NonTarget	1	169096
660.6559638002924	1.0	NonTarget	1	169128
660.7809637461418	1.0	NonTarget	1	169160
660.9059636919911	1.0	NonTarget	1	169192
661.0309636378405	1.0	NonTarget	1	169224
661.1559635836899	1.0	NonTarget	1	169256
661.2809635295391	1.0	NonTarget	1	169288
661.4059634753885	1.0	NonTarget	1	169320
661.5309634212379	1.0	NonTarget	1	169352
661.6559633670872	1.0	NonTarget	1	169384
661.7809633129366	1.0	NonTarget	1	169416
661.905963258786	1.0	NonTarget	1	169448
662.0309632046353	1.0	NonTarget	1	169480
662.1559631504847	1.0	NonTarget	1	169512
662.280963096334	1.0	NonTarget	1	169544
662.4059630421833	1.0	NonTarget	1	169576
662.5309629880327	1.0	NonTarget	1	169608
662.655962933882	1.0	NonTarget	1	169640
662.7809628797314	1.0	NonTarget	1	169672
662.9059628255808	1.0	NonTarget	1	169704
663.0309627714302	1.0	NonTarget	1	169736
663.1559627172795	1.0	NonTarget	1	169768
663.2809626631288	1.0	NonTarget	1	169800
663.4059626089781	1.0	NonTarget	1	169832
663.5309625548275	1.0	NonTarget	1	169864
663.6559625006769	1.0	NonTarget	1	169896
663.7809624465262	1.0	NonTarget	1	169928
663.9059623923756	1.0	NonTarget	1	169960
664.030962338225	1.0	NonTarget	1	169992
664.1559622840743	1.0	NonTarget	1	170024
664.2809622299236	1.0	NonTarget	1	170056
664.405962175773	1.0	NonTarget	1	170088
664.5309621216223	1.0	NonTarget	1	170120
664.6559620674717	1.0	NonTarget	1	170152
664.7809620133211	1.0	NonTarget	1	170184
664.9059619591704	1.0	NonTarget	1	170216
665.0309619050198	1.0	NonTarget	1	170248
665.1559618508691	1.0	NonTarget	1	170280
665.2809617967184	1.0	NonTarget	1	170312
665.4059617425678	1.0	NonTarget	1	170344
665.5309616884172	1.0	NonTarget	1	170376
665.6559616342665	1.0	NonTarget	1	170408
665.7809615801159	1.0	NonTarget	1	170440
665.9059615259653	1.0	NonTarget	1	170472
666.0309614718146	1.0	NonTarget	1	170504
666.1559614176639	1.0	NonTarget	1	170536
666.2809613635133	1.0	NonTarget	1	170568
666.4059613093626	1.0	NonTarget	1	170600
666.530961255212	1.0	NonTarget	1	170632
666.6559612010614	1.0	NonTarget	1	170664
666.7809611469107	1.0	NonTarget	1	170696
666.9059610927601	1.0	NonTarget	1	170728
667.0309610386095	1.0	NonTarget	1	170760
667.1559609844587	1.0	NonTarget	1	170792
667.2809609303081	1.0	NonTarget	1	170824
667.4059608761575	1.0	NonTarget	1	170856
667.5309608220068	1.0	NonTarget	1	170888
667.6559607678562	1.0	NonTarget	1	170920
667.7809607137056	1.0	NonTarget	1	170952
667.9059606595549	1.0	NonTarget	1	170984
668.0309606054043	1.0	NonTarget	1	171016
668.1559605512535	1.0	NonTarget	1	171048
668.2809604971029	1.0	NonTarget	1	171080
668.4059604429523	1.0	NonTarget	1	171112
668.5309603888016	1.0	NonTarget	1	171144
668.655960334651	1.0	NonTarget	1	171176
668.7809602805004	1.0	NonTarget	1	171208
668.9059602263497	1.0	NonTarget	1	171240
669.030960172199	1.0	NonTarget	1	171272
669.1559601180484	1.0	NonTarget	1	171304
669.2809600638977	1.0	NonTarget	1	171336
669.4059600097471	1.0	NonTarget	1	171368
669.5309599555965	1.0	NonTarget	1	171400
669.6559599014458	1.0	NonTarget	1	171432
669.7809598472952	1.0	NonTarget	1	171464
669.9059597931446	1.0	NonTarget	1	171496
670.0309597389938	1.0	NonTarget	1	171528
670.1559596848432	1.0	NonTarget	1	171560
670.2809596306926	1.0	NonTarget	1	171592
670.4059595765419	1.0	NonTarget	1	171624
676.5309569231603	1.0	NonTarget	1	173192
676.6559568690096	1.0	NonTarget	1	173224
676.7809568148589	1.0	NonTarget	1	173256
676.9059567607082	1.0	NonTarget	1	173288
677.0309567065576	1.0	NonTarget	1	173320
677.155956652407	1.0	NonTarget	1	173352
677.2809565982564	1.0	NonTarget	1	173384
677.4059565441057	1.0	NonTarget	1	173416
677.5309564899551	1.0	NonTarget	1	173448
677.6559564358045	1.0	NonTarget	1	173480
677.7809563816537	1.0	NonTarget	1	173512
677.9059563275031	1.0	NonTarget	1	173544
678.0309562733524	1.0	NonTarget	1	173576
678.1559562192018	1.0	NonTarget	1	173608
678.2809561650512	1.0	NonTarget	1	173640
678.4059561109005	1.0	NonTarget	1	173672
678.5309560567499	1.0	NonTarget	1	173704
678.6559560025993	1.0	NonTarget	1	173736
678.7809559484485	1.0	NonTarget	1	173768
678.9059558942979	1.0	NonTarget	1	173800
679.0309558401473	1.0	NonTarget	1	173832
679.1559557859966	1.0	NonTarget	1	173864
679.280955731846	1.0	NonTarget	1	173896
679.4059556776954	1.0	NonTarget	1	173928
679.5309556235447	1.0	NonTarget	1	173960
679.6559555693941	1.0	NonTarget	1	173992
679.7809555152434	1.0	NonTarget	1	174024
679.9059554610927	1.0	NonTarget	1	174056
680.0309554069421	1.0	NonTarget	1	174088
680.1559553527915	1.0	NonTarget	1	174120
680.2809552986408	1.0	NonTarget	1	174152
680.4059552444902	1.0	NonTarget	1	174184
680.5309551903396	1.0	NonTarget	1	174216
680.6559551361888	1.0	NonTarget	1	174248
680.7809550820382	1.0	NonTarget	1	174280
680.9059550278876	1.0	NonTarget	1	174312
681.0309549737369	1.0	NonTarget	1	174344
681.1559549195863	1.0	NonTarget	1	174376
681.2809548654357	1.0	NonTarget	1	174408
681.405954811285	1.0	NonTarget	1	174440
681.5309547571344	1.0	NonTarget	1	174472
681.6559547029836	1.0	NonTarget	1	174504
681.780954648833	1.0	NonTarget	1	174536
681.9059545946824	1.0	NonTarget	1	174568
682.0309545405318	1.0	NonTarget	1	174600
682.1559544863811	1.0	NonTarget	1	174632
682.2809544322305	1.0	NonTarget	1	174664
682.4059543780799	1.0	NonTarget	1	174696
682.5309543239292	1.0	NonTarget	1	174728
682.6559542697785	1.0	NonTarget	1	174760
682.7809542156278	1.0	NonTarget	1	174792
682.9059541614772	1.0	NonTarget	1	174824
683.0309541073266	1.0	NonTarget	1	174856
683.155954053176	1.0	NonTarget	1	174888
683.2809539990253	1.0	NonTarget	1	174920
683.4059539448747	1.0	NonTarget	1	174952
683.530953890724	1.0	NonTarget	1	174984
683.6559538365733	1.0	NonTarget	1	175016
683.7809537824227	1.0	NonTarget	1	175048
683.905953728272	1.0	NonTarget	1	175080
684.0309536741214	1.0	NonTarget	1	175112
684.1559536199708	1.0	NonTarget	1	175144
684.2809535658201	1.0	NonTarget	1	175176
684.4059535116695	1.0	NonTarget	1	175208
684.5309534575188	1.0	NonTarget	1	175240
684.6559534033681	1.0	NonTarget	1	175272
684.7809533492175	1.0	NonTarget	1	175304
684.9059532950669	1.0	NonTarget	1	175336
685.0309532409162	1.0	NonTarget	1	175368
685.1559531867656	1.0	NonTarget	1	175400
685.280953132615	1.0	NonTarget	1	175432
685.4059530784643	1.0	NonTarget	1	175464
685.5309530243136	1.0	NonTarget	1	175496
685.655952970163	1.0	NonTarget	1	175528
685.7809529160123	1.0	NonTarget	1	175560
685.9059528618617	1.0	NonTarget	1	175592
686.0309528077111	1.0	NonTarget	1	175624
686.1559527535604	1.0	NonTarget	1	175656
686.2809526994098	1.0	NonTarget	1	175688
686.4059526452592	1.0	NonTarget	1	175720
686.5309525911084	1.0	NonTarget	1	175752
686.6559525369578	1.0	NonTarget	1	175784
686.7809524828072	1.0	NonTarget	1	175816
686.9059524286565	1.0	NonTarget	1	175848
687.0309523745059	1.0	NonTarget	1	175880
687.1559523203553	1.0	NonTarget	1	175912
687.2809522662046	1.0	NonTarget	1	175944
687.405952212054	1.0	NonTarget	1	175976
687.5309521579032	1.0	NonTarget	1	176008
687.6559521037526	1.0	NonTarget	1	176040
687.780952049602	1.0	NonTarget	1	176072
687.9059519954513	1.0	NonTarget	1	176104
688.0309519413007	1.0	NonTarget	1	176136
688.1559518871501	1.0	NonTarget	1	176168
688.2809518329994	1.0	NonTarget	1	176200
688.4059517788487	1.0	NonTarget	1	176232
688.5309517246981	1.0	NonTarget	1	176264
688.6559516705474	1.0	NonTarget	1	176296
688.7809516163968	1.0	NonTarget	1	176328
688.9059515622462	1.0	NonTarget	1	176360
689.0309515080955	1.0	NonTarget	1	176392
689.1559514539449	1.0	NonTarget	1	176424
689.2809513997943	1.0	NonTarget	1	176456
689.4059513456435	1.0	NonTarget	1	176488
689.5309512914929	1.0	NonTarget	1	176520
689.6559512373423	1.0	NonTarget	1	176552
689.7809511831916	1.0	NonTarget	1	176584
689.905951129041	1.0	NonTarget	1	176616
690.0309510748904	1.0	NonTarget	1	176648
690.1559510207397	1.0	NonTarget	1	176680
690.2809509665891	1.0	NonTarget	1	176712
690.4059509124384	1.0	NonTarget	1	176744
690.5309508582877	1.0	NonTarget	1	176776
690.6559508041371	1.0	NonTarget	1	176808
690.7809507499865	1.0	NonTarget	1	176840
690.9059506958358	1.0	NonTarget	1	176872
691.0309506416852	1.0	NonTarget	1	176904
691.1559505875346	1.0	NonTarget	1	176936
691.2809505333839	1.0	NonTarget	1	176968
691.4059504792332	1.0	NonTarget	1	177000
697.5309478258515	1.0	NonTarget	1	178568
697.6559477717009	1.0	NonTarget	1	178600
697.7809477175502	1.0	NonTarget	1	178632
697.9059476633996	1.0	NonTarget	1	178664
698.030947609249	1.0	NonTarget	1	178696
698.1559475550982	1.0	NonTarget	1	178728
698.2809475009476	1.0	NonTarget	1	178760
698.405947446797	1.0	NonTarget	1	178792
698.5309473926463	1.0	NonTarget	1	178824
698.6559473384957	1.0	NonTarget	1	178856
698.7809472843451	1.0	NonTarget	1	178888
698.9059472301944	1.0	NonTarget	1	178920
699.0309471760437	1.0	NonTarget	1	178952
699.1559471218931	1.0	NonTarget	1	178984
699.2809470677424	1.0	NonTarget	1	179016
699.4059470135918	1.0	NonTarget	1	179048
699.5309469594412	1.0	NonTarget	1	179080
699.6559469052905	1.0	NonTarget	1	179112
699.7809468511399	1.0	NonTarget	1	179144
699.9059467969893	1.0	NonTarget	1	179176
700.0309467428385	1.0	NonTarget	1	179208
700.1559466886879	1.0	NonTarget	1	179240
700.2809466345373	1.0	NonTarget	1	179272
700.4059465803866	1.0	NonTarget	1	179304
700.530946526236	1.0	NonTarget	1	179336
700.6559464720854	1.0	NonTarget	1	179368
700.7809464179347	1.0	NonTarget	1	179400
700.9059463637841	1.0	NonTarget	1	179432
701.0309463096334	1.0	NonTarget	1	179464
701.1559462554827	1.0	NonTarget	1	179496
701.2809462013321	1.0	NonTarget	1	179528
701.4059461471815	1.0	NonTarget	1	179560
701.5309460930308	1.0	NonTarget	1	179592
701.6559460388802	1.0	NonTarget	1	179624
701.7809459847296	1.0	NonTarget	1	179656
701.9059459305789	1.0	NonTarget	1	179688
702.0309458764282	1.0	NonTarget	1	179720
702.1559458222775	1.0	NonTarget	1	179752
702.2809457681269	1.0	NonTarget	1	179784
702.4059457139763	1.0	NonTarget	1	179816
702.5309456598256	1.0	NonTarget	1	179848
702.655945605675	1.0	NonTarget	1	179880
702.7809455515244	1.0	NonTarget	1	179912
702.9059454973736	1.0	NonTarget	1	179944
703.030945443223	1.0	NonTarget	1	179976
703.1559453890724	1.0	NonTarget	1	180008
703.2809453349217	1.0	NonTarget	1	180040
703.4059452807711	1.0	NonTarget	1	180072
703.5309452266205	1.0	NonTarget	1	180104
703.6559451724698	1.0	NonTarget	1	180136
703.7809451183192	1.0	NonTarget	1	180168
703.9059450641685	1.0	NonTarget	1	180200
704.0309450100178	1.0	NonTarget	1	180232
704.1559449558672	1.0	NonTarget	1	180264
704.2809449017166	1.0	NonTarget	1	180296
704.4059448475659	1.0	NonTarget	1	180328
704.5309447934153	1.0	NonTarget	1	180360
704.6559447392647	1.0	NonTarget	1	180392
704.780944685114	1.0	NonTarget	1	180424
704.9059446309633	1.0	NonTarget	1	180456
705.0309445768127	1.0	NonTarget	1	180488
705.155944522662	1.0	NonTarget	1	180520
705.2809444685114	1.0	NonTarget	1	180552
705.4059444143608	1.0	NonTarget	1	180584
705.5309443602101	1.0	NonTarget	1	180616
705.6559443060595	1.0	NonTarget	1	180648
705.7809442519089	1.0	NonTarget	1	180680
705.9059441977581	1.0	NonTarget	1	180712
706.0309441436075	1.0	NonTarget	1	180744
706.1559440894569	1.0	NonTarget	1	180776
706.2809440353062	1.0	NonTarget	1	180808
706.4059439811556	1.0	NonTarget	1	180840
706.530943927005	1.0	NonTarget	1	180872
706.6559438728543	1.0	NonTarget	1	180904
706.7809438187036	1.0	NonTarget	1	180936
706.905943764553	1.0	NonTarget	1	180968
707.0309437104023	1.0	NonTarget	1	181000
707.1559436562517	1.0	NonTarget	1	181032
707.280943602101	1.0	NonTarget	1	181064
707.4059435479504	1.0	NonTarget	1	181096
707.5309434937998	1.0	NonTarget	1	181128
707.6559434396491	1.0	NonTarget	1	181160
707.7809433854984	1.0	NonTarget	1	181192
707.9059433313478	1.0	NonTarget	1	181224
708.0309432771971	1.0	NonTarget	1	181256
708.1559432230465	1.0	NonTarget	1	181288
708.2809431688959	1.0	NonTarget	1	181320
708.4059431147452	1.0	NonTarget	1	181352
708.5309430605946	1.0	NonTarget	1	181384
708.655943006444	1.0	NonTarget	1	181416
708.7809429522932	1.0	NonTarget	1	181448
708.9059428981426	1.0	NonTarget	1	181480
709.030942843992	1.0	NonTarget	1	181512
709.1559427898413	1.0	NonTarget	1	181544
709.2809427356907	1.0	NonTarget	1	181576
709.4059426815401	1.0	NonTarget	1	181608
709.5309426273894	1.0	NonTarget	1	181640
709.6559425732388	1.0	NonTarget	1	181672
709.7809425190881	1.0	NonTarget	1	181704
709.9059424649374	1.0	NonTarget	1	181736
710.0309424107868	1.0	NonTarget	1	181768
710.1559423566362	1.0	NonTarget	1	181800
710.2809423024855	1.0	NonTarget	1	181832
710.4059422483349	1.0	NonTarget	1	181864
710.5309421941843	1.0	NonTarget	1	181896
710.6559421400335	1.0	NonTarget	1	181928
710.7809420858829	1.0	NonTarget	1	181960
710.9059420317323	1.0	NonTarget	1	181992
711.0309419775816	1.0	NonTarget	1	182024
711.155941923431	1.0	NonTarget	1	182056
711.2809418692804	1.0	NonTarget	1	182088
711.4059418151297	1.0	NonTarget	1	182120
711.5309417609791	1.0	NonTarget	1	182152
711.6559417068283	1.0	NonTarget	1	182184
711.7809416526777	1.0	NonTarget	1	182216
711.9059415985271	1.0	NonTarget	1	182248
712.0309415443764	1.0	NonTarget	1	182280
712.1559414902258	1.0	NonTarget	1	182312
712.2809414360752	1.0	NonTarget	1	182344
712.4059413819245	1.0	NonTarget	1	182376
718.5309387285428	1.0	NonTarget	1	183944
718.6559386743921	1.0	NonTarget	1	183976
718.7809386202415	1.0	NonTarget	1	184008
718.9059385660909	1.0	NonTarget	1	184040
719.0309385119402	1.0	NonTarget	1	184072
719.1559384577896	1.0	NonTarget	1	184104
719.280938403639	1.0	NonTarget	1	184136
719.4059383494882	1.0	NonTarget	1	184168
719.5309382953376	1.0	NonTarget	1	184200
719.655938241187	1.0	NonTarget	1	184232
719.7809381870363	1.0	NonTarget	1	184264
719.9059381328857	1.0	NonTarget	1	184296
720.0309380787351	1.0	NonTarget	1	184328
720.1559380245844	1.0	NonTarget	1	184360
720.2809379704338	1.0	NonTarget	1	184392
720.405937916283	1.0	NonTarget	1	184424
720.5309378621324	1.0	NonTarget	1	184456
720.6559378079818	1.0	NonTarget	1	184488
720.7809377538312	1.0	NonTarget	1	184520
720.9059376996805	1.0	NonTarget	1	184552
721.0309376455299	1.0	NonTarget	1	184584
721.1559375913793	1.0	NonTarget	1	184616
721.2809375372286	1.0	NonTarget	1	184648
721.4059374830779	1.0	NonTarget	1	184680
721.5309374289272	1.0	NonTarget	1	184712
721.6559373747766	1.0	NonTarget	1	184744
721.780937320626	1.0	NonTarget	1	184776
721.9059372664753	1.0	NonTarget	1	184808
722.0309372123247	1.0	NonTarget	1	184840
722.1559371581741	1.0	NonTarget	1	184872
722.2809371040233	1.0	NonTarget	1	184904
722.4059370498727	1.0	NonTarget	1	184936
722.5309369957221	1.0	NonTarget	1	184968
722.6559369415714	1.0	NonTarget	1	185000
722.7809368874208	1.0	NonTarget	1	185032
722.9059368332702	1.0	NonTarget	1	185064
723.0309367791195	1.0	NonTarget	1	185096
723.1559367249689	1.0	NonTarget	1	185128
723.2809366708182	1.0	NonTarget	1	185160
723.4059366166675	1.0	NonTarget	1	185192
723.5309365625169	1.0	NonTarget	1	185224
723.6559365083663	1.0	NonTarget	1	185256
723.7809364542156	1.0	NonTarget	1	185288
723.905936400065	1.0	NonTarget	1	185320
724.0309363459144	1.0	NonTarget	1	185352
724.1559362917637	1.0	NonTarget	1	185384
724.280936237613	1.0	NonTarget	1	185416
724.4059361834624	1.0	NonTarget	1	185448
724.5309361293117	1.0	NonTarget	1	185480
724.6559360751611	1.0	NonTarget	1	185512
724.7809360210105	1.0	NonTarget	1	185544
724.9059359668598	1.0	NonTarget	1	185576
725.0309359127092	1.0	NonTarget	1	185608
725.1559358585586	1.0	NonTarget	1	185640
725.2809358044078	1.0	NonTarget	1	185672
725.4059357502572	1.0	NonTarget	1	185704
725.5309356961066	1.0	NonTarget	1	185736
725.6559356419559	1.0	NonTarget	1	185768
725.7809355878053	1.0	NonTarget	1	185800
725.9059355336547	1.0	NonTarget	1	185832
726.030935479504	1.0	NonTarget	1	185864
726.1559354253533	1.0	NonTarget	1	185896
726.2809353712026	1.0	NonTarget	1	185928
726.405935317052	1.0	NonTarget	1	185960
726.5309352629014	1.0	NonTarget	1	185992
726.6559352087507	1.0	NonTarget	1	186024
726.7809351546001	1.0	NonTarget	1	186056
726.9059351004495	1.0	NonTarget	1	186088
727.0309350462989	1.0	NonTarget	1	186120
727.1559349921481	1.0	NonTarget	1	186152
727.2809349379975	1.0	NonTarget	1	186184
727.4059348838468	1.0	NonTarget	1	186216
727.5309348296962	1.0	NonTarget	1	186248
727.6559347755456	1.0	NonTarget	1	186280
727.7809347213949	1.0	NonTarget	1	186312
727.9059346672443	1.0	NonTarget	1	186344
728.0309346130937	1.0	NonTarget	1	186376
728.1559345589429	1.0	NonTarget	1	186408
728.2809345047923	1.0	NonTarget	1	186440
728.4059344506417	1.0	NonTarget	1	186472
728.530934396491	1.0	NonTarget	1	186504
728.6559343423404	1.0	NonTarget	1	186536
728.7809342881898	1.0	NonTarget	1	186568
728.9059342340391	1.0	NonTarget	1	186600
729.0309341798885	1.0	NonTarget	1	186632
729.1559341257378	1.0	NonTarget	1	186664
729.2809340715871	1.0	NonTarget	1	186696
729.4059340174365	1.0	NonTarget	1	186728
729.5309339632859	1.0	NonTarget	1	186760
729.6559339091352	1.0	NonTarget	1	186792
729.7809338549846	1.0	NonTarget	1	186824
729.905933800834	1.0	NonTarget	1	186856
730.0309337466832	1.0	NonTarget	1	186888
730.1559336925326	1.0	NonTarget	1	186920
730.280933638382	1.0	NonTarget	1	186952
730.4059335842313	1.0	NonTarget	1	186984
730.5309335300807	1.0	NonTarget	1	187016
730.65593347593	1.0	NonTarget	1	187048
730.7809334217794	1.0	NonTarget	1	187080
730.9059333676288	1.0	NonTarget	1	187112
731.030933313478	1.0	NonTarget	1	187144
731.1559332593274	1.0	NonTarget	1	187176
731.2809332051768	1.0	NonTarget	1	187208
731.4059331510261	1.0	NonTarget	1	187240
731.5309330968755	1.0	NonTarget	1	187272
731.6559330427249	1.0	NonTarget	1	187304
731.7809329885742	1.0	NonTarget	1	187336
731.9059329344236	1.0	NonTarget	1	187368
732.0309328802729	1.0	NonTarget	1	187400
732.1559328261222	1.0	NonTarget	1	187432
732.2809327719716	1.0	NonTarget	1	187464
732.405932717821	1.0	NonTarget	1	187496
732.5309326636703	1.0	NonTarget	1	187528
732.6559326095197	1.0	NonTarget	1	187560
732.7809325553691	1.0	NonTarget	1	187592
732.9059325012184	1.0	NonTarget	1	187624
733.0309324470677	1.0	NonTarget	1	187656
733.1559323929171	1.0	NonTarget	1	187688
733.2809323387664	1.0	NonTarget	1	187720
733.4059322846158	1.0	NonTarget	1	187752
739.5309296312341	1.0	NonTarget	1	189320
739.6559295770835	1.0	NonTarget	1	189352
739.7809295229328	1.0	NonTarget	1	189384
739.9059294687821	1.0	NonTarget	1	189416
740.0309294146315	1.0	NonTarget	1	189448
740.1559293604809	1.0	NonTarget	1	189480
740.2809293063302	1.0	NonTarget	1	189512
740.4059292521796	1.0	NonTarget	1	189544
740.530929198029	1.0	NonTarget	1	189576
740.6559291438783	1.0	NonTarget	1	189608
740.7809290897276	1.0	NonTarget	1	189640
740.905929035577	1.0	NonTarget	1	189672
741.0309289814263	1.0	NonTarget	1	189704
741.1559289272757	1.0	NonTarget	1	189736
741.280928873125	1.0	NonTarget	1	189768
741.4059288189744	1.0	NonTarget	1	189800
741.5309287648238	1.0	NonTarget	1	189832
741.655928710673	1.0	NonTarget	1	189864
741.7809286565224	1.0	NonTarget	1	189896
741.9059286023718	1.0	NonTarget	1	189928
742.0309285482211	1.0	NonTarget	1	189960
742.1559284940705	1.0	NonTarget	1	189992
742.2809284399199	1.0	NonTarget	1	190024
742.4059283857692	1.0	NonTarget	1	190056
742.5309283316186	1.0	NonTarget	1	190088
742.6559282774679	1.0	NonTarget	1	190120
742.7809282233172	1.0	NonTarget	1	190152
742.9059281691666	1.0	NonTarget	1	190184
743.030928115016	1.0	NonTarget	1	190216
743.1559280608653	1.0	NonTarget	1	190248
743.2809280067147	1.0	NonTarget	1	190280
743.4059279525641	1.0	NonTarget	1	190312
743.5309278984134	1.0	NonTarget	1	190344
743.6559278442627	1.0	NonTarget	1	190376
743.7809277901121	1.0	NonTarget	1	190408
743.9059277359614	1.0	NonTarget	1	190440
744.0309276818108	1.0	NonTarget	1	190472
744.1559276276602	1.0	NonTarget	1	190504
744.2809275735095	1.0	NonTarget	1	190536
744.4059275193589	1.0	NonTarget	1	190568
744.5309274652083	1.0	NonTarget	1	190600
744.6559274110575	1.0	NonTarget	1	190632
744.7809273569069	1.0	NonTarget	1	190664
744.9059273027563	1.0	NonTarget	1	190696
745.0309272486056	1.0	NonTarget	1	190728
745.155927194455	1.0	NonTarget	1	190760
745.2809271403044	1.0	NonTarget	1	190792
745.4059270861537	1.0	NonTarget	1	190824
745.530927032003	1.0	NonTarget	1	190856
745.6559269778523	1.0	NonTarget	1	190888
745.7809269237017	1.0	NonTarget	1	190920
745.9059268695511	1.0	NonTarget	1	190952
746.0309268154004	1.0	NonTarget	1	190984
746.1559267612498	1.0	NonTarget	1	191016
746.2809267070992	1.0	NonTarget	1	191048
746.4059266529486	1.0	NonTarget	1	191080
746.5309265987978	1.0	NonTarget	1	191112
746.6559265446472	1.0	NonTarget	1	191144
746.7809264904965	1.0	NonTarget	1	191176
746.9059264363459	1.0	NonTarget	1	191208
747.0309263821953	1.0	NonTarget	1	191240
747.1559263280446	1.0	NonTarget	1	191272
747.280926273894	1.0	NonTarget	1	191304
747.4059262197434	1.0	NonTarget	1	191336
747.5309261655926	1.0	NonTarget	1	191368
747.655926111442	1.0	NonTarget	1	191400
747.7809260572914	1.0	NonTarget	1	191432
747.9059260031407	1.0	NonTarget	1	191464
748.0309259489901	1.0	NonTarget	1	191496
748.1559258948395	1.0	NonTarget	1	191528
748.2809258406888	1.0	NonTarget	1	191560
748.4059257865382	1.0	NonTarget	1	191592
748.5309257323875	1.0	NonTarget	1	191624
748.6559256782368	1.0	NonTarget	1	191656
748.7809256240862	1.0	NonTarget	1	191688
748.9059255699356	1.0	NonTarget	1	191720
749.0309255157849	1.0	NonTarget	1	191752
749.1559254616343	1.0	NonTarget	1	191784
749.2809254074837	1.0	NonTarget	1	191816
749.4059253533329	1.0	NonTarget	1	191848
749.5309252991823	1.0	NonTarget	1	191880
749.6559252450317	1.0	NonTarget	1	191912
749.780925190881	1.0	NonTarget	1	191944
749.9059251367304	1.0	NonTarget	1	191976
750.0309250825798	1.0	NonTarget	1	192008
750.1559250284291	1.0	NonTarget	1	192040
750.2809249742785	1.0	NonTarget	1	192072
750.4059249201277	1.0	NonTarget	1	192104
750.5309248659771	1.0	NonTarget	1	192136
750.6559248118265	1.0	NonTarget	1	192168
750.7809247576758	1.0	NonTarget	1	192200
750.9059247035252	1.0	NonTarget	1	192232
751.0309246493746	1.0	NonTarget	1	192264
751.155924595224	1.0	NonTarget	1	192296
751.2809245410733	1.0	NonTarget	1	192328
751.4059244869226	1.0	NonTarget	1	192360
751.5309244327719	1.0	NonTarget	1	192392
751.6559243786213	1.0	NonTarget	1	192424
751.7809243244707	1.0	NonTarget	1	192456
751.90592427032	1.0	NonTarget	1	192488
752.0309242161694	1.0	NonTarget	1	192520
752.1559241620188	1.0	NonTarget	1	192552
752.280924107868	1.0	NonTarget	1	192584
752.4059240537174	1.0	NonTarget	1	192616
752.5309239995668	1.0	NonTarget	1	192648
752.6559239454161	1.0	NonTarget	1	192680
752.7809238912655	1.0	NonTarget	1	192712
752.9059238371149	1.0	NonTarget	1	192744
753.0309237829642	1.0	NonTarget	1	192776
753.1559237288136	1.0	NonTarget	1	192808
753.2809236746629	1.0	NonTarget	1	192840
753.4059236205122	1.0	NonTarget	1	192872
753.5309235663616	1.0	NonTarget	1	192904
753.655923512211	1.0	NonTarget	1	192936
753.7809234580603	1.0	NonTarget	1	192968
753.9059234039097	1.0	NonTarget	1	193000
754.0309233497591	1.0	NonTarget	1	193032
754.1559232956084	1.0	NonTarget	1	193064
754.2809232414577	1.0	NonTarget	1	193096
754.405923187307	1.0	NonTarget	1	193128
760.5309205339254	1.0	NonTarget	1	194696
760.6559204797747	1.0	NonTarget	1	194728
760.7809204256241	1.0	NonTarget	1	194760
760.9059203714735	1.0	NonTarget	1	194792
761.0309203173227	1.0	NonTarget	1	194824
761.1559202631721	1.0	NonTarget	1	194856
761.2809202090215	1.0	NonTarget	1	194888
761.4059201548708	1.0	NonTarget	1	194920
761.5309201007202	1.0	NonTarget	1	194952
761.6559200465696	1.0	NonTarget	1	194984
761.780919992419	1.0	NonTarget	1	195016
761.9059199382683	1.0	NonTarget	1	195048
762.0309198841176	1.0	NonTarget	1	195080
762.1559198299669	1.0	NonTarget	1	195112
762.2809197758163	1.0	NonTarget	1	195144
762.4059197216657	1.0	NonTarget	1	195176
762.530919667515	1.0	NonTarget	1	195208
762.6559196133644	1.0	NonTarget	1	195240
762.7809195592138	1.0	NonTarget	1	195272
762.9059195050631	1.0	NonTarget	1	195304
763.0309194509124	1.0	NonTarget	1	195336
763.1559193967618	1.0	NonTarget	1	195368
763.2809193426111	1.0	NonTarget	1	195400
763.4059192884605	1.0	NonTarget	1	195432
763.5309192343099	1.0	NonTarget	1	195464
763.6559191801592	1.0	NonTarget	1	195496
763.7809191260086	1.0	NonTarget	1	195528
763.9059190718579	1.0	NonTarget	1	195560
764.0309190177072	1.0	NonTarget	1	195592
764.1559189635566	1.0	NonTarget	1	195624
764.280918909406	1.0	NonTarget	1	195656
764.4059188552553	1.0	NonTarget	1	195688
764.5309188011047	1.0	NonTarget	1	195720
764.6559187469541	1.0	NonTarget	1	195752
764.7809186928034	1.0	NonTarget	1	195784
764.9059186386527	1.0	NonTarget	1	195816
765.030918584502	1.0	NonTarget	1	195848
765.1559185303514	1.0	NonTarget	1	195880
765.2809184762008	1.0	NonTarget	1	195912
765.4059184220501	1.0	NonTarget	1	195944
765.5309183678995	1.0	NonTarget	1	195976
765.6559183137489	1.0	NonTarget	1	196008
765.7809182595983	1.0	NonTarget	1	196040
765.9059182054475	1.0	NonTarget	1	196072
766.0309181512969	1.0	NonTarget	1	196104
766.1559180971462	1.0	NonTarget	1	196136
766.2809180429956	1.0	NonTarget	1	196168
766.405917988845	1.0	NonTarget	1	196200
766.5309179346943	1.0	NonTarget	1	196232
766.6559178805437	1.0	NonTarget	1	196264
766.7809178263931	1.0	NonTarget	1	196296
766.9059177722423	1.0	NonTarget	1	196328
767.0309177180917	1.0	NonTarget	1	196360
767.1559176639411	1.0	NonTarget	1	196392
767.2809176097904	1.0	NonTarget	1	196424
767.4059175556398	1.0	NonTarget	1	196456
767.5309175014892	1.0	NonTarget	1	196488
767.6559174473385	1.0	NonTarget	1	196520
767.7809173931878	1.0	NonTarget	1	196552
767.9059173390372	1.0	NonTarget	1	196584
768.0309172848865	1.0	NonTarget	1	196616
768.1559172307359	1.0	NonTarget	1	196648
768.2809171765853	1.0	NonTarget	1	196680
768.4059171224346	1.0	NonTarget	1	196712
768.530917068284	1.0	NonTarget	1	196744
768.6559170141334	1.0	NonTarget	1	196776
768.7809169599826	1.0	NonTarget	1	196808
768.905916905832	1.0	NonTarget	1	196840
769.0309168516814	1.0	NonTarget	1	196872
769.1559167975307	1.0	NonTarget	1	196904
769.2809167433801	1.0	NonTarget	1	196936
769.4059166892295	1.0	NonTarget	1	196968
769.5309166350788	1.0	NonTarget	1	197000
769.6559165809282	1.0	NonTarget	1	197032
769.7809165267774	1.0	NonTarget	1	197064
769.9059164726268	1.0	NonTarget	1	197096
770.0309164184762	1.0	NonTarget	1	197128
770.1559163643255	1.0	NonTarget	1	197160
770.2809163101749	1.0	NonTarget	1	197192
770.4059162560243	1.0	NonTarget	1	197224
770.5309162018737	1.0	NonTarget	1	197256
770.655916147723	1.0	NonTarget	1	197288
770.7809160935723	1.0	NonTarget	1	197320
770.9059160394216	1.0	NonTarget	1	197352
771.030915985271	1.0	NonTarget	1	197384
771.1559159311204	1.0	NonTarget	1	197416
771.2809158769697	1.0	NonTarget	1	197448
771.4059158228191	1.0	NonTarget	1	197480
771.5309157686685	1.0	NonTarget	1	197512
771.6559157145177	1.0	NonTarget	1	197544
771.7809156603671	1.0	NonTarget	1	197576
771.9059156062165	1.0	NonTarget	1	197608
772.0309155520658	1.0	NonTarget	1	197640
772.1559154979152	1.0	NonTarget	1	197672
772.2809154437646	1.0	NonTarget	1	197704
772.4059153896139	1.0	NonTarget	1	197736
772.5309153354633	1.0	NonTarget	1	197768
772.6559152813126	1.0	NonTarget	1	197800
772.7809152271619	1.0	NonTarget	1	197832
772.9059151730113	1.0	NonTarget	1	197864
773.0309151188607	1.0	NonTarget	1	197896
773.15591506471	1.0	NonTarget	1	197928
773.2809150105594	1.0	NonTarget	1	197960
773.4059149564088	1.0	NonTarget	1	197992
773.5309149022581	1.0	NonTarget	1	198024
773.6559148481074	1.0	NonTarget	1	198056
773.7809147939568	1.0	NonTarget	1	198088
773.9059147398061	1.0	NonTarget	1	198120
774.0309146856555	1.0	NonTarget	1	198152
774.1559146315049	1.0	NonTarget	1	198184
774.2809145773542	1.0	NonTarget	1	198216
774.4059145232036	1.0	NonTarget	1	198248
774.530914469053	1.0	NonTarget	1	198280
774.6559144149022	1.0	NonTarget	1	198312
774.7809143607516	1.0	NonTarget	1	198344
774.905914306601	1.0	NonTarget	1	198376
775.0309142524503	1.0	NonTarget	1	198408
775.1559141982997	1.0	NonTarget	1	198440
775.280914144149	1.0	NonTarget	1	198472
775.4059140899984	1.0	NonTarget	1	198504
781.5309114366166	1.0	NonTarget	1	200072
781.655911382466	1.0	NonTarget	1	200104
781.7809113283154	1.0	NonTarget	1	200136
781.9059112741647	1.0	NonTarget	1	200168
782.0309112200141	1.0	NonTarget	1	200200
782.1559111658635	1.0	NonTarget	1	200232
782.2809111117128	1.0	NonTarget	1	200264
782.4059110575621	1.0	NonTarget	1	200296
782.5309110034115	1.0	NonTarget	1	200328
782.6559109492608	1.0	NonTarget	1	200360
782.7809108951102	1.0	NonTarget	1	200392
782.9059108409596	1.0	NonTarget	1	200424
783.0309107868089	1.0	NonTarget	1	200456
783.1559107326583	1.0	NonTarget	1	200488
783.2809106785076	1.0	NonTarget	1	200520
783.4059106243569	1.0	NonTarget	1	200552
783.5309105702063	1.0	NonTarget	1	200584
783.6559105160557	1.0	NonTarget	1	200616
783.780910461905	1.0	NonTarget	1	200648
783.9059104077544	1.0	NonTarget	1	200680
784.0309103536038	1.0	NonTarget	1	200712
784.1559102994531	1.0	NonTarget	1	200744
784.2809102453024	1.0	NonTarget	1	200776
784.4059101911517	1.0	NonTarget	1	200808
784.5309101370011	1.0	NonTarget	1	200840
784.6559100828505	1.0	NonTarget	1	200872
784.7809100286999	1.0	NonTarget	1	200904
784.9059099745492	1.0	NonTarget	1	200936
785.0309099203986	1.0	NonTarget	1	200968
785.155909866248	1.0	NonTarget	1	201000
785.2809098120972	1.0	NonTarget	1	201032
785.4059097579466	1.0	NonTarget	1	201064
785.5309097037959	1.0	NonTarget	1	201096
785.6559096496453	1.0	NonTarget	1	201128
785.7809095954947	1.0	NonTarget	1	201160
785.905909541344	1.0	NonTarget	1	201192
786.0309094871934	1.0	NonTarget	1	201224
786.1559094330428	1.0	NonTarget	1	201256
786.280909378892	1.0	NonTarget	1	201288
786.4059093247414	1.0	NonTarget	1	201320
786.5309092705908	1.0	NonTarget	1	201352
786.6559092164401	1.0	NonTarget	1	201384
786.7809091622895	1.0	NonTarget	1	201416
786.9059091081389	1.0	NonTarget	1	201448
787.0309090539882	1.0	NonTarget	1	201480
787.1559089998375	1.0	NonTarget	1	201512
787.2809089456869	1.0	NonTarget	1	201544
787.4059088915362	1.0	NonTarget	1	201576
787.5309088373856	1.0	NonTarget	1	201608
787.655908783235	1.0	NonTarget	1	201640
787.7809087290843	1.0	NonTarget	1	201672
787.9059086749337	1.0	NonTarget	1	201704
788.0309086207831	1.0	NonTarget	1	201736
788.1559085666323	1.0	NonTarget	1	201768
788.2809085124817	1.0	NonTarget	1	201800
788.405908458331	1.0	NonTarget	1	201832
788.5309084041804	1.0	NonTarget	1	201864
788.6559083500298	1.0	NonTarget	1	201896
788.7809082958792	1.0	NonTarget	1	201928
788.9059082417285	1.0	NonTarget	1	201960
789.0309081875779	1.0	NonTarget	1	201992
789.1559081334271	1.0	NonTarget	1	202024
789.2809080792765	1.0	NonTarget	1	202056
789.4059080251259	1.0	NonTarget	1	202088
789.5309079709752	1.0	NonTarget	1	202120
789.6559079168246	1.0	NonTarget	1	202152
789.780907862674	1.0	NonTarget	1	202184
789.9059078085234	1.0	NonTarget	1	202216
790.0309077543727	1.0	NonTarget	1	202248
790.155907700222	1.0	NonTarget	1	202280
790.2809076460713	1.0	NonTarget	1	202312
790.4059075919207	1.0	NonTarget	1	202344
790.5309075377701	1.0	NonTarget	1	202376
790.6559074836194	1.0	NonTarget	1	202408
790.7809074294688	1.0	NonTarget	1	202440
790.9059073753182	1.0	NonTarget	1	202472
791.0309073211674	1.0	NonTarget	1	202504
791.1559072670168	1.0	NonTarget	1	202536
791.2809072128662	1.0	NonTarget	1	202568
791.4059071587155	1.0	NonTarget	1	202600
791.5309071045649	1.0	NonTarget	1	202632
791.6559070504143	1.0	NonTarget	1	202664
791.7809069962636	1.0	NonTarget	1	202696
791.905906942113	1.0	NonTarget	1	202728
792.0309068879623	1.0	NonTarget	1	202760
792.1559068338116	1.0	NonTarget	1	202792
792.280906779661	1.0	NonTarget	1	202824
792.4059067255104	1.0	NonTarget	1	202856
792.5309066713597	1.0	NonTarget	1	202888
792.6559066172091	1.0	NonTarget	1	202920
792.7809065630585	1.0	NonTarget	1	202952
792.9059065089078	1.0	NonTarget	1	202984
793.0309064547571	1.0	NonTarget	1	203016
793.1559064006065	1.0	NonTarget	1	203048
793.2809063464558	1.0	NonTarget	1	203080
793.4059062923052	1.0	NonTarget	1	203112
793.5309062381546	1.0	NonTarget	1	203144
793.6559061840039	1.0	NonTarget	1	203176
793.7809061298533	1.0	NonTarget	1	203208
793.9059060757027	1.0	NonTarget	1	203240
794.0309060215519	1.0	NonTarget	1	203272
794.1559059674013	1.0	NonTarget	1	203304
794.2809059132506	1.0	NonTarget	1	203336
794.4059058591	1.0	NonTarget	1	203368
794.5309058049494	1.0	NonTarget	1	203400
794.6559057507988	1.0	NonTarget	1	203432
794.7809056966481	1.0	NonTarget	1	203464
794.9059056424974	1.0	NonTarget	1	203496
795.0309055883467	1.0	NonTarget	1	203528
795.1559055341961	1.0	NonTarget	1	203560
795.2809054800455	1.0	NonTarget	1	203592
795.4059054258948	1.0	NonTarget	1	203624
795.5309053717442	1.0	NonTarget	1	203656
795.6559053175936	1.0	NonTarget	1	203688
795.780905263443	1.0	NonTarget	1	203720
795.9059052092922	1.0	NonTarget	1	203752
796.0309051551416	1.0	NonTarget	1	203784
796.1559051009909	1.0	NonTarget	1	203816
796.2809050468403	1.0	NonTarget	1	203848
796.4059049926897	1.0	NonTarget	1	203880
802.530902339308	1.0	NonTarget	1	205448
802.6559022851573	1.0	NonTarget	1	205480
802.7809022310066	1.0	NonTarget	1	205512
802.905902176856	1.0	NonTarget	1	205544
803.0309021227054	1.0	NonTarget	1	205576
803.1559020685547	1.0	NonTarget	1	205608
803.2809020144041	1.0	NonTarget	1	205640
803.4059019602535	1.0	NonTarget	1	205672
803.5309019061028	1.0	NonTarget	1	205704
803.6559018519521	1.0	NonTarget	1	205736
803.7809017978014	1.0	NonTarget	1	205768
803.9059017436508	1.0	NonTarget	1	205800
804.0309016895002	1.0	NonTarget	1	205832
804.1559016353496	1.0	NonTarget	1	205864
804.2809015811989	1.0	NonTarget	1	205896
804.4059015270483	1.0	NonTarget	1	205928
804.5309014728977	1.0	NonTarget	1	205960
804.6559014187469	1.0	NonTarget	1	205992
804.7809013645963	1.0	NonTarget	1	206024
804.9059013104456	1.0	NonTarget	1	206056
805.030901256295	1.0	NonTarget	1	206088
805.1559012021444	1.0	NonTarget	1	206120
805.2809011479937	1.0	NonTarget	1	206152
805.4059010938431	1.0	NonTarget	1	206184
805.5309010396924	1.0	NonTarget	1	206216
805.6559009855417	1.0	NonTarget	1	206248
805.7809009313911	1.0	NonTarget	1	206280
805.9059008772405	1.0	NonTarget	1	206312
806.0309008230898	1.0	NonTarget	1	206344
806.1559007689392	1.0	NonTarget	1	206376
806.2809007147886	1.0	NonTarget	1	206408
806.4059006606379	1.0	NonTarget	1	206440
806.5309006064872	1.0	NonTarget	1	206472
806.6559005523366	1.0	NonTarget	1	206504
806.7809004981859	1.0	NonTarget	1	206536
806.9059004440353	1.0	NonTarget	1	206568
807.0309003898847	1.0	NonTarget	1	206600
807.155900335734	1.0	NonTarget	1	206632
807.2809002815834	1.0	NonTarget	1	206664
807.4059002274328	1.0	NonTarget	1	206696
807.530900173282	1.0	NonTarget	1	206728
807.6559001191314	1.0	NonTarget	1	206760
807.7809000649808	1.0	NonTarget	1	206792
807.9059000108301	1.0	NonTarget	1	206824
808.0308999566795	1.0	NonTarget	1	206856
808.1558999025289	1.0	NonTarget	1	206888
808.2808998483782	1.0	NonTarget	1	206920
808.4058997942276	1.0	NonTarget	1	206952
808.5308997400768	1.0	NonTarget	1	206984
808.6558996859262	1.0	NonTarget	1	207016
808.7808996317756	1.0	NonTarget	1	207048
808.905899577625	1.0	NonTarget	1	207080
809.0308995234743	1.0	NonTarget	1	207112
809.1558994693237	1.0	NonTarget	1	207144
809.280899415173	1.0	NonTarget	1	207176
809.4058993610223	1.0	NonTarget	1	207208
809.5308993068717	1.0	NonTarget	1	207240
809.655899252721	1.0	NonTarget	1	207272
809.7808991985704	1.0	NonTarget	1	207304
809.9058991444198	1.0	NonTarget	1	207336
810.0308990902691	1.0	NonTarget	1	207368
810.1558990361185	1.0	NonTarget	1	207400
810.2808989819679	1.0	NonTarget	1	207432
810.4058989278171	1.0	NonTarget	1	207464
810.5308988736665	1.0	NonTarget	1	207496
810.6558988195159	1.0	NonTarget	1	207528
810.7808987653652	1.0	NonTarget	1	207560
810.9058987112146	1.0	NonTarget	1	207592
811.030898657064	1.0	NonTarget	1	207624
811.1558986029133	1.0	NonTarget	1	207656
811.2808985487627	1.0	NonTarget	1	207688
811.405898494612	1.0	NonTarget	1	207720
811.5308984404613	1.0	NonTarget	1	207752
811.6558983863107	1.0	NonTarget	1	207784
811.7808983321601	1.0	NonTarget	1	207816
811.9058982780094	1.0	NonTarget	1	207848
812.0308982238588	1.0	NonTarget	1	207880
812.1558981697082	1.0	NonTarget	1	207912
812.2808981155575	1.0	NonTarget	1	207944
812.4058980614068	1.0	NonTarget	1	207976
812.5308980072562	1.0	NonTarget	1	208008
812.6558979531055	1.0	NonTarget	1	208040
812.7808978989549	1.0	NonTarget	1	208072
812.9058978448043	1.0	NonTarget	1	208104
813.0308977906536	1.0	NonTarget	1	208136
813.155897736503	1.0	NonTarget	1	208168
813.2808976823522	1.0	NonTarget	1	208200
813.4058976282016	1.0	NonTarget	1	208232
813.530897574051	1.0	NonTarget	1	208264
813.6558975199003	1.0	NonTarget	1	208296
813.7808974657497	1.0	NonTarget	1	208328
813.9058974115991	1.0	NonTarget	1	208360
814.0308973574485	1.0	NonTarget	1	208392
814.1558973032978	1.0	NonTarget	1	208424
814.2808972491471	1.0	NonTarget	1	208456
814.4058971949964	1.0	NonTarget	1	208488
814.5308971408458	1.0	NonTarget	1	208520
814.6558970866952	1.0	NonTarget	1	208552
814.7808970325445	1.0	NonTarget	1	208584
814.9058969783939	1.0	NonTarget	1	208616
815.0308969242433	1.0	NonTarget	1	208648
815.1558968700926	1.0	NonTarget	1	208680
815.2808968159419	1.0	NonTarget	1	208712
815.4058967617913	1.0	NonTarget	1	208744
815.5308967076406	1.0	NonTarget	1	208776
815.65589665349	1.0	NonTarget	1	208808
815.7808965993394	1.0	NonTarget	1	208840
815.9058965451887	1.0	NonTarget	1	208872
816.0308964910381	1.0	NonTarget	1	208904
816.1558964368875	1.0	NonTarget	1	208936
816.2808963827367	1.0	NonTarget	1	208968
816.4058963285861	1.0	NonTarget	1	209000
816.5308962744355	1.0	NonTarget	1	209032
816.6558962202848	1.0	NonTarget	1	209064
816.7808961661342	1.0	NonTarget	1	209096
816.9058961119836	1.0	NonTarget	1	209128
817.0308960578329	1.0	NonTarget	1	209160
817.1558960036822	1.0	NonTarget	1	209192
817.2808959495316	1.0	NonTarget	1	209224
817.4058958953809	1.0	NonTarget	1	209256
823.5308932419993	1.0	NonTarget	1	210824
823.6558931878486	1.0	NonTarget	1	210856
823.780893133698	1.0	NonTarget	1	210888
823.9058930795474	1.0	NonTarget	1	210920
824.0308930253966	1.0	NonTarget	1	210952
824.155892971246	1.0	NonTarget	1	210984
824.2808929170953	1.0	NonTarget	1	211016
824.4058928629447	1.0	NonTarget	1	211048
824.5308928087941	1.0	NonTarget	1	211080
824.6558927546434	1.0	NonTarget	1	211112
824.7808927004928	1.0	NonTarget	1	211144
824.9058926463421	1.0	NonTarget	1	211176
825.0308925921914	1.0	NonTarget	1	211208
825.1558925380408	1.0	NonTarget	1	211240
825.2808924838902	1.0	NonTarget	1	211272
825.4058924297395	1.0	NonTarget	1	211304
825.5308923755889	1.0	NonTarget	1	211336
825.6558923214383	1.0	NonTarget	1	211368
825.7808922672876	1.0	NonTarget	1	211400
825.9058922131369	1.0	NonTarget	1	211432
826.0308921589863	1.0	NonTarget	1	211464
826.1558921048356	1.0	NonTarget	1	211496
826.280892050685	1.0	NonTarget	1	211528
826.4058919965344	1.0	NonTarget	1	211560
826.5308919423837	1.0	NonTarget	1	211592
826.6558918882331	1.0	NonTarget	1	211624
826.7808918340825	1.0	NonTarget	1	211656
826.9058917799317	1.0	NonTarget	1	211688
827.0308917257811	1.0	NonTarget	1	211720
827.1558916716305	1.0	NonTarget	1	211752
827.2808916174798	1.0	NonTarget	1	211784
827.4058915633292	1.0	NonTarget	1	211816
827.5308915091786	1.0	NonTarget	1	211848
827.6558914550279	1.0	NonTarget	1	211880
827.7808914008773	1.0	NonTarget	1	211912
827.9058913467265	1.0	NonTarget	1	211944
828.0308912925759	1.0	NonTarget	1	211976
828.1558912384253	1.0	NonTarget	1	212008
828.2808911842747	1.0	NonTarget	1	212040
828.405891130124	1.0	NonTarget	1	212072
828.5308910759734	1.0	NonTarget	1	212104
828.6558910218228	1.0	NonTarget	1	212136
828.780890967672	1.0	NonTarget	1	212168
828.9058909135214	1.0	NonTarget	1	212200
829.0308908593707	1.0	NonTarget	1	212232
829.1558908052201	1.0	NonTarget	1	212264
829.2808907510695	1.0	NonTarget	1	212296
829.4058906969188	1.0	NonTarget	1	212328
829.5308906427682	1.0	NonTarget	1	212360
829.6558905886176	1.0	NonTarget	1	212392
829.7808905344668	1.0	NonTarget	1	212424
829.9058904803162	1.0	NonTarget	1	212456
830.0308904261656	1.0	NonTarget	1	212488
830.1558903720149	1.0	NonTarget	1	212520
830.2808903178643	1.0	NonTarget	1	212552
830.4058902637137	1.0	NonTarget	1	212584
830.530890209563	1.0	NonTarget	1	212616
830.6558901554124	1.0	NonTarget	1	212648
830.7808901012617	1.0	NonTarget	1	212680
830.905890047111	1.0	NonTarget	1	212712
831.0308899929604	1.0	NonTarget	1	212744
831.1558899388098	1.0	NonTarget	1	212776
831.2808898846591	1.0	NonTarget	1	212808
831.4058898305085	1.0	NonTarget	1	212840
831.5308897763579	1.0	NonTarget	1	212872
831.6558897222072	1.0	NonTarget	1	212904
831.7808896680565	1.0	NonTarget	1	212936
831.9058896139059	1.0	NonTarget	1	212968
832.0308895597552	1.0	NonTarget	1	213000
832.1558895056046	1.0	NonTarget	1	213032
832.280889451454	1.0	NonTarget	1	213064
832.4058893973033	1.0	NonTarget	1	213096
832.5308893431527	1.0	NonTarget	1	213128
832.655889289002	1.0	NonTarget	1	213160
832.7808892348513	1.0	NonTarget	1	213192
832.9058891807007	1.0	NonTarget	1	213224
833.03088912655	1.0	NonTarget	1	213256
833.1558890723994	1.0	NonTarget	1	213288
833.2808890182488	1.0	NonTarget	1	213320
833.4058889640982	1.0	NonTarget	1	213352
833.5308889099475	1.0	NonTarget	1	213384
833.6558888557968	1.0	NonTarget	1	213416
833.7808888016461	1.0	NonTarget	1	213448
833.9058887474955	1.0	NonTarget	1	213480
834.0308886933449	1.0	NonTarget	1	213512
834.1558886391942	1.0	NonTarget	1	213544
834.2808885850436	1.0	NonTarget	1	213576
834.405888530893	1.0	NonTarget	1	213608
834.5308884767423	1.0	NonTarget	1	213640
834.6558884225916	1.0	NonTarget	1	213672
834.780888368441	1.0	NonTarget	1	213704
834.9058883142903	1.0	NonTarget	1	213736
835.0308882601397	1.0	NonTarget	1	213768
835.1558882059891	1.0	NonTarget	1	213800
835.2808881518384	1.0	NonTarget	1	213832
835.4058880976878	1.0	NonTarget	1	213864
835.5308880435372	1.0	NonTarget	1	213896
835.6558879893864	1.0	NonTarget	1	213928
835.7808879352358	1.0	NonTarget	1	213960
835.9058878810852	1.0	NonTarget	1	213992
836.0308878269345	1.0	NonTarget	1	214024
836.1558877727839	1.0	NonTarget	1	214056
836.2808877186333	1.0	NonTarget	1	214088
836.4058876644826	1.0	NonTarget	1	214120
836.5308876103319	1.0	NonTarget	1	214152
836.6558875561813	1.0	NonTarget	1	214184
836.7808875020306	1.0	NonTarget	1	214216
836.90588744788	1.0	NonTarget	1	214248
837.0308873937294	1.0	NonTarget	1	214280
837.1558873395787	1.0	NonTarget	1	214312
837.2808872854281	1.0	NonTarget	1	214344
837.4058872312775	1.0	NonTarget	1	214376
837.5308871771267	1.0	NonTarget	1	214408
837.6558871229761	1.0	NonTarget	1	214440
837.7808870688255	1.0	NonTarget	1	214472
837.9058870146748	1.0	NonTarget	1	214504
838.0308869605242	1.0	NonTarget	1	214536
838.1558869063736	1.0	NonTarget	1	214568
838.2808868522229	1.0	NonTarget	1	214600
838.4058867980723	1.0	NonTarget	1	214632
844.5308841446905	1.0	NonTarget	1	216200
844.6558840905399	1.0	NonTarget	1	216232
844.7808840363892	1.0	NonTarget	1	216264
844.9058839822386	1.0	NonTarget	1	216296
845.030883928088	1.0	NonTarget	1	216328
845.1558838739373	1.0	NonTarget	1	216360
845.2808838197866	1.0	NonTarget	1	216392
845.405883765636	1.0	NonTarget	1	216424
845.5308837114853	1.0	NonTarget	1	216456
845.6558836573347	1.0	NonTarget	1	216488
845.7808836031841	1.0	NonTarget	1	216520
845.9058835490334	1.0	NonTarget	1	216552
846.0308834948828	1.0	NonTarget	1	216584
846.1558834407322	1.0	NonTarget	1	216616
846.2808833865814	1.0	NonTarget	1	216648
846.4058833324308	1.0	NonTarget	1	216680
846.5308832782802	1.0	NonTarget	1	216712
846.6558832241295	1.0	NonTarget	1	216744
846.7808831699789	1.0	NonTarget	1	216776
846.9058831158283	1.0	NonTarget	1	216808
847.0308830616776	1.0	NonTarget	1	216840
847.155883007527	1.0	NonTarget	1	216872
847.2808829533762	1.0	NonTarget	1	216904
847.4058828992256	1.0	NonTarget	1	216936
847.530882845075	1.0	NonTarget	1	216968
847.6558827909244	1.0	NonTarget	1	217000
847.7808827367737	1.0	NonTarget	1	217032
847.9058826826231	1.0	NonTarget	1	217064
848.0308826284725	1.0	NonTarget	1	217096
848.1558825743217	1.0	NonTarget	1	217128
848.2808825201711	1.0	NonTarget	1	217160
848.4058824660204	1.0	NonTarget	1	217192
848.5308824118698	1.0	NonTarget	1	217224
848.6558823577192	1.0	NonTarget	1	217256
848.7808823035685	1.0	NonTarget	1	217288
848.9058822494179	1.0	NonTarget	1	217320
849.0308821952673	1.0	NonTarget	1	217352
849.1558821411165	1.0	NonTarget	1	217384
849.2808820869659	1.0	NonTarget	1	217416
849.4058820328153	1.0	NonTarget	1	217448
849.5308819786646	1.0	NonTarget	1	217480
849.655881924514	1.0	NonTarget	1	217512
849.7808818703634	1.0	NonTarget	1	217544
849.9058818162127	1.0	NonTarget	1	217576
850.0308817620621	1.0	NonTarget	1	217608
850.1558817079114	1.0	NonTarget	1	217640
850.2808816537607	1.0	NonTarget	1	217672
850.4058815996101	1.0	NonTarget	1	217704
850.5308815454595	1.0	NonTarget	1	217736
850.6558814913088	1.0	NonTarget	1	217768
850.7808814371582	1.0	NonTarget	1	217800
850.9058813830076	1.0	NonTarget	1	217832
851.0308813288569	1.0	NonTarget	1	217864
851.1558812747062	1.0	NonTarget	1	217896
851.2808812205556	1.0	NonTarget	1	217928
851.4058811664049	1.0	NonTarget	1	217960
851.5308811122543	1.0	NonTarget	1	217992
851.6558810581037	1.0	NonTarget	1	218024
851.780881003953	1.0	NonTarget	1	218056
851.9058809498024	1.0	NonTarget	1	218088
852.0308808956516	1.0	NonTarget	1	218120
852.155880841501	1.0	NonTarget	1	218152
852.2808807873504	1.0	NonTarget	1	218184
852.4058807331998	1.0	NonTarget	1	218216
852.5308806790491	1.0	NonTarget	1	218248
852.6558806248985	1.0	NonTarget	1	218280
852.7808805707479	1.0	NonTarget	1	218312
852.9058805165972	1.0	NonTarget	1	218344
853.0308804624465	1.0	NonTarget	1	218376
853.1558804082958	1.0	NonTarget	1	218408
853.2808803541452	1.0	NonTarget	1	218440
853.4058802999946	1.0	NonTarget	1	218472
853.530880245844	1.0	NonTarget	1	218504
853.6558801916933	1.0	NonTarget	1	218536
853.7808801375427	1.0	NonTarget	1	218568
853.905880083392	1.0	NonTarget	1	218600
854.0308800292413	1.0	NonTarget	1	218632
854.1558799750907	1.0	NonTarget	1	218664
854.28087992094	1.0	NonTarget	1	218696
854.4058798667894	1.0	NonTarget	1	218728
854.5308798126388	1.0	NonTarget	1	218760
854.6558797584881	1.0	NonTarget	1	218792
854.7808797043375	1.0	NonTarget	1	218824
854.9058796501869	1.0	NonTarget	1	218856
855.0308795960361	1.0	NonTarget	1	218888
855.1558795418855	1.0	NonTarget	1	218920
855.2808794877349	1.0	NonTarget	1	218952
855.4058794335842	1.0	NonTarget	1	218984
855.5308793794336	1.0	NonTarget	1	219016
855.655879325283	1.0	NonTarget	1	219048
855.7808792711323	1.0	NonTarget	1	219080
855.9058792169816	1.0	NonTarget	1	219112
856.030879162831	1.0	NonTarget	1	219144
856.1558791086803	1.0	NonTarget	1	219176
856.2808790545297	1.0	NonTarget	1	219208
856.4058790003791	1.0	NonTarget	1	219240
856.5308789462284	1.0	NonTarget	1	219272
856.6558788920778	1.0	NonTarget	1	219304
856.7808788379272	1.0	NonTarget	1	219336
856.9058787837764	1.0	NonTarget	1	219368
857.0308787296258	1.0	NonTarget	1	219400
857.1558786754752	1.0	NonTarget	1	219432
857.2808786213245	1.0	NonTarget	1	219464
857.4058785671739	1.0	NonTarget	1	219496
857.5308785130233	1.0	NonTarget	1	219528
857.6558784588726	1.0	NonTarget	1	219560
857.780878404722	1.0	NonTarget	1	219592
857.9058783505712	1.0	NonTarget	1	219624
858.0308782964206	1.0	NonTarget	1	219656
858.15587824227	1.0	NonTarget	1	219688
858.2808781881193	1.0	NonTarget	1	219720
858.4058781339687	1.0	NonTarget	1	219752
858.5308780798181	1.0	NonTarget	1	219784
858.6558780256674	1.0	NonTarget	1	219816
858.7808779715168	1.0	NonTarget	1	219848
858.9058779173661	1.0	NonTarget	1	219880
859.0308778632154	1.0	NonTarget	1	219912
859.1558778090648	1.0	NonTarget	1	219944
859.2808777549142	1.0	NonTarget	1	219976
859.4058777007635	1.0	NonTarget	1	220008
865.5308750473819	1.0	NonTarget	1	221576
865.6558749932311	1.0	NonTarget	1	221608
865.7808749390805	1.0	NonTarget	1	221640
865.9058748849299	1.0	NonTarget	1	221672
866.0308748307792	1.0	NonTarget	1	221704
866.1558747766286	1.0	NonTarget	1	221736
866.280874722478	1.0	NonTarget	1	221768
866.4058746683273	1.0	NonTarget	1	221800
866.5308746141766	1.0	NonTarget	1	221832
866.655874560026	1.0	NonTarget	1	221864
866.7808745058753	1.0	NonTarget	1	221896
866.9058744517247	1.0	NonTarget	1	221928
867.030874397574	1.0	NonTarget	1	221960
867.1558743434234	1.0	NonTarget	1	221992
867.2808742892728	1.0	NonTarget	1	222024
867.4058742351222	1.0	NonTarget	1	222056
867.5308741809714	1.0	NonTarget	1	222088
867.6558741268208	1.0	NonTarget	1	222120
867.7808740726701	1.0	NonTarget	1	222152
867.9058740185195	1.0	NonTarget	1	222184
868.0308739643689	1.0	NonTarget	1	222216
868.1558739102182	1.0	NonTarget	1	222248
868.2808738560676	1.0	NonTarget	1	222280
868.405873801917	1.0	NonTarget	1	222312
868.5308737477662	1.0	NonTarget	1	222344
868.6558736936156	1.0	NonTarget	1	222376
868.780873639465	1.0	NonTarget	1	222408
868.9058735853143	1.0	NonTarget	1	222440
869.0308735311637	1.0	NonTarget	1	222472
869.1558734770131	1.0	NonTarget	1	222504
869.2808734228624	1.0	NonTarget	1	222536
869.4058733687118	1.0	NonTarget	1	222568
869.5308733145611	1.0	NonTarget	1	222600
869.6558732604104	1.0	NonTarget	1	222632
869.7808732062598	1.0	NonTarget	1	222664
869.9058731521092	1.0	NonTarget	1	222696
870.0308730979585	1.0	NonTarget	1	222728
870.1558730438079	1.0	NonTarget	1	222760
870.2808729896573	1.0	NonTarget	1	222792
870.4058729355065	1.0	NonTarget	1	222824
870.5308728813559	1.0	NonTarget	1	222856
870.6558728272053	1.0	NonTarget	1	222888
870.7808727730546	1.0	NonTarget	1	222920
870.905872718904	1.0	NonTarget	1	222952
871.0308726647534	1.0	NonTarget	1	222984
871.1558726106027	1.0	NonTarget	1	223016
871.2808725564521	1.0	NonTarget	1	223048
871.4058725023013	1.0	NonTarget	1	223080
871.5308724481507	1.0	NonTarget	1	223112
871.6558723940001	1.0	NonTarget	1	223144
871.7808723398495	1.0	NonTarget	1	223176
871.9058722856988	1.0	NonTarget	1	223208
872.0308722315482	1.0	NonTarget	1	223240
872.1558721773976	1.0	NonTarget	1	223272
872.2808721232469	1.0	NonTarget	1	223304
872.4058720690962	1.0	NonTarget	1	223336
872.5308720149455	1.0	NonTarget	1	223368
872.6558719607949	1.0	NonTarget	1	223400
872.7808719066443	1.0	NonTarget	1	223432
872.9058718524936	1.0	NonTarget	1	223464
873.030871798343	1.0	NonTarget	1	223496
873.1558717441924	1.0	NonTarget	1	223528
873.2808716900417	1.0	NonTarget	1	223560
873.405871635891	1.0	NonTarget	1	223592
873.5308715817404	1.0	NonTarget	1	223624
873.6558715275897	1.0	NonTarget	1	223656
873.7808714734391	1.0	NonTarget	1	223688
873.9058714192885	1.0	NonTarget	1	223720
874.0308713651378	1.0	NonTarget	1	223752
874.1558713109872	1.0	NonTarget	1	223784
874.2808712568365	1.0	NonTarget	1	223816
874.4058712026858	1.0	NonTarget	1	223848
874.5308711485352	1.0	NonTarget	1	223880
874.6558710943846	1.0	NonTarget	1	223912
874.7808710402339	1.0	NonTarget	1	223944
874.9058709860833	1.0	NonTarget	1	223976
875.0308709319327	1.0	NonTarget	1	224008
875.155870877782	1.0	NonTarget	1	224040
875.2808708236313	1.0	NonTarget	1	224072
875.4058707694807	1.0	NonTarget	1	224104
875.53087071533	1.0	NonTarget	1	224136
875.6558706611794	1.0	NonTarget	1	224168
875.7808706070288	1.0	NonTarget	1	224200
875.9058705528781	1.0	NonTarget	1	224232
876.0308704987275	1.0	NonTarget	1	224264
876.1558704445769	1.0	NonTarget	1	224296
876.2808703904261	1.0	NonTarget	1	224328
876.4058703362755	1.0	NonTarget	1	224360
876.5308702821249	1.0	NonTarget	1	224392
876.6558702279742	1.0	NonTarget	1	224424
876.7808701738236	1.0	NonTarget	1	224456
876.905870119673	1.0	NonTarget	1	224488
877.0308700655223	1.0	NonTarget	1	224520
877.1558700113717	1.0	NonTarget	1	224552
877.280869957221	1.0	NonTarget	1	224584
877.4058699030703	1.0	NonTarget	1	224616
877.5308698489197	1.0	NonTarget	1	224648
877.655869794769	1.0	NonTarget	1	224680
877.7808697406184	1.0	NonTarget	1	224712
877.9058696864678	1.0	NonTarget	1	224744
878.0308696323171	1.0	NonTarget	1	224776
878.1558695781664	1.0	NonTarget	1	224808
878.2808695240158	1.0	NonTarget	1	224840
878.4058694698651	1.0	NonTarget	1	224872
878.5308694157145	1.0	NonTarget	1	224904
878.6558693615639	1.0	NonTarget	1	224936
878.7808693074132	1.0	NonTarget	1	224968
878.9058692532626	1.0	NonTarget	1	225000
879.030869199112	1.0	NonTarget	1	225032
879.1558691449612	1.0	NonTarget	1	225064
879.2808690908106	1.0	NonTarget	1	225096
879.40586903666	1.0	NonTarget	1	225128
879.5308689825093	1.0	NonTarget	1	225160
879.6558689283587	1.0	NonTarget	1	225192
879.7808688742081	1.0	NonTarget	1	225224
879.9058688200574	1.0	NonTarget	1	225256
880.0308687659068	1.0	NonTarget	1	225288
880.155868711756	1.0	NonTarget	1	225320
880.2808686576054	1.0	NonTarget	1	225352
880.4058686034548	1.0	NonTarget	1	225384
886.5308659500731	1.0	NonTarget	1	226952
886.6558658959225	1.0	NonTarget	1	226984
886.7808658417719	1.0	NonTarget	1	227016
886.9058657876211	1.0	NonTarget	1	227048
887.0308657334705	1.0	NonTarget	1	227080
887.1558656793198	1.0	NonTarget	1	227112
887.2808656251692	1.0	NonTarget	1	227144
887.4058655710186	1.0	NonTarget	1	227176
887.530865516868	1.0	NonTarget	1	227208
887.6558654627173	1.0	NonTarget	1	227240
887.7808654085667	1.0	NonTarget	1	227272
887.9058653544159	1.0	NonTarget	1	227304
888.0308653002653	1.0	NonTarget	1	227336
888.1558652461147	1.0	NonTarget	1	227368
888.280865191964	1.0	NonTarget	1	227400
888.4058651378134	1.0	NonTarget	1	227432
888.5308650836628	1.0	NonTarget	1	227464
888.6558650295121	1.0	NonTarget	1	227496
888.7808649753615	1.0	NonTarget	1	227528
888.9058649212108	1.0	NonTarget	1	227560
889.0308648670601	1.0	NonTarget	1	227592
889.1558648129095	1.0	NonTarget	1	227624
889.2808647587589	1.0	NonTarget	1	227656
889.4058647046082	1.0	NonTarget	1	227688
889.5308646504576	1.0	NonTarget	1	227720
889.655864596307	1.0	NonTarget	1	227752
889.7808645421562	1.0	NonTarget	1	227784
889.9058644880056	1.0	NonTarget	1	227816
890.030864433855	1.0	NonTarget	1	227848
890.1558643797043	1.0	NonTarget	1	227880
890.2808643255537	1.0	NonTarget	1	227912
890.4058642714031	1.0	NonTarget	1	227944
890.5308642172524	1.0	NonTarget	1	227976
890.6558641631018	1.0	NonTarget	1	228008
890.780864108951	1.0	NonTarget	1	228040
890.9058640548004	1.0	NonTarget	1	228072
891.0308640006498	1.0	NonTarget	1	228104
891.1558639464992	1.0	NonTarget	1	228136
891.2808638923485	1.0	NonTarget	1	228168
891.4058638381979	1.0	NonTarget	1	228200
891.5308637840473	1.0	NonTarget	1	228232
891.6558637298966	1.0	NonTarget	1	228264
891.7808636757459	1.0	NonTarget	1	228296
891.9058636215952	1.0	NonTarget	1	228328
892.0308635674446	1.0	NonTarget	1	228360
892.155863513294	1.0	NonTarget	1	228392
892.2808634591433	1.0	NonTarget	1	228424
892.4058634049927	1.0	NonTarget	1	228456
892.5308633508421	1.0	NonTarget	1	228488
892.6558632966915	1.0	NonTarget	1	228520
892.7808632425407	1.0	NonTarget	1	228552
892.9058631883901	1.0	NonTarget	1	228584
893.0308631342394	1.0	NonTarget	1	228616
893.1558630800888	1.0	NonTarget	1	228648
893.2808630259382	1.0	NonTarget	1	228680
893.4058629717875	1.0	NonTarget	1	228712
893.5308629176369	1.0	NonTarget	1	228744
893.6558628634862	1.0	NonTarget	1	228776
893.7808628093355	1.0	NonTarget	1	228808
893.9058627551849	1.0	NonTarget	1	228840
894.0308627010343	1.0	NonTarget	1	228872
894.1558626468836	1.0	NonTarget	1	228904
894.280862592733	1.0	NonTarget	1	228936
894.4058625385824	1.0	NonTarget	1	228968
894.5308624844317	1.0	NonTarget	1	229000
894.655862430281	1.0	NonTarget	1	229032
894.7808623761304	1.0	NonTarget	1	229064
894.9058623219797	1.0	NonTarget	1	229096
895.0308622678291	1.0	NonTarget	1	229128
895.1558622136785	1.0	NonTarget	1	229160
895.2808621595278	1.0	NonTarget	1	229192
895.4058621053772	1.0	NonTarget	1	229224
895.5308620512266	1.0	NonTarget	1	229256
895.6558619970758	1.0	NonTarget	1	229288
895.7808619429252	1.0	NonTarget	1	229320
895.9058618887746	1.0	NonTarget	1	229352
896.0308618346239	1.0	NonTarget	1	229384
896.1558617804733	1.0	NonTarget	1	229416
896.2808617263227	1.0	NonTarget	1	229448
896.405861672172	1.0	NonTarget	1	229480
896.5308616180214	1.0	NonTarget	1	229512
896.6558615638706	1.0	NonTarget	1	229544
896.78086150972	1.0	NonTarget	1	229576
896.9058614555694	1.0	NonTarget	1	229608
897.0308614014187	1.0	NonTarget	1	229640
897.1558613472681	1.0	NonTarget	1	229672
897.2808612931175	1.0	NonTarget	1	229704
897.4058612389668	1.0	NonTarget	1	229736
897.5308611848161	1.0	NonTarget	1	229768
897.6558611306655	1.0	NonTarget	1	229800
897.7808610765148	1.0	NonTarget	1	229832
897.9058610223642	1.0	NonTarget	1	229864
898.0308609682136	1.0	NonTarget	1	229896
898.1558609140629	1.0	NonTarget	1	229928
898.2808608599123	1.0	NonTarget	1	229960
898.4058608057617	1.0	NonTarget	1	229992
898.5308607516109	1.0	NonTarget	1	230024
898.6558606974603	1.0	NonTarget	1	230056
898.7808606433097	1.0	NonTarget	1	230088
898.905860589159	1.0	NonTarget	1	230120
899.0308605350084	1.0	NonTarget	1	230152
899.1558604808578	1.0	NonTarget	1	230184
899.2808604267071	1.0	NonTarget	1	230216
899.4058603725565	1.0	NonTarget	1	230248
899.5308603184058	1.0	NonTarget	1	230280
899.6558602642551	1.0	NonTarget	1	230312
899.7808602101045	1.0	NonTarget	1	230344
899.9058601559539	1.0	NonTarget	1	230376
900.0308601018032	1.0	NonTarget	1	230408
900.1558600476526	1.0	NonTarget	1	230440
900.280859993502	1.0	NonTarget	1	230472
900.4058599393513	1.0	NonTarget	1	230504
900.5308598852006	1.0	NonTarget	1	230536
900.65585983105	1.0	NonTarget	1	230568
900.7808597768993	1.0	NonTarget	1	230600
900.9058597227487	1.0	NonTarget	1	230632
901.030859668598	1.0	NonTarget	1	230664
901.1558596144474	1.0	NonTarget	1	230696
901.2808595602968	1.0	NonTarget	1	230728
901.405859506146	1.0	NonTarget	1	230760
907.5308568527644	1.0	NonTarget	1	232328
907.6558567986137	1.0	NonTarget	1	232360
907.7808567444631	1.0	NonTarget	1	232392
907.9058566903125	1.0	NonTarget	1	232424
908.0308566361618	1.0	NonTarget	1	232456
908.1558565820112	1.0	NonTarget	1	232488
908.2808565278605	1.0	NonTarget	1	232520
908.4058564737098	1.0	NonTarget	1	232552
908.5308564195592	1.0	NonTarget	1	232584
908.6558563654086	1.0	NonTarget	1	232616
908.7808563112579	1.0	NonTarget	1	232648
908.9058562571073	1.0	NonTarget	1	232680
909.0308562029567	1.0	NonTarget	1	232712
909.1558561488059	1.0	NonTarget	1	232744
909.2808560946553	1.0	NonTarget	1	232776
909.4058560405047	1.0	NonTarget	1	232808
909.530855986354	1.0	NonTarget	1	232840
909.6558559322034	1.0	NonTarget	1	232872
909.7808558780528	1.0	NonTarget	1	232904
909.9058558239021	1.0	NonTarget	1	232936
910.0308557697515	1.0	NonTarget	1	232968
910.1558557156008	1.0	NonTarget	1	233000
910.2808556614501	1.0	NonTarget	1	233032
910.4058556072995	1.0	NonTarget	1	233064
910.5308555531489	1.0	NonTarget	1	233096
910.6558554989982	1.0	NonTarget	1	233128
910.7808554448476	1.0	NonTarget	1	233160
910.905855390697	1.0	NonTarget	1	233192
911.0308553365463	1.0	NonTarget	1	233224
911.1558552823956	1.0	NonTarget	1	233256
911.280855228245	1.0	NonTarget	1	233288
911.4058551740943	1.0	NonTarget	1	233320
911.5308551199437	1.0	NonTarget	1	233352
911.655855065793	1.0	NonTarget	1	233384
911.7808550116424	1.0	NonTarget	1	233416
911.9058549574918	1.0	NonTarget	1	233448
912.0308549033412	1.0	NonTarget	1	233480
912.1558548491904	1.0	NonTarget	1	233512
912.2808547950398	1.0	NonTarget	1	233544
912.4058547408891	1.0	NonTarget	1	233576
912.5308546867385	1.0	NonTarget	1	233608
912.6558546325879	1.0	NonTarget	1	233640
912.7808545784372	1.0	NonTarget	1	233672
912.9058545242866	1.0	NonTarget	1	233704
913.0308544701359	1.0	NonTarget	1	233736
913.1558544159852	1.0	NonTarget	1	233768
913.2808543618346	1.0	NonTarget	1	233800
913.405854307684	1.0	NonTarget	1	233832
913.5308542535333	1.0	NonTarget	1	233864
913.6558541993827	1.0	NonTarget	1	233896
913.7808541452321	1.0	NonTarget	1	233928
913.9058540910814	1.0	NonTarget	1	233960
914.0308540369307	1.0	NonTarget	1	233992
914.1558539827801	1.0	NonTarget	1	234024
914.2808539286294	1.0	NonTarget	1	234056
914.4058538744788	1.0	NonTarget	1	234088
914.5308538203282	1.0	NonTarget	1	234120
914.6558537661775	1.0	NonTarget	1	234152
914.7808537120269	1.0	NonTarget	1	234184
914.9058536578763	1.0	NonTarget	1	234216
915.0308536037255	1.0	NonTarget	1	234248
915.1558535495749	1.0	NonTarget	1	234280
915.2808534954243	1.0	NonTarget	1	234312
915.4058534412736	1.0	NonTarget	1	234344
915.530853387123	1.0	NonTarget	1	234376
915.6558533329724	1.0	NonTarget	1	234408
915.7808532788217	1.0	NonTarget	1	234440
915.905853224671	1.0	NonTarget	1	234472
916.0308531705203	1.0	NonTarget	1	234504
916.1558531163697	1.0	NonTarget	1	234536
916.2808530622191	1.0	NonTarget	1	234568
916.4058530080684	1.0	NonTarget	1	234600
916.5308529539178	1.0	NonTarget	1	234632
916.6558528997672	1.0	NonTarget	1	234664
916.7808528456166	1.0	NonTarget	1	234696
916.9058527914658	1.0	NonTarget	1	234728
917.0308527373152	1.0	NonTarget	1	234760
917.1558526831645	1.0	NonTarget	1	234792
917.2808526290139	1.0	NonTarget	1	234824
917.4058525748633	1.0	NonTarget	1	234856
917.5308525207126	1.0	NonTarget	1	234888
917.655852466562	1.0	NonTarget	1	234920
917.7808524124114	1.0	NonTarget	1	234952
917.9058523582606	1.0	NonTarget	1	234984
918.03085230411	1.0	NonTarget	1	235016
918.1558522499594	1.0	NonTarget	1	235048
918.2808521958087	1.0	NonTarget	1	235080
918.4058521416581	1.0	NonTarget	1	235112
918.5308520875075	1.0	NonTarget	1	235144
918.6558520333568	1.0	NonTarget	1	235176
918.7808519792062	1.0	NonTarget	1	235208
918.9058519250555	1.0	NonTarget	1	235240
919.0308518709048	1.0	NonTarget	1	235272
919.1558518167542	1.0	NonTarget	1	235304
919.2808517626036	1.0	NonTarget	1	235336
919.4058517084529	1.0	NonTarget	1	235368
919.5308516543023	1.0	NonTarget	1	235400
919.6558516001517	1.0	NonTarget	1	235432
919.7808515460009	1.0	NonTarget	1	235464
919.9058514918503	1.0	NonTarget	1	235496
920.0308514376997	1.0	NonTarget	1	235528
920.155851383549	1.0	NonTarget	1	235560
920.2808513293984	1.0	NonTarget	1	235592
920.4058512752478	1.0	NonTarget	1	235624
920.5308512210971	1.0	NonTarget	1	235656
920.6558511669465	1.0	NonTarget	1	235688
920.7808511127957	1.0	NonTarget	1	235720
920.9058510586451	1.0	NonTarget	1	235752
921.0308510044945	1.0	NonTarget	1	235784
921.1558509503438	1.0	NonTarget	1	235816
921.2808508961932	1.0	NonTarget	1	235848
921.4058508420426	1.0	NonTarget	1	235880
921.530850787892	1.0	NonTarget	1	235912
921.6558507337413	1.0	NonTarget	1	235944
921.7808506795906	1.0	NonTarget	1	235976
921.9058506254399	1.0	NonTarget	1	236008
922.0308505712893	1.0	NonTarget	1	236040
922.1558505171387	1.0	NonTarget	1	236072
922.280850462988	1.0	NonTarget	1	236104
922.4058504088374	1.0	NonTarget	1	236136
928.5308477554556	1.0	NonTarget	1	237704
928.655847701305	1.0	NonTarget	1	237736
928.7808476471544	1.0	NonTarget	1	237768
928.9058475930037	1.0	NonTarget	1	237800
929.0308475388531	1.0	NonTarget	1	237832
929.1558474847025	1.0	NonTarget	1	237864
929.2808474305518	1.0	NonTarget	1	237896
929.4058473764012	1.0	NonTarget	1	237928
929.5308473222505	1.0	NonTarget	1	237960
929.6558472680998	1.0	NonTarget	1	237992
929.7808472139492	1.0	NonTarget	1	238024
929.9058471597986	1.0	NonTarget	1	238056
930.0308471056479	1.0	NonTarget	1	238088
930.1558470514973	1.0	NonTarget	1	238120
930.2808469973467	1.0	NonTarget	1	238152
930.405846943196	1.0	NonTarget	1	238184
930.5308468890453	1.0	NonTarget	1	238216
930.6558468348946	1.0	NonTarget	1	238248
930.780846780744	1.0	NonTarget	1	238280
930.9058467265934	1.0	NonTarget	1	238312
931.0308466724427	1.0	NonTarget	1	238344
931.1558466182921	1.0	NonTarget	1	238376
931.2808465641415	1.0	NonTarget	1	238408
931.4058465099907	1.0	NonTarget	1	238440
931.5308464558401	1.0	NonTarget	1	238472
931.6558464016895	1.0	NonTarget	1	238504
931.7808463475388	1.0	NonTarget	1	238536
931.9058462933882	1.0	NonTarget	1	238568
932.0308462392376	1.0	NonTarget	1	238600
932.155846185087	1.0	NonTarget	1	238632
932.2808461309363	1.0	NonTarget	1	238664
932.4058460767856	1.0	NonTarget	1	238696
932.5308460226349	1.0	NonTarget	1	238728
932.6558459684843	1.0	NonTarget	1	238760
932.7808459143337	1.0	NonTarget	1	238792
932.905845860183	1.0	NonTarget	1	238824
933.0308458060324	1.0	NonTarget	1	238856
933.1558457518818	1.0	NonTarget	1	238888
933.2808456977311	1.0	NonTarget	1	238920
933.4058456435804	1.0	NonTarget	1	238952
933.5308455894298	1.0	NonTarget	1	238984
933.6558455352791	1.0	NonTarget	1	239016
933.7808454811285	1.0	NonTarget	1	239048
933.9058454269779	1.0	NonTarget	1	239080
934.0308453728272	1.0	NonTarget	1	239112
934.1558453186766	1.0	NonTarget	1	239144
934.280845264526	1.0	NonTarget	1	239176
934.4058452103752	1.0	NonTarget	1	239208
934.5308451562246	1.0	NonTarget	1	239240
934.655845102074	1.0	NonTarget	1	239272
934.7808450479233	1.0	NonTarget	1	239304
934.9058449937727	1.0	NonTarget	1	239336
935.030844939622	1.0	NonTarget	1	239368
935.1558448854714	1.0	NonTarget	1	239400
935.2808448313207	1.0	NonTarget	1	239432
935.40584477717	1.0	NonTarget	1	239464
935.5308447230194	1.0	NonTarget	1	239496
935.6558446688688	1.0	NonTarget	1	239528
935.7808446147181	1.0	NonTarget	1	239560
935.9058445605675	1.0	NonTarget	1	239592
936.0308445064169	1.0	NonTarget	1	239624
936.1558444522663	1.0	NonTarget	1	239656
936.2808443981155	1.0	NonTarget	1	239688
936.4058443439649	1.0	NonTarget	1	239720
936.5308442898142	1.0	NonTarget	1	239752
936.6558442356636	1.0	NonTarget	1	239784
936.780844181513	1.0	NonTarget	1	239816
936.9058441273623	1.0	NonTarget	1	239848
937.0308440732117	1.0	NonTarget	1	239880
937.1558440190611	1.0	NonTarget	1	239912
937.2808439649103	1.0	NonTarget	1	239944
937.4058439107597	1.0	NonTarget	1	239976
937.5308438566091	1.0	NonTarget	1	240008
937.6558438024584	1.0	NonTarget	1	240040
937.7808437483078	1.0	NonTarget	1	240072
937.9058436941572	1.0	NonTarget	1	240104
938.0308436400065	1.0	NonTarget	1	240136
938.1558435858559	1.0	NonTarget	1	240168
938.2808435317052	1.0	NonTarget	1	240200
938.4058434775545	1.0	NonTarget	1	240232
938.5308434234039	1.0	NonTarget	1	240264
938.6558433692533	1.0	NonTarget	1	240296
938.7808433151026	1.0	NonTarget	1	240328
938.905843260952	1.0	NonTarget	1	240360
939.0308432068014	1.0	NonTarget	1	240392
939.1558431526506	1.0	NonTarget	1	240424
939.2808430985	1.0	NonTarget	1	240456
939.4058430443494	1.0	NonTarget	1	240488
939.5308429901987	1.0	NonTarget	1	240520
939.6558429360481	1.0	NonTarget	1	240552
939.7808428818975	1.0	NonTarget	1	240584
939.9058428277468	1.0	NonTarget	1	240616
940.0308427735962	1.0	NonTarget	1	240648
940.1558427194454	1.0	NonTarget	1	240680
940.2808426652948	1.0	NonTarget	1	240712
940.4058426111442	1.0	NonTarget	1	240744
940.5308425569935	1.0	NonTarget	1	240776
940.6558425028429	1.0	NonTarget	1	240808
940.7808424486923	1.0	NonTarget	1	240840
940.9058423945417	1.0	NonTarget	1	240872
941.030842340391	1.0	NonTarget	1	240904
941.1558422862403	1.0	NonTarget	1	240936
941.2808422320896	1.0	NonTarget	1	240968
941.405842177939	1.0	NonTarget	1	241000
941.5308421237884	1.0	NonTarget	1	241032
941.6558420696377	1.0	NonTarget	1	241064
941.7808420154871	1.0	NonTarget	1	241096
941.9058419613365	1.0	NonTarget	1	241128
942.0308419071858	1.0	NonTarget	1	241160
942.1558418530351	1.0	NonTarget	1	241192
942.2808417988845	1.0	NonTarget	1	241224
942.4058417447338	1.0	NonTarget	1	241256
942.5308416905832	1.0	NonTarget	1	241288
942.6558416364326	1.0	NonTarget	1	241320
942.7808415822819	1.0	NonTarget	1	241352
942.9058415281313	1.0	NonTarget	1	241384
943.0308414739806	1.0	NonTarget	1	241416
943.1558414198299	1.0	NonTarget	1	241448
943.2808413656793	1.0	NonTarget	1	241480
943.4058413115287	1.0	NonTarget	1	241512
949.530838658147	1.0	NonTarget	1	243080
949.6558386039964	1.0	NonTarget	1	243112
949.7808385498457	1.0	NonTarget	1	243144
949.905838495695	1.0	NonTarget	1	243176
950.0308384415443	1.0	NonTarget	1	243208
950.1558383873937	1.0	NonTarget	1	243240
950.2808383332431	1.0	NonTarget	1	243272
950.4058382790924	1.0	NonTarget	1	243304
950.5308382249418	1.0	NonTarget	1	243336
950.6558381707912	1.0	NonTarget	1	243368
950.7808381166404	1.0	NonTarget	1	243400
950.9058380624898	1.0	NonTarget	1	243432
951.0308380083392	1.0	NonTarget	1	243464
951.1558379541885	1.0	NonTarget	1	243496
951.2808379000379	1.0	NonTarget	1	243528
951.4058378458873	1.0	NonTarget	1	243560
951.5308377917366	1.0	NonTarget	1	243592
951.655837737586	1.0	NonTarget	1	243624
951.7808376834353	1.0	NonTarget	1	243656
951.9058376292846	1.0	NonTarget	1	243688
952.030837575134	1.0	NonTarget	1	243720
952.1558375209834	1.0	NonTarget	1	243752
952.2808374668327	1.0	NonTarget	1	243784
952.4058374126821	1.0	NonTarget	1	243816
952.5308373585315	1.0	NonTarget	1	243848
952.6558373043808	1.0	NonTarget	1	243880
952.7808372502301	1.0	NonTarget	1	243912
952.9058371960795	1.0	NonTarget	1	243944
953.0308371419288	1.0	NonTarget	1	243976
953.1558370877782	1.0	NonTarget	1	244008
953.2808370336276	1.0	NonTarget	1	244040
953.4058369794769	1.0	NonTarget	1	244072
953.5308369253263	1.0	NonTarget	1	244104
953.6558368711757	1.0	NonTarget	1	244136
953.7808368170249	1.0	NonTarget	1	244168
953.9058367628743	1.0	NonTarget	1	244200
954.0308367087237	1.0	NonTarget	1	244232
954.155836654573	1.0	NonTarget	1	244264
954.2808366004224	1.0	NonTarget	1	244296
954.4058365462718	1.0	NonTarget	1	244328
954.5308364921211	1.0	NonTarget	1	244360
954.6558364379704	1.0	NonTarget	1	244392
954.7808363838197	1.0	NonTarget	1	244424
954.9058363296691	1.0	NonTarget	1	244456
955.0308362755185	1.0	NonTarget	1	244488
955.1558362213678	1.0	NonTarget	1	244520
955.2808361672172	1.0	NonTarget	1	244552
955.4058361130666	1.0	NonTarget	1	244584
955.530836058916	1.0	NonTarget	1	244616
955.6558360047652	1.0	NonTarget	1	244648
955.7808359506146	1.0	NonTarget	1	244680
955.9058358964639	1.0	NonTarget	1	244712
956.0308358423133	1.0	NonTarget	1	244744
956.1558357881627	1.0	NonTarget	1	244776
956.280835734012	1.0	NonTarget	1	244808
956.4058356798614	1.0	NonTarget	1	244840
956.5308356257108	1.0	NonTarget	1	244872
956.65583557156	1.0	NonTarget	1	244904
956.7808355174094	1.0	NonTarget	1	244936
956.9058354632588	1.0	NonTarget	1	244968
957.0308354091081	1.0	NonTarget	1	245000
957.1558353549575	1.0	NonTarget	1	245032
957.2808353008069	1.0	NonTarget	1	245064
957.4058352466562	1.0	NonTarget	1	245096
957.5308351925056	1.0	NonTarget	1	245128
957.6558351383549	1.0	NonTarget	1	245160
957.7808350842042	1.0	NonTarget	1	245192
957.9058350300536	1.0	NonTarget	1	245224
958.030834975903	1.0	NonTarget	1	245256
958.1558349217523	1.0	NonTarget	1	245288
958.2808348676017	1.0	NonTarget	1	245320
958.4058348134511	1.0	NonTarget	1	245352
958.5308347593003	1.0	NonTarget	1	245384
958.6558347051497	1.0	NonTarget	1	245416
958.780834650999	1.0	NonTarget	1	245448
958.9058345968484	1.0	NonTarget	1	245480
959.0308345426978	1.0	NonTarget	1	245512
959.1558344885472	1.0	NonTarget	1	245544
959.2808344343965	1.0	NonTarget	1	245576
959.4058343802459	1.0	NonTarget	1	245608
959.5308343260951	1.0	NonTarget	1	245640
959.6558342719445	1.0	NonTarget	1	245672
959.7808342177939	1.0	NonTarget	1	245704
959.9058341636432	1.0	NonTarget	1	245736
960.0308341094926	1.0	NonTarget	1	245768
960.155834055342	1.0	NonTarget	1	245800
960.2808340011914	1.0	NonTarget	1	245832
960.4058339470407	1.0	NonTarget	1	245864
960.53083389289	1.0	NonTarget	1	245896
960.6558338387393	1.0	NonTarget	1	245928
960.7808337845887	1.0	NonTarget	1	245960
960.9058337304381	1.0	NonTarget	1	245992
961.0308336762874	1.0	NonTarget	1	246024
961.1558336221368	1.0	NonTarget	1	246056
961.2808335679862	1.0	NonTarget	1	246088
961.4058335138355	1.0	NonTarget	1	246120
961.5308334596848	1.0	NonTarget	1	246152
961.6558334055342	1.0	NonTarget	1	246184
961.7808333513835	1.0	NonTarget	1	246216
961.9058332972329	1.0	NonTarget	1	246248
962.0308332430823	1.0	NonTarget	1	246280
962.1558331889316	1.0	NonTarget	1	246312
962.280833134781	1.0	NonTarget	1	246344
962.4058330806303	1.0	NonTarget	1	246376
962.5308330264796	1.0	NonTarget	1	246408
962.655832972329	1.0	NonTarget	1	246440
962.7808329181784	1.0	NonTarget	1	246472
962.9058328640277	1.0	NonTarget	1	246504
963.0308328098771	1.0	NonTarget	1	246536
963.1558327557265	1.0	NonTarget	1	246568
963.2808327015758	1.0	NonTarget	1	246600
963.4058326474251	1.0	NonTarget	1	246632
963.5308325932745	1.0	NonTarget	1	246664
963.6558325391238	1.0	NonTarget	1	246696
963.7808324849732	1.0	NonTarget	1	246728
963.9058324308226	1.0	NonTarget	1	246760
964.0308323766719	1.0	NonTarget	1	246792
964.1558323225213	1.0	NonTarget	1	246824
964.2808322683707	1.0	NonTarget	1	246856
964.4058322142199	1.0	NonTarget	1	246888
970.5308295608382	1.0	NonTarget	1	248456
970.6558295066876	1.0	NonTarget	1	248488
970.780829452537	1.0	NonTarget	1	248520
970.9058293983863	1.0	NonTarget	1	248552
971.0308293442357	1.0	NonTarget	1	248584
971.155829290085	1.0	NonTarget	1	248616
971.2808292359343	1.0	NonTarget	1	248648
971.4058291817837	1.0	NonTarget	1	248680
971.5308291276331	1.0	NonTarget	1	248712
971.6558290734824	1.0	NonTarget	1	248744
971.7808290193318	1.0	NonTarget	1	248776
971.9058289651812	1.0	NonTarget	1	248808
972.0308289110305	1.0	NonTarget	1	248840
972.1558288568798	1.0	NonTarget	1	248872
972.2808288027292	1.0	NonTarget	1	248904
972.4058287485785	1.0	NonTarget	1	248936
972.5308286944279	1.0	NonTarget	1	248968
972.6558286402773	1.0	NonTarget	1	249000
972.7808285861266	1.0	NonTarget	1	249032
972.905828531976	1.0	NonTarget	1	249064
973.0308284778253	1.0	NonTarget	1	249096
973.1558284236746	1.0	NonTarget	1	249128
973.280828369524	1.0	NonTarget	1	249160
973.4058283153734	1.0	NonTarget	1	249192
973.5308282612227	1.0	NonTarget	1	249224
973.6558282070721	1.0	NonTarget	1	249256
973.7808281529215	1.0	NonTarget	1	249288
973.9058280987708	1.0	NonTarget	1	249320
974.0308280446201	1.0	NonTarget	1	249352
974.1558279904694	1.0	NonTarget	1	249384
974.2808279363188	1.0	NonTarget	1	249416
974.4058278821682	1.0	NonTarget	1	249448
974.5308278280176	1.0	NonTarget	1	249480
974.6558277738669	1.0	NonTarget	1	249512
974.7808277197163	1.0	NonTarget	1	249544
974.9058276655657	1.0	NonTarget	1	249576
975.0308276114149	1.0	NonTarget	1	249608
975.1558275572643	1.0	NonTarget	1	249640
975.2808275031136	1.0	NonTarget	1	249672
975.405827448963	1.0	NonTarget	1	249704
975.5308273948124	1.0	NonTarget	1	249736
975.6558273406617	1.0	NonTarget	1	249768
975.7808272865111	1.0	NonTarget	1	249800
975.9058272323605	1.0	NonTarget	1	249832
976.0308271782097	1.0	NonTarget	1	249864
976.1558271240591	1.0	NonTarget	1	249896
976.2808270699085	1.0	NonTarget	1	249928
976.4058270157578	1.0	NonTarget	1	249960
976.5308269616072	1.0	NonTarget	1	249992
976.6558269074566	1.0	NonTarget	1	250024
976.7808268533059	1.0	NonTarget	1	250056
976.9058267991552	1.0	NonTarget	1	250088
977.0308267450046	1.0	NonTarget	1	250120
977.1558266908539	1.0	NonTarget	1	250152
977.2808266367033	1.0	NonTarget	1	250184
977.4058265825527	1.0	NonTarget	1	250216
977.530826528402	1.0	NonTarget	1	250248
977.6558264742514	1.0	NonTarget	1	250280
977.7808264201008	1.0	NonTarget	1	250312
977.90582636595	1.0	NonTarget	1	250344
978.0308263117994	1.0	NonTarget	1	250376
978.1558262576488	1.0	NonTarget	1	250408
978.2808262034981	1.0	NonTarget	1	250440
978.4058261493475	1.0	NonTarget	1	250472
978.5308260951969	1.0	NonTarget	1	250504
978.6558260410462	1.0	NonTarget	1	250536
978.7808259868956	1.0	NonTarget	1	250568
978.9058259327448	1.0	NonTarget	1	250600
979.0308258785942	1.0	NonTarget	1	250632
979.1558258244436	1.0	NonTarget	1	250664
979.280825770293	1.0	NonTarget	1	250696
979.4058257161423	1.0	NonTarget	1	250728
979.5308256619917	1.0	NonTarget	1	250760
979.655825607841	1.0	NonTarget	1	250792
979.7808255536904	1.0	NonTarget	1	250824
979.9058254995397	1.0	NonTarget	1	250856
980.030825445389	1.0	NonTarget	1	250888
980.1558253912384	1.0	NonTarget	1	250920
980.2808253370878	1.0	NonTarget	1	250952
980.4058252829371	1.0	NonTarget	1	250984
980.5308252287865	1.0	NonTarget	1	251016
980.6558251746359	1.0	NonTarget	1	251048
980.7808251204851	1.0	NonTarget	1	251080
980.9058250663345	1.0	NonTarget	1	251112
981.0308250121839	1.0	NonTarget	1	251144
981.1558249580332	1.0	NonTarget	1	251176
981.2808249038826	1.0	NonTarget	1	251208
981.405824849732	1.0	NonTarget	1	251240
981.5308247955813	1.0	NonTarget	1	251272
981.6558247414307	1.0	NonTarget	1	251304
981.78082468728	1.0	NonTarget	1	251336
981.9058246331293	1.0	NonTarget	1	251368
982.0308245789787	1.0	NonTarget	1	251400
982.1558245248281	1.0	NonTarget	1	251432
982.2808244706774	1.0	NonTarget	1	251464
982.4058244165268	1.0	NonTarget	1	251496
982.5308243623762	1.0	NonTarget	1	251528
982.6558243082255	1.0	NonTarget	1	251560
982.7808242540748	1.0	NonTarget	1	251592
982.9058241999242	1.0	NonTarget	1	251624
983.0308241457735	1.0	NonTarget	1	251656
983.1558240916229	1.0	NonTarget	1	251688
983.2808240374723	1.0	NonTarget	1	251720
983.4058239833216	1.0	NonTarget	1	251752
983.530823929171	1.0	NonTarget	1	251784
983.6558238750204	1.0	NonTarget	1	251816
983.7808238208696	1.0	NonTarget	1	251848
983.905823766719	1.0	NonTarget	1	251880
984.0308237125683	1.0	NonTarget	1	251912
984.1558236584177	1.0	NonTarget	1	251944
984.2808236042671	1.0	NonTarget	1	251976
984.4058235501165	1.0	NonTarget	1	252008
984.5308234959658	1.0	NonTarget	1	252040
984.6558234418151	1.0	NonTarget	1	252072
984.7808233876644	1.0	NonTarget	1	252104
984.9058233335138	1.0	NonTarget	1	252136
985.0308232793632	1.0	NonTarget	1	252168
985.1558232252125	1.0	NonTarget	1	252200
985.2808231710619	1.0	NonTarget	1	252232
985.4058231169113	1.0	NonTarget	1	252264
991.5308204635295	1.0	NonTarget	1	253832
991.6558204093789	1.0	NonTarget	1	253864
991.7808203552282	1.0	NonTarget	1	253896
991.9058203010776	1.0	NonTarget	1	253928
992.030820246927	1.0	NonTarget	1	253960
992.1558201927763	1.0	NonTarget	1	253992
992.2808201386257	1.0	NonTarget	1	254024
992.405820084475	1.0	NonTarget	1	254056
992.5308200303243	1.0	NonTarget	1	254088
992.6558199761737	1.0	NonTarget	1	254120
992.780819922023	1.0	NonTarget	1	254152
992.9058198678724	1.0	NonTarget	1	254184
993.0308198137218	1.0	NonTarget	1	254216
993.1558197595712	1.0	NonTarget	1	254248
993.2808197054205	1.0	NonTarget	1	254280
993.4058196512698	1.0	NonTarget	1	254312
993.5308195971191	1.0	NonTarget	1	254344
993.6558195429685	1.0	NonTarget	1	254376
993.7808194888179	1.0	NonTarget	1	254408
993.9058194346673	1.0	NonTarget	1	254440
994.0308193805166	1.0	NonTarget	1	254472
994.155819326366	1.0	NonTarget	1	254504
994.2808192722154	1.0	NonTarget	1	254536
994.4058192180646	1.0	NonTarget	1	254568
994.530819163914	1.0	NonTarget	1	254600
994.6558191097633	1.0	NonTarget	1	254632
994.7808190556127	1.0	NonTarget	1	254664
994.9058190014621	1.0	NonTarget	1	254696
995.0308189473114	1.0	NonTarget	1	254728
995.1558188931608	1.0	NonTarget	1	254760
995.2808188390102	1.0	NonTarget	1	254792
995.4058187848594	1.0	NonTarget	1	254824
995.5308187307088	1.0	NonTarget	1	254856
995.6558186765582	1.0	NonTarget	1	254888
995.7808186224075	1.0	NonTarget	1	254920
995.9058185682569	1.0	NonTarget	1	254952
996.0308185141063	1.0	NonTarget	1	254984
996.1558184599556	1.0	NonTarget	1	255016
996.2808184058049	1.0	NonTarget	1	255048
996.4058183516543	1.0	NonTarget	1	255080
996.5308182975036	1.0	NonTarget	1	255112
996.655818243353	1.0	NonTarget	1	255144
996.7808181892024	1.0	NonTarget	1	255176
996.9058181350517	1.0	NonTarget	1	255208
997.0308180809011	1.0	NonTarget	1	255240
997.1558180267505	1.0	NonTarget	1	255272
997.2808179725997	1.0	NonTarget	1	255304
997.4058179184491	1.0	NonTarget	1	255336
997.5308178642985	1.0	NonTarget	1	255368
997.6558178101478	1.0	NonTarget	1	255400
997.7808177559972	1.0	NonTarget	1	255432
997.9058177018466	1.0	NonTarget	1	255464
998.0308176476959	1.0	NonTarget	1	255496
998.1558175935453	1.0	NonTarget	1	255528
998.2808175393945	1.0	NonTarget	1	255560
998.4058174852439	1.0	NonTarget	1	255592
998.5308174310933	1.0	NonTarget	1	255624
998.6558173769427	1.0	NonTarget	1	255656
998.780817322792	1.0	NonTarget	1	255688
998.9058172686414	1.0	NonTarget	1	255720
999.0308172144908	1.0	NonTarget	1	255752
999.1558171603401	1.0	NonTarget	1	255784
999.2808171061894	1.0	NonTarget	1	255816
999.4058170520387	1.0	NonTarget	1	255848
999.5308169978881	1.0	NonTarget	1	255880
999.6558169437375	1.0	NonTarget	1	255912
999.7808168895868	1.0	NonTarget	1	255944
999.9058168354362	1.0	NonTarget	1	255976
1000.0308167812856	1.0	NonTarget	1	256008
1000.1558167271348	1.0	NonTarget	1	256040
1000.2808166729842	1.0	NonTarget	1	256072
1000.4058166188336	1.0	NonTarget	1	256104
1000.5308165646829	1.0	NonTarget	1	256136
1000.6558165105323	1.0	NonTarget	1	256168
1000.7808164563817	1.0	NonTarget	1	256200
1000.905816402231	1.0	NonTarget	1	256232
1001.0308163480804	1.0	NonTarget	1	256264
1001.1558162939297	1.0	NonTarget	1	256296
1001.280816239779	1.0	NonTarget	1	256328
1001.4058161856284	1.0	NonTarget	1	256360
1001.5308161314778	1.0	NonTarget	1	256392
1001.6558160773271	1.0	NonTarget	1	256424
1001.7808160231765	1.0	NonTarget	1	256456
1001.9058159690259	1.0	NonTarget	1	256488
1002.0308159148752	1.0	NonTarget	1	256520
1002.1558158607245	1.0	NonTarget	1	256552
1002.2808158065739	1.0	NonTarget	1	256584
1002.4058157524232	1.0	NonTarget	1	256616
1002.5308156982726	1.0	NonTarget	1	256648
1002.655815644122	1.0	NonTarget	1	256680
1002.7808155899713	1.0	NonTarget	1	256712
1002.9058155358207	1.0	NonTarget	1	256744
1003.0308154816701	1.0	NonTarget	1	256776
1003.1558154275193	1.0	NonTarget	1	256808
1003.2808153733687	1.0	NonTarget	1	256840
1003.405815319218	1.0	NonTarget	1	256872
1003.5308152650674	1.0	NonTarget	1	256904
1003.6558152109168	1.0	NonTarget	1	256936
1003.7808151567662	1.0	NonTarget	1	256968
1003.9058151026155	1.0	NonTarget	1	257000
1004.0308150484648	1.0	NonTarget	1	257032
1004.1558149943141	1.0	NonTarget	1	257064
1004.2808149401635	1.0	NonTarget	1	257096
1004.4058148860129	1.0	NonTarget	1	257128
1004.5308148318622	1.0	NonTarget	1	257160
1004.6558147777116	1.0	NonTarget	1	257192
1004.780814723561	1.0	NonTarget	1	257224
1004.9058146694103	1.0	NonTarget	1	257256
1005.0308146152596	1.0	NonTarget	1	257288
1005.155814561109	1.0	NonTarget	1	257320
1005.2808145069583	1.0	NonTarget	1	257352
1005.4058144528077	1.0	NonTarget	1	257384
1005.5308143986571	1.0	NonTarget	1	257416
1005.6558143445064	1.0	NonTarget	1	257448
1005.7808142903558	1.0	NonTarget	1	257480
1005.9058142362052	1.0	NonTarget	1	257512
1006.0308141820544	1.0	NonTarget	1	257544
1006.1558141279038	1.0	NonTarget	1	257576
1006.2808140737532	1.0	NonTarget	1	257608
1006.4058140196025	1.0	NonTarget	1	257640
1012.5308113662209	1.0	NonTarget	1	259208
1012.6558113120702	1.0	NonTarget	1	259240
1012.7808112579195	1.0	NonTarget	1	259272
1012.9058112037688	1.0	NonTarget	1	259304
1013.0308111496182	1.0	NonTarget	1	259336
1013.1558110954676	1.0	NonTarget	1	259368
1013.280811041317	1.0	NonTarget	1	259400
1013.4058109871663	1.0	NonTarget	1	259432
1013.5308109330157	1.0	NonTarget	1	259464
1013.655810878865	1.0	NonTarget	1	259496
1013.7808108247143	1.0	NonTarget	1	259528
1013.9058107705637	1.0	NonTarget	1	259560
1014.030810716413	1.0	NonTarget	1	259592
1014.1558106622624	1.0	NonTarget	1	259624
1014.2808106081118	1.0	NonTarget	1	259656
1014.4058105539611	1.0	NonTarget	1	259688
1014.5308104998105	1.0	NonTarget	1	259720
1014.6558104456599	1.0	NonTarget	1	259752
1014.7808103915091	1.0	NonTarget	1	259784
1014.9058103373585	1.0	NonTarget	1	259816
1015.0308102832079	1.0	NonTarget	1	259848
1015.1558102290572	1.0	NonTarget	1	259880
1015.2808101749066	1.0	NonTarget	1	259912
1015.405810120756	1.0	NonTarget	1	259944
1015.5308100666053	1.0	NonTarget	1	259976
1015.6558100124546	1.0	NonTarget	1	260008
1015.780809958304	1.0	NonTarget	1	260040
1015.9058099041533	1.0	NonTarget	1	260072
1016.0308098500027	1.0	NonTarget	1	260104
1016.1558097958521	1.0	NonTarget	1	260136
1016.2808097417014	1.0	NonTarget	1	260168
1016.4058096875508	1.0	NonTarget	1	260200
1016.5308096334002	1.0	NonTarget	1	260232
1016.6558095792494	1.0	NonTarget	1	260264
1016.7808095250988	1.0	NonTarget	1	260296
1016.9058094709482	1.0	NonTarget	1	260328
1017.0308094167975	1.0	NonTarget	1	260360
1017.1558093626469	1.0	NonTarget	1	260392
1017.2808093084963	1.0	NonTarget	1	260424
1017.4058092543456	1.0	NonTarget	1	260456
1017.530809200195	1.0	NonTarget	1	260488
1017.6558091460442	1.0	NonTarget	1	260520
1017.7808090918936	1.0	NonTarget	1	260552
1017.905809037743	1.0	NonTarget	1	260584
1018.0308089835924	1.0	NonTarget	1	260616
1018.1558089294417	1.0	NonTarget	1	260648
1018.2808088752911	1.0	NonTarget	1	260680
1018.4058088211405	1.0	NonTarget	1	260712
1018.5308087669898	1.0	NonTarget	1	260744
1018.6558087128391	1.0	NonTarget	1	260776
1018.7808086586884	1.0	NonTarget	1	260808
1018.9058086045378	1.0	NonTarget	1	260840
1019.0308085503872	1.0	NonTarget	1	260872
1019.1558084962365	1.0	NonTarget	1	260904
1019.2808084420859	1.0	NonTarget	1	260936
1019.4058083879353	1.0	NonTarget	1	260968
1019.5308083337845	1.0	NonTarget	1	261000
1019.6558082796339	1.0	NonTarget	1	261032
1019.7808082254833	1.0	NonTarget	1	261064
1019.9058081713326	1.0	NonTarget	1	261096
1020.030808117182	1.0	NonTarget	1	261128
1020.1558080630314	1.0	NonTarget	1	261160
1020.2808080088807	1.0	NonTarget	1	261192
1020.4058079547301	1.0	NonTarget	1	261224
1020.5308079005794	1.0	NonTarget	1	261256
1020.6558078464287	1.0	NonTarget	1	261288
1020.7808077922781	1.0	NonTarget	1	261320
1020.9058077381275	1.0	NonTarget	1	261352
1021.0308076839768	1.0	NonTarget	1	261384
1021.1558076298262	1.0	NonTarget	1	261416
1021.2808075756756	1.0	NonTarget	1	261448
1021.4058075215249	1.0	NonTarget	1	261480
1021.5308074673742	1.0	NonTarget	1	261512
1021.6558074132236	1.0	NonTarget	1	261544
1021.7808073590729	1.0	NonTarget	1	261576
1021.9058073049223	1.0	NonTarget	1	261608
1022.0308072507717	1.0	NonTarget	1	261640
1022.155807196621	1.0	NonTarget	1	261672
1022.2808071424704	1.0	NonTarget	1	261704
1022.4058070883196	1.0	NonTarget	1	261736
1022.530807034169	1.0	NonTarget	1	261768
1022.6558069800184	1.0	NonTarget	1	261800
1022.7808069258678	1.0	NonTarget	1	261832
1022.9058068717171	1.0	NonTarget	1	261864
1023.0308068175665	1.0	NonTarget	1	261896
1023.1558067634159	1.0	NonTarget	1	261928
1023.2808067092652	1.0	NonTarget	1	261960
1023.4058066551145	1.0	NonTarget	1	261992
1023.5308066009638	1.0	NonTarget	1	262024
1023.6558065468132	1.0	NonTarget	1	262056
1023.7808064926626	1.0	NonTarget	1	262088
1023.905806438512	1.0	NonTarget	1	262120
1024.0308063843613	1.0	NonTarget	1	262152
1024.1558063302107	1.0	NonTarget	1	262184
1024.28080627606	1.0	NonTarget	1	262216
1024.4058062219094	1.0	NonTarget	1	262248
1024.5308061677588	1.0	NonTarget	1	262280
1024.6558061136082	1.0	NonTarget	1	262312
1024.7808060594575	1.0	NonTarget	1	262344
1024.9058060053067	1.0	NonTarget	1	262376
1025.030805951156	1.0	NonTarget	1	262408
1025.1558058970054	1.0	NonTarget	1	262440
1025.2808058428548	1.0	NonTarget	1	262472
1025.4058057887041	1.0	NonTarget	1	262504
1025.5308057345535	1.0	NonTarget	1	262536
1025.6558056804029	1.0	NonTarget	1	262568
1025.7808056262522	1.0	NonTarget	1	262600
1025.9058055721016	1.0	NonTarget	1	262632
1026.030805517951	1.0	NonTarget	1	262664
1026.1558054638003	1.0	NonTarget	1	262696
1026.2808054096497	1.0	NonTarget	1	262728
1026.405805355499	1.0	NonTarget	1	262760
1026.5308053013484	1.0	NonTarget	1	262792
1026.6558052471978	1.0	NonTarget	1	262824
1026.780805193047	1.0	NonTarget	1	262856
1026.9058051388963	1.0	NonTarget	1	262888
1027.0308050847457	1.0	NonTarget	1	262920
1027.155805030595	1.0	NonTarget	1	262952
1027.2808049764444	1.0	NonTarget	1	262984
1027.4058049222938	1.0	NonTarget	1	263016
1033.530802268912	1.0	NonTarget	1	264584
1033.6558022147615	1.0	NonTarget	1	264616
1033.7808021606108	1.0	NonTarget	1	264648
1033.9058021064602	1.0	NonTarget	1	264680
1034.0308020523096	1.0	NonTarget	1	264712
1034.155801998159	1.0	NonTarget	1	264744
1034.2808019440083	1.0	NonTarget	1	264776
1034.4058018898577	1.0	NonTarget	1	264808
1034.5308018357068	1.0	NonTarget	1	264840
1034.6558017815562	1.0	NonTarget	1	264872
1034.7808017274056	1.0	NonTarget	1	264904
1034.905801673255	1.0	NonTarget	1	264936
1035.0308016191043	1.0	NonTarget	1	264968
1035.1558015649537	1.0	NonTarget	1	265000
1035.280801510803	1.0	NonTarget	1	265032
1035.4058014566524	1.0	NonTarget	1	265064
1035.5308014025018	1.0	NonTarget	1	265096
1035.6558013483511	1.0	NonTarget	1	265128
1035.7808012942005	1.0	NonTarget	1	265160
1035.9058012400499	1.0	NonTarget	1	265192
1036.0308011858992	1.0	NonTarget	1	265224
1036.1558011317486	1.0	NonTarget	1	265256
1036.280801077598	1.0	NonTarget	1	265288
1036.4058010234473	1.0	NonTarget	1	265320
1036.5308009692965	1.0	NonTarget	1	265352
1036.6558009151458	1.0	NonTarget	1	265384
1036.7808008609952	1.0	NonTarget	1	265416
1036.9058008068446	1.0	NonTarget	1	265448
1037.030800752694	1.0	NonTarget	1	265480
1037.1558006985433	1.0	NonTarget	1	265512
1037.2808006443927	1.0	NonTarget	1	265544
1037.405800590242	1.0	NonTarget	1	265576
1037.5308005360914	1.0	NonTarget	1	265608
1037.6558004819408	1.0	NonTarget	1	265640
1037.7808004277902	1.0	NonTarget	1	265672
1037.9058003736395	1.0	NonTarget	1	265704
1038.030800319489	1.0	NonTarget	1	265736
1038.1558002653383	1.0	NonTarget	1	265768
1038.2808002111876	1.0	NonTarget	1	265800
1038.4058001570368	1.0	NonTarget	1	265832
1038.5308001028861	1.0	NonTarget	1	265864
1038.6558000487355	1.0	NonTarget	1	265896
1038.7807999945849	1.0	NonTarget	1	265928
1038.9057999404342	1.0	NonTarget	1	265960
1039.0307998862836	1.0	NonTarget	1	265992
1039.155799832133	1.0	NonTarget	1	266024
1039.2807997779823	1.0	NonTarget	1	266056
1039.4057997238317	1.0	NonTarget	1	266088
1039.530799669681	1.0	NonTarget	1	266120
1039.6557996155304	1.0	NonTarget	1	266152
1039.7807995613798	1.0	NonTarget	1	266184
1039.9057995072292	1.0	NonTarget	1	266216
1040.0307994530785	1.0	NonTarget	1	266248
1040.155799398928	1.0	NonTarget	1	266280
1040.2807993447773	1.0	NonTarget	1	266312
1040.4057992906264	1.0	NonTarget	1	266344
1040.5307992364758	1.0	NonTarget	1	266376
1040.6557991823252	1.0	NonTarget	1	266408
1040.7807991281745	1.0	NonTarget	1	266440
1040.905799074024	1.0	NonTarget	1	266472
1041.0307990198733	1.0	NonTarget	1	266504
1041.1557989657226	1.0	NonTarget	1	266536
1041.280798911572	1.0	NonTarget	1	266568
1041.4057988574214	1.0	NonTarget	1	266600
1041.5307988032707	1.0	NonTarget	1	266632
1041.65579874912	1.0	NonTarget	1	266664
1041.7807986949695	1.0	NonTarget	1	266696
1041.9057986408188	1.0	NonTarget	1	266728
1042.0307985866682	1.0	NonTarget	1	266760
1042.1557985325176	1.0	NonTarget	1	266792
1042.2807984783667	1.0	NonTarget	1	266824
1042.405798424216	1.0	NonTarget	1	266856
1042.5307983700654	1.0	NonTarget	1	266888
1042.6557983159148	1.0	NonTarget	1	266920
1042.7807982617642	1.0	NonTarget	1	266952
1042.9057982076135	1.0	NonTarget	1	266984
1043.030798153463	1.0	NonTarget	1	267016
1043.1557980993123	1.0	NonTarget	1	267048
1043.2807980451616	1.0	NonTarget	1	267080
1043.405797991011	1.0	NonTarget	1	267112
1043.5307979368604	1.0	NonTarget	1	267144
1043.6557978827097	1.0	NonTarget	1	267176
1043.7807978285591	1.0	NonTarget	1	267208
1043.9057977744085	1.0	NonTarget	1	267240
1044.0307977202579	1.0	NonTarget	1	267272
1044.1557976661072	1.0	NonTarget	1	267304
1044.2807976119564	1.0	NonTarget	1	267336
1044.4057975578057	1.0	NonTarget	1	267368
1044.530797503655	1.0	NonTarget	1	267400
1044.6557974495045	1.0	NonTarget	1	267432
1044.7807973953538	1.0	NonTarget	1	267464
1044.9057973412032	1.0	NonTarget	1	267496
1045.0307972870526	1.0	NonTarget	1	267528
1045.155797232902	1.0	NonTarget	1	267560
1045.2807971787513	1.0	NonTarget	1	267592
1045.4057971246007	1.0	NonTarget	1	267624
1045.53079707045	1.0	NonTarget	1	267656
1045.6557970162994	1.0	NonTarget	1	267688
1045.7807969621488	1.0	NonTarget	1	267720
1045.9057969079981	1.0	NonTarget	1	267752
1046.0307968538475	1.0	NonTarget	1	267784
1046.1557967996966	1.0	NonTarget	1	267816
1046.280796745546	1.0	NonTarget	1	267848
1046.4057966913954	1.0	NonTarget	1	267880
1046.5307966372447	1.0	NonTarget	1	267912
1046.6557965830941	1.0	NonTarget	1	267944
1046.7807965289435	1.0	NonTarget	1	267976
1046.9057964747929	1.0	NonTarget	1	268008
1047.0307964206422	1.0	NonTarget	1	268040
1047.1557963664916	1.0	NonTarget	1	268072
1047.280796312341	1.0	NonTarget	1	268104
1047.4057962581903	1.0	NonTarget	1	268136
1047.5307962040397	1.0	NonTarget	1	268168
1047.655796149889	1.0	NonTarget	1	268200
1047.7807960957384	1.0	NonTarget	1	268232
1047.9057960415878	1.0	NonTarget	1	268264
1048.0307959874372	1.0	NonTarget	1	268296
1048.1557959332863	1.0	NonTarget	1	268328
1048.2807958791357	1.0	NonTarget	1	268360
1048.405795824985	1.0	NonTarget	1	268392
1054.5307931716034	1.0	NonTarget	1	269960
1054.6557931174527	1.0	NonTarget	1	269992
1054.780793063302	1.0	NonTarget	1	270024
1054.9057930091515	1.0	NonTarget	1	270056
1055.0307929550008	1.0	NonTarget	1	270088
1055.1557929008502	1.0	NonTarget	1	270120
1055.2807928466996	1.0	NonTarget	1	270152
1055.405792792549	1.0	NonTarget	1	270184
1055.5307927383983	1.0	NonTarget	1	270216
1055.6557926842477	1.0	NonTarget	1	270248
1055.780792630097	1.0	NonTarget	1	270280
1055.9057925759462	1.0	NonTarget	1	270312
1056.0307925217955	1.0	NonTarget	1	270344
1056.155792467645	1.0	NonTarget	1	270376
1056.2807924134943	1.0	NonTarget	1	270408
1056.4057923593436	1.0	NonTarget	1	270440
1056.530792305193	1.0	NonTarget	1	270472
1056.6557922510424	1.0	NonTarget	1	270504
1056.7807921968918	1.0	NonTarget	1	270536
1056.9057921427411	1.0	NonTarget	1	270568
1057.0307920885905	1.0	NonTarget	1	270600
1057.1557920344399	1.0	NonTarget	1	270632
1057.2807919802892	1.0	NonTarget	1	270664
1057.4057919261386	1.0	NonTarget	1	270696
1057.530791871988	1.0	NonTarget	1	270728
1057.6557918178373	1.0	NonTarget	1	270760
1057.7807917636865	1.0	NonTarget	1	270792
1057.9057917095358	1.0	NonTarget	1	270824
1058.0307916553852	1.0	NonTarget	1	270856
1058.1557916012346	1.0	NonTarget	1	270888
1058.280791547084	1.0	NonTarget	1	270920
1058.4057914929333	1.0	NonTarget	1	270952
1058.5307914387827	1.0	NonTarget	1	270984
1058.655791384632	1.0	NonTarget	1	271016
1058.7807913304814	1.0	NonTarget	1	271048
1058.9057912763308	1.0	NonTarget	1	271080
1059.0307912221801	1.0	NonTarget	1	271112
1059.1557911680295	1.0	NonTarget	1	271144
1059.2807911138789	1.0	NonTarget	1	271176
1059.4057910597282	1.0	NonTarget	1	271208
1059.5307910055776	1.0	NonTarget	1	271240
1059.655790951427	1.0	NonTarget	1	271272
1059.7807908972761	1.0	NonTarget	1	271304
1059.9057908431255	1.0	NonTarget	1	271336
1060.0307907889749	1.0	NonTarget	1	271368
1060.1557907348242	1.0	NonTarget	1	271400
1060.2807906806736	1.0	NonTarget	1	271432
1060.405790626523	1.0	NonTarget	1	271464
1060.5307905723723	1.0	NonTarget	1	271496
1060.6557905182217	1.0	NonTarget	1	271528
1060.780790464071	1.0	NonTarget	1	271560
1060.9057904099204	1.0	NonTarget	1	271592
1061.0307903557698	1.0	NonTarget	1	271624
1061.1557903016192	1.0	NonTarget	1	271656
1061.2807902474685	1.0	NonTarget	1	271688
1061.405790193318	1.0	NonTarget	1	271720
1061.5307901391673	1.0	NonTarget	1	271752
1061.6557900850164	1.0	NonTarget	1	271784
1061.7807900308658	1.0	NonTarget	1	271816
1061.9057899767151	1.0	NonTarget	1	271848
1062.0307899225645	1.0	NonTarget	1	271880
1062.1557898684139	1.0	NonTarget	1	271912
1062.2807898142632	1.0	NonTarget	1	271944
1062.4057897601126	1.0	NonTarget	1	271976
1062.530789705962	1.0	NonTarget	1	272008
1062.6557896518113	1.0	NonTarget	1	272040
1062.7807895976607	1.0	NonTarget	1	272072
1062.90578954351	1.0	NonTarget	1	272104
1063.0307894893594	1.0	NonTarget	1	272136
1063.1557894352088	1.0	NonTarget	1	272168
1063.2807893810582	1.0	NonTarget	1	272200
1063.4057893269076	1.0	NonTarget	1	272232
1063.530789272757	1.0	NonTarget	1	272264
1063.655789218606	1.0	NonTarget	1	272296
1063.7807891644554	1.0	NonTarget	1	272328
1063.9057891103048	1.0	NonTarget	1	272360
1064.0307890561542	1.0	NonTarget	1	272392
1064.1557890020035	1.0	NonTarget	1	272424
1064.280788947853	1.0	NonTarget	1	272456
1064.4057888937023	1.0	NonTarget	1	272488
1064.5307888395516	1.0	NonTarget	1	272520
1064.655788785401	1.0	NonTarget	1	272552
1064.7807887312504	1.0	NonTarget	1	272584
1064.9057886770997	1.0	NonTarget	1	272616
1065.030788622949	1.0	NonTarget	1	272648
1065.1557885687985	1.0	NonTarget	1	272680
1065.2807885146478	1.0	NonTarget	1	272712
1065.4057884604972	1.0	NonTarget	1	272744
1065.5307884063463	1.0	NonTarget	1	272776
1065.6557883521957	1.0	NonTarget	1	272808
1065.780788298045	1.0	NonTarget	1	272840
1065.9057882438944	1.0	NonTarget	1	272872
1066.0307881897438	1.0	NonTarget	1	272904
1066.1557881355932	1.0	NonTarget	1	272936
1066.2807880814426	1.0	NonTarget	1	272968
1066.405788027292	1.0	NonTarget	1	273000
1066.5307879731413	1.0	NonTarget	1	273032
1066.6557879189907	1.0	NonTarget	1	273064
1066.78078786484	1.0	NonTarget	1	273096
1066.9057878106894	1.0	NonTarget	1	273128
1067.0307877565388	1.0	NonTarget	1	273160
1067.1557877023881	1.0	NonTarget	1	273192
1067.2807876482375	1.0	NonTarget	1	273224
1067.4057875940869	1.0	NonTarget	1	273256
1067.530787539936	1.0	NonTarget	1	273288
1067.6557874857854	1.0	NonTarget	1	273320
1067.7807874316347	1.0	NonTarget	1	273352
1067.905787377484	1.0	NonTarget	1	273384
1068.0307873233335	1.0	NonTarget	1	273416
1068.1557872691828	1.0	NonTarget	1	273448
1068.2807872150322	1.0	NonTarget	1	273480
1068.4057871608816	1.0	NonTarget	1	273512
1068.530787106731	1.0	NonTarget	1	273544
1068.6557870525803	1.0	NonTarget	1	273576
1068.7807869984297	1.0	NonTarget	1	273608
1068.905786944279	1.0	NonTarget	1	273640
1069.0307868901284	1.0	NonTarget	1	273672
1069.1557868359778	1.0	NonTarget	1	273704
1069.2807867818271	1.0	NonTarget	1	273736
1069.4057867276763	1.0	NonTarget	1	273768
1075.5307840742946	1.0	NonTarget	1	275336
1075.655784020144	1.0	NonTarget	1	275368
1075.7807839659934	1.0	NonTarget	1	275400
1075.9057839118427	1.0	NonTarget	1	275432
1076.030783857692	1.0	NonTarget	1	275464
1076.1557838035415	1.0	NonTarget	1	275496
1076.2807837493908	1.0	NonTarget	1	275528
1076.4057836952402	1.0	NonTarget	1	275560
1076.5307836410896	1.0	NonTarget	1	275592
1076.655783586939	1.0	NonTarget	1	275624
1076.7807835327883	1.0	NonTarget	1	275656
1076.9057834786377	1.0	NonTarget	1	275688
1077.030783424487	1.0	NonTarget	1	275720
1077.1557833703362	1.0	NonTarget	1	275752
1077.2807833161855	1.0	NonTarget	1	275784
1077.405783262035	1.0	NonTarget	1	275816
1077.5307832078843	1.0	NonTarget	1	275848
1077.6557831537336	1.0	NonTarget	1	275880
1077.780783099583	1.0	NonTarget	1	275912
1077.9057830454324	1.0	NonTarget	1	275944
1078.0307829912817	1.0	NonTarget	1	275976
1078.155782937131	1.0	NonTarget	1	276008
1078.2807828829805	1.0	NonTarget	1	276040
1078.4057828288298	1.0	NonTarget	1	276072
1078.5307827746792	1.0	NonTarget	1	276104
1078.6557827205286	1.0	NonTarget	1	276136
1078.780782666378	1.0	NonTarget	1	276168
1078.9057826122273	1.0	NonTarget	1	276200
1079.0307825580767	1.0	NonTarget	1	276232
1079.1557825039258	1.0	NonTarget	1	276264
1079.2807824497752	1.0	NonTarget	1	276296
1079.4057823956246	1.0	NonTarget	1	276328
1079.530782341474	1.0	NonTarget	1	276360
1079.6557822873233	1.0	NonTarget	1	276392
1079.7807822331727	1.0	NonTarget	1	276424
1079.905782179022	1.0	NonTarget	1	276456
1080.0307821248714	1.0	NonTarget	1	276488
1080.1557820707208	1.0	NonTarget	1	276520
1080.2807820165701	1.0	NonTarget	1	276552
1080.4057819624195	1.0	NonTarget	1	276584
1080.5307819082689	1.0	NonTarget	1	276616
1080.6557818541182	1.0	NonTarget	1	276648
1080.7807817999676	1.0	NonTarget	1	276680
1080.905781745817	1.0	NonTarget	1	276712
1081.030781691666	1.0	NonTarget	1	276744
1081.1557816375155	1.0	NonTarget	1	276776
1081.2807815833648	1.0	NonTarget	1	276808
1081.4057815292142	1.0	NonTarget	1	276840
1081.5307814750636	1.0	NonTarget	1	276872
1081.655781420913	1.0	NonTarget	1	276904
1081.7807813667623	1.0	NonTarget	1	276936
1081.9057813126117	1.0	NonTarget	1	276968
1082.030781258461	1.0	NonTarget	1	277000
1082.1557812043104	1.0	NonTarget	1	277032
1082.2807811501598	1.0	NonTarget	1	277064
1082.4057810960092	1.0	NonTarget	1	277096
1082.5307810418585	1.0	NonTarget	1	277128
1082.6557809877079	1.0	NonTarget	1	277160
1082.7807809335573	1.0	NonTarget	1	277192
1082.9057808794066	1.0	NonTarget	1	277224
1083.0307808252558	1.0	NonTarget	1	277256
1083.1557807711051	1.0	NonTarget	1	277288
1083.2807807169545	1.0	NonTarget	1	277320
1083.4057806628039	1.0	NonTarget	1	277352
1083.5307806086532	1.0	NonTarget	1	277384
1083.6557805545026	1.0	NonTarget	1	277416
1083.780780500352	1.0	NonTarget	1	277448
1083.9057804462013	1.0	NonTarget	1	277480
1084.0307803920507	1.0	NonTarget	1	277512
1084.1557803379	1.0	NonTarget	1	277544
1084.2807802837494	1.0	NonTarget	1	277576
1084.4057802295988	1.0	NonTarget	1	277608
1084.5307801754482	1.0	NonTarget	1	277640
1084.6557801212975	1.0	NonTarget	1	277672
1084.780780067147	1.0	NonTarget	1	277704
1084.905780012996	1.0	NonTarget	1	277736
1085.0307799588454	1.0	NonTarget	1	277768
1085.1557799046948	1.0	NonTarget	1	277800
1085.2807798505441	1.0	NonTarget	1	277832
1085.4057797963935	1.0	NonTarget	1	277864
1085.5307797422429	1.0	NonTarget	1	277896
1085.6557796880923	1.0	NonTarget	1	277928
1085.7807796339416	1.0	NonTarget	1	277960
1085.905779579791	1.0	NonTarget	1	277992
1086.0307795256404	1.0	NonTarget	1	278024
1086.1557794714897	1.0	NonTarget	1	278056
1086.280779417339	1.0	NonTarget	1	278088
1086.4057793631885	1.0	NonTarget	1	278120
1086.5307793090378	1.0	NonTarget	1	278152
1086.6557792548872	1.0	NonTarget	1	278184
1086.7807792007366	1.0	NonTarget	1	278216
1086.9057791465857	1.0	NonTarget	1	278248
1087.030779092435	1.0	NonTarget	1	278280
1087.1557790382844	1.0	NonTarget	1	278312
1087.2807789841338	1.0	NonTarget	1	278344
1087.4057789299832	1.0	NonTarget	1	278376
1087.5307788758325	1.0	NonTarget	1	278408
1087.655778821682	1.0	NonTarget	1	278440
1087.7807787675313	1.0	NonTarget	1	278472
1087.9057787133806	1.0	NonTarget	1	278504
1088.03077865923	1.0	NonTarget	1	278536
1088.1557786050794	1.0	NonTarget	1	278568
1088.2807785509287	1.0	NonTarget	1	278600
1088.405778496778	1.0	NonTarget	1	278632
1088.5307784426275	1.0	NonTarget	1	278664
1088.6557783884768	1.0	NonTarget	1	278696
1088.780778334326	1.0	NonTarget	1	278728
1088.9057782801754	1.0	NonTarget	1	278760
1089.0307782260247	1.0	NonTarget	1	278792
1089.155778171874	1.0	NonTarget	1	278824
1089.2807781177235	1.0	NonTarget	1	278856
1089.4057780635728	1.0	NonTarget	1	278888
1089.5307780094222	1.0	NonTarget	1	278920
1089.6557779552716	1.0	NonTarget	1	278952
1089.780777901121	1.0	NonTarget	1	278984
1089.9057778469703	1.0	NonTarget	1	279016
1090.0307777928197	1.0	NonTarget	1	279048
1090.155777738669	1.0	NonTarget	1	279080
1090.2807776845184	1.0	NonTarget	1	279112
1090.4057776303678	1.0	NonTarget	1	279144
1096.5307749769859	1.0	NonTarget	1	280712
1096.6557749228352	1.0	NonTarget	1	280744
1096.7807748686846	1.0	NonTarget	1	280776
1096.905774814534	1.0	NonTarget	1	280808
1097.0307747603833	1.0	NonTarget	1	280840
1097.1557747062327	1.0	NonTarget	1	280872
1097.280774652082	1.0	NonTarget	1	280904
1097.4057745979314	1.0	NonTarget	1	280936
1097.5307745437808	1.0	NonTarget	1	280968
1097.6557744896302	1.0	NonTarget	1	281000
1097.7807744354795	1.0	NonTarget	1	281032
1097.905774381329	1.0	NonTarget	1	281064
1098.0307743271783	1.0	NonTarget	1	281096
1098.1557742730276	1.0	NonTarget	1	281128
1098.280774218877	1.0	NonTarget	1	281160
1098.4057741647264	1.0	NonTarget	1	281192
1098.5307741105755	1.0	NonTarget	1	281224
1098.655774056425	1.0	NonTarget	1	281256
1098.7807740022743	1.0	NonTarget	1	281288
1098.9057739481236	1.0	NonTarget	1	281320
1099.030773893973	1.0	NonTarget	1	281352
1099.1557738398224	1.0	NonTarget	1	281384
1099.2807737856717	1.0	NonTarget	1	281416
1099.405773731521	1.0	NonTarget	1	281448
1099.5307736773705	1.0	NonTarget	1	281480
1099.6557736232198	1.0	NonTarget	1	281512
1099.7807735690692	1.0	NonTarget	1	281544
1099.9057735149186	1.0	NonTarget	1	281576
1100.030773460768	1.0	NonTarget	1	281608
1100.1557734066173	1.0	NonTarget	1	281640
1100.2807733524667	1.0	NonTarget	1	281672
1100.4057732983158	1.0	NonTarget	1	281704
1100.5307732441652	1.0	NonTarget	1	281736
1100.6557731900145	1.0	NonTarget	1	281768
1100.780773135864	1.0	NonTarget	1	281800
1100.9057730817133	1.0	NonTarget	1	281832
1101.0307730275626	1.0	NonTarget	1	281864
1101.155772973412	1.0	NonTarget	1	281896
1101.2807729192614	1.0	NonTarget	1	281928
1101.4057728651107	1.0	NonTarget	1	281960
1101.5307728109601	1.0	NonTarget	1	281992
1101.6557727568095	1.0	NonTarget	1	282024
1101.7807727026589	1.0	NonTarget	1	282056
1101.9057726485082	1.0	NonTarget	1	282088
1102.0307725943576	1.0	NonTarget	1	282120
1102.155772540207	1.0	NonTarget	1	282152
1102.280772486056	1.0	NonTarget	1	282184
1102.4057724319055	1.0	NonTarget	1	282216
1102.5307723777548	1.0	NonTarget	1	282248
1102.6557723236042	1.0	NonTarget	1	282280
1102.7807722694536	1.0	NonTarget	1	282312
1102.905772215303	1.0	NonTarget	1	282344
1103.0307721611523	1.0	NonTarget	1	282376
1103.1557721070017	1.0	NonTarget	1	282408
1103.280772052851	1.0	NonTarget	1	282440
1103.4057719987004	1.0	NonTarget	1	282472
1103.5307719445498	1.0	NonTarget	1	282504
1103.6557718903991	1.0	NonTarget	1	282536
1103.7807718362485	1.0	NonTarget	1	282568
1103.9057717820979	1.0	NonTarget	1	282600
1104.0307717279472	1.0	NonTarget	1	282632
1104.1557716737966	1.0	NonTarget	1	282664
1104.2807716196457	1.0	NonTarget	1	282696
1104.4057715654951	1.0	NonTarget	1	282728
1104.5307715113445	1.0	NonTarget	1	282760
1104.6557714571939	1.0	NonTarget	1	282792
1104.7807714030432	1.0	NonTarget	1	282824
1104.9057713488926	1.0	NonTarget	1	282856
1105.030771294742	1.0	NonTarget	1	282888
1105.1557712405913	1.0	NonTarget	1	282920
1105.2807711864407	1.0	NonTarget	1	282952
1105.40577113229	1.0	NonTarget	1	282984
1105.5307710781394	1.0	NonTarget	1	283016
1105.6557710239888	1.0	NonTarget	1	283048
1105.7807709698382	1.0	NonTarget	1	283080
1105.9057709156875	1.0	NonTarget	1	283112
1106.030770861537	1.0	NonTarget	1	283144
1106.155770807386	1.0	NonTarget	1	283176
1106.2807707532354	1.0	NonTarget	1	283208
1106.4057706990848	1.0	NonTarget	1	283240
1106.5307706449341	1.0	NonTarget	1	283272
1106.6557705907835	1.0	NonTarget	1	283304
1106.7807705366329	1.0	NonTarget	1	283336
1106.9057704824822	1.0	NonTarget	1	283368
1107.0307704283316	1.0	NonTarget	1	283400
1107.155770374181	1.0	NonTarget	1	283432
1107.2807703200303	1.0	NonTarget	1	283464
1107.4057702658797	1.0	NonTarget	1	283496
1107.530770211729	1.0	NonTarget	1	283528
1107.6557701575784	1.0	NonTarget	1	283560
1107.7807701034278	1.0	NonTarget	1	283592
1107.9057700492772	1.0	NonTarget	1	283624
1108.0307699951265	1.0	NonTarget	1	283656
1108.1557699409757	1.0	NonTarget	1	283688
1108.280769886825	1.0	NonTarget	1	283720
1108.4057698326744	1.0	NonTarget	1	283752
1108.5307697785238	1.0	NonTarget	1	283784
1108.6557697243732	1.0	NonTarget	1	283816
1108.7807696702225	1.0	NonTarget	1	283848
1108.905769616072	1.0	NonTarget	1	283880
1109.0307695619213	1.0	NonTarget	1	283912
1109.1557695077706	1.0	NonTarget	1	283944
1109.28076945362	1.0	NonTarget	1	283976
1109.4057693994694	1.0	NonTarget	1	284008
1109.5307693453187	1.0	NonTarget	1	284040
1109.655769291168	1.0	NonTarget	1	284072
1109.7807692370175	1.0	NonTarget	1	284104
1109.9057691828668	1.0	NonTarget	1	284136
1110.030769128716	1.0	NonTarget	1	284168
1110.1557690745653	1.0	NonTarget	1	284200
1110.2807690204147	1.0	NonTarget	1	284232
1110.405768966264	1.0	NonTarget	1	284264
1110.5307689121134	1.0	NonTarget	1	284296
1110.6557688579628	1.0	NonTarget	1	284328
1110.7807688038122	1.0	NonTarget	1	284360
1110.9057687496615	1.0	NonTarget	1	284392
1111.030768695511	1.0	NonTarget	1	284424
1111.1557686413603	1.0	NonTarget	1	284456
1111.2807685872096	1.0	NonTarget	1	284488
1111.405768533059	1.0	NonTarget	1	284520
1117.5307658796773	1.0	NonTarget	1	286088
1117.6557658255267	1.0	NonTarget	1	286120
1117.7807657713759	1.0	NonTarget	1	286152
1117.9057657172252	1.0	NonTarget	1	286184
1118.0307656630746	1.0	NonTarget	1	286216
1118.155765608924	1.0	NonTarget	1	286248
1118.2807655547733	1.0	NonTarget	1	286280
1118.4057655006227	1.0	NonTarget	1	286312
1118.530765446472	1.0	NonTarget	1	286344
1118.6557653923214	1.0	NonTarget	1	286376
1118.7807653381708	1.0	NonTarget	1	286408
1118.9057652840202	1.0	NonTarget	1	286440
1119.0307652298695	1.0	NonTarget	1	286472
1119.155765175719	1.0	NonTarget	1	286504
1119.2807651215683	1.0	NonTarget	1	286536
1119.4057650674176	1.0	NonTarget	1	286568
1119.530765013267	1.0	NonTarget	1	286600
1119.6557649591164	1.0	NonTarget	1	286632
1119.7807649049655	1.0	NonTarget	1	286664
1119.9057648508149	1.0	NonTarget	1	286696
1120.0307647966642	1.0	NonTarget	1	286728
1120.1557647425136	1.0	NonTarget	1	286760
1120.280764688363	1.0	NonTarget	1	286792
1120.4057646342123	1.0	NonTarget	1	286824
1120.5307645800617	1.0	NonTarget	1	286856
1120.655764525911	1.0	NonTarget	1	286888
1120.7807644717604	1.0	NonTarget	1	286920
1120.9057644176098	1.0	NonTarget	1	286952
1121.0307643634592	1.0	NonTarget	1	286984
1121.1557643093086	1.0	NonTarget	1	287016
1121.280764255158	1.0	NonTarget	1	287048
1121.4057642010073	1.0	NonTarget	1	287080
1121.5307641468567	1.0	NonTarget	1	287112
1121.6557640927058	1.0	NonTarget	1	287144
1121.7807640385552	1.0	NonTarget	1	287176
1121.9057639844045	1.0	NonTarget	1	287208
1122.030763930254	1.0	NonTarget	1	287240
1122.1557638761033	1.0	NonTarget	1	287272
1122.2807638219526	1.0	NonTarget	1	287304
1122.405763767802	1.0	NonTarget	1	287336
1122.5307637136514	1.0	NonTarget	1	287368
1122.6557636595007	1.0	NonTarget	1	287400
1122.78076360535	1.0	NonTarget	1	287432
1122.9057635511995	1.0	NonTarget	1	287464
1123.0307634970488	1.0	NonTarget	1	287496
1123.1557634428982	1.0	NonTarget	1	287528
1123.2807633887476	1.0	NonTarget	1	287560
1123.405763334597	1.0	NonTarget	1	287592
1123.5307632804463	1.0	NonTarget	1	287624
1123.6557632262954	1.0	NonTarget	1	287656
1123.7807631721448	1.0	NonTarget	1	287688
1123.9057631179942	1.0	NonTarget	1	287720
1124.0307630638436	1.0	NonTarget	1	287752
1124.155763009693	1.0	NonTarget	1	287784
1124.2807629555423	1.0	NonTarget	1	287816
1124.4057629013917	1.0	NonTarget	1	287848
1124.530762847241	1.0	NonTarget	1	287880
1124.6557627930904	1.0	NonTarget	1	287912
1124.7807627389398	1.0	NonTarget	1	287944
1124.9057626847891	1.0	NonTarget	1	287976
1125.0307626306385	1.0	NonTarget	1	288008
1125.1557625764879	1.0	NonTarget	1	288040
1125.2807625223372	1.0	NonTarget	1	288072
1125.4057624681866	1.0	NonTarget	1	288104
1125.5307624140357	1.0	NonTarget	1	288136
1125.655762359885	1.0	NonTarget	1	288168
1125.7807623057345	1.0	NonTarget	1	288200
1125.9057622515838	1.0	NonTarget	1	288232
1126.0307621974332	1.0	NonTarget	1	288264
1126.1557621432826	1.0	NonTarget	1	288296
1126.280762089132	1.0	NonTarget	1	288328
1126.4057620349813	1.0	NonTarget	1	288360
1126.5307619808307	1.0	NonTarget	1	288392
1126.65576192668	1.0	NonTarget	1	288424
1126.7807618725294	1.0	NonTarget	1	288456
1126.9057618183788	1.0	NonTarget	1	288488
1127.0307617642281	1.0	NonTarget	1	288520
1127.1557617100775	1.0	NonTarget	1	288552
1127.2807616559269	1.0	NonTarget	1	288584
1127.4057616017762	1.0	NonTarget	1	288616
1127.5307615476254	1.0	NonTarget	1	288648
1127.6557614934748	1.0	NonTarget	1	288680
1127.7807614393241	1.0	NonTarget	1	288712
1127.9057613851735	1.0	NonTarget	1	288744
1128.0307613310229	1.0	NonTarget	1	288776
1128.1557612768722	1.0	NonTarget	1	288808
1128.2807612227216	1.0	NonTarget	1	288840
1128.405761168571	1.0	NonTarget	1	288872
1128.5307611144203	1.0	NonTarget	1	288904
1128.6557610602697	1.0	NonTarget	1	288936
1128.780761006119	1.0	NonTarget	1	288968
1128.9057609519684	1.0	NonTarget	1	289000
1129.0307608978178	1.0	NonTarget	1	289032
1129.1557608436672	1.0	NonTarget	1	289064
1129.2807607895165	1.0	NonTarget	1	289096
1129.4057607353657	1.0	NonTarget	1	289128
1129.530760681215	1.0	NonTarget	1	289160
1129.6557606270644	1.0	NonTarget	1	289192
1129.7807605729138	1.0	NonTarget	1	289224
1129.9057605187631	1.0	NonTarget	1	289256
1130.0307604646125	1.0	NonTarget	1	289288
1130.1557604104619	1.0	NonTarget	1	289320
1130.2807603563112	1.0	NonTarget	1	289352
1130.4057603021606	1.0	NonTarget	1	289384
1130.53076024801	1.0	NonTarget	1	289416
1130.6557601938594	1.0	NonTarget	1	289448
1130.7807601397087	1.0	NonTarget	1	289480
1130.905760085558	1.0	NonTarget	1	289512
1131.0307600314075	1.0	NonTarget	1	289544
1131.1557599772568	1.0	NonTarget	1	289576
1131.2807599231062	1.0	NonTarget	1	289608
1131.4057598689553	1.0	NonTarget	1	289640
1131.5307598148047	1.0	NonTarget	1	289672
1131.655759760654	1.0	NonTarget	1	289704
1131.7807597065034	1.0	NonTarget	1	289736
1131.9057596523528	1.0	NonTarget	1	289768
1132.0307595982022	1.0	NonTarget	1	289800
1132.1557595440515	1.0	NonTarget	1	289832
1132.280759489901	1.0	NonTarget	1	289864
1132.4057594357503	1.0	NonTarget	1	289896
1138.5307567823686	1.0	NonTarget	1	291464
1138.655756728218	1.0	NonTarget	1	291496
1138.7807566740673	1.0	NonTarget	1	291528
1138.9057566199167	1.0	NonTarget	1	291560
1139.030756565766	1.0	NonTarget	1	291592
1139.1557565116152	1.0	NonTarget	1	291624
1139.2807564574646	1.0	NonTarget	1	291656
1139.405756403314	1.0	NonTarget	1	291688
1139.5307563491633	1.0	NonTarget	1	291720
1139.6557562950127	1.0	NonTarget	1	291752
1139.780756240862	1.0	NonTarget	1	291784
1139.9057561867114	1.0	NonTarget	1	291816
1140.0307561325608	1.0	NonTarget	1	291848
1140.1557560784101	1.0	NonTarget	1	291880
1140.2807560242595	1.0	NonTarget	1	291912
1140.4057559701089	1.0	NonTarget	1	291944
1140.5307559159583	1.0	NonTarget	1	291976
1140.6557558618076	1.0	NonTarget	1	292008
1140.780755807657	1.0	NonTarget	1	292040
1140.9057557535064	1.0	NonTarget	1	292072
1141.0307556993555	1.0	NonTarget	1	292104
1141.1557556452049	1.0	NonTarget	1	292136
1141.2807555910542	1.0	NonTarget	1	292168
1141.4057555369036	1.0	NonTarget	1	292200
1141.530755482753	1.0	NonTarget	1	292232
1141.6557554286023	1.0	NonTarget	1	292264
1141.7807553744517	1.0	NonTarget	1	292296
1141.905755320301	1.0	NonTarget	1	292328
1142.0307552661504	1.0	NonTarget	1	292360
1142.1557552119998	1.0	NonTarget	1	292392
1142.2807551578492	1.0	NonTarget	1	292424
1142.4057551036985	1.0	NonTarget	1	292456
1142.530755049548	1.0	NonTarget	1	292488
1142.6557549953973	1.0	NonTarget	1	292520
1142.7807549412466	1.0	NonTarget	1	292552
1142.905754887096	1.0	NonTarget	1	292584
1143.0307548329451	1.0	NonTarget	1	292616
1143.1557547787945	1.0	NonTarget	1	292648
1143.2807547246439	1.0	NonTarget	1	292680
1143.4057546704933	1.0	NonTarget	1	292712
1143.5307546163426	1.0	NonTarget	1	292744
1143.655754562192	1.0	NonTarget	1	292776
1143.7807545080414	1.0	NonTarget	1	292808
1143.9057544538907	1.0	NonTarget	1	292840
1144.03075439974	1.0	NonTarget	1	292872
1144.1557543455895	1.0	NonTarget	1	292904
1144.2807542914388	1.0	NonTarget	1	292936
1144.4057542372882	1.0	NonTarget	1	292968
1144.5307541831376	1.0	NonTarget	1	293000
1144.655754128987	1.0	NonTarget	1	293032
1144.7807540748363	1.0	NonTarget	1	293064
1144.9057540206854	1.0	NonTarget	1	293096
1145.0307539665348	1.0	NonTarget	1	293128
1145.1557539123842	1.0	NonTarget	1	293160
1145.2807538582335	1.0	NonTarget	1	293192
1145.405753804083	1.0	NonTarget	1	293224
1145.5307537499323	1.0	NonTarget	1	293256
1145.6557536957816	1.0	NonTarget	1	293288
1145.780753641631	1.0	NonTarget	1	293320
1145.9057535874804	1.0	NonTarget	1	293352
1146.0307535333297	1.0	NonTarget	1	293384
1146.155753479179	1.0	NonTarget	1	293416
1146.2807534250285	1.0	NonTarget	1	293448
1146.4057533708778	1.0	NonTarget	1	293480
1146.5307533167272	1.0	NonTarget	1	293512
1146.6557532625766	1.0	NonTarget	1	293544
1146.780753208426	1.0	NonTarget	1	293576
1146.905753154275	1.0	NonTarget	1	293608
1147.0307531001245	1.0	NonTarget	1	293640
1147.1557530459738	1.0	NonTarget	1	293672
1147.2807529918232	1.0	NonTarget	1	293704
1147.4057529376726	1.0	NonTarget	1	293736
1147.530752883522	1.0	NonTarget	1	293768
1147.6557528293713	1.0	NonTarget	1	293800
1147.7807527752207	1.0	NonTarget	1	293832
1147.90575272107	1.0	NonTarget	1	293864
1148.0307526669194	1.0	NonTarget	1	293896
1148.1557526127688	1.0	NonTarget	1	293928
1148.2807525586181	1.0	NonTarget	1	293960
1148.4057525044675	1.0	NonTarget	1	293992
1148.5307524503169	1.0	NonTarget	1	294024
1148.6557523961662	1.0	NonTarget	1	294056
1148.7807523420154	1.0	NonTarget	1	294088
1148.9057522878647	1.0	NonTarget	1	294120
1149.030752233714	1.0	NonTarget	1	294152
1149.1557521795635	1.0	NonTarget	1	294184
1149.2807521254128	1.0	NonTarget	1	294216
1149.4057520712622	1.0	NonTarget	1	294248
1149.5307520171116	1.0	NonTarget	1	294280
1149.655751962961	1.0	NonTarget	1	294312
1149.7807519088103	1.0	NonTarget	1	294344
1149.9057518546597	1.0	NonTarget	1	294376
1150.030751800509	1.0	NonTarget	1	294408
1150.1557517463584	1.0	NonTarget	1	294440
1150.2807516922078	1.0	NonTarget	1	294472
1150.4057516380572	1.0	NonTarget	1	294504
1150.5307515839065	1.0	NonTarget	1	294536
1150.655751529756	1.0	NonTarget	1	294568
1150.780751475605	1.0	NonTarget	1	294600
1150.9057514214544	1.0	NonTarget	1	294632
1151.0307513673038	1.0	NonTarget	1	294664
1151.1557513131531	1.0	NonTarget	1	294696
1151.2807512590025	1.0	NonTarget	1	294728
1151.4057512048519	1.0	NonTarget	1	294760
1151.5307511507012	1.0	NonTarget	1	294792
1151.6557510965506	1.0	NonTarget	1	294824
1151.7807510424	1.0	NonTarget	1	294856
1151.9057509882493	1.0	NonTarget	1	294888
1152.0307509340987	1.0	NonTarget	1	294920
1152.155750879948	1.0	NonTarget	1	294952
1152.2807508257974	1.0	NonTarget	1	294984
1152.4057507716468	1.0	NonTarget	1	295016
1152.5307507174962	1.0	NonTarget	1	295048
1152.6557506633453	1.0	NonTarget	1	295080
1152.7807506091947	1.0	NonTarget	1	295112
1152.905750555044	1.0	NonTarget	1	295144
1153.0307505008934	0.968749	NonTarget	1	295176
1153.1557504467428	0.84375	NonTarget	1	295208
1153.2807503925922	0.71875	NonTarget	1	295240
1153.4057503384415	0.59375	NonTarget	1	295272
