onset	duration	trial_type	value	sample
4.531247900619679	n/a	NonTarget	1	1160
4.6562478427057385	n/a	NonTarget	1	1192
4.781247784791799	n/a	NonTarget	1	1224
4.906247726877859	n/a	NonTarget	1	1256
5.031247668963919	n/a	NonTarget	1	1288
5.156247611049979	n/a	NonTarget	1	1320
5.281247553136039	n/a	NonTarget	1	1352
5.406247495222099	n/a	NonTarget	1	1384
5.531247437308159	n/a	NonTarget	1	1416
5.65624737939422	n/a	NonTarget	1	1448
5.781247321480279	n/a	NonTarget	1	1480
5.90624726356634	n/a	NonTarget	1	1512
6.0312472056524	n/a	NonTarget	1	1544
6.15624714773846	n/a	NonTarget	1	1576
6.28124708982452	n/a	NonTarget	1	1608
6.40624703191058	n/a	NonTarget	1	1640
6.53124697399664	n/a	NonTarget	1	1672
6.656246916082701	n/a	NonTarget	1	1704
6.78124685816876	n/a	NonTarget	1	1736
6.90624680025482	n/a	NonTarget	1	1768
7.031246742340881	n/a	NonTarget	1	1800
7.15624668442694	n/a	NonTarget	1	1832
7.281246626513001	n/a	NonTarget	1	1864
7.406246568599061	n/a	NonTarget	1	1896
7.531246510685121	n/a	NonTarget	1	1928
7.656246452771181	n/a	NonTarget	1	1960
7.7812463948572415	n/a	NonTarget	1	1992
7.906246336943301	n/a	NonTarget	1	2024
8.03124627902936	n/a	NonTarget	1	2056
8.156246221115422	n/a	NonTarget	1	2088
8.281246163201482	n/a	NonTarget	1	2120
8.406246105287542	n/a	NonTarget	1	2152
8.531246047373601	n/a	NonTarget	1	2184
8.656245989459661	n/a	NonTarget	1	2216
8.781245931545723	n/a	NonTarget	1	2248
8.906245873631782	n/a	NonTarget	1	2280
9.031245815717842	n/a	NonTarget	1	2312
9.156245757803902	n/a	NonTarget	1	2344
9.281245699889963	n/a	NonTarget	1	2376
9.406245641976023	n/a	NonTarget	1	2408
9.531245584062082	n/a	NonTarget	1	2440
9.656245526148142	n/a	NonTarget	1	2472
9.781245468234204	n/a	NonTarget	1	2504
9.906245410320263	n/a	NonTarget	1	2536
10.031245352406323	n/a	NonTarget	1	2568
10.156245294492383	n/a	NonTarget	1	2600
10.281245236578442	n/a	NonTarget	1	2632
10.406245178664504	n/a	NonTarget	1	2664
10.531245120750564	n/a	NonTarget	1	2696
10.656245062836623	n/a	NonTarget	1	2728
10.781245004922683	n/a	NonTarget	1	2760
10.906244947008744	n/a	NonTarget	1	2792
11.031244889094804	n/a	NonTarget	1	2824
11.156244831180864	n/a	NonTarget	1	2856
11.281244773266923	n/a	NonTarget	1	2888
11.406244715352985	n/a	NonTarget	1	2920
11.531244657439045	n/a	NonTarget	1	2952
11.656244599525104	n/a	NonTarget	1	2984
11.781244541611164	n/a	NonTarget	1	3016
11.906244483697224	n/a	NonTarget	1	3048
12.031244425783285	n/a	NonTarget	1	3080
12.156244367869345	n/a	NonTarget	1	3112
12.281244309955405	n/a	NonTarget	1	3144
12.406244252041464	n/a	NonTarget	1	3176
12.531244194127526	n/a	NonTarget	1	3208
12.656244136213585	n/a	NonTarget	1	3240
12.781244078299645	n/a	NonTarget	1	3272
12.906244020385705	n/a	NonTarget	1	3304
13.031243962471764	n/a	NonTarget	1	3336
13.156243904557826	n/a	NonTarget	1	3368
13.281243846643886	n/a	NonTarget	1	3400
13.406243788729945	n/a	NonTarget	1	3432
19.53124095094689	n/a	NonTarget	1	5000
19.65624089303295	n/a	NonTarget	1	5032
19.78124083511901	n/a	NonTarget	1	5064
19.90624077720507	n/a	NonTarget	1	5096
20.03124071929113	n/a	NonTarget	1	5128
20.15624066137719	n/a	NonTarget	1	5160
20.28124060346325	n/a	NonTarget	1	5192
20.406240545549313	n/a	NonTarget	1	5224
20.531240487635372	n/a	NonTarget	1	5256
20.656240429721432	n/a	NonTarget	1	5288
20.781240371807492	n/a	NonTarget	1	5320
20.90624031389355	n/a	NonTarget	1	5352
21.03124025597961	n/a	NonTarget	1	5384
21.15624019806567	n/a	NonTarget	1	5416
21.28124014015173	n/a	NonTarget	1	5448
21.40624008223779	n/a	NonTarget	1	5480
21.531240024323854	n/a	NonTarget	1	5512
21.656239966409913	n/a	NonTarget	1	5544
21.781239908495973	n/a	NonTarget	1	5576
21.906239850582033	n/a	NonTarget	1	5608
22.031239792668092	n/a	NonTarget	1	5640
22.156239734754152	n/a	NonTarget	1	5672
22.28123967684021	n/a	NonTarget	1	5704
22.40623961892627	n/a	NonTarget	1	5736
22.53123956101233	n/a	NonTarget	1	5768
22.656239503098394	n/a	NonTarget	1	5800
22.781239445184454	n/a	NonTarget	1	5832
22.906239387270514	n/a	NonTarget	1	5864
23.031239329356573	n/a	NonTarget	1	5896
23.156239271442633	n/a	NonTarget	1	5928
23.281239213528693	n/a	NonTarget	1	5960
23.406239155614752	n/a	NonTarget	1	5992
23.531239097700812	n/a	NonTarget	1	6024
23.656239039786875	n/a	NonTarget	1	6056
23.781238981872935	n/a	NonTarget	1	6088
23.906238923958995	n/a	NonTarget	1	6120
24.031238866045054	n/a	NonTarget	1	6152
24.156238808131114	n/a	NonTarget	1	6184
24.281238750217174	n/a	NonTarget	1	6216
24.406238692303234	n/a	NonTarget	1	6248
24.531238634389293	n/a	NonTarget	1	6280
24.656238576475353	n/a	NonTarget	1	6312
24.781238518561416	n/a	NonTarget	1	6344
24.906238460647476	n/a	NonTarget	1	6376
25.031238402733536	n/a	NonTarget	1	6408
25.156238344819595	n/a	NonTarget	1	6440
25.281238286905655	n/a	NonTarget	1	6472
25.406238228991715	n/a	NonTarget	1	6504
25.531238171077774	n/a	NonTarget	1	6536
25.656238113163834	n/a	NonTarget	1	6568
25.781238055249894	n/a	NonTarget	1	6600
25.906237997335957	n/a	NonTarget	1	6632
26.031237939422017	n/a	NonTarget	1	6664
26.156237881508076	n/a	NonTarget	1	6696
26.281237823594136	n/a	NonTarget	1	6728
26.406237765680196	n/a	NonTarget	1	6760
26.531237707766255	n/a	NonTarget	1	6792
26.656237649852315	n/a	NonTarget	1	6824
26.781237591938375	n/a	NonTarget	1	6856
26.906237534024438	n/a	NonTarget	1	6888
27.031237476110498	n/a	NonTarget	1	6920
27.156237418196557	n/a	NonTarget	1	6952
27.281237360282617	n/a	NonTarget	1	6984
27.406237302368677	n/a	NonTarget	1	7016
27.531237244454736	n/a	NonTarget	1	7048
27.656237186540796	n/a	NonTarget	1	7080
27.781237128626856	n/a	NonTarget	1	7112
27.906237070712915	n/a	NonTarget	1	7144
28.03123701279898	n/a	NonTarget	1	7176
28.15623695488504	n/a	NonTarget	1	7208
28.281236896971098	n/a	NonTarget	1	7240
28.406236839057158	n/a	NonTarget	1	7272
34.5312340012741	n/a	NonTarget	1	8840
34.656233943360164	n/a	NonTarget	1	8872
34.78123388544622	n/a	NonTarget	1	8904
34.90623382753228	n/a	NonTarget	1	8936
35.031233769618346	n/a	NonTarget	1	8968
35.1562337117044	n/a	NonTarget	1	9000
35.281233653790466	n/a	NonTarget	1	9032
35.40623359587652	n/a	NonTarget	1	9064
35.531233537962585	n/a	NonTarget	1	9096
35.65623348004864	n/a	NonTarget	1	9128
35.781233422134704	n/a	NonTarget	1	9160
35.90623336422076	n/a	NonTarget	1	9192
36.031233306306824	n/a	NonTarget	1	9224
36.15623324839289	n/a	NonTarget	1	9256
36.28123319047894	n/a	NonTarget	1	9288
36.406233132565006	n/a	NonTarget	1	9320
36.53123307465106	n/a	NonTarget	1	9352
36.656233016737126	n/a	NonTarget	1	9384
36.78123295882318	n/a	NonTarget	1	9416
36.906232900909245	n/a	NonTarget	1	9448
37.0312328429953	n/a	NonTarget	1	9480
37.156232785081365	n/a	NonTarget	1	9512
37.28123272716743	n/a	NonTarget	1	9544
37.406232669253484	n/a	NonTarget	1	9576
37.53123261133955	n/a	NonTarget	1	9608
37.6562325534256	n/a	NonTarget	1	9640
37.78123249551167	n/a	NonTarget	1	9672
37.90623243759772	n/a	NonTarget	1	9704
38.031232379683786	n/a	NonTarget	1	9736
38.15623232176984	n/a	NonTarget	1	9768
38.281232263855905	n/a	NonTarget	1	9800
38.40623220594197	n/a	NonTarget	1	9832
38.531232148028025	n/a	NonTarget	1	9864
38.65623209011409	n/a	NonTarget	1	9896
38.781232032200144	n/a	NonTarget	1	9928
38.90623197428621	n/a	NonTarget	1	9960
39.03123191637226	n/a	NonTarget	1	9992
39.15623185845833	n/a	NonTarget	1	10024
39.28123180054438	n/a	NonTarget	1	10056
39.406231742630446	n/a	NonTarget	1	10088
39.53123168471651	n/a	NonTarget	1	10120
39.656231626802565	n/a	NonTarget	1	10152
39.78123156888863	n/a	NonTarget	1	10184
39.906231510974685	n/a	NonTarget	1	10216
40.03123145306075	n/a	NonTarget	1	10248
40.156231395146804	n/a	NonTarget	1	10280
40.28123133723287	n/a	NonTarget	1	10312
40.406231279318924	n/a	NonTarget	1	10344
40.53123122140499	n/a	NonTarget	1	10376
40.65623116349105	n/a	NonTarget	1	10408
40.781231105577106	n/a	NonTarget	1	10440
40.90623104766317	n/a	NonTarget	1	10472
41.031230989749226	n/a	NonTarget	1	10504
41.15623093183529	n/a	NonTarget	1	10536
41.281230873921345	n/a	NonTarget	1	10568
41.40623081600741	n/a	NonTarget	1	10600
41.531230758093464	n/a	NonTarget	1	10632
41.65623070017953	n/a	NonTarget	1	10664
41.78123064226559	n/a	NonTarget	1	10696
41.90623058435165	n/a	NonTarget	1	10728
42.03123052643771	n/a	NonTarget	1	10760
42.156230468523766	n/a	NonTarget	1	10792
42.28123041060983	n/a	NonTarget	1	10824
42.406230352695886	n/a	NonTarget	1	10856
42.53123029478195	n/a	NonTarget	1	10888
42.65623023686801	n/a	NonTarget	1	10920
42.78123017895407	n/a	NonTarget	1	10952
42.90623012104013	n/a	NonTarget	1	10984
43.03123006312619	n/a	NonTarget	1	11016
43.15623000521225	n/a	NonTarget	1	11048
43.28122994729831	n/a	NonTarget	1	11080
43.40622988938437	n/a	NonTarget	1	11112
49.53122705160131	n/a	NonTarget	1	12680
49.656226993687376	n/a	NonTarget	1	12712
49.78122693577343	n/a	NonTarget	1	12744
49.906226877859496	n/a	NonTarget	1	12776
50.03122681994555	n/a	NonTarget	1	12808
50.156226762031615	n/a	NonTarget	1	12840
50.28122670411768	n/a	NonTarget	1	12872
50.406226646203734	n/a	NonTarget	1	12904
50.5312265882898	n/a	NonTarget	1	12936
50.656226530375854	n/a	NonTarget	1	12968
50.78122647246192	n/a	NonTarget	1	13000
50.90622641454797	n/a	NonTarget	1	13032
51.031226356634036	n/a	NonTarget	1	13064
51.15622629872009	n/a	NonTarget	1	13096
51.281226240806156	n/a	NonTarget	1	13128
51.40622618289222	n/a	NonTarget	1	13160
51.531226124978275	n/a	NonTarget	1	13192
51.65622606706434	n/a	NonTarget	1	13224
51.781226009150394	n/a	NonTarget	1	13256
51.90622595123646	n/a	NonTarget	1	13288
52.031225893322514	n/a	NonTarget	1	13320
52.15622583540858	n/a	NonTarget	1	13352
52.28122577749463	n/a	NonTarget	1	13384
52.406225719580696	n/a	NonTarget	1	13416
52.53122566166676	n/a	NonTarget	1	13448
52.656225603752816	n/a	NonTarget	1	13480
52.78122554583888	n/a	NonTarget	1	13512
52.906225487924935	n/a	NonTarget	1	13544
53.031225430011	n/a	NonTarget	1	13576
53.156225372097055	n/a	NonTarget	1	13608
53.28122531418312	n/a	NonTarget	1	13640
53.406225256269174	n/a	NonTarget	1	13672
53.53122519835524	n/a	NonTarget	1	13704
53.6562251404413	n/a	NonTarget	1	13736
53.78122508252736	n/a	NonTarget	1	13768
53.90622502461342	n/a	NonTarget	1	13800
54.031224966699476	n/a	NonTarget	1	13832
54.15622490878554	n/a	NonTarget	1	13864
54.281224850871595	n/a	NonTarget	1	13896
54.40622479295766	n/a	NonTarget	1	13928
54.531224735043715	n/a	NonTarget	1	13960
54.65622467712978	n/a	NonTarget	1	13992
54.78122461921584	n/a	NonTarget	1	14024
54.9062245613019	n/a	NonTarget	1	14056
55.03122450338796	n/a	NonTarget	1	14088
55.15622444547402	n/a	NonTarget	1	14120
55.28122438756008	n/a	NonTarget	1	14152
55.406224329646136	n/a	NonTarget	1	14184
55.5312242717322	n/a	NonTarget	1	14216
55.656224213818255	n/a	NonTarget	1	14248
55.78122415590432	n/a	NonTarget	1	14280
55.90622409799038	n/a	NonTarget	1	14312
56.03122404007644	n/a	NonTarget	1	14344
56.1562239821625	n/a	NonTarget	1	14376
56.28122392424856	n/a	NonTarget	1	14408
56.40622386633462	n/a	NonTarget	1	14440
56.53122380842068	n/a	NonTarget	1	14472
56.65622375050674	n/a	NonTarget	1	14504
56.7812236925928	n/a	NonTarget	1	14536
56.90622363467886	n/a	NonTarget	1	14568
57.03122357676492	n/a	NonTarget	1	14600
57.15622351885098	n/a	NonTarget	1	14632
57.28122346093704	n/a	NonTarget	1	14664
57.4062234030231	n/a	NonTarget	1	14696
57.53122334510916	n/a	NonTarget	1	14728
57.65622328719522	n/a	NonTarget	1	14760
57.78122322928128	n/a	NonTarget	1	14792
57.906223171367344	n/a	NonTarget	1	14824
58.0312231134534	n/a	NonTarget	1	14856
58.15622305553946	n/a	NonTarget	1	14888
58.28122299762552	n/a	NonTarget	1	14920
58.40622293971158	n/a	NonTarget	1	14952
64.53122010192853	n/a	NonTarget	1	16520
64.65622004401459	n/a	NonTarget	1	16552
64.78121998610065	n/a	NonTarget	1	16584
64.9062199281867	n/a	NonTarget	1	16616
65.03121987027276	n/a	NonTarget	1	16648
65.15621981235883	n/a	NonTarget	1	16680
65.28121975444489	n/a	NonTarget	1	16712
65.40621969653094	n/a	NonTarget	1	16744
65.531219638617	n/a	NonTarget	1	16776
65.65621958070307	n/a	NonTarget	1	16808
65.78121952278913	n/a	NonTarget	1	16840
65.90621946487519	n/a	NonTarget	1	16872
66.03121940696124	n/a	NonTarget	1	16904
66.1562193490473	n/a	NonTarget	1	16936
66.28121929113337	n/a	NonTarget	1	16968
66.40621923321943	n/a	NonTarget	1	17000
66.5312191753055	n/a	NonTarget	1	17032
66.65621911739154	n/a	NonTarget	1	17064
66.7812190594776	n/a	NonTarget	1	17096
66.90621900156367	n/a	NonTarget	1	17128
67.03121894364973	n/a	NonTarget	1	17160
67.15621888573578	n/a	NonTarget	1	17192
67.28121882782185	n/a	NonTarget	1	17224
67.40621876990791	n/a	NonTarget	1	17256
67.53121871199397	n/a	NonTarget	1	17288
67.65621865408004	n/a	NonTarget	1	17320
67.78121859616608	n/a	NonTarget	1	17352
67.90621853825215	n/a	NonTarget	1	17384
68.03121848033821	n/a	NonTarget	1	17416
68.15621842242427	n/a	NonTarget	1	17448
68.28121836451032	n/a	NonTarget	1	17480
68.40621830659639	n/a	NonTarget	1	17512
68.53121824868245	n/a	NonTarget	1	17544
68.65621819076851	n/a	NonTarget	1	17576
68.78121813285458	n/a	NonTarget	1	17608
68.90621807494063	n/a	NonTarget	1	17640
69.03121801702669	n/a	NonTarget	1	17672
69.15621795911275	n/a	NonTarget	1	17704
69.28121790119881	n/a	NonTarget	1	17736
69.40621784328486	n/a	NonTarget	1	17768
69.53121778537093	n/a	NonTarget	1	17800
69.65621772745699	n/a	NonTarget	1	17832
69.78121766954305	n/a	NonTarget	1	17864
69.90621761162912	n/a	NonTarget	1	17896
70.03121755371517	n/a	NonTarget	1	17928
70.15621749580123	n/a	NonTarget	1	17960
70.28121743788729	n/a	NonTarget	1	17992
70.40621737997336	n/a	NonTarget	1	18024
70.5312173220594	n/a	NonTarget	1	18056
70.65621726414547	n/a	NonTarget	1	18088
70.78121720623153	n/a	NonTarget	1	18120
70.9062171483176	n/a	NonTarget	1	18152
71.03121709040366	n/a	NonTarget	1	18184
71.1562170324897	n/a	NonTarget	1	18216
71.28121697457577	n/a	NonTarget	1	18248
71.40621691666183	n/a	NonTarget	1	18280
71.5312168587479	n/a	NonTarget	1	18312
71.65621680083395	n/a	NonTarget	1	18344
71.78121674292001	n/a	NonTarget	1	18376
71.90621668500607	n/a	NonTarget	1	18408
72.03121662709214	n/a	NonTarget	1	18440
72.1562165691782	n/a	NonTarget	1	18472
72.28121651126425	n/a	NonTarget	1	18504
72.40621645335031	n/a	NonTarget	1	18536
72.53121639543637	n/a	NonTarget	1	18568
72.65621633752244	n/a	NonTarget	1	18600
72.78121627960849	n/a	NonTarget	1	18632
72.90621622169455	n/a	NonTarget	1	18664
73.03121616378061	n/a	NonTarget	1	18696
73.15621610586668	n/a	NonTarget	1	18728
73.28121604795274	n/a	NonTarget	1	18760
73.40621599003879	n/a	NonTarget	1	18792
79.53121315225573	n/a	NonTarget	1	20360
79.6562130943418	n/a	NonTarget	1	20392
79.78121303642786	n/a	NonTarget	1	20424
79.90621297851392	n/a	NonTarget	1	20456
80.03121292059998	n/a	NonTarget	1	20488
80.15621286268603	n/a	NonTarget	1	20520
80.2812128047721	n/a	NonTarget	1	20552
80.40621274685816	n/a	NonTarget	1	20584
80.53121268894422	n/a	NonTarget	1	20616
80.65621263103029	n/a	NonTarget	1	20648
80.78121257311633	n/a	NonTarget	1	20680
80.9062125152024	n/a	NonTarget	1	20712
81.03121245728846	n/a	NonTarget	1	20744
81.15621239937452	n/a	NonTarget	1	20776
81.28121234146057	n/a	NonTarget	1	20808
81.40621228354664	n/a	NonTarget	1	20840
81.5312122256327	n/a	NonTarget	1	20872
81.65621216771876	n/a	NonTarget	1	20904
81.78121210980483	n/a	NonTarget	1	20936
81.90621205189088	n/a	NonTarget	1	20968
82.03121199397694	n/a	NonTarget	1	21000
82.156211936063	n/a	NonTarget	1	21032
82.28121187814907	n/a	NonTarget	1	21064
82.40621182023511	n/a	NonTarget	1	21096
82.53121176232118	n/a	NonTarget	1	21128
82.65621170440724	n/a	NonTarget	1	21160
82.7812116464933	n/a	NonTarget	1	21192
82.90621158857937	n/a	NonTarget	1	21224
83.03121153066542	n/a	NonTarget	1	21256
83.15621147275148	n/a	NonTarget	1	21288
83.28121141483754	n/a	NonTarget	1	21320
83.4062113569236	n/a	NonTarget	1	21352
83.53121129900966	n/a	NonTarget	1	21384
83.65621124109572	n/a	NonTarget	1	21416
83.78121118318178	n/a	NonTarget	1	21448
83.90621112526784	n/a	NonTarget	1	21480
84.03121106735391	n/a	NonTarget	1	21512
84.15621100943996	n/a	NonTarget	1	21544
84.28121095152602	n/a	NonTarget	1	21576
84.40621089361208	n/a	NonTarget	1	21608
84.53121083569815	n/a	NonTarget	1	21640
84.6562107777842	n/a	NonTarget	1	21672
84.78121071987026	n/a	NonTarget	1	21704
84.90621066195632	n/a	NonTarget	1	21736
85.03121060404239	n/a	NonTarget	1	21768
85.15621054612845	n/a	NonTarget	1	21800
85.2812104882145	n/a	NonTarget	1	21832
85.40621043030056	n/a	NonTarget	1	21864
85.53121037238662	n/a	NonTarget	1	21896
85.65621031447269	n/a	NonTarget	1	21928
85.78121025655874	n/a	NonTarget	1	21960
85.9062101986448	n/a	NonTarget	1	21992
86.03121014073086	n/a	NonTarget	1	22024
86.15621008281693	n/a	NonTarget	1	22056
86.28121002490299	n/a	NonTarget	1	22088
86.40620996698904	n/a	NonTarget	1	22120
86.5312099090751	n/a	NonTarget	1	22152
86.65620985116117	n/a	NonTarget	1	22184
86.78120979324723	n/a	NonTarget	1	22216
86.90620973533328	n/a	NonTarget	1	22248
87.03120967741934	n/a	NonTarget	1	22280
87.1562096195054	n/a	NonTarget	1	22312
87.28120956159147	n/a	NonTarget	1	22344
87.40620950367753	n/a	NonTarget	1	22376
87.53120944576358	n/a	NonTarget	1	22408
87.65620938784964	n/a	NonTarget	1	22440
87.7812093299357	n/a	NonTarget	1	22472
87.90620927202177	n/a	NonTarget	1	22504
88.03120921410782	n/a	NonTarget	1	22536
88.15620915619388	n/a	NonTarget	1	22568
88.28120909827994	n/a	NonTarget	1	22600
88.40620904036601	n/a	NonTarget	1	22632
94.53120620258295	n/a	NonTarget	1	24200
94.65620614466901	n/a	NonTarget	1	24232
94.78120608675508	n/a	NonTarget	1	24264
94.90620602884113	n/a	NonTarget	1	24296
95.03120597092719	n/a	NonTarget	1	24328
95.15620591301325	n/a	NonTarget	1	24360
95.28120585509932	n/a	NonTarget	1	24392
95.40620579718536	n/a	NonTarget	1	24424
95.53120573927143	n/a	NonTarget	1	24456
95.65620568135749	n/a	NonTarget	1	24488
95.78120562344355	n/a	NonTarget	1	24520
95.90620556552962	n/a	NonTarget	1	24552
96.03120550761567	n/a	NonTarget	1	24584
96.15620544970173	n/a	NonTarget	1	24616
96.2812053917878	n/a	NonTarget	1	24648
96.40620533387386	n/a	NonTarget	1	24680
96.5312052759599	n/a	NonTarget	1	24712
96.65620521804597	n/a	NonTarget	1	24744
96.78120516013203	n/a	NonTarget	1	24776
96.9062051022181	n/a	NonTarget	1	24808
97.03120504430416	n/a	NonTarget	1	24840
97.15620498639021	n/a	NonTarget	1	24872
97.28120492847627	n/a	NonTarget	1	24904
97.40620487056233	n/a	NonTarget	1	24936
97.5312048126484	n/a	NonTarget	1	24968
97.65620475473445	n/a	NonTarget	1	25000
97.78120469682051	n/a	NonTarget	1	25032
97.90620463890657	n/a	NonTarget	1	25064
98.03120458099264	n/a	NonTarget	1	25096
98.1562045230787	n/a	NonTarget	1	25128
98.28120446516475	n/a	NonTarget	1	25160
98.40620440725081	n/a	NonTarget	1	25192
98.53120434933687	n/a	NonTarget	1	25224
98.65620429142294	n/a	NonTarget	1	25256
98.78120423350899	n/a	NonTarget	1	25288
98.90620417559505	n/a	NonTarget	1	25320
99.03120411768111	n/a	NonTarget	1	25352
99.15620405976718	n/a	NonTarget	1	25384
99.28120400185324	n/a	NonTarget	1	25416
99.40620394393929	n/a	NonTarget	1	25448
99.53120388602535	n/a	NonTarget	1	25480
99.65620382811142	n/a	NonTarget	1	25512
99.78120377019748	n/a	NonTarget	1	25544
99.90620371228353	n/a	NonTarget	1	25576
100.03120365436959	n/a	NonTarget	1	25608
100.15620359645565	n/a	NonTarget	1	25640
100.28120353854172	n/a	NonTarget	1	25672
100.40620348062778	n/a	NonTarget	1	25704
100.53120342271383	n/a	NonTarget	1	25736
100.6562033647999	n/a	NonTarget	1	25768
100.78120330688596	n/a	NonTarget	1	25800
100.90620324897202	n/a	NonTarget	1	25832
101.03120319105807	n/a	NonTarget	1	25864
101.15620313314413	n/a	NonTarget	1	25896
101.2812030752302	n/a	NonTarget	1	25928
101.40620301731626	n/a	NonTarget	1	25960
101.53120295940232	n/a	NonTarget	1	25992
101.65620290148837	n/a	NonTarget	1	26024
101.78120284357443	n/a	NonTarget	1	26056
101.9062027856605	n/a	NonTarget	1	26088
102.03120272774656	n/a	NonTarget	1	26120
102.15620266983261	n/a	NonTarget	1	26152
102.28120261191867	n/a	NonTarget	1	26184
102.40620255400474	n/a	NonTarget	1	26216
102.5312024960908	n/a	NonTarget	1	26248
102.65620243817686	n/a	NonTarget	1	26280
102.78120238026291	n/a	NonTarget	1	26312
102.90620232234897	n/a	NonTarget	1	26344
103.03120226443504	n/a	NonTarget	1	26376
103.1562022065211	n/a	NonTarget	1	26408
103.28120214860715	n/a	NonTarget	1	26440
103.40620209069321	n/a	NonTarget	1	26472
109.53119925291016	n/a	NonTarget	1	28040
109.65619919499622	n/a	NonTarget	1	28072
109.78119913708228	n/a	NonTarget	1	28104
109.90619907916835	n/a	NonTarget	1	28136
110.03119902125441	n/a	NonTarget	1	28168
110.15619896334046	n/a	NonTarget	1	28200
110.28119890542652	n/a	NonTarget	1	28232
110.40619884751258	n/a	NonTarget	1	28264
110.53119878959865	n/a	NonTarget	1	28296
110.6561987316847	n/a	NonTarget	1	28328
110.78119867377076	n/a	NonTarget	1	28360
110.90619861585682	n/a	NonTarget	1	28392
111.03119855794289	n/a	NonTarget	1	28424
111.15619850002895	n/a	NonTarget	1	28456
111.281198442115	n/a	NonTarget	1	28488
111.40619838420106	n/a	NonTarget	1	28520
111.53119832628713	n/a	NonTarget	1	28552
111.65619826837319	n/a	NonTarget	1	28584
111.78119821045924	n/a	NonTarget	1	28616
111.9061981525453	n/a	NonTarget	1	28648
112.03119809463136	n/a	NonTarget	1	28680
112.15619803671743	n/a	NonTarget	1	28712
112.28119797880349	n/a	NonTarget	1	28744
112.40619792088954	n/a	NonTarget	1	28776
112.5311978629756	n/a	NonTarget	1	28808
112.65619780506167	n/a	NonTarget	1	28840
112.78119774714773	n/a	NonTarget	1	28872
112.90619768923378	n/a	NonTarget	1	28904
113.03119763131984	n/a	NonTarget	1	28936
113.1561975734059	n/a	NonTarget	1	28968
113.28119751549197	n/a	NonTarget	1	29000
113.40619745757803	n/a	NonTarget	1	29032
113.53119739966408	n/a	NonTarget	1	29064
113.65619734175014	n/a	NonTarget	1	29096
113.7811972838362	n/a	NonTarget	1	29128
113.90619722592227	n/a	NonTarget	1	29160
114.03119716800832	n/a	NonTarget	1	29192
114.15619711009438	n/a	NonTarget	1	29224
114.28119705218045	n/a	NonTarget	1	29256
114.40619699426651	n/a	NonTarget	1	29288
114.53119693635257	n/a	NonTarget	1	29320
114.65619687843862	n/a	NonTarget	1	29352
114.78119682052468	n/a	NonTarget	1	29384
114.90619676261075	n/a	NonTarget	1	29416
115.03119670469681	n/a	NonTarget	1	29448
115.15619664678286	n/a	NonTarget	1	29480
115.28119658886892	n/a	NonTarget	1	29512
115.40619653095499	n/a	NonTarget	1	29544
115.53119647304105	n/a	NonTarget	1	29576
115.65619641512711	n/a	NonTarget	1	29608
115.78119635721316	n/a	NonTarget	1	29640
115.90619629929922	n/a	NonTarget	1	29672
116.03119624138529	n/a	NonTarget	1	29704
116.15619618347135	n/a	NonTarget	1	29736
116.2811961255574	n/a	NonTarget	1	29768
116.40619606764346	n/a	NonTarget	1	29800
116.53119600972953	n/a	NonTarget	1	29832
116.65619595181559	n/a	NonTarget	1	29864
116.78119589390165	n/a	NonTarget	1	29896
116.9061958359877	n/a	NonTarget	1	29928
117.03119577807377	n/a	NonTarget	1	29960
117.15619572015983	n/a	NonTarget	1	29992
117.28119566224589	n/a	NonTarget	1	30024
117.40619560433194	n/a	NonTarget	1	30056
117.531195546418	n/a	NonTarget	1	30088
117.65619548850407	n/a	NonTarget	1	30120
117.78119543059013	n/a	NonTarget	1	30152
117.9061953726762	n/a	NonTarget	1	30184
118.03119531476224	n/a	NonTarget	1	30216
118.1561952568483	n/a	NonTarget	1	30248
118.28119519893437	n/a	NonTarget	1	30280
118.40619514102043	n/a	NonTarget	1	30312
124.53119230323738	n/a	NonTarget	1	31880
124.65619224532344	n/a	NonTarget	1	31912
124.78119218740949	n/a	NonTarget	1	31944
124.90619212949555	n/a	NonTarget	1	31976
125.03119207158161	n/a	NonTarget	1	32008
125.15619201366768	n/a	NonTarget	1	32040
125.28119195575374	n/a	NonTarget	1	32072
125.40619189783979	n/a	NonTarget	1	32104
125.53119183992585	n/a	NonTarget	1	32136
125.65619178201192	n/a	NonTarget	1	32168
125.78119172409798	n/a	NonTarget	1	32200
125.90619166618403	n/a	NonTarget	1	32232
126.03119160827009	n/a	NonTarget	1	32264
126.15619155035616	n/a	NonTarget	1	32296
126.28119149244222	n/a	NonTarget	1	32328
126.40619143452828	n/a	NonTarget	1	32360
126.53119137661433	n/a	NonTarget	1	32392
126.6561913187004	n/a	NonTarget	1	32424
126.78119126078646	n/a	NonTarget	1	32456
126.90619120287252	n/a	NonTarget	1	32488
127.03119114495857	n/a	NonTarget	1	32520
127.15619108704463	n/a	NonTarget	1	32552
127.2811910291307	n/a	NonTarget	1	32584
127.40619097121676	n/a	NonTarget	1	32616
127.53119091330282	n/a	NonTarget	1	32648
127.65619085538887	n/a	NonTarget	1	32680
127.78119079747493	n/a	NonTarget	1	32712
127.906190739561	n/a	NonTarget	1	32744
128.03119068164705	n/a	NonTarget	1	32776
128.15619062373312	n/a	NonTarget	1	32808
128.28119056581917	n/a	NonTarget	1	32840
128.40619050790522	n/a	NonTarget	1	32872
128.5311904499913	n/a	NonTarget	1	32904
128.65619039207735	n/a	NonTarget	1	32936
128.78119033416343	n/a	NonTarget	1	32968
128.90619027624948	n/a	NonTarget	1	33000
129.03119021833552	n/a	NonTarget	1	33032
129.1561901604216	n/a	NonTarget	1	33064
129.28119010250765	n/a	NonTarget	1	33096
129.40619004459373	n/a	NonTarget	1	33128
129.53118998667978	n/a	NonTarget	1	33160
129.65618992876583	n/a	NonTarget	1	33192
129.7811898708519	n/a	NonTarget	1	33224
129.90618981293795	n/a	NonTarget	1	33256
130.03118975502403	n/a	NonTarget	1	33288
130.15618969711008	n/a	NonTarget	1	33320
130.28118963919613	n/a	NonTarget	1	33352
130.4061895812822	n/a	NonTarget	1	33384
130.53118952336825	n/a	NonTarget	1	33416
130.65618946545433	n/a	NonTarget	1	33448
130.78118940754038	n/a	NonTarget	1	33480
130.90618934962643	n/a	NonTarget	1	33512
131.0311892917125	n/a	NonTarget	1	33544
131.15618923379856	n/a	NonTarget	1	33576
131.2811891758846	n/a	NonTarget	1	33608
131.40618911797068	n/a	NonTarget	1	33640
131.53118906005673	n/a	NonTarget	1	33672
131.6561890021428	n/a	NonTarget	1	33704
131.78118894422886	n/a	NonTarget	1	33736
131.9061888863149	n/a	NonTarget	1	33768
132.03118882840099	n/a	NonTarget	1	33800
132.15618877048703	n/a	NonTarget	1	33832
132.2811887125731	n/a	NonTarget	1	33864
132.40618865465916	n/a	NonTarget	1	33896
132.5311885967452	n/a	NonTarget	1	33928
132.6561885388313	n/a	NonTarget	1	33960
132.78118848091734	n/a	NonTarget	1	33992
132.9061884230034	n/a	NonTarget	1	34024
133.03118836508946	n/a	NonTarget	1	34056
133.1561883071755	n/a	NonTarget	1	34088
133.2811882492616	n/a	NonTarget	1	34120
133.40618819134764	n/a	NonTarget	1	34152
139.53118535356458	n/a	NonTarget	1	35720
139.65618529565066	n/a	NonTarget	1	35752
139.7811852377367	n/a	NonTarget	1	35784
139.90618517982276	n/a	NonTarget	1	35816
140.03118512190883	n/a	NonTarget	1	35848
140.15618506399488	n/a	NonTarget	1	35880
140.28118500608093	n/a	NonTarget	1	35912
140.406184948167	n/a	NonTarget	1	35944
140.53118489025306	n/a	NonTarget	1	35976
140.65618483233914	n/a	NonTarget	1	36008
140.78118477442518	n/a	NonTarget	1	36040
140.90618471651123	n/a	NonTarget	1	36072
141.0311846585973	n/a	NonTarget	1	36104
141.15618460068336	n/a	NonTarget	1	36136
141.28118454276944	n/a	NonTarget	1	36168
141.4061844848555	n/a	NonTarget	1	36200
141.53118442694154	n/a	NonTarget	1	36232
141.6561843690276	n/a	NonTarget	1	36264
141.78118431111366	n/a	NonTarget	1	36296
141.90618425319974	n/a	NonTarget	1	36328
142.0311841952858	n/a	NonTarget	1	36360
142.15618413737184	n/a	NonTarget	1	36392
142.28118407945792	n/a	NonTarget	1	36424
142.40618402154396	n/a	NonTarget	1	36456
142.53118396363	n/a	NonTarget	1	36488
142.6561839057161	n/a	NonTarget	1	36520
142.78118384780214	n/a	NonTarget	1	36552
142.90618378988822	n/a	NonTarget	1	36584
143.03118373197427	n/a	NonTarget	1	36616
143.15618367406032	n/a	NonTarget	1	36648
143.2811836161464	n/a	NonTarget	1	36680
143.40618355823244	n/a	NonTarget	1	36712
143.53118350031852	n/a	NonTarget	1	36744
143.65618344240457	n/a	NonTarget	1	36776
143.78118338449062	n/a	NonTarget	1	36808
143.9061833265767	n/a	NonTarget	1	36840
144.03118326866274	n/a	NonTarget	1	36872
144.15618321074882	n/a	NonTarget	1	36904
144.28118315283487	n/a	NonTarget	1	36936
144.40618309492092	n/a	NonTarget	1	36968
144.531183037007	n/a	NonTarget	1	37000
144.65618297909305	n/a	NonTarget	1	37032
144.78118292117912	n/a	NonTarget	1	37064
144.90618286326517	n/a	NonTarget	1	37096
145.03118280535122	n/a	NonTarget	1	37128
145.1561827474373	n/a	NonTarget	1	37160
145.28118268952335	n/a	NonTarget	1	37192
145.4061826316094	n/a	NonTarget	1	37224
145.53118257369547	n/a	NonTarget	1	37256
145.65618251578152	n/a	NonTarget	1	37288
145.7811824578676	n/a	NonTarget	1	37320
145.90618239995365	n/a	NonTarget	1	37352
146.0311823420397	n/a	NonTarget	1	37384
146.15618228412578	n/a	NonTarget	1	37416
146.28118222621183	n/a	NonTarget	1	37448
146.4061821682979	n/a	NonTarget	1	37480
146.53118211038395	n/a	NonTarget	1	37512
146.65618205247	n/a	NonTarget	1	37544
146.78118199455608	n/a	NonTarget	1	37576
146.90618193664213	n/a	NonTarget	1	37608
147.0311818787282	n/a	NonTarget	1	37640
147.15618182081425	n/a	NonTarget	1	37672
147.2811817629003	n/a	NonTarget	1	37704
147.40618170498638	n/a	NonTarget	1	37736
147.53118164707243	n/a	NonTarget	1	37768
147.65618158915848	n/a	NonTarget	1	37800
147.78118153124456	n/a	NonTarget	1	37832
147.9061814733306	n/a	NonTarget	1	37864
148.03118141541668	n/a	NonTarget	1	37896
148.15618135750273	n/a	NonTarget	1	37928
148.28118129958878	n/a	NonTarget	1	37960
148.40618124167486	n/a	NonTarget	1	37992
154.5311784038918	n/a	NonTarget	1	39560
154.65617834597785	n/a	NonTarget	1	39592
154.78117828806393	n/a	NonTarget	1	39624
154.90617823014998	n/a	NonTarget	1	39656
155.03117817223603	n/a	NonTarget	1	39688
155.1561781143221	n/a	NonTarget	1	39720
155.28117805640815	n/a	NonTarget	1	39752
155.40617799849423	n/a	NonTarget	1	39784
155.53117794058028	n/a	NonTarget	1	39816
155.65617788266633	n/a	NonTarget	1	39848
155.7811778247524	n/a	NonTarget	1	39880
155.90617776683845	n/a	NonTarget	1	39912
156.03117770892453	n/a	NonTarget	1	39944
156.15617765101058	n/a	NonTarget	1	39976
156.28117759309663	n/a	NonTarget	1	40008
156.4061775351827	n/a	NonTarget	1	40040
156.53117747726876	n/a	NonTarget	1	40072
156.6561774193548	n/a	NonTarget	1	40104
156.78117736144088	n/a	NonTarget	1	40136
156.90617730352693	n/a	NonTarget	1	40168
157.031177245613	n/a	NonTarget	1	40200
157.15617718769906	n/a	NonTarget	1	40232
157.2811771297851	n/a	NonTarget	1	40264
157.40617707187118	n/a	NonTarget	1	40296
157.53117701395723	n/a	NonTarget	1	40328
157.6561769560433	n/a	NonTarget	1	40360
157.78117689812936	n/a	NonTarget	1	40392
157.9061768402154	n/a	NonTarget	1	40424
158.0311767823015	n/a	NonTarget	1	40456
158.15617672438754	n/a	NonTarget	1	40488
158.2811766664736	n/a	NonTarget	1	40520
158.40617660855966	n/a	NonTarget	1	40552
158.5311765506457	n/a	NonTarget	1	40584
158.6561764927318	n/a	NonTarget	1	40616
158.78117643481784	n/a	NonTarget	1	40648
158.90617637690391	n/a	NonTarget	1	40680
159.03117631898996	n/a	NonTarget	1	40712
159.156176261076	n/a	NonTarget	1	40744
159.2811762031621	n/a	NonTarget	1	40776
159.40617614524814	n/a	NonTarget	1	40808
159.5311760873342	n/a	NonTarget	1	40840
159.65617602942027	n/a	NonTarget	1	40872
159.78117597150631	n/a	NonTarget	1	40904
159.9061759135924	n/a	NonTarget	1	40936
160.03117585567844	n/a	NonTarget	1	40968
160.1561757977645	n/a	NonTarget	1	41000
160.28117573985057	n/a	NonTarget	1	41032
160.40617568193662	n/a	NonTarget	1	41064
160.5311756240227	n/a	NonTarget	1	41096
160.65617556610874	n/a	NonTarget	1	41128
160.7811755081948	n/a	NonTarget	1	41160
160.90617545028087	n/a	NonTarget	1	41192
161.03117539236692	n/a	NonTarget	1	41224
161.156175334453	n/a	NonTarget	1	41256
161.28117527653905	n/a	NonTarget	1	41288
161.4061752186251	n/a	NonTarget	1	41320
161.53117516071117	n/a	NonTarget	1	41352
161.65617510279722	n/a	NonTarget	1	41384
161.78117504488327	n/a	NonTarget	1	41416
161.90617498696935	n/a	NonTarget	1	41448
162.0311749290554	n/a	NonTarget	1	41480
162.15617487114147	n/a	NonTarget	1	41512
162.28117481322752	n/a	NonTarget	1	41544
162.40617475531357	n/a	NonTarget	1	41576
162.53117469739965	n/a	NonTarget	1	41608
162.6561746394857	n/a	NonTarget	1	41640
162.78117458157178	n/a	NonTarget	1	41672
162.90617452365782	n/a	NonTarget	1	41704
163.03117446574387	n/a	NonTarget	1	41736
163.15617440782995	n/a	NonTarget	1	41768
163.281174349916	n/a	NonTarget	1	41800
163.40617429200208	n/a	NonTarget	1	41832
169.53117145421902	n/a	NonTarget	1	43400
169.65617139630507	n/a	NonTarget	1	43432
169.78117133839112	n/a	NonTarget	1	43464
169.9061712804772	n/a	NonTarget	1	43496
170.03117122256324	n/a	NonTarget	1	43528
170.15617116464932	n/a	NonTarget	1	43560
170.28117110673537	n/a	NonTarget	1	43592
170.40617104882142	n/a	NonTarget	1	43624
170.5311709909075	n/a	NonTarget	1	43656
170.65617093299355	n/a	NonTarget	1	43688
170.7811708750796	n/a	NonTarget	1	43720
170.90617081716567	n/a	NonTarget	1	43752
171.03117075925172	n/a	NonTarget	1	43784
171.1561707013378	n/a	NonTarget	1	43816
171.28117064342385	n/a	NonTarget	1	43848
171.4061705855099	n/a	NonTarget	1	43880
171.53117052759598	n/a	NonTarget	1	43912
171.65617046968202	n/a	NonTarget	1	43944
171.7811704117681	n/a	NonTarget	1	43976
171.90617035385415	n/a	NonTarget	1	44008
172.0311702959402	n/a	NonTarget	1	44040
172.15617023802628	n/a	NonTarget	1	44072
172.28117018011233	n/a	NonTarget	1	44104
172.4061701221984	n/a	NonTarget	1	44136
172.53117006428445	n/a	NonTarget	1	44168
172.6561700063705	n/a	NonTarget	1	44200
172.78116994845658	n/a	NonTarget	1	44232
172.90616989054263	n/a	NonTarget	1	44264
173.0311698326287	n/a	NonTarget	1	44296
173.15616977471475	n/a	NonTarget	1	44328
173.2811697168008	n/a	NonTarget	1	44360
173.40616965888688	n/a	NonTarget	1	44392
173.53116960097293	n/a	NonTarget	1	44424
173.65616954305898	n/a	NonTarget	1	44456
173.78116948514506	n/a	NonTarget	1	44488
173.9061694272311	n/a	NonTarget	1	44520
174.03116936931718	n/a	NonTarget	1	44552
174.15616931140323	n/a	NonTarget	1	44584
174.28116925348928	n/a	NonTarget	1	44616
174.40616919557536	n/a	NonTarget	1	44648
174.5311691376614	n/a	NonTarget	1	44680
174.65616907974749	n/a	NonTarget	1	44712
174.78116902183353	n/a	NonTarget	1	44744
174.90616896391958	n/a	NonTarget	1	44776
175.03116890600566	n/a	NonTarget	1	44808
175.1561688480917	n/a	NonTarget	1	44840
175.2811687901778	n/a	NonTarget	1	44872
175.40616873226384	n/a	NonTarget	1	44904
175.53116867434989	n/a	NonTarget	1	44936
175.65616861643596	n/a	NonTarget	1	44968
175.781168558522	n/a	NonTarget	1	45000
175.90616850060806	n/a	NonTarget	1	45032
176.03116844269414	n/a	NonTarget	1	45064
176.1561683847802	n/a	NonTarget	1	45096
176.28116832686626	n/a	NonTarget	1	45128
176.4061682689523	n/a	NonTarget	1	45160
176.53116821103836	n/a	NonTarget	1	45192
176.65616815312444	n/a	NonTarget	1	45224
176.7811680952105	n/a	NonTarget	1	45256
176.90616803729657	n/a	NonTarget	1	45288
177.03116797938262	n/a	NonTarget	1	45320
177.15616792146866	n/a	NonTarget	1	45352
177.28116786355474	n/a	NonTarget	1	45384
177.4061678056408	n/a	NonTarget	1	45416
177.53116774772687	n/a	NonTarget	1	45448
177.65616768981292	n/a	NonTarget	1	45480
177.78116763189897	n/a	NonTarget	1	45512
177.90616757398504	n/a	NonTarget	1	45544
178.0311675160711	n/a	NonTarget	1	45576
178.15616745815714	n/a	NonTarget	1	45608
178.28116740024322	n/a	NonTarget	1	45640
178.40616734232927	n/a	NonTarget	1	45672
184.5311645045462	n/a	NonTarget	1	47240
184.6561644466323	n/a	NonTarget	1	47272
184.78116438871834	n/a	NonTarget	1	47304
184.90616433080442	n/a	NonTarget	1	47336
185.03116427289046	n/a	NonTarget	1	47368
185.1561642149765	n/a	NonTarget	1	47400
185.2811641570626	n/a	NonTarget	1	47432
185.40616409914864	n/a	NonTarget	1	47464
185.5311640412347	n/a	NonTarget	1	47496
185.65616398332077	n/a	NonTarget	1	47528
185.78116392540682	n/a	NonTarget	1	47560
185.9061638674929	n/a	NonTarget	1	47592
186.03116380957894	n/a	NonTarget	1	47624
186.156163751665	n/a	NonTarget	1	47656
186.28116369375107	n/a	NonTarget	1	47688
186.40616363583712	n/a	NonTarget	1	47720
186.5311635779232	n/a	NonTarget	1	47752
186.65616352000924	n/a	NonTarget	1	47784
186.7811634620953	n/a	NonTarget	1	47816
186.90616340418137	n/a	NonTarget	1	47848
187.03116334626742	n/a	NonTarget	1	47880
187.1561632883535	n/a	NonTarget	1	47912
187.28116323043955	n/a	NonTarget	1	47944
187.4061631725256	n/a	NonTarget	1	47976
187.53116311461167	n/a	NonTarget	1	48008
187.65616305669772	n/a	NonTarget	1	48040
187.78116299878377	n/a	NonTarget	1	48072
187.90616294086985	n/a	NonTarget	1	48104
188.0311628829559	n/a	NonTarget	1	48136
188.15616282504197	n/a	NonTarget	1	48168
188.28116276712802	n/a	NonTarget	1	48200
188.40616270921407	n/a	NonTarget	1	48232
188.53116265130015	n/a	NonTarget	1	48264
188.6561625933862	n/a	NonTarget	1	48296
188.78116253547228	n/a	NonTarget	1	48328
188.90616247755833	n/a	NonTarget	1	48360
189.03116241964437	n/a	NonTarget	1	48392
189.15616236173045	n/a	NonTarget	1	48424
189.2811623038165	n/a	NonTarget	1	48456
189.40616224590258	n/a	NonTarget	1	48488
189.53116218798863	n/a	NonTarget	1	48520
189.65616213007468	n/a	NonTarget	1	48552
189.78116207216075	n/a	NonTarget	1	48584
189.9061620142468	n/a	NonTarget	1	48616
190.03116195633285	n/a	NonTarget	1	48648
190.15616189841893	n/a	NonTarget	1	48680
190.28116184050498	n/a	NonTarget	1	48712
190.40616178259106	n/a	NonTarget	1	48744
190.5311617246771	n/a	NonTarget	1	48776
190.65616166676315	n/a	NonTarget	1	48808
190.78116160884923	n/a	NonTarget	1	48840
190.90616155093528	n/a	NonTarget	1	48872
191.03116149302136	n/a	NonTarget	1	48904
191.1561614351074	n/a	NonTarget	1	48936
191.28116137719346	n/a	NonTarget	1	48968
191.40616131927953	n/a	NonTarget	1	49000
191.53116126136558	n/a	NonTarget	1	49032
191.65616120345166	n/a	NonTarget	1	49064
191.7811611455377	n/a	NonTarget	1	49096
191.90616108762376	n/a	NonTarget	1	49128
192.03116102970984	n/a	NonTarget	1	49160
192.15616097179588	n/a	NonTarget	1	49192
192.28116091388193	n/a	NonTarget	1	49224
192.406160855968	n/a	NonTarget	1	49256
192.53116079805406	n/a	NonTarget	1	49288
192.65616074014014	n/a	NonTarget	1	49320
192.7811606822262	n/a	NonTarget	1	49352
192.90616062431224	n/a	NonTarget	1	49384
193.0311605663983	n/a	NonTarget	1	49416
193.15616050848436	n/a	NonTarget	1	49448
193.28116045057044	n/a	NonTarget	1	49480
193.4061603926565	n/a	NonTarget	1	49512
199.53115755487343	n/a	NonTarget	1	51080
199.65615749695948	n/a	NonTarget	1	51112
199.78115743904556	n/a	NonTarget	1	51144
199.9061573811316	n/a	NonTarget	1	51176
200.03115732321768	n/a	NonTarget	1	51208
200.15615726530373	n/a	NonTarget	1	51240
200.28115720738978	n/a	NonTarget	1	51272
200.40615714947586	n/a	NonTarget	1	51304
200.5311570915619	n/a	NonTarget	1	51336
200.656157033648	n/a	NonTarget	1	51368
200.78115697573404	n/a	NonTarget	1	51400
200.90615691782008	n/a	NonTarget	1	51432
201.03115685990616	n/a	NonTarget	1	51464
201.1561568019922	n/a	NonTarget	1	51496
201.2811567440783	n/a	NonTarget	1	51528
201.40615668616434	n/a	NonTarget	1	51560
201.5311566282504	n/a	NonTarget	1	51592
201.65615657033646	n/a	NonTarget	1	51624
201.7811565124225	n/a	NonTarget	1	51656
201.90615645450856	n/a	NonTarget	1	51688
202.03115639659464	n/a	NonTarget	1	51720
202.1561563386807	n/a	NonTarget	1	51752
202.28115628076677	n/a	NonTarget	1	51784
202.40615622285281	n/a	NonTarget	1	51816
202.53115616493886	n/a	NonTarget	1	51848
202.65615610702494	n/a	NonTarget	1	51880
202.781156049111	n/a	NonTarget	1	51912
202.90615599119707	n/a	NonTarget	1	51944
203.03115593328312	n/a	NonTarget	1	51976
203.15615587536917	n/a	NonTarget	1	52008
203.28115581745524	n/a	NonTarget	1	52040
203.4061557595413	n/a	NonTarget	1	52072
203.53115570162737	n/a	NonTarget	1	52104
203.65615564371342	n/a	NonTarget	1	52136
203.78115558579947	n/a	NonTarget	1	52168
203.90615552788555	n/a	NonTarget	1	52200
204.0311554699716	n/a	NonTarget	1	52232
204.15615541205764	n/a	NonTarget	1	52264
204.28115535414372	n/a	NonTarget	1	52296
204.40615529622977	n/a	NonTarget	1	52328
204.53115523831585	n/a	NonTarget	1	52360
204.6561551804019	n/a	NonTarget	1	52392
204.78115512248795	n/a	NonTarget	1	52424
204.90615506457402	n/a	NonTarget	1	52456
205.03115500666007	n/a	NonTarget	1	52488
205.15615494874615	n/a	NonTarget	1	52520
205.2811548908322	n/a	NonTarget	1	52552
205.40615483291825	n/a	NonTarget	1	52584
205.53115477500432	n/a	NonTarget	1	52616
205.65615471709037	n/a	NonTarget	1	52648
205.78115465917645	n/a	NonTarget	1	52680
205.9061546012625	n/a	NonTarget	1	52712
206.03115454334855	n/a	NonTarget	1	52744
206.15615448543463	n/a	NonTarget	1	52776
206.28115442752068	n/a	NonTarget	1	52808
206.40615436960672	n/a	NonTarget	1	52840
206.5311543116928	n/a	NonTarget	1	52872
206.65615425377885	n/a	NonTarget	1	52904
206.78115419586493	n/a	NonTarget	1	52936
206.90615413795098	n/a	NonTarget	1	52968
207.03115408003703	n/a	NonTarget	1	53000
207.1561540221231	n/a	NonTarget	1	53032
207.28115396420915	n/a	NonTarget	1	53064
207.40615390629523	n/a	NonTarget	1	53096
207.53115384838128	n/a	NonTarget	1	53128
207.65615379046733	n/a	NonTarget	1	53160
207.7811537325534	n/a	NonTarget	1	53192
207.90615367463946	n/a	NonTarget	1	53224
208.03115361672553	n/a	NonTarget	1	53256
208.15615355881158	n/a	NonTarget	1	53288
208.28115350089763	n/a	NonTarget	1	53320
208.4061534429837	n/a	NonTarget	1	53352
214.53115060520065	n/a	NonTarget	1	54920
214.6561505472867	n/a	NonTarget	1	54952
214.78115048937278	n/a	NonTarget	1	54984
214.90615043145883	n/a	NonTarget	1	55016
215.03115037354488	n/a	NonTarget	1	55048
215.15615031563095	n/a	NonTarget	1	55080
215.281150257717	n/a	NonTarget	1	55112
215.40615019980308	n/a	NonTarget	1	55144
215.53115014188913	n/a	NonTarget	1	55176
215.65615008397518	n/a	NonTarget	1	55208
215.78115002606125	n/a	NonTarget	1	55240
215.9061499681473	n/a	NonTarget	1	55272
216.03114991023335	n/a	NonTarget	1	55304
216.15614985231943	n/a	NonTarget	1	55336
216.28114979440548	n/a	NonTarget	1	55368
216.40614973649156	n/a	NonTarget	1	55400
216.5311496785776	n/a	NonTarget	1	55432
216.65614962066365	n/a	NonTarget	1	55464
216.78114956274973	n/a	NonTarget	1	55496
216.90614950483578	n/a	NonTarget	1	55528
217.03114944692186	n/a	NonTarget	1	55560
217.1561493890079	n/a	NonTarget	1	55592
217.28114933109396	n/a	NonTarget	1	55624
217.40614927318003	n/a	NonTarget	1	55656
217.53114921526608	n/a	NonTarget	1	55688
217.65614915735216	n/a	NonTarget	1	55720
217.7811490994382	n/a	NonTarget	1	55752
217.90614904152426	n/a	NonTarget	1	55784
218.03114898361034	n/a	NonTarget	1	55816
218.15614892569639	n/a	NonTarget	1	55848
218.28114886778243	n/a	NonTarget	1	55880
218.4061488098685	n/a	NonTarget	1	55912
218.53114875195456	n/a	NonTarget	1	55944
218.65614869404064	n/a	NonTarget	1	55976
218.7811486361267	n/a	NonTarget	1	56008
218.90614857821274	n/a	NonTarget	1	56040
219.0311485202988	n/a	NonTarget	1	56072
219.15614846238486	n/a	NonTarget	1	56104
219.28114840447094	n/a	NonTarget	1	56136
219.406148346557	n/a	NonTarget	1	56168
219.53114828864304	n/a	NonTarget	1	56200
219.65614823072912	n/a	NonTarget	1	56232
219.78114817281516	n/a	NonTarget	1	56264
219.90614811490124	n/a	NonTarget	1	56296
220.0311480569873	n/a	NonTarget	1	56328
220.15614799907334	n/a	NonTarget	1	56360
220.28114794115942	n/a	NonTarget	1	56392
220.40614788324547	n/a	NonTarget	1	56424
220.53114782533152	n/a	NonTarget	1	56456
220.6561477674176	n/a	NonTarget	1	56488
220.78114770950364	n/a	NonTarget	1	56520
220.90614765158972	n/a	NonTarget	1	56552
221.03114759367577	n/a	NonTarget	1	56584
221.15614753576182	n/a	NonTarget	1	56616
221.2811474778479	n/a	NonTarget	1	56648
221.40614741993394	n/a	NonTarget	1	56680
221.53114736202002	n/a	NonTarget	1	56712
221.65614730410607	n/a	NonTarget	1	56744
221.78114724619212	n/a	NonTarget	1	56776
221.9061471882782	n/a	NonTarget	1	56808
222.03114713036425	n/a	NonTarget	1	56840
222.15614707245032	n/a	NonTarget	1	56872
222.28114701453637	n/a	NonTarget	1	56904
222.40614695662242	n/a	NonTarget	1	56936
222.5311468987085	n/a	NonTarget	1	56968
222.65614684079455	n/a	NonTarget	1	57000
222.7811467828806	n/a	NonTarget	1	57032
222.90614672496667	n/a	NonTarget	1	57064
223.03114666705272	n/a	NonTarget	1	57096
223.1561466091388	n/a	NonTarget	1	57128
223.28114655122485	n/a	NonTarget	1	57160
223.4061464933109	n/a	NonTarget	1	57192
229.53114365552787	n/a	NonTarget	1	58760
229.65614359761392	n/a	NonTarget	1	58792
229.78114353969997	n/a	NonTarget	1	58824
229.90614348178605	n/a	NonTarget	1	58856
230.0311434238721	n/a	NonTarget	1	58888
230.15614336595814	n/a	NonTarget	1	58920
230.28114330804422	n/a	NonTarget	1	58952
230.40614325013027	n/a	NonTarget	1	58984
230.53114319221635	n/a	NonTarget	1	59016
230.6561431343024	n/a	NonTarget	1	59048
230.78114307638845	n/a	NonTarget	1	59080
230.90614301847452	n/a	NonTarget	1	59112
231.03114296056057	n/a	NonTarget	1	59144
231.15614290264665	n/a	NonTarget	1	59176
231.2811428447327	n/a	NonTarget	1	59208
231.40614278681875	n/a	NonTarget	1	59240
231.53114272890483	n/a	NonTarget	1	59272
231.65614267099087	n/a	NonTarget	1	59304
231.78114261307695	n/a	NonTarget	1	59336
231.906142555163	n/a	NonTarget	1	59368
232.03114249724905	n/a	NonTarget	1	59400
232.15614243933513	n/a	NonTarget	1	59432
232.28114238142118	n/a	NonTarget	1	59464
232.40614232350723	n/a	NonTarget	1	59496
232.5311422655933	n/a	NonTarget	1	59528
232.65614220767935	n/a	NonTarget	1	59560
232.78114214976543	n/a	NonTarget	1	59592
232.90614209185148	n/a	NonTarget	1	59624
233.03114203393753	n/a	NonTarget	1	59656
233.1561419760236	n/a	NonTarget	1	59688
233.28114191810965	n/a	NonTarget	1	59720
233.40614186019573	n/a	NonTarget	1	59752
233.53114180228178	n/a	NonTarget	1	59784
233.65614174436783	n/a	NonTarget	1	59816
233.7811416864539	n/a	NonTarget	1	59848
233.90614162853996	n/a	NonTarget	1	59880
234.03114157062603	n/a	NonTarget	1	59912
234.15614151271208	n/a	NonTarget	1	59944
234.28114145479813	n/a	NonTarget	1	59976
234.4061413968842	n/a	NonTarget	1	60008
234.53114133897026	n/a	NonTarget	1	60040
234.6561412810563	n/a	NonTarget	1	60072
234.78114122314238	n/a	NonTarget	1	60104
234.90614116522843	n/a	NonTarget	1	60136
235.0311411073145	n/a	NonTarget	1	60168
235.15614104940056	n/a	NonTarget	1	60200
235.2811409914866	n/a	NonTarget	1	60232
235.4061409335727	n/a	NonTarget	1	60264
235.53114087565874	n/a	NonTarget	1	60296
235.6561408177448	n/a	NonTarget	1	60328
235.78114075983086	n/a	NonTarget	1	60360
235.9061407019169	n/a	NonTarget	1	60392
236.031140644003	n/a	NonTarget	1	60424
236.15614058608904	n/a	NonTarget	1	60456
236.28114052817511	n/a	NonTarget	1	60488
236.40614047026116	n/a	NonTarget	1	60520
236.5311404123472	n/a	NonTarget	1	60552
236.6561403544333	n/a	NonTarget	1	60584
236.78114029651934	n/a	NonTarget	1	60616
236.9061402386054	n/a	NonTarget	1	60648
237.03114018069147	n/a	NonTarget	1	60680
237.15614012277751	n/a	NonTarget	1	60712
237.2811400648636	n/a	NonTarget	1	60744
237.40614000694964	n/a	NonTarget	1	60776
237.5311399490357	n/a	NonTarget	1	60808
237.65613989112177	n/a	NonTarget	1	60840
237.78113983320782	n/a	NonTarget	1	60872
237.9061397752939	n/a	NonTarget	1	60904
238.03113971737994	n/a	NonTarget	1	60936
238.156139659466	n/a	NonTarget	1	60968
238.28113960155207	n/a	NonTarget	1	61000
238.40613954363812	n/a	NonTarget	1	61032
244.53113670585506	n/a	NonTarget	1	62600
244.65613664794114	n/a	NonTarget	1	62632
244.7811365900272	n/a	NonTarget	1	62664
244.90613653211324	n/a	NonTarget	1	62696
245.03113647419931	n/a	NonTarget	1	62728
245.15613641628536	n/a	NonTarget	1	62760
245.28113635837144	n/a	NonTarget	1	62792
245.4061363004575	n/a	NonTarget	1	62824
245.53113624254354	n/a	NonTarget	1	62856
245.65613618462962	n/a	NonTarget	1	62888
245.78113612671567	n/a	NonTarget	1	62920
245.90613606880174	n/a	NonTarget	1	62952
246.0311360108878	n/a	NonTarget	1	62984
246.15613595297384	n/a	NonTarget	1	63016
246.28113589505992	n/a	NonTarget	1	63048
246.40613583714597	n/a	NonTarget	1	63080
246.53113577923202	n/a	NonTarget	1	63112
246.6561357213181	n/a	NonTarget	1	63144
246.78113566340414	n/a	NonTarget	1	63176
246.90613560549022	n/a	NonTarget	1	63208
247.03113554757627	n/a	NonTarget	1	63240
247.15613548966232	n/a	NonTarget	1	63272
247.2811354317484	n/a	NonTarget	1	63304
247.40613537383445	n/a	NonTarget	1	63336
247.53113531592052	n/a	NonTarget	1	63368
247.65613525800657	n/a	NonTarget	1	63400
247.78113520009262	n/a	NonTarget	1	63432
247.9061351421787	n/a	NonTarget	1	63464
248.03113508426475	n/a	NonTarget	1	63496
248.15613502635082	n/a	NonTarget	1	63528
248.28113496843687	n/a	NonTarget	1	63560
248.40613491052292	n/a	NonTarget	1	63592
248.531134852609	n/a	NonTarget	1	63624
248.65613479469505	n/a	NonTarget	1	63656
248.7811347367811	n/a	NonTarget	1	63688
248.90613467886718	n/a	NonTarget	1	63720
249.03113462095322	n/a	NonTarget	1	63752
249.1561345630393	n/a	NonTarget	1	63784
249.28113450512535	n/a	NonTarget	1	63816
249.4061344472114	n/a	NonTarget	1	63848
249.53113438929748	n/a	NonTarget	1	63880
249.65613433138353	n/a	NonTarget	1	63912
249.7811342734696	n/a	NonTarget	1	63944
249.90613421555565	n/a	NonTarget	1	63976
250.0311341576417	n/a	NonTarget	1	64008
250.15613409972778	n/a	NonTarget	1	64040
250.28113404181383	n/a	NonTarget	1	64072
250.4061339838999	n/a	NonTarget	1	64104
250.53113392598596	n/a	NonTarget	1	64136
250.656133868072	n/a	NonTarget	1	64168
250.78113381015808	n/a	NonTarget	1	64200
250.90613375224413	n/a	NonTarget	1	64232
251.03113369433018	n/a	NonTarget	1	64264
251.15613363641626	n/a	NonTarget	1	64296
251.2811335785023	n/a	NonTarget	1	64328
251.40613352058838	n/a	NonTarget	1	64360
251.53113346267443	n/a	NonTarget	1	64392
251.65613340476048	n/a	NonTarget	1	64424
251.78113334684656	n/a	NonTarget	1	64456
251.9061332889326	n/a	NonTarget	1	64488
252.03113323101869	n/a	NonTarget	1	64520
252.15613317310473	n/a	NonTarget	1	64552
252.28113311519078	n/a	NonTarget	1	64584
252.40613305727686	n/a	NonTarget	1	64616
252.5311329993629	n/a	NonTarget	1	64648
252.656132941449	n/a	NonTarget	1	64680
252.78113288353504	n/a	NonTarget	1	64712
252.90613282562109	n/a	NonTarget	1	64744
253.03113276770716	n/a	NonTarget	1	64776
253.1561327097932	n/a	NonTarget	1	64808
253.28113265187926	n/a	NonTarget	1	64840
253.40613259396534	n/a	NonTarget	1	64872
259.5311297561823	n/a	NonTarget	1	66440
259.65612969826833	n/a	NonTarget	1	66472
259.7811296403544	n/a	NonTarget	1	66504
259.9061295824405	n/a	NonTarget	1	66536
260.03112952452653	n/a	NonTarget	1	66568
260.1561294666126	n/a	NonTarget	1	66600
260.28112940869863	n/a	NonTarget	1	66632
260.4061293507847	n/a	NonTarget	1	66664
260.5311292928708	n/a	NonTarget	1	66696
260.65612923495684	n/a	NonTarget	1	66728
260.7811291770429	n/a	NonTarget	1	66760
260.90612911912893	n/a	NonTarget	1	66792
261.031129061215	n/a	NonTarget	1	66824
261.1561290033011	n/a	NonTarget	1	66856
261.28112894538714	n/a	NonTarget	1	66888
261.4061288874732	n/a	NonTarget	1	66920
261.53112882955924	n/a	NonTarget	1	66952
261.6561287716453	n/a	NonTarget	1	66984
261.78112871373133	n/a	NonTarget	1	67016
261.90612865581744	n/a	NonTarget	1	67048
262.0311285979035	n/a	NonTarget	1	67080
262.15612853998954	n/a	NonTarget	1	67112
262.2811284820756	n/a	NonTarget	1	67144
262.40612842416164	n/a	NonTarget	1	67176
262.53112836624774	n/a	NonTarget	1	67208
262.6561283083338	n/a	NonTarget	1	67240
262.78112825041984	n/a	NonTarget	1	67272
262.9061281925059	n/a	NonTarget	1	67304
263.03112813459194	n/a	NonTarget	1	67336
263.15612807667804	n/a	NonTarget	1	67368
263.2811280187641	n/a	NonTarget	1	67400
263.40612796085014	n/a	NonTarget	1	67432
263.5311279029362	n/a	NonTarget	1	67464
263.65612784502224	n/a	NonTarget	1	67496
263.78112778710835	n/a	NonTarget	1	67528
263.9061277291944	n/a	NonTarget	1	67560
264.03112767128044	n/a	NonTarget	1	67592
264.1561276133665	n/a	NonTarget	1	67624
264.28112755545254	n/a	NonTarget	1	67656
264.40612749753865	n/a	NonTarget	1	67688
264.5311274396247	n/a	NonTarget	1	67720
264.65612738171075	n/a	NonTarget	1	67752
264.7811273237968	n/a	NonTarget	1	67784
264.90612726588284	n/a	NonTarget	1	67816
265.03112720796895	n/a	NonTarget	1	67848
265.156127150055	n/a	NonTarget	1	67880
265.28112709214105	n/a	NonTarget	1	67912
265.4061270342271	n/a	NonTarget	1	67944
265.53112697631315	n/a	NonTarget	1	67976
265.65612691839925	n/a	NonTarget	1	68008
265.7811268604853	n/a	NonTarget	1	68040
265.90612680257135	n/a	NonTarget	1	68072
266.0311267446574	n/a	NonTarget	1	68104
266.15612668674345	n/a	NonTarget	1	68136
266.2811266288295	n/a	NonTarget	1	68168
266.4061265709156	n/a	NonTarget	1	68200
266.53112651300165	n/a	NonTarget	1	68232
266.6561264550877	n/a	NonTarget	1	68264
266.78112639717375	n/a	NonTarget	1	68296
266.9061263392598	n/a	NonTarget	1	68328
267.0311262813459	n/a	NonTarget	1	68360
267.15612622343195	n/a	NonTarget	1	68392
267.281126165518	n/a	NonTarget	1	68424
267.40612610760405	n/a	NonTarget	1	68456
267.5311260496901	n/a	NonTarget	1	68488
267.6561259917762	n/a	NonTarget	1	68520
267.78112593386226	n/a	NonTarget	1	68552
267.9061258759483	n/a	NonTarget	1	68584
268.03112581803435	n/a	NonTarget	1	68616
268.1561257601204	n/a	NonTarget	1	68648
268.2811257022065	n/a	NonTarget	1	68680
268.40612564429256	n/a	NonTarget	1	68712
274.5311228065095	n/a	NonTarget	1	70280
274.6561227485956	n/a	NonTarget	1	70312
274.7811226906816	n/a	NonTarget	1	70344
274.9061226327677	n/a	NonTarget	1	70376
275.0311225748537	n/a	NonTarget	1	70408
275.1561225169398	n/a	NonTarget	1	70440
275.2811224590259	n/a	NonTarget	1	70472
275.40612240111193	n/a	NonTarget	1	70504
275.531122343198	n/a	NonTarget	1	70536
275.656122285284	n/a	NonTarget	1	70568
275.7811222273701	n/a	NonTarget	1	70600
275.9061221694561	n/a	NonTarget	1	70632
276.03112211154223	n/a	NonTarget	1	70664
276.1561220536283	n/a	NonTarget	1	70696
276.28112199571433	n/a	NonTarget	1	70728
276.4061219378004	n/a	NonTarget	1	70760
276.5311218798864	n/a	NonTarget	1	70792
276.65612182197253	n/a	NonTarget	1	70824
276.7811217640586	n/a	NonTarget	1	70856
276.90612170614463	n/a	NonTarget	1	70888
277.0311216482307	n/a	NonTarget	1	70920
277.15612159031673	n/a	NonTarget	1	70952
277.28112153240284	n/a	NonTarget	1	70984
277.4061214744889	n/a	NonTarget	1	71016
277.53112141657493	n/a	NonTarget	1	71048
277.656121358661	n/a	NonTarget	1	71080
277.78112130074703	n/a	NonTarget	1	71112
277.90612124283314	n/a	NonTarget	1	71144
278.0311211849192	n/a	NonTarget	1	71176
278.15612112700524	n/a	NonTarget	1	71208
278.2811210690913	n/a	NonTarget	1	71240
278.40612101117733	n/a	NonTarget	1	71272
278.53112095326344	n/a	NonTarget	1	71304
278.6561208953495	n/a	NonTarget	1	71336
278.78112083743554	n/a	NonTarget	1	71368
278.9061207795216	n/a	NonTarget	1	71400
279.03112072160764	n/a	NonTarget	1	71432
279.15612066369374	n/a	NonTarget	1	71464
279.2811206057798	n/a	NonTarget	1	71496
279.40612054786584	n/a	NonTarget	1	71528
279.5311204899519	n/a	NonTarget	1	71560
279.65612043203794	n/a	NonTarget	1	71592
279.78112037412404	n/a	NonTarget	1	71624
279.9061203162101	n/a	NonTarget	1	71656
280.03112025829614	n/a	NonTarget	1	71688
280.1561202003822	n/a	NonTarget	1	71720
280.28112014246824	n/a	NonTarget	1	71752
280.4061200845543	n/a	NonTarget	1	71784
280.5311200266404	n/a	NonTarget	1	71816
280.65611996872644	n/a	NonTarget	1	71848
280.7811199108125	n/a	NonTarget	1	71880
280.90611985289854	n/a	NonTarget	1	71912
281.0311197949846	n/a	NonTarget	1	71944
281.1561197370707	n/a	NonTarget	1	71976
281.28111967915675	n/a	NonTarget	1	72008
281.4061196212428	n/a	NonTarget	1	72040
281.53111956332884	n/a	NonTarget	1	72072
281.6561195054149	n/a	NonTarget	1	72104
281.781119447501	n/a	NonTarget	1	72136
281.90611938958705	n/a	NonTarget	1	72168
282.0311193316731	n/a	NonTarget	1	72200
282.15611927375915	n/a	NonTarget	1	72232
282.2811192158452	n/a	NonTarget	1	72264
282.4061191579313	n/a	NonTarget	1	72296
282.53111910001735	n/a	NonTarget	1	72328
282.6561190421034	n/a	NonTarget	1	72360
282.78111898418945	n/a	NonTarget	1	72392
282.9061189262755	n/a	NonTarget	1	72424
283.0311188683616	n/a	NonTarget	1	72456
283.15611881044765	n/a	NonTarget	1	72488
283.2811187525337	n/a	NonTarget	1	72520
283.40611869461975	n/a	NonTarget	1	72552
289.5311158568367	n/a	NonTarget	1	74120
289.65611579892277	n/a	NonTarget	1	74152
289.7811157410088	n/a	NonTarget	1	74184
289.90611568309487	n/a	NonTarget	1	74216
290.0311156251809	n/a	NonTarget	1	74248
290.156115567267	n/a	NonTarget	1	74280
290.28111550935307	n/a	NonTarget	1	74312
290.4061154514391	n/a	NonTarget	1	74344
290.53111539352517	n/a	NonTarget	1	74376
290.6561153356112	n/a	NonTarget	1	74408
290.7811152776973	n/a	NonTarget	1	74440
290.9061152197834	n/a	NonTarget	1	74472
291.0311151618694	n/a	NonTarget	1	74504
291.15611510395547	n/a	NonTarget	1	74536
291.2811150460415	n/a	NonTarget	1	74568
291.4061149881276	n/a	NonTarget	1	74600
291.5311149302137	n/a	NonTarget	1	74632
291.6561148722997	n/a	NonTarget	1	74664
291.7811148143858	n/a	NonTarget	1	74696
291.9061147564718	n/a	NonTarget	1	74728
292.03111469855793	n/a	NonTarget	1	74760
292.156114640644	n/a	NonTarget	1	74792
292.28111458273	n/a	NonTarget	1	74824
292.4061145248161	n/a	NonTarget	1	74856
292.5311144669021	n/a	NonTarget	1	74888
292.65611440898823	n/a	NonTarget	1	74920
292.7811143510743	n/a	NonTarget	1	74952
292.90611429316033	n/a	NonTarget	1	74984
293.0311142352464	n/a	NonTarget	1	75016
293.1561141773324	n/a	NonTarget	1	75048
293.28111411941853	n/a	NonTarget	1	75080
293.4061140615046	n/a	NonTarget	1	75112
293.53111400359063	n/a	NonTarget	1	75144
293.6561139456767	n/a	NonTarget	1	75176
293.78111388776273	n/a	NonTarget	1	75208
293.90611382984883	n/a	NonTarget	1	75240
294.0311137719349	n/a	NonTarget	1	75272
294.15611371402093	n/a	NonTarget	1	75304
294.281113656107	n/a	NonTarget	1	75336
294.40611359819303	n/a	NonTarget	1	75368
294.5311135402791	n/a	NonTarget	1	75400
294.6561134823652	n/a	NonTarget	1	75432
294.78111342445123	n/a	NonTarget	1	75464
294.9061133665373	n/a	NonTarget	1	75496
295.03111330862333	n/a	NonTarget	1	75528
295.1561132507094	n/a	NonTarget	1	75560
295.2811131927955	n/a	NonTarget	1	75592
295.40611313488154	n/a	NonTarget	1	75624
295.5311130769676	n/a	NonTarget	1	75656
295.65611301905363	n/a	NonTarget	1	75688
295.7811129611397	n/a	NonTarget	1	75720
295.9061129032258	n/a	NonTarget	1	75752
296.03111284531184	n/a	NonTarget	1	75784
296.1561127873979	n/a	NonTarget	1	75816
296.28111272948394	n/a	NonTarget	1	75848
296.40611267157	n/a	NonTarget	1	75880
296.5311126136561	n/a	NonTarget	1	75912
296.65611255574214	n/a	NonTarget	1	75944
296.7811124978282	n/a	NonTarget	1	75976
296.90611243991424	n/a	NonTarget	1	76008
297.0311123820003	n/a	NonTarget	1	76040
297.1561123240864	n/a	NonTarget	1	76072
297.28111226617244	n/a	NonTarget	1	76104
297.4061122082585	n/a	NonTarget	1	76136
297.53111215034454	n/a	NonTarget	1	76168
297.6561120924306	n/a	NonTarget	1	76200
297.7811120345167	n/a	NonTarget	1	76232
297.90611197660274	n/a	NonTarget	1	76264
298.0311119186888	n/a	NonTarget	1	76296
298.15611186077484	n/a	NonTarget	1	76328
298.2811118028609	n/a	NonTarget	1	76360
298.406111744947	n/a	NonTarget	1	76392
304.5311089071639	n/a	NonTarget	1	77960
304.65610884924996	n/a	NonTarget	1	77992
304.781108791336	n/a	NonTarget	1	78024
304.9061087334221	n/a	NonTarget	1	78056
305.03110867550816	n/a	NonTarget	1	78088
305.1561086175942	n/a	NonTarget	1	78120
305.28110855968026	n/a	NonTarget	1	78152
305.4061085017663	n/a	NonTarget	1	78184
305.5311084438524	n/a	NonTarget	1	78216
305.65610838593847	n/a	NonTarget	1	78248
305.7811083280245	n/a	NonTarget	1	78280
305.90610827011056	n/a	NonTarget	1	78312
306.0311082121966	n/a	NonTarget	1	78344
306.1561081542827	n/a	NonTarget	1	78376
306.28110809636877	n/a	NonTarget	1	78408
306.4061080384548	n/a	NonTarget	1	78440
306.53110798054087	n/a	NonTarget	1	78472
306.6561079226269	n/a	NonTarget	1	78504
306.781107864713	n/a	NonTarget	1	78536
306.90610780679907	n/a	NonTarget	1	78568
307.0311077488851	n/a	NonTarget	1	78600
307.15610769097117	n/a	NonTarget	1	78632
307.2811076330572	n/a	NonTarget	1	78664
307.4061075751433	n/a	NonTarget	1	78696
307.5311075172294	n/a	NonTarget	1	78728
307.6561074593154	n/a	NonTarget	1	78760
307.78110740140147	n/a	NonTarget	1	78792
307.9061073434875	n/a	NonTarget	1	78824
308.0311072855736	n/a	NonTarget	1	78856
308.1561072276597	n/a	NonTarget	1	78888
308.2811071697457	n/a	NonTarget	1	78920
308.4061071118318	n/a	NonTarget	1	78952
308.5311070539178	n/a	NonTarget	1	78984
308.65610699600387	n/a	NonTarget	1	79016
308.78110693809	n/a	NonTarget	1	79048
308.906106880176	n/a	NonTarget	1	79080
309.0311068222621	n/a	NonTarget	1	79112
309.1561067643481	n/a	NonTarget	1	79144
309.2811067064342	n/a	NonTarget	1	79176
309.4061066485203	n/a	NonTarget	1	79208
309.5311065906063	n/a	NonTarget	1	79240
309.6561065326924	n/a	NonTarget	1	79272
309.7811064747784	n/a	NonTarget	1	79304
309.9061064168645	n/a	NonTarget	1	79336
310.0311063589506	n/a	NonTarget	1	79368
310.15610630103663	n/a	NonTarget	1	79400
310.2811062431227	n/a	NonTarget	1	79432
310.4061061852087	n/a	NonTarget	1	79464
310.5311061272948	n/a	NonTarget	1	79496
310.6561060693809	n/a	NonTarget	1	79528
310.78110601146693	n/a	NonTarget	1	79560
310.906105953553	n/a	NonTarget	1	79592
311.03110589563903	n/a	NonTarget	1	79624
311.1561058377251	n/a	NonTarget	1	79656
311.2811057798112	n/a	NonTarget	1	79688
311.40610572189723	n/a	NonTarget	1	79720
311.5311056639833	n/a	NonTarget	1	79752
311.65610560606933	n/a	NonTarget	1	79784
311.7811055481554	n/a	NonTarget	1	79816
311.9061054902415	n/a	NonTarget	1	79848
312.03110543232754	n/a	NonTarget	1	79880
312.1561053744136	n/a	NonTarget	1	79912
312.28110531649963	n/a	NonTarget	1	79944
312.4061052585857	n/a	NonTarget	1	79976
312.5311052006718	n/a	NonTarget	1	80008
312.65610514275784	n/a	NonTarget	1	80040
312.7811050848439	n/a	NonTarget	1	80072
312.90610502692994	n/a	NonTarget	1	80104
313.031104969016	n/a	NonTarget	1	80136
313.1561049111021	n/a	NonTarget	1	80168
313.28110485318814	n/a	NonTarget	1	80200
313.4061047952742	n/a	NonTarget	1	80232
319.5311019574911	n/a	NonTarget	1	81800
319.6561018995772	n/a	NonTarget	1	81832
319.78110184166326	n/a	NonTarget	1	81864
319.9061017837493	n/a	NonTarget	1	81896
320.03110172583536	n/a	NonTarget	1	81928
320.1561016679214	n/a	NonTarget	1	81960
320.2811016100075	n/a	NonTarget	1	81992
320.40610155209356	n/a	NonTarget	1	82024
320.5311014941796	n/a	NonTarget	1	82056
320.65610143626566	n/a	NonTarget	1	82088
320.7811013783517	n/a	NonTarget	1	82120
320.9061013204378	n/a	NonTarget	1	82152
321.03110126252386	n/a	NonTarget	1	82184
321.1561012046099	n/a	NonTarget	1	82216
321.28110114669596	n/a	NonTarget	1	82248
321.406101088782	n/a	NonTarget	1	82280
321.5311010308681	n/a	NonTarget	1	82312
321.65610097295416	n/a	NonTarget	1	82344
321.7811009150402	n/a	NonTarget	1	82376
321.90610085712626	n/a	NonTarget	1	82408
322.0311007992123	n/a	NonTarget	1	82440
322.1561007412984	n/a	NonTarget	1	82472
322.28110068338447	n/a	NonTarget	1	82504
322.4061006254705	n/a	NonTarget	1	82536
322.53110056755656	n/a	NonTarget	1	82568
322.6561005096426	n/a	NonTarget	1	82600
322.78110045172866	n/a	NonTarget	1	82632
322.90610039381477	n/a	NonTarget	1	82664
323.0311003359008	n/a	NonTarget	1	82696
323.15610027798687	n/a	NonTarget	1	82728
323.2811002200729	n/a	NonTarget	1	82760
323.40610016215896	n/a	NonTarget	1	82792
323.53110010424507	n/a	NonTarget	1	82824
323.6561000463311	n/a	NonTarget	1	82856
323.78109998841717	n/a	NonTarget	1	82888
323.9060999305032	n/a	NonTarget	1	82920
324.03109987258927	n/a	NonTarget	1	82952
324.1560998146754	n/a	NonTarget	1	82984
324.2810997567614	n/a	NonTarget	1	83016
324.40609969884747	n/a	NonTarget	1	83048
324.5310996409335	n/a	NonTarget	1	83080
324.65609958301957	n/a	NonTarget	1	83112
324.7810995251057	n/a	NonTarget	1	83144
324.9060994671917	n/a	NonTarget	1	83176
325.0310994092778	n/a	NonTarget	1	83208
325.1560993513638	n/a	NonTarget	1	83240
325.28109929344987	n/a	NonTarget	1	83272
325.406099235536	n/a	NonTarget	1	83304
325.531099177622	n/a	NonTarget	1	83336
325.6560991197081	n/a	NonTarget	1	83368
325.7810990617941	n/a	NonTarget	1	83400
325.9060990038802	n/a	NonTarget	1	83432
326.0310989459663	n/a	NonTarget	1	83464
326.1560988880523	n/a	NonTarget	1	83496
326.2810988301384	n/a	NonTarget	1	83528
326.4060987722244	n/a	NonTarget	1	83560
326.5310987143105	n/a	NonTarget	1	83592
326.6560986563966	n/a	NonTarget	1	83624
326.78109859848263	n/a	NonTarget	1	83656
326.9060985405687	n/a	NonTarget	1	83688
327.0310984826547	n/a	NonTarget	1	83720
327.1560984247408	n/a	NonTarget	1	83752
327.2810983668269	n/a	NonTarget	1	83784
327.40609830891293	n/a	NonTarget	1	83816
327.531098250999	n/a	NonTarget	1	83848
327.65609819308503	n/a	NonTarget	1	83880
327.7810981351711	n/a	NonTarget	1	83912
327.9060980772571	n/a	NonTarget	1	83944
328.03109801934323	n/a	NonTarget	1	83976
328.1560979614293	n/a	NonTarget	1	84008
328.28109790351533	n/a	NonTarget	1	84040
328.4060978456014	n/a	NonTarget	1	84072
334.53109500781835	n/a	NonTarget	1	85640
334.6560949499044	n/a	NonTarget	1	85672
334.78109489199045	n/a	NonTarget	1	85704
334.9060948340765	n/a	NonTarget	1	85736
335.0310947761626	n/a	NonTarget	1	85768
335.15609471824865	n/a	NonTarget	1	85800
335.2810946603347	n/a	NonTarget	1	85832
335.40609460242075	n/a	NonTarget	1	85864
335.5310945445068	n/a	NonTarget	1	85896
335.6560944865929	n/a	NonTarget	1	85928
335.78109442867895	n/a	NonTarget	1	85960
335.906094370765	n/a	NonTarget	1	85992
336.03109431285105	n/a	NonTarget	1	86024
336.1560942549371	n/a	NonTarget	1	86056
336.2810941970232	n/a	NonTarget	1	86088
336.40609413910926	n/a	NonTarget	1	86120
336.5310940811953	n/a	NonTarget	1	86152
336.65609402328136	n/a	NonTarget	1	86184
336.7810939653674	n/a	NonTarget	1	86216
336.90609390745345	n/a	NonTarget	1	86248
337.03109384953956	n/a	NonTarget	1	86280
337.1560937916256	n/a	NonTarget	1	86312
337.28109373371166	n/a	NonTarget	1	86344
337.4060936757977	n/a	NonTarget	1	86376
337.53109361788376	n/a	NonTarget	1	86408
337.65609355996986	n/a	NonTarget	1	86440
337.7810935020559	n/a	NonTarget	1	86472
337.90609344414196	n/a	NonTarget	1	86504
338.031093386228	n/a	NonTarget	1	86536
338.15609332831406	n/a	NonTarget	1	86568
338.28109327040016	n/a	NonTarget	1	86600
338.4060932124862	n/a	NonTarget	1	86632
338.53109315457226	n/a	NonTarget	1	86664
338.6560930966583	n/a	NonTarget	1	86696
338.78109303874436	n/a	NonTarget	1	86728
338.90609298083046	n/a	NonTarget	1	86760
339.0310929229165	n/a	NonTarget	1	86792
339.15609286500256	n/a	NonTarget	1	86824
339.2810928070886	n/a	NonTarget	1	86856
339.40609274917466	n/a	NonTarget	1	86888
339.53109269126077	n/a	NonTarget	1	86920
339.6560926333468	n/a	NonTarget	1	86952
339.78109257543287	n/a	NonTarget	1	86984
339.9060925175189	n/a	NonTarget	1	87016
340.03109245960496	n/a	NonTarget	1	87048
340.15609240169107	n/a	NonTarget	1	87080
340.2810923437771	n/a	NonTarget	1	87112
340.40609228586317	n/a	NonTarget	1	87144
340.5310922279492	n/a	NonTarget	1	87176
340.65609217003527	n/a	NonTarget	1	87208
340.78109211212137	n/a	NonTarget	1	87240
340.9060920542074	n/a	NonTarget	1	87272
341.03109199629347	n/a	NonTarget	1	87304
341.1560919383795	n/a	NonTarget	1	87336
341.28109188046557	n/a	NonTarget	1	87368
341.4060918225517	n/a	NonTarget	1	87400
341.5310917646377	n/a	NonTarget	1	87432
341.65609170672377	n/a	NonTarget	1	87464
341.7810916488098	n/a	NonTarget	1	87496
341.90609159089587	n/a	NonTarget	1	87528
342.0310915329819	n/a	NonTarget	1	87560
342.156091475068	n/a	NonTarget	1	87592
342.2810914171541	n/a	NonTarget	1	87624
342.4060913592401	n/a	NonTarget	1	87656
342.53109130132617	n/a	NonTarget	1	87688
342.6560912434122	n/a	NonTarget	1	87720
342.7810911854983	n/a	NonTarget	1	87752
342.9060911275844	n/a	NonTarget	1	87784
343.0310910696704	n/a	NonTarget	1	87816
343.1560910117565	n/a	NonTarget	1	87848
343.2810909538425	n/a	NonTarget	1	87880
343.4060908959286	n/a	NonTarget	1	87912
349.53108805814554	n/a	NonTarget	1	89480
349.6560880002316	n/a	NonTarget	1	89512
349.7810879423177	n/a	NonTarget	1	89544
349.90608788440375	n/a	NonTarget	1	89576
350.0310878264898	n/a	NonTarget	1	89608
350.15608776857584	n/a	NonTarget	1	89640
350.2810877106619	n/a	NonTarget	1	89672
350.406087652748	n/a	NonTarget	1	89704
350.53108759483405	n/a	NonTarget	1	89736
350.6560875369201	n/a	NonTarget	1	89768
350.78108747900615	n/a	NonTarget	1	89800
350.9060874210922	n/a	NonTarget	1	89832
351.03108736317824	n/a	NonTarget	1	89864
351.15608730526435	n/a	NonTarget	1	89896
351.2810872473504	n/a	NonTarget	1	89928
351.40608718943645	n/a	NonTarget	1	89960
351.5310871315225	n/a	NonTarget	1	89992
351.65608707360855	n/a	NonTarget	1	90024
351.78108701569465	n/a	NonTarget	1	90056
351.9060869577807	n/a	NonTarget	1	90088
352.03108689986675	n/a	NonTarget	1	90120
352.1560868419528	n/a	NonTarget	1	90152
352.28108678403885	n/a	NonTarget	1	90184
352.40608672612495	n/a	NonTarget	1	90216
352.531086668211	n/a	NonTarget	1	90248
352.65608661029705	n/a	NonTarget	1	90280
352.7810865523831	n/a	NonTarget	1	90312
352.90608649446915	n/a	NonTarget	1	90344
353.03108643655526	n/a	NonTarget	1	90376
353.1560863786413	n/a	NonTarget	1	90408
353.28108632072735	n/a	NonTarget	1	90440
353.4060862628134	n/a	NonTarget	1	90472
353.53108620489945	n/a	NonTarget	1	90504
353.65608614698556	n/a	NonTarget	1	90536
353.7810860890716	n/a	NonTarget	1	90568
353.90608603115766	n/a	NonTarget	1	90600
354.0310859732437	n/a	NonTarget	1	90632
354.15608591532975	n/a	NonTarget	1	90664
354.28108585741586	n/a	NonTarget	1	90696
354.4060857995019	n/a	NonTarget	1	90728
354.53108574158796	n/a	NonTarget	1	90760
354.656085683674	n/a	NonTarget	1	90792
354.78108562576006	n/a	NonTarget	1	90824
354.90608556784616	n/a	NonTarget	1	90856
355.0310855099322	n/a	NonTarget	1	90888
355.15608545201826	n/a	NonTarget	1	90920
355.2810853941043	n/a	NonTarget	1	90952
355.40608533619036	n/a	NonTarget	1	90984
355.53108527827646	n/a	NonTarget	1	91016
355.6560852203625	n/a	NonTarget	1	91048
355.78108516244856	n/a	NonTarget	1	91080
355.9060851045346	n/a	NonTarget	1	91112
356.03108504662066	n/a	NonTarget	1	91144
356.1560849887067	n/a	NonTarget	1	91176
356.2810849307928	n/a	NonTarget	1	91208
356.40608487287886	n/a	NonTarget	1	91240
356.5310848149649	n/a	NonTarget	1	91272
356.65608475705096	n/a	NonTarget	1	91304
356.781084699137	n/a	NonTarget	1	91336
356.9060846412231	n/a	NonTarget	1	91368
357.03108458330917	n/a	NonTarget	1	91400
357.1560845253952	n/a	NonTarget	1	91432
357.28108446748126	n/a	NonTarget	1	91464
357.4060844095673	n/a	NonTarget	1	91496
357.5310843516534	n/a	NonTarget	1	91528
357.65608429373947	n/a	NonTarget	1	91560
357.7810842358255	n/a	NonTarget	1	91592
357.90608417791157	n/a	NonTarget	1	91624
358.0310841199976	n/a	NonTarget	1	91656
358.1560840620837	n/a	NonTarget	1	91688
358.28108400416977	n/a	NonTarget	1	91720
358.4060839462558	n/a	NonTarget	1	91752
364.5310811084728	n/a	NonTarget	1	93320
364.65608105055884	n/a	NonTarget	1	93352
364.7810809926449	n/a	NonTarget	1	93384
364.90608093473094	n/a	NonTarget	1	93416
365.031080876817	n/a	NonTarget	1	93448
365.15608081890304	n/a	NonTarget	1	93480
365.28108076098914	n/a	NonTarget	1	93512
365.4060807030752	n/a	NonTarget	1	93544
365.53108064516124	n/a	NonTarget	1	93576
365.6560805872473	n/a	NonTarget	1	93608
365.78108052933334	n/a	NonTarget	1	93640
365.90608047141944	n/a	NonTarget	1	93672
366.0310804135055	n/a	NonTarget	1	93704
366.15608035559154	n/a	NonTarget	1	93736
366.2810802976776	n/a	NonTarget	1	93768
366.40608023976364	n/a	NonTarget	1	93800
366.53108018184975	n/a	NonTarget	1	93832
366.6560801239358	n/a	NonTarget	1	93864
366.78108006602184	n/a	NonTarget	1	93896
366.9060800081079	n/a	NonTarget	1	93928
367.03107995019394	n/a	NonTarget	1	93960
367.15607989228005	n/a	NonTarget	1	93992
367.2810798343661	n/a	NonTarget	1	94024
367.40607977645215	n/a	NonTarget	1	94056
367.5310797185382	n/a	NonTarget	1	94088
367.65607966062424	n/a	NonTarget	1	94120
367.78107960271035	n/a	NonTarget	1	94152
367.9060795447964	n/a	NonTarget	1	94184
368.03107948688245	n/a	NonTarget	1	94216
368.1560794289685	n/a	NonTarget	1	94248
368.28107937105455	n/a	NonTarget	1	94280
368.40607931314065	n/a	NonTarget	1	94312
368.5310792552267	n/a	NonTarget	1	94344
368.65607919731275	n/a	NonTarget	1	94376
368.7810791393988	n/a	NonTarget	1	94408
368.90607908148485	n/a	NonTarget	1	94440
369.03107902357095	n/a	NonTarget	1	94472
369.156078965657	n/a	NonTarget	1	94504
369.28107890774305	n/a	NonTarget	1	94536
369.4060788498291	n/a	NonTarget	1	94568
369.53107879191515	n/a	NonTarget	1	94600
369.65607873400126	n/a	NonTarget	1	94632
369.7810786760873	n/a	NonTarget	1	94664
369.90607861817335	n/a	NonTarget	1	94696
370.0310785602594	n/a	NonTarget	1	94728
370.15607850234545	n/a	NonTarget	1	94760
370.2810784444315	n/a	NonTarget	1	94792
370.4060783865176	n/a	NonTarget	1	94824
370.53107832860366	n/a	NonTarget	1	94856
370.6560782706897	n/a	NonTarget	1	94888
370.78107821277575	n/a	NonTarget	1	94920
370.9060781548618	n/a	NonTarget	1	94952
371.0310780969479	n/a	NonTarget	1	94984
371.15607803903396	n/a	NonTarget	1	95016
371.28107798112	n/a	NonTarget	1	95048
371.40607792320606	n/a	NonTarget	1	95080
371.5310778652921	n/a	NonTarget	1	95112
371.6560778073782	n/a	NonTarget	1	95144
371.78107774946426	n/a	NonTarget	1	95176
371.9060776915503	n/a	NonTarget	1	95208
372.03107763363636	n/a	NonTarget	1	95240
372.1560775757224	n/a	NonTarget	1	95272
372.2810775178085	n/a	NonTarget	1	95304
372.40607745989456	n/a	NonTarget	1	95336
372.5310774019806	n/a	NonTarget	1	95368
372.65607734406666	n/a	NonTarget	1	95400
372.7810772861527	n/a	NonTarget	1	95432
372.9060772282388	n/a	NonTarget	1	95464
373.03107717032486	n/a	NonTarget	1	95496
373.1560771124109	n/a	NonTarget	1	95528
373.28107705449696	n/a	NonTarget	1	95560
373.406076996583	n/a	NonTarget	1	95592
379.5310741588	n/a	NonTarget	1	97160
379.65607410088603	n/a	NonTarget	1	97192
379.7810740429721	n/a	NonTarget	1	97224
379.90607398505813	n/a	NonTarget	1	97256
380.03107392714423	n/a	NonTarget	1	97288
380.1560738692303	n/a	NonTarget	1	97320
380.28107381131633	n/a	NonTarget	1	97352
380.4060737534024	n/a	NonTarget	1	97384
380.53107369548843	n/a	NonTarget	1	97416
380.65607363757454	n/a	NonTarget	1	97448
380.7810735796606	n/a	NonTarget	1	97480
380.90607352174663	n/a	NonTarget	1	97512
381.0310734638327	n/a	NonTarget	1	97544
381.15607340591873	n/a	NonTarget	1	97576
381.28107334800484	n/a	NonTarget	1	97608
381.4060732900909	n/a	NonTarget	1	97640
381.53107323217694	n/a	NonTarget	1	97672
381.656073174263	n/a	NonTarget	1	97704
381.78107311634903	n/a	NonTarget	1	97736
381.90607305843514	n/a	NonTarget	1	97768
382.0310730005212	n/a	NonTarget	1	97800
382.15607294260724	n/a	NonTarget	1	97832
382.2810728846933	n/a	NonTarget	1	97864
382.40607282677934	n/a	NonTarget	1	97896
382.53107276886544	n/a	NonTarget	1	97928
382.6560727109515	n/a	NonTarget	1	97960
382.78107265303754	n/a	NonTarget	1	97992
382.9060725951236	n/a	NonTarget	1	98024
383.03107253720964	n/a	NonTarget	1	98056
383.15607247929574	n/a	NonTarget	1	98088
383.2810724213818	n/a	NonTarget	1	98120
383.40607236346784	n/a	NonTarget	1	98152
383.5310723055539	n/a	NonTarget	1	98184
383.65607224763994	n/a	NonTarget	1	98216
383.78107218972605	n/a	NonTarget	1	98248
383.9060721318121	n/a	NonTarget	1	98280
384.03107207389814	n/a	NonTarget	1	98312
384.1560720159842	n/a	NonTarget	1	98344
384.28107195807024	n/a	NonTarget	1	98376
384.4060719001563	n/a	NonTarget	1	98408
384.5310718422424	n/a	NonTarget	1	98440
384.65607178432845	n/a	NonTarget	1	98472
384.7810717264145	n/a	NonTarget	1	98504
384.90607166850054	n/a	NonTarget	1	98536
385.0310716105866	n/a	NonTarget	1	98568
385.1560715526727	n/a	NonTarget	1	98600
385.28107149475875	n/a	NonTarget	1	98632
385.4060714368448	n/a	NonTarget	1	98664
385.53107137893085	n/a	NonTarget	1	98696
385.6560713210169	n/a	NonTarget	1	98728
385.781071263103	n/a	NonTarget	1	98760
385.90607120518905	n/a	NonTarget	1	98792
386.0310711472751	n/a	NonTarget	1	98824
386.15607108936115	n/a	NonTarget	1	98856
386.2810710314472	n/a	NonTarget	1	98888
386.4060709735333	n/a	NonTarget	1	98920
386.53107091561935	n/a	NonTarget	1	98952
386.6560708577054	n/a	NonTarget	1	98984
386.78107079979145	n/a	NonTarget	1	99016
386.9060707418775	n/a	NonTarget	1	99048
387.0310706839636	n/a	NonTarget	1	99080
387.15607062604965	n/a	NonTarget	1	99112
387.2810705681357	n/a	NonTarget	1	99144
387.40607051022175	n/a	NonTarget	1	99176
387.5310704523078	n/a	NonTarget	1	99208
387.6560703943939	n/a	NonTarget	1	99240
387.78107033647996	n/a	NonTarget	1	99272
387.906070278566	n/a	NonTarget	1	99304
388.03107022065205	n/a	NonTarget	1	99336
388.1560701627381	n/a	NonTarget	1	99368
388.2810701048242	n/a	NonTarget	1	99400
388.40607004691026	n/a	NonTarget	1	99432
394.5310672091272	n/a	NonTarget	1	101000
394.6560671512132	n/a	NonTarget	1	101032
394.7810670932993	n/a	NonTarget	1	101064
394.9060670353854	n/a	NonTarget	1	101096
395.0310669774714	n/a	NonTarget	1	101128
395.1560669195575	n/a	NonTarget	1	101160
395.2810668616435	n/a	NonTarget	1	101192
395.40606680372963	n/a	NonTarget	1	101224
395.5310667458157	n/a	NonTarget	1	101256
395.6560666879017	n/a	NonTarget	1	101288
395.7810666299878	n/a	NonTarget	1	101320
395.9060665720738	n/a	NonTarget	1	101352
396.03106651415993	n/a	NonTarget	1	101384
396.156066456246	n/a	NonTarget	1	101416
396.28106639833203	n/a	NonTarget	1	101448
396.4060663404181	n/a	NonTarget	1	101480
396.5310662825041	n/a	NonTarget	1	101512
396.65606622459023	n/a	NonTarget	1	101544
396.7810661666763	n/a	NonTarget	1	101576
396.90606610876233	n/a	NonTarget	1	101608
397.0310660508484	n/a	NonTarget	1	101640
397.15606599293443	n/a	NonTarget	1	101672
397.28106593502054	n/a	NonTarget	1	101704
397.4060658771066	n/a	NonTarget	1	101736
397.53106581919263	n/a	NonTarget	1	101768
397.6560657612787	n/a	NonTarget	1	101800
397.78106570336473	n/a	NonTarget	1	101832
397.90606564545084	n/a	NonTarget	1	101864
398.0310655875369	n/a	NonTarget	1	101896
398.15606552962294	n/a	NonTarget	1	101928
398.281065471709	n/a	NonTarget	1	101960
398.40606541379503	n/a	NonTarget	1	101992
398.5310653558811	n/a	NonTarget	1	102024
398.6560652979672	n/a	NonTarget	1	102056
398.78106524005324	n/a	NonTarget	1	102088
398.9060651821393	n/a	NonTarget	1	102120
399.03106512422534	n/a	NonTarget	1	102152
399.1560650663114	n/a	NonTarget	1	102184
399.2810650083975	n/a	NonTarget	1	102216
399.40606495048354	n/a	NonTarget	1	102248
399.5310648925696	n/a	NonTarget	1	102280
399.65606483465564	n/a	NonTarget	1	102312
399.7810647767417	n/a	NonTarget	1	102344
399.9060647188278	n/a	NonTarget	1	102376
400.03106466091384	n/a	NonTarget	1	102408
400.1560646029999	n/a	NonTarget	1	102440
400.28106454508594	n/a	NonTarget	1	102472
400.406064487172	n/a	NonTarget	1	102504
400.5310644292581	n/a	NonTarget	1	102536
400.65606437134414	n/a	NonTarget	1	102568
400.7810643134302	n/a	NonTarget	1	102600
400.90606425551624	n/a	NonTarget	1	102632
401.0310641976023	n/a	NonTarget	1	102664
401.1560641396884	n/a	NonTarget	1	102696
401.28106408177445	n/a	NonTarget	1	102728
401.4060640238605	n/a	NonTarget	1	102760
401.53106396594654	n/a	NonTarget	1	102792
401.6560639080326	n/a	NonTarget	1	102824
401.7810638501187	n/a	NonTarget	1	102856
401.90606379220475	n/a	NonTarget	1	102888
402.0310637342908	n/a	NonTarget	1	102920
402.15606367637685	n/a	NonTarget	1	102952
402.2810636184629	n/a	NonTarget	1	102984
402.406063560549	n/a	NonTarget	1	103016
402.53106350263505	n/a	NonTarget	1	103048
402.6560634447211	n/a	NonTarget	1	103080
402.78106338680715	n/a	NonTarget	1	103112
402.9060633288932	n/a	NonTarget	1	103144
403.03106327097925	n/a	NonTarget	1	103176
403.15606321306535	n/a	NonTarget	1	103208
403.2810631551514	n/a	NonTarget	1	103240
403.40606309723745	n/a	NonTarget	1	103272
409.5310602594544	n/a	NonTarget	1	104840
409.65606020154047	n/a	NonTarget	1	104872
409.7810601436265	n/a	NonTarget	1	104904
409.90606008571257	n/a	NonTarget	1	104936
410.0310600277986	n/a	NonTarget	1	104968
410.1560599698847	n/a	NonTarget	1	105000
410.2810599119708	n/a	NonTarget	1	105032
410.4060598540568	n/a	NonTarget	1	105064
410.53105979614287	n/a	NonTarget	1	105096
410.6560597382289	n/a	NonTarget	1	105128
410.781059680315	n/a	NonTarget	1	105160
410.9060596224011	n/a	NonTarget	1	105192
411.0310595644871	n/a	NonTarget	1	105224
411.1560595065732	n/a	NonTarget	1	105256
411.2810594486592	n/a	NonTarget	1	105288
411.4060593907453	n/a	NonTarget	1	105320
411.5310593328314	n/a	NonTarget	1	105352
411.6560592749174	n/a	NonTarget	1	105384
411.7810592170035	n/a	NonTarget	1	105416
411.9060591590895	n/a	NonTarget	1	105448
412.03105910117563	n/a	NonTarget	1	105480
412.1560590432617	n/a	NonTarget	1	105512
412.2810589853477	n/a	NonTarget	1	105544
412.4060589274338	n/a	NonTarget	1	105576
412.5310588695198	n/a	NonTarget	1	105608
412.6560588116059	n/a	NonTarget	1	105640
412.781058753692	n/a	NonTarget	1	105672
412.90605869577803	n/a	NonTarget	1	105704
413.0310586378641	n/a	NonTarget	1	105736
413.1560585799501	n/a	NonTarget	1	105768
413.2810585220362	n/a	NonTarget	1	105800
413.4060584641223	n/a	NonTarget	1	105832
413.53105840620833	n/a	NonTarget	1	105864
413.6560583482944	n/a	NonTarget	1	105896
413.78105829038043	n/a	NonTarget	1	105928
413.9060582324665	n/a	NonTarget	1	105960
414.0310581745526	n/a	NonTarget	1	105992
414.15605811663863	n/a	NonTarget	1	106024
414.2810580587247	n/a	NonTarget	1	106056
414.40605800081073	n/a	NonTarget	1	106088
414.5310579428968	n/a	NonTarget	1	106120
414.6560578849829	n/a	NonTarget	1	106152
414.78105782706893	n/a	NonTarget	1	106184
414.906057769155	n/a	NonTarget	1	106216
415.03105771124103	n/a	NonTarget	1	106248
415.1560576533271	n/a	NonTarget	1	106280
415.2810575954132	n/a	NonTarget	1	106312
415.40605753749924	n/a	NonTarget	1	106344
415.5310574795853	n/a	NonTarget	1	106376
415.65605742167133	n/a	NonTarget	1	106408
415.7810573637574	n/a	NonTarget	1	106440
415.9060573058435	n/a	NonTarget	1	106472
416.03105724792954	n/a	NonTarget	1	106504
416.1560571900156	n/a	NonTarget	1	106536
416.28105713210164	n/a	NonTarget	1	106568
416.4060570741877	n/a	NonTarget	1	106600
416.5310570162738	n/a	NonTarget	1	106632
416.65605695835984	n/a	NonTarget	1	106664
416.7810569004459	n/a	NonTarget	1	106696
416.90605684253194	n/a	NonTarget	1	106728
417.031056784618	n/a	NonTarget	1	106760
417.15605672670404	n/a	NonTarget	1	106792
417.28105666879014	n/a	NonTarget	1	106824
417.4060566108762	n/a	NonTarget	1	106856
417.53105655296224	n/a	NonTarget	1	106888
417.6560564950483	n/a	NonTarget	1	106920
417.78105643713434	n/a	NonTarget	1	106952
417.90605637922044	n/a	NonTarget	1	106984
418.0310563213065	n/a	NonTarget	1	107016
418.15605626339254	n/a	NonTarget	1	107048
418.2810562054786	n/a	NonTarget	1	107080
418.40605614756464	n/a	NonTarget	1	107112
424.5310533097816	n/a	NonTarget	1	108680
424.65605325186766	n/a	NonTarget	1	108712
424.7810531939537	n/a	NonTarget	1	108744
424.9060531360398	n/a	NonTarget	1	108776
425.03105307812586	n/a	NonTarget	1	108808
425.1560530202119	n/a	NonTarget	1	108840
425.28105296229796	n/a	NonTarget	1	108872
425.406052904384	n/a	NonTarget	1	108904
425.5310528464701	n/a	NonTarget	1	108936
425.65605278855617	n/a	NonTarget	1	108968
425.7810527306422	n/a	NonTarget	1	109000
425.90605267272826	n/a	NonTarget	1	109032
426.0310526148143	n/a	NonTarget	1	109064
426.1560525569004	n/a	NonTarget	1	109096
426.28105249898647	n/a	NonTarget	1	109128
426.4060524410725	n/a	NonTarget	1	109160
426.53105238315857	n/a	NonTarget	1	109192
426.6560523252446	n/a	NonTarget	1	109224
426.78105226733067	n/a	NonTarget	1	109256
426.90605220941677	n/a	NonTarget	1	109288
427.0310521515028	n/a	NonTarget	1	109320
427.15605209358887	n/a	NonTarget	1	109352
427.2810520356749	n/a	NonTarget	1	109384
427.40605197776097	n/a	NonTarget	1	109416
427.5310519198471	n/a	NonTarget	1	109448
427.6560518619331	n/a	NonTarget	1	109480
427.78105180401917	n/a	NonTarget	1	109512
427.9060517461052	n/a	NonTarget	1	109544
428.03105168819127	n/a	NonTarget	1	109576
428.1560516302774	n/a	NonTarget	1	109608
428.2810515723634	n/a	NonTarget	1	109640
428.4060515144495	n/a	NonTarget	1	109672
428.5310514565355	n/a	NonTarget	1	109704
428.65605139862157	n/a	NonTarget	1	109736
428.7810513407077	n/a	NonTarget	1	109768
428.9060512827937	n/a	NonTarget	1	109800
429.0310512248798	n/a	NonTarget	1	109832
429.1560511669658	n/a	NonTarget	1	109864
429.2810511090519	n/a	NonTarget	1	109896
429.406051051138	n/a	NonTarget	1	109928
429.531050993224	n/a	NonTarget	1	109960
429.6560509353101	n/a	NonTarget	1	109992
429.7810508773961	n/a	NonTarget	1	110024
429.9060508194822	n/a	NonTarget	1	110056
430.0310507615683	n/a	NonTarget	1	110088
430.15605070365433	n/a	NonTarget	1	110120
430.2810506457404	n/a	NonTarget	1	110152
430.4060505878264	n/a	NonTarget	1	110184
430.5310505299125	n/a	NonTarget	1	110216
430.6560504719986	n/a	NonTarget	1	110248
430.78105041408463	n/a	NonTarget	1	110280
430.9060503561707	n/a	NonTarget	1	110312
431.03105029825673	n/a	NonTarget	1	110344
431.1560502403428	n/a	NonTarget	1	110376
431.2810501824288	n/a	NonTarget	1	110408
431.40605012451493	n/a	NonTarget	1	110440
431.531050066601	n/a	NonTarget	1	110472
431.65605000868703	n/a	NonTarget	1	110504
431.7810499507731	n/a	NonTarget	1	110536
431.90604989285913	n/a	NonTarget	1	110568
432.03104983494524	n/a	NonTarget	1	110600
432.1560497770313	n/a	NonTarget	1	110632
432.28104971911733	n/a	NonTarget	1	110664
432.4060496612034	n/a	NonTarget	1	110696
432.53104960328943	n/a	NonTarget	1	110728
432.65604954537554	n/a	NonTarget	1	110760
432.7810494874616	n/a	NonTarget	1	110792
432.90604942954764	n/a	NonTarget	1	110824
433.0310493716337	n/a	NonTarget	1	110856
433.15604931371973	n/a	NonTarget	1	110888
433.28104925580584	n/a	NonTarget	1	110920
433.4060491978919	n/a	NonTarget	1	110952
439.5310463601088	n/a	NonTarget	1	112520
439.6560463021949	n/a	NonTarget	1	112552
439.78104624428096	n/a	NonTarget	1	112584
439.906046186367	n/a	NonTarget	1	112616
440.03104612845306	n/a	NonTarget	1	112648
440.1560460705391	n/a	NonTarget	1	112680
440.2810460126252	n/a	NonTarget	1	112712
440.40604595471126	n/a	NonTarget	1	112744
440.5310458967973	n/a	NonTarget	1	112776
440.65604583888336	n/a	NonTarget	1	112808
440.7810457809694	n/a	NonTarget	1	112840
440.90604572305546	n/a	NonTarget	1	112872
441.03104566514156	n/a	NonTarget	1	112904
441.1560456072276	n/a	NonTarget	1	112936
441.28104554931366	n/a	NonTarget	1	112968
441.4060454913997	n/a	NonTarget	1	113000
441.53104543348576	n/a	NonTarget	1	113032
441.65604537557186	n/a	NonTarget	1	113064
441.7810453176579	n/a	NonTarget	1	113096
441.90604525974396	n/a	NonTarget	1	113128
442.03104520183	n/a	NonTarget	1	113160
442.15604514391606	n/a	NonTarget	1	113192
442.28104508600217	n/a	NonTarget	1	113224
442.4060450280882	n/a	NonTarget	1	113256
442.53104497017426	n/a	NonTarget	1	113288
442.6560449122603	n/a	NonTarget	1	113320
442.78104485434636	n/a	NonTarget	1	113352
442.90604479643247	n/a	NonTarget	1	113384
443.0310447385185	n/a	NonTarget	1	113416
443.15604468060457	n/a	NonTarget	1	113448
443.2810446226906	n/a	NonTarget	1	113480
443.40604456477666	n/a	NonTarget	1	113512
443.53104450686277	n/a	NonTarget	1	113544
443.6560444489488	n/a	NonTarget	1	113576
443.78104439103487	n/a	NonTarget	1	113608
443.9060443331209	n/a	NonTarget	1	113640
444.03104427520697	n/a	NonTarget	1	113672
444.1560442172931	n/a	NonTarget	1	113704
444.2810441593791	n/a	NonTarget	1	113736
444.40604410146517	n/a	NonTarget	1	113768
444.5310440435512	n/a	NonTarget	1	113800
444.65604398563727	n/a	NonTarget	1	113832
444.7810439277234	n/a	NonTarget	1	113864
444.9060438698094	n/a	NonTarget	1	113896
445.0310438118955	n/a	NonTarget	1	113928
445.1560437539815	n/a	NonTarget	1	113960
445.28104369606757	n/a	NonTarget	1	113992
445.4060436381536	n/a	NonTarget	1	114024
445.5310435802397	n/a	NonTarget	1	114056
445.6560435223258	n/a	NonTarget	1	114088
445.7810434644118	n/a	NonTarget	1	114120
445.9060434064979	n/a	NonTarget	1	114152
446.0310433485839	n/a	NonTarget	1	114184
446.15604329067	n/a	NonTarget	1	114216
446.2810432327561	n/a	NonTarget	1	114248
446.4060431748421	n/a	NonTarget	1	114280
446.5310431169282	n/a	NonTarget	1	114312
446.6560430590142	n/a	NonTarget	1	114344
446.78104300110033	n/a	NonTarget	1	114376
446.9060429431864	n/a	NonTarget	1	114408
447.0310428852724	n/a	NonTarget	1	114440
447.1560428273585	n/a	NonTarget	1	114472
447.2810427694445	n/a	NonTarget	1	114504
447.40604271153063	n/a	NonTarget	1	114536
447.5310426536167	n/a	NonTarget	1	114568
447.65604259570273	n/a	NonTarget	1	114600
447.7810425377888	n/a	NonTarget	1	114632
447.9060424798748	n/a	NonTarget	1	114664
448.03104242196093	n/a	NonTarget	1	114696
448.156042364047	n/a	NonTarget	1	114728
448.28104230613303	n/a	NonTarget	1	114760
448.4060422482191	n/a	NonTarget	1	114792
454.53103941043605	n/a	NonTarget	1	116360
454.6560393525221	n/a	NonTarget	1	116392
454.78103929460815	n/a	NonTarget	1	116424
454.9060392366942	n/a	NonTarget	1	116456
455.03103917878025	n/a	NonTarget	1	116488
455.15603912086635	n/a	NonTarget	1	116520
455.2810390629524	n/a	NonTarget	1	116552
455.40603900503845	n/a	NonTarget	1	116584
455.5310389471245	n/a	NonTarget	1	116616
455.65603888921055	n/a	NonTarget	1	116648
455.78103883129666	n/a	NonTarget	1	116680
455.9060387733827	n/a	NonTarget	1	116712
456.03103871546875	n/a	NonTarget	1	116744
456.1560386575548	n/a	NonTarget	1	116776
456.28103859964085	n/a	NonTarget	1	116808
456.40603854172696	n/a	NonTarget	1	116840
456.531038483813	n/a	NonTarget	1	116872
456.65603842589906	n/a	NonTarget	1	116904
456.7810383679851	n/a	NonTarget	1	116936
456.90603831007115	n/a	NonTarget	1	116968
457.03103825215726	n/a	NonTarget	1	117000
457.1560381942433	n/a	NonTarget	1	117032
457.28103813632936	n/a	NonTarget	1	117064
457.4060380784154	n/a	NonTarget	1	117096
457.53103802050146	n/a	NonTarget	1	117128
457.65603796258756	n/a	NonTarget	1	117160
457.7810379046736	n/a	NonTarget	1	117192
457.90603784675966	n/a	NonTarget	1	117224
458.0310377888457	n/a	NonTarget	1	117256
458.15603773093176	n/a	NonTarget	1	117288
458.28103767301786	n/a	NonTarget	1	117320
458.4060376151039	n/a	NonTarget	1	117352
458.53103755718996	n/a	NonTarget	1	117384
458.656037499276	n/a	NonTarget	1	117416
458.78103744136206	n/a	NonTarget	1	117448
458.90603738344817	n/a	NonTarget	1	117480
459.0310373255342	n/a	NonTarget	1	117512
459.15603726762026	n/a	NonTarget	1	117544
459.2810372097063	n/a	NonTarget	1	117576
459.40603715179236	n/a	NonTarget	1	117608
459.5310370938784	n/a	NonTarget	1	117640
459.6560370359645	n/a	NonTarget	1	117672
459.78103697805057	n/a	NonTarget	1	117704
459.9060369201366	n/a	NonTarget	1	117736
460.03103686222266	n/a	NonTarget	1	117768
460.1560368043087	n/a	NonTarget	1	117800
460.2810367463948	n/a	NonTarget	1	117832
460.40603668848087	n/a	NonTarget	1	117864
460.5310366305669	n/a	NonTarget	1	117896
460.65603657265297	n/a	NonTarget	1	117928
460.781036514739	n/a	NonTarget	1	117960
460.9060364568251	n/a	NonTarget	1	117992
461.03103639891117	n/a	NonTarget	1	118024
461.1560363409972	n/a	NonTarget	1	118056
461.28103628308327	n/a	NonTarget	1	118088
461.4060362251693	n/a	NonTarget	1	118120
461.5310361672554	n/a	NonTarget	1	118152
461.65603610934147	n/a	NonTarget	1	118184
461.7810360514275	n/a	NonTarget	1	118216
461.90603599351357	n/a	NonTarget	1	118248
462.0310359355996	n/a	NonTarget	1	118280
462.1560358776857	n/a	NonTarget	1	118312
462.2810358197718	n/a	NonTarget	1	118344
462.4060357618578	n/a	NonTarget	1	118376
462.53103570394387	n/a	NonTarget	1	118408
462.6560356460299	n/a	NonTarget	1	118440
462.781035588116	n/a	NonTarget	1	118472
462.9060355302021	n/a	NonTarget	1	118504
463.0310354722881	n/a	NonTarget	1	118536
463.1560354143742	n/a	NonTarget	1	118568
463.2810353564602	n/a	NonTarget	1	118600
463.4060352985463	n/a	NonTarget	1	118632
469.53103246076324	n/a	NonTarget	1	120200
469.6560324028493	n/a	NonTarget	1	120232
469.78103234493534	n/a	NonTarget	1	120264
469.90603228702145	n/a	NonTarget	1	120296
470.0310322291075	n/a	NonTarget	1	120328
470.15603217119354	n/a	NonTarget	1	120360
470.2810321132796	n/a	NonTarget	1	120392
470.40603205536564	n/a	NonTarget	1	120424
470.53103199745175	n/a	NonTarget	1	120456
470.6560319395378	n/a	NonTarget	1	120488
470.78103188162385	n/a	NonTarget	1	120520
470.9060318237099	n/a	NonTarget	1	120552
471.03103176579594	n/a	NonTarget	1	120584
471.15603170788205	n/a	NonTarget	1	120616
471.2810316499681	n/a	NonTarget	1	120648
471.40603159205415	n/a	NonTarget	1	120680
471.5310315341402	n/a	NonTarget	1	120712
471.65603147622625	n/a	NonTarget	1	120744
471.78103141831235	n/a	NonTarget	1	120776
471.9060313603984	n/a	NonTarget	1	120808
472.03103130248445	n/a	NonTarget	1	120840
472.1560312445705	n/a	NonTarget	1	120872
472.28103118665655	n/a	NonTarget	1	120904
472.40603112874265	n/a	NonTarget	1	120936
472.5310310708287	n/a	NonTarget	1	120968
472.65603101291475	n/a	NonTarget	1	121000
472.7810309550008	n/a	NonTarget	1	121032
472.90603089708685	n/a	NonTarget	1	121064
473.03103083917296	n/a	NonTarget	1	121096
473.156030781259	n/a	NonTarget	1	121128
473.28103072334505	n/a	NonTarget	1	121160
473.4060306654311	n/a	NonTarget	1	121192
473.53103060751715	n/a	NonTarget	1	121224
473.6560305496032	n/a	NonTarget	1	121256
473.7810304916893	n/a	NonTarget	1	121288
473.90603043377536	n/a	NonTarget	1	121320
474.0310303758614	n/a	NonTarget	1	121352
474.15603031794745	n/a	NonTarget	1	121384
474.2810302600335	n/a	NonTarget	1	121416
474.4060302021196	n/a	NonTarget	1	121448
474.53103014420566	n/a	NonTarget	1	121480
474.6560300862917	n/a	NonTarget	1	121512
474.78103002837776	n/a	NonTarget	1	121544
474.9060299704638	n/a	NonTarget	1	121576
475.0310299125499	n/a	NonTarget	1	121608
475.15602985463596	n/a	NonTarget	1	121640
475.281029796722	n/a	NonTarget	1	121672
475.40602973880806	n/a	NonTarget	1	121704
475.5310296808941	n/a	NonTarget	1	121736
475.6560296229802	n/a	NonTarget	1	121768
475.78102956506626	n/a	NonTarget	1	121800
475.9060295071523	n/a	NonTarget	1	121832
476.03102944923836	n/a	NonTarget	1	121864
476.1560293913244	n/a	NonTarget	1	121896
476.2810293334105	n/a	NonTarget	1	121928
476.40602927549656	n/a	NonTarget	1	121960
476.5310292175826	n/a	NonTarget	1	121992
476.65602915966866	n/a	NonTarget	1	122024
476.7810291017547	n/a	NonTarget	1	122056
476.9060290438408	n/a	NonTarget	1	122088
477.03102898592687	n/a	NonTarget	1	122120
477.1560289280129	n/a	NonTarget	1	122152
477.28102887009896	n/a	NonTarget	1	122184
477.406028812185	n/a	NonTarget	1	122216
477.5310287542711	n/a	NonTarget	1	122248
477.65602869635717	n/a	NonTarget	1	122280
477.7810286384432	n/a	NonTarget	1	122312
477.90602858052927	n/a	NonTarget	1	122344
478.0310285226153	n/a	NonTarget	1	122376
478.1560284647014	n/a	NonTarget	1	122408
478.28102840678747	n/a	NonTarget	1	122440
478.4060283488735	n/a	NonTarget	1	122472
484.53102551109043	n/a	NonTarget	1	124040
484.65602545317654	n/a	NonTarget	1	124072
484.7810253952626	n/a	NonTarget	1	124104
484.90602533734864	n/a	NonTarget	1	124136
485.0310252794347	n/a	NonTarget	1	124168
485.15602522152074	n/a	NonTarget	1	124200
485.28102516360684	n/a	NonTarget	1	124232
485.4060251056929	n/a	NonTarget	1	124264
485.53102504777894	n/a	NonTarget	1	124296
485.656024989865	n/a	NonTarget	1	124328
485.78102493195104	n/a	NonTarget	1	124360
485.90602487403714	n/a	NonTarget	1	124392
486.0310248161232	n/a	NonTarget	1	124424
486.15602475820924	n/a	NonTarget	1	124456
486.2810247002953	n/a	NonTarget	1	124488
486.40602464238134	n/a	NonTarget	1	124520
486.53102458446745	n/a	NonTarget	1	124552
486.6560245265535	n/a	NonTarget	1	124584
486.78102446863954	n/a	NonTarget	1	124616
486.9060244107256	n/a	NonTarget	1	124648
487.03102435281164	n/a	NonTarget	1	124680
487.15602429489775	n/a	NonTarget	1	124712
487.2810242369838	n/a	NonTarget	1	124744
487.40602417906985	n/a	NonTarget	1	124776
487.5310241211559	n/a	NonTarget	1	124808
487.65602406324194	n/a	NonTarget	1	124840
487.781024005328	n/a	NonTarget	1	124872
487.9060239474141	n/a	NonTarget	1	124904
488.03102388950015	n/a	NonTarget	1	124936
488.1560238315862	n/a	NonTarget	1	124968
488.28102377367225	n/a	NonTarget	1	125000
488.4060237157583	n/a	NonTarget	1	125032
488.5310236578444	n/a	NonTarget	1	125064
488.65602359993045	n/a	NonTarget	1	125096
488.7810235420165	n/a	NonTarget	1	125128
488.90602348410255	n/a	NonTarget	1	125160
489.0310234261886	n/a	NonTarget	1	125192
489.1560233682747	n/a	NonTarget	1	125224
489.28102331036075	n/a	NonTarget	1	125256
489.4060232524468	n/a	NonTarget	1	125288
489.53102319453285	n/a	NonTarget	1	125320
489.6560231366189	n/a	NonTarget	1	125352
489.781023078705	n/a	NonTarget	1	125384
489.90602302079105	n/a	NonTarget	1	125416
490.0310229628771	n/a	NonTarget	1	125448
490.15602290496315	n/a	NonTarget	1	125480
490.2810228470492	n/a	NonTarget	1	125512
490.4060227891353	n/a	NonTarget	1	125544
490.53102273122136	n/a	NonTarget	1	125576
490.6560226733074	n/a	NonTarget	1	125608
490.78102261539345	n/a	NonTarget	1	125640
490.9060225574795	n/a	NonTarget	1	125672
491.0310224995656	n/a	NonTarget	1	125704
491.15602244165166	n/a	NonTarget	1	125736
491.2810223837377	n/a	NonTarget	1	125768
491.40602232582376	n/a	NonTarget	1	125800
491.5310222679098	n/a	NonTarget	1	125832
491.6560222099959	n/a	NonTarget	1	125864
491.78102215208196	n/a	NonTarget	1	125896
491.906022094168	n/a	NonTarget	1	125928
492.03102203625406	n/a	NonTarget	1	125960
492.1560219783401	n/a	NonTarget	1	125992
492.2810219204262	n/a	NonTarget	1	126024
492.40602186251226	n/a	NonTarget	1	126056
492.5310218045983	n/a	NonTarget	1	126088
492.65602174668436	n/a	NonTarget	1	126120
492.7810216887704	n/a	NonTarget	1	126152
492.90602163085646	n/a	NonTarget	1	126184
493.03102157294256	n/a	NonTarget	1	126216
493.1560215150286	n/a	NonTarget	1	126248
493.28102145711466	n/a	NonTarget	1	126280
493.4060213992007	n/a	NonTarget	1	126312
499.5310185614177	n/a	NonTarget	1	127880
499.65601850350373	n/a	NonTarget	1	127912
499.7810184455898	n/a	NonTarget	1	127944
499.90601838767583	n/a	NonTarget	1	127976
500.03101832976193	n/a	NonTarget	1	128008
500.156018271848	n/a	NonTarget	1	128040
500.28101821393403	n/a	NonTarget	1	128072
500.4060181560201	n/a	NonTarget	1	128104
500.53101809810613	n/a	NonTarget	1	128136
500.65601804019224	n/a	NonTarget	1	128168
500.7810179822783	n/a	NonTarget	1	128200
500.90601792436433	n/a	NonTarget	1	128232
501.0310178664504	n/a	NonTarget	1	128264
501.15601780853643	n/a	NonTarget	1	128296
501.28101775062254	n/a	NonTarget	1	128328
501.4060176927086	n/a	NonTarget	1	128360
501.53101763479464	n/a	NonTarget	1	128392
501.6560175768807	n/a	NonTarget	1	128424
501.78101751896673	n/a	NonTarget	1	128456
501.9060174610528	n/a	NonTarget	1	128488
502.0310174031389	n/a	NonTarget	1	128520
502.15601734522494	n/a	NonTarget	1	128552
502.281017287311	n/a	NonTarget	1	128584
502.40601722939704	n/a	NonTarget	1	128616
502.5310171714831	n/a	NonTarget	1	128648
502.6560171135692	n/a	NonTarget	1	128680
502.78101705565524	n/a	NonTarget	1	128712
502.9060169977413	n/a	NonTarget	1	128744
503.03101693982734	n/a	NonTarget	1	128776
503.1560168819134	n/a	NonTarget	1	128808
503.2810168239995	n/a	NonTarget	1	128840
503.40601676608554	n/a	NonTarget	1	128872
503.5310167081716	n/a	NonTarget	1	128904
503.65601665025764	n/a	NonTarget	1	128936
503.7810165923437	n/a	NonTarget	1	128968
503.9060165344298	n/a	NonTarget	1	129000
504.03101647651584	n/a	NonTarget	1	129032
504.1560164186019	n/a	NonTarget	1	129064
504.28101636068794	n/a	NonTarget	1	129096
504.406016302774	n/a	NonTarget	1	129128
504.5310162448601	n/a	NonTarget	1	129160
504.65601618694615	n/a	NonTarget	1	129192
504.7810161290322	n/a	NonTarget	1	129224
504.90601607111824	n/a	NonTarget	1	129256
505.0310160132043	n/a	NonTarget	1	129288
505.1560159552904	n/a	NonTarget	1	129320
505.28101589737645	n/a	NonTarget	1	129352
505.4060158394625	n/a	NonTarget	1	129384
505.53101578154855	n/a	NonTarget	1	129416
505.6560157236346	n/a	NonTarget	1	129448
505.7810156657207	n/a	NonTarget	1	129480
505.90601560780675	n/a	NonTarget	1	129512
506.0310155498928	n/a	NonTarget	1	129544
506.15601549197885	n/a	NonTarget	1	129576
506.2810154340649	n/a	NonTarget	1	129608
506.406015376151	n/a	NonTarget	1	129640
506.53101531823705	n/a	NonTarget	1	129672
506.6560152603231	n/a	NonTarget	1	129704
506.78101520240915	n/a	NonTarget	1	129736
506.9060151444952	n/a	NonTarget	1	129768
507.03101508658125	n/a	NonTarget	1	129800
507.15601502866735	n/a	NonTarget	1	129832
507.2810149707534	n/a	NonTarget	1	129864
507.40601491283945	n/a	NonTarget	1	129896
507.5310148549255	n/a	NonTarget	1	129928
507.65601479701155	n/a	NonTarget	1	129960
507.78101473909766	n/a	NonTarget	1	129992
507.9060146811837	n/a	NonTarget	1	130024
508.03101462326975	n/a	NonTarget	1	130056
508.1560145653558	n/a	NonTarget	1	130088
508.28101450744185	n/a	NonTarget	1	130120
508.40601444952796	n/a	NonTarget	1	130152
514.5310116117449	n/a	NonTarget	1	131720
514.6560115538309	n/a	NonTarget	1	131752
514.781011495917	n/a	NonTarget	1	131784
514.906011438003	n/a	NonTarget	1	131816
515.0310113800891	n/a	NonTarget	1	131848
515.1560113221752	n/a	NonTarget	1	131880
515.2810112642612	n/a	NonTarget	1	131912
515.4060112063473	n/a	NonTarget	1	131944
515.5310111484333	n/a	NonTarget	1	131976
515.6560110905194	n/a	NonTarget	1	132008
515.7810110326055	n/a	NonTarget	1	132040
515.9060109746915	n/a	NonTarget	1	132072
516.0310109167776	n/a	NonTarget	1	132104
516.1560108588636	n/a	NonTarget	1	132136
516.2810108009497	n/a	NonTarget	1	132168
516.4060107430358	n/a	NonTarget	1	132200
516.5310106851218	n/a	NonTarget	1	132232
516.6560106272079	n/a	NonTarget	1	132264
516.7810105692939	n/a	NonTarget	1	132296
516.90601051138	n/a	NonTarget	1	132328
517.0310104534661	n/a	NonTarget	1	132360
517.1560103955521	n/a	NonTarget	1	132392
517.2810103376382	n/a	NonTarget	1	132424
517.4060102797242	n/a	NonTarget	1	132456
517.5310102218103	n/a	NonTarget	1	132488
517.6560101638964	n/a	NonTarget	1	132520
517.7810101059824	n/a	NonTarget	1	132552
517.9060100480685	n/a	NonTarget	1	132584
518.0310099901545	n/a	NonTarget	1	132616
518.1560099322406	n/a	NonTarget	1	132648
518.2810098743266	n/a	NonTarget	1	132680
518.4060098164127	n/a	NonTarget	1	132712
518.5310097584988	n/a	NonTarget	1	132744
518.6560097005848	n/a	NonTarget	1	132776
518.7810096426709	n/a	NonTarget	1	132808
518.9060095847569	n/a	NonTarget	1	132840
519.031009526843	n/a	NonTarget	1	132872
519.1560094689291	n/a	NonTarget	1	132904
519.2810094110151	n/a	NonTarget	1	132936
519.4060093531012	n/a	NonTarget	1	132968
519.5310092951872	n/a	NonTarget	1	133000
519.6560092372733	n/a	NonTarget	1	133032
519.7810091793594	n/a	NonTarget	1	133064
519.9060091214454	n/a	NonTarget	1	133096
520.0310090635315	n/a	NonTarget	1	133128
520.1560090056175	n/a	NonTarget	1	133160
520.2810089477036	n/a	NonTarget	1	133192
520.4060088897897	n/a	NonTarget	1	133224
520.5310088318757	n/a	NonTarget	1	133256
520.6560087739618	n/a	NonTarget	1	133288
520.7810087160478	n/a	NonTarget	1	133320
520.9060086581339	n/a	NonTarget	1	133352
521.03100860022	n/a	NonTarget	1	133384
521.156008542306	n/a	NonTarget	1	133416
521.2810084843921	n/a	NonTarget	1	133448
521.4060084264781	n/a	NonTarget	1	133480
521.5310083685642	n/a	NonTarget	1	133512
521.6560083106503	n/a	NonTarget	1	133544
521.7810082527363	n/a	NonTarget	1	133576
521.9060081948224	n/a	NonTarget	1	133608
522.0310081369084	n/a	NonTarget	1	133640
522.1560080789945	n/a	NonTarget	1	133672
522.2810080210807	n/a	NonTarget	1	133704
522.4060079631666	n/a	NonTarget	1	133736
522.5310079052527	n/a	NonTarget	1	133768
522.6560078473387	n/a	NonTarget	1	133800
522.7810077894248	n/a	NonTarget	1	133832
522.906007731511	n/a	NonTarget	1	133864
523.031007673597	n/a	NonTarget	1	133896
523.156007615683	n/a	NonTarget	1	133928
523.281007557769	n/a	NonTarget	1	133960
523.4060074998551	n/a	NonTarget	1	133992
529.5310046620721	n/a	NonTarget	1	135560
529.6560046041582	n/a	NonTarget	1	135592
529.7810045462442	n/a	NonTarget	1	135624
529.9060044883303	n/a	NonTarget	1	135656
530.0310044304164	n/a	NonTarget	1	135688
530.1560043725024	n/a	NonTarget	1	135720
530.2810043145885	n/a	NonTarget	1	135752
530.4060042566745	n/a	NonTarget	1	135784
530.5310041987606	n/a	NonTarget	1	135816
530.6560041408467	n/a	NonTarget	1	135848
530.7810040829327	n/a	NonTarget	1	135880
530.9060040250188	n/a	NonTarget	1	135912
531.0310039671048	n/a	NonTarget	1	135944
531.1560039091909	n/a	NonTarget	1	135976
531.281003851277	n/a	NonTarget	1	136008
531.406003793363	n/a	NonTarget	1	136040
531.5310037354491	n/a	NonTarget	1	136072
531.6560036775351	n/a	NonTarget	1	136104
531.7810036196212	n/a	NonTarget	1	136136
531.9060035617073	n/a	NonTarget	1	136168
532.0310035037933	n/a	NonTarget	1	136200
532.1560034458794	n/a	NonTarget	1	136232
532.2810033879654	n/a	NonTarget	1	136264
532.4060033300515	n/a	NonTarget	1	136296
532.5310032721376	n/a	NonTarget	1	136328
532.6560032142236	n/a	NonTarget	1	136360
532.7810031563097	n/a	NonTarget	1	136392
532.9060030983957	n/a	NonTarget	1	136424
533.0310030404818	n/a	NonTarget	1	136456
533.1560029825679	n/a	NonTarget	1	136488
533.2810029246539	n/a	NonTarget	1	136520
533.40600286674	n/a	NonTarget	1	136552
533.531002808826	n/a	NonTarget	1	136584
533.6560027509121	n/a	NonTarget	1	136616
533.7810026929982	n/a	NonTarget	1	136648
533.9060026350842	n/a	NonTarget	1	136680
534.0310025771703	n/a	NonTarget	1	136712
534.1560025192563	n/a	NonTarget	1	136744
534.2810024613424	n/a	NonTarget	1	136776
534.4060024034285	n/a	NonTarget	1	136808
534.5310023455145	n/a	NonTarget	1	136840
534.6560022876006	n/a	NonTarget	1	136872
534.7810022296866	n/a	NonTarget	1	136904
534.9060021717727	n/a	NonTarget	1	136936
535.0310021138588	n/a	NonTarget	1	136968
535.1560020559448	n/a	NonTarget	1	137000
535.2810019980309	n/a	NonTarget	1	137032
535.4060019401169	n/a	NonTarget	1	137064
535.531001882203	n/a	NonTarget	1	137096
535.6560018242891	n/a	NonTarget	1	137128
535.7810017663751	n/a	NonTarget	1	137160
535.9060017084612	n/a	NonTarget	1	137192
536.0310016505472	n/a	NonTarget	1	137224
536.1560015926333	n/a	NonTarget	1	137256
536.2810015347194	n/a	NonTarget	1	137288
536.4060014768054	n/a	NonTarget	1	137320
536.5310014188915	n/a	NonTarget	1	137352
536.6560013609775	n/a	NonTarget	1	137384
536.7810013030636	n/a	NonTarget	1	137416
536.9060012451497	n/a	NonTarget	1	137448
537.0310011872357	n/a	NonTarget	1	137480
537.1560011293218	n/a	NonTarget	1	137512
537.2810010714078	n/a	NonTarget	1	137544
537.4060010134939	n/a	NonTarget	1	137576
537.5310009555799	n/a	NonTarget	1	137608
537.656000897666	n/a	NonTarget	1	137640
537.7810008397521	n/a	NonTarget	1	137672
537.9060007818381	n/a	NonTarget	1	137704
538.0310007239242	n/a	NonTarget	1	137736
538.1560006660102	n/a	NonTarget	1	137768
538.2810006080963	n/a	NonTarget	1	137800
538.4060005501824	n/a	NonTarget	1	137832
544.5309977123993	n/a	NonTarget	1	139400
544.6559976544854	n/a	NonTarget	1	139432
544.7809975965714	n/a	NonTarget	1	139464
544.9059975386575	n/a	NonTarget	1	139496
545.0309974807435	n/a	NonTarget	1	139528
545.1559974228296	n/a	NonTarget	1	139560
545.2809973649157	n/a	NonTarget	1	139592
545.4059973070017	n/a	NonTarget	1	139624
545.5309972490878	n/a	NonTarget	1	139656
545.6559971911738	n/a	NonTarget	1	139688
545.7809971332599	n/a	NonTarget	1	139720
545.905997075346	n/a	NonTarget	1	139752
546.030997017432	n/a	NonTarget	1	139784
546.1559969595181	n/a	NonTarget	1	139816
546.2809969016041	n/a	NonTarget	1	139848
546.4059968436902	n/a	NonTarget	1	139880
546.5309967857762	n/a	NonTarget	1	139912
546.6559967278623	n/a	NonTarget	1	139944
546.7809966699484	n/a	NonTarget	1	139976
546.9059966120344	n/a	NonTarget	1	140008
547.0309965541205	n/a	NonTarget	1	140040
547.1559964962065	n/a	NonTarget	1	140072
547.2809964382926	n/a	NonTarget	1	140104
547.4059963803787	n/a	NonTarget	1	140136
547.5309963224647	n/a	NonTarget	1	140168
547.6559962645508	n/a	NonTarget	1	140200
547.7809962066368	n/a	NonTarget	1	140232
547.9059961487229	n/a	NonTarget	1	140264
548.030996090809	n/a	NonTarget	1	140296
548.155996032895	n/a	NonTarget	1	140328
548.2809959749811	n/a	NonTarget	1	140360
548.4059959170671	n/a	NonTarget	1	140392
548.5309958591532	n/a	NonTarget	1	140424
548.6559958012393	n/a	NonTarget	1	140456
548.7809957433253	n/a	NonTarget	1	140488
548.9059956854114	n/a	NonTarget	1	140520
549.0309956274974	n/a	NonTarget	1	140552
549.1559955695835	n/a	NonTarget	1	140584
549.2809955116696	n/a	NonTarget	1	140616
549.4059954537556	n/a	NonTarget	1	140648
549.5309953958417	n/a	NonTarget	1	140680
549.6559953379277	n/a	NonTarget	1	140712
549.7809952800138	n/a	NonTarget	1	140744
549.9059952220999	n/a	NonTarget	1	140776
550.0309951641859	n/a	NonTarget	1	140808
550.155995106272	n/a	NonTarget	1	140840
550.280995048358	n/a	NonTarget	1	140872
550.4059949904441	n/a	NonTarget	1	140904
550.5309949325302	n/a	NonTarget	1	140936
550.6559948746162	n/a	NonTarget	1	140968
550.7809948167023	n/a	NonTarget	1	141000
550.9059947587883	n/a	NonTarget	1	141032
551.0309947008744	n/a	NonTarget	1	141064
551.1559946429605	n/a	NonTarget	1	141096
551.2809945850465	n/a	NonTarget	1	141128
551.4059945271326	n/a	NonTarget	1	141160
551.5309944692186	n/a	NonTarget	1	141192
551.6559944113047	n/a	NonTarget	1	141224
551.7809943533908	n/a	NonTarget	1	141256
551.9059942954768	n/a	NonTarget	1	141288
552.0309942375629	n/a	NonTarget	1	141320
552.1559941796489	n/a	NonTarget	1	141352
552.280994121735	n/a	NonTarget	1	141384
552.4059940638211	n/a	NonTarget	1	141416
552.5309940059071	n/a	NonTarget	1	141448
552.6559939479932	n/a	NonTarget	1	141480
552.7809938900792	n/a	NonTarget	1	141512
552.9059938321653	n/a	NonTarget	1	141544
553.0309937742514	n/a	NonTarget	1	141576
553.1559937163374	n/a	NonTarget	1	141608
553.2809936584235	n/a	NonTarget	1	141640
553.4059936005095	n/a	NonTarget	1	141672
559.5309907627266	n/a	NonTarget	1	143240
559.6559907048126	n/a	NonTarget	1	143272
559.7809906468987	n/a	NonTarget	1	143304
559.9059905889847	n/a	NonTarget	1	143336
560.0309905310708	n/a	NonTarget	1	143368
560.1559904731569	n/a	NonTarget	1	143400
560.2809904152429	n/a	NonTarget	1	143432
560.405990357329	n/a	NonTarget	1	143464
560.530990299415	n/a	NonTarget	1	143496
560.6559902415011	n/a	NonTarget	1	143528
560.7809901835872	n/a	NonTarget	1	143560
560.9059901256732	n/a	NonTarget	1	143592
561.0309900677593	n/a	NonTarget	1	143624
561.1559900098453	n/a	NonTarget	1	143656
561.2809899519314	n/a	NonTarget	1	143688
561.4059898940175	n/a	NonTarget	1	143720
561.5309898361035	n/a	NonTarget	1	143752
561.6559897781896	n/a	NonTarget	1	143784
561.7809897202756	n/a	NonTarget	1	143816
561.9059896623617	n/a	NonTarget	1	143848
562.0309896044478	n/a	NonTarget	1	143880
562.1559895465338	n/a	NonTarget	1	143912
562.2809894886199	n/a	NonTarget	1	143944
562.4059894307059	n/a	NonTarget	1	143976
562.530989372792	n/a	NonTarget	1	144008
562.6559893148781	n/a	NonTarget	1	144040
562.7809892569641	n/a	NonTarget	1	144072
562.9059891990502	n/a	NonTarget	1	144104
563.0309891411362	n/a	NonTarget	1	144136
563.1559890832223	n/a	NonTarget	1	144168
563.2809890253084	n/a	NonTarget	1	144200
563.4059889673944	n/a	NonTarget	1	144232
563.5309889094805	n/a	NonTarget	1	144264
563.6559888515665	n/a	NonTarget	1	144296
563.7809887936526	n/a	NonTarget	1	144328
563.9059887357387	n/a	NonTarget	1	144360
564.0309886778247	n/a	NonTarget	1	144392
564.1559886199108	n/a	NonTarget	1	144424
564.2809885619968	n/a	NonTarget	1	144456
564.4059885040829	n/a	NonTarget	1	144488
564.530988446169	n/a	NonTarget	1	144520
564.655988388255	n/a	NonTarget	1	144552
564.7809883303411	n/a	NonTarget	1	144584
564.9059882724271	n/a	NonTarget	1	144616
565.0309882145132	n/a	NonTarget	1	144648
565.1559881565993	n/a	NonTarget	1	144680
565.2809880986853	n/a	NonTarget	1	144712
565.4059880407714	n/a	NonTarget	1	144744
565.5309879828574	n/a	NonTarget	1	144776
565.6559879249435	n/a	NonTarget	1	144808
565.7809878670295	n/a	NonTarget	1	144840
565.9059878091156	n/a	NonTarget	1	144872
566.0309877512017	n/a	NonTarget	1	144904
566.1559876932877	n/a	NonTarget	1	144936
566.2809876353738	n/a	NonTarget	1	144968
566.4059875774598	n/a	NonTarget	1	145000
566.5309875195459	n/a	NonTarget	1	145032
566.655987461632	n/a	NonTarget	1	145064
566.780987403718	n/a	NonTarget	1	145096
566.9059873458041	n/a	NonTarget	1	145128
567.0309872878901	n/a	NonTarget	1	145160
567.1559872299762	n/a	NonTarget	1	145192
567.2809871720623	n/a	NonTarget	1	145224
567.4059871141483	n/a	NonTarget	1	145256
567.5309870562344	n/a	NonTarget	1	145288
567.6559869983204	n/a	NonTarget	1	145320
567.7809869404065	n/a	NonTarget	1	145352
567.9059868824926	n/a	NonTarget	1	145384
568.0309868245786	n/a	NonTarget	1	145416
568.1559867666647	n/a	NonTarget	1	145448
568.2809867087507	n/a	NonTarget	1	145480
568.4059866508368	n/a	NonTarget	1	145512
574.5309838130537	n/a	NonTarget	1	147080
574.6559837551398	n/a	NonTarget	1	147112
574.7809836972258	n/a	NonTarget	1	147144
574.9059836393119	n/a	NonTarget	1	147176
575.030983581398	n/a	NonTarget	1	147208
575.155983523484	n/a	NonTarget	1	147240
575.2809834655701	n/a	NonTarget	1	147272
575.4059834076561	n/a	NonTarget	1	147304
575.5309833497422	n/a	NonTarget	1	147336
575.6559832918283	n/a	NonTarget	1	147368
575.7809832339143	n/a	NonTarget	1	147400
575.9059831760004	n/a	NonTarget	1	147432
576.0309831180864	n/a	NonTarget	1	147464
576.1559830601725	n/a	NonTarget	1	147496
576.2809830022586	n/a	NonTarget	1	147528
576.4059829443446	n/a	NonTarget	1	147560
576.5309828864307	n/a	NonTarget	1	147592
576.6559828285167	n/a	NonTarget	1	147624
576.7809827706028	n/a	NonTarget	1	147656
576.9059827126889	n/a	NonTarget	1	147688
577.0309826547749	n/a	NonTarget	1	147720
577.155982596861	n/a	NonTarget	1	147752
577.280982538947	n/a	NonTarget	1	147784
577.4059824810331	n/a	NonTarget	1	147816
577.5309824231192	n/a	NonTarget	1	147848
577.6559823652052	n/a	NonTarget	1	147880
577.7809823072913	n/a	NonTarget	1	147912
577.9059822493773	n/a	NonTarget	1	147944
578.0309821914634	n/a	NonTarget	1	147976
578.1559821335495	n/a	NonTarget	1	148008
578.2809820756355	n/a	NonTarget	1	148040
578.4059820177216	n/a	NonTarget	1	148072
578.5309819598076	n/a	NonTarget	1	148104
578.6559819018937	n/a	NonTarget	1	148136
578.7809818439798	n/a	NonTarget	1	148168
578.9059817860658	n/a	NonTarget	1	148200
579.0309817281519	n/a	NonTarget	1	148232
579.1559816702379	n/a	NonTarget	1	148264
579.280981612324	n/a	NonTarget	1	148296
579.4059815544101	n/a	NonTarget	1	148328
579.5309814964961	n/a	NonTarget	1	148360
579.6559814385822	n/a	NonTarget	1	148392
579.7809813806682	n/a	NonTarget	1	148424
579.9059813227543	n/a	NonTarget	1	148456
580.0309812648404	n/a	NonTarget	1	148488
580.1559812069264	n/a	NonTarget	1	148520
580.2809811490125	n/a	NonTarget	1	148552
580.4059810910985	n/a	NonTarget	1	148584
580.5309810331846	n/a	NonTarget	1	148616
580.6559809752707	n/a	NonTarget	1	148648
580.7809809173567	n/a	NonTarget	1	148680
580.9059808594428	n/a	NonTarget	1	148712
581.0309808015288	n/a	NonTarget	1	148744
581.1559807436149	n/a	NonTarget	1	148776
581.280980685701	n/a	NonTarget	1	148808
581.405980627787	n/a	NonTarget	1	148840
581.5309805698731	n/a	NonTarget	1	148872
581.6559805119591	n/a	NonTarget	1	148904
581.7809804540452	n/a	NonTarget	1	148936
581.9059803961313	n/a	NonTarget	1	148968
582.0309803382173	n/a	NonTarget	1	149000
582.1559802803034	n/a	NonTarget	1	149032
582.2809802223894	n/a	NonTarget	1	149064
582.4059801644755	n/a	NonTarget	1	149096
582.5309801065616	n/a	NonTarget	1	149128
582.6559800486476	n/a	NonTarget	1	149160
582.7809799907337	n/a	NonTarget	1	149192
582.9059799328197	n/a	NonTarget	1	149224
583.0309798749058	n/a	NonTarget	1	149256
583.1559798169919	n/a	NonTarget	1	149288
583.2809797590779	n/a	NonTarget	1	149320
583.405979701164	n/a	NonTarget	1	149352
589.5309768633809	n/a	NonTarget	1	150920
589.655976805467	n/a	NonTarget	1	150952
589.780976747553	n/a	NonTarget	1	150984
589.9059766896391	n/a	NonTarget	1	151016
590.0309766317251	n/a	NonTarget	1	151048
590.1559765738112	n/a	NonTarget	1	151080
590.2809765158974	n/a	NonTarget	1	151112
590.4059764579833	n/a	NonTarget	1	151144
590.5309764000694	n/a	NonTarget	1	151176
590.6559763421554	n/a	NonTarget	1	151208
590.7809762842415	n/a	NonTarget	1	151240
590.9059762263277	n/a	NonTarget	1	151272
591.0309761684136	n/a	NonTarget	1	151304
591.1559761104998	n/a	NonTarget	1	151336
591.2809760525857	n/a	NonTarget	1	151368
591.4059759946718	n/a	NonTarget	1	151400
591.530975936758	n/a	NonTarget	1	151432
591.655975878844	n/a	NonTarget	1	151464
591.78097582093	n/a	NonTarget	1	151496
591.905975763016	n/a	NonTarget	1	151528
592.0309757051022	n/a	NonTarget	1	151560
592.1559756471883	n/a	NonTarget	1	151592
592.2809755892742	n/a	NonTarget	1	151624
592.4059755313604	n/a	NonTarget	1	151656
592.5309754734463	n/a	NonTarget	1	151688
592.6559754155325	n/a	NonTarget	1	151720
592.7809753576186	n/a	NonTarget	1	151752
592.9059752997046	n/a	NonTarget	1	151784
593.0309752417907	n/a	NonTarget	1	151816
593.1559751838766	n/a	NonTarget	1	151848
593.2809751259628	n/a	NonTarget	1	151880
593.4059750680489	n/a	NonTarget	1	151912
593.5309750101349	n/a	NonTarget	1	151944
593.655974952221	n/a	NonTarget	1	151976
593.780974894307	n/a	NonTarget	1	152008
593.905974836393	n/a	NonTarget	1	152040
594.030974778479	n/a	NonTarget	1	152072
594.1559747205652	n/a	NonTarget	1	152104
594.2809746626513	n/a	NonTarget	1	152136
594.4059746047373	n/a	NonTarget	1	152168
594.5309745468234	n/a	NonTarget	1	152200
594.6559744889094	n/a	NonTarget	1	152232
594.7809744309955	n/a	NonTarget	1	152264
594.9059743730816	n/a	NonTarget	1	152296
595.0309743151676	n/a	NonTarget	1	152328
595.1559742572537	n/a	NonTarget	1	152360
595.2809741993397	n/a	NonTarget	1	152392
595.4059741414258	n/a	NonTarget	1	152424
595.5309740835119	n/a	NonTarget	1	152456
595.6559740255979	n/a	NonTarget	1	152488
595.780973967684	n/a	NonTarget	1	152520
595.90597390977	n/a	NonTarget	1	152552
596.0309738518561	n/a	NonTarget	1	152584
596.1559737939422	n/a	NonTarget	1	152616
596.2809737360282	n/a	NonTarget	1	152648
596.4059736781143	n/a	NonTarget	1	152680
596.5309736202003	n/a	NonTarget	1	152712
596.6559735622864	n/a	NonTarget	1	152744
596.7809735043725	n/a	NonTarget	1	152776
596.9059734464585	n/a	NonTarget	1	152808
597.0309733885446	n/a	NonTarget	1	152840
597.1559733306306	n/a	NonTarget	1	152872
597.2809732727167	n/a	NonTarget	1	152904
597.4059732148028	n/a	NonTarget	1	152936
597.5309731568888	n/a	NonTarget	1	152968
597.6559730989749	n/a	NonTarget	1	153000
597.7809730410609	n/a	NonTarget	1	153032
597.905972983147	n/a	NonTarget	1	153064
598.0309729252331	n/a	NonTarget	1	153096
598.1559728673191	n/a	NonTarget	1	153128
598.2809728094052	n/a	NonTarget	1	153160
598.4059727514912	n/a	NonTarget	1	153192
604.5309699137082	n/a	NonTarget	1	154760
604.6559698557942	n/a	NonTarget	1	154792
604.7809697978803	n/a	NonTarget	1	154824
604.9059697399663	n/a	NonTarget	1	154856
605.0309696820524	n/a	NonTarget	1	154888
605.1559696241385	n/a	NonTarget	1	154920
605.2809695662245	n/a	NonTarget	1	154952
605.4059695083106	n/a	NonTarget	1	154984
605.5309694503966	n/a	NonTarget	1	155016
605.6559693924827	n/a	NonTarget	1	155048
605.7809693345688	n/a	NonTarget	1	155080
605.9059692766548	n/a	NonTarget	1	155112
606.0309692187409	n/a	NonTarget	1	155144
606.1559691608269	n/a	NonTarget	1	155176
606.280969102913	n/a	NonTarget	1	155208
606.4059690449991	n/a	NonTarget	1	155240
606.5309689870851	n/a	NonTarget	1	155272
606.6559689291712	n/a	NonTarget	1	155304
606.7809688712572	n/a	NonTarget	1	155336
606.9059688133433	n/a	NonTarget	1	155368
607.0309687554294	n/a	NonTarget	1	155400
607.1559686975154	n/a	NonTarget	1	155432
607.2809686396015	n/a	NonTarget	1	155464
607.4059685816875	n/a	NonTarget	1	155496
607.5309685237736	n/a	NonTarget	1	155528
607.6559684658597	n/a	NonTarget	1	155560
607.7809684079457	n/a	NonTarget	1	155592
607.9059683500318	n/a	NonTarget	1	155624
608.0309682921178	n/a	NonTarget	1	155656
608.1559682342039	n/a	NonTarget	1	155688
608.28096817629	n/a	NonTarget	1	155720
608.405968118376	n/a	NonTarget	1	155752
608.5309680604621	n/a	NonTarget	1	155784
608.6559680025481	n/a	NonTarget	1	155816
608.7809679446342	n/a	NonTarget	1	155848
608.9059678867203	n/a	NonTarget	1	155880
609.0309678288063	n/a	NonTarget	1	155912
609.1559677708924	n/a	NonTarget	1	155944
609.2809677129784	n/a	NonTarget	1	155976
609.4059676550645	n/a	NonTarget	1	156008
609.5309675971506	n/a	NonTarget	1	156040
609.6559675392366	n/a	NonTarget	1	156072
609.7809674813227	n/a	NonTarget	1	156104
609.9059674234087	n/a	NonTarget	1	156136
610.0309673654948	n/a	NonTarget	1	156168
610.1559673075809	n/a	NonTarget	1	156200
610.2809672496669	n/a	NonTarget	1	156232
610.405967191753	n/a	NonTarget	1	156264
610.530967133839	n/a	NonTarget	1	156296
610.6559670759251	n/a	NonTarget	1	156328
610.7809670180112	n/a	NonTarget	1	156360
610.9059669600972	n/a	NonTarget	1	156392
611.0309669021833	n/a	NonTarget	1	156424
611.1559668442693	n/a	NonTarget	1	156456
611.2809667863554	n/a	NonTarget	1	156488
611.4059667284415	n/a	NonTarget	1	156520
611.5309666705275	n/a	NonTarget	1	156552
611.6559666126136	n/a	NonTarget	1	156584
611.7809665546996	n/a	NonTarget	1	156616
611.9059664967857	n/a	NonTarget	1	156648
612.0309664388718	n/a	NonTarget	1	156680
612.1559663809578	n/a	NonTarget	1	156712
612.2809663230439	n/a	NonTarget	1	156744
612.4059662651299	n/a	NonTarget	1	156776
612.530966207216	n/a	NonTarget	1	156808
612.655966149302	n/a	NonTarget	1	156840
612.7809660913881	n/a	NonTarget	1	156872
612.9059660334742	n/a	NonTarget	1	156904
613.0309659755602	n/a	NonTarget	1	156936
613.1559659176463	n/a	NonTarget	1	156968
613.2809658597323	n/a	NonTarget	1	157000
613.4059658018184	n/a	NonTarget	1	157032
619.5309629640353	n/a	NonTarget	1	158600
619.6559629061214	n/a	NonTarget	1	158632
619.7809628482075	n/a	NonTarget	1	158664
619.9059627902935	n/a	NonTarget	1	158696
620.0309627323796	n/a	NonTarget	1	158728
620.1559626744656	n/a	NonTarget	1	158760
620.2809626165517	n/a	NonTarget	1	158792
620.4059625586378	n/a	NonTarget	1	158824
620.5309625007238	n/a	NonTarget	1	158856
620.6559624428099	n/a	NonTarget	1	158888
620.7809623848959	n/a	NonTarget	1	158920
620.905962326982	n/a	NonTarget	1	158952
621.0309622690681	n/a	NonTarget	1	158984
621.1559622111541	n/a	NonTarget	1	159016
621.2809621532402	n/a	NonTarget	1	159048
621.4059620953262	n/a	NonTarget	1	159080
621.5309620374123	n/a	NonTarget	1	159112
621.6559619794984	n/a	NonTarget	1	159144
621.7809619215844	n/a	NonTarget	1	159176
621.9059618636705	n/a	NonTarget	1	159208
622.0309618057565	n/a	NonTarget	1	159240
622.1559617478426	n/a	NonTarget	1	159272
622.2809616899286	n/a	NonTarget	1	159304
622.4059616320147	n/a	NonTarget	1	159336
622.5309615741008	n/a	NonTarget	1	159368
622.6559615161868	n/a	NonTarget	1	159400
622.7809614582729	n/a	NonTarget	1	159432
622.9059614003589	n/a	NonTarget	1	159464
623.030961342445	n/a	NonTarget	1	159496
623.1559612845311	n/a	NonTarget	1	159528
623.2809612266171	n/a	NonTarget	1	159560
623.4059611687032	n/a	NonTarget	1	159592
623.5309611107892	n/a	NonTarget	1	159624
623.6559610528753	n/a	NonTarget	1	159656
623.7809609949614	n/a	NonTarget	1	159688
623.9059609370474	n/a	NonTarget	1	159720
624.0309608791335	n/a	NonTarget	1	159752
624.1559608212195	n/a	NonTarget	1	159784
624.2809607633056	n/a	NonTarget	1	159816
624.4059607053917	n/a	NonTarget	1	159848
624.5309606474777	n/a	NonTarget	1	159880
624.6559605895638	n/a	NonTarget	1	159912
624.7809605316498	n/a	NonTarget	1	159944
624.905960473736	n/a	NonTarget	1	159976
625.030960415822	n/a	NonTarget	1	160008
625.155960357908	n/a	NonTarget	1	160040
625.2809602999941	n/a	NonTarget	1	160072
625.4059602420801	n/a	NonTarget	1	160104
625.5309601841662	n/a	NonTarget	1	160136
625.6559601262524	n/a	NonTarget	1	160168
625.7809600683383	n/a	NonTarget	1	160200
625.9059600104245	n/a	NonTarget	1	160232
626.0309599525104	n/a	NonTarget	1	160264
626.1559598945965	n/a	NonTarget	1	160296
626.2809598366827	n/a	NonTarget	1	160328
626.4059597787686	n/a	NonTarget	1	160360
626.5309597208548	n/a	NonTarget	1	160392
626.6559596629407	n/a	NonTarget	1	160424
626.7809596050269	n/a	NonTarget	1	160456
626.905959547113	n/a	NonTarget	1	160488
627.030959489199	n/a	NonTarget	1	160520
627.155959431285	n/a	NonTarget	1	160552
627.280959373371	n/a	NonTarget	1	160584
627.4059593154572	n/a	NonTarget	1	160616
627.5309592575433	n/a	NonTarget	1	160648
627.6559591996293	n/a	NonTarget	1	160680
627.7809591417154	n/a	NonTarget	1	160712
627.9059590838013	n/a	NonTarget	1	160744
628.0309590258875	n/a	NonTarget	1	160776
628.1559589679736	n/a	NonTarget	1	160808
628.2809589100596	n/a	NonTarget	1	160840
628.4059588521457	n/a	NonTarget	1	160872
634.5309560143626	n/a	NonTarget	1	162440
634.6559559564487	n/a	NonTarget	1	162472
634.7809558985347	n/a	NonTarget	1	162504
634.9059558406208	n/a	NonTarget	1	162536
635.0309557827068	n/a	NonTarget	1	162568
635.1559557247929	n/a	NonTarget	1	162600
635.280955666879	n/a	NonTarget	1	162632
635.405955608965	n/a	NonTarget	1	162664
635.5309555510511	n/a	NonTarget	1	162696
635.6559554931371	n/a	NonTarget	1	162728
635.7809554352232	n/a	NonTarget	1	162760
635.9059553773093	n/a	NonTarget	1	162792
636.0309553193953	n/a	NonTarget	1	162824
636.1559552614814	n/a	NonTarget	1	162856
636.2809552035674	n/a	NonTarget	1	162888
636.4059551456535	n/a	NonTarget	1	162920
636.5309550877396	n/a	NonTarget	1	162952
636.6559550298256	n/a	NonTarget	1	162984
636.7809549719117	n/a	NonTarget	1	163016
636.9059549139977	n/a	NonTarget	1	163048
637.0309548560838	n/a	NonTarget	1	163080
637.1559547981699	n/a	NonTarget	1	163112
637.2809547402559	n/a	NonTarget	1	163144
637.405954682342	n/a	NonTarget	1	163176
637.530954624428	n/a	NonTarget	1	163208
637.6559545665141	n/a	NonTarget	1	163240
637.7809545086002	n/a	NonTarget	1	163272
637.9059544506862	n/a	NonTarget	1	163304
638.0309543927723	n/a	NonTarget	1	163336
638.1559543348583	n/a	NonTarget	1	163368
638.2809542769444	n/a	NonTarget	1	163400
638.4059542190305	n/a	NonTarget	1	163432
638.5309541611165	n/a	NonTarget	1	163464
638.6559541032026	n/a	NonTarget	1	163496
638.7809540452886	n/a	NonTarget	1	163528
638.9059539873747	n/a	NonTarget	1	163560
639.0309539294608	n/a	NonTarget	1	163592
639.1559538715468	n/a	NonTarget	1	163624
639.2809538136329	n/a	NonTarget	1	163656
639.4059537557189	n/a	NonTarget	1	163688
639.530953697805	n/a	NonTarget	1	163720
639.6559536398911	n/a	NonTarget	1	163752
639.7809535819771	n/a	NonTarget	1	163784
639.9059535240632	n/a	NonTarget	1	163816
640.0309534661492	n/a	NonTarget	1	163848
640.1559534082353	n/a	NonTarget	1	163880
640.2809533503214	n/a	NonTarget	1	163912
640.4059532924074	n/a	NonTarget	1	163944
640.5309532344935	n/a	NonTarget	1	163976
640.6559531765795	n/a	NonTarget	1	164008
640.7809531186656	n/a	NonTarget	1	164040
640.9059530607516	n/a	NonTarget	1	164072
641.0309530028377	n/a	NonTarget	1	164104
641.1559529449238	n/a	NonTarget	1	164136
641.2809528870098	n/a	NonTarget	1	164168
641.4059528290959	n/a	NonTarget	1	164200
641.5309527711819	n/a	NonTarget	1	164232
641.655952713268	n/a	NonTarget	1	164264
641.7809526553541	n/a	NonTarget	1	164296
641.9059525974401	n/a	NonTarget	1	164328
642.0309525395262	n/a	NonTarget	1	164360
642.1559524816122	n/a	NonTarget	1	164392
642.2809524236983	n/a	NonTarget	1	164424
642.4059523657844	n/a	NonTarget	1	164456
642.5309523078704	n/a	NonTarget	1	164488
642.6559522499565	n/a	NonTarget	1	164520
642.7809521920425	n/a	NonTarget	1	164552
642.9059521341286	n/a	NonTarget	1	164584
643.0309520762147	n/a	NonTarget	1	164616
643.1559520183007	n/a	NonTarget	1	164648
643.2809519603868	n/a	NonTarget	1	164680
643.4059519024728	n/a	NonTarget	1	164712
649.5309490646898	n/a	NonTarget	1	166280
649.6559490067758	n/a	NonTarget	1	166312
649.7809489488619	n/a	NonTarget	1	166344
649.905948890948	n/a	NonTarget	1	166376
650.030948833034	n/a	NonTarget	1	166408
650.1559487751201	n/a	NonTarget	1	166440
650.2809487172061	n/a	NonTarget	1	166472
650.4059486592922	n/a	NonTarget	1	166504
650.5309486013782	n/a	NonTarget	1	166536
650.6559485434643	n/a	NonTarget	1	166568
650.7809484855504	n/a	NonTarget	1	166600
650.9059484276364	n/a	NonTarget	1	166632
651.0309483697225	n/a	NonTarget	1	166664
651.1559483118085	n/a	NonTarget	1	166696
651.2809482538946	n/a	NonTarget	1	166728
651.4059481959807	n/a	NonTarget	1	166760
651.5309481380667	n/a	NonTarget	1	166792
651.6559480801528	n/a	NonTarget	1	166824
651.7809480222388	n/a	NonTarget	1	166856
651.9059479643249	n/a	NonTarget	1	166888
652.030947906411	n/a	NonTarget	1	166920
652.155947848497	n/a	NonTarget	1	166952
652.2809477905831	n/a	NonTarget	1	166984
652.4059477326691	n/a	NonTarget	1	167016
652.5309476747552	n/a	NonTarget	1	167048
652.6559476168413	n/a	NonTarget	1	167080
652.7809475589273	n/a	NonTarget	1	167112
652.9059475010134	n/a	NonTarget	1	167144
653.0309474430994	n/a	NonTarget	1	167176
653.1559473851855	n/a	NonTarget	1	167208
653.2809473272716	n/a	NonTarget	1	167240
653.4059472693576	n/a	NonTarget	1	167272
653.5309472114437	n/a	NonTarget	1	167304
653.6559471535297	n/a	NonTarget	1	167336
653.7809470956158	n/a	NonTarget	1	167368
653.9059470377019	n/a	NonTarget	1	167400
654.0309469797879	n/a	NonTarget	1	167432
654.155946921874	n/a	NonTarget	1	167464
654.28094686396	n/a	NonTarget	1	167496
654.4059468060461	n/a	NonTarget	1	167528
654.5309467481322	n/a	NonTarget	1	167560
654.6559466902182	n/a	NonTarget	1	167592
654.7809466323043	n/a	NonTarget	1	167624
654.9059465743903	n/a	NonTarget	1	167656
655.0309465164764	n/a	NonTarget	1	167688
655.1559464585625	n/a	NonTarget	1	167720
655.2809464006485	n/a	NonTarget	1	167752
655.4059463427346	n/a	NonTarget	1	167784
655.5309462848206	n/a	NonTarget	1	167816
655.6559462269067	n/a	NonTarget	1	167848
655.7809461689928	n/a	NonTarget	1	167880
655.9059461110788	n/a	NonTarget	1	167912
656.0309460531649	n/a	NonTarget	1	167944
656.1559459952509	n/a	NonTarget	1	167976
656.280945937337	n/a	NonTarget	1	168008
656.4059458794231	n/a	NonTarget	1	168040
656.5309458215091	n/a	NonTarget	1	168072
656.6559457635952	n/a	NonTarget	1	168104
656.7809457056812	n/a	NonTarget	1	168136
656.9059456477673	n/a	NonTarget	1	168168
657.0309455898534	n/a	NonTarget	1	168200
657.1559455319394	n/a	NonTarget	1	168232
657.2809454740255	n/a	NonTarget	1	168264
657.4059454161115	n/a	NonTarget	1	168296
657.5309453581976	n/a	NonTarget	1	168328
657.6559453002837	n/a	NonTarget	1	168360
657.7809452423697	n/a	NonTarget	1	168392
657.9059451844558	n/a	NonTarget	1	168424
658.0309451265418	n/a	NonTarget	1	168456
658.155945068628	n/a	NonTarget	1	168488
658.280945010714	n/a	NonTarget	1	168520
658.4059449528	n/a	NonTarget	1	168552
664.530942115017	n/a	NonTarget	1	170120
664.6559420571031	n/a	NonTarget	1	170152
664.7809419991892	n/a	NonTarget	1	170184
664.9059419412752	n/a	NonTarget	1	170216
665.0309418833613	n/a	NonTarget	1	170248
665.1559418254473	n/a	NonTarget	1	170280
665.2809417675334	n/a	NonTarget	1	170312
665.4059417096195	n/a	NonTarget	1	170344
665.5309416517055	n/a	NonTarget	1	170376
665.6559415937916	n/a	NonTarget	1	170408
665.7809415358776	n/a	NonTarget	1	170440
665.9059414779637	n/a	NonTarget	1	170472
666.0309414200498	n/a	NonTarget	1	170504
666.1559413621358	n/a	NonTarget	1	170536
666.2809413042219	n/a	NonTarget	1	170568
666.4059412463079	n/a	NonTarget	1	170600
666.530941188394	n/a	NonTarget	1	170632
666.6559411304801	n/a	NonTarget	1	170664
666.7809410725661	n/a	NonTarget	1	170696
666.9059410146522	n/a	NonTarget	1	170728
667.0309409567382	n/a	NonTarget	1	170760
667.1559408988243	n/a	NonTarget	1	170792
667.2809408409104	n/a	NonTarget	1	170824
667.4059407829964	n/a	NonTarget	1	170856
667.5309407250825	n/a	NonTarget	1	170888
667.6559406671685	n/a	NonTarget	1	170920
667.7809406092546	n/a	NonTarget	1	170952
667.9059405513407	n/a	NonTarget	1	170984
668.0309404934267	n/a	NonTarget	1	171016
668.1559404355128	n/a	NonTarget	1	171048
668.2809403775988	n/a	NonTarget	1	171080
668.4059403196849	n/a	NonTarget	1	171112
668.530940261771	n/a	NonTarget	1	171144
668.655940203857	n/a	NonTarget	1	171176
668.7809401459431	n/a	NonTarget	1	171208
668.9059400880291	n/a	NonTarget	1	171240
669.0309400301152	n/a	NonTarget	1	171272
669.1559399722012	n/a	NonTarget	1	171304
669.2809399142873	n/a	NonTarget	1	171336
669.4059398563734	n/a	NonTarget	1	171368
669.5309397984594	n/a	NonTarget	1	171400
669.6559397405455	n/a	NonTarget	1	171432
669.7809396826315	n/a	NonTarget	1	171464
669.9059396247176	n/a	NonTarget	1	171496
670.0309395668037	n/a	NonTarget	1	171528
670.1559395088897	n/a	NonTarget	1	171560
670.2809394509758	n/a	NonTarget	1	171592
670.4059393930618	n/a	NonTarget	1	171624
670.5309393351479	n/a	NonTarget	1	171656
670.655939277234	n/a	NonTarget	1	171688
670.78093921932	n/a	NonTarget	1	171720
670.9059391614061	n/a	NonTarget	1	171752
671.0309391034921	n/a	NonTarget	1	171784
671.1559390455782	n/a	NonTarget	1	171816
671.2809389876643	n/a	NonTarget	1	171848
671.4059389297503	n/a	NonTarget	1	171880
671.5309388718364	n/a	NonTarget	1	171912
671.6559388139224	n/a	NonTarget	1	171944
671.7809387560085	n/a	NonTarget	1	171976
671.9059386980946	n/a	NonTarget	1	172008
672.0309386401806	n/a	NonTarget	1	172040
672.1559385822667	n/a	NonTarget	1	172072
672.2809385243527	n/a	NonTarget	1	172104
672.4059384664388	n/a	NonTarget	1	172136
672.5309384085249	n/a	NonTarget	1	172168
672.6559383506109	n/a	NonTarget	1	172200
672.780938292697	n/a	NonTarget	1	172232
672.905938234783	n/a	NonTarget	1	172264
673.0309381768691	n/a	NonTarget	1	172296
673.1559381189552	n/a	NonTarget	1	172328
673.2809380610412	n/a	NonTarget	1	172360
673.4059380031273	n/a	NonTarget	1	172392
679.5309351653442	n/a	NonTarget	1	173960
679.6559351074303	n/a	NonTarget	1	173992
679.7809350495163	n/a	NonTarget	1	174024
679.9059349916024	n/a	NonTarget	1	174056
680.0309349336884	n/a	NonTarget	1	174088
680.1559348757745	n/a	NonTarget	1	174120
680.2809348178606	n/a	NonTarget	1	174152
680.4059347599466	n/a	NonTarget	1	174184
680.5309347020327	n/a	NonTarget	1	174216
680.6559346441187	n/a	NonTarget	1	174248
680.7809345862048	n/a	NonTarget	1	174280
680.9059345282909	n/a	NonTarget	1	174312
681.0309344703769	n/a	NonTarget	1	174344
681.155934412463	n/a	NonTarget	1	174376
681.280934354549	n/a	NonTarget	1	174408
681.4059342966351	n/a	NonTarget	1	174440
681.5309342387212	n/a	NonTarget	1	174472
681.6559341808072	n/a	NonTarget	1	174504
681.7809341228933	n/a	NonTarget	1	174536
681.9059340649793	n/a	NonTarget	1	174568
682.0309340070654	n/a	NonTarget	1	174600
682.1559339491515	n/a	NonTarget	1	174632
682.2809338912375	n/a	NonTarget	1	174664
682.4059338333236	n/a	NonTarget	1	174696
682.5309337754096	n/a	NonTarget	1	174728
682.6559337174957	n/a	NonTarget	1	174760
682.7809336595818	n/a	NonTarget	1	174792
682.9059336016678	n/a	NonTarget	1	174824
683.0309335437539	n/a	NonTarget	1	174856
683.1559334858399	n/a	NonTarget	1	174888
683.280933427926	n/a	NonTarget	1	174920
683.4059333700121	n/a	NonTarget	1	174952
683.5309333120981	n/a	NonTarget	1	174984
683.6559332541842	n/a	NonTarget	1	175016
683.7809331962702	n/a	NonTarget	1	175048
683.9059331383563	n/a	NonTarget	1	175080
684.0309330804424	n/a	NonTarget	1	175112
684.1559330225284	n/a	NonTarget	1	175144
684.2809329646145	n/a	NonTarget	1	175176
684.4059329067005	n/a	NonTarget	1	175208
684.5309328487866	n/a	NonTarget	1	175240
684.6559327908727	n/a	NonTarget	1	175272
684.7809327329587	n/a	NonTarget	1	175304
684.9059326750448	n/a	NonTarget	1	175336
685.0309326171308	n/a	NonTarget	1	175368
685.1559325592169	n/a	NonTarget	1	175400
685.280932501303	n/a	NonTarget	1	175432
685.405932443389	n/a	NonTarget	1	175464
685.5309323854751	n/a	NonTarget	1	175496
685.6559323275611	n/a	NonTarget	1	175528
685.7809322696472	n/a	NonTarget	1	175560
685.9059322117333	n/a	NonTarget	1	175592
686.0309321538193	n/a	NonTarget	1	175624
686.1559320959054	n/a	NonTarget	1	175656
686.2809320379914	n/a	NonTarget	1	175688
686.4059319800775	n/a	NonTarget	1	175720
686.5309319221636	n/a	NonTarget	1	175752
686.6559318642496	n/a	NonTarget	1	175784
686.7809318063357	n/a	NonTarget	1	175816
686.9059317484217	n/a	NonTarget	1	175848
687.0309316905078	n/a	NonTarget	1	175880
687.1559316325939	n/a	NonTarget	1	175912
687.2809315746799	n/a	NonTarget	1	175944
687.405931516766	n/a	NonTarget	1	175976
687.530931458852	n/a	NonTarget	1	176008
687.6559314009381	n/a	NonTarget	1	176040
687.7809313430242	n/a	NonTarget	1	176072
687.9059312851102	n/a	NonTarget	1	176104
688.0309312271963	n/a	NonTarget	1	176136
688.1559311692823	n/a	NonTarget	1	176168
688.2809311113684	n/a	NonTarget	1	176200
688.4059310534544	n/a	NonTarget	1	176232
694.5309282156715	n/a	NonTarget	1	177800
694.6559281577574	n/a	NonTarget	1	177832
694.7809280998435	n/a	NonTarget	1	177864
694.9059280419297	n/a	NonTarget	1	177896
695.0309279840156	n/a	NonTarget	1	177928
695.1559279261018	n/a	NonTarget	1	177960
695.2809278681877	n/a	NonTarget	1	177992
695.4059278102739	n/a	NonTarget	1	178024
695.53092775236	n/a	NonTarget	1	178056
695.655927694446	n/a	NonTarget	1	178088
695.780927636532	n/a	NonTarget	1	178120
695.905927578618	n/a	NonTarget	1	178152
696.0309275207042	n/a	NonTarget	1	178184
696.1559274627903	n/a	NonTarget	1	178216
696.2809274048763	n/a	NonTarget	1	178248
696.4059273469624	n/a	NonTarget	1	178280
696.5309272890483	n/a	NonTarget	1	178312
696.6559272311345	n/a	NonTarget	1	178344
696.7809271732206	n/a	NonTarget	1	178376
696.9059271153066	n/a	NonTarget	1	178408
697.0309270573927	n/a	NonTarget	1	178440
697.1559269994787	n/a	NonTarget	1	178472
697.2809269415648	n/a	NonTarget	1	178504
697.4059268836507	n/a	NonTarget	1	178536
697.5309268257369	n/a	NonTarget	1	178568
697.655926767823	n/a	NonTarget	1	178600
697.780926709909	n/a	NonTarget	1	178632
697.9059266519951	n/a	NonTarget	1	178664
698.030926594081	n/a	NonTarget	1	178696
698.1559265361672	n/a	NonTarget	1	178728
698.2809264782533	n/a	NonTarget	1	178760
698.4059264203393	n/a	NonTarget	1	178792
698.5309263624254	n/a	NonTarget	1	178824
698.6559263045114	n/a	NonTarget	1	178856
698.7809262465975	n/a	NonTarget	1	178888
698.9059261886836	n/a	NonTarget	1	178920
699.0309261307696	n/a	NonTarget	1	178952
699.1559260728557	n/a	NonTarget	1	178984
699.2809260149417	n/a	NonTarget	1	179016
699.4059259570278	n/a	NonTarget	1	179048
699.5309258991139	n/a	NonTarget	1	179080
699.6559258411999	n/a	NonTarget	1	179112
699.780925783286	n/a	NonTarget	1	179144
699.905925725372	n/a	NonTarget	1	179176
700.0309256674581	n/a	NonTarget	1	179208
700.1559256095442	n/a	NonTarget	1	179240
700.2809255516302	n/a	NonTarget	1	179272
700.4059254937163	n/a	NonTarget	1	179304
700.5309254358023	n/a	NonTarget	1	179336
700.6559253778884	n/a	NonTarget	1	179368
700.7809253199745	n/a	NonTarget	1	179400
700.9059252620605	n/a	NonTarget	1	179432
701.0309252041466	n/a	NonTarget	1	179464
701.1559251462326	n/a	NonTarget	1	179496
701.2809250883187	n/a	NonTarget	1	179528
701.4059250304048	n/a	NonTarget	1	179560
701.5309249724908	n/a	NonTarget	1	179592
701.6559249145769	n/a	NonTarget	1	179624
701.7809248566629	n/a	NonTarget	1	179656
701.905924798749	n/a	NonTarget	1	179688
702.0309247408351	n/a	NonTarget	1	179720
702.1559246829211	n/a	NonTarget	1	179752
702.2809246250072	n/a	NonTarget	1	179784
702.4059245670932	n/a	NonTarget	1	179816
702.5309245091793	n/a	NonTarget	1	179848
702.6559244512654	n/a	NonTarget	1	179880
702.7809243933514	n/a	NonTarget	1	179912
702.9059243354375	n/a	NonTarget	1	179944
703.0309242775235	n/a	NonTarget	1	179976
703.1559242196096	n/a	NonTarget	1	180008
703.2809241616957	n/a	NonTarget	1	180040
703.4059241037817	n/a	NonTarget	1	180072
709.5309212659986	n/a	NonTarget	1	181640
709.6559212080847	n/a	NonTarget	1	181672
709.7809211501708	n/a	NonTarget	1	181704
709.9059210922568	n/a	NonTarget	1	181736
710.0309210343429	n/a	NonTarget	1	181768
710.1559209764289	n/a	NonTarget	1	181800
710.280920918515	n/a	NonTarget	1	181832
710.4059208606011	n/a	NonTarget	1	181864
710.5309208026871	n/a	NonTarget	1	181896
710.6559207447732	n/a	NonTarget	1	181928
710.7809206868592	n/a	NonTarget	1	181960
710.9059206289453	n/a	NonTarget	1	181992
711.0309205710314	n/a	NonTarget	1	182024
711.1559205131174	n/a	NonTarget	1	182056
711.2809204552035	n/a	NonTarget	1	182088
711.4059203972895	n/a	NonTarget	1	182120
711.5309203393756	n/a	NonTarget	1	182152
711.6559202814617	n/a	NonTarget	1	182184
711.7809202235477	n/a	NonTarget	1	182216
711.9059201656338	n/a	NonTarget	1	182248
712.0309201077198	n/a	NonTarget	1	182280
712.1559200498059	n/a	NonTarget	1	182312
712.280919991892	n/a	NonTarget	1	182344
712.405919933978	n/a	NonTarget	1	182376
712.5309198760641	n/a	NonTarget	1	182408
712.6559198181501	n/a	NonTarget	1	182440
712.7809197602362	n/a	NonTarget	1	182472
712.9059197023223	n/a	NonTarget	1	182504
713.0309196444083	n/a	NonTarget	1	182536
713.1559195864944	n/a	NonTarget	1	182568
713.2809195285804	n/a	NonTarget	1	182600
713.4059194706665	n/a	NonTarget	1	182632
713.5309194127526	n/a	NonTarget	1	182664
713.6559193548386	n/a	NonTarget	1	182696
713.7809192969247	n/a	NonTarget	1	182728
713.9059192390107	n/a	NonTarget	1	182760
714.0309191810968	n/a	NonTarget	1	182792
714.1559191231829	n/a	NonTarget	1	182824
714.2809190652689	n/a	NonTarget	1	182856
714.405919007355	n/a	NonTarget	1	182888
714.530918949441	n/a	NonTarget	1	182920
714.6559188915271	n/a	NonTarget	1	182952
714.7809188336132	n/a	NonTarget	1	182984
714.9059187756992	n/a	NonTarget	1	183016
715.0309187177853	n/a	NonTarget	1	183048
715.1559186598713	n/a	NonTarget	1	183080
715.2809186019574	n/a	NonTarget	1	183112
715.4059185440435	n/a	NonTarget	1	183144
715.5309184861295	n/a	NonTarget	1	183176
715.6559184282156	n/a	NonTarget	1	183208
715.7809183703016	n/a	NonTarget	1	183240
715.9059183123877	n/a	NonTarget	1	183272
716.0309182544738	n/a	NonTarget	1	183304
716.1559181965598	n/a	NonTarget	1	183336
716.2809181386459	n/a	NonTarget	1	183368
716.4059180807319	n/a	NonTarget	1	183400
716.530918022818	n/a	NonTarget	1	183432
716.655917964904	n/a	NonTarget	1	183464
716.7809179069901	n/a	NonTarget	1	183496
716.9059178490762	n/a	NonTarget	1	183528
717.0309177911622	n/a	NonTarget	1	183560
717.1559177332483	n/a	NonTarget	1	183592
717.2809176753343	n/a	NonTarget	1	183624
717.4059176174204	n/a	NonTarget	1	183656
717.5309175595065	n/a	NonTarget	1	183688
717.6559175015925	n/a	NonTarget	1	183720
717.7809174436786	n/a	NonTarget	1	183752
717.9059173857646	n/a	NonTarget	1	183784
718.0309173278507	n/a	NonTarget	1	183816
718.1559172699368	n/a	NonTarget	1	183848
718.2809172120228	n/a	NonTarget	1	183880
718.4059171541089	n/a	NonTarget	1	183912
724.5309143163258	n/a	NonTarget	1	185480
724.6559142584119	n/a	NonTarget	1	185512
724.7809142004979	n/a	NonTarget	1	185544
724.905914142584	n/a	NonTarget	1	185576
725.0309140846701	n/a	NonTarget	1	185608
725.1559140267561	n/a	NonTarget	1	185640
725.2809139688422	n/a	NonTarget	1	185672
725.4059139109282	n/a	NonTarget	1	185704
725.5309138530143	n/a	NonTarget	1	185736
725.6559137951003	n/a	NonTarget	1	185768
725.7809137371864	n/a	NonTarget	1	185800
725.9059136792725	n/a	NonTarget	1	185832
726.0309136213585	n/a	NonTarget	1	185864
726.1559135634446	n/a	NonTarget	1	185896
726.2809135055306	n/a	NonTarget	1	185928
726.4059134476167	n/a	NonTarget	1	185960
726.5309133897028	n/a	NonTarget	1	185992
726.6559133317888	n/a	NonTarget	1	186024
726.780913273875	n/a	NonTarget	1	186056
726.9059132159609	n/a	NonTarget	1	186088
727.030913158047	n/a	NonTarget	1	186120
727.1559131001331	n/a	NonTarget	1	186152
727.2809130422191	n/a	NonTarget	1	186184
727.4059129843052	n/a	NonTarget	1	186216
727.5309129263912	n/a	NonTarget	1	186248
727.6559128684773	n/a	NonTarget	1	186280
727.7809128105634	n/a	NonTarget	1	186312
727.9059127526494	n/a	NonTarget	1	186344
728.0309126947355	n/a	NonTarget	1	186376
728.1559126368215	n/a	NonTarget	1	186408
728.2809125789076	n/a	NonTarget	1	186440
728.4059125209938	n/a	NonTarget	1	186472
728.5309124630797	n/a	NonTarget	1	186504
728.6559124051659	n/a	NonTarget	1	186536
728.7809123472518	n/a	NonTarget	1	186568
728.905912289338	n/a	NonTarget	1	186600
729.030912231424	n/a	NonTarget	1	186632
729.15591217351	n/a	NonTarget	1	186664
729.2809121155962	n/a	NonTarget	1	186696
729.4059120576821	n/a	NonTarget	1	186728
729.5309119997683	n/a	NonTarget	1	186760
729.6559119418544	n/a	NonTarget	1	186792
729.7809118839403	n/a	NonTarget	1	186824
729.9059118260265	n/a	NonTarget	1	186856
730.0309117681124	n/a	NonTarget	1	186888
730.1559117101986	n/a	NonTarget	1	186920
730.2809116522847	n/a	NonTarget	1	186952
730.4059115943707	n/a	NonTarget	1	186984
730.5309115364568	n/a	NonTarget	1	187016
730.6559114785427	n/a	NonTarget	1	187048
730.7809114206289	n/a	NonTarget	1	187080
730.905911362715	n/a	NonTarget	1	187112
731.030911304801	n/a	NonTarget	1	187144
731.1559112468871	n/a	NonTarget	1	187176
731.280911188973	n/a	NonTarget	1	187208
731.4059111310592	n/a	NonTarget	1	187240
731.5309110731453	n/a	NonTarget	1	187272
731.6559110152313	n/a	NonTarget	1	187304
731.7809109573174	n/a	NonTarget	1	187336
731.9059108994034	n/a	NonTarget	1	187368
732.0309108414895	n/a	NonTarget	1	187400
732.1559107835756	n/a	NonTarget	1	187432
732.2809107256616	n/a	NonTarget	1	187464
732.4059106677477	n/a	NonTarget	1	187496
732.5309106098337	n/a	NonTarget	1	187528
732.6559105519198	n/a	NonTarget	1	187560
732.7809104940059	n/a	NonTarget	1	187592
732.9059104360919	n/a	NonTarget	1	187624
733.030910378178	n/a	NonTarget	1	187656
733.155910320264	n/a	NonTarget	1	187688
733.2809102623501	n/a	NonTarget	1	187720
733.4059102044362	n/a	NonTarget	1	187752
739.5309073666531	n/a	NonTarget	1	189320
739.6559073087391	n/a	NonTarget	1	189352
739.7809072508252	n/a	NonTarget	1	189384
739.9059071929113	n/a	NonTarget	1	189416
740.0309071349973	n/a	NonTarget	1	189448
740.1559070770834	n/a	NonTarget	1	189480
740.2809070191694	n/a	NonTarget	1	189512
740.4059069612555	n/a	NonTarget	1	189544
740.5309069033416	n/a	NonTarget	1	189576
740.6559068454276	n/a	NonTarget	1	189608
740.7809067875137	n/a	NonTarget	1	189640
740.9059067295997	n/a	NonTarget	1	189672
741.0309066716858	n/a	NonTarget	1	189704
741.1559066137719	n/a	NonTarget	1	189736
741.2809065558579	n/a	NonTarget	1	189768
741.405906497944	n/a	NonTarget	1	189800
741.53090644003	n/a	NonTarget	1	189832
741.6559063821161	n/a	NonTarget	1	189864
741.7809063242022	n/a	NonTarget	1	189896
741.9059062662882	n/a	NonTarget	1	189928
742.0309062083743	n/a	NonTarget	1	189960
742.1559061504603	n/a	NonTarget	1	189992
742.2809060925464	n/a	NonTarget	1	190024
742.4059060346325	n/a	NonTarget	1	190056
742.5309059767185	n/a	NonTarget	1	190088
742.6559059188046	n/a	NonTarget	1	190120
742.7809058608906	n/a	NonTarget	1	190152
742.9059058029767	n/a	NonTarget	1	190184
743.0309057450628	n/a	NonTarget	1	190216
743.1559056871488	n/a	NonTarget	1	190248
743.2809056292349	n/a	NonTarget	1	190280
743.4059055713209	n/a	NonTarget	1	190312
743.530905513407	n/a	NonTarget	1	190344
743.6559054554931	n/a	NonTarget	1	190376
743.7809053975791	n/a	NonTarget	1	190408
743.9059053396652	n/a	NonTarget	1	190440
744.0309052817512	n/a	NonTarget	1	190472
744.1559052238373	n/a	NonTarget	1	190504
744.2809051659234	n/a	NonTarget	1	190536
744.4059051080094	n/a	NonTarget	1	190568
744.5309050500955	n/a	NonTarget	1	190600
744.6559049921815	n/a	NonTarget	1	190632
744.7809049342676	n/a	NonTarget	1	190664
744.9059048763536	n/a	NonTarget	1	190696
745.0309048184397	n/a	NonTarget	1	190728
745.1559047605258	n/a	NonTarget	1	190760
745.2809047026118	n/a	NonTarget	1	190792
745.4059046446979	n/a	NonTarget	1	190824
745.5309045867839	n/a	NonTarget	1	190856
745.65590452887	n/a	NonTarget	1	190888
745.7809044709561	n/a	NonTarget	1	190920
745.9059044130421	n/a	NonTarget	1	190952
746.0309043551282	n/a	NonTarget	1	190984
746.1559042972142	n/a	NonTarget	1	191016
746.2809042393003	n/a	NonTarget	1	191048
746.4059041813864	n/a	NonTarget	1	191080
746.5309041234724	n/a	NonTarget	1	191112
746.6559040655585	n/a	NonTarget	1	191144
746.7809040076445	n/a	NonTarget	1	191176
746.9059039497306	n/a	NonTarget	1	191208
747.0309038918167	n/a	NonTarget	1	191240
747.1559038339027	n/a	NonTarget	1	191272
747.2809037759888	n/a	NonTarget	1	191304
747.4059037180748	n/a	NonTarget	1	191336
747.5309036601609	n/a	NonTarget	1	191368
747.655903602247	n/a	NonTarget	1	191400
747.780903544333	n/a	NonTarget	1	191432
747.9059034864191	n/a	NonTarget	1	191464
748.0309034285051	n/a	NonTarget	1	191496
748.1559033705912	n/a	NonTarget	1	191528
748.2809033126773	n/a	NonTarget	1	191560
748.4059032547633	n/a	NonTarget	1	191592
754.5309004169802	n/a	NonTarget	1	193160
754.6559003590663	n/a	NonTarget	1	193192
754.7809003011524	n/a	NonTarget	1	193224
754.9059002432384	n/a	NonTarget	1	193256
755.0309001853245	n/a	NonTarget	1	193288
755.1559001274105	n/a	NonTarget	1	193320
755.2809000694966	n/a	NonTarget	1	193352
755.4059000115827	n/a	NonTarget	1	193384
755.5308999536687	n/a	NonTarget	1	193416
755.6558998957548	n/a	NonTarget	1	193448
755.7808998378408	n/a	NonTarget	1	193480
755.9058997799269	n/a	NonTarget	1	193512
756.030899722013	n/a	NonTarget	1	193544
756.155899664099	n/a	NonTarget	1	193576
756.2808996061851	n/a	NonTarget	1	193608
756.4058995482711	n/a	NonTarget	1	193640
756.5308994903572	n/a	NonTarget	1	193672
756.6558994324433	n/a	NonTarget	1	193704
756.7808993745293	n/a	NonTarget	1	193736
756.9058993166154	n/a	NonTarget	1	193768
757.0308992587014	n/a	NonTarget	1	193800
757.1558992007875	n/a	NonTarget	1	193832
757.2808991428736	n/a	NonTarget	1	193864
757.4058990849596	n/a	NonTarget	1	193896
757.5308990270457	n/a	NonTarget	1	193928
757.6558989691317	n/a	NonTarget	1	193960
757.7808989112178	n/a	NonTarget	1	193992
757.9058988533039	n/a	NonTarget	1	194024
758.0308987953899	n/a	NonTarget	1	194056
758.155898737476	n/a	NonTarget	1	194088
758.280898679562	n/a	NonTarget	1	194120
758.4058986216481	n/a	NonTarget	1	194152
758.5308985637342	n/a	NonTarget	1	194184
758.6558985058202	n/a	NonTarget	1	194216
758.7808984479063	n/a	NonTarget	1	194248
758.9058983899923	n/a	NonTarget	1	194280
759.0308983320784	n/a	NonTarget	1	194312
759.1558982741645	n/a	NonTarget	1	194344
759.2808982162505	n/a	NonTarget	1	194376
759.4058981583366	n/a	NonTarget	1	194408
759.5308981004226	n/a	NonTarget	1	194440
759.6558980425087	n/a	NonTarget	1	194472
759.7808979845948	n/a	NonTarget	1	194504
759.9058979266808	n/a	NonTarget	1	194536
760.0308978687669	n/a	NonTarget	1	194568
760.1558978108529	n/a	NonTarget	1	194600
760.280897752939	n/a	NonTarget	1	194632
760.4058976950251	n/a	NonTarget	1	194664
760.5308976371111	n/a	NonTarget	1	194696
760.6558975791972	n/a	NonTarget	1	194728
760.7808975212832	n/a	NonTarget	1	194760
760.9058974633693	n/a	NonTarget	1	194792
761.0308974054554	n/a	NonTarget	1	194824
761.1558973475414	n/a	NonTarget	1	194856
761.2808972896275	n/a	NonTarget	1	194888
761.4058972317135	n/a	NonTarget	1	194920
761.5308971737996	n/a	NonTarget	1	194952
761.6558971158858	n/a	NonTarget	1	194984
761.7808970579717	n/a	NonTarget	1	195016
761.9058970000578	n/a	NonTarget	1	195048
762.0308969421438	n/a	NonTarget	1	195080
762.15589688423	n/a	NonTarget	1	195112
762.280896826316	n/a	NonTarget	1	195144
762.405896768402	n/a	NonTarget	1	195176
762.5308967104882	n/a	NonTarget	1	195208
762.6558966525741	n/a	NonTarget	1	195240
762.7808965946602	n/a	NonTarget	1	195272
762.9058965367464	n/a	NonTarget	1	195304
763.0308964788323	n/a	NonTarget	1	195336
763.1558964209185	n/a	NonTarget	1	195368
763.2808963630044	n/a	NonTarget	1	195400
763.4058963050906	n/a	NonTarget	1	195432
769.5308934673075	n/a	NonTarget	1	197000
769.6558934093936	n/a	NonTarget	1	197032
769.7808933514796	n/a	NonTarget	1	197064
769.9058932935657	n/a	NonTarget	1	197096
770.0308932356518	n/a	NonTarget	1	197128
770.1558931777378	n/a	NonTarget	1	197160
770.2808931198239	n/a	NonTarget	1	197192
770.4058930619099	n/a	NonTarget	1	197224
770.530893003996	n/a	NonTarget	1	197256
770.6558929460821	n/a	NonTarget	1	197288
770.7808928881681	n/a	NonTarget	1	197320
770.9058928302542	n/a	NonTarget	1	197352
771.0308927723402	n/a	NonTarget	1	197384
771.1558927144263	n/a	NonTarget	1	197416
771.2808926565124	n/a	NonTarget	1	197448
771.4058925985984	n/a	NonTarget	1	197480
771.5308925406845	n/a	NonTarget	1	197512
771.6558924827705	n/a	NonTarget	1	197544
771.7808924248566	n/a	NonTarget	1	197576
771.9058923669427	n/a	NonTarget	1	197608
772.0308923090287	n/a	NonTarget	1	197640
772.1558922511148	n/a	NonTarget	1	197672
772.2808921932008	n/a	NonTarget	1	197704
772.4058921352869	n/a	NonTarget	1	197736
772.530892077373	n/a	NonTarget	1	197768
772.655892019459	n/a	NonTarget	1	197800
772.7808919615451	n/a	NonTarget	1	197832
772.9058919036311	n/a	NonTarget	1	197864
773.0308918457172	n/a	NonTarget	1	197896
773.1558917878032	n/a	NonTarget	1	197928
773.2808917298893	n/a	NonTarget	1	197960
773.4058916719754	n/a	NonTarget	1	197992
773.5308916140614	n/a	NonTarget	1	198024
773.6558915561475	n/a	NonTarget	1	198056
773.7808914982335	n/a	NonTarget	1	198088
773.9058914403196	n/a	NonTarget	1	198120
774.0308913824057	n/a	NonTarget	1	198152
774.1558913244917	n/a	NonTarget	1	198184
774.2808912665778	n/a	NonTarget	1	198216
774.4058912086638	n/a	NonTarget	1	198248
774.5308911507499	n/a	NonTarget	1	198280
774.655891092836	n/a	NonTarget	1	198312
774.780891034922	n/a	NonTarget	1	198344
774.9058909770081	n/a	NonTarget	1	198376
775.0308909190941	n/a	NonTarget	1	198408
775.1558908611802	n/a	NonTarget	1	198440
775.2808908032663	n/a	NonTarget	1	198472
775.4058907453523	n/a	NonTarget	1	198504
775.5308906874384	n/a	NonTarget	1	198536
775.6558906295244	n/a	NonTarget	1	198568
775.7808905716105	n/a	NonTarget	1	198600
775.9058905136966	n/a	NonTarget	1	198632
776.0308904557826	n/a	NonTarget	1	198664
776.1558903978687	n/a	NonTarget	1	198696
776.2808903399547	n/a	NonTarget	1	198728
776.4058902820408	n/a	NonTarget	1	198760
776.5308902241269	n/a	NonTarget	1	198792
776.6558901662129	n/a	NonTarget	1	198824
776.780890108299	n/a	NonTarget	1	198856
776.905890050385	n/a	NonTarget	1	198888
777.0308899924711	n/a	NonTarget	1	198920
777.1558899345572	n/a	NonTarget	1	198952
777.2808898766432	n/a	NonTarget	1	198984
777.4058898187293	n/a	NonTarget	1	199016
777.5308897608153	n/a	NonTarget	1	199048
777.6558897029014	n/a	NonTarget	1	199080
777.7808896449875	n/a	NonTarget	1	199112
777.9058895870735	n/a	NonTarget	1	199144
778.0308895291596	n/a	NonTarget	1	199176
778.1558894712456	n/a	NonTarget	1	199208
778.2808894133317	n/a	NonTarget	1	199240
778.4058893554178	n/a	NonTarget	1	199272
784.5308865176347	n/a	NonTarget	1	200840
784.6558864597207	n/a	NonTarget	1	200872
784.7808864018068	n/a	NonTarget	1	200904
784.9058863438929	n/a	NonTarget	1	200936
785.0308862859789	n/a	NonTarget	1	200968
785.155886228065	n/a	NonTarget	1	201000
785.280886170151	n/a	NonTarget	1	201032
785.4058861122371	n/a	NonTarget	1	201064
785.5308860543232	n/a	NonTarget	1	201096
785.6558859964092	n/a	NonTarget	1	201128
785.7808859384953	n/a	NonTarget	1	201160
785.9058858805813	n/a	NonTarget	1	201192
786.0308858226674	n/a	NonTarget	1	201224
786.1558857647535	n/a	NonTarget	1	201256
786.2808857068395	n/a	NonTarget	1	201288
786.4058856489256	n/a	NonTarget	1	201320
786.5308855910116	n/a	NonTarget	1	201352
786.6558855330977	n/a	NonTarget	1	201384
786.7808854751838	n/a	NonTarget	1	201416
786.9058854172698	n/a	NonTarget	1	201448
787.0308853593559	n/a	NonTarget	1	201480
787.1558853014419	n/a	NonTarget	1	201512
787.280885243528	n/a	NonTarget	1	201544
787.4058851856141	n/a	NonTarget	1	201576
787.5308851277001	n/a	NonTarget	1	201608
787.6558850697862	n/a	NonTarget	1	201640
787.7808850118722	n/a	NonTarget	1	201672
787.9058849539583	n/a	NonTarget	1	201704
788.0308848960444	n/a	NonTarget	1	201736
788.1558848381304	n/a	NonTarget	1	201768
788.2808847802165	n/a	NonTarget	1	201800
788.4058847223025	n/a	NonTarget	1	201832
788.5308846643886	n/a	NonTarget	1	201864
788.6558846064747	n/a	NonTarget	1	201896
788.7808845485607	n/a	NonTarget	1	201928
788.9058844906468	n/a	NonTarget	1	201960
789.0308844327328	n/a	NonTarget	1	201992
789.1558843748189	n/a	NonTarget	1	202024
789.280884316905	n/a	NonTarget	1	202056
789.405884258991	n/a	NonTarget	1	202088
789.5308842010771	n/a	NonTarget	1	202120
789.6558841431631	n/a	NonTarget	1	202152
789.7808840852492	n/a	NonTarget	1	202184
789.9058840273353	n/a	NonTarget	1	202216
790.0308839694213	n/a	NonTarget	1	202248
790.1558839115074	n/a	NonTarget	1	202280
790.2808838535934	n/a	NonTarget	1	202312
790.4058837956795	n/a	NonTarget	1	202344
790.5308837377656	n/a	NonTarget	1	202376
790.6558836798516	n/a	NonTarget	1	202408
790.7808836219377	n/a	NonTarget	1	202440
790.9058835640237	n/a	NonTarget	1	202472
791.0308835061098	n/a	NonTarget	1	202504
791.1558834481959	n/a	NonTarget	1	202536
791.2808833902819	n/a	NonTarget	1	202568
791.405883332368	n/a	NonTarget	1	202600
791.530883274454	n/a	NonTarget	1	202632
791.6558832165401	n/a	NonTarget	1	202664
791.7808831586261	n/a	NonTarget	1	202696
791.9058831007122	n/a	NonTarget	1	202728
792.0308830427983	n/a	NonTarget	1	202760
792.1558829848843	n/a	NonTarget	1	202792
792.2808829269704	n/a	NonTarget	1	202824
792.4058828690564	n/a	NonTarget	1	202856
792.5308828111425	n/a	NonTarget	1	202888
792.6558827532286	n/a	NonTarget	1	202920
792.7808826953146	n/a	NonTarget	1	202952
792.9058826374007	n/a	NonTarget	1	202984
793.0308825794867	n/a	NonTarget	1	203016
793.1558825215728	n/a	NonTarget	1	203048
793.2808824636589	n/a	NonTarget	1	203080
793.4058824057449	n/a	NonTarget	1	203112
799.530879567962	n/a	NonTarget	1	204680
799.655879510048	n/a	NonTarget	1	204712
799.7808794521341	n/a	NonTarget	1	204744
799.90587939422	n/a	NonTarget	1	204776
800.0308793363062	n/a	NonTarget	1	204808
800.1558792783923	n/a	NonTarget	1	204840
800.2808792204783	n/a	NonTarget	1	204872
800.4058791625644	n/a	NonTarget	1	204904
800.5308791046504	n/a	NonTarget	1	204936
800.6558790467365	n/a	NonTarget	1	204968
800.7808789888226	n/a	NonTarget	1	205000
800.9058789309086	n/a	NonTarget	1	205032
801.0308788729947	n/a	NonTarget	1	205064
801.1558788150807	n/a	NonTarget	1	205096
801.2808787571668	n/a	NonTarget	1	205128
801.4058786992528	n/a	NonTarget	1	205160
801.5308786413389	n/a	NonTarget	1	205192
801.655878583425	n/a	NonTarget	1	205224
801.780878525511	n/a	NonTarget	1	205256
801.9058784675971	n/a	NonTarget	1	205288
802.030878409683	n/a	NonTarget	1	205320
802.1558783517692	n/a	NonTarget	1	205352
802.2808782938553	n/a	NonTarget	1	205384
802.4058782359413	n/a	NonTarget	1	205416
802.5308781780274	n/a	NonTarget	1	205448
802.6558781201134	n/a	NonTarget	1	205480
802.7808780621995	n/a	NonTarget	1	205512
802.9058780042856	n/a	NonTarget	1	205544
803.0308779463716	n/a	NonTarget	1	205576
803.1558778884577	n/a	NonTarget	1	205608
803.2808778305437	n/a	NonTarget	1	205640
803.4058777726298	n/a	NonTarget	1	205672
803.5308777147159	n/a	NonTarget	1	205704
803.6558776568019	n/a	NonTarget	1	205736
803.780877598888	n/a	NonTarget	1	205768
803.905877540974	n/a	NonTarget	1	205800
804.0308774830601	n/a	NonTarget	1	205832
804.1558774251462	n/a	NonTarget	1	205864
804.2808773672322	n/a	NonTarget	1	205896
804.4058773093183	n/a	NonTarget	1	205928
804.5308772514043	n/a	NonTarget	1	205960
804.6558771934904	n/a	NonTarget	1	205992
804.7808771355765	n/a	NonTarget	1	206024
804.9058770776625	n/a	NonTarget	1	206056
805.0308770197486	n/a	NonTarget	1	206088
805.1558769618346	n/a	NonTarget	1	206120
805.2808769039207	n/a	NonTarget	1	206152
805.4058768460068	n/a	NonTarget	1	206184
805.5308767880928	n/a	NonTarget	1	206216
805.6558767301789	n/a	NonTarget	1	206248
805.7808766722649	n/a	NonTarget	1	206280
805.905876614351	n/a	NonTarget	1	206312
806.0308765564371	n/a	NonTarget	1	206344
806.1558764985231	n/a	NonTarget	1	206376
806.2808764406092	n/a	NonTarget	1	206408
806.4058763826952	n/a	NonTarget	1	206440
806.5308763247813	n/a	NonTarget	1	206472
806.6558762668674	n/a	NonTarget	1	206504
806.7808762089534	n/a	NonTarget	1	206536
806.9058761510395	n/a	NonTarget	1	206568
807.0308760931255	n/a	NonTarget	1	206600
807.1558760352116	n/a	NonTarget	1	206632
807.2808759772977	n/a	NonTarget	1	206664
807.4058759193837	n/a	NonTarget	1	206696
807.5308758614698	n/a	NonTarget	1	206728
807.6558758035558	n/a	NonTarget	1	206760
807.7808757456419	n/a	NonTarget	1	206792
807.905875687728	n/a	NonTarget	1	206824
808.030875629814	n/a	NonTarget	1	206856
808.1558755719001	n/a	NonTarget	1	206888
808.2808755139861	n/a	NonTarget	1	206920
808.4058754560722	n/a	NonTarget	1	206952
814.5308726182891	n/a	NonTarget	1	208520
814.6558725603752	n/a	NonTarget	1	208552
814.7808725024612	n/a	NonTarget	1	208584
814.9058724445473	n/a	NonTarget	1	208616
815.0308723866334	n/a	NonTarget	1	208648
815.1558723287194	n/a	NonTarget	1	208680
815.2808722708055	n/a	NonTarget	1	208712
815.4058722128915	n/a	NonTarget	1	208744
815.5308721549776	n/a	NonTarget	1	208776
815.6558720970637	n/a	NonTarget	1	208808
815.7808720391497	n/a	NonTarget	1	208840
815.9058719812358	n/a	NonTarget	1	208872
816.0308719233218	n/a	NonTarget	1	208904
816.1558718654079	n/a	NonTarget	1	208936
816.280871807494	n/a	NonTarget	1	208968
816.40587174958	n/a	NonTarget	1	209000
816.5308716916661	n/a	NonTarget	1	209032
816.6558716337521	n/a	NonTarget	1	209064
816.7808715758382	n/a	NonTarget	1	209096
816.9058715179243	n/a	NonTarget	1	209128
817.0308714600103	n/a	NonTarget	1	209160
817.1558714020964	n/a	NonTarget	1	209192
817.2808713441824	n/a	NonTarget	1	209224
817.4058712862685	n/a	NonTarget	1	209256
817.5308712283546	n/a	NonTarget	1	209288
817.6558711704406	n/a	NonTarget	1	209320
817.7808711125267	n/a	NonTarget	1	209352
817.9058710546127	n/a	NonTarget	1	209384
818.0308709966988	n/a	NonTarget	1	209416
818.1558709387849	n/a	NonTarget	1	209448
818.2808708808709	n/a	NonTarget	1	209480
818.405870822957	n/a	NonTarget	1	209512
818.530870765043	n/a	NonTarget	1	209544
818.6558707071291	n/a	NonTarget	1	209576
818.7808706492152	n/a	NonTarget	1	209608
818.9058705913012	n/a	NonTarget	1	209640
819.0308705333873	n/a	NonTarget	1	209672
819.1558704754733	n/a	NonTarget	1	209704
819.2808704175594	n/a	NonTarget	1	209736
819.4058703596455	n/a	NonTarget	1	209768
819.5308703017315	n/a	NonTarget	1	209800
819.6558702438176	n/a	NonTarget	1	209832
819.7808701859036	n/a	NonTarget	1	209864
819.9058701279897	n/a	NonTarget	1	209896
820.0308700700757	n/a	NonTarget	1	209928
820.1558700121618	n/a	NonTarget	1	209960
820.2808699542479	n/a	NonTarget	1	209992
820.4058698963339	n/a	NonTarget	1	210024
820.53086983842	n/a	NonTarget	1	210056
820.655869780506	n/a	NonTarget	1	210088
820.7808697225921	n/a	NonTarget	1	210120
820.9058696646782	n/a	NonTarget	1	210152
821.0308696067642	n/a	NonTarget	1	210184
821.1558695488503	n/a	NonTarget	1	210216
821.2808694909363	n/a	NonTarget	1	210248
821.4058694330224	n/a	NonTarget	1	210280
821.5308693751085	n/a	NonTarget	1	210312
821.6558693171945	n/a	NonTarget	1	210344
821.7808692592806	n/a	NonTarget	1	210376
821.9058692013666	n/a	NonTarget	1	210408
822.0308691434527	n/a	NonTarget	1	210440
822.1558690855388	n/a	NonTarget	1	210472
822.2808690276248	n/a	NonTarget	1	210504
822.4058689697109	n/a	NonTarget	1	210536
822.5308689117969	n/a	NonTarget	1	210568
822.655868853883	n/a	NonTarget	1	210600
822.7808687959691	n/a	NonTarget	1	210632
822.9058687380551	n/a	NonTarget	1	210664
823.0308686801412	n/a	NonTarget	1	210696
823.1558686222272	n/a	NonTarget	1	210728
823.2808685643133	n/a	NonTarget	1	210760
823.4058685063994	n/a	NonTarget	1	210792
829.5308656686163	n/a	NonTarget	1	212360
829.6558656107023	n/a	NonTarget	1	212392
829.7808655527884	n/a	NonTarget	1	212424
829.9058654948745	n/a	NonTarget	1	212456
830.0308654369605	n/a	NonTarget	1	212488
830.1558653790466	n/a	NonTarget	1	212520
830.2808653211326	n/a	NonTarget	1	212552
830.4058652632187	n/a	NonTarget	1	212584
830.5308652053048	n/a	NonTarget	1	212616
830.6558651473908	n/a	NonTarget	1	212648
830.780865089477	n/a	NonTarget	1	212680
830.9058650315629	n/a	NonTarget	1	212712
831.030864973649	n/a	NonTarget	1	212744
831.1558649157352	n/a	NonTarget	1	212776
831.2808648578211	n/a	NonTarget	1	212808
831.4058647999072	n/a	NonTarget	1	212840
831.5308647419932	n/a	NonTarget	1	212872
831.6558646840793	n/a	NonTarget	1	212904
831.7808646261655	n/a	NonTarget	1	212936
831.9058645682514	n/a	NonTarget	1	212968
832.0308645103376	n/a	NonTarget	1	213000
832.1558644524235	n/a	NonTarget	1	213032
832.2808643945096	n/a	NonTarget	1	213064
832.4058643365958	n/a	NonTarget	1	213096
832.5308642786817	n/a	NonTarget	1	213128
832.6558642207679	n/a	NonTarget	1	213160
832.7808641628538	n/a	NonTarget	1	213192
832.90586410494	n/a	NonTarget	1	213224
833.0308640470261	n/a	NonTarget	1	213256
833.155863989112	n/a	NonTarget	1	213288
833.2808639311982	n/a	NonTarget	1	213320
833.4058638732841	n/a	NonTarget	1	213352
833.5308638153703	n/a	NonTarget	1	213384
833.6558637574564	n/a	NonTarget	1	213416
833.7808636995424	n/a	NonTarget	1	213448
833.9058636416285	n/a	NonTarget	1	213480
834.0308635837144	n/a	NonTarget	1	213512
834.1558635258006	n/a	NonTarget	1	213544
834.2808634678867	n/a	NonTarget	1	213576
834.4058634099727	n/a	NonTarget	1	213608
834.5308633520588	n/a	NonTarget	1	213640
834.6558632941448	n/a	NonTarget	1	213672
834.7808632362309	n/a	NonTarget	1	213704
834.905863178317	n/a	NonTarget	1	213736
835.030863120403	n/a	NonTarget	1	213768
835.1558630624891	n/a	NonTarget	1	213800
835.280863004575	n/a	NonTarget	1	213832
835.4058629466612	n/a	NonTarget	1	213864
835.5308628887473	n/a	NonTarget	1	213896
835.6558628308333	n/a	NonTarget	1	213928
835.7808627729194	n/a	NonTarget	1	213960
835.9058627150054	n/a	NonTarget	1	213992
836.0308626570915	n/a	NonTarget	1	214024
836.1558625991776	n/a	NonTarget	1	214056
836.2808625412636	n/a	NonTarget	1	214088
836.4058624833497	n/a	NonTarget	1	214120
836.5308624254357	n/a	NonTarget	1	214152
836.6558623675218	n/a	NonTarget	1	214184
836.7808623096079	n/a	NonTarget	1	214216
836.9058622516939	n/a	NonTarget	1	214248
837.03086219378	n/a	NonTarget	1	214280
837.155862135866	n/a	NonTarget	1	214312
837.2808620779521	n/a	NonTarget	1	214344
837.4058620200382	n/a	NonTarget	1	214376
837.5308619621242	n/a	NonTarget	1	214408
837.6558619042103	n/a	NonTarget	1	214440
837.7808618462963	n/a	NonTarget	1	214472
837.9058617883824	n/a	NonTarget	1	214504
838.0308617304685	n/a	NonTarget	1	214536
838.1558616725545	n/a	NonTarget	1	214568
838.2808616146406	n/a	NonTarget	1	214600
838.4058615567266	n/a	NonTarget	1	214632
844.5308587189436	n/a	NonTarget	1	216200
844.6558586610296	n/a	NonTarget	1	216232
844.7808586031157	n/a	NonTarget	1	216264
844.9058585452017	n/a	NonTarget	1	216296
845.0308584872878	n/a	NonTarget	1	216328
845.1558584293739	n/a	NonTarget	1	216360
845.2808583714599	n/a	NonTarget	1	216392
845.405858313546	n/a	NonTarget	1	216424
845.530858255632	n/a	NonTarget	1	216456
845.6558581977181	n/a	NonTarget	1	216488
845.7808581398042	n/a	NonTarget	1	216520
845.9058580818902	n/a	NonTarget	1	216552
846.0308580239763	n/a	NonTarget	1	216584
846.1558579660623	n/a	NonTarget	1	216616
846.2808579081484	n/a	NonTarget	1	216648
846.4058578502345	n/a	NonTarget	1	216680
846.5308577923205	n/a	NonTarget	1	216712
846.6558577344066	n/a	NonTarget	1	216744
846.7808576764926	n/a	NonTarget	1	216776
846.9058576185787	n/a	NonTarget	1	216808
847.0308575606648	n/a	NonTarget	1	216840
847.1558575027508	n/a	NonTarget	1	216872
847.2808574448369	n/a	NonTarget	1	216904
847.4058573869229	n/a	NonTarget	1	216936
847.530857329009	n/a	NonTarget	1	216968
847.6558572710951	n/a	NonTarget	1	217000
847.7808572131811	n/a	NonTarget	1	217032
847.9058571552672	n/a	NonTarget	1	217064
848.0308570973532	n/a	NonTarget	1	217096
848.1558570394393	n/a	NonTarget	1	217128
848.2808569815253	n/a	NonTarget	1	217160
848.4058569236114	n/a	NonTarget	1	217192
848.5308568656975	n/a	NonTarget	1	217224
848.6558568077835	n/a	NonTarget	1	217256
848.7808567498696	n/a	NonTarget	1	217288
848.9058566919556	n/a	NonTarget	1	217320
849.0308566340417	n/a	NonTarget	1	217352
849.1558565761278	n/a	NonTarget	1	217384
849.2808565182138	n/a	NonTarget	1	217416
849.4058564602999	n/a	NonTarget	1	217448
849.5308564023859	n/a	NonTarget	1	217480
849.655856344472	n/a	NonTarget	1	217512
849.7808562865581	n/a	NonTarget	1	217544
849.9058562286441	n/a	NonTarget	1	217576
850.0308561707302	n/a	NonTarget	1	217608
850.1558561128162	n/a	NonTarget	1	217640
850.2808560549023	n/a	NonTarget	1	217672
850.4058559969884	n/a	NonTarget	1	217704
850.5308559390744	n/a	NonTarget	1	217736
850.6558558811605	n/a	NonTarget	1	217768
850.7808558232465	n/a	NonTarget	1	217800
850.9058557653326	n/a	NonTarget	1	217832
851.0308557074187	n/a	NonTarget	1	217864
851.1558556495047	n/a	NonTarget	1	217896
851.2808555915908	n/a	NonTarget	1	217928
851.4058555336768	n/a	NonTarget	1	217960
851.5308554757629	n/a	NonTarget	1	217992
851.655855417849	n/a	NonTarget	1	218024
851.780855359935	n/a	NonTarget	1	218056
851.9058553020211	n/a	NonTarget	1	218088
852.0308552441071	n/a	NonTarget	1	218120
852.1558551861932	n/a	NonTarget	1	218152
852.2808551282793	n/a	NonTarget	1	218184
852.4058550703653	n/a	NonTarget	1	218216
852.5308550124514	n/a	NonTarget	1	218248
852.6558549545374	n/a	NonTarget	1	218280
852.7808548966235	n/a	NonTarget	1	218312
852.9058548387096	n/a	NonTarget	1	218344
853.0308547807956	n/a	NonTarget	1	218376
853.1558547228817	n/a	NonTarget	1	218408
853.2808546649677	n/a	NonTarget	1	218440
853.4058546070538	n/a	NonTarget	1	218472
859.5308517692707	n/a	NonTarget	1	220040
859.6558517113568	n/a	NonTarget	1	220072
859.7808516534428	n/a	NonTarget	1	220104
859.9058515955289	n/a	NonTarget	1	220136
860.030851537615	n/a	NonTarget	1	220168
860.155851479701	n/a	NonTarget	1	220200
860.2808514217871	n/a	NonTarget	1	220232
860.4058513638731	n/a	NonTarget	1	220264
860.5308513059592	n/a	NonTarget	1	220296
860.6558512480453	n/a	NonTarget	1	220328
860.7808511901313	n/a	NonTarget	1	220360
860.9058511322174	n/a	NonTarget	1	220392
861.0308510743034	n/a	NonTarget	1	220424
861.1558510163895	n/a	NonTarget	1	220456
861.2808509584756	n/a	NonTarget	1	220488
861.4058509005616	n/a	NonTarget	1	220520
861.5308508426477	n/a	NonTarget	1	220552
861.6558507847337	n/a	NonTarget	1	220584
861.7808507268198	n/a	NonTarget	1	220616
861.9058506689059	n/a	NonTarget	1	220648
862.0308506109919	n/a	NonTarget	1	220680
862.155850553078	n/a	NonTarget	1	220712
862.280850495164	n/a	NonTarget	1	220744
862.4058504372501	n/a	NonTarget	1	220776
862.5308503793362	n/a	NonTarget	1	220808
862.6558503214222	n/a	NonTarget	1	220840
862.7808502635083	n/a	NonTarget	1	220872
862.9058502055943	n/a	NonTarget	1	220904
863.0308501476804	n/a	NonTarget	1	220936
863.1558500897665	n/a	NonTarget	1	220968
863.2808500318525	n/a	NonTarget	1	221000
863.4058499739386	n/a	NonTarget	1	221032
863.5308499160246	n/a	NonTarget	1	221064
863.6558498581107	n/a	NonTarget	1	221096
863.7808498001968	n/a	NonTarget	1	221128
863.9058497422828	n/a	NonTarget	1	221160
864.030849684369	n/a	NonTarget	1	221192
864.1558496264549	n/a	NonTarget	1	221224
864.280849568541	n/a	NonTarget	1	221256
864.4058495106271	n/a	NonTarget	1	221288
864.5308494527131	n/a	NonTarget	1	221320
864.6558493947992	n/a	NonTarget	1	221352
864.7808493368852	n/a	NonTarget	1	221384
864.9058492789713	n/a	NonTarget	1	221416
865.0308492210575	n/a	NonTarget	1	221448
865.1558491631434	n/a	NonTarget	1	221480
865.2808491052295	n/a	NonTarget	1	221512
865.4058490473155	n/a	NonTarget	1	221544
865.5308489894016	n/a	NonTarget	1	221576
865.6558489314878	n/a	NonTarget	1	221608
865.7808488735737	n/a	NonTarget	1	221640
865.9058488156599	n/a	NonTarget	1	221672
866.0308487577458	n/a	NonTarget	1	221704
866.155848699832	n/a	NonTarget	1	221736
866.280848641918	n/a	NonTarget	1	221768
866.405848584004	n/a	NonTarget	1	221800
866.5308485260902	n/a	NonTarget	1	221832
866.6558484681761	n/a	NonTarget	1	221864
866.7808484102623	n/a	NonTarget	1	221896
866.9058483523482	n/a	NonTarget	1	221928
867.0308482944343	n/a	NonTarget	1	221960
867.1558482365205	n/a	NonTarget	1	221992
867.2808481786064	n/a	NonTarget	1	222024
867.4058481206926	n/a	NonTarget	1	222056
867.5308480627785	n/a	NonTarget	1	222088
867.6558480048647	n/a	NonTarget	1	222120
867.7808479469508	n/a	NonTarget	1	222152
867.9058478890367	n/a	NonTarget	1	222184
868.0308478311229	n/a	NonTarget	1	222216
868.1558477732088	n/a	NonTarget	1	222248
868.280847715295	n/a	NonTarget	1	222280
868.4058476573811	n/a	NonTarget	1	222312
874.530844819598	n/a	NonTarget	1	223880
874.6558447616841	n/a	NonTarget	1	223912
874.7808447037701	n/a	NonTarget	1	223944
874.9058446458562	n/a	NonTarget	1	223976
875.0308445879422	n/a	NonTarget	1	224008
875.1558445300283	n/a	NonTarget	1	224040
875.2808444721144	n/a	NonTarget	1	224072
875.4058444142004	n/a	NonTarget	1	224104
875.5308443562865	n/a	NonTarget	1	224136
875.6558442983725	n/a	NonTarget	1	224168
875.7808442404586	n/a	NonTarget	1	224200
875.9058441825447	n/a	NonTarget	1	224232
876.0308441246307	n/a	NonTarget	1	224264
876.1558440667168	n/a	NonTarget	1	224296
876.2808440088028	n/a	NonTarget	1	224328
876.4058439508889	n/a	NonTarget	1	224360
876.5308438929749	n/a	NonTarget	1	224392
876.655843835061	n/a	NonTarget	1	224424
876.7808437771471	n/a	NonTarget	1	224456
876.9058437192331	n/a	NonTarget	1	224488
877.0308436613192	n/a	NonTarget	1	224520
877.1558436034052	n/a	NonTarget	1	224552
877.2808435454913	n/a	NonTarget	1	224584
877.4058434875774	n/a	NonTarget	1	224616
877.5308434296634	n/a	NonTarget	1	224648
877.6558433717495	n/a	NonTarget	1	224680
877.7808433138355	n/a	NonTarget	1	224712
877.9058432559216	n/a	NonTarget	1	224744
878.0308431980077	n/a	NonTarget	1	224776
878.1558431400937	n/a	NonTarget	1	224808
878.2808430821798	n/a	NonTarget	1	224840
878.4058430242658	n/a	NonTarget	1	224872
878.5308429663519	n/a	NonTarget	1	224904
878.655842908438	n/a	NonTarget	1	224936
878.780842850524	n/a	NonTarget	1	224968
878.9058427926101	n/a	NonTarget	1	225000
879.0308427346961	n/a	NonTarget	1	225032
879.1558426767822	n/a	NonTarget	1	225064
879.2808426188683	n/a	NonTarget	1	225096
879.4058425609543	n/a	NonTarget	1	225128
879.5308425030404	n/a	NonTarget	1	225160
879.6558424451264	n/a	NonTarget	1	225192
879.7808423872125	n/a	NonTarget	1	225224
879.9058423292986	n/a	NonTarget	1	225256
880.0308422713846	n/a	NonTarget	1	225288
880.1558422134707	n/a	NonTarget	1	225320
880.2808421555567	n/a	NonTarget	1	225352
880.4058420976428	n/a	NonTarget	1	225384
880.5308420397289	n/a	NonTarget	1	225416
880.6558419818149	n/a	NonTarget	1	225448
880.780841923901	n/a	NonTarget	1	225480
880.905841865987	n/a	NonTarget	1	225512
881.0308418080731	n/a	NonTarget	1	225544
881.1558417501592	n/a	NonTarget	1	225576
881.2808416922452	n/a	NonTarget	1	225608
881.4058416343313	n/a	NonTarget	1	225640
881.5308415764173	n/a	NonTarget	1	225672
881.6558415185034	n/a	NonTarget	1	225704
881.7808414605895	n/a	NonTarget	1	225736
881.9058414026755	n/a	NonTarget	1	225768
882.0308413447616	n/a	NonTarget	1	225800
882.1558412868476	n/a	NonTarget	1	225832
882.2808412289337	n/a	NonTarget	1	225864
882.4058411710198	n/a	NonTarget	1	225896
882.5308411131058	n/a	NonTarget	1	225928
882.6558410551919	n/a	NonTarget	1	225960
882.7808409972779	n/a	NonTarget	1	225992
882.905840939364	n/a	NonTarget	1	226024
883.0308408814501	n/a	NonTarget	1	226056
883.1558408235361	n/a	NonTarget	1	226088
883.2808407656222	n/a	NonTarget	1	226120
883.4058407077082	n/a	NonTarget	1	226152
889.5308378699252	n/a	NonTarget	1	227720
889.6558378120112	n/a	NonTarget	1	227752
889.7808377540973	n/a	NonTarget	1	227784
889.9058376961833	n/a	NonTarget	1	227816
890.0308376382694	n/a	NonTarget	1	227848
890.1558375803555	n/a	NonTarget	1	227880
890.2808375224415	n/a	NonTarget	1	227912
890.4058374645276	n/a	NonTarget	1	227944
890.5308374066136	n/a	NonTarget	1	227976
890.6558373486997	n/a	NonTarget	1	228008
890.7808372907858	n/a	NonTarget	1	228040
890.9058372328718	n/a	NonTarget	1	228072
891.0308371749579	n/a	NonTarget	1	228104
891.1558371170439	n/a	NonTarget	1	228136
891.28083705913	n/a	NonTarget	1	228168
891.4058370012161	n/a	NonTarget	1	228200
891.5308369433021	n/a	NonTarget	1	228232
891.6558368853882	n/a	NonTarget	1	228264
891.7808368274742	n/a	NonTarget	1	228296
891.9058367695603	n/a	NonTarget	1	228328
892.0308367116464	n/a	NonTarget	1	228360
892.1558366537324	n/a	NonTarget	1	228392
892.2808365958185	n/a	NonTarget	1	228424
892.4058365379045	n/a	NonTarget	1	228456
892.5308364799906	n/a	NonTarget	1	228488
892.6558364220767	n/a	NonTarget	1	228520
892.7808363641627	n/a	NonTarget	1	228552
892.9058363062488	n/a	NonTarget	1	228584
893.0308362483348	n/a	NonTarget	1	228616
893.1558361904209	n/a	NonTarget	1	228648
893.280836132507	n/a	NonTarget	1	228680
893.405836074593	n/a	NonTarget	1	228712
893.5308360166791	n/a	NonTarget	1	228744
893.6558359587651	n/a	NonTarget	1	228776
893.7808359008512	n/a	NonTarget	1	228808
893.9058358429373	n/a	NonTarget	1	228840
894.0308357850233	n/a	NonTarget	1	228872
894.1558357271094	n/a	NonTarget	1	228904
894.2808356691954	n/a	NonTarget	1	228936
894.4058356112815	n/a	NonTarget	1	228968
894.5308355533676	n/a	NonTarget	1	229000
894.6558354954536	n/a	NonTarget	1	229032
894.7808354375397	n/a	NonTarget	1	229064
894.9058353796257	n/a	NonTarget	1	229096
895.0308353217118	n/a	NonTarget	1	229128
895.1558352637978	n/a	NonTarget	1	229160
895.2808352058839	n/a	NonTarget	1	229192
895.40583514797	n/a	NonTarget	1	229224
895.530835090056	n/a	NonTarget	1	229256
895.6558350321421	n/a	NonTarget	1	229288
895.7808349742281	n/a	NonTarget	1	229320
895.9058349163142	n/a	NonTarget	1	229352
896.0308348584003	n/a	NonTarget	1	229384
896.1558348004863	n/a	NonTarget	1	229416
896.2808347425724	n/a	NonTarget	1	229448
896.4058346846584	n/a	NonTarget	1	229480
896.5308346267445	n/a	NonTarget	1	229512
896.6558345688306	n/a	NonTarget	1	229544
896.7808345109166	n/a	NonTarget	1	229576
896.9058344530027	n/a	NonTarget	1	229608
897.0308343950887	n/a	NonTarget	1	229640
897.1558343371748	n/a	NonTarget	1	229672
897.280834279261	n/a	NonTarget	1	229704
897.4058342213469	n/a	NonTarget	1	229736
897.530834163433	n/a	NonTarget	1	229768
897.655834105519	n/a	NonTarget	1	229800
897.7808340476051	n/a	NonTarget	1	229832
897.9058339896912	n/a	NonTarget	1	229864
898.0308339317772	n/a	NonTarget	1	229896
898.1558338738633	n/a	NonTarget	1	229928
898.2808338159493	n/a	NonTarget	1	229960
898.4058337580354	n/a	NonTarget	1	229992
904.5308309202524	n/a	NonTarget	1	231560
904.6558308623385	n/a	NonTarget	1	231592
904.7808308044245	n/a	NonTarget	1	231624
904.9058307465106	n/a	NonTarget	1	231656
905.0308306885967	n/a	NonTarget	1	231688
905.1558306306827	n/a	NonTarget	1	231720
905.2808305727688	n/a	NonTarget	1	231752
905.4058305148548	n/a	NonTarget	1	231784
905.5308304569409	n/a	NonTarget	1	231816
905.655830399027	n/a	NonTarget	1	231848
905.780830341113	n/a	NonTarget	1	231880
905.9058302831991	n/a	NonTarget	1	231912
906.0308302252851	n/a	NonTarget	1	231944
906.1558301673712	n/a	NonTarget	1	231976
906.2808301094573	n/a	NonTarget	1	232008
906.4058300515433	n/a	NonTarget	1	232040
906.5308299936294	n/a	NonTarget	1	232072
906.6558299357154	n/a	NonTarget	1	232104
906.7808298778015	n/a	NonTarget	1	232136
906.9058298198876	n/a	NonTarget	1	232168
907.0308297619736	n/a	NonTarget	1	232200
907.1558297040597	n/a	NonTarget	1	232232
907.2808296461457	n/a	NonTarget	1	232264
907.4058295882318	n/a	NonTarget	1	232296
907.5308295303179	n/a	NonTarget	1	232328
907.6558294724039	n/a	NonTarget	1	232360
907.78082941449	n/a	NonTarget	1	232392
907.905829356576	n/a	NonTarget	1	232424
908.0308292986621	n/a	NonTarget	1	232456
908.1558292407482	n/a	NonTarget	1	232488
908.2808291828342	n/a	NonTarget	1	232520
908.4058291249203	n/a	NonTarget	1	232552
908.5308290670063	n/a	NonTarget	1	232584
908.6558290090924	n/a	NonTarget	1	232616
908.7808289511785	n/a	NonTarget	1	232648
908.9058288932645	n/a	NonTarget	1	232680
909.0308288353506	n/a	NonTarget	1	232712
909.1558287774366	n/a	NonTarget	1	232744
909.2808287195227	n/a	NonTarget	1	232776
909.4058286616088	n/a	NonTarget	1	232808
909.5308286036948	n/a	NonTarget	1	232840
909.6558285457809	n/a	NonTarget	1	232872
909.7808284878669	n/a	NonTarget	1	232904
909.905828429953	n/a	NonTarget	1	232936
910.0308283720391	n/a	NonTarget	1	232968
910.1558283141251	n/a	NonTarget	1	233000
910.2808282562112	n/a	NonTarget	1	233032
910.4058281982972	n/a	NonTarget	1	233064
910.5308281403833	n/a	NonTarget	1	233096
910.6558280824694	n/a	NonTarget	1	233128
910.7808280245554	n/a	NonTarget	1	233160
910.9058279666415	n/a	NonTarget	1	233192
911.0308279087275	n/a	NonTarget	1	233224
911.1558278508136	n/a	NonTarget	1	233256
911.2808277928997	n/a	NonTarget	1	233288
911.4058277349857	n/a	NonTarget	1	233320
911.5308276770718	n/a	NonTarget	1	233352
911.6558276191578	n/a	NonTarget	1	233384
911.7808275612439	n/a	NonTarget	1	233416
911.90582750333	n/a	NonTarget	1	233448
912.030827445416	n/a	NonTarget	1	233480
912.1558273875021	n/a	NonTarget	1	233512
912.2808273295881	n/a	NonTarget	1	233544
912.4058272716742	n/a	NonTarget	1	233576
912.5308272137603	n/a	NonTarget	1	233608
912.6558271558463	n/a	NonTarget	1	233640
912.7808270979324	n/a	NonTarget	1	233672
912.9058270400184	n/a	NonTarget	1	233704
913.0308269821045	n/a	NonTarget	1	233736
913.1558269241906	n/a	NonTarget	1	233768
913.2808268662766	n/a	NonTarget	1	233800
913.4058268083627	n/a	NonTarget	1	233832
919.5308239705796	n/a	NonTarget	1	235400
919.6558239126657	n/a	NonTarget	1	235432
919.7808238547517	n/a	NonTarget	1	235464
919.9058237968378	n/a	NonTarget	1	235496
920.0308237389238	n/a	NonTarget	1	235528
920.1558236810099	n/a	NonTarget	1	235560
920.280823623096	n/a	NonTarget	1	235592
920.405823565182	n/a	NonTarget	1	235624
920.5308235072681	n/a	NonTarget	1	235656
920.6558234493541	n/a	NonTarget	1	235688
920.7808233914402	n/a	NonTarget	1	235720
920.9058233335263	n/a	NonTarget	1	235752
921.0308232756123	n/a	NonTarget	1	235784
921.1558232176984	n/a	NonTarget	1	235816
921.2808231597844	n/a	NonTarget	1	235848
921.4058231018705	n/a	NonTarget	1	235880
921.5308230439566	n/a	NonTarget	1	235912
921.6558229860426	n/a	NonTarget	1	235944
921.7808229281287	n/a	NonTarget	1	235976
921.9058228702147	n/a	NonTarget	1	236008
922.0308228123008	n/a	NonTarget	1	236040
922.1558227543869	n/a	NonTarget	1	236072
922.2808226964729	n/a	NonTarget	1	236104
922.405822638559	n/a	NonTarget	1	236136
922.530822580645	n/a	NonTarget	1	236168
922.6558225227311	n/a	NonTarget	1	236200
922.7808224648172	n/a	NonTarget	1	236232
922.9058224069032	n/a	NonTarget	1	236264
923.0308223489893	n/a	NonTarget	1	236296
923.1558222910753	n/a	NonTarget	1	236328
923.2808222331614	n/a	NonTarget	1	236360
923.4058221752474	n/a	NonTarget	1	236392
923.5308221173335	n/a	NonTarget	1	236424
923.6558220594196	n/a	NonTarget	1	236456
923.7808220015056	n/a	NonTarget	1	236488
923.9058219435917	n/a	NonTarget	1	236520
924.0308218856777	n/a	NonTarget	1	236552
924.1558218277638	n/a	NonTarget	1	236584
924.2808217698499	n/a	NonTarget	1	236616
924.4058217119359	n/a	NonTarget	1	236648
924.530821654022	n/a	NonTarget	1	236680
924.655821596108	n/a	NonTarget	1	236712
924.7808215381941	n/a	NonTarget	1	236744
924.9058214802802	n/a	NonTarget	1	236776
925.0308214223662	n/a	NonTarget	1	236808
925.1558213644523	n/a	NonTarget	1	236840
925.2808213065383	n/a	NonTarget	1	236872
925.4058212486244	n/a	NonTarget	1	236904
925.5308211907105	n/a	NonTarget	1	236936
925.6558211327965	n/a	NonTarget	1	236968
925.7808210748826	n/a	NonTarget	1	237000
925.9058210169686	n/a	NonTarget	1	237032
926.0308209590547	n/a	NonTarget	1	237064
926.1558209011408	n/a	NonTarget	1	237096
926.2808208432268	n/a	NonTarget	1	237128
926.4058207853129	n/a	NonTarget	1	237160
926.5308207273989	n/a	NonTarget	1	237192
926.655820669485	n/a	NonTarget	1	237224
926.7808206115711	n/a	NonTarget	1	237256
926.9058205536571	n/a	NonTarget	1	237288
927.0308204957432	n/a	NonTarget	1	237320
927.1558204378292	n/a	NonTarget	1	237352
927.2808203799153	n/a	NonTarget	1	237384
927.4058203220014	n/a	NonTarget	1	237416
927.5308202640874	n/a	NonTarget	1	237448
927.6558202061735	n/a	NonTarget	1	237480
927.7808201482595	n/a	NonTarget	1	237512
927.9058200903456	n/a	NonTarget	1	237544
928.0308200324317	n/a	NonTarget	1	237576
928.1558199745177	n/a	NonTarget	1	237608
928.2808199166038	n/a	NonTarget	1	237640
928.4058198586898	n/a	NonTarget	1	237672
934.5308170209069	n/a	NonTarget	1	239240
934.6558169629928	n/a	NonTarget	1	239272
934.780816905079	n/a	NonTarget	1	239304
934.9058168471649	n/a	NonTarget	1	239336
935.030816789251	n/a	NonTarget	1	239368
935.1558167313372	n/a	NonTarget	1	239400
935.2808166734231	n/a	NonTarget	1	239432
935.4058166155093	n/a	NonTarget	1	239464
935.5308165575952	n/a	NonTarget	1	239496
935.6558164996814	n/a	NonTarget	1	239528
935.7808164417675	n/a	NonTarget	1	239560
935.9058163838534	n/a	NonTarget	1	239592
936.0308163259396	n/a	NonTarget	1	239624
936.1558162680255	n/a	NonTarget	1	239656
936.2808162101117	n/a	NonTarget	1	239688
936.4058161521978	n/a	NonTarget	1	239720
936.5308160942838	n/a	NonTarget	1	239752
936.6558160363699	n/a	NonTarget	1	239784
936.7808159784558	n/a	NonTarget	1	239816
936.905815920542	n/a	NonTarget	1	239848
937.0308158626281	n/a	NonTarget	1	239880
937.155815804714	n/a	NonTarget	1	239912
937.2808157468002	n/a	NonTarget	1	239944
937.4058156888862	n/a	NonTarget	1	239976
937.5308156309723	n/a	NonTarget	1	240008
937.6558155730584	n/a	NonTarget	1	240040
937.7808155151444	n/a	NonTarget	1	240072
937.9058154572305	n/a	NonTarget	1	240104
938.0308153993165	n/a	NonTarget	1	240136
938.1558153414026	n/a	NonTarget	1	240168
938.2808152834887	n/a	NonTarget	1	240200
938.4058152255747	n/a	NonTarget	1	240232
938.5308151676608	n/a	NonTarget	1	240264
938.6558151097468	n/a	NonTarget	1	240296
938.7808150518329	n/a	NonTarget	1	240328
938.905814993919	n/a	NonTarget	1	240360
939.030814936005	n/a	NonTarget	1	240392
939.1558148780911	n/a	NonTarget	1	240424
939.280814820177	n/a	NonTarget	1	240456
939.4058147622632	n/a	NonTarget	1	240488
939.5308147043493	n/a	NonTarget	1	240520
939.6558146464353	n/a	NonTarget	1	240552
939.7808145885214	n/a	NonTarget	1	240584
939.9058145306074	n/a	NonTarget	1	240616
940.0308144726935	n/a	NonTarget	1	240648
940.1558144147796	n/a	NonTarget	1	240680
940.2808143568656	n/a	NonTarget	1	240712
940.4058142989517	n/a	NonTarget	1	240744
940.5308142410377	n/a	NonTarget	1	240776
940.6558141831238	n/a	NonTarget	1	240808
940.7808141252099	n/a	NonTarget	1	240840
940.9058140672959	n/a	NonTarget	1	240872
941.030814009382	n/a	NonTarget	1	240904
941.155813951468	n/a	NonTarget	1	240936
941.2808138935541	n/a	NonTarget	1	240968
941.4058138356402	n/a	NonTarget	1	241000
941.5308137777262	n/a	NonTarget	1	241032
941.6558137198123	n/a	NonTarget	1	241064
941.7808136618983	n/a	NonTarget	1	241096
941.9058136039844	n/a	NonTarget	1	241128
942.0308135460705	n/a	NonTarget	1	241160
942.1558134881565	n/a	NonTarget	1	241192
942.2808134302426	n/a	NonTarget	1	241224
942.4058133723286	n/a	NonTarget	1	241256
942.5308133144147	n/a	NonTarget	1	241288
942.6558132565007	n/a	NonTarget	1	241320
942.7808131985868	n/a	NonTarget	1	241352
942.9058131406729	n/a	NonTarget	1	241384
943.0308130827589	n/a	NonTarget	1	241416
943.155813024845	n/a	NonTarget	1	241448
943.280812966931	n/a	NonTarget	1	241480
943.4058129090171	n/a	NonTarget	1	241512
949.530810071234	n/a	NonTarget	1	243080
949.6558100133201	n/a	NonTarget	1	243112
949.7808099554062	n/a	NonTarget	1	243144
949.9058098974922	n/a	NonTarget	1	243176
950.0308098395783	n/a	NonTarget	1	243208
950.1558097816643	n/a	NonTarget	1	243240
950.2808097237504	n/a	NonTarget	1	243272
950.4058096658365	n/a	NonTarget	1	243304
950.5308096079225	n/a	NonTarget	1	243336
950.6558095500086	n/a	NonTarget	1	243368
950.7808094920946	n/a	NonTarget	1	243400
950.9058094341807	n/a	NonTarget	1	243432
951.0308093762668	n/a	NonTarget	1	243464
951.1558093183528	n/a	NonTarget	1	243496
951.2808092604389	n/a	NonTarget	1	243528
951.4058092025249	n/a	NonTarget	1	243560
951.530809144611	n/a	NonTarget	1	243592
951.655809086697	n/a	NonTarget	1	243624
951.7808090287831	n/a	NonTarget	1	243656
951.9058089708692	n/a	NonTarget	1	243688
952.0308089129552	n/a	NonTarget	1	243720
952.1558088550413	n/a	NonTarget	1	243752
952.2808087971273	n/a	NonTarget	1	243784
952.4058087392134	n/a	NonTarget	1	243816
952.5308086812995	n/a	NonTarget	1	243848
952.6558086233855	n/a	NonTarget	1	243880
952.7808085654716	n/a	NonTarget	1	243912
952.9058085075576	n/a	NonTarget	1	243944
953.0308084496437	n/a	NonTarget	1	243976
953.1558083917298	n/a	NonTarget	1	244008
953.2808083338158	n/a	NonTarget	1	244040
953.4058082759019	n/a	NonTarget	1	244072
953.5308082179879	n/a	NonTarget	1	244104
953.655808160074	n/a	NonTarget	1	244136
953.7808081021601	n/a	NonTarget	1	244168
953.9058080442461	n/a	NonTarget	1	244200
954.0308079863322	n/a	NonTarget	1	244232
954.1558079284182	n/a	NonTarget	1	244264
954.2808078705043	n/a	NonTarget	1	244296
954.4058078125904	n/a	NonTarget	1	244328
954.5308077546764	n/a	NonTarget	1	244360
954.6558076967625	n/a	NonTarget	1	244392
954.7808076388485	n/a	NonTarget	1	244424
954.9058075809346	n/a	NonTarget	1	244456
955.0308075230207	n/a	NonTarget	1	244488
955.1558074651067	n/a	NonTarget	1	244520
955.2808074071928	n/a	NonTarget	1	244552
955.4058073492788	n/a	NonTarget	1	244584
955.5308072913649	n/a	NonTarget	1	244616
955.655807233451	n/a	NonTarget	1	244648
955.780807175537	n/a	NonTarget	1	244680
955.9058071176231	n/a	NonTarget	1	244712
956.0308070597091	n/a	NonTarget	1	244744
956.1558070017952	n/a	NonTarget	1	244776
956.2808069438813	n/a	NonTarget	1	244808
956.4058068859673	n/a	NonTarget	1	244840
956.5308068280534	n/a	NonTarget	1	244872
956.6558067701394	n/a	NonTarget	1	244904
956.7808067122255	n/a	NonTarget	1	244936
956.9058066543116	n/a	NonTarget	1	244968
957.0308065963976	n/a	NonTarget	1	245000
957.1558065384837	n/a	NonTarget	1	245032
957.2808064805697	n/a	NonTarget	1	245064
957.4058064226558	n/a	NonTarget	1	245096
957.5308063647419	n/a	NonTarget	1	245128
957.6558063068279	n/a	NonTarget	1	245160
957.780806248914	n/a	NonTarget	1	245192
957.905806191	n/a	NonTarget	1	245224
958.0308061330861	n/a	NonTarget	1	245256
958.1558060751722	n/a	NonTarget	1	245288
958.2808060172582	n/a	NonTarget	1	245320
958.4058059593443	n/a	NonTarget	1	245352
964.5308031215612	n/a	NonTarget	1	246920
964.6558030636473	n/a	NonTarget	1	246952
964.7808030057333	n/a	NonTarget	1	246984
964.9058029478194	n/a	NonTarget	1	247016
965.0308028899054	n/a	NonTarget	1	247048
965.1558028319915	n/a	NonTarget	1	247080
965.2808027740776	n/a	NonTarget	1	247112
965.4058027161636	n/a	NonTarget	1	247144
965.5308026582497	n/a	NonTarget	1	247176
965.6558026003357	n/a	NonTarget	1	247208
965.7808025424218	n/a	NonTarget	1	247240
965.905802484508	n/a	NonTarget	1	247272
966.0308024265939	n/a	NonTarget	1	247304
966.15580236868	n/a	NonTarget	1	247336
966.280802310766	n/a	NonTarget	1	247368
966.4058022528521	n/a	NonTarget	1	247400
966.5308021949382	n/a	NonTarget	1	247432
966.6558021370242	n/a	NonTarget	1	247464
966.7808020791103	n/a	NonTarget	1	247496
966.9058020211963	n/a	NonTarget	1	247528
967.0308019632824	n/a	NonTarget	1	247560
967.1558019053685	n/a	NonTarget	1	247592
967.2808018474545	n/a	NonTarget	1	247624
967.4058017895406	n/a	NonTarget	1	247656
967.5308017316266	n/a	NonTarget	1	247688
967.6558016737127	n/a	NonTarget	1	247720
967.7808016157989	n/a	NonTarget	1	247752
967.9058015578848	n/a	NonTarget	1	247784
968.030801499971	n/a	NonTarget	1	247816
968.1558014420569	n/a	NonTarget	1	247848
968.280801384143	n/a	NonTarget	1	247880
968.4058013262292	n/a	NonTarget	1	247912
968.5308012683151	n/a	NonTarget	1	247944
968.6558012104013	n/a	NonTarget	1	247976
968.7808011524872	n/a	NonTarget	1	248008
968.9058010945733	n/a	NonTarget	1	248040
969.0308010366595	n/a	NonTarget	1	248072
969.1558009787454	n/a	NonTarget	1	248104
969.2808009208316	n/a	NonTarget	1	248136
969.4058008629175	n/a	NonTarget	1	248168
969.5308008050037	n/a	NonTarget	1	248200
969.6558007470898	n/a	NonTarget	1	248232
969.7808006891757	n/a	NonTarget	1	248264
969.9058006312619	n/a	NonTarget	1	248296
970.0308005733478	n/a	NonTarget	1	248328
970.155800515434	n/a	NonTarget	1	248360
970.2808004575201	n/a	NonTarget	1	248392
970.405800399606	n/a	NonTarget	1	248424
970.5308003416922	n/a	NonTarget	1	248456
970.6558002837781	n/a	NonTarget	1	248488
970.7808002258643	n/a	NonTarget	1	248520
970.9058001679502	n/a	NonTarget	1	248552
971.0308001100364	n/a	NonTarget	1	248584
971.1558000521225	n/a	NonTarget	1	248616
971.2807999942085	n/a	NonTarget	1	248648
971.4057999362946	n/a	NonTarget	1	248680
971.5307998783805	n/a	NonTarget	1	248712
971.6557998204667	n/a	NonTarget	1	248744
971.7807997625528	n/a	NonTarget	1	248776
971.9057997046388	n/a	NonTarget	1	248808
972.0307996467249	n/a	NonTarget	1	248840
972.1557995888109	n/a	NonTarget	1	248872
972.280799530897	n/a	NonTarget	1	248904
972.4057994729831	n/a	NonTarget	1	248936
972.530799415069	n/a	NonTarget	1	248968
972.6557993571552	n/a	NonTarget	1	249000
972.7807992992412	n/a	NonTarget	1	249032
972.9057992413273	n/a	NonTarget	1	249064
973.0307991834134	n/a	NonTarget	1	249096
973.1557991254994	n/a	NonTarget	1	249128
973.2807990675855	n/a	NonTarget	1	249160
973.4057990096715	n/a	NonTarget	1	249192
979.5307961718885	n/a	NonTarget	1	250760
979.6557961139745	n/a	NonTarget	1	250792
979.7807960560606	n/a	NonTarget	1	250824
979.9057959981467	n/a	NonTarget	1	250856
980.0307959402327	n/a	NonTarget	1	250888
980.1557958823188	n/a	NonTarget	1	250920
980.2807958244048	n/a	NonTarget	1	250952
980.4057957664909	n/a	NonTarget	1	250984
980.5307957085769	n/a	NonTarget	1	251016
980.655795650663	n/a	NonTarget	1	251048
980.7807955927491	n/a	NonTarget	1	251080
980.9057955348351	n/a	NonTarget	1	251112
981.0307954769212	n/a	NonTarget	1	251144
981.1557954190072	n/a	NonTarget	1	251176
981.2807953610933	n/a	NonTarget	1	251208
981.4057953031794	n/a	NonTarget	1	251240
981.5307952452654	n/a	NonTarget	1	251272
981.6557951873515	n/a	NonTarget	1	251304
981.7807951294375	n/a	NonTarget	1	251336
981.9057950715236	n/a	NonTarget	1	251368
982.0307950136097	n/a	NonTarget	1	251400
982.1557949556957	n/a	NonTarget	1	251432
982.2807948977818	n/a	NonTarget	1	251464
982.4057948398678	n/a	NonTarget	1	251496
982.5307947819539	n/a	NonTarget	1	251528
982.65579472404	n/a	NonTarget	1	251560
982.780794666126	n/a	NonTarget	1	251592
982.9057946082121	n/a	NonTarget	1	251624
983.0307945502981	n/a	NonTarget	1	251656
983.1557944923842	n/a	NonTarget	1	251688
983.2807944344703	n/a	NonTarget	1	251720
983.4057943765563	n/a	NonTarget	1	251752
983.5307943186424	n/a	NonTarget	1	251784
983.6557942607284	n/a	NonTarget	1	251816
983.7807942028145	n/a	NonTarget	1	251848
983.9057941449006	n/a	NonTarget	1	251880
984.0307940869866	n/a	NonTarget	1	251912
984.1557940290727	n/a	NonTarget	1	251944
984.2807939711587	n/a	NonTarget	1	251976
984.4057939132448	n/a	NonTarget	1	252008
984.5307938553309	n/a	NonTarget	1	252040
984.6557937974169	n/a	NonTarget	1	252072
984.780793739503	n/a	NonTarget	1	252104
984.905793681589	n/a	NonTarget	1	252136
985.0307936236751	n/a	NonTarget	1	252168
985.1557935657612	n/a	NonTarget	1	252200
985.2807935078472	n/a	NonTarget	1	252232
985.4057934499333	n/a	NonTarget	1	252264
985.5307933920193	n/a	NonTarget	1	252296
985.6557933341054	n/a	NonTarget	1	252328
985.7807932761915	n/a	NonTarget	1	252360
985.9057932182775	n/a	NonTarget	1	252392
986.0307931603636	n/a	NonTarget	1	252424
986.1557931024496	n/a	NonTarget	1	252456
986.2807930445357	n/a	NonTarget	1	252488
986.4057929866218	n/a	NonTarget	1	252520
986.5307929287078	n/a	NonTarget	1	252552
986.6557928707939	n/a	NonTarget	1	252584
986.7807928128799	n/a	NonTarget	1	252616
986.905792754966	n/a	NonTarget	1	252648
987.0307926970521	n/a	NonTarget	1	252680
987.1557926391381	n/a	NonTarget	1	252712
987.2807925812242	n/a	NonTarget	1	252744
987.4057925233102	n/a	NonTarget	1	252776
987.5307924653963	n/a	NonTarget	1	252808
987.6557924074824	n/a	NonTarget	1	252840
987.7807923495684	n/a	NonTarget	1	252872
987.9057922916545	n/a	NonTarget	1	252904
988.0307922337405	n/a	NonTarget	1	252936
988.1557921758266	n/a	NonTarget	1	252968
988.2807921179127	n/a	NonTarget	1	253000
988.4057920599987	n/a	NonTarget	1	253032
994.5307892222156	n/a	NonTarget	1	254600
994.6557891643017	n/a	NonTarget	1	254632
994.7807891063878	n/a	NonTarget	1	254664
994.9057890484738	n/a	NonTarget	1	254696
995.0307889905599	n/a	NonTarget	1	254728
995.1557889326459	n/a	NonTarget	1	254760
995.280788874732	n/a	NonTarget	1	254792
995.4057888168181	n/a	NonTarget	1	254824
995.5307887589041	n/a	NonTarget	1	254856
995.6557887009902	n/a	NonTarget	1	254888
995.7807886430762	n/a	NonTarget	1	254920
995.9057885851623	n/a	NonTarget	1	254952
996.0307885272484	n/a	NonTarget	1	254984
996.1557884693344	n/a	NonTarget	1	255016
996.2807884114205	n/a	NonTarget	1	255048
996.4057883535065	n/a	NonTarget	1	255080
996.5307882955926	n/a	NonTarget	1	255112
996.6557882376787	n/a	NonTarget	1	255144
996.7807881797647	n/a	NonTarget	1	255176
996.9057881218508	n/a	NonTarget	1	255208
997.0307880639368	n/a	NonTarget	1	255240
997.1557880060229	n/a	NonTarget	1	255272
997.280787948109	n/a	NonTarget	1	255304
997.405787890195	n/a	NonTarget	1	255336
997.5307878322811	n/a	NonTarget	1	255368
997.6557877743671	n/a	NonTarget	1	255400
997.7807877164532	n/a	NonTarget	1	255432
997.9057876585393	n/a	NonTarget	1	255464
998.0307876006253	n/a	NonTarget	1	255496
998.1557875427114	n/a	NonTarget	1	255528
998.2807874847974	n/a	NonTarget	1	255560
998.4057874268835	n/a	NonTarget	1	255592
998.5307873689696	n/a	NonTarget	1	255624
998.6557873110556	n/a	NonTarget	1	255656
998.7807872531417	n/a	NonTarget	1	255688
998.9057871952277	n/a	NonTarget	1	255720
999.0307871373138	n/a	NonTarget	1	255752
999.1557870793998	n/a	NonTarget	1	255784
999.2807870214859	n/a	NonTarget	1	255816
999.405786963572	n/a	NonTarget	1	255848
999.530786905658	n/a	NonTarget	1	255880
999.6557868477441	n/a	NonTarget	1	255912
999.7807867898301	n/a	NonTarget	1	255944
999.9057867319162	n/a	NonTarget	1	255976
1000.0307866740023	n/a	NonTarget	1	256008
1000.1557866160883	n/a	NonTarget	1	256040
1000.2807865581744	n/a	NonTarget	1	256072
1000.4057865002604	n/a	NonTarget	1	256104
1000.5307864423465	n/a	NonTarget	1	256136
1000.6557863844326	n/a	NonTarget	1	256168
1000.7807863265186	n/a	NonTarget	1	256200
1000.9057862686047	n/a	NonTarget	1	256232
1001.0307862106907	n/a	NonTarget	1	256264
1001.1557861527768	n/a	NonTarget	1	256296
1001.280786094863	n/a	NonTarget	1	256328
1001.4057860369489	n/a	NonTarget	1	256360
1001.530785979035	n/a	NonTarget	1	256392
1001.655785921121	n/a	NonTarget	1	256424
1001.7807858632071	n/a	NonTarget	1	256456
1001.9057858052932	n/a	NonTarget	1	256488
1002.0307857473792	n/a	NonTarget	1	256520
1002.1557856894653	n/a	NonTarget	1	256552
1002.2807856315513	n/a	NonTarget	1	256584
1002.4057855736374	n/a	NonTarget	1	256616
1002.5307855157236	n/a	NonTarget	1	256648
1002.6557854578095	n/a	NonTarget	1	256680
1002.7807853998956	n/a	NonTarget	1	256712
1002.9057853419816	n/a	NonTarget	1	256744
1003.0307852840677	n/a	NonTarget	1	256776
1003.1557852261539	n/a	NonTarget	1	256808
1003.2807851682398	n/a	NonTarget	1	256840
1003.405785110326	n/a	NonTarget	1	256872
1009.5307822725429	n/a	NonTarget	1	258440
1009.655782214629	n/a	NonTarget	1	258472
1009.780782156715	n/a	NonTarget	1	258504
1009.9057820988011	n/a	NonTarget	1	258536
1010.0307820408871	n/a	NonTarget	1	258568
1010.1557819829732	n/a	NonTarget	1	258600
1010.2807819250593	n/a	NonTarget	1	258632
1010.4057818671453	n/a	NonTarget	1	258664
1010.5307818092314	n/a	NonTarget	1	258696
1010.6557817513174	n/a	NonTarget	1	258728
1010.7807816934035	n/a	NonTarget	1	258760
1010.9057816354896	n/a	NonTarget	1	258792
1011.0307815775756	n/a	NonTarget	1	258824
1011.1557815196617	n/a	NonTarget	1	258856
1011.2807814617477	n/a	NonTarget	1	258888
1011.4057814038338	n/a	NonTarget	1	258920
1011.5307813459199	n/a	NonTarget	1	258952
1011.6557812880059	n/a	NonTarget	1	258984
1011.780781230092	n/a	NonTarget	1	259016
1011.905781172178	n/a	NonTarget	1	259048
1012.0307811142641	n/a	NonTarget	1	259080
1012.1557810563502	n/a	NonTarget	1	259112
1012.2807809984362	n/a	NonTarget	1	259144
1012.4057809405223	n/a	NonTarget	1	259176
1012.5307808826083	n/a	NonTarget	1	259208
1012.6557808246944	n/a	NonTarget	1	259240
1012.7807807667805	n/a	NonTarget	1	259272
1012.9057807088665	n/a	NonTarget	1	259304
1013.0307806509526	n/a	NonTarget	1	259336
1013.1557805930386	n/a	NonTarget	1	259368
1013.2807805351247	n/a	NonTarget	1	259400
1013.4057804772108	n/a	NonTarget	1	259432
1013.5307804192968	n/a	NonTarget	1	259464
1013.6557803613829	n/a	NonTarget	1	259496
1013.7807803034689	n/a	NonTarget	1	259528
1013.905780245555	n/a	NonTarget	1	259560
1014.0307801876411	n/a	NonTarget	1	259592
1014.1557801297271	n/a	NonTarget	1	259624
1014.2807800718132	n/a	NonTarget	1	259656
1014.4057800138992	n/a	NonTarget	1	259688
1014.5307799559853	n/a	NonTarget	1	259720
1014.6557798980714	n/a	NonTarget	1	259752
1014.7807798401574	n/a	NonTarget	1	259784
1014.9057797822435	n/a	NonTarget	1	259816
1015.0307797243295	n/a	NonTarget	1	259848
1015.1557796664156	n/a	NonTarget	1	259880
1015.2807796085017	n/a	NonTarget	1	259912
1015.4057795505877	n/a	NonTarget	1	259944
1015.5307794926738	n/a	NonTarget	1	259976
1015.6557794347598	n/a	NonTarget	1	260008
1015.7807793768459	n/a	NonTarget	1	260040
1015.905779318932	n/a	NonTarget	1	260072
1016.030779261018	n/a	NonTarget	1	260104
1016.1557792031041	n/a	NonTarget	1	260136
1016.2807791451901	n/a	NonTarget	1	260168
1016.4057790872762	n/a	NonTarget	1	260200
1016.5307790293623	n/a	NonTarget	1	260232
1016.6557789714483	n/a	NonTarget	1	260264
1016.7807789135344	n/a	NonTarget	1	260296
1016.9057788556204	n/a	NonTarget	1	260328
1017.0307787977065	n/a	NonTarget	1	260360
1017.1557787397926	n/a	NonTarget	1	260392
1017.2807786818786	n/a	NonTarget	1	260424
1017.4057786239647	n/a	NonTarget	1	260456
1017.5307785660507	n/a	NonTarget	1	260488
1017.6557785081368	n/a	NonTarget	1	260520
1017.7807784502228	n/a	NonTarget	1	260552
1017.9057783923089	n/a	NonTarget	1	260584
1018.030778334395	n/a	NonTarget	1	260616
1018.155778276481	n/a	NonTarget	1	260648
1018.2807782185671	n/a	NonTarget	1	260680
1018.4057781606531	n/a	NonTarget	1	260712
1024.53077532287	n/a	NonTarget	1	262280
1024.6557752649562	n/a	NonTarget	1	262312
1024.780775207042	n/a	NonTarget	1	262344
1024.9057751491282	n/a	NonTarget	1	262376
1025.0307750912143	n/a	NonTarget	1	262408
1025.1557750333004	n/a	NonTarget	1	262440
1025.2807749753865	n/a	NonTarget	1	262472
1025.4057749174724	n/a	NonTarget	1	262504
1025.5307748595585	n/a	NonTarget	1	262536
1025.6557748016446	n/a	NonTarget	1	262568
1025.7807747437307	n/a	NonTarget	1	262600
1025.9057746858168	n/a	NonTarget	1	262632
1026.0307746279027	n/a	NonTarget	1	262664
1026.1557745699888	n/a	NonTarget	1	262696
1026.280774512075	n/a	NonTarget	1	262728
1026.405774454161	n/a	NonTarget	1	262760
1026.5307743962471	n/a	NonTarget	1	262792
1026.655774338333	n/a	NonTarget	1	262824
1026.780774280419	n/a	NonTarget	1	262856
1026.9057742225052	n/a	NonTarget	1	262888
1027.0307741645913	n/a	NonTarget	1	262920
1027.1557741066774	n/a	NonTarget	1	262952
1027.2807740487633	n/a	NonTarget	1	262984
1027.4057739908494	n/a	NonTarget	1	263016
1027.5307739329355	n/a	NonTarget	1	263048
1027.6557738750216	n/a	NonTarget	1	263080
1027.7807738171077	n/a	NonTarget	1	263112
1027.9057737591936	n/a	NonTarget	1	263144
1028.0307737012797	n/a	NonTarget	1	263176
1028.1557736433658	n/a	NonTarget	1	263208
1028.280773585452	n/a	NonTarget	1	263240
1028.405773527538	n/a	NonTarget	1	263272
1028.530773469624	n/a	NonTarget	1	263304
1028.65577341171	n/a	NonTarget	1	263336
1028.7807733537961	n/a	NonTarget	1	263368
1028.9057732958822	n/a	NonTarget	1	263400
1029.0307732379683	n/a	NonTarget	1	263432
1029.1557731800542	n/a	NonTarget	1	263464
1029.2807731221403	n/a	NonTarget	1	263496
1029.4057730642264	n/a	NonTarget	1	263528
1029.5307730063125	n/a	NonTarget	1	263560
1029.6557729483986	n/a	NonTarget	1	263592
1029.7807728904845	n/a	NonTarget	1	263624
1029.9057728325706	n/a	NonTarget	1	263656
1030.0307727746567	n/a	NonTarget	1	263688
1030.1557727167428	n/a	NonTarget	1	263720
1030.280772658829	n/a	NonTarget	1	263752
1030.4057726009148	n/a	NonTarget	1	263784
1030.530772543001	n/a	NonTarget	1	263816
1030.655772485087	n/a	NonTarget	1	263848
1030.7807724271731	n/a	NonTarget	1	263880
1030.9057723692592	n/a	NonTarget	1	263912
1031.0307723113451	n/a	NonTarget	1	263944
1031.1557722534312	n/a	NonTarget	1	263976
1031.2807721955173	n/a	NonTarget	1	264008
1031.4057721376034	n/a	NonTarget	1	264040
1031.5307720796895	n/a	NonTarget	1	264072
1031.6557720217754	n/a	NonTarget	1	264104
1031.7807719638615	n/a	NonTarget	1	264136
1031.9057719059476	n/a	NonTarget	1	264168
1032.0307718480337	n/a	NonTarget	1	264200
1032.1557717901198	n/a	NonTarget	1	264232
1032.2807717322057	n/a	NonTarget	1	264264
1032.4057716742918	n/a	NonTarget	1	264296
1032.530771616378	n/a	NonTarget	1	264328
1032.655771558464	n/a	NonTarget	1	264360
1032.7807715005501	n/a	NonTarget	1	264392
1032.905771442636	n/a	NonTarget	1	264424
1033.0307713847221	n/a	NonTarget	1	264456
1033.1557713268082	n/a	NonTarget	1	264488
1033.2807712688943	n/a	NonTarget	1	264520
1033.4057712109804	n/a	NonTarget	1	264552
1039.5307683731974	n/a	NonTarget	1	266120
1039.6557683152835	n/a	NonTarget	1	266152
1039.7807682573693	n/a	NonTarget	1	266184
1039.9057681994555	n/a	NonTarget	1	266216
1040.0307681415416	n/a	NonTarget	1	266248
1040.1557680836277	n/a	NonTarget	1	266280
1040.2807680257138	n/a	NonTarget	1	266312
1040.4057679677996	n/a	NonTarget	1	266344
1040.5307679098858	n/a	NonTarget	1	266376
1040.6557678519719	n/a	NonTarget	1	266408
1040.780767794058	n/a	NonTarget	1	266440
1040.905767736144	n/a	NonTarget	1	266472
1041.03076767823	n/a	NonTarget	1	266504
1041.155767620316	n/a	NonTarget	1	266536
1041.2807675624022	n/a	NonTarget	1	266568
1041.4057675044883	n/a	NonTarget	1	266600
1041.5307674465741	n/a	NonTarget	1	266632
1041.6557673886603	n/a	NonTarget	1	266664
1041.7807673307464	n/a	NonTarget	1	266696
1041.9057672728325	n/a	NonTarget	1	266728
1042.0307672149186	n/a	NonTarget	1	266760
1042.1557671570044	n/a	NonTarget	1	266792
1042.2807670990906	n/a	NonTarget	1	266824
1042.4057670411767	n/a	NonTarget	1	266856
1042.5307669832628	n/a	NonTarget	1	266888
1042.6557669253489	n/a	NonTarget	1	266920
1042.7807668674347	n/a	NonTarget	1	266952
1042.9057668095209	n/a	NonTarget	1	266984
1043.030766751607	n/a	NonTarget	1	267016
1043.155766693693	n/a	NonTarget	1	267048
1043.2807666357792	n/a	NonTarget	1	267080
1043.405766577865	n/a	NonTarget	1	267112
1043.5307665199512	n/a	NonTarget	1	267144
1043.6557664620373	n/a	NonTarget	1	267176
1043.7807664041234	n/a	NonTarget	1	267208
1043.9057663462095	n/a	NonTarget	1	267240
1044.0307662882954	n/a	NonTarget	1	267272
1044.1557662303815	n/a	NonTarget	1	267304
1044.2807661724676	n/a	NonTarget	1	267336
1044.4057661145537	n/a	NonTarget	1	267368
1044.5307660566398	n/a	NonTarget	1	267400
1044.6557659987257	n/a	NonTarget	1	267432
1044.7807659408118	n/a	NonTarget	1	267464
1044.9057658828979	n/a	NonTarget	1	267496
1045.030765824984	n/a	NonTarget	1	267528
1045.15576576707	n/a	NonTarget	1	267560
1045.280765709156	n/a	NonTarget	1	267592
1045.405765651242	n/a	NonTarget	1	267624
1045.5307655933282	n/a	NonTarget	1	267656
1045.6557655354143	n/a	NonTarget	1	267688
1045.7807654775004	n/a	NonTarget	1	267720
1045.9057654195863	n/a	NonTarget	1	267752
1046.0307653616724	n/a	NonTarget	1	267784
1046.1557653037585	n/a	NonTarget	1	267816
1046.2807652458446	n/a	NonTarget	1	267848
1046.4057651879307	n/a	NonTarget	1	267880
1046.5307651300166	n/a	NonTarget	1	267912
1046.6557650721027	n/a	NonTarget	1	267944
1046.7807650141888	n/a	NonTarget	1	267976
1046.9057649562749	n/a	NonTarget	1	268008
1047.030764898361	n/a	NonTarget	1	268040
1047.1557648404469	n/a	NonTarget	1	268072
1047.280764782533	n/a	NonTarget	1	268104
1047.405764724619	n/a	NonTarget	1	268136
1047.5307646667052	n/a	NonTarget	1	268168
1047.6557646087913	n/a	NonTarget	1	268200
1047.7807645508772	n/a	NonTarget	1	268232
1047.9057644929633	n/a	NonTarget	1	268264
1048.0307644350494	n/a	NonTarget	1	268296
1048.1557643771355	n/a	NonTarget	1	268328
1048.2807643192216	n/a	NonTarget	1	268360
1048.4057642613075	n/a	NonTarget	1	268392
1054.5307614235246	n/a	NonTarget	1	269960
1054.6557613656105	n/a	NonTarget	1	269992
1054.7807613076966	n/a	NonTarget	1	270024
1054.9057612497827	n/a	NonTarget	1	270056
1055.0307611918688	n/a	NonTarget	1	270088
1055.155761133955	n/a	NonTarget	1	270120
1055.2807610760408	n/a	NonTarget	1	270152
1055.405761018127	n/a	NonTarget	1	270184
1055.530760960213	n/a	NonTarget	1	270216
1055.655760902299	n/a	NonTarget	1	270248
1055.7807608443852	n/a	NonTarget	1	270280
1055.905760786471	n/a	NonTarget	1	270312
1056.0307607285572	n/a	NonTarget	1	270344
1056.1557606706433	n/a	NonTarget	1	270376
1056.2807606127294	n/a	NonTarget	1	270408
1056.4057605548155	n/a	NonTarget	1	270440
1056.5307604969014	n/a	NonTarget	1	270472
1056.6557604389875	n/a	NonTarget	1	270504
1056.7807603810736	n/a	NonTarget	1	270536
1056.9057603231597	n/a	NonTarget	1	270568
1057.0307602652458	n/a	NonTarget	1	270600
1057.1557602073317	n/a	NonTarget	1	270632
1057.2807601494178	n/a	NonTarget	1	270664
1057.405760091504	n/a	NonTarget	1	270696
1057.53076003359	n/a	NonTarget	1	270728
1057.6557599756761	n/a	NonTarget	1	270760
1057.780759917762	n/a	NonTarget	1	270792
1057.905759859848	n/a	NonTarget	1	270824
1058.0307598019342	n/a	NonTarget	1	270856
1058.1557597440203	n/a	NonTarget	1	270888
1058.2807596861064	n/a	NonTarget	1	270920
1058.4057596281923	n/a	NonTarget	1	270952
1058.5307595702784	n/a	NonTarget	1	270984
1058.6557595123645	n/a	NonTarget	1	271016
1058.7807594544506	n/a	NonTarget	1	271048
1058.9057593965367	n/a	NonTarget	1	271080
1059.0307593386226	n/a	NonTarget	1	271112
1059.1557592807087	n/a	NonTarget	1	271144
1059.2807592227948	n/a	NonTarget	1	271176
1059.405759164881	n/a	NonTarget	1	271208
1059.530759106967	n/a	NonTarget	1	271240
1059.655759049053	n/a	NonTarget	1	271272
1059.780758991139	n/a	NonTarget	1	271304
1059.9057589332251	n/a	NonTarget	1	271336
1060.0307588753112	n/a	NonTarget	1	271368
1060.155758817397	n/a	NonTarget	1	271400
1060.2807587594832	n/a	NonTarget	1	271432
1060.4057587015693	n/a	NonTarget	1	271464
1060.5307586436554	n/a	NonTarget	1	271496
1060.6557585857415	n/a	NonTarget	1	271528
1060.7807585278274	n/a	NonTarget	1	271560
1060.9057584699135	n/a	NonTarget	1	271592
1061.0307584119996	n/a	NonTarget	1	271624
1061.1557583540857	n/a	NonTarget	1	271656
1061.2807582961718	n/a	NonTarget	1	271688
1061.4057582382577	n/a	NonTarget	1	271720
1061.5307581803438	n/a	NonTarget	1	271752
1061.65575812243	n/a	NonTarget	1	271784
1061.780758064516	n/a	NonTarget	1	271816
1061.9057580066021	n/a	NonTarget	1	271848
1062.030757948688	n/a	NonTarget	1	271880
1062.155757890774	n/a	NonTarget	1	271912
1062.2807578328602	n/a	NonTarget	1	271944
1062.4057577749463	n/a	NonTarget	1	271976
1062.5307577170324	n/a	NonTarget	1	272008
1062.6557576591183	n/a	NonTarget	1	272040
1062.7807576012044	n/a	NonTarget	1	272072
1062.9057575432905	n/a	NonTarget	1	272104
1063.0307574853766	n/a	NonTarget	1	272136
1063.1557574274627	n/a	NonTarget	1	272168
1063.2807573695486	n/a	NonTarget	1	272200
1063.4057573116347	n/a	NonTarget	1	272232
1069.5307544738516	n/a	NonTarget	1	273800
1069.6557544159377	n/a	NonTarget	1	273832
1069.7807543580238	n/a	NonTarget	1	273864
1069.90575430011	n/a	NonTarget	1	273896
1070.030754242196	n/a	NonTarget	1	273928
1070.155754184282	n/a	NonTarget	1	273960
1070.280754126368	n/a	NonTarget	1	273992
1070.4057540684541	n/a	NonTarget	1	274024
1070.5307540105402	n/a	NonTarget	1	274056
1070.6557539526264	n/a	NonTarget	1	274088
1070.7807538947122	n/a	NonTarget	1	274120
1070.9057538367983	n/a	NonTarget	1	274152
1071.0307537788844	n/a	NonTarget	1	274184
1071.1557537209706	n/a	NonTarget	1	274216
1071.2807536630567	n/a	NonTarget	1	274248
1071.4057536051425	n/a	NonTarget	1	274280
1071.5307535472286	n/a	NonTarget	1	274312
1071.6557534893147	n/a	NonTarget	1	274344
1071.7807534314009	n/a	NonTarget	1	274376
1071.905753373487	n/a	NonTarget	1	274408
1072.0307533155728	n/a	NonTarget	1	274440
1072.155753257659	n/a	NonTarget	1	274472
1072.280753199745	n/a	NonTarget	1	274504
1072.4057531418312	n/a	NonTarget	1	274536
1072.5307530839173	n/a	NonTarget	1	274568
1072.6557530260031	n/a	NonTarget	1	274600
1072.7807529680892	n/a	NonTarget	1	274632
1072.9057529101754	n/a	NonTarget	1	274664
1073.0307528522615	n/a	NonTarget	1	274696
1073.1557527943476	n/a	NonTarget	1	274728
1073.2807527364334	n/a	NonTarget	1	274760
1073.4057526785195	n/a	NonTarget	1	274792
1073.5307526206057	n/a	NonTarget	1	274824
1073.6557525626918	n/a	NonTarget	1	274856
1073.7807525047779	n/a	NonTarget	1	274888
1073.9057524468637	n/a	NonTarget	1	274920
1074.0307523889498	n/a	NonTarget	1	274952
1074.155752331036	n/a	NonTarget	1	274984
1074.280752273122	n/a	NonTarget	1	275016
1074.4057522152082	n/a	NonTarget	1	275048
1074.530752157294	n/a	NonTarget	1	275080
1074.6557520993802	n/a	NonTarget	1	275112
1074.7807520414663	n/a	NonTarget	1	275144
1074.9057519835524	n/a	NonTarget	1	275176
1075.0307519256385	n/a	NonTarget	1	275208
1075.1557518677243	n/a	NonTarget	1	275240
1075.2807518098105	n/a	NonTarget	1	275272
1075.4057517518966	n/a	NonTarget	1	275304
1075.5307516939827	n/a	NonTarget	1	275336
1075.6557516360688	n/a	NonTarget	1	275368
1075.7807515781546	n/a	NonTarget	1	275400
1075.9057515202408	n/a	NonTarget	1	275432
1076.0307514623269	n/a	NonTarget	1	275464
1076.155751404413	n/a	NonTarget	1	275496
1076.280751346499	n/a	NonTarget	1	275528
1076.405751288585	n/a	NonTarget	1	275560
1076.530751230671	n/a	NonTarget	1	275592
1076.6557511727572	n/a	NonTarget	1	275624
1076.7807511148433	n/a	NonTarget	1	275656
1076.9057510569294	n/a	NonTarget	1	275688
1077.0307509990153	n/a	NonTarget	1	275720
1077.1557509411014	n/a	NonTarget	1	275752
1077.2807508831875	n/a	NonTarget	1	275784
1077.4057508252736	n/a	NonTarget	1	275816
1077.5307507673597	n/a	NonTarget	1	275848
1077.6557507094456	n/a	NonTarget	1	275880
1077.7807506515317	n/a	NonTarget	1	275912
1077.9057505936178	n/a	NonTarget	1	275944
1078.0307505357039	n/a	NonTarget	1	275976
1078.15575047779	n/a	NonTarget	1	276008
1078.2807504198759	n/a	NonTarget	1	276040
1078.405750361962	n/a	NonTarget	1	276072
