onset	duration	trial_type	value	sample
4.53125	1.0	NonTarget	1	1160
4.65625	1.0	NonTarget	1	1192
4.78125	1.0	NonTarget	1	1224
4.90625	1.0	NonTarget	1	1256
5.03125	1.0	NonTarget	1	1288
5.15625	1.0	NonTarget	1	1320
5.28125	1.0	NonTarget	1	1352
5.40625	1.0	NonTarget	1	1384
5.53125	1.0	NonTarget	1	1416
5.65625	1.0	NonTarget	1	1448
5.78125	1.0	NonTarget	1	1480
5.90625	1.0	NonTarget	1	1512
6.03125	1.0	NonTarget	1	1544
6.15625	1.0	NonTarget	1	1576
6.28125	1.0	NonTarget	1	1608
6.40625	1.0	NonTarget	1	1640
6.53125	1.0	NonTarget	1	1672
6.65625	1.0	NonTarget	1	1704
6.78125	1.0	NonTarget	1	1736
6.90625	1.0	NonTarget	1	1768
7.03125	1.0	NonTarget	1	1800
7.15625	1.0	NonTarget	1	1832
7.28125	1.0	NonTarget	1	1864
7.40625	1.0	NonTarget	1	1896
7.53125	1.0	NonTarget	1	1928
7.65625	1.0	NonTarget	1	1960
7.78125	1.0	NonTarget	1	1992
7.90625	1.0	NonTarget	1	2024
8.03125	1.0	NonTarget	1	2056
8.15625	1.0	NonTarget	1	2088
8.28125	1.0	NonTarget	1	2120
8.40625	1.0	NonTarget	1	2152
8.53125	1.0	NonTarget	1	2184
8.65625	1.0	NonTarget	1	2216
8.78125	1.0	NonTarget	1	2248
8.90625	1.0	NonTarget	1	2280
9.03125	1.0	NonTarget	1	2312
9.15625	1.0	NonTarget	1	2344
9.28125	1.0	NonTarget	1	2376
9.40625	1.0	NonTarget	1	2408
9.53125	1.0	NonTarget	1	2440
9.65625	1.0	NonTarget	1	2472
9.78125	1.0	NonTarget	1	2504
9.90625	1.0	NonTarget	1	2536
10.03125	1.0	NonTarget	1	2568
10.15625	1.0	NonTarget	1	2600
10.28125	1.0	NonTarget	1	2632
10.40625	1.0	NonTarget	1	2664
10.53125	1.0	NonTarget	1	2696
10.65625	1.0	NonTarget	1	2728
10.78125	1.0	NonTarget	1	2760
10.90625	1.0	NonTarget	1	2792
11.03125	1.0	NonTarget	1	2824
11.15625	1.0	NonTarget	1	2856
11.28125	1.0	NonTarget	1	2888
11.40625	1.0	NonTarget	1	2920
11.53125	1.0	NonTarget	1	2952
11.65625	1.0	NonTarget	1	2984
11.78125	1.0	NonTarget	1	3016
11.90625	1.0	NonTarget	1	3048
12.03125	1.0	NonTarget	1	3080
12.15625	1.0	NonTarget	1	3112
12.28125	1.0	NonTarget	1	3144
12.40625	1.0	NonTarget	1	3176
12.53125	1.0	NonTarget	1	3208
12.65625	1.0	NonTarget	1	3240
12.78125	1.0	NonTarget	1	3272
12.90625	1.0	NonTarget	1	3304
13.03125	1.0	NonTarget	1	3336
13.15625	1.0	NonTarget	1	3368
13.28125	1.0	NonTarget	1	3400
13.40625	1.0	NonTarget	1	3432
19.53125	1.0	NonTarget	1	5000
19.65625	1.0	NonTarget	1	5032
19.78125	1.0	NonTarget	1	5064
19.90625	1.0	NonTarget	1	5096
20.03125	1.0	NonTarget	1	5128
20.15625	1.0	NonTarget	1	5160
20.28125	1.0	NonTarget	1	5192
20.40625	1.0	NonTarget	1	5224
20.53125	1.0	NonTarget	1	5256
20.65625	1.0	NonTarget	1	5288
20.78125	1.0	NonTarget	1	5320
20.90625	1.0	NonTarget	1	5352
21.03125	1.0	NonTarget	1	5384
21.15625	1.0	NonTarget	1	5416
21.28125	1.0	NonTarget	1	5448
21.40625	1.0	NonTarget	1	5480
21.53125	1.0	NonTarget	1	5512
21.65625	1.0	NonTarget	1	5544
21.78125	1.0	NonTarget	1	5576
21.90625	1.0	NonTarget	1	5608
22.03125	1.0	NonTarget	1	5640
22.15625	1.0	NonTarget	1	5672
22.28125	1.0	NonTarget	1	5704
22.40625	1.0	NonTarget	1	5736
22.53125	1.0	NonTarget	1	5768
22.65625	1.0	NonTarget	1	5800
22.78125	1.0	NonTarget	1	5832
22.90625	1.0	NonTarget	1	5864
23.03125	1.0	NonTarget	1	5896
23.15625	1.0	NonTarget	1	5928
23.28125	1.0	NonTarget	1	5960
23.40625	1.0	NonTarget	1	5992
23.53125	1.0	NonTarget	1	6024
23.65625	1.0	NonTarget	1	6056
23.78125	1.0	NonTarget	1	6088
23.90625	1.0	NonTarget	1	6120
24.03125	1.0	NonTarget	1	6152
24.15625	1.0	NonTarget	1	6184
24.28125	1.0	NonTarget	1	6216
24.40625	1.0	NonTarget	1	6248
24.53125	1.0	NonTarget	1	6280
24.65625	1.0	NonTarget	1	6312
24.78125	1.0	NonTarget	1	6344
24.90625	1.0	NonTarget	1	6376
25.03125	1.0	NonTarget	1	6408
25.15625	1.0	NonTarget	1	6440
25.28125	1.0	NonTarget	1	6472
25.40625	1.0	NonTarget	1	6504
25.53125	1.0	NonTarget	1	6536
25.65625	1.0	NonTarget	1	6568
25.78125	1.0	NonTarget	1	6600
25.90625	1.0	NonTarget	1	6632
26.03125	1.0	NonTarget	1	6664
26.15625	1.0	NonTarget	1	6696
26.28125	1.0	NonTarget	1	6728
26.40625	1.0	NonTarget	1	6760
26.53125	1.0	NonTarget	1	6792
26.65625	1.0	NonTarget	1	6824
26.78125	1.0	NonTarget	1	6856
26.90625	1.0	NonTarget	1	6888
27.03125	1.0	NonTarget	1	6920
27.15625	1.0	NonTarget	1	6952
27.28125	1.0	NonTarget	1	6984
27.40625	1.0	NonTarget	1	7016
27.53125	1.0	NonTarget	1	7048
27.65625	1.0	NonTarget	1	7080
27.78125	1.0	NonTarget	1	7112
27.90625	1.0	NonTarget	1	7144
28.03125	1.0	NonTarget	1	7176
28.15625	1.0	NonTarget	1	7208
28.28125	1.0	NonTarget	1	7240
28.40625	1.0	NonTarget	1	7272
34.53125	1.0	NonTarget	1	8840
34.65625	1.0	NonTarget	1	8872
34.78125	1.0	NonTarget	1	8904
34.90625	1.0	NonTarget	1	8936
35.03125	1.0	NonTarget	1	8968
35.15625	1.0	NonTarget	1	9000
35.28125	1.0	NonTarget	1	9032
35.40625	1.0	NonTarget	1	9064
35.53125	1.0	NonTarget	1	9096
35.65625	1.0	NonTarget	1	9128
35.78125	1.0	NonTarget	1	9160
35.90625	1.0	NonTarget	1	9192
36.03125	1.0	NonTarget	1	9224
36.15625	1.0	NonTarget	1	9256
36.28125	1.0	NonTarget	1	9288
36.40625	1.0	NonTarget	1	9320
36.53125	1.0	NonTarget	1	9352
36.65625	1.0	NonTarget	1	9384
36.78125	1.0	NonTarget	1	9416
36.90625	1.0	NonTarget	1	9448
37.03125	1.0	NonTarget	1	9480
37.15625	1.0	NonTarget	1	9512
37.28125	1.0	NonTarget	1	9544
37.40625	1.0	NonTarget	1	9576
37.53125	1.0	NonTarget	1	9608
37.65625	1.0	NonTarget	1	9640
37.78125	1.0	NonTarget	1	9672
37.90625	1.0	NonTarget	1	9704
38.03125	1.0	NonTarget	1	9736
38.15625	1.0	NonTarget	1	9768
38.28125	1.0	NonTarget	1	9800
38.40625	1.0	NonTarget	1	9832
38.53125	1.0	NonTarget	1	9864
38.65625	1.0	NonTarget	1	9896
38.78125	1.0	NonTarget	1	9928
38.90625	1.0	NonTarget	1	9960
39.03125	1.0	NonTarget	1	9992
39.15625	1.0	NonTarget	1	10024
39.28125	1.0	NonTarget	1	10056
39.40625	1.0	NonTarget	1	10088
39.53125	1.0	NonTarget	1	10120
39.65625	1.0	NonTarget	1	10152
39.78125	1.0	NonTarget	1	10184
39.90625	1.0	NonTarget	1	10216
40.03125	1.0	NonTarget	1	10248
40.15625	1.0	NonTarget	1	10280
40.28125	1.0	NonTarget	1	10312
40.40625	1.0	NonTarget	1	10344
40.53125	1.0	NonTarget	1	10376
40.65625	1.0	NonTarget	1	10408
40.78125	1.0	NonTarget	1	10440
40.90625	1.0	NonTarget	1	10472
41.03125	1.0	NonTarget	1	10504
41.15625	1.0	NonTarget	1	10536
41.28125	1.0	NonTarget	1	10568
41.40625	1.0	NonTarget	1	10600
41.53125	1.0	NonTarget	1	10632
41.65625	1.0	NonTarget	1	10664
41.78125	1.0	NonTarget	1	10696
41.90625	1.0	NonTarget	1	10728
42.03125	1.0	NonTarget	1	10760
42.15625	1.0	NonTarget	1	10792
42.28125	1.0	NonTarget	1	10824
42.40625	1.0	NonTarget	1	10856
42.53125	1.0	NonTarget	1	10888
42.65625	1.0	NonTarget	1	10920
42.78125	1.0	NonTarget	1	10952
42.90625	1.0	NonTarget	1	10984
43.03125	1.0	NonTarget	1	11016
43.15625	1.0	NonTarget	1	11048
43.28125	1.0	NonTarget	1	11080
43.40625	1.0	NonTarget	1	11112
49.53125	1.0	NonTarget	1	12680
49.65625	1.0	NonTarget	1	12712
49.78125	1.0	NonTarget	1	12744
49.90625	1.0	NonTarget	1	12776
50.03125	1.0	NonTarget	1	12808
50.15625	1.0	NonTarget	1	12840
50.28125	1.0	NonTarget	1	12872
50.40625	1.0	NonTarget	1	12904
50.53125	1.0	NonTarget	1	12936
50.65625	1.0	NonTarget	1	12968
50.78125	1.0	NonTarget	1	13000
50.90625	1.0	NonTarget	1	13032
51.03125	1.0	NonTarget	1	13064
51.15625	1.0	NonTarget	1	13096
51.28125	1.0	NonTarget	1	13128
51.40625	1.0	NonTarget	1	13160
51.53125	1.0	NonTarget	1	13192
51.65625	1.0	NonTarget	1	13224
51.78125	1.0	NonTarget	1	13256
51.90625	1.0	NonTarget	1	13288
52.03125	1.0	NonTarget	1	13320
52.15625	1.0	NonTarget	1	13352
52.28125	1.0	NonTarget	1	13384
52.40625	1.0	NonTarget	1	13416
52.53125	1.0	NonTarget	1	13448
52.65625	1.0	NonTarget	1	13480
52.78125	1.0	NonTarget	1	13512
52.90625	1.0	NonTarget	1	13544
53.03125	1.0	NonTarget	1	13576
53.15625	1.0	NonTarget	1	13608
53.28125	1.0	NonTarget	1	13640
53.40625	1.0	NonTarget	1	13672
53.53125	1.0	NonTarget	1	13704
53.65625	1.0	NonTarget	1	13736
53.78125	1.0	NonTarget	1	13768
53.90625	1.0	NonTarget	1	13800
54.03125	1.0	NonTarget	1	13832
54.15625	1.0	NonTarget	1	13864
54.28125	1.0	NonTarget	1	13896
54.40625	1.0	NonTarget	1	13928
54.53125	1.0	NonTarget	1	13960
54.65625	1.0	NonTarget	1	13992
54.78125	1.0	NonTarget	1	14024
54.90625	1.0	NonTarget	1	14056
55.03125	1.0	NonTarget	1	14088
55.15625	1.0	NonTarget	1	14120
55.28125	1.0	NonTarget	1	14152
55.40625	1.0	NonTarget	1	14184
55.53125	1.0	NonTarget	1	14216
55.65625	1.0	NonTarget	1	14248
55.78125	1.0	NonTarget	1	14280
55.90625	1.0	NonTarget	1	14312
56.03125	1.0	NonTarget	1	14344
56.15625	1.0	NonTarget	1	14376
56.28125	1.0	NonTarget	1	14408
56.40625	1.0	NonTarget	1	14440
56.53125	1.0	NonTarget	1	14472
56.65625	1.0	NonTarget	1	14504
56.78125	1.0	NonTarget	1	14536
56.90625	1.0	NonTarget	1	14568
57.03125	1.0	NonTarget	1	14600
57.15625	1.0	NonTarget	1	14632
57.28125	1.0	NonTarget	1	14664
57.40625	1.0	NonTarget	1	14696
57.53125	1.0	NonTarget	1	14728
57.65625	1.0	NonTarget	1	14760
57.78125	1.0	NonTarget	1	14792
57.90625	1.0	NonTarget	1	14824
58.03125	1.0	NonTarget	1	14856
58.15625	1.0	NonTarget	1	14888
58.28125	1.0	NonTarget	1	14920
58.40625	1.0	NonTarget	1	14952
64.53125	1.0	NonTarget	1	16520
64.65625	1.0	NonTarget	1	16552
64.78125	1.0	NonTarget	1	16584
64.90625	1.0	NonTarget	1	16616
65.03125	1.0	NonTarget	1	16648
65.15625	1.0	NonTarget	1	16680
65.28125	1.0	NonTarget	1	16712
65.40625	1.0	NonTarget	1	16744
65.53125	1.0	NonTarget	1	16776
65.65625	1.0	NonTarget	1	16808
65.78125	1.0	NonTarget	1	16840
65.90625	1.0	NonTarget	1	16872
66.03125	1.0	NonTarget	1	16904
66.15625	1.0	NonTarget	1	16936
66.28125	1.0	NonTarget	1	16968
66.40625	1.0	NonTarget	1	17000
66.53125	1.0	NonTarget	1	17032
66.65625	1.0	NonTarget	1	17064
66.78125	1.0	NonTarget	1	17096
66.90625	1.0	NonTarget	1	17128
67.03125	1.0	NonTarget	1	17160
67.15625	1.0	NonTarget	1	17192
67.28125	1.0	NonTarget	1	17224
67.40625	1.0	NonTarget	1	17256
67.53125	1.0	NonTarget	1	17288
67.65625	1.0	NonTarget	1	17320
67.78125	1.0	NonTarget	1	17352
67.90625	1.0	NonTarget	1	17384
68.03125	1.0	NonTarget	1	17416
68.15625	1.0	NonTarget	1	17448
68.28125	1.0	NonTarget	1	17480
68.40625	1.0	NonTarget	1	17512
68.53125	1.0	NonTarget	1	17544
68.65625	1.0	NonTarget	1	17576
68.78125	1.0	NonTarget	1	17608
68.90625	1.0	NonTarget	1	17640
69.03125	1.0	NonTarget	1	17672
69.15625	1.0	NonTarget	1	17704
69.28125	1.0	NonTarget	1	17736
69.40625	1.0	NonTarget	1	17768
69.53125	1.0	NonTarget	1	17800
69.65625	1.0	NonTarget	1	17832
69.78125	1.0	NonTarget	1	17864
69.90625	1.0	NonTarget	1	17896
70.03125	1.0	NonTarget	1	17928
70.15625	1.0	NonTarget	1	17960
70.28125	1.0	NonTarget	1	17992
70.40625	1.0	NonTarget	1	18024
70.53125	1.0	NonTarget	1	18056
70.65625	1.0	NonTarget	1	18088
70.78125	1.0	NonTarget	1	18120
70.90625	1.0	NonTarget	1	18152
71.03125	1.0	NonTarget	1	18184
71.15625	1.0	NonTarget	1	18216
71.28125	1.0	NonTarget	1	18248
71.40625	1.0	NonTarget	1	18280
71.53125	1.0	NonTarget	1	18312
71.65625	1.0	NonTarget	1	18344
71.78125	1.0	NonTarget	1	18376
71.90625	1.0	NonTarget	1	18408
72.03125	1.0	NonTarget	1	18440
72.15625	1.0	NonTarget	1	18472
72.28125	1.0	NonTarget	1	18504
72.40625	1.0	NonTarget	1	18536
72.53125	1.0	NonTarget	1	18568
72.65625	1.0	NonTarget	1	18600
72.78125	1.0	NonTarget	1	18632
72.90625	1.0	NonTarget	1	18664
73.03125	1.0	NonTarget	1	18696
73.15625	1.0	NonTarget	1	18728
73.28125	1.0	NonTarget	1	18760
73.40625	1.0	NonTarget	1	18792
79.53125	1.0	NonTarget	1	20360
79.65625	1.0	NonTarget	1	20392
79.78125	1.0	NonTarget	1	20424
79.90625	1.0	NonTarget	1	20456
80.03125	1.0	NonTarget	1	20488
80.15625	1.0	NonTarget	1	20520
80.28125	1.0	NonTarget	1	20552
80.40625	1.0	NonTarget	1	20584
80.53125	1.0	NonTarget	1	20616
80.65625	1.0	NonTarget	1	20648
80.78125	1.0	NonTarget	1	20680
80.90625	1.0	NonTarget	1	20712
81.03125	1.0	NonTarget	1	20744
81.15625	1.0	NonTarget	1	20776
81.28125	1.0	NonTarget	1	20808
81.40625	1.0	NonTarget	1	20840
81.53125	1.0	NonTarget	1	20872
81.65625	1.0	NonTarget	1	20904
81.78125	1.0	NonTarget	1	20936
81.90625	1.0	NonTarget	1	20968
82.03125	1.0	NonTarget	1	21000
82.15625	1.0	NonTarget	1	21032
82.28125	1.0	NonTarget	1	21064
82.40625	1.0	NonTarget	1	21096
82.53125	1.0	NonTarget	1	21128
82.65625	1.0	NonTarget	1	21160
82.78125	1.0	NonTarget	1	21192
82.90625	1.0	NonTarget	1	21224
83.03125	1.0	NonTarget	1	21256
83.15625	1.0	NonTarget	1	21288
83.28125	1.0	NonTarget	1	21320
83.40625	1.0	NonTarget	1	21352
83.53125	1.0	NonTarget	1	21384
83.65625	1.0	NonTarget	1	21416
83.78125	1.0	NonTarget	1	21448
83.90625	1.0	NonTarget	1	21480
84.03125	1.0	NonTarget	1	21512
84.15625	1.0	NonTarget	1	21544
84.28125	1.0	NonTarget	1	21576
84.40625	1.0	NonTarget	1	21608
84.53125	1.0	NonTarget	1	21640
84.65625	1.0	NonTarget	1	21672
84.78125	1.0	NonTarget	1	21704
84.90625	1.0	NonTarget	1	21736
85.03125	1.0	NonTarget	1	21768
85.15625	1.0	NonTarget	1	21800
85.28125	1.0	NonTarget	1	21832
85.40625	1.0	NonTarget	1	21864
85.53125	1.0	NonTarget	1	21896
85.65625	1.0	NonTarget	1	21928
85.78125	1.0	NonTarget	1	21960
85.90625	1.0	NonTarget	1	21992
86.03125	1.0	NonTarget	1	22024
86.15625	1.0	NonTarget	1	22056
86.28125	1.0	NonTarget	1	22088
86.40625	1.0	NonTarget	1	22120
86.53125	1.0	NonTarget	1	22152
86.65625	1.0	NonTarget	1	22184
86.78125	1.0	NonTarget	1	22216
86.90625	1.0	NonTarget	1	22248
87.03125	1.0	NonTarget	1	22280
87.15625	1.0	NonTarget	1	22312
87.28125	1.0	NonTarget	1	22344
87.40625	1.0	NonTarget	1	22376
87.53125	1.0	NonTarget	1	22408
87.65625	1.0	NonTarget	1	22440
87.78125	1.0	NonTarget	1	22472
87.90625	1.0	NonTarget	1	22504
88.03125	1.0	NonTarget	1	22536
88.15625	1.0	NonTarget	1	22568
88.28125	1.0	NonTarget	1	22600
88.40625	1.0	NonTarget	1	22632
94.53125	1.0	NonTarget	1	24200
94.65625	1.0	NonTarget	1	24232
94.78125	1.0	NonTarget	1	24264
94.90625	1.0	NonTarget	1	24296
95.03125	1.0	NonTarget	1	24328
95.15625	1.0	NonTarget	1	24360
95.28125	1.0	NonTarget	1	24392
95.40625	1.0	NonTarget	1	24424
95.53125	1.0	NonTarget	1	24456
95.65625	1.0	NonTarget	1	24488
95.78125	1.0	NonTarget	1	24520
95.90625	1.0	NonTarget	1	24552
96.03125	1.0	NonTarget	1	24584
96.15625	1.0	NonTarget	1	24616
96.28125	1.0	NonTarget	1	24648
96.40625	1.0	NonTarget	1	24680
96.53125	1.0	NonTarget	1	24712
96.65625	1.0	NonTarget	1	24744
96.78125	1.0	NonTarget	1	24776
96.90625	1.0	NonTarget	1	24808
97.03125	1.0	NonTarget	1	24840
97.15625	1.0	NonTarget	1	24872
97.28125	1.0	NonTarget	1	24904
97.40625	1.0	NonTarget	1	24936
97.53125	1.0	NonTarget	1	24968
97.65625	1.0	NonTarget	1	25000
97.78125	1.0	NonTarget	1	25032
97.90625	1.0	NonTarget	1	25064
98.03125	1.0	NonTarget	1	25096
98.15625	1.0	NonTarget	1	25128
98.28125	1.0	NonTarget	1	25160
98.40625	1.0	NonTarget	1	25192
98.53125	1.0	NonTarget	1	25224
98.65625	1.0	NonTarget	1	25256
98.78125	1.0	NonTarget	1	25288
98.90625	1.0	NonTarget	1	25320
99.03125	1.0	NonTarget	1	25352
99.15625	1.0	NonTarget	1	25384
99.28125	1.0	NonTarget	1	25416
99.40625	1.0	NonTarget	1	25448
99.53125	1.0	NonTarget	1	25480
99.65625	1.0	NonTarget	1	25512
99.78125	1.0	NonTarget	1	25544
99.90625	1.0	NonTarget	1	25576
100.03125	1.0	NonTarget	1	25608
100.15625	1.0	NonTarget	1	25640
100.28125	1.0	NonTarget	1	25672
100.40625	1.0	NonTarget	1	25704
100.53125	1.0	NonTarget	1	25736
100.65625	1.0	NonTarget	1	25768
100.78125	1.0	NonTarget	1	25800
100.90625	1.0	NonTarget	1	25832
101.03125	1.0	NonTarget	1	25864
101.15625	1.0	NonTarget	1	25896
101.28125	1.0	NonTarget	1	25928
101.40625	1.0	NonTarget	1	25960
101.53125	1.0	NonTarget	1	25992
101.65625	1.0	NonTarget	1	26024
101.78125	1.0	NonTarget	1	26056
101.90625	1.0	NonTarget	1	26088
102.03125	1.0	NonTarget	1	26120
102.15625	1.0	NonTarget	1	26152
102.28125	1.0	NonTarget	1	26184
102.40625	1.0	NonTarget	1	26216
102.53125	1.0	NonTarget	1	26248
102.65625	1.0	NonTarget	1	26280
102.78125	1.0	NonTarget	1	26312
102.90625	1.0	NonTarget	1	26344
103.03125	1.0	NonTarget	1	26376
103.15625	1.0	NonTarget	1	26408
103.28125	1.0	NonTarget	1	26440
103.40625	1.0	NonTarget	1	26472
109.53125	1.0	NonTarget	1	28040
109.65625	1.0	NonTarget	1	28072
109.78125	1.0	NonTarget	1	28104
109.90625	1.0	NonTarget	1	28136
110.03125	1.0	NonTarget	1	28168
110.15625	1.0	NonTarget	1	28200
110.28125	1.0	NonTarget	1	28232
110.40625	1.0	NonTarget	1	28264
110.53125	1.0	NonTarget	1	28296
110.65625	1.0	NonTarget	1	28328
110.78125	1.0	NonTarget	1	28360
110.90625	1.0	NonTarget	1	28392
111.03125	1.0	NonTarget	1	28424
111.15625	1.0	NonTarget	1	28456
111.28125	1.0	NonTarget	1	28488
111.40625	1.0	NonTarget	1	28520
111.53125	1.0	NonTarget	1	28552
111.65625	1.0	NonTarget	1	28584
111.78125	1.0	NonTarget	1	28616
111.90625	1.0	NonTarget	1	28648
112.03125	1.0	NonTarget	1	28680
112.15625	1.0	NonTarget	1	28712
112.28125	1.0	NonTarget	1	28744
112.40625	1.0	NonTarget	1	28776
112.53125	1.0	NonTarget	1	28808
112.65625	1.0	NonTarget	1	28840
112.78125	1.0	NonTarget	1	28872
112.90625	1.0	NonTarget	1	28904
113.03125	1.0	NonTarget	1	28936
113.15625	1.0	NonTarget	1	28968
113.28125	1.0	NonTarget	1	29000
113.40625	1.0	NonTarget	1	29032
113.53125	1.0	NonTarget	1	29064
113.65625	1.0	NonTarget	1	29096
113.78125	1.0	NonTarget	1	29128
113.90625	1.0	NonTarget	1	29160
114.03125	1.0	NonTarget	1	29192
114.15625	1.0	NonTarget	1	29224
114.28125	1.0	NonTarget	1	29256
114.40625	1.0	NonTarget	1	29288
114.53125	1.0	NonTarget	1	29320
114.65625	1.0	NonTarget	1	29352
114.78125	1.0	NonTarget	1	29384
114.90625	1.0	NonTarget	1	29416
115.03125	1.0	NonTarget	1	29448
115.15625	1.0	NonTarget	1	29480
115.28125	1.0	NonTarget	1	29512
115.40625	1.0	NonTarget	1	29544
115.53125	1.0	NonTarget	1	29576
115.65625	1.0	NonTarget	1	29608
115.78125	1.0	NonTarget	1	29640
115.90625	1.0	NonTarget	1	29672
116.03125	1.0	NonTarget	1	29704
116.15625	1.0	NonTarget	1	29736
116.28125	1.0	NonTarget	1	29768
116.40625	1.0	NonTarget	1	29800
116.53125	1.0	NonTarget	1	29832
116.65625	1.0	NonTarget	1	29864
116.78125	1.0	NonTarget	1	29896
116.90625	1.0	NonTarget	1	29928
117.03125	1.0	NonTarget	1	29960
117.15625	1.0	NonTarget	1	29992
117.28125	1.0	NonTarget	1	30024
117.40625	1.0	NonTarget	1	30056
117.53125	1.0	NonTarget	1	30088
117.65625	1.0	NonTarget	1	30120
117.78125	1.0	NonTarget	1	30152
117.90625	1.0	NonTarget	1	30184
118.03125	1.0	NonTarget	1	30216
118.15625	1.0	NonTarget	1	30248
118.28125	1.0	NonTarget	1	30280
118.40625	1.0	NonTarget	1	30312
124.53125	1.0	NonTarget	1	31880
124.65625	1.0	NonTarget	1	31912
124.78125	1.0	NonTarget	1	31944
124.90625	1.0	NonTarget	1	31976
125.03125	1.0	NonTarget	1	32008
125.15625	1.0	NonTarget	1	32040
125.28125	1.0	NonTarget	1	32072
125.40625	1.0	NonTarget	1	32104
125.53125	1.0	NonTarget	1	32136
125.65625	1.0	NonTarget	1	32168
125.78125	1.0	NonTarget	1	32200
125.90625	1.0	NonTarget	1	32232
126.03125	1.0	NonTarget	1	32264
126.15625	1.0	NonTarget	1	32296
126.28125	1.0	NonTarget	1	32328
126.40625	1.0	NonTarget	1	32360
126.53125	1.0	NonTarget	1	32392
126.65625	1.0	NonTarget	1	32424
126.78125	1.0	NonTarget	1	32456
126.90625	1.0	NonTarget	1	32488
127.03125	1.0	NonTarget	1	32520
127.15625	1.0	NonTarget	1	32552
127.28125	1.0	NonTarget	1	32584
127.40625	1.0	NonTarget	1	32616
127.53125	1.0	NonTarget	1	32648
127.65625	1.0	NonTarget	1	32680
127.78125	1.0	NonTarget	1	32712
127.90625	1.0	NonTarget	1	32744
128.03125	1.0	NonTarget	1	32776
128.15625	1.0	NonTarget	1	32808
128.28125	1.0	NonTarget	1	32840
128.40625	1.0	NonTarget	1	32872
128.53125	1.0	NonTarget	1	32904
128.65625	1.0	NonTarget	1	32936
128.78125	1.0	NonTarget	1	32968
128.90625	1.0	NonTarget	1	33000
129.03125	1.0	NonTarget	1	33032
129.15625	1.0	NonTarget	1	33064
129.28125	1.0	NonTarget	1	33096
129.40625	1.0	NonTarget	1	33128
129.53125	1.0	NonTarget	1	33160
129.65625	1.0	NonTarget	1	33192
129.78125	1.0	NonTarget	1	33224
129.90625	1.0	NonTarget	1	33256
130.03125	1.0	NonTarget	1	33288
130.15625	1.0	NonTarget	1	33320
130.28125	1.0	NonTarget	1	33352
130.40625	1.0	NonTarget	1	33384
130.53125	1.0	NonTarget	1	33416
130.65625	1.0	NonTarget	1	33448
130.78125	1.0	NonTarget	1	33480
130.90625	1.0	NonTarget	1	33512
131.03125	1.0	NonTarget	1	33544
131.15625	1.0	NonTarget	1	33576
131.28125	1.0	NonTarget	1	33608
131.40625	1.0	NonTarget	1	33640
131.53125	1.0	NonTarget	1	33672
131.65625	1.0	NonTarget	1	33704
131.78125	1.0	NonTarget	1	33736
131.90625	1.0	NonTarget	1	33768
132.03125	1.0	NonTarget	1	33800
132.15625	1.0	NonTarget	1	33832
132.28125	1.0	NonTarget	1	33864
132.40625	1.0	NonTarget	1	33896
132.53125	1.0	NonTarget	1	33928
132.65625	1.0	NonTarget	1	33960
132.78125	1.0	NonTarget	1	33992
132.90625	1.0	NonTarget	1	34024
133.03125	1.0	NonTarget	1	34056
133.15625	1.0	NonTarget	1	34088
133.28125	1.0	NonTarget	1	34120
133.40625	1.0	NonTarget	1	34152
139.53125	1.0	NonTarget	1	35720
139.65625	1.0	NonTarget	1	35752
139.78125	1.0	NonTarget	1	35784
139.90625	1.0	NonTarget	1	35816
140.03125	1.0	NonTarget	1	35848
140.15625	1.0	NonTarget	1	35880
140.28125	1.0	NonTarget	1	35912
140.40625	1.0	NonTarget	1	35944
140.53125	1.0	NonTarget	1	35976
140.65625	1.0	NonTarget	1	36008
140.78125	1.0	NonTarget	1	36040
140.90625	1.0	NonTarget	1	36072
141.03125	1.0	NonTarget	1	36104
141.15625	1.0	NonTarget	1	36136
141.28125	1.0	NonTarget	1	36168
141.40625	1.0	NonTarget	1	36200
141.53125	1.0	NonTarget	1	36232
141.65625	1.0	NonTarget	1	36264
141.78125	1.0	NonTarget	1	36296
141.90625	1.0	NonTarget	1	36328
142.03125	1.0	NonTarget	1	36360
142.15625	1.0	NonTarget	1	36392
142.28125	1.0	NonTarget	1	36424
142.40625	1.0	NonTarget	1	36456
142.53125	1.0	NonTarget	1	36488
142.65625	1.0	NonTarget	1	36520
142.78125	1.0	NonTarget	1	36552
142.90625	1.0	NonTarget	1	36584
143.03125	1.0	NonTarget	1	36616
143.15625	1.0	NonTarget	1	36648
143.28125	1.0	NonTarget	1	36680
143.40625	1.0	NonTarget	1	36712
143.53125	1.0	NonTarget	1	36744
143.65625	1.0	NonTarget	1	36776
143.78125	1.0	NonTarget	1	36808
143.90625	1.0	NonTarget	1	36840
144.03125	1.0	NonTarget	1	36872
144.15625	1.0	NonTarget	1	36904
144.28125	1.0	NonTarget	1	36936
144.40625	1.0	NonTarget	1	36968
144.53125	1.0	NonTarget	1	37000
144.65625	1.0	NonTarget	1	37032
144.78125	1.0	NonTarget	1	37064
144.90625	1.0	NonTarget	1	37096
145.03125	1.0	NonTarget	1	37128
145.15625	1.0	NonTarget	1	37160
145.28125	1.0	NonTarget	1	37192
145.40625	1.0	NonTarget	1	37224
145.53125	1.0	NonTarget	1	37256
145.65625	1.0	NonTarget	1	37288
145.78125	1.0	NonTarget	1	37320
145.90625	1.0	NonTarget	1	37352
146.03125	1.0	NonTarget	1	37384
146.15625	1.0	NonTarget	1	37416
146.28125	1.0	NonTarget	1	37448
146.40625	1.0	NonTarget	1	37480
146.53125	1.0	NonTarget	1	37512
146.65625	1.0	NonTarget	1	37544
146.78125	1.0	NonTarget	1	37576
146.90625	1.0	NonTarget	1	37608
147.03125	1.0	NonTarget	1	37640
147.15625	1.0	NonTarget	1	37672
147.28125	1.0	NonTarget	1	37704
147.40625	1.0	NonTarget	1	37736
147.53125	1.0	NonTarget	1	37768
147.65625	1.0	NonTarget	1	37800
147.78125	1.0	NonTarget	1	37832
147.90625	1.0	NonTarget	1	37864
148.03125	1.0	NonTarget	1	37896
148.15625	1.0	NonTarget	1	37928
148.28125	1.0	NonTarget	1	37960
148.40625	1.0	NonTarget	1	37992
154.53125	1.0	NonTarget	1	39560
154.65625	1.0	NonTarget	1	39592
154.78125	1.0	NonTarget	1	39624
154.90625	1.0	NonTarget	1	39656
155.03125	1.0	NonTarget	1	39688
155.15625	1.0	NonTarget	1	39720
155.28125	1.0	NonTarget	1	39752
155.40625	1.0	NonTarget	1	39784
155.53125	1.0	NonTarget	1	39816
155.65625	1.0	NonTarget	1	39848
155.78125	1.0	NonTarget	1	39880
155.90625	1.0	NonTarget	1	39912
156.03125	1.0	NonTarget	1	39944
156.15625	1.0	NonTarget	1	39976
156.28125	1.0	NonTarget	1	40008
156.40625	1.0	NonTarget	1	40040
156.53125	1.0	NonTarget	1	40072
156.65625	1.0	NonTarget	1	40104
156.78125	1.0	NonTarget	1	40136
156.90625	1.0	NonTarget	1	40168
157.03125	1.0	NonTarget	1	40200
157.15625	1.0	NonTarget	1	40232
157.28125	1.0	NonTarget	1	40264
157.40625	1.0	NonTarget	1	40296
157.53125	1.0	NonTarget	1	40328
157.65625	1.0	NonTarget	1	40360
157.78125	1.0	NonTarget	1	40392
157.90625	1.0	NonTarget	1	40424
158.03125	1.0	NonTarget	1	40456
158.15625	1.0	NonTarget	1	40488
158.28125	1.0	NonTarget	1	40520
158.40625	1.0	NonTarget	1	40552
158.53125	1.0	NonTarget	1	40584
158.65625	1.0	NonTarget	1	40616
158.78125	1.0	NonTarget	1	40648
158.90625	1.0	NonTarget	1	40680
159.03125	1.0	NonTarget	1	40712
159.15625	1.0	NonTarget	1	40744
159.28125	1.0	NonTarget	1	40776
159.40625	1.0	NonTarget	1	40808
159.53125	1.0	NonTarget	1	40840
159.65625	1.0	NonTarget	1	40872
159.78125	1.0	NonTarget	1	40904
159.90625	1.0	NonTarget	1	40936
160.03125	1.0	NonTarget	1	40968
160.15625	1.0	NonTarget	1	41000
160.28125	1.0	NonTarget	1	41032
160.40625	1.0	NonTarget	1	41064
160.53125	1.0	NonTarget	1	41096
160.65625	1.0	NonTarget	1	41128
160.78125	1.0	NonTarget	1	41160
160.90625	1.0	NonTarget	1	41192
161.03125	1.0	NonTarget	1	41224
161.15625	1.0	NonTarget	1	41256
161.28125	1.0	NonTarget	1	41288
161.40625	1.0	NonTarget	1	41320
161.53125	1.0	NonTarget	1	41352
161.65625	1.0	NonTarget	1	41384
161.78125	1.0	NonTarget	1	41416
161.90625	1.0	NonTarget	1	41448
162.03125	1.0	NonTarget	1	41480
162.15625	1.0	NonTarget	1	41512
162.28125	1.0	NonTarget	1	41544
162.40625	1.0	NonTarget	1	41576
162.53125	1.0	NonTarget	1	41608
162.65625	1.0	NonTarget	1	41640
162.78125	1.0	NonTarget	1	41672
162.90625	1.0	NonTarget	1	41704
163.03125	1.0	NonTarget	1	41736
163.15625	1.0	NonTarget	1	41768
163.28125	1.0	NonTarget	1	41800
163.40625	1.0	NonTarget	1	41832
169.53125	1.0	NonTarget	1	43400
169.65625	1.0	NonTarget	1	43432
169.78125	1.0	NonTarget	1	43464
169.90625	1.0	NonTarget	1	43496
170.03125	1.0	NonTarget	1	43528
170.15625	1.0	NonTarget	1	43560
170.28125	1.0	NonTarget	1	43592
170.40625	1.0	NonTarget	1	43624
170.53125	1.0	NonTarget	1	43656
170.65625	1.0	NonTarget	1	43688
170.78125	1.0	NonTarget	1	43720
170.90625	1.0	NonTarget	1	43752
171.03125	1.0	NonTarget	1	43784
171.15625	1.0	NonTarget	1	43816
171.28125	1.0	NonTarget	1	43848
171.40625	1.0	NonTarget	1	43880
171.53125	1.0	NonTarget	1	43912
171.65625	1.0	NonTarget	1	43944
171.78125	1.0	NonTarget	1	43976
171.90625	1.0	NonTarget	1	44008
172.03125	1.0	NonTarget	1	44040
172.15625	1.0	NonTarget	1	44072
172.28125	1.0	NonTarget	1	44104
172.40625	1.0	NonTarget	1	44136
172.53125	1.0	NonTarget	1	44168
172.65625	1.0	NonTarget	1	44200
172.78125	1.0	NonTarget	1	44232
172.90625	1.0	NonTarget	1	44264
173.03125	1.0	NonTarget	1	44296
173.15625	1.0	NonTarget	1	44328
173.28125	1.0	NonTarget	1	44360
173.40625	1.0	NonTarget	1	44392
173.53125	1.0	NonTarget	1	44424
173.65625	1.0	NonTarget	1	44456
173.78125	1.0	NonTarget	1	44488
173.90625	1.0	NonTarget	1	44520
174.03125	1.0	NonTarget	1	44552
174.15625	1.0	NonTarget	1	44584
174.28125	1.0	NonTarget	1	44616
174.40625	1.0	NonTarget	1	44648
174.53125	1.0	NonTarget	1	44680
174.65625	1.0	NonTarget	1	44712
174.78125	1.0	NonTarget	1	44744
174.90625	1.0	NonTarget	1	44776
175.03125	1.0	NonTarget	1	44808
175.15625	1.0	NonTarget	1	44840
175.28125	1.0	NonTarget	1	44872
175.40625	1.0	NonTarget	1	44904
175.53125	1.0	NonTarget	1	44936
175.65625	1.0	NonTarget	1	44968
175.78125	1.0	NonTarget	1	45000
175.90625	1.0	NonTarget	1	45032
176.03125	1.0	NonTarget	1	45064
176.15625	1.0	NonTarget	1	45096
176.28125	1.0	NonTarget	1	45128
176.40625	1.0	NonTarget	1	45160
176.53125	1.0	NonTarget	1	45192
176.65625	1.0	NonTarget	1	45224
176.78125	1.0	NonTarget	1	45256
176.90625	1.0	NonTarget	1	45288
177.03125	1.0	NonTarget	1	45320
177.15625	1.0	NonTarget	1	45352
177.28125	1.0	NonTarget	1	45384
177.40625	1.0	NonTarget	1	45416
177.53125	1.0	NonTarget	1	45448
177.65625	1.0	NonTarget	1	45480
177.78125	1.0	NonTarget	1	45512
177.90625	1.0	NonTarget	1	45544
178.03125	1.0	NonTarget	1	45576
178.15625	1.0	NonTarget	1	45608
178.28125	1.0	NonTarget	1	45640
178.40625	1.0	NonTarget	1	45672
184.53125	1.0	NonTarget	1	47240
184.65625	1.0	NonTarget	1	47272
184.78125	1.0	NonTarget	1	47304
184.90625	1.0	NonTarget	1	47336
185.03125	1.0	NonTarget	1	47368
185.15625	1.0	NonTarget	1	47400
185.28125	1.0	NonTarget	1	47432
185.40625	1.0	NonTarget	1	47464
185.53125	1.0	NonTarget	1	47496
185.65625	1.0	NonTarget	1	47528
185.78125	1.0	NonTarget	1	47560
185.90625	1.0	NonTarget	1	47592
186.03125	1.0	NonTarget	1	47624
186.15625	1.0	NonTarget	1	47656
186.28125	1.0	NonTarget	1	47688
186.40625	1.0	NonTarget	1	47720
186.53125	1.0	NonTarget	1	47752
186.65625	1.0	NonTarget	1	47784
186.78125	1.0	NonTarget	1	47816
186.90625	1.0	NonTarget	1	47848
187.03125	1.0	NonTarget	1	47880
187.15625	1.0	NonTarget	1	47912
187.28125	1.0	NonTarget	1	47944
187.40625	1.0	NonTarget	1	47976
187.53125	1.0	NonTarget	1	48008
187.65625	1.0	NonTarget	1	48040
187.78125	1.0	NonTarget	1	48072
187.90625	1.0	NonTarget	1	48104
188.03125	1.0	NonTarget	1	48136
188.15625	1.0	NonTarget	1	48168
188.28125	1.0	NonTarget	1	48200
188.40625	1.0	NonTarget	1	48232
188.53125	1.0	NonTarget	1	48264
188.65625	1.0	NonTarget	1	48296
188.78125	1.0	NonTarget	1	48328
188.90625	1.0	NonTarget	1	48360
189.03125	1.0	NonTarget	1	48392
189.15625	1.0	NonTarget	1	48424
189.28125	1.0	NonTarget	1	48456
189.40625	1.0	NonTarget	1	48488
189.53125	1.0	NonTarget	1	48520
189.65625	1.0	NonTarget	1	48552
189.78125	1.0	NonTarget	1	48584
189.90625	1.0	NonTarget	1	48616
190.03125	1.0	NonTarget	1	48648
190.15625	1.0	NonTarget	1	48680
190.28125	1.0	NonTarget	1	48712
190.40625	1.0	NonTarget	1	48744
190.53125	1.0	NonTarget	1	48776
190.65625	1.0	NonTarget	1	48808
190.78125	1.0	NonTarget	1	48840
190.90625	1.0	NonTarget	1	48872
191.03125	1.0	NonTarget	1	48904
191.15625	1.0	NonTarget	1	48936
191.28125	1.0	NonTarget	1	48968
191.40625	1.0	NonTarget	1	49000
191.53125	1.0	NonTarget	1	49032
191.65625	1.0	NonTarget	1	49064
191.78125	1.0	NonTarget	1	49096
191.90625	1.0	NonTarget	1	49128
192.03125	1.0	NonTarget	1	49160
192.15625	1.0	NonTarget	1	49192
192.28125	1.0	NonTarget	1	49224
192.40625	1.0	NonTarget	1	49256
192.53125	1.0	NonTarget	1	49288
192.65625	1.0	NonTarget	1	49320
192.78125	1.0	NonTarget	1	49352
192.90625	1.0	NonTarget	1	49384
193.03125	1.0	NonTarget	1	49416
193.15625	1.0	NonTarget	1	49448
193.28125	1.0	NonTarget	1	49480
193.40625	1.0	NonTarget	1	49512
199.53125	1.0	NonTarget	1	51080
199.65625	1.0	NonTarget	1	51112
199.78125	1.0	NonTarget	1	51144
199.90625	1.0	NonTarget	1	51176
200.03125	1.0	NonTarget	1	51208
200.15625	1.0	NonTarget	1	51240
200.28125	1.0	NonTarget	1	51272
200.40625	1.0	NonTarget	1	51304
200.53125	1.0	NonTarget	1	51336
200.65625	1.0	NonTarget	1	51368
200.78125	1.0	NonTarget	1	51400
200.90625	1.0	NonTarget	1	51432
201.03125	1.0	NonTarget	1	51464
201.15625	1.0	NonTarget	1	51496
201.28125	1.0	NonTarget	1	51528
201.40625	1.0	NonTarget	1	51560
201.53125	1.0	NonTarget	1	51592
201.65625	1.0	NonTarget	1	51624
201.78125	1.0	NonTarget	1	51656
201.90625	1.0	NonTarget	1	51688
202.03125	1.0	NonTarget	1	51720
202.15625	1.0	NonTarget	1	51752
202.28125	1.0	NonTarget	1	51784
202.40625	1.0	NonTarget	1	51816
202.53125	1.0	NonTarget	1	51848
202.65625	1.0	NonTarget	1	51880
202.78125	1.0	NonTarget	1	51912
202.90625	1.0	NonTarget	1	51944
203.03125	1.0	NonTarget	1	51976
203.15625	1.0	NonTarget	1	52008
203.28125	1.0	NonTarget	1	52040
203.40625	1.0	NonTarget	1	52072
203.53125	1.0	NonTarget	1	52104
203.65625	1.0	NonTarget	1	52136
203.78125	1.0	NonTarget	1	52168
203.90625	1.0	NonTarget	1	52200
204.03125	1.0	NonTarget	1	52232
204.15625	1.0	NonTarget	1	52264
204.28125	1.0	NonTarget	1	52296
204.40625	1.0	NonTarget	1	52328
204.53125	1.0	NonTarget	1	52360
204.65625	1.0	NonTarget	1	52392
204.78125	1.0	NonTarget	1	52424
204.90625	1.0	NonTarget	1	52456
205.03125	1.0	NonTarget	1	52488
205.15625	1.0	NonTarget	1	52520
205.28125	1.0	NonTarget	1	52552
205.40625	1.0	NonTarget	1	52584
205.53125	1.0	NonTarget	1	52616
205.65625	1.0	NonTarget	1	52648
205.78125	1.0	NonTarget	1	52680
205.90625	1.0	NonTarget	1	52712
206.03125	1.0	NonTarget	1	52744
206.15625	1.0	NonTarget	1	52776
206.28125	1.0	NonTarget	1	52808
206.40625	1.0	NonTarget	1	52840
206.53125	1.0	NonTarget	1	52872
206.65625	1.0	NonTarget	1	52904
206.78125	1.0	NonTarget	1	52936
206.90625	1.0	NonTarget	1	52968
207.03125	1.0	NonTarget	1	53000
207.15625	1.0	NonTarget	1	53032
207.28125	1.0	NonTarget	1	53064
207.40625	1.0	NonTarget	1	53096
207.53125	1.0	NonTarget	1	53128
207.65625	1.0	NonTarget	1	53160
207.78125	1.0	NonTarget	1	53192
207.90625	1.0	NonTarget	1	53224
208.03125	1.0	NonTarget	1	53256
208.15625	1.0	NonTarget	1	53288
208.28125	1.0	NonTarget	1	53320
208.40625	1.0	NonTarget	1	53352
214.53125	1.0	NonTarget	1	54920
214.65625	1.0	NonTarget	1	54952
214.78125	1.0	NonTarget	1	54984
214.90625	1.0	NonTarget	1	55016
215.03125	1.0	NonTarget	1	55048
215.15625	1.0	NonTarget	1	55080
215.28125	1.0	NonTarget	1	55112
215.40625	1.0	NonTarget	1	55144
215.53125	1.0	NonTarget	1	55176
215.65625	1.0	NonTarget	1	55208
215.78125	1.0	NonTarget	1	55240
215.90625	1.0	NonTarget	1	55272
216.03125	1.0	NonTarget	1	55304
216.15625	1.0	NonTarget	1	55336
216.28125	1.0	NonTarget	1	55368
216.40625	1.0	NonTarget	1	55400
216.53125	1.0	NonTarget	1	55432
216.65625	1.0	NonTarget	1	55464
216.78125	1.0	NonTarget	1	55496
216.90625	1.0	NonTarget	1	55528
217.03125	1.0	NonTarget	1	55560
217.15625	1.0	NonTarget	1	55592
217.28125	1.0	NonTarget	1	55624
217.40625	1.0	NonTarget	1	55656
217.53125	1.0	NonTarget	1	55688
217.65625	1.0	NonTarget	1	55720
217.78125	1.0	NonTarget	1	55752
217.90625	1.0	NonTarget	1	55784
218.03125	1.0	NonTarget	1	55816
218.15625	1.0	NonTarget	1	55848
218.28125	1.0	NonTarget	1	55880
218.40625	1.0	NonTarget	1	55912
218.53125	1.0	NonTarget	1	55944
218.65625	1.0	NonTarget	1	55976
218.78125	1.0	NonTarget	1	56008
218.90625	1.0	NonTarget	1	56040
219.03125	1.0	NonTarget	1	56072
219.15625	1.0	NonTarget	1	56104
219.28125	1.0	NonTarget	1	56136
219.40625	1.0	NonTarget	1	56168
219.53125	1.0	NonTarget	1	56200
219.65625	1.0	NonTarget	1	56232
219.78125	1.0	NonTarget	1	56264
219.90625	1.0	NonTarget	1	56296
220.03125	1.0	NonTarget	1	56328
220.15625	1.0	NonTarget	1	56360
220.28125	1.0	NonTarget	1	56392
220.40625	1.0	NonTarget	1	56424
220.53125	1.0	NonTarget	1	56456
220.65625	1.0	NonTarget	1	56488
220.78125	1.0	NonTarget	1	56520
220.90625	1.0	NonTarget	1	56552
221.03125	1.0	NonTarget	1	56584
221.15625	1.0	NonTarget	1	56616
221.28125	1.0	NonTarget	1	56648
221.40625	1.0	NonTarget	1	56680
221.53125	1.0	NonTarget	1	56712
221.65625	1.0	NonTarget	1	56744
221.78125	1.0	NonTarget	1	56776
221.90625	1.0	NonTarget	1	56808
222.03125	1.0	NonTarget	1	56840
222.15625	1.0	NonTarget	1	56872
222.28125	1.0	NonTarget	1	56904
222.40625	1.0	NonTarget	1	56936
222.53125	1.0	NonTarget	1	56968
222.65625	1.0	NonTarget	1	57000
222.78125	1.0	NonTarget	1	57032
222.90625	1.0	NonTarget	1	57064
223.03125	1.0	NonTarget	1	57096
223.15625	1.0	NonTarget	1	57128
223.28125	1.0	NonTarget	1	57160
223.40625	1.0	NonTarget	1	57192
229.53125	1.0	NonTarget	1	58760
229.65625	1.0	NonTarget	1	58792
229.78125	1.0	NonTarget	1	58824
229.90625	1.0	NonTarget	1	58856
230.03125	1.0	NonTarget	1	58888
230.15625	1.0	NonTarget	1	58920
230.28125	1.0	NonTarget	1	58952
230.40625	1.0	NonTarget	1	58984
230.53125	1.0	NonTarget	1	59016
230.65625	1.0	NonTarget	1	59048
230.78125	1.0	NonTarget	1	59080
230.90625	1.0	NonTarget	1	59112
231.03125	1.0	NonTarget	1	59144
231.15625	1.0	NonTarget	1	59176
231.28125	1.0	NonTarget	1	59208
231.40625	1.0	NonTarget	1	59240
231.53125	1.0	NonTarget	1	59272
231.65625	1.0	NonTarget	1	59304
231.78125	1.0	NonTarget	1	59336
231.90625	1.0	NonTarget	1	59368
232.03125	1.0	NonTarget	1	59400
232.15625	1.0	NonTarget	1	59432
232.28125	1.0	NonTarget	1	59464
232.40625	1.0	NonTarget	1	59496
232.53125	1.0	NonTarget	1	59528
232.65625	1.0	NonTarget	1	59560
232.78125	1.0	NonTarget	1	59592
232.90625	1.0	NonTarget	1	59624
233.03125	1.0	NonTarget	1	59656
233.15625	1.0	NonTarget	1	59688
233.28125	1.0	NonTarget	1	59720
233.40625	1.0	NonTarget	1	59752
233.53125	1.0	NonTarget	1	59784
233.65625	1.0	NonTarget	1	59816
233.78125	1.0	NonTarget	1	59848
233.90625	1.0	NonTarget	1	59880
234.03125	1.0	NonTarget	1	59912
234.15625	1.0	NonTarget	1	59944
234.28125	1.0	NonTarget	1	59976
234.40625	1.0	NonTarget	1	60008
234.53125	1.0	NonTarget	1	60040
234.65625	1.0	NonTarget	1	60072
234.78125	1.0	NonTarget	1	60104
234.90625	1.0	NonTarget	1	60136
235.03125	1.0	NonTarget	1	60168
235.15625	1.0	NonTarget	1	60200
235.28125	1.0	NonTarget	1	60232
235.40625	1.0	NonTarget	1	60264
235.53125	1.0	NonTarget	1	60296
235.65625	1.0	NonTarget	1	60328
235.78125	1.0	NonTarget	1	60360
235.90625	1.0	NonTarget	1	60392
236.03125	1.0	NonTarget	1	60424
236.15625	1.0	NonTarget	1	60456
236.28125	1.0	NonTarget	1	60488
236.40625	1.0	NonTarget	1	60520
236.53125	1.0	NonTarget	1	60552
236.65625	1.0	NonTarget	1	60584
236.78125	1.0	NonTarget	1	60616
236.90625	1.0	NonTarget	1	60648
237.03125	1.0	NonTarget	1	60680
237.15625	1.0	NonTarget	1	60712
237.28125	1.0	NonTarget	1	60744
237.40625	1.0	NonTarget	1	60776
237.53125	1.0	NonTarget	1	60808
237.65625	1.0	NonTarget	1	60840
237.78125	1.0	NonTarget	1	60872
237.90625	1.0	NonTarget	1	60904
238.03125	1.0	NonTarget	1	60936
238.15625	1.0	NonTarget	1	60968
238.28125	1.0	NonTarget	1	61000
238.40625	1.0	NonTarget	1	61032
244.53125	1.0	NonTarget	1	62600
244.65625	1.0	NonTarget	1	62632
244.78125	1.0	NonTarget	1	62664
244.90625	1.0	NonTarget	1	62696
245.03125	1.0	NonTarget	1	62728
245.15625	1.0	NonTarget	1	62760
245.28125	1.0	NonTarget	1	62792
245.40625	1.0	NonTarget	1	62824
245.53125	1.0	NonTarget	1	62856
245.65625	1.0	NonTarget	1	62888
245.78125	1.0	NonTarget	1	62920
245.90625	1.0	NonTarget	1	62952
246.03125	1.0	NonTarget	1	62984
246.15625	1.0	NonTarget	1	63016
246.28125	1.0	NonTarget	1	63048
246.40625	1.0	NonTarget	1	63080
246.53125	1.0	NonTarget	1	63112
246.65625	1.0	NonTarget	1	63144
246.78125	1.0	NonTarget	1	63176
246.90625	1.0	NonTarget	1	63208
247.03125	1.0	NonTarget	1	63240
247.15625	1.0	NonTarget	1	63272
247.28125	1.0	NonTarget	1	63304
247.40625	1.0	NonTarget	1	63336
247.53125	1.0	NonTarget	1	63368
247.65625	1.0	NonTarget	1	63400
247.78125	1.0	NonTarget	1	63432
247.90625	1.0	NonTarget	1	63464
248.03125	1.0	NonTarget	1	63496
248.15625	1.0	NonTarget	1	63528
248.28125	1.0	NonTarget	1	63560
248.40625	1.0	NonTarget	1	63592
248.53125	1.0	NonTarget	1	63624
248.65625	1.0	NonTarget	1	63656
248.78125	1.0	NonTarget	1	63688
248.90625	1.0	NonTarget	1	63720
249.03125	1.0	NonTarget	1	63752
249.15625	1.0	NonTarget	1	63784
249.28125	1.0	NonTarget	1	63816
249.40625	1.0	NonTarget	1	63848
249.53125	1.0	NonTarget	1	63880
249.65625	1.0	NonTarget	1	63912
249.78125	1.0	NonTarget	1	63944
249.90625	1.0	NonTarget	1	63976
250.03125	1.0	NonTarget	1	64008
250.15625	1.0	NonTarget	1	64040
250.28125	1.0	NonTarget	1	64072
250.40625	1.0	NonTarget	1	64104
250.53125	1.0	NonTarget	1	64136
250.65625	1.0	NonTarget	1	64168
250.78125	1.0	NonTarget	1	64200
250.90625	1.0	NonTarget	1	64232
251.03125	1.0	NonTarget	1	64264
251.15625	1.0	NonTarget	1	64296
251.28125	1.0	NonTarget	1	64328
251.40625	1.0	NonTarget	1	64360
251.53125	1.0	NonTarget	1	64392
251.65625	1.0	NonTarget	1	64424
251.78125	1.0	NonTarget	1	64456
251.90625	1.0	NonTarget	1	64488
252.03125	1.0	NonTarget	1	64520
252.15625	1.0	NonTarget	1	64552
252.28125	1.0	NonTarget	1	64584
252.40625	1.0	NonTarget	1	64616
252.53125	1.0	NonTarget	1	64648
252.65625	1.0	NonTarget	1	64680
252.78125	1.0	NonTarget	1	64712
252.90625	1.0	NonTarget	1	64744
253.03125	1.0	NonTarget	1	64776
253.15625	1.0	NonTarget	1	64808
253.28125	1.0	NonTarget	1	64840
253.40625	1.0	NonTarget	1	64872
259.53125	1.0	NonTarget	1	66440
259.65625	1.0	NonTarget	1	66472
259.78125	1.0	NonTarget	1	66504
259.90625	1.0	NonTarget	1	66536
260.03125	1.0	NonTarget	1	66568
260.15625	1.0	NonTarget	1	66600
260.28125	1.0	NonTarget	1	66632
260.40625	1.0	NonTarget	1	66664
260.53125	1.0	NonTarget	1	66696
260.65625	1.0	NonTarget	1	66728
260.78125	1.0	NonTarget	1	66760
260.90625	1.0	NonTarget	1	66792
261.03125	1.0	NonTarget	1	66824
261.15625	1.0	NonTarget	1	66856
261.28125	1.0	NonTarget	1	66888
261.40625	1.0	NonTarget	1	66920
261.53125	1.0	NonTarget	1	66952
261.65625	1.0	NonTarget	1	66984
261.78125	1.0	NonTarget	1	67016
261.90625	1.0	NonTarget	1	67048
262.03125	1.0	NonTarget	1	67080
262.15625	1.0	NonTarget	1	67112
262.28125	1.0	NonTarget	1	67144
262.40625	1.0	NonTarget	1	67176
262.53125	1.0	NonTarget	1	67208
262.65625	1.0	NonTarget	1	67240
262.78125	1.0	NonTarget	1	67272
262.90625	1.0	NonTarget	1	67304
263.03125	1.0	NonTarget	1	67336
263.15625	1.0	NonTarget	1	67368
263.28125	1.0	NonTarget	1	67400
263.40625	1.0	NonTarget	1	67432
263.53125	1.0	NonTarget	1	67464
263.65625	1.0	NonTarget	1	67496
263.78125	1.0	NonTarget	1	67528
263.90625	1.0	NonTarget	1	67560
264.03125	1.0	NonTarget	1	67592
264.15625	1.0	NonTarget	1	67624
264.28125	1.0	NonTarget	1	67656
264.40625	1.0	NonTarget	1	67688
264.53125	1.0	NonTarget	1	67720
264.65625	1.0	NonTarget	1	67752
264.78125	1.0	NonTarget	1	67784
264.90625	1.0	NonTarget	1	67816
265.03125	1.0	NonTarget	1	67848
265.15625	1.0	NonTarget	1	67880
265.28125	1.0	NonTarget	1	67912
265.40625	1.0	NonTarget	1	67944
265.53125	1.0	NonTarget	1	67976
265.65625	1.0	NonTarget	1	68008
265.78125	1.0	NonTarget	1	68040
265.90625	1.0	NonTarget	1	68072
266.03125	1.0	NonTarget	1	68104
266.15625	1.0	NonTarget	1	68136
266.28125	1.0	NonTarget	1	68168
266.40625	1.0	NonTarget	1	68200
266.53125	1.0	NonTarget	1	68232
266.65625	1.0	NonTarget	1	68264
266.78125	1.0	NonTarget	1	68296
266.90625	1.0	NonTarget	1	68328
267.03125	1.0	NonTarget	1	68360
267.15625	1.0	NonTarget	1	68392
267.28125	1.0	NonTarget	1	68424
267.40625	1.0	NonTarget	1	68456
267.53125	1.0	NonTarget	1	68488
267.65625	1.0	NonTarget	1	68520
267.78125	1.0	NonTarget	1	68552
267.90625	1.0	NonTarget	1	68584
268.03125	1.0	NonTarget	1	68616
268.15625	1.0	NonTarget	1	68648
268.28125	1.0	NonTarget	1	68680
268.40625	1.0	NonTarget	1	68712
274.53125	1.0	NonTarget	1	70280
274.65625	1.0	NonTarget	1	70312
274.78125	1.0	NonTarget	1	70344
274.90625	1.0	NonTarget	1	70376
275.03125	1.0	NonTarget	1	70408
275.15625	1.0	NonTarget	1	70440
275.28125	1.0	NonTarget	1	70472
275.40625	1.0	NonTarget	1	70504
275.53125	1.0	NonTarget	1	70536
275.65625	1.0	NonTarget	1	70568
275.78125	1.0	NonTarget	1	70600
275.90625	1.0	NonTarget	1	70632
276.03125	1.0	NonTarget	1	70664
276.15625	1.0	NonTarget	1	70696
276.28125	1.0	NonTarget	1	70728
276.40625	1.0	NonTarget	1	70760
276.53125	1.0	NonTarget	1	70792
276.65625	1.0	NonTarget	1	70824
276.78125	1.0	NonTarget	1	70856
276.90625	1.0	NonTarget	1	70888
277.03125	1.0	NonTarget	1	70920
277.15625	1.0	NonTarget	1	70952
277.28125	1.0	NonTarget	1	70984
277.40625	1.0	NonTarget	1	71016
277.53125	1.0	NonTarget	1	71048
277.65625	1.0	NonTarget	1	71080
277.78125	1.0	NonTarget	1	71112
277.90625	1.0	NonTarget	1	71144
278.03125	1.0	NonTarget	1	71176
278.15625	1.0	NonTarget	1	71208
278.28125	1.0	NonTarget	1	71240
278.40625	1.0	NonTarget	1	71272
278.53125	1.0	NonTarget	1	71304
278.65625	1.0	NonTarget	1	71336
278.78125	1.0	NonTarget	1	71368
278.90625	1.0	NonTarget	1	71400
279.03125	1.0	NonTarget	1	71432
279.15625	1.0	NonTarget	1	71464
279.28125	1.0	NonTarget	1	71496
279.40625	1.0	NonTarget	1	71528
279.53125	1.0	NonTarget	1	71560
279.65625	1.0	NonTarget	1	71592
279.78125	1.0	NonTarget	1	71624
279.90625	1.0	NonTarget	1	71656
280.03125	1.0	NonTarget	1	71688
280.15625	1.0	NonTarget	1	71720
280.28125	1.0	NonTarget	1	71752
280.40625	1.0	NonTarget	1	71784
280.53125	1.0	NonTarget	1	71816
280.65625	1.0	NonTarget	1	71848
280.78125	1.0	NonTarget	1	71880
280.90625	1.0	NonTarget	1	71912
281.03125	1.0	NonTarget	1	71944
281.15625	1.0	NonTarget	1	71976
281.28125	1.0	NonTarget	1	72008
281.40625	1.0	NonTarget	1	72040
281.53125	1.0	NonTarget	1	72072
281.65625	1.0	NonTarget	1	72104
281.78125	1.0	NonTarget	1	72136
281.90625	1.0	NonTarget	1	72168
282.03125	1.0	NonTarget	1	72200
282.15625	1.0	NonTarget	1	72232
282.28125	1.0	NonTarget	1	72264
282.40625	1.0	NonTarget	1	72296
282.53125	1.0	NonTarget	1	72328
282.65625	1.0	NonTarget	1	72360
282.78125	1.0	NonTarget	1	72392
282.90625	1.0	NonTarget	1	72424
283.03125	1.0	NonTarget	1	72456
283.15625	1.0	NonTarget	1	72488
283.28125	1.0	NonTarget	1	72520
283.40625	1.0	NonTarget	1	72552
289.53125	1.0	NonTarget	1	74120
289.65625	1.0	NonTarget	1	74152
289.78125	1.0	NonTarget	1	74184
289.90625	1.0	NonTarget	1	74216
290.03125	1.0	NonTarget	1	74248
290.15625	1.0	NonTarget	1	74280
290.28125	1.0	NonTarget	1	74312
290.40625	1.0	NonTarget	1	74344
290.53125	1.0	NonTarget	1	74376
290.65625	1.0	NonTarget	1	74408
290.78125	1.0	NonTarget	1	74440
290.90625	1.0	NonTarget	1	74472
291.03125	1.0	NonTarget	1	74504
291.15625	1.0	NonTarget	1	74536
291.28125	1.0	NonTarget	1	74568
291.40625	1.0	NonTarget	1	74600
291.53125	1.0	NonTarget	1	74632
291.65625	1.0	NonTarget	1	74664
291.78125	1.0	NonTarget	1	74696
291.90625	1.0	NonTarget	1	74728
292.03125	1.0	NonTarget	1	74760
292.15625	1.0	NonTarget	1	74792
292.28125	1.0	NonTarget	1	74824
292.40625	1.0	NonTarget	1	74856
292.53125	1.0	NonTarget	1	74888
292.65625	1.0	NonTarget	1	74920
292.78125	1.0	NonTarget	1	74952
292.90625	1.0	NonTarget	1	74984
293.03125	1.0	NonTarget	1	75016
293.15625	1.0	NonTarget	1	75048
293.28125	1.0	NonTarget	1	75080
293.40625	1.0	NonTarget	1	75112
293.53125	1.0	NonTarget	1	75144
293.65625	1.0	NonTarget	1	75176
293.78125	1.0	NonTarget	1	75208
293.90625	1.0	NonTarget	1	75240
294.03125	1.0	NonTarget	1	75272
294.15625	1.0	NonTarget	1	75304
294.28125	1.0	NonTarget	1	75336
294.40625	1.0	NonTarget	1	75368
294.53125	1.0	NonTarget	1	75400
294.65625	1.0	NonTarget	1	75432
294.78125	1.0	NonTarget	1	75464
294.90625	1.0	NonTarget	1	75496
295.03125	1.0	NonTarget	1	75528
295.15625	1.0	NonTarget	1	75560
295.28125	1.0	NonTarget	1	75592
295.40625	1.0	NonTarget	1	75624
295.53125	1.0	NonTarget	1	75656
295.65625	1.0	NonTarget	1	75688
295.78125	1.0	NonTarget	1	75720
295.90625	1.0	NonTarget	1	75752
296.03125	1.0	NonTarget	1	75784
296.15625	1.0	NonTarget	1	75816
296.28125	1.0	NonTarget	1	75848
296.40625	1.0	NonTarget	1	75880
296.53125	1.0	NonTarget	1	75912
296.65625	1.0	NonTarget	1	75944
296.78125	1.0	NonTarget	1	75976
296.90625	1.0	NonTarget	1	76008
297.03125	1.0	NonTarget	1	76040
297.15625	1.0	NonTarget	1	76072
297.28125	1.0	NonTarget	1	76104
297.40625	1.0	NonTarget	1	76136
297.53125	1.0	NonTarget	1	76168
297.65625	1.0	NonTarget	1	76200
297.78125	1.0	NonTarget	1	76232
297.90625	1.0	NonTarget	1	76264
298.03125	1.0	NonTarget	1	76296
298.15625	1.0	NonTarget	1	76328
298.28125	1.0	NonTarget	1	76360
298.40625	1.0	NonTarget	1	76392
304.53125	1.0	NonTarget	1	77960
304.65625	1.0	NonTarget	1	77992
304.78125	1.0	NonTarget	1	78024
304.90625	1.0	NonTarget	1	78056
305.03125	1.0	NonTarget	1	78088
305.15625	1.0	NonTarget	1	78120
305.28125	1.0	NonTarget	1	78152
305.40625	1.0	NonTarget	1	78184
305.53125	1.0	NonTarget	1	78216
305.65625	1.0	NonTarget	1	78248
305.78125	1.0	NonTarget	1	78280
305.90625	1.0	NonTarget	1	78312
306.03125	1.0	NonTarget	1	78344
306.15625	1.0	NonTarget	1	78376
306.28125	1.0	NonTarget	1	78408
306.40625	1.0	NonTarget	1	78440
306.53125	1.0	NonTarget	1	78472
306.65625	1.0	NonTarget	1	78504
306.78125	1.0	NonTarget	1	78536
306.90625	1.0	NonTarget	1	78568
307.03125	1.0	NonTarget	1	78600
307.15625	1.0	NonTarget	1	78632
307.28125	1.0	NonTarget	1	78664
307.40625	1.0	NonTarget	1	78696
307.53125	1.0	NonTarget	1	78728
307.65625	1.0	NonTarget	1	78760
307.78125	1.0	NonTarget	1	78792
307.90625	1.0	NonTarget	1	78824
308.03125	1.0	NonTarget	1	78856
308.15625	1.0	NonTarget	1	78888
308.28125	1.0	NonTarget	1	78920
308.40625	1.0	NonTarget	1	78952
308.53125	1.0	NonTarget	1	78984
308.65625	1.0	NonTarget	1	79016
308.78125	1.0	NonTarget	1	79048
308.90625	1.0	NonTarget	1	79080
309.03125	1.0	NonTarget	1	79112
309.15625	1.0	NonTarget	1	79144
309.28125	1.0	NonTarget	1	79176
309.40625	1.0	NonTarget	1	79208
309.53125	1.0	NonTarget	1	79240
309.65625	1.0	NonTarget	1	79272
309.78125	1.0	NonTarget	1	79304
309.90625	1.0	NonTarget	1	79336
310.03125	1.0	NonTarget	1	79368
310.15625	1.0	NonTarget	1	79400
310.28125	1.0	NonTarget	1	79432
310.40625	1.0	NonTarget	1	79464
310.53125	1.0	NonTarget	1	79496
310.65625	1.0	NonTarget	1	79528
310.78125	1.0	NonTarget	1	79560
310.90625	1.0	NonTarget	1	79592
311.03125	1.0	NonTarget	1	79624
311.15625	1.0	NonTarget	1	79656
311.28125	1.0	NonTarget	1	79688
311.40625	1.0	NonTarget	1	79720
311.53125	1.0	NonTarget	1	79752
311.65625	1.0	NonTarget	1	79784
311.78125	1.0	NonTarget	1	79816
311.90625	1.0	NonTarget	1	79848
312.03125	1.0	NonTarget	1	79880
312.15625	1.0	NonTarget	1	79912
312.28125	1.0	NonTarget	1	79944
312.40625	1.0	NonTarget	1	79976
312.53125	1.0	NonTarget	1	80008
312.65625	1.0	NonTarget	1	80040
312.78125	1.0	NonTarget	1	80072
312.90625	1.0	NonTarget	1	80104
313.03125	1.0	NonTarget	1	80136
313.15625	1.0	NonTarget	1	80168
313.28125	1.0	NonTarget	1	80200
313.40625	1.0	NonTarget	1	80232
319.53125	1.0	NonTarget	1	81800
319.65625	1.0	NonTarget	1	81832
319.78125	1.0	NonTarget	1	81864
319.90625	1.0	NonTarget	1	81896
320.03125	1.0	NonTarget	1	81928
320.15625	1.0	NonTarget	1	81960
320.28125	1.0	NonTarget	1	81992
320.40625	1.0	NonTarget	1	82024
320.53125	1.0	NonTarget	1	82056
320.65625	1.0	NonTarget	1	82088
320.78125	1.0	NonTarget	1	82120
320.90625	1.0	NonTarget	1	82152
321.03125	1.0	NonTarget	1	82184
321.15625	1.0	NonTarget	1	82216
321.28125	1.0	NonTarget	1	82248
321.40625	1.0	NonTarget	1	82280
321.53125	1.0	NonTarget	1	82312
321.65625	1.0	NonTarget	1	82344
321.78125	1.0	NonTarget	1	82376
321.90625	1.0	NonTarget	1	82408
322.03125	1.0	NonTarget	1	82440
322.15625	1.0	NonTarget	1	82472
322.28125	1.0	NonTarget	1	82504
322.40625	1.0	NonTarget	1	82536
322.53125	1.0	NonTarget	1	82568
322.65625	1.0	NonTarget	1	82600
322.78125	1.0	NonTarget	1	82632
322.90625	1.0	NonTarget	1	82664
323.03125	1.0	NonTarget	1	82696
323.15625	1.0	NonTarget	1	82728
323.28125	1.0	NonTarget	1	82760
323.40625	1.0	NonTarget	1	82792
323.53125	1.0	NonTarget	1	82824
323.65625	1.0	NonTarget	1	82856
323.78125	1.0	NonTarget	1	82888
323.90625	1.0	NonTarget	1	82920
324.03125	1.0	NonTarget	1	82952
324.15625	1.0	NonTarget	1	82984
324.28125	1.0	NonTarget	1	83016
324.40625	1.0	NonTarget	1	83048
324.53125	1.0	NonTarget	1	83080
324.65625	1.0	NonTarget	1	83112
324.78125	1.0	NonTarget	1	83144
324.90625	1.0	NonTarget	1	83176
325.03125	1.0	NonTarget	1	83208
325.15625	1.0	NonTarget	1	83240
325.28125	1.0	NonTarget	1	83272
325.40625	1.0	NonTarget	1	83304
325.53125	1.0	NonTarget	1	83336
325.65625	1.0	NonTarget	1	83368
325.78125	1.0	NonTarget	1	83400
325.90625	1.0	NonTarget	1	83432
326.03125	1.0	NonTarget	1	83464
326.15625	1.0	NonTarget	1	83496
326.28125	1.0	NonTarget	1	83528
326.40625	1.0	NonTarget	1	83560
326.53125	1.0	NonTarget	1	83592
326.65625	1.0	NonTarget	1	83624
326.78125	1.0	NonTarget	1	83656
326.90625	1.0	NonTarget	1	83688
327.03125	1.0	NonTarget	1	83720
327.15625	1.0	NonTarget	1	83752
327.28125	1.0	NonTarget	1	83784
327.40625	1.0	NonTarget	1	83816
327.53125	1.0	NonTarget	1	83848
327.65625	1.0	NonTarget	1	83880
327.78125	1.0	NonTarget	1	83912
327.90625	1.0	NonTarget	1	83944
328.03125	1.0	NonTarget	1	83976
328.15625	1.0	NonTarget	1	84008
328.28125	1.0	NonTarget	1	84040
328.40625	1.0	NonTarget	1	84072
334.53125	1.0	NonTarget	1	85640
334.65625	1.0	NonTarget	1	85672
334.78125	1.0	NonTarget	1	85704
334.90625	1.0	NonTarget	1	85736
335.03125	1.0	NonTarget	1	85768
335.15625	1.0	NonTarget	1	85800
335.28125	1.0	NonTarget	1	85832
335.40625	1.0	NonTarget	1	85864
335.53125	1.0	NonTarget	1	85896
335.65625	1.0	NonTarget	1	85928
335.78125	1.0	NonTarget	1	85960
335.90625	1.0	NonTarget	1	85992
336.03125	1.0	NonTarget	1	86024
336.15625	1.0	NonTarget	1	86056
336.28125	1.0	NonTarget	1	86088
336.40625	1.0	NonTarget	1	86120
336.53125	1.0	NonTarget	1	86152
336.65625	1.0	NonTarget	1	86184
336.78125	1.0	NonTarget	1	86216
336.90625	1.0	NonTarget	1	86248
337.03125	1.0	NonTarget	1	86280
337.15625	1.0	NonTarget	1	86312
337.28125	1.0	NonTarget	1	86344
337.40625	1.0	NonTarget	1	86376
337.53125	1.0	NonTarget	1	86408
337.65625	1.0	NonTarget	1	86440
337.78125	1.0	NonTarget	1	86472
337.90625	1.0	NonTarget	1	86504
338.03125	1.0	NonTarget	1	86536
338.15625	1.0	NonTarget	1	86568
338.28125	1.0	NonTarget	1	86600
338.40625	1.0	NonTarget	1	86632
338.53125	1.0	NonTarget	1	86664
338.65625	1.0	NonTarget	1	86696
338.78125	1.0	NonTarget	1	86728
338.90625	1.0	NonTarget	1	86760
339.03125	1.0	NonTarget	1	86792
339.15625	1.0	NonTarget	1	86824
339.28125	1.0	NonTarget	1	86856
339.40625	1.0	NonTarget	1	86888
339.53125	1.0	NonTarget	1	86920
339.65625	1.0	NonTarget	1	86952
339.78125	1.0	NonTarget	1	86984
339.90625	1.0	NonTarget	1	87016
340.03125	1.0	NonTarget	1	87048
340.15625	1.0	NonTarget	1	87080
340.28125	1.0	NonTarget	1	87112
340.40625	1.0	NonTarget	1	87144
340.53125	1.0	NonTarget	1	87176
340.65625	1.0	NonTarget	1	87208
340.78125	1.0	NonTarget	1	87240
340.90625	1.0	NonTarget	1	87272
341.03125	1.0	NonTarget	1	87304
341.15625	1.0	NonTarget	1	87336
341.28125	1.0	NonTarget	1	87368
341.40625	1.0	NonTarget	1	87400
341.53125	1.0	NonTarget	1	87432
341.65625	1.0	NonTarget	1	87464
341.78125	1.0	NonTarget	1	87496
341.90625	1.0	NonTarget	1	87528
342.03125	1.0	NonTarget	1	87560
342.15625	1.0	NonTarget	1	87592
342.28125	1.0	NonTarget	1	87624
342.40625	1.0	NonTarget	1	87656
342.53125	1.0	NonTarget	1	87688
342.65625	1.0	NonTarget	1	87720
342.78125	1.0	NonTarget	1	87752
342.90625	1.0	NonTarget	1	87784
343.03125	1.0	NonTarget	1	87816
343.15625	1.0	NonTarget	1	87848
343.28125	1.0	NonTarget	1	87880
343.40625	1.0	NonTarget	1	87912
349.53125	1.0	NonTarget	1	89480
349.65625	1.0	NonTarget	1	89512
349.78125	1.0	NonTarget	1	89544
349.90625	1.0	NonTarget	1	89576
350.03125	1.0	NonTarget	1	89608
350.15625	1.0	NonTarget	1	89640
350.28125	1.0	NonTarget	1	89672
350.40625	1.0	NonTarget	1	89704
350.53125	1.0	NonTarget	1	89736
350.65625	1.0	NonTarget	1	89768
350.78125	1.0	NonTarget	1	89800
350.90625	1.0	NonTarget	1	89832
351.03125	1.0	NonTarget	1	89864
351.15625	1.0	NonTarget	1	89896
351.28125	1.0	NonTarget	1	89928
351.40625	1.0	NonTarget	1	89960
351.53125	1.0	NonTarget	1	89992
351.65625	1.0	NonTarget	1	90024
351.78125	1.0	NonTarget	1	90056
351.90625	1.0	NonTarget	1	90088
352.03125	1.0	NonTarget	1	90120
352.15625	1.0	NonTarget	1	90152
352.28125	1.0	NonTarget	1	90184
352.40625	1.0	NonTarget	1	90216
352.53125	1.0	NonTarget	1	90248
352.65625	1.0	NonTarget	1	90280
352.78125	1.0	NonTarget	1	90312
352.90625	1.0	NonTarget	1	90344
353.03125	1.0	NonTarget	1	90376
353.15625	1.0	NonTarget	1	90408
353.28125	1.0	NonTarget	1	90440
353.40625	1.0	NonTarget	1	90472
353.53125	1.0	NonTarget	1	90504
353.65625	1.0	NonTarget	1	90536
353.78125	1.0	NonTarget	1	90568
353.90625	1.0	NonTarget	1	90600
354.03125	1.0	NonTarget	1	90632
354.15625	1.0	NonTarget	1	90664
354.28125	1.0	NonTarget	1	90696
354.40625	1.0	NonTarget	1	90728
354.53125	1.0	NonTarget	1	90760
354.65625	1.0	NonTarget	1	90792
354.78125	1.0	NonTarget	1	90824
354.90625	1.0	NonTarget	1	90856
355.03125	1.0	NonTarget	1	90888
355.15625	1.0	NonTarget	1	90920
355.28125	1.0	NonTarget	1	90952
355.40625	1.0	NonTarget	1	90984
355.53125	1.0	NonTarget	1	91016
355.65625	1.0	NonTarget	1	91048
355.78125	1.0	NonTarget	1	91080
355.90625	1.0	NonTarget	1	91112
356.03125	1.0	NonTarget	1	91144
356.15625	1.0	NonTarget	1	91176
356.28125	1.0	NonTarget	1	91208
356.40625	1.0	NonTarget	1	91240
356.53125	1.0	NonTarget	1	91272
356.65625	1.0	NonTarget	1	91304
356.78125	1.0	NonTarget	1	91336
356.90625	1.0	NonTarget	1	91368
357.03125	1.0	NonTarget	1	91400
357.15625	1.0	NonTarget	1	91432
357.28125	1.0	NonTarget	1	91464
357.40625	1.0	NonTarget	1	91496
357.53125	1.0	NonTarget	1	91528
357.65625	1.0	NonTarget	1	91560
357.78125	1.0	NonTarget	1	91592
357.90625	1.0	NonTarget	1	91624
358.03125	1.0	NonTarget	1	91656
358.15625	1.0	NonTarget	1	91688
358.28125	1.0	NonTarget	1	91720
358.40625	1.0	NonTarget	1	91752
364.53125	1.0	NonTarget	1	93320
364.65625	1.0	NonTarget	1	93352
364.78125	1.0	NonTarget	1	93384
364.90625	1.0	NonTarget	1	93416
365.03125	1.0	NonTarget	1	93448
365.15625	1.0	NonTarget	1	93480
365.28125	1.0	NonTarget	1	93512
365.40625	1.0	NonTarget	1	93544
365.53125	1.0	NonTarget	1	93576
365.65625	1.0	NonTarget	1	93608
365.78125	1.0	NonTarget	1	93640
365.90625	1.0	NonTarget	1	93672
366.03125	1.0	NonTarget	1	93704
366.15625	1.0	NonTarget	1	93736
366.28125	1.0	NonTarget	1	93768
366.40625	1.0	NonTarget	1	93800
366.53125	1.0	NonTarget	1	93832
366.65625	1.0	NonTarget	1	93864
366.78125	1.0	NonTarget	1	93896
366.90625	1.0	NonTarget	1	93928
367.03125	1.0	NonTarget	1	93960
367.15625	1.0	NonTarget	1	93992
367.28125	1.0	NonTarget	1	94024
367.40625	1.0	NonTarget	1	94056
367.53125	1.0	NonTarget	1	94088
367.65625	1.0	NonTarget	1	94120
367.78125	1.0	NonTarget	1	94152
367.90625	1.0	NonTarget	1	94184
368.03125	1.0	NonTarget	1	94216
368.15625	1.0	NonTarget	1	94248
368.28125	1.0	NonTarget	1	94280
368.40625	1.0	NonTarget	1	94312
368.53125	1.0	NonTarget	1	94344
368.65625	1.0	NonTarget	1	94376
368.78125	1.0	NonTarget	1	94408
368.90625	1.0	NonTarget	1	94440
369.03125	1.0	NonTarget	1	94472
369.15625	1.0	NonTarget	1	94504
369.28125	1.0	NonTarget	1	94536
369.40625	1.0	NonTarget	1	94568
369.53125	1.0	NonTarget	1	94600
369.65625	1.0	NonTarget	1	94632
369.78125	1.0	NonTarget	1	94664
369.90625	1.0	NonTarget	1	94696
370.03125	1.0	NonTarget	1	94728
370.15625	1.0	NonTarget	1	94760
370.28125	1.0	NonTarget	1	94792
370.40625	1.0	NonTarget	1	94824
370.53125	1.0	NonTarget	1	94856
370.65625	1.0	NonTarget	1	94888
370.78125	1.0	NonTarget	1	94920
370.90625	1.0	NonTarget	1	94952
371.03125	1.0	NonTarget	1	94984
371.15625	1.0	NonTarget	1	95016
371.28125	1.0	NonTarget	1	95048
371.40625	1.0	NonTarget	1	95080
371.53125	1.0	NonTarget	1	95112
371.65625	1.0	NonTarget	1	95144
371.78125	1.0	NonTarget	1	95176
371.90625	1.0	NonTarget	1	95208
372.03125	1.0	NonTarget	1	95240
372.15625	1.0	NonTarget	1	95272
372.28125	1.0	NonTarget	1	95304
372.40625	1.0	NonTarget	1	95336
372.53125	1.0	NonTarget	1	95368
372.65625	1.0	NonTarget	1	95400
372.78125	1.0	NonTarget	1	95432
372.90625	1.0	NonTarget	1	95464
373.03125	1.0	NonTarget	1	95496
373.15625	1.0	NonTarget	1	95528
373.28125	1.0	NonTarget	1	95560
373.40625	1.0	NonTarget	1	95592
379.53125	1.0	NonTarget	1	97160
379.65625	1.0	NonTarget	1	97192
379.78125	1.0	NonTarget	1	97224
379.90625	1.0	NonTarget	1	97256
380.03125	1.0	NonTarget	1	97288
380.15625	1.0	NonTarget	1	97320
380.28125	1.0	NonTarget	1	97352
380.40625	1.0	NonTarget	1	97384
380.53125	1.0	NonTarget	1	97416
380.65625	1.0	NonTarget	1	97448
380.78125	1.0	NonTarget	1	97480
380.90625	1.0	NonTarget	1	97512
381.03125	1.0	NonTarget	1	97544
381.15625	1.0	NonTarget	1	97576
381.28125	1.0	NonTarget	1	97608
381.40625	1.0	NonTarget	1	97640
381.53125	1.0	NonTarget	1	97672
381.65625	1.0	NonTarget	1	97704
381.78125	1.0	NonTarget	1	97736
381.90625	1.0	NonTarget	1	97768
382.03125	1.0	NonTarget	1	97800
382.15625	1.0	NonTarget	1	97832
382.28125	1.0	NonTarget	1	97864
382.40625	1.0	NonTarget	1	97896
382.53125	1.0	NonTarget	1	97928
382.65625	1.0	NonTarget	1	97960
382.78125	1.0	NonTarget	1	97992
382.90625	1.0	NonTarget	1	98024
383.03125	1.0	NonTarget	1	98056
383.15625	1.0	NonTarget	1	98088
383.28125	1.0	NonTarget	1	98120
383.40625	1.0	NonTarget	1	98152
383.53125	1.0	NonTarget	1	98184
383.65625	1.0	NonTarget	1	98216
383.78125	1.0	NonTarget	1	98248
383.90625	1.0	NonTarget	1	98280
384.03125	1.0	NonTarget	1	98312
384.15625	1.0	NonTarget	1	98344
384.28125	1.0	NonTarget	1	98376
384.40625	1.0	NonTarget	1	98408
384.53125	1.0	NonTarget	1	98440
384.65625	1.0	NonTarget	1	98472
384.78125	1.0	NonTarget	1	98504
384.90625	1.0	NonTarget	1	98536
385.03125	1.0	NonTarget	1	98568
385.15625	1.0	NonTarget	1	98600
385.28125	1.0	NonTarget	1	98632
385.40625	1.0	NonTarget	1	98664
385.53125	1.0	NonTarget	1	98696
385.65625	1.0	NonTarget	1	98728
385.78125	1.0	NonTarget	1	98760
385.90625	1.0	NonTarget	1	98792
386.03125	1.0	NonTarget	1	98824
386.15625	1.0	NonTarget	1	98856
386.28125	1.0	NonTarget	1	98888
386.40625	1.0	NonTarget	1	98920
386.53125	1.0	NonTarget	1	98952
386.65625	1.0	NonTarget	1	98984
386.78125	1.0	NonTarget	1	99016
386.90625	1.0	NonTarget	1	99048
387.03125	1.0	NonTarget	1	99080
387.15625	1.0	NonTarget	1	99112
387.28125	1.0	NonTarget	1	99144
387.40625	1.0	NonTarget	1	99176
387.53125	1.0	NonTarget	1	99208
387.65625	1.0	NonTarget	1	99240
387.78125	1.0	NonTarget	1	99272
387.90625	1.0	NonTarget	1	99304
388.03125	1.0	NonTarget	1	99336
388.15625	1.0	NonTarget	1	99368
388.28125	1.0	NonTarget	1	99400
388.40625	1.0	NonTarget	1	99432
394.53125	1.0	NonTarget	1	101000
394.65625	1.0	NonTarget	1	101032
394.78125	1.0	NonTarget	1	101064
394.90625	1.0	NonTarget	1	101096
395.03125	1.0	NonTarget	1	101128
395.15625	1.0	NonTarget	1	101160
395.28125	1.0	NonTarget	1	101192
395.40625	1.0	NonTarget	1	101224
395.53125	1.0	NonTarget	1	101256
395.65625	1.0	NonTarget	1	101288
395.78125	1.0	NonTarget	1	101320
395.90625	1.0	NonTarget	1	101352
396.03125	1.0	NonTarget	1	101384
396.15625	1.0	NonTarget	1	101416
396.28125	1.0	NonTarget	1	101448
396.40625	1.0	NonTarget	1	101480
396.53125	1.0	NonTarget	1	101512
396.65625	1.0	NonTarget	1	101544
396.78125	1.0	NonTarget	1	101576
396.90625	1.0	NonTarget	1	101608
397.03125	1.0	NonTarget	1	101640
397.15625	1.0	NonTarget	1	101672
397.28125	1.0	NonTarget	1	101704
397.40625	1.0	NonTarget	1	101736
397.53125	1.0	NonTarget	1	101768
397.65625	1.0	NonTarget	1	101800
397.78125	1.0	NonTarget	1	101832
397.90625	1.0	NonTarget	1	101864
398.03125	1.0	NonTarget	1	101896
398.15625	1.0	NonTarget	1	101928
398.28125	1.0	NonTarget	1	101960
398.40625	1.0	NonTarget	1	101992
398.53125	1.0	NonTarget	1	102024
398.65625	1.0	NonTarget	1	102056
398.78125	1.0	NonTarget	1	102088
398.90625	1.0	NonTarget	1	102120
399.03125	1.0	NonTarget	1	102152
399.15625	1.0	NonTarget	1	102184
399.28125	1.0	NonTarget	1	102216
399.40625	1.0	NonTarget	1	102248
399.53125	1.0	NonTarget	1	102280
399.65625	1.0	NonTarget	1	102312
399.78125	1.0	NonTarget	1	102344
399.90625	1.0	NonTarget	1	102376
400.03125	1.0	NonTarget	1	102408
400.15625	1.0	NonTarget	1	102440
400.28125	1.0	NonTarget	1	102472
400.40625	1.0	NonTarget	1	102504
400.53125	1.0	NonTarget	1	102536
400.65625	1.0	NonTarget	1	102568
400.78125	1.0	NonTarget	1	102600
400.90625	1.0	NonTarget	1	102632
401.03125	1.0	NonTarget	1	102664
401.15625	1.0	NonTarget	1	102696
401.28125	1.0	NonTarget	1	102728
401.40625	1.0	NonTarget	1	102760
401.53125	1.0	NonTarget	1	102792
401.65625	1.0	NonTarget	1	102824
401.78125	1.0	NonTarget	1	102856
401.90625	1.0	NonTarget	1	102888
402.03125	1.0	NonTarget	1	102920
402.15625	1.0	NonTarget	1	102952
402.28125	1.0	NonTarget	1	102984
402.40625	1.0	NonTarget	1	103016
402.53125	1.0	NonTarget	1	103048
402.65625	1.0	NonTarget	1	103080
402.78125	1.0	NonTarget	1	103112
402.90625	1.0	NonTarget	1	103144
403.03125	1.0	NonTarget	1	103176
403.15625	1.0	NonTarget	1	103208
403.28125	1.0	NonTarget	1	103240
403.40625	1.0	NonTarget	1	103272
409.53125	1.0	NonTarget	1	104840
409.65625	1.0	NonTarget	1	104872
409.78125	1.0	NonTarget	1	104904
409.90625	1.0	NonTarget	1	104936
410.03125	1.0	NonTarget	1	104968
410.15625	1.0	NonTarget	1	105000
410.28125	1.0	NonTarget	1	105032
410.40625	1.0	NonTarget	1	105064
410.53125	1.0	NonTarget	1	105096
410.65625	1.0	NonTarget	1	105128
410.78125	1.0	NonTarget	1	105160
410.90625	1.0	NonTarget	1	105192
411.03125	1.0	NonTarget	1	105224
411.15625	1.0	NonTarget	1	105256
411.28125	1.0	NonTarget	1	105288
411.40625	1.0	NonTarget	1	105320
411.53125	1.0	NonTarget	1	105352
411.65625	1.0	NonTarget	1	105384
411.78125	1.0	NonTarget	1	105416
411.90625	1.0	NonTarget	1	105448
412.03125	1.0	NonTarget	1	105480
412.15625	1.0	NonTarget	1	105512
412.28125	1.0	NonTarget	1	105544
412.40625	1.0	NonTarget	1	105576
412.53125	1.0	NonTarget	1	105608
412.65625	1.0	NonTarget	1	105640
412.78125	1.0	NonTarget	1	105672
412.90625	1.0	NonTarget	1	105704
413.03125	1.0	NonTarget	1	105736
413.15625	1.0	NonTarget	1	105768
413.28125	1.0	NonTarget	1	105800
413.40625	1.0	NonTarget	1	105832
413.53125	1.0	NonTarget	1	105864
413.65625	1.0	NonTarget	1	105896
413.78125	1.0	NonTarget	1	105928
413.90625	1.0	NonTarget	1	105960
414.03125	1.0	NonTarget	1	105992
414.15625	1.0	NonTarget	1	106024
414.28125	1.0	NonTarget	1	106056
414.40625	1.0	NonTarget	1	106088
414.53125	1.0	NonTarget	1	106120
414.65625	1.0	NonTarget	1	106152
414.78125	1.0	NonTarget	1	106184
414.90625	1.0	NonTarget	1	106216
415.03125	1.0	NonTarget	1	106248
415.15625	1.0	NonTarget	1	106280
415.28125	1.0	NonTarget	1	106312
415.40625	1.0	NonTarget	1	106344
415.53125	1.0	NonTarget	1	106376
415.65625	1.0	NonTarget	1	106408
415.78125	1.0	NonTarget	1	106440
415.90625	1.0	NonTarget	1	106472
416.03125	1.0	NonTarget	1	106504
416.15625	1.0	NonTarget	1	106536
416.28125	1.0	NonTarget	1	106568
416.40625	1.0	NonTarget	1	106600
416.53125	1.0	NonTarget	1	106632
416.65625	1.0	NonTarget	1	106664
416.78125	1.0	NonTarget	1	106696
416.90625	1.0	NonTarget	1	106728
417.03125	1.0	NonTarget	1	106760
417.15625	1.0	NonTarget	1	106792
417.28125	1.0	NonTarget	1	106824
417.40625	1.0	NonTarget	1	106856
417.53125	1.0	NonTarget	1	106888
417.65625	1.0	NonTarget	1	106920
417.78125	1.0	NonTarget	1	106952
417.90625	1.0	NonTarget	1	106984
418.03125	1.0	NonTarget	1	107016
418.15625	1.0	NonTarget	1	107048
418.28125	1.0	NonTarget	1	107080
418.40625	1.0	NonTarget	1	107112
424.53125	1.0	NonTarget	1	108680
424.65625	1.0	NonTarget	1	108712
424.78125	1.0	NonTarget	1	108744
424.90625	1.0	NonTarget	1	108776
425.03125	1.0	NonTarget	1	108808
425.15625	1.0	NonTarget	1	108840
425.28125	1.0	NonTarget	1	108872
425.40625	1.0	NonTarget	1	108904
425.53125	1.0	NonTarget	1	108936
425.65625	1.0	NonTarget	1	108968
425.78125	1.0	NonTarget	1	109000
425.90625	1.0	NonTarget	1	109032
426.03125	1.0	NonTarget	1	109064
426.15625	1.0	NonTarget	1	109096
426.28125	1.0	NonTarget	1	109128
426.40625	1.0	NonTarget	1	109160
426.53125	1.0	NonTarget	1	109192
426.65625	1.0	NonTarget	1	109224
426.78125	1.0	NonTarget	1	109256
426.90625	1.0	NonTarget	1	109288
427.03125	1.0	NonTarget	1	109320
427.15625	1.0	NonTarget	1	109352
427.28125	1.0	NonTarget	1	109384
427.40625	1.0	NonTarget	1	109416
427.53125	1.0	NonTarget	1	109448
427.65625	1.0	NonTarget	1	109480
427.78125	1.0	NonTarget	1	109512
427.90625	1.0	NonTarget	1	109544
428.03125	1.0	NonTarget	1	109576
428.15625	1.0	NonTarget	1	109608
428.28125	1.0	NonTarget	1	109640
428.40625	1.0	NonTarget	1	109672
428.53125	1.0	NonTarget	1	109704
428.65625	1.0	NonTarget	1	109736
428.78125	1.0	NonTarget	1	109768
428.90625	1.0	NonTarget	1	109800
429.03125	1.0	NonTarget	1	109832
429.15625	1.0	NonTarget	1	109864
429.28125	1.0	NonTarget	1	109896
429.40625	1.0	NonTarget	1	109928
429.53125	1.0	NonTarget	1	109960
429.65625	1.0	NonTarget	1	109992
429.78125	1.0	NonTarget	1	110024
429.90625	1.0	NonTarget	1	110056
430.03125	1.0	NonTarget	1	110088
430.15625	1.0	NonTarget	1	110120
430.28125	1.0	NonTarget	1	110152
430.40625	1.0	NonTarget	1	110184
430.53125	1.0	NonTarget	1	110216
430.65625	1.0	NonTarget	1	110248
430.78125	1.0	NonTarget	1	110280
430.90625	1.0	NonTarget	1	110312
431.03125	1.0	NonTarget	1	110344
431.15625	1.0	NonTarget	1	110376
431.28125	1.0	NonTarget	1	110408
431.40625	1.0	NonTarget	1	110440
431.53125	1.0	NonTarget	1	110472
431.65625	1.0	NonTarget	1	110504
431.78125	1.0	NonTarget	1	110536
431.90625	1.0	NonTarget	1	110568
432.03125	1.0	NonTarget	1	110600
432.15625	1.0	NonTarget	1	110632
432.28125	1.0	NonTarget	1	110664
432.40625	1.0	NonTarget	1	110696
432.53125	1.0	NonTarget	1	110728
432.65625	1.0	NonTarget	1	110760
432.78125	1.0	NonTarget	1	110792
432.90625	1.0	NonTarget	1	110824
433.03125	1.0	NonTarget	1	110856
433.15625	1.0	NonTarget	1	110888
433.28125	1.0	NonTarget	1	110920
433.40625	1.0	NonTarget	1	110952
439.53125	1.0	NonTarget	1	112520
439.65625	1.0	NonTarget	1	112552
439.78125	1.0	NonTarget	1	112584
439.90625	1.0	NonTarget	1	112616
440.03125	1.0	NonTarget	1	112648
440.15625	1.0	NonTarget	1	112680
440.28125	1.0	NonTarget	1	112712
440.40625	1.0	NonTarget	1	112744
440.53125	1.0	NonTarget	1	112776
440.65625	1.0	NonTarget	1	112808
440.78125	1.0	NonTarget	1	112840
440.90625	1.0	NonTarget	1	112872
441.03125	1.0	NonTarget	1	112904
441.15625	1.0	NonTarget	1	112936
441.28125	1.0	NonTarget	1	112968
441.40625	1.0	NonTarget	1	113000
441.53125	1.0	NonTarget	1	113032
441.65625	1.0	NonTarget	1	113064
441.78125	1.0	NonTarget	1	113096
441.90625	1.0	NonTarget	1	113128
442.03125	1.0	NonTarget	1	113160
442.15625	1.0	NonTarget	1	113192
442.28125	1.0	NonTarget	1	113224
442.40625	1.0	NonTarget	1	113256
442.53125	1.0	NonTarget	1	113288
442.65625	1.0	NonTarget	1	113320
442.78125	1.0	NonTarget	1	113352
442.90625	1.0	NonTarget	1	113384
443.03125	1.0	NonTarget	1	113416
443.15625	1.0	NonTarget	1	113448
443.28125	1.0	NonTarget	1	113480
443.40625	1.0	NonTarget	1	113512
443.53125	1.0	NonTarget	1	113544
443.65625	1.0	NonTarget	1	113576
443.78125	1.0	NonTarget	1	113608
443.90625	1.0	NonTarget	1	113640
444.03125	1.0	NonTarget	1	113672
444.15625	1.0	NonTarget	1	113704
444.28125	1.0	NonTarget	1	113736
444.40625	1.0	NonTarget	1	113768
444.53125	1.0	NonTarget	1	113800
444.65625	1.0	NonTarget	1	113832
444.78125	1.0	NonTarget	1	113864
444.90625	1.0	NonTarget	1	113896
445.03125	1.0	NonTarget	1	113928
445.15625	1.0	NonTarget	1	113960
445.28125	1.0	NonTarget	1	113992
445.40625	1.0	NonTarget	1	114024
445.53125	1.0	NonTarget	1	114056
445.65625	1.0	NonTarget	1	114088
445.78125	1.0	NonTarget	1	114120
445.90625	1.0	NonTarget	1	114152
446.03125	1.0	NonTarget	1	114184
446.15625	1.0	NonTarget	1	114216
446.28125	1.0	NonTarget	1	114248
446.40625	1.0	NonTarget	1	114280
446.53125	1.0	NonTarget	1	114312
446.65625	1.0	NonTarget	1	114344
446.78125	1.0	NonTarget	1	114376
446.90625	1.0	NonTarget	1	114408
447.03125	1.0	NonTarget	1	114440
447.15625	1.0	NonTarget	1	114472
447.28125	1.0	NonTarget	1	114504
447.40625	1.0	NonTarget	1	114536
447.53125	1.0	NonTarget	1	114568
447.65625	1.0	NonTarget	1	114600
447.78125	1.0	NonTarget	1	114632
447.90625	1.0	NonTarget	1	114664
448.03125	1.0	NonTarget	1	114696
448.15625	1.0	NonTarget	1	114728
448.28125	1.0	NonTarget	1	114760
448.40625	1.0	NonTarget	1	114792
454.53125	1.0	NonTarget	1	116360
454.65625	1.0	NonTarget	1	116392
454.78125	1.0	NonTarget	1	116424
454.90625	1.0	NonTarget	1	116456
455.03125	1.0	NonTarget	1	116488
455.15625	1.0	NonTarget	1	116520
455.28125	1.0	NonTarget	1	116552
455.40625	1.0	NonTarget	1	116584
455.53125	1.0	NonTarget	1	116616
455.65625	1.0	NonTarget	1	116648
455.78125	1.0	NonTarget	1	116680
455.90625	1.0	NonTarget	1	116712
456.03125	1.0	NonTarget	1	116744
456.15625	1.0	NonTarget	1	116776
456.28125	1.0	NonTarget	1	116808
456.40625	1.0	NonTarget	1	116840
456.53125	1.0	NonTarget	1	116872
456.65625	1.0	NonTarget	1	116904
456.78125	1.0	NonTarget	1	116936
456.90625	1.0	NonTarget	1	116968
457.03125	1.0	NonTarget	1	117000
457.15625	1.0	NonTarget	1	117032
457.28125	1.0	NonTarget	1	117064
457.40625	1.0	NonTarget	1	117096
457.53125	1.0	NonTarget	1	117128
457.65625	1.0	NonTarget	1	117160
457.78125	1.0	NonTarget	1	117192
457.90625	1.0	NonTarget	1	117224
458.03125	1.0	NonTarget	1	117256
458.15625	1.0	NonTarget	1	117288
458.28125	1.0	NonTarget	1	117320
458.40625	1.0	NonTarget	1	117352
458.53125	1.0	NonTarget	1	117384
458.65625	1.0	NonTarget	1	117416
458.78125	1.0	NonTarget	1	117448
458.90625	1.0	NonTarget	1	117480
459.03125	1.0	NonTarget	1	117512
459.15625	1.0	NonTarget	1	117544
459.28125	1.0	NonTarget	1	117576
459.40625	1.0	NonTarget	1	117608
459.53125	1.0	NonTarget	1	117640
459.65625	1.0	NonTarget	1	117672
459.78125	1.0	NonTarget	1	117704
459.90625	1.0	NonTarget	1	117736
460.03125	1.0	NonTarget	1	117768
460.15625	1.0	NonTarget	1	117800
460.28125	1.0	NonTarget	1	117832
460.40625	1.0	NonTarget	1	117864
460.53125	1.0	NonTarget	1	117896
460.65625	1.0	NonTarget	1	117928
460.78125	1.0	NonTarget	1	117960
460.90625	1.0	NonTarget	1	117992
461.03125	1.0	NonTarget	1	118024
461.15625	1.0	NonTarget	1	118056
461.28125	1.0	NonTarget	1	118088
461.40625	1.0	NonTarget	1	118120
461.53125	1.0	NonTarget	1	118152
461.65625	1.0	NonTarget	1	118184
461.78125	1.0	NonTarget	1	118216
461.90625	1.0	NonTarget	1	118248
462.03125	1.0	NonTarget	1	118280
462.15625	1.0	NonTarget	1	118312
462.28125	1.0	NonTarget	1	118344
462.40625	1.0	NonTarget	1	118376
462.53125	1.0	NonTarget	1	118408
462.65625	1.0	NonTarget	1	118440
462.78125	1.0	NonTarget	1	118472
462.90625	1.0	NonTarget	1	118504
463.03125	1.0	NonTarget	1	118536
463.15625	1.0	NonTarget	1	118568
463.28125	1.0	NonTarget	1	118600
463.40625	1.0	NonTarget	1	118632
469.53125	1.0	NonTarget	1	120200
469.65625	1.0	NonTarget	1	120232
469.78125	1.0	NonTarget	1	120264
469.90625	1.0	NonTarget	1	120296
470.03125	1.0	NonTarget	1	120328
470.15625	1.0	NonTarget	1	120360
470.28125	1.0	NonTarget	1	120392
470.40625	1.0	NonTarget	1	120424
470.53125	1.0	NonTarget	1	120456
470.65625	1.0	NonTarget	1	120488
470.78125	1.0	NonTarget	1	120520
470.90625	1.0	NonTarget	1	120552
471.03125	1.0	NonTarget	1	120584
471.15625	1.0	NonTarget	1	120616
471.28125	1.0	NonTarget	1	120648
471.40625	1.0	NonTarget	1	120680
471.53125	1.0	NonTarget	1	120712
471.65625	1.0	NonTarget	1	120744
471.78125	1.0	NonTarget	1	120776
471.90625	1.0	NonTarget	1	120808
472.03125	1.0	NonTarget	1	120840
472.15625	1.0	NonTarget	1	120872
472.28125	1.0	NonTarget	1	120904
472.40625	1.0	NonTarget	1	120936
472.53125	1.0	NonTarget	1	120968
472.65625	1.0	NonTarget	1	121000
472.78125	1.0	NonTarget	1	121032
472.90625	1.0	NonTarget	1	121064
473.03125	1.0	NonTarget	1	121096
473.15625	1.0	NonTarget	1	121128
473.28125	1.0	NonTarget	1	121160
473.40625	1.0	NonTarget	1	121192
473.53125	1.0	NonTarget	1	121224
473.65625	1.0	NonTarget	1	121256
473.78125	1.0	NonTarget	1	121288
473.90625	1.0	NonTarget	1	121320
474.03125	1.0	NonTarget	1	121352
474.15625	1.0	NonTarget	1	121384
474.28125	1.0	NonTarget	1	121416
474.40625	1.0	NonTarget	1	121448
474.53125	1.0	NonTarget	1	121480
474.65625	1.0	NonTarget	1	121512
474.78125	1.0	NonTarget	1	121544
474.90625	1.0	NonTarget	1	121576
475.03125	1.0	NonTarget	1	121608
475.15625	1.0	NonTarget	1	121640
475.28125	1.0	NonTarget	1	121672
475.40625	1.0	NonTarget	1	121704
475.53125	1.0	NonTarget	1	121736
475.65625	1.0	NonTarget	1	121768
475.78125	1.0	NonTarget	1	121800
475.90625	1.0	NonTarget	1	121832
476.03125	1.0	NonTarget	1	121864
476.15625	1.0	NonTarget	1	121896
476.28125	1.0	NonTarget	1	121928
476.40625	1.0	NonTarget	1	121960
476.53125	1.0	NonTarget	1	121992
476.65625	1.0	NonTarget	1	122024
476.78125	1.0	NonTarget	1	122056
476.90625	1.0	NonTarget	1	122088
477.03125	1.0	NonTarget	1	122120
477.15625	1.0	NonTarget	1	122152
477.28125	1.0	NonTarget	1	122184
477.40625	1.0	NonTarget	1	122216
477.53125	1.0	NonTarget	1	122248
477.65625	1.0	NonTarget	1	122280
477.78125	1.0	NonTarget	1	122312
477.90625	1.0	NonTarget	1	122344
478.03125	1.0	NonTarget	1	122376
478.15625	1.0	NonTarget	1	122408
478.28125	1.0	NonTarget	1	122440
478.40625	1.0	NonTarget	1	122472
484.53125	1.0	NonTarget	1	124040
484.65625	1.0	NonTarget	1	124072
484.78125	1.0	NonTarget	1	124104
484.90625	1.0	NonTarget	1	124136
485.03125	1.0	NonTarget	1	124168
485.15625	1.0	NonTarget	1	124200
485.28125	1.0	NonTarget	1	124232
485.40625	1.0	NonTarget	1	124264
485.53125	1.0	NonTarget	1	124296
485.65625	1.0	NonTarget	1	124328
485.78125	1.0	NonTarget	1	124360
485.90625	1.0	NonTarget	1	124392
486.03125	1.0	NonTarget	1	124424
486.15625	1.0	NonTarget	1	124456
486.28125	1.0	NonTarget	1	124488
486.40625	1.0	NonTarget	1	124520
486.53125	1.0	NonTarget	1	124552
486.65625	1.0	NonTarget	1	124584
486.78125	1.0	NonTarget	1	124616
486.90625	1.0	NonTarget	1	124648
487.03125	1.0	NonTarget	1	124680
487.15625	1.0	NonTarget	1	124712
487.28125	1.0	NonTarget	1	124744
487.40625	1.0	NonTarget	1	124776
487.53125	1.0	NonTarget	1	124808
487.65625	1.0	NonTarget	1	124840
487.78125	1.0	NonTarget	1	124872
487.90625	1.0	NonTarget	1	124904
488.03125	1.0	NonTarget	1	124936
488.15625	1.0	NonTarget	1	124968
488.28125	1.0	NonTarget	1	125000
488.40625	1.0	NonTarget	1	125032
488.53125	1.0	NonTarget	1	125064
488.65625	1.0	NonTarget	1	125096
488.78125	1.0	NonTarget	1	125128
488.90625	1.0	NonTarget	1	125160
489.03125	1.0	NonTarget	1	125192
489.15625	1.0	NonTarget	1	125224
489.28125	1.0	NonTarget	1	125256
489.40625	1.0	NonTarget	1	125288
489.53125	1.0	NonTarget	1	125320
489.65625	1.0	NonTarget	1	125352
489.78125	1.0	NonTarget	1	125384
489.90625	1.0	NonTarget	1	125416
490.03125	1.0	NonTarget	1	125448
490.15625	1.0	NonTarget	1	125480
490.28125	1.0	NonTarget	1	125512
490.40625	1.0	NonTarget	1	125544
490.53125	1.0	NonTarget	1	125576
490.65625	1.0	NonTarget	1	125608
490.78125	1.0	NonTarget	1	125640
490.90625	1.0	NonTarget	1	125672
491.03125	1.0	NonTarget	1	125704
491.15625	1.0	NonTarget	1	125736
491.28125	1.0	NonTarget	1	125768
491.40625	1.0	NonTarget	1	125800
491.53125	1.0	NonTarget	1	125832
491.65625	1.0	NonTarget	1	125864
491.78125	1.0	NonTarget	1	125896
491.90625	1.0	NonTarget	1	125928
492.03125	1.0	NonTarget	1	125960
492.15625	1.0	NonTarget	1	125992
492.28125	1.0	NonTarget	1	126024
492.40625	1.0	NonTarget	1	126056
492.53125	1.0	NonTarget	1	126088
492.65625	1.0	NonTarget	1	126120
492.78125	1.0	NonTarget	1	126152
492.90625	1.0	NonTarget	1	126184
493.03125	1.0	NonTarget	1	126216
493.15625	1.0	NonTarget	1	126248
493.28125	1.0	NonTarget	1	126280
493.40625	1.0	NonTarget	1	126312
499.53125	1.0	NonTarget	1	127880
499.65625	1.0	NonTarget	1	127912
499.78125	1.0	NonTarget	1	127944
499.90625	1.0	NonTarget	1	127976
500.03125	1.0	NonTarget	1	128008
500.15625	1.0	NonTarget	1	128040
500.28125	1.0	NonTarget	1	128072
500.40625	1.0	NonTarget	1	128104
500.53125	1.0	NonTarget	1	128136
500.65625	1.0	NonTarget	1	128168
500.78125	1.0	NonTarget	1	128200
500.90625	1.0	NonTarget	1	128232
501.03125	1.0	NonTarget	1	128264
501.15625	1.0	NonTarget	1	128296
501.28125	1.0	NonTarget	1	128328
501.40625	1.0	NonTarget	1	128360
501.53125	1.0	NonTarget	1	128392
501.65625	1.0	NonTarget	1	128424
501.78125	1.0	NonTarget	1	128456
501.90625	1.0	NonTarget	1	128488
502.03125	1.0	NonTarget	1	128520
502.15625	1.0	NonTarget	1	128552
502.28125	1.0	NonTarget	1	128584
502.40625	1.0	NonTarget	1	128616
502.53125	1.0	NonTarget	1	128648
502.65625	1.0	NonTarget	1	128680
502.78125	1.0	NonTarget	1	128712
502.90625	1.0	NonTarget	1	128744
503.03125	1.0	NonTarget	1	128776
503.15625	1.0	NonTarget	1	128808
503.28125	1.0	NonTarget	1	128840
503.40625	1.0	NonTarget	1	128872
503.53125	1.0	NonTarget	1	128904
503.65625	1.0	NonTarget	1	128936
503.78125	1.0	NonTarget	1	128968
503.90625	1.0	NonTarget	1	129000
504.03125	1.0	NonTarget	1	129032
504.15625	1.0	NonTarget	1	129064
504.28125	1.0	NonTarget	1	129096
504.40625	1.0	NonTarget	1	129128
504.53125	1.0	NonTarget	1	129160
504.65625	1.0	NonTarget	1	129192
504.78125	1.0	NonTarget	1	129224
504.90625	1.0	NonTarget	1	129256
505.03125	1.0	NonTarget	1	129288
505.15625	1.0	NonTarget	1	129320
505.28125	1.0	NonTarget	1	129352
505.40625	1.0	NonTarget	1	129384
505.53125	1.0	NonTarget	1	129416
505.65625	1.0	NonTarget	1	129448
505.78125	1.0	NonTarget	1	129480
505.90625	1.0	NonTarget	1	129512
506.03125	1.0	NonTarget	1	129544
506.15625	1.0	NonTarget	1	129576
506.28125	1.0	NonTarget	1	129608
506.40625	1.0	NonTarget	1	129640
506.53125	1.0	NonTarget	1	129672
506.65625	1.0	NonTarget	1	129704
506.78125	1.0	NonTarget	1	129736
506.90625	1.0	NonTarget	1	129768
507.03125	1.0	NonTarget	1	129800
507.15625	1.0	NonTarget	1	129832
507.28125	1.0	NonTarget	1	129864
507.40625	1.0	NonTarget	1	129896
507.53125	1.0	NonTarget	1	129928
507.65625	1.0	NonTarget	1	129960
507.78125	1.0	NonTarget	1	129992
507.90625	1.0	NonTarget	1	130024
508.03125	1.0	NonTarget	1	130056
508.15625	1.0	NonTarget	1	130088
508.28125	1.0	NonTarget	1	130120
508.40625	1.0	NonTarget	1	130152
514.53125	1.0	NonTarget	1	131720
514.65625	1.0	NonTarget	1	131752
514.78125	1.0	NonTarget	1	131784
514.90625	1.0	NonTarget	1	131816
515.03125	1.0	NonTarget	1	131848
515.15625	1.0	NonTarget	1	131880
515.28125	1.0	NonTarget	1	131912
515.40625	1.0	NonTarget	1	131944
515.53125	1.0	NonTarget	1	131976
515.65625	1.0	NonTarget	1	132008
515.78125	1.0	NonTarget	1	132040
515.90625	1.0	NonTarget	1	132072
516.03125	1.0	NonTarget	1	132104
516.15625	1.0	NonTarget	1	132136
516.28125	1.0	NonTarget	1	132168
516.40625	1.0	NonTarget	1	132200
516.53125	1.0	NonTarget	1	132232
516.65625	1.0	NonTarget	1	132264
516.78125	1.0	NonTarget	1	132296
516.90625	1.0	NonTarget	1	132328
517.03125	1.0	NonTarget	1	132360
517.15625	1.0	NonTarget	1	132392
517.28125	1.0	NonTarget	1	132424
517.40625	1.0	NonTarget	1	132456
517.53125	1.0	NonTarget	1	132488
517.65625	1.0	NonTarget	1	132520
517.78125	1.0	NonTarget	1	132552
517.90625	1.0	NonTarget	1	132584
518.03125	1.0	NonTarget	1	132616
518.15625	1.0	NonTarget	1	132648
518.28125	1.0	NonTarget	1	132680
518.40625	1.0	NonTarget	1	132712
518.53125	1.0	NonTarget	1	132744
518.65625	1.0	NonTarget	1	132776
518.78125	1.0	NonTarget	1	132808
518.90625	1.0	NonTarget	1	132840
519.03125	1.0	NonTarget	1	132872
519.15625	1.0	NonTarget	1	132904
519.28125	1.0	NonTarget	1	132936
519.40625	1.0	NonTarget	1	132968
519.53125	1.0	NonTarget	1	133000
519.65625	1.0	NonTarget	1	133032
519.78125	1.0	NonTarget	1	133064
519.90625	1.0	NonTarget	1	133096
520.03125	1.0	NonTarget	1	133128
520.15625	1.0	NonTarget	1	133160
520.28125	1.0	NonTarget	1	133192
520.40625	1.0	NonTarget	1	133224
520.53125	1.0	NonTarget	1	133256
520.65625	1.0	NonTarget	1	133288
520.78125	1.0	NonTarget	1	133320
520.90625	1.0	NonTarget	1	133352
521.03125	1.0	NonTarget	1	133384
521.15625	1.0	NonTarget	1	133416
521.28125	1.0	NonTarget	1	133448
521.40625	1.0	NonTarget	1	133480
521.53125	1.0	NonTarget	1	133512
521.65625	1.0	NonTarget	1	133544
521.78125	1.0	NonTarget	1	133576
521.90625	1.0	NonTarget	1	133608
522.03125	1.0	NonTarget	1	133640
522.15625	1.0	NonTarget	1	133672
522.28125	1.0	NonTarget	1	133704
522.40625	1.0	NonTarget	1	133736
522.53125	1.0	NonTarget	1	133768
522.65625	1.0	NonTarget	1	133800
522.78125	1.0	NonTarget	1	133832
522.90625	1.0	NonTarget	1	133864
523.03125	1.0	NonTarget	1	133896
523.15625	1.0	NonTarget	1	133928
523.28125	1.0	NonTarget	1	133960
523.40625	1.0	NonTarget	1	133992
529.53125	1.0	NonTarget	1	135560
529.65625	1.0	NonTarget	1	135592
529.78125	1.0	NonTarget	1	135624
529.90625	1.0	NonTarget	1	135656
530.03125	1.0	NonTarget	1	135688
530.15625	1.0	NonTarget	1	135720
530.28125	1.0	NonTarget	1	135752
530.40625	1.0	NonTarget	1	135784
530.53125	1.0	NonTarget	1	135816
530.65625	1.0	NonTarget	1	135848
530.78125	1.0	NonTarget	1	135880
530.90625	1.0	NonTarget	1	135912
531.03125	1.0	NonTarget	1	135944
531.15625	1.0	NonTarget	1	135976
531.28125	1.0	NonTarget	1	136008
531.40625	1.0	NonTarget	1	136040
531.53125	1.0	NonTarget	1	136072
531.65625	1.0	NonTarget	1	136104
531.78125	1.0	NonTarget	1	136136
531.90625	1.0	NonTarget	1	136168
532.03125	1.0	NonTarget	1	136200
532.15625	1.0	NonTarget	1	136232
532.28125	1.0	NonTarget	1	136264
532.40625	1.0	NonTarget	1	136296
532.53125	1.0	NonTarget	1	136328
532.65625	1.0	NonTarget	1	136360
532.78125	1.0	NonTarget	1	136392
532.90625	1.0	NonTarget	1	136424
533.03125	1.0	NonTarget	1	136456
533.15625	1.0	NonTarget	1	136488
533.28125	1.0	NonTarget	1	136520
533.40625	1.0	NonTarget	1	136552
533.53125	1.0	NonTarget	1	136584
533.65625	1.0	NonTarget	1	136616
533.78125	1.0	NonTarget	1	136648
533.90625	1.0	NonTarget	1	136680
534.03125	1.0	NonTarget	1	136712
534.15625	1.0	NonTarget	1	136744
534.28125	1.0	NonTarget	1	136776
534.40625	1.0	NonTarget	1	136808
534.53125	1.0	NonTarget	1	136840
534.65625	1.0	NonTarget	1	136872
534.78125	1.0	NonTarget	1	136904
534.90625	1.0	NonTarget	1	136936
535.03125	1.0	NonTarget	1	136968
535.15625	1.0	NonTarget	1	137000
535.28125	1.0	NonTarget	1	137032
535.40625	1.0	NonTarget	1	137064
535.53125	1.0	NonTarget	1	137096
535.65625	1.0	NonTarget	1	137128
535.78125	1.0	NonTarget	1	137160
535.90625	1.0	NonTarget	1	137192
536.03125	1.0	NonTarget	1	137224
536.15625	1.0	NonTarget	1	137256
536.28125	1.0	NonTarget	1	137288
536.40625	1.0	NonTarget	1	137320
536.53125	1.0	NonTarget	1	137352
536.65625	1.0	NonTarget	1	137384
536.78125	1.0	NonTarget	1	137416
536.90625	1.0	NonTarget	1	137448
537.03125	1.0	NonTarget	1	137480
537.15625	1.0	NonTarget	1	137512
537.28125	1.0	NonTarget	1	137544
537.40625	1.0	NonTarget	1	137576
537.53125	1.0	NonTarget	1	137608
537.65625	1.0	NonTarget	1	137640
537.78125	1.0	NonTarget	1	137672
537.90625	1.0	NonTarget	1	137704
538.03125	1.0	NonTarget	1	137736
538.15625	1.0	NonTarget	1	137768
538.28125	1.0	NonTarget	1	137800
538.40625	1.0	NonTarget	1	137832
544.53125	1.0	NonTarget	1	139400
544.65625	1.0	NonTarget	1	139432
544.78125	1.0	NonTarget	1	139464
544.90625	1.0	NonTarget	1	139496
545.03125	1.0	NonTarget	1	139528
545.15625	1.0	NonTarget	1	139560
545.28125	1.0	NonTarget	1	139592
545.40625	1.0	NonTarget	1	139624
545.53125	1.0	NonTarget	1	139656
545.65625	1.0	NonTarget	1	139688
545.78125	1.0	NonTarget	1	139720
545.90625	1.0	NonTarget	1	139752
546.03125	1.0	NonTarget	1	139784
546.15625	1.0	NonTarget	1	139816
546.28125	1.0	NonTarget	1	139848
546.40625	1.0	NonTarget	1	139880
546.53125	1.0	NonTarget	1	139912
546.65625	1.0	NonTarget	1	139944
546.78125	1.0	NonTarget	1	139976
546.90625	1.0	NonTarget	1	140008
547.03125	1.0	NonTarget	1	140040
547.15625	1.0	NonTarget	1	140072
547.28125	1.0	NonTarget	1	140104
547.40625	1.0	NonTarget	1	140136
547.53125	1.0	NonTarget	1	140168
547.65625	1.0	NonTarget	1	140200
547.78125	1.0	NonTarget	1	140232
547.90625	1.0	NonTarget	1	140264
548.03125	1.0	NonTarget	1	140296
548.15625	1.0	NonTarget	1	140328
548.28125	1.0	NonTarget	1	140360
548.40625	1.0	NonTarget	1	140392
548.53125	1.0	NonTarget	1	140424
548.65625	1.0	NonTarget	1	140456
548.78125	1.0	NonTarget	1	140488
548.90625	1.0	NonTarget	1	140520
549.03125	1.0	NonTarget	1	140552
549.15625	1.0	NonTarget	1	140584
549.28125	1.0	NonTarget	1	140616
549.40625	1.0	NonTarget	1	140648
549.53125	1.0	NonTarget	1	140680
549.65625	1.0	NonTarget	1	140712
549.78125	1.0	NonTarget	1	140744
549.90625	1.0	NonTarget	1	140776
550.03125	1.0	NonTarget	1	140808
550.15625	1.0	NonTarget	1	140840
550.28125	1.0	NonTarget	1	140872
550.40625	1.0	NonTarget	1	140904
550.53125	1.0	NonTarget	1	140936
550.65625	1.0	NonTarget	1	140968
550.78125	1.0	NonTarget	1	141000
550.90625	1.0	NonTarget	1	141032
551.03125	1.0	NonTarget	1	141064
551.15625	1.0	NonTarget	1	141096
551.28125	1.0	NonTarget	1	141128
551.40625	1.0	NonTarget	1	141160
551.53125	1.0	NonTarget	1	141192
551.65625	1.0	NonTarget	1	141224
551.78125	1.0	NonTarget	1	141256
551.90625	1.0	NonTarget	1	141288
552.03125	1.0	NonTarget	1	141320
552.15625	1.0	NonTarget	1	141352
552.28125	1.0	NonTarget	1	141384
552.40625	1.0	NonTarget	1	141416
552.53125	1.0	NonTarget	1	141448
552.65625	1.0	NonTarget	1	141480
552.78125	1.0	NonTarget	1	141512
552.90625	1.0	NonTarget	1	141544
553.03125	1.0	NonTarget	1	141576
553.15625	1.0	NonTarget	1	141608
553.28125	1.0	NonTarget	1	141640
553.40625	1.0	NonTarget	1	141672
559.53125	1.0	NonTarget	1	143240
559.65625	1.0	NonTarget	1	143272
559.78125	1.0	NonTarget	1	143304
559.90625	1.0	NonTarget	1	143336
560.03125	1.0	NonTarget	1	143368
560.15625	1.0	NonTarget	1	143400
560.28125	1.0	NonTarget	1	143432
560.40625	1.0	NonTarget	1	143464
560.53125	1.0	NonTarget	1	143496
560.65625	1.0	NonTarget	1	143528
560.78125	1.0	NonTarget	1	143560
560.90625	1.0	NonTarget	1	143592
561.03125	1.0	NonTarget	1	143624
561.15625	1.0	NonTarget	1	143656
561.28125	1.0	NonTarget	1	143688
561.40625	1.0	NonTarget	1	143720
561.53125	1.0	NonTarget	1	143752
561.65625	1.0	NonTarget	1	143784
561.78125	1.0	NonTarget	1	143816
561.90625	1.0	NonTarget	1	143848
562.03125	1.0	NonTarget	1	143880
562.15625	1.0	NonTarget	1	143912
562.28125	1.0	NonTarget	1	143944
562.40625	1.0	NonTarget	1	143976
562.53125	1.0	NonTarget	1	144008
562.65625	1.0	NonTarget	1	144040
562.78125	1.0	NonTarget	1	144072
562.90625	1.0	NonTarget	1	144104
563.03125	1.0	NonTarget	1	144136
563.15625	1.0	NonTarget	1	144168
563.28125	1.0	NonTarget	1	144200
563.40625	1.0	NonTarget	1	144232
563.53125	1.0	NonTarget	1	144264
563.65625	1.0	NonTarget	1	144296
563.78125	1.0	NonTarget	1	144328
563.90625	1.0	NonTarget	1	144360
564.03125	1.0	NonTarget	1	144392
564.15625	1.0	NonTarget	1	144424
564.28125	1.0	NonTarget	1	144456
564.40625	1.0	NonTarget	1	144488
564.53125	1.0	NonTarget	1	144520
564.65625	1.0	NonTarget	1	144552
564.78125	1.0	NonTarget	1	144584
564.90625	1.0	NonTarget	1	144616
565.03125	1.0	NonTarget	1	144648
565.15625	1.0	NonTarget	1	144680
565.28125	1.0	NonTarget	1	144712
565.40625	1.0	NonTarget	1	144744
565.53125	1.0	NonTarget	1	144776
565.65625	1.0	NonTarget	1	144808
565.78125	1.0	NonTarget	1	144840
565.90625	1.0	NonTarget	1	144872
566.03125	1.0	NonTarget	1	144904
566.15625	1.0	NonTarget	1	144936
566.28125	1.0	NonTarget	1	144968
566.40625	1.0	NonTarget	1	145000
566.53125	1.0	NonTarget	1	145032
566.65625	1.0	NonTarget	1	145064
566.78125	1.0	NonTarget	1	145096
566.90625	1.0	NonTarget	1	145128
567.03125	1.0	NonTarget	1	145160
567.15625	1.0	NonTarget	1	145192
567.28125	1.0	NonTarget	1	145224
567.40625	1.0	NonTarget	1	145256
567.53125	1.0	NonTarget	1	145288
567.65625	1.0	NonTarget	1	145320
567.78125	1.0	NonTarget	1	145352
567.90625	1.0	NonTarget	1	145384
568.03125	1.0	NonTarget	1	145416
568.15625	1.0	NonTarget	1	145448
568.28125	1.0	NonTarget	1	145480
568.40625	1.0	NonTarget	1	145512
574.53125	1.0	NonTarget	1	147080
574.65625	1.0	NonTarget	1	147112
574.78125	1.0	NonTarget	1	147144
574.90625	1.0	NonTarget	1	147176
575.03125	1.0	NonTarget	1	147208
575.15625	1.0	NonTarget	1	147240
575.28125	1.0	NonTarget	1	147272
575.40625	1.0	NonTarget	1	147304
575.53125	1.0	NonTarget	1	147336
575.65625	1.0	NonTarget	1	147368
575.78125	1.0	NonTarget	1	147400
575.90625	1.0	NonTarget	1	147432
576.03125	1.0	NonTarget	1	147464
576.15625	1.0	NonTarget	1	147496
576.28125	1.0	NonTarget	1	147528
576.40625	1.0	NonTarget	1	147560
576.53125	1.0	NonTarget	1	147592
576.65625	1.0	NonTarget	1	147624
576.78125	1.0	NonTarget	1	147656
576.90625	1.0	NonTarget	1	147688
577.03125	1.0	NonTarget	1	147720
577.15625	1.0	NonTarget	1	147752
577.28125	1.0	NonTarget	1	147784
577.40625	1.0	NonTarget	1	147816
577.53125	1.0	NonTarget	1	147848
577.65625	1.0	NonTarget	1	147880
577.78125	1.0	NonTarget	1	147912
577.90625	1.0	NonTarget	1	147944
578.03125	1.0	NonTarget	1	147976
578.15625	1.0	NonTarget	1	148008
578.28125	1.0	NonTarget	1	148040
578.40625	1.0	NonTarget	1	148072
578.53125	1.0	NonTarget	1	148104
578.65625	1.0	NonTarget	1	148136
578.78125	1.0	NonTarget	1	148168
578.90625	1.0	NonTarget	1	148200
579.03125	1.0	NonTarget	1	148232
579.15625	1.0	NonTarget	1	148264
579.28125	1.0	NonTarget	1	148296
579.40625	1.0	NonTarget	1	148328
579.53125	1.0	NonTarget	1	148360
579.65625	1.0	NonTarget	1	148392
579.78125	1.0	NonTarget	1	148424
579.90625	1.0	NonTarget	1	148456
580.03125	1.0	NonTarget	1	148488
580.15625	1.0	NonTarget	1	148520
580.28125	1.0	NonTarget	1	148552
580.40625	1.0	NonTarget	1	148584
580.53125	1.0	NonTarget	1	148616
580.65625	1.0	NonTarget	1	148648
580.78125	1.0	NonTarget	1	148680
580.90625	1.0	NonTarget	1	148712
581.03125	1.0	NonTarget	1	148744
581.15625	1.0	NonTarget	1	148776
581.28125	1.0	NonTarget	1	148808
581.40625	1.0	NonTarget	1	148840
581.53125	1.0	NonTarget	1	148872
581.65625	1.0	NonTarget	1	148904
581.78125	1.0	NonTarget	1	148936
581.90625	1.0	NonTarget	1	148968
582.03125	1.0	NonTarget	1	149000
582.15625	1.0	NonTarget	1	149032
582.28125	1.0	NonTarget	1	149064
582.40625	1.0	NonTarget	1	149096
582.53125	1.0	NonTarget	1	149128
582.65625	1.0	NonTarget	1	149160
582.78125	1.0	NonTarget	1	149192
582.90625	1.0	NonTarget	1	149224
583.03125	1.0	NonTarget	1	149256
583.15625	1.0	NonTarget	1	149288
583.28125	1.0	NonTarget	1	149320
583.40625	1.0	NonTarget	1	149352
589.53125	1.0	NonTarget	1	150920
589.65625	1.0	NonTarget	1	150952
589.78125	1.0	NonTarget	1	150984
589.90625	1.0	NonTarget	1	151016
590.03125	1.0	NonTarget	1	151048
590.15625	1.0	NonTarget	1	151080
590.28125	1.0	NonTarget	1	151112
590.40625	1.0	NonTarget	1	151144
590.53125	1.0	NonTarget	1	151176
590.65625	1.0	NonTarget	1	151208
590.78125	1.0	NonTarget	1	151240
590.90625	1.0	NonTarget	1	151272
591.03125	1.0	NonTarget	1	151304
591.15625	1.0	NonTarget	1	151336
591.28125	1.0	NonTarget	1	151368
591.40625	1.0	NonTarget	1	151400
591.53125	1.0	NonTarget	1	151432
591.65625	1.0	NonTarget	1	151464
591.78125	1.0	NonTarget	1	151496
591.90625	1.0	NonTarget	1	151528
592.03125	1.0	NonTarget	1	151560
592.15625	1.0	NonTarget	1	151592
592.28125	1.0	NonTarget	1	151624
592.40625	1.0	NonTarget	1	151656
592.53125	1.0	NonTarget	1	151688
592.65625	1.0	NonTarget	1	151720
592.78125	1.0	NonTarget	1	151752
592.90625	1.0	NonTarget	1	151784
593.03125	1.0	NonTarget	1	151816
593.15625	1.0	NonTarget	1	151848
593.28125	1.0	NonTarget	1	151880
593.40625	1.0	NonTarget	1	151912
593.53125	1.0	NonTarget	1	151944
593.65625	1.0	NonTarget	1	151976
593.78125	1.0	NonTarget	1	152008
593.90625	1.0	NonTarget	1	152040
594.03125	1.0	NonTarget	1	152072
594.15625	1.0	NonTarget	1	152104
594.28125	1.0	NonTarget	1	152136
594.40625	1.0	NonTarget	1	152168
594.53125	1.0	NonTarget	1	152200
594.65625	1.0	NonTarget	1	152232
594.78125	1.0	NonTarget	1	152264
594.90625	1.0	NonTarget	1	152296
595.03125	1.0	NonTarget	1	152328
595.15625	1.0	NonTarget	1	152360
595.28125	1.0	NonTarget	1	152392
595.40625	1.0	NonTarget	1	152424
595.53125	1.0	NonTarget	1	152456
595.65625	1.0	NonTarget	1	152488
595.78125	1.0	NonTarget	1	152520
595.90625	1.0	NonTarget	1	152552
596.03125	1.0	NonTarget	1	152584
596.15625	1.0	NonTarget	1	152616
596.28125	1.0	NonTarget	1	152648
596.40625	1.0	NonTarget	1	152680
596.53125	1.0	NonTarget	1	152712
596.65625	1.0	NonTarget	1	152744
596.78125	1.0	NonTarget	1	152776
596.90625	1.0	NonTarget	1	152808
597.03125	1.0	NonTarget	1	152840
597.15625	1.0	NonTarget	1	152872
597.28125	1.0	NonTarget	1	152904
597.40625	1.0	NonTarget	1	152936
597.53125	1.0	NonTarget	1	152968
597.65625	1.0	NonTarget	1	153000
597.78125	1.0	NonTarget	1	153032
597.90625	1.0	NonTarget	1	153064
598.03125	1.0	NonTarget	1	153096
598.15625	1.0	NonTarget	1	153128
598.28125	1.0	NonTarget	1	153160
598.40625	1.0	NonTarget	1	153192
604.53125	1.0	NonTarget	1	154760
604.65625	1.0	NonTarget	1	154792
604.78125	1.0	NonTarget	1	154824
604.90625	1.0	NonTarget	1	154856
605.03125	1.0	NonTarget	1	154888
605.15625	1.0	NonTarget	1	154920
605.28125	1.0	NonTarget	1	154952
605.40625	1.0	NonTarget	1	154984
605.53125	1.0	NonTarget	1	155016
605.65625	1.0	NonTarget	1	155048
605.78125	1.0	NonTarget	1	155080
605.90625	1.0	NonTarget	1	155112
606.03125	1.0	NonTarget	1	155144
606.15625	1.0	NonTarget	1	155176
606.28125	1.0	NonTarget	1	155208
606.40625	1.0	NonTarget	1	155240
606.53125	1.0	NonTarget	1	155272
606.65625	1.0	NonTarget	1	155304
606.78125	1.0	NonTarget	1	155336
606.90625	1.0	NonTarget	1	155368
607.03125	1.0	NonTarget	1	155400
607.15625	1.0	NonTarget	1	155432
607.28125	1.0	NonTarget	1	155464
607.40625	1.0	NonTarget	1	155496
607.53125	1.0	NonTarget	1	155528
607.65625	1.0	NonTarget	1	155560
607.78125	1.0	NonTarget	1	155592
607.90625	1.0	NonTarget	1	155624
608.03125	1.0	NonTarget	1	155656
608.15625	1.0	NonTarget	1	155688
608.28125	1.0	NonTarget	1	155720
608.40625	1.0	NonTarget	1	155752
608.53125	1.0	NonTarget	1	155784
608.65625	1.0	NonTarget	1	155816
608.78125	1.0	NonTarget	1	155848
608.90625	1.0	NonTarget	1	155880
609.03125	1.0	NonTarget	1	155912
609.15625	1.0	NonTarget	1	155944
609.28125	1.0	NonTarget	1	155976
609.40625	1.0	NonTarget	1	156008
609.53125	1.0	NonTarget	1	156040
609.65625	1.0	NonTarget	1	156072
609.78125	1.0	NonTarget	1	156104
609.90625	1.0	NonTarget	1	156136
610.03125	1.0	NonTarget	1	156168
610.15625	1.0	NonTarget	1	156200
610.28125	1.0	NonTarget	1	156232
610.40625	1.0	NonTarget	1	156264
610.53125	1.0	NonTarget	1	156296
610.65625	1.0	NonTarget	1	156328
610.78125	1.0	NonTarget	1	156360
610.90625	1.0	NonTarget	1	156392
611.03125	1.0	NonTarget	1	156424
611.15625	1.0	NonTarget	1	156456
611.28125	1.0	NonTarget	1	156488
611.40625	1.0	NonTarget	1	156520
611.53125	1.0	NonTarget	1	156552
611.65625	1.0	NonTarget	1	156584
611.78125	1.0	NonTarget	1	156616
611.90625	1.0	NonTarget	1	156648
612.03125	1.0	NonTarget	1	156680
612.15625	1.0	NonTarget	1	156712
612.28125	1.0	NonTarget	1	156744
612.40625	1.0	NonTarget	1	156776
612.53125	1.0	NonTarget	1	156808
612.65625	1.0	NonTarget	1	156840
612.78125	1.0	NonTarget	1	156872
612.90625	1.0	NonTarget	1	156904
613.03125	1.0	NonTarget	1	156936
613.15625	1.0	NonTarget	1	156968
613.28125	1.0	NonTarget	1	157000
613.40625	1.0	NonTarget	1	157032
619.53125	1.0	NonTarget	1	158600
619.65625	1.0	NonTarget	1	158632
619.78125	1.0	NonTarget	1	158664
619.90625	1.0	NonTarget	1	158696
620.03125	1.0	NonTarget	1	158728
620.15625	1.0	NonTarget	1	158760
620.28125	1.0	NonTarget	1	158792
620.40625	1.0	NonTarget	1	158824
620.53125	1.0	NonTarget	1	158856
620.65625	1.0	NonTarget	1	158888
620.78125	1.0	NonTarget	1	158920
620.90625	1.0	NonTarget	1	158952
621.03125	1.0	NonTarget	1	158984
621.15625	1.0	NonTarget	1	159016
621.28125	1.0	NonTarget	1	159048
621.40625	1.0	NonTarget	1	159080
621.53125	1.0	NonTarget	1	159112
621.65625	1.0	NonTarget	1	159144
621.78125	1.0	NonTarget	1	159176
621.90625	1.0	NonTarget	1	159208
622.03125	1.0	NonTarget	1	159240
622.15625	1.0	NonTarget	1	159272
622.28125	1.0	NonTarget	1	159304
622.40625	1.0	NonTarget	1	159336
622.53125	1.0	NonTarget	1	159368
622.65625	1.0	NonTarget	1	159400
622.78125	1.0	NonTarget	1	159432
622.90625	1.0	NonTarget	1	159464
623.03125	1.0	NonTarget	1	159496
623.15625	1.0	NonTarget	1	159528
623.28125	1.0	NonTarget	1	159560
623.40625	1.0	NonTarget	1	159592
623.53125	1.0	NonTarget	1	159624
623.65625	1.0	NonTarget	1	159656
623.78125	1.0	NonTarget	1	159688
623.90625	1.0	NonTarget	1	159720
624.03125	1.0	NonTarget	1	159752
624.15625	1.0	NonTarget	1	159784
624.28125	1.0	NonTarget	1	159816
624.40625	1.0	NonTarget	1	159848
624.53125	1.0	NonTarget	1	159880
624.65625	1.0	NonTarget	1	159912
624.78125	1.0	NonTarget	1	159944
624.90625	1.0	NonTarget	1	159976
625.03125	1.0	NonTarget	1	160008
625.15625	1.0	NonTarget	1	160040
625.28125	1.0	NonTarget	1	160072
625.40625	1.0	NonTarget	1	160104
625.53125	1.0	NonTarget	1	160136
625.65625	1.0	NonTarget	1	160168
625.78125	1.0	NonTarget	1	160200
625.90625	1.0	NonTarget	1	160232
626.03125	1.0	NonTarget	1	160264
626.15625	1.0	NonTarget	1	160296
626.28125	1.0	NonTarget	1	160328
626.40625	1.0	NonTarget	1	160360
626.53125	1.0	NonTarget	1	160392
626.65625	1.0	NonTarget	1	160424
626.78125	1.0	NonTarget	1	160456
626.90625	1.0	NonTarget	1	160488
627.03125	1.0	NonTarget	1	160520
627.15625	1.0	NonTarget	1	160552
627.28125	1.0	NonTarget	1	160584
627.40625	1.0	NonTarget	1	160616
627.53125	1.0	NonTarget	1	160648
627.65625	1.0	NonTarget	1	160680
627.78125	1.0	NonTarget	1	160712
627.90625	1.0	NonTarget	1	160744
628.03125	1.0	NonTarget	1	160776
628.15625	1.0	NonTarget	1	160808
628.28125	1.0	NonTarget	1	160840
628.40625	1.0	NonTarget	1	160872
634.53125	1.0	NonTarget	1	162440
634.65625	1.0	NonTarget	1	162472
634.78125	1.0	NonTarget	1	162504
634.90625	1.0	NonTarget	1	162536
635.03125	1.0	NonTarget	1	162568
635.15625	1.0	NonTarget	1	162600
635.28125	1.0	NonTarget	1	162632
635.40625	1.0	NonTarget	1	162664
635.53125	1.0	NonTarget	1	162696
635.65625	1.0	NonTarget	1	162728
635.78125	1.0	NonTarget	1	162760
635.90625	1.0	NonTarget	1	162792
636.03125	1.0	NonTarget	1	162824
636.15625	1.0	NonTarget	1	162856
636.28125	1.0	NonTarget	1	162888
636.40625	1.0	NonTarget	1	162920
636.53125	1.0	NonTarget	1	162952
636.65625	1.0	NonTarget	1	162984
636.78125	1.0	NonTarget	1	163016
636.90625	1.0	NonTarget	1	163048
637.03125	1.0	NonTarget	1	163080
637.15625	1.0	NonTarget	1	163112
637.28125	1.0	NonTarget	1	163144
637.40625	1.0	NonTarget	1	163176
637.53125	1.0	NonTarget	1	163208
637.65625	1.0	NonTarget	1	163240
637.78125	1.0	NonTarget	1	163272
637.90625	1.0	NonTarget	1	163304
638.03125	1.0	NonTarget	1	163336
638.15625	1.0	NonTarget	1	163368
638.28125	1.0	NonTarget	1	163400
638.40625	1.0	NonTarget	1	163432
638.53125	1.0	NonTarget	1	163464
638.65625	1.0	NonTarget	1	163496
638.78125	1.0	NonTarget	1	163528
638.90625	1.0	NonTarget	1	163560
639.03125	1.0	NonTarget	1	163592
639.15625	1.0	NonTarget	1	163624
639.28125	1.0	NonTarget	1	163656
639.40625	1.0	NonTarget	1	163688
639.53125	1.0	NonTarget	1	163720
639.65625	1.0	NonTarget	1	163752
639.78125	1.0	NonTarget	1	163784
639.90625	1.0	NonTarget	1	163816
640.03125	1.0	NonTarget	1	163848
640.15625	1.0	NonTarget	1	163880
640.28125	1.0	NonTarget	1	163912
640.40625	1.0	NonTarget	1	163944
640.53125	1.0	NonTarget	1	163976
640.65625	1.0	NonTarget	1	164008
640.78125	1.0	NonTarget	1	164040
640.90625	1.0	NonTarget	1	164072
641.03125	1.0	NonTarget	1	164104
641.15625	1.0	NonTarget	1	164136
641.28125	1.0	NonTarget	1	164168
641.40625	1.0	NonTarget	1	164200
641.53125	1.0	NonTarget	1	164232
641.65625	1.0	NonTarget	1	164264
641.78125	1.0	NonTarget	1	164296
641.90625	1.0	NonTarget	1	164328
642.03125	1.0	NonTarget	1	164360
642.15625	1.0	NonTarget	1	164392
642.28125	1.0	NonTarget	1	164424
642.40625	1.0	NonTarget	1	164456
642.53125	1.0	NonTarget	1	164488
642.65625	1.0	NonTarget	1	164520
642.78125	1.0	NonTarget	1	164552
642.90625	1.0	NonTarget	1	164584
643.03125	1.0	NonTarget	1	164616
643.15625	1.0	NonTarget	1	164648
643.28125	1.0	NonTarget	1	164680
643.40625	1.0	NonTarget	1	164712
649.53125	1.0	NonTarget	1	166280
649.65625	1.0	NonTarget	1	166312
649.78125	1.0	NonTarget	1	166344
649.90625	1.0	NonTarget	1	166376
650.03125	1.0	NonTarget	1	166408
650.15625	1.0	NonTarget	1	166440
650.28125	1.0	NonTarget	1	166472
650.40625	1.0	NonTarget	1	166504
650.53125	1.0	NonTarget	1	166536
650.65625	1.0	NonTarget	1	166568
650.78125	1.0	NonTarget	1	166600
650.90625	1.0	NonTarget	1	166632
651.03125	1.0	NonTarget	1	166664
651.15625	1.0	NonTarget	1	166696
651.28125	1.0	NonTarget	1	166728
651.40625	1.0	NonTarget	1	166760
651.53125	1.0	NonTarget	1	166792
651.65625	1.0	NonTarget	1	166824
651.78125	1.0	NonTarget	1	166856
651.90625	1.0	NonTarget	1	166888
652.03125	1.0	NonTarget	1	166920
652.15625	1.0	NonTarget	1	166952
652.28125	1.0	NonTarget	1	166984
652.40625	1.0	NonTarget	1	167016
652.53125	1.0	NonTarget	1	167048
652.65625	1.0	NonTarget	1	167080
652.78125	1.0	NonTarget	1	167112
652.90625	1.0	NonTarget	1	167144
653.03125	1.0	NonTarget	1	167176
653.15625	1.0	NonTarget	1	167208
653.28125	1.0	NonTarget	1	167240
653.40625	1.0	NonTarget	1	167272
653.53125	1.0	NonTarget	1	167304
653.65625	1.0	NonTarget	1	167336
653.78125	1.0	NonTarget	1	167368
653.90625	1.0	NonTarget	1	167400
654.03125	1.0	NonTarget	1	167432
654.15625	1.0	NonTarget	1	167464
654.28125	1.0	NonTarget	1	167496
654.40625	1.0	NonTarget	1	167528
654.53125	1.0	NonTarget	1	167560
654.65625	1.0	NonTarget	1	167592
654.78125	1.0	NonTarget	1	167624
654.90625	1.0	NonTarget	1	167656
655.03125	1.0	NonTarget	1	167688
655.15625	1.0	NonTarget	1	167720
655.28125	1.0	NonTarget	1	167752
655.40625	1.0	NonTarget	1	167784
655.53125	1.0	NonTarget	1	167816
655.65625	1.0	NonTarget	1	167848
655.78125	1.0	NonTarget	1	167880
655.90625	1.0	NonTarget	1	167912
656.03125	1.0	NonTarget	1	167944
656.15625	1.0	NonTarget	1	167976
656.28125	1.0	NonTarget	1	168008
656.40625	1.0	NonTarget	1	168040
656.53125	1.0	NonTarget	1	168072
656.65625	1.0	NonTarget	1	168104
656.78125	1.0	NonTarget	1	168136
656.90625	1.0	NonTarget	1	168168
657.03125	1.0	NonTarget	1	168200
657.15625	1.0	NonTarget	1	168232
657.28125	1.0	NonTarget	1	168264
657.40625	1.0	NonTarget	1	168296
657.53125	1.0	NonTarget	1	168328
657.65625	1.0	NonTarget	1	168360
657.78125	1.0	NonTarget	1	168392
657.90625	1.0	NonTarget	1	168424
658.03125	1.0	NonTarget	1	168456
658.15625	1.0	NonTarget	1	168488
658.28125	1.0	NonTarget	1	168520
658.40625	1.0	NonTarget	1	168552
664.53125	1.0	NonTarget	1	170120
664.65625	1.0	NonTarget	1	170152
664.78125	1.0	NonTarget	1	170184
664.90625	1.0	NonTarget	1	170216
665.03125	1.0	NonTarget	1	170248
665.15625	1.0	NonTarget	1	170280
665.28125	1.0	NonTarget	1	170312
665.40625	1.0	NonTarget	1	170344
665.53125	1.0	NonTarget	1	170376
665.65625	1.0	NonTarget	1	170408
665.78125	1.0	NonTarget	1	170440
665.90625	1.0	NonTarget	1	170472
666.03125	1.0	NonTarget	1	170504
666.15625	1.0	NonTarget	1	170536
666.28125	1.0	NonTarget	1	170568
666.40625	1.0	NonTarget	1	170600
666.53125	1.0	NonTarget	1	170632
666.65625	1.0	NonTarget	1	170664
666.78125	1.0	NonTarget	1	170696
666.90625	1.0	NonTarget	1	170728
667.03125	1.0	NonTarget	1	170760
667.15625	1.0	NonTarget	1	170792
667.28125	1.0	NonTarget	1	170824
667.40625	1.0	NonTarget	1	170856
667.53125	1.0	NonTarget	1	170888
667.65625	1.0	NonTarget	1	170920
667.78125	1.0	NonTarget	1	170952
667.90625	1.0	NonTarget	1	170984
668.03125	1.0	NonTarget	1	171016
668.15625	1.0	NonTarget	1	171048
668.28125	1.0	NonTarget	1	171080
668.40625	1.0	NonTarget	1	171112
668.53125	1.0	NonTarget	1	171144
668.65625	1.0	NonTarget	1	171176
668.78125	1.0	NonTarget	1	171208
668.90625	1.0	NonTarget	1	171240
669.03125	1.0	NonTarget	1	171272
669.15625	1.0	NonTarget	1	171304
669.28125	1.0	NonTarget	1	171336
669.40625	1.0	NonTarget	1	171368
669.53125	1.0	NonTarget	1	171400
669.65625	1.0	NonTarget	1	171432
669.78125	1.0	NonTarget	1	171464
669.90625	1.0	NonTarget	1	171496
670.03125	1.0	NonTarget	1	171528
670.15625	1.0	NonTarget	1	171560
670.28125	1.0	NonTarget	1	171592
670.40625	1.0	NonTarget	1	171624
670.53125	1.0	NonTarget	1	171656
670.65625	1.0	NonTarget	1	171688
670.78125	1.0	NonTarget	1	171720
670.90625	1.0	NonTarget	1	171752
671.03125	1.0	NonTarget	1	171784
671.15625	1.0	NonTarget	1	171816
671.28125	1.0	NonTarget	1	171848
671.40625	1.0	NonTarget	1	171880
671.53125	1.0	NonTarget	1	171912
671.65625	1.0	NonTarget	1	171944
671.78125	1.0	NonTarget	1	171976
671.90625	1.0	NonTarget	1	172008
672.03125	1.0	NonTarget	1	172040
672.15625	1.0	NonTarget	1	172072
672.28125	1.0	NonTarget	1	172104
672.40625	1.0	NonTarget	1	172136
672.53125	1.0	NonTarget	1	172168
672.65625	1.0	NonTarget	1	172200
672.78125	1.0	NonTarget	1	172232
672.90625	1.0	NonTarget	1	172264
673.03125	1.0	NonTarget	1	172296
673.15625	1.0	NonTarget	1	172328
673.28125	1.0	NonTarget	1	172360
673.40625	1.0	NonTarget	1	172392
679.53125	1.0	NonTarget	1	173960
679.65625	1.0	NonTarget	1	173992
679.78125	1.0	NonTarget	1	174024
679.90625	1.0	NonTarget	1	174056
680.03125	1.0	NonTarget	1	174088
680.15625	1.0	NonTarget	1	174120
680.28125	1.0	NonTarget	1	174152
680.40625	1.0	NonTarget	1	174184
680.53125	1.0	NonTarget	1	174216
680.65625	1.0	NonTarget	1	174248
680.78125	1.0	NonTarget	1	174280
680.90625	1.0	NonTarget	1	174312
681.03125	1.0	NonTarget	1	174344
681.15625	1.0	NonTarget	1	174376
681.28125	1.0	NonTarget	1	174408
681.40625	1.0	NonTarget	1	174440
681.53125	1.0	NonTarget	1	174472
681.65625	1.0	NonTarget	1	174504
681.78125	1.0	NonTarget	1	174536
681.90625	1.0	NonTarget	1	174568
682.03125	1.0	NonTarget	1	174600
682.15625	1.0	NonTarget	1	174632
682.28125	1.0	NonTarget	1	174664
682.40625	1.0	NonTarget	1	174696
682.53125	1.0	NonTarget	1	174728
682.65625	1.0	NonTarget	1	174760
682.78125	1.0	NonTarget	1	174792
682.90625	1.0	NonTarget	1	174824
683.03125	1.0	NonTarget	1	174856
683.15625	1.0	NonTarget	1	174888
683.28125	1.0	NonTarget	1	174920
683.40625	1.0	NonTarget	1	174952
683.53125	1.0	NonTarget	1	174984
683.65625	1.0	NonTarget	1	175016
683.78125	1.0	NonTarget	1	175048
683.90625	1.0	NonTarget	1	175080
684.03125	1.0	NonTarget	1	175112
684.15625	1.0	NonTarget	1	175144
684.28125	1.0	NonTarget	1	175176
684.40625	1.0	NonTarget	1	175208
684.53125	1.0	NonTarget	1	175240
684.65625	1.0	NonTarget	1	175272
684.78125	1.0	NonTarget	1	175304
684.90625	1.0	NonTarget	1	175336
685.03125	1.0	NonTarget	1	175368
685.15625	1.0	NonTarget	1	175400
685.28125	1.0	NonTarget	1	175432
685.40625	1.0	NonTarget	1	175464
685.53125	1.0	NonTarget	1	175496
685.65625	1.0	NonTarget	1	175528
685.78125	1.0	NonTarget	1	175560
685.90625	1.0	NonTarget	1	175592
686.03125	1.0	NonTarget	1	175624
686.15625	1.0	NonTarget	1	175656
686.28125	1.0	NonTarget	1	175688
686.40625	1.0	NonTarget	1	175720
686.53125	1.0	NonTarget	1	175752
686.65625	1.0	NonTarget	1	175784
686.78125	1.0	NonTarget	1	175816
686.90625	1.0	NonTarget	1	175848
687.03125	1.0	NonTarget	1	175880
687.15625	1.0	NonTarget	1	175912
687.28125	1.0	NonTarget	1	175944
687.40625	1.0	NonTarget	1	175976
687.53125	1.0	NonTarget	1	176008
687.65625	1.0	NonTarget	1	176040
687.78125	1.0	NonTarget	1	176072
687.90625	1.0	NonTarget	1	176104
688.03125	0.96875	NonTarget	1	176136
688.15625	0.84375	NonTarget	1	176168
688.28125	0.71875	NonTarget	1	176200
688.40625	0.59375	NonTarget	1	176232
