onset	duration	trial_type	value	sample
4.53125	1.0	NonTarget	1	1160
4.65625	1.0	NonTarget	1	1192
4.78125	1.0	NonTarget	1	1224
4.90625	1.0	NonTarget	1	1256
5.03125	1.0	NonTarget	1	1288
5.15625	1.0	NonTarget	1	1320
5.28125	1.0	NonTarget	1	1352
5.40625	1.0	NonTarget	1	1384
5.53125	1.0	NonTarget	1	1416
5.65625	1.0	NonTarget	1	1448
5.78125	1.0	NonTarget	1	1480
5.90625	1.0	NonTarget	1	1512
6.03125	1.0	NonTarget	1	1544
6.15625	1.0	NonTarget	1	1576
6.28125	1.0	NonTarget	1	1608
6.40625	1.0	NonTarget	1	1640
6.53125	1.0	NonTarget	1	1672
6.65625	1.0	NonTarget	1	1704
6.78125	1.0	NonTarget	1	1736
6.90625	1.0	NonTarget	1	1768
7.03125	1.0	NonTarget	1	1800
7.15625	1.0	NonTarget	1	1832
7.28125	1.0	NonTarget	1	1864
7.40625	1.0	NonTarget	1	1896
7.53125	1.0	NonTarget	1	1928
7.65625	1.0	NonTarget	1	1960
7.78125	1.0	NonTarget	1	1992
7.90625	1.0	NonTarget	1	2024
8.03125	1.0	NonTarget	1	2056
8.15625	1.0	NonTarget	1	2088
8.28125	1.0	NonTarget	1	2120
8.40625	1.0	NonTarget	1	2152
8.53125	1.0	NonTarget	1	2184
8.65625	1.0	NonTarget	1	2216
8.78125	1.0	NonTarget	1	2248
8.90625	1.0	NonTarget	1	2280
9.03125	1.0	NonTarget	1	2312
9.15625	1.0	NonTarget	1	2344
9.28125	1.0	NonTarget	1	2376
9.40625	1.0	NonTarget	1	2408
9.53125	1.0	NonTarget	1	2440
9.65625	1.0	NonTarget	1	2472
9.78125	1.0	NonTarget	1	2504
9.90625	1.0	NonTarget	1	2536
10.03125	1.0	NonTarget	1	2568
10.15625	1.0	NonTarget	1	2600
10.28125	1.0	NonTarget	1	2632
10.40625	1.0	NonTarget	1	2664
10.53125	1.0	NonTarget	1	2696
10.65625	1.0	NonTarget	1	2728
10.78125	1.0	NonTarget	1	2760
10.90625	1.0	NonTarget	1	2792
11.03125	1.0	NonTarget	1	2824
11.15625	1.0	NonTarget	1	2856
11.28125	1.0	NonTarget	1	2888
11.40625	1.0	NonTarget	1	2920
11.53125	1.0	NonTarget	1	2952
11.65625	1.0	NonTarget	1	2984
11.78125	1.0	NonTarget	1	3016
11.90625	1.0	NonTarget	1	3048
12.03125	1.0	NonTarget	1	3080
12.15625	1.0	NonTarget	1	3112
12.28125	1.0	NonTarget	1	3144
12.40625	1.0	NonTarget	1	3176
12.53125	1.0	NonTarget	1	3208
12.65625	1.0	NonTarget	1	3240
12.78125	1.0	NonTarget	1	3272
12.90625	1.0	NonTarget	1	3304
13.03125	1.0	NonTarget	1	3336
13.15625	1.0	NonTarget	1	3368
13.28125	1.0	NonTarget	1	3400
13.40625	1.0	NonTarget	1	3432
13.53125	1.0	NonTarget	1	3464
13.65625	1.0	NonTarget	1	3496
13.78125	1.0	NonTarget	1	3528
13.90625	1.0	NonTarget	1	3560
14.03125	1.0	NonTarget	1	3592
14.15625	1.0	NonTarget	1	3624
14.28125	1.0	NonTarget	1	3656
14.40625	1.0	NonTarget	1	3688
14.53125	1.0	NonTarget	1	3720
14.65625	1.0	NonTarget	1	3752
14.78125	1.0	NonTarget	1	3784
14.90625	1.0	NonTarget	1	3816
21.03125	1.0	NonTarget	1	5384
21.15625	1.0	NonTarget	1	5416
21.28125	1.0	NonTarget	1	5448
21.40625	1.0	NonTarget	1	5480
21.53125	1.0	NonTarget	1	5512
21.65625	1.0	NonTarget	1	5544
21.78125	1.0	NonTarget	1	5576
21.90625	1.0	NonTarget	1	5608
22.03125	1.0	NonTarget	1	5640
22.15625	1.0	NonTarget	1	5672
22.28125	1.0	NonTarget	1	5704
22.40625	1.0	NonTarget	1	5736
22.53125	1.0	NonTarget	1	5768
22.65625	1.0	NonTarget	1	5800
22.78125	1.0	NonTarget	1	5832
22.90625	1.0	NonTarget	1	5864
23.03125	1.0	NonTarget	1	5896
23.15625	1.0	NonTarget	1	5928
23.28125	1.0	NonTarget	1	5960
23.40625	1.0	NonTarget	1	5992
23.53125	1.0	NonTarget	1	6024
23.65625	1.0	NonTarget	1	6056
23.78125	1.0	NonTarget	1	6088
23.90625	1.0	NonTarget	1	6120
24.03125	1.0	NonTarget	1	6152
24.15625	1.0	NonTarget	1	6184
24.28125	1.0	NonTarget	1	6216
24.40625	1.0	NonTarget	1	6248
24.53125	1.0	NonTarget	1	6280
24.65625	1.0	NonTarget	1	6312
24.78125	1.0	NonTarget	1	6344
24.90625	1.0	NonTarget	1	6376
25.03125	1.0	NonTarget	1	6408
25.15625	1.0	NonTarget	1	6440
25.28125	1.0	NonTarget	1	6472
25.40625	1.0	NonTarget	1	6504
25.53125	1.0	NonTarget	1	6536
25.65625	1.0	NonTarget	1	6568
25.78125	1.0	NonTarget	1	6600
25.90625	1.0	NonTarget	1	6632
26.03125	1.0	NonTarget	1	6664
26.15625	1.0	NonTarget	1	6696
26.28125	1.0	NonTarget	1	6728
26.40625	1.0	NonTarget	1	6760
26.53125	1.0	NonTarget	1	6792
26.65625	1.0	NonTarget	1	6824
26.78125	1.0	NonTarget	1	6856
26.90625	1.0	NonTarget	1	6888
27.03125	1.0	NonTarget	1	6920
27.15625	1.0	NonTarget	1	6952
27.28125	1.0	NonTarget	1	6984
27.40625	1.0	NonTarget	1	7016
27.53125	1.0	NonTarget	1	7048
27.65625	1.0	NonTarget	1	7080
27.78125	1.0	NonTarget	1	7112
27.90625	1.0	NonTarget	1	7144
28.03125	1.0	NonTarget	1	7176
28.15625	1.0	NonTarget	1	7208
28.28125	1.0	NonTarget	1	7240
28.40625	1.0	NonTarget	1	7272
28.53125	1.0	NonTarget	1	7304
28.65625	1.0	NonTarget	1	7336
28.78125	1.0	NonTarget	1	7368
28.90625	1.0	NonTarget	1	7400
29.03125	1.0	NonTarget	1	7432
29.15625	1.0	NonTarget	1	7464
29.28125	1.0	NonTarget	1	7496
29.40625	1.0	NonTarget	1	7528
29.53125	1.0	NonTarget	1	7560
29.65625	1.0	NonTarget	1	7592
29.78125	1.0	NonTarget	1	7624
29.90625	1.0	NonTarget	1	7656
30.03125	1.0	NonTarget	1	7688
30.15625	1.0	NonTarget	1	7720
30.28125	1.0	NonTarget	1	7752
30.40625	1.0	NonTarget	1	7784
30.53125	1.0	NonTarget	1	7816
30.65625	1.0	NonTarget	1	7848
30.78125	1.0	NonTarget	1	7880
30.90625	1.0	NonTarget	1	7912
31.03125	1.0	NonTarget	1	7944
31.15625	1.0	NonTarget	1	7976
31.28125	1.0	NonTarget	1	8008
31.40625	1.0	NonTarget	1	8040
37.53125	1.0	NonTarget	1	9608
37.65625	1.0	NonTarget	1	9640
37.78125	1.0	NonTarget	1	9672
37.90625	1.0	NonTarget	1	9704
38.03125	1.0	NonTarget	1	9736
38.15625	1.0	NonTarget	1	9768
38.28125	1.0	NonTarget	1	9800
38.40625	1.0	NonTarget	1	9832
38.53125	1.0	NonTarget	1	9864
38.65625	1.0	NonTarget	1	9896
38.78125	1.0	NonTarget	1	9928
38.90625	1.0	NonTarget	1	9960
39.03125	1.0	NonTarget	1	9992
39.15625	1.0	NonTarget	1	10024
39.28125	1.0	NonTarget	1	10056
39.40625	1.0	NonTarget	1	10088
39.53125	1.0	NonTarget	1	10120
39.65625	1.0	NonTarget	1	10152
39.78125	1.0	NonTarget	1	10184
39.90625	1.0	NonTarget	1	10216
40.03125	1.0	NonTarget	1	10248
40.15625	1.0	NonTarget	1	10280
40.28125	1.0	NonTarget	1	10312
40.40625	1.0	NonTarget	1	10344
40.53125	1.0	NonTarget	1	10376
40.65625	1.0	NonTarget	1	10408
40.78125	1.0	NonTarget	1	10440
40.90625	1.0	NonTarget	1	10472
41.03125	1.0	NonTarget	1	10504
41.15625	1.0	NonTarget	1	10536
41.28125	1.0	NonTarget	1	10568
41.40625	1.0	NonTarget	1	10600
41.53125	1.0	NonTarget	1	10632
41.65625	1.0	NonTarget	1	10664
41.78125	1.0	NonTarget	1	10696
41.90625	1.0	NonTarget	1	10728
42.03125	1.0	NonTarget	1	10760
42.15625	1.0	NonTarget	1	10792
42.28125	1.0	NonTarget	1	10824
42.40625	1.0	NonTarget	1	10856
42.53125	1.0	NonTarget	1	10888
42.65625	1.0	NonTarget	1	10920
42.78125	1.0	NonTarget	1	10952
42.90625	1.0	NonTarget	1	10984
43.03125	1.0	NonTarget	1	11016
43.15625	1.0	NonTarget	1	11048
43.28125	1.0	NonTarget	1	11080
43.40625	1.0	NonTarget	1	11112
43.53125	1.0	NonTarget	1	11144
43.65625	1.0	NonTarget	1	11176
43.78125	1.0	NonTarget	1	11208
43.90625	1.0	NonTarget	1	11240
44.03125	1.0	NonTarget	1	11272
44.15625	1.0	NonTarget	1	11304
44.28125	1.0	NonTarget	1	11336
44.40625	1.0	NonTarget	1	11368
44.53125	1.0	NonTarget	1	11400
44.65625	1.0	NonTarget	1	11432
44.78125	1.0	NonTarget	1	11464
44.90625	1.0	NonTarget	1	11496
45.03125	1.0	NonTarget	1	11528
45.15625	1.0	NonTarget	1	11560
45.28125	1.0	NonTarget	1	11592
45.40625	1.0	NonTarget	1	11624
45.53125	1.0	NonTarget	1	11656
45.65625	1.0	NonTarget	1	11688
45.78125	1.0	NonTarget	1	11720
45.90625	1.0	NonTarget	1	11752
46.03125	1.0	NonTarget	1	11784
46.15625	1.0	NonTarget	1	11816
46.28125	1.0	NonTarget	1	11848
46.40625	1.0	NonTarget	1	11880
46.53125	1.0	NonTarget	1	11912
46.65625	1.0	NonTarget	1	11944
46.78125	1.0	NonTarget	1	11976
46.90625	1.0	NonTarget	1	12008
47.03125	1.0	NonTarget	1	12040
47.15625	1.0	NonTarget	1	12072
47.28125	1.0	NonTarget	1	12104
47.40625	1.0	NonTarget	1	12136
47.53125	1.0	NonTarget	1	12168
47.65625	1.0	NonTarget	1	12200
47.78125	1.0	NonTarget	1	12232
47.90625	1.0	NonTarget	1	12264
54.03125	1.0	NonTarget	1	13832
54.15625	1.0	NonTarget	1	13864
54.28125	1.0	NonTarget	1	13896
54.40625	1.0	NonTarget	1	13928
54.53125	1.0	NonTarget	1	13960
54.65625	1.0	NonTarget	1	13992
54.78125	1.0	NonTarget	1	14024
54.90625	1.0	NonTarget	1	14056
55.03125	1.0	NonTarget	1	14088
55.15625	1.0	NonTarget	1	14120
55.28125	1.0	NonTarget	1	14152
55.40625	1.0	NonTarget	1	14184
55.53125	1.0	NonTarget	1	14216
55.65625	1.0	NonTarget	1	14248
55.78125	1.0	NonTarget	1	14280
55.90625	1.0	NonTarget	1	14312
56.03125	1.0	NonTarget	1	14344
56.15625	1.0	NonTarget	1	14376
56.28125	1.0	NonTarget	1	14408
56.40625	1.0	NonTarget	1	14440
56.53125	1.0	NonTarget	1	14472
56.65625	1.0	NonTarget	1	14504
56.78125	1.0	NonTarget	1	14536
56.90625	1.0	NonTarget	1	14568
57.03125	1.0	NonTarget	1	14600
57.15625	1.0	NonTarget	1	14632
57.28125	1.0	NonTarget	1	14664
57.40625	1.0	NonTarget	1	14696
57.53125	1.0	NonTarget	1	14728
57.65625	1.0	NonTarget	1	14760
57.78125	1.0	NonTarget	1	14792
57.90625	1.0	NonTarget	1	14824
58.03125	1.0	NonTarget	1	14856
58.15625	1.0	NonTarget	1	14888
58.28125	1.0	NonTarget	1	14920
58.40625	1.0	NonTarget	1	14952
58.53125	1.0	NonTarget	1	14984
58.65625	1.0	NonTarget	1	15016
58.78125	1.0	NonTarget	1	15048
58.90625	1.0	NonTarget	1	15080
59.03125	1.0	NonTarget	1	15112
59.15625	1.0	NonTarget	1	15144
59.28125	1.0	NonTarget	1	15176
59.40625	1.0	NonTarget	1	15208
59.53125	1.0	NonTarget	1	15240
59.65625	1.0	NonTarget	1	15272
59.78125	1.0	NonTarget	1	15304
59.90625	1.0	NonTarget	1	15336
60.03125	1.0	NonTarget	1	15368
60.15625	1.0	NonTarget	1	15400
60.28125	1.0	NonTarget	1	15432
60.40625	1.0	NonTarget	1	15464
60.53125	1.0	NonTarget	1	15496
60.65625	1.0	NonTarget	1	15528
60.78125	1.0	NonTarget	1	15560
60.90625	1.0	NonTarget	1	15592
61.03125	1.0	NonTarget	1	15624
61.15625	1.0	NonTarget	1	15656
61.28125	1.0	NonTarget	1	15688
61.40625	1.0	NonTarget	1	15720
61.53125	1.0	NonTarget	1	15752
61.65625	1.0	NonTarget	1	15784
61.78125	1.0	NonTarget	1	15816
61.90625	1.0	NonTarget	1	15848
62.03125	1.0	NonTarget	1	15880
62.15625	1.0	NonTarget	1	15912
62.28125	1.0	NonTarget	1	15944
62.40625	1.0	NonTarget	1	15976
62.53125	1.0	NonTarget	1	16008
62.65625	1.0	NonTarget	1	16040
62.78125	1.0	NonTarget	1	16072
62.90625	1.0	NonTarget	1	16104
63.03125	1.0	NonTarget	1	16136
63.15625	1.0	NonTarget	1	16168
63.28125	1.0	NonTarget	1	16200
63.40625	1.0	NonTarget	1	16232
63.53125	1.0	NonTarget	1	16264
63.65625	1.0	NonTarget	1	16296
63.78125	1.0	NonTarget	1	16328
63.90625	1.0	NonTarget	1	16360
64.03125	1.0	NonTarget	1	16392
64.15625	1.0	NonTarget	1	16424
64.28125	1.0	NonTarget	1	16456
64.40625	1.0	NonTarget	1	16488
70.53125	1.0	NonTarget	1	18056
70.65625	1.0	NonTarget	1	18088
70.78125	1.0	NonTarget	1	18120
70.90625	1.0	NonTarget	1	18152
71.03125	1.0	NonTarget	1	18184
71.15625	1.0	NonTarget	1	18216
71.28125	1.0	NonTarget	1	18248
71.40625	1.0	NonTarget	1	18280
71.53125	1.0	NonTarget	1	18312
71.65625	1.0	NonTarget	1	18344
71.78125	1.0	NonTarget	1	18376
71.90625	1.0	NonTarget	1	18408
72.03125	1.0	NonTarget	1	18440
72.15625	1.0	NonTarget	1	18472
72.28125	1.0	NonTarget	1	18504
72.40625	1.0	NonTarget	1	18536
72.53125	1.0	NonTarget	1	18568
72.65625	1.0	NonTarget	1	18600
72.78125	1.0	NonTarget	1	18632
72.90625	1.0	NonTarget	1	18664
73.03125	1.0	NonTarget	1	18696
73.15625	1.0	NonTarget	1	18728
73.28125	1.0	NonTarget	1	18760
73.40625	1.0	NonTarget	1	18792
73.53125	1.0	NonTarget	1	18824
73.65625	1.0	NonTarget	1	18856
73.78125	1.0	NonTarget	1	18888
73.90625	1.0	NonTarget	1	18920
74.03125	1.0	NonTarget	1	18952
74.15625	1.0	NonTarget	1	18984
74.28125	1.0	NonTarget	1	19016
74.40625	1.0	NonTarget	1	19048
74.53125	1.0	NonTarget	1	19080
74.65625	1.0	NonTarget	1	19112
74.78125	1.0	NonTarget	1	19144
74.90625	1.0	NonTarget	1	19176
75.03125	1.0	NonTarget	1	19208
75.15625	1.0	NonTarget	1	19240
75.28125	1.0	NonTarget	1	19272
75.40625	1.0	NonTarget	1	19304
75.53125	1.0	NonTarget	1	19336
75.65625	1.0	NonTarget	1	19368
75.78125	1.0	NonTarget	1	19400
75.90625	1.0	NonTarget	1	19432
76.03125	1.0	NonTarget	1	19464
76.15625	1.0	NonTarget	1	19496
76.28125	1.0	NonTarget	1	19528
76.40625	1.0	NonTarget	1	19560
76.53125	1.0	NonTarget	1	19592
76.65625	1.0	NonTarget	1	19624
76.78125	1.0	NonTarget	1	19656
76.90625	1.0	NonTarget	1	19688
77.03125	1.0	NonTarget	1	19720
77.15625	1.0	NonTarget	1	19752
77.28125	1.0	NonTarget	1	19784
77.40625	1.0	NonTarget	1	19816
77.53125	1.0	NonTarget	1	19848
77.65625	1.0	NonTarget	1	19880
77.78125	1.0	NonTarget	1	19912
77.90625	1.0	NonTarget	1	19944
78.03125	1.0	NonTarget	1	19976
78.15625	1.0	NonTarget	1	20008
78.28125	1.0	NonTarget	1	20040
78.40625	1.0	NonTarget	1	20072
78.53125	1.0	NonTarget	1	20104
78.65625	1.0	NonTarget	1	20136
78.78125	1.0	NonTarget	1	20168
78.90625	1.0	NonTarget	1	20200
79.03125	1.0	NonTarget	1	20232
79.15625	1.0	NonTarget	1	20264
79.28125	1.0	NonTarget	1	20296
79.40625	1.0	NonTarget	1	20328
79.53125	1.0	NonTarget	1	20360
79.65625	1.0	NonTarget	1	20392
79.78125	1.0	NonTarget	1	20424
79.90625	1.0	NonTarget	1	20456
80.03125	1.0	NonTarget	1	20488
80.15625	1.0	NonTarget	1	20520
80.28125	1.0	NonTarget	1	20552
80.40625	1.0	NonTarget	1	20584
80.53125	1.0	NonTarget	1	20616
80.65625	1.0	NonTarget	1	20648
80.78125	1.0	NonTarget	1	20680
80.90625	1.0	NonTarget	1	20712
87.03125	1.0	NonTarget	1	22280
87.15625	1.0	NonTarget	1	22312
87.28125	1.0	NonTarget	1	22344
87.40625	1.0	NonTarget	1	22376
87.53125	1.0	NonTarget	1	22408
87.65625	1.0	NonTarget	1	22440
87.78125	1.0	NonTarget	1	22472
87.90625	1.0	NonTarget	1	22504
88.03125	1.0	NonTarget	1	22536
88.15625	1.0	NonTarget	1	22568
88.28125	1.0	NonTarget	1	22600
88.40625	1.0	NonTarget	1	22632
88.53125	1.0	NonTarget	1	22664
88.65625	1.0	NonTarget	1	22696
88.78125	1.0	NonTarget	1	22728
88.90625	1.0	NonTarget	1	22760
89.03125	1.0	NonTarget	1	22792
89.15625	1.0	NonTarget	1	22824
89.28125	1.0	NonTarget	1	22856
89.40625	1.0	NonTarget	1	22888
89.53125	1.0	NonTarget	1	22920
89.65625	1.0	NonTarget	1	22952
89.78125	1.0	NonTarget	1	22984
89.90625	1.0	NonTarget	1	23016
90.03125	1.0	NonTarget	1	23048
90.15625	1.0	NonTarget	1	23080
90.28125	1.0	NonTarget	1	23112
90.40625	1.0	NonTarget	1	23144
90.53125	1.0	NonTarget	1	23176
90.65625	1.0	NonTarget	1	23208
90.78125	1.0	NonTarget	1	23240
90.90625	1.0	NonTarget	1	23272
91.03125	1.0	NonTarget	1	23304
91.15625	1.0	NonTarget	1	23336
91.28125	1.0	NonTarget	1	23368
91.40625	1.0	NonTarget	1	23400
91.53125	1.0	NonTarget	1	23432
91.65625	1.0	NonTarget	1	23464
91.78125	1.0	NonTarget	1	23496
91.90625	1.0	NonTarget	1	23528
92.03125	1.0	NonTarget	1	23560
92.15625	1.0	NonTarget	1	23592
92.28125	1.0	NonTarget	1	23624
92.40625	1.0	NonTarget	1	23656
92.53125	1.0	NonTarget	1	23688
92.65625	1.0	NonTarget	1	23720
92.78125	1.0	NonTarget	1	23752
92.90625	1.0	NonTarget	1	23784
93.03125	1.0	NonTarget	1	23816
93.15625	1.0	NonTarget	1	23848
93.28125	1.0	NonTarget	1	23880
93.40625	1.0	NonTarget	1	23912
93.53125	1.0	NonTarget	1	23944
93.65625	1.0	NonTarget	1	23976
93.78125	1.0	NonTarget	1	24008
93.90625	1.0	NonTarget	1	24040
94.03125	1.0	NonTarget	1	24072
94.15625	1.0	NonTarget	1	24104
94.28125	1.0	NonTarget	1	24136
94.40625	1.0	NonTarget	1	24168
94.53125	1.0	NonTarget	1	24200
94.65625	1.0	NonTarget	1	24232
94.78125	1.0	NonTarget	1	24264
94.90625	1.0	NonTarget	1	24296
95.03125	1.0	NonTarget	1	24328
95.15625	1.0	NonTarget	1	24360
95.28125	1.0	NonTarget	1	24392
95.40625	1.0	NonTarget	1	24424
95.53125	1.0	NonTarget	1	24456
95.65625	1.0	NonTarget	1	24488
95.78125	1.0	NonTarget	1	24520
95.90625	1.0	NonTarget	1	24552
96.03125	1.0	NonTarget	1	24584
96.15625	1.0	NonTarget	1	24616
96.28125	1.0	NonTarget	1	24648
96.40625	1.0	NonTarget	1	24680
96.53125	1.0	NonTarget	1	24712
96.65625	1.0	NonTarget	1	24744
96.78125	1.0	NonTarget	1	24776
96.90625	1.0	NonTarget	1	24808
97.03125	1.0	NonTarget	1	24840
97.15625	1.0	NonTarget	1	24872
97.28125	1.0	NonTarget	1	24904
97.40625	1.0	NonTarget	1	24936
103.53125	1.0	NonTarget	1	26504
103.65625	1.0	NonTarget	1	26536
103.78125	1.0	NonTarget	1	26568
103.90625	1.0	NonTarget	1	26600
104.03125	1.0	NonTarget	1	26632
104.15625	1.0	NonTarget	1	26664
104.28125	1.0	NonTarget	1	26696
104.40625	1.0	NonTarget	1	26728
104.53125	1.0	NonTarget	1	26760
104.65625	1.0	NonTarget	1	26792
104.78125	1.0	NonTarget	1	26824
104.90625	1.0	NonTarget	1	26856
105.03125	1.0	NonTarget	1	26888
105.15625	1.0	NonTarget	1	26920
105.28125	1.0	NonTarget	1	26952
105.40625	1.0	NonTarget	1	26984
105.53125	1.0	NonTarget	1	27016
105.65625	1.0	NonTarget	1	27048
105.78125	1.0	NonTarget	1	27080
105.90625	1.0	NonTarget	1	27112
106.03125	1.0	NonTarget	1	27144
106.15625	1.0	NonTarget	1	27176
106.28125	1.0	NonTarget	1	27208
106.40625	1.0	NonTarget	1	27240
106.53125	1.0	NonTarget	1	27272
106.65625	1.0	NonTarget	1	27304
106.78125	1.0	NonTarget	1	27336
106.90625	1.0	NonTarget	1	27368
107.03125	1.0	NonTarget	1	27400
107.15625	1.0	NonTarget	1	27432
107.28125	1.0	NonTarget	1	27464
107.40625	1.0	NonTarget	1	27496
107.53125	1.0	NonTarget	1	27528
107.65625	1.0	NonTarget	1	27560
107.78125	1.0	NonTarget	1	27592
107.90625	1.0	NonTarget	1	27624
108.03125	1.0	NonTarget	1	27656
108.15625	1.0	NonTarget	1	27688
108.28125	1.0	NonTarget	1	27720
108.40625	1.0	NonTarget	1	27752
108.53125	1.0	NonTarget	1	27784
108.65625	1.0	NonTarget	1	27816
108.78125	1.0	NonTarget	1	27848
108.90625	1.0	NonTarget	1	27880
109.03125	1.0	NonTarget	1	27912
109.15625	1.0	NonTarget	1	27944
109.28125	1.0	NonTarget	1	27976
109.40625	1.0	NonTarget	1	28008
109.53125	1.0	NonTarget	1	28040
109.65625	1.0	NonTarget	1	28072
109.78125	1.0	NonTarget	1	28104
109.90625	1.0	NonTarget	1	28136
110.03125	1.0	NonTarget	1	28168
110.15625	1.0	NonTarget	1	28200
110.28125	1.0	NonTarget	1	28232
110.40625	1.0	NonTarget	1	28264
110.53125	1.0	NonTarget	1	28296
110.65625	1.0	NonTarget	1	28328
110.78125	1.0	NonTarget	1	28360
110.90625	1.0	NonTarget	1	28392
111.03125	1.0	NonTarget	1	28424
111.15625	1.0	NonTarget	1	28456
111.28125	1.0	NonTarget	1	28488
111.40625	1.0	NonTarget	1	28520
111.53125	1.0	NonTarget	1	28552
111.65625	1.0	NonTarget	1	28584
111.78125	1.0	NonTarget	1	28616
111.90625	1.0	NonTarget	1	28648
112.03125	1.0	NonTarget	1	28680
112.15625	1.0	NonTarget	1	28712
112.28125	1.0	NonTarget	1	28744
112.40625	1.0	NonTarget	1	28776
112.53125	1.0	NonTarget	1	28808
112.65625	1.0	NonTarget	1	28840
112.78125	1.0	NonTarget	1	28872
112.90625	1.0	NonTarget	1	28904
113.03125	1.0	NonTarget	1	28936
113.15625	1.0	NonTarget	1	28968
113.28125	1.0	NonTarget	1	29000
113.40625	1.0	NonTarget	1	29032
113.53125	1.0	NonTarget	1	29064
113.65625	1.0	NonTarget	1	29096
113.78125	1.0	NonTarget	1	29128
113.90625	1.0	NonTarget	1	29160
120.03125	1.0	NonTarget	1	30728
120.15625	1.0	NonTarget	1	30760
120.28125	1.0	NonTarget	1	30792
120.40625	1.0	NonTarget	1	30824
120.53125	1.0	NonTarget	1	30856
120.65625	1.0	NonTarget	1	30888
120.78125	1.0	NonTarget	1	30920
120.90625	1.0	NonTarget	1	30952
121.03125	1.0	NonTarget	1	30984
121.15625	1.0	NonTarget	1	31016
121.28125	1.0	NonTarget	1	31048
121.40625	1.0	NonTarget	1	31080
121.53125	1.0	NonTarget	1	31112
121.65625	1.0	NonTarget	1	31144
121.78125	1.0	NonTarget	1	31176
121.90625	1.0	NonTarget	1	31208
122.03125	1.0	NonTarget	1	31240
122.15625	1.0	NonTarget	1	31272
122.28125	1.0	NonTarget	1	31304
122.40625	1.0	NonTarget	1	31336
122.53125	1.0	NonTarget	1	31368
122.65625	1.0	NonTarget	1	31400
122.78125	1.0	NonTarget	1	31432
122.90625	1.0	NonTarget	1	31464
123.03125	1.0	NonTarget	1	31496
123.15625	1.0	NonTarget	1	31528
123.28125	1.0	NonTarget	1	31560
123.40625	1.0	NonTarget	1	31592
123.53125	1.0	NonTarget	1	31624
123.65625	1.0	NonTarget	1	31656
123.78125	1.0	NonTarget	1	31688
123.90625	1.0	NonTarget	1	31720
124.03125	1.0	NonTarget	1	31752
124.15625	1.0	NonTarget	1	31784
124.28125	1.0	NonTarget	1	31816
124.40625	1.0	NonTarget	1	31848
124.53125	1.0	NonTarget	1	31880
124.65625	1.0	NonTarget	1	31912
124.78125	1.0	NonTarget	1	31944
124.90625	1.0	NonTarget	1	31976
125.03125	1.0	NonTarget	1	32008
125.15625	1.0	NonTarget	1	32040
125.28125	1.0	NonTarget	1	32072
125.40625	1.0	NonTarget	1	32104
125.53125	1.0	NonTarget	1	32136
125.65625	1.0	NonTarget	1	32168
125.78125	1.0	NonTarget	1	32200
125.90625	1.0	NonTarget	1	32232
126.03125	1.0	NonTarget	1	32264
126.15625	1.0	NonTarget	1	32296
126.28125	1.0	NonTarget	1	32328
126.40625	1.0	NonTarget	1	32360
126.53125	1.0	NonTarget	1	32392
126.65625	1.0	NonTarget	1	32424
126.78125	1.0	NonTarget	1	32456
126.90625	1.0	NonTarget	1	32488
127.03125	1.0	NonTarget	1	32520
127.15625	1.0	NonTarget	1	32552
127.28125	1.0	NonTarget	1	32584
127.40625	1.0	NonTarget	1	32616
127.53125	1.0	NonTarget	1	32648
127.65625	1.0	NonTarget	1	32680
127.78125	1.0	NonTarget	1	32712
127.90625	1.0	NonTarget	1	32744
128.03125	1.0	NonTarget	1	32776
128.15625	1.0	NonTarget	1	32808
128.28125	1.0	NonTarget	1	32840
128.40625	1.0	NonTarget	1	32872
128.53125	1.0	NonTarget	1	32904
128.65625	1.0	NonTarget	1	32936
128.78125	1.0	NonTarget	1	32968
128.90625	1.0	NonTarget	1	33000
129.03125	1.0	NonTarget	1	33032
129.15625	1.0	NonTarget	1	33064
129.28125	1.0	NonTarget	1	33096
129.40625	1.0	NonTarget	1	33128
129.53125	1.0	NonTarget	1	33160
129.65625	1.0	NonTarget	1	33192
129.78125	1.0	NonTarget	1	33224
129.90625	1.0	NonTarget	1	33256
130.03125	1.0	NonTarget	1	33288
130.15625	1.0	NonTarget	1	33320
130.28125	1.0	NonTarget	1	33352
130.40625	1.0	NonTarget	1	33384
136.53125	1.0	NonTarget	1	34952
136.65625	1.0	NonTarget	1	34984
136.78125	1.0	NonTarget	1	35016
136.90625	1.0	NonTarget	1	35048
137.03125	1.0	NonTarget	1	35080
137.15625	1.0	NonTarget	1	35112
137.28125	1.0	NonTarget	1	35144
137.40625	1.0	NonTarget	1	35176
137.53125	1.0	NonTarget	1	35208
137.65625	1.0	NonTarget	1	35240
137.78125	1.0	NonTarget	1	35272
137.90625	1.0	NonTarget	1	35304
138.03125	1.0	NonTarget	1	35336
138.15625	1.0	NonTarget	1	35368
138.28125	1.0	NonTarget	1	35400
138.40625	1.0	NonTarget	1	35432
138.53125	1.0	NonTarget	1	35464
138.65625	1.0	NonTarget	1	35496
138.78125	1.0	NonTarget	1	35528
138.90625	1.0	NonTarget	1	35560
139.03125	1.0	NonTarget	1	35592
139.15625	1.0	NonTarget	1	35624
139.28125	1.0	NonTarget	1	35656
139.40625	1.0	NonTarget	1	35688
139.53125	1.0	NonTarget	1	35720
139.65625	1.0	NonTarget	1	35752
139.78125	1.0	NonTarget	1	35784
139.90625	1.0	NonTarget	1	35816
140.03125	1.0	NonTarget	1	35848
140.15625	1.0	NonTarget	1	35880
140.28125	1.0	NonTarget	1	35912
140.40625	1.0	NonTarget	1	35944
140.53125	1.0	NonTarget	1	35976
140.65625	1.0	NonTarget	1	36008
140.78125	1.0	NonTarget	1	36040
140.90625	1.0	NonTarget	1	36072
141.03125	1.0	NonTarget	1	36104
141.15625	1.0	NonTarget	1	36136
141.28125	1.0	NonTarget	1	36168
141.40625	1.0	NonTarget	1	36200
141.53125	1.0	NonTarget	1	36232
141.65625	1.0	NonTarget	1	36264
141.78125	1.0	NonTarget	1	36296
141.90625	1.0	NonTarget	1	36328
142.03125	1.0	NonTarget	1	36360
142.15625	1.0	NonTarget	1	36392
142.28125	1.0	NonTarget	1	36424
142.40625	1.0	NonTarget	1	36456
142.53125	1.0	NonTarget	1	36488
142.65625	1.0	NonTarget	1	36520
142.78125	1.0	NonTarget	1	36552
142.90625	1.0	NonTarget	1	36584
143.03125	1.0	NonTarget	1	36616
143.15625	1.0	NonTarget	1	36648
143.28125	1.0	NonTarget	1	36680
143.40625	1.0	NonTarget	1	36712
143.53125	1.0	NonTarget	1	36744
143.65625	1.0	NonTarget	1	36776
143.78125	1.0	NonTarget	1	36808
143.90625	1.0	NonTarget	1	36840
144.03125	1.0	NonTarget	1	36872
144.15625	1.0	NonTarget	1	36904
144.28125	1.0	NonTarget	1	36936
144.40625	1.0	NonTarget	1	36968
144.53125	1.0	NonTarget	1	37000
144.65625	1.0	NonTarget	1	37032
144.78125	1.0	NonTarget	1	37064
144.90625	1.0	NonTarget	1	37096
145.03125	1.0	NonTarget	1	37128
145.15625	1.0	NonTarget	1	37160
145.28125	1.0	NonTarget	1	37192
145.40625	1.0	NonTarget	1	37224
145.53125	1.0	NonTarget	1	37256
145.65625	1.0	NonTarget	1	37288
145.78125	1.0	NonTarget	1	37320
145.90625	1.0	NonTarget	1	37352
146.03125	1.0	NonTarget	1	37384
146.15625	1.0	NonTarget	1	37416
146.28125	1.0	NonTarget	1	37448
146.40625	1.0	NonTarget	1	37480
146.53125	1.0	NonTarget	1	37512
146.65625	1.0	NonTarget	1	37544
146.78125	1.0	NonTarget	1	37576
146.90625	1.0	NonTarget	1	37608
153.03125	1.0	NonTarget	1	39176
153.15625	1.0	NonTarget	1	39208
153.28125	1.0	NonTarget	1	39240
153.40625	1.0	NonTarget	1	39272
153.53125	1.0	NonTarget	1	39304
153.65625	1.0	NonTarget	1	39336
153.78125	1.0	NonTarget	1	39368
153.90625	1.0	NonTarget	1	39400
154.03125	1.0	NonTarget	1	39432
154.15625	1.0	NonTarget	1	39464
154.28125	1.0	NonTarget	1	39496
154.40625	1.0	NonTarget	1	39528
154.53125	1.0	NonTarget	1	39560
154.65625	1.0	NonTarget	1	39592
154.78125	1.0	NonTarget	1	39624
154.90625	1.0	NonTarget	1	39656
155.03125	1.0	NonTarget	1	39688
155.15625	1.0	NonTarget	1	39720
155.28125	1.0	NonTarget	1	39752
155.40625	1.0	NonTarget	1	39784
155.53125	1.0	NonTarget	1	39816
155.65625	1.0	NonTarget	1	39848
155.78125	1.0	NonTarget	1	39880
155.90625	1.0	NonTarget	1	39912
156.03125	1.0	NonTarget	1	39944
156.15625	1.0	NonTarget	1	39976
156.28125	1.0	NonTarget	1	40008
156.40625	1.0	NonTarget	1	40040
156.53125	1.0	NonTarget	1	40072
156.65625	1.0	NonTarget	1	40104
156.78125	1.0	NonTarget	1	40136
156.90625	1.0	NonTarget	1	40168
157.03125	1.0	NonTarget	1	40200
157.15625	1.0	NonTarget	1	40232
157.28125	1.0	NonTarget	1	40264
157.40625	1.0	NonTarget	1	40296
157.53125	1.0	NonTarget	1	40328
157.65625	1.0	NonTarget	1	40360
157.78125	1.0	NonTarget	1	40392
157.90625	1.0	NonTarget	1	40424
158.03125	1.0	NonTarget	1	40456
158.15625	1.0	NonTarget	1	40488
158.28125	1.0	NonTarget	1	40520
158.40625	1.0	NonTarget	1	40552
158.53125	1.0	NonTarget	1	40584
158.65625	1.0	NonTarget	1	40616
158.78125	1.0	NonTarget	1	40648
158.90625	1.0	NonTarget	1	40680
159.03125	1.0	NonTarget	1	40712
159.15625	1.0	NonTarget	1	40744
159.28125	1.0	NonTarget	1	40776
159.40625	1.0	NonTarget	1	40808
159.53125	1.0	NonTarget	1	40840
159.65625	1.0	NonTarget	1	40872
159.78125	1.0	NonTarget	1	40904
159.90625	1.0	NonTarget	1	40936
160.03125	1.0	NonTarget	1	40968
160.15625	1.0	NonTarget	1	41000
160.28125	1.0	NonTarget	1	41032
160.40625	1.0	NonTarget	1	41064
160.53125	1.0	NonTarget	1	41096
160.65625	1.0	NonTarget	1	41128
160.78125	1.0	NonTarget	1	41160
160.90625	1.0	NonTarget	1	41192
161.03125	1.0	NonTarget	1	41224
161.15625	1.0	NonTarget	1	41256
161.28125	1.0	NonTarget	1	41288
161.40625	1.0	NonTarget	1	41320
161.53125	1.0	NonTarget	1	41352
161.65625	1.0	NonTarget	1	41384
161.78125	1.0	NonTarget	1	41416
161.90625	1.0	NonTarget	1	41448
162.03125	1.0	NonTarget	1	41480
162.15625	1.0	NonTarget	1	41512
162.28125	1.0	NonTarget	1	41544
162.40625	1.0	NonTarget	1	41576
162.53125	1.0	NonTarget	1	41608
162.65625	1.0	NonTarget	1	41640
162.78125	1.0	NonTarget	1	41672
162.90625	1.0	NonTarget	1	41704
163.03125	1.0	NonTarget	1	41736
163.15625	1.0	NonTarget	1	41768
163.28125	1.0	NonTarget	1	41800
163.40625	1.0	NonTarget	1	41832
169.53125	1.0	NonTarget	1	43400
169.65625	1.0	NonTarget	1	43432
169.78125	1.0	NonTarget	1	43464
169.90625	1.0	NonTarget	1	43496
170.03125	1.0	NonTarget	1	43528
170.15625	1.0	NonTarget	1	43560
170.28125	1.0	NonTarget	1	43592
170.40625	1.0	NonTarget	1	43624
170.53125	1.0	NonTarget	1	43656
170.65625	1.0	NonTarget	1	43688
170.78125	1.0	NonTarget	1	43720
170.90625	1.0	NonTarget	1	43752
171.03125	1.0	NonTarget	1	43784
171.15625	1.0	NonTarget	1	43816
171.28125	1.0	NonTarget	1	43848
171.40625	1.0	NonTarget	1	43880
171.53125	1.0	NonTarget	1	43912
171.65625	1.0	NonTarget	1	43944
171.78125	1.0	NonTarget	1	43976
171.90625	1.0	NonTarget	1	44008
172.03125	1.0	NonTarget	1	44040
172.15625	1.0	NonTarget	1	44072
172.28125	1.0	NonTarget	1	44104
172.40625	1.0	NonTarget	1	44136
172.53125	1.0	NonTarget	1	44168
172.65625	1.0	NonTarget	1	44200
172.78125	1.0	NonTarget	1	44232
172.90625	1.0	NonTarget	1	44264
173.03125	1.0	NonTarget	1	44296
173.15625	1.0	NonTarget	1	44328
173.28125	1.0	NonTarget	1	44360
173.40625	1.0	NonTarget	1	44392
173.53125	1.0	NonTarget	1	44424
173.65625	1.0	NonTarget	1	44456
173.78125	1.0	NonTarget	1	44488
173.90625	1.0	NonTarget	1	44520
174.03125	1.0	NonTarget	1	44552
174.15625	1.0	NonTarget	1	44584
174.28125	1.0	NonTarget	1	44616
174.40625	1.0	NonTarget	1	44648
174.53125	1.0	NonTarget	1	44680
174.65625	1.0	NonTarget	1	44712
174.78125	1.0	NonTarget	1	44744
174.90625	1.0	NonTarget	1	44776
175.03125	1.0	NonTarget	1	44808
175.15625	1.0	NonTarget	1	44840
175.28125	1.0	NonTarget	1	44872
175.40625	1.0	NonTarget	1	44904
175.53125	1.0	NonTarget	1	44936
175.65625	1.0	NonTarget	1	44968
175.78125	1.0	NonTarget	1	45000
175.90625	1.0	NonTarget	1	45032
176.03125	1.0	NonTarget	1	45064
176.15625	1.0	NonTarget	1	45096
176.28125	1.0	NonTarget	1	45128
176.40625	1.0	NonTarget	1	45160
176.53125	1.0	NonTarget	1	45192
176.65625	1.0	NonTarget	1	45224
176.78125	1.0	NonTarget	1	45256
176.90625	1.0	NonTarget	1	45288
177.03125	1.0	NonTarget	1	45320
177.15625	1.0	NonTarget	1	45352
177.28125	1.0	NonTarget	1	45384
177.40625	1.0	NonTarget	1	45416
177.53125	1.0	NonTarget	1	45448
177.65625	1.0	NonTarget	1	45480
177.78125	1.0	NonTarget	1	45512
177.90625	1.0	NonTarget	1	45544
178.03125	1.0	NonTarget	1	45576
178.15625	1.0	NonTarget	1	45608
178.28125	1.0	NonTarget	1	45640
178.40625	1.0	NonTarget	1	45672
178.53125	1.0	NonTarget	1	45704
178.65625	1.0	NonTarget	1	45736
178.78125	1.0	NonTarget	1	45768
178.90625	1.0	NonTarget	1	45800
179.03125	1.0	NonTarget	1	45832
179.15625	1.0	NonTarget	1	45864
179.28125	1.0	NonTarget	1	45896
179.40625	1.0	NonTarget	1	45928
179.53125	1.0	NonTarget	1	45960
179.65625	1.0	NonTarget	1	45992
179.78125	1.0	NonTarget	1	46024
179.90625	1.0	NonTarget	1	46056
186.03125	1.0	NonTarget	1	47624
186.15625	1.0	NonTarget	1	47656
186.28125	1.0	NonTarget	1	47688
186.40625	1.0	NonTarget	1	47720
186.53125	1.0	NonTarget	1	47752
186.65625	1.0	NonTarget	1	47784
186.78125	1.0	NonTarget	1	47816
186.90625	1.0	NonTarget	1	47848
187.03125	1.0	NonTarget	1	47880
187.15625	1.0	NonTarget	1	47912
187.28125	1.0	NonTarget	1	47944
187.40625	1.0	NonTarget	1	47976
187.53125	1.0	NonTarget	1	48008
187.65625	1.0	NonTarget	1	48040
187.78125	1.0	NonTarget	1	48072
187.90625	1.0	NonTarget	1	48104
188.03125	1.0	NonTarget	1	48136
188.15625	1.0	NonTarget	1	48168
188.28125	1.0	NonTarget	1	48200
188.40625	1.0	NonTarget	1	48232
188.53125	1.0	NonTarget	1	48264
188.65625	1.0	NonTarget	1	48296
188.78125	1.0	NonTarget	1	48328
188.90625	1.0	NonTarget	1	48360
189.03125	1.0	NonTarget	1	48392
189.15625	1.0	NonTarget	1	48424
189.28125	1.0	NonTarget	1	48456
189.40625	1.0	NonTarget	1	48488
189.53125	1.0	NonTarget	1	48520
189.65625	1.0	NonTarget	1	48552
189.78125	1.0	NonTarget	1	48584
189.90625	1.0	NonTarget	1	48616
190.03125	1.0	NonTarget	1	48648
190.15625	1.0	NonTarget	1	48680
190.28125	1.0	NonTarget	1	48712
190.40625	1.0	NonTarget	1	48744
190.53125	1.0	NonTarget	1	48776
190.65625	1.0	NonTarget	1	48808
190.78125	1.0	NonTarget	1	48840
190.90625	1.0	NonTarget	1	48872
191.03125	1.0	NonTarget	1	48904
191.15625	1.0	NonTarget	1	48936
191.28125	1.0	NonTarget	1	48968
191.40625	1.0	NonTarget	1	49000
191.53125	1.0	NonTarget	1	49032
191.65625	1.0	NonTarget	1	49064
191.78125	1.0	NonTarget	1	49096
191.90625	1.0	NonTarget	1	49128
192.03125	1.0	NonTarget	1	49160
192.15625	1.0	NonTarget	1	49192
192.28125	1.0	NonTarget	1	49224
192.40625	1.0	NonTarget	1	49256
192.53125	1.0	NonTarget	1	49288
192.65625	1.0	NonTarget	1	49320
192.78125	1.0	NonTarget	1	49352
192.90625	1.0	NonTarget	1	49384
193.03125	1.0	NonTarget	1	49416
193.15625	1.0	NonTarget	1	49448
193.28125	1.0	NonTarget	1	49480
193.40625	1.0	NonTarget	1	49512
193.53125	1.0	NonTarget	1	49544
193.65625	1.0	NonTarget	1	49576
193.78125	1.0	NonTarget	1	49608
193.90625	1.0	NonTarget	1	49640
194.03125	1.0	NonTarget	1	49672
194.15625	1.0	NonTarget	1	49704
194.28125	1.0	NonTarget	1	49736
194.40625	1.0	NonTarget	1	49768
194.53125	1.0	NonTarget	1	49800
194.65625	1.0	NonTarget	1	49832
194.78125	1.0	NonTarget	1	49864
194.90625	1.0	NonTarget	1	49896
195.03125	1.0	NonTarget	1	49928
195.15625	1.0	NonTarget	1	49960
195.28125	1.0	NonTarget	1	49992
195.40625	1.0	NonTarget	1	50024
195.53125	1.0	NonTarget	1	50056
195.65625	1.0	NonTarget	1	50088
195.78125	1.0	NonTarget	1	50120
195.90625	1.0	NonTarget	1	50152
196.03125	1.0	NonTarget	1	50184
196.15625	1.0	NonTarget	1	50216
196.28125	1.0	NonTarget	1	50248
196.40625	1.0	NonTarget	1	50280
202.53125	1.0	NonTarget	1	51848
202.65625	1.0	NonTarget	1	51880
202.78125	1.0	NonTarget	1	51912
202.90625	1.0	NonTarget	1	51944
203.03125	1.0	NonTarget	1	51976
203.15625	1.0	NonTarget	1	52008
203.28125	1.0	NonTarget	1	52040
203.40625	1.0	NonTarget	1	52072
203.53125	1.0	NonTarget	1	52104
203.65625	1.0	NonTarget	1	52136
203.78125	1.0	NonTarget	1	52168
203.90625	1.0	NonTarget	1	52200
204.03125	1.0	NonTarget	1	52232
204.15625	1.0	NonTarget	1	52264
204.28125	1.0	NonTarget	1	52296
204.40625	1.0	NonTarget	1	52328
204.53125	1.0	NonTarget	1	52360
204.65625	1.0	NonTarget	1	52392
204.78125	1.0	NonTarget	1	52424
204.90625	1.0	NonTarget	1	52456
205.03125	1.0	NonTarget	1	52488
205.15625	1.0	NonTarget	1	52520
205.28125	1.0	NonTarget	1	52552
205.40625	1.0	NonTarget	1	52584
205.53125	1.0	NonTarget	1	52616
205.65625	1.0	NonTarget	1	52648
205.78125	1.0	NonTarget	1	52680
205.90625	1.0	NonTarget	1	52712
206.03125	1.0	NonTarget	1	52744
206.15625	1.0	NonTarget	1	52776
206.28125	1.0	NonTarget	1	52808
206.40625	1.0	NonTarget	1	52840
206.53125	1.0	NonTarget	1	52872
206.65625	1.0	NonTarget	1	52904
206.78125	1.0	NonTarget	1	52936
206.90625	1.0	NonTarget	1	52968
207.03125	1.0	NonTarget	1	53000
207.15625	1.0	NonTarget	1	53032
207.28125	1.0	NonTarget	1	53064
207.40625	1.0	NonTarget	1	53096
207.53125	1.0	NonTarget	1	53128
207.65625	1.0	NonTarget	1	53160
207.78125	1.0	NonTarget	1	53192
207.90625	1.0	NonTarget	1	53224
208.03125	1.0	NonTarget	1	53256
208.15625	1.0	NonTarget	1	53288
208.28125	1.0	NonTarget	1	53320
208.40625	1.0	NonTarget	1	53352
208.53125	1.0	NonTarget	1	53384
208.65625	1.0	NonTarget	1	53416
208.78125	1.0	NonTarget	1	53448
208.90625	1.0	NonTarget	1	53480
209.03125	1.0	NonTarget	1	53512
209.15625	1.0	NonTarget	1	53544
209.28125	1.0	NonTarget	1	53576
209.40625	1.0	NonTarget	1	53608
209.53125	1.0	NonTarget	1	53640
209.65625	1.0	NonTarget	1	53672
209.78125	1.0	NonTarget	1	53704
209.90625	1.0	NonTarget	1	53736
210.03125	1.0	NonTarget	1	53768
210.15625	1.0	NonTarget	1	53800
210.28125	1.0	NonTarget	1	53832
210.40625	1.0	NonTarget	1	53864
210.53125	1.0	NonTarget	1	53896
210.65625	1.0	NonTarget	1	53928
210.78125	1.0	NonTarget	1	53960
210.90625	1.0	NonTarget	1	53992
211.03125	1.0	NonTarget	1	54024
211.15625	1.0	NonTarget	1	54056
211.28125	1.0	NonTarget	1	54088
211.40625	1.0	NonTarget	1	54120
211.53125	1.0	NonTarget	1	54152
211.65625	1.0	NonTarget	1	54184
211.78125	1.0	NonTarget	1	54216
211.90625	1.0	NonTarget	1	54248
212.03125	1.0	NonTarget	1	54280
212.15625	1.0	NonTarget	1	54312
212.28125	1.0	NonTarget	1	54344
212.40625	1.0	NonTarget	1	54376
212.53125	1.0	NonTarget	1	54408
212.65625	1.0	NonTarget	1	54440
212.78125	1.0	NonTarget	1	54472
212.90625	1.0	NonTarget	1	54504
219.03125	1.0	NonTarget	1	56072
219.15625	1.0	NonTarget	1	56104
219.28125	1.0	NonTarget	1	56136
219.40625	1.0	NonTarget	1	56168
219.53125	1.0	NonTarget	1	56200
219.65625	1.0	NonTarget	1	56232
219.78125	1.0	NonTarget	1	56264
219.90625	1.0	NonTarget	1	56296
220.03125	1.0	NonTarget	1	56328
220.15625	1.0	NonTarget	1	56360
220.28125	1.0	NonTarget	1	56392
220.40625	1.0	NonTarget	1	56424
220.53125	1.0	NonTarget	1	56456
220.65625	1.0	NonTarget	1	56488
220.78125	1.0	NonTarget	1	56520
220.90625	1.0	NonTarget	1	56552
221.03125	1.0	NonTarget	1	56584
221.15625	1.0	NonTarget	1	56616
221.28125	1.0	NonTarget	1	56648
221.40625	1.0	NonTarget	1	56680
221.53125	1.0	NonTarget	1	56712
221.65625	1.0	NonTarget	1	56744
221.78125	1.0	NonTarget	1	56776
221.90625	1.0	NonTarget	1	56808
222.03125	1.0	NonTarget	1	56840
222.15625	1.0	NonTarget	1	56872
222.28125	1.0	NonTarget	1	56904
222.40625	1.0	NonTarget	1	56936
222.53125	1.0	NonTarget	1	56968
222.65625	1.0	NonTarget	1	57000
222.78125	1.0	NonTarget	1	57032
222.90625	1.0	NonTarget	1	57064
223.03125	1.0	NonTarget	1	57096
223.15625	1.0	NonTarget	1	57128
223.28125	1.0	NonTarget	1	57160
223.40625	1.0	NonTarget	1	57192
223.53125	1.0	NonTarget	1	57224
223.65625	1.0	NonTarget	1	57256
223.78125	1.0	NonTarget	1	57288
223.90625	1.0	NonTarget	1	57320
224.03125	1.0	NonTarget	1	57352
224.15625	1.0	NonTarget	1	57384
224.28125	1.0	NonTarget	1	57416
224.40625	1.0	NonTarget	1	57448
224.53125	1.0	NonTarget	1	57480
224.65625	1.0	NonTarget	1	57512
224.78125	1.0	NonTarget	1	57544
224.90625	1.0	NonTarget	1	57576
225.03125	1.0	NonTarget	1	57608
225.15625	1.0	NonTarget	1	57640
225.28125	1.0	NonTarget	1	57672
225.40625	1.0	NonTarget	1	57704
225.53125	1.0	NonTarget	1	57736
225.65625	1.0	NonTarget	1	57768
225.78125	1.0	NonTarget	1	57800
225.90625	1.0	NonTarget	1	57832
226.03125	1.0	NonTarget	1	57864
226.15625	1.0	NonTarget	1	57896
226.28125	1.0	NonTarget	1	57928
226.40625	1.0	NonTarget	1	57960
226.53125	1.0	NonTarget	1	57992
226.65625	1.0	NonTarget	1	58024
226.78125	1.0	NonTarget	1	58056
226.90625	1.0	NonTarget	1	58088
227.03125	1.0	NonTarget	1	58120
227.15625	1.0	NonTarget	1	58152
227.28125	1.0	NonTarget	1	58184
227.40625	1.0	NonTarget	1	58216
227.53125	1.0	NonTarget	1	58248
227.65625	1.0	NonTarget	1	58280
227.78125	1.0	NonTarget	1	58312
227.90625	1.0	NonTarget	1	58344
228.03125	1.0	NonTarget	1	58376
228.15625	1.0	NonTarget	1	58408
228.28125	1.0	NonTarget	1	58440
228.40625	1.0	NonTarget	1	58472
228.53125	1.0	NonTarget	1	58504
228.65625	1.0	NonTarget	1	58536
228.78125	1.0	NonTarget	1	58568
228.90625	1.0	NonTarget	1	58600
229.03125	1.0	NonTarget	1	58632
229.15625	1.0	NonTarget	1	58664
229.28125	1.0	NonTarget	1	58696
229.40625	1.0	NonTarget	1	58728
235.53125	1.0	NonTarget	1	60296
235.65625	1.0	NonTarget	1	60328
235.78125	1.0	NonTarget	1	60360
235.90625	1.0	NonTarget	1	60392
236.03125	1.0	NonTarget	1	60424
236.15625	1.0	NonTarget	1	60456
236.28125	1.0	NonTarget	1	60488
236.40625	1.0	NonTarget	1	60520
236.53125	1.0	NonTarget	1	60552
236.65625	1.0	NonTarget	1	60584
236.78125	1.0	NonTarget	1	60616
236.90625	1.0	NonTarget	1	60648
237.03125	1.0	NonTarget	1	60680
237.15625	1.0	NonTarget	1	60712
237.28125	1.0	NonTarget	1	60744
237.40625	1.0	NonTarget	1	60776
237.53125	1.0	NonTarget	1	60808
237.65625	1.0	NonTarget	1	60840
237.78125	1.0	NonTarget	1	60872
237.90625	1.0	NonTarget	1	60904
238.03125	1.0	NonTarget	1	60936
238.15625	1.0	NonTarget	1	60968
238.28125	1.0	NonTarget	1	61000
238.40625	1.0	NonTarget	1	61032
238.53125	1.0	NonTarget	1	61064
238.65625	1.0	NonTarget	1	61096
238.78125	1.0	NonTarget	1	61128
238.90625	1.0	NonTarget	1	61160
239.03125	1.0	NonTarget	1	61192
239.15625	1.0	NonTarget	1	61224
239.28125	1.0	NonTarget	1	61256
239.40625	1.0	NonTarget	1	61288
239.53125	1.0	NonTarget	1	61320
239.65625	1.0	NonTarget	1	61352
239.78125	1.0	NonTarget	1	61384
239.90625	1.0	NonTarget	1	61416
240.03125	1.0	NonTarget	1	61448
240.15625	1.0	NonTarget	1	61480
240.28125	1.0	NonTarget	1	61512
240.40625	1.0	NonTarget	1	61544
240.53125	1.0	NonTarget	1	61576
240.65625	1.0	NonTarget	1	61608
240.78125	1.0	NonTarget	1	61640
240.90625	1.0	NonTarget	1	61672
241.03125	1.0	NonTarget	1	61704
241.15625	1.0	NonTarget	1	61736
241.28125	1.0	NonTarget	1	61768
241.40625	1.0	NonTarget	1	61800
241.53125	1.0	NonTarget	1	61832
241.65625	1.0	NonTarget	1	61864
241.78125	1.0	NonTarget	1	61896
241.90625	1.0	NonTarget	1	61928
242.03125	1.0	NonTarget	1	61960
242.15625	1.0	NonTarget	1	61992
242.28125	1.0	NonTarget	1	62024
242.40625	1.0	NonTarget	1	62056
242.53125	1.0	NonTarget	1	62088
242.65625	1.0	NonTarget	1	62120
242.78125	1.0	NonTarget	1	62152
242.90625	1.0	NonTarget	1	62184
243.03125	1.0	NonTarget	1	62216
243.15625	1.0	NonTarget	1	62248
243.28125	1.0	NonTarget	1	62280
243.40625	1.0	NonTarget	1	62312
243.53125	1.0	NonTarget	1	62344
243.65625	1.0	NonTarget	1	62376
243.78125	1.0	NonTarget	1	62408
243.90625	1.0	NonTarget	1	62440
244.03125	1.0	NonTarget	1	62472
244.15625	1.0	NonTarget	1	62504
244.28125	1.0	NonTarget	1	62536
244.40625	1.0	NonTarget	1	62568
244.53125	1.0	NonTarget	1	62600
244.65625	1.0	NonTarget	1	62632
244.78125	1.0	NonTarget	1	62664
244.90625	1.0	NonTarget	1	62696
245.03125	1.0	NonTarget	1	62728
245.15625	1.0	NonTarget	1	62760
245.28125	1.0	NonTarget	1	62792
245.40625	1.0	NonTarget	1	62824
245.53125	1.0	NonTarget	1	62856
245.65625	1.0	NonTarget	1	62888
245.78125	1.0	NonTarget	1	62920
245.90625	1.0	NonTarget	1	62952
252.03125	1.0	NonTarget	1	64520
252.15625	1.0	NonTarget	1	64552
252.28125	1.0	NonTarget	1	64584
252.40625	1.0	NonTarget	1	64616
252.53125	1.0	NonTarget	1	64648
252.65625	1.0	NonTarget	1	64680
252.78125	1.0	NonTarget	1	64712
252.90625	1.0	NonTarget	1	64744
253.03125	1.0	NonTarget	1	64776
253.15625	1.0	NonTarget	1	64808
253.28125	1.0	NonTarget	1	64840
253.40625	1.0	NonTarget	1	64872
253.53125	1.0	NonTarget	1	64904
253.65625	1.0	NonTarget	1	64936
253.78125	1.0	NonTarget	1	64968
253.90625	1.0	NonTarget	1	65000
254.03125	1.0	NonTarget	1	65032
254.15625	1.0	NonTarget	1	65064
254.28125	1.0	NonTarget	1	65096
254.40625	1.0	NonTarget	1	65128
254.53125	1.0	NonTarget	1	65160
254.65625	1.0	NonTarget	1	65192
254.78125	1.0	NonTarget	1	65224
254.90625	1.0	NonTarget	1	65256
255.03125	1.0	NonTarget	1	65288
255.15625	1.0	NonTarget	1	65320
255.28125	1.0	NonTarget	1	65352
255.40625	1.0	NonTarget	1	65384
255.53125	1.0	NonTarget	1	65416
255.65625	1.0	NonTarget	1	65448
255.78125	1.0	NonTarget	1	65480
255.90625	1.0	NonTarget	1	65512
256.03125	1.0	NonTarget	1	65544
256.15625	1.0	NonTarget	1	65576
256.28125	1.0	NonTarget	1	65608
256.40625	1.0	NonTarget	1	65640
256.53125	1.0	NonTarget	1	65672
256.65625	1.0	NonTarget	1	65704
256.78125	1.0	NonTarget	1	65736
256.90625	1.0	NonTarget	1	65768
257.03125	1.0	NonTarget	1	65800
257.15625	1.0	NonTarget	1	65832
257.28125	1.0	NonTarget	1	65864
257.40625	1.0	NonTarget	1	65896
257.53125	1.0	NonTarget	1	65928
257.65625	1.0	NonTarget	1	65960
257.78125	1.0	NonTarget	1	65992
257.90625	1.0	NonTarget	1	66024
258.03125	1.0	NonTarget	1	66056
258.15625	1.0	NonTarget	1	66088
258.28125	1.0	NonTarget	1	66120
258.40625	1.0	NonTarget	1	66152
258.53125	1.0	NonTarget	1	66184
258.65625	1.0	NonTarget	1	66216
258.78125	1.0	NonTarget	1	66248
258.90625	1.0	NonTarget	1	66280
259.03125	1.0	NonTarget	1	66312
259.15625	1.0	NonTarget	1	66344
259.28125	1.0	NonTarget	1	66376
259.40625	1.0	NonTarget	1	66408
259.53125	1.0	NonTarget	1	66440
259.65625	1.0	NonTarget	1	66472
259.78125	1.0	NonTarget	1	66504
259.90625	1.0	NonTarget	1	66536
260.03125	1.0	NonTarget	1	66568
260.15625	1.0	NonTarget	1	66600
260.28125	1.0	NonTarget	1	66632
260.40625	1.0	NonTarget	1	66664
260.53125	1.0	NonTarget	1	66696
260.65625	1.0	NonTarget	1	66728
260.78125	1.0	NonTarget	1	66760
260.90625	1.0	NonTarget	1	66792
261.03125	1.0	NonTarget	1	66824
261.15625	1.0	NonTarget	1	66856
261.28125	1.0	NonTarget	1	66888
261.40625	1.0	NonTarget	1	66920
261.53125	1.0	NonTarget	1	66952
261.65625	1.0	NonTarget	1	66984
261.78125	1.0	NonTarget	1	67016
261.90625	1.0	NonTarget	1	67048
262.03125	1.0	NonTarget	1	67080
262.15625	1.0	NonTarget	1	67112
262.28125	1.0	NonTarget	1	67144
262.40625	1.0	NonTarget	1	67176
268.53125	1.0	NonTarget	1	68744
268.65625	1.0	NonTarget	1	68776
268.78125	1.0	NonTarget	1	68808
268.90625	1.0	NonTarget	1	68840
269.03125	1.0	NonTarget	1	68872
269.15625	1.0	NonTarget	1	68904
269.28125	1.0	NonTarget	1	68936
269.40625	1.0	NonTarget	1	68968
269.53125	1.0	NonTarget	1	69000
269.65625	1.0	NonTarget	1	69032
269.78125	1.0	NonTarget	1	69064
269.90625	1.0	NonTarget	1	69096
270.03125	1.0	NonTarget	1	69128
270.15625	1.0	NonTarget	1	69160
270.28125	1.0	NonTarget	1	69192
270.40625	1.0	NonTarget	1	69224
270.53125	1.0	NonTarget	1	69256
270.65625	1.0	NonTarget	1	69288
270.78125	1.0	NonTarget	1	69320
270.90625	1.0	NonTarget	1	69352
271.03125	1.0	NonTarget	1	69384
271.15625	1.0	NonTarget	1	69416
271.28125	1.0	NonTarget	1	69448
271.40625	1.0	NonTarget	1	69480
271.53125	1.0	NonTarget	1	69512
271.65625	1.0	NonTarget	1	69544
271.78125	1.0	NonTarget	1	69576
271.90625	1.0	NonTarget	1	69608
272.03125	1.0	NonTarget	1	69640
272.15625	1.0	NonTarget	1	69672
272.28125	1.0	NonTarget	1	69704
272.40625	1.0	NonTarget	1	69736
272.53125	1.0	NonTarget	1	69768
272.65625	1.0	NonTarget	1	69800
272.78125	1.0	NonTarget	1	69832
272.90625	1.0	NonTarget	1	69864
273.03125	1.0	NonTarget	1	69896
273.15625	1.0	NonTarget	1	69928
273.28125	1.0	NonTarget	1	69960
273.40625	1.0	NonTarget	1	69992
273.53125	1.0	NonTarget	1	70024
273.65625	1.0	NonTarget	1	70056
273.78125	1.0	NonTarget	1	70088
273.90625	1.0	NonTarget	1	70120
274.03125	1.0	NonTarget	1	70152
274.15625	1.0	NonTarget	1	70184
274.28125	1.0	NonTarget	1	70216
274.40625	1.0	NonTarget	1	70248
274.53125	1.0	NonTarget	1	70280
274.65625	1.0	NonTarget	1	70312
274.78125	1.0	NonTarget	1	70344
274.90625	1.0	NonTarget	1	70376
275.03125	1.0	NonTarget	1	70408
275.15625	1.0	NonTarget	1	70440
275.28125	1.0	NonTarget	1	70472
275.40625	1.0	NonTarget	1	70504
275.53125	1.0	NonTarget	1	70536
275.65625	1.0	NonTarget	1	70568
275.78125	1.0	NonTarget	1	70600
275.90625	1.0	NonTarget	1	70632
276.03125	1.0	NonTarget	1	70664
276.15625	1.0	NonTarget	1	70696
276.28125	1.0	NonTarget	1	70728
276.40625	1.0	NonTarget	1	70760
276.53125	1.0	NonTarget	1	70792
276.65625	1.0	NonTarget	1	70824
276.78125	1.0	NonTarget	1	70856
276.90625	1.0	NonTarget	1	70888
277.03125	1.0	NonTarget	1	70920
277.15625	1.0	NonTarget	1	70952
277.28125	1.0	NonTarget	1	70984
277.40625	1.0	NonTarget	1	71016
277.53125	1.0	NonTarget	1	71048
277.65625	1.0	NonTarget	1	71080
277.78125	1.0	NonTarget	1	71112
277.90625	1.0	NonTarget	1	71144
278.03125	1.0	NonTarget	1	71176
278.15625	1.0	NonTarget	1	71208
278.28125	1.0	NonTarget	1	71240
278.40625	1.0	NonTarget	1	71272
278.53125	1.0	NonTarget	1	71304
278.65625	1.0	NonTarget	1	71336
278.78125	1.0	NonTarget	1	71368
278.90625	1.0	NonTarget	1	71400
285.03125	1.0	NonTarget	1	72968
285.15625	1.0	NonTarget	1	73000
285.28125	1.0	NonTarget	1	73032
285.40625	1.0	NonTarget	1	73064
285.53125	1.0	NonTarget	1	73096
285.65625	1.0	NonTarget	1	73128
285.78125	1.0	NonTarget	1	73160
285.90625	1.0	NonTarget	1	73192
286.03125	1.0	NonTarget	1	73224
286.15625	1.0	NonTarget	1	73256
286.28125	1.0	NonTarget	1	73288
286.40625	1.0	NonTarget	1	73320
286.53125	1.0	NonTarget	1	73352
286.65625	1.0	NonTarget	1	73384
286.78125	1.0	NonTarget	1	73416
286.90625	1.0	NonTarget	1	73448
287.03125	1.0	NonTarget	1	73480
287.15625	1.0	NonTarget	1	73512
287.28125	1.0	NonTarget	1	73544
287.40625	1.0	NonTarget	1	73576
287.53125	1.0	NonTarget	1	73608
287.65625	1.0	NonTarget	1	73640
287.78125	1.0	NonTarget	1	73672
287.90625	1.0	NonTarget	1	73704
288.03125	1.0	NonTarget	1	73736
288.15625	1.0	NonTarget	1	73768
288.28125	1.0	NonTarget	1	73800
288.40625	1.0	NonTarget	1	73832
288.53125	1.0	NonTarget	1	73864
288.65625	1.0	NonTarget	1	73896
288.78125	1.0	NonTarget	1	73928
288.90625	1.0	NonTarget	1	73960
289.03125	1.0	NonTarget	1	73992
289.15625	1.0	NonTarget	1	74024
289.28125	1.0	NonTarget	1	74056
289.40625	1.0	NonTarget	1	74088
289.53125	1.0	NonTarget	1	74120
289.65625	1.0	NonTarget	1	74152
289.78125	1.0	NonTarget	1	74184
289.90625	1.0	NonTarget	1	74216
290.03125	1.0	NonTarget	1	74248
290.15625	1.0	NonTarget	1	74280
290.28125	1.0	NonTarget	1	74312
290.40625	1.0	NonTarget	1	74344
290.53125	1.0	NonTarget	1	74376
290.65625	1.0	NonTarget	1	74408
290.78125	1.0	NonTarget	1	74440
290.90625	1.0	NonTarget	1	74472
291.03125	1.0	NonTarget	1	74504
291.15625	1.0	NonTarget	1	74536
291.28125	1.0	NonTarget	1	74568
291.40625	1.0	NonTarget	1	74600
291.53125	1.0	NonTarget	1	74632
291.65625	1.0	NonTarget	1	74664
291.78125	1.0	NonTarget	1	74696
291.90625	1.0	NonTarget	1	74728
292.03125	1.0	NonTarget	1	74760
292.15625	1.0	NonTarget	1	74792
292.28125	1.0	NonTarget	1	74824
292.40625	1.0	NonTarget	1	74856
292.53125	1.0	NonTarget	1	74888
292.65625	1.0	NonTarget	1	74920
292.78125	1.0	NonTarget	1	74952
292.90625	1.0	NonTarget	1	74984
293.03125	1.0	NonTarget	1	75016
293.15625	1.0	NonTarget	1	75048
293.28125	1.0	NonTarget	1	75080
293.40625	1.0	NonTarget	1	75112
293.53125	1.0	NonTarget	1	75144
293.65625	1.0	NonTarget	1	75176
293.78125	1.0	NonTarget	1	75208
293.90625	1.0	NonTarget	1	75240
294.03125	1.0	NonTarget	1	75272
294.15625	1.0	NonTarget	1	75304
294.28125	1.0	NonTarget	1	75336
294.40625	1.0	NonTarget	1	75368
294.53125	1.0	NonTarget	1	75400
294.65625	1.0	NonTarget	1	75432
294.78125	1.0	NonTarget	1	75464
294.90625	1.0	NonTarget	1	75496
295.03125	1.0	NonTarget	1	75528
295.15625	1.0	NonTarget	1	75560
295.28125	1.0	NonTarget	1	75592
295.40625	1.0	NonTarget	1	75624
301.53125	1.0	NonTarget	1	77192
301.65625	1.0	NonTarget	1	77224
301.78125	1.0	NonTarget	1	77256
301.90625	1.0	NonTarget	1	77288
302.03125	1.0	NonTarget	1	77320
302.15625	1.0	NonTarget	1	77352
302.28125	1.0	NonTarget	1	77384
302.40625	1.0	NonTarget	1	77416
302.53125	1.0	NonTarget	1	77448
302.65625	1.0	NonTarget	1	77480
302.78125	1.0	NonTarget	1	77512
302.90625	1.0	NonTarget	1	77544
303.03125	1.0	NonTarget	1	77576
303.15625	1.0	NonTarget	1	77608
303.28125	1.0	NonTarget	1	77640
303.40625	1.0	NonTarget	1	77672
303.53125	1.0	NonTarget	1	77704
303.65625	1.0	NonTarget	1	77736
303.78125	1.0	NonTarget	1	77768
303.90625	1.0	NonTarget	1	77800
304.03125	1.0	NonTarget	1	77832
304.15625	1.0	NonTarget	1	77864
304.28125	1.0	NonTarget	1	77896
304.40625	1.0	NonTarget	1	77928
304.53125	1.0	NonTarget	1	77960
304.65625	1.0	NonTarget	1	77992
304.78125	1.0	NonTarget	1	78024
304.90625	1.0	NonTarget	1	78056
305.03125	1.0	NonTarget	1	78088
305.15625	1.0	NonTarget	1	78120
305.28125	1.0	NonTarget	1	78152
305.40625	1.0	NonTarget	1	78184
305.53125	1.0	NonTarget	1	78216
305.65625	1.0	NonTarget	1	78248
305.78125	1.0	NonTarget	1	78280
305.90625	1.0	NonTarget	1	78312
306.03125	1.0	NonTarget	1	78344
306.15625	1.0	NonTarget	1	78376
306.28125	1.0	NonTarget	1	78408
306.40625	1.0	NonTarget	1	78440
306.53125	1.0	NonTarget	1	78472
306.65625	1.0	NonTarget	1	78504
306.78125	1.0	NonTarget	1	78536
306.90625	1.0	NonTarget	1	78568
307.03125	1.0	NonTarget	1	78600
307.15625	1.0	NonTarget	1	78632
307.28125	1.0	NonTarget	1	78664
307.40625	1.0	NonTarget	1	78696
307.53125	1.0	NonTarget	1	78728
307.65625	1.0	NonTarget	1	78760
307.78125	1.0	NonTarget	1	78792
307.90625	1.0	NonTarget	1	78824
308.03125	1.0	NonTarget	1	78856
308.15625	1.0	NonTarget	1	78888
308.28125	1.0	NonTarget	1	78920
308.40625	1.0	NonTarget	1	78952
308.53125	1.0	NonTarget	1	78984
308.65625	1.0	NonTarget	1	79016
308.78125	1.0	NonTarget	1	79048
308.90625	1.0	NonTarget	1	79080
309.03125	1.0	NonTarget	1	79112
309.15625	1.0	NonTarget	1	79144
309.28125	1.0	NonTarget	1	79176
309.40625	1.0	NonTarget	1	79208
309.53125	1.0	NonTarget	1	79240
309.65625	1.0	NonTarget	1	79272
309.78125	1.0	NonTarget	1	79304
309.90625	1.0	NonTarget	1	79336
310.03125	1.0	NonTarget	1	79368
310.15625	1.0	NonTarget	1	79400
310.28125	1.0	NonTarget	1	79432
310.40625	1.0	NonTarget	1	79464
310.53125	1.0	NonTarget	1	79496
310.65625	1.0	NonTarget	1	79528
310.78125	1.0	NonTarget	1	79560
310.90625	1.0	NonTarget	1	79592
311.03125	1.0	NonTarget	1	79624
311.15625	1.0	NonTarget	1	79656
311.28125	1.0	NonTarget	1	79688
311.40625	1.0	NonTarget	1	79720
311.53125	1.0	NonTarget	1	79752
311.65625	1.0	NonTarget	1	79784
311.78125	1.0	NonTarget	1	79816
311.90625	1.0	NonTarget	1	79848
318.03125	1.0	NonTarget	1	81416
318.15625	1.0	NonTarget	1	81448
318.28125	1.0	NonTarget	1	81480
318.40625	1.0	NonTarget	1	81512
318.53125	1.0	NonTarget	1	81544
318.65625	1.0	NonTarget	1	81576
318.78125	1.0	NonTarget	1	81608
318.90625	1.0	NonTarget	1	81640
319.03125	1.0	NonTarget	1	81672
319.15625	1.0	NonTarget	1	81704
319.28125	1.0	NonTarget	1	81736
319.40625	1.0	NonTarget	1	81768
319.53125	1.0	NonTarget	1	81800
319.65625	1.0	NonTarget	1	81832
319.78125	1.0	NonTarget	1	81864
319.90625	1.0	NonTarget	1	81896
320.03125	1.0	NonTarget	1	81928
320.15625	1.0	NonTarget	1	81960
320.28125	1.0	NonTarget	1	81992
320.40625	1.0	NonTarget	1	82024
320.53125	1.0	NonTarget	1	82056
320.65625	1.0	NonTarget	1	82088
320.78125	1.0	NonTarget	1	82120
320.90625	1.0	NonTarget	1	82152
321.03125	1.0	NonTarget	1	82184
321.15625	1.0	NonTarget	1	82216
321.28125	1.0	NonTarget	1	82248
321.40625	1.0	NonTarget	1	82280
321.53125	1.0	NonTarget	1	82312
321.65625	1.0	NonTarget	1	82344
321.78125	1.0	NonTarget	1	82376
321.90625	1.0	NonTarget	1	82408
322.03125	1.0	NonTarget	1	82440
322.15625	1.0	NonTarget	1	82472
322.28125	1.0	NonTarget	1	82504
322.40625	1.0	NonTarget	1	82536
322.53125	1.0	NonTarget	1	82568
322.65625	1.0	NonTarget	1	82600
322.78125	1.0	NonTarget	1	82632
322.90625	1.0	NonTarget	1	82664
323.03125	1.0	NonTarget	1	82696
323.15625	1.0	NonTarget	1	82728
323.28125	1.0	NonTarget	1	82760
323.40625	1.0	NonTarget	1	82792
323.53125	1.0	NonTarget	1	82824
323.65625	1.0	NonTarget	1	82856
323.78125	1.0	NonTarget	1	82888
323.90625	1.0	NonTarget	1	82920
324.03125	1.0	NonTarget	1	82952
324.15625	1.0	NonTarget	1	82984
324.28125	1.0	NonTarget	1	83016
324.40625	1.0	NonTarget	1	83048
324.53125	1.0	NonTarget	1	83080
324.65625	1.0	NonTarget	1	83112
324.78125	1.0	NonTarget	1	83144
324.90625	1.0	NonTarget	1	83176
325.03125	1.0	NonTarget	1	83208
325.15625	1.0	NonTarget	1	83240
325.28125	1.0	NonTarget	1	83272
325.40625	1.0	NonTarget	1	83304
325.53125	1.0	NonTarget	1	83336
325.65625	1.0	NonTarget	1	83368
325.78125	1.0	NonTarget	1	83400
325.90625	1.0	NonTarget	1	83432
326.03125	1.0	NonTarget	1	83464
326.15625	1.0	NonTarget	1	83496
326.28125	1.0	NonTarget	1	83528
326.40625	1.0	NonTarget	1	83560
326.53125	1.0	NonTarget	1	83592
326.65625	1.0	NonTarget	1	83624
326.78125	1.0	NonTarget	1	83656
326.90625	1.0	NonTarget	1	83688
327.03125	1.0	NonTarget	1	83720
327.15625	1.0	NonTarget	1	83752
327.28125	1.0	NonTarget	1	83784
327.40625	1.0	NonTarget	1	83816
327.53125	1.0	NonTarget	1	83848
327.65625	1.0	NonTarget	1	83880
327.78125	1.0	NonTarget	1	83912
327.90625	1.0	NonTarget	1	83944
328.03125	1.0	NonTarget	1	83976
328.15625	1.0	NonTarget	1	84008
328.28125	1.0	NonTarget	1	84040
328.40625	1.0	NonTarget	1	84072
334.53125	1.0	NonTarget	1	85640
334.65625	1.0	NonTarget	1	85672
334.78125	1.0	NonTarget	1	85704
334.90625	1.0	NonTarget	1	85736
335.03125	1.0	NonTarget	1	85768
335.15625	1.0	NonTarget	1	85800
335.28125	1.0	NonTarget	1	85832
335.40625	1.0	NonTarget	1	85864
335.53125	1.0	NonTarget	1	85896
335.65625	1.0	NonTarget	1	85928
335.78125	1.0	NonTarget	1	85960
335.90625	1.0	NonTarget	1	85992
336.03125	1.0	NonTarget	1	86024
336.15625	1.0	NonTarget	1	86056
336.28125	1.0	NonTarget	1	86088
336.40625	1.0	NonTarget	1	86120
336.53125	1.0	NonTarget	1	86152
336.65625	1.0	NonTarget	1	86184
336.78125	1.0	NonTarget	1	86216
336.90625	1.0	NonTarget	1	86248
337.03125	1.0	NonTarget	1	86280
337.15625	1.0	NonTarget	1	86312
337.28125	1.0	NonTarget	1	86344
337.40625	1.0	NonTarget	1	86376
337.53125	1.0	NonTarget	1	86408
337.65625	1.0	NonTarget	1	86440
337.78125	1.0	NonTarget	1	86472
337.90625	1.0	NonTarget	1	86504
338.03125	1.0	NonTarget	1	86536
338.15625	1.0	NonTarget	1	86568
338.28125	1.0	NonTarget	1	86600
338.40625	1.0	NonTarget	1	86632
338.53125	1.0	NonTarget	1	86664
338.65625	1.0	NonTarget	1	86696
338.78125	1.0	NonTarget	1	86728
338.90625	1.0	NonTarget	1	86760
339.03125	1.0	NonTarget	1	86792
339.15625	1.0	NonTarget	1	86824
339.28125	1.0	NonTarget	1	86856
339.40625	1.0	NonTarget	1	86888
339.53125	1.0	NonTarget	1	86920
339.65625	1.0	NonTarget	1	86952
339.78125	1.0	NonTarget	1	86984
339.90625	1.0	NonTarget	1	87016
340.03125	1.0	NonTarget	1	87048
340.15625	1.0	NonTarget	1	87080
340.28125	1.0	NonTarget	1	87112
340.40625	1.0	NonTarget	1	87144
340.53125	1.0	NonTarget	1	87176
340.65625	1.0	NonTarget	1	87208
340.78125	1.0	NonTarget	1	87240
340.90625	1.0	NonTarget	1	87272
341.03125	1.0	NonTarget	1	87304
341.15625	1.0	NonTarget	1	87336
341.28125	1.0	NonTarget	1	87368
341.40625	1.0	NonTarget	1	87400
341.53125	1.0	NonTarget	1	87432
341.65625	1.0	NonTarget	1	87464
341.78125	1.0	NonTarget	1	87496
341.90625	1.0	NonTarget	1	87528
342.03125	1.0	NonTarget	1	87560
342.15625	1.0	NonTarget	1	87592
342.28125	1.0	NonTarget	1	87624
342.40625	1.0	NonTarget	1	87656
342.53125	1.0	NonTarget	1	87688
342.65625	1.0	NonTarget	1	87720
342.78125	1.0	NonTarget	1	87752
342.90625	1.0	NonTarget	1	87784
343.03125	1.0	NonTarget	1	87816
343.15625	1.0	NonTarget	1	87848
343.28125	1.0	NonTarget	1	87880
343.40625	1.0	NonTarget	1	87912
343.53125	1.0	NonTarget	1	87944
343.65625	1.0	NonTarget	1	87976
343.78125	1.0	NonTarget	1	88008
343.90625	1.0	NonTarget	1	88040
344.03125	1.0	NonTarget	1	88072
344.15625	1.0	NonTarget	1	88104
344.28125	1.0	NonTarget	1	88136
344.40625	1.0	NonTarget	1	88168
344.53125	1.0	NonTarget	1	88200
344.65625	1.0	NonTarget	1	88232
344.78125	1.0	NonTarget	1	88264
344.90625	1.0	NonTarget	1	88296
351.03125	1.0	NonTarget	1	89864
351.15625	1.0	NonTarget	1	89896
351.28125	1.0	NonTarget	1	89928
351.40625	1.0	NonTarget	1	89960
351.53125	1.0	NonTarget	1	89992
351.65625	1.0	NonTarget	1	90024
351.78125	1.0	NonTarget	1	90056
351.90625	1.0	NonTarget	1	90088
352.03125	1.0	NonTarget	1	90120
352.15625	1.0	NonTarget	1	90152
352.28125	1.0	NonTarget	1	90184
352.40625	1.0	NonTarget	1	90216
352.53125	1.0	NonTarget	1	90248
352.65625	1.0	NonTarget	1	90280
352.78125	1.0	NonTarget	1	90312
352.90625	1.0	NonTarget	1	90344
353.03125	1.0	NonTarget	1	90376
353.15625	1.0	NonTarget	1	90408
353.28125	1.0	NonTarget	1	90440
353.40625	1.0	NonTarget	1	90472
353.53125	1.0	NonTarget	1	90504
353.65625	1.0	NonTarget	1	90536
353.78125	1.0	NonTarget	1	90568
353.90625	1.0	NonTarget	1	90600
354.03125	1.0	NonTarget	1	90632
354.15625	1.0	NonTarget	1	90664
354.28125	1.0	NonTarget	1	90696
354.40625	1.0	NonTarget	1	90728
354.53125	1.0	NonTarget	1	90760
354.65625	1.0	NonTarget	1	90792
354.78125	1.0	NonTarget	1	90824
354.90625	1.0	NonTarget	1	90856
355.03125	1.0	NonTarget	1	90888
355.15625	1.0	NonTarget	1	90920
355.28125	1.0	NonTarget	1	90952
355.40625	1.0	NonTarget	1	90984
355.53125	1.0	NonTarget	1	91016
355.65625	1.0	NonTarget	1	91048
355.78125	1.0	NonTarget	1	91080
355.90625	1.0	NonTarget	1	91112
356.03125	1.0	NonTarget	1	91144
356.15625	1.0	NonTarget	1	91176
356.28125	1.0	NonTarget	1	91208
356.40625	1.0	NonTarget	1	91240
356.53125	1.0	NonTarget	1	91272
356.65625	1.0	NonTarget	1	91304
356.78125	1.0	NonTarget	1	91336
356.90625	1.0	NonTarget	1	91368
357.03125	1.0	NonTarget	1	91400
357.15625	1.0	NonTarget	1	91432
357.28125	1.0	NonTarget	1	91464
357.40625	1.0	NonTarget	1	91496
357.53125	1.0	NonTarget	1	91528
357.65625	1.0	NonTarget	1	91560
357.78125	1.0	NonTarget	1	91592
357.90625	1.0	NonTarget	1	91624
358.03125	1.0	NonTarget	1	91656
358.15625	1.0	NonTarget	1	91688
358.28125	1.0	NonTarget	1	91720
358.40625	1.0	NonTarget	1	91752
358.53125	1.0	NonTarget	1	91784
358.65625	1.0	NonTarget	1	91816
358.78125	1.0	NonTarget	1	91848
358.90625	1.0	NonTarget	1	91880
359.03125	1.0	NonTarget	1	91912
359.15625	1.0	NonTarget	1	91944
359.28125	1.0	NonTarget	1	91976
359.40625	1.0	NonTarget	1	92008
359.53125	1.0	NonTarget	1	92040
359.65625	1.0	NonTarget	1	92072
359.78125	1.0	NonTarget	1	92104
359.90625	1.0	NonTarget	1	92136
360.03125	1.0	NonTarget	1	92168
360.15625	1.0	NonTarget	1	92200
360.28125	1.0	NonTarget	1	92232
360.40625	1.0	NonTarget	1	92264
360.53125	1.0	NonTarget	1	92296
360.65625	1.0	NonTarget	1	92328
360.78125	1.0	NonTarget	1	92360
360.90625	1.0	NonTarget	1	92392
361.03125	1.0	NonTarget	1	92424
361.15625	1.0	NonTarget	1	92456
361.28125	1.0	NonTarget	1	92488
361.40625	1.0	NonTarget	1	92520
367.53125	1.0	NonTarget	1	94088
367.65625	1.0	NonTarget	1	94120
367.78125	1.0	NonTarget	1	94152
367.90625	1.0	NonTarget	1	94184
368.03125	1.0	NonTarget	1	94216
368.15625	1.0	NonTarget	1	94248
368.28125	1.0	NonTarget	1	94280
368.40625	1.0	NonTarget	1	94312
368.53125	1.0	NonTarget	1	94344
368.65625	1.0	NonTarget	1	94376
368.78125	1.0	NonTarget	1	94408
368.90625	1.0	NonTarget	1	94440
369.03125	1.0	NonTarget	1	94472
369.15625	1.0	NonTarget	1	94504
369.28125	1.0	NonTarget	1	94536
369.40625	1.0	NonTarget	1	94568
369.53125	1.0	NonTarget	1	94600
369.65625	1.0	NonTarget	1	94632
369.78125	1.0	NonTarget	1	94664
369.90625	1.0	NonTarget	1	94696
370.03125	1.0	NonTarget	1	94728
370.15625	1.0	NonTarget	1	94760
370.28125	1.0	NonTarget	1	94792
370.40625	1.0	NonTarget	1	94824
370.53125	1.0	NonTarget	1	94856
370.65625	1.0	NonTarget	1	94888
370.78125	1.0	NonTarget	1	94920
370.90625	1.0	NonTarget	1	94952
371.03125	1.0	NonTarget	1	94984
371.15625	1.0	NonTarget	1	95016
371.28125	1.0	NonTarget	1	95048
371.40625	1.0	NonTarget	1	95080
371.53125	1.0	NonTarget	1	95112
371.65625	1.0	NonTarget	1	95144
371.78125	1.0	NonTarget	1	95176
371.90625	1.0	NonTarget	1	95208
372.03125	1.0	NonTarget	1	95240
372.15625	1.0	NonTarget	1	95272
372.28125	1.0	NonTarget	1	95304
372.40625	1.0	NonTarget	1	95336
372.53125	1.0	NonTarget	1	95368
372.65625	1.0	NonTarget	1	95400
372.78125	1.0	NonTarget	1	95432
372.90625	1.0	NonTarget	1	95464
373.03125	1.0	NonTarget	1	95496
373.15625	1.0	NonTarget	1	95528
373.28125	1.0	NonTarget	1	95560
373.40625	1.0	NonTarget	1	95592
373.53125	1.0	NonTarget	1	95624
373.65625	1.0	NonTarget	1	95656
373.78125	1.0	NonTarget	1	95688
373.90625	1.0	NonTarget	1	95720
374.03125	1.0	NonTarget	1	95752
374.15625	1.0	NonTarget	1	95784
374.28125	1.0	NonTarget	1	95816
374.40625	1.0	NonTarget	1	95848
374.53125	1.0	NonTarget	1	95880
374.65625	1.0	NonTarget	1	95912
374.78125	1.0	NonTarget	1	95944
374.90625	1.0	NonTarget	1	95976
375.03125	1.0	NonTarget	1	96008
375.15625	1.0	NonTarget	1	96040
375.28125	1.0	NonTarget	1	96072
375.40625	1.0	NonTarget	1	96104
375.53125	1.0	NonTarget	1	96136
375.65625	1.0	NonTarget	1	96168
375.78125	1.0	NonTarget	1	96200
375.90625	1.0	NonTarget	1	96232
376.03125	1.0	NonTarget	1	96264
376.15625	1.0	NonTarget	1	96296
376.28125	1.0	NonTarget	1	96328
376.40625	1.0	NonTarget	1	96360
376.53125	1.0	NonTarget	1	96392
376.65625	1.0	NonTarget	1	96424
376.78125	1.0	NonTarget	1	96456
376.90625	1.0	NonTarget	1	96488
377.03125	1.0	NonTarget	1	96520
377.15625	1.0	NonTarget	1	96552
377.28125	1.0	NonTarget	1	96584
377.40625	1.0	NonTarget	1	96616
377.53125	1.0	NonTarget	1	96648
377.65625	1.0	NonTarget	1	96680
377.78125	1.0	NonTarget	1	96712
377.90625	1.0	NonTarget	1	96744
384.03125	1.0	NonTarget	1	98312
384.15625	1.0	NonTarget	1	98344
384.28125	1.0	NonTarget	1	98376
384.40625	1.0	NonTarget	1	98408
384.53125	1.0	NonTarget	1	98440
384.65625	1.0	NonTarget	1	98472
384.78125	1.0	NonTarget	1	98504
384.90625	1.0	NonTarget	1	98536
385.03125	1.0	NonTarget	1	98568
385.15625	1.0	NonTarget	1	98600
385.28125	1.0	NonTarget	1	98632
385.40625	1.0	NonTarget	1	98664
385.53125	1.0	NonTarget	1	98696
385.65625	1.0	NonTarget	1	98728
385.78125	1.0	NonTarget	1	98760
385.90625	1.0	NonTarget	1	98792
386.03125	1.0	NonTarget	1	98824
386.15625	1.0	NonTarget	1	98856
386.28125	1.0	NonTarget	1	98888
386.40625	1.0	NonTarget	1	98920
386.53125	1.0	NonTarget	1	98952
386.65625	1.0	NonTarget	1	98984
386.78125	1.0	NonTarget	1	99016
386.90625	1.0	NonTarget	1	99048
387.03125	1.0	NonTarget	1	99080
387.15625	1.0	NonTarget	1	99112
387.28125	1.0	NonTarget	1	99144
387.40625	1.0	NonTarget	1	99176
387.53125	1.0	NonTarget	1	99208
387.65625	1.0	NonTarget	1	99240
387.78125	1.0	NonTarget	1	99272
387.90625	1.0	NonTarget	1	99304
388.03125	1.0	NonTarget	1	99336
388.15625	1.0	NonTarget	1	99368
388.28125	1.0	NonTarget	1	99400
388.40625	1.0	NonTarget	1	99432
388.53125	1.0	NonTarget	1	99464
388.65625	1.0	NonTarget	1	99496
388.78125	1.0	NonTarget	1	99528
388.90625	1.0	NonTarget	1	99560
389.03125	1.0	NonTarget	1	99592
389.15625	1.0	NonTarget	1	99624
389.28125	1.0	NonTarget	1	99656
389.40625	1.0	NonTarget	1	99688
389.53125	1.0	NonTarget	1	99720
389.65625	1.0	NonTarget	1	99752
389.78125	1.0	NonTarget	1	99784
389.90625	1.0	NonTarget	1	99816
390.03125	1.0	NonTarget	1	99848
390.15625	1.0	NonTarget	1	99880
390.28125	1.0	NonTarget	1	99912
390.40625	1.0	NonTarget	1	99944
390.53125	1.0	NonTarget	1	99976
390.65625	1.0	NonTarget	1	100008
390.78125	1.0	NonTarget	1	100040
390.90625	1.0	NonTarget	1	100072
391.03125	1.0	NonTarget	1	100104
391.15625	1.0	NonTarget	1	100136
391.28125	1.0	NonTarget	1	100168
391.40625	1.0	NonTarget	1	100200
391.53125	1.0	NonTarget	1	100232
391.65625	1.0	NonTarget	1	100264
391.78125	1.0	NonTarget	1	100296
391.90625	1.0	NonTarget	1	100328
392.03125	1.0	NonTarget	1	100360
392.15625	1.0	NonTarget	1	100392
392.28125	1.0	NonTarget	1	100424
392.40625	1.0	NonTarget	1	100456
392.53125	1.0	NonTarget	1	100488
392.65625	1.0	NonTarget	1	100520
392.78125	1.0	NonTarget	1	100552
392.90625	1.0	NonTarget	1	100584
393.03125	1.0	NonTarget	1	100616
393.15625	1.0	NonTarget	1	100648
393.28125	1.0	NonTarget	1	100680
393.40625	1.0	NonTarget	1	100712
393.53125	1.0	NonTarget	1	100744
393.65625	1.0	NonTarget	1	100776
393.78125	1.0	NonTarget	1	100808
393.90625	1.0	NonTarget	1	100840
394.03125	1.0	NonTarget	1	100872
394.15625	1.0	NonTarget	1	100904
394.28125	1.0	NonTarget	1	100936
394.40625	1.0	NonTarget	1	100968
400.53125	1.0	NonTarget	1	102536
400.65625	1.0	NonTarget	1	102568
400.78125	1.0	NonTarget	1	102600
400.90625	1.0	NonTarget	1	102632
401.03125	1.0	NonTarget	1	102664
401.15625	1.0	NonTarget	1	102696
401.28125	1.0	NonTarget	1	102728
401.40625	1.0	NonTarget	1	102760
401.53125	1.0	NonTarget	1	102792
401.65625	1.0	NonTarget	1	102824
401.78125	1.0	NonTarget	1	102856
401.90625	1.0	NonTarget	1	102888
402.03125	1.0	NonTarget	1	102920
402.15625	1.0	NonTarget	1	102952
402.28125	1.0	NonTarget	1	102984
402.40625	1.0	NonTarget	1	103016
402.53125	1.0	NonTarget	1	103048
402.65625	1.0	NonTarget	1	103080
402.78125	1.0	NonTarget	1	103112
402.90625	1.0	NonTarget	1	103144
403.03125	1.0	NonTarget	1	103176
403.15625	1.0	NonTarget	1	103208
403.28125	1.0	NonTarget	1	103240
403.40625	1.0	NonTarget	1	103272
403.53125	1.0	NonTarget	1	103304
403.65625	1.0	NonTarget	1	103336
403.78125	1.0	NonTarget	1	103368
403.90625	1.0	NonTarget	1	103400
404.03125	1.0	NonTarget	1	103432
404.15625	1.0	NonTarget	1	103464
404.28125	1.0	NonTarget	1	103496
404.40625	1.0	NonTarget	1	103528
404.53125	1.0	NonTarget	1	103560
404.65625	1.0	NonTarget	1	103592
404.78125	1.0	NonTarget	1	103624
404.90625	1.0	NonTarget	1	103656
405.03125	1.0	NonTarget	1	103688
405.15625	1.0	NonTarget	1	103720
405.28125	1.0	NonTarget	1	103752
405.40625	1.0	NonTarget	1	103784
405.53125	1.0	NonTarget	1	103816
405.65625	1.0	NonTarget	1	103848
405.78125	1.0	NonTarget	1	103880
405.90625	1.0	NonTarget	1	103912
406.03125	1.0	NonTarget	1	103944
406.15625	1.0	NonTarget	1	103976
406.28125	1.0	NonTarget	1	104008
406.40625	1.0	NonTarget	1	104040
406.53125	1.0	NonTarget	1	104072
406.65625	1.0	NonTarget	1	104104
406.78125	1.0	NonTarget	1	104136
406.90625	1.0	NonTarget	1	104168
407.03125	1.0	NonTarget	1	104200
407.15625	1.0	NonTarget	1	104232
407.28125	1.0	NonTarget	1	104264
407.40625	1.0	NonTarget	1	104296
407.53125	1.0	NonTarget	1	104328
407.65625	1.0	NonTarget	1	104360
407.78125	1.0	NonTarget	1	104392
407.90625	1.0	NonTarget	1	104424
408.03125	1.0	NonTarget	1	104456
408.15625	1.0	NonTarget	1	104488
408.28125	1.0	NonTarget	1	104520
408.40625	1.0	NonTarget	1	104552
408.53125	1.0	NonTarget	1	104584
408.65625	1.0	NonTarget	1	104616
408.78125	1.0	NonTarget	1	104648
408.90625	1.0	NonTarget	1	104680
409.03125	1.0	NonTarget	1	104712
409.15625	1.0	NonTarget	1	104744
409.28125	1.0	NonTarget	1	104776
409.40625	1.0	NonTarget	1	104808
409.53125	1.0	NonTarget	1	104840
409.65625	1.0	NonTarget	1	104872
409.78125	1.0	NonTarget	1	104904
409.90625	1.0	NonTarget	1	104936
410.03125	1.0	NonTarget	1	104968
410.15625	1.0	NonTarget	1	105000
410.28125	1.0	NonTarget	1	105032
410.40625	1.0	NonTarget	1	105064
410.53125	1.0	NonTarget	1	105096
410.65625	1.0	NonTarget	1	105128
410.78125	1.0	NonTarget	1	105160
410.90625	1.0	NonTarget	1	105192
417.03125	1.0	NonTarget	1	106760
417.15625	1.0	NonTarget	1	106792
417.28125	1.0	NonTarget	1	106824
417.40625	1.0	NonTarget	1	106856
417.53125	1.0	NonTarget	1	106888
417.65625	1.0	NonTarget	1	106920
417.78125	1.0	NonTarget	1	106952
417.90625	1.0	NonTarget	1	106984
418.03125	1.0	NonTarget	1	107016
418.15625	1.0	NonTarget	1	107048
418.28125	1.0	NonTarget	1	107080
418.40625	1.0	NonTarget	1	107112
418.53125	1.0	NonTarget	1	107144
418.65625	1.0	NonTarget	1	107176
418.78125	1.0	NonTarget	1	107208
418.90625	1.0	NonTarget	1	107240
419.03125	1.0	NonTarget	1	107272
419.15625	1.0	NonTarget	1	107304
419.28125	1.0	NonTarget	1	107336
419.40625	1.0	NonTarget	1	107368
419.53125	1.0	NonTarget	1	107400
419.65625	1.0	NonTarget	1	107432
419.78125	1.0	NonTarget	1	107464
419.90625	1.0	NonTarget	1	107496
420.03125	1.0	NonTarget	1	107528
420.15625	1.0	NonTarget	1	107560
420.28125	1.0	NonTarget	1	107592
420.40625	1.0	NonTarget	1	107624
420.53125	1.0	NonTarget	1	107656
420.65625	1.0	NonTarget	1	107688
420.78125	1.0	NonTarget	1	107720
420.90625	1.0	NonTarget	1	107752
421.03125	1.0	NonTarget	1	107784
421.15625	1.0	NonTarget	1	107816
421.28125	1.0	NonTarget	1	107848
421.40625	1.0	NonTarget	1	107880
421.53125	1.0	NonTarget	1	107912
421.65625	1.0	NonTarget	1	107944
421.78125	1.0	NonTarget	1	107976
421.90625	1.0	NonTarget	1	108008
422.03125	1.0	NonTarget	1	108040
422.15625	1.0	NonTarget	1	108072
422.28125	1.0	NonTarget	1	108104
422.40625	1.0	NonTarget	1	108136
422.53125	1.0	NonTarget	1	108168
422.65625	1.0	NonTarget	1	108200
422.78125	1.0	NonTarget	1	108232
422.90625	1.0	NonTarget	1	108264
423.03125	1.0	NonTarget	1	108296
423.15625	1.0	NonTarget	1	108328
423.28125	1.0	NonTarget	1	108360
423.40625	1.0	NonTarget	1	108392
423.53125	1.0	NonTarget	1	108424
423.65625	1.0	NonTarget	1	108456
423.78125	1.0	NonTarget	1	108488
423.90625	1.0	NonTarget	1	108520
424.03125	1.0	NonTarget	1	108552
424.15625	1.0	NonTarget	1	108584
424.28125	1.0	NonTarget	1	108616
424.40625	1.0	NonTarget	1	108648
424.53125	1.0	NonTarget	1	108680
424.65625	1.0	NonTarget	1	108712
424.78125	1.0	NonTarget	1	108744
424.90625	1.0	NonTarget	1	108776
425.03125	1.0	NonTarget	1	108808
425.15625	1.0	NonTarget	1	108840
425.28125	1.0	NonTarget	1	108872
425.40625	1.0	NonTarget	1	108904
425.53125	1.0	NonTarget	1	108936
425.65625	1.0	NonTarget	1	108968
425.78125	1.0	NonTarget	1	109000
425.90625	1.0	NonTarget	1	109032
426.03125	1.0	NonTarget	1	109064
426.15625	1.0	NonTarget	1	109096
426.28125	1.0	NonTarget	1	109128
426.40625	1.0	NonTarget	1	109160
426.53125	1.0	NonTarget	1	109192
426.65625	1.0	NonTarget	1	109224
426.78125	1.0	NonTarget	1	109256
426.90625	1.0	NonTarget	1	109288
427.03125	1.0	NonTarget	1	109320
427.15625	1.0	NonTarget	1	109352
427.28125	1.0	NonTarget	1	109384
427.40625	1.0	NonTarget	1	109416
433.53125	1.0	NonTarget	1	110984
433.65625	1.0	NonTarget	1	111016
433.78125	1.0	NonTarget	1	111048
433.90625	1.0	NonTarget	1	111080
434.03125	1.0	NonTarget	1	111112
434.15625	1.0	NonTarget	1	111144
434.28125	1.0	NonTarget	1	111176
434.40625	1.0	NonTarget	1	111208
434.53125	1.0	NonTarget	1	111240
434.65625	1.0	NonTarget	1	111272
434.78125	1.0	NonTarget	1	111304
434.90625	1.0	NonTarget	1	111336
435.03125	1.0	NonTarget	1	111368
435.15625	1.0	NonTarget	1	111400
435.28125	1.0	NonTarget	1	111432
435.40625	1.0	NonTarget	1	111464
435.53125	1.0	NonTarget	1	111496
435.65625	1.0	NonTarget	1	111528
435.78125	1.0	NonTarget	1	111560
435.90625	1.0	NonTarget	1	111592
436.03125	1.0	NonTarget	1	111624
436.15625	1.0	NonTarget	1	111656
436.28125	1.0	NonTarget	1	111688
436.40625	1.0	NonTarget	1	111720
436.53125	1.0	NonTarget	1	111752
436.65625	1.0	NonTarget	1	111784
436.78125	1.0	NonTarget	1	111816
436.90625	1.0	NonTarget	1	111848
437.03125	1.0	NonTarget	1	111880
437.15625	1.0	NonTarget	1	111912
437.28125	1.0	NonTarget	1	111944
437.40625	1.0	NonTarget	1	111976
437.53125	1.0	NonTarget	1	112008
437.65625	1.0	NonTarget	1	112040
437.78125	1.0	NonTarget	1	112072
437.90625	1.0	NonTarget	1	112104
438.03125	1.0	NonTarget	1	112136
438.15625	1.0	NonTarget	1	112168
438.28125	1.0	NonTarget	1	112200
438.40625	1.0	NonTarget	1	112232
438.53125	1.0	NonTarget	1	112264
438.65625	1.0	NonTarget	1	112296
438.78125	1.0	NonTarget	1	112328
438.90625	1.0	NonTarget	1	112360
439.03125	1.0	NonTarget	1	112392
439.15625	1.0	NonTarget	1	112424
439.28125	1.0	NonTarget	1	112456
439.40625	1.0	NonTarget	1	112488
439.53125	1.0	NonTarget	1	112520
439.65625	1.0	NonTarget	1	112552
439.78125	1.0	NonTarget	1	112584
439.90625	1.0	NonTarget	1	112616
440.03125	1.0	NonTarget	1	112648
440.15625	1.0	NonTarget	1	112680
440.28125	1.0	NonTarget	1	112712
440.40625	1.0	NonTarget	1	112744
440.53125	1.0	NonTarget	1	112776
440.65625	1.0	NonTarget	1	112808
440.78125	1.0	NonTarget	1	112840
440.90625	1.0	NonTarget	1	112872
441.03125	1.0	NonTarget	1	112904
441.15625	1.0	NonTarget	1	112936
441.28125	1.0	NonTarget	1	112968
441.40625	1.0	NonTarget	1	113000
441.53125	1.0	NonTarget	1	113032
441.65625	1.0	NonTarget	1	113064
441.78125	1.0	NonTarget	1	113096
441.90625	1.0	NonTarget	1	113128
442.03125	1.0	NonTarget	1	113160
442.15625	1.0	NonTarget	1	113192
442.28125	1.0	NonTarget	1	113224
442.40625	1.0	NonTarget	1	113256
442.53125	1.0	NonTarget	1	113288
442.65625	1.0	NonTarget	1	113320
442.78125	1.0	NonTarget	1	113352
442.90625	1.0	NonTarget	1	113384
443.03125	1.0	NonTarget	1	113416
443.15625	1.0	NonTarget	1	113448
443.28125	1.0	NonTarget	1	113480
443.40625	1.0	NonTarget	1	113512
443.53125	1.0	NonTarget	1	113544
443.65625	1.0	NonTarget	1	113576
443.78125	1.0	NonTarget	1	113608
443.90625	1.0	NonTarget	1	113640
450.03125	1.0	NonTarget	1	115208
450.15625	1.0	NonTarget	1	115240
450.28125	1.0	NonTarget	1	115272
450.40625	1.0	NonTarget	1	115304
450.53125	1.0	NonTarget	1	115336
450.65625	1.0	NonTarget	1	115368
450.78125	1.0	NonTarget	1	115400
450.90625	1.0	NonTarget	1	115432
451.03125	1.0	NonTarget	1	115464
451.15625	1.0	NonTarget	1	115496
451.28125	1.0	NonTarget	1	115528
451.40625	1.0	NonTarget	1	115560
451.53125	1.0	NonTarget	1	115592
451.65625	1.0	NonTarget	1	115624
451.78125	1.0	NonTarget	1	115656
451.90625	1.0	NonTarget	1	115688
452.03125	1.0	NonTarget	1	115720
452.15625	1.0	NonTarget	1	115752
452.28125	1.0	NonTarget	1	115784
452.40625	1.0	NonTarget	1	115816
452.53125	1.0	NonTarget	1	115848
452.65625	1.0	NonTarget	1	115880
452.78125	1.0	NonTarget	1	115912
452.90625	1.0	NonTarget	1	115944
453.03125	1.0	NonTarget	1	115976
453.15625	1.0	NonTarget	1	116008
453.28125	1.0	NonTarget	1	116040
453.40625	1.0	NonTarget	1	116072
453.53125	1.0	NonTarget	1	116104
453.65625	1.0	NonTarget	1	116136
453.78125	1.0	NonTarget	1	116168
453.90625	1.0	NonTarget	1	116200
454.03125	1.0	NonTarget	1	116232
454.15625	1.0	NonTarget	1	116264
454.28125	1.0	NonTarget	1	116296
454.40625	1.0	NonTarget	1	116328
454.53125	1.0	NonTarget	1	116360
454.65625	1.0	NonTarget	1	116392
454.78125	1.0	NonTarget	1	116424
454.90625	1.0	NonTarget	1	116456
455.03125	1.0	NonTarget	1	116488
455.15625	1.0	NonTarget	1	116520
455.28125	1.0	NonTarget	1	116552
455.40625	1.0	NonTarget	1	116584
455.53125	1.0	NonTarget	1	116616
455.65625	1.0	NonTarget	1	116648
455.78125	1.0	NonTarget	1	116680
455.90625	1.0	NonTarget	1	116712
456.03125	1.0	NonTarget	1	116744
456.15625	1.0	NonTarget	1	116776
456.28125	1.0	NonTarget	1	116808
456.40625	1.0	NonTarget	1	116840
456.53125	1.0	NonTarget	1	116872
456.65625	1.0	NonTarget	1	116904
456.78125	1.0	NonTarget	1	116936
456.90625	1.0	NonTarget	1	116968
457.03125	1.0	NonTarget	1	117000
457.15625	1.0	NonTarget	1	117032
457.28125	1.0	NonTarget	1	117064
457.40625	1.0	NonTarget	1	117096
457.53125	1.0	NonTarget	1	117128
457.65625	1.0	NonTarget	1	117160
457.78125	1.0	NonTarget	1	117192
457.90625	1.0	NonTarget	1	117224
458.03125	1.0	NonTarget	1	117256
458.15625	1.0	NonTarget	1	117288
458.28125	1.0	NonTarget	1	117320
458.40625	1.0	NonTarget	1	117352
458.53125	1.0	NonTarget	1	117384
458.65625	1.0	NonTarget	1	117416
458.78125	1.0	NonTarget	1	117448
458.90625	1.0	NonTarget	1	117480
459.03125	1.0	NonTarget	1	117512
459.15625	1.0	NonTarget	1	117544
459.28125	1.0	NonTarget	1	117576
459.40625	1.0	NonTarget	1	117608
459.53125	1.0	NonTarget	1	117640
459.65625	1.0	NonTarget	1	117672
459.78125	1.0	NonTarget	1	117704
459.90625	1.0	NonTarget	1	117736
460.03125	1.0	NonTarget	1	117768
460.15625	1.0	NonTarget	1	117800
460.28125	1.0	NonTarget	1	117832
460.40625	1.0	NonTarget	1	117864
466.53125	1.0	NonTarget	1	119432
466.65625	1.0	NonTarget	1	119464
466.78125	1.0	NonTarget	1	119496
466.90625	1.0	NonTarget	1	119528
467.03125	1.0	NonTarget	1	119560
467.15625	1.0	NonTarget	1	119592
467.28125	1.0	NonTarget	1	119624
467.40625	1.0	NonTarget	1	119656
467.53125	1.0	NonTarget	1	119688
467.65625	1.0	NonTarget	1	119720
467.78125	1.0	NonTarget	1	119752
467.90625	1.0	NonTarget	1	119784
468.03125	1.0	NonTarget	1	119816
468.15625	1.0	NonTarget	1	119848
468.28125	1.0	NonTarget	1	119880
468.40625	1.0	NonTarget	1	119912
468.53125	1.0	NonTarget	1	119944
468.65625	1.0	NonTarget	1	119976
468.78125	1.0	NonTarget	1	120008
468.90625	1.0	NonTarget	1	120040
469.03125	1.0	NonTarget	1	120072
469.15625	1.0	NonTarget	1	120104
469.28125	1.0	NonTarget	1	120136
469.40625	1.0	NonTarget	1	120168
469.53125	1.0	NonTarget	1	120200
469.65625	1.0	NonTarget	1	120232
469.78125	1.0	NonTarget	1	120264
469.90625	1.0	NonTarget	1	120296
470.03125	1.0	NonTarget	1	120328
470.15625	1.0	NonTarget	1	120360
470.28125	1.0	NonTarget	1	120392
470.40625	1.0	NonTarget	1	120424
470.53125	1.0	NonTarget	1	120456
470.65625	1.0	NonTarget	1	120488
470.78125	1.0	NonTarget	1	120520
470.90625	1.0	NonTarget	1	120552
471.03125	1.0	NonTarget	1	120584
471.15625	1.0	NonTarget	1	120616
471.28125	1.0	NonTarget	1	120648
471.40625	1.0	NonTarget	1	120680
471.53125	1.0	NonTarget	1	120712
471.65625	1.0	NonTarget	1	120744
471.78125	1.0	NonTarget	1	120776
471.90625	1.0	NonTarget	1	120808
472.03125	1.0	NonTarget	1	120840
472.15625	1.0	NonTarget	1	120872
472.28125	1.0	NonTarget	1	120904
472.40625	1.0	NonTarget	1	120936
472.53125	1.0	NonTarget	1	120968
472.65625	1.0	NonTarget	1	121000
472.78125	1.0	NonTarget	1	121032
472.90625	1.0	NonTarget	1	121064
473.03125	1.0	NonTarget	1	121096
473.15625	1.0	NonTarget	1	121128
473.28125	1.0	NonTarget	1	121160
473.40625	1.0	NonTarget	1	121192
473.53125	1.0	NonTarget	1	121224
473.65625	1.0	NonTarget	1	121256
473.78125	1.0	NonTarget	1	121288
473.90625	1.0	NonTarget	1	121320
474.03125	1.0	NonTarget	1	121352
474.15625	1.0	NonTarget	1	121384
474.28125	1.0	NonTarget	1	121416
474.40625	1.0	NonTarget	1	121448
474.53125	1.0	NonTarget	1	121480
474.65625	1.0	NonTarget	1	121512
474.78125	1.0	NonTarget	1	121544
474.90625	1.0	NonTarget	1	121576
475.03125	1.0	NonTarget	1	121608
475.15625	1.0	NonTarget	1	121640
475.28125	1.0	NonTarget	1	121672
475.40625	1.0	NonTarget	1	121704
475.53125	1.0	NonTarget	1	121736
475.65625	1.0	NonTarget	1	121768
475.78125	1.0	NonTarget	1	121800
475.90625	1.0	NonTarget	1	121832
476.03125	1.0	NonTarget	1	121864
476.15625	1.0	NonTarget	1	121896
476.28125	1.0	NonTarget	1	121928
476.40625	1.0	NonTarget	1	121960
476.53125	1.0	NonTarget	1	121992
476.65625	1.0	NonTarget	1	122024
476.78125	1.0	NonTarget	1	122056
476.90625	1.0	NonTarget	1	122088
483.03125	1.0	NonTarget	1	123656
483.15625	1.0	NonTarget	1	123688
483.28125	1.0	NonTarget	1	123720
483.40625	1.0	NonTarget	1	123752
483.53125	1.0	NonTarget	1	123784
483.65625	1.0	NonTarget	1	123816
483.78125	1.0	NonTarget	1	123848
483.90625	1.0	NonTarget	1	123880
484.03125	1.0	NonTarget	1	123912
484.15625	1.0	NonTarget	1	123944
484.28125	1.0	NonTarget	1	123976
484.40625	1.0	NonTarget	1	124008
484.53125	1.0	NonTarget	1	124040
484.65625	1.0	NonTarget	1	124072
484.78125	1.0	NonTarget	1	124104
484.90625	1.0	NonTarget	1	124136
485.03125	1.0	NonTarget	1	124168
485.15625	1.0	NonTarget	1	124200
485.28125	1.0	NonTarget	1	124232
485.40625	1.0	NonTarget	1	124264
485.53125	1.0	NonTarget	1	124296
485.65625	1.0	NonTarget	1	124328
485.78125	1.0	NonTarget	1	124360
485.90625	1.0	NonTarget	1	124392
486.03125	1.0	NonTarget	1	124424
486.15625	1.0	NonTarget	1	124456
486.28125	1.0	NonTarget	1	124488
486.40625	1.0	NonTarget	1	124520
486.53125	1.0	NonTarget	1	124552
486.65625	1.0	NonTarget	1	124584
486.78125	1.0	NonTarget	1	124616
486.90625	1.0	NonTarget	1	124648
487.03125	1.0	NonTarget	1	124680
487.15625	1.0	NonTarget	1	124712
487.28125	1.0	NonTarget	1	124744
487.40625	1.0	NonTarget	1	124776
487.53125	1.0	NonTarget	1	124808
487.65625	1.0	NonTarget	1	124840
487.78125	1.0	NonTarget	1	124872
487.90625	1.0	NonTarget	1	124904
488.03125	1.0	NonTarget	1	124936
488.15625	1.0	NonTarget	1	124968
488.28125	1.0	NonTarget	1	125000
488.40625	1.0	NonTarget	1	125032
488.53125	1.0	NonTarget	1	125064
488.65625	1.0	NonTarget	1	125096
488.78125	1.0	NonTarget	1	125128
488.90625	1.0	NonTarget	1	125160
489.03125	1.0	NonTarget	1	125192
489.15625	1.0	NonTarget	1	125224
489.28125	1.0	NonTarget	1	125256
489.40625	1.0	NonTarget	1	125288
489.53125	1.0	NonTarget	1	125320
489.65625	1.0	NonTarget	1	125352
489.78125	1.0	NonTarget	1	125384
489.90625	1.0	NonTarget	1	125416
490.03125	1.0	NonTarget	1	125448
490.15625	1.0	NonTarget	1	125480
490.28125	1.0	NonTarget	1	125512
490.40625	1.0	NonTarget	1	125544
490.53125	1.0	NonTarget	1	125576
490.65625	1.0	NonTarget	1	125608
490.78125	1.0	NonTarget	1	125640
490.90625	1.0	NonTarget	1	125672
491.03125	1.0	NonTarget	1	125704
491.15625	1.0	NonTarget	1	125736
491.28125	1.0	NonTarget	1	125768
491.40625	1.0	NonTarget	1	125800
491.53125	1.0	NonTarget	1	125832
491.65625	1.0	NonTarget	1	125864
491.78125	1.0	NonTarget	1	125896
491.90625	1.0	NonTarget	1	125928
492.03125	1.0	NonTarget	1	125960
492.15625	1.0	NonTarget	1	125992
492.28125	1.0	NonTarget	1	126024
492.40625	1.0	NonTarget	1	126056
492.53125	1.0	NonTarget	1	126088
492.65625	1.0	NonTarget	1	126120
492.78125	1.0	NonTarget	1	126152
492.90625	1.0	NonTarget	1	126184
493.03125	1.0	NonTarget	1	126216
493.15625	1.0	NonTarget	1	126248
493.28125	1.0	NonTarget	1	126280
493.40625	1.0	NonTarget	1	126312
499.53125	1.0	NonTarget	1	127880
499.65625	1.0	NonTarget	1	127912
499.78125	1.0	NonTarget	1	127944
499.90625	1.0	NonTarget	1	127976
500.03125	1.0	NonTarget	1	128008
500.15625	1.0	NonTarget	1	128040
500.28125	1.0	NonTarget	1	128072
500.40625	1.0	NonTarget	1	128104
500.53125	1.0	NonTarget	1	128136
500.65625	1.0	NonTarget	1	128168
500.78125	1.0	NonTarget	1	128200
500.90625	1.0	NonTarget	1	128232
501.03125	1.0	NonTarget	1	128264
501.15625	1.0	NonTarget	1	128296
501.28125	1.0	NonTarget	1	128328
501.40625	1.0	NonTarget	1	128360
501.53125	1.0	NonTarget	1	128392
501.65625	1.0	NonTarget	1	128424
501.78125	1.0	NonTarget	1	128456
501.90625	1.0	NonTarget	1	128488
502.03125	1.0	NonTarget	1	128520
502.15625	1.0	NonTarget	1	128552
502.28125	1.0	NonTarget	1	128584
502.40625	1.0	NonTarget	1	128616
502.53125	1.0	NonTarget	1	128648
502.65625	1.0	NonTarget	1	128680
502.78125	1.0	NonTarget	1	128712
502.90625	1.0	NonTarget	1	128744
503.03125	1.0	NonTarget	1	128776
503.15625	1.0	NonTarget	1	128808
503.28125	1.0	NonTarget	1	128840
503.40625	1.0	NonTarget	1	128872
503.53125	1.0	NonTarget	1	128904
503.65625	1.0	NonTarget	1	128936
503.78125	1.0	NonTarget	1	128968
503.90625	1.0	NonTarget	1	129000
504.03125	1.0	NonTarget	1	129032
504.15625	1.0	NonTarget	1	129064
504.28125	1.0	NonTarget	1	129096
504.40625	1.0	NonTarget	1	129128
504.53125	1.0	NonTarget	1	129160
504.65625	1.0	NonTarget	1	129192
504.78125	1.0	NonTarget	1	129224
504.90625	1.0	NonTarget	1	129256
505.03125	1.0	NonTarget	1	129288
505.15625	1.0	NonTarget	1	129320
505.28125	1.0	NonTarget	1	129352
505.40625	1.0	NonTarget	1	129384
505.53125	1.0	NonTarget	1	129416
505.65625	1.0	NonTarget	1	129448
505.78125	1.0	NonTarget	1	129480
505.90625	1.0	NonTarget	1	129512
506.03125	1.0	NonTarget	1	129544
506.15625	1.0	NonTarget	1	129576
506.28125	1.0	NonTarget	1	129608
506.40625	1.0	NonTarget	1	129640
506.53125	1.0	NonTarget	1	129672
506.65625	1.0	NonTarget	1	129704
506.78125	1.0	NonTarget	1	129736
506.90625	1.0	NonTarget	1	129768
507.03125	1.0	NonTarget	1	129800
507.15625	1.0	NonTarget	1	129832
507.28125	1.0	NonTarget	1	129864
507.40625	1.0	NonTarget	1	129896
507.53125	1.0	NonTarget	1	129928
507.65625	1.0	NonTarget	1	129960
507.78125	1.0	NonTarget	1	129992
507.90625	1.0	NonTarget	1	130024
508.03125	1.0	NonTarget	1	130056
508.15625	1.0	NonTarget	1	130088
508.28125	1.0	NonTarget	1	130120
508.40625	1.0	NonTarget	1	130152
508.53125	1.0	NonTarget	1	130184
508.65625	1.0	NonTarget	1	130216
508.78125	1.0	NonTarget	1	130248
508.90625	1.0	NonTarget	1	130280
509.03125	1.0	NonTarget	1	130312
509.15625	1.0	NonTarget	1	130344
509.28125	1.0	NonTarget	1	130376
509.40625	1.0	NonTarget	1	130408
509.53125	1.0	NonTarget	1	130440
509.65625	1.0	NonTarget	1	130472
509.78125	1.0	NonTarget	1	130504
509.90625	1.0	NonTarget	1	130536
516.03125	1.0	NonTarget	1	132104
516.15625	1.0	NonTarget	1	132136
516.28125	1.0	NonTarget	1	132168
516.40625	1.0	NonTarget	1	132200
516.53125	1.0	NonTarget	1	132232
516.65625	1.0	NonTarget	1	132264
516.78125	1.0	NonTarget	1	132296
516.90625	1.0	NonTarget	1	132328
517.03125	1.0	NonTarget	1	132360
517.15625	1.0	NonTarget	1	132392
517.28125	1.0	NonTarget	1	132424
517.40625	1.0	NonTarget	1	132456
517.53125	1.0	NonTarget	1	132488
517.65625	1.0	NonTarget	1	132520
517.78125	1.0	NonTarget	1	132552
517.90625	1.0	NonTarget	1	132584
518.03125	1.0	NonTarget	1	132616
518.15625	1.0	NonTarget	1	132648
518.28125	1.0	NonTarget	1	132680
518.40625	1.0	NonTarget	1	132712
518.53125	1.0	NonTarget	1	132744
518.65625	1.0	NonTarget	1	132776
518.78125	1.0	NonTarget	1	132808
518.90625	1.0	NonTarget	1	132840
519.03125	1.0	NonTarget	1	132872
519.15625	1.0	NonTarget	1	132904
519.28125	1.0	NonTarget	1	132936
519.40625	1.0	NonTarget	1	132968
519.53125	1.0	NonTarget	1	133000
519.65625	1.0	NonTarget	1	133032
519.78125	1.0	NonTarget	1	133064
519.90625	1.0	NonTarget	1	133096
520.03125	1.0	NonTarget	1	133128
520.15625	1.0	NonTarget	1	133160
520.28125	1.0	NonTarget	1	133192
520.40625	1.0	NonTarget	1	133224
520.53125	1.0	NonTarget	1	133256
520.65625	1.0	NonTarget	1	133288
520.78125	1.0	NonTarget	1	133320
520.90625	1.0	NonTarget	1	133352
521.03125	1.0	NonTarget	1	133384
521.15625	1.0	NonTarget	1	133416
521.28125	1.0	NonTarget	1	133448
521.40625	1.0	NonTarget	1	133480
521.53125	1.0	NonTarget	1	133512
521.65625	1.0	NonTarget	1	133544
521.78125	1.0	NonTarget	1	133576
521.90625	1.0	NonTarget	1	133608
522.03125	1.0	NonTarget	1	133640
522.15625	1.0	NonTarget	1	133672
522.28125	1.0	NonTarget	1	133704
522.40625	1.0	NonTarget	1	133736
522.53125	1.0	NonTarget	1	133768
522.65625	1.0	NonTarget	1	133800
522.78125	1.0	NonTarget	1	133832
522.90625	1.0	NonTarget	1	133864
523.03125	1.0	NonTarget	1	133896
523.15625	1.0	NonTarget	1	133928
523.28125	1.0	NonTarget	1	133960
523.40625	1.0	NonTarget	1	133992
523.53125	1.0	NonTarget	1	134024
523.65625	1.0	NonTarget	1	134056
523.78125	1.0	NonTarget	1	134088
523.90625	1.0	NonTarget	1	134120
524.03125	1.0	NonTarget	1	134152
524.15625	1.0	NonTarget	1	134184
524.28125	1.0	NonTarget	1	134216
524.40625	1.0	NonTarget	1	134248
524.53125	1.0	NonTarget	1	134280
524.65625	1.0	NonTarget	1	134312
524.78125	1.0	NonTarget	1	134344
524.90625	1.0	NonTarget	1	134376
525.03125	1.0	NonTarget	1	134408
525.15625	1.0	NonTarget	1	134440
525.28125	1.0	NonTarget	1	134472
525.40625	1.0	NonTarget	1	134504
525.53125	1.0	NonTarget	1	134536
525.65625	1.0	NonTarget	1	134568
525.78125	1.0	NonTarget	1	134600
525.90625	1.0	NonTarget	1	134632
526.03125	1.0	NonTarget	1	134664
526.15625	1.0	NonTarget	1	134696
526.28125	1.0	NonTarget	1	134728
526.40625	1.0	NonTarget	1	134760
532.53125	1.0	NonTarget	1	136328
532.65625	1.0	NonTarget	1	136360
532.78125	1.0	NonTarget	1	136392
532.90625	1.0	NonTarget	1	136424
533.03125	1.0	NonTarget	1	136456
533.15625	1.0	NonTarget	1	136488
533.28125	1.0	NonTarget	1	136520
533.40625	1.0	NonTarget	1	136552
533.53125	1.0	NonTarget	1	136584
533.65625	1.0	NonTarget	1	136616
533.78125	1.0	NonTarget	1	136648
533.90625	1.0	NonTarget	1	136680
534.03125	1.0	NonTarget	1	136712
534.15625	1.0	NonTarget	1	136744
534.28125	1.0	NonTarget	1	136776
534.40625	1.0	NonTarget	1	136808
534.53125	1.0	NonTarget	1	136840
534.65625	1.0	NonTarget	1	136872
534.78125	1.0	NonTarget	1	136904
534.90625	1.0	NonTarget	1	136936
535.03125	1.0	NonTarget	1	136968
535.15625	1.0	NonTarget	1	137000
535.28125	1.0	NonTarget	1	137032
535.40625	1.0	NonTarget	1	137064
535.53125	1.0	NonTarget	1	137096
535.65625	1.0	NonTarget	1	137128
535.78125	1.0	NonTarget	1	137160
535.90625	1.0	NonTarget	1	137192
536.03125	1.0	NonTarget	1	137224
536.15625	1.0	NonTarget	1	137256
536.28125	1.0	NonTarget	1	137288
536.40625	1.0	NonTarget	1	137320
536.53125	1.0	NonTarget	1	137352
536.65625	1.0	NonTarget	1	137384
536.78125	1.0	NonTarget	1	137416
536.90625	1.0	NonTarget	1	137448
537.03125	1.0	NonTarget	1	137480
537.15625	1.0	NonTarget	1	137512
537.28125	1.0	NonTarget	1	137544
537.40625	1.0	NonTarget	1	137576
537.53125	1.0	NonTarget	1	137608
537.65625	1.0	NonTarget	1	137640
537.78125	1.0	NonTarget	1	137672
537.90625	1.0	NonTarget	1	137704
538.03125	1.0	NonTarget	1	137736
538.15625	1.0	NonTarget	1	137768
538.28125	1.0	NonTarget	1	137800
538.40625	1.0	NonTarget	1	137832
538.53125	1.0	NonTarget	1	137864
538.65625	1.0	NonTarget	1	137896
538.78125	1.0	NonTarget	1	137928
538.90625	1.0	NonTarget	1	137960
539.03125	1.0	NonTarget	1	137992
539.15625	1.0	NonTarget	1	138024
539.28125	1.0	NonTarget	1	138056
539.40625	1.0	NonTarget	1	138088
539.53125	1.0	NonTarget	1	138120
539.65625	1.0	NonTarget	1	138152
539.78125	1.0	NonTarget	1	138184
539.90625	1.0	NonTarget	1	138216
540.03125	1.0	NonTarget	1	138248
540.15625	1.0	NonTarget	1	138280
540.28125	1.0	NonTarget	1	138312
540.40625	1.0	NonTarget	1	138344
540.53125	1.0	NonTarget	1	138376
540.65625	1.0	NonTarget	1	138408
540.78125	1.0	NonTarget	1	138440
540.90625	1.0	NonTarget	1	138472
541.03125	1.0	NonTarget	1	138504
541.15625	1.0	NonTarget	1	138536
541.28125	1.0	NonTarget	1	138568
541.40625	1.0	NonTarget	1	138600
541.53125	1.0	NonTarget	1	138632
541.65625	1.0	NonTarget	1	138664
541.78125	1.0	NonTarget	1	138696
541.90625	1.0	NonTarget	1	138728
542.03125	1.0	NonTarget	1	138760
542.15625	1.0	NonTarget	1	138792
542.28125	1.0	NonTarget	1	138824
542.40625	1.0	NonTarget	1	138856
542.53125	1.0	NonTarget	1	138888
542.65625	1.0	NonTarget	1	138920
542.78125	1.0	NonTarget	1	138952
542.90625	1.0	NonTarget	1	138984
549.03125	1.0	NonTarget	1	140552
549.15625	1.0	NonTarget	1	140584
549.28125	1.0	NonTarget	1	140616
549.40625	1.0	NonTarget	1	140648
549.53125	1.0	NonTarget	1	140680
549.65625	1.0	NonTarget	1	140712
549.78125	1.0	NonTarget	1	140744
549.90625	1.0	NonTarget	1	140776
550.03125	1.0	NonTarget	1	140808
550.15625	1.0	NonTarget	1	140840
550.28125	1.0	NonTarget	1	140872
550.40625	1.0	NonTarget	1	140904
550.53125	1.0	NonTarget	1	140936
550.65625	1.0	NonTarget	1	140968
550.78125	1.0	NonTarget	1	141000
550.90625	1.0	NonTarget	1	141032
551.03125	1.0	NonTarget	1	141064
551.15625	1.0	NonTarget	1	141096
551.28125	1.0	NonTarget	1	141128
551.40625	1.0	NonTarget	1	141160
551.53125	1.0	NonTarget	1	141192
551.65625	1.0	NonTarget	1	141224
551.78125	1.0	NonTarget	1	141256
551.90625	1.0	NonTarget	1	141288
552.03125	1.0	NonTarget	1	141320
552.15625	1.0	NonTarget	1	141352
552.28125	1.0	NonTarget	1	141384
552.40625	1.0	NonTarget	1	141416
552.53125	1.0	NonTarget	1	141448
552.65625	1.0	NonTarget	1	141480
552.78125	1.0	NonTarget	1	141512
552.90625	1.0	NonTarget	1	141544
553.03125	1.0	NonTarget	1	141576
553.15625	1.0	NonTarget	1	141608
553.28125	1.0	NonTarget	1	141640
553.40625	1.0	NonTarget	1	141672
553.53125	1.0	NonTarget	1	141704
553.65625	1.0	NonTarget	1	141736
553.78125	1.0	NonTarget	1	141768
553.90625	1.0	NonTarget	1	141800
554.03125	1.0	NonTarget	1	141832
554.15625	1.0	NonTarget	1	141864
554.28125	1.0	NonTarget	1	141896
554.40625	1.0	NonTarget	1	141928
554.53125	1.0	NonTarget	1	141960
554.65625	1.0	NonTarget	1	141992
554.78125	1.0	NonTarget	1	142024
554.90625	1.0	NonTarget	1	142056
555.03125	1.0	NonTarget	1	142088
555.15625	1.0	NonTarget	1	142120
555.28125	1.0	NonTarget	1	142152
555.40625	1.0	NonTarget	1	142184
555.53125	1.0	NonTarget	1	142216
555.65625	1.0	NonTarget	1	142248
555.78125	1.0	NonTarget	1	142280
555.90625	1.0	NonTarget	1	142312
556.03125	1.0	NonTarget	1	142344
556.15625	1.0	NonTarget	1	142376
556.28125	1.0	NonTarget	1	142408
556.40625	1.0	NonTarget	1	142440
556.53125	1.0	NonTarget	1	142472
556.65625	1.0	NonTarget	1	142504
556.78125	1.0	NonTarget	1	142536
556.90625	1.0	NonTarget	1	142568
557.03125	1.0	NonTarget	1	142600
557.15625	1.0	NonTarget	1	142632
557.28125	1.0	NonTarget	1	142664
557.40625	1.0	NonTarget	1	142696
557.53125	1.0	NonTarget	1	142728
557.65625	1.0	NonTarget	1	142760
557.78125	1.0	NonTarget	1	142792
557.90625	1.0	NonTarget	1	142824
558.03125	1.0	NonTarget	1	142856
558.15625	1.0	NonTarget	1	142888
558.28125	1.0	NonTarget	1	142920
558.40625	1.0	NonTarget	1	142952
558.53125	1.0	NonTarget	1	142984
558.65625	1.0	NonTarget	1	143016
558.78125	1.0	NonTarget	1	143048
558.90625	1.0	NonTarget	1	143080
559.03125	1.0	NonTarget	1	143112
559.15625	1.0	NonTarget	1	143144
559.28125	1.0	NonTarget	1	143176
559.40625	1.0	NonTarget	1	143208
565.53125	1.0	NonTarget	1	144776
565.65625	1.0	NonTarget	1	144808
565.78125	1.0	NonTarget	1	144840
565.90625	1.0	NonTarget	1	144872
566.03125	1.0	NonTarget	1	144904
566.15625	1.0	NonTarget	1	144936
566.28125	1.0	NonTarget	1	144968
566.40625	1.0	NonTarget	1	145000
566.53125	1.0	NonTarget	1	145032
566.65625	1.0	NonTarget	1	145064
566.78125	1.0	NonTarget	1	145096
566.90625	1.0	NonTarget	1	145128
567.03125	1.0	NonTarget	1	145160
567.15625	1.0	NonTarget	1	145192
567.28125	1.0	NonTarget	1	145224
567.40625	1.0	NonTarget	1	145256
567.53125	1.0	NonTarget	1	145288
567.65625	1.0	NonTarget	1	145320
567.78125	1.0	NonTarget	1	145352
567.90625	1.0	NonTarget	1	145384
568.03125	1.0	NonTarget	1	145416
568.15625	1.0	NonTarget	1	145448
568.28125	1.0	NonTarget	1	145480
568.40625	1.0	NonTarget	1	145512
568.53125	1.0	NonTarget	1	145544
568.65625	1.0	NonTarget	1	145576
568.78125	1.0	NonTarget	1	145608
568.90625	1.0	NonTarget	1	145640
569.03125	1.0	NonTarget	1	145672
569.15625	1.0	NonTarget	1	145704
569.28125	1.0	NonTarget	1	145736
569.40625	1.0	NonTarget	1	145768
569.53125	1.0	NonTarget	1	145800
569.65625	1.0	NonTarget	1	145832
569.78125	1.0	NonTarget	1	145864
569.90625	1.0	NonTarget	1	145896
570.03125	1.0	NonTarget	1	145928
570.15625	1.0	NonTarget	1	145960
570.28125	1.0	NonTarget	1	145992
570.40625	1.0	NonTarget	1	146024
570.53125	1.0	NonTarget	1	146056
570.65625	1.0	NonTarget	1	146088
570.78125	1.0	NonTarget	1	146120
570.90625	1.0	NonTarget	1	146152
571.03125	1.0	NonTarget	1	146184
571.15625	1.0	NonTarget	1	146216
571.28125	1.0	NonTarget	1	146248
571.40625	1.0	NonTarget	1	146280
571.53125	1.0	NonTarget	1	146312
571.65625	1.0	NonTarget	1	146344
571.78125	1.0	NonTarget	1	146376
571.90625	1.0	NonTarget	1	146408
572.03125	1.0	NonTarget	1	146440
572.15625	1.0	NonTarget	1	146472
572.28125	1.0	NonTarget	1	146504
572.40625	1.0	NonTarget	1	146536
572.53125	1.0	NonTarget	1	146568
572.65625	1.0	NonTarget	1	146600
572.78125	1.0	NonTarget	1	146632
572.90625	1.0	NonTarget	1	146664
573.03125	1.0	NonTarget	1	146696
573.15625	1.0	NonTarget	1	146728
573.28125	1.0	NonTarget	1	146760
573.40625	1.0	NonTarget	1	146792
573.53125	1.0	NonTarget	1	146824
573.65625	1.0	NonTarget	1	146856
573.78125	1.0	NonTarget	1	146888
573.90625	1.0	NonTarget	1	146920
574.03125	1.0	NonTarget	1	146952
574.15625	1.0	NonTarget	1	146984
574.28125	1.0	NonTarget	1	147016
574.40625	1.0	NonTarget	1	147048
574.53125	1.0	NonTarget	1	147080
574.65625	1.0	NonTarget	1	147112
574.78125	1.0	NonTarget	1	147144
574.90625	1.0	NonTarget	1	147176
575.03125	1.0	NonTarget	1	147208
575.15625	1.0	NonTarget	1	147240
575.28125	1.0	NonTarget	1	147272
575.40625	1.0	NonTarget	1	147304
575.53125	1.0	NonTarget	1	147336
575.65625	1.0	NonTarget	1	147368
575.78125	1.0	NonTarget	1	147400
575.90625	1.0	NonTarget	1	147432
582.03125	1.0	NonTarget	1	149000
582.15625	1.0	NonTarget	1	149032
582.28125	1.0	NonTarget	1	149064
582.40625	1.0	NonTarget	1	149096
582.53125	1.0	NonTarget	1	149128
582.65625	1.0	NonTarget	1	149160
582.78125	1.0	NonTarget	1	149192
582.90625	1.0	NonTarget	1	149224
583.03125	1.0	NonTarget	1	149256
583.15625	1.0	NonTarget	1	149288
583.28125	1.0	NonTarget	1	149320
583.40625	1.0	NonTarget	1	149352
583.53125	1.0	NonTarget	1	149384
583.65625	1.0	NonTarget	1	149416
583.78125	1.0	NonTarget	1	149448
583.90625	1.0	NonTarget	1	149480
584.03125	1.0	NonTarget	1	149512
584.15625	1.0	NonTarget	1	149544
584.28125	1.0	NonTarget	1	149576
584.40625	1.0	NonTarget	1	149608
584.53125	1.0	NonTarget	1	149640
584.65625	1.0	NonTarget	1	149672
584.78125	1.0	NonTarget	1	149704
584.90625	1.0	NonTarget	1	149736
585.03125	1.0	NonTarget	1	149768
585.15625	1.0	NonTarget	1	149800
585.28125	1.0	NonTarget	1	149832
585.40625	1.0	NonTarget	1	149864
585.53125	1.0	NonTarget	1	149896
585.65625	1.0	NonTarget	1	149928
585.78125	1.0	NonTarget	1	149960
585.90625	1.0	NonTarget	1	149992
586.03125	1.0	NonTarget	1	150024
586.15625	1.0	NonTarget	1	150056
586.28125	1.0	NonTarget	1	150088
586.40625	1.0	NonTarget	1	150120
586.53125	1.0	NonTarget	1	150152
586.65625	1.0	NonTarget	1	150184
586.78125	1.0	NonTarget	1	150216
586.90625	1.0	NonTarget	1	150248
587.03125	1.0	NonTarget	1	150280
587.15625	1.0	NonTarget	1	150312
587.28125	1.0	NonTarget	1	150344
587.40625	1.0	NonTarget	1	150376
587.53125	1.0	NonTarget	1	150408
587.65625	1.0	NonTarget	1	150440
587.78125	1.0	NonTarget	1	150472
587.90625	1.0	NonTarget	1	150504
588.03125	1.0	NonTarget	1	150536
588.15625	1.0	NonTarget	1	150568
588.28125	1.0	NonTarget	1	150600
588.40625	1.0	NonTarget	1	150632
588.53125	1.0	NonTarget	1	150664
588.65625	1.0	NonTarget	1	150696
588.78125	1.0	NonTarget	1	150728
588.90625	1.0	NonTarget	1	150760
589.03125	1.0	NonTarget	1	150792
589.15625	1.0	NonTarget	1	150824
589.28125	1.0	NonTarget	1	150856
589.40625	1.0	NonTarget	1	150888
589.53125	1.0	NonTarget	1	150920
589.65625	1.0	NonTarget	1	150952
589.78125	1.0	NonTarget	1	150984
589.90625	1.0	NonTarget	1	151016
590.03125	1.0	NonTarget	1	151048
590.15625	1.0	NonTarget	1	151080
590.28125	1.0	NonTarget	1	151112
590.40625	1.0	NonTarget	1	151144
590.53125	1.0	NonTarget	1	151176
590.65625	1.0	NonTarget	1	151208
590.78125	1.0	NonTarget	1	151240
590.90625	1.0	NonTarget	1	151272
591.03125	1.0	NonTarget	1	151304
591.15625	1.0	NonTarget	1	151336
591.28125	1.0	NonTarget	1	151368
591.40625	1.0	NonTarget	1	151400
591.53125	1.0	NonTarget	1	151432
591.65625	1.0	NonTarget	1	151464
591.78125	1.0	NonTarget	1	151496
591.90625	1.0	NonTarget	1	151528
592.03125	1.0	NonTarget	1	151560
592.15625	1.0	NonTarget	1	151592
592.28125	1.0	NonTarget	1	151624
592.40625	1.0	NonTarget	1	151656
598.53125	1.0	NonTarget	1	153224
598.65625	1.0	NonTarget	1	153256
598.78125	1.0	NonTarget	1	153288
598.90625	1.0	NonTarget	1	153320
599.03125	1.0	NonTarget	1	153352
599.15625	1.0	NonTarget	1	153384
599.28125	1.0	NonTarget	1	153416
599.40625	1.0	NonTarget	1	153448
599.53125	1.0	NonTarget	1	153480
599.65625	1.0	NonTarget	1	153512
599.78125	1.0	NonTarget	1	153544
599.90625	1.0	NonTarget	1	153576
600.03125	1.0	NonTarget	1	153608
600.15625	1.0	NonTarget	1	153640
600.28125	1.0	NonTarget	1	153672
600.40625	1.0	NonTarget	1	153704
600.53125	1.0	NonTarget	1	153736
600.65625	1.0	NonTarget	1	153768
600.78125	1.0	NonTarget	1	153800
600.90625	1.0	NonTarget	1	153832
601.03125	1.0	NonTarget	1	153864
601.15625	1.0	NonTarget	1	153896
601.28125	1.0	NonTarget	1	153928
601.40625	1.0	NonTarget	1	153960
601.53125	1.0	NonTarget	1	153992
601.65625	1.0	NonTarget	1	154024
601.78125	1.0	NonTarget	1	154056
601.90625	1.0	NonTarget	1	154088
602.03125	1.0	NonTarget	1	154120
602.15625	1.0	NonTarget	1	154152
602.28125	1.0	NonTarget	1	154184
602.40625	1.0	NonTarget	1	154216
602.53125	1.0	NonTarget	1	154248
602.65625	1.0	NonTarget	1	154280
602.78125	1.0	NonTarget	1	154312
602.90625	1.0	NonTarget	1	154344
603.03125	1.0	NonTarget	1	154376
603.15625	1.0	NonTarget	1	154408
603.28125	1.0	NonTarget	1	154440
603.40625	1.0	NonTarget	1	154472
603.53125	1.0	NonTarget	1	154504
603.65625	1.0	NonTarget	1	154536
603.78125	1.0	NonTarget	1	154568
603.90625	1.0	NonTarget	1	154600
604.03125	1.0	NonTarget	1	154632
604.15625	1.0	NonTarget	1	154664
604.28125	1.0	NonTarget	1	154696
604.40625	1.0	NonTarget	1	154728
604.53125	1.0	NonTarget	1	154760
604.65625	1.0	NonTarget	1	154792
604.78125	1.0	NonTarget	1	154824
604.90625	1.0	NonTarget	1	154856
605.03125	1.0	NonTarget	1	154888
605.15625	1.0	NonTarget	1	154920
605.28125	1.0	NonTarget	1	154952
605.40625	1.0	NonTarget	1	154984
605.53125	1.0	NonTarget	1	155016
605.65625	1.0	NonTarget	1	155048
605.78125	1.0	NonTarget	1	155080
605.90625	1.0	NonTarget	1	155112
606.03125	1.0	NonTarget	1	155144
606.15625	1.0	NonTarget	1	155176
606.28125	1.0	NonTarget	1	155208
606.40625	1.0	NonTarget	1	155240
606.53125	1.0	NonTarget	1	155272
606.65625	1.0	NonTarget	1	155304
606.78125	1.0	NonTarget	1	155336
606.90625	1.0	NonTarget	1	155368
607.03125	1.0	NonTarget	1	155400
607.15625	1.0	NonTarget	1	155432
607.28125	1.0	NonTarget	1	155464
607.40625	1.0	NonTarget	1	155496
607.53125	1.0	NonTarget	1	155528
607.65625	1.0	NonTarget	1	155560
607.78125	1.0	NonTarget	1	155592
607.90625	1.0	NonTarget	1	155624
608.03125	1.0	NonTarget	1	155656
608.15625	1.0	NonTarget	1	155688
608.28125	1.0	NonTarget	1	155720
608.40625	1.0	NonTarget	1	155752
608.53125	1.0	NonTarget	1	155784
608.65625	1.0	NonTarget	1	155816
608.78125	1.0	NonTarget	1	155848
608.90625	1.0	NonTarget	1	155880
615.03125	1.0	NonTarget	1	157448
615.15625	1.0	NonTarget	1	157480
615.28125	1.0	NonTarget	1	157512
615.40625	1.0	NonTarget	1	157544
615.53125	1.0	NonTarget	1	157576
615.65625	1.0	NonTarget	1	157608
615.78125	1.0	NonTarget	1	157640
615.90625	1.0	NonTarget	1	157672
616.03125	1.0	NonTarget	1	157704
616.15625	1.0	NonTarget	1	157736
616.28125	1.0	NonTarget	1	157768
616.40625	1.0	NonTarget	1	157800
616.53125	1.0	NonTarget	1	157832
616.65625	1.0	NonTarget	1	157864
616.78125	1.0	NonTarget	1	157896
616.90625	1.0	NonTarget	1	157928
617.03125	1.0	NonTarget	1	157960
617.15625	1.0	NonTarget	1	157992
617.28125	1.0	NonTarget	1	158024
617.40625	1.0	NonTarget	1	158056
617.53125	1.0	NonTarget	1	158088
617.65625	1.0	NonTarget	1	158120
617.78125	1.0	NonTarget	1	158152
617.90625	1.0	NonTarget	1	158184
618.03125	1.0	NonTarget	1	158216
618.15625	1.0	NonTarget	1	158248
618.28125	1.0	NonTarget	1	158280
618.40625	1.0	NonTarget	1	158312
618.53125	1.0	NonTarget	1	158344
618.65625	1.0	NonTarget	1	158376
618.78125	1.0	NonTarget	1	158408
618.90625	1.0	NonTarget	1	158440
619.03125	1.0	NonTarget	1	158472
619.15625	1.0	NonTarget	1	158504
619.28125	1.0	NonTarget	1	158536
619.40625	1.0	NonTarget	1	158568
619.53125	1.0	NonTarget	1	158600
619.65625	1.0	NonTarget	1	158632
619.78125	1.0	NonTarget	1	158664
619.90625	1.0	NonTarget	1	158696
620.03125	1.0	NonTarget	1	158728
620.15625	1.0	NonTarget	1	158760
620.28125	1.0	NonTarget	1	158792
620.40625	1.0	NonTarget	1	158824
620.53125	1.0	NonTarget	1	158856
620.65625	1.0	NonTarget	1	158888
620.78125	1.0	NonTarget	1	158920
620.90625	1.0	NonTarget	1	158952
621.03125	1.0	NonTarget	1	158984
621.15625	1.0	NonTarget	1	159016
621.28125	1.0	NonTarget	1	159048
621.40625	1.0	NonTarget	1	159080
621.53125	1.0	NonTarget	1	159112
621.65625	1.0	NonTarget	1	159144
621.78125	1.0	NonTarget	1	159176
621.90625	1.0	NonTarget	1	159208
622.03125	1.0	NonTarget	1	159240
622.15625	1.0	NonTarget	1	159272
622.28125	1.0	NonTarget	1	159304
622.40625	1.0	NonTarget	1	159336
622.53125	1.0	NonTarget	1	159368
622.65625	1.0	NonTarget	1	159400
622.78125	1.0	NonTarget	1	159432
622.90625	1.0	NonTarget	1	159464
623.03125	1.0	NonTarget	1	159496
623.15625	1.0	NonTarget	1	159528
623.28125	1.0	NonTarget	1	159560
623.40625	1.0	NonTarget	1	159592
623.53125	1.0	NonTarget	1	159624
623.65625	1.0	NonTarget	1	159656
623.78125	1.0	NonTarget	1	159688
623.90625	1.0	NonTarget	1	159720
624.03125	1.0	NonTarget	1	159752
624.15625	1.0	NonTarget	1	159784
624.28125	1.0	NonTarget	1	159816
624.40625	1.0	NonTarget	1	159848
624.53125	1.0	NonTarget	1	159880
624.65625	1.0	NonTarget	1	159912
624.78125	1.0	NonTarget	1	159944
624.90625	1.0	NonTarget	1	159976
625.03125	1.0	NonTarget	1	160008
625.15625	1.0	NonTarget	1	160040
625.28125	1.0	NonTarget	1	160072
625.40625	1.0	NonTarget	1	160104
631.53125	1.0	NonTarget	1	161672
631.65625	1.0	NonTarget	1	161704
631.78125	1.0	NonTarget	1	161736
631.90625	1.0	NonTarget	1	161768
632.03125	1.0	NonTarget	1	161800
632.15625	1.0	NonTarget	1	161832
632.28125	1.0	NonTarget	1	161864
632.40625	1.0	NonTarget	1	161896
632.53125	1.0	NonTarget	1	161928
632.65625	1.0	NonTarget	1	161960
632.78125	1.0	NonTarget	1	161992
632.90625	1.0	NonTarget	1	162024
633.03125	1.0	NonTarget	1	162056
633.15625	1.0	NonTarget	1	162088
633.28125	1.0	NonTarget	1	162120
633.40625	1.0	NonTarget	1	162152
633.53125	1.0	NonTarget	1	162184
633.65625	1.0	NonTarget	1	162216
633.78125	1.0	NonTarget	1	162248
633.90625	1.0	NonTarget	1	162280
634.03125	1.0	NonTarget	1	162312
634.15625	1.0	NonTarget	1	162344
634.28125	1.0	NonTarget	1	162376
634.40625	1.0	NonTarget	1	162408
634.53125	1.0	NonTarget	1	162440
634.65625	1.0	NonTarget	1	162472
634.78125	1.0	NonTarget	1	162504
634.90625	1.0	NonTarget	1	162536
635.03125	1.0	NonTarget	1	162568
635.15625	1.0	NonTarget	1	162600
635.28125	1.0	NonTarget	1	162632
635.40625	1.0	NonTarget	1	162664
635.53125	1.0	NonTarget	1	162696
635.65625	1.0	NonTarget	1	162728
635.78125	1.0	NonTarget	1	162760
635.90625	1.0	NonTarget	1	162792
636.03125	1.0	NonTarget	1	162824
636.15625	1.0	NonTarget	1	162856
636.28125	1.0	NonTarget	1	162888
636.40625	1.0	NonTarget	1	162920
636.53125	1.0	NonTarget	1	162952
636.65625	1.0	NonTarget	1	162984
636.78125	1.0	NonTarget	1	163016
636.90625	1.0	NonTarget	1	163048
637.03125	1.0	NonTarget	1	163080
637.15625	1.0	NonTarget	1	163112
637.28125	1.0	NonTarget	1	163144
637.40625	1.0	NonTarget	1	163176
637.53125	1.0	NonTarget	1	163208
637.65625	1.0	NonTarget	1	163240
637.78125	1.0	NonTarget	1	163272
637.90625	1.0	NonTarget	1	163304
638.03125	1.0	NonTarget	1	163336
638.15625	1.0	NonTarget	1	163368
638.28125	1.0	NonTarget	1	163400
638.40625	1.0	NonTarget	1	163432
638.53125	1.0	NonTarget	1	163464
638.65625	1.0	NonTarget	1	163496
638.78125	1.0	NonTarget	1	163528
638.90625	1.0	NonTarget	1	163560
639.03125	1.0	NonTarget	1	163592
639.15625	1.0	NonTarget	1	163624
639.28125	1.0	NonTarget	1	163656
639.40625	1.0	NonTarget	1	163688
639.53125	1.0	NonTarget	1	163720
639.65625	1.0	NonTarget	1	163752
639.78125	1.0	NonTarget	1	163784
639.90625	1.0	NonTarget	1	163816
640.03125	1.0	NonTarget	1	163848
640.15625	1.0	NonTarget	1	163880
640.28125	1.0	NonTarget	1	163912
640.40625	1.0	NonTarget	1	163944
640.53125	1.0	NonTarget	1	163976
640.65625	1.0	NonTarget	1	164008
640.78125	1.0	NonTarget	1	164040
640.90625	1.0	NonTarget	1	164072
641.03125	1.0	NonTarget	1	164104
641.15625	1.0	NonTarget	1	164136
641.28125	1.0	NonTarget	1	164168
641.40625	1.0	NonTarget	1	164200
641.53125	1.0	NonTarget	1	164232
641.65625	1.0	NonTarget	1	164264
641.78125	1.0	NonTarget	1	164296
641.90625	1.0	NonTarget	1	164328
648.03125	1.0	NonTarget	1	165896
648.15625	1.0	NonTarget	1	165928
648.28125	1.0	NonTarget	1	165960
648.40625	1.0	NonTarget	1	165992
648.53125	1.0	NonTarget	1	166024
648.65625	1.0	NonTarget	1	166056
648.78125	1.0	NonTarget	1	166088
648.90625	1.0	NonTarget	1	166120
649.03125	1.0	NonTarget	1	166152
649.15625	1.0	NonTarget	1	166184
649.28125	1.0	NonTarget	1	166216
649.40625	1.0	NonTarget	1	166248
649.53125	1.0	NonTarget	1	166280
649.65625	1.0	NonTarget	1	166312
649.78125	1.0	NonTarget	1	166344
649.90625	1.0	NonTarget	1	166376
650.03125	1.0	NonTarget	1	166408
650.15625	1.0	NonTarget	1	166440
650.28125	1.0	NonTarget	1	166472
650.40625	1.0	NonTarget	1	166504
650.53125	1.0	NonTarget	1	166536
650.65625	1.0	NonTarget	1	166568
650.78125	1.0	NonTarget	1	166600
650.90625	1.0	NonTarget	1	166632
651.03125	1.0	NonTarget	1	166664
651.15625	1.0	NonTarget	1	166696
651.28125	1.0	NonTarget	1	166728
651.40625	1.0	NonTarget	1	166760
651.53125	1.0	NonTarget	1	166792
651.65625	1.0	NonTarget	1	166824
651.78125	1.0	NonTarget	1	166856
651.90625	1.0	NonTarget	1	166888
652.03125	1.0	NonTarget	1	166920
652.15625	1.0	NonTarget	1	166952
652.28125	1.0	NonTarget	1	166984
652.40625	1.0	NonTarget	1	167016
652.53125	1.0	NonTarget	1	167048
652.65625	1.0	NonTarget	1	167080
652.78125	1.0	NonTarget	1	167112
652.90625	1.0	NonTarget	1	167144
653.03125	1.0	NonTarget	1	167176
653.15625	1.0	NonTarget	1	167208
653.28125	1.0	NonTarget	1	167240
653.40625	1.0	NonTarget	1	167272
653.53125	1.0	NonTarget	1	167304
653.65625	1.0	NonTarget	1	167336
653.78125	1.0	NonTarget	1	167368
653.90625	1.0	NonTarget	1	167400
654.03125	1.0	NonTarget	1	167432
654.15625	1.0	NonTarget	1	167464
654.28125	1.0	NonTarget	1	167496
654.40625	1.0	NonTarget	1	167528
654.53125	1.0	NonTarget	1	167560
654.65625	1.0	NonTarget	1	167592
654.78125	1.0	NonTarget	1	167624
654.90625	1.0	NonTarget	1	167656
655.03125	1.0	NonTarget	1	167688
655.15625	1.0	NonTarget	1	167720
655.28125	1.0	NonTarget	1	167752
655.40625	1.0	NonTarget	1	167784
655.53125	1.0	NonTarget	1	167816
655.65625	1.0	NonTarget	1	167848
655.78125	1.0	NonTarget	1	167880
655.90625	1.0	NonTarget	1	167912
656.03125	1.0	NonTarget	1	167944
656.15625	1.0	NonTarget	1	167976
656.28125	1.0	NonTarget	1	168008
656.40625	1.0	NonTarget	1	168040
656.53125	1.0	NonTarget	1	168072
656.65625	1.0	NonTarget	1	168104
656.78125	1.0	NonTarget	1	168136
656.90625	1.0	NonTarget	1	168168
657.03125	1.0	NonTarget	1	168200
657.15625	1.0	NonTarget	1	168232
657.28125	1.0	NonTarget	1	168264
657.40625	1.0	NonTarget	1	168296
657.53125	1.0	NonTarget	1	168328
657.65625	1.0	NonTarget	1	168360
657.78125	1.0	NonTarget	1	168392
657.90625	1.0	NonTarget	1	168424
658.03125	1.0	NonTarget	1	168456
658.15625	1.0	NonTarget	1	168488
658.28125	1.0	NonTarget	1	168520
658.40625	1.0	NonTarget	1	168552
664.53125	1.0	NonTarget	1	170120
664.65625	1.0	NonTarget	1	170152
664.78125	1.0	NonTarget	1	170184
664.90625	1.0	NonTarget	1	170216
665.03125	1.0	NonTarget	1	170248
665.15625	1.0	NonTarget	1	170280
665.28125	1.0	NonTarget	1	170312
665.40625	1.0	NonTarget	1	170344
665.53125	1.0	NonTarget	1	170376
665.65625	1.0	NonTarget	1	170408
665.78125	1.0	NonTarget	1	170440
665.90625	1.0	NonTarget	1	170472
666.03125	1.0	NonTarget	1	170504
666.15625	1.0	NonTarget	1	170536
666.28125	1.0	NonTarget	1	170568
666.40625	1.0	NonTarget	1	170600
666.53125	1.0	NonTarget	1	170632
666.65625	1.0	NonTarget	1	170664
666.78125	1.0	NonTarget	1	170696
666.90625	1.0	NonTarget	1	170728
667.03125	1.0	NonTarget	1	170760
667.15625	1.0	NonTarget	1	170792
667.28125	1.0	NonTarget	1	170824
667.40625	1.0	NonTarget	1	170856
667.53125	1.0	NonTarget	1	170888
667.65625	1.0	NonTarget	1	170920
667.78125	1.0	NonTarget	1	170952
667.90625	1.0	NonTarget	1	170984
668.03125	1.0	NonTarget	1	171016
668.15625	1.0	NonTarget	1	171048
668.28125	1.0	NonTarget	1	171080
668.40625	1.0	NonTarget	1	171112
668.53125	1.0	NonTarget	1	171144
668.65625	1.0	NonTarget	1	171176
668.78125	1.0	NonTarget	1	171208
668.90625	1.0	NonTarget	1	171240
669.03125	1.0	NonTarget	1	171272
669.15625	1.0	NonTarget	1	171304
669.28125	1.0	NonTarget	1	171336
669.40625	1.0	NonTarget	1	171368
669.53125	1.0	NonTarget	1	171400
669.65625	1.0	NonTarget	1	171432
669.78125	1.0	NonTarget	1	171464
669.90625	1.0	NonTarget	1	171496
670.03125	1.0	NonTarget	1	171528
670.15625	1.0	NonTarget	1	171560
670.28125	1.0	NonTarget	1	171592
670.40625	1.0	NonTarget	1	171624
670.53125	1.0	NonTarget	1	171656
670.65625	1.0	NonTarget	1	171688
670.78125	1.0	NonTarget	1	171720
670.90625	1.0	NonTarget	1	171752
671.03125	1.0	NonTarget	1	171784
671.15625	1.0	NonTarget	1	171816
671.28125	1.0	NonTarget	1	171848
671.40625	1.0	NonTarget	1	171880
671.53125	1.0	NonTarget	1	171912
671.65625	1.0	NonTarget	1	171944
671.78125	1.0	NonTarget	1	171976
671.90625	1.0	NonTarget	1	172008
672.03125	1.0	NonTarget	1	172040
672.15625	1.0	NonTarget	1	172072
672.28125	1.0	NonTarget	1	172104
672.40625	1.0	NonTarget	1	172136
672.53125	1.0	NonTarget	1	172168
672.65625	1.0	NonTarget	1	172200
672.78125	1.0	NonTarget	1	172232
672.90625	1.0	NonTarget	1	172264
673.03125	1.0	NonTarget	1	172296
673.15625	1.0	NonTarget	1	172328
673.28125	1.0	NonTarget	1	172360
673.40625	1.0	NonTarget	1	172392
673.53125	1.0	NonTarget	1	172424
673.65625	1.0	NonTarget	1	172456
673.78125	1.0	NonTarget	1	172488
673.90625	1.0	NonTarget	1	172520
674.03125	1.0	NonTarget	1	172552
674.15625	1.0	NonTarget	1	172584
674.28125	1.0	NonTarget	1	172616
674.40625	1.0	NonTarget	1	172648
674.53125	1.0	NonTarget	1	172680
674.65625	1.0	NonTarget	1	172712
674.78125	1.0	NonTarget	1	172744
674.90625	1.0	NonTarget	1	172776
681.03125	1.0	NonTarget	1	174344
681.15625	1.0	NonTarget	1	174376
681.28125	1.0	NonTarget	1	174408
681.40625	1.0	NonTarget	1	174440
681.53125	1.0	NonTarget	1	174472
681.65625	1.0	NonTarget	1	174504
681.78125	1.0	NonTarget	1	174536
681.90625	1.0	NonTarget	1	174568
682.03125	1.0	NonTarget	1	174600
682.15625	1.0	NonTarget	1	174632
682.28125	1.0	NonTarget	1	174664
682.40625	1.0	NonTarget	1	174696
682.53125	1.0	NonTarget	1	174728
682.65625	1.0	NonTarget	1	174760
682.78125	1.0	NonTarget	1	174792
682.90625	1.0	NonTarget	1	174824
683.03125	1.0	NonTarget	1	174856
683.15625	1.0	NonTarget	1	174888
683.28125	1.0	NonTarget	1	174920
683.40625	1.0	NonTarget	1	174952
683.53125	1.0	NonTarget	1	174984
683.65625	1.0	NonTarget	1	175016
683.78125	1.0	NonTarget	1	175048
683.90625	1.0	NonTarget	1	175080
684.03125	1.0	NonTarget	1	175112
684.15625	1.0	NonTarget	1	175144
684.28125	1.0	NonTarget	1	175176
684.40625	1.0	NonTarget	1	175208
684.53125	1.0	NonTarget	1	175240
684.65625	1.0	NonTarget	1	175272
684.78125	1.0	NonTarget	1	175304
684.90625	1.0	NonTarget	1	175336
685.03125	1.0	NonTarget	1	175368
685.15625	1.0	NonTarget	1	175400
685.28125	1.0	NonTarget	1	175432
685.40625	1.0	NonTarget	1	175464
685.53125	1.0	NonTarget	1	175496
685.65625	1.0	NonTarget	1	175528
685.78125	1.0	NonTarget	1	175560
685.90625	1.0	NonTarget	1	175592
686.03125	1.0	NonTarget	1	175624
686.15625	1.0	NonTarget	1	175656
686.28125	1.0	NonTarget	1	175688
686.40625	1.0	NonTarget	1	175720
686.53125	1.0	NonTarget	1	175752
686.65625	1.0	NonTarget	1	175784
686.78125	1.0	NonTarget	1	175816
686.90625	1.0	NonTarget	1	175848
687.03125	1.0	NonTarget	1	175880
687.15625	1.0	NonTarget	1	175912
687.28125	1.0	NonTarget	1	175944
687.40625	1.0	NonTarget	1	175976
687.53125	1.0	NonTarget	1	176008
687.65625	1.0	NonTarget	1	176040
687.78125	1.0	NonTarget	1	176072
687.90625	1.0	NonTarget	1	176104
688.03125	1.0	NonTarget	1	176136
688.15625	1.0	NonTarget	1	176168
688.28125	1.0	NonTarget	1	176200
688.40625	1.0	NonTarget	1	176232
688.53125	1.0	NonTarget	1	176264
688.65625	1.0	NonTarget	1	176296
688.78125	1.0	NonTarget	1	176328
688.90625	1.0	NonTarget	1	176360
689.03125	1.0	NonTarget	1	176392
689.15625	1.0	NonTarget	1	176424
689.28125	1.0	NonTarget	1	176456
689.40625	1.0	NonTarget	1	176488
689.53125	1.0	NonTarget	1	176520
689.65625	1.0	NonTarget	1	176552
689.78125	1.0	NonTarget	1	176584
689.90625	1.0	NonTarget	1	176616
690.03125	1.0	NonTarget	1	176648
690.15625	1.0	NonTarget	1	176680
690.28125	1.0	NonTarget	1	176712
690.40625	1.0	NonTarget	1	176744
690.53125	1.0	NonTarget	1	176776
690.65625	1.0	NonTarget	1	176808
690.78125	1.0	NonTarget	1	176840
690.90625	1.0	NonTarget	1	176872
691.03125	1.0	NonTarget	1	176904
691.15625	1.0	NonTarget	1	176936
691.28125	1.0	NonTarget	1	176968
691.40625	1.0	NonTarget	1	177000
697.53125	1.0	NonTarget	1	178568
697.65625	1.0	NonTarget	1	178600
697.78125	1.0	NonTarget	1	178632
697.90625	1.0	NonTarget	1	178664
698.03125	1.0	NonTarget	1	178696
698.15625	1.0	NonTarget	1	178728
698.28125	1.0	NonTarget	1	178760
698.40625	1.0	NonTarget	1	178792
698.53125	1.0	NonTarget	1	178824
698.65625	1.0	NonTarget	1	178856
698.78125	1.0	NonTarget	1	178888
698.90625	1.0	NonTarget	1	178920
699.03125	1.0	NonTarget	1	178952
699.15625	1.0	NonTarget	1	178984
699.28125	1.0	NonTarget	1	179016
699.40625	1.0	NonTarget	1	179048
699.53125	1.0	NonTarget	1	179080
699.65625	1.0	NonTarget	1	179112
699.78125	1.0	NonTarget	1	179144
699.90625	1.0	NonTarget	1	179176
700.03125	1.0	NonTarget	1	179208
700.15625	1.0	NonTarget	1	179240
700.28125	1.0	NonTarget	1	179272
700.40625	1.0	NonTarget	1	179304
700.53125	1.0	NonTarget	1	179336
700.65625	1.0	NonTarget	1	179368
700.78125	1.0	NonTarget	1	179400
700.90625	1.0	NonTarget	1	179432
701.03125	1.0	NonTarget	1	179464
701.15625	1.0	NonTarget	1	179496
701.28125	1.0	NonTarget	1	179528
701.40625	1.0	NonTarget	1	179560
701.53125	1.0	NonTarget	1	179592
701.65625	1.0	NonTarget	1	179624
701.78125	1.0	NonTarget	1	179656
701.90625	1.0	NonTarget	1	179688
702.03125	1.0	NonTarget	1	179720
702.15625	1.0	NonTarget	1	179752
702.28125	1.0	NonTarget	1	179784
702.40625	1.0	NonTarget	1	179816
702.53125	1.0	NonTarget	1	179848
702.65625	1.0	NonTarget	1	179880
702.78125	1.0	NonTarget	1	179912
702.90625	1.0	NonTarget	1	179944
703.03125	1.0	NonTarget	1	179976
703.15625	1.0	NonTarget	1	180008
703.28125	1.0	NonTarget	1	180040
703.40625	1.0	NonTarget	1	180072
703.53125	1.0	NonTarget	1	180104
703.65625	1.0	NonTarget	1	180136
703.78125	1.0	NonTarget	1	180168
703.90625	1.0	NonTarget	1	180200
704.03125	1.0	NonTarget	1	180232
704.15625	1.0	NonTarget	1	180264
704.28125	1.0	NonTarget	1	180296
704.40625	1.0	NonTarget	1	180328
704.53125	1.0	NonTarget	1	180360
704.65625	1.0	NonTarget	1	180392
704.78125	1.0	NonTarget	1	180424
704.90625	1.0	NonTarget	1	180456
705.03125	1.0	NonTarget	1	180488
705.15625	1.0	NonTarget	1	180520
705.28125	1.0	NonTarget	1	180552
705.40625	1.0	NonTarget	1	180584
705.53125	1.0	NonTarget	1	180616
705.65625	1.0	NonTarget	1	180648
705.78125	1.0	NonTarget	1	180680
705.90625	1.0	NonTarget	1	180712
706.03125	1.0	NonTarget	1	180744
706.15625	1.0	NonTarget	1	180776
706.28125	1.0	NonTarget	1	180808
706.40625	1.0	NonTarget	1	180840
706.53125	1.0	NonTarget	1	180872
706.65625	1.0	NonTarget	1	180904
706.78125	1.0	NonTarget	1	180936
706.90625	1.0	NonTarget	1	180968
707.03125	1.0	NonTarget	1	181000
707.15625	1.0	NonTarget	1	181032
707.28125	1.0	NonTarget	1	181064
707.40625	1.0	NonTarget	1	181096
707.53125	1.0	NonTarget	1	181128
707.65625	1.0	NonTarget	1	181160
707.78125	1.0	NonTarget	1	181192
707.90625	1.0	NonTarget	1	181224
714.03125	1.0	NonTarget	1	182792
714.15625	1.0	NonTarget	1	182824
714.28125	1.0	NonTarget	1	182856
714.40625	1.0	NonTarget	1	182888
714.53125	1.0	NonTarget	1	182920
714.65625	1.0	NonTarget	1	182952
714.78125	1.0	NonTarget	1	182984
714.90625	1.0	NonTarget	1	183016
715.03125	1.0	NonTarget	1	183048
715.15625	1.0	NonTarget	1	183080
715.28125	1.0	NonTarget	1	183112
715.40625	1.0	NonTarget	1	183144
715.53125	1.0	NonTarget	1	183176
715.65625	1.0	NonTarget	1	183208
715.78125	1.0	NonTarget	1	183240
715.90625	1.0	NonTarget	1	183272
716.03125	1.0	NonTarget	1	183304
716.15625	1.0	NonTarget	1	183336
716.28125	1.0	NonTarget	1	183368
716.40625	1.0	NonTarget	1	183400
716.53125	1.0	NonTarget	1	183432
716.65625	1.0	NonTarget	1	183464
716.78125	1.0	NonTarget	1	183496
716.90625	1.0	NonTarget	1	183528
717.03125	1.0	NonTarget	1	183560
717.15625	1.0	NonTarget	1	183592
717.28125	1.0	NonTarget	1	183624
717.40625	1.0	NonTarget	1	183656
717.53125	1.0	NonTarget	1	183688
717.65625	1.0	NonTarget	1	183720
717.78125	1.0	NonTarget	1	183752
717.90625	1.0	NonTarget	1	183784
718.03125	1.0	NonTarget	1	183816
718.15625	1.0	NonTarget	1	183848
718.28125	1.0	NonTarget	1	183880
718.40625	1.0	NonTarget	1	183912
718.53125	1.0	NonTarget	1	183944
718.65625	1.0	NonTarget	1	183976
718.78125	1.0	NonTarget	1	184008
718.90625	1.0	NonTarget	1	184040
719.03125	1.0	NonTarget	1	184072
719.15625	1.0	NonTarget	1	184104
719.28125	1.0	NonTarget	1	184136
719.40625	1.0	NonTarget	1	184168
719.53125	1.0	NonTarget	1	184200
719.65625	1.0	NonTarget	1	184232
719.78125	1.0	NonTarget	1	184264
719.90625	1.0	NonTarget	1	184296
720.03125	1.0	NonTarget	1	184328
720.15625	1.0	NonTarget	1	184360
720.28125	1.0	NonTarget	1	184392
720.40625	1.0	NonTarget	1	184424
720.53125	1.0	NonTarget	1	184456
720.65625	1.0	NonTarget	1	184488
720.78125	1.0	NonTarget	1	184520
720.90625	1.0	NonTarget	1	184552
721.03125	1.0	NonTarget	1	184584
721.15625	1.0	NonTarget	1	184616
721.28125	1.0	NonTarget	1	184648
721.40625	1.0	NonTarget	1	184680
721.53125	1.0	NonTarget	1	184712
721.65625	1.0	NonTarget	1	184744
721.78125	1.0	NonTarget	1	184776
721.90625	1.0	NonTarget	1	184808
722.03125	1.0	NonTarget	1	184840
722.15625	1.0	NonTarget	1	184872
722.28125	1.0	NonTarget	1	184904
722.40625	1.0	NonTarget	1	184936
722.53125	1.0	NonTarget	1	184968
722.65625	1.0	NonTarget	1	185000
722.78125	1.0	NonTarget	1	185032
722.90625	1.0	NonTarget	1	185064
723.03125	1.0	NonTarget	1	185096
723.15625	1.0	NonTarget	1	185128
723.28125	1.0	NonTarget	1	185160
723.40625	1.0	NonTarget	1	185192
723.53125	1.0	NonTarget	1	185224
723.65625	1.0	NonTarget	1	185256
723.78125	1.0	NonTarget	1	185288
723.90625	1.0	NonTarget	1	185320
724.03125	1.0	NonTarget	1	185352
724.15625	1.0	NonTarget	1	185384
724.28125	1.0	NonTarget	1	185416
724.40625	1.0	NonTarget	1	185448
730.53125	1.0	NonTarget	1	187016
730.65625	1.0	NonTarget	1	187048
730.78125	1.0	NonTarget	1	187080
730.90625	1.0	NonTarget	1	187112
731.03125	1.0	NonTarget	1	187144
731.15625	1.0	NonTarget	1	187176
731.28125	1.0	NonTarget	1	187208
731.40625	1.0	NonTarget	1	187240
731.53125	1.0	NonTarget	1	187272
731.65625	1.0	NonTarget	1	187304
731.78125	1.0	NonTarget	1	187336
731.90625	1.0	NonTarget	1	187368
732.03125	1.0	NonTarget	1	187400
732.15625	1.0	NonTarget	1	187432
732.28125	1.0	NonTarget	1	187464
732.40625	1.0	NonTarget	1	187496
732.53125	1.0	NonTarget	1	187528
732.65625	1.0	NonTarget	1	187560
732.78125	1.0	NonTarget	1	187592
732.90625	1.0	NonTarget	1	187624
733.03125	1.0	NonTarget	1	187656
733.15625	1.0	NonTarget	1	187688
733.28125	1.0	NonTarget	1	187720
733.40625	1.0	NonTarget	1	187752
733.53125	1.0	NonTarget	1	187784
733.65625	1.0	NonTarget	1	187816
733.78125	1.0	NonTarget	1	187848
733.90625	1.0	NonTarget	1	187880
734.03125	1.0	NonTarget	1	187912
734.15625	1.0	NonTarget	1	187944
734.28125	1.0	NonTarget	1	187976
734.40625	1.0	NonTarget	1	188008
734.53125	1.0	NonTarget	1	188040
734.65625	1.0	NonTarget	1	188072
734.78125	1.0	NonTarget	1	188104
734.90625	1.0	NonTarget	1	188136
735.03125	1.0	NonTarget	1	188168
735.15625	1.0	NonTarget	1	188200
735.28125	1.0	NonTarget	1	188232
735.40625	1.0	NonTarget	1	188264
735.53125	1.0	NonTarget	1	188296
735.65625	1.0	NonTarget	1	188328
735.78125	1.0	NonTarget	1	188360
735.90625	1.0	NonTarget	1	188392
736.03125	1.0	NonTarget	1	188424
736.15625	1.0	NonTarget	1	188456
736.28125	1.0	NonTarget	1	188488
736.40625	1.0	NonTarget	1	188520
736.53125	1.0	NonTarget	1	188552
736.65625	1.0	NonTarget	1	188584
736.78125	1.0	NonTarget	1	188616
736.90625	1.0	NonTarget	1	188648
737.03125	1.0	NonTarget	1	188680
737.15625	1.0	NonTarget	1	188712
737.28125	1.0	NonTarget	1	188744
737.40625	1.0	NonTarget	1	188776
737.53125	1.0	NonTarget	1	188808
737.65625	1.0	NonTarget	1	188840
737.78125	1.0	NonTarget	1	188872
737.90625	1.0	NonTarget	1	188904
738.03125	1.0	NonTarget	1	188936
738.15625	1.0	NonTarget	1	188968
738.28125	1.0	NonTarget	1	189000
738.40625	1.0	NonTarget	1	189032
738.53125	1.0	NonTarget	1	189064
738.65625	1.0	NonTarget	1	189096
738.78125	1.0	NonTarget	1	189128
738.90625	1.0	NonTarget	1	189160
739.03125	1.0	NonTarget	1	189192
739.15625	1.0	NonTarget	1	189224
739.28125	1.0	NonTarget	1	189256
739.40625	1.0	NonTarget	1	189288
739.53125	1.0	NonTarget	1	189320
739.65625	1.0	NonTarget	1	189352
739.78125	1.0	NonTarget	1	189384
739.90625	1.0	NonTarget	1	189416
740.03125	1.0	NonTarget	1	189448
740.15625	1.0	NonTarget	1	189480
740.28125	1.0	NonTarget	1	189512
740.40625	1.0	NonTarget	1	189544
740.53125	1.0	NonTarget	1	189576
740.65625	1.0	NonTarget	1	189608
740.78125	1.0	NonTarget	1	189640
740.90625	1.0	NonTarget	1	189672
747.03125	1.0	NonTarget	1	191240
747.15625	1.0	NonTarget	1	191272
747.28125	1.0	NonTarget	1	191304
747.40625	1.0	NonTarget	1	191336
747.53125	1.0	NonTarget	1	191368
747.65625	1.0	NonTarget	1	191400
747.78125	1.0	NonTarget	1	191432
747.90625	1.0	NonTarget	1	191464
748.03125	1.0	NonTarget	1	191496
748.15625	1.0	NonTarget	1	191528
748.28125	1.0	NonTarget	1	191560
748.40625	1.0	NonTarget	1	191592
748.53125	1.0	NonTarget	1	191624
748.65625	1.0	NonTarget	1	191656
748.78125	1.0	NonTarget	1	191688
748.90625	1.0	NonTarget	1	191720
749.03125	1.0	NonTarget	1	191752
749.15625	1.0	NonTarget	1	191784
749.28125	1.0	NonTarget	1	191816
749.40625	1.0	NonTarget	1	191848
749.53125	1.0	NonTarget	1	191880
749.65625	1.0	NonTarget	1	191912
749.78125	1.0	NonTarget	1	191944
749.90625	1.0	NonTarget	1	191976
750.03125	1.0	NonTarget	1	192008
750.15625	1.0	NonTarget	1	192040
750.28125	1.0	NonTarget	1	192072
750.40625	1.0	NonTarget	1	192104
750.53125	1.0	NonTarget	1	192136
750.65625	1.0	NonTarget	1	192168
750.78125	1.0	NonTarget	1	192200
750.90625	1.0	NonTarget	1	192232
751.03125	1.0	NonTarget	1	192264
751.15625	1.0	NonTarget	1	192296
751.28125	1.0	NonTarget	1	192328
751.40625	1.0	NonTarget	1	192360
751.53125	1.0	NonTarget	1	192392
751.65625	1.0	NonTarget	1	192424
751.78125	1.0	NonTarget	1	192456
751.90625	1.0	NonTarget	1	192488
752.03125	1.0	NonTarget	1	192520
752.15625	1.0	NonTarget	1	192552
752.28125	1.0	NonTarget	1	192584
752.40625	1.0	NonTarget	1	192616
752.53125	1.0	NonTarget	1	192648
752.65625	1.0	NonTarget	1	192680
752.78125	1.0	NonTarget	1	192712
752.90625	1.0	NonTarget	1	192744
753.03125	1.0	NonTarget	1	192776
753.15625	1.0	NonTarget	1	192808
753.28125	1.0	NonTarget	1	192840
753.40625	1.0	NonTarget	1	192872
753.53125	1.0	NonTarget	1	192904
753.65625	1.0	NonTarget	1	192936
753.78125	1.0	NonTarget	1	192968
753.90625	1.0	NonTarget	1	193000
754.03125	1.0	NonTarget	1	193032
754.15625	1.0	NonTarget	1	193064
754.28125	1.0	NonTarget	1	193096
754.40625	1.0	NonTarget	1	193128
754.53125	1.0	NonTarget	1	193160
754.65625	1.0	NonTarget	1	193192
754.78125	1.0	NonTarget	1	193224
754.90625	1.0	NonTarget	1	193256
755.03125	1.0	NonTarget	1	193288
755.15625	1.0	NonTarget	1	193320
755.28125	1.0	NonTarget	1	193352
755.40625	1.0	NonTarget	1	193384
755.53125	1.0	NonTarget	1	193416
755.65625	1.0	NonTarget	1	193448
755.78125	1.0	NonTarget	1	193480
755.90625	1.0	NonTarget	1	193512
756.03125	1.0	NonTarget	1	193544
756.15625	1.0	NonTarget	1	193576
756.28125	1.0	NonTarget	1	193608
756.40625	1.0	NonTarget	1	193640
756.53125	1.0	NonTarget	1	193672
756.65625	1.0	NonTarget	1	193704
756.78125	1.0	NonTarget	1	193736
756.90625	1.0	NonTarget	1	193768
757.03125	1.0	NonTarget	1	193800
757.15625	1.0	NonTarget	1	193832
757.28125	1.0	NonTarget	1	193864
757.40625	1.0	NonTarget	1	193896
763.53125	1.0	NonTarget	1	195464
763.65625	1.0	NonTarget	1	195496
763.78125	1.0	NonTarget	1	195528
763.90625	1.0	NonTarget	1	195560
764.03125	1.0	NonTarget	1	195592
764.15625	1.0	NonTarget	1	195624
764.28125	1.0	NonTarget	1	195656
764.40625	1.0	NonTarget	1	195688
764.53125	1.0	NonTarget	1	195720
764.65625	1.0	NonTarget	1	195752
764.78125	1.0	NonTarget	1	195784
764.90625	1.0	NonTarget	1	195816
765.03125	1.0	NonTarget	1	195848
765.15625	1.0	NonTarget	1	195880
765.28125	1.0	NonTarget	1	195912
765.40625	1.0	NonTarget	1	195944
765.53125	1.0	NonTarget	1	195976
765.65625	1.0	NonTarget	1	196008
765.78125	1.0	NonTarget	1	196040
765.90625	1.0	NonTarget	1	196072
766.03125	1.0	NonTarget	1	196104
766.15625	1.0	NonTarget	1	196136
766.28125	1.0	NonTarget	1	196168
766.40625	1.0	NonTarget	1	196200
766.53125	1.0	NonTarget	1	196232
766.65625	1.0	NonTarget	1	196264
766.78125	1.0	NonTarget	1	196296
766.90625	1.0	NonTarget	1	196328
767.03125	1.0	NonTarget	1	196360
767.15625	1.0	NonTarget	1	196392
767.28125	1.0	NonTarget	1	196424
767.40625	1.0	NonTarget	1	196456
767.53125	1.0	NonTarget	1	196488
767.65625	1.0	NonTarget	1	196520
767.78125	1.0	NonTarget	1	196552
767.90625	1.0	NonTarget	1	196584
768.03125	1.0	NonTarget	1	196616
768.15625	1.0	NonTarget	1	196648
768.28125	1.0	NonTarget	1	196680
768.40625	1.0	NonTarget	1	196712
768.53125	1.0	NonTarget	1	196744
768.65625	1.0	NonTarget	1	196776
768.78125	1.0	NonTarget	1	196808
768.90625	1.0	NonTarget	1	196840
769.03125	1.0	NonTarget	1	196872
769.15625	1.0	NonTarget	1	196904
769.28125	1.0	NonTarget	1	196936
769.40625	1.0	NonTarget	1	196968
769.53125	1.0	NonTarget	1	197000
769.65625	1.0	NonTarget	1	197032
769.78125	1.0	NonTarget	1	197064
769.90625	1.0	NonTarget	1	197096
770.03125	1.0	NonTarget	1	197128
770.15625	1.0	NonTarget	1	197160
770.28125	1.0	NonTarget	1	197192
770.40625	1.0	NonTarget	1	197224
770.53125	1.0	NonTarget	1	197256
770.65625	1.0	NonTarget	1	197288
770.78125	1.0	NonTarget	1	197320
770.90625	1.0	NonTarget	1	197352
771.03125	1.0	NonTarget	1	197384
771.15625	1.0	NonTarget	1	197416
771.28125	1.0	NonTarget	1	197448
771.40625	1.0	NonTarget	1	197480
771.53125	1.0	NonTarget	1	197512
771.65625	1.0	NonTarget	1	197544
771.78125	1.0	NonTarget	1	197576
771.90625	1.0	NonTarget	1	197608
772.03125	1.0	NonTarget	1	197640
772.15625	1.0	NonTarget	1	197672
772.28125	1.0	NonTarget	1	197704
772.40625	1.0	NonTarget	1	197736
772.53125	1.0	NonTarget	1	197768
772.65625	1.0	NonTarget	1	197800
772.78125	1.0	NonTarget	1	197832
772.90625	1.0	NonTarget	1	197864
773.03125	1.0	NonTarget	1	197896
773.15625	1.0	NonTarget	1	197928
773.28125	1.0	NonTarget	1	197960
773.40625	1.0	NonTarget	1	197992
773.53125	1.0	NonTarget	1	198024
773.65625	1.0	NonTarget	1	198056
773.78125	1.0	NonTarget	1	198088
773.90625	1.0	NonTarget	1	198120
780.03125	1.0	NonTarget	1	199688
780.15625	1.0	NonTarget	1	199720
780.28125	1.0	NonTarget	1	199752
780.40625	1.0	NonTarget	1	199784
780.53125	1.0	NonTarget	1	199816
780.65625	1.0	NonTarget	1	199848
780.78125	1.0	NonTarget	1	199880
780.90625	1.0	NonTarget	1	199912
781.03125	1.0	NonTarget	1	199944
781.15625	1.0	NonTarget	1	199976
781.28125	1.0	NonTarget	1	200008
781.40625	1.0	NonTarget	1	200040
781.53125	1.0	NonTarget	1	200072
781.65625	1.0	NonTarget	1	200104
781.78125	1.0	NonTarget	1	200136
781.90625	1.0	NonTarget	1	200168
782.03125	1.0	NonTarget	1	200200
782.15625	1.0	NonTarget	1	200232
782.28125	1.0	NonTarget	1	200264
782.40625	1.0	NonTarget	1	200296
782.53125	1.0	NonTarget	1	200328
782.65625	1.0	NonTarget	1	200360
782.78125	1.0	NonTarget	1	200392
782.90625	1.0	NonTarget	1	200424
783.03125	1.0	NonTarget	1	200456
783.15625	1.0	NonTarget	1	200488
783.28125	1.0	NonTarget	1	200520
783.40625	1.0	NonTarget	1	200552
783.53125	1.0	NonTarget	1	200584
783.65625	1.0	NonTarget	1	200616
783.78125	1.0	NonTarget	1	200648
783.90625	1.0	NonTarget	1	200680
784.03125	1.0	NonTarget	1	200712
784.15625	1.0	NonTarget	1	200744
784.28125	1.0	NonTarget	1	200776
784.40625	1.0	NonTarget	1	200808
784.53125	1.0	NonTarget	1	200840
784.65625	1.0	NonTarget	1	200872
784.78125	1.0	NonTarget	1	200904
784.90625	1.0	NonTarget	1	200936
785.03125	1.0	NonTarget	1	200968
785.15625	1.0	NonTarget	1	201000
785.28125	1.0	NonTarget	1	201032
785.40625	1.0	NonTarget	1	201064
785.53125	1.0	NonTarget	1	201096
785.65625	1.0	NonTarget	1	201128
785.78125	1.0	NonTarget	1	201160
785.90625	1.0	NonTarget	1	201192
786.03125	1.0	NonTarget	1	201224
786.15625	1.0	NonTarget	1	201256
786.28125	1.0	NonTarget	1	201288
786.40625	1.0	NonTarget	1	201320
786.53125	1.0	NonTarget	1	201352
786.65625	1.0	NonTarget	1	201384
786.78125	1.0	NonTarget	1	201416
786.90625	1.0	NonTarget	1	201448
787.03125	1.0	NonTarget	1	201480
787.15625	1.0	NonTarget	1	201512
787.28125	1.0	NonTarget	1	201544
787.40625	1.0	NonTarget	1	201576
787.53125	1.0	NonTarget	1	201608
787.65625	1.0	NonTarget	1	201640
787.78125	1.0	NonTarget	1	201672
787.90625	1.0	NonTarget	1	201704
788.03125	1.0	NonTarget	1	201736
788.15625	1.0	NonTarget	1	201768
788.28125	1.0	NonTarget	1	201800
788.40625	1.0	NonTarget	1	201832
788.53125	1.0	NonTarget	1	201864
788.65625	1.0	NonTarget	1	201896
788.78125	1.0	NonTarget	1	201928
788.90625	1.0	NonTarget	1	201960
789.03125	1.0	NonTarget	1	201992
789.15625	1.0	NonTarget	1	202024
789.28125	1.0	NonTarget	1	202056
789.40625	1.0	NonTarget	1	202088
789.53125	1.0	NonTarget	1	202120
789.65625	1.0	NonTarget	1	202152
789.78125	1.0	NonTarget	1	202184
789.90625	1.0	NonTarget	1	202216
790.03125	1.0	NonTarget	1	202248
790.15625	1.0	NonTarget	1	202280
790.28125	1.0	NonTarget	1	202312
790.40625	1.0	NonTarget	1	202344
796.53125	1.0	NonTarget	1	203912
796.65625	1.0	NonTarget	1	203944
796.78125	1.0	NonTarget	1	203976
796.90625	1.0	NonTarget	1	204008
797.03125	1.0	NonTarget	1	204040
797.15625	1.0	NonTarget	1	204072
797.28125	1.0	NonTarget	1	204104
797.40625	1.0	NonTarget	1	204136
797.53125	1.0	NonTarget	1	204168
797.65625	1.0	NonTarget	1	204200
797.78125	1.0	NonTarget	1	204232
797.90625	1.0	NonTarget	1	204264
798.03125	1.0	NonTarget	1	204296
798.15625	1.0	NonTarget	1	204328
798.28125	1.0	NonTarget	1	204360
798.40625	1.0	NonTarget	1	204392
798.53125	1.0	NonTarget	1	204424
798.65625	1.0	NonTarget	1	204456
798.78125	1.0	NonTarget	1	204488
798.90625	1.0	NonTarget	1	204520
799.03125	1.0	NonTarget	1	204552
799.15625	1.0	NonTarget	1	204584
799.28125	1.0	NonTarget	1	204616
799.40625	1.0	NonTarget	1	204648
799.53125	1.0	NonTarget	1	204680
799.65625	1.0	NonTarget	1	204712
799.78125	1.0	NonTarget	1	204744
799.90625	1.0	NonTarget	1	204776
800.03125	1.0	NonTarget	1	204808
800.15625	1.0	NonTarget	1	204840
800.28125	1.0	NonTarget	1	204872
800.40625	1.0	NonTarget	1	204904
800.53125	1.0	NonTarget	1	204936
800.65625	1.0	NonTarget	1	204968
800.78125	1.0	NonTarget	1	205000
800.90625	1.0	NonTarget	1	205032
801.03125	1.0	NonTarget	1	205064
801.15625	1.0	NonTarget	1	205096
801.28125	1.0	NonTarget	1	205128
801.40625	1.0	NonTarget	1	205160
801.53125	1.0	NonTarget	1	205192
801.65625	1.0	NonTarget	1	205224
801.78125	1.0	NonTarget	1	205256
801.90625	1.0	NonTarget	1	205288
802.03125	1.0	NonTarget	1	205320
802.15625	1.0	NonTarget	1	205352
802.28125	1.0	NonTarget	1	205384
802.40625	1.0	NonTarget	1	205416
802.53125	1.0	NonTarget	1	205448
802.65625	1.0	NonTarget	1	205480
802.78125	1.0	NonTarget	1	205512
802.90625	1.0	NonTarget	1	205544
803.03125	1.0	NonTarget	1	205576
803.15625	1.0	NonTarget	1	205608
803.28125	1.0	NonTarget	1	205640
803.40625	1.0	NonTarget	1	205672
803.53125	1.0	NonTarget	1	205704
803.65625	1.0	NonTarget	1	205736
803.78125	1.0	NonTarget	1	205768
803.90625	1.0	NonTarget	1	205800
804.03125	1.0	NonTarget	1	205832
804.15625	1.0	NonTarget	1	205864
804.28125	1.0	NonTarget	1	205896
804.40625	1.0	NonTarget	1	205928
804.53125	1.0	NonTarget	1	205960
804.65625	1.0	NonTarget	1	205992
804.78125	1.0	NonTarget	1	206024
804.90625	1.0	NonTarget	1	206056
805.03125	1.0	NonTarget	1	206088
805.15625	1.0	NonTarget	1	206120
805.28125	1.0	NonTarget	1	206152
805.40625	1.0	NonTarget	1	206184
805.53125	1.0	NonTarget	1	206216
805.65625	1.0	NonTarget	1	206248
805.78125	1.0	NonTarget	1	206280
805.90625	1.0	NonTarget	1	206312
806.03125	0.96875	NonTarget	1	206344
806.15625	0.84375	NonTarget	1	206376
806.28125	0.71875	NonTarget	1	206408
806.40625	0.59375	NonTarget	1	206440
806.53125	0.46875	NonTarget	1	206472
806.65625	0.34375	NonTarget	1	206504
806.78125	0.21875	NonTarget	1	206536
806.90625	0.09375	NonTarget	1	206568
