onset	duration	trial_type	value	sample
4.531247809270562	1.0	NonTarget	1	1160
4.6562477488366465	1.0	NonTarget	1	1192
4.781247688402732	1.0	NonTarget	1	1224
4.906247627968816	1.0	NonTarget	1	1256
5.0312475675349	1.0	NonTarget	1	1288
5.156247507100985	1.0	NonTarget	1	1320
5.281247446667069	1.0	NonTarget	1	1352
5.4062473862331535	1.0	NonTarget	1	1384
5.531247325799238	1.0	NonTarget	1	1416
5.656247265365323	1.0	NonTarget	1	1448
5.781247204931407	1.0	NonTarget	1	1480
5.906247144497492	1.0	NonTarget	1	1512
6.031247084063576	1.0	NonTarget	1	1544
6.1562470236296605	1.0	NonTarget	1	1576
6.281246963195745	1.0	NonTarget	1	1608
6.40624690276183	1.0	NonTarget	1	1640
6.531246842327914	1.0	NonTarget	1	1672
6.656246781893999	1.0	NonTarget	1	1704
6.781246721460083	1.0	NonTarget	1	1736
6.9062466610261675	1.0	NonTarget	1	1768
7.031246600592252	1.0	NonTarget	1	1800
7.156246540158336	1.0	NonTarget	1	1832
7.281246479724421	1.0	NonTarget	1	1864
7.406246419290506	1.0	NonTarget	1	1896
7.53124635885659	1.0	NonTarget	1	1928
7.6562462984226745	1.0	NonTarget	1	1960
7.781246237988759	1.0	NonTarget	1	1992
7.906246177554843	1.0	NonTarget	1	2024
8.031246117120928	1.0	NonTarget	1	2056
8.156246056687012	1.0	NonTarget	1	2088
8.281245996253096	1.0	NonTarget	1	2120
8.40624593581918	1.0	NonTarget	1	2152
8.531245875385267	1.0	NonTarget	1	2184
8.656245814951351	1.0	NonTarget	1	2216
8.781245754517435	1.0	NonTarget	1	2248
8.90624569408352	1.0	NonTarget	1	2280
9.031245633649604	1.0	NonTarget	1	2312
9.156245573215688	1.0	NonTarget	1	2344
9.281245512781773	1.0	NonTarget	1	2376
9.406245452347857	1.0	NonTarget	1	2408
9.531245391913941	1.0	NonTarget	1	2440
9.656245331480026	1.0	NonTarget	1	2472
9.78124527104611	1.0	NonTarget	1	2504
9.906245210612195	1.0	NonTarget	1	2536
10.031245150178279	1.0	NonTarget	1	2568
10.156245089744363	1.0	NonTarget	1	2600
10.28124502931045	1.0	NonTarget	1	2632
10.406244968876534	1.0	NonTarget	1	2664
10.531244908442618	1.0	NonTarget	1	2696
10.656244848008702	1.0	NonTarget	1	2728
10.781244787574787	1.0	NonTarget	1	2760
10.906244727140871	1.0	NonTarget	1	2792
11.031244666706955	1.0	NonTarget	1	2824
11.15624460627304	1.0	NonTarget	1	2856
11.281244545839124	1.0	NonTarget	1	2888
11.406244485405209	1.0	NonTarget	1	2920
11.531244424971293	1.0	NonTarget	1	2952
11.656244364537377	1.0	NonTarget	1	2984
11.781244304103462	1.0	NonTarget	1	3016
11.906244243669546	1.0	NonTarget	1	3048
12.031244183235632	1.0	NonTarget	1	3080
12.156244122801716	1.0	NonTarget	1	3112
12.2812440623678	1.0	NonTarget	1	3144
12.406244001933885	1.0	NonTarget	1	3176
12.53124394149997	1.0	NonTarget	1	3208
12.656243881066054	1.0	NonTarget	1	3240
12.781243820632138	1.0	NonTarget	1	3272
12.906243760198223	1.0	NonTarget	1	3304
13.031243699764307	1.0	NonTarget	1	3336
13.156243639330391	1.0	NonTarget	1	3368
13.281243578896476	1.0	NonTarget	1	3400
13.40624351846256	1.0	NonTarget	1	3432
19.5312405572007	1.0	NonTarget	1	5000
19.656240496766785	1.0	NonTarget	1	5032
19.78124043633287	1.0	NonTarget	1	5064
19.906240375898953	1.0	NonTarget	1	5096
20.031240315465038	1.0	NonTarget	1	5128
20.156240255031122	1.0	NonTarget	1	5160
20.281240194597206	1.0	NonTarget	1	5192
20.40624013416329	1.0	NonTarget	1	5224
20.531240073729375	1.0	NonTarget	1	5256
20.65624001329546	1.0	NonTarget	1	5288
20.781239952861544	1.0	NonTarget	1	5320
20.906239892427628	1.0	NonTarget	1	5352
21.031239831993712	1.0	NonTarget	1	5384
21.156239771559797	1.0	NonTarget	1	5416
21.28123971112588	1.0	NonTarget	1	5448
21.40623965069197	1.0	NonTarget	1	5480
21.531239590258053	1.0	NonTarget	1	5512
21.656239529824138	1.0	NonTarget	1	5544
21.781239469390222	1.0	NonTarget	1	5576
21.906239408956306	1.0	NonTarget	1	5608
22.03123934852239	1.0	NonTarget	1	5640
22.156239288088475	1.0	NonTarget	1	5672
22.28123922765456	1.0	NonTarget	1	5704
22.406239167220644	1.0	NonTarget	1	5736
22.531239106786728	1.0	NonTarget	1	5768
22.656239046352812	1.0	NonTarget	1	5800
22.781238985918897	1.0	NonTarget	1	5832
22.90623892548498	1.0	NonTarget	1	5864
23.031238865051066	1.0	NonTarget	1	5896
23.15623880461715	1.0	NonTarget	1	5928
23.281238744183234	1.0	NonTarget	1	5960
23.40623868374932	1.0	NonTarget	1	5992
23.531238623315403	1.0	NonTarget	1	6024
23.656238562881487	1.0	NonTarget	1	6056
23.78123850244757	1.0	NonTarget	1	6088
23.906238442013656	1.0	NonTarget	1	6120
24.03123838157974	1.0	NonTarget	1	6152
24.156238321145825	1.0	NonTarget	1	6184
24.28123826071191	1.0	NonTarget	1	6216
24.406238200277993	1.0	NonTarget	1	6248
24.531238139844078	1.0	NonTarget	1	6280
24.656238079410162	1.0	NonTarget	1	6312
24.78123801897625	1.0	NonTarget	1	6344
24.906237958542334	1.0	NonTarget	1	6376
25.03123789810842	1.0	NonTarget	1	6408
25.156237837674503	1.0	NonTarget	1	6440
25.281237777240587	1.0	NonTarget	1	6472
25.40623771680667	1.0	NonTarget	1	6504
25.531237656372756	1.0	NonTarget	1	6536
25.65623759593884	1.0	NonTarget	1	6568
25.781237535504925	1.0	NonTarget	1	6600
25.90623747507101	1.0	NonTarget	1	6632
26.031237414637094	1.0	NonTarget	1	6664
26.156237354203178	1.0	NonTarget	1	6696
26.281237293769262	1.0	NonTarget	1	6728
26.406237233335347	1.0	NonTarget	1	6760
26.53123717290143	1.0	NonTarget	1	6792
26.656237112467515	1.0	NonTarget	1	6824
26.7812370520336	1.0	NonTarget	1	6856
26.906236991599684	1.0	NonTarget	1	6888
27.03123693116577	1.0	NonTarget	1	6920
27.156236870731853	1.0	NonTarget	1	6952
27.281236810297937	1.0	NonTarget	1	6984
27.40623674986402	1.0	NonTarget	1	7016
27.531236689430106	1.0	NonTarget	1	7048
27.65623662899619	1.0	NonTarget	1	7080
27.781236568562274	1.0	NonTarget	1	7112
27.90623650812836	1.0	NonTarget	1	7144
28.031236447694443	1.0	NonTarget	1	7176
28.15623638726053	1.0	NonTarget	1	7208
28.281236326826615	1.0	NonTarget	1	7240
28.4062362663927	1.0	NonTarget	1	7272
34.53123330513084	1.0	NonTarget	1	8840
34.65623324469692	1.0	NonTarget	1	8872
34.78123318426301	1.0	NonTarget	1	8904
34.90623312382909	1.0	NonTarget	1	8936
35.03123306339518	1.0	NonTarget	1	8968
35.15623300296126	1.0	NonTarget	1	9000
35.281232942527346	1.0	NonTarget	1	9032
35.40623288209343	1.0	NonTarget	1	9064
35.531232821659515	1.0	NonTarget	1	9096
35.656232761225596	1.0	NonTarget	1	9128
35.78123270079168	1.0	NonTarget	1	9160
35.906232640357764	1.0	NonTarget	1	9192
36.03123257992385	1.0	NonTarget	1	9224
36.15623251948993	1.0	NonTarget	1	9256
36.28123245905602	1.0	NonTarget	1	9288
36.4062323986221	1.0	NonTarget	1	9320
36.53123233818819	1.0	NonTarget	1	9352
36.65623227775428	1.0	NonTarget	1	9384
36.78123221732036	1.0	NonTarget	1	9416
36.906232156886446	1.0	NonTarget	1	9448
37.03123209645253	1.0	NonTarget	1	9480
37.156232036018615	1.0	NonTarget	1	9512
37.281231975584696	1.0	NonTarget	1	9544
37.406231915150784	1.0	NonTarget	1	9576
37.531231854716864	1.0	NonTarget	1	9608
37.65623179428295	1.0	NonTarget	1	9640
37.78123173384903	1.0	NonTarget	1	9672
37.90623167341512	1.0	NonTarget	1	9704
38.0312316129812	1.0	NonTarget	1	9736
38.15623155254729	1.0	NonTarget	1	9768
38.28123149211337	1.0	NonTarget	1	9800
38.40623143167946	1.0	NonTarget	1	9832
38.53123137124554	1.0	NonTarget	1	9864
38.65623131081163	1.0	NonTarget	1	9896
38.78123125037771	1.0	NonTarget	1	9928
38.906231189943796	1.0	NonTarget	1	9960
39.03123112950988	1.0	NonTarget	1	9992
39.156231069075965	1.0	NonTarget	1	10024
39.281231008642045	1.0	NonTarget	1	10056
39.40623094820813	1.0	NonTarget	1	10088
39.531230887774214	1.0	NonTarget	1	10120
39.6562308273403	1.0	NonTarget	1	10152
39.78123076690638	1.0	NonTarget	1	10184
39.90623070647247	1.0	NonTarget	1	10216
40.03123064603855	1.0	NonTarget	1	10248
40.15623058560464	1.0	NonTarget	1	10280
40.28123052517073	1.0	NonTarget	1	10312
40.40623046473681	1.0	NonTarget	1	10344
40.531230404302896	1.0	NonTarget	1	10376
40.65623034386898	1.0	NonTarget	1	10408
40.781230283435065	1.0	NonTarget	1	10440
40.906230223001145	1.0	NonTarget	1	10472
41.03123016256723	1.0	NonTarget	1	10504
41.156230102133314	1.0	NonTarget	1	10536
41.2812300416994	1.0	NonTarget	1	10568
41.40622998126548	1.0	NonTarget	1	10600
41.53122992083157	1.0	NonTarget	1	10632
41.65622986039765	1.0	NonTarget	1	10664
41.78122979996374	1.0	NonTarget	1	10696
41.90622973952982	1.0	NonTarget	1	10728
42.03122967909591	1.0	NonTarget	1	10760
42.15622961866199	1.0	NonTarget	1	10792
42.28122955822808	1.0	NonTarget	1	10824
42.40622949779416	1.0	NonTarget	1	10856
42.531229437360246	1.0	NonTarget	1	10888
42.656229376926326	1.0	NonTarget	1	10920
42.781229316492414	1.0	NonTarget	1	10952
42.906229256058495	1.0	NonTarget	1	10984
43.03122919562458	1.0	NonTarget	1	11016
43.156229135190664	1.0	NonTarget	1	11048
43.28122907475675	1.0	NonTarget	1	11080
43.40622901432283	1.0	NonTarget	1	11112
49.531226053060976	1.0	NonTarget	1	12680
49.65622599262706	1.0	NonTarget	1	12712
49.781225932193145	1.0	NonTarget	1	12744
49.906225871759226	1.0	NonTarget	1	12776
50.031225811325314	1.0	NonTarget	1	12808
50.156225750891394	1.0	NonTarget	1	12840
50.28122569045748	1.0	NonTarget	1	12872
50.40622563002357	1.0	NonTarget	1	12904
50.53122556958965	1.0	NonTarget	1	12936
50.65622550915574	1.0	NonTarget	1	12968
50.78122544872182	1.0	NonTarget	1	13000
50.90622538828791	1.0	NonTarget	1	13032
51.03122532785399	1.0	NonTarget	1	13064
51.156225267420076	1.0	NonTarget	1	13096
51.28122520698616	1.0	NonTarget	1	13128
51.406225146552245	1.0	NonTarget	1	13160
51.531225086118326	1.0	NonTarget	1	13192
51.656225025684414	1.0	NonTarget	1	13224
51.781224965250495	1.0	NonTarget	1	13256
51.90622490481658	1.0	NonTarget	1	13288
52.03122484438266	1.0	NonTarget	1	13320
52.15622478394875	1.0	NonTarget	1	13352
52.28122472351483	1.0	NonTarget	1	13384
52.40622466308092	1.0	NonTarget	1	13416
52.531224602647	1.0	NonTarget	1	13448
52.65622454221309	1.0	NonTarget	1	13480
52.78122448177917	1.0	NonTarget	1	13512
52.90622442134526	1.0	NonTarget	1	13544
53.03122436091134	1.0	NonTarget	1	13576
53.156224300477426	1.0	NonTarget	1	13608
53.28122424004351	1.0	NonTarget	1	13640
53.406224179609595	1.0	NonTarget	1	13672
53.531224119175675	1.0	NonTarget	1	13704
53.65622405874176	1.0	NonTarget	1	13736
53.78122399830785	1.0	NonTarget	1	13768
53.90622393787393	1.0	NonTarget	1	13800
54.03122387744002	1.0	NonTarget	1	13832
54.1562238170061	1.0	NonTarget	1	13864
54.28122375657219	1.0	NonTarget	1	13896
54.40622369613827	1.0	NonTarget	1	13928
54.53122363570436	1.0	NonTarget	1	13960
54.65622357527044	1.0	NonTarget	1	13992
54.781223514836526	1.0	NonTarget	1	14024
54.90622345440261	1.0	NonTarget	1	14056
55.031223393968695	1.0	NonTarget	1	14088
55.156223333534776	1.0	NonTarget	1	14120
55.28122327310086	1.0	NonTarget	1	14152
55.406223212666944	1.0	NonTarget	1	14184
55.53122315223303	1.0	NonTarget	1	14216
55.65622309179911	1.0	NonTarget	1	14248
55.7812230313652	1.0	NonTarget	1	14280
55.90622297093128	1.0	NonTarget	1	14312
56.03122291049737	1.0	NonTarget	1	14344
56.15622285006345	1.0	NonTarget	1	14376
56.28122278962954	1.0	NonTarget	1	14408
56.40622272919562	1.0	NonTarget	1	14440
56.53122266876171	1.0	NonTarget	1	14472
56.65622260832779	1.0	NonTarget	1	14504
56.781222547893876	1.0	NonTarget	1	14536
56.90622248745996	1.0	NonTarget	1	14568
57.031222427026044	1.0	NonTarget	1	14600
57.15622236659213	1.0	NonTarget	1	14632
57.28122230615821	1.0	NonTarget	1	14664
57.4062222457243	1.0	NonTarget	1	14696
57.53122218529038	1.0	NonTarget	1	14728
57.65622212485647	1.0	NonTarget	1	14760
57.78122206442255	1.0	NonTarget	1	14792
57.90622200398864	1.0	NonTarget	1	14824
58.03122194355472	1.0	NonTarget	1	14856
58.15622188312081	1.0	NonTarget	1	14888
58.28122182268689	1.0	NonTarget	1	14920
58.406221762252976	1.0	NonTarget	1	14952
64.53121880099111	1.0	NonTarget	1	16520
64.6562187405572	1.0	NonTarget	1	16552
64.78121868012329	1.0	NonTarget	1	16584
64.90621861968937	1.0	NonTarget	1	16616
65.03121855925545	1.0	NonTarget	1	16648
65.15621849882153	1.0	NonTarget	1	16680
65.28121843838763	1.0	NonTarget	1	16712
65.4062183779537	1.0	NonTarget	1	16744
65.53121831751979	1.0	NonTarget	1	16776
65.65621825708587	1.0	NonTarget	1	16808
65.78121819665196	1.0	NonTarget	1	16840
65.90621813621804	1.0	NonTarget	1	16872
66.03121807578412	1.0	NonTarget	1	16904
66.1562180153502	1.0	NonTarget	1	16936
66.2812179549163	1.0	NonTarget	1	16968
66.40621789448238	1.0	NonTarget	1	17000
66.53121783404846	1.0	NonTarget	1	17032
66.65621777361454	1.0	NonTarget	1	17064
66.78121771318064	1.0	NonTarget	1	17096
66.90621765274672	1.0	NonTarget	1	17128
67.0312175923128	1.0	NonTarget	1	17160
67.15621753187888	1.0	NonTarget	1	17192
67.28121747144498	1.0	NonTarget	1	17224
67.40621741101106	1.0	NonTarget	1	17256
67.53121735057714	1.0	NonTarget	1	17288
67.65621729014323	1.0	NonTarget	1	17320
67.78121722970931	1.0	NonTarget	1	17352
67.9062171692754	1.0	NonTarget	1	17384
68.03121710884147	1.0	NonTarget	1	17416
68.15621704840757	1.0	NonTarget	1	17448
68.28121698797365	1.0	NonTarget	1	17480
68.40621692753973	1.0	NonTarget	1	17512
68.53121686710581	1.0	NonTarget	1	17544
68.6562168066719	1.0	NonTarget	1	17576
68.78121674623799	1.0	NonTarget	1	17608
68.90621668580407	1.0	NonTarget	1	17640
69.03121662537015	1.0	NonTarget	1	17672
69.15621656493624	1.0	NonTarget	1	17704
69.28121650450232	1.0	NonTarget	1	17736
69.4062164440684	1.0	NonTarget	1	17768
69.53121638363449	1.0	NonTarget	1	17800
69.65621632320058	1.0	NonTarget	1	17832
69.78121626276666	1.0	NonTarget	1	17864
69.90621620233274	1.0	NonTarget	1	17896
70.03121614189882	1.0	NonTarget	1	17928
70.15621608146492	1.0	NonTarget	1	17960
70.281216021031	1.0	NonTarget	1	17992
70.40621596059708	1.0	NonTarget	1	18024
70.53121590016316	1.0	NonTarget	1	18056
70.65621583972926	1.0	NonTarget	1	18088
70.78121577929534	1.0	NonTarget	1	18120
70.90621571886142	1.0	NonTarget	1	18152
71.03121565842751	1.0	NonTarget	1	18184
71.1562155979936	1.0	NonTarget	1	18216
71.28121553755967	1.0	NonTarget	1	18248
71.40621547712576	1.0	NonTarget	1	18280
71.53121541669185	1.0	NonTarget	1	18312
71.65621535625793	1.0	NonTarget	1	18344
71.78121529582401	1.0	NonTarget	1	18376
71.90621523539009	1.0	NonTarget	1	18408
72.03121517495619	1.0	NonTarget	1	18440
72.15621511452227	1.0	NonTarget	1	18472
72.28121505408835	1.0	NonTarget	1	18504
72.40621499365443	1.0	NonTarget	1	18536
72.53121493322053	1.0	NonTarget	1	18568
72.6562148727866	1.0	NonTarget	1	18600
72.78121481235269	1.0	NonTarget	1	18632
72.90621475191877	1.0	NonTarget	1	18664
73.03121469148486	1.0	NonTarget	1	18696
73.15621463105094	1.0	NonTarget	1	18728
73.28121457061702	1.0	NonTarget	1	18760
73.4062145101831	1.0	NonTarget	1	18792
79.53121154892125	1.0	NonTarget	1	20360
79.65621148848733	1.0	NonTarget	1	20392
79.78121142805342	1.0	NonTarget	1	20424
79.9062113676195	1.0	NonTarget	1	20456
80.03121130718559	1.0	NonTarget	1	20488
80.15621124675167	1.0	NonTarget	1	20520
80.28121118631776	1.0	NonTarget	1	20552
80.40621112588384	1.0	NonTarget	1	20584
80.53121106544992	1.0	NonTarget	1	20616
80.656211005016	1.0	NonTarget	1	20648
80.7812109445821	1.0	NonTarget	1	20680
80.90621088414818	1.0	NonTarget	1	20712
81.03121082371426	1.0	NonTarget	1	20744
81.15621076328036	1.0	NonTarget	1	20776
81.28121070284644	1.0	NonTarget	1	20808
81.40621064241252	1.0	NonTarget	1	20840
81.5312105819786	1.0	NonTarget	1	20872
81.6562105215447	1.0	NonTarget	1	20904
81.78121046111077	1.0	NonTarget	1	20936
81.90621040067685	1.0	NonTarget	1	20968
82.03121034024294	1.0	NonTarget	1	21000
82.15621027980903	1.0	NonTarget	1	21032
82.28121021937511	1.0	NonTarget	1	21064
82.40621015894119	1.0	NonTarget	1	21096
82.53121009850727	1.0	NonTarget	1	21128
82.65621003807337	1.0	NonTarget	1	21160
82.78120997763945	1.0	NonTarget	1	21192
82.90620991720553	1.0	NonTarget	1	21224
83.03120985677161	1.0	NonTarget	1	21256
83.1562097963377	1.0	NonTarget	1	21288
83.28120973590379	1.0	NonTarget	1	21320
83.40620967546987	1.0	NonTarget	1	21352
83.53120961503595	1.0	NonTarget	1	21384
83.65620955460204	1.0	NonTarget	1	21416
83.78120949416812	1.0	NonTarget	1	21448
83.9062094337342	1.0	NonTarget	1	21480
84.03120937330029	1.0	NonTarget	1	21512
84.15620931286638	1.0	NonTarget	1	21544
84.28120925243246	1.0	NonTarget	1	21576
84.40620919199854	1.0	NonTarget	1	21608
84.53120913156464	1.0	NonTarget	1	21640
84.65620907113072	1.0	NonTarget	1	21672
84.7812090106968	1.0	NonTarget	1	21704
84.90620895026288	1.0	NonTarget	1	21736
85.03120888982897	1.0	NonTarget	1	21768
85.15620882939506	1.0	NonTarget	1	21800
85.28120876896114	1.0	NonTarget	1	21832
85.40620870852722	1.0	NonTarget	1	21864
85.53120864809331	1.0	NonTarget	1	21896
85.65620858765939	1.0	NonTarget	1	21928
85.78120852722547	1.0	NonTarget	1	21960
85.90620846679155	1.0	NonTarget	1	21992
86.03120840635765	1.0	NonTarget	1	22024
86.15620834592373	1.0	NonTarget	1	22056
86.28120828548981	1.0	NonTarget	1	22088
86.40620822505589	1.0	NonTarget	1	22120
86.53120816462199	1.0	NonTarget	1	22152
86.65620810418807	1.0	NonTarget	1	22184
86.78120804375415	1.0	NonTarget	1	22216
86.90620798332023	1.0	NonTarget	1	22248
87.03120792288632	1.0	NonTarget	1	22280
87.1562078624524	1.0	NonTarget	1	22312
87.28120780201849	1.0	NonTarget	1	22344
87.40620774158457	1.0	NonTarget	1	22376
87.53120768115066	1.0	NonTarget	1	22408
87.65620762071674	1.0	NonTarget	1	22440
87.78120756028282	1.0	NonTarget	1	22472
87.90620749984892	1.0	NonTarget	1	22504
88.031207439415	1.0	NonTarget	1	22536
88.15620737898108	1.0	NonTarget	1	22568
88.28120731854716	1.0	NonTarget	1	22600
88.40620725811326	1.0	NonTarget	1	22632
94.53120429685139	1.0	NonTarget	1	24200
94.65620423641748	1.0	NonTarget	1	24232
94.78120417598356	1.0	NonTarget	1	24264
94.90620411554964	1.0	NonTarget	1	24296
95.03120405511572	1.0	NonTarget	1	24328
95.15620399468182	1.0	NonTarget	1	24360
95.2812039342479	1.0	NonTarget	1	24392
95.40620387381398	1.0	NonTarget	1	24424
95.53120381338006	1.0	NonTarget	1	24456
95.65620375294615	1.0	NonTarget	1	24488
95.78120369251224	1.0	NonTarget	1	24520
95.90620363207832	1.0	NonTarget	1	24552
96.0312035716444	1.0	NonTarget	1	24584
96.15620351121049	1.0	NonTarget	1	24616
96.28120345077657	1.0	NonTarget	1	24648
96.40620339034265	1.0	NonTarget	1	24680
96.53120332990873	1.0	NonTarget	1	24712
96.65620326947483	1.0	NonTarget	1	24744
96.78120320904091	1.0	NonTarget	1	24776
96.90620314860699	1.0	NonTarget	1	24808
97.03120308817307	1.0	NonTarget	1	24840
97.15620302773917	1.0	NonTarget	1	24872
97.28120296730525	1.0	NonTarget	1	24904
97.40620290687133	1.0	NonTarget	1	24936
97.53120284643741	1.0	NonTarget	1	24968
97.6562027860035	1.0	NonTarget	1	25000
97.78120272556959	1.0	NonTarget	1	25032
97.90620266513567	1.0	NonTarget	1	25064
98.03120260470175	1.0	NonTarget	1	25096
98.15620254426784	1.0	NonTarget	1	25128
98.28120248383392	1.0	NonTarget	1	25160
98.4062024234	1.0	NonTarget	1	25192
98.5312023629661	1.0	NonTarget	1	25224
98.65620230253218	1.0	NonTarget	1	25256
98.78120224209826	1.0	NonTarget	1	25288
98.90620218166434	1.0	NonTarget	1	25320
99.03120212123044	1.0	NonTarget	1	25352
99.15620206079652	1.0	NonTarget	1	25384
99.2812020003626	1.0	NonTarget	1	25416
99.40620193992868	1.0	NonTarget	1	25448
99.53120187949477	1.0	NonTarget	1	25480
99.65620181906085	1.0	NonTarget	1	25512
99.78120175862693	1.0	NonTarget	1	25544
99.90620169819302	1.0	NonTarget	1	25576
100.03120163775911	1.0	NonTarget	1	25608
100.15620157732519	1.0	NonTarget	1	25640
100.28120151689127	1.0	NonTarget	1	25672
100.40620145645735	1.0	NonTarget	1	25704
100.53120139602345	1.0	NonTarget	1	25736
100.65620133558953	1.0	NonTarget	1	25768
100.78120127515561	1.0	NonTarget	1	25800
100.90620121472169	1.0	NonTarget	1	25832
101.03120115428779	1.0	NonTarget	1	25864
101.15620109385387	1.0	NonTarget	1	25896
101.28120103341995	1.0	NonTarget	1	25928
101.40620097298603	1.0	NonTarget	1	25960
101.53120091255212	1.0	NonTarget	1	25992
101.6562008521182	1.0	NonTarget	1	26024
101.78120079168428	1.0	NonTarget	1	26056
101.90620073125038	1.0	NonTarget	1	26088
102.03120067081646	1.0	NonTarget	1	26120
102.15620061038254	1.0	NonTarget	1	26152
102.28120054994862	1.0	NonTarget	1	26184
102.40620048951472	1.0	NonTarget	1	26216
102.5312004290808	1.0	NonTarget	1	26248
102.65620036864688	1.0	NonTarget	1	26280
102.78120030821296	1.0	NonTarget	1	26312
102.90620024777905	1.0	NonTarget	1	26344
103.03120018734514	1.0	NonTarget	1	26376
103.15620012691122	1.0	NonTarget	1	26408
103.2812000664773	1.0	NonTarget	1	26440
103.40620000604339	1.0	NonTarget	1	26472
109.53119704478152	1.0	NonTarget	1	28040
109.65619698434762	1.0	NonTarget	1	28072
109.7811969239137	1.0	NonTarget	1	28104
109.90619686347978	1.0	NonTarget	1	28136
110.03119680304586	1.0	NonTarget	1	28168
110.15619674261195	1.0	NonTarget	1	28200
110.28119668217803	1.0	NonTarget	1	28232
110.40619662174412	1.0	NonTarget	1	28264
110.5311965613102	1.0	NonTarget	1	28296
110.65619650087629	1.0	NonTarget	1	28328
110.78119644044237	1.0	NonTarget	1	28360
110.90619638000845	1.0	NonTarget	1	28392
111.03119631957453	1.0	NonTarget	1	28424
111.15619625914063	1.0	NonTarget	1	28456
111.28119619870671	1.0	NonTarget	1	28488
111.40619613827279	1.0	NonTarget	1	28520
111.53119607783887	1.0	NonTarget	1	28552
111.65619601740497	1.0	NonTarget	1	28584
111.78119595697105	1.0	NonTarget	1	28616
111.90619589653713	1.0	NonTarget	1	28648
112.03119583610322	1.0	NonTarget	1	28680
112.1561957756693	1.0	NonTarget	1	28712
112.28119571523538	1.0	NonTarget	1	28744
112.40619565480146	1.0	NonTarget	1	28776
112.53119559436756	1.0	NonTarget	1	28808
112.65619553393364	1.0	NonTarget	1	28840
112.78119547349972	1.0	NonTarget	1	28872
112.9061954130658	1.0	NonTarget	1	28904
113.0311953526319	1.0	NonTarget	1	28936
113.15619529219798	1.0	NonTarget	1	28968
113.28119523176406	1.0	NonTarget	1	29000
113.40619517133014	1.0	NonTarget	1	29032
113.53119511089623	1.0	NonTarget	1	29064
113.65619505046232	1.0	NonTarget	1	29096
113.7811949900284	1.0	NonTarget	1	29128
113.90619492959448	1.0	NonTarget	1	29160
114.03119486916057	1.0	NonTarget	1	29192
114.15619480872665	1.0	NonTarget	1	29224
114.28119474829273	1.0	NonTarget	1	29256
114.40619468785881	1.0	NonTarget	1	29288
114.53119462742491	1.0	NonTarget	1	29320
114.65619456699099	1.0	NonTarget	1	29352
114.78119450655707	1.0	NonTarget	1	29384
114.90619444612315	1.0	NonTarget	1	29416
115.03119438568925	1.0	NonTarget	1	29448
115.15619432525533	1.0	NonTarget	1	29480
115.28119426482141	1.0	NonTarget	1	29512
115.4061942043875	1.0	NonTarget	1	29544
115.53119414395358	1.0	NonTarget	1	29576
115.65619408351967	1.0	NonTarget	1	29608
115.78119402308575	1.0	NonTarget	1	29640
115.90619396265184	1.0	NonTarget	1	29672
116.03119390221792	1.0	NonTarget	1	29704
116.156193841784	1.0	NonTarget	1	29736
116.28119378135008	1.0	NonTarget	1	29768
116.40619372091618	1.0	NonTarget	1	29800
116.53119366048226	1.0	NonTarget	1	29832
116.65619360004834	1.0	NonTarget	1	29864
116.78119353961442	1.0	NonTarget	1	29896
116.90619347918052	1.0	NonTarget	1	29928
117.0311934187466	1.0	NonTarget	1	29960
117.15619335831268	1.0	NonTarget	1	29992
117.28119329787876	1.0	NonTarget	1	30024
117.40619323744485	1.0	NonTarget	1	30056
117.53119317701093	1.0	NonTarget	1	30088
117.65619311657701	1.0	NonTarget	1	30120
117.7811930561431	1.0	NonTarget	1	30152
117.90619299570919	1.0	NonTarget	1	30184
118.03119293527527	1.0	NonTarget	1	30216
118.15619287484135	1.0	NonTarget	1	30248
118.28119281440743	1.0	NonTarget	1	30280
118.40619275397353	1.0	NonTarget	1	30312
124.53118979271166	1.0	NonTarget	1	31880
124.65618973227775	1.0	NonTarget	1	31912
124.78118967184383	1.0	NonTarget	1	31944
124.90618961140991	1.0	NonTarget	1	31976
125.031189550976	1.0	NonTarget	1	32008
125.15618949054209	1.0	NonTarget	1	32040
125.28118943010817	1.0	NonTarget	1	32072
125.40618936967425	1.0	NonTarget	1	32104
125.53118930924035	1.0	NonTarget	1	32136
125.65618924880643	1.0	NonTarget	1	32168
125.78118918837251	1.0	NonTarget	1	32200
125.90618912793859	1.0	NonTarget	1	32232
126.03118906750468	1.0	NonTarget	1	32264
126.15618900707076	1.0	NonTarget	1	32296
126.28118894663685	1.0	NonTarget	1	32328
126.40618888620293	1.0	NonTarget	1	32360
126.53118882576902	1.0	NonTarget	1	32392
126.6561887653351	1.0	NonTarget	1	32424
126.78118870490118	1.0	NonTarget	1	32456
126.90618864446726	1.0	NonTarget	1	32488
127.03118858403336	1.0	NonTarget	1	32520
127.15618852359944	1.0	NonTarget	1	32552
127.28118846316552	1.0	NonTarget	1	32584
127.4061884027316	1.0	NonTarget	1	32616
127.5311883422977	1.0	NonTarget	1	32648
127.65618828186378	1.0	NonTarget	1	32680
127.78118822142986	1.0	NonTarget	1	32712
127.90618816099594	1.0	NonTarget	1	32744
128.03118810056202	1.0	NonTarget	1	32776
128.15618804012811	1.0	NonTarget	1	32808
128.2811879796942	1.0	NonTarget	1	32840
128.40618791926028	1.0	NonTarget	1	32872
128.53118785882637	1.0	NonTarget	1	32904
128.65618779839244	1.0	NonTarget	1	32936
128.78118773795853	1.0	NonTarget	1	32968
128.90618767752463	1.0	NonTarget	1	33000
129.0311876170907	1.0	NonTarget	1	33032
129.1561875566568	1.0	NonTarget	1	33064
129.28118749622288	1.0	NonTarget	1	33096
129.40618743578895	1.0	NonTarget	1	33128
129.53118737535505	1.0	NonTarget	1	33160
129.65618731492114	1.0	NonTarget	1	33192
129.7811872544872	1.0	NonTarget	1	33224
129.9061871940533	1.0	NonTarget	1	33256
130.03118713361937	1.0	NonTarget	1	33288
130.15618707318546	1.0	NonTarget	1	33320
130.28118701275156	1.0	NonTarget	1	33352
130.40618695231763	1.0	NonTarget	1	33384
130.53118689188372	1.0	NonTarget	1	33416
130.65618683144982	1.0	NonTarget	1	33448
130.78118677101588	1.0	NonTarget	1	33480
130.90618671058198	1.0	NonTarget	1	33512
131.03118665014804	1.0	NonTarget	1	33544
131.15618658971414	1.0	NonTarget	1	33576
131.28118652928023	1.0	NonTarget	1	33608
131.4061864688463	1.0	NonTarget	1	33640
131.5311864084124	1.0	NonTarget	1	33672
131.6561863479785	1.0	NonTarget	1	33704
131.78118628754456	1.0	NonTarget	1	33736
131.90618622711065	1.0	NonTarget	1	33768
132.03118616667672	1.0	NonTarget	1	33800
132.1561861062428	1.0	NonTarget	1	33832
132.2811860458089	1.0	NonTarget	1	33864
132.40618598537498	1.0	NonTarget	1	33896
132.53118592494107	1.0	NonTarget	1	33928
132.65618586450717	1.0	NonTarget	1	33960
132.78118580407323	1.0	NonTarget	1	33992
132.90618574363933	1.0	NonTarget	1	34024
133.03118568320542	1.0	NonTarget	1	34056
133.1561856227715	1.0	NonTarget	1	34088
133.28118556233758	1.0	NonTarget	1	34120
133.40618550190365	1.0	NonTarget	1	34152
139.5311825406418	1.0	NonTarget	1	35720
139.6561824802079	1.0	NonTarget	1	35752
139.78118241977398	1.0	NonTarget	1	35784
139.90618235934005	1.0	NonTarget	1	35816
140.03118229890615	1.0	NonTarget	1	35848
140.1561822384722	1.0	NonTarget	1	35880
140.2811821780383	1.0	NonTarget	1	35912
140.4061821176044	1.0	NonTarget	1	35944
140.53118205717047	1.0	NonTarget	1	35976
140.65618199673656	1.0	NonTarget	1	36008
140.78118193630266	1.0	NonTarget	1	36040
140.90618187586873	1.0	NonTarget	1	36072
141.03118181543482	1.0	NonTarget	1	36104
141.1561817550009	1.0	NonTarget	1	36136
141.28118169456698	1.0	NonTarget	1	36168
141.40618163413308	1.0	NonTarget	1	36200
141.53118157369914	1.0	NonTarget	1	36232
141.65618151326524	1.0	NonTarget	1	36264
141.78118145283133	1.0	NonTarget	1	36296
141.9061813923974	1.0	NonTarget	1	36328
142.0311813319635	1.0	NonTarget	1	36360
142.15618127152956	1.0	NonTarget	1	36392
142.28118121109566	1.0	NonTarget	1	36424
142.40618115066175	1.0	NonTarget	1	36456
142.53118109022782	1.0	NonTarget	1	36488
142.6561810297939	1.0	NonTarget	1	36520
142.78118096936	1.0	NonTarget	1	36552
142.90618090892607	1.0	NonTarget	1	36584
143.03118084849217	1.0	NonTarget	1	36616
143.15618078805826	1.0	NonTarget	1	36648
143.28118072762433	1.0	NonTarget	1	36680
143.40618066719043	1.0	NonTarget	1	36712
143.5311806067565	1.0	NonTarget	1	36744
143.6561805463226	1.0	NonTarget	1	36776
143.78118048588868	1.0	NonTarget	1	36808
143.90618042545475	1.0	NonTarget	1	36840
144.03118036502084	1.0	NonTarget	1	36872
144.15618030458694	1.0	NonTarget	1	36904
144.281180244153	1.0	NonTarget	1	36936
144.4061801837191	1.0	NonTarget	1	36968
144.53118012328517	1.0	NonTarget	1	37000
144.65618006285126	1.0	NonTarget	1	37032
144.78118000241736	1.0	NonTarget	1	37064
144.90617994198342	1.0	NonTarget	1	37096
145.03117988154952	1.0	NonTarget	1	37128
145.15617982111561	1.0	NonTarget	1	37160
145.28117976068168	1.0	NonTarget	1	37192
145.40617970024778	1.0	NonTarget	1	37224
145.53117963981384	1.0	NonTarget	1	37256
145.65617957937994	1.0	NonTarget	1	37288
145.78117951894603	1.0	NonTarget	1	37320
145.9061794585121	1.0	NonTarget	1	37352
146.0311793980782	1.0	NonTarget	1	37384
146.1561793376443	1.0	NonTarget	1	37416
146.28117927721036	1.0	NonTarget	1	37448
146.40617921677645	1.0	NonTarget	1	37480
146.53117915634255	1.0	NonTarget	1	37512
146.6561790959086	1.0	NonTarget	1	37544
146.7811790354747	1.0	NonTarget	1	37576
146.90617897504077	1.0	NonTarget	1	37608
147.03117891460687	1.0	NonTarget	1	37640
147.15617885417296	1.0	NonTarget	1	37672
147.28117879373903	1.0	NonTarget	1	37704
147.40617873330513	1.0	NonTarget	1	37736
147.53117867287122	1.0	NonTarget	1	37768
147.6561786124373	1.0	NonTarget	1	37800
147.78117855200338	1.0	NonTarget	1	37832
147.90617849156945	1.0	NonTarget	1	37864
148.03117843113554	1.0	NonTarget	1	37896
148.15617837070164	1.0	NonTarget	1	37928
148.2811783102677	1.0	NonTarget	1	37960
148.4061782498338	1.0	NonTarget	1	37992
154.53117528857194	1.0	NonTarget	1	39560
154.656175228138	1.0	NonTarget	1	39592
154.7811751677041	1.0	NonTarget	1	39624
154.9061751072702	1.0	NonTarget	1	39656
155.03117504683627	1.0	NonTarget	1	39688
155.15617498640236	1.0	NonTarget	1	39720
155.28117492596846	1.0	NonTarget	1	39752
155.40617486553452	1.0	NonTarget	1	39784
155.53117480510062	1.0	NonTarget	1	39816
155.65617474466669	1.0	NonTarget	1	39848
155.78117468423278	1.0	NonTarget	1	39880
155.90617462379888	1.0	NonTarget	1	39912
156.03117456336494	1.0	NonTarget	1	39944
156.15617450293104	1.0	NonTarget	1	39976
156.28117444249713	1.0	NonTarget	1	40008
156.4061743820632	1.0	NonTarget	1	40040
156.5311743216293	1.0	NonTarget	1	40072
156.6561742611954	1.0	NonTarget	1	40104
156.78117420076146	1.0	NonTarget	1	40136
156.90617414032755	1.0	NonTarget	1	40168
157.03117407989362	1.0	NonTarget	1	40200
157.1561740194597	1.0	NonTarget	1	40232
157.2811739590258	1.0	NonTarget	1	40264
157.40617389859187	1.0	NonTarget	1	40296
157.53117383815797	1.0	NonTarget	1	40328
157.65617377772406	1.0	NonTarget	1	40360
157.78117371729013	1.0	NonTarget	1	40392
157.90617365685623	1.0	NonTarget	1	40424
158.0311735964223	1.0	NonTarget	1	40456
158.1561735359884	1.0	NonTarget	1	40488
158.28117347555448	1.0	NonTarget	1	40520
158.40617341512055	1.0	NonTarget	1	40552
158.53117335468664	1.0	NonTarget	1	40584
158.65617329425274	1.0	NonTarget	1	40616
158.7811732338188	1.0	NonTarget	1	40648
158.9061731733849	1.0	NonTarget	1	40680
159.03117311295097	1.0	NonTarget	1	40712
159.15617305251706	1.0	NonTarget	1	40744
159.28117299208316	1.0	NonTarget	1	40776
159.40617293164922	1.0	NonTarget	1	40808
159.53117287121532	1.0	NonTarget	1	40840
159.6561728107814	1.0	NonTarget	1	40872
159.78117275034748	1.0	NonTarget	1	40904
159.90617268991357	1.0	NonTarget	1	40936
160.03117262947967	1.0	NonTarget	1	40968
160.15617256904574	1.0	NonTarget	1	41000
160.28117250861183	1.0	NonTarget	1	41032
160.4061724481779	1.0	NonTarget	1	41064
160.531172387744	1.0	NonTarget	1	41096
160.6561723273101	1.0	NonTarget	1	41128
160.78117226687615	1.0	NonTarget	1	41160
160.90617220644225	1.0	NonTarget	1	41192
161.03117214600834	1.0	NonTarget	1	41224
161.1561720855744	1.0	NonTarget	1	41256
161.2811720251405	1.0	NonTarget	1	41288
161.40617196470657	1.0	NonTarget	1	41320
161.53117190427267	1.0	NonTarget	1	41352
161.65617184383876	1.0	NonTarget	1	41384
161.78117178340483	1.0	NonTarget	1	41416
161.90617172297092	1.0	NonTarget	1	41448
162.03117166253702	1.0	NonTarget	1	41480
162.1561716021031	1.0	NonTarget	1	41512
162.28117154166918	1.0	NonTarget	1	41544
162.40617148123525	1.0	NonTarget	1	41576
162.53117142080134	1.0	NonTarget	1	41608
162.65617136036744	1.0	NonTarget	1	41640
162.7811712999335	1.0	NonTarget	1	41672
162.9061712394996	1.0	NonTarget	1	41704
163.0311711790657	1.0	NonTarget	1	41736
163.15617111863176	1.0	NonTarget	1	41768
163.28117105819786	1.0	NonTarget	1	41800
163.40617099776395	1.0	NonTarget	1	41832
169.53116803650207	1.0	NonTarget	1	43400
169.65616797606816	1.0	NonTarget	1	43432
169.78116791563426	1.0	NonTarget	1	43464
169.90616785520032	1.0	NonTarget	1	43496
170.03116779476642	1.0	NonTarget	1	43528
170.1561677343325	1.0	NonTarget	1	43560
170.28116767389858	1.0	NonTarget	1	43592
170.40616761346467	1.0	NonTarget	1	43624
170.53116755303074	1.0	NonTarget	1	43656
170.65616749259684	1.0	NonTarget	1	43688
170.78116743216293	1.0	NonTarget	1	43720
170.906167371729	1.0	NonTarget	1	43752
171.0311673112951	1.0	NonTarget	1	43784
171.1561672508612	1.0	NonTarget	1	43816
171.28116719042725	1.0	NonTarget	1	43848
171.40616712999335	1.0	NonTarget	1	43880
171.53116706955942	1.0	NonTarget	1	43912
171.6561670091255	1.0	NonTarget	1	43944
171.7811669486916	1.0	NonTarget	1	43976
171.90616688825767	1.0	NonTarget	1	44008
172.03116682782377	1.0	NonTarget	1	44040
172.15616676738986	1.0	NonTarget	1	44072
172.28116670695593	1.0	NonTarget	1	44104
172.40616664652202	1.0	NonTarget	1	44136
172.5311665860881	1.0	NonTarget	1	44168
172.65616652565419	1.0	NonTarget	1	44200
172.78116646522028	1.0	NonTarget	1	44232
172.90616640478635	1.0	NonTarget	1	44264
173.03116634435244	1.0	NonTarget	1	44296
173.15616628391854	1.0	NonTarget	1	44328
173.2811662234846	1.0	NonTarget	1	44360
173.4061661630507	1.0	NonTarget	1	44392
173.5311661026168	1.0	NonTarget	1	44424
173.65616604218286	1.0	NonTarget	1	44456
173.78116598174896	1.0	NonTarget	1	44488
173.90616592131502	1.0	NonTarget	1	44520
174.03116586088112	1.0	NonTarget	1	44552
174.1561658004472	1.0	NonTarget	1	44584
174.28116574001328	1.0	NonTarget	1	44616
174.40616567957937	1.0	NonTarget	1	44648
174.53116561914547	1.0	NonTarget	1	44680
174.65616555871154	1.0	NonTarget	1	44712
174.78116549827763	1.0	NonTarget	1	44744
174.9061654378437	1.0	NonTarget	1	44776
175.0311653774098	1.0	NonTarget	1	44808
175.1561653169759	1.0	NonTarget	1	44840
175.28116525654195	1.0	NonTarget	1	44872
175.40616519610805	1.0	NonTarget	1	44904
175.53116513567414	1.0	NonTarget	1	44936
175.6561650752402	1.0	NonTarget	1	44968
175.7811650148063	1.0	NonTarget	1	45000
175.90616495437237	1.0	NonTarget	1	45032
176.03116489393847	1.0	NonTarget	1	45064
176.15616483350456	1.0	NonTarget	1	45096
176.28116477307063	1.0	NonTarget	1	45128
176.40616471263672	1.0	NonTarget	1	45160
176.53116465220282	1.0	NonTarget	1	45192
176.65616459176888	1.0	NonTarget	1	45224
176.78116453133498	1.0	NonTarget	1	45256
176.90616447090107	1.0	NonTarget	1	45288
177.03116441046714	1.0	NonTarget	1	45320
177.15616435003324	1.0	NonTarget	1	45352
177.2811642895993	1.0	NonTarget	1	45384
177.4061642291654	1.0	NonTarget	1	45416
177.5311641687315	1.0	NonTarget	1	45448
177.65616410829756	1.0	NonTarget	1	45480
177.78116404786365	1.0	NonTarget	1	45512
177.90616398742975	1.0	NonTarget	1	45544
178.03116392699582	1.0	NonTarget	1	45576
178.1561638665619	1.0	NonTarget	1	45608
178.28116380612798	1.0	NonTarget	1	45640
178.40616374569407	1.0	NonTarget	1	45672
184.53116078443222	1.0	NonTarget	1	47240
184.6561607239983	1.0	NonTarget	1	47272
184.78116066356438	1.0	NonTarget	1	47304
184.90616060313047	1.0	NonTarget	1	47336
185.03116054269654	1.0	NonTarget	1	47368
185.15616048226264	1.0	NonTarget	1	47400
185.28116042182873	1.0	NonTarget	1	47432
185.4061603613948	1.0	NonTarget	1	47464
185.5311603009609	1.0	NonTarget	1	47496
185.656160240527	1.0	NonTarget	1	47528
185.78116018009305	1.0	NonTarget	1	47560
185.90616011965915	1.0	NonTarget	1	47592
186.03116005922521	1.0	NonTarget	1	47624
186.1561599987913	1.0	NonTarget	1	47656
186.2811599383574	1.0	NonTarget	1	47688
186.40615987792347	1.0	NonTarget	1	47720
186.53115981748957	1.0	NonTarget	1	47752
186.65615975705566	1.0	NonTarget	1	47784
186.78115969662173	1.0	NonTarget	1	47816
186.90615963618782	1.0	NonTarget	1	47848
187.03115957575392	1.0	NonTarget	1	47880
187.15615951531998	1.0	NonTarget	1	47912
187.28115945488608	1.0	NonTarget	1	47944
187.40615939445215	1.0	NonTarget	1	47976
187.53115933401824	1.0	NonTarget	1	48008
187.65615927358434	1.0	NonTarget	1	48040
187.7811592131504	1.0	NonTarget	1	48072
187.9061591527165	1.0	NonTarget	1	48104
188.0311590922826	1.0	NonTarget	1	48136
188.15615903184866	1.0	NonTarget	1	48168
188.28115897141475	1.0	NonTarget	1	48200
188.40615891098082	1.0	NonTarget	1	48232
188.53115885054692	1.0	NonTarget	1	48264
188.656158790113	1.0	NonTarget	1	48296
188.78115872967908	1.0	NonTarget	1	48328
188.90615866924517	1.0	NonTarget	1	48360
189.03115860881127	1.0	NonTarget	1	48392
189.15615854837733	1.0	NonTarget	1	48424
189.28115848794343	1.0	NonTarget	1	48456
189.4061584275095	1.0	NonTarget	1	48488
189.5311583670756	1.0	NonTarget	1	48520
189.6561583066417	1.0	NonTarget	1	48552
189.78115824620775	1.0	NonTarget	1	48584
189.90615818577385	1.0	NonTarget	1	48616
190.03115812533994	1.0	NonTarget	1	48648
190.156158064906	1.0	NonTarget	1	48680
190.2811580044721	1.0	NonTarget	1	48712
190.4061579440382	1.0	NonTarget	1	48744
190.53115788360427	1.0	NonTarget	1	48776
190.65615782317036	1.0	NonTarget	1	48808
190.78115776273643	1.0	NonTarget	1	48840
190.90615770230252	1.0	NonTarget	1	48872
191.03115764186862	1.0	NonTarget	1	48904
191.15615758143468	1.0	NonTarget	1	48936
191.28115752100078	1.0	NonTarget	1	48968
191.40615746056687	1.0	NonTarget	1	49000
191.53115740013294	1.0	NonTarget	1	49032
191.65615733969904	1.0	NonTarget	1	49064
191.7811572792651	1.0	NonTarget	1	49096
191.9061572188312	1.0	NonTarget	1	49128
192.0311571583973	1.0	NonTarget	1	49160
192.15615709796336	1.0	NonTarget	1	49192
192.28115703752945	1.0	NonTarget	1	49224
192.40615697709555	1.0	NonTarget	1	49256
192.53115691666162	1.0	NonTarget	1	49288
192.6561568562277	1.0	NonTarget	1	49320
192.78115679579378	1.0	NonTarget	1	49352
192.90615673535987	1.0	NonTarget	1	49384
193.03115667492597	1.0	NonTarget	1	49416
193.15615661449203	1.0	NonTarget	1	49448
193.28115655405813	1.0	NonTarget	1	49480
193.40615649362422	1.0	NonTarget	1	49512
199.53115353236234	1.0	NonTarget	1	51080
199.65615347192843	1.0	NonTarget	1	51112
199.78115341149453	1.0	NonTarget	1	51144
199.9061533510606	1.0	NonTarget	1	51176
200.0311532906267	1.0	NonTarget	1	51208
200.15615323019279	1.0	NonTarget	1	51240
200.28115316975885	1.0	NonTarget	1	51272
200.40615310932495	1.0	NonTarget	1	51304
200.53115304889104	1.0	NonTarget	1	51336
200.6561529884571	1.0	NonTarget	1	51368
200.7811529280232	1.0	NonTarget	1	51400
200.90615286758927	1.0	NonTarget	1	51432
201.03115280715537	1.0	NonTarget	1	51464
201.15615274672146	1.0	NonTarget	1	51496
201.28115268628753	1.0	NonTarget	1	51528
201.40615262585362	1.0	NonTarget	1	51560
201.53115256541972	1.0	NonTarget	1	51592
201.65615250498578	1.0	NonTarget	1	51624
201.78115244455188	1.0	NonTarget	1	51656
201.90615238411795	1.0	NonTarget	1	51688
202.03115232368404	1.0	NonTarget	1	51720
202.15615226325014	1.0	NonTarget	1	51752
202.2811522028162	1.0	NonTarget	1	51784
202.4061521423823	1.0	NonTarget	1	51816
202.5311520819484	1.0	NonTarget	1	51848
202.65615202151446	1.0	NonTarget	1	51880
202.78115196108055	1.0	NonTarget	1	51912
202.90615190064662	1.0	NonTarget	1	51944
203.03115184021271	1.0	NonTarget	1	51976
203.1561517797788	1.0	NonTarget	1	52008
203.28115171934488	1.0	NonTarget	1	52040
203.40615165891097	1.0	NonTarget	1	52072
203.53115159847707	1.0	NonTarget	1	52104
203.65615153804313	1.0	NonTarget	1	52136
203.78115147760923	1.0	NonTarget	1	52168
203.90615141717532	1.0	NonTarget	1	52200
204.0311513567414	1.0	NonTarget	1	52232
204.15615129630748	1.0	NonTarget	1	52264
204.28115123587355	1.0	NonTarget	1	52296
204.40615117543965	1.0	NonTarget	1	52328
204.53115111500574	1.0	NonTarget	1	52360
204.6561510545718	1.0	NonTarget	1	52392
204.7811509941379	1.0	NonTarget	1	52424
204.906150933704	1.0	NonTarget	1	52456
205.03115087327006	1.0	NonTarget	1	52488
205.15615081283616	1.0	NonTarget	1	52520
205.28115075240223	1.0	NonTarget	1	52552
205.40615069196832	1.0	NonTarget	1	52584
205.53115063153442	1.0	NonTarget	1	52616
205.65615057110048	1.0	NonTarget	1	52648
205.78115051066658	1.0	NonTarget	1	52680
205.90615045023267	1.0	NonTarget	1	52712
206.03115038979874	1.0	NonTarget	1	52744
206.15615032936483	1.0	NonTarget	1	52776
206.2811502689309	1.0	NonTarget	1	52808
206.406150208497	1.0	NonTarget	1	52840
206.5311501480631	1.0	NonTarget	1	52872
206.65615008762916	1.0	NonTarget	1	52904
206.78115002719525	1.0	NonTarget	1	52936
206.90614996676135	1.0	NonTarget	1	52968
207.0311499063274	1.0	NonTarget	1	53000
207.1561498458935	1.0	NonTarget	1	53032
207.2811497854596	1.0	NonTarget	1	53064
207.40614972502567	1.0	NonTarget	1	53096
207.53114966459177	1.0	NonTarget	1	53128
207.65614960415783	1.0	NonTarget	1	53160
207.78114954372393	1.0	NonTarget	1	53192
207.90614948329002	1.0	NonTarget	1	53224
208.0311494228561	1.0	NonTarget	1	53256
208.15614936242218	1.0	NonTarget	1	53288
208.28114930198828	1.0	NonTarget	1	53320
208.40614924155435	1.0	NonTarget	1	53352
214.5311462802925	1.0	NonTarget	1	54920
214.65614621985858	1.0	NonTarget	1	54952
214.78114615942465	1.0	NonTarget	1	54984
214.90614609899075	1.0	NonTarget	1	55016
215.03114603855684	1.0	NonTarget	1	55048
215.1561459781229	1.0	NonTarget	1	55080
215.281145917689	1.0	NonTarget	1	55112
215.40614585725507	1.0	NonTarget	1	55144
215.53114579682116	1.0	NonTarget	1	55176
215.65614573638726	1.0	NonTarget	1	55208
215.78114567595333	1.0	NonTarget	1	55240
215.90614561551942	1.0	NonTarget	1	55272
216.03114555508552	1.0	NonTarget	1	55304
216.15614549465158	1.0	NonTarget	1	55336
216.28114543421768	1.0	NonTarget	1	55368
216.40614537378374	1.0	NonTarget	1	55400
216.53114531334984	1.0	NonTarget	1	55432
216.65614525291593	1.0	NonTarget	1	55464
216.781145192482	1.0	NonTarget	1	55496
216.9061451320481	1.0	NonTarget	1	55528
217.0311450716142	1.0	NonTarget	1	55560
217.15614501118026	1.0	NonTarget	1	55592
217.28114495074635	1.0	NonTarget	1	55624
217.40614489031245	1.0	NonTarget	1	55656
217.5311448298785	1.0	NonTarget	1	55688
217.6561447694446	1.0	NonTarget	1	55720
217.78114470901068	1.0	NonTarget	1	55752
217.90614464857677	1.0	NonTarget	1	55784
218.03114458814287	1.0	NonTarget	1	55816
218.15614452770893	1.0	NonTarget	1	55848
218.28114446727503	1.0	NonTarget	1	55880
218.40614440684112	1.0	NonTarget	1	55912
218.5311443464072	1.0	NonTarget	1	55944
218.65614428597328	1.0	NonTarget	1	55976
218.78114422553935	1.0	NonTarget	1	56008
218.90614416510545	1.0	NonTarget	1	56040
219.03114410467154	1.0	NonTarget	1	56072
219.1561440442376	1.0	NonTarget	1	56104
219.2811439838037	1.0	NonTarget	1	56136
219.4061439233698	1.0	NonTarget	1	56168
219.53114386293586	1.0	NonTarget	1	56200
219.65614380250196	1.0	NonTarget	1	56232
219.78114374206802	1.0	NonTarget	1	56264
219.90614368163412	1.0	NonTarget	1	56296
220.03114362120021	1.0	NonTarget	1	56328
220.15614356076628	1.0	NonTarget	1	56360
220.28114350033238	1.0	NonTarget	1	56392
220.40614343989847	1.0	NonTarget	1	56424
220.53114337946454	1.0	NonTarget	1	56456
220.65614331903063	1.0	NonTarget	1	56488
220.7811432585967	1.0	NonTarget	1	56520
220.9061431981628	1.0	NonTarget	1	56552
221.0311431377289	1.0	NonTarget	1	56584
221.15614307729496	1.0	NonTarget	1	56616
221.28114301686105	1.0	NonTarget	1	56648
221.40614295642715	1.0	NonTarget	1	56680
221.5311428959932	1.0	NonTarget	1	56712
221.6561428355593	1.0	NonTarget	1	56744
221.7811427751254	1.0	NonTarget	1	56776
221.90614271469147	1.0	NonTarget	1	56808
222.03114265425756	1.0	NonTarget	1	56840
222.15614259382363	1.0	NonTarget	1	56872
222.28114253338973	1.0	NonTarget	1	56904
222.40614247295582	1.0	NonTarget	1	56936
222.5311424125219	1.0	NonTarget	1	56968
222.65614235208798	1.0	NonTarget	1	57000
222.78114229165408	1.0	NonTarget	1	57032
222.90614223122014	1.0	NonTarget	1	57064
223.03114217078624	1.0	NonTarget	1	57096
223.1561421103523	1.0	NonTarget	1	57128
223.2811420499184	1.0	NonTarget	1	57160
223.4061419894845	1.0	NonTarget	1	57192
229.53113902822264	1.0	NonTarget	1	58760
229.6561389677887	1.0	NonTarget	1	58792
229.7811389073548	1.0	NonTarget	1	58824
229.90613884692087	1.0	NonTarget	1	58856
230.03113878648696	1.0	NonTarget	1	58888
230.15613872605306	1.0	NonTarget	1	58920
230.28113866561912	1.0	NonTarget	1	58952
230.40613860518522	1.0	NonTarget	1	58984
230.53113854475131	1.0	NonTarget	1	59016
230.65613848431738	1.0	NonTarget	1	59048
230.78113842388348	1.0	NonTarget	1	59080
230.90613836344954	1.0	NonTarget	1	59112
231.03113830301564	1.0	NonTarget	1	59144
231.15613824258173	1.0	NonTarget	1	59176
231.2811381821478	1.0	NonTarget	1	59208
231.4061381217139	1.0	NonTarget	1	59240
231.53113806128	1.0	NonTarget	1	59272
231.65613800084606	1.0	NonTarget	1	59304
231.78113794041215	1.0	NonTarget	1	59336
231.90613787997825	1.0	NonTarget	1	59368
232.0311378195443	1.0	NonTarget	1	59400
232.1561377591104	1.0	NonTarget	1	59432
232.28113769867647	1.0	NonTarget	1	59464
232.40613763824257	1.0	NonTarget	1	59496
232.53113757780866	1.0	NonTarget	1	59528
232.65613751737473	1.0	NonTarget	1	59560
232.78113745694083	1.0	NonTarget	1	59592
232.90613739650692	1.0	NonTarget	1	59624
233.031137336073	1.0	NonTarget	1	59656
233.15613727563908	1.0	NonTarget	1	59688
233.28113721520515	1.0	NonTarget	1	59720
233.40613715477124	1.0	NonTarget	1	59752
233.53113709433734	1.0	NonTarget	1	59784
233.6561370339034	1.0	NonTarget	1	59816
233.7811369734695	1.0	NonTarget	1	59848
233.9061369130356	1.0	NonTarget	1	59880
234.03113685260166	1.0	NonTarget	1	59912
234.15613679216776	1.0	NonTarget	1	59944
234.28113673173382	1.0	NonTarget	1	59976
234.40613667129992	1.0	NonTarget	1	60008
234.531136610866	1.0	NonTarget	1	60040
234.65613655043208	1.0	NonTarget	1	60072
234.78113648999818	1.0	NonTarget	1	60104
234.90613642956427	1.0	NonTarget	1	60136
235.03113636913034	1.0	NonTarget	1	60168
235.15613630869643	1.0	NonTarget	1	60200
235.28113624826253	1.0	NonTarget	1	60232
235.4061361878286	1.0	NonTarget	1	60264
235.5311361273947	1.0	NonTarget	1	60296
235.65613606696076	1.0	NonTarget	1	60328
235.78113600652685	1.0	NonTarget	1	60360
235.90613594609295	1.0	NonTarget	1	60392
236.031135885659	1.0	NonTarget	1	60424
236.1561358252251	1.0	NonTarget	1	60456
236.2811357647912	1.0	NonTarget	1	60488
236.40613570435727	1.0	NonTarget	1	60520
236.53113564392336	1.0	NonTarget	1	60552
236.65613558348943	1.0	NonTarget	1	60584
236.78113552305553	1.0	NonTarget	1	60616
236.90613546262162	1.0	NonTarget	1	60648
237.0311354021877	1.0	NonTarget	1	60680
237.15613534175378	1.0	NonTarget	1	60712
237.28113528131988	1.0	NonTarget	1	60744
237.40613522088594	1.0	NonTarget	1	60776
237.53113516045204	1.0	NonTarget	1	60808
237.6561351000181	1.0	NonTarget	1	60840
237.7811350395842	1.0	NonTarget	1	60872
237.9061349791503	1.0	NonTarget	1	60904
238.03113491871636	1.0	NonTarget	1	60936
238.15613485828246	1.0	NonTarget	1	60968
238.28113479784855	1.0	NonTarget	1	61000
238.40613473741462	1.0	NonTarget	1	61032
244.53113177615276	1.0	NonTarget	1	62600
244.65613171571886	1.0	NonTarget	1	62632
244.78113165528492	1.0	NonTarget	1	62664
244.90613159485102	1.0	NonTarget	1	62696
245.0311315344171	1.0	NonTarget	1	62728
245.15613147398318	1.0	NonTarget	1	62760
245.28113141354928	1.0	NonTarget	1	62792
245.40613135311537	1.0	NonTarget	1	62824
245.53113129268144	1.0	NonTarget	1	62856
245.65613123224753	1.0	NonTarget	1	62888
245.7811311718136	1.0	NonTarget	1	62920
245.9061311113797	1.0	NonTarget	1	62952
246.0311310509458	1.0	NonTarget	1	62984
246.15613099051185	1.0	NonTarget	1	63016
246.28113093007795	1.0	NonTarget	1	63048
246.40613086964404	1.0	NonTarget	1	63080
246.5311308092101	1.0	NonTarget	1	63112
246.6561307487762	1.0	NonTarget	1	63144
246.78113068834227	1.0	NonTarget	1	63176
246.90613062790837	1.0	NonTarget	1	63208
247.03113056747446	1.0	NonTarget	1	63240
247.15613050704053	1.0	NonTarget	1	63272
247.28113044660662	1.0	NonTarget	1	63304
247.40613038617272	1.0	NonTarget	1	63336
247.5311303257388	1.0	NonTarget	1	63368
247.65613026530488	1.0	NonTarget	1	63400
247.78113020487095	1.0	NonTarget	1	63432
247.90613014443704	1.0	NonTarget	1	63464
248.03113008400314	1.0	NonTarget	1	63496
248.1561300235692	1.0	NonTarget	1	63528
248.2811299631353	1.0	NonTarget	1	63560
248.4061299027014	1.0	NonTarget	1	63592
248.53112984226746	1.0	NonTarget	1	63624
248.65612978183356	1.0	NonTarget	1	63656
248.78112972139965	1.0	NonTarget	1	63688
248.90612966096572	1.0	NonTarget	1	63720
249.0311296005318	1.0	NonTarget	1	63752
249.15612954009788	1.0	NonTarget	1	63784
249.28112947966397	1.0	NonTarget	1	63816
249.40612941923007	1.0	NonTarget	1	63848
249.53112935879614	1.0	NonTarget	1	63880
249.65612929836223	1.0	NonTarget	1	63912
249.78112923792833	1.0	NonTarget	1	63944
249.9061291774944	1.0	NonTarget	1	63976
250.0311291170605	1.0	NonTarget	1	64008
250.15612905662655	1.0	NonTarget	1	64040
250.28112899619265	1.0	NonTarget	1	64072
250.40612893575874	1.0	NonTarget	1	64104
250.5311288753248	1.0	NonTarget	1	64136
250.6561288148909	1.0	NonTarget	1	64168
250.781128754457	1.0	NonTarget	1	64200
250.90612869402307	1.0	NonTarget	1	64232
251.03112863358916	1.0	NonTarget	1	64264
251.15612857315523	1.0	NonTarget	1	64296
251.28112851272132	1.0	NonTarget	1	64328
251.40612845228742	1.0	NonTarget	1	64360
251.53112839185349	1.0	NonTarget	1	64392
251.65612833141958	1.0	NonTarget	1	64424
251.78112827098568	1.0	NonTarget	1	64456
251.90612821055174	1.0	NonTarget	1	64488
252.03112815011784	1.0	NonTarget	1	64520
252.15612808968393	1.0	NonTarget	1	64552
252.28112802925	1.0	NonTarget	1	64584
252.4061279688161	1.0	NonTarget	1	64616
252.53112790838216	1.0	NonTarget	1	64648
252.65612784794826	1.0	NonTarget	1	64680
252.78112778751435	1.0	NonTarget	1	64712
252.90612772708042	1.0	NonTarget	1	64744
253.0311276666465	1.0	NonTarget	1	64776
253.1561276062126	1.0	NonTarget	1	64808
253.28112754577867	1.0	NonTarget	1	64840
253.40612748534477	1.0	NonTarget	1	64872
259.5311245240829	1.0	NonTarget	1	66440
259.656124463649	1.0	NonTarget	1	66472
259.7811244032151	1.0	NonTarget	1	66504
259.90612434278114	1.0	NonTarget	1	66536
260.03112428234726	1.0	NonTarget	1	66568
260.15612422191333	1.0	NonTarget	1	66600
260.2811241614794	1.0	NonTarget	1	66632
260.4061241010455	1.0	NonTarget	1	66664
260.5311240406116	1.0	NonTarget	1	66696
260.65612398017765	1.0	NonTarget	1	66728
260.7811239197437	1.0	NonTarget	1	66760
260.90612385930984	1.0	NonTarget	1	66792
261.0311237988759	1.0	NonTarget	1	66824
261.156123738442	1.0	NonTarget	1	66856
261.2811236780081	1.0	NonTarget	1	66888
261.40612361757417	1.0	NonTarget	1	66920
261.53112355714023	1.0	NonTarget	1	66952
261.65612349670636	1.0	NonTarget	1	66984
261.7811234362724	1.0	NonTarget	1	67016
261.9061233758385	1.0	NonTarget	1	67048
262.0311233154046	1.0	NonTarget	1	67080
262.1561232549707	1.0	NonTarget	1	67112
262.28112319453675	1.0	NonTarget	1	67144
262.40612313410287	1.0	NonTarget	1	67176
262.53112307366894	1.0	NonTarget	1	67208
262.656123013235	1.0	NonTarget	1	67240
262.7811229528011	1.0	NonTarget	1	67272
262.9061228923672	1.0	NonTarget	1	67304
263.03112283193326	1.0	NonTarget	1	67336
263.1561227714993	1.0	NonTarget	1	67368
263.28112271106545	1.0	NonTarget	1	67400
263.4061226506315	1.0	NonTarget	1	67432
263.5311225901976	1.0	NonTarget	1	67464
263.6561225297637	1.0	NonTarget	1	67496
263.7811224693298	1.0	NonTarget	1	67528
263.90612240889584	1.0	NonTarget	1	67560
264.03112234846196	1.0	NonTarget	1	67592
264.15612228802803	1.0	NonTarget	1	67624
264.2811222275941	1.0	NonTarget	1	67656
264.4061221671602	1.0	NonTarget	1	67688
264.5311221067263	1.0	NonTarget	1	67720
264.65612204629235	1.0	NonTarget	1	67752
264.7811219858585	1.0	NonTarget	1	67784
264.90612192542454	1.0	NonTarget	1	67816
265.0311218649906	1.0	NonTarget	1	67848
265.15612180455673	1.0	NonTarget	1	67880
265.2811217441228	1.0	NonTarget	1	67912
265.40612168368887	1.0	NonTarget	1	67944
265.53112162325493	1.0	NonTarget	1	67976
265.65612156282106	1.0	NonTarget	1	68008
265.7811215023871	1.0	NonTarget	1	68040
265.9061214419532	1.0	NonTarget	1	68072
266.0311213815193	1.0	NonTarget	1	68104
266.1561213210854	1.0	NonTarget	1	68136
266.28112126065145	1.0	NonTarget	1	68168
266.40612120021757	1.0	NonTarget	1	68200
266.53112113978364	1.0	NonTarget	1	68232
266.6561210793497	1.0	NonTarget	1	68264
266.7811210189158	1.0	NonTarget	1	68296
266.9061209584819	1.0	NonTarget	1	68328
267.03112089804796	1.0	NonTarget	1	68360
267.1561208376141	1.0	NonTarget	1	68392
267.28112077718015	1.0	NonTarget	1	68424
267.4061207167462	1.0	NonTarget	1	68456
267.5311206563123	1.0	NonTarget	1	68488
267.6561205958784	1.0	NonTarget	1	68520
267.7811205354445	1.0	NonTarget	1	68552
267.90612047501054	1.0	NonTarget	1	68584
268.03112041457666	1.0	NonTarget	1	68616
268.15612035414273	1.0	NonTarget	1	68648
268.2811202937088	1.0	NonTarget	1	68680
268.4061202332749	1.0	NonTarget	1	68712
274.53111727201303	1.0	NonTarget	1	70280
274.6561172115791	1.0	NonTarget	1	70312
274.7811171511452	1.0	NonTarget	1	70344
274.9061170907113	1.0	NonTarget	1	70376
275.03111703027736	1.0	NonTarget	1	70408
275.1561169698435	1.0	NonTarget	1	70440
275.28111690940955	1.0	NonTarget	1	70472
275.4061168489756	1.0	NonTarget	1	70504
275.53111678854174	1.0	NonTarget	1	70536
275.6561167281078	1.0	NonTarget	1	70568
275.78111666767387	1.0	NonTarget	1	70600
275.90611660724	1.0	NonTarget	1	70632
276.03111654680606	1.0	NonTarget	1	70664
276.1561164863721	1.0	NonTarget	1	70696
276.28111642593825	1.0	NonTarget	1	70728
276.4061163655043	1.0	NonTarget	1	70760
276.5311163050704	1.0	NonTarget	1	70792
276.65611624463645	1.0	NonTarget	1	70824
276.7811161842026	1.0	NonTarget	1	70856
276.90611612376864	1.0	NonTarget	1	70888
277.0311160633347	1.0	NonTarget	1	70920
277.15611600290083	1.0	NonTarget	1	70952
277.2811159424669	1.0	NonTarget	1	70984
277.40611588203296	1.0	NonTarget	1	71016
277.5311158215991	1.0	NonTarget	1	71048
277.65611576116515	1.0	NonTarget	1	71080
277.7811157007312	1.0	NonTarget	1	71112
277.90611564029734	1.0	NonTarget	1	71144
278.0311155798634	1.0	NonTarget	1	71176
278.1561155194295	1.0	NonTarget	1	71208
278.2811154589956	1.0	NonTarget	1	71240
278.40611539856167	1.0	NonTarget	1	71272
278.53111533812773	1.0	NonTarget	1	71304
278.6561152776938	1.0	NonTarget	1	71336
278.7811152172599	1.0	NonTarget	1	71368
278.906115156826	1.0	NonTarget	1	71400
279.03111509639206	1.0	NonTarget	1	71432
279.1561150359582	1.0	NonTarget	1	71464
279.28111497552425	1.0	NonTarget	1	71496
279.4061149150903	1.0	NonTarget	1	71528
279.53111485465644	1.0	NonTarget	1	71560
279.6561147942225	1.0	NonTarget	1	71592
279.78111473378857	1.0	NonTarget	1	71624
279.9061146733547	1.0	NonTarget	1	71656
280.03111461292076	1.0	NonTarget	1	71688
280.1561145524868	1.0	NonTarget	1	71720
280.28111449205295	1.0	NonTarget	1	71752
280.406114431619	1.0	NonTarget	1	71784
280.5311143711851	1.0	NonTarget	1	71816
280.6561143107512	1.0	NonTarget	1	71848
280.7811142503173	1.0	NonTarget	1	71880
280.90611418988334	1.0	NonTarget	1	71912
281.0311141294494	1.0	NonTarget	1	71944
281.15611406901553	1.0	NonTarget	1	71976
281.2811140085816	1.0	NonTarget	1	72008
281.40611394814766	1.0	NonTarget	1	72040
281.5311138877138	1.0	NonTarget	1	72072
281.65611382727985	1.0	NonTarget	1	72104
281.7811137668459	1.0	NonTarget	1	72136
281.90611370641204	1.0	NonTarget	1	72168
282.0311136459781	1.0	NonTarget	1	72200
282.1561135855442	1.0	NonTarget	1	72232
282.2811135251103	1.0	NonTarget	1	72264
282.40611346467637	1.0	NonTarget	1	72296
282.53111340424243	1.0	NonTarget	1	72328
282.65611334380856	1.0	NonTarget	1	72360
282.7811132833746	1.0	NonTarget	1	72392
282.9061132229407	1.0	NonTarget	1	72424
283.0311131625068	1.0	NonTarget	1	72456
283.1561131020729	1.0	NonTarget	1	72488
283.28111304163895	1.0	NonTarget	1	72520
283.406112981205	1.0	NonTarget	1	72552
289.5311100199432	1.0	NonTarget	1	74120
289.65610995950925	1.0	NonTarget	1	74152
289.7811098990754	1.0	NonTarget	1	74184
289.90610983864144	1.0	NonTarget	1	74216
290.0311097782075	1.0	NonTarget	1	74248
290.1561097177736	1.0	NonTarget	1	74280
290.2811096573397	1.0	NonTarget	1	74312
290.40610959690576	1.0	NonTarget	1	74344
290.53110953647183	1.0	NonTarget	1	74376
290.65610947603795	1.0	NonTarget	1	74408
290.781109415604	1.0	NonTarget	1	74440
290.9061093551701	1.0	NonTarget	1	74472
291.0311092947362	1.0	NonTarget	1	74504
291.1561092343023	1.0	NonTarget	1	74536
291.28110917386834	1.0	NonTarget	1	74568
291.40610911343447	1.0	NonTarget	1	74600
291.53110905300053	1.0	NonTarget	1	74632
291.6561089925666	1.0	NonTarget	1	74664
291.7811089321327	1.0	NonTarget	1	74696
291.9061088716988	1.0	NonTarget	1	74728
292.03110881126486	1.0	NonTarget	1	74760
292.1561087508309	1.0	NonTarget	1	74792
292.28110869039705	1.0	NonTarget	1	74824
292.4061086299631	1.0	NonTarget	1	74856
292.5311085695292	1.0	NonTarget	1	74888
292.6561085090953	1.0	NonTarget	1	74920
292.78110844866137	1.0	NonTarget	1	74952
292.90610838822744	1.0	NonTarget	1	74984
293.03110832779356	1.0	NonTarget	1	75016
293.1561082673596	1.0	NonTarget	1	75048
293.2811082069257	1.0	NonTarget	1	75080
293.4061081464918	1.0	NonTarget	1	75112
293.5311080860579	1.0	NonTarget	1	75144
293.65610802562395	1.0	NonTarget	1	75176
293.7811079651901	1.0	NonTarget	1	75208
293.90610790475614	1.0	NonTarget	1	75240
294.0311078443222	1.0	NonTarget	1	75272
294.15610778388833	1.0	NonTarget	1	75304
294.2811077234544	1.0	NonTarget	1	75336
294.40610766302046	1.0	NonTarget	1	75368
294.53110760258653	1.0	NonTarget	1	75400
294.65610754215265	1.0	NonTarget	1	75432
294.7811074817187	1.0	NonTarget	1	75464
294.9061074212848	1.0	NonTarget	1	75496
295.0311073608509	1.0	NonTarget	1	75528
295.156107300417	1.0	NonTarget	1	75560
295.28110723998304	1.0	NonTarget	1	75592
295.40610717954917	1.0	NonTarget	1	75624
295.53110711911523	1.0	NonTarget	1	75656
295.6561070586813	1.0	NonTarget	1	75688
295.7811069982474	1.0	NonTarget	1	75720
295.9061069378135	1.0	NonTarget	1	75752
296.03110687737956	1.0	NonTarget	1	75784
296.1561068169457	1.0	NonTarget	1	75816
296.28110675651175	1.0	NonTarget	1	75848
296.4061066960778	1.0	NonTarget	1	75880
296.53110663564394	1.0	NonTarget	1	75912
296.65610657521	1.0	NonTarget	1	75944
296.78110651477607	1.0	NonTarget	1	75976
296.90610645434214	1.0	NonTarget	1	76008
297.03110639390826	1.0	NonTarget	1	76040
297.1561063334743	1.0	NonTarget	1	76072
297.2811062730404	1.0	NonTarget	1	76104
297.4061062126065	1.0	NonTarget	1	76136
297.5311061521726	1.0	NonTarget	1	76168
297.65610609173865	1.0	NonTarget	1	76200
297.7811060313048	1.0	NonTarget	1	76232
297.90610597087084	1.0	NonTarget	1	76264
298.0311059104369	1.0	NonTarget	1	76296
298.15610585000303	1.0	NonTarget	1	76328
298.2811057895691	1.0	NonTarget	1	76360
298.40610572913516	1.0	NonTarget	1	76392
304.53110276787334	1.0	NonTarget	1	77960
304.6561027074394	1.0	NonTarget	1	77992
304.78110264700547	1.0	NonTarget	1	78024
304.9061025865716	1.0	NonTarget	1	78056
305.03110252613766	1.0	NonTarget	1	78088
305.1561024657037	1.0	NonTarget	1	78120
305.28110240526985	1.0	NonTarget	1	78152
305.4061023448359	1.0	NonTarget	1	78184
305.531102284402	1.0	NonTarget	1	78216
305.65610222396805	1.0	NonTarget	1	78248
305.7811021635342	1.0	NonTarget	1	78280
305.90610210310024	1.0	NonTarget	1	78312
306.0311020426663	1.0	NonTarget	1	78344
306.1561019822324	1.0	NonTarget	1	78376
306.2811019217985	1.0	NonTarget	1	78408
306.40610186136456	1.0	NonTarget	1	78440
306.5311018009307	1.0	NonTarget	1	78472
306.65610174049675	1.0	NonTarget	1	78504
306.7811016800628	1.0	NonTarget	1	78536
306.90610161962894	1.0	NonTarget	1	78568
307.031101559195	1.0	NonTarget	1	78600
307.1561014987611	1.0	NonTarget	1	78632
307.2811014383272	1.0	NonTarget	1	78664
307.40610137789326	1.0	NonTarget	1	78696
307.53110131745933	1.0	NonTarget	1	78728
307.65610125702545	1.0	NonTarget	1	78760
307.7811011965915	1.0	NonTarget	1	78792
307.9061011361576	1.0	NonTarget	1	78824
308.03110107572365	1.0	NonTarget	1	78856
308.1561010152898	1.0	NonTarget	1	78888
308.28110095485584	1.0	NonTarget	1	78920
308.4061008944219	1.0	NonTarget	1	78952
308.53110083398803	1.0	NonTarget	1	78984
308.6561007735541	1.0	NonTarget	1	79016
308.78110071312017	1.0	NonTarget	1	79048
308.9061006526863	1.0	NonTarget	1	79080
309.03110059225236	1.0	NonTarget	1	79112
309.1561005318184	1.0	NonTarget	1	79144
309.28110047138455	1.0	NonTarget	1	79176
309.4061004109506	1.0	NonTarget	1	79208
309.5311003505167	1.0	NonTarget	1	79240
309.6561002900828	1.0	NonTarget	1	79272
309.78110022964887	1.0	NonTarget	1	79304
309.90610016921494	1.0	NonTarget	1	79336
310.03110010878106	1.0	NonTarget	1	79368
310.1561000483471	1.0	NonTarget	1	79400
310.2810999879132	1.0	NonTarget	1	79432
310.40609992747926	1.0	NonTarget	1	79464
310.5310998670454	1.0	NonTarget	1	79496
310.65609980661145	1.0	NonTarget	1	79528
310.7810997461775	1.0	NonTarget	1	79560
310.90609968574364	1.0	NonTarget	1	79592
311.0310996253097	1.0	NonTarget	1	79624
311.1560995648758	1.0	NonTarget	1	79656
311.2810995044419	1.0	NonTarget	1	79688
311.40609944400796	1.0	NonTarget	1	79720
311.53109938357403	1.0	NonTarget	1	79752
311.65609932314015	1.0	NonTarget	1	79784
311.7810992627062	1.0	NonTarget	1	79816
311.9060992022723	1.0	NonTarget	1	79848
312.0310991418384	1.0	NonTarget	1	79880
312.1560990814045	1.0	NonTarget	1	79912
312.28109902097054	1.0	NonTarget	1	79944
312.4060989605366	1.0	NonTarget	1	79976
312.53109890010273	1.0	NonTarget	1	80008
312.6560988396688	1.0	NonTarget	1	80040
312.78109877923487	1.0	NonTarget	1	80072
312.906098718801	1.0	NonTarget	1	80104
313.03109865836706	1.0	NonTarget	1	80136
313.1560985979331	1.0	NonTarget	1	80168
313.28109853749925	1.0	NonTarget	1	80200
313.4060984770653	1.0	NonTarget	1	80232
319.53109551580343	1.0	NonTarget	1	81800
319.65609545536955	1.0	NonTarget	1	81832
319.7810953949356	1.0	NonTarget	1	81864
319.9060953345017	1.0	NonTarget	1	81896
320.0310952740678	1.0	NonTarget	1	81928
320.1560952136339	1.0	NonTarget	1	81960
320.28109515319994	1.0	NonTarget	1	81992
320.40609509276607	1.0	NonTarget	1	82024
320.53109503233213	1.0	NonTarget	1	82056
320.6560949718982	1.0	NonTarget	1	82088
320.7810949114643	1.0	NonTarget	1	82120
320.9060948510304	1.0	NonTarget	1	82152
321.03109479059646	1.0	NonTarget	1	82184
321.1560947301626	1.0	NonTarget	1	82216
321.28109466972865	1.0	NonTarget	1	82248
321.4060946092947	1.0	NonTarget	1	82280
321.5310945488608	1.0	NonTarget	1	82312
321.6560944884269	1.0	NonTarget	1	82344
321.78109442799297	1.0	NonTarget	1	82376
321.90609436755904	1.0	NonTarget	1	82408
322.03109430712516	1.0	NonTarget	1	82440
322.1560942466912	1.0	NonTarget	1	82472
322.2810941862573	1.0	NonTarget	1	82504
322.4060941258234	1.0	NonTarget	1	82536
322.5310940653895	1.0	NonTarget	1	82568
322.65609400495555	1.0	NonTarget	1	82600
322.7810939445217	1.0	NonTarget	1	82632
322.90609388408774	1.0	NonTarget	1	82664
323.0310938236538	1.0	NonTarget	1	82696
323.1560937632199	1.0	NonTarget	1	82728
323.281093702786	1.0	NonTarget	1	82760
323.40609364235206	1.0	NonTarget	1	82792
323.5310935819182	1.0	NonTarget	1	82824
323.65609352148425	1.0	NonTarget	1	82856
323.7810934610503	1.0	NonTarget	1	82888
323.9060934006164	1.0	NonTarget	1	82920
324.0310933401825	1.0	NonTarget	1	82952
324.1560932797486	1.0	NonTarget	1	82984
324.28109321931464	1.0	NonTarget	1	83016
324.40609315888076	1.0	NonTarget	1	83048
324.53109309844683	1.0	NonTarget	1	83080
324.6560930380129	1.0	NonTarget	1	83112
324.781092977579	1.0	NonTarget	1	83144
324.9060929171451	1.0	NonTarget	1	83176
325.03109285671115	1.0	NonTarget	1	83208
325.1560927962773	1.0	NonTarget	1	83240
325.28109273584334	1.0	NonTarget	1	83272
325.4060926754094	1.0	NonTarget	1	83304
325.53109261497553	1.0	NonTarget	1	83336
325.6560925545416	1.0	NonTarget	1	83368
325.78109249410767	1.0	NonTarget	1	83400
325.90609243367373	1.0	NonTarget	1	83432
326.03109237323986	1.0	NonTarget	1	83464
326.1560923128059	1.0	NonTarget	1	83496
326.281092252372	1.0	NonTarget	1	83528
326.4060921919381	1.0	NonTarget	1	83560
326.5310921315042	1.0	NonTarget	1	83592
326.65609207107025	1.0	NonTarget	1	83624
326.78109201063637	1.0	NonTarget	1	83656
326.90609195020244	1.0	NonTarget	1	83688
327.0310918897685	1.0	NonTarget	1	83720
327.1560918293346	1.0	NonTarget	1	83752
327.2810917689007	1.0	NonTarget	1	83784
327.40609170846676	1.0	NonTarget	1	83816
327.5310916480329	1.0	NonTarget	1	83848
327.65609158759895	1.0	NonTarget	1	83880
327.781091527165	1.0	NonTarget	1	83912
327.90609146673114	1.0	NonTarget	1	83944
328.0310914062972	1.0	NonTarget	1	83976
328.1560913458633	1.0	NonTarget	1	84008
328.28109128542934	1.0	NonTarget	1	84040
328.40609122499546	1.0	NonTarget	1	84072
334.5310882637336	1.0	NonTarget	1	85640
334.6560882032997	1.0	NonTarget	1	85672
334.78108814286577	1.0	NonTarget	1	85704
334.90608808243184	1.0	NonTarget	1	85736
335.0310880219979	1.0	NonTarget	1	85768
335.156087961564	1.0	NonTarget	1	85800
335.2810879011301	1.0	NonTarget	1	85832
335.40608784069616	1.0	NonTarget	1	85864
335.5310877802623	1.0	NonTarget	1	85896
335.65608771982835	1.0	NonTarget	1	85928
335.7810876593944	1.0	NonTarget	1	85960
335.90608759896054	1.0	NonTarget	1	85992
336.0310875385266	1.0	NonTarget	1	86024
336.1560874780927	1.0	NonTarget	1	86056
336.2810874176588	1.0	NonTarget	1	86088
336.40608735722486	1.0	NonTarget	1	86120
336.53108729679093	1.0	NonTarget	1	86152
336.65608723635705	1.0	NonTarget	1	86184
336.7810871759231	1.0	NonTarget	1	86216
336.9060871154892	1.0	NonTarget	1	86248
337.0310870550553	1.0	NonTarget	1	86280
337.1560869946214	1.0	NonTarget	1	86312
337.28108693418744	1.0	NonTarget	1	86344
337.4060868737535	1.0	NonTarget	1	86376
337.53108681331963	1.0	NonTarget	1	86408
337.6560867528857	1.0	NonTarget	1	86440
337.78108669245177	1.0	NonTarget	1	86472
337.9060866320179	1.0	NonTarget	1	86504
338.03108657158396	1.0	NonTarget	1	86536
338.15608651115	1.0	NonTarget	1	86568
338.28108645071615	1.0	NonTarget	1	86600
338.4060863902822	1.0	NonTarget	1	86632
338.5310863298483	1.0	NonTarget	1	86664
338.6560862694144	1.0	NonTarget	1	86696
338.78108620898047	1.0	NonTarget	1	86728
338.90608614854654	1.0	NonTarget	1	86760
339.03108608811266	1.0	NonTarget	1	86792
339.1560860276787	1.0	NonTarget	1	86824
339.2810859672448	1.0	NonTarget	1	86856
339.40608590681086	1.0	NonTarget	1	86888
339.531085846377	1.0	NonTarget	1	86920
339.65608578594305	1.0	NonTarget	1	86952
339.7810857255091	1.0	NonTarget	1	86984
339.90608566507524	1.0	NonTarget	1	87016
340.0310856046413	1.0	NonTarget	1	87048
340.1560855442074	1.0	NonTarget	1	87080
340.2810854837735	1.0	NonTarget	1	87112
340.40608542333956	1.0	NonTarget	1	87144
340.5310853629056	1.0	NonTarget	1	87176
340.65608530247175	1.0	NonTarget	1	87208
340.7810852420378	1.0	NonTarget	1	87240
340.9060851816039	1.0	NonTarget	1	87272
341.03108512117	1.0	NonTarget	1	87304
341.1560850607361	1.0	NonTarget	1	87336
341.28108500030214	1.0	NonTarget	1	87368
341.40608493986826	1.0	NonTarget	1	87400
341.53108487943433	1.0	NonTarget	1	87432
341.6560848190004	1.0	NonTarget	1	87464
341.78108475856646	1.0	NonTarget	1	87496
341.9060846981326	1.0	NonTarget	1	87528
342.03108463769865	1.0	NonTarget	1	87560
342.1560845772647	1.0	NonTarget	1	87592
342.28108451683084	1.0	NonTarget	1	87624
342.4060844563969	1.0	NonTarget	1	87656
342.531084395963	1.0	NonTarget	1	87688
342.6560843355291	1.0	NonTarget	1	87720
342.78108427509517	1.0	NonTarget	1	87752
342.90608421466123	1.0	NonTarget	1	87784
343.03108415422736	1.0	NonTarget	1	87816
343.1560840937934	1.0	NonTarget	1	87848
343.2810840333595	1.0	NonTarget	1	87880
343.4060839729256	1.0	NonTarget	1	87912
349.53108101166373	1.0	NonTarget	1	89480
349.6560809512298	1.0	NonTarget	1	89512
349.7810808907959	1.0	NonTarget	1	89544
349.906080830362	1.0	NonTarget	1	89576
350.03108076992805	1.0	NonTarget	1	89608
350.1560807094942	1.0	NonTarget	1	89640
350.28108064906024	1.0	NonTarget	1	89672
350.4060805886263	1.0	NonTarget	1	89704
350.53108052819243	1.0	NonTarget	1	89736
350.6560804677585	1.0	NonTarget	1	89768
350.78108040732457	1.0	NonTarget	1	89800
350.90608034689063	1.0	NonTarget	1	89832
351.03108028645676	1.0	NonTarget	1	89864
351.1560802260228	1.0	NonTarget	1	89896
351.2810801655889	1.0	NonTarget	1	89928
351.406080105155	1.0	NonTarget	1	89960
351.5310800447211	1.0	NonTarget	1	89992
351.65607998428715	1.0	NonTarget	1	90024
351.78107992385327	1.0	NonTarget	1	90056
351.90607986341934	1.0	NonTarget	1	90088
352.0310798029854	1.0	NonTarget	1	90120
352.1560797425515	1.0	NonTarget	1	90152
352.2810796821176	1.0	NonTarget	1	90184
352.40607962168366	1.0	NonTarget	1	90216
352.5310795612498	1.0	NonTarget	1	90248
352.65607950081585	1.0	NonTarget	1	90280
352.7810794403819	1.0	NonTarget	1	90312
352.906079379948	1.0	NonTarget	1	90344
353.0310793195141	1.0	NonTarget	1	90376
353.1560792590802	1.0	NonTarget	1	90408
353.28107919864624	1.0	NonTarget	1	90440
353.40607913821236	1.0	NonTarget	1	90472
353.53107907777843	1.0	NonTarget	1	90504
353.6560790173445	1.0	NonTarget	1	90536
353.7810789569106	1.0	NonTarget	1	90568
353.9060788964767	1.0	NonTarget	1	90600
354.03107883604275	1.0	NonTarget	1	90632
354.1560787756089	1.0	NonTarget	1	90664
354.28107871517494	1.0	NonTarget	1	90696
354.406078654741	1.0	NonTarget	1	90728
354.53107859430713	1.0	NonTarget	1	90760
354.6560785338732	1.0	NonTarget	1	90792
354.78107847343927	1.0	NonTarget	1	90824
354.9060784130054	1.0	NonTarget	1	90856
355.03107835257146	1.0	NonTarget	1	90888
355.1560782921375	1.0	NonTarget	1	90920
355.2810782317036	1.0	NonTarget	1	90952
355.4060781712697	1.0	NonTarget	1	90984
355.5310781108358	1.0	NonTarget	1	91016
355.65607805040185	1.0	NonTarget	1	91048
355.78107798996797	1.0	NonTarget	1	91080
355.90607792953404	1.0	NonTarget	1	91112
356.0310778691001	1.0	NonTarget	1	91144
356.1560778086662	1.0	NonTarget	1	91176
356.2810777482323	1.0	NonTarget	1	91208
356.40607768779836	1.0	NonTarget	1	91240
356.5310776273645	1.0	NonTarget	1	91272
356.65607756693055	1.0	NonTarget	1	91304
356.7810775064966	1.0	NonTarget	1	91336
356.90607744606274	1.0	NonTarget	1	91368
357.0310773856288	1.0	NonTarget	1	91400
357.1560773251949	1.0	NonTarget	1	91432
357.281077264761	1.0	NonTarget	1	91464
357.40607720432706	1.0	NonTarget	1	91496
357.5310771438931	1.0	NonTarget	1	91528
357.6560770834592	1.0	NonTarget	1	91560
357.7810770230253	1.0	NonTarget	1	91592
357.9060769625914	1.0	NonTarget	1	91624
358.03107690215745	1.0	NonTarget	1	91656
358.1560768417236	1.0	NonTarget	1	91688
358.28107678128964	1.0	NonTarget	1	91720
358.4060767208557	1.0	NonTarget	1	91752
364.5310737595939	1.0	NonTarget	1	93320
364.65607369915995	1.0	NonTarget	1	93352
364.781073638726	1.0	NonTarget	1	93384
364.90607357829214	1.0	NonTarget	1	93416
365.0310735178582	1.0	NonTarget	1	93448
365.15607345742427	1.0	NonTarget	1	93480
365.2810733969904	1.0	NonTarget	1	93512
365.40607333655646	1.0	NonTarget	1	93544
365.5310732761225	1.0	NonTarget	1	93576
365.65607321568865	1.0	NonTarget	1	93608
365.7810731552547	1.0	NonTarget	1	93640
365.9060730948208	1.0	NonTarget	1	93672
366.0310730343869	1.0	NonTarget	1	93704
366.156072973953	1.0	NonTarget	1	93736
366.28107291351904	1.0	NonTarget	1	93768
366.4060728530851	1.0	NonTarget	1	93800
366.53107279265123	1.0	NonTarget	1	93832
366.6560727322173	1.0	NonTarget	1	93864
366.78107267178336	1.0	NonTarget	1	93896
366.9060726113495	1.0	NonTarget	1	93928
367.03107255091555	1.0	NonTarget	1	93960
367.1560724904816	1.0	NonTarget	1	93992
367.28107243004774	1.0	NonTarget	1	94024
367.4060723696138	1.0	NonTarget	1	94056
367.5310723091799	1.0	NonTarget	1	94088
367.656072248746	1.0	NonTarget	1	94120
367.78107218831207	1.0	NonTarget	1	94152
367.90607212787813	1.0	NonTarget	1	94184
368.03107206744426	1.0	NonTarget	1	94216
368.1560720070103	1.0	NonTarget	1	94248
368.2810719465764	1.0	NonTarget	1	94280
368.4060718861425	1.0	NonTarget	1	94312
368.5310718257086	1.0	NonTarget	1	94344
368.65607176527465	1.0	NonTarget	1	94376
368.7810717048407	1.0	NonTarget	1	94408
368.90607164440684	1.0	NonTarget	1	94440
369.0310715839729	1.0	NonTarget	1	94472
369.15607152353897	1.0	NonTarget	1	94504
369.2810714631051	1.0	NonTarget	1	94536
369.40607140267116	1.0	NonTarget	1	94568
369.5310713422372	1.0	NonTarget	1	94600
369.65607128180335	1.0	NonTarget	1	94632
369.7810712213694	1.0	NonTarget	1	94664
369.9060711609355	1.0	NonTarget	1	94696
370.0310711005016	1.0	NonTarget	1	94728
370.1560710400677	1.0	NonTarget	1	94760
370.28107097963374	1.0	NonTarget	1	94792
370.40607091919986	1.0	NonTarget	1	94824
370.53107085876593	1.0	NonTarget	1	94856
370.656070798332	1.0	NonTarget	1	94888
370.78107073789806	1.0	NonTarget	1	94920
370.9060706774642	1.0	NonTarget	1	94952
371.03107061703025	1.0	NonTarget	1	94984
371.1560705565963	1.0	NonTarget	1	95016
371.28107049616244	1.0	NonTarget	1	95048
371.4060704357285	1.0	NonTarget	1	95080
371.5310703752946	1.0	NonTarget	1	95112
371.6560703148607	1.0	NonTarget	1	95144
371.78107025442677	1.0	NonTarget	1	95176
371.90607019399283	1.0	NonTarget	1	95208
372.03107013355896	1.0	NonTarget	1	95240
372.156070073125	1.0	NonTarget	1	95272
372.2810700126911	1.0	NonTarget	1	95304
372.4060699522572	1.0	NonTarget	1	95336
372.5310698918233	1.0	NonTarget	1	95368
372.65606983138935	1.0	NonTarget	1	95400
372.78106977095547	1.0	NonTarget	1	95432
372.90606971052154	1.0	NonTarget	1	95464
373.0310696500876	1.0	NonTarget	1	95496
373.15606958965367	1.0	NonTarget	1	95528
373.2810695292198	1.0	NonTarget	1	95560
373.40606946878586	1.0	NonTarget	1	95592
379.53106650752403	1.0	NonTarget	1	97160
379.6560664470901	1.0	NonTarget	1	97192
379.78106638665616	1.0	NonTarget	1	97224
379.90606632622223	1.0	NonTarget	1	97256
380.03106626578835	1.0	NonTarget	1	97288
380.1560662053544	1.0	NonTarget	1	97320
380.2810661449205	1.0	NonTarget	1	97352
380.4060660844866	1.0	NonTarget	1	97384
380.5310660240527	1.0	NonTarget	1	97416
380.65606596361874	1.0	NonTarget	1	97448
380.78106590318487	1.0	NonTarget	1	97480
380.90606584275093	1.0	NonTarget	1	97512
381.031065782317	1.0	NonTarget	1	97544
381.1560657218831	1.0	NonTarget	1	97576
381.2810656614492	1.0	NonTarget	1	97608
381.40606560101526	1.0	NonTarget	1	97640
381.5310655405814	1.0	NonTarget	1	97672
381.65606548014745	1.0	NonTarget	1	97704
381.7810654197135	1.0	NonTarget	1	97736
381.90606535927964	1.0	NonTarget	1	97768
382.0310652988457	1.0	NonTarget	1	97800
382.15606523841177	1.0	NonTarget	1	97832
382.28106517797784	1.0	NonTarget	1	97864
382.40606511754396	1.0	NonTarget	1	97896
382.53106505711	1.0	NonTarget	1	97928
382.6560649966761	1.0	NonTarget	1	97960
382.7810649362422	1.0	NonTarget	1	97992
382.9060648758083	1.0	NonTarget	1	98024
383.03106481537435	1.0	NonTarget	1	98056
383.1560647549405	1.0	NonTarget	1	98088
383.28106469450654	1.0	NonTarget	1	98120
383.4060646340726	1.0	NonTarget	1	98152
383.53106457363873	1.0	NonTarget	1	98184
383.6560645132048	1.0	NonTarget	1	98216
383.78106445277086	1.0	NonTarget	1	98248
383.906064392337	1.0	NonTarget	1	98280
384.03106433190305	1.0	NonTarget	1	98312
384.1560642714691	1.0	NonTarget	1	98344
384.2810642110352	1.0	NonTarget	1	98376
384.4060641506013	1.0	NonTarget	1	98408
384.5310640901674	1.0	NonTarget	1	98440
384.65606402973344	1.0	NonTarget	1	98472
384.78106396929957	1.0	NonTarget	1	98504
384.90606390886563	1.0	NonTarget	1	98536
385.0310638484317	1.0	NonTarget	1	98568
385.1560637879978	1.0	NonTarget	1	98600
385.2810637275639	1.0	NonTarget	1	98632
385.40606366712996	1.0	NonTarget	1	98664
385.5310636066961	1.0	NonTarget	1	98696
385.65606354626215	1.0	NonTarget	1	98728
385.7810634858282	1.0	NonTarget	1	98760
385.90606342539434	1.0	NonTarget	1	98792
386.0310633649604	1.0	NonTarget	1	98824
386.15606330452647	1.0	NonTarget	1	98856
386.2810632440926	1.0	NonTarget	1	98888
386.40606318365866	1.0	NonTarget	1	98920
386.5310631232247	1.0	NonTarget	1	98952
386.6560630627908	1.0	NonTarget	1	98984
386.7810630023569	1.0	NonTarget	1	99016
386.906062941923	1.0	NonTarget	1	99048
387.03106288148905	1.0	NonTarget	1	99080
387.1560628210552	1.0	NonTarget	1	99112
387.28106276062124	1.0	NonTarget	1	99144
387.4060627001873	1.0	NonTarget	1	99176
387.53106263975343	1.0	NonTarget	1	99208
387.6560625793195	1.0	NonTarget	1	99240
387.78106251888556	1.0	NonTarget	1	99272
387.9060624584517	1.0	NonTarget	1	99304
388.03106239801775	1.0	NonTarget	1	99336
388.1560623375838	1.0	NonTarget	1	99368
388.28106227714994	1.0	NonTarget	1	99400
388.406062216716	1.0	NonTarget	1	99432
394.5310592554541	1.0	NonTarget	1	101000
394.65605919502025	1.0	NonTarget	1	101032
394.7810591345863	1.0	NonTarget	1	101064
394.9060590741524	1.0	NonTarget	1	101096
395.0310590137185	1.0	NonTarget	1	101128
395.15605895328457	1.0	NonTarget	1	101160
395.28105889285064	1.0	NonTarget	1	101192
395.40605883241676	1.0	NonTarget	1	101224
395.5310587719828	1.0	NonTarget	1	101256
395.6560587115489	1.0	NonTarget	1	101288
395.78105865111496	1.0	NonTarget	1	101320
395.9060585906811	1.0	NonTarget	1	101352
396.03105853024715	1.0	NonTarget	1	101384
396.1560584698132	1.0	NonTarget	1	101416
396.28105840937934	1.0	NonTarget	1	101448
396.4060583489454	1.0	NonTarget	1	101480
396.5310582885115	1.0	NonTarget	1	101512
396.6560582280776	1.0	NonTarget	1	101544
396.78105816764366	1.0	NonTarget	1	101576
396.90605810720973	1.0	NonTarget	1	101608
397.03105804677585	1.0	NonTarget	1	101640
397.1560579863419	1.0	NonTarget	1	101672
397.281057925908	1.0	NonTarget	1	101704
397.4060578654741	1.0	NonTarget	1	101736
397.5310578050402	1.0	NonTarget	1	101768
397.65605774460624	1.0	NonTarget	1	101800
397.7810576841723	1.0	NonTarget	1	101832
397.90605762373843	1.0	NonTarget	1	101864
398.0310575633045	1.0	NonTarget	1	101896
398.15605750287057	1.0	NonTarget	1	101928
398.2810574424367	1.0	NonTarget	1	101960
398.40605738200276	1.0	NonTarget	1	101992
398.5310573215688	1.0	NonTarget	1	102024
398.65605726113495	1.0	NonTarget	1	102056
398.781057200701	1.0	NonTarget	1	102088
398.9060571402671	1.0	NonTarget	1	102120
399.0310570798332	1.0	NonTarget	1	102152
399.15605701939927	1.0	NonTarget	1	102184
399.28105695896534	1.0	NonTarget	1	102216
399.40605689853146	1.0	NonTarget	1	102248
399.5310568380975	1.0	NonTarget	1	102280
399.6560567776636	1.0	NonTarget	1	102312
399.7810567172297	1.0	NonTarget	1	102344
399.9060566567958	1.0	NonTarget	1	102376
400.03105659636185	1.0	NonTarget	1	102408
400.1560565359279	1.0	NonTarget	1	102440
400.28105647549404	1.0	NonTarget	1	102472
400.4060564150601	1.0	NonTarget	1	102504
400.5310563546262	1.0	NonTarget	1	102536
400.6560562941923	1.0	NonTarget	1	102568
400.78105623375836	1.0	NonTarget	1	102600
400.90605617332443	1.0	NonTarget	1	102632
401.03105611289055	1.0	NonTarget	1	102664
401.1560560524566	1.0	NonTarget	1	102696
401.2810559920227	1.0	NonTarget	1	102728
401.4060559315888	1.0	NonTarget	1	102760
401.5310558711549	1.0	NonTarget	1	102792
401.65605581072094	1.0	NonTarget	1	102824
401.78105575028707	1.0	NonTarget	1	102856
401.90605568985313	1.0	NonTarget	1	102888
402.0310556294192	1.0	NonTarget	1	102920
402.1560555689853	1.0	NonTarget	1	102952
402.2810555085514	1.0	NonTarget	1	102984
402.40605544811746	1.0	NonTarget	1	103016
402.5310553876835	1.0	NonTarget	1	103048
402.65605532724965	1.0	NonTarget	1	103080
402.7810552668157	1.0	NonTarget	1	103112
402.9060552063818	1.0	NonTarget	1	103144
403.0310551459479	1.0	NonTarget	1	103176
403.15605508551397	1.0	NonTarget	1	103208
403.28105502508004	1.0	NonTarget	1	103240
403.40605496464616	1.0	NonTarget	1	103272
409.5310520033843	1.0	NonTarget	1	104840
409.65605194295034	1.0	NonTarget	1	104872
409.78105188251646	1.0	NonTarget	1	104904
409.90605182208253	1.0	NonTarget	1	104936
410.0310517616486	1.0	NonTarget	1	104968
410.1560517012147	1.0	NonTarget	1	105000
410.2810516407808	1.0	NonTarget	1	105032
410.40605158034685	1.0	NonTarget	1	105064
410.531051519913	1.0	NonTarget	1	105096
410.65605145947904	1.0	NonTarget	1	105128
410.7810513990451	1.0	NonTarget	1	105160
410.90605133861123	1.0	NonTarget	1	105192
411.0310512781773	1.0	NonTarget	1	105224
411.15605121774337	1.0	NonTarget	1	105256
411.28105115730943	1.0	NonTarget	1	105288
411.40605109687556	1.0	NonTarget	1	105320
411.5310510364416	1.0	NonTarget	1	105352
411.6560509760077	1.0	NonTarget	1	105384
411.7810509155738	1.0	NonTarget	1	105416
411.9060508551399	1.0	NonTarget	1	105448
412.03105079470595	1.0	NonTarget	1	105480
412.15605073427207	1.0	NonTarget	1	105512
412.28105067383814	1.0	NonTarget	1	105544
412.4060506134042	1.0	NonTarget	1	105576
412.5310505529703	1.0	NonTarget	1	105608
412.6560504925364	1.0	NonTarget	1	105640
412.78105043210246	1.0	NonTarget	1	105672
412.9060503716686	1.0	NonTarget	1	105704
413.03105031123465	1.0	NonTarget	1	105736
413.1560502508007	1.0	NonTarget	1	105768
413.28105019036684	1.0	NonTarget	1	105800
413.4060501299329	1.0	NonTarget	1	105832
413.531050069499	1.0	NonTarget	1	105864
413.65605000906504	1.0	NonTarget	1	105896
413.78104994863116	1.0	NonTarget	1	105928
413.90604988819723	1.0	NonTarget	1	105960
414.0310498277633	1.0	NonTarget	1	105992
414.1560497673294	1.0	NonTarget	1	106024
414.2810497068955	1.0	NonTarget	1	106056
414.40604964646155	1.0	NonTarget	1	106088
414.5310495860277	1.0	NonTarget	1	106120
414.65604952559374	1.0	NonTarget	1	106152
414.7810494651598	1.0	NonTarget	1	106184
414.90604940472593	1.0	NonTarget	1	106216
415.031049344292	1.0	NonTarget	1	106248
415.15604928385807	1.0	NonTarget	1	106280
415.2810492234242	1.0	NonTarget	1	106312
415.40604916299026	1.0	NonTarget	1	106344
415.5310491025563	1.0	NonTarget	1	106376
415.65604904212245	1.0	NonTarget	1	106408
415.7810489816885	1.0	NonTarget	1	106440
415.9060489212546	1.0	NonTarget	1	106472
416.03104886082065	1.0	NonTarget	1	106504
416.15604880038677	1.0	NonTarget	1	106536
416.28104873995284	1.0	NonTarget	1	106568
416.4060486795189	1.0	NonTarget	1	106600
416.531048619085	1.0	NonTarget	1	106632
416.6560485586511	1.0	NonTarget	1	106664
416.78104849821716	1.0	NonTarget	1	106696
416.9060484377833	1.0	NonTarget	1	106728
417.03104837734935	1.0	NonTarget	1	106760
417.1560483169154	1.0	NonTarget	1	106792
417.28104825648154	1.0	NonTarget	1	106824
417.4060481960476	1.0	NonTarget	1	106856
417.5310481356137	1.0	NonTarget	1	106888
417.6560480751798	1.0	NonTarget	1	106920
417.78104801474586	1.0	NonTarget	1	106952
417.90604795431193	1.0	NonTarget	1	106984
418.031047893878	1.0	NonTarget	1	107016
418.1560478334441	1.0	NonTarget	1	107048
418.2810477730102	1.0	NonTarget	1	107080
418.40604771257625	1.0	NonTarget	1	107112
424.5310447513144	1.0	NonTarget	1	108680
424.6560446908805	1.0	NonTarget	1	108712
424.78104463044656	1.0	NonTarget	1	108744
424.9060445700127	1.0	NonTarget	1	108776
425.03104450957875	1.0	NonTarget	1	108808
425.1560444491448	1.0	NonTarget	1	108840
425.28104438871094	1.0	NonTarget	1	108872
425.406044328277	1.0	NonTarget	1	108904
425.5310442678431	1.0	NonTarget	1	108936
425.6560442074092	1.0	NonTarget	1	108968
425.78104414697526	1.0	NonTarget	1	109000
425.9060440865413	1.0	NonTarget	1	109032
426.03104402610745	1.0	NonTarget	1	109064
426.1560439656735	1.0	NonTarget	1	109096
426.2810439052396	1.0	NonTarget	1	109128
426.4060438448057	1.0	NonTarget	1	109160
426.5310437843718	1.0	NonTarget	1	109192
426.65604372393784	1.0	NonTarget	1	109224
426.78104366350397	1.0	NonTarget	1	109256
426.90604360307003	1.0	NonTarget	1	109288
427.0310435426361	1.0	NonTarget	1	109320
427.15604348220216	1.0	NonTarget	1	109352
427.2810434217683	1.0	NonTarget	1	109384
427.40604336133435	1.0	NonTarget	1	109416
427.5310433009004	1.0	NonTarget	1	109448
427.65604324046654	1.0	NonTarget	1	109480
427.7810431800326	1.0	NonTarget	1	109512
427.9060431195987	1.0	NonTarget	1	109544
428.0310430591648	1.0	NonTarget	1	109576
428.15604299873087	1.0	NonTarget	1	109608
428.28104293829693	1.0	NonTarget	1	109640
428.40604287786306	1.0	NonTarget	1	109672
428.5310428174291	1.0	NonTarget	1	109704
428.6560427569952	1.0	NonTarget	1	109736
428.7810426965613	1.0	NonTarget	1	109768
428.9060426361274	1.0	NonTarget	1	109800
429.03104257569345	1.0	NonTarget	1	109832
429.15604251525957	1.0	NonTarget	1	109864
429.28104245482564	1.0	NonTarget	1	109896
429.4060423943917	1.0	NonTarget	1	109928
429.53104233395777	1.0	NonTarget	1	109960
429.6560422735239	1.0	NonTarget	1	109992
429.78104221308996	1.0	NonTarget	1	110024
429.906042152656	1.0	NonTarget	1	110056
430.03104209222215	1.0	NonTarget	1	110088
430.1560420317882	1.0	NonTarget	1	110120
430.2810419713543	1.0	NonTarget	1	110152
430.4060419109204	1.0	NonTarget	1	110184
430.5310418504865	1.0	NonTarget	1	110216
430.65604179005254	1.0	NonTarget	1	110248
430.78104172961866	1.0	NonTarget	1	110280
430.90604166918473	1.0	NonTarget	1	110312
431.0310416087508	1.0	NonTarget	1	110344
431.1560415483169	1.0	NonTarget	1	110376
431.281041487883	1.0	NonTarget	1	110408
431.40604142744905	1.0	NonTarget	1	110440
431.5310413670151	1.0	NonTarget	1	110472
431.65604130658124	1.0	NonTarget	1	110504
431.7810412461473	1.0	NonTarget	1	110536
431.9060411857134	1.0	NonTarget	1	110568
432.0310411252795	1.0	NonTarget	1	110600
432.15604106484557	1.0	NonTarget	1	110632
432.28104100441163	1.0	NonTarget	1	110664
432.40604094397776	1.0	NonTarget	1	110696
432.5310408835438	1.0	NonTarget	1	110728
432.6560408231099	1.0	NonTarget	1	110760
432.781040762676	1.0	NonTarget	1	110792
432.9060407022421	1.0	NonTarget	1	110824
433.03104064180815	1.0	NonTarget	1	110856
433.15604058137427	1.0	NonTarget	1	110888
433.28104052094034	1.0	NonTarget	1	110920
433.4060404605064	1.0	NonTarget	1	110952
439.5310374992446	1.0	NonTarget	1	112520
439.65603743881064	1.0	NonTarget	1	112552
439.7810373783767	1.0	NonTarget	1	112584
439.90603731794283	1.0	NonTarget	1	112616
440.0310372575089	1.0	NonTarget	1	112648
440.15603719707497	1.0	NonTarget	1	112680
440.2810371366411	1.0	NonTarget	1	112712
440.40603707620716	1.0	NonTarget	1	112744
440.5310370157732	1.0	NonTarget	1	112776
440.6560369553393	1.0	NonTarget	1	112808
440.7810368949054	1.0	NonTarget	1	112840
440.9060368344715	1.0	NonTarget	1	112872
441.03103677403755	1.0	NonTarget	1	112904
441.15603671360367	1.0	NonTarget	1	112936
441.28103665316974	1.0	NonTarget	1	112968
441.4060365927358	1.0	NonTarget	1	113000
441.5310365323019	1.0	NonTarget	1	113032
441.656036471868	1.0	NonTarget	1	113064
441.78103641143406	1.0	NonTarget	1	113096
441.9060363510002	1.0	NonTarget	1	113128
442.03103629056625	1.0	NonTarget	1	113160
442.1560362301323	1.0	NonTarget	1	113192
442.28103616969844	1.0	NonTarget	1	113224
442.4060361092645	1.0	NonTarget	1	113256
442.5310360488306	1.0	NonTarget	1	113288
442.6560359883967	1.0	NonTarget	1	113320
442.78103592796276	1.0	NonTarget	1	113352
442.90603586752883	1.0	NonTarget	1	113384
443.0310358070949	1.0	NonTarget	1	113416
443.156035746661	1.0	NonTarget	1	113448
443.2810356862271	1.0	NonTarget	1	113480
443.40603562579315	1.0	NonTarget	1	113512
443.5310355653593	1.0	NonTarget	1	113544
443.65603550492534	1.0	NonTarget	1	113576
443.7810354444914	1.0	NonTarget	1	113608
443.90603538405753	1.0	NonTarget	1	113640
444.0310353236236	1.0	NonTarget	1	113672
444.15603526318966	1.0	NonTarget	1	113704
444.2810352027558	1.0	NonTarget	1	113736
444.40603514232185	1.0	NonTarget	1	113768
444.5310350818879	1.0	NonTarget	1	113800
444.65603502145404	1.0	NonTarget	1	113832
444.7810349610201	1.0	NonTarget	1	113864
444.9060349005862	1.0	NonTarget	1	113896
445.03103484015224	1.0	NonTarget	1	113928
445.15603477971837	1.0	NonTarget	1	113960
445.28103471928443	1.0	NonTarget	1	113992
445.4060346588505	1.0	NonTarget	1	114024
445.5310345984166	1.0	NonTarget	1	114056
445.6560345379827	1.0	NonTarget	1	114088
445.78103447754876	1.0	NonTarget	1	114120
445.9060344171149	1.0	NonTarget	1	114152
446.03103435668095	1.0	NonTarget	1	114184
446.156034296247	1.0	NonTarget	1	114216
446.28103423581314	1.0	NonTarget	1	114248
446.4060341753792	1.0	NonTarget	1	114280
446.53103411494527	1.0	NonTarget	1	114312
446.6560340545114	1.0	NonTarget	1	114344
446.78103399407746	1.0	NonTarget	1	114376
446.9060339336435	1.0	NonTarget	1	114408
447.03103387320965	1.0	NonTarget	1	114440
447.1560338127757	1.0	NonTarget	1	114472
447.2810337523418	1.0	NonTarget	1	114504
447.40603369190785	1.0	NonTarget	1	114536
447.531033631474	1.0	NonTarget	1	114568
447.65603357104004	1.0	NonTarget	1	114600
447.7810335106061	1.0	NonTarget	1	114632
447.90603345017223	1.0	NonTarget	1	114664
448.0310333897383	1.0	NonTarget	1	114696
448.15603332930436	1.0	NonTarget	1	114728
448.2810332688705	1.0	NonTarget	1	114760
448.40603320843655	1.0	NonTarget	1	114792
454.53103024717467	1.0	NonTarget	1	116360
454.6560301867408	1.0	NonTarget	1	116392
454.78103012630686	1.0	NonTarget	1	116424
454.9060300658729	1.0	NonTarget	1	116456
455.03103000543905	1.0	NonTarget	1	116488
455.1560299450051	1.0	NonTarget	1	116520
455.2810298845712	1.0	NonTarget	1	116552
455.4060298241373	1.0	NonTarget	1	116584
455.5310297637034	1.0	NonTarget	1	116616
455.65602970326944	1.0	NonTarget	1	116648
455.78102964283556	1.0	NonTarget	1	116680
455.90602958240163	1.0	NonTarget	1	116712
456.0310295219677	1.0	NonTarget	1	116744
456.1560294615338	1.0	NonTarget	1	116776
456.2810294010999	1.0	NonTarget	1	116808
456.40602934066595	1.0	NonTarget	1	116840
456.531029280232	1.0	NonTarget	1	116872
456.65602921979814	1.0	NonTarget	1	116904
456.7810291593642	1.0	NonTarget	1	116936
456.9060290989303	1.0	NonTarget	1	116968
457.0310290384964	1.0	NonTarget	1	117000
457.15602897806247	1.0	NonTarget	1	117032
457.28102891762853	1.0	NonTarget	1	117064
457.40602885719466	1.0	NonTarget	1	117096
457.5310287967607	1.0	NonTarget	1	117128
457.6560287363268	1.0	NonTarget	1	117160
457.7810286758929	1.0	NonTarget	1	117192
457.906028615459	1.0	NonTarget	1	117224
458.03102855502505	1.0	NonTarget	1	117256
458.15602849459117	1.0	NonTarget	1	117288
458.28102843415724	1.0	NonTarget	1	117320
458.4060283737233	1.0	NonTarget	1	117352
458.53102831328937	1.0	NonTarget	1	117384
458.6560282528555	1.0	NonTarget	1	117416
458.78102819242156	1.0	NonTarget	1	117448
458.9060281319876	1.0	NonTarget	1	117480
459.03102807155375	1.0	NonTarget	1	117512
459.1560280111198	1.0	NonTarget	1	117544
459.2810279506859	1.0	NonTarget	1	117576
459.406027890252	1.0	NonTarget	1	117608
459.5310278298181	1.0	NonTarget	1	117640
459.65602776938414	1.0	NonTarget	1	117672
459.78102770895026	1.0	NonTarget	1	117704
459.90602764851633	1.0	NonTarget	1	117736
460.0310275880824	1.0	NonTarget	1	117768
460.1560275276485	1.0	NonTarget	1	117800
460.2810274672146	1.0	NonTarget	1	117832
460.40602740678065	1.0	NonTarget	1	117864
460.5310273463468	1.0	NonTarget	1	117896
460.65602728591284	1.0	NonTarget	1	117928
460.7810272254789	1.0	NonTarget	1	117960
460.906027165045	1.0	NonTarget	1	117992
461.0310271046111	1.0	NonTarget	1	118024
461.15602704417716	1.0	NonTarget	1	118056
461.28102698374323	1.0	NonTarget	1	118088
461.40602692330935	1.0	NonTarget	1	118120
461.5310268628754	1.0	NonTarget	1	118152
461.6560268024415	1.0	NonTarget	1	118184
461.7810267420076	1.0	NonTarget	1	118216
461.9060266815737	1.0	NonTarget	1	118248
462.03102662113974	1.0	NonTarget	1	118280
462.15602656070587	1.0	NonTarget	1	118312
462.28102650027193	1.0	NonTarget	1	118344
462.406026439838	1.0	NonTarget	1	118376
462.5310263794041	1.0	NonTarget	1	118408
462.6560263189702	1.0	NonTarget	1	118440
462.78102625853626	1.0	NonTarget	1	118472
462.9060261981024	1.0	NonTarget	1	118504
463.03102613766845	1.0	NonTarget	1	118536
463.1560260772345	1.0	NonTarget	1	118568
463.2810260168006	1.0	NonTarget	1	118600
463.4060259563667	1.0	NonTarget	1	118632
469.5310229951048	1.0	NonTarget	1	120200
469.6560229346709	1.0	NonTarget	1	120232
469.781022874237	1.0	NonTarget	1	120264
469.9060228138031	1.0	NonTarget	1	120296
470.03102275336914	1.0	NonTarget	1	120328
470.15602269293527	1.0	NonTarget	1	120360
470.28102263250133	1.0	NonTarget	1	120392
470.4060225720674	1.0	NonTarget	1	120424
470.5310225116335	1.0	NonTarget	1	120456
470.6560224511996	1.0	NonTarget	1	120488
470.78102239076566	1.0	NonTarget	1	120520
470.9060223303318	1.0	NonTarget	1	120552
471.03102226989785	1.0	NonTarget	1	120584
471.1560222094639	1.0	NonTarget	1	120616
471.28102214903004	1.0	NonTarget	1	120648
471.4060220885961	1.0	NonTarget	1	120680
471.53102202816217	1.0	NonTarget	1	120712
471.6560219677283	1.0	NonTarget	1	120744
471.78102190729436	1.0	NonTarget	1	120776
471.9060218468604	1.0	NonTarget	1	120808
472.0310217864265	1.0	NonTarget	1	120840
472.1560217259926	1.0	NonTarget	1	120872
472.2810216655587	1.0	NonTarget	1	120904
472.40602160512475	1.0	NonTarget	1	120936
472.5310215446909	1.0	NonTarget	1	120968
472.65602148425694	1.0	NonTarget	1	121000
472.781021423823	1.0	NonTarget	1	121032
472.90602136338913	1.0	NonTarget	1	121064
473.0310213029552	1.0	NonTarget	1	121096
473.15602124252126	1.0	NonTarget	1	121128
473.2810211820874	1.0	NonTarget	1	121160
473.40602112165345	1.0	NonTarget	1	121192
473.5310210612195	1.0	NonTarget	1	121224
473.65602100078564	1.0	NonTarget	1	121256
473.7810209403517	1.0	NonTarget	1	121288
473.9060208799178	1.0	NonTarget	1	121320
474.0310208194839	1.0	NonTarget	1	121352
474.15602075904997	1.0	NonTarget	1	121384
474.28102069861603	1.0	NonTarget	1	121416
474.4060206381821	1.0	NonTarget	1	121448
474.5310205777482	1.0	NonTarget	1	121480
474.6560205173143	1.0	NonTarget	1	121512
474.78102045688036	1.0	NonTarget	1	121544
474.9060203964465	1.0	NonTarget	1	121576
475.03102033601255	1.0	NonTarget	1	121608
475.1560202755786	1.0	NonTarget	1	121640
475.28102021514474	1.0	NonTarget	1	121672
475.4060201547108	1.0	NonTarget	1	121704
475.53102009427687	1.0	NonTarget	1	121736
475.656020033843	1.0	NonTarget	1	121768
475.78101997340906	1.0	NonTarget	1	121800
475.9060199129751	1.0	NonTarget	1	121832
476.03101985254125	1.0	NonTarget	1	121864
476.1560197921073	1.0	NonTarget	1	121896
476.2810197316734	1.0	NonTarget	1	121928
476.40601967123945	1.0	NonTarget	1	121960
476.5310196108056	1.0	NonTarget	1	121992
476.65601955037164	1.0	NonTarget	1	122024
476.7810194899377	1.0	NonTarget	1	122056
476.90601942950383	1.0	NonTarget	1	122088
477.0310193690699	1.0	NonTarget	1	122120
477.15601930863596	1.0	NonTarget	1	122152
477.2810192482021	1.0	NonTarget	1	122184
477.40601918776815	1.0	NonTarget	1	122216
477.5310191273342	1.0	NonTarget	1	122248
477.65601906690034	1.0	NonTarget	1	122280
477.7810190064664	1.0	NonTarget	1	122312
477.9060189460325	1.0	NonTarget	1	122344
478.0310188855986	1.0	NonTarget	1	122376
478.15601882516467	1.0	NonTarget	1	122408
478.28101876473073	1.0	NonTarget	1	122440
478.40601870429686	1.0	NonTarget	1	122472
484.53101574303497	1.0	NonTarget	1	124040
484.65601568260104	1.0	NonTarget	1	124072
484.78101562216716	1.0	NonTarget	1	124104
484.9060155617332	1.0	NonTarget	1	124136
485.0310155012993	1.0	NonTarget	1	124168
485.1560154408654	1.0	NonTarget	1	124200
485.2810153804315	1.0	NonTarget	1	124232
485.40601531999755	1.0	NonTarget	1	124264
485.5310152595636	1.0	NonTarget	1	124296
485.65601519912974	1.0	NonTarget	1	124328
485.7810151386958	1.0	NonTarget	1	124360
485.9060150782619	1.0	NonTarget	1	124392
486.031015017828	1.0	NonTarget	1	124424
486.15601495739406	1.0	NonTarget	1	124456
486.28101489696013	1.0	NonTarget	1	124488
486.40601483652625	1.0	NonTarget	1	124520
486.5310147760923	1.0	NonTarget	1	124552
486.6560147156584	1.0	NonTarget	1	124584
486.7810146552245	1.0	NonTarget	1	124616
486.9060145947906	1.0	NonTarget	1	124648
487.03101453435664	1.0	NonTarget	1	124680
487.15601447392277	1.0	NonTarget	1	124712
487.28101441348883	1.0	NonTarget	1	124744
487.4060143530549	1.0	NonTarget	1	124776
487.531014292621	1.0	NonTarget	1	124808
487.6560142321871	1.0	NonTarget	1	124840
487.78101417175316	1.0	NonTarget	1	124872
487.9060141113192	1.0	NonTarget	1	124904
488.03101405088535	1.0	NonTarget	1	124936
488.1560139904514	1.0	NonTarget	1	124968
488.2810139300175	1.0	NonTarget	1	125000
488.4060138695836	1.0	NonTarget	1	125032
488.53101380914967	1.0	NonTarget	1	125064
488.65601374871574	1.0	NonTarget	1	125096
488.78101368828186	1.0	NonTarget	1	125128
488.9060136278479	1.0	NonTarget	1	125160
489.031013567414	1.0	NonTarget	1	125192
489.1560135069801	1.0	NonTarget	1	125224
489.2810134465462	1.0	NonTarget	1	125256
489.40601338611225	1.0	NonTarget	1	125288
489.5310133256784	1.0	NonTarget	1	125320
489.65601326524444	1.0	NonTarget	1	125352
489.7810132048105	1.0	NonTarget	1	125384
489.9060131443766	1.0	NonTarget	1	125416
490.0310130839427	1.0	NonTarget	1	125448
490.15601302350876	1.0	NonTarget	1	125480
490.28101296307483	1.0	NonTarget	1	125512
490.40601290264095	1.0	NonTarget	1	125544
490.531012842207	1.0	NonTarget	1	125576
490.6560127817731	1.0	NonTarget	1	125608
490.7810127213392	1.0	NonTarget	1	125640
490.9060126609053	1.0	NonTarget	1	125672
491.03101260047134	1.0	NonTarget	1	125704
491.15601254003747	1.0	NonTarget	1	125736
491.28101247960353	1.0	NonTarget	1	125768
491.4060124191696	1.0	NonTarget	1	125800
491.5310123587357	1.0	NonTarget	1	125832
491.6560122983018	1.0	NonTarget	1	125864
491.78101223786786	1.0	NonTarget	1	125896
491.906012177434	1.0	NonTarget	1	125928
492.03101211700005	1.0	NonTarget	1	125960
492.1560120565661	1.0	NonTarget	1	125992
492.2810119961322	1.0	NonTarget	1	126024
492.4060119356983	1.0	NonTarget	1	126056
492.53101187526437	1.0	NonTarget	1	126088
492.65601181483044	1.0	NonTarget	1	126120
492.78101175439656	1.0	NonTarget	1	126152
492.9060116939626	1.0	NonTarget	1	126184
493.0310116335287	1.0	NonTarget	1	126216
493.1560115730948	1.0	NonTarget	1	126248
493.2810115126609	1.0	NonTarget	1	126280
493.40601145222695	1.0	NonTarget	1	126312
499.5310084909651	1.0	NonTarget	1	127880
499.6560084305312	1.0	NonTarget	1	127912
499.78100837009725	1.0	NonTarget	1	127944
499.9060083096634	1.0	NonTarget	1	127976
500.03100824922944	1.0	NonTarget	1	128008
500.1560081887955	1.0	NonTarget	1	128040
500.28100812836163	1.0	NonTarget	1	128072
500.4060080679277	1.0	NonTarget	1	128104
500.53100800749377	1.0	NonTarget	1	128136
500.6560079470599	1.0	NonTarget	1	128168
500.78100788662596	1.0	NonTarget	1	128200
500.906007826192	1.0	NonTarget	1	128232
501.03100776575815	1.0	NonTarget	1	128264
501.1560077053242	1.0	NonTarget	1	128296
501.2810076448903	1.0	NonTarget	1	128328
501.40600758445635	1.0	NonTarget	1	128360
501.53100752402247	1.0	NonTarget	1	128392
501.65600746358854	1.0	NonTarget	1	128424
501.7810074031546	1.0	NonTarget	1	128456
501.9060073427207	1.0	NonTarget	1	128488
502.0310072822868	1.0	NonTarget	1	128520
502.15600722185286	1.0	NonTarget	1	128552
502.281007161419	1.0	NonTarget	1	128584
502.40600710098505	1.0	NonTarget	1	128616
502.5310070405511	1.0	NonTarget	1	128648
502.65600698011724	1.0	NonTarget	1	128680
502.7810069196833	1.0	NonTarget	1	128712
502.9060068592494	1.0	NonTarget	1	128744
503.0310067988155	1.0	NonTarget	1	128776
503.15600673838156	1.0	NonTarget	1	128808
503.28100667794763	1.0	NonTarget	1	128840
503.4060066175137	1.0	NonTarget	1	128872
503.5310065570798	1.0	NonTarget	1	128904
503.6560064966459	1.0	NonTarget	1	128936
503.78100643621195	1.0	NonTarget	1	128968
503.9060063757781	1.0	NonTarget	1	129000
504.03100631534414	1.0	NonTarget	1	129032
504.1560062549102	1.0	NonTarget	1	129064
504.28100619447633	1.0	NonTarget	1	129096
504.4060061340424	1.0	NonTarget	1	129128
504.53100607360847	1.0	NonTarget	1	129160
504.6560060131746	1.0	NonTarget	1	129192
504.78100595274066	1.0	NonTarget	1	129224
504.9060058923067	1.0	NonTarget	1	129256
505.03100583187285	1.0	NonTarget	1	129288
505.1560057714389	1.0	NonTarget	1	129320
505.281005711005	1.0	NonTarget	1	129352
505.4060056505711	1.0	NonTarget	1	129384
505.53100559013717	1.0	NonTarget	1	129416
505.65600552970324	1.0	NonTarget	1	129448
505.7810054692693	1.0	NonTarget	1	129480
505.9060054088354	1.0	NonTarget	1	129512
506.0310053484015	1.0	NonTarget	1	129544
506.15600528796756	1.0	NonTarget	1	129576
506.2810052275337	1.0	NonTarget	1	129608
506.40600516709975	1.0	NonTarget	1	129640
506.5310051066658	1.0	NonTarget	1	129672
506.65600504623194	1.0	NonTarget	1	129704
506.781004985798	1.0	NonTarget	1	129736
506.9060049253641	1.0	NonTarget	1	129768
507.0310048649302	1.0	NonTarget	1	129800
507.15600480449626	1.0	NonTarget	1	129832
507.28100474406233	1.0	NonTarget	1	129864
507.40600468362845	1.0	NonTarget	1	129896
507.5310046231945	1.0	NonTarget	1	129928
507.6560045627606	1.0	NonTarget	1	129960
507.7810045023267	1.0	NonTarget	1	129992
507.9060044418928	1.0	NonTarget	1	130024
508.03100438145884	1.0	NonTarget	1	130056
508.1560043210249	1.0	NonTarget	1	130088
508.28100426059103	1.0	NonTarget	1	130120
508.4060042001571	1.0	NonTarget	1	130152
514.5310012388952	1.0	NonTarget	1	131720
514.6560011784613	1.0	NonTarget	1	131752
514.7810011180275	1.0	NonTarget	1	131784
514.9060010575935	1.0	NonTarget	1	131816
515.0310009971596	1.0	NonTarget	1	131848
515.1560009367257	1.0	NonTarget	1	131880
515.2810008762917	1.0	NonTarget	1	131912
515.4060008158579	1.0	NonTarget	1	131944
515.531000755424	1.0	NonTarget	1	131976
515.65600069499	1.0	NonTarget	1	132008
515.7810006345561	1.0	NonTarget	1	132040
515.9060005741221	1.0	NonTarget	1	132072
516.0310005136882	1.0	NonTarget	1	132104
516.1560004532544	1.0	NonTarget	1	132136
516.2810003928204	1.0	NonTarget	1	132168
516.4060003323865	1.0	NonTarget	1	132200
516.5310002719526	1.0	NonTarget	1	132232
516.6560002115186	1.0	NonTarget	1	132264
516.7810001510848	1.0	NonTarget	1	132296
516.9060000906509	1.0	NonTarget	1	132328
517.0310000302169	1.0	NonTarget	1	132360
517.155999969783	1.0	NonTarget	1	132392
517.2809999093491	1.0	NonTarget	1	132424
517.4059998489151	1.0	NonTarget	1	132456
517.5309997884813	1.0	NonTarget	1	132488
517.6559997280474	1.0	NonTarget	1	132520
517.7809996676134	1.0	NonTarget	1	132552
517.9059996071795	1.0	NonTarget	1	132584
518.0309995467456	1.0	NonTarget	1	132616
518.1559994863117	1.0	NonTarget	1	132648
518.2809994258778	1.0	NonTarget	1	132680
518.4059993654439	1.0	NonTarget	1	132712
518.5309993050099	1.0	NonTarget	1	132744
518.655999244576	1.0	NonTarget	1	132776
518.7809991841422	1.0	NonTarget	1	132808
518.9059991237082	1.0	NonTarget	1	132840
519.0309990632743	1.0	NonTarget	1	132872
519.1559990028404	1.0	NonTarget	1	132904
519.2809989424064	1.0	NonTarget	1	132936
519.4059988819726	1.0	NonTarget	1	132968
519.5309988215387	1.0	NonTarget	1	133000
519.6559987611047	1.0	NonTarget	1	133032
519.7809987006708	1.0	NonTarget	1	133064
519.9059986402369	1.0	NonTarget	1	133096
520.0309985798029	1.0	NonTarget	1	133128
520.1559985193691	1.0	NonTarget	1	133160
520.2809984589351	1.0	NonTarget	1	133192
520.4059983985012	1.0	NonTarget	1	133224
520.5309983380673	1.0	NonTarget	1	133256
520.6559982776333	1.0	NonTarget	1	133288
520.7809982171995	1.0	NonTarget	1	133320
520.9059981567656	1.0	NonTarget	1	133352
521.0309980963316	1.0	NonTarget	1	133384
521.1559980358977	1.0	NonTarget	1	133416
521.2809979754638	1.0	NonTarget	1	133448
521.4059979150298	1.0	NonTarget	1	133480
521.530997854596	1.0	NonTarget	1	133512
521.6559977941621	1.0	NonTarget	1	133544
521.7809977337281	1.0	NonTarget	1	133576
521.9059976732942	1.0	NonTarget	1	133608
522.0309976128603	1.0	NonTarget	1	133640
522.1559975524264	1.0	NonTarget	1	133672
522.2809974919925	1.0	NonTarget	1	133704
522.4059974315586	1.0	NonTarget	1	133736
522.5309973711246	1.0	NonTarget	1	133768
522.6559973106907	1.0	NonTarget	1	133800
522.7809972502569	1.0	NonTarget	1	133832
522.9059971898229	1.0	NonTarget	1	133864
523.030997129389	1.0	NonTarget	1	133896
523.1559970689551	1.0	NonTarget	1	133928
523.2809970085211	1.0	NonTarget	1	133960
523.4059969480872	1.0	NonTarget	1	133992
529.5309939868254	1.0	NonTarget	1	135560
529.6559939263915	1.0	NonTarget	1	135592
529.7809938659575	1.0	NonTarget	1	135624
529.9059938055236	1.0	NonTarget	1	135656
530.0309937450897	1.0	NonTarget	1	135688
530.1559936846558	1.0	NonTarget	1	135720
530.2809936242219	1.0	NonTarget	1	135752
530.405993563788	1.0	NonTarget	1	135784
530.530993503354	1.0	NonTarget	1	135816
530.6559934429201	1.0	NonTarget	1	135848
530.7809933824863	1.0	NonTarget	1	135880
530.9059933220523	1.0	NonTarget	1	135912
531.0309932616184	1.0	NonTarget	1	135944
531.1559932011845	1.0	NonTarget	1	135976
531.2809931407505	1.0	NonTarget	1	136008
531.4059930803166	1.0	NonTarget	1	136040
531.5309930198828	1.0	NonTarget	1	136072
531.6559929594488	1.0	NonTarget	1	136104
531.7809928990149	1.0	NonTarget	1	136136
531.905992838581	1.0	NonTarget	1	136168
532.030992778147	1.0	NonTarget	1	136200
532.1559927177132	1.0	NonTarget	1	136232
532.2809926572793	1.0	NonTarget	1	136264
532.4059925968453	1.0	NonTarget	1	136296
532.5309925364114	1.0	NonTarget	1	136328
532.6559924759775	1.0	NonTarget	1	136360
532.7809924155436	1.0	NonTarget	1	136392
532.9059923551097	1.0	NonTarget	1	136424
533.0309922946758	1.0	NonTarget	1	136456
533.1559922342418	1.0	NonTarget	1	136488
533.2809921738079	1.0	NonTarget	1	136520
533.405992113374	1.0	NonTarget	1	136552
533.5309920529401	1.0	NonTarget	1	136584
533.6559919925062	1.0	NonTarget	1	136616
533.7809919320722	1.0	NonTarget	1	136648
533.9059918716383	1.0	NonTarget	1	136680
534.0309918112044	1.0	NonTarget	1	136712
534.1559917507705	1.0	NonTarget	1	136744
534.2809916903366	1.0	NonTarget	1	136776
534.4059916299027	1.0	NonTarget	1	136808
534.5309915694687	1.0	NonTarget	1	136840
534.6559915090348	1.0	NonTarget	1	136872
534.780991448601	1.0	NonTarget	1	136904
534.905991388167	1.0	NonTarget	1	136936
535.0309913277331	1.0	NonTarget	1	136968
535.1559912672992	1.0	NonTarget	1	137000
535.2809912068652	1.0	NonTarget	1	137032
535.4059911464313	1.0	NonTarget	1	137064
535.5309910859975	1.0	NonTarget	1	137096
535.6559910255635	1.0	NonTarget	1	137128
535.7809909651296	1.0	NonTarget	1	137160
535.9059909046957	1.0	NonTarget	1	137192
536.0309908442617	1.0	NonTarget	1	137224
536.1559907838279	1.0	NonTarget	1	137256
536.280990723394	1.0	NonTarget	1	137288
536.40599066296	1.0	NonTarget	1	137320
536.5309906025261	1.0	NonTarget	1	137352
536.6559905420922	1.0	NonTarget	1	137384
536.7809904816583	1.0	NonTarget	1	137416
536.9059904212244	1.0	NonTarget	1	137448
537.0309903607905	1.0	NonTarget	1	137480
537.1559903003565	1.0	NonTarget	1	137512
537.2809902399226	1.0	NonTarget	1	137544
537.4059901794888	1.0	NonTarget	1	137576
537.5309901190548	1.0	NonTarget	1	137608
537.6559900586209	1.0	NonTarget	1	137640
537.780989998187	1.0	NonTarget	1	137672
537.905989937753	1.0	NonTarget	1	137704
538.0309898773191	1.0	NonTarget	1	137736
538.1559898168853	1.0	NonTarget	1	137768
538.2809897564513	1.0	NonTarget	1	137800
538.4059896960174	1.0	NonTarget	1	137832
544.5309867347555	1.0	NonTarget	1	139400
544.6559866743216	1.0	NonTarget	1	139432
544.7809866138876	1.0	NonTarget	1	139464
544.9059865534538	1.0	NonTarget	1	139496
545.0309864930199	1.0	NonTarget	1	139528
545.1559864325859	1.0	NonTarget	1	139560
545.280986372152	1.0	NonTarget	1	139592
545.4059863117182	1.0	NonTarget	1	139624
545.5309862512842	1.0	NonTarget	1	139656
545.6559861908503	1.0	NonTarget	1	139688
545.7809861304164	1.0	NonTarget	1	139720
545.9059860699824	1.0	NonTarget	1	139752
546.0309860095485	1.0	NonTarget	1	139784
546.1559859491147	1.0	NonTarget	1	139816
546.2809858886807	1.0	NonTarget	1	139848
546.4059858282468	1.0	NonTarget	1	139880
546.5309857678129	1.0	NonTarget	1	139912
546.6559857073789	1.0	NonTarget	1	139944
546.780985646945	1.0	NonTarget	1	139976
546.9059855865112	1.0	NonTarget	1	140008
547.0309855260772	1.0	NonTarget	1	140040
547.1559854656433	1.0	NonTarget	1	140072
547.2809854052093	1.0	NonTarget	1	140104
547.4059853447754	1.0	NonTarget	1	140136
547.5309852843416	1.0	NonTarget	1	140168
547.6559852239076	1.0	NonTarget	1	140200
547.7809851634737	1.0	NonTarget	1	140232
547.9059851030398	1.0	NonTarget	1	140264
548.0309850426058	1.0	NonTarget	1	140296
548.155984982172	1.0	NonTarget	1	140328
548.2809849217381	1.0	NonTarget	1	140360
548.4059848613041	1.0	NonTarget	1	140392
548.5309848008702	1.0	NonTarget	1	140424
548.6559847404363	1.0	NonTarget	1	140456
548.7809846800023	1.0	NonTarget	1	140488
548.9059846195685	1.0	NonTarget	1	140520
549.0309845591346	1.0	NonTarget	1	140552
549.1559844987006	1.0	NonTarget	1	140584
549.2809844382667	1.0	NonTarget	1	140616
549.4059843778329	1.0	NonTarget	1	140648
549.5309843173989	1.0	NonTarget	1	140680
549.655984256965	1.0	NonTarget	1	140712
549.7809841965311	1.0	NonTarget	1	140744
549.9059841360971	1.0	NonTarget	1	140776
550.0309840756632	1.0	NonTarget	1	140808
550.1559840152294	1.0	NonTarget	1	140840
550.2809839547954	1.0	NonTarget	1	140872
550.4059838943615	1.0	NonTarget	1	140904
550.5309838339276	1.0	NonTarget	1	140936
550.6559837734936	1.0	NonTarget	1	140968
550.7809837130598	1.0	NonTarget	1	141000
550.9059836526259	1.0	NonTarget	1	141032
551.0309835921919	1.0	NonTarget	1	141064
551.155983531758	1.0	NonTarget	1	141096
551.2809834713241	1.0	NonTarget	1	141128
551.4059834108901	1.0	NonTarget	1	141160
551.5309833504563	1.0	NonTarget	1	141192
551.6559832900224	1.0	NonTarget	1	141224
551.7809832295884	1.0	NonTarget	1	141256
551.9059831691545	1.0	NonTarget	1	141288
552.0309831087205	1.0	NonTarget	1	141320
552.1559830482867	1.0	NonTarget	1	141352
552.2809829878528	1.0	NonTarget	1	141384
552.4059829274188	1.0	NonTarget	1	141416
552.5309828669849	1.0	NonTarget	1	141448
552.655982806551	1.0	NonTarget	1	141480
552.780982746117	1.0	NonTarget	1	141512
552.9059826856832	1.0	NonTarget	1	141544
553.0309826252493	1.0	NonTarget	1	141576
553.1559825648153	1.0	NonTarget	1	141608
553.2809825043814	1.0	NonTarget	1	141640
553.4059824439476	1.0	NonTarget	1	141672
559.5309794826857	1.0	NonTarget	1	143240
559.6559794222518	1.0	NonTarget	1	143272
559.7809793618178	1.0	NonTarget	1	143304
559.9059793013839	1.0	NonTarget	1	143336
560.03097924095	1.0	NonTarget	1	143368
560.155979180516	1.0	NonTarget	1	143400
560.2809791200822	1.0	NonTarget	1	143432
560.4059790596483	1.0	NonTarget	1	143464
560.5309789992143	1.0	NonTarget	1	143496
560.6559789387804	1.0	NonTarget	1	143528
560.7809788783464	1.0	NonTarget	1	143560
560.9059788179126	1.0	NonTarget	1	143592
561.0309787574787	1.0	NonTarget	1	143624
561.1559786970447	1.0	NonTarget	1	143656
561.2809786366108	1.0	NonTarget	1	143688
561.405978576177	1.0	NonTarget	1	143720
561.530978515743	1.0	NonTarget	1	143752
561.6559784553091	1.0	NonTarget	1	143784
561.7809783948752	1.0	NonTarget	1	143816
561.9059783344412	1.0	NonTarget	1	143848
562.0309782740073	1.0	NonTarget	1	143880
562.1559782135735	1.0	NonTarget	1	143912
562.2809781531395	1.0	NonTarget	1	143944
562.4059780927056	1.0	NonTarget	1	143976
562.5309780322717	1.0	NonTarget	1	144008
562.6559779718377	1.0	NonTarget	1	144040
562.7809779114039	1.0	NonTarget	1	144072
562.90597785097	1.0	NonTarget	1	144104
563.030977790536	1.0	NonTarget	1	144136
563.1559777301021	1.0	NonTarget	1	144168
563.2809776696682	1.0	NonTarget	1	144200
563.4059776092342	1.0	NonTarget	1	144232
563.5309775488004	1.0	NonTarget	1	144264
563.6559774883665	1.0	NonTarget	1	144296
563.7809774279325	1.0	NonTarget	1	144328
563.9059773674986	1.0	NonTarget	1	144360
564.0309773070647	1.0	NonTarget	1	144392
564.1559772466308	1.0	NonTarget	1	144424
564.2809771861969	1.0	NonTarget	1	144456
564.405977125763	1.0	NonTarget	1	144488
564.530977065329	1.0	NonTarget	1	144520
564.6559770048951	1.0	NonTarget	1	144552
564.7809769444613	1.0	NonTarget	1	144584
564.9059768840273	1.0	NonTarget	1	144616
565.0309768235934	1.0	NonTarget	1	144648
565.1559767631594	1.0	NonTarget	1	144680
565.2809767027255	1.0	NonTarget	1	144712
565.4059766422916	1.0	NonTarget	1	144744
565.5309765818577	1.0	NonTarget	1	144776
565.6559765214238	1.0	NonTarget	1	144808
565.7809764609899	1.0	NonTarget	1	144840
565.9059764005559	1.0	NonTarget	1	144872
566.030976340122	1.0	NonTarget	1	144904
566.1559762796882	1.0	NonTarget	1	144936
566.2809762192542	1.0	NonTarget	1	144968
566.4059761588203	1.0	NonTarget	1	145000
566.5309760983864	1.0	NonTarget	1	145032
566.6559760379524	1.0	NonTarget	1	145064
566.7809759775186	1.0	NonTarget	1	145096
566.9059759170847	1.0	NonTarget	1	145128
567.0309758566507	1.0	NonTarget	1	145160
567.1559757962168	1.0	NonTarget	1	145192
567.2809757357829	1.0	NonTarget	1	145224
567.4059756753489	1.0	NonTarget	1	145256
567.5309756149151	1.0	NonTarget	1	145288
567.6559755544812	1.0	NonTarget	1	145320
567.7809754940472	1.0	NonTarget	1	145352
567.9059754336133	1.0	NonTarget	1	145384
568.0309753731794	1.0	NonTarget	1	145416
568.1559753127455	1.0	NonTarget	1	145448
568.2809752523116	1.0	NonTarget	1	145480
568.4059751918777	1.0	NonTarget	1	145512
574.5309722306158	1.0	NonTarget	1	147080
574.6559721701818	1.0	NonTarget	1	147112
574.780972109748	1.0	NonTarget	1	147144
574.9059720493141	1.0	NonTarget	1	147176
575.0309719888801	1.0	NonTarget	1	147208
575.1559719284462	1.0	NonTarget	1	147240
575.2809718680123	1.0	NonTarget	1	147272
575.4059718075783	1.0	NonTarget	1	147304
575.5309717471445	1.0	NonTarget	1	147336
575.6559716867106	1.0	NonTarget	1	147368
575.7809716262766	1.0	NonTarget	1	147400
575.9059715658427	1.0	NonTarget	1	147432
576.0309715054088	1.0	NonTarget	1	147464
576.1559714449749	1.0	NonTarget	1	147496
576.280971384541	1.0	NonTarget	1	147528
576.4059713241071	1.0	NonTarget	1	147560
576.5309712636731	1.0	NonTarget	1	147592
576.6559712032392	1.0	NonTarget	1	147624
576.7809711428054	1.0	NonTarget	1	147656
576.9059710823714	1.0	NonTarget	1	147688
577.0309710219375	1.0	NonTarget	1	147720
577.1559709615036	1.0	NonTarget	1	147752
577.2809709010696	1.0	NonTarget	1	147784
577.4059708406357	1.0	NonTarget	1	147816
577.5309707802019	1.0	NonTarget	1	147848
577.6559707197679	1.0	NonTarget	1	147880
577.780970659334	1.0	NonTarget	1	147912
577.9059705989001	1.0	NonTarget	1	147944
578.0309705384661	1.0	NonTarget	1	147976
578.1559704780323	1.0	NonTarget	1	148008
578.2809704175984	1.0	NonTarget	1	148040
578.4059703571644	1.0	NonTarget	1	148072
578.5309702967305	1.0	NonTarget	1	148104
578.6559702362965	1.0	NonTarget	1	148136
578.7809701758626	1.0	NonTarget	1	148168
578.9059701154288	1.0	NonTarget	1	148200
579.0309700549948	1.0	NonTarget	1	148232
579.1559699945609	1.0	NonTarget	1	148264
579.280969934127	1.0	NonTarget	1	148296
579.405969873693	1.0	NonTarget	1	148328
579.5309698132592	1.0	NonTarget	1	148360
579.6559697528253	1.0	NonTarget	1	148392
579.7809696923913	1.0	NonTarget	1	148424
579.9059696319574	1.0	NonTarget	1	148456
580.0309695715235	1.0	NonTarget	1	148488
580.1559695110896	1.0	NonTarget	1	148520
580.2809694506557	1.0	NonTarget	1	148552
580.4059693902218	1.0	NonTarget	1	148584
580.5309693297878	1.0	NonTarget	1	148616
580.6559692693539	1.0	NonTarget	1	148648
580.78096920892	1.0	NonTarget	1	148680
580.9059691484861	1.0	NonTarget	1	148712
581.0309690880522	1.0	NonTarget	1	148744
581.1559690276183	1.0	NonTarget	1	148776
581.2809689671843	1.0	NonTarget	1	148808
581.4059689067504	1.0	NonTarget	1	148840
581.5309688463166	1.0	NonTarget	1	148872
581.6559687858826	1.0	NonTarget	1	148904
581.7809687254487	1.0	NonTarget	1	148936
581.9059686650148	1.0	NonTarget	1	148968
582.0309686045808	1.0	NonTarget	1	149000
582.155968544147	1.0	NonTarget	1	149032
582.2809684837131	1.0	NonTarget	1	149064
582.4059684232791	1.0	NonTarget	1	149096
582.5309683628452	1.0	NonTarget	1	149128
582.6559683024113	1.0	NonTarget	1	149160
582.7809682419773	1.0	NonTarget	1	149192
582.9059681815435	1.0	NonTarget	1	149224
583.0309681211096	1.0	NonTarget	1	149256
583.1559680606756	1.0	NonTarget	1	149288
583.2809680002417	1.0	NonTarget	1	149320
583.4059679398077	1.0	NonTarget	1	149352
589.530964978546	1.0	NonTarget	1	150920
589.655964918112	1.0	NonTarget	1	150952
589.7809648576781	1.0	NonTarget	1	150984
589.9059647972442	1.0	NonTarget	1	151016
590.0309647368102	1.0	NonTarget	1	151048
590.1559646763764	1.0	NonTarget	1	151080
590.2809646159425	1.0	NonTarget	1	151112
590.4059645555085	1.0	NonTarget	1	151144
590.5309644950746	1.0	NonTarget	1	151176
590.6559644346407	1.0	NonTarget	1	151208
590.7809643742067	1.0	NonTarget	1	151240
590.9059643137729	1.0	NonTarget	1	151272
591.030964253339	1.0	NonTarget	1	151304
591.155964192905	1.0	NonTarget	1	151336
591.2809641324711	1.0	NonTarget	1	151368
591.4059640720372	1.0	NonTarget	1	151400
591.5309640116033	1.0	NonTarget	1	151432
591.6559639511694	1.0	NonTarget	1	151464
591.7809638907355	1.0	NonTarget	1	151496
591.9059638303015	1.0	NonTarget	1	151528
592.0309637698676	1.0	NonTarget	1	151560
592.1559637094336	1.0	NonTarget	1	151592
592.2809636489998	1.0	NonTarget	1	151624
592.4059635885659	1.0	NonTarget	1	151656
592.5309635281319	1.0	NonTarget	1	151688
592.655963467698	1.0	NonTarget	1	151720
592.7809634072642	1.0	NonTarget	1	151752
592.9059633468302	1.0	NonTarget	1	151784
593.0309632863963	1.0	NonTarget	1	151816
593.1559632259624	1.0	NonTarget	1	151848
593.2809631655284	1.0	NonTarget	1	151880
593.4059631050945	1.0	NonTarget	1	151912
593.5309630446607	1.0	NonTarget	1	151944
593.6559629842267	1.0	NonTarget	1	151976
593.7809629237928	1.0	NonTarget	1	152008
593.9059628633589	1.0	NonTarget	1	152040
594.0309628029249	1.0	NonTarget	1	152072
594.155962742491	1.0	NonTarget	1	152104
594.2809626820572	1.0	NonTarget	1	152136
594.4059626216232	1.0	NonTarget	1	152168
594.5309625611893	1.0	NonTarget	1	152200
594.6559625007554	1.0	NonTarget	1	152232
594.7809624403214	1.0	NonTarget	1	152264
594.9059623798876	1.0	NonTarget	1	152296
595.0309623194537	1.0	NonTarget	1	152328
595.1559622590197	1.0	NonTarget	1	152360
595.2809621985858	1.0	NonTarget	1	152392
595.405962138152	1.0	NonTarget	1	152424
595.530962077718	1.0	NonTarget	1	152456
595.6559620172841	1.0	NonTarget	1	152488
595.7809619568502	1.0	NonTarget	1	152520
595.9059618964162	1.0	NonTarget	1	152552
596.0309618359823	1.0	NonTarget	1	152584
596.1559617755485	1.0	NonTarget	1	152616
596.2809617151145	1.0	NonTarget	1	152648
596.4059616546806	1.0	NonTarget	1	152680
596.5309615942467	1.0	NonTarget	1	152712
596.6559615338127	1.0	NonTarget	1	152744
596.7809614733789	1.0	NonTarget	1	152776
596.9059614129449	1.0	NonTarget	1	152808
597.030961352511	1.0	NonTarget	1	152840
597.1559612920771	1.0	NonTarget	1	152872
597.2809612316431	1.0	NonTarget	1	152904
597.4059611712092	1.0	NonTarget	1	152936
597.5309611107754	1.0	NonTarget	1	152968
597.6559610503414	1.0	NonTarget	1	153000
597.7809609899075	1.0	NonTarget	1	153032
597.9059609294736	1.0	NonTarget	1	153064
598.0309608690396	1.0	NonTarget	1	153096
598.1559608086058	1.0	NonTarget	1	153128
598.2809607481719	1.0	NonTarget	1	153160
598.4059606877379	1.0	NonTarget	1	153192
604.5309577264761	1.0	NonTarget	1	154760
604.6559576660421	1.0	NonTarget	1	154792
604.7809576056083	1.0	NonTarget	1	154824
604.9059575451744	1.0	NonTarget	1	154856
605.0309574847404	1.0	NonTarget	1	154888
605.1559574243065	1.0	NonTarget	1	154920
605.2809573638726	1.0	NonTarget	1	154952
605.4059573034386	1.0	NonTarget	1	154984
605.5309572430048	1.0	NonTarget	1	155016
605.6559571825708	1.0	NonTarget	1	155048
605.7809571221369	1.0	NonTarget	1	155080
605.905957061703	1.0	NonTarget	1	155112
606.030957001269	1.0	NonTarget	1	155144
606.1559569408352	1.0	NonTarget	1	155176
606.2809568804013	1.0	NonTarget	1	155208
606.4059568199673	1.0	NonTarget	1	155240
606.5309567595334	1.0	NonTarget	1	155272
606.6559566990995	1.0	NonTarget	1	155304
606.7809566386655	1.0	NonTarget	1	155336
606.9059565782317	1.0	NonTarget	1	155368
607.0309565177978	1.0	NonTarget	1	155400
607.1559564573638	1.0	NonTarget	1	155432
607.2809563969299	1.0	NonTarget	1	155464
607.405956336496	1.0	NonTarget	1	155496
607.530956276062	1.0	NonTarget	1	155528
607.6559562156282	1.0	NonTarget	1	155560
607.7809561551943	1.0	NonTarget	1	155592
607.9059560947603	1.0	NonTarget	1	155624
608.0309560343264	1.0	NonTarget	1	155656
608.1559559738926	1.0	NonTarget	1	155688
608.2809559134586	1.0	NonTarget	1	155720
608.4059558530247	1.0	NonTarget	1	155752
608.5309557925908	1.0	NonTarget	1	155784
608.6559557321568	1.0	NonTarget	1	155816
608.780955671723	1.0	NonTarget	1	155848
608.9059556112891	1.0	NonTarget	1	155880
609.0309555508551	1.0	NonTarget	1	155912
609.1559554904212	1.0	NonTarget	1	155944
609.2809554299873	1.0	NonTarget	1	155976
609.4059553695533	1.0	NonTarget	1	156008
609.5309553091195	1.0	NonTarget	1	156040
609.6559552486856	1.0	NonTarget	1	156072
609.7809551882516	1.0	NonTarget	1	156104
609.9059551278177	1.0	NonTarget	1	156136
610.0309550673838	1.0	NonTarget	1	156168
610.1559550069499	1.0	NonTarget	1	156200
610.280954946516	1.0	NonTarget	1	156232
610.405954886082	1.0	NonTarget	1	156264
610.5309548256481	1.0	NonTarget	1	156296
610.6559547652142	1.0	NonTarget	1	156328
610.7809547047802	1.0	NonTarget	1	156360
610.9059546443464	1.0	NonTarget	1	156392
611.0309545839125	1.0	NonTarget	1	156424
611.1559545234785	1.0	NonTarget	1	156456
611.2809544630446	1.0	NonTarget	1	156488
611.4059544026107	1.0	NonTarget	1	156520
611.5309543421768	1.0	NonTarget	1	156552
611.6559542817429	1.0	NonTarget	1	156584
611.780954221309	1.0	NonTarget	1	156616
611.905954160875	1.0	NonTarget	1	156648
612.0309541004411	1.0	NonTarget	1	156680
612.1559540400073	1.0	NonTarget	1	156712
612.2809539795733	1.0	NonTarget	1	156744
612.4059539191394	1.0	NonTarget	1	156776
612.5309538587055	1.0	NonTarget	1	156808
612.6559537982715	1.0	NonTarget	1	156840
612.7809537378376	1.0	NonTarget	1	156872
612.9059536774038	1.0	NonTarget	1	156904
613.0309536169698	1.0	NonTarget	1	156936
613.1559535565359	1.0	NonTarget	1	156968
613.280953496102	1.0	NonTarget	1	157000
613.405953435668	1.0	NonTarget	1	157032
619.5309504744062	1.0	NonTarget	1	158600
619.6559504139723	1.0	NonTarget	1	158632
619.7809503535384	1.0	NonTarget	1	158664
619.9059502931044	1.0	NonTarget	1	158696
620.0309502326705	1.0	NonTarget	1	158728
620.1559501722367	1.0	NonTarget	1	158760
620.2809501118027	1.0	NonTarget	1	158792
620.4059500513688	1.0	NonTarget	1	158824
620.5309499909349	1.0	NonTarget	1	158856
620.6559499305009	1.0	NonTarget	1	158888
620.780949870067	1.0	NonTarget	1	158920
620.9059498096332	1.0	NonTarget	1	158952
621.0309497491992	1.0	NonTarget	1	158984
621.1559496887653	1.0	NonTarget	1	159016
621.2809496283314	1.0	NonTarget	1	159048
621.4059495678974	1.0	NonTarget	1	159080
621.5309495074636	1.0	NonTarget	1	159112
621.6559494470297	1.0	NonTarget	1	159144
621.7809493865957	1.0	NonTarget	1	159176
621.9059493261618	1.0	NonTarget	1	159208
622.0309492657279	1.0	NonTarget	1	159240
622.155949205294	1.0	NonTarget	1	159272
622.2809491448601	1.0	NonTarget	1	159304
622.4059490844262	1.0	NonTarget	1	159336
622.5309490239922	1.0	NonTarget	1	159368
622.6559489635583	1.0	NonTarget	1	159400
622.7809489031245	1.0	NonTarget	1	159432
622.9059488426905	1.0	NonTarget	1	159464
623.0309487822566	1.0	NonTarget	1	159496
623.1559487218227	1.0	NonTarget	1	159528
623.2809486613887	1.0	NonTarget	1	159560
623.4059486009548	1.0	NonTarget	1	159592
623.530948540521	1.0	NonTarget	1	159624
623.655948480087	1.0	NonTarget	1	159656
623.7809484196531	1.0	NonTarget	1	159688
623.9059483592191	1.0	NonTarget	1	159720
624.0309482987852	1.0	NonTarget	1	159752
624.1559482383514	1.0	NonTarget	1	159784
624.2809481779174	1.0	NonTarget	1	159816
624.4059481174835	1.0	NonTarget	1	159848
624.5309480570496	1.0	NonTarget	1	159880
624.6559479966156	1.0	NonTarget	1	159912
624.7809479361817	1.0	NonTarget	1	159944
624.9059478757479	1.0	NonTarget	1	159976
625.0309478153139	1.0	NonTarget	1	160008
625.15594775488	1.0	NonTarget	1	160040
625.2809476944461	1.0	NonTarget	1	160072
625.4059476340121	1.0	NonTarget	1	160104
625.5309475735783	1.0	NonTarget	1	160136
625.6559475131444	1.0	NonTarget	1	160168
625.7809474527104	1.0	NonTarget	1	160200
625.9059473922765	1.0	NonTarget	1	160232
626.0309473318426	1.0	NonTarget	1	160264
626.1559472714086	1.0	NonTarget	1	160296
626.2809472109748	1.0	NonTarget	1	160328
626.4059471505409	1.0	NonTarget	1	160360
626.5309470901069	1.0	NonTarget	1	160392
626.655947029673	1.0	NonTarget	1	160424
626.7809469692392	1.0	NonTarget	1	160456
626.9059469088052	1.0	NonTarget	1	160488
627.0309468483713	1.0	NonTarget	1	160520
627.1559467879374	1.0	NonTarget	1	160552
627.2809467275034	1.0	NonTarget	1	160584
627.4059466670695	1.0	NonTarget	1	160616
627.5309466066357	1.0	NonTarget	1	160648
627.6559465462017	1.0	NonTarget	1	160680
627.7809464857678	1.0	NonTarget	1	160712
627.9059464253339	1.0	NonTarget	1	160744
628.0309463648999	1.0	NonTarget	1	160776
628.155946304466	1.0	NonTarget	1	160808
628.2809462440321	1.0	NonTarget	1	160840
628.4059461835982	1.0	NonTarget	1	160872
634.5309432223363	1.0	NonTarget	1	162440
634.6559431619024	1.0	NonTarget	1	162472
634.7809431014686	1.0	NonTarget	1	162504
634.9059430410346	1.0	NonTarget	1	162536
635.0309429806007	1.0	NonTarget	1	162568
635.1559429201668	1.0	NonTarget	1	162600
635.2809428597328	1.0	NonTarget	1	162632
635.4059427992989	1.0	NonTarget	1	162664
635.5309427388651	1.0	NonTarget	1	162696
635.6559426784311	1.0	NonTarget	1	162728
635.7809426179972	1.0	NonTarget	1	162760
635.9059425575633	1.0	NonTarget	1	162792
636.0309424971293	1.0	NonTarget	1	162824
636.1559424366955	1.0	NonTarget	1	162856
636.2809423762616	1.0	NonTarget	1	162888
636.4059423158276	1.0	NonTarget	1	162920
636.5309422553937	1.0	NonTarget	1	162952
636.6559421949598	1.0	NonTarget	1	162984
636.7809421345258	1.0	NonTarget	1	163016
636.905942074092	1.0	NonTarget	1	163048
637.0309420136581	1.0	NonTarget	1	163080
637.1559419532241	1.0	NonTarget	1	163112
637.2809418927902	1.0	NonTarget	1	163144
637.4059418323562	1.0	NonTarget	1	163176
637.5309417719224	1.0	NonTarget	1	163208
637.6559417114885	1.0	NonTarget	1	163240
637.7809416510545	1.0	NonTarget	1	163272
637.9059415906206	1.0	NonTarget	1	163304
638.0309415301867	1.0	NonTarget	1	163336
638.1559414697527	1.0	NonTarget	1	163368
638.2809414093189	1.0	NonTarget	1	163400
638.405941348885	1.0	NonTarget	1	163432
638.530941288451	1.0	NonTarget	1	163464
638.6559412280171	1.0	NonTarget	1	163496
638.7809411675833	1.0	NonTarget	1	163528
638.9059411071493	1.0	NonTarget	1	163560
639.0309410467154	1.0	NonTarget	1	163592
639.1559409862815	1.0	NonTarget	1	163624
639.2809409258475	1.0	NonTarget	1	163656
639.4059408654136	1.0	NonTarget	1	163688
639.5309408049798	1.0	NonTarget	1	163720
639.6559407445458	1.0	NonTarget	1	163752
639.7809406841119	1.0	NonTarget	1	163784
639.905940623678	1.0	NonTarget	1	163816
640.030940563244	1.0	NonTarget	1	163848
640.1559405028102	1.0	NonTarget	1	163880
640.2809404423763	1.0	NonTarget	1	163912
640.4059403819423	1.0	NonTarget	1	163944
640.5309403215084	1.0	NonTarget	1	163976
640.6559402610745	1.0	NonTarget	1	164008
640.7809402006405	1.0	NonTarget	1	164040
640.9059401402067	1.0	NonTarget	1	164072
641.0309400797728	1.0	NonTarget	1	164104
641.1559400193388	1.0	NonTarget	1	164136
641.2809399589049	1.0	NonTarget	1	164168
641.405939898471	1.0	NonTarget	1	164200
641.530939838037	1.0	NonTarget	1	164232
641.6559397776032	1.0	NonTarget	1	164264
641.7809397171692	1.0	NonTarget	1	164296
641.9059396567353	1.0	NonTarget	1	164328
642.0309395963014	1.0	NonTarget	1	164360
642.1559395358674	1.0	NonTarget	1	164392
642.2809394754336	1.0	NonTarget	1	164424
642.4059394149997	1.0	NonTarget	1	164456
642.5309393545657	1.0	NonTarget	1	164488
642.6559392941318	1.0	NonTarget	1	164520
642.780939233698	1.0	NonTarget	1	164552
642.905939173264	1.0	NonTarget	1	164584
643.0309391128301	1.0	NonTarget	1	164616
643.1559390523962	1.0	NonTarget	1	164648
643.2809389919622	1.0	NonTarget	1	164680
643.4059389315283	1.0	NonTarget	1	164712
649.5309359702665	1.0	NonTarget	1	166280
649.6559359098326	1.0	NonTarget	1	166312
649.7809358493987	1.0	NonTarget	1	166344
649.9059357889647	1.0	NonTarget	1	166376
650.0309357285308	1.0	NonTarget	1	166408
650.155935668097	1.0	NonTarget	1	166440
650.280935607663	1.0	NonTarget	1	166472
650.4059355472291	1.0	NonTarget	1	166504
650.5309354867952	1.0	NonTarget	1	166536
650.6559354263612	1.0	NonTarget	1	166568
650.7809353659273	1.0	NonTarget	1	166600
650.9059353054934	1.0	NonTarget	1	166632
651.0309352450595	1.0	NonTarget	1	166664
651.1559351846256	1.0	NonTarget	1	166696
651.2809351241916	1.0	NonTarget	1	166728
651.4059350637577	1.0	NonTarget	1	166760
651.5309350033239	1.0	NonTarget	1	166792
651.6559349428899	1.0	NonTarget	1	166824
651.780934882456	1.0	NonTarget	1	166856
651.9059348220221	1.0	NonTarget	1	166888
652.0309347615881	1.0	NonTarget	1	166920
652.1559347011543	1.0	NonTarget	1	166952
652.2809346407204	1.0	NonTarget	1	166984
652.4059345802864	1.0	NonTarget	1	167016
652.5309345198525	1.0	NonTarget	1	167048
652.6559344594186	1.0	NonTarget	1	167080
652.7809343989846	1.0	NonTarget	1	167112
652.9059343385508	1.0	NonTarget	1	167144
653.0309342781169	1.0	NonTarget	1	167176
653.1559342176829	1.0	NonTarget	1	167208
653.280934157249	1.0	NonTarget	1	167240
653.4059340968151	1.0	NonTarget	1	167272
653.5309340363812	1.0	NonTarget	1	167304
653.6559339759473	1.0	NonTarget	1	167336
653.7809339155134	1.0	NonTarget	1	167368
653.9059338550794	1.0	NonTarget	1	167400
654.0309337946455	1.0	NonTarget	1	167432
654.1559337342117	1.0	NonTarget	1	167464
654.2809336737777	1.0	NonTarget	1	167496
654.4059336133438	1.0	NonTarget	1	167528
654.5309335529099	1.0	NonTarget	1	167560
654.6559334924759	1.0	NonTarget	1	167592
654.780933432042	1.0	NonTarget	1	167624
654.9059333716082	1.0	NonTarget	1	167656
655.0309333111742	1.0	NonTarget	1	167688
655.1559332507403	1.0	NonTarget	1	167720
655.2809331903063	1.0	NonTarget	1	167752
655.4059331298724	1.0	NonTarget	1	167784
655.5309330694386	1.0	NonTarget	1	167816
655.6559330090046	1.0	NonTarget	1	167848
655.7809329485707	1.0	NonTarget	1	167880
655.9059328881368	1.0	NonTarget	1	167912
656.0309328277028	1.0	NonTarget	1	167944
656.155932767269	1.0	NonTarget	1	167976
656.2809327068351	1.0	NonTarget	1	168008
656.4059326464011	1.0	NonTarget	1	168040
656.5309325859672	1.0	NonTarget	1	168072
656.6559325255333	1.0	NonTarget	1	168104
656.7809324650993	1.0	NonTarget	1	168136
656.9059324046655	1.0	NonTarget	1	168168
657.0309323442316	1.0	NonTarget	1	168200
657.1559322837976	1.0	NonTarget	1	168232
657.2809322233637	1.0	NonTarget	1	168264
657.4059321629298	1.0	NonTarget	1	168296
657.5309321024959	1.0	NonTarget	1	168328
657.655932042062	1.0	NonTarget	1	168360
657.7809319816281	1.0	NonTarget	1	168392
657.9059319211941	1.0	NonTarget	1	168424
658.0309318607602	1.0	NonTarget	1	168456
658.1559318003264	1.0	NonTarget	1	168488
658.2809317398924	1.0	NonTarget	1	168520
658.4059316794585	1.0	NonTarget	1	168552
664.5309287181966	1.0	NonTarget	1	170120
664.6559286577627	1.0	NonTarget	1	170152
664.7809285973287	1.0	NonTarget	1	170184
664.9059285368949	1.0	NonTarget	1	170216
665.030928476461	1.0	NonTarget	1	170248
665.155928416027	1.0	NonTarget	1	170280
665.2809283555931	1.0	NonTarget	1	170312
665.4059282951592	1.0	NonTarget	1	170344
665.5309282347253	1.0	NonTarget	1	170376
665.6559281742914	1.0	NonTarget	1	170408
665.7809281138575	1.0	NonTarget	1	170440
665.9059280534235	1.0	NonTarget	1	170472
666.0309279929896	1.0	NonTarget	1	170504
666.1559279325558	1.0	NonTarget	1	170536
666.2809278721218	1.0	NonTarget	1	170568
666.4059278116879	1.0	NonTarget	1	170600
666.530927751254	1.0	NonTarget	1	170632
666.65592769082	1.0	NonTarget	1	170664
666.7809276303861	1.0	NonTarget	1	170696
666.9059275699523	1.0	NonTarget	1	170728
667.0309275095183	1.0	NonTarget	1	170760
667.1559274490844	1.0	NonTarget	1	170792
667.2809273886505	1.0	NonTarget	1	170824
667.4059273282165	1.0	NonTarget	1	170856
667.5309272677827	1.0	NonTarget	1	170888
667.6559272073488	1.0	NonTarget	1	170920
667.7809271469148	1.0	NonTarget	1	170952
667.9059270864809	1.0	NonTarget	1	170984
668.030927026047	1.0	NonTarget	1	171016
668.155926965613	1.0	NonTarget	1	171048
668.2809269051792	1.0	NonTarget	1	171080
668.4059268447453	1.0	NonTarget	1	171112
668.5309267843113	1.0	NonTarget	1	171144
668.6559267238774	1.0	NonTarget	1	171176
668.7809266634434	1.0	NonTarget	1	171208
668.9059266030096	1.0	NonTarget	1	171240
669.0309265425757	1.0	NonTarget	1	171272
669.1559264821417	1.0	NonTarget	1	171304
669.2809264217078	1.0	NonTarget	1	171336
669.4059263612739	1.0	NonTarget	1	171368
669.53092630084	1.0	NonTarget	1	171400
669.6559262404061	1.0	NonTarget	1	171432
669.7809261799722	1.0	NonTarget	1	171464
669.9059261195382	1.0	NonTarget	1	171496
670.0309260591043	1.0	NonTarget	1	171528
670.1559259986705	1.0	NonTarget	1	171560
670.2809259382365	1.0	NonTarget	1	171592
670.4059258778026	1.0	NonTarget	1	171624
670.5309258173687	1.0	NonTarget	1	171656
670.6559257569347	1.0	NonTarget	1	171688
670.7809256965008	1.0	NonTarget	1	171720
670.905925636067	1.0	NonTarget	1	171752
671.030925575633	1.0	NonTarget	1	171784
671.1559255151991	1.0	NonTarget	1	171816
671.2809254547652	1.0	NonTarget	1	171848
671.4059253943312	1.0	NonTarget	1	171880
671.5309253338974	1.0	NonTarget	1	171912
671.6559252734635	1.0	NonTarget	1	171944
671.7809252130295	1.0	NonTarget	1	171976
671.9059251525956	1.0	NonTarget	1	172008
672.0309250921617	1.0	NonTarget	1	172040
672.1559250317277	1.0	NonTarget	1	172072
672.2809249712939	1.0	NonTarget	1	172104
672.40592491086	1.0	NonTarget	1	172136
672.530924850426	1.0	NonTarget	1	172168
672.6559247899921	1.0	NonTarget	1	172200
672.7809247295583	1.0	NonTarget	1	172232
672.9059246691243	1.0	NonTarget	1	172264
673.0309246086904	1.0	NonTarget	1	172296
673.1559245482564	1.0	NonTarget	1	172328
673.2809244878225	1.0	NonTarget	1	172360
673.4059244273886	1.0	NonTarget	1	172392
679.5309214661268	1.0	NonTarget	1	173960
679.6559214056929	1.0	NonTarget	1	173992
679.7809213452589	1.0	NonTarget	1	174024
679.905921284825	1.0	NonTarget	1	174056
680.0309212243911	1.0	NonTarget	1	174088
680.1559211639571	1.0	NonTarget	1	174120
680.2809211035233	1.0	NonTarget	1	174152
680.4059210430894	1.0	NonTarget	1	174184
680.5309209826554	1.0	NonTarget	1	174216
680.6559209222215	1.0	NonTarget	1	174248
680.7809208617876	1.0	NonTarget	1	174280
680.9059208013537	1.0	NonTarget	1	174312
681.0309207409198	1.0	NonTarget	1	174344
681.1559206804859	1.0	NonTarget	1	174376
681.2809206200519	1.0	NonTarget	1	174408
681.405920559618	1.0	NonTarget	1	174440
681.5309204991842	1.0	NonTarget	1	174472
681.6559204387502	1.0	NonTarget	1	174504
681.7809203783163	1.0	NonTarget	1	174536
681.9059203178824	1.0	NonTarget	1	174568
682.0309202574484	1.0	NonTarget	1	174600
682.1559201970146	1.0	NonTarget	1	174632
682.2809201365806	1.0	NonTarget	1	174664
682.4059200761467	1.0	NonTarget	1	174696
682.5309200157128	1.0	NonTarget	1	174728
682.6559199552788	1.0	NonTarget	1	174760
682.7809198948449	1.0	NonTarget	1	174792
682.9059198344111	1.0	NonTarget	1	174824
683.0309197739771	1.0	NonTarget	1	174856
683.1559197135432	1.0	NonTarget	1	174888
683.2809196531093	1.0	NonTarget	1	174920
683.4059195926753	1.0	NonTarget	1	174952
683.5309195322415	1.0	NonTarget	1	174984
683.6559194718076	1.0	NonTarget	1	175016
683.7809194113736	1.0	NonTarget	1	175048
683.9059193509397	1.0	NonTarget	1	175080
684.0309192905058	1.0	NonTarget	1	175112
684.1559192300718	1.0	NonTarget	1	175144
684.280919169638	1.0	NonTarget	1	175176
684.4059191092041	1.0	NonTarget	1	175208
684.5309190487701	1.0	NonTarget	1	175240
684.6559189883362	1.0	NonTarget	1	175272
684.7809189279023	1.0	NonTarget	1	175304
684.9059188674684	1.0	NonTarget	1	175336
685.0309188070345	1.0	NonTarget	1	175368
685.1559187466006	1.0	NonTarget	1	175400
685.2809186861666	1.0	NonTarget	1	175432
685.4059186257327	1.0	NonTarget	1	175464
685.5309185652989	1.0	NonTarget	1	175496
685.6559185048649	1.0	NonTarget	1	175528
685.780918444431	1.0	NonTarget	1	175560
685.9059183839971	1.0	NonTarget	1	175592
686.0309183235631	1.0	NonTarget	1	175624
686.1559182631293	1.0	NonTarget	1	175656
686.2809182026954	1.0	NonTarget	1	175688
686.4059181422614	1.0	NonTarget	1	175720
686.5309180818275	1.0	NonTarget	1	175752
686.6559180213935	1.0	NonTarget	1	175784
686.7809179609596	1.0	NonTarget	1	175816
686.9059179005258	1.0	NonTarget	1	175848
687.0309178400918	1.0	NonTarget	1	175880
687.1559177796579	1.0	NonTarget	1	175912
687.280917719224	1.0	NonTarget	1	175944
687.40591765879	1.0	NonTarget	1	175976
687.5309175983562	1.0	NonTarget	1	176008
687.6559175379223	1.0	NonTarget	1	176040
687.7809174774883	1.0	NonTarget	1	176072
687.9059174170544	1.0	NonTarget	1	176104
688.0309173566205	1.0	NonTarget	1	176136
688.1559172961865	1.0	NonTarget	1	176168
688.2809172357527	1.0	NonTarget	1	176200
688.4059171753188	1.0	NonTarget	1	176232
694.5309142140569	1.0	NonTarget	1	177800
694.655914153623	1.0	NonTarget	1	177832
694.780914093189	1.0	NonTarget	1	177864
694.9059140327552	1.0	NonTarget	1	177896
695.0309139723213	1.0	NonTarget	1	177928
695.1559139118873	1.0	NonTarget	1	177960
695.2809138514534	1.0	NonTarget	1	177992
695.4059137910195	1.0	NonTarget	1	178024
695.5309137305856	1.0	NonTarget	1	178056
695.6559136701517	1.0	NonTarget	1	178088
695.7809136097177	1.0	NonTarget	1	178120
695.9059135492838	1.0	NonTarget	1	178152
696.0309134888499	1.0	NonTarget	1	178184
696.1559134284159	1.0	NonTarget	1	178216
696.2809133679821	1.0	NonTarget	1	178248
696.4059133075482	1.0	NonTarget	1	178280
696.5309132471142	1.0	NonTarget	1	178312
696.6559131866803	1.0	NonTarget	1	178344
696.7809131262464	1.0	NonTarget	1	178376
696.9059130658125	1.0	NonTarget	1	178408
697.0309130053786	1.0	NonTarget	1	178440
697.1559129449447	1.0	NonTarget	1	178472
697.2809128845107	1.0	NonTarget	1	178504
697.4059128240768	1.0	NonTarget	1	178536
697.530912763643	1.0	NonTarget	1	178568
697.655912703209	1.0	NonTarget	1	178600
697.7809126427751	1.0	NonTarget	1	178632
697.9059125823412	1.0	NonTarget	1	178664
698.0309125219072	1.0	NonTarget	1	178696
698.1559124614733	1.0	NonTarget	1	178728
698.2809124010395	1.0	NonTarget	1	178760
698.4059123406055	1.0	NonTarget	1	178792
698.5309122801716	1.0	NonTarget	1	178824
698.6559122197377	1.0	NonTarget	1	178856
698.7809121593037	1.0	NonTarget	1	178888
698.9059120988699	1.0	NonTarget	1	178920
699.030912038436	1.0	NonTarget	1	178952
699.155911978002	1.0	NonTarget	1	178984
699.2809119175681	1.0	NonTarget	1	179016
699.4059118571342	1.0	NonTarget	1	179048
699.5309117967003	1.0	NonTarget	1	179080
699.6559117362664	1.0	NonTarget	1	179112
699.7809116758325	1.0	NonTarget	1	179144
699.9059116153985	1.0	NonTarget	1	179176
700.0309115549646	1.0	NonTarget	1	179208
700.1559114945306	1.0	NonTarget	1	179240
700.2809114340968	1.0	NonTarget	1	179272
700.4059113736629	1.0	NonTarget	1	179304
700.5309113132289	1.0	NonTarget	1	179336
700.655911252795	1.0	NonTarget	1	179368
700.7809111923611	1.0	NonTarget	1	179400
700.9059111319272	1.0	NonTarget	1	179432
701.0309110714933	1.0	NonTarget	1	179464
701.1559110110594	1.0	NonTarget	1	179496
701.2809109506254	1.0	NonTarget	1	179528
701.4059108901915	1.0	NonTarget	1	179560
701.5309108297577	1.0	NonTarget	1	179592
701.6559107693237	1.0	NonTarget	1	179624
701.7809107088898	1.0	NonTarget	1	179656
701.9059106484559	1.0	NonTarget	1	179688
702.0309105880219	1.0	NonTarget	1	179720
702.155910527588	1.0	NonTarget	1	179752
702.2809104671542	1.0	NonTarget	1	179784
702.4059104067202	1.0	NonTarget	1	179816
702.5309103462863	1.0	NonTarget	1	179848
702.6559102858524	1.0	NonTarget	1	179880
702.7809102254184	1.0	NonTarget	1	179912
702.9059101649846	1.0	NonTarget	1	179944
703.0309101045507	1.0	NonTarget	1	179976
703.1559100441167	1.0	NonTarget	1	180008
703.2809099836828	1.0	NonTarget	1	180040
703.4059099232489	1.0	NonTarget	1	180072
709.5309069619871	1.0	NonTarget	1	181640
709.6559069015531	1.0	NonTarget	1	181672
709.7809068411192	1.0	NonTarget	1	181704
709.9059067806853	1.0	NonTarget	1	181736
710.0309067202513	1.0	NonTarget	1	181768
710.1559066598174	1.0	NonTarget	1	181800
710.2809065993836	1.0	NonTarget	1	181832
710.4059065389496	1.0	NonTarget	1	181864
710.5309064785157	1.0	NonTarget	1	181896
710.6559064180818	1.0	NonTarget	1	181928
710.7809063576478	1.0	NonTarget	1	181960
710.905906297214	1.0	NonTarget	1	181992
711.0309062367801	1.0	NonTarget	1	182024
711.1559061763461	1.0	NonTarget	1	182056
711.2809061159122	1.0	NonTarget	1	182088
711.4059060554783	1.0	NonTarget	1	182120
711.5309059950443	1.0	NonTarget	1	182152
711.6559059346105	1.0	NonTarget	1	182184
711.7809058741766	1.0	NonTarget	1	182216
711.9059058137426	1.0	NonTarget	1	182248
712.0309057533087	1.0	NonTarget	1	182280
712.1559056928749	1.0	NonTarget	1	182312
712.2809056324409	1.0	NonTarget	1	182344
712.405905572007	1.0	NonTarget	1	182376
712.5309055115731	1.0	NonTarget	1	182408
712.6559054511391	1.0	NonTarget	1	182440
712.7809053907052	1.0	NonTarget	1	182472
712.9059053302714	1.0	NonTarget	1	182504
713.0309052698374	1.0	NonTarget	1	182536
713.1559052094035	1.0	NonTarget	1	182568
713.2809051489696	1.0	NonTarget	1	182600
713.4059050885356	1.0	NonTarget	1	182632
713.5309050281018	1.0	NonTarget	1	182664
713.6559049676678	1.0	NonTarget	1	182696
713.7809049072339	1.0	NonTarget	1	182728
713.9059048468	1.0	NonTarget	1	182760
714.030904786366	1.0	NonTarget	1	182792
714.1559047259321	1.0	NonTarget	1	182824
714.2809046654983	1.0	NonTarget	1	182856
714.4059046050643	1.0	NonTarget	1	182888
714.5309045446304	1.0	NonTarget	1	182920
714.6559044841965	1.0	NonTarget	1	182952
714.7809044237625	1.0	NonTarget	1	182984
714.9059043633287	1.0	NonTarget	1	183016
715.0309043028948	1.0	NonTarget	1	183048
715.1559042424608	1.0	NonTarget	1	183080
715.2809041820269	1.0	NonTarget	1	183112
715.405904121593	1.0	NonTarget	1	183144
715.530904061159	1.0	NonTarget	1	183176
715.6559040007252	1.0	NonTarget	1	183208
715.7809039402913	1.0	NonTarget	1	183240
715.9059038798573	1.0	NonTarget	1	183272
716.0309038194234	1.0	NonTarget	1	183304
716.1559037589896	1.0	NonTarget	1	183336
716.2809036985556	1.0	NonTarget	1	183368
716.4059036381217	1.0	NonTarget	1	183400
716.5309035776878	1.0	NonTarget	1	183432
716.6559035172538	1.0	NonTarget	1	183464
716.7809034568199	1.0	NonTarget	1	183496
716.9059033963861	1.0	NonTarget	1	183528
717.0309033359521	1.0	NonTarget	1	183560
717.1559032755182	1.0	NonTarget	1	183592
717.2809032150843	1.0	NonTarget	1	183624
717.4059031546503	1.0	NonTarget	1	183656
717.5309030942165	1.0	NonTarget	1	183688
717.6559030337826	1.0	NonTarget	1	183720
717.7809029733486	1.0	NonTarget	1	183752
717.9059029129147	1.0	NonTarget	1	183784
718.0309028524807	1.0	NonTarget	1	183816
718.1559027920468	1.0	NonTarget	1	183848
718.280902731613	1.0	NonTarget	1	183880
718.405902671179	1.0	NonTarget	1	183912
724.5308997099172	1.0	NonTarget	1	185480
724.6558996494832	1.0	NonTarget	1	185512
724.7808995890493	1.0	NonTarget	1	185544
724.9058995286155	1.0	NonTarget	1	185576
725.0308994681815	1.0	NonTarget	1	185608
725.1558994077476	1.0	NonTarget	1	185640
725.2808993473137	1.0	NonTarget	1	185672
725.4058992868797	1.0	NonTarget	1	185704
725.5308992264459	1.0	NonTarget	1	185736
725.655899166012	1.0	NonTarget	1	185768
725.780899105578	1.0	NonTarget	1	185800
725.9058990451441	1.0	NonTarget	1	185832
726.0308989847102	1.0	NonTarget	1	185864
726.1558989242762	1.0	NonTarget	1	185896
726.2808988638424	1.0	NonTarget	1	185928
726.4058988034085	1.0	NonTarget	1	185960
726.5308987429745	1.0	NonTarget	1	185992
726.6558986825406	1.0	NonTarget	1	186024
726.7808986221067	1.0	NonTarget	1	186056
726.9058985616728	1.0	NonTarget	1	186088
727.0308985012389	1.0	NonTarget	1	186120
727.1558984408049	1.0	NonTarget	1	186152
727.280898380371	1.0	NonTarget	1	186184
727.4058983199371	1.0	NonTarget	1	186216
727.5308982595031	1.0	NonTarget	1	186248
727.6558981990693	1.0	NonTarget	1	186280
727.7808981386354	1.0	NonTarget	1	186312
727.9058980782014	1.0	NonTarget	1	186344
728.0308980177675	1.0	NonTarget	1	186376
728.1558979573337	1.0	NonTarget	1	186408
728.2808978968997	1.0	NonTarget	1	186440
728.4058978364658	1.0	NonTarget	1	186472
728.5308977760319	1.0	NonTarget	1	186504
728.6558977155979	1.0	NonTarget	1	186536
728.780897655164	1.0	NonTarget	1	186568
728.9058975947302	1.0	NonTarget	1	186600
729.0308975342962	1.0	NonTarget	1	186632
729.1558974738623	1.0	NonTarget	1	186664
729.2808974134284	1.0	NonTarget	1	186696
729.4058973529944	1.0	NonTarget	1	186728
729.5308972925606	1.0	NonTarget	1	186760
729.6558972321267	1.0	NonTarget	1	186792
729.7808971716927	1.0	NonTarget	1	186824
729.9058971112588	1.0	NonTarget	1	186856
730.0308970508249	1.0	NonTarget	1	186888
730.1558969903909	1.0	NonTarget	1	186920
730.2808969299571	1.0	NonTarget	1	186952
730.4058968695232	1.0	NonTarget	1	186984
730.5308968090892	1.0	NonTarget	1	187016
730.6558967486553	1.0	NonTarget	1	187048
730.7808966882214	1.0	NonTarget	1	187080
730.9058966277875	1.0	NonTarget	1	187112
731.0308965673536	1.0	NonTarget	1	187144
731.1558965069197	1.0	NonTarget	1	187176
731.2808964464857	1.0	NonTarget	1	187208
731.4058963860518	1.0	NonTarget	1	187240
731.5308963256178	1.0	NonTarget	1	187272
731.655896265184	1.0	NonTarget	1	187304
731.7808962047501	1.0	NonTarget	1	187336
731.9058961443161	1.0	NonTarget	1	187368
732.0308960838822	1.0	NonTarget	1	187400
732.1558960234483	1.0	NonTarget	1	187432
732.2808959630144	1.0	NonTarget	1	187464
732.4058959025805	1.0	NonTarget	1	187496
732.5308958421466	1.0	NonTarget	1	187528
732.6558957817126	1.0	NonTarget	1	187560
732.7808957212787	1.0	NonTarget	1	187592
732.9058956608449	1.0	NonTarget	1	187624
733.0308956004109	1.0	NonTarget	1	187656
733.155895539977	1.0	NonTarget	1	187688
733.2808954795431	1.0	NonTarget	1	187720
733.4058954191091	1.0	NonTarget	1	187752
739.5308924578474	1.0	NonTarget	1	189320
739.6558923974134	1.0	NonTarget	1	189352
739.7808923369795	1.0	NonTarget	1	189384
739.9058922765456	1.0	NonTarget	1	189416
740.0308922161116	1.0	NonTarget	1	189448
740.1558921556777	1.0	NonTarget	1	189480
740.2808920952439	1.0	NonTarget	1	189512
740.4058920348099	1.0	NonTarget	1	189544
740.530891974376	1.0	NonTarget	1	189576
740.655891913942	1.0	NonTarget	1	189608
740.7808918535081	1.0	NonTarget	1	189640
740.9058917930743	1.0	NonTarget	1	189672
741.0308917326403	1.0	NonTarget	1	189704
741.1558916722064	1.0	NonTarget	1	189736
741.2808916117725	1.0	NonTarget	1	189768
741.4058915513385	1.0	NonTarget	1	189800
741.5308914909047	1.0	NonTarget	1	189832
741.6558914304708	1.0	NonTarget	1	189864
741.7808913700368	1.0	NonTarget	1	189896
741.9058913096029	1.0	NonTarget	1	189928
742.030891249169	1.0	NonTarget	1	189960
742.155891188735	1.0	NonTarget	1	189992
742.2808911283012	1.0	NonTarget	1	190024
742.4058910678673	1.0	NonTarget	1	190056
742.5308910074333	1.0	NonTarget	1	190088
742.6558909469994	1.0	NonTarget	1	190120
742.7808908865655	1.0	NonTarget	1	190152
742.9058908261316	1.0	NonTarget	1	190184
743.0308907656977	1.0	NonTarget	1	190216
743.1558907052638	1.0	NonTarget	1	190248
743.2808906448298	1.0	NonTarget	1	190280
743.4058905843959	1.0	NonTarget	1	190312
743.5308905239621	1.0	NonTarget	1	190344
743.6558904635281	1.0	NonTarget	1	190376
743.7808904030942	1.0	NonTarget	1	190408
743.9058903426603	1.0	NonTarget	1	190440
744.0308902822263	1.0	NonTarget	1	190472
744.1558902217924	1.0	NonTarget	1	190504
744.2808901613586	1.0	NonTarget	1	190536
744.4058901009246	1.0	NonTarget	1	190568
744.5308900404907	1.0	NonTarget	1	190600
744.6558899800568	1.0	NonTarget	1	190632
744.7808899196228	1.0	NonTarget	1	190664
744.905889859189	1.0	NonTarget	1	190696
745.030889798755	1.0	NonTarget	1	190728
745.1558897383211	1.0	NonTarget	1	190760
745.2808896778872	1.0	NonTarget	1	190792
745.4058896174532	1.0	NonTarget	1	190824
745.5308895570193	1.0	NonTarget	1	190856
745.6558894965855	1.0	NonTarget	1	190888
745.7808894361515	1.0	NonTarget	1	190920
745.9058893757176	1.0	NonTarget	1	190952
746.0308893152837	1.0	NonTarget	1	190984
746.1558892548497	1.0	NonTarget	1	191016
746.2808891944159	1.0	NonTarget	1	191048
746.405889133982	1.0	NonTarget	1	191080
746.530889073548	1.0	NonTarget	1	191112
746.6558890131141	1.0	NonTarget	1	191144
746.7808889526802	1.0	NonTarget	1	191176
746.9058888922463	1.0	NonTarget	1	191208
747.0308888318124	1.0	NonTarget	1	191240
747.1558887713785	1.0	NonTarget	1	191272
747.2808887109445	1.0	NonTarget	1	191304
747.4058886505106	1.0	NonTarget	1	191336
747.5308885900768	1.0	NonTarget	1	191368
747.6558885296428	1.0	NonTarget	1	191400
747.7808884692089	1.0	NonTarget	1	191432
747.905888408775	1.0	NonTarget	1	191464
748.030888348341	1.0	NonTarget	1	191496
748.1558882879071	1.0	NonTarget	1	191528
748.2808882274733	1.0	NonTarget	1	191560
748.4058881670393	1.0	NonTarget	1	191592
754.5308852057774	1.0	NonTarget	1	193160
754.6558851453435	1.0	NonTarget	1	193192
754.7808850849096	1.0	NonTarget	1	193224
754.9058850244757	1.0	NonTarget	1	193256
755.0308849640418	1.0	NonTarget	1	193288
755.1558849036079	1.0	NonTarget	1	193320
755.2808848431739	1.0	NonTarget	1	193352
755.40588478274	1.0	NonTarget	1	193384
755.5308847223062	1.0	NonTarget	1	193416
755.6558846618722	1.0	NonTarget	1	193448
755.7808846014383	1.0	NonTarget	1	193480
755.9058845410044	1.0	NonTarget	1	193512
756.0308844805704	1.0	NonTarget	1	193544
756.1558844201365	1.0	NonTarget	1	193576
756.2808843597027	1.0	NonTarget	1	193608
756.4058842992687	1.0	NonTarget	1	193640
756.5308842388348	1.0	NonTarget	1	193672
756.6558841784009	1.0	NonTarget	1	193704
756.7808841179669	1.0	NonTarget	1	193736
756.9058840575331	1.0	NonTarget	1	193768
757.0308839970992	1.0	NonTarget	1	193800
757.1558839366652	1.0	NonTarget	1	193832
757.2808838762313	1.0	NonTarget	1	193864
757.4058838157974	1.0	NonTarget	1	193896
757.5308837553634	1.0	NonTarget	1	193928
757.6558836949296	1.0	NonTarget	1	193960
757.7808836344957	1.0	NonTarget	1	193992
757.9058835740617	1.0	NonTarget	1	194024
758.0308835136278	1.0	NonTarget	1	194056
758.155883453194	1.0	NonTarget	1	194088
758.28088339276	1.0	NonTarget	1	194120
758.4058833323261	1.0	NonTarget	1	194152
758.5308832718921	1.0	NonTarget	1	194184
758.6558832114582	1.0	NonTarget	1	194216
758.7808831510243	1.0	NonTarget	1	194248
758.9058830905904	1.0	NonTarget	1	194280
759.0308830301565	1.0	NonTarget	1	194312
759.1558829697226	1.0	NonTarget	1	194344
759.2808829092886	1.0	NonTarget	1	194376
759.4058828488547	1.0	NonTarget	1	194408
759.5308827884209	1.0	NonTarget	1	194440
759.6558827279869	1.0	NonTarget	1	194472
759.780882667553	1.0	NonTarget	1	194504
759.9058826071191	1.0	NonTarget	1	194536
760.0308825466851	1.0	NonTarget	1	194568
760.1558824862512	1.0	NonTarget	1	194600
760.2808824258174	1.0	NonTarget	1	194632
760.4058823653834	1.0	NonTarget	1	194664
760.5308823049495	1.0	NonTarget	1	194696
760.6558822445156	1.0	NonTarget	1	194728
760.7808821840816	1.0	NonTarget	1	194760
760.9058821236478	1.0	NonTarget	1	194792
761.0308820632139	1.0	NonTarget	1	194824
761.1558820027799	1.0	NonTarget	1	194856
761.280881942346	1.0	NonTarget	1	194888
761.4058818819121	1.0	NonTarget	1	194920
761.5308818214781	1.0	NonTarget	1	194952
761.6558817610443	1.0	NonTarget	1	194984
761.7808817006104	1.0	NonTarget	1	195016
761.9058816401764	1.0	NonTarget	1	195048
762.0308815797425	1.0	NonTarget	1	195080
762.1558815193087	1.0	NonTarget	1	195112
762.2808814588747	1.0	NonTarget	1	195144
762.4058813984408	1.0	NonTarget	1	195176
762.5308813380069	1.0	NonTarget	1	195208
762.6558812775729	1.0	NonTarget	1	195240
762.780881217139	1.0	NonTarget	1	195272
762.905881156705	1.0	NonTarget	1	195304
763.0308810962712	1.0	NonTarget	1	195336
763.1558810358373	1.0	NonTarget	1	195368
763.2808809754033	1.0	NonTarget	1	195400
763.4058809149694	1.0	NonTarget	1	195432
769.5308779537075	1.0	NonTarget	1	197000
769.6558778932737	1.0	NonTarget	1	197032
769.7808778328398	1.0	NonTarget	1	197064
769.9058777724058	1.0	NonTarget	1	197096
770.0308777119719	1.0	NonTarget	1	197128
770.155877651538	1.0	NonTarget	1	197160
770.2808775911041	1.0	NonTarget	1	197192
770.4058775306702	1.0	NonTarget	1	197224
770.5308774702363	1.0	NonTarget	1	197256
770.6558774098023	1.0	NonTarget	1	197288
770.7808773493684	1.0	NonTarget	1	197320
770.9058772889346	1.0	NonTarget	1	197352
771.0308772285006	1.0	NonTarget	1	197384
771.1558771680667	1.0	NonTarget	1	197416
771.2808771076328	1.0	NonTarget	1	197448
771.4058770471988	1.0	NonTarget	1	197480
771.530876986765	1.0	NonTarget	1	197512
771.6558769263311	1.0	NonTarget	1	197544
771.7808768658971	1.0	NonTarget	1	197576
771.9058768054632	1.0	NonTarget	1	197608
772.0308767450292	1.0	NonTarget	1	197640
772.1558766845953	1.0	NonTarget	1	197672
772.2808766241615	1.0	NonTarget	1	197704
772.4058765637275	1.0	NonTarget	1	197736
772.5308765032936	1.0	NonTarget	1	197768
772.6558764428597	1.0	NonTarget	1	197800
772.7808763824257	1.0	NonTarget	1	197832
772.9058763219919	1.0	NonTarget	1	197864
773.030876261558	1.0	NonTarget	1	197896
773.155876201124	1.0	NonTarget	1	197928
773.2808761406901	1.0	NonTarget	1	197960
773.4058760802562	1.0	NonTarget	1	197992
773.5308760198222	1.0	NonTarget	1	198024
773.6558759593884	1.0	NonTarget	1	198056
773.7808758989545	1.0	NonTarget	1	198088
773.9058758385205	1.0	NonTarget	1	198120
774.0308757780866	1.0	NonTarget	1	198152
774.1558757176527	1.0	NonTarget	1	198184
774.2808756572188	1.0	NonTarget	1	198216
774.4058755967849	1.0	NonTarget	1	198248
774.530875536351	1.0	NonTarget	1	198280
774.655875475917	1.0	NonTarget	1	198312
774.7808754154831	1.0	NonTarget	1	198344
774.9058753550493	1.0	NonTarget	1	198376
775.0308752946153	1.0	NonTarget	1	198408
775.1558752341814	1.0	NonTarget	1	198440
775.2808751737475	1.0	NonTarget	1	198472
775.4058751133135	1.0	NonTarget	1	198504
775.5308750528797	1.0	NonTarget	1	198536
775.6558749924458	1.0	NonTarget	1	198568
775.7808749320118	1.0	NonTarget	1	198600
775.9058748715779	1.0	NonTarget	1	198632
776.030874811144	1.0	NonTarget	1	198664
776.15587475071	1.0	NonTarget	1	198696
776.2808746902762	1.0	NonTarget	1	198728
776.4058746298422	1.0	NonTarget	1	198760
776.5308745694083	1.0	NonTarget	1	198792
776.6558745089744	1.0	NonTarget	1	198824
776.7808744485404	1.0	NonTarget	1	198856
776.9058743881066	1.0	NonTarget	1	198888
777.0308743276727	1.0	NonTarget	1	198920
777.1558742672387	1.0	NonTarget	1	198952
777.2808742068048	1.0	NonTarget	1	198984
777.4058741463709	1.0	NonTarget	1	199016
777.530874085937	1.0	NonTarget	1	199048
777.6558740255031	1.0	NonTarget	1	199080
777.7808739650692	1.0	NonTarget	1	199112
777.9058739046352	1.0	NonTarget	1	199144
778.0308738442013	1.0	NonTarget	1	199176
778.1558737837674	1.0	NonTarget	1	199208
778.2808737233335	1.0	NonTarget	1	199240
778.4058736628996	1.0	NonTarget	1	199272
784.5308707016377	1.0	NonTarget	1	200840
784.6558706412038	1.0	NonTarget	1	200872
784.7808705807699	1.0	NonTarget	1	200904
784.905870520336	1.0	NonTarget	1	200936
785.0308704599021	1.0	NonTarget	1	200968
785.1558703994682	1.0	NonTarget	1	201000
785.2808703390342	1.0	NonTarget	1	201032
785.4058702786003	1.0	NonTarget	1	201064
785.5308702181663	1.0	NonTarget	1	201096
785.6558701577325	1.0	NonTarget	1	201128
785.7808700972986	1.0	NonTarget	1	201160
785.9058700368646	1.0	NonTarget	1	201192
786.0308699764307	1.0	NonTarget	1	201224
786.1558699159968	1.0	NonTarget	1	201256
786.2808698555629	1.0	NonTarget	1	201288
786.405869795129	1.0	NonTarget	1	201320
786.5308697346951	1.0	NonTarget	1	201352
786.6558696742611	1.0	NonTarget	1	201384
786.7808696138272	1.0	NonTarget	1	201416
786.9058695533934	1.0	NonTarget	1	201448
787.0308694929594	1.0	NonTarget	1	201480
787.1558694325255	1.0	NonTarget	1	201512
787.2808693720916	1.0	NonTarget	1	201544
787.4058693116576	1.0	NonTarget	1	201576
787.5308692512237	1.0	NonTarget	1	201608
787.6558691907899	1.0	NonTarget	1	201640
787.7808691303559	1.0	NonTarget	1	201672
787.905869069922	1.0	NonTarget	1	201704
788.0308690094881	1.0	NonTarget	1	201736
788.1558689490541	1.0	NonTarget	1	201768
788.2808688886203	1.0	NonTarget	1	201800
788.4058688281864	1.0	NonTarget	1	201832
788.5308687677524	1.0	NonTarget	1	201864
788.6558687073185	1.0	NonTarget	1	201896
788.7808686468846	1.0	NonTarget	1	201928
788.9058685864507	1.0	NonTarget	1	201960
789.0308685260168	1.0	NonTarget	1	201992
789.1558684655829	1.0	NonTarget	1	202024
789.2808684051489	1.0	NonTarget	1	202056
789.405868344715	1.0	NonTarget	1	202088
789.5308682842812	1.0	NonTarget	1	202120
789.6558682238472	1.0	NonTarget	1	202152
789.7808681634133	1.0	NonTarget	1	202184
789.9058681029793	1.0	NonTarget	1	202216
790.0308680425454	1.0	NonTarget	1	202248
790.1558679821115	1.0	NonTarget	1	202280
790.2808679216776	1.0	NonTarget	1	202312
790.4058678612437	1.0	NonTarget	1	202344
790.5308678008098	1.0	NonTarget	1	202376
790.6558677403758	1.0	NonTarget	1	202408
790.7808676799419	1.0	NonTarget	1	202440
790.9058676195081	1.0	NonTarget	1	202472
791.0308675590741	1.0	NonTarget	1	202504
791.1558674986402	1.0	NonTarget	1	202536
791.2808674382063	1.0	NonTarget	1	202568
791.4058673777723	1.0	NonTarget	1	202600
791.5308673173384	1.0	NonTarget	1	202632
791.6558672569046	1.0	NonTarget	1	202664
791.7808671964706	1.0	NonTarget	1	202696
791.9058671360367	1.0	NonTarget	1	202728
792.0308670756028	1.0	NonTarget	1	202760
792.1558670151688	1.0	NonTarget	1	202792
792.280866954735	1.0	NonTarget	1	202824
792.4058668943011	1.0	NonTarget	1	202856
792.5308668338671	1.0	NonTarget	1	202888
792.6558667734332	1.0	NonTarget	1	202920
792.7808667129993	1.0	NonTarget	1	202952
792.9058666525654	1.0	NonTarget	1	202984
793.0308665921315	1.0	NonTarget	1	203016
793.1558665316976	1.0	NonTarget	1	203048
793.2808664712636	1.0	NonTarget	1	203080
793.4058664108297	1.0	NonTarget	1	203112
799.5308634495678	1.0	NonTarget	1	204680
799.655863389134	1.0	NonTarget	1	204712
799.7808633287	1.0	NonTarget	1	204744
799.9058632682661	1.0	NonTarget	1	204776
800.0308632078322	1.0	NonTarget	1	204808
800.1558631473982	1.0	NonTarget	1	204840
800.2808630869644	1.0	NonTarget	1	204872
800.4058630265305	1.0	NonTarget	1	204904
800.5308629660965	1.0	NonTarget	1	204936
800.6558629056626	1.0	NonTarget	1	204968
800.7808628452287	1.0	NonTarget	1	205000
800.9058627847947	1.0	NonTarget	1	205032
801.0308627243609	1.0	NonTarget	1	205064
801.155862663927	1.0	NonTarget	1	205096
801.280862603493	1.0	NonTarget	1	205128
801.4058625430591	1.0	NonTarget	1	205160
801.5308624826253	1.0	NonTarget	1	205192
801.6558624221913	1.0	NonTarget	1	205224
801.7808623617574	1.0	NonTarget	1	205256
801.9058623013235	1.0	NonTarget	1	205288
802.0308622408895	1.0	NonTarget	1	205320
802.1558621804556	1.0	NonTarget	1	205352
802.2808621200218	1.0	NonTarget	1	205384
802.4058620595878	1.0	NonTarget	1	205416
802.5308619991539	1.0	NonTarget	1	205448
802.65586193872	1.0	NonTarget	1	205480
802.780861878286	1.0	NonTarget	1	205512
802.9058618178522	1.0	NonTarget	1	205544
803.0308617574183	1.0	NonTarget	1	205576
803.1558616969843	1.0	NonTarget	1	205608
803.2808616365504	1.0	NonTarget	1	205640
803.4058615761164	1.0	NonTarget	1	205672
803.5308615156825	1.0	NonTarget	1	205704
803.6558614552487	1.0	NonTarget	1	205736
803.7808613948147	1.0	NonTarget	1	205768
803.9058613343808	1.0	NonTarget	1	205800
804.0308612739469	1.0	NonTarget	1	205832
804.1558612135129	1.0	NonTarget	1	205864
804.2808611530791	1.0	NonTarget	1	205896
804.4058610926452	1.0	NonTarget	1	205928
804.5308610322112	1.0	NonTarget	1	205960
804.6558609717773	1.0	NonTarget	1	205992
804.7808609113434	1.0	NonTarget	1	206024
804.9058608509094	1.0	NonTarget	1	206056
805.0308607904756	1.0	NonTarget	1	206088
805.1558607300417	1.0	NonTarget	1	206120
805.2808606696077	1.0	NonTarget	1	206152
805.4058606091738	1.0	NonTarget	1	206184
805.53086054874	1.0	NonTarget	1	206216
805.655860488306	1.0	NonTarget	1	206248
805.7808604278721	1.0	NonTarget	1	206280
805.9058603674382	1.0	NonTarget	1	206312
806.0308603070042	1.0	NonTarget	1	206344
806.1558602465703	1.0	NonTarget	1	206376
806.2808601861365	1.0	NonTarget	1	206408
806.4058601257025	1.0	NonTarget	1	206440
806.5308600652686	1.0	NonTarget	1	206472
806.6558600048347	1.0	NonTarget	1	206504
806.7808599444007	1.0	NonTarget	1	206536
806.9058598839669	1.0	NonTarget	1	206568
807.030859823533	1.0	NonTarget	1	206600
807.155859763099	1.0	NonTarget	1	206632
807.2808597026651	1.0	NonTarget	1	206664
807.4058596422312	1.0	NonTarget	1	206696
807.5308595817972	1.0	NonTarget	1	206728
807.6558595213634	1.0	NonTarget	1	206760
807.7808594609295	1.0	NonTarget	1	206792
807.9058594004955	1.0	NonTarget	1	206824
808.0308593400616	1.0	NonTarget	1	206856
808.1558592796276	1.0	NonTarget	1	206888
808.2808592191938	1.0	NonTarget	1	206920
808.4058591587599	1.0	NonTarget	1	206952
814.530856197498	1.0	NonTarget	1	208520
814.6558561370641	1.0	NonTarget	1	208552
814.7808560766301	1.0	NonTarget	1	208584
814.9058560161963	1.0	NonTarget	1	208616
815.0308559557624	1.0	NonTarget	1	208648
815.1558558953284	1.0	NonTarget	1	208680
815.2808558348945	1.0	NonTarget	1	208712
815.4058557744606	1.0	NonTarget	1	208744
815.5308557140266	1.0	NonTarget	1	208776
815.6558556535928	1.0	NonTarget	1	208808
815.7808555931589	1.0	NonTarget	1	208840
815.9058555327249	1.0	NonTarget	1	208872
816.030855472291	1.0	NonTarget	1	208904
816.1558554118571	1.0	NonTarget	1	208936
816.2808553514232	1.0	NonTarget	1	208968
816.4058552909893	1.0	NonTarget	1	209000
816.5308552305554	1.0	NonTarget	1	209032
816.6558551701214	1.0	NonTarget	1	209064
816.7808551096875	1.0	NonTarget	1	209096
816.9058550492535	1.0	NonTarget	1	209128
817.0308549888197	1.0	NonTarget	1	209160
817.1558549283858	1.0	NonTarget	1	209192
817.2808548679518	1.0	NonTarget	1	209224
817.4058548075179	1.0	NonTarget	1	209256
817.530854747084	1.0	NonTarget	1	209288
817.6558546866501	1.0	NonTarget	1	209320
817.7808546262162	1.0	NonTarget	1	209352
817.9058545657823	1.0	NonTarget	1	209384
818.0308545053483	1.0	NonTarget	1	209416
818.1558544449144	1.0	NonTarget	1	209448
818.2808543844806	1.0	NonTarget	1	209480
818.4058543240466	1.0	NonTarget	1	209512
818.5308542636127	1.0	NonTarget	1	209544
818.6558542031788	1.0	NonTarget	1	209576
818.7808541427448	1.0	NonTarget	1	209608
818.905854082311	1.0	NonTarget	1	209640
819.0308540218771	1.0	NonTarget	1	209672
819.1558539614431	1.0	NonTarget	1	209704
819.2808539010092	1.0	NonTarget	1	209736
819.4058538405753	1.0	NonTarget	1	209768
819.5308537801413	1.0	NonTarget	1	209800
819.6558537197075	1.0	NonTarget	1	209832
819.7808536592736	1.0	NonTarget	1	209864
819.9058535988396	1.0	NonTarget	1	209896
820.0308535384057	1.0	NonTarget	1	209928
820.1558534779718	1.0	NonTarget	1	209960
820.2808534175379	1.0	NonTarget	1	209992
820.405853357104	1.0	NonTarget	1	210024
820.5308532966701	1.0	NonTarget	1	210056
820.6558532362361	1.0	NonTarget	1	210088
820.7808531758022	1.0	NonTarget	1	210120
820.9058531153684	1.0	NonTarget	1	210152
821.0308530549344	1.0	NonTarget	1	210184
821.1558529945005	1.0	NonTarget	1	210216
821.2808529340666	1.0	NonTarget	1	210248
821.4058528736326	1.0	NonTarget	1	210280
821.5308528131987	1.0	NonTarget	1	210312
821.6558527527648	1.0	NonTarget	1	210344
821.7808526923309	1.0	NonTarget	1	210376
821.905852631897	1.0	NonTarget	1	210408
822.030852571463	1.0	NonTarget	1	210440
822.1558525110291	1.0	NonTarget	1	210472
822.2808524505953	1.0	NonTarget	1	210504
822.4058523901613	1.0	NonTarget	1	210536
822.5308523297274	1.0	NonTarget	1	210568
822.6558522692935	1.0	NonTarget	1	210600
822.7808522088595	1.0	NonTarget	1	210632
822.9058521484257	1.0	NonTarget	1	210664
823.0308520879918	1.0	NonTarget	1	210696
823.1558520275578	1.0	NonTarget	1	210728
823.2808519671239	1.0	NonTarget	1	210760
823.40585190669	1.0	NonTarget	1	210792
829.5308489454281	1.0	NonTarget	1	212360
829.6558488849943	1.0	NonTarget	1	212392
829.7808488245603	1.0	NonTarget	1	212424
829.9058487641264	1.0	NonTarget	1	212456
830.0308487036925	1.0	NonTarget	1	212488
830.1558486432585	1.0	NonTarget	1	212520
830.2808485828247	1.0	NonTarget	1	212552
830.4058485223907	1.0	NonTarget	1	212584
830.5308484619568	1.0	NonTarget	1	212616
830.6558484015229	1.0	NonTarget	1	212648
830.7808483410889	1.0	NonTarget	1	212680
830.905848280655	1.0	NonTarget	1	212712
831.0308482202212	1.0	NonTarget	1	212744
831.1558481597872	1.0	NonTarget	1	212776
831.2808480993533	1.0	NonTarget	1	212808
831.4058480389194	1.0	NonTarget	1	212840
831.5308479784854	1.0	NonTarget	1	212872
831.6558479180516	1.0	NonTarget	1	212904
831.7808478576177	1.0	NonTarget	1	212936
831.9058477971837	1.0	NonTarget	1	212968
832.0308477367498	1.0	NonTarget	1	213000
832.155847676316	1.0	NonTarget	1	213032
832.280847615882	1.0	NonTarget	1	213064
832.4058475554481	1.0	NonTarget	1	213096
832.5308474950142	1.0	NonTarget	1	213128
832.6558474345802	1.0	NonTarget	1	213160
832.7808473741463	1.0	NonTarget	1	213192
832.9058473137125	1.0	NonTarget	1	213224
833.0308472532785	1.0	NonTarget	1	213256
833.1558471928446	1.0	NonTarget	1	213288
833.2808471324107	1.0	NonTarget	1	213320
833.4058470719767	1.0	NonTarget	1	213352
833.5308470115428	1.0	NonTarget	1	213384
833.655846951109	1.0	NonTarget	1	213416
833.780846890675	1.0	NonTarget	1	213448
833.9058468302411	1.0	NonTarget	1	213480
834.0308467698072	1.0	NonTarget	1	213512
834.1558467093732	1.0	NonTarget	1	213544
834.2808466489394	1.0	NonTarget	1	213576
834.4058465885055	1.0	NonTarget	1	213608
834.5308465280715	1.0	NonTarget	1	213640
834.6558464676376	1.0	NonTarget	1	213672
834.7808464072037	1.0	NonTarget	1	213704
834.9058463467697	1.0	NonTarget	1	213736
835.0308462863359	1.0	NonTarget	1	213768
835.1558462259019	1.0	NonTarget	1	213800
835.280846165468	1.0	NonTarget	1	213832
835.4058461050341	1.0	NonTarget	1	213864
835.5308460446001	1.0	NonTarget	1	213896
835.6558459841663	1.0	NonTarget	1	213928
835.7808459237324	1.0	NonTarget	1	213960
835.9058458632984	1.0	NonTarget	1	213992
836.0308458028645	1.0	NonTarget	1	214024
836.1558457424306	1.0	NonTarget	1	214056
836.2808456819967	1.0	NonTarget	1	214088
836.4058456215628	1.0	NonTarget	1	214120
836.5308455611289	1.0	NonTarget	1	214152
836.6558455006949	1.0	NonTarget	1	214184
836.780845440261	1.0	NonTarget	1	214216
836.9058453798272	1.0	NonTarget	1	214248
837.0308453193932	1.0	NonTarget	1	214280
837.1558452589593	1.0	NonTarget	1	214312
837.2808451985254	1.0	NonTarget	1	214344
837.4058451380914	1.0	NonTarget	1	214376
837.5308450776575	1.0	NonTarget	1	214408
837.6558450172237	1.0	NonTarget	1	214440
837.7808449567897	1.0	NonTarget	1	214472
837.9058448963558	1.0	NonTarget	1	214504
838.0308448359219	1.0	NonTarget	1	214536
838.1558447754879	1.0	NonTarget	1	214568
838.2808447150541	1.0	NonTarget	1	214600
838.4058446546202	1.0	NonTarget	1	214632
844.5308416933583	1.0	NonTarget	1	216200
844.6558416329243	1.0	NonTarget	1	216232
844.7808415724904	1.0	NonTarget	1	216264
844.9058415120566	1.0	NonTarget	1	216296
845.0308414516226	1.0	NonTarget	1	216328
845.1558413911887	1.0	NonTarget	1	216360
845.2808413307548	1.0	NonTarget	1	216392
845.4058412703208	1.0	NonTarget	1	216424
845.530841209887	1.0	NonTarget	1	216456
845.6558411494531	1.0	NonTarget	1	216488
845.7808410890191	1.0	NonTarget	1	216520
845.9058410285852	1.0	NonTarget	1	216552
846.0308409681513	1.0	NonTarget	1	216584
846.1558409077173	1.0	NonTarget	1	216616
846.2808408472835	1.0	NonTarget	1	216648
846.4058407868496	1.0	NonTarget	1	216680
846.5308407264156	1.0	NonTarget	1	216712
846.6558406659817	1.0	NonTarget	1	216744
846.7808406055478	1.0	NonTarget	1	216776
846.9058405451138	1.0	NonTarget	1	216808
847.03084048468	1.0	NonTarget	1	216840
847.1558404242461	1.0	NonTarget	1	216872
847.2808403638121	1.0	NonTarget	1	216904
847.4058403033782	1.0	NonTarget	1	216936
847.5308402429444	1.0	NonTarget	1	216968
847.6558401825104	1.0	NonTarget	1	217000
847.7808401220765	1.0	NonTarget	1	217032
847.9058400616426	1.0	NonTarget	1	217064
848.0308400012086	1.0	NonTarget	1	217096
848.1558399407747	1.0	NonTarget	1	217128
848.2808398803409	1.0	NonTarget	1	217160
848.4058398199069	1.0	NonTarget	1	217192
848.530839759473	1.0	NonTarget	1	217224
848.655839699039	1.0	NonTarget	1	217256
848.7808396386051	1.0	NonTarget	1	217288
848.9058395781713	1.0	NonTarget	1	217320
849.0308395177373	1.0	NonTarget	1	217352
849.1558394573034	1.0	NonTarget	1	217384
849.2808393968695	1.0	NonTarget	1	217416
849.4058393364355	1.0	NonTarget	1	217448
849.5308392760016	1.0	NonTarget	1	217480
849.6558392155678	1.0	NonTarget	1	217512
849.7808391551338	1.0	NonTarget	1	217544
849.9058390946999	1.0	NonTarget	1	217576
850.030839034266	1.0	NonTarget	1	217608
850.155838973832	1.0	NonTarget	1	217640
850.2808389133982	1.0	NonTarget	1	217672
850.4058388529643	1.0	NonTarget	1	217704
850.5308387925303	1.0	NonTarget	1	217736
850.6558387320964	1.0	NonTarget	1	217768
850.7808386716625	1.0	NonTarget	1	217800
850.9058386112285	1.0	NonTarget	1	217832
851.0308385507947	1.0	NonTarget	1	217864
851.1558384903608	1.0	NonTarget	1	217896
851.2808384299268	1.0	NonTarget	1	217928
851.4058383694929	1.0	NonTarget	1	217960
851.530838309059	1.0	NonTarget	1	217992
851.6558382486251	1.0	NonTarget	1	218024
851.7808381881912	1.0	NonTarget	1	218056
851.9058381277573	1.0	NonTarget	1	218088
852.0308380673233	1.0	NonTarget	1	218120
852.1558380068894	1.0	NonTarget	1	218152
852.2808379464556	1.0	NonTarget	1	218184
852.4058378860216	1.0	NonTarget	1	218216
852.5308378255877	1.0	NonTarget	1	218248
852.6558377651538	1.0	NonTarget	1	218280
852.7808377047198	1.0	NonTarget	1	218312
852.905837644286	1.0	NonTarget	1	218344
853.030837583852	1.0	NonTarget	1	218376
853.1558375234181	1.0	NonTarget	1	218408
853.2808374629842	1.0	NonTarget	1	218440
853.4058374025502	1.0	NonTarget	1	218472
859.5308344412884	1.0	NonTarget	1	220040
859.6558343808545	1.0	NonTarget	1	220072
859.7808343204206	1.0	NonTarget	1	220104
859.9058342599867	1.0	NonTarget	1	220136
860.0308341995527	1.0	NonTarget	1	220168
860.1558341391188	1.0	NonTarget	1	220200
860.280834078685	1.0	NonTarget	1	220232
860.405834018251	1.0	NonTarget	1	220264
860.5308339578171	1.0	NonTarget	1	220296
860.6558338973832	1.0	NonTarget	1	220328
860.7808338369492	1.0	NonTarget	1	220360
860.9058337765154	1.0	NonTarget	1	220392
861.0308337160815	1.0	NonTarget	1	220424
861.1558336556475	1.0	NonTarget	1	220456
861.2808335952136	1.0	NonTarget	1	220488
861.4058335347797	1.0	NonTarget	1	220520
861.5308334743457	1.0	NonTarget	1	220552
861.6558334139119	1.0	NonTarget	1	220584
861.7808333534779	1.0	NonTarget	1	220616
861.905833293044	1.0	NonTarget	1	220648
862.0308332326101	1.0	NonTarget	1	220680
862.1558331721761	1.0	NonTarget	1	220712
862.2808331117423	1.0	NonTarget	1	220744
862.4058330513084	1.0	NonTarget	1	220776
862.5308329908744	1.0	NonTarget	1	220808
862.6558329304405	1.0	NonTarget	1	220840
862.7808328700066	1.0	NonTarget	1	220872
862.9058328095726	1.0	NonTarget	1	220904
863.0308327491388	1.0	NonTarget	1	220936
863.1558326887049	1.0	NonTarget	1	220968
863.2808326282709	1.0	NonTarget	1	221000
863.405832567837	1.0	NonTarget	1	221032
863.5308325074031	1.0	NonTarget	1	221064
863.6558324469692	1.0	NonTarget	1	221096
863.7808323865353	1.0	NonTarget	1	221128
863.9058323261014	1.0	NonTarget	1	221160
864.0308322656674	1.0	NonTarget	1	221192
864.1558322052335	1.0	NonTarget	1	221224
864.2808321447997	1.0	NonTarget	1	221256
864.4058320843657	1.0	NonTarget	1	221288
864.5308320239318	1.0	NonTarget	1	221320
864.6558319634979	1.0	NonTarget	1	221352
864.7808319030639	1.0	NonTarget	1	221384
864.90583184263	1.0	NonTarget	1	221416
865.0308317821962	1.0	NonTarget	1	221448
865.1558317217622	1.0	NonTarget	1	221480
865.2808316613283	1.0	NonTarget	1	221512
865.4058316008944	1.0	NonTarget	1	221544
865.5308315404604	1.0	NonTarget	1	221576
865.6558314800266	1.0	NonTarget	1	221608
865.7808314195927	1.0	NonTarget	1	221640
865.9058313591587	1.0	NonTarget	1	221672
866.0308312987248	1.0	NonTarget	1	221704
866.155831238291	1.0	NonTarget	1	221736
866.280831177857	1.0	NonTarget	1	221768
866.4058311174231	1.0	NonTarget	1	221800
866.5308310569891	1.0	NonTarget	1	221832
866.6558309965552	1.0	NonTarget	1	221864
866.7808309361213	1.0	NonTarget	1	221896
866.9058308756873	1.0	NonTarget	1	221928
867.0308308152535	1.0	NonTarget	1	221960
867.1558307548196	1.0	NonTarget	1	221992
867.2808306943856	1.0	NonTarget	1	222024
867.4058306339517	1.0	NonTarget	1	222056
867.5308305735178	1.0	NonTarget	1	222088
867.6558305130839	1.0	NonTarget	1	222120
867.78083045265	1.0	NonTarget	1	222152
867.9058303922161	1.0	NonTarget	1	222184
868.0308303317821	1.0	NonTarget	1	222216
868.1558302713482	1.0	NonTarget	1	222248
868.2808302109144	1.0	NonTarget	1	222280
868.4058301504804	1.0	NonTarget	1	222312
874.5308271892186	1.0	NonTarget	1	223880
874.6558271287846	1.0	NonTarget	1	223912
874.7808270683507	1.0	NonTarget	1	223944
874.9058270079169	1.0	NonTarget	1	223976
875.0308269474829	1.0	NonTarget	1	224008
875.155826887049	1.0	NonTarget	1	224040
875.280826826615	1.0	NonTarget	1	224072
875.4058267661811	1.0	NonTarget	1	224104
875.5308267057472	1.0	NonTarget	1	224136
875.6558266453133	1.0	NonTarget	1	224168
875.7808265848794	1.0	NonTarget	1	224200
875.9058265244455	1.0	NonTarget	1	224232
876.0308264640115	1.0	NonTarget	1	224264
876.1558264035776	1.0	NonTarget	1	224296
876.2808263431438	1.0	NonTarget	1	224328
876.4058262827098	1.0	NonTarget	1	224360
876.5308262222759	1.0	NonTarget	1	224392
876.655826161842	1.0	NonTarget	1	224424
876.780826101408	1.0	NonTarget	1	224456
876.9058260409741	1.0	NonTarget	1	224488
877.0308259805403	1.0	NonTarget	1	224520
877.1558259201063	1.0	NonTarget	1	224552
877.2808258596724	1.0	NonTarget	1	224584
877.4058257992385	1.0	NonTarget	1	224616
877.5308257388045	1.0	NonTarget	1	224648
877.6558256783707	1.0	NonTarget	1	224680
877.7808256179368	1.0	NonTarget	1	224712
877.9058255575028	1.0	NonTarget	1	224744
878.0308254970689	1.0	NonTarget	1	224776
878.155825436635	1.0	NonTarget	1	224808
878.280825376201	1.0	NonTarget	1	224840
878.4058253157672	1.0	NonTarget	1	224872
878.5308252553333	1.0	NonTarget	1	224904
878.6558251948993	1.0	NonTarget	1	224936
878.7808251344654	1.0	NonTarget	1	224968
878.9058250740316	1.0	NonTarget	1	225000
879.0308250135976	1.0	NonTarget	1	225032
879.1558249531637	1.0	NonTarget	1	225064
879.2808248927298	1.0	NonTarget	1	225096
879.4058248322958	1.0	NonTarget	1	225128
879.530824771862	1.0	NonTarget	1	225160
879.6558247114281	1.0	NonTarget	1	225192
879.7808246509941	1.0	NonTarget	1	225224
879.9058245905602	1.0	NonTarget	1	225256
880.0308245301262	1.0	NonTarget	1	225288
880.1558244696923	1.0	NonTarget	1	225320
880.2808244092585	1.0	NonTarget	1	225352
880.4058243488245	1.0	NonTarget	1	225384
880.5308242883906	1.0	NonTarget	1	225416
880.6558242279567	1.0	NonTarget	1	225448
880.7808241675227	1.0	NonTarget	1	225480
880.9058241070888	1.0	NonTarget	1	225512
881.030824046655	1.0	NonTarget	1	225544
881.155823986221	1.0	NonTarget	1	225576
881.2808239257871	1.0	NonTarget	1	225608
881.4058238653532	1.0	NonTarget	1	225640
881.5308238049192	1.0	NonTarget	1	225672
881.6558237444854	1.0	NonTarget	1	225704
881.7808236840515	1.0	NonTarget	1	225736
881.9058236236175	1.0	NonTarget	1	225768
882.0308235631836	1.0	NonTarget	1	225800
882.1558235027497	1.0	NonTarget	1	225832
882.2808234423158	1.0	NonTarget	1	225864
882.4058233818819	1.0	NonTarget	1	225896
882.530823321448	1.0	NonTarget	1	225928
882.655823261014	1.0	NonTarget	1	225960
882.7808232005801	1.0	NonTarget	1	225992
882.9058231401463	1.0	NonTarget	1	226024
883.0308230797123	1.0	NonTarget	1	226056
883.1558230192784	1.0	NonTarget	1	226088
883.2808229588445	1.0	NonTarget	1	226120
883.4058228984105	1.0	NonTarget	1	226152
889.5308199371486	1.0	NonTarget	1	227720
889.6558198767148	1.0	NonTarget	1	227752
889.7808198162809	1.0	NonTarget	1	227784
889.9058197558469	1.0	NonTarget	1	227816
890.030819695413	1.0	NonTarget	1	227848
890.1558196349791	1.0	NonTarget	1	227880
890.2808195745451	1.0	NonTarget	1	227912
890.4058195141113	1.0	NonTarget	1	227944
890.5308194536774	1.0	NonTarget	1	227976
890.6558193932434	1.0	NonTarget	1	228008
890.7808193328095	1.0	NonTarget	1	228040
890.9058192723757	1.0	NonTarget	1	228072
891.0308192119417	1.0	NonTarget	1	228104
891.1558191515078	1.0	NonTarget	1	228136
891.2808190910739	1.0	NonTarget	1	228168
891.4058190306399	1.0	NonTarget	1	228200
891.530818970206	1.0	NonTarget	1	228232
891.6558189097722	1.0	NonTarget	1	228264
891.7808188493382	1.0	NonTarget	1	228296
891.9058187889043	1.0	NonTarget	1	228328
892.0308187284704	1.0	NonTarget	1	228360
892.1558186680364	1.0	NonTarget	1	228392
892.2808186076026	1.0	NonTarget	1	228424
892.4058185471687	1.0	NonTarget	1	228456
892.5308184867347	1.0	NonTarget	1	228488
892.6558184263008	1.0	NonTarget	1	228520
892.7808183658669	1.0	NonTarget	1	228552
892.905818305433	1.0	NonTarget	1	228584
893.0308182449991	1.0	NonTarget	1	228616
893.1558181845652	1.0	NonTarget	1	228648
893.2808181241312	1.0	NonTarget	1	228680
893.4058180636973	1.0	NonTarget	1	228712
893.5308180032633	1.0	NonTarget	1	228744
893.6558179428295	1.0	NonTarget	1	228776
893.7808178823956	1.0	NonTarget	1	228808
893.9058178219616	1.0	NonTarget	1	228840
894.0308177615277	1.0	NonTarget	1	228872
894.1558177010938	1.0	NonTarget	1	228904
894.2808176406598	1.0	NonTarget	1	228936
894.405817580226	1.0	NonTarget	1	228968
894.5308175197921	1.0	NonTarget	1	229000
894.6558174593581	1.0	NonTarget	1	229032
894.7808173989242	1.0	NonTarget	1	229064
894.9058173384904	1.0	NonTarget	1	229096
895.0308172780564	1.0	NonTarget	1	229128
895.1558172176225	1.0	NonTarget	1	229160
895.2808171571886	1.0	NonTarget	1	229192
895.4058170967546	1.0	NonTarget	1	229224
895.5308170363207	1.0	NonTarget	1	229256
895.6558169758869	1.0	NonTarget	1	229288
895.7808169154529	1.0	NonTarget	1	229320
895.905816855019	1.0	NonTarget	1	229352
896.0308167945851	1.0	NonTarget	1	229384
896.1558167341511	1.0	NonTarget	1	229416
896.2808166737173	1.0	NonTarget	1	229448
896.4058166132834	1.0	NonTarget	1	229480
896.5308165528494	1.0	NonTarget	1	229512
896.6558164924155	1.0	NonTarget	1	229544
896.7808164319816	1.0	NonTarget	1	229576
896.9058163715476	1.0	NonTarget	1	229608
897.0308163111138	1.0	NonTarget	1	229640
897.1558162506799	1.0	NonTarget	1	229672
897.2808161902459	1.0	NonTarget	1	229704
897.405816129812	1.0	NonTarget	1	229736
897.5308160693781	1.0	NonTarget	1	229768
897.6558160089442	1.0	NonTarget	1	229800
897.7808159485103	1.0	NonTarget	1	229832
897.9058158880763	1.0	NonTarget	1	229864
898.0308158276424	1.0	NonTarget	1	229896
898.1558157672085	1.0	NonTarget	1	229928
898.2808157067745	1.0	NonTarget	1	229960
898.4058156463407	1.0	NonTarget	1	229992
904.5308126850788	1.0	NonTarget	1	231560
904.6558126246449	1.0	NonTarget	1	231592
904.780812564211	1.0	NonTarget	1	231624
904.905812503777	1.0	NonTarget	1	231656
905.0308124433432	1.0	NonTarget	1	231688
905.1558123829093	1.0	NonTarget	1	231720
905.2808123224753	1.0	NonTarget	1	231752
905.4058122620414	1.0	NonTarget	1	231784
905.5308122016075	1.0	NonTarget	1	231816
905.6558121411736	1.0	NonTarget	1	231848
905.7808120807397	1.0	NonTarget	1	231880
905.9058120203058	1.0	NonTarget	1	231912
906.0308119598718	1.0	NonTarget	1	231944
906.1558118994379	1.0	NonTarget	1	231976
906.2808118390041	1.0	NonTarget	1	232008
906.4058117785701	1.0	NonTarget	1	232040
906.5308117181362	1.0	NonTarget	1	232072
906.6558116577023	1.0	NonTarget	1	232104
906.7808115972683	1.0	NonTarget	1	232136
906.9058115368344	1.0	NonTarget	1	232168
907.0308114764005	1.0	NonTarget	1	232200
907.1558114159666	1.0	NonTarget	1	232232
907.2808113555327	1.0	NonTarget	1	232264
907.4058112950987	1.0	NonTarget	1	232296
907.5308112346648	1.0	NonTarget	1	232328
907.655811174231	1.0	NonTarget	1	232360
907.780811113797	1.0	NonTarget	1	232392
907.9058110533631	1.0	NonTarget	1	232424
908.0308109929292	1.0	NonTarget	1	232456
908.1558109324952	1.0	NonTarget	1	232488
908.2808108720614	1.0	NonTarget	1	232520
908.4058108116275	1.0	NonTarget	1	232552
908.5308107511935	1.0	NonTarget	1	232584
908.6558106907596	1.0	NonTarget	1	232616
908.7808106303257	1.0	NonTarget	1	232648
908.9058105698917	1.0	NonTarget	1	232680
909.0308105094579	1.0	NonTarget	1	232712
909.155810449024	1.0	NonTarget	1	232744
909.28081038859	1.0	NonTarget	1	232776
909.4058103281561	1.0	NonTarget	1	232808
909.5308102677222	1.0	NonTarget	1	232840
909.6558102072883	1.0	NonTarget	1	232872
909.7808101468544	1.0	NonTarget	1	232904
909.9058100864205	1.0	NonTarget	1	232936
910.0308100259865	1.0	NonTarget	1	232968
910.1558099655526	1.0	NonTarget	1	233000
910.2808099051188	1.0	NonTarget	1	233032
910.4058098446848	1.0	NonTarget	1	233064
910.5308097842509	1.0	NonTarget	1	233096
910.655809723817	1.0	NonTarget	1	233128
910.780809663383	1.0	NonTarget	1	233160
910.9058096029491	1.0	NonTarget	1	233192
911.0308095425153	1.0	NonTarget	1	233224
911.1558094820813	1.0	NonTarget	1	233256
911.2808094216474	1.0	NonTarget	1	233288
911.4058093612134	1.0	NonTarget	1	233320
911.5308093007795	1.0	NonTarget	1	233352
911.6558092403457	1.0	NonTarget	1	233384
911.7808091799117	1.0	NonTarget	1	233416
911.9058091194778	1.0	NonTarget	1	233448
912.0308090590439	1.0	NonTarget	1	233480
912.1558089986099	1.0	NonTarget	1	233512
912.280808938176	1.0	NonTarget	1	233544
912.4058088777422	1.0	NonTarget	1	233576
912.5308088173082	1.0	NonTarget	1	233608
912.6558087568743	1.0	NonTarget	1	233640
912.7808086964404	1.0	NonTarget	1	233672
912.9058086360064	1.0	NonTarget	1	233704
913.0308085755726	1.0	NonTarget	1	233736
913.1558085151387	1.0	NonTarget	1	233768
913.2808084547047	1.0	NonTarget	1	233800
913.4058083942708	1.0	NonTarget	1	233832
919.5308054330089	1.0	NonTarget	1	235400
919.6558053725751	1.0	NonTarget	1	235432
919.7808053121412	1.0	NonTarget	1	235464
919.9058052517072	1.0	NonTarget	1	235496
920.0308051912733	1.0	NonTarget	1	235528
920.1558051308394	1.0	NonTarget	1	235560
920.2808050704054	1.0	NonTarget	1	235592
920.4058050099716	1.0	NonTarget	1	235624
920.5308049495376	1.0	NonTarget	1	235656
920.6558048891037	1.0	NonTarget	1	235688
920.7808048286698	1.0	NonTarget	1	235720
920.9058047682358	1.0	NonTarget	1	235752
921.030804707802	1.0	NonTarget	1	235784
921.1558046473681	1.0	NonTarget	1	235816
921.2808045869341	1.0	NonTarget	1	235848
921.4058045265002	1.0	NonTarget	1	235880
921.5308044660663	1.0	NonTarget	1	235912
921.6558044056324	1.0	NonTarget	1	235944
921.7808043451985	1.0	NonTarget	1	235976
921.9058042847646	1.0	NonTarget	1	236008
922.0308042243306	1.0	NonTarget	1	236040
922.1558041638967	1.0	NonTarget	1	236072
922.2808041034629	1.0	NonTarget	1	236104
922.4058040430289	1.0	NonTarget	1	236136
922.530803982595	1.0	NonTarget	1	236168
922.6558039221611	1.0	NonTarget	1	236200
922.7808038617271	1.0	NonTarget	1	236232
922.9058038012932	1.0	NonTarget	1	236264
923.0308037408594	1.0	NonTarget	1	236296
923.1558036804254	1.0	NonTarget	1	236328
923.2808036199915	1.0	NonTarget	1	236360
923.4058035595576	1.0	NonTarget	1	236392
923.5308034991236	1.0	NonTarget	1	236424
923.6558034386898	1.0	NonTarget	1	236456
923.7808033782559	1.0	NonTarget	1	236488
923.9058033178219	1.0	NonTarget	1	236520
924.030803257388	1.0	NonTarget	1	236552
924.1558031969541	1.0	NonTarget	1	236584
924.2808031365201	1.0	NonTarget	1	236616
924.4058030760863	1.0	NonTarget	1	236648
924.5308030156524	1.0	NonTarget	1	236680
924.6558029552184	1.0	NonTarget	1	236712
924.7808028947845	1.0	NonTarget	1	236744
924.9058028343505	1.0	NonTarget	1	236776
925.0308027739167	1.0	NonTarget	1	236808
925.1558027134828	1.0	NonTarget	1	236840
925.2808026530488	1.0	NonTarget	1	236872
925.4058025926149	1.0	NonTarget	1	236904
925.530802532181	1.0	NonTarget	1	236936
925.655802471747	1.0	NonTarget	1	236968
925.7808024113132	1.0	NonTarget	1	237000
925.9058023508793	1.0	NonTarget	1	237032
926.0308022904453	1.0	NonTarget	1	237064
926.1558022300114	1.0	NonTarget	1	237096
926.2808021695776	1.0	NonTarget	1	237128
926.4058021091436	1.0	NonTarget	1	237160
926.5308020487097	1.0	NonTarget	1	237192
926.6558019882758	1.0	NonTarget	1	237224
926.7808019278418	1.0	NonTarget	1	237256
926.905801867408	1.0	NonTarget	1	237288
927.0308018069741	1.0	NonTarget	1	237320
927.1558017465401	1.0	NonTarget	1	237352
927.2808016861062	1.0	NonTarget	1	237384
927.4058016256723	1.0	NonTarget	1	237416
927.5308015652383	1.0	NonTarget	1	237448
927.6558015048045	1.0	NonTarget	1	237480
927.7808014443706	1.0	NonTarget	1	237512
927.9058013839366	1.0	NonTarget	1	237544
928.0308013235027	1.0	NonTarget	1	237576
928.1558012630688	1.0	NonTarget	1	237608
928.2808012026348	1.0	NonTarget	1	237640
928.405801142201	1.0	NonTarget	1	237672
934.5307981809391	1.0	NonTarget	1	239240
934.6557981205052	1.0	NonTarget	1	239272
934.7807980600712	1.0	NonTarget	1	239304
934.9057979996373	1.0	NonTarget	1	239336
935.0307979392035	1.0	NonTarget	1	239368
935.1557978787695	1.0	NonTarget	1	239400
935.2807978183356	1.0	NonTarget	1	239432
935.4057977579017	1.0	NonTarget	1	239464
935.5307976974677	1.0	NonTarget	1	239496
935.6557976370339	1.0	NonTarget	1	239528
935.7807975766	1.0	NonTarget	1	239560
935.905797516166	1.0	NonTarget	1	239592
936.0307974557321	1.0	NonTarget	1	239624
936.1557973952982	1.0	NonTarget	1	239656
936.2807973348642	1.0	NonTarget	1	239688
936.4057972744304	1.0	NonTarget	1	239720
936.5307972139965	1.0	NonTarget	1	239752
936.6557971535625	1.0	NonTarget	1	239784
936.7807970931286	1.0	NonTarget	1	239816
936.9057970326947	1.0	NonTarget	1	239848
937.0307969722608	1.0	NonTarget	1	239880
937.1557969118269	1.0	NonTarget	1	239912
937.280796851393	1.0	NonTarget	1	239944
937.405796790959	1.0	NonTarget	1	239976
937.5307967305251	1.0	NonTarget	1	240008
937.6557966700913	1.0	NonTarget	1	240040
937.7807966096573	1.0	NonTarget	1	240072
937.9057965492234	1.0	NonTarget	1	240104
938.0307964887895	1.0	NonTarget	1	240136
938.1557964283555	1.0	NonTarget	1	240168
938.2807963679217	1.0	NonTarget	1	240200
938.4057963074877	1.0	NonTarget	1	240232
938.5307962470538	1.0	NonTarget	1	240264
938.6557961866199	1.0	NonTarget	1	240296
938.7807961261859	1.0	NonTarget	1	240328
938.905796065752	1.0	NonTarget	1	240360
939.0307960053182	1.0	NonTarget	1	240392
939.1557959448842	1.0	NonTarget	1	240424
939.2807958844503	1.0	NonTarget	1	240456
939.4057958240164	1.0	NonTarget	1	240488
939.5307957635824	1.0	NonTarget	1	240520
939.6557957031486	1.0	NonTarget	1	240552
939.7807956427147	1.0	NonTarget	1	240584
939.9057955822807	1.0	NonTarget	1	240616
940.0307955218468	1.0	NonTarget	1	240648
940.1557954614129	1.0	NonTarget	1	240680
940.280795400979	1.0	NonTarget	1	240712
940.4057953405451	1.0	NonTarget	1	240744
940.5307952801112	1.0	NonTarget	1	240776
940.6557952196772	1.0	NonTarget	1	240808
940.7807951592433	1.0	NonTarget	1	240840
940.9057950988094	1.0	NonTarget	1	240872
941.0307950383755	1.0	NonTarget	1	240904
941.1557949779416	1.0	NonTarget	1	240936
941.2807949175077	1.0	NonTarget	1	240968
941.4057948570737	1.0	NonTarget	1	241000
941.5307947966398	1.0	NonTarget	1	241032
941.655794736206	1.0	NonTarget	1	241064
941.780794675772	1.0	NonTarget	1	241096
941.9057946153381	1.0	NonTarget	1	241128
942.0307945549042	1.0	NonTarget	1	241160
942.1557944944702	1.0	NonTarget	1	241192
942.2807944340364	1.0	NonTarget	1	241224
942.4057943736025	1.0	NonTarget	1	241256
942.5307943131685	1.0	NonTarget	1	241288
942.6557942527346	1.0	NonTarget	1	241320
942.7807941923006	1.0	NonTarget	1	241352
942.9057941318667	1.0	NonTarget	1	241384
943.0307940714329	1.0	NonTarget	1	241416
943.1557940109989	1.0	NonTarget	1	241448
943.280793950565	1.0	NonTarget	1	241480
943.4057938901311	1.0	NonTarget	1	241512
949.5307909288692	1.0	NonTarget	1	243080
949.6557908684354	1.0	NonTarget	1	243112
949.7807908080014	1.0	NonTarget	1	243144
949.9057907475675	1.0	NonTarget	1	243176
950.0307906871336	1.0	NonTarget	1	243208
950.1557906266996	1.0	NonTarget	1	243240
950.2807905662658	1.0	NonTarget	1	243272
950.4057905058319	1.0	NonTarget	1	243304
950.5307904453979	1.0	NonTarget	1	243336
950.655790384964	1.0	NonTarget	1	243368
950.7807903245301	1.0	NonTarget	1	243400
950.9057902640961	1.0	NonTarget	1	243432
951.0307902036623	1.0	NonTarget	1	243464
951.1557901432284	1.0	NonTarget	1	243496
951.2807900827944	1.0	NonTarget	1	243528
951.4057900223605	1.0	NonTarget	1	243560
951.5307899619266	1.0	NonTarget	1	243592
951.6557899014927	1.0	NonTarget	1	243624
951.7807898410588	1.0	NonTarget	1	243656
951.9057897806248	1.0	NonTarget	1	243688
952.0307897201909	1.0	NonTarget	1	243720
952.155789659757	1.0	NonTarget	1	243752
952.280789599323	1.0	NonTarget	1	243784
952.4057895388892	1.0	NonTarget	1	243816
952.5307894784553	1.0	NonTarget	1	243848
952.6557894180213	1.0	NonTarget	1	243880
952.7807893575874	1.0	NonTarget	1	243912
952.9057892971535	1.0	NonTarget	1	243944
953.0307892367196	1.0	NonTarget	1	243976
953.1557891762857	1.0	NonTarget	1	244008
953.2807891158518	1.0	NonTarget	1	244040
953.4057890554178	1.0	NonTarget	1	244072
953.5307889949839	1.0	NonTarget	1	244104
953.6557889345501	1.0	NonTarget	1	244136
953.7807888741161	1.0	NonTarget	1	244168
953.9057888136822	1.0	NonTarget	1	244200
954.0307887532483	1.0	NonTarget	1	244232
954.1557886928143	1.0	NonTarget	1	244264
954.2807886323804	1.0	NonTarget	1	244296
954.4057885719466	1.0	NonTarget	1	244328
954.5307885115126	1.0	NonTarget	1	244360
954.6557884510787	1.0	NonTarget	1	244392
954.7807883906448	1.0	NonTarget	1	244424
954.9057883302108	1.0	NonTarget	1	244456
955.030788269777	1.0	NonTarget	1	244488
955.1557882093431	1.0	NonTarget	1	244520
955.2807881489091	1.0	NonTarget	1	244552
955.4057880884752	1.0	NonTarget	1	244584
955.5307880280413	1.0	NonTarget	1	244616
955.6557879676074	1.0	NonTarget	1	244648
955.7807879071735	1.0	NonTarget	1	244680
955.9057878467396	1.0	NonTarget	1	244712
956.0307877863056	1.0	NonTarget	1	244744
956.1557877258717	1.0	NonTarget	1	244776
956.2807876654377	1.0	NonTarget	1	244808
956.4057876050039	1.0	NonTarget	1	244840
956.53078754457	1.0	NonTarget	1	244872
956.655787484136	1.0	NonTarget	1	244904
956.7807874237021	1.0	NonTarget	1	244936
956.9057873632682	1.0	NonTarget	1	244968
957.0307873028343	1.0	NonTarget	1	245000
957.1557872424004	1.0	NonTarget	1	245032
957.2807871819665	1.0	NonTarget	1	245064
957.4057871215325	1.0	NonTarget	1	245096
957.5307870610986	1.0	NonTarget	1	245128
957.6557870006648	1.0	NonTarget	1	245160
957.7807869402308	1.0	NonTarget	1	245192
957.9057868797969	1.0	NonTarget	1	245224
958.030786819363	1.0	NonTarget	1	245256
958.155786758929	1.0	NonTarget	1	245288
958.2807866984951	1.0	NonTarget	1	245320
958.4057866380613	1.0	NonTarget	1	245352
964.5307836767994	1.0	NonTarget	1	246920
964.6557836163655	1.0	NonTarget	1	246952
964.7807835559315	1.0	NonTarget	1	246984
964.9057834954976	1.0	NonTarget	1	247016
965.0307834350638	1.0	NonTarget	1	247048
965.1557833746298	1.0	NonTarget	1	247080
965.2807833141959	1.0	NonTarget	1	247112
965.4057832537619	1.0	NonTarget	1	247144
965.530783193328	1.0	NonTarget	1	247176
965.6557831328942	1.0	NonTarget	1	247208
965.7807830724602	1.0	NonTarget	1	247240
965.9057830120263	1.0	NonTarget	1	247272
966.0307829515924	1.0	NonTarget	1	247304
966.1557828911584	1.0	NonTarget	1	247336
966.2807828307245	1.0	NonTarget	1	247368
966.4057827702907	1.0	NonTarget	1	247400
966.5307827098567	1.0	NonTarget	1	247432
966.6557826494228	1.0	NonTarget	1	247464
966.7807825889889	1.0	NonTarget	1	247496
966.9057825285549	1.0	NonTarget	1	247528
967.0307824681211	1.0	NonTarget	1	247560
967.1557824076872	1.0	NonTarget	1	247592
967.2807823472532	1.0	NonTarget	1	247624
967.4057822868193	1.0	NonTarget	1	247656
967.5307822263854	1.0	NonTarget	1	247688
967.6557821659515	1.0	NonTarget	1	247720
967.7807821055176	1.0	NonTarget	1	247752
967.9057820450837	1.0	NonTarget	1	247784
968.0307819846497	1.0	NonTarget	1	247816
968.1557819242158	1.0	NonTarget	1	247848
968.280781863782	1.0	NonTarget	1	247880
968.405781803348	1.0	NonTarget	1	247912
968.5307817429141	1.0	NonTarget	1	247944
968.6557816824802	1.0	NonTarget	1	247976
968.7807816220462	1.0	NonTarget	1	248008
968.9057815616123	1.0	NonTarget	1	248040
969.0307815011785	1.0	NonTarget	1	248072
969.1557814407445	1.0	NonTarget	1	248104
969.2807813803106	1.0	NonTarget	1	248136
969.4057813198767	1.0	NonTarget	1	248168
969.5307812594427	1.0	NonTarget	1	248200
969.6557811990089	1.0	NonTarget	1	248232
969.7807811385749	1.0	NonTarget	1	248264
969.905781078141	1.0	NonTarget	1	248296
970.0307810177071	1.0	NonTarget	1	248328
970.1557809572731	1.0	NonTarget	1	248360
970.2807808968392	1.0	NonTarget	1	248392
970.4057808364054	1.0	NonTarget	1	248424
970.5307807759714	1.0	NonTarget	1	248456
970.6557807155375	1.0	NonTarget	1	248488
970.7807806551036	1.0	NonTarget	1	248520
970.9057805946696	1.0	NonTarget	1	248552
971.0307805342358	1.0	NonTarget	1	248584
971.1557804738019	1.0	NonTarget	1	248616
971.2807804133679	1.0	NonTarget	1	248648
971.405780352934	1.0	NonTarget	1	248680
971.5307802925001	1.0	NonTarget	1	248712
971.6557802320661	1.0	NonTarget	1	248744
971.7807801716323	1.0	NonTarget	1	248776
971.9057801111984	1.0	NonTarget	1	248808
972.0307800507644	1.0	NonTarget	1	248840
972.1557799903305	1.0	NonTarget	1	248872
972.2807799298967	1.0	NonTarget	1	248904
972.4057798694627	1.0	NonTarget	1	248936
972.5307798090288	1.0	NonTarget	1	248968
972.6557797485949	1.0	NonTarget	1	249000
972.7807796881609	1.0	NonTarget	1	249032
972.905779627727	1.0	NonTarget	1	249064
973.0307795672932	1.0	NonTarget	1	249096
973.1557795068592	1.0	NonTarget	1	249128
973.2807794464253	1.0	NonTarget	1	249160
973.4057793859914	1.0	NonTarget	1	249192
979.5307764247295	1.0	NonTarget	1	250760
979.6557763642955	1.0	NonTarget	1	250792
979.7807763038617	1.0	NonTarget	1	250824
979.9057762434278	1.0	NonTarget	1	250856
980.0307761829938	1.0	NonTarget	1	250888
980.1557761225599	1.0	NonTarget	1	250920
980.280776062126	1.0	NonTarget	1	250952
980.4057760016921	1.0	NonTarget	1	250984
980.5307759412582	1.0	NonTarget	1	251016
980.6557758808243	1.0	NonTarget	1	251048
980.7807758203903	1.0	NonTarget	1	251080
980.9057757599564	1.0	NonTarget	1	251112
981.0307756995226	1.0	NonTarget	1	251144
981.1557756390886	1.0	NonTarget	1	251176
981.2807755786547	1.0	NonTarget	1	251208
981.4057755182208	1.0	NonTarget	1	251240
981.5307754577868	1.0	NonTarget	1	251272
981.655775397353	1.0	NonTarget	1	251304
981.7807753369191	1.0	NonTarget	1	251336
981.9057752764851	1.0	NonTarget	1	251368
982.0307752160512	1.0	NonTarget	1	251400
982.1557751556173	1.0	NonTarget	1	251432
982.2807750951833	1.0	NonTarget	1	251464
982.4057750347495	1.0	NonTarget	1	251496
982.5307749743156	1.0	NonTarget	1	251528
982.6557749138816	1.0	NonTarget	1	251560
982.7807748534477	1.0	NonTarget	1	251592
982.9057747930138	1.0	NonTarget	1	251624
983.0307747325799	1.0	NonTarget	1	251656
983.155774672146	1.0	NonTarget	1	251688
983.280774611712	1.0	NonTarget	1	251720
983.4057745512781	1.0	NonTarget	1	251752
983.5307744908442	1.0	NonTarget	1	251784
983.6557744304102	1.0	NonTarget	1	251816
983.7807743699764	1.0	NonTarget	1	251848
983.9057743095425	1.0	NonTarget	1	251880
984.0307742491085	1.0	NonTarget	1	251912
984.1557741886746	1.0	NonTarget	1	251944
984.2807741282408	1.0	NonTarget	1	251976
984.4057740678068	1.0	NonTarget	1	252008
984.5307740073729	1.0	NonTarget	1	252040
984.655773946939	1.0	NonTarget	1	252072
984.780773886505	1.0	NonTarget	1	252104
984.9057738260711	1.0	NonTarget	1	252136
985.0307737656373	1.0	NonTarget	1	252168
985.1557737052033	1.0	NonTarget	1	252200
985.2807736447694	1.0	NonTarget	1	252232
985.4057735843355	1.0	NonTarget	1	252264
985.5307735239015	1.0	NonTarget	1	252296
985.6557734634677	1.0	NonTarget	1	252328
985.7807734030338	1.0	NonTarget	1	252360
985.9057733425998	1.0	NonTarget	1	252392
986.0307732821659	1.0	NonTarget	1	252424
986.155773221732	1.0	NonTarget	1	252456
986.280773161298	1.0	NonTarget	1	252488
986.4057731008642	1.0	NonTarget	1	252520
986.5307730404303	1.0	NonTarget	1	252552
986.6557729799963	1.0	NonTarget	1	252584
986.7807729195624	1.0	NonTarget	1	252616
986.9057728591285	1.0	NonTarget	1	252648
987.0307727986946	1.0	NonTarget	1	252680
987.1557727382607	1.0	NonTarget	1	252712
987.2807726778268	1.0	NonTarget	1	252744
987.4057726173928	1.0	NonTarget	1	252776
987.5307725569589	1.0	NonTarget	1	252808
987.655772496525	1.0	NonTarget	1	252840
987.7807724360911	1.0	NonTarget	1	252872
987.9057723756572	1.0	NonTarget	1	252904
988.0307723152232	1.0	NonTarget	1	252936
988.1557722547893	1.0	NonTarget	1	252968
988.2807721943554	1.0	NonTarget	1	253000
988.4057721339215	1.0	NonTarget	1	253032
994.5307691726597	1.0	NonTarget	1	254600
994.6557691122257	1.0	NonTarget	1	254632
994.7807690517918	1.0	NonTarget	1	254664
994.905768991358	1.0	NonTarget	1	254696
995.030768930924	1.0	NonTarget	1	254728
995.1557688704901	1.0	NonTarget	1	254760
995.2807688100562	1.0	NonTarget	1	254792
995.4057687496222	1.0	NonTarget	1	254824
995.5307686891883	1.0	NonTarget	1	254856
995.6557686287545	1.0	NonTarget	1	254888
995.7807685683205	1.0	NonTarget	1	254920
995.9057685078866	1.0	NonTarget	1	254952
996.0307684474527	1.0	NonTarget	1	254984
996.1557683870187	1.0	NonTarget	1	255016
996.2807683265848	1.0	NonTarget	1	255048
996.405768266151	1.0	NonTarget	1	255080
996.530768205717	1.0	NonTarget	1	255112
996.6557681452831	1.0	NonTarget	1	255144
996.7807680848491	1.0	NonTarget	1	255176
996.9057680244152	1.0	NonTarget	1	255208
997.0307679639814	1.0	NonTarget	1	255240
997.1557679035474	1.0	NonTarget	1	255272
997.2807678431135	1.0	NonTarget	1	255304
997.4057677826796	1.0	NonTarget	1	255336
997.5307677222456	1.0	NonTarget	1	255368
997.6557676618118	1.0	NonTarget	1	255400
997.7807676013779	1.0	NonTarget	1	255432
997.9057675409439	1.0	NonTarget	1	255464
998.03076748051	1.0	NonTarget	1	255496
998.1557674200761	1.0	NonTarget	1	255528
998.2807673596421	1.0	NonTarget	1	255560
998.4057672992083	1.0	NonTarget	1	255592
998.5307672387744	1.0	NonTarget	1	255624
998.6557671783404	1.0	NonTarget	1	255656
998.7807671179065	1.0	NonTarget	1	255688
998.9057670574726	1.0	NonTarget	1	255720
999.0307669970387	1.0	NonTarget	1	255752
999.1557669366048	1.0	NonTarget	1	255784
999.2807668761709	1.0	NonTarget	1	255816
999.4057668157369	1.0	NonTarget	1	255848
999.530766755303	1.0	NonTarget	1	255880
999.6557666948692	1.0	NonTarget	1	255912
999.7807666344352	1.0	NonTarget	1	255944
999.9057665740013	1.0	NonTarget	1	255976
1000.0307665135674	1.0	NonTarget	1	256008
1000.1557664531334	1.0	NonTarget	1	256040
1000.2807663926995	1.0	NonTarget	1	256072
1000.4057663322657	1.0	NonTarget	1	256104
1000.5307662718317	1.0	NonTarget	1	256136
1000.6557662113978	1.0	NonTarget	1	256168
1000.7807661509639	1.0	NonTarget	1	256200
1000.9057660905299	1.0	NonTarget	1	256232
1001.0307660300961	1.0	NonTarget	1	256264
1001.1557659696621	1.0	NonTarget	1	256296
1001.2807659092282	1.0	NonTarget	1	256328
1001.4057658487943	1.0	NonTarget	1	256360
1001.5307657883603	1.0	NonTarget	1	256392
1001.6557657279265	1.0	NonTarget	1	256424
1001.7807656674926	1.0	NonTarget	1	256456
1001.9057656070586	1.0	NonTarget	1	256488
1002.0307655466247	1.0	NonTarget	1	256520
1002.1557654861908	1.0	NonTarget	1	256552
1002.2807654257568	1.0	NonTarget	1	256584
1002.405765365323	1.0	NonTarget	1	256616
1002.5307653048891	1.0	NonTarget	1	256648
1002.6557652444551	1.0	NonTarget	1	256680
1002.7807651840212	1.0	NonTarget	1	256712
1002.9057651235873	1.0	NonTarget	1	256744
1003.0307650631534	1.0	NonTarget	1	256776
1003.1557650027195	1.0	NonTarget	1	256808
1003.2807649422856	1.0	NonTarget	1	256840
1003.4057648818516	1.0	NonTarget	1	256872
1009.5307619205898	1.0	NonTarget	1	258440
1009.6557618601558	1.0	NonTarget	1	258472
1009.780761799722	1.0	NonTarget	1	258504
1009.9057617392881	1.0	NonTarget	1	258536
1010.0307616788541	1.0	NonTarget	1	258568
1010.1557616184202	1.0	NonTarget	1	258600
1010.2807615579862	1.0	NonTarget	1	258632
1010.4057614975524	1.0	NonTarget	1	258664
1010.5307614371185	1.0	NonTarget	1	258696
1010.6557613766845	1.0	NonTarget	1	258728
1010.7807613162506	1.0	NonTarget	1	258760
1010.9057612558167	1.0	NonTarget	1	258792
1011.0307611953828	1.0	NonTarget	1	258824
1011.1557611349489	1.0	NonTarget	1	258856
1011.280761074515	1.0	NonTarget	1	258888
1011.405761014081	1.0	NonTarget	1	258920
1011.5307609536471	1.0	NonTarget	1	258952
1011.6557608932133	1.0	NonTarget	1	258984
1011.7807608327793	1.0	NonTarget	1	259016
1011.9057607723454	1.0	NonTarget	1	259048
1012.0307607119115	1.0	NonTarget	1	259080
1012.1557606514775	1.0	NonTarget	1	259112
1012.2807605910436	1.0	NonTarget	1	259144
1012.4057605306098	1.0	NonTarget	1	259176
1012.5307604701758	1.0	NonTarget	1	259208
1012.6557604097419	1.0	NonTarget	1	259240
1012.780760349308	1.0	NonTarget	1	259272
1012.905760288874	1.0	NonTarget	1	259304
1013.0307602284402	1.0	NonTarget	1	259336
1013.1557601680063	1.0	NonTarget	1	259368
1013.2807601075723	1.0	NonTarget	1	259400
1013.4057600471384	1.0	NonTarget	1	259432
1013.5307599867045	1.0	NonTarget	1	259464
1013.6557599262705	1.0	NonTarget	1	259496
1013.7807598658367	1.0	NonTarget	1	259528
1013.9057598054028	1.0	NonTarget	1	259560
1014.0307597449688	1.0	NonTarget	1	259592
1014.1557596845349	1.0	NonTarget	1	259624
1014.280759624101	1.0	NonTarget	1	259656
1014.4057595636671	1.0	NonTarget	1	259688
1014.5307595032332	1.0	NonTarget	1	259720
1014.6557594427992	1.0	NonTarget	1	259752
1014.7807593823653	1.0	NonTarget	1	259784
1014.9057593219314	1.0	NonTarget	1	259816
1015.0307592614975	1.0	NonTarget	1	259848
1015.1557592010636	1.0	NonTarget	1	259880
1015.2807591406297	1.0	NonTarget	1	259912
1015.4057590801957	1.0	NonTarget	1	259944
1015.5307590197618	1.0	NonTarget	1	259976
1015.655758959328	1.0	NonTarget	1	260008
1015.780758898894	1.0	NonTarget	1	260040
1015.9057588384601	1.0	NonTarget	1	260072
1016.0307587780262	1.0	NonTarget	1	260104
1016.1557587175922	1.0	NonTarget	1	260136
1016.2807586571583	1.0	NonTarget	1	260168
1016.4057585967245	1.0	NonTarget	1	260200
1016.5307585362905	1.0	NonTarget	1	260232
1016.6557584758566	1.0	NonTarget	1	260264
1016.7807584154227	1.0	NonTarget	1	260296
1016.9057583549887	1.0	NonTarget	1	260328
1017.0307582945549	1.0	NonTarget	1	260360
1017.155758234121	1.0	NonTarget	1	260392
1017.280758173687	1.0	NonTarget	1	260424
1017.4057581132531	1.0	NonTarget	1	260456
1017.5307580528192	1.0	NonTarget	1	260488
1017.6557579923852	1.0	NonTarget	1	260520
1017.7807579319514	1.0	NonTarget	1	260552
1017.9057578715175	1.0	NonTarget	1	260584
1018.0307578110835	1.0	NonTarget	1	260616
1018.1557577506496	1.0	NonTarget	1	260648
1018.2807576902158	1.0	NonTarget	1	260680
1018.4057576297818	1.0	NonTarget	1	260712
1024.5307546685199	1.0	NonTarget	1	262280
1024.655754608086	1.0	NonTarget	1	262312
1024.7807545476521	1.0	NonTarget	1	262344
1024.9057544872182	1.0	NonTarget	1	262376
1025.0307544267844	1.0	NonTarget	1	262408
1025.1557543663503	1.0	NonTarget	1	262440
1025.2807543059164	1.0	NonTarget	1	262472
1025.4057542454825	1.0	NonTarget	1	262504
1025.5307541850486	1.0	NonTarget	1	262536
1025.6557541246148	1.0	NonTarget	1	262568
1025.7807540641809	1.0	NonTarget	1	262600
1025.9057540037468	1.0	NonTarget	1	262632
1026.030753943313	1.0	NonTarget	1	262664
1026.155753882879	1.0	NonTarget	1	262696
1026.2807538224451	1.0	NonTarget	1	262728
1026.4057537620113	1.0	NonTarget	1	262760
1026.5307537015772	1.0	NonTarget	1	262792
1026.6557536411433	1.0	NonTarget	1	262824
1026.7807535807094	1.0	NonTarget	1	262856
1026.9057535202755	1.0	NonTarget	1	262888
1027.0307534598417	1.0	NonTarget	1	262920
1027.1557533994078	1.0	NonTarget	1	262952
1027.2807533389737	1.0	NonTarget	1	262984
1027.4057532785398	1.0	NonTarget	1	263016
1027.530753218106	1.0	NonTarget	1	263048
1027.655753157672	1.0	NonTarget	1	263080
1027.7807530972382	1.0	NonTarget	1	263112
1027.9057530368043	1.0	NonTarget	1	263144
1028.0307529763702	1.0	NonTarget	1	263176
1028.1557529159363	1.0	NonTarget	1	263208
1028.2807528555024	1.0	NonTarget	1	263240
1028.4057527950686	1.0	NonTarget	1	263272
1028.5307527346347	1.0	NonTarget	1	263304
1028.6557526742008	1.0	NonTarget	1	263336
1028.7807526137667	1.0	NonTarget	1	263368
1028.9057525533328	1.0	NonTarget	1	263400
1029.030752492899	1.0	NonTarget	1	263432
1029.155752432465	1.0	NonTarget	1	263464
1029.2807523720312	1.0	NonTarget	1	263496
1029.4057523115973	1.0	NonTarget	1	263528
1029.5307522511632	1.0	NonTarget	1	263560
1029.6557521907293	1.0	NonTarget	1	263592
1029.7807521302955	1.0	NonTarget	1	263624
1029.9057520698616	1.0	NonTarget	1	263656
1030.0307520094277	1.0	NonTarget	1	263688
1030.1557519489938	1.0	NonTarget	1	263720
1030.2807518885597	1.0	NonTarget	1	263752
1030.4057518281259	1.0	NonTarget	1	263784
1030.530751767692	1.0	NonTarget	1	263816
1030.655751707258	1.0	NonTarget	1	263848
1030.7807516468242	1.0	NonTarget	1	263880
1030.9057515863901	1.0	NonTarget	1	263912
1031.0307515259562	1.0	NonTarget	1	263944
1031.1557514655224	1.0	NonTarget	1	263976
1031.2807514050885	1.0	NonTarget	1	264008
1031.4057513446546	1.0	NonTarget	1	264040
1031.5307512842207	1.0	NonTarget	1	264072
1031.6557512237866	1.0	NonTarget	1	264104
1031.7807511633528	1.0	NonTarget	1	264136
1031.9057511029189	1.0	NonTarget	1	264168
1032.030751042485	1.0	NonTarget	1	264200
1032.1557509820511	1.0	NonTarget	1	264232
1032.2807509216173	1.0	NonTarget	1	264264
1032.4057508611832	1.0	NonTarget	1	264296
1032.5307508007493	1.0	NonTarget	1	264328
1032.6557507403154	1.0	NonTarget	1	264360
1032.7807506798815	1.0	NonTarget	1	264392
1032.9057506194476	1.0	NonTarget	1	264424
1033.0307505590138	0.968749	NonTarget	1	264456
1033.1557504985797	0.84375	NonTarget	1	264488
1033.2807504381458	0.71875	NonTarget	1	264520
1033.405750377712	0.59375	NonTarget	1	264552
