onset	duration	trial_type	value	sample
4.531247935061236	1.0	NonTarget	1	1160
4.656247878097408	1.0	NonTarget	1	1192
4.781247821133579	1.0	NonTarget	1	1224
4.906247764169752	1.0	NonTarget	1	1256
5.031247707205924	1.0	NonTarget	1	1288
5.156247650242096	1.0	NonTarget	1	1320
5.281247593278268	1.0	NonTarget	1	1352
5.4062475363144396	1.0	NonTarget	1	1384
5.531247479350612	1.0	NonTarget	1	1416
5.656247422386784	1.0	NonTarget	1	1448
5.7812473654229555	1.0	NonTarget	1	1480
5.906247308459128	1.0	NonTarget	1	1512
6.0312472514953	1.0	NonTarget	1	1544
6.156247194531472	1.0	NonTarget	1	1576
6.281247137567644	1.0	NonTarget	1	1608
6.406247080603816	1.0	NonTarget	1	1640
6.531247023639988	1.0	NonTarget	1	1672
6.65624696667616	1.0	NonTarget	1	1704
6.7812469097123325	1.0	NonTarget	1	1736
6.906246852748504	1.0	NonTarget	1	1768
7.031246795784676	1.0	NonTarget	1	1800
7.156246738820848	1.0	NonTarget	1	1832
7.28124668185702	1.0	NonTarget	1	1864
7.406246624893192	1.0	NonTarget	1	1896
7.531246567929364	1.0	NonTarget	1	1928
7.656246510965536	1.0	NonTarget	1	1960
7.781246454001709	1.0	NonTarget	1	1992
7.90624639703788	1.0	NonTarget	1	2024
8.031246340074052	1.0	NonTarget	1	2056
8.156246283110224	1.0	NonTarget	1	2088
8.281246226146397	1.0	NonTarget	1	2120
8.406246169182568	1.0	NonTarget	1	2152
8.53124611221874	1.0	NonTarget	1	2184
8.656246055254913	1.0	NonTarget	1	2216
8.781245998291084	1.0	NonTarget	1	2248
8.906245941327256	1.0	NonTarget	1	2280
9.031245884363429	1.0	NonTarget	1	2312
9.1562458273996	1.0	NonTarget	1	2344
9.281245770435772	1.0	NonTarget	1	2376
9.406245713471945	1.0	NonTarget	1	2408
9.531245656508116	1.0	NonTarget	1	2440
9.656245599544288	1.0	NonTarget	1	2472
9.78124554258046	1.0	NonTarget	1	2504
9.906245485616633	1.0	NonTarget	1	2536
10.031245428652804	1.0	NonTarget	1	2568
10.156245371688977	1.0	NonTarget	1	2600
10.28124531472515	1.0	NonTarget	1	2632
10.40624525776132	1.0	NonTarget	1	2664
10.531245200797493	1.0	NonTarget	1	2696
10.656245143833665	1.0	NonTarget	1	2728
10.781245086869836	1.0	NonTarget	1	2760
10.906245029906009	1.0	NonTarget	1	2792
11.031244972942181	1.0	NonTarget	1	2824
11.156244915978352	1.0	NonTarget	1	2856
11.281244859014524	1.0	NonTarget	1	2888
11.406244802050697	1.0	NonTarget	1	2920
11.53124474508687	1.0	NonTarget	1	2952
11.65624468812304	1.0	NonTarget	1	2984
11.781244631159213	1.0	NonTarget	1	3016
11.906244574195386	1.0	NonTarget	1	3048
12.031244517231556	1.0	NonTarget	1	3080
12.156244460267729	1.0	NonTarget	1	3112
12.281244403303901	1.0	NonTarget	1	3144
12.406244346340072	1.0	NonTarget	1	3176
12.531244289376245	1.0	NonTarget	1	3208
12.656244232412417	1.0	NonTarget	1	3240
12.781244175448588	1.0	NonTarget	1	3272
12.90624411848476	1.0	NonTarget	1	3304
13.031244061520933	1.0	NonTarget	1	3336
13.156244004557106	1.0	NonTarget	1	3368
13.281243947593277	1.0	NonTarget	1	3400
13.40624389062945	1.0	NonTarget	1	3432
13.531243833665622	1.0	NonTarget	1	3464
13.656243776701793	1.0	NonTarget	1	3496
13.781243719737965	1.0	NonTarget	1	3528
13.906243662774138	1.0	NonTarget	1	3560
14.031243605810308	1.0	NonTarget	1	3592
14.156243548846481	1.0	NonTarget	1	3624
14.281243491882654	1.0	NonTarget	1	3656
14.406243434918824	1.0	NonTarget	1	3688
14.531243377954997	1.0	NonTarget	1	3720
14.65624332099117	1.0	NonTarget	1	3752
14.781243264027342	1.0	NonTarget	1	3784
14.906243207063513	1.0	NonTarget	1	3816
15.031243150099685	1.0	NonTarget	1	3848
15.156243093135858	1.0	NonTarget	1	3880
15.281243036172029	1.0	NonTarget	1	3912
15.406242979208201	1.0	NonTarget	1	3944
15.531242922244374	1.0	NonTarget	1	3976
15.656242865280545	1.0	NonTarget	1	4008
15.781242808316717	1.0	NonTarget	1	4040
15.90624275135289	1.0	NonTarget	1	4072
16.03124269438906	1.0	NonTarget	1	4104
16.156242637425233	1.0	NonTarget	1	4136
16.281242580461406	1.0	NonTarget	1	4168
16.40624252349758	1.0	NonTarget	1	4200
22.531239732270006	1.0	NonTarget	1	5768
22.65623967530618	1.0	NonTarget	1	5800
22.78123961834235	1.0	NonTarget	1	5832
22.906239561378523	1.0	NonTarget	1	5864
23.031239504414696	1.0	NonTarget	1	5896
23.156239447450865	1.0	NonTarget	1	5928
23.281239390487038	1.0	NonTarget	1	5960
23.40623933352321	1.0	NonTarget	1	5992
23.531239276559383	1.0	NonTarget	1	6024
23.656239219595555	1.0	NonTarget	1	6056
23.781239162631728	1.0	NonTarget	1	6088
23.9062391056679	1.0	NonTarget	1	6120
24.03123904870407	1.0	NonTarget	1	6152
24.156238991740242	1.0	NonTarget	1	6184
24.281238934776415	1.0	NonTarget	1	6216
24.406238877812587	1.0	NonTarget	1	6248
24.53123882084876	1.0	NonTarget	1	6280
24.656238763884932	1.0	NonTarget	1	6312
24.7812387069211	1.0	NonTarget	1	6344
24.906238649957274	1.0	NonTarget	1	6376
25.031238592993446	1.0	NonTarget	1	6408
25.15623853602962	1.0	NonTarget	1	6440
25.28123847906579	1.0	NonTarget	1	6472
25.406238422101964	1.0	NonTarget	1	6504
25.531238365138137	1.0	NonTarget	1	6536
25.656238308174306	1.0	NonTarget	1	6568
25.78123825121048	1.0	NonTarget	1	6600
25.90623819424665	1.0	NonTarget	1	6632
26.031238137282823	1.0	NonTarget	1	6664
26.156238080318996	1.0	NonTarget	1	6696
26.28123802335517	1.0	NonTarget	1	6728
26.406237966391338	1.0	NonTarget	1	6760
26.53123790942751	1.0	NonTarget	1	6792
26.656237852463683	1.0	NonTarget	1	6824
26.781237795499855	1.0	NonTarget	1	6856
26.906237738536028	1.0	NonTarget	1	6888
27.0312376815722	1.0	NonTarget	1	6920
27.156237624608373	1.0	NonTarget	1	6952
27.281237567644542	1.0	NonTarget	1	6984
27.406237510680715	1.0	NonTarget	1	7016
27.531237453716887	1.0	NonTarget	1	7048
27.65623739675306	1.0	NonTarget	1	7080
27.781237339789232	1.0	NonTarget	1	7112
27.906237282825405	1.0	NonTarget	1	7144
28.031237225861574	1.0	NonTarget	1	7176
28.156237168897746	1.0	NonTarget	1	7208
28.28123711193392	1.0	NonTarget	1	7240
28.40623705497009	1.0	NonTarget	1	7272
28.531236998006264	1.0	NonTarget	1	7304
28.656236941042437	1.0	NonTarget	1	7336
28.78123688407861	1.0	NonTarget	1	7368
28.90623682711478	1.0	NonTarget	1	7400
29.03123677015095	1.0	NonTarget	1	7432
29.156236713187123	1.0	NonTarget	1	7464
29.281236656223296	1.0	NonTarget	1	7496
29.40623659925947	1.0	NonTarget	1	7528
29.53123654229564	1.0	NonTarget	1	7560
29.65623648533181	1.0	NonTarget	1	7592
29.781236428367983	1.0	NonTarget	1	7624
29.906236371404155	1.0	NonTarget	1	7656
30.031236314440328	1.0	NonTarget	1	7688
30.1562362574765	1.0	NonTarget	1	7720
30.281236200512673	1.0	NonTarget	1	7752
30.406236143548846	1.0	NonTarget	1	7784
30.531236086585015	1.0	NonTarget	1	7816
30.656236029621187	1.0	NonTarget	1	7848
30.78123597265736	1.0	NonTarget	1	7880
30.906235915693532	1.0	NonTarget	1	7912
31.031235858729705	1.0	NonTarget	1	7944
31.156235801765877	1.0	NonTarget	1	7976
31.281235744802046	1.0	NonTarget	1	8008
31.40623568783822	1.0	NonTarget	1	8040
31.53123563087439	1.0	NonTarget	1	8072
31.656235573910564	1.0	NonTarget	1	8104
31.781235516946737	1.0	NonTarget	1	8136
31.90623545998291	1.0	NonTarget	1	8168
32.03123540301908	1.0	NonTarget	1	8200
32.156235346055254	1.0	NonTarget	1	8232
32.28123528909143	1.0	NonTarget	1	8264
32.4062352321276	1.0	NonTarget	1	8296
32.531235175163765	1.0	NonTarget	1	8328
32.65623511819994	1.0	NonTarget	1	8360
32.78123506123611	1.0	NonTarget	1	8392
32.90623500427228	1.0	NonTarget	1	8424
33.031234947308455	1.0	NonTarget	1	8456
33.15623489034463	1.0	NonTarget	1	8488
33.2812348333808	1.0	NonTarget	1	8520
33.40623477641697	1.0	NonTarget	1	8552
33.531234719453145	1.0	NonTarget	1	8584
33.65623466248932	1.0	NonTarget	1	8616
33.78123460552549	1.0	NonTarget	1	8648
33.90623454856166	1.0	NonTarget	1	8680
34.031234491597836	1.0	NonTarget	1	8712
34.156234434634	1.0	NonTarget	1	8744
34.281234377670174	1.0	NonTarget	1	8776
34.406234320706346	1.0	NonTarget	1	8808
40.53123152947878	1.0	NonTarget	1	10376
40.656231472514946	1.0	NonTarget	1	10408
40.78123141555112	1.0	NonTarget	1	10440
40.90623135858729	1.0	NonTarget	1	10472
41.031231301623464	1.0	NonTarget	1	10504
41.15623124465964	1.0	NonTarget	1	10536
41.28123118769581	1.0	NonTarget	1	10568
41.40623113073198	1.0	NonTarget	1	10600
41.531231073768154	1.0	NonTarget	1	10632
41.65623101680433	1.0	NonTarget	1	10664
41.7812309598405	1.0	NonTarget	1	10696
41.90623090287667	1.0	NonTarget	1	10728
42.031230845912845	1.0	NonTarget	1	10760
42.15623078894902	1.0	NonTarget	1	10792
42.28123073198518	1.0	NonTarget	1	10824
42.406230675021355	1.0	NonTarget	1	10856
42.53123061805753	1.0	NonTarget	1	10888
42.6562305610937	1.0	NonTarget	1	10920
42.78123050412987	1.0	NonTarget	1	10952
42.906230447166045	1.0	NonTarget	1	10984
43.03123039020222	1.0	NonTarget	1	11016
43.15623033323839	1.0	NonTarget	1	11048
43.28123027627456	1.0	NonTarget	1	11080
43.406230219310736	1.0	NonTarget	1	11112
43.53123016234691	1.0	NonTarget	1	11144
43.65623010538308	1.0	NonTarget	1	11176
43.78123004841925	1.0	NonTarget	1	11208
43.90622999145542	1.0	NonTarget	1	11240
44.03122993449159	1.0	NonTarget	1	11272
44.156229877527764	1.0	NonTarget	1	11304
44.28122982056394	1.0	NonTarget	1	11336
44.40622976360011	1.0	NonTarget	1	11368
44.53122970663628	1.0	NonTarget	1	11400
44.656229649672454	1.0	NonTarget	1	11432
44.78122959270863	1.0	NonTarget	1	11464
44.9062295357448	1.0	NonTarget	1	11496
45.03122947878097	1.0	NonTarget	1	11528
45.156229421817144	1.0	NonTarget	1	11560
45.28122936485332	1.0	NonTarget	1	11592
45.40622930788949	1.0	NonTarget	1	11624
45.531229250925655	1.0	NonTarget	1	11656
45.65622919396183	1.0	NonTarget	1	11688
45.781229136998	1.0	NonTarget	1	11720
45.90622908003417	1.0	NonTarget	1	11752
46.031229023070345	1.0	NonTarget	1	11784
46.15622896610652	1.0	NonTarget	1	11816
46.28122890914269	1.0	NonTarget	1	11848
46.40622885217886	1.0	NonTarget	1	11880
46.531228795215036	1.0	NonTarget	1	11912
46.65622873825121	1.0	NonTarget	1	11944
46.78122868128738	1.0	NonTarget	1	11976
46.90622862432355	1.0	NonTarget	1	12008
47.031228567359726	1.0	NonTarget	1	12040
47.15622851039589	1.0	NonTarget	1	12072
47.281228453432064	1.0	NonTarget	1	12104
47.40622839646824	1.0	NonTarget	1	12136
47.53122833950441	1.0	NonTarget	1	12168
47.65622828254058	1.0	NonTarget	1	12200
47.781228225576754	1.0	NonTarget	1	12232
47.90622816861293	1.0	NonTarget	1	12264
48.0312281116491	1.0	NonTarget	1	12296
48.15622805468527	1.0	NonTarget	1	12328
48.281227997721444	1.0	NonTarget	1	12360
48.40622794075762	1.0	NonTarget	1	12392
48.53122788379379	1.0	NonTarget	1	12424
48.65622782682996	1.0	NonTarget	1	12456
48.78122776986613	1.0	NonTarget	1	12488
48.9062277129023	1.0	NonTarget	1	12520
49.03122765593847	1.0	NonTarget	1	12552
49.156227598974645	1.0	NonTarget	1	12584
49.28122754201082	1.0	NonTarget	1	12616
49.40622748504699	1.0	NonTarget	1	12648
49.53122742808316	1.0	NonTarget	1	12680
49.656227371119336	1.0	NonTarget	1	12712
49.78122731415551	1.0	NonTarget	1	12744
49.90622725719168	1.0	NonTarget	1	12776
50.03122720022785	1.0	NonTarget	1	12808
50.156227143264026	1.0	NonTarget	1	12840
50.2812270863002	1.0	NonTarget	1	12872
50.406227029336364	1.0	NonTarget	1	12904
50.53122697237254	1.0	NonTarget	1	12936
50.65622691540871	1.0	NonTarget	1	12968
50.78122685844488	1.0	NonTarget	1	13000
50.906226801481054	1.0	NonTarget	1	13032
51.03122674451723	1.0	NonTarget	1	13064
51.1562266875534	1.0	NonTarget	1	13096
51.28122663058957	1.0	NonTarget	1	13128
51.406226573625744	1.0	NonTarget	1	13160
51.53122651666192	1.0	NonTarget	1	13192
51.65622645969809	1.0	NonTarget	1	13224
51.78122640273426	1.0	NonTarget	1	13256
51.906226345770435	1.0	NonTarget	1	13288
52.0312262888066	1.0	NonTarget	1	13320
52.15622623184277	1.0	NonTarget	1	13352
52.281226174878945	1.0	NonTarget	1	13384
52.40622611791512	1.0	NonTarget	1	13416
58.531223326687545	1.0	NonTarget	1	14984
58.65622326972372	1.0	NonTarget	1	15016
58.78122321275989	1.0	NonTarget	1	15048
58.90622315579606	1.0	NonTarget	1	15080
59.031223098832236	1.0	NonTarget	1	15112
59.15622304186841	1.0	NonTarget	1	15144
59.28122298490458	1.0	NonTarget	1	15176
59.40622292794075	1.0	NonTarget	1	15208
59.531222870976926	1.0	NonTarget	1	15240
59.6562228140131	1.0	NonTarget	1	15272
59.78122275704927	1.0	NonTarget	1	15304
59.90622270008544	1.0	NonTarget	1	15336
60.03122264312161	1.0	NonTarget	1	15368
60.15622258615778	1.0	NonTarget	1	15400
60.281222529193954	1.0	NonTarget	1	15432
60.40622247223013	1.0	NonTarget	1	15464
60.5312224152663	1.0	NonTarget	1	15496
60.65622235830247	1.0	NonTarget	1	15528
60.781222301338644	1.0	NonTarget	1	15560
60.90622224437482	1.0	NonTarget	1	15592
61.03122218741099	1.0	NonTarget	1	15624
61.15622213044716	1.0	NonTarget	1	15656
61.281222073483335	1.0	NonTarget	1	15688
61.40622201651951	1.0	NonTarget	1	15720
61.53122195955568	1.0	NonTarget	1	15752
61.656221902591845	1.0	NonTarget	1	15784
61.78122184562802	1.0	NonTarget	1	15816
61.90622178866419	1.0	NonTarget	1	15848
62.03122173170036	1.0	NonTarget	1	15880
62.156221674736535	1.0	NonTarget	1	15912
62.28122161777271	1.0	NonTarget	1	15944
62.40622156080888	1.0	NonTarget	1	15976
62.53122150384505	1.0	NonTarget	1	16008
62.656221446881226	1.0	NonTarget	1	16040
62.7812213899174	1.0	NonTarget	1	16072
62.90622133295357	1.0	NonTarget	1	16104
63.03122127598974	1.0	NonTarget	1	16136
63.156221219025916	1.0	NonTarget	1	16168
63.28122116206208	1.0	NonTarget	1	16200
63.406221105098254	1.0	NonTarget	1	16232
63.53122104813443	1.0	NonTarget	1	16264
63.6562209911706	1.0	NonTarget	1	16296
63.78122093420677	1.0	NonTarget	1	16328
63.906220877242944	1.0	NonTarget	1	16360
64.03122082027912	1.0	NonTarget	1	16392
64.15622076331529	1.0	NonTarget	1	16424
64.28122070635146	1.0	NonTarget	1	16456
64.40622064938763	1.0	NonTarget	1	16488
64.53122059242381	1.0	NonTarget	1	16520
64.65622053545998	1.0	NonTarget	1	16552
64.78122047849615	1.0	NonTarget	1	16584
64.90622042153232	1.0	NonTarget	1	16616
65.0312203645685	1.0	NonTarget	1	16648
65.15622030760467	1.0	NonTarget	1	16680
65.28122025064084	1.0	NonTarget	1	16712
65.40622019367702	1.0	NonTarget	1	16744
65.53122013671319	1.0	NonTarget	1	16776
65.65622007974936	1.0	NonTarget	1	16808
65.78122002278552	1.0	NonTarget	1	16840
65.90621996582169	1.0	NonTarget	1	16872
66.03121990885786	1.0	NonTarget	1	16904
66.15621985189404	1.0	NonTarget	1	16936
66.28121979493021	1.0	NonTarget	1	16968
66.40621973796638	1.0	NonTarget	1	17000
66.53121968100255	1.0	NonTarget	1	17032
66.65621962403873	1.0	NonTarget	1	17064
66.7812195670749	1.0	NonTarget	1	17096
66.90621951011107	1.0	NonTarget	1	17128
67.03121945314724	1.0	NonTarget	1	17160
67.15621939618342	1.0	NonTarget	1	17192
67.28121933921959	1.0	NonTarget	1	17224
67.40621928225576	1.0	NonTarget	1	17256
67.53121922529193	1.0	NonTarget	1	17288
67.65621916832811	1.0	NonTarget	1	17320
67.78121911136428	1.0	NonTarget	1	17352
67.90621905440045	1.0	NonTarget	1	17384
68.03121899743662	1.0	NonTarget	1	17416
68.1562189404728	1.0	NonTarget	1	17448
68.28121888350897	1.0	NonTarget	1	17480
68.40621882654514	1.0	NonTarget	1	17512
68.53121876958132	1.0	NonTarget	1	17544
68.65621871261749	1.0	NonTarget	1	17576
68.78121865565366	1.0	NonTarget	1	17608
68.90621859868983	1.0	NonTarget	1	17640
69.03121854172599	1.0	NonTarget	1	17672
69.15621848476216	1.0	NonTarget	1	17704
69.28121842779834	1.0	NonTarget	1	17736
69.40621837083451	1.0	NonTarget	1	17768
69.53121831387068	1.0	NonTarget	1	17800
69.65621825690685	1.0	NonTarget	1	17832
69.78121819994303	1.0	NonTarget	1	17864
69.9062181429792	1.0	NonTarget	1	17896
70.03121808601537	1.0	NonTarget	1	17928
70.15621802905154	1.0	NonTarget	1	17960
70.28121797208772	1.0	NonTarget	1	17992
70.40621791512389	1.0	NonTarget	1	18024
76.53121512389632	1.0	NonTarget	1	19592
76.65621506693249	1.0	NonTarget	1	19624
76.78121500996866	1.0	NonTarget	1	19656
76.90621495300483	1.0	NonTarget	1	19688
77.031214896041	1.0	NonTarget	1	19720
77.15621483907718	1.0	NonTarget	1	19752
77.28121478211335	1.0	NonTarget	1	19784
77.40621472514952	1.0	NonTarget	1	19816
77.5312146681857	1.0	NonTarget	1	19848
77.65621461122187	1.0	NonTarget	1	19880
77.78121455425804	1.0	NonTarget	1	19912
77.90621449729421	1.0	NonTarget	1	19944
78.03121444033039	1.0	NonTarget	1	19976
78.15621438336656	1.0	NonTarget	1	20008
78.28121432640273	1.0	NonTarget	1	20040
78.4062142694389	1.0	NonTarget	1	20072
78.53121421247508	1.0	NonTarget	1	20104
78.65621415551125	1.0	NonTarget	1	20136
78.78121409854741	1.0	NonTarget	1	20168
78.90621404158358	1.0	NonTarget	1	20200
79.03121398461975	1.0	NonTarget	1	20232
79.15621392765593	1.0	NonTarget	1	20264
79.2812138706921	1.0	NonTarget	1	20296
79.40621381372827	1.0	NonTarget	1	20328
79.53121375676444	1.0	NonTarget	1	20360
79.65621369980062	1.0	NonTarget	1	20392
79.78121364283679	1.0	NonTarget	1	20424
79.90621358587296	1.0	NonTarget	1	20456
80.03121352890913	1.0	NonTarget	1	20488
80.1562134719453	1.0	NonTarget	1	20520
80.28121341498148	1.0	NonTarget	1	20552
80.40621335801765	1.0	NonTarget	1	20584
80.53121330105382	1.0	NonTarget	1	20616
80.65621324409	1.0	NonTarget	1	20648
80.78121318712617	1.0	NonTarget	1	20680
80.90621313016234	1.0	NonTarget	1	20712
81.03121307319851	1.0	NonTarget	1	20744
81.15621301623469	1.0	NonTarget	1	20776
81.28121295927086	1.0	NonTarget	1	20808
81.40621290230703	1.0	NonTarget	1	20840
81.5312128453432	1.0	NonTarget	1	20872
81.65621278837938	1.0	NonTarget	1	20904
81.78121273141555	1.0	NonTarget	1	20936
81.90621267445172	1.0	NonTarget	1	20968
82.03121261748788	1.0	NonTarget	1	21000
82.15621256052405	1.0	NonTarget	1	21032
82.28121250356023	1.0	NonTarget	1	21064
82.4062124465964	1.0	NonTarget	1	21096
82.53121238963257	1.0	NonTarget	1	21128
82.65621233266874	1.0	NonTarget	1	21160
82.78121227570492	1.0	NonTarget	1	21192
82.90621221874109	1.0	NonTarget	1	21224
83.03121216177726	1.0	NonTarget	1	21256
83.15621210481343	1.0	NonTarget	1	21288
83.2812120478496	1.0	NonTarget	1	21320
83.40621199088578	1.0	NonTarget	1	21352
83.53121193392195	1.0	NonTarget	1	21384
83.65621187695812	1.0	NonTarget	1	21416
83.7812118199943	1.0	NonTarget	1	21448
83.90621176303047	1.0	NonTarget	1	21480
84.03121170606664	1.0	NonTarget	1	21512
84.15621164910281	1.0	NonTarget	1	21544
84.28121159213899	1.0	NonTarget	1	21576
84.40621153517516	1.0	NonTarget	1	21608
84.53121147821133	1.0	NonTarget	1	21640
84.6562114212475	1.0	NonTarget	1	21672
84.78121136428368	1.0	NonTarget	1	21704
84.90621130731985	1.0	NonTarget	1	21736
85.03121125035602	1.0	NonTarget	1	21768
85.1562111933922	1.0	NonTarget	1	21800
85.28121113642835	1.0	NonTarget	1	21832
85.40621107946453	1.0	NonTarget	1	21864
85.5312110225007	1.0	NonTarget	1	21896
85.65621096553687	1.0	NonTarget	1	21928
85.78121090857304	1.0	NonTarget	1	21960
85.90621085160922	1.0	NonTarget	1	21992
86.03121079464539	1.0	NonTarget	1	22024
86.15621073768156	1.0	NonTarget	1	22056
86.28121068071773	1.0	NonTarget	1	22088
86.4062106237539	1.0	NonTarget	1	22120
86.53121056679008	1.0	NonTarget	1	22152
86.65621050982625	1.0	NonTarget	1	22184
86.78121045286242	1.0	NonTarget	1	22216
86.9062103958986	1.0	NonTarget	1	22248
87.03121033893477	1.0	NonTarget	1	22280
87.15621028197094	1.0	NonTarget	1	22312
87.28121022500711	1.0	NonTarget	1	22344
87.40621016804329	1.0	NonTarget	1	22376
87.53121011107946	1.0	NonTarget	1	22408
87.65621005411563	1.0	NonTarget	1	22440
87.7812099971518	1.0	NonTarget	1	22472
87.90620994018798	1.0	NonTarget	1	22504
88.03120988322415	1.0	NonTarget	1	22536
88.15620982626032	1.0	NonTarget	1	22568
88.2812097692965	1.0	NonTarget	1	22600
88.40620971233265	1.0	NonTarget	1	22632
94.5312069211051	1.0	NonTarget	1	24200
94.65620686414127	1.0	NonTarget	1	24232
94.78120680717744	1.0	NonTarget	1	24264
94.9062067502136	1.0	NonTarget	1	24296
95.03120669324977	1.0	NonTarget	1	24328
95.15620663628594	1.0	NonTarget	1	24360
95.28120657932212	1.0	NonTarget	1	24392
95.40620652235829	1.0	NonTarget	1	24424
95.53120646539446	1.0	NonTarget	1	24456
95.65620640843063	1.0	NonTarget	1	24488
95.7812063514668	1.0	NonTarget	1	24520
95.90620629450298	1.0	NonTarget	1	24552
96.03120623753915	1.0	NonTarget	1	24584
96.15620618057532	1.0	NonTarget	1	24616
96.2812061236115	1.0	NonTarget	1	24648
96.40620606664767	1.0	NonTarget	1	24680
96.53120600968384	1.0	NonTarget	1	24712
96.65620595272001	1.0	NonTarget	1	24744
96.78120589575619	1.0	NonTarget	1	24776
96.90620583879236	1.0	NonTarget	1	24808
97.03120578182853	1.0	NonTarget	1	24840
97.1562057248647	1.0	NonTarget	1	24872
97.28120566790088	1.0	NonTarget	1	24904
97.40620561093705	1.0	NonTarget	1	24936
97.53120555397322	1.0	NonTarget	1	24968
97.6562054970094	1.0	NonTarget	1	25000
97.78120544004557	1.0	NonTarget	1	25032
97.90620538308174	1.0	NonTarget	1	25064
98.03120532611791	1.0	NonTarget	1	25096
98.15620526915407	1.0	NonTarget	1	25128
98.28120521219024	1.0	NonTarget	1	25160
98.40620515522642	1.0	NonTarget	1	25192
98.53120509826259	1.0	NonTarget	1	25224
98.65620504129876	1.0	NonTarget	1	25256
98.78120498433493	1.0	NonTarget	1	25288
98.9062049273711	1.0	NonTarget	1	25320
99.03120487040728	1.0	NonTarget	1	25352
99.15620481344345	1.0	NonTarget	1	25384
99.28120475647962	1.0	NonTarget	1	25416
99.4062046995158	1.0	NonTarget	1	25448
99.53120464255197	1.0	NonTarget	1	25480
99.65620458558814	1.0	NonTarget	1	25512
99.78120452862431	1.0	NonTarget	1	25544
99.90620447166049	1.0	NonTarget	1	25576
100.03120441469666	1.0	NonTarget	1	25608
100.15620435773283	1.0	NonTarget	1	25640
100.281204300769	1.0	NonTarget	1	25672
100.40620424380518	1.0	NonTarget	1	25704
100.53120418684135	1.0	NonTarget	1	25736
100.65620412987752	1.0	NonTarget	1	25768
100.7812040729137	1.0	NonTarget	1	25800
100.90620401594987	1.0	NonTarget	1	25832
101.03120395898604	1.0	NonTarget	1	25864
101.15620390202221	1.0	NonTarget	1	25896
101.28120384505839	1.0	NonTarget	1	25928
101.40620378809454	1.0	NonTarget	1	25960
101.53120373113072	1.0	NonTarget	1	25992
101.65620367416689	1.0	NonTarget	1	26024
101.78120361720306	1.0	NonTarget	1	26056
101.90620356023923	1.0	NonTarget	1	26088
102.0312035032754	1.0	NonTarget	1	26120
102.15620344631158	1.0	NonTarget	1	26152
102.28120338934775	1.0	NonTarget	1	26184
102.40620333238392	1.0	NonTarget	1	26216
102.5312032754201	1.0	NonTarget	1	26248
102.65620321845627	1.0	NonTarget	1	26280
102.78120316149244	1.0	NonTarget	1	26312
102.90620310452861	1.0	NonTarget	1	26344
103.03120304756479	1.0	NonTarget	1	26376
103.15620299060096	1.0	NonTarget	1	26408
103.28120293363713	1.0	NonTarget	1	26440
103.4062028766733	1.0	NonTarget	1	26472
103.53120281970948	1.0	NonTarget	1	26504
103.65620276274565	1.0	NonTarget	1	26536
103.78120270578182	1.0	NonTarget	1	26568
103.906202648818	1.0	NonTarget	1	26600
104.03120259185417	1.0	NonTarget	1	26632
104.15620253489034	1.0	NonTarget	1	26664
104.28120247792651	1.0	NonTarget	1	26696
104.40620242096269	1.0	NonTarget	1	26728
104.53120236399886	1.0	NonTarget	1	26760
104.65620230703502	1.0	NonTarget	1	26792
104.78120225007119	1.0	NonTarget	1	26824
104.90620219310736	1.0	NonTarget	1	26856
105.03120213614353	1.0	NonTarget	1	26888
105.1562020791797	1.0	NonTarget	1	26920
105.28120202221588	1.0	NonTarget	1	26952
105.40620196525205	1.0	NonTarget	1	26984
105.53120190828822	1.0	NonTarget	1	27016
105.6562018513244	1.0	NonTarget	1	27048
105.78120179436057	1.0	NonTarget	1	27080
105.90620173739674	1.0	NonTarget	1	27112
106.03120168043291	1.0	NonTarget	1	27144
106.15620162346909	1.0	NonTarget	1	27176
106.28120156650526	1.0	NonTarget	1	27208
106.40620150954143	1.0	NonTarget	1	27240
112.53119871831386	1.0	NonTarget	1	28808
112.65619866135003	1.0	NonTarget	1	28840
112.7811986043862	1.0	NonTarget	1	28872
112.90619854742238	1.0	NonTarget	1	28904
113.03119849045855	1.0	NonTarget	1	28936
113.15619843349472	1.0	NonTarget	1	28968
113.2811983765309	1.0	NonTarget	1	29000
113.40619831956707	1.0	NonTarget	1	29032
113.53119826260324	1.0	NonTarget	1	29064
113.65619820563941	1.0	NonTarget	1	29096
113.78119814867559	1.0	NonTarget	1	29128
113.90619809171176	1.0	NonTarget	1	29160
114.03119803474793	1.0	NonTarget	1	29192
114.1561979777841	1.0	NonTarget	1	29224
114.28119792082028	1.0	NonTarget	1	29256
114.40619786385643	1.0	NonTarget	1	29288
114.5311978068926	1.0	NonTarget	1	29320
114.65619774992878	1.0	NonTarget	1	29352
114.78119769296495	1.0	NonTarget	1	29384
114.90619763600112	1.0	NonTarget	1	29416
115.0311975790373	1.0	NonTarget	1	29448
115.15619752207347	1.0	NonTarget	1	29480
115.28119746510964	1.0	NonTarget	1	29512
115.40619740814581	1.0	NonTarget	1	29544
115.53119735118199	1.0	NonTarget	1	29576
115.65619729421816	1.0	NonTarget	1	29608
115.78119723725433	1.0	NonTarget	1	29640
115.9061971802905	1.0	NonTarget	1	29672
116.03119712332668	1.0	NonTarget	1	29704
116.15619706636285	1.0	NonTarget	1	29736
116.28119700939902	1.0	NonTarget	1	29768
116.4061969524352	1.0	NonTarget	1	29800
116.53119689547137	1.0	NonTarget	1	29832
116.65619683850754	1.0	NonTarget	1	29864
116.78119678154371	1.0	NonTarget	1	29896
116.90619672457989	1.0	NonTarget	1	29928
117.03119666761606	1.0	NonTarget	1	29960
117.15619661065223	1.0	NonTarget	1	29992
117.2811965536884	1.0	NonTarget	1	30024
117.40619649672458	1.0	NonTarget	1	30056
117.53119643976075	1.0	NonTarget	1	30088
117.6561963827969	1.0	NonTarget	1	30120
117.78119632583308	1.0	NonTarget	1	30152
117.90619626886925	1.0	NonTarget	1	30184
118.03119621190542	1.0	NonTarget	1	30216
118.1561961549416	1.0	NonTarget	1	30248
118.28119609797777	1.0	NonTarget	1	30280
118.40619604101394	1.0	NonTarget	1	30312
118.53119598405011	1.0	NonTarget	1	30344
118.65619592708629	1.0	NonTarget	1	30376
118.78119587012246	1.0	NonTarget	1	30408
118.90619581315863	1.0	NonTarget	1	30440
119.0311957561948	1.0	NonTarget	1	30472
119.15619569923098	1.0	NonTarget	1	30504
119.28119564226715	1.0	NonTarget	1	30536
119.40619558530332	1.0	NonTarget	1	30568
119.5311955283395	1.0	NonTarget	1	30600
119.65619547137567	1.0	NonTarget	1	30632
119.78119541441184	1.0	NonTarget	1	30664
119.90619535744801	1.0	NonTarget	1	30696
120.03119530048419	1.0	NonTarget	1	30728
120.15619524352036	1.0	NonTarget	1	30760
120.28119518655653	1.0	NonTarget	1	30792
120.4061951295927	1.0	NonTarget	1	30824
120.53119507262888	1.0	NonTarget	1	30856
120.65619501566505	1.0	NonTarget	1	30888
120.78119495870122	1.0	NonTarget	1	30920
120.90619490173738	1.0	NonTarget	1	30952
121.03119484477355	1.0	NonTarget	1	30984
121.15619478780972	1.0	NonTarget	1	31016
121.2811947308459	1.0	NonTarget	1	31048
121.40619467388207	1.0	NonTarget	1	31080
121.53119461691824	1.0	NonTarget	1	31112
121.65619455995441	1.0	NonTarget	1	31144
121.78119450299059	1.0	NonTarget	1	31176
121.90619444602676	1.0	NonTarget	1	31208
122.03119438906293	1.0	NonTarget	1	31240
122.1561943320991	1.0	NonTarget	1	31272
122.28119427513528	1.0	NonTarget	1	31304
122.40619421817145	1.0	NonTarget	1	31336
122.53119416120762	1.0	NonTarget	1	31368
122.6561941042438	1.0	NonTarget	1	31400
122.78119404727997	1.0	NonTarget	1	31432
122.90619399031614	1.0	NonTarget	1	31464
123.03119393335231	1.0	NonTarget	1	31496
123.15619387638849	1.0	NonTarget	1	31528
123.28119381942466	1.0	NonTarget	1	31560
123.40619376246083	1.0	NonTarget	1	31592
123.531193705497	1.0	NonTarget	1	31624
123.65619364853318	1.0	NonTarget	1	31656
123.78119359156935	1.0	NonTarget	1	31688
123.90619353460552	1.0	NonTarget	1	31720
124.0311934776417	1.0	NonTarget	1	31752
124.15619342067785	1.0	NonTarget	1	31784
124.28119336371402	1.0	NonTarget	1	31816
124.4061933067502	1.0	NonTarget	1	31848
130.53119051552264	1.0	NonTarget	1	33416
130.6561904585588	1.0	NonTarget	1	33448
130.78119040159498	1.0	NonTarget	1	33480
130.90619034463114	1.0	NonTarget	1	33512
131.03119028766733	1.0	NonTarget	1	33544
131.1561902307035	1.0	NonTarget	1	33576
131.28119017373967	1.0	NonTarget	1	33608
131.40619011677583	1.0	NonTarget	1	33640
131.53119005981202	1.0	NonTarget	1	33672
131.65619000284818	1.0	NonTarget	1	33704
131.78118994588436	1.0	NonTarget	1	33736
131.90618988892052	1.0	NonTarget	1	33768
132.0311898319567	1.0	NonTarget	1	33800
132.15618977499287	1.0	NonTarget	1	33832
132.28118971802903	1.0	NonTarget	1	33864
132.4061896610652	1.0	NonTarget	1	33896
132.53118960410137	1.0	NonTarget	1	33928
132.65618954713756	1.0	NonTarget	1	33960
132.78118949017372	1.0	NonTarget	1	33992
132.9061894332099	1.0	NonTarget	1	34024
133.03118937624606	1.0	NonTarget	1	34056
133.15618931928225	1.0	NonTarget	1	34088
133.2811892623184	1.0	NonTarget	1	34120
133.4061892053546	1.0	NonTarget	1	34152
133.53118914839075	1.0	NonTarget	1	34184
133.65618909142694	1.0	NonTarget	1	34216
133.7811890344631	1.0	NonTarget	1	34248
133.90618897749928	1.0	NonTarget	1	34280
134.03118892053544	1.0	NonTarget	1	34312
134.15618886357163	1.0	NonTarget	1	34344
134.2811888066078	1.0	NonTarget	1	34376
134.40618874964397	1.0	NonTarget	1	34408
134.53118869268013	1.0	NonTarget	1	34440
134.65618863571632	1.0	NonTarget	1	34472
134.78118857875248	1.0	NonTarget	1	34504
134.90618852178866	1.0	NonTarget	1	34536
135.03118846482482	1.0	NonTarget	1	34568
135.156188407861	1.0	NonTarget	1	34600
135.28118835089717	1.0	NonTarget	1	34632
135.40618829393335	1.0	NonTarget	1	34664
135.5311882369695	1.0	NonTarget	1	34696
135.65618818000567	1.0	NonTarget	1	34728
135.78118812304186	1.0	NonTarget	1	34760
135.90618806607802	1.0	NonTarget	1	34792
136.0311880091142	1.0	NonTarget	1	34824
136.15618795215036	1.0	NonTarget	1	34856
136.28118789518655	1.0	NonTarget	1	34888
136.4061878382227	1.0	NonTarget	1	34920
136.5311877812589	1.0	NonTarget	1	34952
136.65618772429505	1.0	NonTarget	1	34984
136.78118766733124	1.0	NonTarget	1	35016
136.9061876103674	1.0	NonTarget	1	35048
137.03118755340358	1.0	NonTarget	1	35080
137.15618749643974	1.0	NonTarget	1	35112
137.28118743947593	1.0	NonTarget	1	35144
137.4061873825121	1.0	NonTarget	1	35176
137.53118732554827	1.0	NonTarget	1	35208
137.65618726858443	1.0	NonTarget	1	35240
137.78118721162062	1.0	NonTarget	1	35272
137.90618715465678	1.0	NonTarget	1	35304
138.03118709769296	1.0	NonTarget	1	35336
138.15618704072912	1.0	NonTarget	1	35368
138.2811869837653	1.0	NonTarget	1	35400
138.40618692680147	1.0	NonTarget	1	35432
138.53118686983765	1.0	NonTarget	1	35464
138.6561868128738	1.0	NonTarget	1	35496
138.78118675590997	1.0	NonTarget	1	35528
138.90618669894616	1.0	NonTarget	1	35560
139.03118664198232	1.0	NonTarget	1	35592
139.1561865850185	1.0	NonTarget	1	35624
139.28118652805466	1.0	NonTarget	1	35656
139.40618647109085	1.0	NonTarget	1	35688
139.531186414127	1.0	NonTarget	1	35720
139.6561863571632	1.0	NonTarget	1	35752
139.78118630019935	1.0	NonTarget	1	35784
139.90618624323554	1.0	NonTarget	1	35816
140.0311861862717	1.0	NonTarget	1	35848
140.15618612930788	1.0	NonTarget	1	35880
140.28118607234404	1.0	NonTarget	1	35912
140.40618601538023	1.0	NonTarget	1	35944
140.5311859584164	1.0	NonTarget	1	35976
140.65618590145257	1.0	NonTarget	1	36008
140.78118584448873	1.0	NonTarget	1	36040
140.90618578752492	1.0	NonTarget	1	36072
141.03118573056108	1.0	NonTarget	1	36104
141.15618567359726	1.0	NonTarget	1	36136
141.28118561663342	1.0	NonTarget	1	36168
141.4061855596696	1.0	NonTarget	1	36200
141.53118550270577	1.0	NonTarget	1	36232
141.65618544574195	1.0	NonTarget	1	36264
141.7811853887781	1.0	NonTarget	1	36296
141.9061853318143	1.0	NonTarget	1	36328
142.03118527485046	1.0	NonTarget	1	36360
142.15618521788662	1.0	NonTarget	1	36392
142.2811851609228	1.0	NonTarget	1	36424
142.40618510395896	1.0	NonTarget	1	36456
148.5311823127314	1.0	NonTarget	1	38024
148.65618225576756	1.0	NonTarget	1	38056
148.78118219880375	1.0	NonTarget	1	38088
148.9061821418399	1.0	NonTarget	1	38120
149.0311820848761	1.0	NonTarget	1	38152
149.15618202791225	1.0	NonTarget	1	38184
149.28118197094844	1.0	NonTarget	1	38216
149.4061819139846	1.0	NonTarget	1	38248
149.53118185702078	1.0	NonTarget	1	38280
149.65618180005694	1.0	NonTarget	1	38312
149.78118174309313	1.0	NonTarget	1	38344
149.9061816861293	1.0	NonTarget	1	38376
150.03118162916547	1.0	NonTarget	1	38408
150.15618157220163	1.0	NonTarget	1	38440
150.28118151523782	1.0	NonTarget	1	38472
150.40618145827398	1.0	NonTarget	1	38504
150.53118140131016	1.0	NonTarget	1	38536
150.65618134434632	1.0	NonTarget	1	38568
150.7811812873825	1.0	NonTarget	1	38600
150.90618123041867	1.0	NonTarget	1	38632
151.03118117345485	1.0	NonTarget	1	38664
151.156181116491	1.0	NonTarget	1	38696
151.2811810595272	1.0	NonTarget	1	38728
151.40618100256336	1.0	NonTarget	1	38760
151.53118094559954	1.0	NonTarget	1	38792
151.6561808886357	1.0	NonTarget	1	38824
151.78118083167186	1.0	NonTarget	1	38856
151.90618077470805	1.0	NonTarget	1	38888
152.0311807177442	1.0	NonTarget	1	38920
152.1561806607804	1.0	NonTarget	1	38952
152.28118060381655	1.0	NonTarget	1	38984
152.40618054685274	1.0	NonTarget	1	39016
152.5311804898889	1.0	NonTarget	1	39048
152.65618043292508	1.0	NonTarget	1	39080
152.78118037596124	1.0	NonTarget	1	39112
152.90618031899743	1.0	NonTarget	1	39144
153.0311802620336	1.0	NonTarget	1	39176
153.15618020506977	1.0	NonTarget	1	39208
153.28118014810593	1.0	NonTarget	1	39240
153.40618009114212	1.0	NonTarget	1	39272
153.53118003417828	1.0	NonTarget	1	39304
153.65617997721446	1.0	NonTarget	1	39336
153.78117992025062	1.0	NonTarget	1	39368
153.9061798632868	1.0	NonTarget	1	39400
154.03117980632297	1.0	NonTarget	1	39432
154.15617974935915	1.0	NonTarget	1	39464
154.2811796923953	1.0	NonTarget	1	39496
154.4061796354315	1.0	NonTarget	1	39528
154.53117957846766	1.0	NonTarget	1	39560
154.65617952150384	1.0	NonTarget	1	39592
154.78117946454	1.0	NonTarget	1	39624
154.9061794075762	1.0	NonTarget	1	39656
155.03117935061235	1.0	NonTarget	1	39688
155.1561792936485	1.0	NonTarget	1	39720
155.2811792366847	1.0	NonTarget	1	39752
155.40617917972085	1.0	NonTarget	1	39784
155.53117912275704	1.0	NonTarget	1	39816
155.6561790657932	1.0	NonTarget	1	39848
155.78117900882938	1.0	NonTarget	1	39880
155.90617895186554	1.0	NonTarget	1	39912
156.03117889490173	1.0	NonTarget	1	39944
156.1561788379379	1.0	NonTarget	1	39976
156.28117878097407	1.0	NonTarget	1	40008
156.40617872401023	1.0	NonTarget	1	40040
156.53117866704642	1.0	NonTarget	1	40072
156.65617861008258	1.0	NonTarget	1	40104
156.78117855311876	1.0	NonTarget	1	40136
156.90617849615492	1.0	NonTarget	1	40168
157.0311784391911	1.0	NonTarget	1	40200
157.15617838222727	1.0	NonTarget	1	40232
157.28117832526345	1.0	NonTarget	1	40264
157.4061782682996	1.0	NonTarget	1	40296
157.5311782113358	1.0	NonTarget	1	40328
157.65617815437196	1.0	NonTarget	1	40360
157.78117809740814	1.0	NonTarget	1	40392
157.9061780404443	1.0	NonTarget	1	40424
158.0311779834805	1.0	NonTarget	1	40456
158.15617792651665	1.0	NonTarget	1	40488
158.2811778695528	1.0	NonTarget	1	40520
158.406177812589	1.0	NonTarget	1	40552
158.53117775562515	1.0	NonTarget	1	40584
158.65617769866134	1.0	NonTarget	1	40616
158.7811776416975	1.0	NonTarget	1	40648
158.90617758473368	1.0	NonTarget	1	40680
159.03117752776984	1.0	NonTarget	1	40712
159.15617747080603	1.0	NonTarget	1	40744
159.2811774138422	1.0	NonTarget	1	40776
159.40617735687837	1.0	NonTarget	1	40808
159.53117729991453	1.0	NonTarget	1	40840
159.65617724295072	1.0	NonTarget	1	40872
159.78117718598688	1.0	NonTarget	1	40904
159.90617712902306	1.0	NonTarget	1	40936
160.03117707205922	1.0	NonTarget	1	40968
160.1561770150954	1.0	NonTarget	1	41000
160.28117695813157	1.0	NonTarget	1	41032
160.40617690116775	1.0	NonTarget	1	41064
166.53117410994017	1.0	NonTarget	1	42632
166.65617405297635	1.0	NonTarget	1	42664
166.7811739960125	1.0	NonTarget	1	42696
166.9061739390487	1.0	NonTarget	1	42728
167.03117388208486	1.0	NonTarget	1	42760
167.15617382512104	1.0	NonTarget	1	42792
167.2811737681572	1.0	NonTarget	1	42824
167.4061737111934	1.0	NonTarget	1	42856
167.53117365422955	1.0	NonTarget	1	42888
167.65617359726573	1.0	NonTarget	1	42920
167.7811735403019	1.0	NonTarget	1	42952
167.90617348333805	1.0	NonTarget	1	42984
168.03117342637424	1.0	NonTarget	1	43016
168.1561733694104	1.0	NonTarget	1	43048
168.28117331244658	1.0	NonTarget	1	43080
168.40617325548274	1.0	NonTarget	1	43112
168.53117319851893	1.0	NonTarget	1	43144
168.6561731415551	1.0	NonTarget	1	43176
168.78117308459127	1.0	NonTarget	1	43208
168.90617302762743	1.0	NonTarget	1	43240
169.03117297066362	1.0	NonTarget	1	43272
169.15617291369978	1.0	NonTarget	1	43304
169.28117285673596	1.0	NonTarget	1	43336
169.40617279977212	1.0	NonTarget	1	43368
169.5311727428083	1.0	NonTarget	1	43400
169.65617268584447	1.0	NonTarget	1	43432
169.78117262888065	1.0	NonTarget	1	43464
169.9061725719168	1.0	NonTarget	1	43496
170.031172514953	1.0	NonTarget	1	43528
170.15617245798916	1.0	NonTarget	1	43560
170.28117240102534	1.0	NonTarget	1	43592
170.4061723440615	1.0	NonTarget	1	43624
170.5311722870977	1.0	NonTarget	1	43656
170.65617223013385	1.0	NonTarget	1	43688
170.78117217317003	1.0	NonTarget	1	43720
170.9061721162062	1.0	NonTarget	1	43752
171.03117205924238	1.0	NonTarget	1	43784
171.15617200227854	1.0	NonTarget	1	43816
171.2811719453147	1.0	NonTarget	1	43848
171.40617188835088	1.0	NonTarget	1	43880
171.53117183138704	1.0	NonTarget	1	43912
171.65617177442323	1.0	NonTarget	1	43944
171.7811717174594	1.0	NonTarget	1	43976
171.90617166049557	1.0	NonTarget	1	44008
172.03117160353173	1.0	NonTarget	1	44040
172.15617154656792	1.0	NonTarget	1	44072
172.28117148960408	1.0	NonTarget	1	44104
172.40617143264026	1.0	NonTarget	1	44136
172.53117137567642	1.0	NonTarget	1	44168
172.6561713187126	1.0	NonTarget	1	44200
172.78117126174877	1.0	NonTarget	1	44232
172.90617120478495	1.0	NonTarget	1	44264
173.0311711478211	1.0	NonTarget	1	44296
173.1561710908573	1.0	NonTarget	1	44328
173.28117103389346	1.0	NonTarget	1	44360
173.40617097692964	1.0	NonTarget	1	44392
173.5311709199658	1.0	NonTarget	1	44424
173.656170863002	1.0	NonTarget	1	44456
173.78117080603815	1.0	NonTarget	1	44488
173.90617074907433	1.0	NonTarget	1	44520
174.0311706921105	1.0	NonTarget	1	44552
174.15617063514668	1.0	NonTarget	1	44584
174.28117057818284	1.0	NonTarget	1	44616
174.406170521219	1.0	NonTarget	1	44648
174.53117046425518	1.0	NonTarget	1	44680
174.65617040729134	1.0	NonTarget	1	44712
174.78117035032753	1.0	NonTarget	1	44744
174.9061702933637	1.0	NonTarget	1	44776
175.03117023639987	1.0	NonTarget	1	44808
175.15617017943603	1.0	NonTarget	1	44840
175.28117012247222	1.0	NonTarget	1	44872
175.40617006550838	1.0	NonTarget	1	44904
175.53117000854456	1.0	NonTarget	1	44936
175.65616995158072	1.0	NonTarget	1	44968
175.7811698946169	1.0	NonTarget	1	45000
175.90616983765307	1.0	NonTarget	1	45032
176.03116978068925	1.0	NonTarget	1	45064
176.1561697237254	1.0	NonTarget	1	45096
176.2811696667616	1.0	NonTarget	1	45128
176.40616960979776	1.0	NonTarget	1	45160
176.53116955283394	1.0	NonTarget	1	45192
176.6561694958701	1.0	NonTarget	1	45224
176.7811694389063	1.0	NonTarget	1	45256
176.90616938194245	1.0	NonTarget	1	45288
177.03116932497863	1.0	NonTarget	1	45320
177.1561692680148	1.0	NonTarget	1	45352
177.28116921105098	1.0	NonTarget	1	45384
177.40616915408714	1.0	NonTarget	1	45416
177.53116909712332	1.0	NonTarget	1	45448
177.65616904015948	1.0	NonTarget	1	45480
177.78116898319564	1.0	NonTarget	1	45512
177.90616892623183	1.0	NonTarget	1	45544
178.031168869268	1.0	NonTarget	1	45576
178.15616881230417	1.0	NonTarget	1	45608
178.28116875534033	1.0	NonTarget	1	45640
178.40616869837652	1.0	NonTarget	1	45672
184.53116590714893	1.0	NonTarget	1	47240
184.65616585018512	1.0	NonTarget	1	47272
184.78116579322128	1.0	NonTarget	1	47304
184.90616573625746	1.0	NonTarget	1	47336
185.03116567929362	1.0	NonTarget	1	47368
185.1561656223298	1.0	NonTarget	1	47400
185.28116556536597	1.0	NonTarget	1	47432
185.40616550840215	1.0	NonTarget	1	47464
185.5311654514383	1.0	NonTarget	1	47496
185.6561653944745	1.0	NonTarget	1	47528
185.78116533751066	1.0	NonTarget	1	47560
185.90616528054684	1.0	NonTarget	1	47592
186.031165223583	1.0	NonTarget	1	47624
186.1561651666192	1.0	NonTarget	1	47656
186.28116510965535	1.0	NonTarget	1	47688
186.40616505269153	1.0	NonTarget	1	47720
186.5311649957277	1.0	NonTarget	1	47752
186.65616493876388	1.0	NonTarget	1	47784
186.78116488180004	1.0	NonTarget	1	47816
186.90616482483622	1.0	NonTarget	1	47848
187.03116476787238	1.0	NonTarget	1	47880
187.15616471090857	1.0	NonTarget	1	47912
187.28116465394473	1.0	NonTarget	1	47944
187.4061645969809	1.0	NonTarget	1	47976
187.53116454001707	1.0	NonTarget	1	48008
187.65616448305323	1.0	NonTarget	1	48040
187.78116442608942	1.0	NonTarget	1	48072
187.90616436912558	1.0	NonTarget	1	48104
188.03116431216176	1.0	NonTarget	1	48136
188.15616425519792	1.0	NonTarget	1	48168
188.2811641982341	1.0	NonTarget	1	48200
188.40616414127027	1.0	NonTarget	1	48232
188.53116408430645	1.0	NonTarget	1	48264
188.6561640273426	1.0	NonTarget	1	48296
188.7811639703788	1.0	NonTarget	1	48328
188.90616391341496	1.0	NonTarget	1	48360
189.03116385645114	1.0	NonTarget	1	48392
189.1561637994873	1.0	NonTarget	1	48424
189.2811637425235	1.0	NonTarget	1	48456
189.40616368555965	1.0	NonTarget	1	48488
189.53116362859583	1.0	NonTarget	1	48520
189.656163571632	1.0	NonTarget	1	48552
189.78116351466818	1.0	NonTarget	1	48584
189.90616345770434	1.0	NonTarget	1	48616
190.03116340074052	1.0	NonTarget	1	48648
190.15616334377668	1.0	NonTarget	1	48680
190.28116328681287	1.0	NonTarget	1	48712
190.40616322984903	1.0	NonTarget	1	48744
190.53116317288521	1.0	NonTarget	1	48776
190.65616311592137	1.0	NonTarget	1	48808
190.78116305895753	1.0	NonTarget	1	48840
190.90616300199372	1.0	NonTarget	1	48872
191.03116294502988	1.0	NonTarget	1	48904
191.15616288806606	1.0	NonTarget	1	48936
191.28116283110222	1.0	NonTarget	1	48968
191.4061627741384	1.0	NonTarget	1	49000
191.53116271717457	1.0	NonTarget	1	49032
191.65616266021075	1.0	NonTarget	1	49064
191.7811626032469	1.0	NonTarget	1	49096
191.9061625462831	1.0	NonTarget	1	49128
192.03116248931926	1.0	NonTarget	1	49160
192.15616243235544	1.0	NonTarget	1	49192
192.2811623753916	1.0	NonTarget	1	49224
192.4061623184278	1.0	NonTarget	1	49256
192.53116226146395	1.0	NonTarget	1	49288
192.65616220450013	1.0	NonTarget	1	49320
192.7811621475363	1.0	NonTarget	1	49352
192.90616209057248	1.0	NonTarget	1	49384
193.03116203360864	1.0	NonTarget	1	49416
193.15616197664482	1.0	NonTarget	1	49448
193.28116191968098	1.0	NonTarget	1	49480
193.40616186271717	1.0	NonTarget	1	49512
193.53116180575333	1.0	NonTarget	1	49544
193.65616174878951	1.0	NonTarget	1	49576
193.78116169182567	1.0	NonTarget	1	49608
193.90616163486183	1.0	NonTarget	1	49640
194.03116157789802	1.0	NonTarget	1	49672
194.15616152093418	1.0	NonTarget	1	49704
194.28116146397036	1.0	NonTarget	1	49736
194.40616140700652	1.0	NonTarget	1	49768
194.5311613500427	1.0	NonTarget	1	49800
194.65616129307887	1.0	NonTarget	1	49832
194.78116123611505	1.0	NonTarget	1	49864
194.9061611791512	1.0	NonTarget	1	49896
195.0311611221874	1.0	NonTarget	1	49928
195.15616106522356	1.0	NonTarget	1	49960
195.28116100825974	1.0	NonTarget	1	49992
195.4061609512959	1.0	NonTarget	1	50024
195.5311608943321	1.0	NonTarget	1	50056
195.65616083736825	1.0	NonTarget	1	50088
195.78116078040443	1.0	NonTarget	1	50120
195.9061607234406	1.0	NonTarget	1	50152
196.03116066647678	1.0	NonTarget	1	50184
196.15616060951294	1.0	NonTarget	1	50216
196.28116055254912	1.0	NonTarget	1	50248
196.40616049558528	1.0	NonTarget	1	50280
202.53115770435772	1.0	NonTarget	1	51848
202.65615764739388	1.0	NonTarget	1	51880
202.78115759043007	1.0	NonTarget	1	51912
202.90615753346623	1.0	NonTarget	1	51944
203.03115747650241	1.0	NonTarget	1	51976
203.15615741953857	1.0	NonTarget	1	52008
203.28115736257476	1.0	NonTarget	1	52040
203.40615730561092	1.0	NonTarget	1	52072
203.5311572486471	1.0	NonTarget	1	52104
203.65615719168326	1.0	NonTarget	1	52136
203.78115713471942	1.0	NonTarget	1	52168
203.9061570777556	1.0	NonTarget	1	52200
204.03115702079177	1.0	NonTarget	1	52232
204.15615696382795	1.0	NonTarget	1	52264
204.2811569068641	1.0	NonTarget	1	52296
204.4061568499003	1.0	NonTarget	1	52328
204.53115679293646	1.0	NonTarget	1	52360
204.65615673597264	1.0	NonTarget	1	52392
204.7811566790088	1.0	NonTarget	1	52424
204.906156622045	1.0	NonTarget	1	52456
205.03115656508115	1.0	NonTarget	1	52488
205.15615650811733	1.0	NonTarget	1	52520
205.2811564511535	1.0	NonTarget	1	52552
205.40615639418968	1.0	NonTarget	1	52584
205.53115633722584	1.0	NonTarget	1	52616
205.65615628026202	1.0	NonTarget	1	52648
205.78115622329818	1.0	NonTarget	1	52680
205.90615616633437	1.0	NonTarget	1	52712
206.03115610937053	1.0	NonTarget	1	52744
206.15615605240671	1.0	NonTarget	1	52776
206.28115599544287	1.0	NonTarget	1	52808
206.40615593847906	1.0	NonTarget	1	52840
206.53115588151522	1.0	NonTarget	1	52872
206.6561558245514	1.0	NonTarget	1	52904
206.78115576758756	1.0	NonTarget	1	52936
206.90615571062372	1.0	NonTarget	1	52968
207.0311556536599	1.0	NonTarget	1	53000
207.15615559669607	1.0	NonTarget	1	53032
207.28115553973225	1.0	NonTarget	1	53064
207.4061554827684	1.0	NonTarget	1	53096
207.5311554258046	1.0	NonTarget	1	53128
207.65615536884076	1.0	NonTarget	1	53160
207.78115531187694	1.0	NonTarget	1	53192
207.9061552549131	1.0	NonTarget	1	53224
208.0311551979493	1.0	NonTarget	1	53256
208.15615514098545	1.0	NonTarget	1	53288
208.28115508402163	1.0	NonTarget	1	53320
208.4061550270578	1.0	NonTarget	1	53352
208.53115497009398	1.0	NonTarget	1	53384
208.65615491313014	1.0	NonTarget	1	53416
208.78115485616632	1.0	NonTarget	1	53448
208.90615479920248	1.0	NonTarget	1	53480
209.03115474223867	1.0	NonTarget	1	53512
209.15615468527483	1.0	NonTarget	1	53544
209.28115462831101	1.0	NonTarget	1	53576
209.40615457134717	1.0	NonTarget	1	53608
209.53115451438336	1.0	NonTarget	1	53640
209.65615445741952	1.0	NonTarget	1	53672
209.7811544004557	1.0	NonTarget	1	53704
209.90615434349186	1.0	NonTarget	1	53736
210.03115428652805	1.0	NonTarget	1	53768
210.1561542295642	1.0	NonTarget	1	53800
210.28115417260037	1.0	NonTarget	1	53832
210.40615411563655	1.0	NonTarget	1	53864
210.5311540586727	1.0	NonTarget	1	53896
210.6561540017089	1.0	NonTarget	1	53928
210.78115394474506	1.0	NonTarget	1	53960
210.90615388778124	1.0	NonTarget	1	53992
211.0311538308174	1.0	NonTarget	1	54024
211.1561537738536	1.0	NonTarget	1	54056
211.28115371688975	1.0	NonTarget	1	54088
211.40615365992593	1.0	NonTarget	1	54120
211.5311536029621	1.0	NonTarget	1	54152
211.65615354599828	1.0	NonTarget	1	54184
211.78115348903444	1.0	NonTarget	1	54216
211.90615343207062	1.0	NonTarget	1	54248
212.03115337510678	1.0	NonTarget	1	54280
212.15615331814297	1.0	NonTarget	1	54312
212.28115326117913	1.0	NonTarget	1	54344
212.40615320421531	1.0	NonTarget	1	54376
212.53115314725147	1.0	NonTarget	1	54408
212.65615309028766	1.0	NonTarget	1	54440
212.78115303332382	1.0	NonTarget	1	54472
212.90615297636	1.0	NonTarget	1	54504
213.03115291939616	1.0	NonTarget	1	54536
213.15615286243235	1.0	NonTarget	1	54568
213.2811528054685	1.0	NonTarget	1	54600
213.40615274850467	1.0	NonTarget	1	54632
213.53115269154085	1.0	NonTarget	1	54664
213.656152634577	1.0	NonTarget	1	54696
213.7811525776132	1.0	NonTarget	1	54728
213.90615252064936	1.0	NonTarget	1	54760
214.03115246368554	1.0	NonTarget	1	54792
214.1561524067217	1.0	NonTarget	1	54824
214.2811523497579	1.0	NonTarget	1	54856
214.40615229279405	1.0	NonTarget	1	54888
220.5311495015665	1.0	NonTarget	1	56456
220.65614944460265	1.0	NonTarget	1	56488
220.78114938763883	1.0	NonTarget	1	56520
220.906149330675	1.0	NonTarget	1	56552
221.03114927371118	1.0	NonTarget	1	56584
221.15614921674734	1.0	NonTarget	1	56616
221.28114915978352	1.0	NonTarget	1	56648
221.40614910281968	1.0	NonTarget	1	56680
221.53114904585587	1.0	NonTarget	1	56712
221.65614898889203	1.0	NonTarget	1	56744
221.78114893192821	1.0	NonTarget	1	56776
221.90614887496437	1.0	NonTarget	1	56808
222.03114881800056	1.0	NonTarget	1	56840
222.15614876103672	1.0	NonTarget	1	56872
222.2811487040729	1.0	NonTarget	1	56904
222.40614864710906	1.0	NonTarget	1	56936
222.53114859014525	1.0	NonTarget	1	56968
222.6561485331814	1.0	NonTarget	1	57000
222.7811484762176	1.0	NonTarget	1	57032
222.90614841925375	1.0	NonTarget	1	57064
223.03114836228994	1.0	NonTarget	1	57096
223.1561483053261	1.0	NonTarget	1	57128
223.28114824836226	1.0	NonTarget	1	57160
223.40614819139844	1.0	NonTarget	1	57192
223.5311481344346	1.0	NonTarget	1	57224
223.6561480774708	1.0	NonTarget	1	57256
223.78114802050695	1.0	NonTarget	1	57288
223.90614796354313	1.0	NonTarget	1	57320
224.0311479065793	1.0	NonTarget	1	57352
224.15614784961548	1.0	NonTarget	1	57384
224.28114779265164	1.0	NonTarget	1	57416
224.40614773568782	1.0	NonTarget	1	57448
224.53114767872398	1.0	NonTarget	1	57480
224.65614762176017	1.0	NonTarget	1	57512
224.78114756479633	1.0	NonTarget	1	57544
224.90614750783251	1.0	NonTarget	1	57576
225.03114745086867	1.0	NonTarget	1	57608
225.15614739390486	1.0	NonTarget	1	57640
225.28114733694102	1.0	NonTarget	1	57672
225.4061472799772	1.0	NonTarget	1	57704
225.53114722301336	1.0	NonTarget	1	57736
225.65614716604955	1.0	NonTarget	1	57768
225.7811471090857	1.0	NonTarget	1	57800
225.9061470521219	1.0	NonTarget	1	57832
226.03114699515805	1.0	NonTarget	1	57864
226.15614693819424	1.0	NonTarget	1	57896
226.2811468812304	1.0	NonTarget	1	57928
226.40614682426656	1.0	NonTarget	1	57960
226.53114676730274	1.0	NonTarget	1	57992
226.6561467103389	1.0	NonTarget	1	58024
226.7811466533751	1.0	NonTarget	1	58056
226.90614659641125	1.0	NonTarget	1	58088
227.03114653944743	1.0	NonTarget	1	58120
227.1561464824836	1.0	NonTarget	1	58152
227.28114642551978	1.0	NonTarget	1	58184
227.40614636855594	1.0	NonTarget	1	58216
227.53114631159212	1.0	NonTarget	1	58248
227.65614625462828	1.0	NonTarget	1	58280
227.78114619766447	1.0	NonTarget	1	58312
227.90614614070063	1.0	NonTarget	1	58344
228.03114608373681	1.0	NonTarget	1	58376
228.15614602677297	1.0	NonTarget	1	58408
228.28114596980916	1.0	NonTarget	1	58440
228.40614591284532	1.0	NonTarget	1	58472
228.5311458558815	1.0	NonTarget	1	58504
228.65614579891766	1.0	NonTarget	1	58536
228.78114574195385	1.0	NonTarget	1	58568
228.90614568499	1.0	NonTarget	1	58600
229.0311456280262	1.0	NonTarget	1	58632
229.15614557106235	1.0	NonTarget	1	58664
229.28114551409854	1.0	NonTarget	1	58696
229.4061454571347	1.0	NonTarget	1	58728
229.53114540017086	1.0	NonTarget	1	58760
229.65614534320704	1.0	NonTarget	1	58792
229.7811452862432	1.0	NonTarget	1	58824
229.9061452292794	1.0	NonTarget	1	58856
230.03114517231555	1.0	NonTarget	1	58888
230.15614511535173	1.0	NonTarget	1	58920
230.2811450583879	1.0	NonTarget	1	58952
230.40614500142408	1.0	NonTarget	1	58984
230.53114494446024	1.0	NonTarget	1	59016
230.65614488749642	1.0	NonTarget	1	59048
230.78114483053258	1.0	NonTarget	1	59080
230.90614477356877	1.0	NonTarget	1	59112
231.03114471660493	1.0	NonTarget	1	59144
231.15614465964111	1.0	NonTarget	1	59176
231.28114460267727	1.0	NonTarget	1	59208
231.40614454571346	1.0	NonTarget	1	59240
231.53114448874962	1.0	NonTarget	1	59272
231.6561444317858	1.0	NonTarget	1	59304
231.78114437482196	1.0	NonTarget	1	59336
231.90614431785815	1.0	NonTarget	1	59368
232.0311442608943	1.0	NonTarget	1	59400
232.1561442039305	1.0	NonTarget	1	59432
232.28114414696665	1.0	NonTarget	1	59464
232.40614409000284	1.0	NonTarget	1	59496
238.53114129877525	1.0	NonTarget	1	61064
238.65614124181144	1.0	NonTarget	1	61096
238.7811411848476	1.0	NonTarget	1	61128
238.90614112788379	1.0	NonTarget	1	61160
239.03114107091994	1.0	NonTarget	1	61192
239.15614101395613	1.0	NonTarget	1	61224
239.2811409569923	1.0	NonTarget	1	61256
239.40614090002845	1.0	NonTarget	1	61288
239.53114084306463	1.0	NonTarget	1	61320
239.6561407861008	1.0	NonTarget	1	61352
239.78114072913698	1.0	NonTarget	1	61384
239.90614067217314	1.0	NonTarget	1	61416
240.03114061520932	1.0	NonTarget	1	61448
240.15614055824548	1.0	NonTarget	1	61480
240.28114050128167	1.0	NonTarget	1	61512
240.40614044431783	1.0	NonTarget	1	61544
240.53114038735401	1.0	NonTarget	1	61576
240.65614033039017	1.0	NonTarget	1	61608
240.78114027342636	1.0	NonTarget	1	61640
240.90614021646252	1.0	NonTarget	1	61672
241.0311401594987	1.0	NonTarget	1	61704
241.15614010253486	1.0	NonTarget	1	61736
241.28114004557105	1.0	NonTarget	1	61768
241.4061399886072	1.0	NonTarget	1	61800
241.5311399316434	1.0	NonTarget	1	61832
241.65613987467955	1.0	NonTarget	1	61864
241.78113981771574	1.0	NonTarget	1	61896
241.9061397607519	1.0	NonTarget	1	61928
242.03113970378809	1.0	NonTarget	1	61960
242.15613964682424	1.0	NonTarget	1	61992
242.28113958986043	1.0	NonTarget	1	62024
242.4061395328966	1.0	NonTarget	1	62056
242.53113947593275	1.0	NonTarget	1	62088
242.65613941896893	1.0	NonTarget	1	62120
242.7811393620051	1.0	NonTarget	1	62152
242.90613930504128	1.0	NonTarget	1	62184
243.03113924807744	1.0	NonTarget	1	62216
243.15613919111362	1.0	NonTarget	1	62248
243.28113913414978	1.0	NonTarget	1	62280
243.40613907718597	1.0	NonTarget	1	62312
243.53113902022213	1.0	NonTarget	1	62344
243.65613896325831	1.0	NonTarget	1	62376
243.78113890629447	1.0	NonTarget	1	62408
243.90613884933066	1.0	NonTarget	1	62440
244.03113879236682	1.0	NonTarget	1	62472
244.156138735403	1.0	NonTarget	1	62504
244.28113867843916	1.0	NonTarget	1	62536
244.40613862147535	1.0	NonTarget	1	62568
244.5311385645115	1.0	NonTarget	1	62600
244.6561385075477	1.0	NonTarget	1	62632
244.78113845058385	1.0	NonTarget	1	62664
244.90613839362004	1.0	NonTarget	1	62696
245.0311383366562	1.0	NonTarget	1	62728
245.15613827969239	1.0	NonTarget	1	62760
245.28113822272854	1.0	NonTarget	1	62792
245.40613816576473	1.0	NonTarget	1	62824
245.5311381088009	1.0	NonTarget	1	62856
245.65613805183708	1.0	NonTarget	1	62888
245.78113799487323	1.0	NonTarget	1	62920
245.9061379379094	1.0	NonTarget	1	62952
246.03113788094558	1.0	NonTarget	1	62984
246.15613782398174	1.0	NonTarget	1	63016
246.28113776701792	1.0	NonTarget	1	63048
246.40613771005408	1.0	NonTarget	1	63080
246.53113765309027	1.0	NonTarget	1	63112
246.65613759612643	1.0	NonTarget	1	63144
246.78113753916261	1.0	NonTarget	1	63176
246.90613748219877	1.0	NonTarget	1	63208
247.03113742523496	1.0	NonTarget	1	63240
247.15613736827112	1.0	NonTarget	1	63272
247.2811373113073	1.0	NonTarget	1	63304
247.40613725434346	1.0	NonTarget	1	63336
247.53113719737965	1.0	NonTarget	1	63368
247.6561371404158	1.0	NonTarget	1	63400
247.781137083452	1.0	NonTarget	1	63432
247.90613702648815	1.0	NonTarget	1	63464
248.03113696952434	1.0	NonTarget	1	63496
248.1561369125605	1.0	NonTarget	1	63528
248.28113685559669	1.0	NonTarget	1	63560
248.40613679863284	1.0	NonTarget	1	63592
248.53113674166903	1.0	NonTarget	1	63624
248.6561366847052	1.0	NonTarget	1	63656
248.78113662774138	1.0	NonTarget	1	63688
248.90613657077753	1.0	NonTarget	1	63720
249.0311365138137	1.0	NonTarget	1	63752
249.15613645684988	1.0	NonTarget	1	63784
249.28113639988604	1.0	NonTarget	1	63816
249.40613634292222	1.0	NonTarget	1	63848
249.53113628595838	1.0	NonTarget	1	63880
249.65613622899457	1.0	NonTarget	1	63912
249.78113617203073	1.0	NonTarget	1	63944
249.90613611506691	1.0	NonTarget	1	63976
250.03113605810307	1.0	NonTarget	1	64008
250.15613600113926	1.0	NonTarget	1	64040
250.28113594417542	1.0	NonTarget	1	64072
250.4061358872116	1.0	NonTarget	1	64104
256.53113309598405	1.0	NonTarget	1	65672
256.6561330390202	1.0	NonTarget	1	65704
256.78113298205636	1.0	NonTarget	1	65736
256.90613292509255	1.0	NonTarget	1	65768
257.03113286812874	1.0	NonTarget	1	65800
257.15613281116487	1.0	NonTarget	1	65832
257.28113275420105	1.0	NonTarget	1	65864
257.40613269723724	1.0	NonTarget	1	65896
257.5311326402734	1.0	NonTarget	1	65928
257.65613258330956	1.0	NonTarget	1	65960
257.78113252634574	1.0	NonTarget	1	65992
257.90613246938193	1.0	NonTarget	1	66024
258.0311324124181	1.0	NonTarget	1	66056
258.15613235545425	1.0	NonTarget	1	66088
258.28113229849043	1.0	NonTarget	1	66120
258.4061322415266	1.0	NonTarget	1	66152
258.5311321845628	1.0	NonTarget	1	66184
258.65613212759894	1.0	NonTarget	1	66216
258.7811320706351	1.0	NonTarget	1	66248
258.9061320136713	1.0	NonTarget	1	66280
259.03113195670744	1.0	NonTarget	1	66312
259.1561318997436	1.0	NonTarget	1	66344
259.2811318427798	1.0	NonTarget	1	66376
259.406131785816	1.0	NonTarget	1	66408
259.53113172885213	1.0	NonTarget	1	66440
259.6561316718883	1.0	NonTarget	1	66472
259.7811316149245	1.0	NonTarget	1	66504
259.9061315579607	1.0	NonTarget	1	66536
260.0311315009968	1.0	NonTarget	1	66568
260.156131444033	1.0	NonTarget	1	66600
260.2811313870692	1.0	NonTarget	1	66632
260.4061313301054	1.0	NonTarget	1	66664
260.5311312731415	1.0	NonTarget	1	66696
260.6561312161777	1.0	NonTarget	1	66728
260.7811311592139	1.0	NonTarget	1	66760
260.9061311022501	1.0	NonTarget	1	66792
261.0311310452862	1.0	NonTarget	1	66824
261.1561309883224	1.0	NonTarget	1	66856
261.2811309313586	1.0	NonTarget	1	66888
261.40613087439476	1.0	NonTarget	1	66920
261.5311308174309	1.0	NonTarget	1	66952
261.6561307604671	1.0	NonTarget	1	66984
261.78113070350327	1.0	NonTarget	1	67016
261.90613064653945	1.0	NonTarget	1	67048
262.0311305895756	1.0	NonTarget	1	67080
262.15613053261177	1.0	NonTarget	1	67112
262.28113047564796	1.0	NonTarget	1	67144
262.4061304186841	1.0	NonTarget	1	67176
262.5311303617203	1.0	NonTarget	1	67208
262.65613030475646	1.0	NonTarget	1	67240
262.78113024779265	1.0	NonTarget	1	67272
262.9061301908288	1.0	NonTarget	1	67304
263.03113013386496	1.0	NonTarget	1	67336
263.15613007690115	1.0	NonTarget	1	67368
263.28113001993734	1.0	NonTarget	1	67400
263.40612996297347	1.0	NonTarget	1	67432
263.53112990600965	1.0	NonTarget	1	67464
263.65612984904584	1.0	NonTarget	1	67496
263.781129792082	1.0	NonTarget	1	67528
263.90612973511816	1.0	NonTarget	1	67560
264.03112967815434	1.0	NonTarget	1	67592
264.15612962119053	1.0	NonTarget	1	67624
264.2811295642267	1.0	NonTarget	1	67656
264.40612950726285	1.0	NonTarget	1	67688
264.53112945029903	1.0	NonTarget	1	67720
264.6561293933352	1.0	NonTarget	1	67752
264.7811293363714	1.0	NonTarget	1	67784
264.90612927940754	1.0	NonTarget	1	67816
265.0311292224437	1.0	NonTarget	1	67848
265.1561291654799	1.0	NonTarget	1	67880
265.28112910851604	1.0	NonTarget	1	67912
265.4061290515522	1.0	NonTarget	1	67944
265.5311289945884	1.0	NonTarget	1	67976
265.6561289376246	1.0	NonTarget	1	68008
265.78112888066073	1.0	NonTarget	1	68040
265.9061288236969	1.0	NonTarget	1	68072
266.0311287667331	1.0	NonTarget	1	68104
266.1561287097693	1.0	NonTarget	1	68136
266.2811286528054	1.0	NonTarget	1	68168
266.4061285958416	1.0	NonTarget	1	68200
266.5311285388778	1.0	NonTarget	1	68232
266.656128481914	1.0	NonTarget	1	68264
266.7811284249501	1.0	NonTarget	1	68296
266.9061283679863	1.0	NonTarget	1	68328
267.0311283110225	1.0	NonTarget	1	68360
267.1561282540587	1.0	NonTarget	1	68392
267.2811281970948	1.0	NonTarget	1	68424
267.406128140131	1.0	NonTarget	1	68456
267.5311280831672	1.0	NonTarget	1	68488
267.65612802620336	1.0	NonTarget	1	68520
267.7811279692395	1.0	NonTarget	1	68552
267.9061279122757	1.0	NonTarget	1	68584
268.03112785531187	1.0	NonTarget	1	68616
268.15612779834805	1.0	NonTarget	1	68648
268.2811277413842	1.0	NonTarget	1	68680
268.40612768442037	1.0	NonTarget	1	68712
274.5311248931928	1.0	NonTarget	1	70280
274.65612483622897	1.0	NonTarget	1	70312
274.78112477926516	1.0	NonTarget	1	70344
274.90612472230134	1.0	NonTarget	1	70376
275.0311246653375	1.0	NonTarget	1	70408
275.15612460837366	1.0	NonTarget	1	70440
275.28112455140985	1.0	NonTarget	1	70472
275.406124494446	1.0	NonTarget	1	70504
275.53112443748216	1.0	NonTarget	1	70536
275.65612438051835	1.0	NonTarget	1	70568
275.78112432355454	1.0	NonTarget	1	70600
275.90612426659067	1.0	NonTarget	1	70632
276.03112420962685	1.0	NonTarget	1	70664
276.15612415266304	1.0	NonTarget	1	70696
276.2811240956992	1.0	NonTarget	1	70728
276.40612403873536	1.0	NonTarget	1	70760
276.53112398177154	1.0	NonTarget	1	70792
276.65612392480773	1.0	NonTarget	1	70824
276.7811238678439	1.0	NonTarget	1	70856
276.90612381088005	1.0	NonTarget	1	70888
277.03112375391623	1.0	NonTarget	1	70920
277.1561236969524	1.0	NonTarget	1	70952
277.2811236399886	1.0	NonTarget	1	70984
277.40612358302474	1.0	NonTarget	1	71016
277.5311235260609	1.0	NonTarget	1	71048
277.6561234690971	1.0	NonTarget	1	71080
277.7811234121333	1.0	NonTarget	1	71112
277.9061233551694	1.0	NonTarget	1	71144
278.0311232982056	1.0	NonTarget	1	71176
278.1561232412418	1.0	NonTarget	1	71208
278.28112318427793	1.0	NonTarget	1	71240
278.4061231273141	1.0	NonTarget	1	71272
278.5311230703503	1.0	NonTarget	1	71304
278.6561230133865	1.0	NonTarget	1	71336
278.7811229564226	1.0	NonTarget	1	71368
278.9061228994588	1.0	NonTarget	1	71400
279.031122842495	1.0	NonTarget	1	71432
279.1561227855312	1.0	NonTarget	1	71464
279.2811227285673	1.0	NonTarget	1	71496
279.4061226716035	1.0	NonTarget	1	71528
279.5311226146397	1.0	NonTarget	1	71560
279.65612255767587	1.0	NonTarget	1	71592
279.781122500712	1.0	NonTarget	1	71624
279.9061224437482	1.0	NonTarget	1	71656
280.0311223867844	1.0	NonTarget	1	71688
280.15612232982056	1.0	NonTarget	1	71720
280.2811222728567	1.0	NonTarget	1	71752
280.4061222158929	1.0	NonTarget	1	71784
280.53112215892907	1.0	NonTarget	1	71816
280.65612210196525	1.0	NonTarget	1	71848
280.7811220450014	1.0	NonTarget	1	71880
280.90612198803757	1.0	NonTarget	1	71912
281.03112193107376	1.0	NonTarget	1	71944
281.15612187410994	1.0	NonTarget	1	71976
281.2811218171461	1.0	NonTarget	1	72008
281.40612176018226	1.0	NonTarget	1	72040
281.53112170321845	1.0	NonTarget	1	72072
281.6561216462546	1.0	NonTarget	1	72104
281.78112158929076	1.0	NonTarget	1	72136
281.90612153232695	1.0	NonTarget	1	72168
282.03112147536314	1.0	NonTarget	1	72200
282.15612141839927	1.0	NonTarget	1	72232
282.28112136143545	1.0	NonTarget	1	72264
282.40612130447164	1.0	NonTarget	1	72296
282.5311212475078	1.0	NonTarget	1	72328
282.65612119054396	1.0	NonTarget	1	72360
282.78112113358014	1.0	NonTarget	1	72392
282.90612107661633	1.0	NonTarget	1	72424
283.0311210196525	1.0	NonTarget	1	72456
283.15612096268865	1.0	NonTarget	1	72488
283.28112090572483	1.0	NonTarget	1	72520
283.406120848761	1.0	NonTarget	1	72552
283.5311207917972	1.0	NonTarget	1	72584
283.65612073483334	1.0	NonTarget	1	72616
283.7811206778695	1.0	NonTarget	1	72648
283.9061206209057	1.0	NonTarget	1	72680
284.0311205639419	1.0	NonTarget	1	72712
284.156120506978	1.0	NonTarget	1	72744
284.2811204500142	1.0	NonTarget	1	72776
284.4061203930504	1.0	NonTarget	1	72808
284.5311203360866	1.0	NonTarget	1	72840
284.6561202791227	1.0	NonTarget	1	72872
284.7811202221589	1.0	NonTarget	1	72904
284.9061201651951	1.0	NonTarget	1	72936
285.0311201082312	1.0	NonTarget	1	72968
285.1561200512674	1.0	NonTarget	1	73000
285.2811199943036	1.0	NonTarget	1	73032
285.4061199373398	1.0	NonTarget	1	73064
285.5311198803759	1.0	NonTarget	1	73096
285.6561198234121	1.0	NonTarget	1	73128
285.7811197664483	1.0	NonTarget	1	73160
285.90611970948447	1.0	NonTarget	1	73192
286.0311196525206	1.0	NonTarget	1	73224
286.1561195955568	1.0	NonTarget	1	73256
286.281119538593	1.0	NonTarget	1	73288
286.40611948162916	1.0	NonTarget	1	73320
292.5311166904016	1.0	NonTarget	1	74888
292.65611663343776	1.0	NonTarget	1	74920
292.7811165764739	1.0	NonTarget	1	74952
292.9061165195101	1.0	NonTarget	1	74984
293.03111646254627	1.0	NonTarget	1	75016
293.15611640558245	1.0	NonTarget	1	75048
293.2811163486186	1.0	NonTarget	1	75080
293.40611629165477	1.0	NonTarget	1	75112
293.53111623469096	1.0	NonTarget	1	75144
293.65611617772714	1.0	NonTarget	1	75176
293.7811161207633	1.0	NonTarget	1	75208
293.90611606379946	1.0	NonTarget	1	75240
294.03111600683565	1.0	NonTarget	1	75272
294.15611594987183	1.0	NonTarget	1	75304
294.28111589290796	1.0	NonTarget	1	75336
294.40611583594415	1.0	NonTarget	1	75368
294.53111577898034	1.0	NonTarget	1	75400
294.65611572201647	1.0	NonTarget	1	75432
294.78111566505265	1.0	NonTarget	1	75464
294.90611560808884	1.0	NonTarget	1	75496
295.031115551125	1.0	NonTarget	1	75528
295.15611549416116	1.0	NonTarget	1	75560
295.28111543719734	1.0	NonTarget	1	75592
295.40611538023353	1.0	NonTarget	1	75624
295.5311153232697	1.0	NonTarget	1	75656
295.65611526630585	1.0	NonTarget	1	75688
295.78111520934203	1.0	NonTarget	1	75720
295.9061151523782	1.0	NonTarget	1	75752
296.0311150954144	1.0	NonTarget	1	75784
296.15611503845054	1.0	NonTarget	1	75816
296.2811149814867	1.0	NonTarget	1	75848
296.4061149245229	1.0	NonTarget	1	75880
296.5311148675591	1.0	NonTarget	1	75912
296.6561148105952	1.0	NonTarget	1	75944
296.7811147536314	1.0	NonTarget	1	75976
296.9061146966676	1.0	NonTarget	1	76008
297.0311146397038	1.0	NonTarget	1	76040
297.1561145827399	1.0	NonTarget	1	76072
297.2811145257761	1.0	NonTarget	1	76104
297.4061144688123	1.0	NonTarget	1	76136
297.5311144118485	1.0	NonTarget	1	76168
297.6561143548846	1.0	NonTarget	1	76200
297.7811142979208	1.0	NonTarget	1	76232
297.906114240957	1.0	NonTarget	1	76264
298.0311141839931	1.0	NonTarget	1	76296
298.1561141270293	1.0	NonTarget	1	76328
298.2811140700655	1.0	NonTarget	1	76360
298.40611401310167	1.0	NonTarget	1	76392
298.5311139561378	1.0	NonTarget	1	76424
298.656113899174	1.0	NonTarget	1	76456
298.7811138422102	1.0	NonTarget	1	76488
298.90611378524636	1.0	NonTarget	1	76520
299.0311137282825	1.0	NonTarget	1	76552
299.1561136713187	1.0	NonTarget	1	76584
299.28111361435487	1.0	NonTarget	1	76616
299.40611355739105	1.0	NonTarget	1	76648
299.5311135004272	1.0	NonTarget	1	76680
299.65611344346337	1.0	NonTarget	1	76712
299.78111338649956	1.0	NonTarget	1	76744
299.90611332953574	1.0	NonTarget	1	76776
300.0311132725719	1.0	NonTarget	1	76808
300.15611321560806	1.0	NonTarget	1	76840
300.28111315864425	1.0	NonTarget	1	76872
300.40611310168043	1.0	NonTarget	1	76904
300.53111304471656	1.0	NonTarget	1	76936
300.65611298775275	1.0	NonTarget	1	76968
300.78111293078894	1.0	NonTarget	1	77000
300.90611287382507	1.0	NonTarget	1	77032
301.03111281686125	1.0	NonTarget	1	77064
301.15611275989744	1.0	NonTarget	1	77096
301.2811127029336	1.0	NonTarget	1	77128
301.40611264596976	1.0	NonTarget	1	77160
301.53111258900594	1.0	NonTarget	1	77192
301.65611253204213	1.0	NonTarget	1	77224
301.7811124750783	1.0	NonTarget	1	77256
301.90611241811445	1.0	NonTarget	1	77288
302.03111236115063	1.0	NonTarget	1	77320
302.1561123041868	1.0	NonTarget	1	77352
302.281112247223	1.0	NonTarget	1	77384
302.40611219025914	1.0	NonTarget	1	77416
302.5311121332953	1.0	NonTarget	1	77448
302.6561120763315	1.0	NonTarget	1	77480
302.7811120193677	1.0	NonTarget	1	77512
302.9061119624038	1.0	NonTarget	1	77544
303.03111190544	1.0	NonTarget	1	77576
303.1561118484762	1.0	NonTarget	1	77608
303.2811117915124	1.0	NonTarget	1	77640
303.4061117345485	1.0	NonTarget	1	77672
303.5311116775847	1.0	NonTarget	1	77704
303.6561116206209	1.0	NonTarget	1	77736
303.7811115636571	1.0	NonTarget	1	77768
303.9061115066932	1.0	NonTarget	1	77800
304.0311114497294	1.0	NonTarget	1	77832
304.1561113927656	1.0	NonTarget	1	77864
304.2811113358017	1.0	NonTarget	1	77896
304.4061112788379	1.0	NonTarget	1	77928
310.53110848761037	1.0	NonTarget	1	79496
310.6561084306465	1.0	NonTarget	1	79528
310.7811083736827	1.0	NonTarget	1	79560
310.90610831671887	1.0	NonTarget	1	79592
311.031108259755	1.0	NonTarget	1	79624
311.1561082027912	1.0	NonTarget	1	79656
311.2811081458274	1.0	NonTarget	1	79688
311.40610808886356	1.0	NonTarget	1	79720
311.5311080318997	1.0	NonTarget	1	79752
311.6561079749359	1.0	NonTarget	1	79784
311.78110791797207	1.0	NonTarget	1	79816
311.90610786100825	1.0	NonTarget	1	79848
312.0311078040444	1.0	NonTarget	1	79880
312.15610774708057	1.0	NonTarget	1	79912
312.28110769011676	1.0	NonTarget	1	79944
312.40610763315294	1.0	NonTarget	1	79976
312.5311075761891	1.0	NonTarget	1	80008
312.65610751922526	1.0	NonTarget	1	80040
312.78110746226145	1.0	NonTarget	1	80072
312.90610740529763	1.0	NonTarget	1	80104
313.03110734833376	1.0	NonTarget	1	80136
313.15610729136995	1.0	NonTarget	1	80168
313.28110723440614	1.0	NonTarget	1	80200
313.4061071774423	1.0	NonTarget	1	80232
313.53110712047845	1.0	NonTarget	1	80264
313.65610706351464	1.0	NonTarget	1	80296
313.7811070065508	1.0	NonTarget	1	80328
313.90610694958696	1.0	NonTarget	1	80360
314.03110689262314	1.0	NonTarget	1	80392
314.15610683565933	1.0	NonTarget	1	80424
314.2811067786955	1.0	NonTarget	1	80456
314.40610672173165	1.0	NonTarget	1	80488
314.53110666476783	1.0	NonTarget	1	80520
314.656106607804	1.0	NonTarget	1	80552
314.7811065508402	1.0	NonTarget	1	80584
314.90610649387634	1.0	NonTarget	1	80616
315.0311064369125	1.0	NonTarget	1	80648
315.1561063799487	1.0	NonTarget	1	80680
315.2811063229849	1.0	NonTarget	1	80712
315.406106266021	1.0	NonTarget	1	80744
315.5311062090572	1.0	NonTarget	1	80776
315.6561061520934	1.0	NonTarget	1	80808
315.7811060951296	1.0	NonTarget	1	80840
315.9061060381657	1.0	NonTarget	1	80872
316.0311059812019	1.0	NonTarget	1	80904
316.1561059242381	1.0	NonTarget	1	80936
316.2811058672743	1.0	NonTarget	1	80968
316.4061058103104	1.0	NonTarget	1	81000
316.5311057533466	1.0	NonTarget	1	81032
316.6561056963828	1.0	NonTarget	1	81064
316.78110563941897	1.0	NonTarget	1	81096
316.9061055824551	1.0	NonTarget	1	81128
317.0311055254913	1.0	NonTarget	1	81160
317.15610546852747	1.0	NonTarget	1	81192
317.2811054115636	1.0	NonTarget	1	81224
317.4061053545998	1.0	NonTarget	1	81256
317.531105297636	1.0	NonTarget	1	81288
317.65610524067216	1.0	NonTarget	1	81320
317.7811051837083	1.0	NonTarget	1	81352
317.9061051267445	1.0	NonTarget	1	81384
318.03110506978066	1.0	NonTarget	1	81416
318.15610501281685	1.0	NonTarget	1	81448
318.281104955853	1.0	NonTarget	1	81480
318.40610489888917	1.0	NonTarget	1	81512
318.53110484192536	1.0	NonTarget	1	81544
318.65610478496154	1.0	NonTarget	1	81576
318.7811047279977	1.0	NonTarget	1	81608
318.90610467103386	1.0	NonTarget	1	81640
319.03110461407005	1.0	NonTarget	1	81672
319.15610455710623	1.0	NonTarget	1	81704
319.28110450014236	1.0	NonTarget	1	81736
319.40610444317855	1.0	NonTarget	1	81768
319.53110438621474	1.0	NonTarget	1	81800
319.6561043292509	1.0	NonTarget	1	81832
319.78110427228705	1.0	NonTarget	1	81864
319.90610421532324	1.0	NonTarget	1	81896
320.0311041583594	1.0	NonTarget	1	81928
320.1561041013956	1.0	NonTarget	1	81960
320.28110404443174	1.0	NonTarget	1	81992
320.40610398746793	1.0	NonTarget	1	82024
320.5311039305041	1.0	NonTarget	1	82056
320.65610387354025	1.0	NonTarget	1	82088
320.78110381657643	1.0	NonTarget	1	82120
320.9061037596126	1.0	NonTarget	1	82152
321.0311037026488	1.0	NonTarget	1	82184
321.15610364568494	1.0	NonTarget	1	82216
321.2811035887211	1.0	NonTarget	1	82248
321.4061035317573	1.0	NonTarget	1	82280
321.5311034747935	1.0	NonTarget	1	82312
321.6561034178296	1.0	NonTarget	1	82344
321.7811033608658	1.0	NonTarget	1	82376
321.906103303902	1.0	NonTarget	1	82408
322.0311032469382	1.0	NonTarget	1	82440
322.1561031899743	1.0	NonTarget	1	82472
322.2811031330105	1.0	NonTarget	1	82504
322.4061030760467	1.0	NonTarget	1	82536
328.5311002848191	1.0	NonTarget	1	84104
328.6561002278553	1.0	NonTarget	1	84136
328.7811001708915	1.0	NonTarget	1	84168
328.9061001139276	1.0	NonTarget	1	84200
329.0311000569638	1.0	NonTarget	1	84232
329.1561	1.0	NonTarget	1	84264
329.28109994303617	1.0	NonTarget	1	84296
329.4060998860723	1.0	NonTarget	1	84328
329.5310998291085	1.0	NonTarget	1	84360
329.65609977214467	1.0	NonTarget	1	84392
329.78109971518086	1.0	NonTarget	1	84424
329.906099658217	1.0	NonTarget	1	84456
330.0310996012532	1.0	NonTarget	1	84488
330.15609954428936	1.0	NonTarget	1	84520
330.2810994873255	1.0	NonTarget	1	84552
330.4060994303617	1.0	NonTarget	1	84584
330.53109937339786	1.0	NonTarget	1	84616
330.65609931643405	1.0	NonTarget	1	84648
330.7810992594702	1.0	NonTarget	1	84680
330.90609920250637	1.0	NonTarget	1	84712
331.03109914554256	1.0	NonTarget	1	84744
331.15609908857874	1.0	NonTarget	1	84776
331.2810990316149	1.0	NonTarget	1	84808
331.40609897465106	1.0	NonTarget	1	84840
331.53109891768725	1.0	NonTarget	1	84872
331.65609886072343	1.0	NonTarget	1	84904
331.78109880375956	1.0	NonTarget	1	84936
331.90609874679575	1.0	NonTarget	1	84968
332.03109868983194	1.0	NonTarget	1	85000
332.1560986328681	1.0	NonTarget	1	85032
332.28109857590425	1.0	NonTarget	1	85064
332.40609851894044	1.0	NonTarget	1	85096
332.5310984619766	1.0	NonTarget	1	85128
332.6560984050128	1.0	NonTarget	1	85160
332.78109834804894	1.0	NonTarget	1	85192
332.90609829108513	1.0	NonTarget	1	85224
333.0310982341213	1.0	NonTarget	1	85256
333.1560981771575	1.0	NonTarget	1	85288
333.28109812019363	1.0	NonTarget	1	85320
333.4060980632298	1.0	NonTarget	1	85352
333.531098006266	1.0	NonTarget	1	85384
333.65609794930214	1.0	NonTarget	1	85416
333.7810978923383	1.0	NonTarget	1	85448
333.9060978353745	1.0	NonTarget	1	85480
334.0310977784107	1.0	NonTarget	1	85512
334.1560977214468	1.0	NonTarget	1	85544
334.281097664483	1.0	NonTarget	1	85576
334.4060976075192	1.0	NonTarget	1	85608
334.5310975505554	1.0	NonTarget	1	85640
334.6560974935915	1.0	NonTarget	1	85672
334.7810974366277	1.0	NonTarget	1	85704
334.9060973796639	1.0	NonTarget	1	85736
335.0310973227001	1.0	NonTarget	1	85768
335.1560972657362	1.0	NonTarget	1	85800
335.2810972087724	1.0	NonTarget	1	85832
335.4060971518086	1.0	NonTarget	1	85864
335.53109709484477	1.0	NonTarget	1	85896
335.6560970378809	1.0	NonTarget	1	85928
335.7810969809171	1.0	NonTarget	1	85960
335.90609692395327	1.0	NonTarget	1	85992
336.03109686698946	1.0	NonTarget	1	86024
336.1560968100256	1.0	NonTarget	1	86056
336.2810967530618	1.0	NonTarget	1	86088
336.40609669609796	1.0	NonTarget	1	86120
336.53109663913415	1.0	NonTarget	1	86152
336.6560965821703	1.0	NonTarget	1	86184
336.78109652520646	1.0	NonTarget	1	86216
336.90609646824265	1.0	NonTarget	1	86248
337.0310964112788	1.0	NonTarget	1	86280
337.15609635431497	1.0	NonTarget	1	86312
337.28109629735116	1.0	NonTarget	1	86344
337.40609624038734	1.0	NonTarget	1	86376
337.5310961834235	1.0	NonTarget	1	86408
337.65609612645966	1.0	NonTarget	1	86440
337.78109606949585	1.0	NonTarget	1	86472
337.90609601253203	1.0	NonTarget	1	86504
338.03109595556816	1.0	NonTarget	1	86536
338.15609589860435	1.0	NonTarget	1	86568
338.28109584164054	1.0	NonTarget	1	86600
338.4060957846767	1.0	NonTarget	1	86632
338.53109572771285	1.0	NonTarget	1	86664
338.65609567074904	1.0	NonTarget	1	86696
338.7810956137852	1.0	NonTarget	1	86728
338.9060955568214	1.0	NonTarget	1	86760
339.03109549985754	1.0	NonTarget	1	86792
339.15609544289373	1.0	NonTarget	1	86824
339.2810953859299	1.0	NonTarget	1	86856
339.4060953289661	1.0	NonTarget	1	86888
339.53109527200223	1.0	NonTarget	1	86920
339.6560952150384	1.0	NonTarget	1	86952
339.7810951580746	1.0	NonTarget	1	86984
339.90609510111074	1.0	NonTarget	1	87016
340.0310950441469	1.0	NonTarget	1	87048
340.1560949871831	1.0	NonTarget	1	87080
340.2810949302193	1.0	NonTarget	1	87112
340.4060948732554	1.0	NonTarget	1	87144
346.5310920820279	1.0	NonTarget	1	88712
346.656092025064	1.0	NonTarget	1	88744
346.7810919681002	1.0	NonTarget	1	88776
346.9060919111364	1.0	NonTarget	1	88808
347.0310918541726	1.0	NonTarget	1	88840
347.1560917972087	1.0	NonTarget	1	88872
347.2810917402449	1.0	NonTarget	1	88904
347.4060916832811	1.0	NonTarget	1	88936
347.5310916263173	1.0	NonTarget	1	88968
347.6560915693534	1.0	NonTarget	1	89000
347.7810915123896	1.0	NonTarget	1	89032
347.9060914554258	1.0	NonTarget	1	89064
348.03109139846197	1.0	NonTarget	1	89096
348.1560913414981	1.0	NonTarget	1	89128
348.2810912845343	1.0	NonTarget	1	89160
348.40609122757047	1.0	NonTarget	1	89192
348.53109117060666	1.0	NonTarget	1	89224
348.6560911136428	1.0	NonTarget	1	89256
348.781091056679	1.0	NonTarget	1	89288
348.90609099971516	1.0	NonTarget	1	89320
349.03109094275135	1.0	NonTarget	1	89352
349.1560908857875	1.0	NonTarget	1	89384
349.28109082882366	1.0	NonTarget	1	89416
349.40609077185985	1.0	NonTarget	1	89448
349.53109071489604	1.0	NonTarget	1	89480
349.65609065793217	1.0	NonTarget	1	89512
349.78109060096835	1.0	NonTarget	1	89544
349.90609054400454	1.0	NonTarget	1	89576
350.0310904870407	1.0	NonTarget	1	89608
350.15609043007686	1.0	NonTarget	1	89640
350.28109037311305	1.0	NonTarget	1	89672
350.40609031614923	1.0	NonTarget	1	89704
350.53109025918536	1.0	NonTarget	1	89736
350.65609020222155	1.0	NonTarget	1	89768
350.78109014525774	1.0	NonTarget	1	89800
350.9060900882939	1.0	NonTarget	1	89832
351.03109003133005	1.0	NonTarget	1	89864
351.15608997436624	1.0	NonTarget	1	89896
351.2810899174024	1.0	NonTarget	1	89928
351.4060898604386	1.0	NonTarget	1	89960
351.53108980347474	1.0	NonTarget	1	89992
351.65608974651093	1.0	NonTarget	1	90024
351.7810896895471	1.0	NonTarget	1	90056
351.9060896325833	1.0	NonTarget	1	90088
352.03108957561943	1.0	NonTarget	1	90120
352.1560895186556	1.0	NonTarget	1	90152
352.2810894616918	1.0	NonTarget	1	90184
352.406089404728	1.0	NonTarget	1	90216
352.5310893477641	1.0	NonTarget	1	90248
352.6560892908003	1.0	NonTarget	1	90280
352.7810892338365	1.0	NonTarget	1	90312
352.9060891768726	1.0	NonTarget	1	90344
353.0310891199088	1.0	NonTarget	1	90376
353.156089062945	1.0	NonTarget	1	90408
353.2810890059812	1.0	NonTarget	1	90440
353.4060889490173	1.0	NonTarget	1	90472
353.5310888920535	1.0	NonTarget	1	90504
353.6560888350897	1.0	NonTarget	1	90536
353.7810887781259	1.0	NonTarget	1	90568
353.906088721162	1.0	NonTarget	1	90600
354.0310886641982	1.0	NonTarget	1	90632
354.1560886072344	1.0	NonTarget	1	90664
354.28108855027057	1.0	NonTarget	1	90696
354.4060884933067	1.0	NonTarget	1	90728
354.5310884363429	1.0	NonTarget	1	90760
354.65608837937907	1.0	NonTarget	1	90792
354.78108832241526	1.0	NonTarget	1	90824
354.9060882654514	1.0	NonTarget	1	90856
355.0310882084876	1.0	NonTarget	1	90888
355.15608815152376	1.0	NonTarget	1	90920
355.28108809455995	1.0	NonTarget	1	90952
355.4060880375961	1.0	NonTarget	1	90984
355.53108798063226	1.0	NonTarget	1	91016
355.65608792366845	1.0	NonTarget	1	91048
355.78108786670464	1.0	NonTarget	1	91080
355.90608780974077	1.0	NonTarget	1	91112
356.03108775277695	1.0	NonTarget	1	91144
356.15608769581314	1.0	NonTarget	1	91176
356.28108763884927	1.0	NonTarget	1	91208
356.40608758188546	1.0	NonTarget	1	91240
356.53108752492165	1.0	NonTarget	1	91272
356.65608746795783	1.0	NonTarget	1	91304
356.78108741099396	1.0	NonTarget	1	91336
356.90608735403015	1.0	NonTarget	1	91368
357.03108729706634	1.0	NonTarget	1	91400
357.1560872401025	1.0	NonTarget	1	91432
357.28108718313865	1.0	NonTarget	1	91464
357.40608712617484	1.0	NonTarget	1	91496
357.531087069211	1.0	NonTarget	1	91528
357.6560870122472	1.0	NonTarget	1	91560
357.78108695528334	1.0	NonTarget	1	91592
357.90608689831953	1.0	NonTarget	1	91624
358.0310868413557	1.0	NonTarget	1	91656
358.1560867843919	1.0	NonTarget	1	91688
358.28108672742803	1.0	NonTarget	1	91720
358.4060866704642	1.0	NonTarget	1	91752
364.53108387923663	1.0	NonTarget	1	93320
364.6560838222728	1.0	NonTarget	1	93352
364.781083765309	1.0	NonTarget	1	93384
364.9060837083452	1.0	NonTarget	1	93416
365.0310836513813	1.0	NonTarget	1	93448
365.1560835944175	1.0	NonTarget	1	93480
365.2810835374537	1.0	NonTarget	1	93512
365.4060834804899	1.0	NonTarget	1	93544
365.531083423526	1.0	NonTarget	1	93576
365.6560833665622	1.0	NonTarget	1	93608
365.7810833095984	1.0	NonTarget	1	93640
365.9060832526345	1.0	NonTarget	1	93672
366.0310831956707	1.0	NonTarget	1	93704
366.1560831387069	1.0	NonTarget	1	93736
366.2810830817431	1.0	NonTarget	1	93768
366.4060830247792	1.0	NonTarget	1	93800
366.5310829678154	1.0	NonTarget	1	93832
366.6560829108516	1.0	NonTarget	1	93864
366.78108285388777	1.0	NonTarget	1	93896
366.9060827969239	1.0	NonTarget	1	93928
367.0310827399601	1.0	NonTarget	1	93960
367.15608268299627	1.0	NonTarget	1	93992
367.28108262603246	1.0	NonTarget	1	94024
367.4060825690686	1.0	NonTarget	1	94056
367.5310825121048	1.0	NonTarget	1	94088
367.65608245514096	1.0	NonTarget	1	94120
367.78108239817715	1.0	NonTarget	1	94152
367.9060823412133	1.0	NonTarget	1	94184
368.03108228424946	1.0	NonTarget	1	94216
368.15608222728565	1.0	NonTarget	1	94248
368.28108217032184	1.0	NonTarget	1	94280
368.40608211335797	1.0	NonTarget	1	94312
368.53108205639415	1.0	NonTarget	1	94344
368.65608199943034	1.0	NonTarget	1	94376
368.7810819424665	1.0	NonTarget	1	94408
368.90608188550266	1.0	NonTarget	1	94440
369.03108182853885	1.0	NonTarget	1	94472
369.15608177157503	1.0	NonTarget	1	94504
369.28108171461116	1.0	NonTarget	1	94536
369.40608165764735	1.0	NonTarget	1	94568
369.53108160068354	1.0	NonTarget	1	94600
369.6560815437197	1.0	NonTarget	1	94632
369.78108148675585	1.0	NonTarget	1	94664
369.90608142979204	1.0	NonTarget	1	94696
370.0310813728282	1.0	NonTarget	1	94728
370.1560813158644	1.0	NonTarget	1	94760
370.28108125890054	1.0	NonTarget	1	94792
370.40608120193673	1.0	NonTarget	1	94824
370.5310811449729	1.0	NonTarget	1	94856
370.6560810880091	1.0	NonTarget	1	94888
370.78108103104523	1.0	NonTarget	1	94920
370.9060809740814	1.0	NonTarget	1	94952
371.0310809171176	1.0	NonTarget	1	94984
371.1560808601538	1.0	NonTarget	1	95016
371.2810808031899	1.0	NonTarget	1	95048
371.4060807462261	1.0	NonTarget	1	95080
371.5310806892623	1.0	NonTarget	1	95112
371.6560806322985	1.0	NonTarget	1	95144
371.7810805753346	1.0	NonTarget	1	95176
371.9060805183708	1.0	NonTarget	1	95208
372.031080461407	1.0	NonTarget	1	95240
372.1560804044432	1.0	NonTarget	1	95272
372.2810803474793	1.0	NonTarget	1	95304
372.4060802905155	1.0	NonTarget	1	95336
372.5310802335517	1.0	NonTarget	1	95368
372.6560801765878	1.0	NonTarget	1	95400
372.781080119624	1.0	NonTarget	1	95432
372.9060800626602	1.0	NonTarget	1	95464
373.03108000569637	1.0	NonTarget	1	95496
373.1560799487325	1.0	NonTarget	1	95528
373.2810798917687	1.0	NonTarget	1	95560
373.40607983480487	1.0	NonTarget	1	95592
373.53107977784106	1.0	NonTarget	1	95624
373.6560797208772	1.0	NonTarget	1	95656
373.7810796639134	1.0	NonTarget	1	95688
373.90607960694956	1.0	NonTarget	1	95720
374.03107954998575	1.0	NonTarget	1	95752
374.1560794930219	1.0	NonTarget	1	95784
374.28107943605806	1.0	NonTarget	1	95816
374.40607937909425	1.0	NonTarget	1	95848
374.53107932213044	1.0	NonTarget	1	95880
374.65607926516657	1.0	NonTarget	1	95912
374.78107920820275	1.0	NonTarget	1	95944
374.90607915123894	1.0	NonTarget	1	95976
375.0310790942751	1.0	NonTarget	1	96008
375.15607903731126	1.0	NonTarget	1	96040
375.28107898034744	1.0	NonTarget	1	96072
375.40607892338363	1.0	NonTarget	1	96104
375.53107886641976	1.0	NonTarget	1	96136
375.65607880945595	1.0	NonTarget	1	96168
375.78107875249214	1.0	NonTarget	1	96200
375.9060786955283	1.0	NonTarget	1	96232
376.03107863856445	1.0	NonTarget	1	96264
376.15607858160064	1.0	NonTarget	1	96296
376.2810785246368	1.0	NonTarget	1	96328
376.406078467673	1.0	NonTarget	1	96360
382.5310756764454	1.0	NonTarget	1	97928
382.6560756194816	1.0	NonTarget	1	97960
382.78107556251774	1.0	NonTarget	1	97992
382.90607550555393	1.0	NonTarget	1	98024
383.0310754485901	1.0	NonTarget	1	98056
383.1560753916263	1.0	NonTarget	1	98088
383.28107533466243	1.0	NonTarget	1	98120
383.4060752776986	1.0	NonTarget	1	98152
383.5310752207348	1.0	NonTarget	1	98184
383.656075163771	1.0	NonTarget	1	98216
383.7810751068071	1.0	NonTarget	1	98248
383.9060750498433	1.0	NonTarget	1	98280
384.0310749928795	1.0	NonTarget	1	98312
384.1560749359157	1.0	NonTarget	1	98344
384.2810748789518	1.0	NonTarget	1	98376
384.406074821988	1.0	NonTarget	1	98408
384.5310747650242	1.0	NonTarget	1	98440
384.6560747080604	1.0	NonTarget	1	98472
384.7810746510965	1.0	NonTarget	1	98504
384.9060745941327	1.0	NonTarget	1	98536
385.0310745371689	1.0	NonTarget	1	98568
385.15607448020506	1.0	NonTarget	1	98600
385.2810744232412	1.0	NonTarget	1	98632
385.4060743662774	1.0	NonTarget	1	98664
385.53107430931357	1.0	NonTarget	1	98696
385.6560742523497	1.0	NonTarget	1	98728
385.7810741953859	1.0	NonTarget	1	98760
385.90607413842207	1.0	NonTarget	1	98792
386.03107408145826	1.0	NonTarget	1	98824
386.1560740244944	1.0	NonTarget	1	98856
386.2810739675306	1.0	NonTarget	1	98888
386.40607391056676	1.0	NonTarget	1	98920
386.53107385360295	1.0	NonTarget	1	98952
386.6560737966391	1.0	NonTarget	1	98984
386.78107373967526	1.0	NonTarget	1	99016
386.90607368271145	1.0	NonTarget	1	99048
387.03107362574764	1.0	NonTarget	1	99080
387.15607356878377	1.0	NonTarget	1	99112
387.28107351181995	1.0	NonTarget	1	99144
387.40607345485614	1.0	NonTarget	1	99176
387.5310733978923	1.0	NonTarget	1	99208
387.65607334092846	1.0	NonTarget	1	99240
387.78107328396464	1.0	NonTarget	1	99272
387.90607322700083	1.0	NonTarget	1	99304
388.031073170037	1.0	NonTarget	1	99336
388.15607311307315	1.0	NonTarget	1	99368
388.28107305610934	1.0	NonTarget	1	99400
388.4060729991455	1.0	NonTarget	1	99432
388.53107294218165	1.0	NonTarget	1	99464
388.65607288521784	1.0	NonTarget	1	99496
388.781072828254	1.0	NonTarget	1	99528
388.9060727712902	1.0	NonTarget	1	99560
389.03107271432634	1.0	NonTarget	1	99592
389.15607265736253	1.0	NonTarget	1	99624
389.2810726003987	1.0	NonTarget	1	99656
389.4060725434349	1.0	NonTarget	1	99688
389.53107248647103	1.0	NonTarget	1	99720
389.6560724295072	1.0	NonTarget	1	99752
389.7810723725434	1.0	NonTarget	1	99784
389.9060723155796	1.0	NonTarget	1	99816
390.0310722586157	1.0	NonTarget	1	99848
390.1560722016519	1.0	NonTarget	1	99880
390.2810721446881	1.0	NonTarget	1	99912
390.4060720877243	1.0	NonTarget	1	99944
390.5310720307604	1.0	NonTarget	1	99976
390.6560719737966	1.0	NonTarget	1	100008
390.7810719168328	1.0	NonTarget	1	100040
390.906071859869	1.0	NonTarget	1	100072
391.0310718029051	1.0	NonTarget	1	100104
391.1560717459413	1.0	NonTarget	1	100136
391.2810716889775	1.0	NonTarget	1	100168
391.40607163201366	1.0	NonTarget	1	100200
391.5310715750498	1.0	NonTarget	1	100232
391.656071518086	1.0	NonTarget	1	100264
391.78107146112217	1.0	NonTarget	1	100296
391.9060714041583	1.0	NonTarget	1	100328
392.0310713471945	1.0	NonTarget	1	100360
392.15607129023067	1.0	NonTarget	1	100392
392.28107123326686	1.0	NonTarget	1	100424
392.406071176303	1.0	NonTarget	1	100456
392.5310711193392	1.0	NonTarget	1	100488
392.65607106237536	1.0	NonTarget	1	100520
392.78107100541155	1.0	NonTarget	1	100552
392.9060709484477	1.0	NonTarget	1	100584
393.03107089148386	1.0	NonTarget	1	100616
393.15607083452005	1.0	NonTarget	1	100648
393.28107077755624	1.0	NonTarget	1	100680
393.40607072059237	1.0	NonTarget	1	100712
393.53107066362855	1.0	NonTarget	1	100744
393.65607060666474	1.0	NonTarget	1	100776
393.7810705497009	1.0	NonTarget	1	100808
393.90607049273706	1.0	NonTarget	1	100840
394.03107043577324	1.0	NonTarget	1	100872
394.15607037880943	1.0	NonTarget	1	100904
394.2810703218456	1.0	NonTarget	1	100936
394.40607026488175	1.0	NonTarget	1	100968
400.5310674736542	1.0	NonTarget	1	102536
400.65606741669035	1.0	NonTarget	1	102568
400.78106735972653	1.0	NonTarget	1	102600
400.9060673027627	1.0	NonTarget	1	102632
401.0310672457989	1.0	NonTarget	1	102664
401.15606718883504	1.0	NonTarget	1	102696
401.2810671318712	1.0	NonTarget	1	102728
401.4060670749074	1.0	NonTarget	1	102760
401.53106701794354	1.0	NonTarget	1	102792
401.65606696097973	1.0	NonTarget	1	102824
401.7810669040159	1.0	NonTarget	1	102856
401.9060668470521	1.0	NonTarget	1	102888
402.03106679008823	1.0	NonTarget	1	102920
402.1560667331244	1.0	NonTarget	1	102952
402.2810666761606	1.0	NonTarget	1	102984
402.4060666191968	1.0	NonTarget	1	103016
402.5310665622329	1.0	NonTarget	1	103048
402.6560665052691	1.0	NonTarget	1	103080
402.7810664483053	1.0	NonTarget	1	103112
402.9060663913415	1.0	NonTarget	1	103144
403.0310663343776	1.0	NonTarget	1	103176
403.1560662774138	1.0	NonTarget	1	103208
403.28106622045	1.0	NonTarget	1	103240
403.4060661634862	1.0	NonTarget	1	103272
403.5310661065223	1.0	NonTarget	1	103304
403.6560660495585	1.0	NonTarget	1	103336
403.7810659925947	1.0	NonTarget	1	103368
403.90606593563086	1.0	NonTarget	1	103400
404.031065878667	1.0	NonTarget	1	103432
404.1560658217032	1.0	NonTarget	1	103464
404.28106576473937	1.0	NonTarget	1	103496
404.40606570777555	1.0	NonTarget	1	103528
404.5310656508117	1.0	NonTarget	1	103560
404.65606559384787	1.0	NonTarget	1	103592
404.78106553688406	1.0	NonTarget	1	103624
404.9060654799202	1.0	NonTarget	1	103656
405.0310654229564	1.0	NonTarget	1	103688
405.15606536599256	1.0	NonTarget	1	103720
405.28106530902875	1.0	NonTarget	1	103752
405.4060652520649	1.0	NonTarget	1	103784
405.53106519510106	1.0	NonTarget	1	103816
405.65606513813725	1.0	NonTarget	1	103848
405.78106508117344	1.0	NonTarget	1	103880
405.90606502420957	1.0	NonTarget	1	103912
406.03106496724575	1.0	NonTarget	1	103944
406.15606491028194	1.0	NonTarget	1	103976
406.2810648533181	1.0	NonTarget	1	104008
406.40606479635426	1.0	NonTarget	1	104040
406.53106473939044	1.0	NonTarget	1	104072
406.65606468242663	1.0	NonTarget	1	104104
406.7810646254628	1.0	NonTarget	1	104136
406.90606456849895	1.0	NonTarget	1	104168
407.03106451153513	1.0	NonTarget	1	104200
407.1560644545713	1.0	NonTarget	1	104232
407.2810643976075	1.0	NonTarget	1	104264
407.40606434064364	1.0	NonTarget	1	104296
407.5310642836798	1.0	NonTarget	1	104328
407.656064226716	1.0	NonTarget	1	104360
407.7810641697522	1.0	NonTarget	1	104392
407.90606411278833	1.0	NonTarget	1	104424
408.0310640558245	1.0	NonTarget	1	104456
408.1560639988607	1.0	NonTarget	1	104488
408.28106394189683	1.0	NonTarget	1	104520
408.406063884933	1.0	NonTarget	1	104552
408.5310638279692	1.0	NonTarget	1	104584
408.6560637710054	1.0	NonTarget	1	104616
408.7810637140415	1.0	NonTarget	1	104648
408.9060636570777	1.0	NonTarget	1	104680
409.0310636001139	1.0	NonTarget	1	104712
409.1560635431501	1.0	NonTarget	1	104744
409.2810634861862	1.0	NonTarget	1	104776
409.4060634292224	1.0	NonTarget	1	104808
409.5310633722586	1.0	NonTarget	1	104840
409.6560633152948	1.0	NonTarget	1	104872
409.7810632583309	1.0	NonTarget	1	104904
409.9060632013671	1.0	NonTarget	1	104936
410.0310631444033	1.0	NonTarget	1	104968
410.15606308743946	1.0	NonTarget	1	105000
410.2810630304756	1.0	NonTarget	1	105032
410.4060629735118	1.0	NonTarget	1	105064
410.53106291654797	1.0	NonTarget	1	105096
410.65606285958415	1.0	NonTarget	1	105128
410.7810628026203	1.0	NonTarget	1	105160
410.90606274565647	1.0	NonTarget	1	105192
411.03106268869266	1.0	NonTarget	1	105224
411.15606263172884	1.0	NonTarget	1	105256
411.281062574765	1.0	NonTarget	1	105288
411.40606251780116	1.0	NonTarget	1	105320
411.53106246083735	1.0	NonTarget	1	105352
411.6560624038735	1.0	NonTarget	1	105384
411.78106234690966	1.0	NonTarget	1	105416
411.90606228994585	1.0	NonTarget	1	105448
412.03106223298204	1.0	NonTarget	1	105480
412.15606217601817	1.0	NonTarget	1	105512
412.28106211905435	1.0	NonTarget	1	105544
412.40606206209054	1.0	NonTarget	1	105576
418.53105927086295	1.0	NonTarget	1	107144
418.65605921389914	1.0	NonTarget	1	107176
418.7810591569353	1.0	NonTarget	1	107208
418.90605909997146	1.0	NonTarget	1	107240
419.03105904300764	1.0	NonTarget	1	107272
419.15605898604383	1.0	NonTarget	1	107304
419.28105892908	1.0	NonTarget	1	107336
419.40605887211615	1.0	NonTarget	1	107368
419.53105881515233	1.0	NonTarget	1	107400
419.6560587581885	1.0	NonTarget	1	107432
419.7810587012247	1.0	NonTarget	1	107464
419.90605864426084	1.0	NonTarget	1	107496
420.031058587297	1.0	NonTarget	1	107528
420.1560585303332	1.0	NonTarget	1	107560
420.2810584733694	1.0	NonTarget	1	107592
420.40605841640553	1.0	NonTarget	1	107624
420.5310583594417	1.0	NonTarget	1	107656
420.6560583024779	1.0	NonTarget	1	107688
420.7810582455141	1.0	NonTarget	1	107720
420.9060581885502	1.0	NonTarget	1	107752
421.0310581315864	1.0	NonTarget	1	107784
421.1560580746226	1.0	NonTarget	1	107816
421.2810580176587	1.0	NonTarget	1	107848
421.4060579606949	1.0	NonTarget	1	107880
421.5310579037311	1.0	NonTarget	1	107912
421.6560578467673	1.0	NonTarget	1	107944
421.7810577898034	1.0	NonTarget	1	107976
421.9060577328396	1.0	NonTarget	1	108008
422.0310576758758	1.0	NonTarget	1	108040
422.156057618912	1.0	NonTarget	1	108072
422.2810575619481	1.0	NonTarget	1	108104
422.4060575049843	1.0	NonTarget	1	108136
422.5310574480205	1.0	NonTarget	1	108168
422.65605739105666	1.0	NonTarget	1	108200
422.7810573340928	1.0	NonTarget	1	108232
422.906057277129	1.0	NonTarget	1	108264
423.03105722016517	1.0	NonTarget	1	108296
423.15605716320135	1.0	NonTarget	1	108328
423.2810571062375	1.0	NonTarget	1	108360
423.40605704927367	1.0	NonTarget	1	108392
423.53105699230986	1.0	NonTarget	1	108424
423.65605693534604	1.0	NonTarget	1	108456
423.7810568783822	1.0	NonTarget	1	108488
423.90605682141836	1.0	NonTarget	1	108520
424.03105676445455	1.0	NonTarget	1	108552
424.15605670749073	1.0	NonTarget	1	108584
424.28105665052686	1.0	NonTarget	1	108616
424.40605659356305	1.0	NonTarget	1	108648
424.53105653659924	1.0	NonTarget	1	108680
424.65605647963537	1.0	NonTarget	1	108712
424.78105642267155	1.0	NonTarget	1	108744
424.90605636570774	1.0	NonTarget	1	108776
425.0310563087439	1.0	NonTarget	1	108808
425.15605625178006	1.0	NonTarget	1	108840
425.28105619481624	1.0	NonTarget	1	108872
425.40605613785243	1.0	NonTarget	1	108904
425.5310560808886	1.0	NonTarget	1	108936
425.65605602392475	1.0	NonTarget	1	108968
425.78105596696093	1.0	NonTarget	1	109000
425.9060559099971	1.0	NonTarget	1	109032
426.0310558530333	1.0	NonTarget	1	109064
426.15605579606944	1.0	NonTarget	1	109096
426.2810557391056	1.0	NonTarget	1	109128
426.4060556821418	1.0	NonTarget	1	109160
426.531055625178	1.0	NonTarget	1	109192
426.65605556821413	1.0	NonTarget	1	109224
426.7810555112503	1.0	NonTarget	1	109256
426.9060554542865	1.0	NonTarget	1	109288
427.0310553973227	1.0	NonTarget	1	109320
427.1560553403588	1.0	NonTarget	1	109352
427.281055283395	1.0	NonTarget	1	109384
427.4060552264312	1.0	NonTarget	1	109416
427.5310551694673	1.0	NonTarget	1	109448
427.6560551125035	1.0	NonTarget	1	109480
427.7810550555397	1.0	NonTarget	1	109512
427.9060549985759	1.0	NonTarget	1	109544
428.031054941612	1.0	NonTarget	1	109576
428.1560548846482	1.0	NonTarget	1	109608
428.2810548276844	1.0	NonTarget	1	109640
428.4060547707206	1.0	NonTarget	1	109672
428.5310547137567	1.0	NonTarget	1	109704
428.6560546567929	1.0	NonTarget	1	109736
428.7810545998291	1.0	NonTarget	1	109768
428.90605454286526	1.0	NonTarget	1	109800
429.0310544859014	1.0	NonTarget	1	109832
429.1560544289376	1.0	NonTarget	1	109864
429.28105437197377	1.0	NonTarget	1	109896
429.40605431500995	1.0	NonTarget	1	109928
429.5310542580461	1.0	NonTarget	1	109960
429.65605420108227	1.0	NonTarget	1	109992
429.78105414411846	1.0	NonTarget	1	110024
429.90605408715464	1.0	NonTarget	1	110056
430.0310540301908	1.0	NonTarget	1	110088
430.15605397322696	1.0	NonTarget	1	110120
430.28105391626315	1.0	NonTarget	1	110152
430.40605385929933	1.0	NonTarget	1	110184
436.53105106807175	1.0	NonTarget	1	111752
436.65605101110793	1.0	NonTarget	1	111784
436.78105095414406	1.0	NonTarget	1	111816
436.90605089718025	1.0	NonTarget	1	111848
437.03105084021644	1.0	NonTarget	1	111880
437.1560507832526	1.0	NonTarget	1	111912
437.28105072628875	1.0	NonTarget	1	111944
437.40605066932494	1.0	NonTarget	1	111976
437.5310506123611	1.0	NonTarget	1	112008
437.65605055539726	1.0	NonTarget	1	112040
437.78105049843344	1.0	NonTarget	1	112072
437.90605044146963	1.0	NonTarget	1	112104
438.0310503845058	1.0	NonTarget	1	112136
438.15605032754195	1.0	NonTarget	1	112168
438.28105027057813	1.0	NonTarget	1	112200
438.4060502136143	1.0	NonTarget	1	112232
438.5310501566505	1.0	NonTarget	1	112264
438.65605009968664	1.0	NonTarget	1	112296
438.7810500427228	1.0	NonTarget	1	112328
438.906049985759	1.0	NonTarget	1	112360
439.0310499287952	1.0	NonTarget	1	112392
439.1560498718313	1.0	NonTarget	1	112424
439.2810498148675	1.0	NonTarget	1	112456
439.4060497579037	1.0	NonTarget	1	112488
439.5310497009399	1.0	NonTarget	1	112520
439.656049643976	1.0	NonTarget	1	112552
439.7810495870122	1.0	NonTarget	1	112584
439.9060495300484	1.0	NonTarget	1	112616
440.0310494730846	1.0	NonTarget	1	112648
440.1560494161207	1.0	NonTarget	1	112680
440.2810493591569	1.0	NonTarget	1	112712
440.4060493021931	1.0	NonTarget	1	112744
440.5310492452292	1.0	NonTarget	1	112776
440.6560491882654	1.0	NonTarget	1	112808
440.7810491313016	1.0	NonTarget	1	112840
440.9060490743378	1.0	NonTarget	1	112872
441.0310490173739	1.0	NonTarget	1	112904
441.1560489604101	1.0	NonTarget	1	112936
441.2810489034463	1.0	NonTarget	1	112968
441.40604884648246	1.0	NonTarget	1	113000
441.5310487895186	1.0	NonTarget	1	113032
441.6560487325548	1.0	NonTarget	1	113064
441.78104867559097	1.0	NonTarget	1	113096
441.90604861862715	1.0	NonTarget	1	113128
442.0310485616633	1.0	NonTarget	1	113160
442.15604850469947	1.0	NonTarget	1	113192
442.28104844773566	1.0	NonTarget	1	113224
442.40604839077184	1.0	NonTarget	1	113256
442.531048333808	1.0	NonTarget	1	113288
442.65604827684416	1.0	NonTarget	1	113320
442.78104821988035	1.0	NonTarget	1	113352
442.90604816291653	1.0	NonTarget	1	113384
443.03104810595266	1.0	NonTarget	1	113416
443.15604804898885	1.0	NonTarget	1	113448
443.28104799202504	1.0	NonTarget	1	113480
443.4060479350612	1.0	NonTarget	1	113512
443.53104787809735	1.0	NonTarget	1	113544
443.65604782113354	1.0	NonTarget	1	113576
443.7810477641697	1.0	NonTarget	1	113608
443.90604770720586	1.0	NonTarget	1	113640
444.03104765024204	1.0	NonTarget	1	113672
444.15604759327823	1.0	NonTarget	1	113704
444.2810475363144	1.0	NonTarget	1	113736
444.40604747935055	1.0	NonTarget	1	113768
444.53104742238673	1.0	NonTarget	1	113800
444.6560473654229	1.0	NonTarget	1	113832
444.7810473084591	1.0	NonTarget	1	113864
444.90604725149524	1.0	NonTarget	1	113896
445.0310471945314	1.0	NonTarget	1	113928
445.1560471375676	1.0	NonTarget	1	113960
445.2810470806038	1.0	NonTarget	1	113992
445.4060470236399	1.0	NonTarget	1	114024
445.5310469666761	1.0	NonTarget	1	114056
445.6560469097123	1.0	NonTarget	1	114088
445.7810468527485	1.0	NonTarget	1	114120
445.9060467957846	1.0	NonTarget	1	114152
446.0310467388208	1.0	NonTarget	1	114184
446.156046681857	1.0	NonTarget	1	114216
446.2810466248932	1.0	NonTarget	1	114248
446.4060465679293	1.0	NonTarget	1	114280
446.5310465109655	1.0	NonTarget	1	114312
446.6560464540017	1.0	NonTarget	1	114344
446.78104639703787	1.0	NonTarget	1	114376
446.906046340074	1.0	NonTarget	1	114408
447.0310462831102	1.0	NonTarget	1	114440
447.1560462261464	1.0	NonTarget	1	114472
447.2810461691825	1.0	NonTarget	1	114504
447.4060461122187	1.0	NonTarget	1	114536
447.5310460552549	1.0	NonTarget	1	114568
447.65604599829106	1.0	NonTarget	1	114600
447.7810459413272	1.0	NonTarget	1	114632
447.9060458843634	1.0	NonTarget	1	114664
448.03104582739957	1.0	NonTarget	1	114696
448.15604577043575	1.0	NonTarget	1	114728
448.2810457134719	1.0	NonTarget	1	114760
448.40604565650807	1.0	NonTarget	1	114792
454.5310428652805	1.0	NonTarget	1	116360
454.65604280831667	1.0	NonTarget	1	116392
454.78104275135286	1.0	NonTarget	1	116424
454.90604269438904	1.0	NonTarget	1	116456
455.0310426374252	1.0	NonTarget	1	116488
455.15604258046136	1.0	NonTarget	1	116520
455.28104252349755	1.0	NonTarget	1	116552
455.40604246653373	1.0	NonTarget	1	116584
455.53104240956986	1.0	NonTarget	1	116616
455.65604235260605	1.0	NonTarget	1	116648
455.78104229564224	1.0	NonTarget	1	116680
455.9060422386784	1.0	NonTarget	1	116712
456.03104218171455	1.0	NonTarget	1	116744
456.15604212475074	1.0	NonTarget	1	116776
456.2810420677869	1.0	NonTarget	1	116808
456.4060420108231	1.0	NonTarget	1	116840
456.53104195385924	1.0	NonTarget	1	116872
456.65604189689543	1.0	NonTarget	1	116904
456.7810418399316	1.0	NonTarget	1	116936
456.90604178296775	1.0	NonTarget	1	116968
457.03104172600393	1.0	NonTarget	1	117000
457.1560416690401	1.0	NonTarget	1	117032
457.2810416120763	1.0	NonTarget	1	117064
457.40604155511244	1.0	NonTarget	1	117096
457.5310414981486	1.0	NonTarget	1	117128
457.6560414411848	1.0	NonTarget	1	117160
457.781041384221	1.0	NonTarget	1	117192
457.9060413272571	1.0	NonTarget	1	117224
458.0310412702933	1.0	NonTarget	1	117256
458.1560412133295	1.0	NonTarget	1	117288
458.2810411563657	1.0	NonTarget	1	117320
458.4060410994018	1.0	NonTarget	1	117352
458.531041042438	1.0	NonTarget	1	117384
458.6560409854742	1.0	NonTarget	1	117416
458.7810409285104	1.0	NonTarget	1	117448
458.9060408715465	1.0	NonTarget	1	117480
459.0310408145827	1.0	NonTarget	1	117512
459.1560407576189	1.0	NonTarget	1	117544
459.28104070065507	1.0	NonTarget	1	117576
459.4060406436912	1.0	NonTarget	1	117608
459.5310405867274	1.0	NonTarget	1	117640
459.6560405297636	1.0	NonTarget	1	117672
459.78104047279976	1.0	NonTarget	1	117704
459.9060404158359	1.0	NonTarget	1	117736
460.0310403588721	1.0	NonTarget	1	117768
460.15604030190826	1.0	NonTarget	1	117800
460.2810402449444	1.0	NonTarget	1	117832
460.4060401879806	1.0	NonTarget	1	117864
460.53104013101677	1.0	NonTarget	1	117896
460.65604007405295	1.0	NonTarget	1	117928
460.7810400170891	1.0	NonTarget	1	117960
460.90603996012527	1.0	NonTarget	1	117992
461.03103990316146	1.0	NonTarget	1	118024
461.15603984619764	1.0	NonTarget	1	118056
461.2810397892338	1.0	NonTarget	1	118088
461.40603973226996	1.0	NonTarget	1	118120
461.53103967530615	1.0	NonTarget	1	118152
461.65603961834233	1.0	NonTarget	1	118184
461.78103956137846	1.0	NonTarget	1	118216
461.90603950441465	1.0	NonTarget	1	118248
462.03103944745084	1.0	NonTarget	1	118280
462.156039390487	1.0	NonTarget	1	118312
462.28103933352315	1.0	NonTarget	1	118344
462.40603927655934	1.0	NonTarget	1	118376
462.5310392195955	1.0	NonTarget	1	118408
462.6560391626317	1.0	NonTarget	1	118440
462.78103910566784	1.0	NonTarget	1	118472
462.90603904870403	1.0	NonTarget	1	118504
463.0310389917402	1.0	NonTarget	1	118536
463.15603893477635	1.0	NonTarget	1	118568
463.28103887781253	1.0	NonTarget	1	118600
463.4060388208487	1.0	NonTarget	1	118632
463.5310387638849	1.0	NonTarget	1	118664
463.65603870692104	1.0	NonTarget	1	118696
463.7810386499572	1.0	NonTarget	1	118728
463.9060385929934	1.0	NonTarget	1	118760
464.0310385360296	1.0	NonTarget	1	118792
464.1560384790657	1.0	NonTarget	1	118824
464.2810384221019	1.0	NonTarget	1	118856
464.4060383651381	1.0	NonTarget	1	118888
464.5310383081743	1.0	NonTarget	1	118920
464.6560382512104	1.0	NonTarget	1	118952
464.7810381942466	1.0	NonTarget	1	118984
464.9060381372828	1.0	NonTarget	1	119016
465.031038080319	1.0	NonTarget	1	119048
465.1560380233551	1.0	NonTarget	1	119080
465.2810379663913	1.0	NonTarget	1	119112
465.4060379094275	1.0	NonTarget	1	119144
465.53103785246367	1.0	NonTarget	1	119176
465.6560377954998	1.0	NonTarget	1	119208
465.781037738536	1.0	NonTarget	1	119240
465.9060376815722	1.0	NonTarget	1	119272
466.03103762460836	1.0	NonTarget	1	119304
466.1560375676445	1.0	NonTarget	1	119336
466.2810375106807	1.0	NonTarget	1	119368
466.40603745371686	1.0	NonTarget	1	119400
472.5310346624893	1.0	NonTarget	1	120968
472.65603460552546	1.0	NonTarget	1	121000
472.78103454856165	1.0	NonTarget	1	121032
472.9060344915978	1.0	NonTarget	1	121064
473.03103443463397	1.0	NonTarget	1	121096
473.15603437767015	1.0	NonTarget	1	121128
473.2810343207063	1.0	NonTarget	1	121160
473.40603426374247	1.0	NonTarget	1	121192
473.53103420677866	1.0	NonTarget	1	121224
473.65603414981484	1.0	NonTarget	1	121256
473.781034092851	1.0	NonTarget	1	121288
473.90603403588716	1.0	NonTarget	1	121320
474.03103397892335	1.0	NonTarget	1	121352
474.15603392195953	1.0	NonTarget	1	121384
474.28103386499566	1.0	NonTarget	1	121416
474.40603380803185	1.0	NonTarget	1	121448
474.53103375106804	1.0	NonTarget	1	121480
474.6560336941042	1.0	NonTarget	1	121512
474.78103363714035	1.0	NonTarget	1	121544
474.90603358017654	1.0	NonTarget	1	121576
475.0310335232127	1.0	NonTarget	1	121608
475.1560334662489	1.0	NonTarget	1	121640
475.28103340928504	1.0	NonTarget	1	121672
475.40603335232123	1.0	NonTarget	1	121704
475.5310332953574	1.0	NonTarget	1	121736
475.6560332383936	1.0	NonTarget	1	121768
475.78103318142973	1.0	NonTarget	1	121800
475.9060331244659	1.0	NonTarget	1	121832
476.0310330675021	1.0	NonTarget	1	121864
476.15603301053824	1.0	NonTarget	1	121896
476.2810329535744	1.0	NonTarget	1	121928
476.4060328966106	1.0	NonTarget	1	121960
476.5310328396468	1.0	NonTarget	1	121992
476.6560327826829	1.0	NonTarget	1	122024
476.7810327257191	1.0	NonTarget	1	122056
476.9060326687553	1.0	NonTarget	1	122088
477.0310326117915	1.0	NonTarget	1	122120
477.1560325548276	1.0	NonTarget	1	122152
477.2810324978638	1.0	NonTarget	1	122184
477.4060324409	1.0	NonTarget	1	122216
477.5310323839362	1.0	NonTarget	1	122248
477.6560323269723	1.0	NonTarget	1	122280
477.7810322700085	1.0	NonTarget	1	122312
477.9060322130447	1.0	NonTarget	1	122344
478.03103215608087	1.0	NonTarget	1	122376
478.156032099117	1.0	NonTarget	1	122408
478.2810320421532	1.0	NonTarget	1	122440
478.4060319851894	1.0	NonTarget	1	122472
478.53103192822556	1.0	NonTarget	1	122504
478.6560318712617	1.0	NonTarget	1	122536
478.7810318142979	1.0	NonTarget	1	122568
478.90603175733406	1.0	NonTarget	1	122600
479.03103170037025	1.0	NonTarget	1	122632
479.1560316434064	1.0	NonTarget	1	122664
479.28103158644257	1.0	NonTarget	1	122696
479.40603152947875	1.0	NonTarget	1	122728
479.5310314725149	1.0	NonTarget	1	122760
479.65603141555107	1.0	NonTarget	1	122792
479.78103135858726	1.0	NonTarget	1	122824
479.90603130162344	1.0	NonTarget	1	122856
480.0310312446596	1.0	NonTarget	1	122888
480.15603118769576	1.0	NonTarget	1	122920
480.28103113073195	1.0	NonTarget	1	122952
480.40603107376813	1.0	NonTarget	1	122984
480.53103101680426	1.0	NonTarget	1	123016
480.65603095984045	1.0	NonTarget	1	123048
480.78103090287664	1.0	NonTarget	1	123080
480.9060308459128	1.0	NonTarget	1	123112
481.03103078894895	1.0	NonTarget	1	123144
481.15603073198514	1.0	NonTarget	1	123176
481.2810306750213	1.0	NonTarget	1	123208
481.4060306180575	1.0	NonTarget	1	123240
481.53103056109364	1.0	NonTarget	1	123272
481.65603050412983	1.0	NonTarget	1	123304
481.781030447166	1.0	NonTarget	1	123336
481.9060303902022	1.0	NonTarget	1	123368
482.03103033323833	1.0	NonTarget	1	123400
482.1560302762745	1.0	NonTarget	1	123432
482.2810302193107	1.0	NonTarget	1	123464
482.4060301623469	1.0	NonTarget	1	123496
482.531030105383	1.0	NonTarget	1	123528
482.6560300484192	1.0	NonTarget	1	123560
482.7810299914554	1.0	NonTarget	1	123592
482.9060299344915	1.0	NonTarget	1	123624
483.0310298775277	1.0	NonTarget	1	123656
483.1560298205639	1.0	NonTarget	1	123688
483.2810297636001	1.0	NonTarget	1	123720
483.4060297066362	1.0	NonTarget	1	123752
483.5310296496724	1.0	NonTarget	1	123784
483.6560295927086	1.0	NonTarget	1	123816
483.7810295357448	1.0	NonTarget	1	123848
483.9060294787809	1.0	NonTarget	1	123880
484.0310294218171	1.0	NonTarget	1	123912
484.1560293648533	1.0	NonTarget	1	123944
484.28102930788947	1.0	NonTarget	1	123976
484.4060292509256	1.0	NonTarget	1	124008
490.53102645969807	1.0	NonTarget	1	125576
490.6560264027342	1.0	NonTarget	1	125608
490.7810263457704	1.0	NonTarget	1	125640
490.9060262888066	1.0	NonTarget	1	125672
491.03102623184276	1.0	NonTarget	1	125704
491.1560261748789	1.0	NonTarget	1	125736
491.2810261179151	1.0	NonTarget	1	125768
491.40602606095126	1.0	NonTarget	1	125800
491.53102600398745	1.0	NonTarget	1	125832
491.6560259470236	1.0	NonTarget	1	125864
491.78102589005977	1.0	NonTarget	1	125896
491.90602583309595	1.0	NonTarget	1	125928
492.03102577613214	1.0	NonTarget	1	125960
492.15602571916827	1.0	NonTarget	1	125992
492.28102566220446	1.0	NonTarget	1	126024
492.40602560524064	1.0	NonTarget	1	126056
492.5310255482768	1.0	NonTarget	1	126088
492.65602549131296	1.0	NonTarget	1	126120
492.78102543434915	1.0	NonTarget	1	126152
492.90602537738533	1.0	NonTarget	1	126184
493.03102532042146	1.0	NonTarget	1	126216
493.15602526345765	1.0	NonTarget	1	126248
493.28102520649384	1.0	NonTarget	1	126280
493.40602514953	1.0	NonTarget	1	126312
493.53102509256615	1.0	NonTarget	1	126344
493.65602503560234	1.0	NonTarget	1	126376
493.7810249786385	1.0	NonTarget	1	126408
493.9060249216747	1.0	NonTarget	1	126440
494.03102486471084	1.0	NonTarget	1	126472
494.15602480774703	1.0	NonTarget	1	126504
494.2810247507832	1.0	NonTarget	1	126536
494.4060246938194	1.0	NonTarget	1	126568
494.53102463685553	1.0	NonTarget	1	126600
494.6560245798917	1.0	NonTarget	1	126632
494.7810245229279	1.0	NonTarget	1	126664
494.9060244659641	1.0	NonTarget	1	126696
495.0310244090002	1.0	NonTarget	1	126728
495.1560243520364	1.0	NonTarget	1	126760
495.2810242950726	1.0	NonTarget	1	126792
495.4060242381088	1.0	NonTarget	1	126824
495.5310241811449	1.0	NonTarget	1	126856
495.6560241241811	1.0	NonTarget	1	126888
495.7810240672173	1.0	NonTarget	1	126920
495.9060240102534	1.0	NonTarget	1	126952
496.0310239532896	1.0	NonTarget	1	126984
496.1560238963258	1.0	NonTarget	1	127016
496.281023839362	1.0	NonTarget	1	127048
496.4060237823981	1.0	NonTarget	1	127080
496.5310237254343	1.0	NonTarget	1	127112
496.6560236684705	1.0	NonTarget	1	127144
496.78102361150667	1.0	NonTarget	1	127176
496.9060235545428	1.0	NonTarget	1	127208
497.031023497579	1.0	NonTarget	1	127240
497.1560234406152	1.0	NonTarget	1	127272
497.28102338365136	1.0	NonTarget	1	127304
497.4060233266875	1.0	NonTarget	1	127336
497.5310232697237	1.0	NonTarget	1	127368
497.65602321275986	1.0	NonTarget	1	127400
497.78102315579605	1.0	NonTarget	1	127432
497.9060230988322	1.0	NonTarget	1	127464
498.03102304186837	1.0	NonTarget	1	127496
498.15602298490455	1.0	NonTarget	1	127528
498.28102292794074	1.0	NonTarget	1	127560
498.40602287097687	1.0	NonTarget	1	127592
498.53102281401306	1.0	NonTarget	1	127624
498.65602275704924	1.0	NonTarget	1	127656
498.78102270008543	1.0	NonTarget	1	127688
498.90602264312156	1.0	NonTarget	1	127720
499.03102258615775	1.0	NonTarget	1	127752
499.15602252919393	1.0	NonTarget	1	127784
499.28102247223006	1.0	NonTarget	1	127816
499.40602241526625	1.0	NonTarget	1	127848
499.53102235830244	1.0	NonTarget	1	127880
499.6560223013386	1.0	NonTarget	1	127912
499.78102224437475	1.0	NonTarget	1	127944
499.90602218741094	1.0	NonTarget	1	127976
500.0310221304471	1.0	NonTarget	1	128008
500.1560220734833	1.0	NonTarget	1	128040
500.28102201651944	1.0	NonTarget	1	128072
500.40602195955563	1.0	NonTarget	1	128104
500.5310219025918	1.0	NonTarget	1	128136
500.656021845628	1.0	NonTarget	1	128168
500.78102178866413	1.0	NonTarget	1	128200
500.9060217317003	1.0	NonTarget	1	128232
501.0310216747365	1.0	NonTarget	1	128264
501.1560216177727	1.0	NonTarget	1	128296
501.2810215608088	1.0	NonTarget	1	128328
501.406021503845	1.0	NonTarget	1	128360
501.5310214468812	1.0	NonTarget	1	128392
501.6560213899174	1.0	NonTarget	1	128424
501.7810213329535	1.0	NonTarget	1	128456
501.9060212759897	1.0	NonTarget	1	128488
502.0310212190259	1.0	NonTarget	1	128520
502.156021162062	1.0	NonTarget	1	128552
502.2810211050982	1.0	NonTarget	1	128584
502.4060210481344	1.0	NonTarget	1	128616
508.5310182569068	1.0	NonTarget	1	130184
508.656018199943	1.0	NonTarget	1	130216
508.7810181429792	1.0	NonTarget	1	130248
508.9060180860153	1.0	NonTarget	1	130280
509.0310180290515	1.0	NonTarget	1	130312
509.1560179720877	1.0	NonTarget	1	130344
509.28101791512387	1.0	NonTarget	1	130376
509.40601785816	1.0	NonTarget	1	130408
509.5310178011962	1.0	NonTarget	1	130440
509.6560177442324	1.0	NonTarget	1	130472
509.78101768726856	1.0	NonTarget	1	130504
509.9060176303047	1.0	NonTarget	1	130536
510.0310175733409	1.0	NonTarget	1	130568
510.15601751637706	1.0	NonTarget	1	130600
510.28101745941325	1.0	NonTarget	1	130632
510.4060174024494	1.0	NonTarget	1	130664
510.53101734548557	1.0	NonTarget	1	130696
510.65601728852175	1.0	NonTarget	1	130728
510.78101723155794	1.0	NonTarget	1	130760
510.90601717459407	1.0	NonTarget	1	130792
511.03101711763026	1.0	NonTarget	1	130824
511.15601706066644	1.0	NonTarget	1	130856
511.28101700370263	1.0	NonTarget	1	130888
511.40601694673876	1.0	NonTarget	1	130920
511.53101688977495	1.0	NonTarget	1	130952
511.65601683281113	1.0	NonTarget	1	130984
511.78101677584726	1.0	NonTarget	1	131016
511.90601671888345	1.0	NonTarget	1	131048
512.0310166619196	1.0	NonTarget	1	131080
512.1560166049558	1.0	NonTarget	1	131112
512.281016547992	1.0	NonTarget	1	131144
512.4060164910281	1.0	NonTarget	1	131176
512.5310164340643	1.0	NonTarget	1	131208
512.6560163771005	1.0	NonTarget	1	131240
512.7810163201367	1.0	NonTarget	1	131272
512.9060162631729	1.0	NonTarget	1	131304
513.031016206209	1.0	NonTarget	1	131336
513.1560161492451	1.0	NonTarget	1	131368
513.2810160922813	1.0	NonTarget	1	131400
513.4060160353175	1.0	NonTarget	1	131432
513.5310159783537	1.0	NonTarget	1	131464
513.6560159213899	1.0	NonTarget	1	131496
513.7810158644261	1.0	NonTarget	1	131528
513.9060158074623	1.0	NonTarget	1	131560
514.0310157504983	1.0	NonTarget	1	131592
514.1560156935345	1.0	NonTarget	1	131624
514.2810156365707	1.0	NonTarget	1	131656
514.4060155796069	1.0	NonTarget	1	131688
514.5310155226431	1.0	NonTarget	1	131720
514.6560154656793	1.0	NonTarget	1	131752
514.7810154087155	1.0	NonTarget	1	131784
514.9060153517516	1.0	NonTarget	1	131816
515.0310152947877	1.0	NonTarget	1	131848
515.1560152378239	1.0	NonTarget	1	131880
515.2810151808601	1.0	NonTarget	1	131912
515.4060151238963	1.0	NonTarget	1	131944
515.5310150669325	1.0	NonTarget	1	131976
515.6560150099687	1.0	NonTarget	1	132008
515.7810149530048	1.0	NonTarget	1	132040
515.9060148960409	1.0	NonTarget	1	132072
516.0310148390771	1.0	NonTarget	1	132104
516.1560147821133	1.0	NonTarget	1	132136
516.2810147251495	1.0	NonTarget	1	132168
516.4060146681857	1.0	NonTarget	1	132200
516.5310146112218	1.0	NonTarget	1	132232
516.656014554258	1.0	NonTarget	1	132264
516.7810144972942	1.0	NonTarget	1	132296
516.9060144403303	1.0	NonTarget	1	132328
517.0310143833665	1.0	NonTarget	1	132360
517.1560143264027	1.0	NonTarget	1	132392
517.2810142694389	1.0	NonTarget	1	132424
517.406014212475	1.0	NonTarget	1	132456
517.5310141555112	1.0	NonTarget	1	132488
517.6560140985474	1.0	NonTarget	1	132520
517.7810140415836	1.0	NonTarget	1	132552
517.9060139846197	1.0	NonTarget	1	132584
518.0310139276559	1.0	NonTarget	1	132616
518.156013870692	1.0	NonTarget	1	132648
518.2810138137282	1.0	NonTarget	1	132680
518.4060137567644	1.0	NonTarget	1	132712
518.5310136998006	1.0	NonTarget	1	132744
518.6560136428368	1.0	NonTarget	1	132776
518.7810135858729	1.0	NonTarget	1	132808
518.906013528909	1.0	NonTarget	1	132840
519.0310134719452	1.0	NonTarget	1	132872
519.1560134149814	1.0	NonTarget	1	132904
519.2810133580176	1.0	NonTarget	1	132936
519.4060133010538	1.0	NonTarget	1	132968
519.53101324409	1.0	NonTarget	1	133000
519.6560131871262	1.0	NonTarget	1	133032
519.7810131301623	1.0	NonTarget	1	133064
519.9060130731984	1.0	NonTarget	1	133096
520.0310130162346	1.0	NonTarget	1	133128
520.1560129592708	1.0	NonTarget	1	133160
520.281012902307	1.0	NonTarget	1	133192
520.4060128453432	1.0	NonTarget	1	133224
526.5310100541155	1.0	NonTarget	1	134792
526.6560099971517	1.0	NonTarget	1	134824
526.7810099401879	1.0	NonTarget	1	134856
526.9060098832241	1.0	NonTarget	1	134888
527.0310098262603	1.0	NonTarget	1	134920
527.1560097692965	1.0	NonTarget	1	134952
527.2810097123327	1.0	NonTarget	1	134984
527.4060096553688	1.0	NonTarget	1	135016
527.5310095984049	1.0	NonTarget	1	135048
527.6560095414411	1.0	NonTarget	1	135080
527.7810094844773	1.0	NonTarget	1	135112
527.9060094275135	1.0	NonTarget	1	135144
528.0310093705497	1.0	NonTarget	1	135176
528.1560093135859	1.0	NonTarget	1	135208
528.281009256622	1.0	NonTarget	1	135240
528.4060091996581	1.0	NonTarget	1	135272
528.5310091426943	1.0	NonTarget	1	135304
528.6560090857305	1.0	NonTarget	1	135336
528.7810090287667	1.0	NonTarget	1	135368
528.9060089718029	1.0	NonTarget	1	135400
529.031008914839	1.0	NonTarget	1	135432
529.1560088578752	1.0	NonTarget	1	135464
529.2810088009114	1.0	NonTarget	1	135496
529.4060087439475	1.0	NonTarget	1	135528
529.5310086869837	1.0	NonTarget	1	135560
529.6560086300199	1.0	NonTarget	1	135592
529.781008573056	1.0	NonTarget	1	135624
529.9060085160922	1.0	NonTarget	1	135656
530.0310084591284	1.0	NonTarget	1	135688
530.1560084021646	1.0	NonTarget	1	135720
530.2810083452008	1.0	NonTarget	1	135752
530.4060082882369	1.0	NonTarget	1	135784
530.5310082312731	1.0	NonTarget	1	135816
530.6560081743092	1.0	NonTarget	1	135848
530.7810081173454	1.0	NonTarget	1	135880
530.9060080603816	1.0	NonTarget	1	135912
531.0310080034178	1.0	NonTarget	1	135944
531.156007946454	1.0	NonTarget	1	135976
531.2810078894901	1.0	NonTarget	1	136008
531.4060078325263	1.0	NonTarget	1	136040
531.5310077755624	1.0	NonTarget	1	136072
531.6560077185986	1.0	NonTarget	1	136104
531.7810076616348	1.0	NonTarget	1	136136
531.906007604671	1.0	NonTarget	1	136168
532.0310075477072	1.0	NonTarget	1	136200
532.1560074907434	1.0	NonTarget	1	136232
532.2810074337795	1.0	NonTarget	1	136264
532.4060073768156	1.0	NonTarget	1	136296
532.5310073198518	1.0	NonTarget	1	136328
532.656007262888	1.0	NonTarget	1	136360
532.7810072059242	1.0	NonTarget	1	136392
532.9060071489604	1.0	NonTarget	1	136424
533.0310070919966	1.0	NonTarget	1	136456
533.1560070350328	1.0	NonTarget	1	136488
533.2810069780688	1.0	NonTarget	1	136520
533.406006921105	1.0	NonTarget	1	136552
533.5310068641412	1.0	NonTarget	1	136584
533.6560068071774	1.0	NonTarget	1	136616
533.7810067502136	1.0	NonTarget	1	136648
533.9060066932498	1.0	NonTarget	1	136680
534.031006636286	1.0	NonTarget	1	136712
534.1560065793221	1.0	NonTarget	1	136744
534.2810065223582	1.0	NonTarget	1	136776
534.4060064653944	1.0	NonTarget	1	136808
534.5310064084306	1.0	NonTarget	1	136840
534.6560063514668	1.0	NonTarget	1	136872
534.781006294503	1.0	NonTarget	1	136904
534.9060062375391	1.0	NonTarget	1	136936
535.0310061805753	1.0	NonTarget	1	136968
535.1560061236114	1.0	NonTarget	1	137000
535.2810060666476	1.0	NonTarget	1	137032
535.4060060096838	1.0	NonTarget	1	137064
535.53100595272	1.0	NonTarget	1	137096
535.6560058957562	1.0	NonTarget	1	137128
535.7810058387923	1.0	NonTarget	1	137160
535.9060057818285	1.0	NonTarget	1	137192
536.0310057248647	1.0	NonTarget	1	137224
536.1560056679008	1.0	NonTarget	1	137256
536.281005610937	1.0	NonTarget	1	137288
536.4060055539732	1.0	NonTarget	1	137320
536.5310054970093	1.0	NonTarget	1	137352
536.6560054400455	1.0	NonTarget	1	137384
536.7810053830817	1.0	NonTarget	1	137416
536.9060053261179	1.0	NonTarget	1	137448
537.0310052691541	1.0	NonTarget	1	137480
537.1560052121902	1.0	NonTarget	1	137512
537.2810051552264	1.0	NonTarget	1	137544
537.4060050982625	1.0	NonTarget	1	137576
537.5310050412987	1.0	NonTarget	1	137608
537.6560049843349	1.0	NonTarget	1	137640
537.7810049273711	1.0	NonTarget	1	137672
537.9060048704073	1.0	NonTarget	1	137704
538.0310048134434	1.0	NonTarget	1	137736
538.1560047564795	1.0	NonTarget	1	137768
538.2810046995157	1.0	NonTarget	1	137800
538.4060046425519	1.0	NonTarget	1	137832
544.5310018513244	1.0	NonTarget	1	139400
544.6560017943606	1.0	NonTarget	1	139432
544.7810017373967	1.0	NonTarget	1	139464
544.9060016804328	1.0	NonTarget	1	139496
545.031001623469	1.0	NonTarget	1	139528
545.1560015665052	1.0	NonTarget	1	139560
545.2810015095414	1.0	NonTarget	1	139592
545.4060014525776	1.0	NonTarget	1	139624
545.5310013956138	1.0	NonTarget	1	139656
545.65600133865	1.0	NonTarget	1	139688
545.781001281686	1.0	NonTarget	1	139720
545.9060012247222	1.0	NonTarget	1	139752
546.0310011677584	1.0	NonTarget	1	139784
546.1560011107946	1.0	NonTarget	1	139816
546.2810010538308	1.0	NonTarget	1	139848
546.406000996867	1.0	NonTarget	1	139880
546.5310009399032	1.0	NonTarget	1	139912
546.6560008829393	1.0	NonTarget	1	139944
546.7810008259754	1.0	NonTarget	1	139976
546.9060007690116	1.0	NonTarget	1	140008
547.0310007120478	1.0	NonTarget	1	140040
547.156000655084	1.0	NonTarget	1	140072
547.2810005981202	1.0	NonTarget	1	140104
547.4060005411563	1.0	NonTarget	1	140136
547.5310004841925	1.0	NonTarget	1	140168
547.6560004272286	1.0	NonTarget	1	140200
547.7810003702648	1.0	NonTarget	1	140232
547.906000313301	1.0	NonTarget	1	140264
548.0310002563372	1.0	NonTarget	1	140296
548.1560001993734	1.0	NonTarget	1	140328
548.2810001424095	1.0	NonTarget	1	140360
548.4060000854457	1.0	NonTarget	1	140392
548.5310000284819	1.0	NonTarget	1	140424
548.655999971518	1.0	NonTarget	1	140456
548.7809999145542	1.0	NonTarget	1	140488
548.9059998575904	1.0	NonTarget	1	140520
549.0309998006265	1.0	NonTarget	1	140552
549.1559997436627	1.0	NonTarget	1	140584
549.2809996866989	1.0	NonTarget	1	140616
549.4059996297351	1.0	NonTarget	1	140648
549.5309995727713	1.0	NonTarget	1	140680
549.6559995158074	1.0	NonTarget	1	140712
549.7809994588436	1.0	NonTarget	1	140744
549.9059994018797	1.0	NonTarget	1	140776
550.0309993449159	1.0	NonTarget	1	140808
550.1559992879521	1.0	NonTarget	1	140840
550.2809992309883	1.0	NonTarget	1	140872
550.4059991740245	1.0	NonTarget	1	140904
550.5309991170607	1.0	NonTarget	1	140936
550.6559990600967	1.0	NonTarget	1	140968
550.7809990031329	1.0	NonTarget	1	141000
550.9059989461691	1.0	NonTarget	1	141032
551.0309988892053	1.0	NonTarget	1	141064
551.1559988322415	1.0	NonTarget	1	141096
551.2809987752777	1.0	NonTarget	1	141128
551.4059987183139	1.0	NonTarget	1	141160
551.5309986613499	1.0	NonTarget	1	141192
551.6559986043861	1.0	NonTarget	1	141224
551.7809985474223	1.0	NonTarget	1	141256
551.9059984904585	1.0	NonTarget	1	141288
552.0309984334947	1.0	NonTarget	1	141320
552.1559983765309	1.0	NonTarget	1	141352
552.2809983195671	1.0	NonTarget	1	141384
552.4059982626032	1.0	NonTarget	1	141416
552.5309982056393	1.0	NonTarget	1	141448
552.6559981486755	1.0	NonTarget	1	141480
552.7809980917117	1.0	NonTarget	1	141512
552.9059980347479	1.0	NonTarget	1	141544
553.0309979777841	1.0	NonTarget	1	141576
553.1559979208203	1.0	NonTarget	1	141608
553.2809978638564	1.0	NonTarget	1	141640
553.4059978068926	1.0	NonTarget	1	141672
553.5309977499287	1.0	NonTarget	1	141704
553.6559976929649	1.0	NonTarget	1	141736
553.7809976360011	1.0	NonTarget	1	141768
553.9059975790373	1.0	NonTarget	1	141800
554.0309975220734	1.0	NonTarget	1	141832
554.1559974651096	1.0	NonTarget	1	141864
554.2809974081458	1.0	NonTarget	1	141896
554.4059973511819	1.0	NonTarget	1	141928
554.5309972942181	1.0	NonTarget	1	141960
554.6559972372543	1.0	NonTarget	1	141992
554.7809971802905	1.0	NonTarget	1	142024
554.9059971233266	1.0	NonTarget	1	142056
555.0309970663628	1.0	NonTarget	1	142088
555.155997009399	1.0	NonTarget	1	142120
555.2809969524352	1.0	NonTarget	1	142152
555.4059968954713	1.0	NonTarget	1	142184
555.5309968385075	1.0	NonTarget	1	142216
555.6559967815436	1.0	NonTarget	1	142248
555.7809967245798	1.0	NonTarget	1	142280
555.905996667616	1.0	NonTarget	1	142312
556.0309966106522	1.0	NonTarget	1	142344
556.1559965536884	1.0	NonTarget	1	142376
556.2809964967246	1.0	NonTarget	1	142408
556.4059964397607	1.0	NonTarget	1	142440
562.5309936485331	1.0	NonTarget	1	144008
562.6559935915693	1.0	NonTarget	1	144040
562.7809935346055	1.0	NonTarget	1	144072
562.9059934776417	1.0	NonTarget	1	144104
563.0309934206779	1.0	NonTarget	1	144136
563.155993363714	1.0	NonTarget	1	144168
563.2809933067501	1.0	NonTarget	1	144200
563.4059932497863	1.0	NonTarget	1	144232
563.5309931928225	1.0	NonTarget	1	144264
563.6559931358587	1.0	NonTarget	1	144296
563.7809930788949	1.0	NonTarget	1	144328
563.9059930219311	1.0	NonTarget	1	144360
564.0309929649671	1.0	NonTarget	1	144392
564.1559929080033	1.0	NonTarget	1	144424
564.2809928510395	1.0	NonTarget	1	144456
564.4059927940757	1.0	NonTarget	1	144488
564.5309927371119	1.0	NonTarget	1	144520
564.6559926801481	1.0	NonTarget	1	144552
564.7809926231843	1.0	NonTarget	1	144584
564.9059925662204	1.0	NonTarget	1	144616
565.0309925092565	1.0	NonTarget	1	144648
565.1559924522927	1.0	NonTarget	1	144680
565.2809923953289	1.0	NonTarget	1	144712
565.4059923383651	1.0	NonTarget	1	144744
565.5309922814013	1.0	NonTarget	1	144776
565.6559922244375	1.0	NonTarget	1	144808
565.7809921674736	1.0	NonTarget	1	144840
565.9059921105098	1.0	NonTarget	1	144872
566.0309920535459	1.0	NonTarget	1	144904
566.1559919965821	1.0	NonTarget	1	144936
566.2809919396183	1.0	NonTarget	1	144968
566.4059918826545	1.0	NonTarget	1	145000
566.5309918256906	1.0	NonTarget	1	145032
566.6559917687268	1.0	NonTarget	1	145064
566.780991711763	1.0	NonTarget	1	145096
566.9059916547992	1.0	NonTarget	1	145128
567.0309915978353	1.0	NonTarget	1	145160
567.1559915408715	1.0	NonTarget	1	145192
567.2809914839077	1.0	NonTarget	1	145224
567.4059914269438	1.0	NonTarget	1	145256
567.53099136998	1.0	NonTarget	1	145288
567.6559913130162	1.0	NonTarget	1	145320
567.7809912560524	1.0	NonTarget	1	145352
567.9059911990885	1.0	NonTarget	1	145384
568.0309911421247	1.0	NonTarget	1	145416
568.1559910851608	1.0	NonTarget	1	145448
568.280991028197	1.0	NonTarget	1	145480
568.4059909712332	1.0	NonTarget	1	145512
568.5309909142694	1.0	NonTarget	1	145544
568.6559908573056	1.0	NonTarget	1	145576
568.7809908003418	1.0	NonTarget	1	145608
568.9059907433779	1.0	NonTarget	1	145640
569.030990686414	1.0	NonTarget	1	145672
569.1559906294502	1.0	NonTarget	1	145704
569.2809905724864	1.0	NonTarget	1	145736
569.4059905155226	1.0	NonTarget	1	145768
569.5309904585588	1.0	NonTarget	1	145800
569.655990401595	1.0	NonTarget	1	145832
569.7809903446312	1.0	NonTarget	1	145864
569.9059902876672	1.0	NonTarget	1	145896
570.0309902307034	1.0	NonTarget	1	145928
570.1559901737396	1.0	NonTarget	1	145960
570.2809901167758	1.0	NonTarget	1	145992
570.405990059812	1.0	NonTarget	1	146024
570.5309900028482	1.0	NonTarget	1	146056
570.6559899458844	1.0	NonTarget	1	146088
570.7809898889204	1.0	NonTarget	1	146120
570.9059898319566	1.0	NonTarget	1	146152
571.0309897749928	1.0	NonTarget	1	146184
571.155989718029	1.0	NonTarget	1	146216
571.2809896610652	1.0	NonTarget	1	146248
571.4059896041014	1.0	NonTarget	1	146280
571.5309895471376	1.0	NonTarget	1	146312
571.6559894901737	1.0	NonTarget	1	146344
571.7809894332098	1.0	NonTarget	1	146376
571.905989376246	1.0	NonTarget	1	146408
572.0309893192822	1.0	NonTarget	1	146440
572.1559892623184	1.0	NonTarget	1	146472
572.2809892053546	1.0	NonTarget	1	146504
572.4059891483907	1.0	NonTarget	1	146536
572.5309890914269	1.0	NonTarget	1	146568
572.6559890344631	1.0	NonTarget	1	146600
572.7809889774992	1.0	NonTarget	1	146632
572.9059889205354	1.0	NonTarget	1	146664
573.0309888635716	1.0	NonTarget	1	146696
573.1559888066078	1.0	NonTarget	1	146728
573.2809887496439	1.0	NonTarget	1	146760
573.4059886926801	1.0	NonTarget	1	146792
573.5309886357163	1.0	NonTarget	1	146824
573.6559885787524	1.0	NonTarget	1	146856
573.7809885217886	1.0	NonTarget	1	146888
573.9059884648248	1.0	NonTarget	1	146920
574.030988407861	1.0	NonTarget	1	146952
574.1559883508971	1.0	NonTarget	1	146984
574.2809882939333	1.0	NonTarget	1	147016
574.4059882369695	1.0	NonTarget	1	147048
580.5309854457419	1.0	NonTarget	1	148616
580.655985388778	1.0	NonTarget	1	148648
580.7809853318142	1.0	NonTarget	1	148680
580.9059852748504	1.0	NonTarget	1	148712
581.0309852178866	1.0	NonTarget	1	148744
581.1559851609228	1.0	NonTarget	1	148776
581.280985103959	1.0	NonTarget	1	148808
581.405985046995	1.0	NonTarget	1	148840
581.5309849900312	1.0	NonTarget	1	148872
581.6559849330674	1.0	NonTarget	1	148904
581.7809848761036	1.0	NonTarget	1	148936
581.9059848191398	1.0	NonTarget	1	148968
582.030984762176	1.0	NonTarget	1	149000
582.1559847052122	1.0	NonTarget	1	149032
582.2809846482484	1.0	NonTarget	1	149064
582.4059845912844	1.0	NonTarget	1	149096
582.5309845343206	1.0	NonTarget	1	149128
582.6559844773568	1.0	NonTarget	1	149160
582.780984420393	1.0	NonTarget	1	149192
582.9059843634292	1.0	NonTarget	1	149224
583.0309843064654	1.0	NonTarget	1	149256
583.1559842495016	1.0	NonTarget	1	149288
583.2809841925376	1.0	NonTarget	1	149320
583.4059841355738	1.0	NonTarget	1	149352
583.53098407861	1.0	NonTarget	1	149384
583.6559840216462	1.0	NonTarget	1	149416
583.7809839646824	1.0	NonTarget	1	149448
583.9059839077186	1.0	NonTarget	1	149480
584.0309838507548	1.0	NonTarget	1	149512
584.1559837937909	1.0	NonTarget	1	149544
584.280983736827	1.0	NonTarget	1	149576
584.4059836798632	1.0	NonTarget	1	149608
584.5309836228994	1.0	NonTarget	1	149640
584.6559835659356	1.0	NonTarget	1	149672
584.7809835089718	1.0	NonTarget	1	149704
584.905983452008	1.0	NonTarget	1	149736
585.0309833950441	1.0	NonTarget	1	149768
585.1559833380803	1.0	NonTarget	1	149800
585.2809832811164	1.0	NonTarget	1	149832
585.4059832241526	1.0	NonTarget	1	149864
585.5309831671888	1.0	NonTarget	1	149896
585.655983110225	1.0	NonTarget	1	149928
585.7809830532611	1.0	NonTarget	1	149960
585.9059829962973	1.0	NonTarget	1	149992
586.0309829393335	1.0	NonTarget	1	150024
586.1559828823697	1.0	NonTarget	1	150056
586.2809828254058	1.0	NonTarget	1	150088
586.405982768442	1.0	NonTarget	1	150120
586.5309827114781	1.0	NonTarget	1	150152
586.6559826545143	1.0	NonTarget	1	150184
586.7809825975505	1.0	NonTarget	1	150216
586.9059825405867	1.0	NonTarget	1	150248
587.0309824836229	1.0	NonTarget	1	150280
587.155982426659	1.0	NonTarget	1	150312
587.2809823696952	1.0	NonTarget	1	150344
587.4059823127313	1.0	NonTarget	1	150376
587.5309822557675	1.0	NonTarget	1	150408
587.6559821988037	1.0	NonTarget	1	150440
587.7809821418399	1.0	NonTarget	1	150472
587.9059820848761	1.0	NonTarget	1	150504
588.0309820279123	1.0	NonTarget	1	150536
588.1559819709483	1.0	NonTarget	1	150568
588.2809819139845	1.0	NonTarget	1	150600
588.4059818570207	1.0	NonTarget	1	150632
588.5309818000569	1.0	NonTarget	1	150664
588.6559817430931	1.0	NonTarget	1	150696
588.7809816861293	1.0	NonTarget	1	150728
588.9059816291655	1.0	NonTarget	1	150760
589.0309815722017	1.0	NonTarget	1	150792
589.1559815152377	1.0	NonTarget	1	150824
589.2809814582739	1.0	NonTarget	1	150856
589.4059814013101	1.0	NonTarget	1	150888
589.5309813443463	1.0	NonTarget	1	150920
589.6559812873825	1.0	NonTarget	1	150952
589.7809812304187	1.0	NonTarget	1	150984
589.9059811734548	1.0	NonTarget	1	151016
590.0309811164909	1.0	NonTarget	1	151048
590.1559810595271	1.0	NonTarget	1	151080
590.2809810025633	1.0	NonTarget	1	151112
590.4059809455995	1.0	NonTarget	1	151144
590.5309808886357	1.0	NonTarget	1	151176
590.6559808316719	1.0	NonTarget	1	151208
590.780980774708	1.0	NonTarget	1	151240
590.9059807177442	1.0	NonTarget	1	151272
591.0309806607803	1.0	NonTarget	1	151304
591.1559806038165	1.0	NonTarget	1	151336
591.2809805468527	1.0	NonTarget	1	151368
591.4059804898889	1.0	NonTarget	1	151400
591.530980432925	1.0	NonTarget	1	151432
591.6559803759612	1.0	NonTarget	1	151464
591.7809803189974	1.0	NonTarget	1	151496
591.9059802620336	1.0	NonTarget	1	151528
592.0309802050697	1.0	NonTarget	1	151560
592.1559801481059	1.0	NonTarget	1	151592
592.280980091142	1.0	NonTarget	1	151624
592.4059800341782	1.0	NonTarget	1	151656
598.5309772429507	1.0	NonTarget	1	153224
598.6559771859869	1.0	NonTarget	1	153256
598.780977129023	1.0	NonTarget	1	153288
598.9059770720592	1.0	NonTarget	1	153320
599.0309770150953	1.0	NonTarget	1	153352
599.1559769581315	1.0	NonTarget	1	153384
599.2809769011677	1.0	NonTarget	1	153416
599.4059768442039	1.0	NonTarget	1	153448
599.5309767872401	1.0	NonTarget	1	153480
599.6559767302762	1.0	NonTarget	1	153512
599.7809766733124	1.0	NonTarget	1	153544
599.9059766163485	1.0	NonTarget	1	153576
600.0309765593847	1.0	NonTarget	1	153608
600.1559765024209	1.0	NonTarget	1	153640
600.2809764454571	1.0	NonTarget	1	153672
600.4059763884933	1.0	NonTarget	1	153704
600.5309763315295	1.0	NonTarget	1	153736
600.6559762745655	1.0	NonTarget	1	153768
600.7809762176017	1.0	NonTarget	1	153800
600.9059761606379	1.0	NonTarget	1	153832
601.0309761036741	1.0	NonTarget	1	153864
601.1559760467103	1.0	NonTarget	1	153896
601.2809759897465	1.0	NonTarget	1	153928
601.4059759327827	1.0	NonTarget	1	153960
601.5309758758189	1.0	NonTarget	1	153992
601.6559758188549	1.0	NonTarget	1	154024
601.7809757618911	1.0	NonTarget	1	154056
601.9059757049273	1.0	NonTarget	1	154088
602.0309756479635	1.0	NonTarget	1	154120
602.1559755909997	1.0	NonTarget	1	154152
602.2809755340359	1.0	NonTarget	1	154184
602.405975477072	1.0	NonTarget	1	154216
602.5309754201082	1.0	NonTarget	1	154248
602.6559753631443	1.0	NonTarget	1	154280
602.7809753061805	1.0	NonTarget	1	154312
602.9059752492167	1.0	NonTarget	1	154344
603.0309751922529	1.0	NonTarget	1	154376
603.155975135289	1.0	NonTarget	1	154408
603.2809750783252	1.0	NonTarget	1	154440
603.4059750213614	1.0	NonTarget	1	154472
603.5309749643975	1.0	NonTarget	1	154504
603.6559749074337	1.0	NonTarget	1	154536
603.7809748504699	1.0	NonTarget	1	154568
603.9059747935061	1.0	NonTarget	1	154600
604.0309747365422	1.0	NonTarget	1	154632
604.1559746795784	1.0	NonTarget	1	154664
604.2809746226146	1.0	NonTarget	1	154696
604.4059745656508	1.0	NonTarget	1	154728
604.5309745086869	1.0	NonTarget	1	154760
604.6559744517231	1.0	NonTarget	1	154792
604.7809743947593	1.0	NonTarget	1	154824
604.9059743377954	1.0	NonTarget	1	154856
605.0309742808316	1.0	NonTarget	1	154888
605.1559742238678	1.0	NonTarget	1	154920
605.280974166904	1.0	NonTarget	1	154952
605.4059741099402	1.0	NonTarget	1	154984
605.5309740529763	1.0	NonTarget	1	155016
605.6559739960124	1.0	NonTarget	1	155048
605.7809739390486	1.0	NonTarget	1	155080
605.9059738820848	1.0	NonTarget	1	155112
606.030973825121	1.0	NonTarget	1	155144
606.1559737681572	1.0	NonTarget	1	155176
606.2809737111934	1.0	NonTarget	1	155208
606.4059736542295	1.0	NonTarget	1	155240
606.5309735972656	1.0	NonTarget	1	155272
606.6559735403018	1.0	NonTarget	1	155304
606.780973483338	1.0	NonTarget	1	155336
606.9059734263742	1.0	NonTarget	1	155368
607.0309733694104	1.0	NonTarget	1	155400
607.1559733124466	1.0	NonTarget	1	155432
607.2809732554828	1.0	NonTarget	1	155464
607.4059731985188	1.0	NonTarget	1	155496
607.530973141555	1.0	NonTarget	1	155528
607.6559730845912	1.0	NonTarget	1	155560
607.7809730276274	1.0	NonTarget	1	155592
607.9059729706636	1.0	NonTarget	1	155624
608.0309729136998	1.0	NonTarget	1	155656
608.155972856736	1.0	NonTarget	1	155688
608.2809727997721	1.0	NonTarget	1	155720
608.4059727428082	1.0	NonTarget	1	155752
608.5309726858444	1.0	NonTarget	1	155784
608.6559726288806	1.0	NonTarget	1	155816
608.7809725719168	1.0	NonTarget	1	155848
608.905972514953	1.0	NonTarget	1	155880
609.0309724579892	1.0	NonTarget	1	155912
609.1559724010253	1.0	NonTarget	1	155944
609.2809723440614	1.0	NonTarget	1	155976
609.4059722870976	1.0	NonTarget	1	156008
609.5309722301338	1.0	NonTarget	1	156040
609.65597217317	1.0	NonTarget	1	156072
609.7809721162062	1.0	NonTarget	1	156104
609.9059720592423	1.0	NonTarget	1	156136
610.0309720022785	1.0	NonTarget	1	156168
610.1559719453147	1.0	NonTarget	1	156200
610.2809718883508	1.0	NonTarget	1	156232
610.405971831387	1.0	NonTarget	1	156264
616.5309690401594	1.0	NonTarget	1	157832
616.6559689831956	1.0	NonTarget	1	157864
616.7809689262318	1.0	NonTarget	1	157896
616.905968869268	1.0	NonTarget	1	157928
617.0309688123041	1.0	NonTarget	1	157960
617.1559687553403	1.0	NonTarget	1	157992
617.2809686983765	1.0	NonTarget	1	158024
617.4059686414126	1.0	NonTarget	1	158056
617.5309685844488	1.0	NonTarget	1	158088
617.655968527485	1.0	NonTarget	1	158120
617.7809684705212	1.0	NonTarget	1	158152
617.9059684135574	1.0	NonTarget	1	158184
618.0309683565935	1.0	NonTarget	1	158216
618.1559682996296	1.0	NonTarget	1	158248
618.2809682426658	1.0	NonTarget	1	158280
618.405968185702	1.0	NonTarget	1	158312
618.5309681287382	1.0	NonTarget	1	158344
618.6559680717744	1.0	NonTarget	1	158376
618.7809680148106	1.0	NonTarget	1	158408
618.9059679578467	1.0	NonTarget	1	158440
619.0309679008828	1.0	NonTarget	1	158472
619.155967843919	1.0	NonTarget	1	158504
619.2809677869552	1.0	NonTarget	1	158536
619.4059677299914	1.0	NonTarget	1	158568
619.5309676730276	1.0	NonTarget	1	158600
619.6559676160638	1.0	NonTarget	1	158632
619.7809675591	1.0	NonTarget	1	158664
619.905967502136	1.0	NonTarget	1	158696
620.0309674451722	1.0	NonTarget	1	158728
620.1559673882084	1.0	NonTarget	1	158760
620.2809673312446	1.0	NonTarget	1	158792
620.4059672742808	1.0	NonTarget	1	158824
620.530967217317	1.0	NonTarget	1	158856
620.6559671603532	1.0	NonTarget	1	158888
620.7809671033893	1.0	NonTarget	1	158920
620.9059670464254	1.0	NonTarget	1	158952
621.0309669894616	1.0	NonTarget	1	158984
621.1559669324978	1.0	NonTarget	1	159016
621.280966875534	1.0	NonTarget	1	159048
621.4059668185702	1.0	NonTarget	1	159080
621.5309667616064	1.0	NonTarget	1	159112
621.6559667046425	1.0	NonTarget	1	159144
621.7809666476787	1.0	NonTarget	1	159176
621.9059665907148	1.0	NonTarget	1	159208
622.030966533751	1.0	NonTarget	1	159240
622.1559664767872	1.0	NonTarget	1	159272
622.2809664198234	1.0	NonTarget	1	159304
622.4059663628595	1.0	NonTarget	1	159336
622.5309663058957	1.0	NonTarget	1	159368
622.6559662489319	1.0	NonTarget	1	159400
622.780966191968	1.0	NonTarget	1	159432
622.9059661350042	1.0	NonTarget	1	159464
623.0309660780404	1.0	NonTarget	1	159496
623.1559660210766	1.0	NonTarget	1	159528
623.2809659641127	1.0	NonTarget	1	159560
623.4059659071489	1.0	NonTarget	1	159592
623.5309658501851	1.0	NonTarget	1	159624
623.6559657932213	1.0	NonTarget	1	159656
623.7809657362574	1.0	NonTarget	1	159688
623.9059656792936	1.0	NonTarget	1	159720
624.0309656223297	1.0	NonTarget	1	159752
624.1559655653659	1.0	NonTarget	1	159784
624.2809655084021	1.0	NonTarget	1	159816
624.4059654514383	1.0	NonTarget	1	159848
624.5309653944745	1.0	NonTarget	1	159880
624.6559653375107	1.0	NonTarget	1	159912
624.7809652805468	1.0	NonTarget	1	159944
624.9059652235829	1.0	NonTarget	1	159976
625.0309651666191	1.0	NonTarget	1	160008
625.1559651096553	1.0	NonTarget	1	160040
625.2809650526915	1.0	NonTarget	1	160072
625.4059649957277	1.0	NonTarget	1	160104
625.5309649387639	1.0	NonTarget	1	160136
625.6559648818	1.0	NonTarget	1	160168
625.7809648248361	1.0	NonTarget	1	160200
625.9059647678723	1.0	NonTarget	1	160232
626.0309647109085	1.0	NonTarget	1	160264
626.1559646539447	1.0	NonTarget	1	160296
626.2809645969809	1.0	NonTarget	1	160328
626.4059645400171	1.0	NonTarget	1	160360
626.5309644830533	1.0	NonTarget	1	160392
626.6559644260893	1.0	NonTarget	1	160424
626.7809643691255	1.0	NonTarget	1	160456
626.9059643121617	1.0	NonTarget	1	160488
627.0309642551979	1.0	NonTarget	1	160520
627.1559641982341	1.0	NonTarget	1	160552
627.2809641412703	1.0	NonTarget	1	160584
627.4059640843064	1.0	NonTarget	1	160616
627.5309640273426	1.0	NonTarget	1	160648
627.6559639703787	1.0	NonTarget	1	160680
627.7809639134149	1.0	NonTarget	1	160712
627.9059638564511	1.0	NonTarget	1	160744
628.0309637994873	1.0	NonTarget	1	160776
628.1559637425235	1.0	NonTarget	1	160808
628.2809636855596	1.0	NonTarget	1	160840
628.4059636285958	1.0	NonTarget	1	160872
634.5309608373682	1.0	NonTarget	1	162440
634.6559607804044	1.0	NonTarget	1	162472
634.7809607234406	1.0	NonTarget	1	162504
634.9059606664767	1.0	NonTarget	1	162536
635.0309606095129	1.0	NonTarget	1	162568
635.1559605525491	1.0	NonTarget	1	162600
635.2809604955852	1.0	NonTarget	1	162632
635.4059604386214	1.0	NonTarget	1	162664
635.5309603816576	1.0	NonTarget	1	162696
635.6559603246938	1.0	NonTarget	1	162728
635.7809602677299	1.0	NonTarget	1	162760
635.9059602107661	1.0	NonTarget	1	162792
636.0309601538023	1.0	NonTarget	1	162824
636.1559600968385	1.0	NonTarget	1	162856
636.2809600398746	1.0	NonTarget	1	162888
636.4059599829108	1.0	NonTarget	1	162920
636.530959925947	1.0	NonTarget	1	162952
636.6559598689831	1.0	NonTarget	1	162984
636.7809598120193	1.0	NonTarget	1	163016
636.9059597550555	1.0	NonTarget	1	163048
637.0309596980917	1.0	NonTarget	1	163080
637.1559596411279	1.0	NonTarget	1	163112
637.280959584164	1.0	NonTarget	1	163144
637.4059595272001	1.0	NonTarget	1	163176
637.5309594702363	1.0	NonTarget	1	163208
637.6559594132725	1.0	NonTarget	1	163240
637.7809593563087	1.0	NonTarget	1	163272
637.9059592993449	1.0	NonTarget	1	163304
638.0309592423811	1.0	NonTarget	1	163336
638.1559591854173	1.0	NonTarget	1	163368
638.2809591284533	1.0	NonTarget	1	163400
638.4059590714895	1.0	NonTarget	1	163432
638.5309590145257	1.0	NonTarget	1	163464
638.6559589575619	1.0	NonTarget	1	163496
638.7809589005981	1.0	NonTarget	1	163528
638.9059588436343	1.0	NonTarget	1	163560
639.0309587866705	1.0	NonTarget	1	163592
639.1559587297065	1.0	NonTarget	1	163624
639.2809586727427	1.0	NonTarget	1	163656
639.4059586157789	1.0	NonTarget	1	163688
639.5309585588151	1.0	NonTarget	1	163720
639.6559585018513	1.0	NonTarget	1	163752
639.7809584448875	1.0	NonTarget	1	163784
639.9059583879236	1.0	NonTarget	1	163816
640.0309583309598	1.0	NonTarget	1	163848
640.1559582739959	1.0	NonTarget	1	163880
640.2809582170321	1.0	NonTarget	1	163912
640.4059581600683	1.0	NonTarget	1	163944
640.5309581031045	1.0	NonTarget	1	163976
640.6559580461407	1.0	NonTarget	1	164008
640.7809579891768	1.0	NonTarget	1	164040
640.905957932213	1.0	NonTarget	1	164072
641.0309578752492	1.0	NonTarget	1	164104
641.1559578182853	1.0	NonTarget	1	164136
641.2809577613215	1.0	NonTarget	1	164168
641.4059577043577	1.0	NonTarget	1	164200
641.5309576473938	1.0	NonTarget	1	164232
641.65595759043	1.0	NonTarget	1	164264
641.7809575334662	1.0	NonTarget	1	164296
641.9059574765024	1.0	NonTarget	1	164328
642.0309574195385	1.0	NonTarget	1	164360
642.1559573625747	1.0	NonTarget	1	164392
642.2809573056109	1.0	NonTarget	1	164424
642.405957248647	1.0	NonTarget	1	164456
642.5309571916832	1.0	NonTarget	1	164488
642.6559571347194	1.0	NonTarget	1	164520
642.7809570777556	1.0	NonTarget	1	164552
642.9059570207918	1.0	NonTarget	1	164584
643.0309569638279	1.0	NonTarget	1	164616
643.155956906864	1.0	NonTarget	1	164648
643.2809568499002	1.0	NonTarget	1	164680
643.4059567929364	1.0	NonTarget	1	164712
643.5309567359726	1.0	NonTarget	1	164744
643.6559566790088	1.0	NonTarget	1	164776
643.780956622045	1.0	NonTarget	1	164808
643.9059565650812	1.0	NonTarget	1	164840
644.0309565081172	1.0	NonTarget	1	164872
644.1559564511534	1.0	NonTarget	1	164904
644.2809563941896	1.0	NonTarget	1	164936
644.4059563372258	1.0	NonTarget	1	164968
644.530956280262	1.0	NonTarget	1	165000
644.6559562232982	1.0	NonTarget	1	165032
644.7809561663344	1.0	NonTarget	1	165064
644.9059561093704	1.0	NonTarget	1	165096
645.0309560524066	1.0	NonTarget	1	165128
645.1559559954428	1.0	NonTarget	1	165160
645.280955938479	1.0	NonTarget	1	165192
645.4059558815152	1.0	NonTarget	1	165224
645.5309558245514	1.0	NonTarget	1	165256
645.6559557675876	1.0	NonTarget	1	165288
645.7809557106237	1.0	NonTarget	1	165320
645.9059556536598	1.0	NonTarget	1	165352
646.030955596696	1.0	NonTarget	1	165384
646.1559555397322	1.0	NonTarget	1	165416
646.2809554827684	1.0	NonTarget	1	165448
646.4059554258046	1.0	NonTarget	1	165480
652.530952634577	1.0	NonTarget	1	167048
652.6559525776131	1.0	NonTarget	1	167080
652.7809525206493	1.0	NonTarget	1	167112
652.9059524636855	1.0	NonTarget	1	167144
653.0309524067217	1.0	NonTarget	1	167176
653.1559523497579	1.0	NonTarget	1	167208
653.280952292794	1.0	NonTarget	1	167240
653.4059522358302	1.0	NonTarget	1	167272
653.5309521788664	1.0	NonTarget	1	167304
653.6559521219025	1.0	NonTarget	1	167336
653.7809520649387	1.0	NonTarget	1	167368
653.9059520079749	1.0	NonTarget	1	167400
654.030951951011	1.0	NonTarget	1	167432
654.1559518940472	1.0	NonTarget	1	167464
654.2809518370834	1.0	NonTarget	1	167496
654.4059517801196	1.0	NonTarget	1	167528
654.5309517231557	1.0	NonTarget	1	167560
654.6559516661919	1.0	NonTarget	1	167592
654.780951609228	1.0	NonTarget	1	167624
654.9059515522642	1.0	NonTarget	1	167656
655.0309514953004	1.0	NonTarget	1	167688
655.1559514383366	1.0	NonTarget	1	167720
655.2809513813728	1.0	NonTarget	1	167752
655.405951324409	1.0	NonTarget	1	167784
655.5309512674451	1.0	NonTarget	1	167816
655.6559512104812	1.0	NonTarget	1	167848
655.7809511535174	1.0	NonTarget	1	167880
655.9059510965536	1.0	NonTarget	1	167912
656.0309510395898	1.0	NonTarget	1	167944
656.155950982626	1.0	NonTarget	1	167976
656.2809509256622	1.0	NonTarget	1	168008
656.4059508686984	1.0	NonTarget	1	168040
656.5309508117344	1.0	NonTarget	1	168072
656.6559507547706	1.0	NonTarget	1	168104
656.7809506978068	1.0	NonTarget	1	168136
656.905950640843	1.0	NonTarget	1	168168
657.0309505838792	1.0	NonTarget	1	168200
657.1559505269154	1.0	NonTarget	1	168232
657.2809504699516	1.0	NonTarget	1	168264
657.4059504129877	1.0	NonTarget	1	168296
657.5309503560238	1.0	NonTarget	1	168328
657.65595029906	1.0	NonTarget	1	168360
657.7809502420962	1.0	NonTarget	1	168392
657.9059501851324	1.0	NonTarget	1	168424
658.0309501281686	1.0	NonTarget	1	168456
658.1559500712048	1.0	NonTarget	1	168488
658.280950014241	1.0	NonTarget	1	168520
658.405949957277	1.0	NonTarget	1	168552
658.5309499003132	1.0	NonTarget	1	168584
658.6559498433494	1.0	NonTarget	1	168616
658.7809497863856	1.0	NonTarget	1	168648
658.9059497294218	1.0	NonTarget	1	168680
659.030949672458	1.0	NonTarget	1	168712
659.1559496154941	1.0	NonTarget	1	168744
659.2809495585303	1.0	NonTarget	1	168776
659.4059495015664	1.0	NonTarget	1	168808
659.5309494446026	1.0	NonTarget	1	168840
659.6559493876388	1.0	NonTarget	1	168872
659.780949330675	1.0	NonTarget	1	168904
659.9059492737111	1.0	NonTarget	1	168936
660.0309492167473	1.0	NonTarget	1	168968
660.1559491597835	1.0	NonTarget	1	169000
660.2809491028197	1.0	NonTarget	1	169032
660.4059490458558	1.0	NonTarget	1	169064
660.530948988892	1.0	NonTarget	1	169096
660.6559489319282	1.0	NonTarget	1	169128
660.7809488749643	1.0	NonTarget	1	169160
660.9059488180005	1.0	NonTarget	1	169192
661.0309487610367	1.0	NonTarget	1	169224
661.1559487040729	1.0	NonTarget	1	169256
661.280948647109	1.0	NonTarget	1	169288
661.4059485901452	1.0	NonTarget	1	169320
661.5309485331813	1.0	NonTarget	1	169352
661.6559484762175	1.0	NonTarget	1	169384
661.7809484192537	1.0	NonTarget	1	169416
661.9059483622899	1.0	NonTarget	1	169448
662.0309483053261	1.0	NonTarget	1	169480
662.1559482483623	1.0	NonTarget	1	169512
662.2809481913984	1.0	NonTarget	1	169544
662.4059481344345	1.0	NonTarget	1	169576
662.5309480774707	1.0	NonTarget	1	169608
662.6559480205069	1.0	NonTarget	1	169640
662.7809479635431	1.0	NonTarget	1	169672
662.9059479065793	1.0	NonTarget	1	169704
663.0309478496155	1.0	NonTarget	1	169736
663.1559477926517	1.0	NonTarget	1	169768
663.2809477356877	1.0	NonTarget	1	169800
663.4059476787239	1.0	NonTarget	1	169832
663.5309476217601	1.0	NonTarget	1	169864
663.6559475647963	1.0	NonTarget	1	169896
663.7809475078325	1.0	NonTarget	1	169928
663.9059474508687	1.0	NonTarget	1	169960
664.0309473939049	1.0	NonTarget	1	169992
664.155947336941	1.0	NonTarget	1	170024
664.2809472799771	1.0	NonTarget	1	170056
664.4059472230133	1.0	NonTarget	1	170088
670.5309444317858	1.0	NonTarget	1	171656
670.655944374822	1.0	NonTarget	1	171688
670.7809443178581	1.0	NonTarget	1	171720
670.9059442608942	1.0	NonTarget	1	171752
671.0309442039304	1.0	NonTarget	1	171784
671.1559441469666	1.0	NonTarget	1	171816
671.2809440900028	1.0	NonTarget	1	171848
671.405944033039	1.0	NonTarget	1	171880
671.5309439760752	1.0	NonTarget	1	171912
671.6559439191113	1.0	NonTarget	1	171944
671.7809438621475	1.0	NonTarget	1	171976
671.9059438051836	1.0	NonTarget	1	172008
672.0309437482198	1.0	NonTarget	1	172040
672.155943691256	1.0	NonTarget	1	172072
672.2809436342922	1.0	NonTarget	1	172104
672.4059435773283	1.0	NonTarget	1	172136
672.5309435203645	1.0	NonTarget	1	172168
672.6559434634007	1.0	NonTarget	1	172200
672.7809434064369	1.0	NonTarget	1	172232
672.905943349473	1.0	NonTarget	1	172264
673.0309432925092	1.0	NonTarget	1	172296
673.1559432355454	1.0	NonTarget	1	172328
673.2809431785815	1.0	NonTarget	1	172360
673.4059431216177	1.0	NonTarget	1	172392
673.5309430646539	1.0	NonTarget	1	172424
673.6559430076901	1.0	NonTarget	1	172456
673.7809429507263	1.0	NonTarget	1	172488
673.9059428937624	1.0	NonTarget	1	172520
674.0309428367985	1.0	NonTarget	1	172552
674.1559427798347	1.0	NonTarget	1	172584
674.2809427228709	1.0	NonTarget	1	172616
674.4059426659071	1.0	NonTarget	1	172648
674.5309426089433	1.0	NonTarget	1	172680
674.6559425519795	1.0	NonTarget	1	172712
674.7809424950156	1.0	NonTarget	1	172744
674.9059424380517	1.0	NonTarget	1	172776
675.0309423810879	1.0	NonTarget	1	172808
675.1559423241241	1.0	NonTarget	1	172840
675.2809422671603	1.0	NonTarget	1	172872
675.4059422101965	1.0	NonTarget	1	172904
675.5309421532327	1.0	NonTarget	1	172936
675.6559420962689	1.0	NonTarget	1	172968
675.7809420393049	1.0	NonTarget	1	173000
675.9059419823411	1.0	NonTarget	1	173032
676.0309419253773	1.0	NonTarget	1	173064
676.1559418684135	1.0	NonTarget	1	173096
676.2809418114497	1.0	NonTarget	1	173128
676.4059417544859	1.0	NonTarget	1	173160
676.530941697522	1.0	NonTarget	1	173192
676.6559416405582	1.0	NonTarget	1	173224
676.7809415835943	1.0	NonTarget	1	173256
676.9059415266305	1.0	NonTarget	1	173288
677.0309414696667	1.0	NonTarget	1	173320
677.1559414127029	1.0	NonTarget	1	173352
677.2809413557391	1.0	NonTarget	1	173384
677.4059412987752	1.0	NonTarget	1	173416
677.5309412418114	1.0	NonTarget	1	173448
677.6559411848475	1.0	NonTarget	1	173480
677.7809411278837	1.0	NonTarget	1	173512
677.9059410709199	1.0	NonTarget	1	173544
678.0309410139561	1.0	NonTarget	1	173576
678.1559409569923	1.0	NonTarget	1	173608
678.2809409000284	1.0	NonTarget	1	173640
678.4059408430646	1.0	NonTarget	1	173672
678.5309407861008	1.0	NonTarget	1	173704
678.6559407291369	1.0	NonTarget	1	173736
678.7809406721731	1.0	NonTarget	1	173768
678.9059406152093	1.0	NonTarget	1	173800
679.0309405582454	1.0	NonTarget	1	173832
679.1559405012816	1.0	NonTarget	1	173864
679.2809404443178	1.0	NonTarget	1	173896
679.405940387354	1.0	NonTarget	1	173928
679.5309403303902	1.0	NonTarget	1	173960
679.6559402734263	1.0	NonTarget	1	173992
679.7809402164625	1.0	NonTarget	1	174024
679.9059401594986	1.0	NonTarget	1	174056
680.0309401025348	1.0	NonTarget	1	174088
680.155940045571	1.0	NonTarget	1	174120
680.2809399886072	1.0	NonTarget	1	174152
680.4059399316434	1.0	NonTarget	1	174184
680.5309398746795	1.0	NonTarget	1	174216
680.6559398177156	1.0	NonTarget	1	174248
680.7809397607518	1.0	NonTarget	1	174280
680.905939703788	1.0	NonTarget	1	174312
681.0309396468242	1.0	NonTarget	1	174344
681.1559395898604	1.0	NonTarget	1	174376
681.2809395328966	1.0	NonTarget	1	174408
681.4059394759328	1.0	NonTarget	1	174440
681.5309394189688	1.0	NonTarget	1	174472
681.655939362005	1.0	NonTarget	1	174504
681.7809393050412	1.0	NonTarget	1	174536
681.9059392480774	1.0	NonTarget	1	174568
682.0309391911136	1.0	NonTarget	1	174600
682.1559391341498	1.0	NonTarget	1	174632
682.280939077186	1.0	NonTarget	1	174664
682.4059390202221	1.0	NonTarget	1	174696
688.5309362289945	1.0	NonTarget	1	176264
688.6559361720307	1.0	NonTarget	1	176296
688.7809361150669	1.0	NonTarget	1	176328
688.9059360581031	1.0	NonTarget	1	176360
689.0309360011393	1.0	NonTarget	1	176392
689.1559359441754	1.0	NonTarget	1	176424
689.2809358872115	1.0	NonTarget	1	176456
689.4059358302477	1.0	NonTarget	1	176488
689.5309357732839	1.0	NonTarget	1	176520
689.6559357163201	1.0	NonTarget	1	176552
689.7809356593563	1.0	NonTarget	1	176584
689.9059356023924	1.0	NonTarget	1	176616
690.0309355454286	1.0	NonTarget	1	176648
690.1559354884648	1.0	NonTarget	1	176680
690.2809354315009	1.0	NonTarget	1	176712
690.4059353745371	1.0	NonTarget	1	176744
690.5309353175733	1.0	NonTarget	1	176776
690.6559352606095	1.0	NonTarget	1	176808
690.7809352036456	1.0	NonTarget	1	176840
690.9059351466818	1.0	NonTarget	1	176872
691.030935089718	1.0	NonTarget	1	176904
691.1559350327541	1.0	NonTarget	1	176936
691.2809349757903	1.0	NonTarget	1	176968
691.4059349188265	1.0	NonTarget	1	177000
691.5309348618626	1.0	NonTarget	1	177032
691.6559348048988	1.0	NonTarget	1	177064
691.780934747935	1.0	NonTarget	1	177096
691.9059346909712	1.0	NonTarget	1	177128
692.0309346340074	1.0	NonTarget	1	177160
692.1559345770435	1.0	NonTarget	1	177192
692.2809345200797	1.0	NonTarget	1	177224
692.4059344631158	1.0	NonTarget	1	177256
692.530934406152	1.0	NonTarget	1	177288
692.6559343491882	1.0	NonTarget	1	177320
692.7809342922244	1.0	NonTarget	1	177352
692.9059342352606	1.0	NonTarget	1	177384
693.0309341782968	1.0	NonTarget	1	177416
693.1559341213328	1.0	NonTarget	1	177448
693.280934064369	1.0	NonTarget	1	177480
693.4059340074052	1.0	NonTarget	1	177512
693.5309339504414	1.0	NonTarget	1	177544
693.6559338934776	1.0	NonTarget	1	177576
693.7809338365138	1.0	NonTarget	1	177608
693.90593377955	1.0	NonTarget	1	177640
694.030933722586	1.0	NonTarget	1	177672
694.1559336656222	1.0	NonTarget	1	177704
694.2809336086584	1.0	NonTarget	1	177736
694.4059335516946	1.0	NonTarget	1	177768
694.5309334947308	1.0	NonTarget	1	177800
694.655933437767	1.0	NonTarget	1	177832
694.7809333808032	1.0	NonTarget	1	177864
694.9059333238393	1.0	NonTarget	1	177896
695.0309332668754	1.0	NonTarget	1	177928
695.1559332099116	1.0	NonTarget	1	177960
695.2809331529478	1.0	NonTarget	1	177992
695.405933095984	1.0	NonTarget	1	178024
695.5309330390202	1.0	NonTarget	1	178056
695.6559329820564	1.0	NonTarget	1	178088
695.7809329250925	1.0	NonTarget	1	178120
695.9059328681287	1.0	NonTarget	1	178152
696.0309328111648	1.0	NonTarget	1	178184
696.155932754201	1.0	NonTarget	1	178216
696.2809326972372	1.0	NonTarget	1	178248
696.4059326402734	1.0	NonTarget	1	178280
696.5309325833095	1.0	NonTarget	1	178312
696.6559325263457	1.0	NonTarget	1	178344
696.7809324693819	1.0	NonTarget	1	178376
696.905932412418	1.0	NonTarget	1	178408
697.0309323554542	1.0	NonTarget	1	178440
697.1559322984904	1.0	NonTarget	1	178472
697.2809322415266	1.0	NonTarget	1	178504
697.4059321845627	1.0	NonTarget	1	178536
697.5309321275989	1.0	NonTarget	1	178568
697.6559320706351	1.0	NonTarget	1	178600
697.7809320136713	1.0	NonTarget	1	178632
697.9059319567074	1.0	NonTarget	1	178664
698.0309318997436	1.0	NonTarget	1	178696
698.1559318427798	1.0	NonTarget	1	178728
698.2809317858159	1.0	NonTarget	1	178760
698.4059317288521	1.0	NonTarget	1	178792
698.5309316718883	1.0	NonTarget	1	178824
698.6559316149245	1.0	NonTarget	1	178856
698.7809315579607	1.0	NonTarget	1	178888
698.9059315009968	1.0	NonTarget	1	178920
699.030931444033	1.0	NonTarget	1	178952
699.1559313870691	1.0	NonTarget	1	178984
699.2809313301053	1.0	NonTarget	1	179016
699.4059312731415	1.0	NonTarget	1	179048
699.5309312161777	1.0	NonTarget	1	179080
699.6559311592139	1.0	NonTarget	1	179112
699.7809311022501	1.0	NonTarget	1	179144
699.9059310452861	1.0	NonTarget	1	179176
700.0309309883223	1.0	NonTarget	1	179208
700.1559309313585	1.0	NonTarget	1	179240
700.2809308743947	1.0	NonTarget	1	179272
700.4059308174309	1.0	NonTarget	1	179304
706.5309280262032	1.0	NonTarget	1	180872
706.6559279692394	1.0	NonTarget	1	180904
706.7809279122756	1.0	NonTarget	1	180936
706.9059278553118	1.0	NonTarget	1	180968
707.030927798348	1.0	NonTarget	1	181000
707.1559277413842	1.0	NonTarget	1	181032
707.2809276844204	1.0	NonTarget	1	181064
707.4059276274565	1.0	NonTarget	1	181096
707.5309275704926	1.0	NonTarget	1	181128
707.6559275135288	1.0	NonTarget	1	181160
707.780927456565	1.0	NonTarget	1	181192
707.9059273996012	1.0	NonTarget	1	181224
708.0309273426374	1.0	NonTarget	1	181256
708.1559272856736	1.0	NonTarget	1	181288
708.2809272287097	1.0	NonTarget	1	181320
708.4059271717459	1.0	NonTarget	1	181352
708.530927114782	1.0	NonTarget	1	181384
708.6559270578182	1.0	NonTarget	1	181416
708.7809270008544	1.0	NonTarget	1	181448
708.9059269438906	1.0	NonTarget	1	181480
709.0309268869267	1.0	NonTarget	1	181512
709.1559268299629	1.0	NonTarget	1	181544
709.2809267729991	1.0	NonTarget	1	181576
709.4059267160353	1.0	NonTarget	1	181608
709.5309266590714	1.0	NonTarget	1	181640
709.6559266021076	1.0	NonTarget	1	181672
709.7809265451438	1.0	NonTarget	1	181704
709.90592648818	1.0	NonTarget	1	181736
710.0309264312161	1.0	NonTarget	1	181768
710.1559263742523	1.0	NonTarget	1	181800
710.2809263172885	1.0	NonTarget	1	181832
710.4059262603246	1.0	NonTarget	1	181864
710.5309262033608	1.0	NonTarget	1	181896
710.655926146397	1.0	NonTarget	1	181928
710.7809260894331	1.0	NonTarget	1	181960
710.9059260324693	1.0	NonTarget	1	181992
711.0309259755055	1.0	NonTarget	1	182024
711.1559259185417	1.0	NonTarget	1	182056
711.2809258615779	1.0	NonTarget	1	182088
711.405925804614	1.0	NonTarget	1	182120
711.5309257476501	1.0	NonTarget	1	182152
711.6559256906863	1.0	NonTarget	1	182184
711.7809256337225	1.0	NonTarget	1	182216
711.9059255767587	1.0	NonTarget	1	182248
712.0309255197949	1.0	NonTarget	1	182280
712.1559254628311	1.0	NonTarget	1	182312
712.2809254058673	1.0	NonTarget	1	182344
712.4059253489033	1.0	NonTarget	1	182376
712.5309252919395	1.0	NonTarget	1	182408
712.6559252349757	1.0	NonTarget	1	182440
712.7809251780119	1.0	NonTarget	1	182472
712.9059251210481	1.0	NonTarget	1	182504
713.0309250640843	1.0	NonTarget	1	182536
713.1559250071205	1.0	NonTarget	1	182568
713.2809249501565	1.0	NonTarget	1	182600
713.4059248931927	1.0	NonTarget	1	182632
713.5309248362289	1.0	NonTarget	1	182664
713.6559247792651	1.0	NonTarget	1	182696
713.7809247223013	1.0	NonTarget	1	182728
713.9059246653375	1.0	NonTarget	1	182760
714.0309246083737	1.0	NonTarget	1	182792
714.1559245514098	1.0	NonTarget	1	182824
714.2809244944459	1.0	NonTarget	1	182856
714.4059244374821	1.0	NonTarget	1	182888
714.5309243805183	1.0	NonTarget	1	182920
714.6559243235545	1.0	NonTarget	1	182952
714.7809242665907	1.0	NonTarget	1	182984
714.9059242096268	1.0	NonTarget	1	183016
715.030924152663	1.0	NonTarget	1	183048
715.1559240956992	1.0	NonTarget	1	183080
715.2809240387353	1.0	NonTarget	1	183112
715.4059239817715	1.0	NonTarget	1	183144
715.5309239248077	1.0	NonTarget	1	183176
715.6559238678439	1.0	NonTarget	1	183208
715.78092381088	1.0	NonTarget	1	183240
715.9059237539162	1.0	NonTarget	1	183272
716.0309236969524	1.0	NonTarget	1	183304
716.1559236399886	1.0	NonTarget	1	183336
716.2809235830247	1.0	NonTarget	1	183368
716.4059235260609	1.0	NonTarget	1	183400
716.530923469097	1.0	NonTarget	1	183432
716.6559234121332	1.0	NonTarget	1	183464
716.7809233551694	1.0	NonTarget	1	183496
716.9059232982056	1.0	NonTarget	1	183528
717.0309232412418	1.0	NonTarget	1	183560
717.1559231842779	1.0	NonTarget	1	183592
717.280923127314	1.0	NonTarget	1	183624
717.4059230703502	1.0	NonTarget	1	183656
717.5309230133864	1.0	NonTarget	1	183688
717.6559229564226	1.0	NonTarget	1	183720
717.7809228994588	1.0	NonTarget	1	183752
717.905922842495	1.0	NonTarget	1	183784
718.0309227855312	1.0	NonTarget	1	183816
718.1559227285672	1.0	NonTarget	1	183848
718.2809226716034	1.0	NonTarget	1	183880
718.4059226146396	1.0	NonTarget	1	183912
724.5309198234121	1.0	NonTarget	1	185480
724.6559197664483	1.0	NonTarget	1	185512
724.7809197094845	1.0	NonTarget	1	185544
724.9059196525205	1.0	NonTarget	1	185576
725.0309195955567	1.0	NonTarget	1	185608
725.1559195385929	1.0	NonTarget	1	185640
725.2809194816291	1.0	NonTarget	1	185672
725.4059194246653	1.0	NonTarget	1	185704
725.5309193677015	1.0	NonTarget	1	185736
725.6559193107377	1.0	NonTarget	1	185768
725.7809192537738	1.0	NonTarget	1	185800
725.9059191968099	1.0	NonTarget	1	185832
726.0309191398461	1.0	NonTarget	1	185864
726.1559190828823	1.0	NonTarget	1	185896
726.2809190259185	1.0	NonTarget	1	185928
726.4059189689547	1.0	NonTarget	1	185960
726.5309189119909	1.0	NonTarget	1	185992
726.655918855027	1.0	NonTarget	1	186024
726.7809187980631	1.0	NonTarget	1	186056
726.9059187410993	1.0	NonTarget	1	186088
727.0309186841355	1.0	NonTarget	1	186120
727.1559186271717	1.0	NonTarget	1	186152
727.2809185702079	1.0	NonTarget	1	186184
727.405918513244	1.0	NonTarget	1	186216
727.5309184562802	1.0	NonTarget	1	186248
727.6559183993164	1.0	NonTarget	1	186280
727.7809183423525	1.0	NonTarget	1	186312
727.9059182853887	1.0	NonTarget	1	186344
728.0309182284249	1.0	NonTarget	1	186376
728.155918171461	1.0	NonTarget	1	186408
728.2809181144972	1.0	NonTarget	1	186440
728.4059180575334	1.0	NonTarget	1	186472
728.5309180005696	1.0	NonTarget	1	186504
728.6559179436058	1.0	NonTarget	1	186536
728.7809178866419	1.0	NonTarget	1	186568
728.9059178296781	1.0	NonTarget	1	186600
729.0309177727142	1.0	NonTarget	1	186632
729.1559177157504	1.0	NonTarget	1	186664
729.2809176587866	1.0	NonTarget	1	186696
729.4059176018228	1.0	NonTarget	1	186728
729.530917544859	1.0	NonTarget	1	186760
729.6559174878951	1.0	NonTarget	1	186792
729.7809174309313	1.0	NonTarget	1	186824
729.9059173739674	1.0	NonTarget	1	186856
730.0309173170036	1.0	NonTarget	1	186888
730.1559172600398	1.0	NonTarget	1	186920
730.280917203076	1.0	NonTarget	1	186952
730.4059171461122	1.0	NonTarget	1	186984
730.5309170891484	1.0	NonTarget	1	187016
730.6559170321844	1.0	NonTarget	1	187048
730.7809169752206	1.0	NonTarget	1	187080
730.9059169182568	1.0	NonTarget	1	187112
731.030916861293	1.0	NonTarget	1	187144
731.1559168043292	1.0	NonTarget	1	187176
731.2809167473654	1.0	NonTarget	1	187208
731.4059166904016	1.0	NonTarget	1	187240
731.5309166334378	1.0	NonTarget	1	187272
731.6559165764738	1.0	NonTarget	1	187304
731.78091651951	1.0	NonTarget	1	187336
731.9059164625462	1.0	NonTarget	1	187368
732.0309164055824	1.0	NonTarget	1	187400
732.1559163486186	1.0	NonTarget	1	187432
732.2809162916548	1.0	NonTarget	1	187464
732.405916234691	1.0	NonTarget	1	187496
732.530916177727	1.0	NonTarget	1	187528
732.6559161207632	1.0	NonTarget	1	187560
732.7809160637994	1.0	NonTarget	1	187592
732.9059160068356	1.0	NonTarget	1	187624
733.0309159498718	1.0	NonTarget	1	187656
733.155915892908	1.0	NonTarget	1	187688
733.2809158359441	1.0	NonTarget	1	187720
733.4059157789803	1.0	NonTarget	1	187752
733.5309157220164	1.0	NonTarget	1	187784
733.6559156650526	1.0	NonTarget	1	187816
733.7809156080888	1.0	NonTarget	1	187848
733.905915551125	1.0	NonTarget	1	187880
734.0309154941611	1.0	NonTarget	1	187912
734.1559154371973	1.0	NonTarget	1	187944
734.2809153802335	1.0	NonTarget	1	187976
734.4059153232697	1.0	NonTarget	1	188008
734.5309152663058	1.0	NonTarget	1	188040
734.655915209342	1.0	NonTarget	1	188072
734.7809151523782	1.0	NonTarget	1	188104
734.9059150954143	1.0	NonTarget	1	188136
735.0309150384505	1.0	NonTarget	1	188168
735.1559149814867	1.0	NonTarget	1	188200
735.2809149245229	1.0	NonTarget	1	188232
735.4059148675591	1.0	NonTarget	1	188264
735.5309148105952	1.0	NonTarget	1	188296
735.6559147536314	1.0	NonTarget	1	188328
735.7809146966675	1.0	NonTarget	1	188360
735.9059146397037	1.0	NonTarget	1	188392
736.0309145827399	1.0	NonTarget	1	188424
736.1559145257761	1.0	NonTarget	1	188456
736.2809144688123	1.0	NonTarget	1	188488
736.4059144118484	1.0	NonTarget	1	188520
742.5309116206208	1.0	NonTarget	1	190088
742.655911563657	1.0	NonTarget	1	190120
742.7809115066932	1.0	NonTarget	1	190152
742.9059114497294	1.0	NonTarget	1	190184
743.0309113927656	1.0	NonTarget	1	190216
743.1559113358016	1.0	NonTarget	1	190248
743.2809112788378	1.0	NonTarget	1	190280
743.405911221874	1.0	NonTarget	1	190312
743.5309111649102	1.0	NonTarget	1	190344
743.6559111079464	1.0	NonTarget	1	190376
743.7809110509826	1.0	NonTarget	1	190408
743.9059109940188	1.0	NonTarget	1	190440
744.030910937055	1.0	NonTarget	1	190472
744.155910880091	1.0	NonTarget	1	190504
744.2809108231272	1.0	NonTarget	1	190536
744.4059107661634	1.0	NonTarget	1	190568
744.5309107091996	1.0	NonTarget	1	190600
744.6559106522358	1.0	NonTarget	1	190632
744.780910595272	1.0	NonTarget	1	190664
744.9059105383081	1.0	NonTarget	1	190696
745.0309104813443	1.0	NonTarget	1	190728
745.1559104243804	1.0	NonTarget	1	190760
745.2809103674166	1.0	NonTarget	1	190792
745.4059103104528	1.0	NonTarget	1	190824
745.530910253489	1.0	NonTarget	1	190856
745.6559101965252	1.0	NonTarget	1	190888
745.7809101395613	1.0	NonTarget	1	190920
745.9059100825975	1.0	NonTarget	1	190952
746.0309100256336	1.0	NonTarget	1	190984
746.1559099686698	1.0	NonTarget	1	191016
746.280909911706	1.0	NonTarget	1	191048
746.4059098547422	1.0	NonTarget	1	191080
746.5309097977783	1.0	NonTarget	1	191112
746.6559097408145	1.0	NonTarget	1	191144
746.7809096838507	1.0	NonTarget	1	191176
746.9059096268869	1.0	NonTarget	1	191208
747.030909569923	1.0	NonTarget	1	191240
747.1559095129592	1.0	NonTarget	1	191272
747.2809094559954	1.0	NonTarget	1	191304
747.4059093990315	1.0	NonTarget	1	191336
747.5309093420677	1.0	NonTarget	1	191368
747.6559092851039	1.0	NonTarget	1	191400
747.7809092281401	1.0	NonTarget	1	191432
747.9059091711763	1.0	NonTarget	1	191464
748.0309091142124	1.0	NonTarget	1	191496
748.1559090572486	1.0	NonTarget	1	191528
748.2809090002847	1.0	NonTarget	1	191560
748.4059089433209	1.0	NonTarget	1	191592
748.5309088863571	1.0	NonTarget	1	191624
748.6559088293933	1.0	NonTarget	1	191656
748.7809087724295	1.0	NonTarget	1	191688
748.9059087154656	1.0	NonTarget	1	191720
749.0309086585017	1.0	NonTarget	1	191752
749.1559086015379	1.0	NonTarget	1	191784
749.2809085445741	1.0	NonTarget	1	191816
749.4059084876103	1.0	NonTarget	1	191848
749.5309084306465	1.0	NonTarget	1	191880
749.6559083736827	1.0	NonTarget	1	191912
749.7809083167189	1.0	NonTarget	1	191944
749.9059082597549	1.0	NonTarget	1	191976
750.0309082027911	1.0	NonTarget	1	192008
750.1559081458273	1.0	NonTarget	1	192040
750.2809080888635	1.0	NonTarget	1	192072
750.4059080318997	1.0	NonTarget	1	192104
750.5309079749359	1.0	NonTarget	1	192136
750.6559079179721	1.0	NonTarget	1	192168
750.7809078610082	1.0	NonTarget	1	192200
750.9059078040443	1.0	NonTarget	1	192232
751.0309077470805	1.0	NonTarget	1	192264
751.1559076901167	1.0	NonTarget	1	192296
751.2809076331529	1.0	NonTarget	1	192328
751.4059075761891	1.0	NonTarget	1	192360
751.5309075192253	1.0	NonTarget	1	192392
751.6559074622614	1.0	NonTarget	1	192424
751.7809074052976	1.0	NonTarget	1	192456
751.9059073483337	1.0	NonTarget	1	192488
752.0309072913699	1.0	NonTarget	1	192520
752.1559072344061	1.0	NonTarget	1	192552
752.2809071774423	1.0	NonTarget	1	192584
752.4059071204784	1.0	NonTarget	1	192616
752.5309070635146	1.0	NonTarget	1	192648
752.6559070065508	1.0	NonTarget	1	192680
752.7809069495869	1.0	NonTarget	1	192712
752.9059068926231	1.0	NonTarget	1	192744
753.0309068356593	1.0	NonTarget	1	192776
753.1559067786955	1.0	NonTarget	1	192808
753.2809067217316	1.0	NonTarget	1	192840
753.4059066647678	1.0	NonTarget	1	192872
753.530906607804	1.0	NonTarget	1	192904
753.6559065508402	1.0	NonTarget	1	192936
753.7809064938763	1.0	NonTarget	1	192968
753.9059064369125	1.0	NonTarget	1	193000
754.0309063799486	1.0	NonTarget	1	193032
754.1559063229848	1.0	NonTarget	1	193064
754.280906266021	1.0	NonTarget	1	193096
754.4059062090572	1.0	NonTarget	1	193128
760.5309034178296	1.0	NonTarget	1	194696
760.6559033608658	1.0	NonTarget	1	194728
760.7809033039019	1.0	NonTarget	1	194760
760.9059032469381	1.0	NonTarget	1	194792
761.0309031899743	1.0	NonTarget	1	194824
761.1559031330105	1.0	NonTarget	1	194856
761.2809030760467	1.0	NonTarget	1	194888
761.4059030190829	1.0	NonTarget	1	194920
761.530902962119	1.0	NonTarget	1	194952
761.6559029051551	1.0	NonTarget	1	194984
761.7809028481913	1.0	NonTarget	1	195016
761.9059027912275	1.0	NonTarget	1	195048
762.0309027342637	1.0	NonTarget	1	195080
762.1559026772999	1.0	NonTarget	1	195112
762.2809026203361	1.0	NonTarget	1	195144
762.4059025633721	1.0	NonTarget	1	195176
762.5309025064083	1.0	NonTarget	1	195208
762.6559024494445	1.0	NonTarget	1	195240
762.7809023924807	1.0	NonTarget	1	195272
762.9059023355169	1.0	NonTarget	1	195304
763.0309022785531	1.0	NonTarget	1	195336
763.1559022215893	1.0	NonTarget	1	195368
763.2809021646254	1.0	NonTarget	1	195400
763.4059021076615	1.0	NonTarget	1	195432
763.5309020506977	1.0	NonTarget	1	195464
763.6559019937339	1.0	NonTarget	1	195496
763.7809019367701	1.0	NonTarget	1	195528
763.9059018798063	1.0	NonTarget	1	195560
764.0309018228425	1.0	NonTarget	1	195592
764.1559017658786	1.0	NonTarget	1	195624
764.2809017089148	1.0	NonTarget	1	195656
764.4059016519509	1.0	NonTarget	1	195688
764.5309015949871	1.0	NonTarget	1	195720
764.6559015380233	1.0	NonTarget	1	195752
764.7809014810595	1.0	NonTarget	1	195784
764.9059014240956	1.0	NonTarget	1	195816
765.0309013671318	1.0	NonTarget	1	195848
765.155901310168	1.0	NonTarget	1	195880
765.2809012532041	1.0	NonTarget	1	195912
765.4059011962403	1.0	NonTarget	1	195944
765.5309011392765	1.0	NonTarget	1	195976
765.6559010823127	1.0	NonTarget	1	196008
765.7809010253488	1.0	NonTarget	1	196040
765.905900968385	1.0	NonTarget	1	196072
766.0309009114212	1.0	NonTarget	1	196104
766.1559008544574	1.0	NonTarget	1	196136
766.2809007974935	1.0	NonTarget	1	196168
766.4059007405297	1.0	NonTarget	1	196200
766.5309006835658	1.0	NonTarget	1	196232
766.655900626602	1.0	NonTarget	1	196264
766.7809005696382	1.0	NonTarget	1	196296
766.9059005126744	1.0	NonTarget	1	196328
767.0309004557106	1.0	NonTarget	1	196360
767.1559003987468	1.0	NonTarget	1	196392
767.2809003417829	1.0	NonTarget	1	196424
767.405900284819	1.0	NonTarget	1	196456
767.5309002278552	1.0	NonTarget	1	196488
767.6559001708914	1.0	NonTarget	1	196520
767.7809001139276	1.0	NonTarget	1	196552
767.9059000569638	1.0	NonTarget	1	196584
768.0309	1.0	NonTarget	1	196616
768.155899943036	1.0	NonTarget	1	196648
768.2808998860722	1.0	NonTarget	1	196680
768.4058998291084	1.0	NonTarget	1	196712
768.5308997721446	1.0	NonTarget	1	196744
768.6558997151808	1.0	NonTarget	1	196776
768.780899658217	1.0	NonTarget	1	196808
768.9058996012532	1.0	NonTarget	1	196840
769.0308995442894	1.0	NonTarget	1	196872
769.1558994873254	1.0	NonTarget	1	196904
769.2808994303616	1.0	NonTarget	1	196936
769.4058993733978	1.0	NonTarget	1	196968
769.530899316434	1.0	NonTarget	1	197000
769.6558992594702	1.0	NonTarget	1	197032
769.7808992025064	1.0	NonTarget	1	197064
769.9058991455425	1.0	NonTarget	1	197096
770.0308990885787	1.0	NonTarget	1	197128
770.1558990316148	1.0	NonTarget	1	197160
770.280898974651	1.0	NonTarget	1	197192
770.4058989176872	1.0	NonTarget	1	197224
770.5308988607234	1.0	NonTarget	1	197256
770.6558988037596	1.0	NonTarget	1	197288
770.7808987467957	1.0	NonTarget	1	197320
770.9058986898319	1.0	NonTarget	1	197352
771.0308986328681	1.0	NonTarget	1	197384
771.1558985759042	1.0	NonTarget	1	197416
771.2808985189404	1.0	NonTarget	1	197448
771.4058984619766	1.0	NonTarget	1	197480
771.5308984050127	1.0	NonTarget	1	197512
771.6558983480489	1.0	NonTarget	1	197544
771.7808982910851	1.0	NonTarget	1	197576
771.9058982341213	1.0	NonTarget	1	197608
772.0308981771574	1.0	NonTarget	1	197640
772.1558981201936	1.0	NonTarget	1	197672
772.2808980632298	1.0	NonTarget	1	197704
772.4058980062659	1.0	NonTarget	1	197736
778.5308952150384	1.0	NonTarget	1	199304
778.6558951580746	1.0	NonTarget	1	199336
778.7808951011107	1.0	NonTarget	1	199368
778.9058950441469	1.0	NonTarget	1	199400
779.030894987183	1.0	NonTarget	1	199432
779.1558949302192	1.0	NonTarget	1	199464
779.2808948732554	1.0	NonTarget	1	199496
779.4058948162916	1.0	NonTarget	1	199528
779.5308947593278	1.0	NonTarget	1	199560
779.655894702364	1.0	NonTarget	1	199592
779.7808946454	1.0	NonTarget	1	199624
779.9058945884362	1.0	NonTarget	1	199656
780.0308945314724	1.0	NonTarget	1	199688
780.1558944745086	1.0	NonTarget	1	199720
780.2808944175448	1.0	NonTarget	1	199752
780.405894360581	1.0	NonTarget	1	199784
780.5308943036172	1.0	NonTarget	1	199816
780.6558942466534	1.0	NonTarget	1	199848
780.7808941896894	1.0	NonTarget	1	199880
780.9058941327256	1.0	NonTarget	1	199912
781.0308940757618	1.0	NonTarget	1	199944
781.155894018798	1.0	NonTarget	1	199976
781.2808939618342	1.0	NonTarget	1	200008
781.4058939048704	1.0	NonTarget	1	200040
781.5308938479066	1.0	NonTarget	1	200072
781.6558937909426	1.0	NonTarget	1	200104
781.7808937339788	1.0	NonTarget	1	200136
781.905893677015	1.0	NonTarget	1	200168
782.0308936200512	1.0	NonTarget	1	200200
782.1558935630874	1.0	NonTarget	1	200232
782.2808935061236	1.0	NonTarget	1	200264
782.4058934491597	1.0	NonTarget	1	200296
782.5308933921959	1.0	NonTarget	1	200328
782.655893335232	1.0	NonTarget	1	200360
782.7808932782682	1.0	NonTarget	1	200392
782.9058932213044	1.0	NonTarget	1	200424
783.0308931643406	1.0	NonTarget	1	200456
783.1558931073768	1.0	NonTarget	1	200488
783.2808930504129	1.0	NonTarget	1	200520
783.4058929934491	1.0	NonTarget	1	200552
783.5308929364853	1.0	NonTarget	1	200584
783.6558928795214	1.0	NonTarget	1	200616
783.7808928225576	1.0	NonTarget	1	200648
783.9058927655938	1.0	NonTarget	1	200680
784.03089270863	1.0	NonTarget	1	200712
784.1558926516661	1.0	NonTarget	1	200744
784.2808925947023	1.0	NonTarget	1	200776
784.4058925377385	1.0	NonTarget	1	200808
784.5308924807746	1.0	NonTarget	1	200840
784.6558924238108	1.0	NonTarget	1	200872
784.780892366847	1.0	NonTarget	1	200904
784.9058923098831	1.0	NonTarget	1	200936
785.0308922529193	1.0	NonTarget	1	200968
785.1558921959555	1.0	NonTarget	1	201000
785.2808921389917	1.0	NonTarget	1	201032
785.4058920820279	1.0	NonTarget	1	201064
785.530892025064	1.0	NonTarget	1	201096
785.6558919681001	1.0	NonTarget	1	201128
785.7808919111363	1.0	NonTarget	1	201160
785.9058918541725	1.0	NonTarget	1	201192
786.0308917972087	1.0	NonTarget	1	201224
786.1558917402449	1.0	NonTarget	1	201256
786.2808916832811	1.0	NonTarget	1	201288
786.4058916263173	1.0	NonTarget	1	201320
786.5308915693533	1.0	NonTarget	1	201352
786.6558915123895	1.0	NonTarget	1	201384
786.7808914554257	1.0	NonTarget	1	201416
786.9058913984619	1.0	NonTarget	1	201448
787.0308913414981	1.0	NonTarget	1	201480
787.1558912845343	1.0	NonTarget	1	201512
787.2808912275705	1.0	NonTarget	1	201544
787.4058911706067	1.0	NonTarget	1	201576
787.5308911136427	1.0	NonTarget	1	201608
787.6558910566789	1.0	NonTarget	1	201640
787.7808909997151	1.0	NonTarget	1	201672
787.9058909427513	1.0	NonTarget	1	201704
788.0308908857875	1.0	NonTarget	1	201736
788.1558908288237	1.0	NonTarget	1	201768
788.2808907718598	1.0	NonTarget	1	201800
788.4058907148959	1.0	NonTarget	1	201832
788.5308906579321	1.0	NonTarget	1	201864
788.6558906009683	1.0	NonTarget	1	201896
788.7808905440045	1.0	NonTarget	1	201928
788.9058904870407	1.0	NonTarget	1	201960
789.0308904300769	1.0	NonTarget	1	201992
789.155890373113	1.0	NonTarget	1	202024
789.2808903161492	1.0	NonTarget	1	202056
789.4058902591853	1.0	NonTarget	1	202088
789.5308902022215	1.0	NonTarget	1	202120
789.6558901452577	1.0	NonTarget	1	202152
789.7808900882939	1.0	NonTarget	1	202184
789.90589003133	1.0	NonTarget	1	202216
790.0308899743662	1.0	NonTarget	1	202248
790.1558899174024	1.0	NonTarget	1	202280
790.2808898604386	1.0	NonTarget	1	202312
790.4058898034747	1.0	NonTarget	1	202344
796.5308870122471	1.0	NonTarget	1	203912
796.6558869552833	1.0	NonTarget	1	203944
796.7808868983195	1.0	NonTarget	1	203976
796.9058868413557	1.0	NonTarget	1	204008
797.0308867843919	1.0	NonTarget	1	204040
797.155886727428	1.0	NonTarget	1	204072
797.2808866704642	1.0	NonTarget	1	204104
797.4058866135003	1.0	NonTarget	1	204136
797.5308865565365	1.0	NonTarget	1	204168
797.6558864995727	1.0	NonTarget	1	204200
797.7808864426089	1.0	NonTarget	1	204232
797.9058863856451	1.0	NonTarget	1	204264
798.0308863286812	1.0	NonTarget	1	204296
798.1558862717173	1.0	NonTarget	1	204328
798.2808862147535	1.0	NonTarget	1	204360
798.4058861577897	1.0	NonTarget	1	204392
798.5308861008259	1.0	NonTarget	1	204424
798.6558860438621	1.0	NonTarget	1	204456
798.7808859868983	1.0	NonTarget	1	204488
798.9058859299345	1.0	NonTarget	1	204520
799.0308858729705	1.0	NonTarget	1	204552
799.1558858160067	1.0	NonTarget	1	204584
799.2808857590429	1.0	NonTarget	1	204616
799.4058857020791	1.0	NonTarget	1	204648
799.5308856451153	1.0	NonTarget	1	204680
799.6558855881515	1.0	NonTarget	1	204712
799.7808855311877	1.0	NonTarget	1	204744
799.9058854742239	1.0	NonTarget	1	204776
800.0308854172599	1.0	NonTarget	1	204808
800.1558853602961	1.0	NonTarget	1	204840
800.2808853033323	1.0	NonTarget	1	204872
800.4058852463685	1.0	NonTarget	1	204904
800.5308851894047	1.0	NonTarget	1	204936
800.6558851324409	1.0	NonTarget	1	204968
800.780885075477	1.0	NonTarget	1	205000
800.9058850185131	1.0	NonTarget	1	205032
801.0308849615493	1.0	NonTarget	1	205064
801.1558849045855	1.0	NonTarget	1	205096
801.2808848476217	1.0	NonTarget	1	205128
801.4058847906579	1.0	NonTarget	1	205160
801.530884733694	1.0	NonTarget	1	205192
801.6558846767302	1.0	NonTarget	1	205224
801.7808846197664	1.0	NonTarget	1	205256
801.9058845628025	1.0	NonTarget	1	205288
802.0308845058387	1.0	NonTarget	1	205320
802.1558844488749	1.0	NonTarget	1	205352
802.2808843919111	1.0	NonTarget	1	205384
802.4058843349472	1.0	NonTarget	1	205416
802.5308842779834	1.0	NonTarget	1	205448
802.6558842210196	1.0	NonTarget	1	205480
802.7808841640558	1.0	NonTarget	1	205512
802.9058841070919	1.0	NonTarget	1	205544
803.0308840501281	1.0	NonTarget	1	205576
803.1558839931643	1.0	NonTarget	1	205608
803.2808839362004	1.0	NonTarget	1	205640
803.4058838792366	1.0	NonTarget	1	205672
803.5308838222728	1.0	NonTarget	1	205704
803.655883765309	1.0	NonTarget	1	205736
803.7808837083451	1.0	NonTarget	1	205768
803.9058836513813	1.0	NonTarget	1	205800
804.0308835944174	1.0	NonTarget	1	205832
804.1558835374536	1.0	NonTarget	1	205864
804.2808834804898	1.0	NonTarget	1	205896
804.405883423526	1.0	NonTarget	1	205928
804.5308833665622	1.0	NonTarget	1	205960
804.6558833095984	1.0	NonTarget	1	205992
804.7808832526345	1.0	NonTarget	1	206024
804.9058831956706	1.0	NonTarget	1	206056
805.0308831387068	1.0	NonTarget	1	206088
805.155883081743	1.0	NonTarget	1	206120
805.2808830247792	1.0	NonTarget	1	206152
805.4058829678154	1.0	NonTarget	1	206184
805.5308829108516	1.0	NonTarget	1	206216
805.6558828538878	1.0	NonTarget	1	206248
805.7808827969238	1.0	NonTarget	1	206280
805.90588273996	1.0	NonTarget	1	206312
806.0308826829962	1.0	NonTarget	1	206344
806.1558826260324	1.0	NonTarget	1	206376
806.2808825690686	1.0	NonTarget	1	206408
806.4058825121048	1.0	NonTarget	1	206440
806.530882455141	1.0	NonTarget	1	206472
806.6558823981771	1.0	NonTarget	1	206504
806.7808823412132	1.0	NonTarget	1	206536
806.9058822842494	1.0	NonTarget	1	206568
807.0308822272856	1.0	NonTarget	1	206600
807.1558821703218	1.0	NonTarget	1	206632
807.280882113358	1.0	NonTarget	1	206664
807.4058820563941	1.0	NonTarget	1	206696
807.5308819994303	1.0	NonTarget	1	206728
807.6558819424664	1.0	NonTarget	1	206760
807.7808818855026	1.0	NonTarget	1	206792
807.9058818285388	1.0	NonTarget	1	206824
808.030881771575	1.0	NonTarget	1	206856
808.1558817146112	1.0	NonTarget	1	206888
808.2808816576473	1.0	NonTarget	1	206920
808.4058816006835	1.0	NonTarget	1	206952
814.5308788094559	1.0	NonTarget	1	208520
814.6558787524921	1.0	NonTarget	1	208552
814.7808786955283	1.0	NonTarget	1	208584
814.9058786385644	1.0	NonTarget	1	208616
815.0308785816006	1.0	NonTarget	1	208648
815.1558785246368	1.0	NonTarget	1	208680
815.280878467673	1.0	NonTarget	1	208712
815.4058784107091	1.0	NonTarget	1	208744
815.5308783537453	1.0	NonTarget	1	208776
815.6558782967815	1.0	NonTarget	1	208808
815.7808782398176	1.0	NonTarget	1	208840
815.9058781828538	1.0	NonTarget	1	208872
816.03087812589	1.0	NonTarget	1	208904
816.1558780689262	1.0	NonTarget	1	208936
816.2808780119624	1.0	NonTarget	1	208968
816.4058779549985	1.0	NonTarget	1	209000
816.5308778980346	1.0	NonTarget	1	209032
816.6558778410708	1.0	NonTarget	1	209064
816.780877784107	1.0	NonTarget	1	209096
816.9058777271432	1.0	NonTarget	1	209128
817.0308776701794	1.0	NonTarget	1	209160
817.1558776132156	1.0	NonTarget	1	209192
817.2808775562517	1.0	NonTarget	1	209224
817.4058774992878	1.0	NonTarget	1	209256
817.530877442324	1.0	NonTarget	1	209288
817.6558773853602	1.0	NonTarget	1	209320
817.7808773283964	1.0	NonTarget	1	209352
817.9058772714326	1.0	NonTarget	1	209384
818.0308772144688	1.0	NonTarget	1	209416
818.155877157505	1.0	NonTarget	1	209448
818.280877100541	1.0	NonTarget	1	209480
818.4058770435772	1.0	NonTarget	1	209512
818.5308769866134	1.0	NonTarget	1	209544
818.6558769296496	1.0	NonTarget	1	209576
818.7808768726858	1.0	NonTarget	1	209608
818.905876815722	1.0	NonTarget	1	209640
819.0308767587582	1.0	NonTarget	1	209672
819.1558767017943	1.0	NonTarget	1	209704
819.2808766448304	1.0	NonTarget	1	209736
819.4058765878666	1.0	NonTarget	1	209768
819.5308765309028	1.0	NonTarget	1	209800
819.655876473939	1.0	NonTarget	1	209832
819.7808764169752	1.0	NonTarget	1	209864
819.9058763600113	1.0	NonTarget	1	209896
820.0308763030475	1.0	NonTarget	1	209928
820.1558762460836	1.0	NonTarget	1	209960
820.2808761891198	1.0	NonTarget	1	209992
820.405876132156	1.0	NonTarget	1	210024
820.5308760751922	1.0	NonTarget	1	210056
820.6558760182284	1.0	NonTarget	1	210088
820.7808759612645	1.0	NonTarget	1	210120
820.9058759043007	1.0	NonTarget	1	210152
821.0308758473369	1.0	NonTarget	1	210184
821.155875790373	1.0	NonTarget	1	210216
821.2808757334092	1.0	NonTarget	1	210248
821.4058756764454	1.0	NonTarget	1	210280
821.5308756194815	1.0	NonTarget	1	210312
821.6558755625177	1.0	NonTarget	1	210344
821.7808755055539	1.0	NonTarget	1	210376
821.9058754485901	1.0	NonTarget	1	210408
822.0308753916263	1.0	NonTarget	1	210440
822.1558753346624	1.0	NonTarget	1	210472
822.2808752776986	1.0	NonTarget	1	210504
822.4058752207347	1.0	NonTarget	1	210536
822.5308751637709	1.0	NonTarget	1	210568
822.6558751068071	1.0	NonTarget	1	210600
822.7808750498433	1.0	NonTarget	1	210632
822.9058749928795	1.0	NonTarget	1	210664
823.0308749359157	1.0	NonTarget	1	210696
823.1558748789517	1.0	NonTarget	1	210728
823.2808748219879	1.0	NonTarget	1	210760
823.4058747650241	1.0	NonTarget	1	210792
823.5308747080603	1.0	NonTarget	1	210824
823.6558746510965	1.0	NonTarget	1	210856
823.7808745941327	1.0	NonTarget	1	210888
823.9058745371689	1.0	NonTarget	1	210920
824.030874480205	1.0	NonTarget	1	210952
824.1558744232411	1.0	NonTarget	1	210984
824.2808743662773	1.0	NonTarget	1	211016
824.4058743093135	1.0	NonTarget	1	211048
824.5308742523497	1.0	NonTarget	1	211080
824.6558741953859	1.0	NonTarget	1	211112
824.7808741384221	1.0	NonTarget	1	211144
824.9058740814583	1.0	NonTarget	1	211176
825.0308740244943	1.0	NonTarget	1	211208
825.1558739675305	1.0	NonTarget	1	211240
825.2808739105667	1.0	NonTarget	1	211272
825.4058738536029	1.0	NonTarget	1	211304
825.5308737966391	1.0	NonTarget	1	211336
825.6558737396753	1.0	NonTarget	1	211368
825.7808736827114	1.0	NonTarget	1	211400
825.9058736257476	1.0	NonTarget	1	211432
826.0308735687837	1.0	NonTarget	1	211464
826.1558735118199	1.0	NonTarget	1	211496
826.2808734548561	1.0	NonTarget	1	211528
826.4058733978923	1.0	NonTarget	1	211560
832.5308706066647	1.0	NonTarget	1	213128
832.6558705497009	1.0	NonTarget	1	213160
832.780870492737	1.0	NonTarget	1	213192
832.9058704357732	1.0	NonTarget	1	213224
833.0308703788094	1.0	NonTarget	1	213256
833.1558703218456	1.0	NonTarget	1	213288
833.2808702648817	1.0	NonTarget	1	213320
833.4058702079179	1.0	NonTarget	1	213352
833.5308701509541	1.0	NonTarget	1	213384
833.6558700939902	1.0	NonTarget	1	213416
833.7808700370264	1.0	NonTarget	1	213448
833.9058699800626	1.0	NonTarget	1	213480
834.0308699230987	1.0	NonTarget	1	213512
834.1558698661349	1.0	NonTarget	1	213544
834.2808698091711	1.0	NonTarget	1	213576
834.4058697522073	1.0	NonTarget	1	213608
834.5308696952435	1.0	NonTarget	1	213640
834.6558696382796	1.0	NonTarget	1	213672
834.7808695813158	1.0	NonTarget	1	213704
834.9058695243519	1.0	NonTarget	1	213736
835.0308694673881	1.0	NonTarget	1	213768
835.1558694104243	1.0	NonTarget	1	213800
835.2808693534605	1.0	NonTarget	1	213832
835.4058692964967	1.0	NonTarget	1	213864
835.5308692395329	1.0	NonTarget	1	213896
835.655869182569	1.0	NonTarget	1	213928
835.7808691256051	1.0	NonTarget	1	213960
835.9058690686413	1.0	NonTarget	1	213992
836.0308690116775	1.0	NonTarget	1	214024
836.1558689547137	1.0	NonTarget	1	214056
836.2808688977499	1.0	NonTarget	1	214088
836.4058688407861	1.0	NonTarget	1	214120
836.5308687838221	1.0	NonTarget	1	214152
836.6558687268583	1.0	NonTarget	1	214184
836.7808686698945	1.0	NonTarget	1	214216
836.9058686129307	1.0	NonTarget	1	214248
837.0308685559669	1.0	NonTarget	1	214280
837.1558684990031	1.0	NonTarget	1	214312
837.2808684420393	1.0	NonTarget	1	214344
837.4058683850755	1.0	NonTarget	1	214376
837.5308683281115	1.0	NonTarget	1	214408
837.6558682711477	1.0	NonTarget	1	214440
837.7808682141839	1.0	NonTarget	1	214472
837.9058681572201	1.0	NonTarget	1	214504
838.0308681002563	1.0	NonTarget	1	214536
838.1558680432925	1.0	NonTarget	1	214568
838.2808679863286	1.0	NonTarget	1	214600
838.4058679293648	1.0	NonTarget	1	214632
838.5308678724009	1.0	NonTarget	1	214664
838.6558678154371	1.0	NonTarget	1	214696
838.7808677584733	1.0	NonTarget	1	214728
838.9058677015095	1.0	NonTarget	1	214760
839.0308676445457	1.0	NonTarget	1	214792
839.1558675875818	1.0	NonTarget	1	214824
839.280867530618	1.0	NonTarget	1	214856
839.4058674736542	1.0	NonTarget	1	214888
839.5308674166903	1.0	NonTarget	1	214920
839.6558673597265	1.0	NonTarget	1	214952
839.7808673027627	1.0	NonTarget	1	214984
839.9058672457988	1.0	NonTarget	1	215016
840.030867188835	1.0	NonTarget	1	215048
840.1558671318712	1.0	NonTarget	1	215080
840.2808670749074	1.0	NonTarget	1	215112
840.4058670179435	1.0	NonTarget	1	215144
840.5308669609797	1.0	NonTarget	1	215176
840.6558669040159	1.0	NonTarget	1	215208
840.780866847052	1.0	NonTarget	1	215240
840.9058667900882	1.0	NonTarget	1	215272
841.0308667331244	1.0	NonTarget	1	215304
841.1558666761606	1.0	NonTarget	1	215336
841.2808666191968	1.0	NonTarget	1	215368
841.4058665622329	1.0	NonTarget	1	215400
841.530866505269	1.0	NonTarget	1	215432
841.6558664483052	1.0	NonTarget	1	215464
841.7808663913414	1.0	NonTarget	1	215496
841.9058663343776	1.0	NonTarget	1	215528
842.0308662774138	1.0	NonTarget	1	215560
842.15586622045	1.0	NonTarget	1	215592
842.2808661634862	1.0	NonTarget	1	215624
842.4058661065222	1.0	NonTarget	1	215656
842.5308660495584	1.0	NonTarget	1	215688
842.6558659925946	1.0	NonTarget	1	215720
842.7808659356308	1.0	NonTarget	1	215752
842.905865878667	1.0	NonTarget	1	215784
843.0308658217032	1.0	NonTarget	1	215816
843.1558657647394	1.0	NonTarget	1	215848
843.2808657077754	1.0	NonTarget	1	215880
843.4058656508116	1.0	NonTarget	1	215912
843.5308655938478	1.0	NonTarget	1	215944
843.655865536884	1.0	NonTarget	1	215976
843.7808654799202	1.0	NonTarget	1	216008
843.9058654229564	1.0	NonTarget	1	216040
844.0308653659926	1.0	NonTarget	1	216072
844.1558653090287	1.0	NonTarget	1	216104
844.2808652520648	1.0	NonTarget	1	216136
844.405865195101	1.0	NonTarget	1	216168
850.5308624038735	1.0	NonTarget	1	217736
850.6558623469097	1.0	NonTarget	1	217768
850.7808622899458	1.0	NonTarget	1	217800
850.905862232982	1.0	NonTarget	1	217832
851.0308621760181	1.0	NonTarget	1	217864
851.1558621190543	1.0	NonTarget	1	217896
851.2808620620905	1.0	NonTarget	1	217928
851.4058620051267	1.0	NonTarget	1	217960
851.5308619481629	1.0	NonTarget	1	217992
851.655861891199	1.0	NonTarget	1	218024
851.7808618342352	1.0	NonTarget	1	218056
851.9058617772714	1.0	NonTarget	1	218088
852.0308617203075	1.0	NonTarget	1	218120
852.1558616633437	1.0	NonTarget	1	218152
852.2808616063799	1.0	NonTarget	1	218184
852.405861549416	1.0	NonTarget	1	218216
852.5308614924522	1.0	NonTarget	1	218248
852.6558614354884	1.0	NonTarget	1	218280
852.7808613785246	1.0	NonTarget	1	218312
852.9058613215607	1.0	NonTarget	1	218344
853.0308612645969	1.0	NonTarget	1	218376
853.155861207633	1.0	NonTarget	1	218408
853.2808611506692	1.0	NonTarget	1	218440
853.4058610937054	1.0	NonTarget	1	218472
853.5308610367416	1.0	NonTarget	1	218504
853.6558609797778	1.0	NonTarget	1	218536
853.780860922814	1.0	NonTarget	1	218568
853.9058608658501	1.0	NonTarget	1	218600
854.0308608088862	1.0	NonTarget	1	218632
854.1558607519224	1.0	NonTarget	1	218664
854.2808606949586	1.0	NonTarget	1	218696
854.4058606379948	1.0	NonTarget	1	218728
854.530860581031	1.0	NonTarget	1	218760
854.6558605240672	1.0	NonTarget	1	218792
854.7808604671034	1.0	NonTarget	1	218824
854.9058604101394	1.0	NonTarget	1	218856
855.0308603531756	1.0	NonTarget	1	218888
855.1558602962118	1.0	NonTarget	1	218920
855.280860239248	1.0	NonTarget	1	218952
855.4058601822842	1.0	NonTarget	1	218984
855.5308601253204	1.0	NonTarget	1	219016
855.6558600683566	1.0	NonTarget	1	219048
855.7808600113926	1.0	NonTarget	1	219080
855.9058599544288	1.0	NonTarget	1	219112
856.030859897465	1.0	NonTarget	1	219144
856.1558598405012	1.0	NonTarget	1	219176
856.2808597835374	1.0	NonTarget	1	219208
856.4058597265736	1.0	NonTarget	1	219240
856.5308596696098	1.0	NonTarget	1	219272
856.6558596126459	1.0	NonTarget	1	219304
856.780859555682	1.0	NonTarget	1	219336
856.9058594987182	1.0	NonTarget	1	219368
857.0308594417544	1.0	NonTarget	1	219400
857.1558593847906	1.0	NonTarget	1	219432
857.2808593278268	1.0	NonTarget	1	219464
857.405859270863	1.0	NonTarget	1	219496
857.5308592138991	1.0	NonTarget	1	219528
857.6558591569353	1.0	NonTarget	1	219560
857.7808590999714	1.0	NonTarget	1	219592
857.9058590430076	1.0	NonTarget	1	219624
858.0308589860438	1.0	NonTarget	1	219656
858.15585892908	1.0	NonTarget	1	219688
858.2808588721161	1.0	NonTarget	1	219720
858.4058588151523	1.0	NonTarget	1	219752
858.5308587581885	1.0	NonTarget	1	219784
858.6558587012247	1.0	NonTarget	1	219816
858.7808586442608	1.0	NonTarget	1	219848
858.905858587297	1.0	NonTarget	1	219880
859.0308585303331	1.0	NonTarget	1	219912
859.1558584733693	1.0	NonTarget	1	219944
859.2808584164055	1.0	NonTarget	1	219976
859.4058583594417	1.0	NonTarget	1	220008
859.5308583024779	1.0	NonTarget	1	220040
859.655858245514	1.0	NonTarget	1	220072
859.7808581885502	1.0	NonTarget	1	220104
859.9058581315863	1.0	NonTarget	1	220136
860.0308580746225	1.0	NonTarget	1	220168
860.1558580176587	1.0	NonTarget	1	220200
860.2808579606949	1.0	NonTarget	1	220232
860.4058579037311	1.0	NonTarget	1	220264
860.5308578467673	1.0	NonTarget	1	220296
860.6558577898033	1.0	NonTarget	1	220328
860.7808577328395	1.0	NonTarget	1	220360
860.9058576758757	1.0	NonTarget	1	220392
861.0308576189119	1.0	NonTarget	1	220424
861.1558575619481	1.0	NonTarget	1	220456
861.2808575049843	1.0	NonTarget	1	220488
861.4058574480205	1.0	NonTarget	1	220520
861.5308573910567	1.0	NonTarget	1	220552
861.6558573340927	1.0	NonTarget	1	220584
861.7808572771289	1.0	NonTarget	1	220616
861.9058572201651	1.0	NonTarget	1	220648
862.0308571632013	1.0	NonTarget	1	220680
862.1558571062375	1.0	NonTarget	1	220712
862.2808570492737	1.0	NonTarget	1	220744
862.4058569923099	1.0	NonTarget	1	220776
868.5308542010822	1.0	NonTarget	1	222344
868.6558541441184	1.0	NonTarget	1	222376
868.7808540871546	1.0	NonTarget	1	222408
868.9058540301908	1.0	NonTarget	1	222440
869.030853973227	1.0	NonTarget	1	222472
869.1558539162631	1.0	NonTarget	1	222504
869.2808538592992	1.0	NonTarget	1	222536
869.4058538023354	1.0	NonTarget	1	222568
869.5308537453716	1.0	NonTarget	1	222600
869.6558536884078	1.0	NonTarget	1	222632
869.780853631444	1.0	NonTarget	1	222664
869.9058535744801	1.0	NonTarget	1	222696
870.0308535175163	1.0	NonTarget	1	222728
870.1558534605525	1.0	NonTarget	1	222760
870.2808534035886	1.0	NonTarget	1	222792
870.4058533466248	1.0	NonTarget	1	222824
870.530853289661	1.0	NonTarget	1	222856
870.6558532326972	1.0	NonTarget	1	222888
870.7808531757333	1.0	NonTarget	1	222920
870.9058531187695	1.0	NonTarget	1	222952
871.0308530618057	1.0	NonTarget	1	222984
871.1558530048419	1.0	NonTarget	1	223016
871.280852947878	1.0	NonTarget	1	223048
871.4058528909142	1.0	NonTarget	1	223080
871.5308528339503	1.0	NonTarget	1	223112
871.6558527769865	1.0	NonTarget	1	223144
871.7808527200227	1.0	NonTarget	1	223176
871.9058526630589	1.0	NonTarget	1	223208
872.0308526060951	1.0	NonTarget	1	223240
872.1558525491312	1.0	NonTarget	1	223272
872.2808524921674	1.0	NonTarget	1	223304
872.4058524352035	1.0	NonTarget	1	223336
872.5308523782397	1.0	NonTarget	1	223368
872.6558523212759	1.0	NonTarget	1	223400
872.7808522643121	1.0	NonTarget	1	223432
872.9058522073483	1.0	NonTarget	1	223464
873.0308521503845	1.0	NonTarget	1	223496
873.1558520934205	1.0	NonTarget	1	223528
873.2808520364567	1.0	NonTarget	1	223560
873.4058519794929	1.0	NonTarget	1	223592
873.5308519225291	1.0	NonTarget	1	223624
873.6558518655653	1.0	NonTarget	1	223656
873.7808518086015	1.0	NonTarget	1	223688
873.9058517516377	1.0	NonTarget	1	223720
874.0308516946739	1.0	NonTarget	1	223752
874.1558516377099	1.0	NonTarget	1	223784
874.2808515807461	1.0	NonTarget	1	223816
874.4058515237823	1.0	NonTarget	1	223848
874.5308514668185	1.0	NonTarget	1	223880
874.6558514098547	1.0	NonTarget	1	223912
874.7808513528909	1.0	NonTarget	1	223944
874.905851295927	1.0	NonTarget	1	223976
875.0308512389632	1.0	NonTarget	1	224008
875.1558511819993	1.0	NonTarget	1	224040
875.2808511250355	1.0	NonTarget	1	224072
875.4058510680717	1.0	NonTarget	1	224104
875.5308510111079	1.0	NonTarget	1	224136
875.6558509541441	1.0	NonTarget	1	224168
875.7808508971802	1.0	NonTarget	1	224200
875.9058508402164	1.0	NonTarget	1	224232
876.0308507832525	1.0	NonTarget	1	224264
876.1558507262887	1.0	NonTarget	1	224296
876.2808506693249	1.0	NonTarget	1	224328
876.4058506123611	1.0	NonTarget	1	224360
876.5308505553973	1.0	NonTarget	1	224392
876.6558504984334	1.0	NonTarget	1	224424
876.7808504414696	1.0	NonTarget	1	224456
876.9058503845058	1.0	NonTarget	1	224488
877.0308503275419	1.0	NonTarget	1	224520
877.1558502705781	1.0	NonTarget	1	224552
877.2808502136143	1.0	NonTarget	1	224584
877.4058501566504	1.0	NonTarget	1	224616
877.5308500996866	1.0	NonTarget	1	224648
877.6558500427228	1.0	NonTarget	1	224680
877.780849985759	1.0	NonTarget	1	224712
877.9058499287952	1.0	NonTarget	1	224744
878.0308498718313	1.0	NonTarget	1	224776
878.1558498148675	1.0	NonTarget	1	224808
878.2808497579036	1.0	NonTarget	1	224840
878.4058497009398	1.0	NonTarget	1	224872
878.530849643976	1.0	NonTarget	1	224904
878.6558495870122	1.0	NonTarget	1	224936
878.7808495300484	1.0	NonTarget	1	224968
878.9058494730845	1.0	NonTarget	1	225000
879.0308494161206	1.0	NonTarget	1	225032
879.1558493591568	1.0	NonTarget	1	225064
879.280849302193	1.0	NonTarget	1	225096
879.4058492452292	1.0	NonTarget	1	225128
879.5308491882654	1.0	NonTarget	1	225160
879.6558491313016	1.0	NonTarget	1	225192
879.7808490743378	1.0	NonTarget	1	225224
879.9058490173738	1.0	NonTarget	1	225256
880.03084896041	1.0	NonTarget	1	225288
880.1558489034462	1.0	NonTarget	1	225320
880.2808488464824	1.0	NonTarget	1	225352
880.4058487895186	1.0	NonTarget	1	225384
886.530845998291	1.0	NonTarget	1	226952
886.6558459413271	1.0	NonTarget	1	226984
886.7808458843633	1.0	NonTarget	1	227016
886.9058458273995	1.0	NonTarget	1	227048
887.0308457704357	1.0	NonTarget	1	227080
887.1558457134719	1.0	NonTarget	1	227112
887.2808456565081	1.0	NonTarget	1	227144
887.4058455995443	1.0	NonTarget	1	227176
887.5308455425804	1.0	NonTarget	1	227208
887.6558454856165	1.0	NonTarget	1	227240
887.7808454286527	1.0	NonTarget	1	227272
887.9058453716889	1.0	NonTarget	1	227304
888.0308453147251	1.0	NonTarget	1	227336
888.1558452577613	1.0	NonTarget	1	227368
888.2808452007974	1.0	NonTarget	1	227400
888.4058451438336	1.0	NonTarget	1	227432
888.5308450868697	1.0	NonTarget	1	227464
888.6558450299059	1.0	NonTarget	1	227496
888.7808449729421	1.0	NonTarget	1	227528
888.9058449159783	1.0	NonTarget	1	227560
889.0308448590145	1.0	NonTarget	1	227592
889.1558448020506	1.0	NonTarget	1	227624
889.2808447450868	1.0	NonTarget	1	227656
889.405844688123	1.0	NonTarget	1	227688
889.5308446311591	1.0	NonTarget	1	227720
889.6558445741953	1.0	NonTarget	1	227752
889.7808445172315	1.0	NonTarget	1	227784
889.9058444602676	1.0	NonTarget	1	227816
890.0308444033038	1.0	NonTarget	1	227848
890.15584434634	1.0	NonTarget	1	227880
890.2808442893762	1.0	NonTarget	1	227912
890.4058442324124	1.0	NonTarget	1	227944
890.5308441754485	1.0	NonTarget	1	227976
890.6558441184847	1.0	NonTarget	1	228008
890.7808440615208	1.0	NonTarget	1	228040
890.905844004557	1.0	NonTarget	1	228072
891.0308439475932	1.0	NonTarget	1	228104
891.1558438906294	1.0	NonTarget	1	228136
891.2808438336656	1.0	NonTarget	1	228168
891.4058437767017	1.0	NonTarget	1	228200
891.5308437197378	1.0	NonTarget	1	228232
891.655843662774	1.0	NonTarget	1	228264
891.7808436058102	1.0	NonTarget	1	228296
891.9058435488464	1.0	NonTarget	1	228328
892.0308434918826	1.0	NonTarget	1	228360
892.1558434349188	1.0	NonTarget	1	228392
892.280843377955	1.0	NonTarget	1	228424
892.405843320991	1.0	NonTarget	1	228456
892.5308432640272	1.0	NonTarget	1	228488
892.6558432070634	1.0	NonTarget	1	228520
892.7808431500996	1.0	NonTarget	1	228552
892.9058430931358	1.0	NonTarget	1	228584
893.030843036172	1.0	NonTarget	1	228616
893.1558429792082	1.0	NonTarget	1	228648
893.2808429222443	1.0	NonTarget	1	228680
893.4058428652804	1.0	NonTarget	1	228712
893.5308428083166	1.0	NonTarget	1	228744
893.6558427513528	1.0	NonTarget	1	228776
893.780842694389	1.0	NonTarget	1	228808
893.9058426374252	1.0	NonTarget	1	228840
894.0308425804614	1.0	NonTarget	1	228872
894.1558425234975	1.0	NonTarget	1	228904
894.2808424665337	1.0	NonTarget	1	228936
894.4058424095698	1.0	NonTarget	1	228968
894.530842352606	1.0	NonTarget	1	229000
894.6558422956422	1.0	NonTarget	1	229032
894.7808422386784	1.0	NonTarget	1	229064
894.9058421817145	1.0	NonTarget	1	229096
895.0308421247507	1.0	NonTarget	1	229128
895.1558420677869	1.0	NonTarget	1	229160
895.280842010823	1.0	NonTarget	1	229192
895.4058419538592	1.0	NonTarget	1	229224
895.5308418968954	1.0	NonTarget	1	229256
895.6558418399316	1.0	NonTarget	1	229288
895.7808417829677	1.0	NonTarget	1	229320
895.9058417260039	1.0	NonTarget	1	229352
896.0308416690401	1.0	NonTarget	1	229384
896.1558416120763	1.0	NonTarget	1	229416
896.2808415551124	1.0	NonTarget	1	229448
896.4058414981486	1.0	NonTarget	1	229480
896.5308414411847	1.0	NonTarget	1	229512
896.6558413842209	1.0	NonTarget	1	229544
896.7808413272571	1.0	NonTarget	1	229576
896.9058412702933	1.0	NonTarget	1	229608
897.0308412133295	1.0	NonTarget	1	229640
897.1558411563657	1.0	NonTarget	1	229672
897.2808410994018	1.0	NonTarget	1	229704
897.4058410424379	1.0	NonTarget	1	229736
897.5308409854741	1.0	NonTarget	1	229768
897.6558409285103	1.0	NonTarget	1	229800
897.7808408715465	1.0	NonTarget	1	229832
897.9058408145827	1.0	NonTarget	1	229864
898.0308407576189	1.0	NonTarget	1	229896
898.155840700655	1.0	NonTarget	1	229928
898.2808406436911	1.0	NonTarget	1	229960
898.4058405867273	1.0	NonTarget	1	229992
904.5308377954998	1.0	NonTarget	1	231560
904.655837738536	1.0	NonTarget	1	231592
904.7808376815722	1.0	NonTarget	1	231624
904.9058376246082	1.0	NonTarget	1	231656
905.0308375676444	1.0	NonTarget	1	231688
905.1558375106806	1.0	NonTarget	1	231720
905.2808374537168	1.0	NonTarget	1	231752
905.405837396753	1.0	NonTarget	1	231784
905.5308373397892	1.0	NonTarget	1	231816
905.6558372828254	1.0	NonTarget	1	231848
905.7808372258615	1.0	NonTarget	1	231880
905.9058371688976	1.0	NonTarget	1	231912
906.0308371119338	1.0	NonTarget	1	231944
906.15583705497	1.0	NonTarget	1	231976
906.2808369980062	1.0	NonTarget	1	232008
906.4058369410424	1.0	NonTarget	1	232040
906.5308368840786	1.0	NonTarget	1	232072
906.6558368271147	1.0	NonTarget	1	232104
906.7808367701509	1.0	NonTarget	1	232136
906.905836713187	1.0	NonTarget	1	232168
907.0308366562232	1.0	NonTarget	1	232200
907.1558365992594	1.0	NonTarget	1	232232
907.2808365422956	1.0	NonTarget	1	232264
907.4058364853317	1.0	NonTarget	1	232296
907.5308364283679	1.0	NonTarget	1	232328
907.6558363714041	1.0	NonTarget	1	232360
907.7808363144402	1.0	NonTarget	1	232392
907.9058362574764	1.0	NonTarget	1	232424
908.0308362005126	1.0	NonTarget	1	232456
908.1558361435488	1.0	NonTarget	1	232488
908.2808360865849	1.0	NonTarget	1	232520
908.4058360296211	1.0	NonTarget	1	232552
908.5308359726573	1.0	NonTarget	1	232584
908.6558359156935	1.0	NonTarget	1	232616
908.7808358587296	1.0	NonTarget	1	232648
908.9058358017658	1.0	NonTarget	1	232680
909.030835744802	1.0	NonTarget	1	232712
909.1558356878381	1.0	NonTarget	1	232744
909.2808356308743	1.0	NonTarget	1	232776
909.4058355739105	1.0	NonTarget	1	232808
909.5308355169467	1.0	NonTarget	1	232840
909.6558354599829	1.0	NonTarget	1	232872
909.780835403019	1.0	NonTarget	1	232904
909.9058353460551	1.0	NonTarget	1	232936
910.0308352890913	1.0	NonTarget	1	232968
910.1558352321275	1.0	NonTarget	1	233000
910.2808351751637	1.0	NonTarget	1	233032
910.4058351181999	1.0	NonTarget	1	233064
910.5308350612361	1.0	NonTarget	1	233096
910.6558350042723	1.0	NonTarget	1	233128
910.7808349473083	1.0	NonTarget	1	233160
910.9058348903445	1.0	NonTarget	1	233192
911.0308348333807	1.0	NonTarget	1	233224
911.1558347764169	1.0	NonTarget	1	233256
911.2808347194531	1.0	NonTarget	1	233288
911.4058346624893	1.0	NonTarget	1	233320
911.5308346055255	1.0	NonTarget	1	233352
911.6558345485615	1.0	NonTarget	1	233384
911.7808344915977	1.0	NonTarget	1	233416
911.9058344346339	1.0	NonTarget	1	233448
912.0308343776701	1.0	NonTarget	1	233480
912.1558343207063	1.0	NonTarget	1	233512
912.2808342637425	1.0	NonTarget	1	233544
912.4058342067786	1.0	NonTarget	1	233576
912.5308341498148	1.0	NonTarget	1	233608
912.6558340928509	1.0	NonTarget	1	233640
912.7808340358871	1.0	NonTarget	1	233672
912.9058339789233	1.0	NonTarget	1	233704
913.0308339219595	1.0	NonTarget	1	233736
913.1558338649957	1.0	NonTarget	1	233768
913.2808338080318	1.0	NonTarget	1	233800
913.405833751068	1.0	NonTarget	1	233832
913.5308336941042	1.0	NonTarget	1	233864
913.6558336371403	1.0	NonTarget	1	233896
913.7808335801765	1.0	NonTarget	1	233928
913.9058335232127	1.0	NonTarget	1	233960
914.0308334662489	1.0	NonTarget	1	233992
914.155833409285	1.0	NonTarget	1	234024
914.2808333523212	1.0	NonTarget	1	234056
914.4058332953574	1.0	NonTarget	1	234088
914.5308332383935	1.0	NonTarget	1	234120
914.6558331814297	1.0	NonTarget	1	234152
914.7808331244659	1.0	NonTarget	1	234184
914.905833067502	1.0	NonTarget	1	234216
915.0308330105382	1.0	NonTarget	1	234248
915.1558329535744	1.0	NonTarget	1	234280
915.2808328966106	1.0	NonTarget	1	234312
915.4058328396468	1.0	NonTarget	1	234344
915.5308327826829	1.0	NonTarget	1	234376
915.655832725719	1.0	NonTarget	1	234408
915.7808326687552	1.0	NonTarget	1	234440
915.9058326117914	1.0	NonTarget	1	234472
916.0308325548276	1.0	NonTarget	1	234504
916.1558324978638	1.0	NonTarget	1	234536
916.2808324409	1.0	NonTarget	1	234568
916.4058323839362	1.0	NonTarget	1	234600
922.5308295927085	1.0	NonTarget	1	236168
922.6558295357447	1.0	NonTarget	1	236200
922.7808294787809	1.0	NonTarget	1	236232
922.9058294218171	1.0	NonTarget	1	236264
923.0308293648533	1.0	NonTarget	1	236296
923.1558293078895	1.0	NonTarget	1	236328
923.2808292509255	1.0	NonTarget	1	236360
923.4058291939617	1.0	NonTarget	1	236392
923.5308291369979	1.0	NonTarget	1	236424
923.6558290800341	1.0	NonTarget	1	236456
923.7808290230703	1.0	NonTarget	1	236488
923.9058289661065	1.0	NonTarget	1	236520
924.0308289091427	1.0	NonTarget	1	236552
924.1558288521787	1.0	NonTarget	1	236584
924.2808287952149	1.0	NonTarget	1	236616
924.4058287382511	1.0	NonTarget	1	236648
924.5308286812873	1.0	NonTarget	1	236680
924.6558286243235	1.0	NonTarget	1	236712
924.7808285673597	1.0	NonTarget	1	236744
924.9058285103958	1.0	NonTarget	1	236776
925.030828453432	1.0	NonTarget	1	236808
925.1558283964681	1.0	NonTarget	1	236840
925.2808283395043	1.0	NonTarget	1	236872
925.4058282825405	1.0	NonTarget	1	236904
925.5308282255767	1.0	NonTarget	1	236936
925.6558281686129	1.0	NonTarget	1	236968
925.780828111649	1.0	NonTarget	1	237000
925.9058280546852	1.0	NonTarget	1	237032
926.0308279977214	1.0	NonTarget	1	237064
926.1558279407575	1.0	NonTarget	1	237096
926.2808278837937	1.0	NonTarget	1	237128
926.4058278268299	1.0	NonTarget	1	237160
926.530827769866	1.0	NonTarget	1	237192
926.6558277129022	1.0	NonTarget	1	237224
926.7808276559384	1.0	NonTarget	1	237256
926.9058275989746	1.0	NonTarget	1	237288
927.0308275420108	1.0	NonTarget	1	237320
927.1558274850469	1.0	NonTarget	1	237352
927.2808274280831	1.0	NonTarget	1	237384
927.4058273711192	1.0	NonTarget	1	237416
927.5308273141554	1.0	NonTarget	1	237448
927.6558272571916	1.0	NonTarget	1	237480
927.7808272002278	1.0	NonTarget	1	237512
927.905827143264	1.0	NonTarget	1	237544
928.0308270863001	1.0	NonTarget	1	237576
928.1558270293363	1.0	NonTarget	1	237608
928.2808269723724	1.0	NonTarget	1	237640
928.4058269154086	1.0	NonTarget	1	237672
928.5308268584448	1.0	NonTarget	1	237704
928.655826801481	1.0	NonTarget	1	237736
928.7808267445172	1.0	NonTarget	1	237768
928.9058266875534	1.0	NonTarget	1	237800
929.0308266305894	1.0	NonTarget	1	237832
929.1558265736256	1.0	NonTarget	1	237864
929.2808265166618	1.0	NonTarget	1	237896
929.405826459698	1.0	NonTarget	1	237928
929.5308264027342	1.0	NonTarget	1	237960
929.6558263457704	1.0	NonTarget	1	237992
929.7808262888066	1.0	NonTarget	1	238024
929.9058262318428	1.0	NonTarget	1	238056
930.0308261748788	1.0	NonTarget	1	238088
930.155826117915	1.0	NonTarget	1	238120
930.2808260609512	1.0	NonTarget	1	238152
930.4058260039874	1.0	NonTarget	1	238184
930.5308259470236	1.0	NonTarget	1	238216
930.6558258900598	1.0	NonTarget	1	238248
930.780825833096	1.0	NonTarget	1	238280
930.905825776132	1.0	NonTarget	1	238312
931.0308257191682	1.0	NonTarget	1	238344
931.1558256622044	1.0	NonTarget	1	238376
931.2808256052406	1.0	NonTarget	1	238408
931.4058255482768	1.0	NonTarget	1	238440
931.530825491313	1.0	NonTarget	1	238472
931.6558254343491	1.0	NonTarget	1	238504
931.7808253773853	1.0	NonTarget	1	238536
931.9058253204214	1.0	NonTarget	1	238568
932.0308252634576	1.0	NonTarget	1	238600
932.1558252064938	1.0	NonTarget	1	238632
932.28082514953	1.0	NonTarget	1	238664
932.4058250925661	1.0	NonTarget	1	238696
932.5308250356023	1.0	NonTarget	1	238728
932.6558249786385	1.0	NonTarget	1	238760
932.7808249216747	1.0	NonTarget	1	238792
932.9058248647108	1.0	NonTarget	1	238824
933.030824807747	1.0	NonTarget	1	238856
933.1558247507832	1.0	NonTarget	1	238888
933.2808246938193	1.0	NonTarget	1	238920
933.4058246368555	1.0	NonTarget	1	238952
933.5308245798917	1.0	NonTarget	1	238984
933.6558245229279	1.0	NonTarget	1	239016
933.780824465964	1.0	NonTarget	1	239048
933.9058244090002	1.0	NonTarget	1	239080
934.0308243520363	1.0	NonTarget	1	239112
934.1558242950725	1.0	NonTarget	1	239144
934.2808242381087	1.0	NonTarget	1	239176
934.4058241811449	1.0	NonTarget	1	239208
940.5308213899173	1.0	NonTarget	1	240776
940.6558213329535	1.0	NonTarget	1	240808
940.7808212759896	1.0	NonTarget	1	240840
940.9058212190258	1.0	NonTarget	1	240872
941.030821162062	1.0	NonTarget	1	240904
941.1558211050982	1.0	NonTarget	1	240936
941.2808210481344	1.0	NonTarget	1	240968
941.4058209911706	1.0	NonTarget	1	241000
941.5308209342066	1.0	NonTarget	1	241032
941.6558208772428	1.0	NonTarget	1	241064
941.780820820279	1.0	NonTarget	1	241096
941.9058207633152	1.0	NonTarget	1	241128
942.0308207063514	1.0	NonTarget	1	241160
942.1558206493876	1.0	NonTarget	1	241192
942.2808205924238	1.0	NonTarget	1	241224
942.40582053546	1.0	NonTarget	1	241256
942.530820478496	1.0	NonTarget	1	241288
942.6558204215322	1.0	NonTarget	1	241320
942.7808203645684	1.0	NonTarget	1	241352
942.9058203076046	1.0	NonTarget	1	241384
943.0308202506408	1.0	NonTarget	1	241416
943.155820193677	1.0	NonTarget	1	241448
943.2808201367131	1.0	NonTarget	1	241480
943.4058200797492	1.0	NonTarget	1	241512
943.5308200227854	1.0	NonTarget	1	241544
943.6558199658216	1.0	NonTarget	1	241576
943.7808199088578	1.0	NonTarget	1	241608
943.905819851894	1.0	NonTarget	1	241640
944.0308197949302	1.0	NonTarget	1	241672
944.1558197379663	1.0	NonTarget	1	241704
944.2808196810025	1.0	NonTarget	1	241736
944.4058196240386	1.0	NonTarget	1	241768
944.5308195670748	1.0	NonTarget	1	241800
944.655819510111	1.0	NonTarget	1	241832
944.7808194531472	1.0	NonTarget	1	241864
944.9058193961833	1.0	NonTarget	1	241896
945.0308193392195	1.0	NonTarget	1	241928
945.1558192822557	1.0	NonTarget	1	241960
945.2808192252919	1.0	NonTarget	1	241992
945.405819168328	1.0	NonTarget	1	242024
945.5308191113642	1.0	NonTarget	1	242056
945.6558190544004	1.0	NonTarget	1	242088
945.7808189974365	1.0	NonTarget	1	242120
945.9058189404727	1.0	NonTarget	1	242152
946.0308188835089	1.0	NonTarget	1	242184
946.1558188265451	1.0	NonTarget	1	242216
946.2808187695813	1.0	NonTarget	1	242248
946.4058187126174	1.0	NonTarget	1	242280
946.5308186556535	1.0	NonTarget	1	242312
946.6558185986897	1.0	NonTarget	1	242344
946.7808185417259	1.0	NonTarget	1	242376
946.9058184847621	1.0	NonTarget	1	242408
947.0308184277983	1.0	NonTarget	1	242440
947.1558183708345	1.0	NonTarget	1	242472
947.2808183138706	1.0	NonTarget	1	242504
947.4058182569067	1.0	NonTarget	1	242536
947.5308181999429	1.0	NonTarget	1	242568
947.6558181429791	1.0	NonTarget	1	242600
947.7808180860153	1.0	NonTarget	1	242632
947.9058180290515	1.0	NonTarget	1	242664
948.0308179720877	1.0	NonTarget	1	242696
948.1558179151239	1.0	NonTarget	1	242728
948.2808178581599	1.0	NonTarget	1	242760
948.4058178011961	1.0	NonTarget	1	242792
948.5308177442323	1.0	NonTarget	1	242824
948.6558176872685	1.0	NonTarget	1	242856
948.7808176303047	1.0	NonTarget	1	242888
948.9058175733409	1.0	NonTarget	1	242920
949.030817516377	1.0	NonTarget	1	242952
949.1558174594132	1.0	NonTarget	1	242984
949.2808174024493	1.0	NonTarget	1	243016
949.4058173454855	1.0	NonTarget	1	243048
949.5308172885217	1.0	NonTarget	1	243080
949.6558172315579	1.0	NonTarget	1	243112
949.7808171745941	1.0	NonTarget	1	243144
949.9058171176302	1.0	NonTarget	1	243176
950.0308170606664	1.0	NonTarget	1	243208
950.1558170037025	1.0	NonTarget	1	243240
950.2808169467387	1.0	NonTarget	1	243272
950.4058168897749	1.0	NonTarget	1	243304
950.5308168328111	1.0	NonTarget	1	243336
950.6558167758473	1.0	NonTarget	1	243368
950.7808167188834	1.0	NonTarget	1	243400
950.9058166619196	1.0	NonTarget	1	243432
951.0308166049558	1.0	NonTarget	1	243464
951.1558165479919	1.0	NonTarget	1	243496
951.2808164910281	1.0	NonTarget	1	243528
951.4058164340643	1.0	NonTarget	1	243560
951.5308163771005	1.0	NonTarget	1	243592
951.6558163201366	1.0	NonTarget	1	243624
951.7808162631728	1.0	NonTarget	1	243656
951.905816206209	1.0	NonTarget	1	243688
952.0308161492452	1.0	NonTarget	1	243720
952.1558160922813	1.0	NonTarget	1	243752
952.2808160353175	1.0	NonTarget	1	243784
952.4058159783536	1.0	NonTarget	1	243816
958.5308131871261	1.0	NonTarget	1	245384
958.6558131301623	1.0	NonTarget	1	245416
958.7808130731985	1.0	NonTarget	1	245448
958.9058130162346	1.0	NonTarget	1	245480
959.0308129592707	1.0	NonTarget	1	245512
959.1558129023069	1.0	NonTarget	1	245544
959.2808128453431	1.0	NonTarget	1	245576
959.4058127883793	1.0	NonTarget	1	245608
959.5308127314155	1.0	NonTarget	1	245640
959.6558126744517	1.0	NonTarget	1	245672
959.7808126174878	1.0	NonTarget	1	245704
959.9058125605239	1.0	NonTarget	1	245736
960.0308125035601	1.0	NonTarget	1	245768
960.1558124465963	1.0	NonTarget	1	245800
960.2808123896325	1.0	NonTarget	1	245832
960.4058123326687	1.0	NonTarget	1	245864
960.5308122757049	1.0	NonTarget	1	245896
960.6558122187411	1.0	NonTarget	1	245928
960.7808121617771	1.0	NonTarget	1	245960
960.9058121048133	1.0	NonTarget	1	245992
961.0308120478495	1.0	NonTarget	1	246024
961.1558119908857	1.0	NonTarget	1	246056
961.2808119339219	1.0	NonTarget	1	246088
961.4058118769581	1.0	NonTarget	1	246120
961.5308118199943	1.0	NonTarget	1	246152
961.6558117630304	1.0	NonTarget	1	246184
961.7808117060665	1.0	NonTarget	1	246216
961.9058116491027	1.0	NonTarget	1	246248
962.0308115921389	1.0	NonTarget	1	246280
962.1558115351751	1.0	NonTarget	1	246312
962.2808114782113	1.0	NonTarget	1	246344
962.4058114212474	1.0	NonTarget	1	246376
962.5308113642836	1.0	NonTarget	1	246408
962.6558113073198	1.0	NonTarget	1	246440
962.7808112503559	1.0	NonTarget	1	246472
962.9058111933921	1.0	NonTarget	1	246504
963.0308111364283	1.0	NonTarget	1	246536
963.1558110794645	1.0	NonTarget	1	246568
963.2808110225006	1.0	NonTarget	1	246600
963.4058109655368	1.0	NonTarget	1	246632
963.530810908573	1.0	NonTarget	1	246664
963.6558108516091	1.0	NonTarget	1	246696
963.7808107946453	1.0	NonTarget	1	246728
963.9058107376815	1.0	NonTarget	1	246760
964.0308106807177	1.0	NonTarget	1	246792
964.1558106237538	1.0	NonTarget	1	246824
964.28081056679	1.0	NonTarget	1	246856
964.4058105098262	1.0	NonTarget	1	246888
964.5308104528624	1.0	NonTarget	1	246920
964.6558103958985	1.0	NonTarget	1	246952
964.7808103389347	1.0	NonTarget	1	246984
964.9058102819708	1.0	NonTarget	1	247016
965.030810225007	1.0	NonTarget	1	247048
965.1558101680432	1.0	NonTarget	1	247080
965.2808101110794	1.0	NonTarget	1	247112
965.4058100541156	1.0	NonTarget	1	247144
965.5308099971518	1.0	NonTarget	1	247176
965.6558099401879	1.0	NonTarget	1	247208
965.780809883224	1.0	NonTarget	1	247240
965.9058098262602	1.0	NonTarget	1	247272
966.0308097692964	1.0	NonTarget	1	247304
966.1558097123326	1.0	NonTarget	1	247336
966.2808096553688	1.0	NonTarget	1	247368
966.405809598405	1.0	NonTarget	1	247400
966.530809541441	1.0	NonTarget	1	247432
966.6558094844772	1.0	NonTarget	1	247464
966.7808094275134	1.0	NonTarget	1	247496
966.9058093705496	1.0	NonTarget	1	247528
967.0308093135858	1.0	NonTarget	1	247560
967.155809256622	1.0	NonTarget	1	247592
967.2808091996582	1.0	NonTarget	1	247624
967.4058091426944	1.0	NonTarget	1	247656
967.5308090857304	1.0	NonTarget	1	247688
967.6558090287666	1.0	NonTarget	1	247720
967.7808089718028	1.0	NonTarget	1	247752
967.905808914839	1.0	NonTarget	1	247784
968.0308088578752	1.0	NonTarget	1	247816
968.1558088009114	1.0	NonTarget	1	247848
968.2808087439475	1.0	NonTarget	1	247880
968.4058086869837	1.0	NonTarget	1	247912
968.5308086300198	1.0	NonTarget	1	247944
968.655808573056	1.0	NonTarget	1	247976
968.7808085160922	1.0	NonTarget	1	248008
968.9058084591284	1.0	NonTarget	1	248040
969.0308084021646	1.0	NonTarget	1	248072
969.1558083452007	1.0	NonTarget	1	248104
969.2808082882369	1.0	NonTarget	1	248136
969.405808231273	1.0	NonTarget	1	248168
969.5308081743092	1.0	NonTarget	1	248200
969.6558081173454	1.0	NonTarget	1	248232
969.7808080603816	1.0	NonTarget	1	248264
969.9058080034177	1.0	NonTarget	1	248296
970.0308079464539	1.0	NonTarget	1	248328
970.1558078894901	1.0	NonTarget	1	248360
970.2808078325263	1.0	NonTarget	1	248392
970.4058077755624	1.0	NonTarget	1	248424
976.5308049843348	1.0	NonTarget	1	249992
976.655804927371	1.0	NonTarget	1	250024
976.7808048704072	1.0	NonTarget	1	250056
976.9058048134434	1.0	NonTarget	1	250088
977.0308047564796	1.0	NonTarget	1	250120
977.1558046995157	1.0	NonTarget	1	250152
977.2808046425519	1.0	NonTarget	1	250184
977.405804585588	1.0	NonTarget	1	250216
977.5308045286242	1.0	NonTarget	1	250248
977.6558044716604	1.0	NonTarget	1	250280
977.7808044146966	1.0	NonTarget	1	250312
977.9058043577328	1.0	NonTarget	1	250344
978.030804300769	1.0	NonTarget	1	250376
978.155804243805	1.0	NonTarget	1	250408
978.2808041868412	1.0	NonTarget	1	250440
978.4058041298774	1.0	NonTarget	1	250472
978.5308040729136	1.0	NonTarget	1	250504
978.6558040159498	1.0	NonTarget	1	250536
978.780803958986	1.0	NonTarget	1	250568
978.9058039020222	1.0	NonTarget	1	250600
979.0308038450582	1.0	NonTarget	1	250632
979.1558037880944	1.0	NonTarget	1	250664
979.2808037311306	1.0	NonTarget	1	250696
979.4058036741668	1.0	NonTarget	1	250728
979.530803617203	1.0	NonTarget	1	250760
979.6558035602392	1.0	NonTarget	1	250792
979.7808035032754	1.0	NonTarget	1	250824
979.9058034463116	1.0	NonTarget	1	250856
980.0308033893476	1.0	NonTarget	1	250888
980.1558033323838	1.0	NonTarget	1	250920
980.28080327542	1.0	NonTarget	1	250952
980.4058032184562	1.0	NonTarget	1	250984
980.5308031614924	1.0	NonTarget	1	251016
980.6558031045286	1.0	NonTarget	1	251048
980.7808030475647	1.0	NonTarget	1	251080
980.9058029906009	1.0	NonTarget	1	251112
981.030802933637	1.0	NonTarget	1	251144
981.1558028766732	1.0	NonTarget	1	251176
981.2808028197094	1.0	NonTarget	1	251208
981.4058027627456	1.0	NonTarget	1	251240
981.5308027057818	1.0	NonTarget	1	251272
981.6558026488179	1.0	NonTarget	1	251304
981.7808025918541	1.0	NonTarget	1	251336
981.9058025348903	1.0	NonTarget	1	251368
982.0308024779264	1.0	NonTarget	1	251400
982.1558024209626	1.0	NonTarget	1	251432
982.2808023639988	1.0	NonTarget	1	251464
982.405802307035	1.0	NonTarget	1	251496
982.5308022500711	1.0	NonTarget	1	251528
982.6558021931073	1.0	NonTarget	1	251560
982.7808021361435	1.0	NonTarget	1	251592
982.9058020791796	1.0	NonTarget	1	251624
983.0308020222158	1.0	NonTarget	1	251656
983.155801965252	1.0	NonTarget	1	251688
983.2808019082881	1.0	NonTarget	1	251720
983.4058018513243	1.0	NonTarget	1	251752
983.5308017943605	1.0	NonTarget	1	251784
983.6558017373967	1.0	NonTarget	1	251816
983.7808016804329	1.0	NonTarget	1	251848
983.905801623469	1.0	NonTarget	1	251880
984.0308015665051	1.0	NonTarget	1	251912
984.1558015095413	1.0	NonTarget	1	251944
984.2808014525775	1.0	NonTarget	1	251976
984.4058013956137	1.0	NonTarget	1	252008
984.5308013386499	1.0	NonTarget	1	252040
984.6558012816861	1.0	NonTarget	1	252072
984.7808012247223	1.0	NonTarget	1	252104
984.9058011677583	1.0	NonTarget	1	252136
985.0308011107945	1.0	NonTarget	1	252168
985.1558010538307	1.0	NonTarget	1	252200
985.2808009968669	1.0	NonTarget	1	252232
985.4058009399031	1.0	NonTarget	1	252264
985.5308008829393	1.0	NonTarget	1	252296
985.6558008259755	1.0	NonTarget	1	252328
985.7808007690115	1.0	NonTarget	1	252360
985.9058007120477	1.0	NonTarget	1	252392
986.0308006550839	1.0	NonTarget	1	252424
986.1558005981201	1.0	NonTarget	1	252456
986.2808005411563	1.0	NonTarget	1	252488
986.4058004841925	1.0	NonTarget	1	252520
986.5308004272287	1.0	NonTarget	1	252552
986.6558003702648	1.0	NonTarget	1	252584
986.7808003133009	1.0	NonTarget	1	252616
986.9058002563371	1.0	NonTarget	1	252648
987.0308001993733	1.0	NonTarget	1	252680
987.1558001424095	1.0	NonTarget	1	252712
987.2808000854457	1.0	NonTarget	1	252744
987.4058000284818	1.0	NonTarget	1	252776
987.530799971518	1.0	NonTarget	1	252808
987.6557999145542	1.0	NonTarget	1	252840
987.7807998575903	1.0	NonTarget	1	252872
987.9057998006265	1.0	NonTarget	1	252904
988.0307997436627	1.0	NonTarget	1	252936
988.1557996866989	1.0	NonTarget	1	252968
988.280799629735	1.0	NonTarget	1	253000
988.4057995727712	1.0	NonTarget	1	253032
994.5307967815436	1.0	NonTarget	1	254600
994.6557967245798	1.0	NonTarget	1	254632
994.780796667616	1.0	NonTarget	1	254664
994.9057966106521	1.0	NonTarget	1	254696
995.0307965536883	1.0	NonTarget	1	254728
995.1557964967245	1.0	NonTarget	1	254760
995.2807964397607	1.0	NonTarget	1	254792
995.4057963827968	1.0	NonTarget	1	254824
995.530796325833	1.0	NonTarget	1	254856
995.6557962688692	1.0	NonTarget	1	254888
995.7807962119053	1.0	NonTarget	1	254920
995.9057961549415	1.0	NonTarget	1	254952
996.0307960979777	1.0	NonTarget	1	254984
996.1557960410139	1.0	NonTarget	1	255016
996.2807959840501	1.0	NonTarget	1	255048
996.4057959270862	1.0	NonTarget	1	255080
996.5307958701223	1.0	NonTarget	1	255112
996.6557958131585	1.0	NonTarget	1	255144
996.7807957561947	1.0	NonTarget	1	255176
996.9057956992309	1.0	NonTarget	1	255208
997.0307956422671	1.0	NonTarget	1	255240
997.1557955853033	1.0	NonTarget	1	255272
997.2807955283395	1.0	NonTarget	1	255304
997.4057954713755	1.0	NonTarget	1	255336
997.5307954144117	1.0	NonTarget	1	255368
997.6557953574479	1.0	NonTarget	1	255400
997.7807953004841	1.0	NonTarget	1	255432
997.9057952435203	1.0	NonTarget	1	255464
998.0307951865565	1.0	NonTarget	1	255496
998.1557951295927	1.0	NonTarget	1	255528
998.2807950726288	1.0	NonTarget	1	255560
998.4057950156649	1.0	NonTarget	1	255592
998.5307949587011	1.0	NonTarget	1	255624
998.6557949017373	1.0	NonTarget	1	255656
998.7807948447735	1.0	NonTarget	1	255688
998.9057947878097	1.0	NonTarget	1	255720
999.0307947308459	1.0	NonTarget	1	255752
999.155794673882	1.0	NonTarget	1	255784
999.2807946169181	1.0	NonTarget	1	255816
999.4057945599543	1.0	NonTarget	1	255848
999.5307945029905	1.0	NonTarget	1	255880
999.6557944460267	1.0	NonTarget	1	255912
999.7807943890629	1.0	NonTarget	1	255944
999.905794332099	1.0	NonTarget	1	255976
1000.0307942751352	1.0	NonTarget	1	256008
1000.1557942181714	1.0	NonTarget	1	256040
1000.2807941612075	1.0	NonTarget	1	256072
1000.4057941042437	1.0	NonTarget	1	256104
1000.5307940472799	1.0	NonTarget	1	256136
1000.655793990316	1.0	NonTarget	1	256168
1000.7807939333522	1.0	NonTarget	1	256200
1000.9057938763884	1.0	NonTarget	1	256232
1001.0307938194246	1.0	NonTarget	1	256264
1001.1557937624608	1.0	NonTarget	1	256296
1001.2807937054969	1.0	NonTarget	1	256328
1001.4057936485331	1.0	NonTarget	1	256360
1001.5307935915692	1.0	NonTarget	1	256392
1001.6557935346054	1.0	NonTarget	1	256424
1001.7807934776416	1.0	NonTarget	1	256456
1001.9057934206778	1.0	NonTarget	1	256488
1002.030793363714	1.0	NonTarget	1	256520
1002.1557933067501	1.0	NonTarget	1	256552
1002.2807932497863	1.0	NonTarget	1	256584
1002.4057931928224	1.0	NonTarget	1	256616
1002.5307931358586	1.0	NonTarget	1	256648
1002.6557930788948	1.0	NonTarget	1	256680
1002.780793021931	1.0	NonTarget	1	256712
1002.9057929649672	1.0	NonTarget	1	256744
1003.0307929080034	1.0	NonTarget	1	256776
1003.1557928510395	1.0	NonTarget	1	256808
1003.2807927940756	1.0	NonTarget	1	256840
1003.4057927371118	1.0	NonTarget	1	256872
1003.530792680148	1.0	NonTarget	1	256904
1003.6557926231842	1.0	NonTarget	1	256936
1003.7807925662204	1.0	NonTarget	1	256968
1003.9057925092566	1.0	NonTarget	1	257000
1004.0307924522928	1.0	NonTarget	1	257032
1004.1557923953288	1.0	NonTarget	1	257064
1004.280792338365	1.0	NonTarget	1	257096
1004.4057922814012	1.0	NonTarget	1	257128
1004.5307922244374	1.0	NonTarget	1	257160
1004.6557921674736	1.0	NonTarget	1	257192
1004.7807921105098	1.0	NonTarget	1	257224
1004.905792053546	1.0	NonTarget	1	257256
1005.030791996582	1.0	NonTarget	1	257288
1005.1557919396182	1.0	NonTarget	1	257320
1005.2807918826544	1.0	NonTarget	1	257352
1005.4057918256906	1.0	NonTarget	1	257384
1005.5307917687268	1.0	NonTarget	1	257416
1005.655791711763	1.0	NonTarget	1	257448
1005.7807916547991	1.0	NonTarget	1	257480
1005.9057915978353	1.0	NonTarget	1	257512
1006.0307915408714	1.0	NonTarget	1	257544
1006.1557914839076	1.0	NonTarget	1	257576
1006.2807914269438	1.0	NonTarget	1	257608
1006.40579136998	1.0	NonTarget	1	257640
1012.5307885787524	1.0	NonTarget	1	259208
1012.6557885217886	1.0	NonTarget	1	259240
1012.7807884648247	1.0	NonTarget	1	259272
1012.9057884078609	1.0	NonTarget	1	259304
1013.0307883508971	1.0	NonTarget	1	259336
1013.1557882939333	1.0	NonTarget	1	259368
1013.2807882369694	1.0	NonTarget	1	259400
1013.4057881800056	1.0	NonTarget	1	259432
1013.5307881230418	1.0	NonTarget	1	259464
1013.655788066078	1.0	NonTarget	1	259496
1013.7807880091141	1.0	NonTarget	1	259528
1013.9057879521503	1.0	NonTarget	1	259560
1014.0307878951864	1.0	NonTarget	1	259592
1014.1557878382226	1.0	NonTarget	1	259624
1014.2807877812588	1.0	NonTarget	1	259656
1014.405787724295	1.0	NonTarget	1	259688
1014.5307876673312	1.0	NonTarget	1	259720
1014.6557876103673	1.0	NonTarget	1	259752
1014.7807875534035	1.0	NonTarget	1	259784
1014.9057874964396	1.0	NonTarget	1	259816
1015.0307874394758	1.0	NonTarget	1	259848
1015.155787382512	1.0	NonTarget	1	259880
1015.2807873255482	1.0	NonTarget	1	259912
1015.4057872685844	1.0	NonTarget	1	259944
1015.5307872116206	1.0	NonTarget	1	259976
1015.6557871546567	1.0	NonTarget	1	260008
1015.7807870976928	1.0	NonTarget	1	260040
1015.905787040729	1.0	NonTarget	1	260072
1016.0307869837652	1.0	NonTarget	1	260104
1016.1557869268014	1.0	NonTarget	1	260136
1016.2807868698376	1.0	NonTarget	1	260168
1016.4057868128738	1.0	NonTarget	1	260200
1016.53078675591	1.0	NonTarget	1	260232
1016.655786698946	1.0	NonTarget	1	260264
1016.7807866419822	1.0	NonTarget	1	260296
1016.9057865850184	1.0	NonTarget	1	260328
1017.0307865280546	1.0	NonTarget	1	260360
1017.1557864710908	1.0	NonTarget	1	260392
1017.280786414127	1.0	NonTarget	1	260424
1017.4057863571632	1.0	NonTarget	1	260456
1017.5307863001993	1.0	NonTarget	1	260488
1017.6557862432354	1.0	NonTarget	1	260520
1017.7807861862716	1.0	NonTarget	1	260552
1017.9057861293078	1.0	NonTarget	1	260584
1018.030786072344	1.0	NonTarget	1	260616
1018.1557860153802	1.0	NonTarget	1	260648
1018.2807859584163	1.0	NonTarget	1	260680
1018.4057859014525	1.0	NonTarget	1	260712
1018.5307858444886	1.0	NonTarget	1	260744
1018.6557857875248	1.0	NonTarget	1	260776
1018.780785730561	1.0	NonTarget	1	260808
1018.9057856735972	1.0	NonTarget	1	260840
1019.0307856166334	1.0	NonTarget	1	260872
1019.1557855596695	1.0	NonTarget	1	260904
1019.2807855027057	1.0	NonTarget	1	260936
1019.4057854457419	1.0	NonTarget	1	260968
1019.530785388778	1.0	NonTarget	1	261000
1019.6557853318142	1.0	NonTarget	1	261032
1019.7807852748504	1.0	NonTarget	1	261064
1019.9057852178865	1.0	NonTarget	1	261096
1020.0307851609227	1.0	NonTarget	1	261128
1020.1557851039589	1.0	NonTarget	1	261160
1020.2807850469951	1.0	NonTarget	1	261192
1020.4057849900313	1.0	NonTarget	1	261224
1020.5307849330674	1.0	NonTarget	1	261256
1020.6557848761036	1.0	NonTarget	1	261288
1020.7807848191397	1.0	NonTarget	1	261320
1020.9057847621759	1.0	NonTarget	1	261352
1021.0307847052121	1.0	NonTarget	1	261384
1021.1557846482483	1.0	NonTarget	1	261416
1021.2807845912845	1.0	NonTarget	1	261448
1021.4057845343206	1.0	NonTarget	1	261480
1021.5307844773567	1.0	NonTarget	1	261512
1021.6557844203929	1.0	NonTarget	1	261544
1021.7807843634291	1.0	NonTarget	1	261576
1021.9057843064653	1.0	NonTarget	1	261608
1022.0307842495015	1.0	NonTarget	1	261640
1022.1557841925377	1.0	NonTarget	1	261672
1022.2807841355739	1.0	NonTarget	1	261704
1022.4057840786099	1.0	NonTarget	1	261736
1022.5307840216461	1.0	NonTarget	1	261768
1022.6557839646823	1.0	NonTarget	1	261800
1022.7807839077185	1.0	NonTarget	1	261832
1022.9057838507547	1.0	NonTarget	1	261864
1023.0307837937909	1.0	NonTarget	1	261896
1023.1557837368271	1.0	NonTarget	1	261928
1023.2807836798632	1.0	NonTarget	1	261960
1023.4057836228993	1.0	NonTarget	1	261992
1023.5307835659355	1.0	NonTarget	1	262024
1023.6557835089717	1.0	NonTarget	1	262056
1023.7807834520079	1.0	NonTarget	1	262088
1023.9057833950441	1.0	NonTarget	1	262120
1024.0307833380803	1.0	NonTarget	1	262152
1024.1557832811163	1.0	NonTarget	1	262184
1024.2807832241526	1.0	NonTarget	1	262216
1024.4057831671887	1.0	NonTarget	1	262248
1030.5307803759613	1.0	NonTarget	1	263816
1030.6557803189974	1.0	NonTarget	1	263848
1030.7807802620334	1.0	NonTarget	1	263880
1030.9057802050697	1.0	NonTarget	1	263912
1031.0307801481058	1.0	NonTarget	1	263944
1031.155780091142	1.0	NonTarget	1	263976
1031.2807800341782	1.0	NonTarget	1	264008
1031.4057799772145	1.0	NonTarget	1	264040
1031.5307799202506	1.0	NonTarget	1	264072
1031.6557798632866	1.0	NonTarget	1	264104
1031.780779806323	1.0	NonTarget	1	264136
1031.905779749359	1.0	NonTarget	1	264168
1032.0307796923953	1.0	NonTarget	1	264200
1032.1557796354314	1.0	NonTarget	1	264232
1032.2807795784677	1.0	NonTarget	1	264264
1032.4057795215037	1.0	NonTarget	1	264296
1032.5307794645398	1.0	NonTarget	1	264328
1032.6557794075761	1.0	NonTarget	1	264360
1032.7807793506122	1.0	NonTarget	1	264392
1032.9057792936485	1.0	NonTarget	1	264424
1033.0307792366846	1.0	NonTarget	1	264456
1033.1557791797209	1.0	NonTarget	1	264488
1033.280779122757	1.0	NonTarget	1	264520
1033.4057790657932	1.0	NonTarget	1	264552
1033.5307790088293	1.0	NonTarget	1	264584
1033.6557789518654	1.0	NonTarget	1	264616
1033.7807788949017	1.0	NonTarget	1	264648
1033.9057788379378	1.0	NonTarget	1	264680
1034.030778780974	1.0	NonTarget	1	264712
1034.1557787240101	1.0	NonTarget	1	264744
1034.2807786670464	1.0	NonTarget	1	264776
1034.4057786100825	1.0	NonTarget	1	264808
1034.5307785531186	1.0	NonTarget	1	264840
1034.6557784961549	1.0	NonTarget	1	264872
1034.780778439191	1.0	NonTarget	1	264904
1034.9057783822273	1.0	NonTarget	1	264936
1035.0307783252633	1.0	NonTarget	1	264968
1035.1557782682996	1.0	NonTarget	1	265000
1035.2807782113357	1.0	NonTarget	1	265032
1035.4057781543718	1.0	NonTarget	1	265064
1035.530778097408	1.0	NonTarget	1	265096
1035.6557780404441	1.0	NonTarget	1	265128
1035.7807779834804	1.0	NonTarget	1	265160
1035.9057779265165	1.0	NonTarget	1	265192
1036.0307778695528	1.0	NonTarget	1	265224
1036.155777812589	1.0	NonTarget	1	265256
1036.2807777556252	1.0	NonTarget	1	265288
1036.4057776986613	1.0	NonTarget	1	265320
1036.5307776416973	1.0	NonTarget	1	265352
1036.6557775847336	1.0	NonTarget	1	265384
1036.7807775277697	1.0	NonTarget	1	265416
1036.905777470806	1.0	NonTarget	1	265448
1037.030777413842	1.0	NonTarget	1	265480
1037.1557773568784	1.0	NonTarget	1	265512
1037.2807772999145	1.0	NonTarget	1	265544
1037.4057772429505	1.0	NonTarget	1	265576
1037.5307771859868	1.0	NonTarget	1	265608
1037.655777129023	1.0	NonTarget	1	265640
1037.7807770720592	1.0	NonTarget	1	265672
1037.9057770150953	1.0	NonTarget	1	265704
1038.0307769581316	1.0	NonTarget	1	265736
1038.1557769011677	1.0	NonTarget	1	265768
1038.2807768442037	1.0	NonTarget	1	265800
1038.40577678724	1.0	NonTarget	1	265832
1038.530776730276	1.0	NonTarget	1	265864
1038.6557766733124	1.0	NonTarget	1	265896
1038.7807766163485	1.0	NonTarget	1	265928
1038.9057765593848	1.0	NonTarget	1	265960
1039.0307765024208	1.0	NonTarget	1	265992
1039.1557764454571	1.0	NonTarget	1	266024
1039.2807763884932	1.0	NonTarget	1	266056
1039.4057763315293	1.0	NonTarget	1	266088
1039.5307762745656	1.0	NonTarget	1	266120
1039.6557762176017	1.0	NonTarget	1	266152
1039.780776160638	1.0	NonTarget	1	266184
1039.905776103674	1.0	NonTarget	1	266216
1040.0307760467103	1.0	NonTarget	1	266248
1040.1557759897464	1.0	NonTarget	1	266280
1040.2807759327825	1.0	NonTarget	1	266312
1040.4057758758188	1.0	NonTarget	1	266344
1040.5307758188549	1.0	NonTarget	1	266376
1040.6557757618912	1.0	NonTarget	1	266408
1040.7807757049272	1.0	NonTarget	1	266440
1040.9057756479635	1.0	NonTarget	1	266472
1041.0307755909996	1.0	NonTarget	1	266504
1041.1557755340357	1.0	NonTarget	1	266536
1041.280775477072	1.0	NonTarget	1	266568
1041.405775420108	1.0	NonTarget	1	266600
1041.5307753631444	1.0	NonTarget	1	266632
1041.6557753061804	1.0	NonTarget	1	266664
1041.7807752492167	1.0	NonTarget	1	266696
1041.9057751922528	1.0	NonTarget	1	266728
1042.030775135289	1.0	NonTarget	1	266760
1042.1557750783252	1.0	NonTarget	1	266792
1042.2807750213613	1.0	NonTarget	1	266824
1042.4057749643976	1.0	NonTarget	1	266856
1048.53077217317	1.0	NonTarget	1	268424
1048.6557721162062	1.0	NonTarget	1	268456
1048.7807720592423	1.0	NonTarget	1	268488
1048.9057720022784	1.0	NonTarget	1	268520
1049.0307719453147	1.0	NonTarget	1	268552
1049.1557718883507	1.0	NonTarget	1	268584
1049.280771831387	1.0	NonTarget	1	268616
1049.405771774423	1.0	NonTarget	1	268648
1049.5307717174594	1.0	NonTarget	1	268680
1049.6557716604955	1.0	NonTarget	1	268712
1049.7807716035318	1.0	NonTarget	1	268744
1049.9057715465678	1.0	NonTarget	1	268776
1050.030771489604	1.0	NonTarget	1	268808
1050.1557714326402	1.0	NonTarget	1	268840
1050.2807713756763	1.0	NonTarget	1	268872
1050.4057713187126	1.0	NonTarget	1	268904
1050.5307712617487	1.0	NonTarget	1	268936
1050.655771204785	1.0	NonTarget	1	268968
1050.780771147821	1.0	NonTarget	1	269000
1050.9057710908571	1.0	NonTarget	1	269032
1051.0307710338934	1.0	NonTarget	1	269064
1051.1557709769295	1.0	NonTarget	1	269096
1051.2807709199658	1.0	NonTarget	1	269128
1051.4057708630019	1.0	NonTarget	1	269160
1051.5307708060382	1.0	NonTarget	1	269192
1051.6557707490742	1.0	NonTarget	1	269224
1051.7807706921103	1.0	NonTarget	1	269256
1051.9057706351466	1.0	NonTarget	1	269288
1052.0307705781827	1.0	NonTarget	1	269320
1052.155770521219	1.0	NonTarget	1	269352
1052.280770464255	1.0	NonTarget	1	269384
1052.4057704072914	1.0	NonTarget	1	269416
1052.5307703503274	1.0	NonTarget	1	269448
1052.6557702933637	1.0	NonTarget	1	269480
1052.7807702363998	1.0	NonTarget	1	269512
1052.9057701794359	1.0	NonTarget	1	269544
1053.0307701224722	1.0	NonTarget	1	269576
1053.1557700655082	1.0	NonTarget	1	269608
1053.2807700085446	1.0	NonTarget	1	269640
1053.4057699515806	1.0	NonTarget	1	269672
1053.530769894617	1.0	NonTarget	1	269704
1053.655769837653	1.0	NonTarget	1	269736
1053.780769780689	1.0	NonTarget	1	269768
1053.9057697237254	1.0	NonTarget	1	269800
1054.0307696667614	1.0	NonTarget	1	269832
1054.1557696097977	1.0	NonTarget	1	269864
1054.2807695528338	1.0	NonTarget	1	269896
1054.4057694958701	1.0	NonTarget	1	269928
1054.5307694389062	1.0	NonTarget	1	269960
1054.6557693819423	1.0	NonTarget	1	269992
1054.7807693249786	1.0	NonTarget	1	270024
1054.9057692680146	1.0	NonTarget	1	270056
1055.030769211051	1.0	NonTarget	1	270088
1055.155769154087	1.0	NonTarget	1	270120
1055.2807690971233	1.0	NonTarget	1	270152
1055.4057690401594	1.0	NonTarget	1	270184
1055.5307689831957	1.0	NonTarget	1	270216
1055.6557689262318	1.0	NonTarget	1	270248
1055.7807688692678	1.0	NonTarget	1	270280
1055.9057688123041	1.0	NonTarget	1	270312
1056.0307687553402	1.0	NonTarget	1	270344
1056.1557686983765	1.0	NonTarget	1	270376
1056.2807686414126	1.0	NonTarget	1	270408
1056.4057685844489	1.0	NonTarget	1	270440
1056.530768527485	1.0	NonTarget	1	270472
1056.655768470521	1.0	NonTarget	1	270504
1056.7807684135573	1.0	NonTarget	1	270536
1056.9057683565934	1.0	NonTarget	1	270568
1057.0307682996297	1.0	NonTarget	1	270600
1057.1557682426658	1.0	NonTarget	1	270632
1057.280768185702	1.0	NonTarget	1	270664
1057.4057681287381	1.0	NonTarget	1	270696
1057.5307680717742	1.0	NonTarget	1	270728
1057.6557680148105	1.0	NonTarget	1	270760
1057.7807679578466	1.0	NonTarget	1	270792
1057.905767900883	1.0	NonTarget	1	270824
1058.030767843919	1.0	NonTarget	1	270856
1058.1557677869553	1.0	NonTarget	1	270888
1058.2807677299913	1.0	NonTarget	1	270920
1058.4057676730276	1.0	NonTarget	1	270952
1058.5307676160637	1.0	NonTarget	1	270984
1058.6557675590998	1.0	NonTarget	1	271016
1058.780767502136	1.0	NonTarget	1	271048
1058.9057674451722	1.0	NonTarget	1	271080
1059.0307673882085	1.0	NonTarget	1	271112
1059.1557673312445	1.0	NonTarget	1	271144
1059.2807672742808	1.0	NonTarget	1	271176
1059.405767217317	1.0	NonTarget	1	271208
1059.530767160353	1.0	NonTarget	1	271240
1059.6557671033893	1.0	NonTarget	1	271272
1059.7807670464254	1.0	NonTarget	1	271304
1059.9057669894617	1.0	NonTarget	1	271336
1060.0307669324977	1.0	NonTarget	1	271368
1060.155766875534	1.0	NonTarget	1	271400
1060.28076681857	1.0	NonTarget	1	271432
1060.4057667616062	1.0	NonTarget	1	271464
1066.5307639703788	1.0	NonTarget	1	273032
1066.6557639134148	1.0	NonTarget	1	273064
1066.7807638564511	1.0	NonTarget	1	273096
1066.9057637994872	1.0	NonTarget	1	273128
1067.0307637425235	1.0	NonTarget	1	273160
1067.1557636855596	1.0	NonTarget	1	273192
1067.2807636285957	1.0	NonTarget	1	273224
1067.405763571632	1.0	NonTarget	1	273256
1067.530763514668	1.0	NonTarget	1	273288
1067.6557634577043	1.0	NonTarget	1	273320
1067.7807634007404	1.0	NonTarget	1	273352
1067.9057633437767	1.0	NonTarget	1	273384
1068.0307632868128	1.0	NonTarget	1	273416
1068.1557632298488	1.0	NonTarget	1	273448
1068.2807631728851	1.0	NonTarget	1	273480
1068.4057631159212	1.0	NonTarget	1	273512
1068.5307630589575	1.0	NonTarget	1	273544
1068.6557630019936	1.0	NonTarget	1	273576
1068.78076294503	1.0	NonTarget	1	273608
1068.905762888066	1.0	NonTarget	1	273640
1069.0307628311023	1.0	NonTarget	1	273672
1069.1557627741383	1.0	NonTarget	1	273704
1069.2807627171744	1.0	NonTarget	1	273736
1069.4057626602107	1.0	NonTarget	1	273768
1069.5307626032468	1.0	NonTarget	1	273800
1069.655762546283	1.0	NonTarget	1	273832
1069.7807624893192	1.0	NonTarget	1	273864
1069.9057624323555	1.0	NonTarget	1	273896
1070.0307623753915	1.0	NonTarget	1	273928
1070.1557623184276	1.0	NonTarget	1	273960
1070.280762261464	1.0	NonTarget	1	273992
1070.4057622045	1.0	NonTarget	1	274024
1070.5307621475363	1.0	NonTarget	1	274056
1070.6557620905724	1.0	NonTarget	1	274088
1070.7807620336087	1.0	NonTarget	1	274120
1070.9057619766447	1.0	NonTarget	1	274152
1071.0307619196808	1.0	NonTarget	1	274184
1071.155761862717	1.0	NonTarget	1	274216
1071.2807618057532	1.0	NonTarget	1	274248
1071.4057617487895	1.0	NonTarget	1	274280
1071.5307616918255	1.0	NonTarget	1	274312
1071.6557616348618	1.0	NonTarget	1	274344
1071.780761577898	1.0	NonTarget	1	274376
1071.9057615209342	1.0	NonTarget	1	274408
1072.0307614639703	1.0	NonTarget	1	274440
1072.1557614070064	1.0	NonTarget	1	274472
1072.2807613500427	1.0	NonTarget	1	274504
1072.4057612930787	1.0	NonTarget	1	274536
1072.530761236115	1.0	NonTarget	1	274568
1072.655761179151	1.0	NonTarget	1	274600
1072.7807611221874	1.0	NonTarget	1	274632
1072.9057610652235	1.0	NonTarget	1	274664
1073.0307610082596	1.0	NonTarget	1	274696
1073.1557609512959	1.0	NonTarget	1	274728
1073.280760894332	1.0	NonTarget	1	274760
1073.4057608373682	1.0	NonTarget	1	274792
1073.5307607804043	1.0	NonTarget	1	274824
1073.6557607234406	1.0	NonTarget	1	274856
1073.7807606664767	1.0	NonTarget	1	274888
1073.9057606095128	1.0	NonTarget	1	274920
1074.030760552549	1.0	NonTarget	1	274952
1074.1557604955851	1.0	NonTarget	1	274984
1074.2807604386214	1.0	NonTarget	1	275016
1074.4057603816575	1.0	NonTarget	1	275048
1074.5307603246938	1.0	NonTarget	1	275080
1074.6557602677299	1.0	NonTarget	1	275112
1074.7807602107662	1.0	NonTarget	1	275144
1074.9057601538022	1.0	NonTarget	1	275176
1075.0307600968383	1.0	NonTarget	1	275208
1075.1557600398746	1.0	NonTarget	1	275240
1075.2807599829107	1.0	NonTarget	1	275272
1075.405759925947	1.0	NonTarget	1	275304
1075.530759868983	1.0	NonTarget	1	275336
1075.6557598120194	1.0	NonTarget	1	275368
1075.7807597550554	1.0	NonTarget	1	275400
1075.9057596980915	1.0	NonTarget	1	275432
1076.0307596411278	1.0	NonTarget	1	275464
1076.155759584164	1.0	NonTarget	1	275496
1076.2807595272002	1.0	NonTarget	1	275528
1076.4057594702363	1.0	NonTarget	1	275560
1076.5307594132726	1.0	NonTarget	1	275592
1076.6557593563086	1.0	NonTarget	1	275624
1076.7807592993447	1.0	NonTarget	1	275656
1076.905759242381	1.0	NonTarget	1	275688
1077.030759185417	1.0	NonTarget	1	275720
1077.1557591284534	1.0	NonTarget	1	275752
1077.2807590714895	1.0	NonTarget	1	275784
1077.4057590145258	1.0	NonTarget	1	275816
1077.5307589575618	1.0	NonTarget	1	275848
1077.6557589005981	1.0	NonTarget	1	275880
1077.7807588436342	1.0	NonTarget	1	275912
1077.9057587866703	1.0	NonTarget	1	275944
1078.0307587297066	1.0	NonTarget	1	275976
1078.1557586727426	1.0	NonTarget	1	276008
1078.280758615779	1.0	NonTarget	1	276040
1078.405758558815	1.0	NonTarget	1	276072
1084.5307557675874	1.0	NonTarget	1	277640
1084.6557557106237	1.0	NonTarget	1	277672
1084.7807556536598	1.0	NonTarget	1	277704
1084.905755596696	1.0	NonTarget	1	277736
1085.0307555397321	1.0	NonTarget	1	277768
1085.1557554827684	1.0	NonTarget	1	277800
1085.2807554258045	1.0	NonTarget	1	277832
1085.4057553688408	1.0	NonTarget	1	277864
1085.5307553118769	1.0	NonTarget	1	277896
1085.655755254913	1.0	NonTarget	1	277928
1085.7807551979492	1.0	NonTarget	1	277960
1085.9057551409853	1.0	NonTarget	1	277992
1086.0307550840216	1.0	NonTarget	1	278024
1086.1557550270577	1.0	NonTarget	1	278056
1086.280754970094	1.0	NonTarget	1	278088
1086.40575491313	1.0	NonTarget	1	278120
1086.5307548561661	1.0	NonTarget	1	278152
1086.6557547992024	1.0	NonTarget	1	278184
1086.7807547422385	1.0	NonTarget	1	278216
1086.9057546852748	1.0	NonTarget	1	278248
1087.030754628311	1.0	NonTarget	1	278280
1087.1557545713472	1.0	NonTarget	1	278312
1087.2807545143833	1.0	NonTarget	1	278344
1087.4057544574193	1.0	NonTarget	1	278376
1087.5307544004556	1.0	NonTarget	1	278408
1087.6557543434917	1.0	NonTarget	1	278440
1087.780754286528	1.0	NonTarget	1	278472
1087.905754229564	1.0	NonTarget	1	278504
1088.0307541726004	1.0	NonTarget	1	278536
1088.1557541156365	1.0	NonTarget	1	278568
1088.2807540586728	1.0	NonTarget	1	278600
1088.4057540017088	1.0	NonTarget	1	278632
1088.530753944745	1.0	NonTarget	1	278664
1088.6557538877812	1.0	NonTarget	1	278696
1088.7807538308173	1.0	NonTarget	1	278728
1088.9057537738536	1.0	NonTarget	1	278760
1089.0307537168896	1.0	NonTarget	1	278792
1089.155753659926	1.0	NonTarget	1	278824
1089.280753602962	1.0	NonTarget	1	278856
1089.405753545998	1.0	NonTarget	1	278888
1089.5307534890344	1.0	NonTarget	1	278920
1089.6557534320705	1.0	NonTarget	1	278952
1089.7807533751068	1.0	NonTarget	1	278984
1089.9057533181428	1.0	NonTarget	1	279016
1090.0307532611791	1.0	NonTarget	1	279048
1090.1557532042152	1.0	NonTarget	1	279080
1090.2807531472513	1.0	NonTarget	1	279112
1090.4057530902876	1.0	NonTarget	1	279144
1090.5307530333237	1.0	NonTarget	1	279176
1090.65575297636	1.0	NonTarget	1	279208
1090.780752919396	1.0	NonTarget	1	279240
1090.9057528624323	1.0	NonTarget	1	279272
1091.0307528054684	1.0	NonTarget	1	279304
1091.1557527485047	1.0	NonTarget	1	279336
1091.2807526915408	1.0	NonTarget	1	279368
1091.4057526345769	1.0	NonTarget	1	279400
1091.5307525776132	1.0	NonTarget	1	279432
1091.6557525206492	1.0	NonTarget	1	279464
1091.7807524636855	1.0	NonTarget	1	279496
1091.9057524067216	1.0	NonTarget	1	279528
1092.030752349758	1.0	NonTarget	1	279560
1092.155752292794	1.0	NonTarget	1	279592
1092.28075223583	1.0	NonTarget	1	279624
1092.4057521788664	1.0	NonTarget	1	279656
1092.5307521219024	1.0	NonTarget	1	279688
1092.6557520649387	1.0	NonTarget	1	279720
1092.7807520079748	1.0	NonTarget	1	279752
1092.905751951011	1.0	NonTarget	1	279784
1093.0307518940472	1.0	NonTarget	1	279816
1093.1557518370832	1.0	NonTarget	1	279848
1093.2807517801195	1.0	NonTarget	1	279880
1093.4057517231556	1.0	NonTarget	1	279912
1093.530751666192	1.0	NonTarget	1	279944
1093.655751609228	1.0	NonTarget	1	279976
1093.7807515522643	1.0	NonTarget	1	280008
1093.9057514953004	1.0	NonTarget	1	280040
1094.0307514383367	1.0	NonTarget	1	280072
1094.1557513813727	1.0	NonTarget	1	280104
1094.2807513244088	1.0	NonTarget	1	280136
1094.405751267445	1.0	NonTarget	1	280168
1094.5307512104812	1.0	NonTarget	1	280200
1094.6557511535175	1.0	NonTarget	1	280232
1094.7807510965536	1.0	NonTarget	1	280264
1094.9057510395899	1.0	NonTarget	1	280296
1095.030750982626	1.0	NonTarget	1	280328
1095.155750925662	1.0	NonTarget	1	280360
1095.2807508686983	1.0	NonTarget	1	280392
1095.4057508117344	1.0	NonTarget	1	280424
1095.5307507547707	1.0	NonTarget	1	280456
1095.6557506978068	1.0	NonTarget	1	280488
1095.780750640843	1.0	NonTarget	1	280520
1095.9057505838791	1.0	NonTarget	1	280552
1096.0307505269152	0.968749	NonTarget	1	280584
1096.1557504699515	0.84375	NonTarget	1	280616
1096.2807504129876	0.71875	NonTarget	1	280648
1096.4057503560239	0.59375	NonTarget	1	280680
