onset	duration	trial_type	value	sample
4.53124846104861	1.0	NonTarget	1	1160
4.656248418594778	1.0	NonTarget	1	1192
4.7812483761409466	1.0	NonTarget	1	1224
4.906248333687115	1.0	NonTarget	1	1256
5.031248291233283	1.0	NonTarget	1	1288
5.156248248779452	1.0	NonTarget	1	1320
5.28124820632562	1.0	NonTarget	1	1352
5.406248163871789	1.0	NonTarget	1	1384
5.531248121417958	1.0	NonTarget	1	1416
5.6562480789641265	1.0	NonTarget	1	1448
5.781248036510295	1.0	NonTarget	1	1480
5.906247994056463	1.0	NonTarget	1	1512
6.031247951602632	1.0	NonTarget	1	1544
6.1562479091488	1.0	NonTarget	1	1576
6.281247866694969	1.0	NonTarget	1	1608
6.406247824241137	1.0	NonTarget	1	1640
6.531247781787306	1.0	NonTarget	1	1672
6.656247739333475	1.0	NonTarget	1	1704
6.781247696879643	1.0	NonTarget	1	1736
6.906247654425812	1.0	NonTarget	1	1768
7.03124761197198	1.0	NonTarget	1	1800
7.156247569518149	1.0	NonTarget	1	1832
7.281247527064317	1.0	NonTarget	1	1864
7.4062474846104855	1.0	NonTarget	1	1896
7.531247442156654	1.0	NonTarget	1	1928
7.656247399702822	1.0	NonTarget	1	1960
7.781247357248992	1.0	NonTarget	1	1992
7.90624731479516	1.0	NonTarget	1	2024
8.031247272341329	1.0	NonTarget	1	2056
8.156247229887496	1.0	NonTarget	1	2088
8.281247187433666	1.0	NonTarget	1	2120
8.406247144979835	1.0	NonTarget	1	2152
8.531247102526002	1.0	NonTarget	1	2184
8.656247060072172	1.0	NonTarget	1	2216
8.78124701761834	1.0	NonTarget	1	2248
8.906246975164509	1.0	NonTarget	1	2280
9.031246932710676	1.0	NonTarget	1	2312
9.156246890256845	1.0	NonTarget	1	2344
9.281246847803013	1.0	NonTarget	1	2376
9.406246805349182	1.0	NonTarget	1	2408
9.531246762895352	1.0	NonTarget	1	2440
9.65624672044152	1.0	NonTarget	1	2472
9.781246677987689	1.0	NonTarget	1	2504
9.906246635533856	1.0	NonTarget	1	2536
10.031246593080025	1.0	NonTarget	1	2568
10.156246550626193	1.0	NonTarget	1	2600
10.281246508172362	1.0	NonTarget	1	2632
10.40624646571853	1.0	NonTarget	1	2664
10.5312464232647	1.0	NonTarget	1	2696
10.656246380810869	1.0	NonTarget	1	2728
10.781246338357036	1.0	NonTarget	1	2760
10.906246295903205	1.0	NonTarget	1	2792
11.031246253449373	1.0	NonTarget	1	2824
11.156246210995542	1.0	NonTarget	1	2856
11.28124616854171	1.0	NonTarget	1	2888
11.40624612608788	1.0	NonTarget	1	2920
11.531246083634047	1.0	NonTarget	1	2952
11.656246041180216	1.0	NonTarget	1	2984
11.781245998726385	1.0	NonTarget	1	3016
11.906245956272553	1.0	NonTarget	1	3048
12.031245913818722	1.0	NonTarget	1	3080
12.15624587136489	1.0	NonTarget	1	3112
12.281245828911059	1.0	NonTarget	1	3144
12.406245786457227	1.0	NonTarget	1	3176
12.531245744003396	1.0	NonTarget	1	3208
12.656245701549564	1.0	NonTarget	1	3240
12.781245659095733	1.0	NonTarget	1	3272
12.9062456166419	1.0	NonTarget	1	3304
13.03124557418807	1.0	NonTarget	1	3336
13.156245531734239	1.0	NonTarget	1	3368
13.281245489280407	1.0	NonTarget	1	3400
13.406245446826576	1.0	NonTarget	1	3432
13.531245404372743	1.0	NonTarget	1	3464
13.656245361918913	1.0	NonTarget	1	3496
13.78124531946508	1.0	NonTarget	1	3528
13.90624527701125	1.0	NonTarget	1	3560
14.031245234557417	1.0	NonTarget	1	3592
14.156245192103587	1.0	NonTarget	1	3624
14.281245149649756	1.0	NonTarget	1	3656
14.406245107195923	1.0	NonTarget	1	3688
14.531245064742093	1.0	NonTarget	1	3720
14.65624502228826	1.0	NonTarget	1	3752
14.78124497983443	1.0	NonTarget	1	3784
14.906244937380597	1.0	NonTarget	1	3816
15.031244894926767	1.0	NonTarget	1	3848
15.156244852472934	1.0	NonTarget	1	3880
15.281244810019103	1.0	NonTarget	1	3912
15.406244767565273	1.0	NonTarget	1	3944
15.53124472511144	1.0	NonTarget	1	3976
15.65624468265761	1.0	NonTarget	1	4008
15.781244640203777	1.0	NonTarget	1	4040
15.906244597749946	1.0	NonTarget	1	4072
16.031244555296116	1.0	NonTarget	1	4104
16.15624451284228	1.0	NonTarget	1	4136
16.28124447038845	1.0	NonTarget	1	4168
16.40624442793462	1.0	NonTarget	1	4200
16.53124438548079	1.0	NonTarget	1	4232
16.65624434302696	1.0	NonTarget	1	4264
16.781244300573125	1.0	NonTarget	1	4296
16.906244258119294	1.0	NonTarget	1	4328
17.031244215665463	1.0	NonTarget	1	4360
17.156244173211633	1.0	NonTarget	1	4392
17.2812441307578	1.0	NonTarget	1	4424
17.406244088303968	1.0	NonTarget	1	4456
17.531244045850137	1.0	NonTarget	1	4488
17.656244003396306	1.0	NonTarget	1	4520
17.781243960942476	1.0	NonTarget	1	4552
17.90624391848864	1.0	NonTarget	1	4584
18.03124387603481	1.0	NonTarget	1	4616
18.15624383358098	1.0	NonTarget	1	4648
18.28124379112715	1.0	NonTarget	1	4680
18.406243748673315	1.0	NonTarget	1	4712
18.531243706219485	1.0	NonTarget	1	4744
18.656243663765654	1.0	NonTarget	1	4776
18.781243621311823	1.0	NonTarget	1	4808
18.906243578857993	1.0	NonTarget	1	4840
19.03124353640416	1.0	NonTarget	1	4872
19.156243493950328	1.0	NonTarget	1	4904
19.281243451496497	1.0	NonTarget	1	4936
19.406243409042666	1.0	NonTarget	1	4968
25.531241328804924	1.0	NonTarget	1	6536
25.656241286351094	1.0	NonTarget	1	6568
25.78124124389726	1.0	NonTarget	1	6600
25.90624120144343	1.0	NonTarget	1	6632
26.031241158989598	1.0	NonTarget	1	6664
26.156241116535767	1.0	NonTarget	1	6696
26.281241074081933	1.0	NonTarget	1	6728
26.406241031628102	1.0	NonTarget	1	6760
26.53124098917427	1.0	NonTarget	1	6792
26.65624094672044	1.0	NonTarget	1	6824
26.78124090426661	1.0	NonTarget	1	6856
26.906240861812776	1.0	NonTarget	1	6888
27.031240819358946	1.0	NonTarget	1	6920
27.156240776905115	1.0	NonTarget	1	6952
27.281240734451284	1.0	NonTarget	1	6984
27.40624069199745	1.0	NonTarget	1	7016
27.53124064954362	1.0	NonTarget	1	7048
27.65624060708979	1.0	NonTarget	1	7080
27.781240564635958	1.0	NonTarget	1	7112
27.906240522182127	1.0	NonTarget	1	7144
28.031240479728293	1.0	NonTarget	1	7176
28.156240437274462	1.0	NonTarget	1	7208
28.28124039482063	1.0	NonTarget	1	7240
28.4062403523668	1.0	NonTarget	1	7272
28.531240309912967	1.0	NonTarget	1	7304
28.656240267459136	1.0	NonTarget	1	7336
28.781240225005305	1.0	NonTarget	1	7368
28.906240182551475	1.0	NonTarget	1	7400
29.031240140097644	1.0	NonTarget	1	7432
29.15624009764381	1.0	NonTarget	1	7464
29.28124005518998	1.0	NonTarget	1	7496
29.40624001273615	1.0	NonTarget	1	7528
29.531239970282318	1.0	NonTarget	1	7560
29.656239927828484	1.0	NonTarget	1	7592
29.781239885374653	1.0	NonTarget	1	7624
29.906239842920822	1.0	NonTarget	1	7656
30.03123980046699	1.0	NonTarget	1	7688
30.15623975801316	1.0	NonTarget	1	7720
30.281239715559327	1.0	NonTarget	1	7752
30.406239673105496	1.0	NonTarget	1	7784
30.531239630651665	1.0	NonTarget	1	7816
30.656239588197835	1.0	NonTarget	1	7848
30.781239545744	1.0	NonTarget	1	7880
30.90623950329017	1.0	NonTarget	1	7912
31.03123946083634	1.0	NonTarget	1	7944
31.15623941838251	1.0	NonTarget	1	7976
31.281239375928678	1.0	NonTarget	1	8008
31.406239333474844	1.0	NonTarget	1	8040
31.531239291021013	1.0	NonTarget	1	8072
31.656239248567182	1.0	NonTarget	1	8104
31.78123920611335	1.0	NonTarget	1	8136
31.906239163659517	1.0	NonTarget	1	8168
32.03123912120569	1.0	NonTarget	1	8200
32.15623907875185	1.0	NonTarget	1	8232
32.281239036298025	1.0	NonTarget	1	8264
32.40623899384419	1.0	NonTarget	1	8296
32.531238951390364	1.0	NonTarget	1	8328
32.65623890893653	1.0	NonTarget	1	8360
32.781238866482695	1.0	NonTarget	1	8392
32.90623882402887	1.0	NonTarget	1	8424
33.031238781575034	1.0	NonTarget	1	8456
33.15623873912121	1.0	NonTarget	1	8488
33.28123869666737	1.0	NonTarget	1	8520
33.40623865421354	1.0	NonTarget	1	8552
33.53123861175971	1.0	NonTarget	1	8584
33.65623856930588	1.0	NonTarget	1	8616
33.78123852685205	1.0	NonTarget	1	8648
33.906238484398216	1.0	NonTarget	1	8680
34.03123844194438	1.0	NonTarget	1	8712
34.156238399490555	1.0	NonTarget	1	8744
34.28123835703672	1.0	NonTarget	1	8776
34.406238314582886	1.0	NonTarget	1	8808
34.53123827212906	1.0	NonTarget	1	8840
34.656238229675225	1.0	NonTarget	1	8872
34.7812381872214	1.0	NonTarget	1	8904
34.90623814476756	1.0	NonTarget	1	8936
35.03123810231373	1.0	NonTarget	1	8968
35.1562380598599	1.0	NonTarget	1	9000
35.28123801740607	1.0	NonTarget	1	9032
35.40623797495224	1.0	NonTarget	1	9064
35.53123793249841	1.0	NonTarget	1	9096
35.65623789004457	1.0	NonTarget	1	9128
35.781237847590745	1.0	NonTarget	1	9160
35.90623780513691	1.0	NonTarget	1	9192
36.031237762683084	1.0	NonTarget	1	9224
36.15623772022925	1.0	NonTarget	1	9256
36.281237677775415	1.0	NonTarget	1	9288
36.40623763532159	1.0	NonTarget	1	9320
36.531237592867754	1.0	NonTarget	1	9352
36.65623755041392	1.0	NonTarget	1	9384
36.78123750796009	1.0	NonTarget	1	9416
36.90623746550626	1.0	NonTarget	1	9448
37.03123742305243	1.0	NonTarget	1	9480
37.1562373805986	1.0	NonTarget	1	9512
37.28123733814476	1.0	NonTarget	1	9544
37.406237295690936	1.0	NonTarget	1	9576
37.5312372532371	1.0	NonTarget	1	9608
37.656237210783274	1.0	NonTarget	1	9640
37.78123716832944	1.0	NonTarget	1	9672
37.906237125875606	1.0	NonTarget	1	9704
38.03123708342178	1.0	NonTarget	1	9736
38.156237040967945	1.0	NonTarget	1	9768
38.28123699851412	1.0	NonTarget	1	9800
38.40623695606028	1.0	NonTarget	1	9832
38.53123691360645	1.0	NonTarget	1	9864
38.65623687115262	1.0	NonTarget	1	9896
38.78123682869879	1.0	NonTarget	1	9928
38.90623678624495	1.0	NonTarget	1	9960
39.031236743791126	1.0	NonTarget	1	9992
39.15623670133729	1.0	NonTarget	1	10024
39.281236658883465	1.0	NonTarget	1	10056
39.40623661642963	1.0	NonTarget	1	10088
39.5312365739758	1.0	NonTarget	1	10120
39.65623653152197	1.0	NonTarget	1	10152
39.781236489068135	1.0	NonTarget	1	10184
39.90623644661431	1.0	NonTarget	1	10216
40.031236404160474	1.0	NonTarget	1	10248
40.15623636170664	1.0	NonTarget	1	10280
40.28123631925281	1.0	NonTarget	1	10312
40.40623627679898	1.0	NonTarget	1	10344
46.531234196561236	1.0	NonTarget	1	11912
46.65623415410741	1.0	NonTarget	1	11944
46.781234111653575	1.0	NonTarget	1	11976
46.90623406919974	1.0	NonTarget	1	12008
47.03123402674591	1.0	NonTarget	1	12040
47.15623398429208	1.0	NonTarget	1	12072
47.281233941838245	1.0	NonTarget	1	12104
47.40623389938442	1.0	NonTarget	1	12136
47.531233856930584	1.0	NonTarget	1	12168
47.65623381447676	1.0	NonTarget	1	12200
47.78123377202292	1.0	NonTarget	1	12232
47.90623372956909	1.0	NonTarget	1	12264
48.03123368711526	1.0	NonTarget	1	12296
48.15623364466143	1.0	NonTarget	1	12328
48.2812336022076	1.0	NonTarget	1	12360
48.406233559753765	1.0	NonTarget	1	12392
48.53123351729993	1.0	NonTarget	1	12424
48.656233474846104	1.0	NonTarget	1	12456
48.78123343239227	1.0	NonTarget	1	12488
48.90623338993844	1.0	NonTarget	1	12520
49.03123334748461	1.0	NonTarget	1	12552
49.156233305030774	1.0	NonTarget	1	12584
49.28123326257695	1.0	NonTarget	1	12616
49.40623322012311	1.0	NonTarget	1	12648
49.53123317766928	1.0	NonTarget	1	12680
49.65623313521545	1.0	NonTarget	1	12712
49.78123309276162	1.0	NonTarget	1	12744
49.90623305030779	1.0	NonTarget	1	12776
50.031233007853956	1.0	NonTarget	1	12808
50.15623296540012	1.0	NonTarget	1	12840
50.281232922946295	1.0	NonTarget	1	12872
50.40623288049246	1.0	NonTarget	1	12904
50.53123283803863	1.0	NonTarget	1	12936
50.6562327955848	1.0	NonTarget	1	12968
50.781232753130965	1.0	NonTarget	1	13000
50.90623271067714	1.0	NonTarget	1	13032
51.0312326682233	1.0	NonTarget	1	13064
51.156232625769476	1.0	NonTarget	1	13096
51.28123258331564	1.0	NonTarget	1	13128
51.40623254086181	1.0	NonTarget	1	13160
51.53123249840798	1.0	NonTarget	1	13192
51.65623245595415	1.0	NonTarget	1	13224
51.78123241350031	1.0	NonTarget	1	13256
51.906232371046485	1.0	NonTarget	1	13288
52.03123232859265	1.0	NonTarget	1	13320
52.156232286138824	1.0	NonTarget	1	13352
52.28123224368499	1.0	NonTarget	1	13384
52.406232201231155	1.0	NonTarget	1	13416
52.53123215877733	1.0	NonTarget	1	13448
52.656232116323494	1.0	NonTarget	1	13480
52.78123207386967	1.0	NonTarget	1	13512
52.90623203141583	1.0	NonTarget	1	13544
53.031231988962	1.0	NonTarget	1	13576
53.15623194650817	1.0	NonTarget	1	13608
53.28123190405434	1.0	NonTarget	1	13640
53.40623186160051	1.0	NonTarget	1	13672
53.531231819146676	1.0	NonTarget	1	13704
53.65623177669284	1.0	NonTarget	1	13736
53.781231734239014	1.0	NonTarget	1	13768
53.90623169178518	1.0	NonTarget	1	13800
54.031231649331346	1.0	NonTarget	1	13832
54.15623160687752	1.0	NonTarget	1	13864
54.281231564423685	1.0	NonTarget	1	13896
54.40623152196986	1.0	NonTarget	1	13928
54.53123147951602	1.0	NonTarget	1	13960
54.65623143706219	1.0	NonTarget	1	13992
54.78123139460836	1.0	NonTarget	1	14024
54.90623135215453	1.0	NonTarget	1	14056
55.0312313097007	1.0	NonTarget	1	14088
55.156231267246866	1.0	NonTarget	1	14120
55.28123122479303	1.0	NonTarget	1	14152
55.406231182339205	1.0	NonTarget	1	14184
55.53123113988537	1.0	NonTarget	1	14216
55.656231097431544	1.0	NonTarget	1	14248
55.78123105497771	1.0	NonTarget	1	14280
55.906231012523875	1.0	NonTarget	1	14312
56.03123097007005	1.0	NonTarget	1	14344
56.156230927616214	1.0	NonTarget	1	14376
56.28123088516238	1.0	NonTarget	1	14408
56.40623084270855	1.0	NonTarget	1	14440
56.53123080025472	1.0	NonTarget	1	14472
56.65623075780089	1.0	NonTarget	1	14504
56.78123071534706	1.0	NonTarget	1	14536
56.90623067289322	1.0	NonTarget	1	14568
57.031230630439396	1.0	NonTarget	1	14600
57.15623058798556	1.0	NonTarget	1	14632
57.281230545531734	1.0	NonTarget	1	14664
57.4062305030779	1.0	NonTarget	1	14696
57.531230460624066	1.0	NonTarget	1	14728
57.65623041817024	1.0	NonTarget	1	14760
57.781230375716405	1.0	NonTarget	1	14792
57.90623033326258	1.0	NonTarget	1	14824
58.03123029080874	1.0	NonTarget	1	14856
58.15623024835491	1.0	NonTarget	1	14888
58.28123020590108	1.0	NonTarget	1	14920
58.40623016344725	1.0	NonTarget	1	14952
58.53123012099341	1.0	NonTarget	1	14984
58.656230078539586	1.0	NonTarget	1	15016
58.78123003608575	1.0	NonTarget	1	15048
58.906229993631925	1.0	NonTarget	1	15080
59.03122995117809	1.0	NonTarget	1	15112
59.15622990872426	1.0	NonTarget	1	15144
59.28122986627043	1.0	NonTarget	1	15176
59.406229823816595	1.0	NonTarget	1	15208
59.53122978136277	1.0	NonTarget	1	15240
59.656229738908934	1.0	NonTarget	1	15272
59.7812296964551	1.0	NonTarget	1	15304
59.90622965400127	1.0	NonTarget	1	15336
60.03122961154744	1.0	NonTarget	1	15368
60.15622956909361	1.0	NonTarget	1	15400
60.28122952663978	1.0	NonTarget	1	15432
60.40622948418594	1.0	NonTarget	1	15464
60.531229441732116	1.0	NonTarget	1	15496
60.65622939927828	1.0	NonTarget	1	15528
60.78122935682445	1.0	NonTarget	1	15560
60.90622931437062	1.0	NonTarget	1	15592
61.031229271916786	1.0	NonTarget	1	15624
61.15622922946296	1.0	NonTarget	1	15656
61.281229187009124	1.0	NonTarget	1	15688
61.40622914455529	1.0	NonTarget	1	15720
67.53122706431755	1.0	NonTarget	1	17288
67.65622702186371	1.0	NonTarget	1	17320
67.7812269794099	1.0	NonTarget	1	17352
67.90622693695606	1.0	NonTarget	1	17384
68.03122689450223	1.0	NonTarget	1	17416
68.15622685204839	1.0	NonTarget	1	17448
68.28122680959456	1.0	NonTarget	1	17480
68.40622676714074	1.0	NonTarget	1	17512
68.5312267246869	1.0	NonTarget	1	17544
68.65622668223307	1.0	NonTarget	1	17576
68.78122663977923	1.0	NonTarget	1	17608
68.9062265973254	1.0	NonTarget	1	17640
69.03122655487158	1.0	NonTarget	1	17672
69.15622651241775	1.0	NonTarget	1	17704
69.28122646996391	1.0	NonTarget	1	17736
69.40622642751008	1.0	NonTarget	1	17768
69.53122638505624	1.0	NonTarget	1	17800
69.65622634260242	1.0	NonTarget	1	17832
69.78122630014859	1.0	NonTarget	1	17864
69.90622625769475	1.0	NonTarget	1	17896
70.03122621524092	1.0	NonTarget	1	17928
70.15622617278709	1.0	NonTarget	1	17960
70.28122613033325	1.0	NonTarget	1	17992
70.40622608787943	1.0	NonTarget	1	18024
70.5312260454256	1.0	NonTarget	1	18056
70.65622600297176	1.0	NonTarget	1	18088
70.78122596051793	1.0	NonTarget	1	18120
70.9062259180641	1.0	NonTarget	1	18152
71.03122587561028	1.0	NonTarget	1	18184
71.15622583315644	1.0	NonTarget	1	18216
71.2812257907026	1.0	NonTarget	1	18248
71.40622574824877	1.0	NonTarget	1	18280
71.53122570579494	1.0	NonTarget	1	18312
71.65622566334112	1.0	NonTarget	1	18344
71.78122562088728	1.0	NonTarget	1	18376
71.90622557843345	1.0	NonTarget	1	18408
72.03122553597962	1.0	NonTarget	1	18440
72.15622549352578	1.0	NonTarget	1	18472
72.28122545107196	1.0	NonTarget	1	18504
72.40622540861813	1.0	NonTarget	1	18536
72.53122536616429	1.0	NonTarget	1	18568
72.65622532371046	1.0	NonTarget	1	18600
72.78122528125662	1.0	NonTarget	1	18632
72.9062252388028	1.0	NonTarget	1	18664
73.03122519634897	1.0	NonTarget	1	18696
73.15622515389514	1.0	NonTarget	1	18728
73.2812251114413	1.0	NonTarget	1	18760
73.40622506898747	1.0	NonTarget	1	18792
73.53122502653365	1.0	NonTarget	1	18824
73.65622498407981	1.0	NonTarget	1	18856
73.78122494162598	1.0	NonTarget	1	18888
73.90622489917214	1.0	NonTarget	1	18920
74.03122485671831	1.0	NonTarget	1	18952
74.15622481426449	1.0	NonTarget	1	18984
74.28122477181066	1.0	NonTarget	1	19016
74.40622472935682	1.0	NonTarget	1	19048
74.53122468690299	1.0	NonTarget	1	19080
74.65622464444915	1.0	NonTarget	1	19112
74.78122460199532	1.0	NonTarget	1	19144
74.9062245595415	1.0	NonTarget	1	19176
75.03122451708767	1.0	NonTarget	1	19208
75.15622447463383	1.0	NonTarget	1	19240
75.28122443218	1.0	NonTarget	1	19272
75.40622438972616	1.0	NonTarget	1	19304
75.53122434727234	1.0	NonTarget	1	19336
75.65622430481851	1.0	NonTarget	1	19368
75.78122426236467	1.0	NonTarget	1	19400
75.90622421991084	1.0	NonTarget	1	19432
76.031224177457	1.0	NonTarget	1	19464
76.15622413500319	1.0	NonTarget	1	19496
76.28122409254935	1.0	NonTarget	1	19528
76.40622405009552	1.0	NonTarget	1	19560
76.53122400764168	1.0	NonTarget	1	19592
76.65622396518785	1.0	NonTarget	1	19624
76.78122392273403	1.0	NonTarget	1	19656
76.9062238802802	1.0	NonTarget	1	19688
77.03122383782636	1.0	NonTarget	1	19720
77.15622379537253	1.0	NonTarget	1	19752
77.28122375291869	1.0	NonTarget	1	19784
77.40622371046487	1.0	NonTarget	1	19816
77.53122366801104	1.0	NonTarget	1	19848
77.6562236255572	1.0	NonTarget	1	19880
77.78122358310337	1.0	NonTarget	1	19912
77.90622354064953	1.0	NonTarget	1	19944
78.03122349819571	1.0	NonTarget	1	19976
78.15622345574188	1.0	NonTarget	1	20008
78.28122341328805	1.0	NonTarget	1	20040
78.40622337083421	1.0	NonTarget	1	20072
78.53122332838038	1.0	NonTarget	1	20104
78.65622328592656	1.0	NonTarget	1	20136
78.78122324347272	1.0	NonTarget	1	20168
78.90622320101889	1.0	NonTarget	1	20200
79.03122315856506	1.0	NonTarget	1	20232
79.15622311611122	1.0	NonTarget	1	20264
79.28122307365739	1.0	NonTarget	1	20296
79.40622303120357	1.0	NonTarget	1	20328
79.53122298874973	1.0	NonTarget	1	20360
79.6562229462959	1.0	NonTarget	1	20392
79.78122290384206	1.0	NonTarget	1	20424
79.90622286138823	1.0	NonTarget	1	20456
80.03122281893441	1.0	NonTarget	1	20488
80.15622277648058	1.0	NonTarget	1	20520
80.28122273402674	1.0	NonTarget	1	20552
80.4062226915729	1.0	NonTarget	1	20584
80.53122264911907	1.0	NonTarget	1	20616
80.65622260666525	1.0	NonTarget	1	20648
80.78122256421142	1.0	NonTarget	1	20680
80.90622252175758	1.0	NonTarget	1	20712
81.03122247930375	1.0	NonTarget	1	20744
81.15622243684992	1.0	NonTarget	1	20776
81.2812223943961	1.0	NonTarget	1	20808
81.40622235194226	1.0	NonTarget	1	20840
81.53122230948843	1.0	NonTarget	1	20872
81.6562222670346	1.0	NonTarget	1	20904
81.78122222458076	1.0	NonTarget	1	20936
81.90622218212694	1.0	NonTarget	1	20968
82.0312221396731	1.0	NonTarget	1	21000
82.15622209721927	1.0	NonTarget	1	21032
82.28122205476544	1.0	NonTarget	1	21064
82.4062220123116	1.0	NonTarget	1	21096
88.53121993207387	1.0	NonTarget	1	22664
88.65621988962003	1.0	NonTarget	1	22696
88.7812198471662	1.0	NonTarget	1	22728
88.90621980471236	1.0	NonTarget	1	22760
89.03121976225854	1.0	NonTarget	1	22792
89.15621971980471	1.0	NonTarget	1	22824
89.28121967735088	1.0	NonTarget	1	22856
89.40621963489704	1.0	NonTarget	1	22888
89.53121959244321	1.0	NonTarget	1	22920
89.65621954998939	1.0	NonTarget	1	22952
89.78121950753555	1.0	NonTarget	1	22984
89.90621946508172	1.0	NonTarget	1	23016
90.03121942262788	1.0	NonTarget	1	23048
90.15621938017405	1.0	NonTarget	1	23080
90.28121933772023	1.0	NonTarget	1	23112
90.4062192952664	1.0	NonTarget	1	23144
90.53121925281256	1.0	NonTarget	1	23176
90.65621921035873	1.0	NonTarget	1	23208
90.7812191679049	1.0	NonTarget	1	23240
90.90621912545107	1.0	NonTarget	1	23272
91.03121908299724	1.0	NonTarget	1	23304
91.1562190405434	1.0	NonTarget	1	23336
91.28121899808957	1.0	NonTarget	1	23368
91.40621895563574	1.0	NonTarget	1	23400
91.53121891318192	1.0	NonTarget	1	23432
91.65621887072808	1.0	NonTarget	1	23464
91.78121882827425	1.0	NonTarget	1	23496
91.90621878582041	1.0	NonTarget	1	23528
92.03121874336658	1.0	NonTarget	1	23560
92.15621870091276	1.0	NonTarget	1	23592
92.28121865845893	1.0	NonTarget	1	23624
92.40621861600509	1.0	NonTarget	1	23656
92.53121857355126	1.0	NonTarget	1	23688
92.65621853109742	1.0	NonTarget	1	23720
92.78121848864359	1.0	NonTarget	1	23752
92.90621844618977	1.0	NonTarget	1	23784
93.03121840373593	1.0	NonTarget	1	23816
93.1562183612821	1.0	NonTarget	1	23848
93.28121831882827	1.0	NonTarget	1	23880
93.40621827637443	1.0	NonTarget	1	23912
93.53121823392061	1.0	NonTarget	1	23944
93.65621819146678	1.0	NonTarget	1	23976
93.78121814901294	1.0	NonTarget	1	24008
93.90621810655911	1.0	NonTarget	1	24040
94.03121806410527	1.0	NonTarget	1	24072
94.15621802165145	1.0	NonTarget	1	24104
94.28121797919762	1.0	NonTarget	1	24136
94.40621793674379	1.0	NonTarget	1	24168
94.53121789428995	1.0	NonTarget	1	24200
94.65621785183612	1.0	NonTarget	1	24232
94.7812178093823	1.0	NonTarget	1	24264
94.90621776692846	1.0	NonTarget	1	24296
95.03121772447463	1.0	NonTarget	1	24328
95.1562176820208	1.0	NonTarget	1	24360
95.28121763956696	1.0	NonTarget	1	24392
95.40621759711314	1.0	NonTarget	1	24424
95.5312175546593	1.0	NonTarget	1	24456
95.65621751220547	1.0	NonTarget	1	24488
95.78121746975164	1.0	NonTarget	1	24520
95.9062174272978	1.0	NonTarget	1	24552
96.03121738484398	1.0	NonTarget	1	24584
96.15621734239015	1.0	NonTarget	1	24616
96.28121729993632	1.0	NonTarget	1	24648
96.40621725748248	1.0	NonTarget	1	24680
96.53121721502865	1.0	NonTarget	1	24712
96.65621717257481	1.0	NonTarget	1	24744
96.781217130121	1.0	NonTarget	1	24776
96.90621708766716	1.0	NonTarget	1	24808
97.03121704521332	1.0	NonTarget	1	24840
97.15621700275949	1.0	NonTarget	1	24872
97.28121696030566	1.0	NonTarget	1	24904
97.40621691785184	1.0	NonTarget	1	24936
97.531216875398	1.0	NonTarget	1	24968
97.65621683294417	1.0	NonTarget	1	25000
97.78121679049033	1.0	NonTarget	1	25032
97.9062167480365	1.0	NonTarget	1	25064
98.03121670558268	1.0	NonTarget	1	25096
98.15621666312884	1.0	NonTarget	1	25128
98.28121662067501	1.0	NonTarget	1	25160
98.40621657822118	1.0	NonTarget	1	25192
98.53121653576734	1.0	NonTarget	1	25224
98.65621649331352	1.0	NonTarget	1	25256
98.78121645085969	1.0	NonTarget	1	25288
98.90621640840585	1.0	NonTarget	1	25320
99.03121636595202	1.0	NonTarget	1	25352
99.15621632349819	1.0	NonTarget	1	25384
99.28121628104437	1.0	NonTarget	1	25416
99.40621623859053	1.0	NonTarget	1	25448
99.5312161961367	1.0	NonTarget	1	25480
99.65621615368286	1.0	NonTarget	1	25512
99.78121611122903	1.0	NonTarget	1	25544
99.90621606877521	1.0	NonTarget	1	25576
100.03121602632137	1.0	NonTarget	1	25608
100.15621598386754	1.0	NonTarget	1	25640
100.2812159414137	1.0	NonTarget	1	25672
100.40621589895987	1.0	NonTarget	1	25704
100.53121585650605	1.0	NonTarget	1	25736
100.65621581405222	1.0	NonTarget	1	25768
100.78121577159838	1.0	NonTarget	1	25800
100.90621572914455	1.0	NonTarget	1	25832
101.03121568669071	1.0	NonTarget	1	25864
101.15621564423688	1.0	NonTarget	1	25896
101.28121560178306	1.0	NonTarget	1	25928
101.40621555932923	1.0	NonTarget	1	25960
101.53121551687539	1.0	NonTarget	1	25992
101.65621547442156	1.0	NonTarget	1	26024
101.78121543196772	1.0	NonTarget	1	26056
101.9062153895139	1.0	NonTarget	1	26088
102.03121534706007	1.0	NonTarget	1	26120
102.15621530460623	1.0	NonTarget	1	26152
102.2812152621524	1.0	NonTarget	1	26184
102.40621521969857	1.0	NonTarget	1	26216
102.53121517724475	1.0	NonTarget	1	26248
102.65621513479091	1.0	NonTarget	1	26280
102.78121509233708	1.0	NonTarget	1	26312
102.90621504988324	1.0	NonTarget	1	26344
103.03121500742941	1.0	NonTarget	1	26376
103.15621496497559	1.0	NonTarget	1	26408
103.28121492252176	1.0	NonTarget	1	26440
103.40621488006792	1.0	NonTarget	1	26472
109.53121279983019	1.0	NonTarget	1	28040
109.65621275737635	1.0	NonTarget	1	28072
109.78121271492252	1.0	NonTarget	1	28104
109.90621267246868	1.0	NonTarget	1	28136
110.03121263001485	1.0	NonTarget	1	28168
110.15621258756101	1.0	NonTarget	1	28200
110.2812125451072	1.0	NonTarget	1	28232
110.40621250265336	1.0	NonTarget	1	28264
110.53121246019953	1.0	NonTarget	1	28296
110.65621241774569	1.0	NonTarget	1	28328
110.78121237529186	1.0	NonTarget	1	28360
110.90621233283804	1.0	NonTarget	1	28392
111.0312122903842	1.0	NonTarget	1	28424
111.15621224793037	1.0	NonTarget	1	28456
111.28121220547654	1.0	NonTarget	1	28488
111.4062121630227	1.0	NonTarget	1	28520
111.53121212056888	1.0	NonTarget	1	28552
111.65621207811505	1.0	NonTarget	1	28584
111.78121203566121	1.0	NonTarget	1	28616
111.90621199320738	1.0	NonTarget	1	28648
112.03121195075354	1.0	NonTarget	1	28680
112.15621190829972	1.0	NonTarget	1	28712
112.28121186584589	1.0	NonTarget	1	28744
112.40621182339206	1.0	NonTarget	1	28776
112.53121178093822	1.0	NonTarget	1	28808
112.65621173848439	1.0	NonTarget	1	28840
112.78121169603057	1.0	NonTarget	1	28872
112.90621165357673	1.0	NonTarget	1	28904
113.0312116111229	1.0	NonTarget	1	28936
113.15621156866906	1.0	NonTarget	1	28968
113.28121152621523	1.0	NonTarget	1	29000
113.40621148376141	1.0	NonTarget	1	29032
113.53121144130758	1.0	NonTarget	1	29064
113.65621139885374	1.0	NonTarget	1	29096
113.78121135639991	1.0	NonTarget	1	29128
113.90621131394607	1.0	NonTarget	1	29160
114.03121127149225	1.0	NonTarget	1	29192
114.15621122903842	1.0	NonTarget	1	29224
114.28121118658458	1.0	NonTarget	1	29256
114.40621114413075	1.0	NonTarget	1	29288
114.53121110167692	1.0	NonTarget	1	29320
114.65621105922308	1.0	NonTarget	1	29352
114.78121101676926	1.0	NonTarget	1	29384
114.90621097431543	1.0	NonTarget	1	29416
115.0312109318616	1.0	NonTarget	1	29448
115.15621088940776	1.0	NonTarget	1	29480
115.28121084695393	1.0	NonTarget	1	29512
115.4062108045001	1.0	NonTarget	1	29544
115.53121076204627	1.0	NonTarget	1	29576
115.65621071959244	1.0	NonTarget	1	29608
115.7812106771386	1.0	NonTarget	1	29640
115.90621063468477	1.0	NonTarget	1	29672
116.03121059223095	1.0	NonTarget	1	29704
116.15621054977711	1.0	NonTarget	1	29736
116.28121050732328	1.0	NonTarget	1	29768
116.40621046486945	1.0	NonTarget	1	29800
116.53121042241561	1.0	NonTarget	1	29832
116.65621037996179	1.0	NonTarget	1	29864
116.78121033750796	1.0	NonTarget	1	29896
116.90621029505412	1.0	NonTarget	1	29928
117.03121025260029	1.0	NonTarget	1	29960
117.15621021014645	1.0	NonTarget	1	29992
117.28121016769263	1.0	NonTarget	1	30024
117.4062101252388	1.0	NonTarget	1	30056
117.53121008278497	1.0	NonTarget	1	30088
117.65621004033113	1.0	NonTarget	1	30120
117.7812099978773	1.0	NonTarget	1	30152
117.90620995542348	1.0	NonTarget	1	30184
118.03120991296964	1.0	NonTarget	1	30216
118.15620987051581	1.0	NonTarget	1	30248
118.28120982806198	1.0	NonTarget	1	30280
118.40620978560814	1.0	NonTarget	1	30312
118.53120974315432	1.0	NonTarget	1	30344
118.65620970070049	1.0	NonTarget	1	30376
118.78120965824665	1.0	NonTarget	1	30408
118.90620961579282	1.0	NonTarget	1	30440
119.03120957333898	1.0	NonTarget	1	30472
119.15620953088515	1.0	NonTarget	1	30504
119.28120948843133	1.0	NonTarget	1	30536
119.4062094459775	1.0	NonTarget	1	30568
119.53120940352366	1.0	NonTarget	1	30600
119.65620936106983	1.0	NonTarget	1	30632
119.78120931861599	1.0	NonTarget	1	30664
119.90620927616217	1.0	NonTarget	1	30696
120.03120923370834	1.0	NonTarget	1	30728
120.1562091912545	1.0	NonTarget	1	30760
120.28120914880067	1.0	NonTarget	1	30792
120.40620910634684	1.0	NonTarget	1	30824
120.53120906389302	1.0	NonTarget	1	30856
120.65620902143918	1.0	NonTarget	1	30888
120.78120897898535	1.0	NonTarget	1	30920
120.90620893653151	1.0	NonTarget	1	30952
121.03120889407768	1.0	NonTarget	1	30984
121.15620885162386	1.0	NonTarget	1	31016
121.28120880917002	1.0	NonTarget	1	31048
121.40620876671619	1.0	NonTarget	1	31080
121.53120872426236	1.0	NonTarget	1	31112
121.65620868180852	1.0	NonTarget	1	31144
121.7812086393547	1.0	NonTarget	1	31176
121.90620859690087	1.0	NonTarget	1	31208
122.03120855444703	1.0	NonTarget	1	31240
122.1562085119932	1.0	NonTarget	1	31272
122.28120846953937	1.0	NonTarget	1	31304
122.40620842708555	1.0	NonTarget	1	31336
122.53120838463171	1.0	NonTarget	1	31368
122.65620834217788	1.0	NonTarget	1	31400
122.78120829972404	1.0	NonTarget	1	31432
122.90620825727021	1.0	NonTarget	1	31464
123.03120821481637	1.0	NonTarget	1	31496
123.15620817236255	1.0	NonTarget	1	31528
123.28120812990872	1.0	NonTarget	1	31560
123.40620808745489	1.0	NonTarget	1	31592
123.53120804500105	1.0	NonTarget	1	31624
123.65620800254722	1.0	NonTarget	1	31656
123.7812079600934	1.0	NonTarget	1	31688
123.90620791763956	1.0	NonTarget	1	31720
124.03120787518573	1.0	NonTarget	1	31752
124.1562078327319	1.0	NonTarget	1	31784
124.28120779027806	1.0	NonTarget	1	31816
124.40620774782424	1.0	NonTarget	1	31848
130.5312056675865	1.0	NonTarget	1	33416
130.65620562513266	1.0	NonTarget	1	33448
130.78120558267884	1.0	NonTarget	1	33480
130.906205540225	1.0	NonTarget	1	33512
131.03120549777117	1.0	NonTarget	1	33544
131.15620545531735	1.0	NonTarget	1	33576
131.2812054128635	1.0	NonTarget	1	33608
131.40620537040968	1.0	NonTarget	1	33640
131.53120532795583	1.0	NonTarget	1	33672
131.656205285502	1.0	NonTarget	1	33704
131.7812052430482	1.0	NonTarget	1	33736
131.90620520059434	1.0	NonTarget	1	33768
132.03120515814052	1.0	NonTarget	1	33800
132.15620511568667	1.0	NonTarget	1	33832
132.28120507323285	1.0	NonTarget	1	33864
132.40620503077903	1.0	NonTarget	1	33896
132.5312049883252	1.0	NonTarget	1	33928
132.65620494587137	1.0	NonTarget	1	33960
132.78120490341752	1.0	NonTarget	1	33992
132.9062048609637	1.0	NonTarget	1	34024
133.03120481850988	1.0	NonTarget	1	34056
133.15620477605603	1.0	NonTarget	1	34088
133.2812047336022	1.0	NonTarget	1	34120
133.40620469114836	1.0	NonTarget	1	34152
133.53120464869454	1.0	NonTarget	1	34184
133.65620460624072	1.0	NonTarget	1	34216
133.78120456378687	1.0	NonTarget	1	34248
133.90620452133305	1.0	NonTarget	1	34280
134.0312044788792	1.0	NonTarget	1	34312
134.15620443642538	1.0	NonTarget	1	34344
134.28120439397154	1.0	NonTarget	1	34376
134.40620435151772	1.0	NonTarget	1	34408
134.5312043090639	1.0	NonTarget	1	34440
134.65620426661005	1.0	NonTarget	1	34472
134.78120422415623	1.0	NonTarget	1	34504
134.90620418170238	1.0	NonTarget	1	34536
135.03120413924856	1.0	NonTarget	1	34568
135.15620409679474	1.0	NonTarget	1	34600
135.2812040543409	1.0	NonTarget	1	34632
135.40620401188707	1.0	NonTarget	1	34664
135.53120396943322	1.0	NonTarget	1	34696
135.6562039269794	1.0	NonTarget	1	34728
135.78120388452558	1.0	NonTarget	1	34760
135.90620384207173	1.0	NonTarget	1	34792
136.0312037996179	1.0	NonTarget	1	34824
136.15620375716406	1.0	NonTarget	1	34856
136.28120371471024	1.0	NonTarget	1	34888
136.40620367225642	1.0	NonTarget	1	34920
136.53120362980258	1.0	NonTarget	1	34952
136.65620358734876	1.0	NonTarget	1	34984
136.7812035448949	1.0	NonTarget	1	35016
136.9062035024411	1.0	NonTarget	1	35048
137.03120345998727	1.0	NonTarget	1	35080
137.15620341753342	1.0	NonTarget	1	35112
137.2812033750796	1.0	NonTarget	1	35144
137.40620333262575	1.0	NonTarget	1	35176
137.53120329017193	1.0	NonTarget	1	35208
137.6562032477181	1.0	NonTarget	1	35240
137.78120320526426	1.0	NonTarget	1	35272
137.90620316281044	1.0	NonTarget	1	35304
138.0312031203566	1.0	NonTarget	1	35336
138.15620307790277	1.0	NonTarget	1	35368
138.28120303544895	1.0	NonTarget	1	35400
138.4062029929951	1.0	NonTarget	1	35432
138.53120295054129	1.0	NonTarget	1	35464
138.65620290808744	1.0	NonTarget	1	35496
138.78120286563362	1.0	NonTarget	1	35528
138.9062028231798	1.0	NonTarget	1	35560
139.03120278072595	1.0	NonTarget	1	35592
139.15620273827213	1.0	NonTarget	1	35624
139.28120269581828	1.0	NonTarget	1	35656
139.40620265336446	1.0	NonTarget	1	35688
139.53120261091064	1.0	NonTarget	1	35720
139.6562025684568	1.0	NonTarget	1	35752
139.78120252600297	1.0	NonTarget	1	35784
139.90620248354912	1.0	NonTarget	1	35816
140.0312024410953	1.0	NonTarget	1	35848
140.15620239864148	1.0	NonTarget	1	35880
140.28120235618763	1.0	NonTarget	1	35912
140.40620231373381	1.0	NonTarget	1	35944
140.53120227127997	1.0	NonTarget	1	35976
140.65620222882615	1.0	NonTarget	1	36008
140.78120218637233	1.0	NonTarget	1	36040
140.90620214391848	1.0	NonTarget	1	36072
141.03120210146466	1.0	NonTarget	1	36104
141.1562020590108	1.0	NonTarget	1	36136
141.281202016557	1.0	NonTarget	1	36168
141.40620197410317	1.0	NonTarget	1	36200
141.53120193164932	1.0	NonTarget	1	36232
141.6562018891955	1.0	NonTarget	1	36264
141.78120184674165	1.0	NonTarget	1	36296
141.90620180428783	1.0	NonTarget	1	36328
142.031201761834	1.0	NonTarget	1	36360
142.15620171938016	1.0	NonTarget	1	36392
142.28120167692634	1.0	NonTarget	1	36424
142.4062016344725	1.0	NonTarget	1	36456
142.53120159201868	1.0	NonTarget	1	36488
142.65620154956486	1.0	NonTarget	1	36520
142.781201507111	1.0	NonTarget	1	36552
142.9062014646572	1.0	NonTarget	1	36584
143.03120142220334	1.0	NonTarget	1	36616
143.15620137974952	1.0	NonTarget	1	36648
143.28120133729567	1.0	NonTarget	1	36680
143.40620129484185	1.0	NonTarget	1	36712
143.53120125238803	1.0	NonTarget	1	36744
143.65620120993418	1.0	NonTarget	1	36776
143.78120116748036	1.0	NonTarget	1	36808
143.9062011250265	1.0	NonTarget	1	36840
144.0312010825727	1.0	NonTarget	1	36872
144.15620104011887	1.0	NonTarget	1	36904
144.28120099766502	1.0	NonTarget	1	36936
144.4062009552112	1.0	NonTarget	1	36968
144.53120091275736	1.0	NonTarget	1	37000
144.65620087030354	1.0	NonTarget	1	37032
144.78120082784972	1.0	NonTarget	1	37064
144.90620078539587	1.0	NonTarget	1	37096
145.03120074294205	1.0	NonTarget	1	37128
145.1562007004882	1.0	NonTarget	1	37160
145.28120065803438	1.0	NonTarget	1	37192
145.40620061558056	1.0	NonTarget	1	37224
151.5311985353428	1.0	NonTarget	1	38792
151.65619849288896	1.0	NonTarget	1	38824
151.78119845043514	1.0	NonTarget	1	38856
151.90619840798132	1.0	NonTarget	1	38888
152.03119836552747	1.0	NonTarget	1	38920
152.15619832307365	1.0	NonTarget	1	38952
152.2811982806198	1.0	NonTarget	1	38984
152.40619823816598	1.0	NonTarget	1	39016
152.53119819571216	1.0	NonTarget	1	39048
152.65619815325832	1.0	NonTarget	1	39080
152.7811981108045	1.0	NonTarget	1	39112
152.90619806835065	1.0	NonTarget	1	39144
153.03119802589683	1.0	NonTarget	1	39176
153.156197983443	1.0	NonTarget	1	39208
153.28119794098916	1.0	NonTarget	1	39240
153.40619789853534	1.0	NonTarget	1	39272
153.5311978560815	1.0	NonTarget	1	39304
153.65619781362767	1.0	NonTarget	1	39336
153.78119777117385	1.0	NonTarget	1	39368
153.90619772872	1.0	NonTarget	1	39400
154.03119768626618	1.0	NonTarget	1	39432
154.15619764381233	1.0	NonTarget	1	39464
154.2811976013585	1.0	NonTarget	1	39496
154.4061975589047	1.0	NonTarget	1	39528
154.53119751645085	1.0	NonTarget	1	39560
154.65619747399703	1.0	NonTarget	1	39592
154.78119743154318	1.0	NonTarget	1	39624
154.90619738908936	1.0	NonTarget	1	39656
155.03119734663554	1.0	NonTarget	1	39688
155.1561973041817	1.0	NonTarget	1	39720
155.28119726172787	1.0	NonTarget	1	39752
155.40619721927402	1.0	NonTarget	1	39784
155.5311971768202	1.0	NonTarget	1	39816
155.65619713436638	1.0	NonTarget	1	39848
155.78119709191253	1.0	NonTarget	1	39880
155.9061970494587	1.0	NonTarget	1	39912
156.03119700700486	1.0	NonTarget	1	39944
156.15619696455104	1.0	NonTarget	1	39976
156.28119692209722	1.0	NonTarget	1	40008
156.40619687964337	1.0	NonTarget	1	40040
156.53119683718955	1.0	NonTarget	1	40072
156.6561967947357	1.0	NonTarget	1	40104
156.7811967522819	1.0	NonTarget	1	40136
156.90619670982807	1.0	NonTarget	1	40168
157.03119666737422	1.0	NonTarget	1	40200
157.1561966249204	1.0	NonTarget	1	40232
157.28119658246655	1.0	NonTarget	1	40264
157.40619654001273	1.0	NonTarget	1	40296
157.5311964975589	1.0	NonTarget	1	40328
157.65619645510506	1.0	NonTarget	1	40360
157.78119641265124	1.0	NonTarget	1	40392
157.9061963701974	1.0	NonTarget	1	40424
158.03119632774357	1.0	NonTarget	1	40456
158.15619628528975	1.0	NonTarget	1	40488
158.2811962428359	1.0	NonTarget	1	40520
158.40619620038208	1.0	NonTarget	1	40552
158.53119615792824	1.0	NonTarget	1	40584
158.65619611547442	1.0	NonTarget	1	40616
158.7811960730206	1.0	NonTarget	1	40648
158.90619603056675	1.0	NonTarget	1	40680
159.03119598811293	1.0	NonTarget	1	40712
159.15619594565908	1.0	NonTarget	1	40744
159.28119590320526	1.0	NonTarget	1	40776
159.40619586075144	1.0	NonTarget	1	40808
159.5311958182976	1.0	NonTarget	1	40840
159.65619577584377	1.0	NonTarget	1	40872
159.78119573338992	1.0	NonTarget	1	40904
159.9061956909361	1.0	NonTarget	1	40936
160.03119564848228	1.0	NonTarget	1	40968
160.15619560602843	1.0	NonTarget	1	41000
160.2811955635746	1.0	NonTarget	1	41032
160.40619552112076	1.0	NonTarget	1	41064
160.53119547866694	1.0	NonTarget	1	41096
160.6561954362131	1.0	NonTarget	1	41128
160.78119539375928	1.0	NonTarget	1	41160
160.90619535130546	1.0	NonTarget	1	41192
161.0311953088516	1.0	NonTarget	1	41224
161.1561952663978	1.0	NonTarget	1	41256
161.28119522394394	1.0	NonTarget	1	41288
161.40619518149012	1.0	NonTarget	1	41320
161.5311951390363	1.0	NonTarget	1	41352
161.65619509658245	1.0	NonTarget	1	41384
161.78119505412863	1.0	NonTarget	1	41416
161.90619501167478	1.0	NonTarget	1	41448
162.03119496922096	1.0	NonTarget	1	41480
162.15619492676714	1.0	NonTarget	1	41512
162.2811948843133	1.0	NonTarget	1	41544
162.40619484185947	1.0	NonTarget	1	41576
162.53119479940563	1.0	NonTarget	1	41608
162.6561947569518	1.0	NonTarget	1	41640
162.78119471449799	1.0	NonTarget	1	41672
162.90619467204414	1.0	NonTarget	1	41704
163.03119462959032	1.0	NonTarget	1	41736
163.15619458713647	1.0	NonTarget	1	41768
163.28119454468265	1.0	NonTarget	1	41800
163.40619450222883	1.0	NonTarget	1	41832
163.53119445977498	1.0	NonTarget	1	41864
163.65619441732116	1.0	NonTarget	1	41896
163.7811943748673	1.0	NonTarget	1	41928
163.9061943324135	1.0	NonTarget	1	41960
164.03119428995967	1.0	NonTarget	1	41992
164.15619424750582	1.0	NonTarget	1	42024
164.281194205052	1.0	NonTarget	1	42056
164.40619416259815	1.0	NonTarget	1	42088
164.53119412014433	1.0	NonTarget	1	42120
164.65619407769051	1.0	NonTarget	1	42152
164.78119403523667	1.0	NonTarget	1	42184
164.90619399278285	1.0	NonTarget	1	42216
165.031193950329	1.0	NonTarget	1	42248
165.15619390787518	1.0	NonTarget	1	42280
165.28119386542136	1.0	NonTarget	1	42312
165.4061938229675	1.0	NonTarget	1	42344
165.5311937805137	1.0	NonTarget	1	42376
165.65619373805984	1.0	NonTarget	1	42408
165.78119369560602	1.0	NonTarget	1	42440
165.9061936531522	1.0	NonTarget	1	42472
166.03119361069835	1.0	NonTarget	1	42504
166.15619356824453	1.0	NonTarget	1	42536
166.28119352579068	1.0	NonTarget	1	42568
166.40619348333686	1.0	NonTarget	1	42600
172.53119140309911	1.0	NonTarget	1	44168
172.6561913606453	1.0	NonTarget	1	44200
172.78119131819145	1.0	NonTarget	1	44232
172.90619127573763	1.0	NonTarget	1	44264
173.0311912332838	1.0	NonTarget	1	44296
173.15619119082996	1.0	NonTarget	1	44328
173.28119114837614	1.0	NonTarget	1	44360
173.4061911059223	1.0	NonTarget	1	44392
173.53119106346847	1.0	NonTarget	1	44424
173.65619102101465	1.0	NonTarget	1	44456
173.7811909785608	1.0	NonTarget	1	44488
173.90619093610698	1.0	NonTarget	1	44520
174.03119089365313	1.0	NonTarget	1	44552
174.1561908511993	1.0	NonTarget	1	44584
174.2811908087455	1.0	NonTarget	1	44616
174.40619076629164	1.0	NonTarget	1	44648
174.53119072383782	1.0	NonTarget	1	44680
174.65619068138398	1.0	NonTarget	1	44712
174.78119063893016	1.0	NonTarget	1	44744
174.90619059647634	1.0	NonTarget	1	44776
175.0311905540225	1.0	NonTarget	1	44808
175.15619051156867	1.0	NonTarget	1	44840
175.28119046911482	1.0	NonTarget	1	44872
175.406190426661	1.0	NonTarget	1	44904
175.53119038420718	1.0	NonTarget	1	44936
175.65619034175333	1.0	NonTarget	1	44968
175.7811902992995	1.0	NonTarget	1	45000
175.90619025684566	1.0	NonTarget	1	45032
176.03119021439184	1.0	NonTarget	1	45064
176.15619017193802	1.0	NonTarget	1	45096
176.28119012948417	1.0	NonTarget	1	45128
176.40619008703035	1.0	NonTarget	1	45160
176.5311900445765	1.0	NonTarget	1	45192
176.65619000212268	1.0	NonTarget	1	45224
176.78118995966886	1.0	NonTarget	1	45256
176.90618991721502	1.0	NonTarget	1	45288
177.0311898747612	1.0	NonTarget	1	45320
177.15618983230735	1.0	NonTarget	1	45352
177.28118978985353	1.0	NonTarget	1	45384
177.4061897473997	1.0	NonTarget	1	45416
177.53118970494586	1.0	NonTarget	1	45448
177.65618966249204	1.0	NonTarget	1	45480
177.7811896200382	1.0	NonTarget	1	45512
177.90618957758437	1.0	NonTarget	1	45544
178.03118953513052	1.0	NonTarget	1	45576
178.1561894926767	1.0	NonTarget	1	45608
178.28118945022288	1.0	NonTarget	1	45640
178.40618940776903	1.0	NonTarget	1	45672
178.5311893653152	1.0	NonTarget	1	45704
178.65618932286137	1.0	NonTarget	1	45736
178.78118928040755	1.0	NonTarget	1	45768
178.90618923795373	1.0	NonTarget	1	45800
179.03118919549988	1.0	NonTarget	1	45832
179.15618915304606	1.0	NonTarget	1	45864
179.2811891105922	1.0	NonTarget	1	45896
179.4061890681384	1.0	NonTarget	1	45928
179.53118902568457	1.0	NonTarget	1	45960
179.65618898323072	1.0	NonTarget	1	45992
179.7811889407769	1.0	NonTarget	1	46024
179.90618889832305	1.0	NonTarget	1	46056
180.03118885586923	1.0	NonTarget	1	46088
180.1561888134154	1.0	NonTarget	1	46120
180.28118877096156	1.0	NonTarget	1	46152
180.40618872850774	1.0	NonTarget	1	46184
180.5311886860539	1.0	NonTarget	1	46216
180.65618864360007	1.0	NonTarget	1	46248
180.78118860114625	1.0	NonTarget	1	46280
180.9061885586924	1.0	NonTarget	1	46312
181.0311885162386	1.0	NonTarget	1	46344
181.15618847378474	1.0	NonTarget	1	46376
181.28118843133092	1.0	NonTarget	1	46408
181.4061883888771	1.0	NonTarget	1	46440
181.53118834642325	1.0	NonTarget	1	46472
181.65618830396943	1.0	NonTarget	1	46504
181.78118826151558	1.0	NonTarget	1	46536
181.90618821906176	1.0	NonTarget	1	46568
182.03118817660794	1.0	NonTarget	1	46600
182.1561881341541	1.0	NonTarget	1	46632
182.28118809170027	1.0	NonTarget	1	46664
182.40618804924642	1.0	NonTarget	1	46696
182.5311880067926	1.0	NonTarget	1	46728
182.65618796433878	1.0	NonTarget	1	46760
182.78118792188494	1.0	NonTarget	1	46792
182.90618787943112	1.0	NonTarget	1	46824
183.03118783697727	1.0	NonTarget	1	46856
183.15618779452345	1.0	NonTarget	1	46888
183.28118775206963	1.0	NonTarget	1	46920
183.40618770961578	1.0	NonTarget	1	46952
183.53118766716196	1.0	NonTarget	1	46984
183.6561876247081	1.0	NonTarget	1	47016
183.7811875822543	1.0	NonTarget	1	47048
183.90618753980047	1.0	NonTarget	1	47080
184.03118749734662	1.0	NonTarget	1	47112
184.1561874548928	1.0	NonTarget	1	47144
184.28118741243895	1.0	NonTarget	1	47176
184.40618736998513	1.0	NonTarget	1	47208
184.5311873275313	1.0	NonTarget	1	47240
184.65618728507746	1.0	NonTarget	1	47272
184.78118724262364	1.0	NonTarget	1	47304
184.9061872001698	1.0	NonTarget	1	47336
185.03118715771598	1.0	NonTarget	1	47368
185.15618711526216	1.0	NonTarget	1	47400
185.2811870728083	1.0	NonTarget	1	47432
185.4061870303545	1.0	NonTarget	1	47464
185.53118698790064	1.0	NonTarget	1	47496
185.65618694544682	1.0	NonTarget	1	47528
185.781186902993	1.0	NonTarget	1	47560
185.90618686053915	1.0	NonTarget	1	47592
186.03118681808533	1.0	NonTarget	1	47624
186.15618677563148	1.0	NonTarget	1	47656
186.28118673317766	1.0	NonTarget	1	47688
186.40618669072384	1.0	NonTarget	1	47720
186.53118664827	1.0	NonTarget	1	47752
186.65618660581617	1.0	NonTarget	1	47784
186.78118656336233	1.0	NonTarget	1	47816
186.9061865209085	1.0	NonTarget	1	47848
187.03118647845466	1.0	NonTarget	1	47880
187.15618643600084	1.0	NonTarget	1	47912
187.28118639354702	1.0	NonTarget	1	47944
187.40618635109317	1.0	NonTarget	1	47976
193.53118427085545	1.0	NonTarget	1	49544
193.6561842284016	1.0	NonTarget	1	49576
193.78118418594778	1.0	NonTarget	1	49608
193.90618414349393	1.0	NonTarget	1	49640
194.0311841010401	1.0	NonTarget	1	49672
194.1561840585863	1.0	NonTarget	1	49704
194.28118401613244	1.0	NonTarget	1	49736
194.40618397367862	1.0	NonTarget	1	49768
194.53118393122477	1.0	NonTarget	1	49800
194.65618388877095	1.0	NonTarget	1	49832
194.78118384631713	1.0	NonTarget	1	49864
194.90618380386329	1.0	NonTarget	1	49896
195.03118376140947	1.0	NonTarget	1	49928
195.15618371895562	1.0	NonTarget	1	49960
195.2811836765018	1.0	NonTarget	1	49992
195.40618363404798	1.0	NonTarget	1	50024
195.53118359159413	1.0	NonTarget	1	50056
195.6561835491403	1.0	NonTarget	1	50088
195.78118350668646	1.0	NonTarget	1	50120
195.90618346423264	1.0	NonTarget	1	50152
196.0311834217788	1.0	NonTarget	1	50184
196.15618337932497	1.0	NonTarget	1	50216
196.28118333687115	1.0	NonTarget	1	50248
196.4061832944173	1.0	NonTarget	1	50280
196.53118325196348	1.0	NonTarget	1	50312
196.65618320950963	1.0	NonTarget	1	50344
196.78118316705581	1.0	NonTarget	1	50376
196.906183124602	1.0	NonTarget	1	50408
197.03118308214815	1.0	NonTarget	1	50440
197.15618303969433	1.0	NonTarget	1	50472
197.28118299724048	1.0	NonTarget	1	50504
197.40618295478666	1.0	NonTarget	1	50536
197.53118291233284	1.0	NonTarget	1	50568
197.656182869879	1.0	NonTarget	1	50600
197.78118282742517	1.0	NonTarget	1	50632
197.90618278497132	1.0	NonTarget	1	50664
198.0311827425175	1.0	NonTarget	1	50696
198.15618270006368	1.0	NonTarget	1	50728
198.28118265760983	1.0	NonTarget	1	50760
198.406182615156	1.0	NonTarget	1	50792
198.53118257270216	1.0	NonTarget	1	50824
198.65618253024834	1.0	NonTarget	1	50856
198.78118248779452	1.0	NonTarget	1	50888
198.90618244534068	1.0	NonTarget	1	50920
199.03118240288686	1.0	NonTarget	1	50952
199.156182360433	1.0	NonTarget	1	50984
199.2811823179792	1.0	NonTarget	1	51016
199.40618227552537	1.0	NonTarget	1	51048
199.53118223307152	1.0	NonTarget	1	51080
199.6561821906177	1.0	NonTarget	1	51112
199.78118214816385	1.0	NonTarget	1	51144
199.90618210571003	1.0	NonTarget	1	51176
200.0311820632562	1.0	NonTarget	1	51208
200.15618202080236	1.0	NonTarget	1	51240
200.28118197834854	1.0	NonTarget	1	51272
200.4061819358947	1.0	NonTarget	1	51304
200.53118189344087	1.0	NonTarget	1	51336
200.65618185098705	1.0	NonTarget	1	51368
200.7811818085332	1.0	NonTarget	1	51400
200.90618176607938	1.0	NonTarget	1	51432
201.03118172362554	1.0	NonTarget	1	51464
201.15618168117172	1.0	NonTarget	1	51496
201.2811816387179	1.0	NonTarget	1	51528
201.40618159626405	1.0	NonTarget	1	51560
201.53118155381023	1.0	NonTarget	1	51592
201.65618151135638	1.0	NonTarget	1	51624
201.78118146890256	1.0	NonTarget	1	51656
201.90618142644874	1.0	NonTarget	1	51688
202.0311813839949	1.0	NonTarget	1	51720
202.15618134154107	1.0	NonTarget	1	51752
202.28118129908722	1.0	NonTarget	1	51784
202.4061812566334	1.0	NonTarget	1	51816
202.53118121417958	1.0	NonTarget	1	51848
202.65618117172573	1.0	NonTarget	1	51880
202.7811811292719	1.0	NonTarget	1	51912
202.90618108681807	1.0	NonTarget	1	51944
203.03118104436425	1.0	NonTarget	1	51976
203.15618100191043	1.0	NonTarget	1	52008
203.28118095945658	1.0	NonTarget	1	52040
203.40618091700276	1.0	NonTarget	1	52072
203.5311808745489	1.0	NonTarget	1	52104
203.6561808320951	1.0	NonTarget	1	52136
203.78118078964127	1.0	NonTarget	1	52168
203.90618074718742	1.0	NonTarget	1	52200
204.0311807047336	1.0	NonTarget	1	52232
204.15618066227975	1.0	NonTarget	1	52264
204.28118061982593	1.0	NonTarget	1	52296
204.40618057737208	1.0	NonTarget	1	52328
204.53118053491826	1.0	NonTarget	1	52360
204.65618049246444	1.0	NonTarget	1	52392
204.7811804500106	1.0	NonTarget	1	52424
204.90618040755677	1.0	NonTarget	1	52456
205.03118036510293	1.0	NonTarget	1	52488
205.1561803226491	1.0	NonTarget	1	52520
205.2811802801953	1.0	NonTarget	1	52552
205.40618023774144	1.0	NonTarget	1	52584
205.53118019528762	1.0	NonTarget	1	52616
205.65618015283377	1.0	NonTarget	1	52648
205.78118011037995	1.0	NonTarget	1	52680
205.90618006792613	1.0	NonTarget	1	52712
206.03118002547228	1.0	NonTarget	1	52744
206.15617998301846	1.0	NonTarget	1	52776
206.2811799405646	1.0	NonTarget	1	52808
206.4061798981108	1.0	NonTarget	1	52840
206.53117985565697	1.0	NonTarget	1	52872
206.65617981320312	1.0	NonTarget	1	52904
206.7811797707493	1.0	NonTarget	1	52936
206.90617972829546	1.0	NonTarget	1	52968
207.03117968584164	1.0	NonTarget	1	53000
207.15617964338782	1.0	NonTarget	1	53032
207.28117960093397	1.0	NonTarget	1	53064
207.40617955848015	1.0	NonTarget	1	53096
207.5311795160263	1.0	NonTarget	1	53128
207.65617947357248	1.0	NonTarget	1	53160
207.78117943111866	1.0	NonTarget	1	53192
207.9061793886648	1.0	NonTarget	1	53224
208.031179346211	1.0	NonTarget	1	53256
208.15617930375714	1.0	NonTarget	1	53288
208.28117926130332	1.0	NonTarget	1	53320
208.4061792188495	1.0	NonTarget	1	53352
214.53117713861175	1.0	NonTarget	1	54920
214.6561770961579	1.0	NonTarget	1	54952
214.78117705370408	1.0	NonTarget	1	54984
214.90617701125026	1.0	NonTarget	1	55016
215.03117696879642	1.0	NonTarget	1	55048
215.1561769263426	1.0	NonTarget	1	55080
215.28117688388875	1.0	NonTarget	1	55112
215.40617684143493	1.0	NonTarget	1	55144
215.5311767989811	1.0	NonTarget	1	55176
215.65617675652726	1.0	NonTarget	1	55208
215.78117671407344	1.0	NonTarget	1	55240
215.9061766716196	1.0	NonTarget	1	55272
216.03117662916577	1.0	NonTarget	1	55304
216.15617658671195	1.0	NonTarget	1	55336
216.2811765442581	1.0	NonTarget	1	55368
216.40617650180428	1.0	NonTarget	1	55400
216.53117645935043	1.0	NonTarget	1	55432
216.6561764168966	1.0	NonTarget	1	55464
216.7811763744428	1.0	NonTarget	1	55496
216.90617633198895	1.0	NonTarget	1	55528
217.03117628953513	1.0	NonTarget	1	55560
217.15617624708128	1.0	NonTarget	1	55592
217.28117620462746	1.0	NonTarget	1	55624
217.40617616217364	1.0	NonTarget	1	55656
217.5311761197198	1.0	NonTarget	1	55688
217.65617607726597	1.0	NonTarget	1	55720
217.78117603481212	1.0	NonTarget	1	55752
217.9061759923583	1.0	NonTarget	1	55784
218.03117594990448	1.0	NonTarget	1	55816
218.15617590745063	1.0	NonTarget	1	55848
218.2811758649968	1.0	NonTarget	1	55880
218.40617582254296	1.0	NonTarget	1	55912
218.53117578008914	1.0	NonTarget	1	55944
218.65617573763532	1.0	NonTarget	1	55976
218.78117569518147	1.0	NonTarget	1	56008
218.90617565272765	1.0	NonTarget	1	56040
219.0311756102738	1.0	NonTarget	1	56072
219.15617556782	1.0	NonTarget	1	56104
219.28117552536617	1.0	NonTarget	1	56136
219.40617548291232	1.0	NonTarget	1	56168
219.5311754404585	1.0	NonTarget	1	56200
219.65617539800465	1.0	NonTarget	1	56232
219.78117535555083	1.0	NonTarget	1	56264
219.906175313097	1.0	NonTarget	1	56296
220.03117527064316	1.0	NonTarget	1	56328
220.15617522818934	1.0	NonTarget	1	56360
220.2811751857355	1.0	NonTarget	1	56392
220.40617514328167	1.0	NonTarget	1	56424
220.53117510082785	1.0	NonTarget	1	56456
220.656175058374	1.0	NonTarget	1	56488
220.78117501592018	1.0	NonTarget	1	56520
220.90617497346634	1.0	NonTarget	1	56552
221.03117493101252	1.0	NonTarget	1	56584
221.1561748885587	1.0	NonTarget	1	56616
221.28117484610485	1.0	NonTarget	1	56648
221.40617480365103	1.0	NonTarget	1	56680
221.53117476119718	1.0	NonTarget	1	56712
221.65617471874336	1.0	NonTarget	1	56744
221.78117467628954	1.0	NonTarget	1	56776
221.9061746338357	1.0	NonTarget	1	56808
222.03117459138187	1.0	NonTarget	1	56840
222.15617454892802	1.0	NonTarget	1	56872
222.2811745064742	1.0	NonTarget	1	56904
222.40617446402035	1.0	NonTarget	1	56936
222.53117442156653	1.0	NonTarget	1	56968
222.6561743791127	1.0	NonTarget	1	57000
222.78117433665886	1.0	NonTarget	1	57032
222.90617429420504	1.0	NonTarget	1	57064
223.0311742517512	1.0	NonTarget	1	57096
223.15617420929738	1.0	NonTarget	1	57128
223.28117416684356	1.0	NonTarget	1	57160
223.4061741243897	1.0	NonTarget	1	57192
223.5311740819359	1.0	NonTarget	1	57224
223.65617403948204	1.0	NonTarget	1	57256
223.78117399702822	1.0	NonTarget	1	57288
223.9061739545744	1.0	NonTarget	1	57320
224.03117391212055	1.0	NonTarget	1	57352
224.15617386966673	1.0	NonTarget	1	57384
224.28117382721288	1.0	NonTarget	1	57416
224.40617378475906	1.0	NonTarget	1	57448
224.53117374230524	1.0	NonTarget	1	57480
224.6561736998514	1.0	NonTarget	1	57512
224.78117365739757	1.0	NonTarget	1	57544
224.90617361494373	1.0	NonTarget	1	57576
225.0311735724899	1.0	NonTarget	1	57608
225.15617353003609	1.0	NonTarget	1	57640
225.28117348758224	1.0	NonTarget	1	57672
225.40617344512842	1.0	NonTarget	1	57704
225.53117340267457	1.0	NonTarget	1	57736
225.65617336022075	1.0	NonTarget	1	57768
225.78117331776693	1.0	NonTarget	1	57800
225.90617327531308	1.0	NonTarget	1	57832
226.03117323285926	1.0	NonTarget	1	57864
226.1561731904054	1.0	NonTarget	1	57896
226.2811731479516	1.0	NonTarget	1	57928
226.40617310549777	1.0	NonTarget	1	57960
226.53117306304392	1.0	NonTarget	1	57992
226.6561730205901	1.0	NonTarget	1	58024
226.78117297813625	1.0	NonTarget	1	58056
226.90617293568243	1.0	NonTarget	1	58088
227.03117289322861	1.0	NonTarget	1	58120
227.15617285077477	1.0	NonTarget	1	58152
227.28117280832095	1.0	NonTarget	1	58184
227.4061727658671	1.0	NonTarget	1	58216
227.53117272341328	1.0	NonTarget	1	58248
227.65617268095946	1.0	NonTarget	1	58280
227.7811726385056	1.0	NonTarget	1	58312
227.9061725960518	1.0	NonTarget	1	58344
228.03117255359794	1.0	NonTarget	1	58376
228.15617251114412	1.0	NonTarget	1	58408
228.2811724686903	1.0	NonTarget	1	58440
228.40617242623645	1.0	NonTarget	1	58472
228.53117238378263	1.0	NonTarget	1	58504
228.65617234132878	1.0	NonTarget	1	58536
228.78117229887496	1.0	NonTarget	1	58568
228.90617225642114	1.0	NonTarget	1	58600
229.0311722139673	1.0	NonTarget	1	58632
229.15617217151348	1.0	NonTarget	1	58664
229.28117212905963	1.0	NonTarget	1	58696
229.4061720866058	1.0	NonTarget	1	58728
235.53117000636806	1.0	NonTarget	1	60296
235.65616996391424	1.0	NonTarget	1	60328
235.7811699214604	1.0	NonTarget	1	60360
235.90616987900657	1.0	NonTarget	1	60392
236.03116983655275	1.0	NonTarget	1	60424
236.1561697940989	1.0	NonTarget	1	60456
236.28116975164508	1.0	NonTarget	1	60488
236.40616970919123	1.0	NonTarget	1	60520
236.5311696667374	1.0	NonTarget	1	60552
236.6561696242836	1.0	NonTarget	1	60584
236.78116958182974	1.0	NonTarget	1	60616
236.90616953937592	1.0	NonTarget	1	60648
237.03116949692208	1.0	NonTarget	1	60680
237.15616945446826	1.0	NonTarget	1	60712
237.28116941201444	1.0	NonTarget	1	60744
237.4061693695606	1.0	NonTarget	1	60776
237.53116932710677	1.0	NonTarget	1	60808
237.65616928465292	1.0	NonTarget	1	60840
237.7811692421991	1.0	NonTarget	1	60872
237.90616919974528	1.0	NonTarget	1	60904
238.03116915729143	1.0	NonTarget	1	60936
238.1561691148376	1.0	NonTarget	1	60968
238.28116907238376	1.0	NonTarget	1	61000
238.40616902992994	1.0	NonTarget	1	61032
238.53116898747612	1.0	NonTarget	1	61064
238.65616894502227	1.0	NonTarget	1	61096
238.78116890256845	1.0	NonTarget	1	61128
238.9061688601146	1.0	NonTarget	1	61160
239.03116881766078	1.0	NonTarget	1	61192
239.15616877520696	1.0	NonTarget	1	61224
239.28116873275312	1.0	NonTarget	1	61256
239.4061686902993	1.0	NonTarget	1	61288
239.53116864784545	1.0	NonTarget	1	61320
239.65616860539163	1.0	NonTarget	1	61352
239.78116856293778	1.0	NonTarget	1	61384
239.90616852048396	1.0	NonTarget	1	61416
240.03116847803014	1.0	NonTarget	1	61448
240.1561684355763	1.0	NonTarget	1	61480
240.28116839312247	1.0	NonTarget	1	61512
240.40616835066862	1.0	NonTarget	1	61544
240.5311683082148	1.0	NonTarget	1	61576
240.65616826576098	1.0	NonTarget	1	61608
240.78116822330713	1.0	NonTarget	1	61640
240.9061681808533	1.0	NonTarget	1	61672
241.03116813839947	1.0	NonTarget	1	61704
241.15616809594565	1.0	NonTarget	1	61736
241.28116805349183	1.0	NonTarget	1	61768
241.40616801103798	1.0	NonTarget	1	61800
241.53116796858416	1.0	NonTarget	1	61832
241.6561679261303	1.0	NonTarget	1	61864
241.7811678836765	1.0	NonTarget	1	61896
241.90616784122267	1.0	NonTarget	1	61928
242.03116779876882	1.0	NonTarget	1	61960
242.156167756315	1.0	NonTarget	1	61992
242.28116771386115	1.0	NonTarget	1	62024
242.40616767140733	1.0	NonTarget	1	62056
242.5311676289535	1.0	NonTarget	1	62088
242.65616758649966	1.0	NonTarget	1	62120
242.78116754404584	1.0	NonTarget	1	62152
242.906167501592	1.0	NonTarget	1	62184
243.03116745913817	1.0	NonTarget	1	62216
243.15616741668435	1.0	NonTarget	1	62248
243.2811673742305	1.0	NonTarget	1	62280
243.4061673317767	1.0	NonTarget	1	62312
243.53116728932284	1.0	NonTarget	1	62344
243.65616724686902	1.0	NonTarget	1	62376
243.7811672044152	1.0	NonTarget	1	62408
243.90616716196135	1.0	NonTarget	1	62440
244.03116711950753	1.0	NonTarget	1	62472
244.15616707705368	1.0	NonTarget	1	62504
244.28116703459986	1.0	NonTarget	1	62536
244.40616699214604	1.0	NonTarget	1	62568
244.5311669496922	1.0	NonTarget	1	62600
244.65616690723837	1.0	NonTarget	1	62632
244.78116686478452	1.0	NonTarget	1	62664
244.9061668223307	1.0	NonTarget	1	62696
245.03116677987688	1.0	NonTarget	1	62728
245.15616673742304	1.0	NonTarget	1	62760
245.28116669496922	1.0	NonTarget	1	62792
245.40616665251537	1.0	NonTarget	1	62824
245.53116661006155	1.0	NonTarget	1	62856
245.65616656760773	1.0	NonTarget	1	62888
245.78116652515388	1.0	NonTarget	1	62920
245.90616648270006	1.0	NonTarget	1	62952
246.0311664402462	1.0	NonTarget	1	62984
246.1561663977924	1.0	NonTarget	1	63016
246.28116635533857	1.0	NonTarget	1	63048
246.40616631288472	1.0	NonTarget	1	63080
246.5311662704309	1.0	NonTarget	1	63112
246.65616622797705	1.0	NonTarget	1	63144
246.78116618552323	1.0	NonTarget	1	63176
246.9061661430694	1.0	NonTarget	1	63208
247.03116610061556	1.0	NonTarget	1	63240
247.15616605816174	1.0	NonTarget	1	63272
247.2811660157079	1.0	NonTarget	1	63304
247.40616597325408	1.0	NonTarget	1	63336
247.53116593080026	1.0	NonTarget	1	63368
247.6561658883464	1.0	NonTarget	1	63400
247.7811658458926	1.0	NonTarget	1	63432
247.90616580343874	1.0	NonTarget	1	63464
248.03116576098492	1.0	NonTarget	1	63496
248.1561657185311	1.0	NonTarget	1	63528
248.28116567607725	1.0	NonTarget	1	63560
248.40616563362343	1.0	NonTarget	1	63592
248.53116559116958	1.0	NonTarget	1	63624
248.65616554871576	1.0	NonTarget	1	63656
248.7811655062619	1.0	NonTarget	1	63688
248.9061654638081	1.0	NonTarget	1	63720
249.03116542135427	1.0	NonTarget	1	63752
249.15616537890043	1.0	NonTarget	1	63784
249.2811653364466	1.0	NonTarget	1	63816
249.40616529399276	1.0	NonTarget	1	63848
249.53116525153894	1.0	NonTarget	1	63880
249.65616520908512	1.0	NonTarget	1	63912
249.78116516663127	1.0	NonTarget	1	63944
249.90616512417745	1.0	NonTarget	1	63976
250.0311650817236	1.0	NonTarget	1	64008
250.15616503926978	1.0	NonTarget	1	64040
250.28116499681596	1.0	NonTarget	1	64072
250.4061649543621	1.0	NonTarget	1	64104
256.5311628741244	1.0	NonTarget	1	65672
256.65616283167054	1.0	NonTarget	1	65704
256.7811627892167	1.0	NonTarget	1	65736
256.9061627467629	1.0	NonTarget	1	65768
257.03116270430905	1.0	NonTarget	1	65800
257.1561626618552	1.0	NonTarget	1	65832
257.2811626194014	1.0	NonTarget	1	65864
257.40616257694757	1.0	NonTarget	1	65896
257.5311625344937	1.0	NonTarget	1	65928
257.65616249203987	1.0	NonTarget	1	65960
257.7811624495861	1.0	NonTarget	1	65992
257.90616240713223	1.0	NonTarget	1	66024
258.0311623646784	1.0	NonTarget	1	66056
258.1561623222246	1.0	NonTarget	1	66088
258.28116227977074	1.0	NonTarget	1	66120
258.4061622373169	1.0	NonTarget	1	66152
258.5311621948631	1.0	NonTarget	1	66184
258.65616215240925	1.0	NonTarget	1	66216
258.7811621099554	1.0	NonTarget	1	66248
258.90616206750155	1.0	NonTarget	1	66280
259.03116202504776	1.0	NonTarget	1	66312
259.1561619825939	1.0	NonTarget	1	66344
259.28116194014007	1.0	NonTarget	1	66376
259.4061618976863	1.0	NonTarget	1	66408
259.5311618552324	1.0	NonTarget	1	66440
259.6561618127786	1.0	NonTarget	1	66472
259.7811617703248	1.0	NonTarget	1	66504
259.90616172787094	1.0	NonTarget	1	66536
260.0311616854171	1.0	NonTarget	1	66568
260.15616164296324	1.0	NonTarget	1	66600
260.28116160050945	1.0	NonTarget	1	66632
260.4061615580556	1.0	NonTarget	1	66664
260.53116151560175	1.0	NonTarget	1	66696
260.65616147314796	1.0	NonTarget	1	66728
260.7811614306941	1.0	NonTarget	1	66760
260.90616138824026	1.0	NonTarget	1	66792
261.0311613457865	1.0	NonTarget	1	66824
261.1561613033326	1.0	NonTarget	1	66856
261.2811612608788	1.0	NonTarget	1	66888
261.4061612184249	1.0	NonTarget	1	66920
261.53116117597114	1.0	NonTarget	1	66952
261.6561611335173	1.0	NonTarget	1	66984
261.78116109106344	1.0	NonTarget	1	67016
261.90616104860965	1.0	NonTarget	1	67048
262.0311610061558	1.0	NonTarget	1	67080
262.15616096370195	1.0	NonTarget	1	67112
262.2811609212481	1.0	NonTarget	1	67144
262.4061608787943	1.0	NonTarget	1	67176
262.53116083634046	1.0	NonTarget	1	67208
262.6561607938866	1.0	NonTarget	1	67240
262.7811607514328	1.0	NonTarget	1	67272
262.906160708979	1.0	NonTarget	1	67304
263.0311606665251	1.0	NonTarget	1	67336
263.15616062407133	1.0	NonTarget	1	67368
263.2811605816175	1.0	NonTarget	1	67400
263.40616053916364	1.0	NonTarget	1	67432
263.5311604967098	1.0	NonTarget	1	67464
263.656160454256	1.0	NonTarget	1	67496
263.78116041180215	1.0	NonTarget	1	67528
263.9061603693483	1.0	NonTarget	1	67560
264.0311603268945	1.0	NonTarget	1	67592
264.15616028444066	1.0	NonTarget	1	67624
264.2811602419868	1.0	NonTarget	1	67656
264.406160199533	1.0	NonTarget	1	67688
264.53116015707917	1.0	NonTarget	1	67720
264.6561601146253	1.0	NonTarget	1	67752
264.7811600721715	1.0	NonTarget	1	67784
264.9061600297177	1.0	NonTarget	1	67816
265.03115998726383	1.0	NonTarget	1	67848
265.15615994481	1.0	NonTarget	1	67880
265.2811599023562	1.0	NonTarget	1	67912
265.40615985990235	1.0	NonTarget	1	67944
265.5311598174485	1.0	NonTarget	1	67976
265.6561597749947	1.0	NonTarget	1	68008
265.78115973254086	1.0	NonTarget	1	68040
265.906159690087	1.0	NonTarget	1	68072
266.03115964763316	1.0	NonTarget	1	68104
266.15615960517937	1.0	NonTarget	1	68136
266.2811595627255	1.0	NonTarget	1	68168
266.4061595202717	1.0	NonTarget	1	68200
266.5311594778179	1.0	NonTarget	1	68232
266.65615943536403	1.0	NonTarget	1	68264
266.7811593929102	1.0	NonTarget	1	68296
266.9061593504564	1.0	NonTarget	1	68328
267.03115930800254	1.0	NonTarget	1	68360
267.1561592655487	1.0	NonTarget	1	68392
267.28115922309485	1.0	NonTarget	1	68424
267.40615918064105	1.0	NonTarget	1	68456
267.5311591381872	1.0	NonTarget	1	68488
267.65615909573336	1.0	NonTarget	1	68520
267.78115905327957	1.0	NonTarget	1	68552
267.9061590108257	1.0	NonTarget	1	68584
268.03115896837187	1.0	NonTarget	1	68616
268.1561589259181	1.0	NonTarget	1	68648
268.28115888346423	1.0	NonTarget	1	68680
268.4061588410104	1.0	NonTarget	1	68712
268.53115879855653	1.0	NonTarget	1	68744
268.65615875610274	1.0	NonTarget	1	68776
268.7811587136489	1.0	NonTarget	1	68808
268.90615867119504	1.0	NonTarget	1	68840
269.03115862874125	1.0	NonTarget	1	68872
269.1561585862874	1.0	NonTarget	1	68904
269.28115854383356	1.0	NonTarget	1	68936
269.40615850137976	1.0	NonTarget	1	68968
269.5311584589259	1.0	NonTarget	1	69000
269.65615841647207	1.0	NonTarget	1	69032
269.7811583740182	1.0	NonTarget	1	69064
269.9061583315644	1.0	NonTarget	1	69096
270.0311582891106	1.0	NonTarget	1	69128
270.15615824665673	1.0	NonTarget	1	69160
270.28115820420294	1.0	NonTarget	1	69192
270.4061581617491	1.0	NonTarget	1	69224
270.53115811929524	1.0	NonTarget	1	69256
270.6561580768414	1.0	NonTarget	1	69288
270.7811580343876	1.0	NonTarget	1	69320
270.90615799193375	1.0	NonTarget	1	69352
271.0311579494799	1.0	NonTarget	1	69384
271.1561579070261	1.0	NonTarget	1	69416
271.28115786457226	1.0	NonTarget	1	69448
271.4061578221184	1.0	NonTarget	1	69480
277.5311557418807	1.0	NonTarget	1	71048
277.65615569942685	1.0	NonTarget	1	71080
277.78115565697306	1.0	NonTarget	1	71112
277.9061556145192	1.0	NonTarget	1	71144
278.03115557206536	1.0	NonTarget	1	71176
278.1561555296115	1.0	NonTarget	1	71208
278.2811554871577	1.0	NonTarget	1	71240
278.40615544470387	1.0	NonTarget	1	71272
278.53115540225	1.0	NonTarget	1	71304
278.65615535979623	1.0	NonTarget	1	71336
278.7811553173424	1.0	NonTarget	1	71368
278.90615527488853	1.0	NonTarget	1	71400
279.0311552324347	1.0	NonTarget	1	71432
279.1561551899809	1.0	NonTarget	1	71464
279.28115514752704	1.0	NonTarget	1	71496
279.4061551050732	1.0	NonTarget	1	71528
279.5311550626194	1.0	NonTarget	1	71560
279.65615502016556	1.0	NonTarget	1	71592
279.7811549777117	1.0	NonTarget	1	71624
279.9061549352579	1.0	NonTarget	1	71656
280.03115489280407	1.0	NonTarget	1	71688
280.1561548503502	1.0	NonTarget	1	71720
280.28115480789637	1.0	NonTarget	1	71752
280.4061547654426	1.0	NonTarget	1	71784
280.53115472298873	1.0	NonTarget	1	71816
280.6561546805349	1.0	NonTarget	1	71848
280.7811546380811	1.0	NonTarget	1	71880
280.90615459562724	1.0	NonTarget	1	71912
281.0311545531734	1.0	NonTarget	1	71944
281.1561545107196	1.0	NonTarget	1	71976
281.28115446826575	1.0	NonTarget	1	72008
281.4061544258119	1.0	NonTarget	1	72040
281.53115438335806	1.0	NonTarget	1	72072
281.65615434090427	1.0	NonTarget	1	72104
281.7811542984504	1.0	NonTarget	1	72136
281.90615425599657	1.0	NonTarget	1	72168
282.0311542135428	1.0	NonTarget	1	72200
282.15615417108893	1.0	NonTarget	1	72232
282.2811541286351	1.0	NonTarget	1	72264
282.4061540861813	1.0	NonTarget	1	72296
282.53115404372744	1.0	NonTarget	1	72328
282.6561540012736	1.0	NonTarget	1	72360
282.78115395881974	1.0	NonTarget	1	72392
282.90615391636595	1.0	NonTarget	1	72424
283.0311538739121	1.0	NonTarget	1	72456
283.15615383145825	1.0	NonTarget	1	72488
283.28115378900446	1.0	NonTarget	1	72520
283.4061537465506	1.0	NonTarget	1	72552
283.53115370409677	1.0	NonTarget	1	72584
283.656153661643	1.0	NonTarget	1	72616
283.7811536191891	1.0	NonTarget	1	72648
283.9061535767353	1.0	NonTarget	1	72680
284.03115353428143	1.0	NonTarget	1	72712
284.15615349182764	1.0	NonTarget	1	72744
284.2811534493738	1.0	NonTarget	1	72776
284.40615340691994	1.0	NonTarget	1	72808
284.53115336446615	1.0	NonTarget	1	72840
284.6561533220123	1.0	NonTarget	1	72872
284.78115327955845	1.0	NonTarget	1	72904
284.90615323710466	1.0	NonTarget	1	72936
285.0311531946508	1.0	NonTarget	1	72968
285.15615315219696	1.0	NonTarget	1	73000
285.2811531097431	1.0	NonTarget	1	73032
285.4061530672893	1.0	NonTarget	1	73064
285.5311530248355	1.0	NonTarget	1	73096
285.6561529823816	1.0	NonTarget	1	73128
285.78115293992784	1.0	NonTarget	1	73160
285.906152897474	1.0	NonTarget	1	73192
286.03115285502014	1.0	NonTarget	1	73224
286.15615281256635	1.0	NonTarget	1	73256
286.2811527701125	1.0	NonTarget	1	73288
286.40615272765865	1.0	NonTarget	1	73320
286.5311526852048	1.0	NonTarget	1	73352
286.656152642751	1.0	NonTarget	1	73384
286.78115260029716	1.0	NonTarget	1	73416
286.9061525578433	1.0	NonTarget	1	73448
287.0311525153895	1.0	NonTarget	1	73480
287.1561524729357	1.0	NonTarget	1	73512
287.2811524304818	1.0	NonTarget	1	73544
287.40615238802803	1.0	NonTarget	1	73576
287.5311523455742	1.0	NonTarget	1	73608
287.65615230312034	1.0	NonTarget	1	73640
287.7811522606665	1.0	NonTarget	1	73672
287.9061522182127	1.0	NonTarget	1	73704
288.03115217575885	1.0	NonTarget	1	73736
288.156152133305	1.0	NonTarget	1	73768
288.2811520908512	1.0	NonTarget	1	73800
288.40615204839736	1.0	NonTarget	1	73832
288.5311520059435	1.0	NonTarget	1	73864
288.65615196348966	1.0	NonTarget	1	73896
288.78115192103587	1.0	NonTarget	1	73928
288.906151878582	1.0	NonTarget	1	73960
289.0311518361282	1.0	NonTarget	1	73992
289.1561517936744	1.0	NonTarget	1	74024
289.28115175122053	1.0	NonTarget	1	74056
289.4061517087667	1.0	NonTarget	1	74088
289.5311516663129	1.0	NonTarget	1	74120
289.65615162385905	1.0	NonTarget	1	74152
289.7811515814052	1.0	NonTarget	1	74184
289.90615153895135	1.0	NonTarget	1	74216
290.03115149649756	1.0	NonTarget	1	74248
290.1561514540437	1.0	NonTarget	1	74280
290.28115141158986	1.0	NonTarget	1	74312
290.40615136913607	1.0	NonTarget	1	74344
290.5311513266822	1.0	NonTarget	1	74376
290.6561512842284	1.0	NonTarget	1	74408
290.7811512417746	1.0	NonTarget	1	74440
290.90615119932073	1.0	NonTarget	1	74472
291.0311511568669	1.0	NonTarget	1	74504
291.15615111441303	1.0	NonTarget	1	74536
291.28115107195924	1.0	NonTarget	1	74568
291.4061510295054	1.0	NonTarget	1	74600
291.53115098705155	1.0	NonTarget	1	74632
291.65615094459775	1.0	NonTarget	1	74664
291.7811509021439	1.0	NonTarget	1	74696
291.90615085969006	1.0	NonTarget	1	74728
292.03115081723627	1.0	NonTarget	1	74760
292.1561507747824	1.0	NonTarget	1	74792
292.28115073232857	1.0	NonTarget	1	74824
292.4061506898747	1.0	NonTarget	1	74856
298.531148609637	1.0	NonTarget	1	76424
298.65614856718315	1.0	NonTarget	1	76456
298.78114852472936	1.0	NonTarget	1	76488
298.9061484822755	1.0	NonTarget	1	76520
299.03114843982166	1.0	NonTarget	1	76552
299.1561483973679	1.0	NonTarget	1	76584
299.281148354914	1.0	NonTarget	1	76616
299.4061483124602	1.0	NonTarget	1	76648
299.5311482700063	1.0	NonTarget	1	76680
299.65614822755253	1.0	NonTarget	1	76712
299.7811481850987	1.0	NonTarget	1	76744
299.90614814264484	1.0	NonTarget	1	76776
300.03114810019105	1.0	NonTarget	1	76808
300.1561480577372	1.0	NonTarget	1	76840
300.28114801528335	1.0	NonTarget	1	76872
300.40614797282956	1.0	NonTarget	1	76904
300.5311479303757	1.0	NonTarget	1	76936
300.65614788792186	1.0	NonTarget	1	76968
300.781147845468	1.0	NonTarget	1	77000
300.9061478030142	1.0	NonTarget	1	77032
301.0311477605604	1.0	NonTarget	1	77064
301.1561477181065	1.0	NonTarget	1	77096
301.28114767565273	1.0	NonTarget	1	77128
301.4061476331989	1.0	NonTarget	1	77160
301.53114759074504	1.0	NonTarget	1	77192
301.65614754829124	1.0	NonTarget	1	77224
301.7811475058374	1.0	NonTarget	1	77256
301.90614746338355	1.0	NonTarget	1	77288
302.0311474209297	1.0	NonTarget	1	77320
302.1561473784759	1.0	NonTarget	1	77352
302.28114733602206	1.0	NonTarget	1	77384
302.4061472935682	1.0	NonTarget	1	77416
302.5311472511144	1.0	NonTarget	1	77448
302.65614720866057	1.0	NonTarget	1	77480
302.7811471662067	1.0	NonTarget	1	77512
302.90614712375293	1.0	NonTarget	1	77544
303.0311470812991	1.0	NonTarget	1	77576
303.15614703884523	1.0	NonTarget	1	77608
303.2811469963914	1.0	NonTarget	1	77640
303.4061469539376	1.0	NonTarget	1	77672
303.53114691148375	1.0	NonTarget	1	77704
303.6561468690299	1.0	NonTarget	1	77736
303.7811468265761	1.0	NonTarget	1	77768
303.90614678412226	1.0	NonTarget	1	77800
304.0311467416684	1.0	NonTarget	1	77832
304.1561466992146	1.0	NonTarget	1	77864
304.28114665676077	1.0	NonTarget	1	77896
304.4061466143069	1.0	NonTarget	1	77928
304.53114657185307	1.0	NonTarget	1	77960
304.6561465293993	1.0	NonTarget	1	77992
304.78114648694543	1.0	NonTarget	1	78024
304.9061464444916	1.0	NonTarget	1	78056
305.0311464020378	1.0	NonTarget	1	78088
305.15614635958394	1.0	NonTarget	1	78120
305.2811463171301	1.0	NonTarget	1	78152
305.40614627467625	1.0	NonTarget	1	78184
305.53114623222245	1.0	NonTarget	1	78216
305.6561461897686	1.0	NonTarget	1	78248
305.78114614731476	1.0	NonTarget	1	78280
305.90614610486097	1.0	NonTarget	1	78312
306.0311460624071	1.0	NonTarget	1	78344
306.15614601995327	1.0	NonTarget	1	78376
306.2811459774995	1.0	NonTarget	1	78408
306.40614593504563	1.0	NonTarget	1	78440
306.5311458925918	1.0	NonTarget	1	78472
306.65614585013793	1.0	NonTarget	1	78504
306.78114580768414	1.0	NonTarget	1	78536
306.9061457652303	1.0	NonTarget	1	78568
307.03114572277644	1.0	NonTarget	1	78600
307.15614568032265	1.0	NonTarget	1	78632
307.2811456378688	1.0	NonTarget	1	78664
307.40614559541496	1.0	NonTarget	1	78696
307.53114555296116	1.0	NonTarget	1	78728
307.6561455105073	1.0	NonTarget	1	78760
307.78114546805347	1.0	NonTarget	1	78792
307.9061454255996	1.0	NonTarget	1	78824
308.0311453831458	1.0	NonTarget	1	78856
308.156145340692	1.0	NonTarget	1	78888
308.28114529823813	1.0	NonTarget	1	78920
308.40614525578434	1.0	NonTarget	1	78952
308.5311452133305	1.0	NonTarget	1	78984
308.65614517087664	1.0	NonTarget	1	79016
308.78114512842285	1.0	NonTarget	1	79048
308.906145085969	1.0	NonTarget	1	79080
309.03114504351515	1.0	NonTarget	1	79112
309.1561450010613	1.0	NonTarget	1	79144
309.2811449586075	1.0	NonTarget	1	79176
309.40614491615366	1.0	NonTarget	1	79208
309.5311448736998	1.0	NonTarget	1	79240
309.656144831246	1.0	NonTarget	1	79272
309.7811447887922	1.0	NonTarget	1	79304
309.9061447463383	1.0	NonTarget	1	79336
310.03114470388454	1.0	NonTarget	1	79368
310.1561446614307	1.0	NonTarget	1	79400
310.28114461897684	1.0	NonTarget	1	79432
310.406144576523	1.0	NonTarget	1	79464
310.5311445340692	1.0	NonTarget	1	79496
310.65614449161535	1.0	NonTarget	1	79528
310.7811444491615	1.0	NonTarget	1	79560
310.9061444067077	1.0	NonTarget	1	79592
311.03114436425386	1.0	NonTarget	1	79624
311.1561443218	1.0	NonTarget	1	79656
311.2811442793462	1.0	NonTarget	1	79688
311.4061442368924	1.0	NonTarget	1	79720
311.5311441944385	1.0	NonTarget	1	79752
311.6561441519847	1.0	NonTarget	1	79784
311.7811441095309	1.0	NonTarget	1	79816
311.90614406707704	1.0	NonTarget	1	79848
312.0311440246232	1.0	NonTarget	1	79880
312.1561439821694	1.0	NonTarget	1	79912
312.28114393971555	1.0	NonTarget	1	79944
312.4061438972617	1.0	NonTarget	1	79976
312.5311438548079	1.0	NonTarget	1	80008
312.65614381235406	1.0	NonTarget	1	80040
312.7811437699002	1.0	NonTarget	1	80072
312.90614372744636	1.0	NonTarget	1	80104
313.03114368499257	1.0	NonTarget	1	80136
313.1561436425387	1.0	NonTarget	1	80168
313.2811436000849	1.0	NonTarget	1	80200
313.4061435576311	1.0	NonTarget	1	80232
319.5311414773933	1.0	NonTarget	1	81800
319.6561414349395	1.0	NonTarget	1	81832
319.78114139248567	1.0	NonTarget	1	81864
319.9061413500318	1.0	NonTarget	1	81896
320.03114130757797	1.0	NonTarget	1	81928
320.1561412651242	1.0	NonTarget	1	81960
320.2811412226703	1.0	NonTarget	1	81992
320.4061411802165	1.0	NonTarget	1	82024
320.5311411377627	1.0	NonTarget	1	82056
320.65614109530884	1.0	NonTarget	1	82088
320.781141052855	1.0	NonTarget	1	82120
320.9061410104012	1.0	NonTarget	1	82152
321.03114096794735	1.0	NonTarget	1	82184
321.1561409254935	1.0	NonTarget	1	82216
321.28114088303965	1.0	NonTarget	1	82248
321.40614084058586	1.0	NonTarget	1	82280
321.531140798132	1.0	NonTarget	1	82312
321.65614075567817	1.0	NonTarget	1	82344
321.7811407132244	1.0	NonTarget	1	82376
321.9061406707705	1.0	NonTarget	1	82408
322.0311406283167	1.0	NonTarget	1	82440
322.1561405858629	1.0	NonTarget	1	82472
322.28114054340904	1.0	NonTarget	1	82504
322.4061405009552	1.0	NonTarget	1	82536
322.53114045850134	1.0	NonTarget	1	82568
322.65614041604755	1.0	NonTarget	1	82600
322.7811403735937	1.0	NonTarget	1	82632
322.90614033113985	1.0	NonTarget	1	82664
323.03114028868606	1.0	NonTarget	1	82696
323.1561402462322	1.0	NonTarget	1	82728
323.28114020377836	1.0	NonTarget	1	82760
323.4061401613245	1.0	NonTarget	1	82792
323.5311401188707	1.0	NonTarget	1	82824
323.6561400764169	1.0	NonTarget	1	82856
323.781140033963	1.0	NonTarget	1	82888
323.90613999150924	1.0	NonTarget	1	82920
324.0311399490554	1.0	NonTarget	1	82952
324.15613990660154	1.0	NonTarget	1	82984
324.28113986414775	1.0	NonTarget	1	83016
324.4061398216939	1.0	NonTarget	1	83048
324.53113977924005	1.0	NonTarget	1	83080
324.6561397367862	1.0	NonTarget	1	83112
324.7811396943324	1.0	NonTarget	1	83144
324.90613965187856	1.0	NonTarget	1	83176
325.0311396094247	1.0	NonTarget	1	83208
325.1561395669709	1.0	NonTarget	1	83240
325.2811395245171	1.0	NonTarget	1	83272
325.4061394820632	1.0	NonTarget	1	83304
325.53113943960943	1.0	NonTarget	1	83336
325.6561393971556	1.0	NonTarget	1	83368
325.78113935470174	1.0	NonTarget	1	83400
325.9061393122479	1.0	NonTarget	1	83432
326.0311392697941	1.0	NonTarget	1	83464
326.15613922734025	1.0	NonTarget	1	83496
326.2811391848864	1.0	NonTarget	1	83528
326.4061391424326	1.0	NonTarget	1	83560
326.53113909997876	1.0	NonTarget	1	83592
326.6561390575249	1.0	NonTarget	1	83624
326.7811390150711	1.0	NonTarget	1	83656
326.90613897261727	1.0	NonTarget	1	83688
327.0311389301634	1.0	NonTarget	1	83720
327.1561388877096	1.0	NonTarget	1	83752
327.2811388452558	1.0	NonTarget	1	83784
327.40613880280193	1.0	NonTarget	1	83816
327.5311387603481	1.0	NonTarget	1	83848
327.6561387178943	1.0	NonTarget	1	83880
327.78113867544045	1.0	NonTarget	1	83912
327.9061386329866	1.0	NonTarget	1	83944
328.0311385905328	1.0	NonTarget	1	83976
328.15613854807896	1.0	NonTarget	1	84008
328.2811385056251	1.0	NonTarget	1	84040
328.40613846317126	1.0	NonTarget	1	84072
328.53113842071747	1.0	NonTarget	1	84104
328.6561383782636	1.0	NonTarget	1	84136
328.78113833580977	1.0	NonTarget	1	84168
328.906138293356	1.0	NonTarget	1	84200
329.03113825090213	1.0	NonTarget	1	84232
329.1561382084483	1.0	NonTarget	1	84264
329.2811381659945	1.0	NonTarget	1	84296
329.40613812354064	1.0	NonTarget	1	84328
329.5311380810868	1.0	NonTarget	1	84360
329.65613803863295	1.0	NonTarget	1	84392
329.78113799617915	1.0	NonTarget	1	84424
329.9061379537253	1.0	NonTarget	1	84456
330.03113791127146	1.0	NonTarget	1	84488
330.15613786881767	1.0	NonTarget	1	84520
330.2811378263638	1.0	NonTarget	1	84552
330.40613778390997	1.0	NonTarget	1	84584
330.5311377414562	1.0	NonTarget	1	84616
330.65613769900233	1.0	NonTarget	1	84648
330.7811376565485	1.0	NonTarget	1	84680
330.90613761409463	1.0	NonTarget	1	84712
331.03113757164084	1.0	NonTarget	1	84744
331.156137529187	1.0	NonTarget	1	84776
331.28113748673314	1.0	NonTarget	1	84808
331.40613744427935	1.0	NonTarget	1	84840
331.5311374018255	1.0	NonTarget	1	84872
331.65613735937166	1.0	NonTarget	1	84904
331.7811373169178	1.0	NonTarget	1	84936
331.906137274464	1.0	NonTarget	1	84968
332.03113723201017	1.0	NonTarget	1	85000
332.1561371895563	1.0	NonTarget	1	85032
332.2811371471025	1.0	NonTarget	1	85064
332.4061371046487	1.0	NonTarget	1	85096
332.53113706219483	1.0	NonTarget	1	85128
332.65613701974104	1.0	NonTarget	1	85160
332.7811369772872	1.0	NonTarget	1	85192
332.90613693483334	1.0	NonTarget	1	85224
333.0311368923795	1.0	NonTarget	1	85256
333.1561368499257	1.0	NonTarget	1	85288
333.28113680747185	1.0	NonTarget	1	85320
333.406136765018	1.0	NonTarget	1	85352
333.5311367225642	1.0	NonTarget	1	85384
333.65613668011036	1.0	NonTarget	1	85416
333.7811366376565	1.0	NonTarget	1	85448
333.9061365952027	1.0	NonTarget	1	85480
334.0311365527489	1.0	NonTarget	1	85512
334.156136510295	1.0	NonTarget	1	85544
334.2811364678412	1.0	NonTarget	1	85576
334.4061364253874	1.0	NonTarget	1	85608
340.5311343451496	1.0	NonTarget	1	87176
340.6561343026958	1.0	NonTarget	1	87208
340.78113426024197	1.0	NonTarget	1	87240
340.9061342177881	1.0	NonTarget	1	87272
341.03113417533433	1.0	NonTarget	1	87304
341.1561341328805	1.0	NonTarget	1	87336
341.28113409042663	1.0	NonTarget	1	87368
341.4061340479728	1.0	NonTarget	1	87400
341.531134005519	1.0	NonTarget	1	87432
341.65613396306514	1.0	NonTarget	1	87464
341.7811339206113	1.0	NonTarget	1	87496
341.9061338781575	1.0	NonTarget	1	87528
342.03113383570366	1.0	NonTarget	1	87560
342.1561337932498	1.0	NonTarget	1	87592
342.281133750796	1.0	NonTarget	1	87624
342.40613370834217	1.0	NonTarget	1	87656
342.5311336658883	1.0	NonTarget	1	87688
342.65613362343447	1.0	NonTarget	1	87720
342.7811335809807	1.0	NonTarget	1	87752
342.90613353852683	1.0	NonTarget	1	87784
343.031133496073	1.0	NonTarget	1	87816
343.1561334536192	1.0	NonTarget	1	87848
343.28113341116534	1.0	NonTarget	1	87880
343.4061333687115	1.0	NonTarget	1	87912
343.5311333262577	1.0	NonTarget	1	87944
343.65613328380385	1.0	NonTarget	1	87976
343.78113324135	1.0	NonTarget	1	88008
343.90613319889616	1.0	NonTarget	1	88040
344.03113315644237	1.0	NonTarget	1	88072
344.1561331139885	1.0	NonTarget	1	88104
344.28113307153467	1.0	NonTarget	1	88136
344.4061330290809	1.0	NonTarget	1	88168
344.53113298662703	1.0	NonTarget	1	88200
344.6561329441732	1.0	NonTarget	1	88232
344.7811329017194	1.0	NonTarget	1	88264
344.90613285926554	1.0	NonTarget	1	88296
345.0311328168117	1.0	NonTarget	1	88328
345.15613277435784	1.0	NonTarget	1	88360
345.28113273190405	1.0	NonTarget	1	88392
345.4061326894502	1.0	NonTarget	1	88424
345.53113264699635	1.0	NonTarget	1	88456
345.65613260454256	1.0	NonTarget	1	88488
345.7811325620887	1.0	NonTarget	1	88520
345.90613251963487	1.0	NonTarget	1	88552
346.0311324771811	1.0	NonTarget	1	88584
346.1561324347272	1.0	NonTarget	1	88616
346.2811323922734	1.0	NonTarget	1	88648
346.40613234981953	1.0	NonTarget	1	88680
346.53113230736574	1.0	NonTarget	1	88712
346.6561322649119	1.0	NonTarget	1	88744
346.78113222245804	1.0	NonTarget	1	88776
346.90613218000425	1.0	NonTarget	1	88808
347.0311321375504	1.0	NonTarget	1	88840
347.15613209509655	1.0	NonTarget	1	88872
347.28113205264276	1.0	NonTarget	1	88904
347.4061320101889	1.0	NonTarget	1	88936
347.53113196773506	1.0	NonTarget	1	88968
347.6561319252812	1.0	NonTarget	1	89000
347.7811318828274	1.0	NonTarget	1	89032
347.9061318403736	1.0	NonTarget	1	89064
348.0311317979197	1.0	NonTarget	1	89096
348.15613175546594	1.0	NonTarget	1	89128
348.2811317130121	1.0	NonTarget	1	89160
348.40613167055824	1.0	NonTarget	1	89192
348.53113162810445	1.0	NonTarget	1	89224
348.6561315856506	1.0	NonTarget	1	89256
348.78113154319675	1.0	NonTarget	1	89288
348.9061315007429	1.0	NonTarget	1	89320
349.0311314582891	1.0	NonTarget	1	89352
349.15613141583526	1.0	NonTarget	1	89384
349.2811313733814	1.0	NonTarget	1	89416
349.4061313309276	1.0	NonTarget	1	89448
349.5311312884738	1.0	NonTarget	1	89480
349.6561312460199	1.0	NonTarget	1	89512
349.7811312035661	1.0	NonTarget	1	89544
349.9061311611123	1.0	NonTarget	1	89576
350.03113111865844	1.0	NonTarget	1	89608
350.1561310762046	1.0	NonTarget	1	89640
350.2811310337508	1.0	NonTarget	1	89672
350.40613099129695	1.0	NonTarget	1	89704
350.5311309488431	1.0	NonTarget	1	89736
350.6561309063893	1.0	NonTarget	1	89768
350.78113086393546	1.0	NonTarget	1	89800
350.9061308214816	1.0	NonTarget	1	89832
351.03113077902776	1.0	NonTarget	1	89864
351.15613073657397	1.0	NonTarget	1	89896
351.2811306941201	1.0	NonTarget	1	89928
351.4061306516663	1.0	NonTarget	1	89960
351.5311306092125	1.0	NonTarget	1	89992
351.65613056675863	1.0	NonTarget	1	90024
351.7811305243048	1.0	NonTarget	1	90056
351.906130481851	1.0	NonTarget	1	90088
352.03113043939715	1.0	NonTarget	1	90120
352.1561303969433	1.0	NonTarget	1	90152
352.28113035448945	1.0	NonTarget	1	90184
352.40613031203566	1.0	NonTarget	1	90216
352.5311302695818	1.0	NonTarget	1	90248
352.65613022712796	1.0	NonTarget	1	90280
352.78113018467417	1.0	NonTarget	1	90312
352.9061301422203	1.0	NonTarget	1	90344
353.0311300997665	1.0	NonTarget	1	90376
353.1561300573127	1.0	NonTarget	1	90408
353.28113001485883	1.0	NonTarget	1	90440
353.406129972405	1.0	NonTarget	1	90472
353.53112992995113	1.0	NonTarget	1	90504
353.65612988749734	1.0	NonTarget	1	90536
353.7811298450435	1.0	NonTarget	1	90568
353.90612980258965	1.0	NonTarget	1	90600
354.03112976013585	1.0	NonTarget	1	90632
354.156129717682	1.0	NonTarget	1	90664
354.28112967522816	1.0	NonTarget	1	90696
354.40612963277437	1.0	NonTarget	1	90728
354.5311295903205	1.0	NonTarget	1	90760
354.65612954786667	1.0	NonTarget	1	90792
354.7811295054128	1.0	NonTarget	1	90824
354.90612946295903	1.0	NonTarget	1	90856
355.0311294205052	1.0	NonTarget	1	90888
355.15612937805133	1.0	NonTarget	1	90920
355.28112933559754	1.0	NonTarget	1	90952
355.4061292931437	1.0	NonTarget	1	90984
361.531127212906	1.0	NonTarget	1	92552
361.6561271704521	1.0	NonTarget	1	92584
361.7811271279983	1.0	NonTarget	1	92616
361.9061270855444	1.0	NonTarget	1	92648
362.03112704309063	1.0	NonTarget	1	92680
362.1561270006368	1.0	NonTarget	1	92712
362.28112695818294	1.0	NonTarget	1	92744
362.40612691572915	1.0	NonTarget	1	92776
362.5311268732753	1.0	NonTarget	1	92808
362.65612683082145	1.0	NonTarget	1	92840
362.78112678836766	1.0	NonTarget	1	92872
362.9061267459138	1.0	NonTarget	1	92904
363.03112670345996	1.0	NonTarget	1	92936
363.1561266610061	1.0	NonTarget	1	92968
363.2811266185523	1.0	NonTarget	1	93000
363.4061265760985	1.0	NonTarget	1	93032
363.5311265336446	1.0	NonTarget	1	93064
363.65612649119083	1.0	NonTarget	1	93096
363.781126448737	1.0	NonTarget	1	93128
363.90612640628314	1.0	NonTarget	1	93160
364.03112636382934	1.0	NonTarget	1	93192
364.1561263213755	1.0	NonTarget	1	93224
364.28112627892165	1.0	NonTarget	1	93256
364.4061262364678	1.0	NonTarget	1	93288
364.531126194014	1.0	NonTarget	1	93320
364.65612615156016	1.0	NonTarget	1	93352
364.7811261091063	1.0	NonTarget	1	93384
364.9061260666525	1.0	NonTarget	1	93416
365.03112602419867	1.0	NonTarget	1	93448
365.1561259817448	1.0	NonTarget	1	93480
365.28112593929103	1.0	NonTarget	1	93512
365.4061258968372	1.0	NonTarget	1	93544
365.53112585438333	1.0	NonTarget	1	93576
365.6561258119295	1.0	NonTarget	1	93608
365.7811257694757	1.0	NonTarget	1	93640
365.90612572702184	1.0	NonTarget	1	93672
366.031125684568	1.0	NonTarget	1	93704
366.1561256421142	1.0	NonTarget	1	93736
366.28112559966036	1.0	NonTarget	1	93768
366.4061255572065	1.0	NonTarget	1	93800
366.5311255147527	1.0	NonTarget	1	93832
366.65612547229887	1.0	NonTarget	1	93864
366.781125429845	1.0	NonTarget	1	93896
366.90612538739117	1.0	NonTarget	1	93928
367.0311253449374	1.0	NonTarget	1	93960
367.15612530248353	1.0	NonTarget	1	93992
367.2811252600297	1.0	NonTarget	1	94024
367.4061252175759	1.0	NonTarget	1	94056
367.53112517512204	1.0	NonTarget	1	94088
367.6561251326682	1.0	NonTarget	1	94120
367.78112509021435	1.0	NonTarget	1	94152
367.90612504776055	1.0	NonTarget	1	94184
368.0311250053067	1.0	NonTarget	1	94216
368.15612496285286	1.0	NonTarget	1	94248
368.28112492039907	1.0	NonTarget	1	94280
368.4061248779452	1.0	NonTarget	1	94312
368.53112483549137	1.0	NonTarget	1	94344
368.6561247930376	1.0	NonTarget	1	94376
368.78112475058373	1.0	NonTarget	1	94408
368.9061247081299	1.0	NonTarget	1	94440
369.03112466567603	1.0	NonTarget	1	94472
369.15612462322224	1.0	NonTarget	1	94504
369.2811245807684	1.0	NonTarget	1	94536
369.40612453831454	1.0	NonTarget	1	94568
369.53112449586075	1.0	NonTarget	1	94600
369.6561244534069	1.0	NonTarget	1	94632
369.78112441095305	1.0	NonTarget	1	94664
369.90612436849926	1.0	NonTarget	1	94696
370.0311243260454	1.0	NonTarget	1	94728
370.15612428359157	1.0	NonTarget	1	94760
370.2811242411377	1.0	NonTarget	1	94792
370.4061241986839	1.0	NonTarget	1	94824
370.5311241562301	1.0	NonTarget	1	94856
370.65612411377623	1.0	NonTarget	1	94888
370.78112407132244	1.0	NonTarget	1	94920
370.9061240288686	1.0	NonTarget	1	94952
371.03112398641474	1.0	NonTarget	1	94984
371.15612394396095	1.0	NonTarget	1	95016
371.2811239015071	1.0	NonTarget	1	95048
371.40612385905325	1.0	NonTarget	1	95080
371.5311238165994	1.0	NonTarget	1	95112
371.6561237741456	1.0	NonTarget	1	95144
371.78112373169176	1.0	NonTarget	1	95176
371.9061236892379	1.0	NonTarget	1	95208
372.0311236467841	1.0	NonTarget	1	95240
372.1561236043303	1.0	NonTarget	1	95272
372.2811235618764	1.0	NonTarget	1	95304
372.40612351942264	1.0	NonTarget	1	95336
372.5311234769688	1.0	NonTarget	1	95368
372.65612343451494	1.0	NonTarget	1	95400
372.7811233920611	1.0	NonTarget	1	95432
372.9061233496073	1.0	NonTarget	1	95464
373.03112330715345	1.0	NonTarget	1	95496
373.1561232646996	1.0	NonTarget	1	95528
373.2811232222458	1.0	NonTarget	1	95560
373.40612317979196	1.0	NonTarget	1	95592
373.5311231373381	1.0	NonTarget	1	95624
373.6561230948843	1.0	NonTarget	1	95656
373.7811230524305	1.0	NonTarget	1	95688
373.9061230099766	1.0	NonTarget	1	95720
374.0311229675228	1.0	NonTarget	1	95752
374.156122925069	1.0	NonTarget	1	95784
374.28112288261514	1.0	NonTarget	1	95816
374.4061228401613	1.0	NonTarget	1	95848
374.5311227977075	1.0	NonTarget	1	95880
374.65612275525365	1.0	NonTarget	1	95912
374.7811227127998	1.0	NonTarget	1	95944
374.906122670346	1.0	NonTarget	1	95976
375.03112262789216	1.0	NonTarget	1	96008
375.1561225854383	1.0	NonTarget	1	96040
375.28112254298446	1.0	NonTarget	1	96072
375.40612250053067	1.0	NonTarget	1	96104
375.5311224580768	1.0	NonTarget	1	96136
375.656122415623	1.0	NonTarget	1	96168
375.7811223731692	1.0	NonTarget	1	96200
375.90612233071533	1.0	NonTarget	1	96232
376.0311222882615	1.0	NonTarget	1	96264
376.15612224580764	1.0	NonTarget	1	96296
376.28112220335385	1.0	NonTarget	1	96328
376.4061221609	1.0	NonTarget	1	96360
382.5311200806623	1.0	NonTarget	1	97928
382.6561200382084	1.0	NonTarget	1	97960
382.7811199957546	1.0	NonTarget	1	97992
382.9061199533008	1.0	NonTarget	1	98024
383.03111991084694	1.0	NonTarget	1	98056
383.1561198683931	1.0	NonTarget	1	98088
383.2811198259393	1.0	NonTarget	1	98120
383.40611978348545	1.0	NonTarget	1	98152
383.5311197410316	1.0	NonTarget	1	98184
383.65611969857775	1.0	NonTarget	1	98216
383.78111965612396	1.0	NonTarget	1	98248
383.9061196136701	1.0	NonTarget	1	98280
384.03111957121627	1.0	NonTarget	1	98312
384.1561195287625	1.0	NonTarget	1	98344
384.2811194863086	1.0	NonTarget	1	98376
384.4061194438548	1.0	NonTarget	1	98408
384.53111940140093	1.0	NonTarget	1	98440
384.65611935894714	1.0	NonTarget	1	98472
384.7811193164933	1.0	NonTarget	1	98504
384.90611927403944	1.0	NonTarget	1	98536
385.03111923158565	1.0	NonTarget	1	98568
385.1561191891318	1.0	NonTarget	1	98600
385.28111914667795	1.0	NonTarget	1	98632
385.40611910422416	1.0	NonTarget	1	98664
385.5311190617703	1.0	NonTarget	1	98696
385.65611901931646	1.0	NonTarget	1	98728
385.7811189768626	1.0	NonTarget	1	98760
385.9061189344088	1.0	NonTarget	1	98792
386.031118891955	1.0	NonTarget	1	98824
386.1561188495011	1.0	NonTarget	1	98856
386.28111880704733	1.0	NonTarget	1	98888
386.4061187645935	1.0	NonTarget	1	98920
386.53111872213964	1.0	NonTarget	1	98952
386.65611867968585	1.0	NonTarget	1	98984
386.781118637232	1.0	NonTarget	1	99016
386.90611859477815	1.0	NonTarget	1	99048
387.0311185523243	1.0	NonTarget	1	99080
387.1561185098705	1.0	NonTarget	1	99112
387.28111846741666	1.0	NonTarget	1	99144
387.4061184249628	1.0	NonTarget	1	99176
387.531118382509	1.0	NonTarget	1	99208
387.6561183400552	1.0	NonTarget	1	99240
387.7811182976013	1.0	NonTarget	1	99272
387.90611825514753	1.0	NonTarget	1	99304
388.0311182126937	1.0	NonTarget	1	99336
388.15611817023984	1.0	NonTarget	1	99368
388.281118127786	1.0	NonTarget	1	99400
388.4061180853322	1.0	NonTarget	1	99432
388.53111804287835	1.0	NonTarget	1	99464
388.6561180004245	1.0	NonTarget	1	99496
388.7811179579707	1.0	NonTarget	1	99528
388.90611791551686	1.0	NonTarget	1	99560
389.031117873063	1.0	NonTarget	1	99592
389.1561178306092	1.0	NonTarget	1	99624
389.28111778815537	1.0	NonTarget	1	99656
389.4061177457015	1.0	NonTarget	1	99688
389.5311177032477	1.0	NonTarget	1	99720
389.6561176607939	1.0	NonTarget	1	99752
389.78111761834003	1.0	NonTarget	1	99784
389.9061175758862	1.0	NonTarget	1	99816
390.0311175334324	1.0	NonTarget	1	99848
390.15611749097854	1.0	NonTarget	1	99880
390.2811174485247	1.0	NonTarget	1	99912
390.4061174060709	1.0	NonTarget	1	99944
390.53111736361706	1.0	NonTarget	1	99976
390.6561173211632	1.0	NonTarget	1	100008
390.78111727870936	1.0	NonTarget	1	100040
390.90611723625557	1.0	NonTarget	1	100072
391.0311171938017	1.0	NonTarget	1	100104
391.15611715134787	1.0	NonTarget	1	100136
391.2811171088941	1.0	NonTarget	1	100168
391.40611706644023	1.0	NonTarget	1	100200
391.5311170239864	1.0	NonTarget	1	100232
391.6561169815326	1.0	NonTarget	1	100264
391.78111693907874	1.0	NonTarget	1	100296
391.9061168966249	1.0	NonTarget	1	100328
392.03111685417105	1.0	NonTarget	1	100360
392.15611681171725	1.0	NonTarget	1	100392
392.2811167692634	1.0	NonTarget	1	100424
392.40611672680956	1.0	NonTarget	1	100456
392.53111668435577	1.0	NonTarget	1	100488
392.6561166419019	1.0	NonTarget	1	100520
392.78111659944807	1.0	NonTarget	1	100552
392.9061165569943	1.0	NonTarget	1	100584
393.03111651454043	1.0	NonTarget	1	100616
393.1561164720866	1.0	NonTarget	1	100648
393.28111642963273	1.0	NonTarget	1	100680
393.40611638717894	1.0	NonTarget	1	100712
393.5311163447251	1.0	NonTarget	1	100744
393.65611630227124	1.0	NonTarget	1	100776
393.78111625981745	1.0	NonTarget	1	100808
393.9061162173636	1.0	NonTarget	1	100840
394.03111617490976	1.0	NonTarget	1	100872
394.1561161324559	1.0	NonTarget	1	100904
394.2811160900021	1.0	NonTarget	1	100936
394.40611604754827	1.0	NonTarget	1	100968
394.5311160050944	1.0	NonTarget	1	101000
394.6561159626406	1.0	NonTarget	1	101032
394.7811159201868	1.0	NonTarget	1	101064
394.90611587773293	1.0	NonTarget	1	101096
395.03111583527914	1.0	NonTarget	1	101128
395.1561157928253	1.0	NonTarget	1	101160
395.28111575037144	1.0	NonTarget	1	101192
395.4061157079176	1.0	NonTarget	1	101224
395.5311156654638	1.0	NonTarget	1	101256
395.65611562300995	1.0	NonTarget	1	101288
395.7811155805561	1.0	NonTarget	1	101320
395.9061155381023	1.0	NonTarget	1	101352
396.03111549564846	1.0	NonTarget	1	101384
396.1561154531946	1.0	NonTarget	1	101416
396.2811154107408	1.0	NonTarget	1	101448
396.406115368287	1.0	NonTarget	1	101480
396.5311153258331	1.0	NonTarget	1	101512
396.6561152833793	1.0	NonTarget	1	101544
396.7811152409255	1.0	NonTarget	1	101576
396.90611519847164	1.0	NonTarget	1	101608
397.0311151560178	1.0	NonTarget	1	101640
397.156115113564	1.0	NonTarget	1	101672
397.28111507111015	1.0	NonTarget	1	101704
397.4061150286563	1.0	NonTarget	1	101736
403.5311129484186	1.0	NonTarget	1	103304
403.65611290596473	1.0	NonTarget	1	103336
403.7811128635109	1.0	NonTarget	1	103368
403.9061128210571	1.0	NonTarget	1	103400
404.03111277860324	1.0	NonTarget	1	103432
404.1561127361494	1.0	NonTarget	1	103464
404.2811126936956	1.0	NonTarget	1	103496
404.40611265124176	1.0	NonTarget	1	103528
404.5311126087879	1.0	NonTarget	1	103560
404.6561125663341	1.0	NonTarget	1	103592
404.78111252388027	1.0	NonTarget	1	103624
404.9061124814264	1.0	NonTarget	1	103656
405.03111243897257	1.0	NonTarget	1	103688
405.1561123965188	1.0	NonTarget	1	103720
405.28111235406493	1.0	NonTarget	1	103752
405.4061123116111	1.0	NonTarget	1	103784
405.5311122691573	1.0	NonTarget	1	103816
405.65611222670344	1.0	NonTarget	1	103848
405.7811121842496	1.0	NonTarget	1	103880
405.9061121417958	1.0	NonTarget	1	103912
406.03111209934195	1.0	NonTarget	1	103944
406.1561120568881	1.0	NonTarget	1	103976
406.28111201443426	1.0	NonTarget	1	104008
406.40611197198047	1.0	NonTarget	1	104040
406.5311119295266	1.0	NonTarget	1	104072
406.65611188707277	1.0	NonTarget	1	104104
406.781111844619	1.0	NonTarget	1	104136
406.9061118021651	1.0	NonTarget	1	104168
407.0311117597113	1.0	NonTarget	1	104200
407.1561117172575	1.0	NonTarget	1	104232
407.28111167480364	1.0	NonTarget	1	104264
407.4061116323498	1.0	NonTarget	1	104296
407.53111158989594	1.0	NonTarget	1	104328
407.65611154744215	1.0	NonTarget	1	104360
407.7811115049883	1.0	NonTarget	1	104392
407.90611146253445	1.0	NonTarget	1	104424
408.03111142008066	1.0	NonTarget	1	104456
408.1561113776268	1.0	NonTarget	1	104488
408.28111133517297	1.0	NonTarget	1	104520
408.4061112927192	1.0	NonTarget	1	104552
408.5311112502653	1.0	NonTarget	1	104584
408.6561112078115	1.0	NonTarget	1	104616
408.78111116535763	1.0	NonTarget	1	104648
408.90611112290384	1.0	NonTarget	1	104680
409.03111108045	1.0	NonTarget	1	104712
409.15611103799614	1.0	NonTarget	1	104744
409.28111099554235	1.0	NonTarget	1	104776
409.4061109530885	1.0	NonTarget	1	104808
409.53111091063465	1.0	NonTarget	1	104840
409.65611086818086	1.0	NonTarget	1	104872
409.781110825727	1.0	NonTarget	1	104904
409.90611078327316	1.0	NonTarget	1	104936
410.0311107408193	1.0	NonTarget	1	104968
410.1561106983655	1.0	NonTarget	1	105000
410.2811106559117	1.0	NonTarget	1	105032
410.4061106134578	1.0	NonTarget	1	105064
410.53111057100404	1.0	NonTarget	1	105096
410.6561105285502	1.0	NonTarget	1	105128
410.78111048609634	1.0	NonTarget	1	105160
410.9061104436425	1.0	NonTarget	1	105192
411.0311104011887	1.0	NonTarget	1	105224
411.15611035873485	1.0	NonTarget	1	105256
411.281110316281	1.0	NonTarget	1	105288
411.4061102738272	1.0	NonTarget	1	105320
411.53111023137336	1.0	NonTarget	1	105352
411.6561101889195	1.0	NonTarget	1	105384
411.7811101464657	1.0	NonTarget	1	105416
411.9061101040119	1.0	NonTarget	1	105448
412.031110061558	1.0	NonTarget	1	105480
412.1561100191042	1.0	NonTarget	1	105512
412.2811099766504	1.0	NonTarget	1	105544
412.40610993419654	1.0	NonTarget	1	105576
412.5311098917427	1.0	NonTarget	1	105608
412.6561098492889	1.0	NonTarget	1	105640
412.78110980683505	1.0	NonTarget	1	105672
412.9061097643812	1.0	NonTarget	1	105704
413.0311097219274	1.0	NonTarget	1	105736
413.15610967947356	1.0	NonTarget	1	105768
413.2811096370197	1.0	NonTarget	1	105800
413.40610959456586	1.0	NonTarget	1	105832
413.53110955211207	1.0	NonTarget	1	105864
413.6561095096582	1.0	NonTarget	1	105896
413.7811094672044	1.0	NonTarget	1	105928
413.9061094247506	1.0	NonTarget	1	105960
414.03110938229673	1.0	NonTarget	1	105992
414.1561093398429	1.0	NonTarget	1	106024
414.2811092973891	1.0	NonTarget	1	106056
414.40610925493525	1.0	NonTarget	1	106088
414.5311092124814	1.0	NonTarget	1	106120
414.65610917002755	1.0	NonTarget	1	106152
414.78110912757376	1.0	NonTarget	1	106184
414.9061090851199	1.0	NonTarget	1	106216
415.03110904266606	1.0	NonTarget	1	106248
415.15610900021227	1.0	NonTarget	1	106280
415.2811089577584	1.0	NonTarget	1	106312
415.40610891530457	1.0	NonTarget	1	106344
415.5311088728508	1.0	NonTarget	1	106376
415.65610883039693	1.0	NonTarget	1	106408
415.7811087879431	1.0	NonTarget	1	106440
415.90610874548923	1.0	NonTarget	1	106472
416.03110870303544	1.0	NonTarget	1	106504
416.1561086605816	1.0	NonTarget	1	106536
416.28110861812775	1.0	NonTarget	1	106568
416.40610857567395	1.0	NonTarget	1	106600
416.5311085332201	1.0	NonTarget	1	106632
416.65610849076626	1.0	NonTarget	1	106664
416.78110844831247	1.0	NonTarget	1	106696
416.9061084058586	1.0	NonTarget	1	106728
417.03110836340477	1.0	NonTarget	1	106760
417.1561083209509	1.0	NonTarget	1	106792
417.28110827849713	1.0	NonTarget	1	106824
417.4061082360433	1.0	NonTarget	1	106856
417.53110819358943	1.0	NonTarget	1	106888
417.65610815113564	1.0	NonTarget	1	106920
417.7811081086818	1.0	NonTarget	1	106952
417.90610806622794	1.0	NonTarget	1	106984
418.03110802377415	1.0	NonTarget	1	107016
418.1561079813203	1.0	NonTarget	1	107048
418.28110793886646	1.0	NonTarget	1	107080
418.4061078964126	1.0	NonTarget	1	107112
424.5311058161749	1.0	NonTarget	1	108680
424.65610577372104	1.0	NonTarget	1	108712
424.78110573126725	1.0	NonTarget	1	108744
424.9061056888134	1.0	NonTarget	1	108776
425.03110564635955	1.0	NonTarget	1	108808
425.15610560390576	1.0	NonTarget	1	108840
425.2811055614519	1.0	NonTarget	1	108872
425.40610551899806	1.0	NonTarget	1	108904
425.5311054765442	1.0	NonTarget	1	108936
425.6561054340904	1.0	NonTarget	1	108968
425.7811053916366	1.0	NonTarget	1	109000
425.9061053491827	1.0	NonTarget	1	109032
426.03110530672893	1.0	NonTarget	1	109064
426.1561052642751	1.0	NonTarget	1	109096
426.28110522182124	1.0	NonTarget	1	109128
426.40610517936744	1.0	NonTarget	1	109160
426.5311051369136	1.0	NonTarget	1	109192
426.65610509445975	1.0	NonTarget	1	109224
426.7811050520059	1.0	NonTarget	1	109256
426.9061050095521	1.0	NonTarget	1	109288
427.03110496709826	1.0	NonTarget	1	109320
427.1561049246444	1.0	NonTarget	1	109352
427.2811048821906	1.0	NonTarget	1	109384
427.40610483973677	1.0	NonTarget	1	109416
427.5311047972829	1.0	NonTarget	1	109448
427.65610475482913	1.0	NonTarget	1	109480
427.7811047123753	1.0	NonTarget	1	109512
427.90610466992143	1.0	NonTarget	1	109544
428.0311046274676	1.0	NonTarget	1	109576
428.1561045850138	1.0	NonTarget	1	109608
428.28110454255994	1.0	NonTarget	1	109640
428.4061045001061	1.0	NonTarget	1	109672
428.5311044576523	1.0	NonTarget	1	109704
428.65610441519846	1.0	NonTarget	1	109736
428.7811043727446	1.0	NonTarget	1	109768
428.90610433029076	1.0	NonTarget	1	109800
429.03110428783697	1.0	NonTarget	1	109832
429.1561042453831	1.0	NonTarget	1	109864
429.28110420292927	1.0	NonTarget	1	109896
429.4061041604755	1.0	NonTarget	1	109928
429.53110411802163	1.0	NonTarget	1	109960
429.6561040755678	1.0	NonTarget	1	109992
429.781104033114	1.0	NonTarget	1	110024
429.90610399066014	1.0	NonTarget	1	110056
430.0311039482063	1.0	NonTarget	1	110088
430.15610390575245	1.0	NonTarget	1	110120
430.28110386329865	1.0	NonTarget	1	110152
430.4061038208448	1.0	NonTarget	1	110184
430.53110377839096	1.0	NonTarget	1	110216
430.65610373593717	1.0	NonTarget	1	110248
430.7811036934833	1.0	NonTarget	1	110280
430.90610365102947	1.0	NonTarget	1	110312
431.0311036085757	1.0	NonTarget	1	110344
431.1561035661218	1.0	NonTarget	1	110376
431.281103523668	1.0	NonTarget	1	110408
431.40610348121413	1.0	NonTarget	1	110440
431.53110343876034	1.0	NonTarget	1	110472
431.6561033963065	1.0	NonTarget	1	110504
431.78110335385264	1.0	NonTarget	1	110536
431.90610331139885	1.0	NonTarget	1	110568
432.031103268945	1.0	NonTarget	1	110600
432.15610322649115	1.0	NonTarget	1	110632
432.28110318403736	1.0	NonTarget	1	110664
432.4061031415835	1.0	NonTarget	1	110696
432.53110309912967	1.0	NonTarget	1	110728
432.6561030566758	1.0	NonTarget	1	110760
432.781103014222	1.0	NonTarget	1	110792
432.9061029717682	1.0	NonTarget	1	110824
433.03110292931433	1.0	NonTarget	1	110856
433.15610288686054	1.0	NonTarget	1	110888
433.2811028444067	1.0	NonTarget	1	110920
433.40610280195284	1.0	NonTarget	1	110952
433.53110275949905	1.0	NonTarget	1	110984
433.6561027170452	1.0	NonTarget	1	111016
433.78110267459135	1.0	NonTarget	1	111048
433.9061026321375	1.0	NonTarget	1	111080
434.0311025896837	1.0	NonTarget	1	111112
434.15610254722986	1.0	NonTarget	1	111144
434.281102504776	1.0	NonTarget	1	111176
434.4061024623222	1.0	NonTarget	1	111208
434.5311024198684	1.0	NonTarget	1	111240
434.6561023774145	1.0	NonTarget	1	111272
434.78110233496074	1.0	NonTarget	1	111304
434.9061022925069	1.0	NonTarget	1	111336
435.03110225005304	1.0	NonTarget	1	111368
435.1561022075992	1.0	NonTarget	1	111400
435.2811021651454	1.0	NonTarget	1	111432
435.40610212269155	1.0	NonTarget	1	111464
435.5311020802377	1.0	NonTarget	1	111496
435.6561020377839	1.0	NonTarget	1	111528
435.78110199533006	1.0	NonTarget	1	111560
435.9061019528762	1.0	NonTarget	1	111592
436.0311019104224	1.0	NonTarget	1	111624
436.1561018679686	1.0	NonTarget	1	111656
436.2811018255147	1.0	NonTarget	1	111688
436.4061017830609	1.0	NonTarget	1	111720
436.5311017406071	1.0	NonTarget	1	111752
436.65610169815324	1.0	NonTarget	1	111784
436.7811016556994	1.0	NonTarget	1	111816
436.9061016132456	1.0	NonTarget	1	111848
437.03110157079175	1.0	NonTarget	1	111880
437.1561015283379	1.0	NonTarget	1	111912
437.28110148588405	1.0	NonTarget	1	111944
437.40610144343026	1.0	NonTarget	1	111976
437.5311014009764	1.0	NonTarget	1	112008
437.65610135852256	1.0	NonTarget	1	112040
437.78110131606877	1.0	NonTarget	1	112072
437.9061012736149	1.0	NonTarget	1	112104
438.0311012311611	1.0	NonTarget	1	112136
438.1561011887073	1.0	NonTarget	1	112168
438.28110114625343	1.0	NonTarget	1	112200
438.4061011037996	1.0	NonTarget	1	112232
438.53110106134574	1.0	NonTarget	1	112264
438.65610101889195	1.0	NonTarget	1	112296
438.7811009764381	1.0	NonTarget	1	112328
438.90610093398425	1.0	NonTarget	1	112360
439.03110089153046	1.0	NonTarget	1	112392
439.1561008490766	1.0	NonTarget	1	112424
439.28110080662276	1.0	NonTarget	1	112456
439.40610076416897	1.0	NonTarget	1	112488
445.5310986839312	1.0	NonTarget	1	114056
445.6560986414774	1.0	NonTarget	1	114088
445.78109859902355	1.0	NonTarget	1	114120
445.9060985565697	1.0	NonTarget	1	114152
446.03109851411585	1.0	NonTarget	1	114184
446.15609847166206	1.0	NonTarget	1	114216
446.2810984292082	1.0	NonTarget	1	114248
446.40609838675437	1.0	NonTarget	1	114280
446.5310983443006	1.0	NonTarget	1	114312
446.6560983018467	1.0	NonTarget	1	114344
446.7810982593929	1.0	NonTarget	1	114376
446.90609821693903	1.0	NonTarget	1	114408
447.03109817448524	1.0	NonTarget	1	114440
447.1560981320314	1.0	NonTarget	1	114472
447.28109808957754	1.0	NonTarget	1	114504
447.40609804712375	1.0	NonTarget	1	114536
447.5310980046699	1.0	NonTarget	1	114568
447.65609796221605	1.0	NonTarget	1	114600
447.78109791976226	1.0	NonTarget	1	114632
447.9060978773084	1.0	NonTarget	1	114664
448.03109783485456	1.0	NonTarget	1	114696
448.1560977924007	1.0	NonTarget	1	114728
448.2810977499469	1.0	NonTarget	1	114760
448.4060977074931	1.0	NonTarget	1	114792
448.5310976650392	1.0	NonTarget	1	114824
448.65609762258543	1.0	NonTarget	1	114856
448.7810975801316	1.0	NonTarget	1	114888
448.90609753767774	1.0	NonTarget	1	114920
449.03109749522395	1.0	NonTarget	1	114952
449.1560974527701	1.0	NonTarget	1	114984
449.28109741031625	1.0	NonTarget	1	115016
449.4060973678624	1.0	NonTarget	1	115048
449.5310973254086	1.0	NonTarget	1	115080
449.65609728295476	1.0	NonTarget	1	115112
449.7810972405009	1.0	NonTarget	1	115144
449.9060971980471	1.0	NonTarget	1	115176
450.0310971555933	1.0	NonTarget	1	115208
450.1560971131394	1.0	NonTarget	1	115240
450.28109707068563	1.0	NonTarget	1	115272
450.4060970282318	1.0	NonTarget	1	115304
450.53109698577794	1.0	NonTarget	1	115336
450.6560969433241	1.0	NonTarget	1	115368
450.7810969008703	1.0	NonTarget	1	115400
450.90609685841645	1.0	NonTarget	1	115432
451.0310968159626	1.0	NonTarget	1	115464
451.1560967735088	1.0	NonTarget	1	115496
451.28109673105496	1.0	NonTarget	1	115528
451.4060966886011	1.0	NonTarget	1	115560
451.5310966461473	1.0	NonTarget	1	115592
451.65609660369347	1.0	NonTarget	1	115624
451.7810965612396	1.0	NonTarget	1	115656
451.9060965187858	1.0	NonTarget	1	115688
452.031096476332	1.0	NonTarget	1	115720
452.15609643387813	1.0	NonTarget	1	115752
452.2810963914243	1.0	NonTarget	1	115784
452.4060963489705	1.0	NonTarget	1	115816
452.53109630651664	1.0	NonTarget	1	115848
452.6560962640628	1.0	NonTarget	1	115880
452.781096221609	1.0	NonTarget	1	115912
452.90609617915516	1.0	NonTarget	1	115944
453.0310961367013	1.0	NonTarget	1	115976
453.15609609424746	1.0	NonTarget	1	116008
453.28109605179367	1.0	NonTarget	1	116040
453.4060960093398	1.0	NonTarget	1	116072
453.53109596688597	1.0	NonTarget	1	116104
453.6560959244322	1.0	NonTarget	1	116136
453.78109588197833	1.0	NonTarget	1	116168
453.9060958395245	1.0	NonTarget	1	116200
454.0310957970707	1.0	NonTarget	1	116232
454.15609575461684	1.0	NonTarget	1	116264
454.281095712163	1.0	NonTarget	1	116296
454.40609566970915	1.0	NonTarget	1	116328
454.53109562725535	1.0	NonTarget	1	116360
454.6560955848015	1.0	NonTarget	1	116392
454.78109554234766	1.0	NonTarget	1	116424
454.90609549989387	1.0	NonTarget	1	116456
455.03109545744	1.0	NonTarget	1	116488
455.15609541498617	1.0	NonTarget	1	116520
455.2810953725323	1.0	NonTarget	1	116552
455.40609533007853	1.0	NonTarget	1	116584
455.5310952876247	1.0	NonTarget	1	116616
455.65609524517083	1.0	NonTarget	1	116648
455.78109520271704	1.0	NonTarget	1	116680
455.9060951602632	1.0	NonTarget	1	116712
456.03109511780934	1.0	NonTarget	1	116744
456.15609507535555	1.0	NonTarget	1	116776
456.2810950329017	1.0	NonTarget	1	116808
456.40609499044785	1.0	NonTarget	1	116840
456.531094947994	1.0	NonTarget	1	116872
456.6560949055402	1.0	NonTarget	1	116904
456.78109486308637	1.0	NonTarget	1	116936
456.9060948206325	1.0	NonTarget	1	116968
457.0310947781787	1.0	NonTarget	1	117000
457.1560947357249	1.0	NonTarget	1	117032
457.28109469327103	1.0	NonTarget	1	117064
457.40609465081724	1.0	NonTarget	1	117096
457.5310946083634	1.0	NonTarget	1	117128
457.65609456590954	1.0	NonTarget	1	117160
457.7810945234557	1.0	NonTarget	1	117192
457.9060944810019	1.0	NonTarget	1	117224
458.03109443854805	1.0	NonTarget	1	117256
458.1560943960942	1.0	NonTarget	1	117288
458.2810943536404	1.0	NonTarget	1	117320
458.40609431118656	1.0	NonTarget	1	117352
458.5310942687327	1.0	NonTarget	1	117384
458.6560942262789	1.0	NonTarget	1	117416
458.7810941838251	1.0	NonTarget	1	117448
458.9060941413712	1.0	NonTarget	1	117480
459.0310940989174	1.0	NonTarget	1	117512
459.1560940564636	1.0	NonTarget	1	117544
459.28109401400974	1.0	NonTarget	1	117576
459.4060939715559	1.0	NonTarget	1	117608
459.5310939291021	1.0	NonTarget	1	117640
459.65609388664825	1.0	NonTarget	1	117672
459.7810938441944	1.0	NonTarget	1	117704
459.9060938017406	1.0	NonTarget	1	117736
460.03109375928676	1.0	NonTarget	1	117768
460.1560937168329	1.0	NonTarget	1	117800
460.28109367437906	1.0	NonTarget	1	117832
460.4060936319253	1.0	NonTarget	1	117864
466.5310915516875	1.0	NonTarget	1	119432
466.6560915092337	1.0	NonTarget	1	119464
466.78109146677986	1.0	NonTarget	1	119496
466.906091424326	1.0	NonTarget	1	119528
467.0310913818722	1.0	NonTarget	1	119560
467.15609133941837	1.0	NonTarget	1	119592
467.2810912969645	1.0	NonTarget	1	119624
467.40609125451067	1.0	NonTarget	1	119656
467.5310912120569	1.0	NonTarget	1	119688
467.65609116960303	1.0	NonTarget	1	119720
467.7810911271492	1.0	NonTarget	1	119752
467.9060910846954	1.0	NonTarget	1	119784
468.03109104224154	1.0	NonTarget	1	119816
468.1560909997877	1.0	NonTarget	1	119848
468.2810909573339	1.0	NonTarget	1	119880
468.40609091488005	1.0	NonTarget	1	119912
468.5310908724262	1.0	NonTarget	1	119944
468.65609082997236	1.0	NonTarget	1	119976
468.78109078751856	1.0	NonTarget	1	120008
468.9060907450647	1.0	NonTarget	1	120040
469.03109070261087	1.0	NonTarget	1	120072
469.1560906601571	1.0	NonTarget	1	120104
469.2810906177032	1.0	NonTarget	1	120136
469.4060905752494	1.0	NonTarget	1	120168
469.5310905327956	1.0	NonTarget	1	120200
469.65609049034174	1.0	NonTarget	1	120232
469.7810904478879	1.0	NonTarget	1	120264
469.90609040543404	1.0	NonTarget	1	120296
470.03109036298025	1.0	NonTarget	1	120328
470.1560903205264	1.0	NonTarget	1	120360
470.28109027807255	1.0	NonTarget	1	120392
470.40609023561876	1.0	NonTarget	1	120424
470.5310901931649	1.0	NonTarget	1	120456
470.65609015071107	1.0	NonTarget	1	120488
470.7810901082573	1.0	NonTarget	1	120520
470.9060900658034	1.0	NonTarget	1	120552
471.0310900233496	1.0	NonTarget	1	120584
471.15608998089573	1.0	NonTarget	1	120616
471.28108993844194	1.0	NonTarget	1	120648
471.4060898959881	1.0	NonTarget	1	120680
471.53108985353424	1.0	NonTarget	1	120712
471.65608981108045	1.0	NonTarget	1	120744
471.7810897686266	1.0	NonTarget	1	120776
471.90608972617275	1.0	NonTarget	1	120808
472.03108968371896	1.0	NonTarget	1	120840
472.1560896412651	1.0	NonTarget	1	120872
472.28108959881126	1.0	NonTarget	1	120904
472.4060895563574	1.0	NonTarget	1	120936
472.5310895139036	1.0	NonTarget	1	120968
472.6560894714498	1.0	NonTarget	1	121000
472.7810894289959	1.0	NonTarget	1	121032
472.90608938654213	1.0	NonTarget	1	121064
473.0310893440883	1.0	NonTarget	1	121096
473.15608930163444	1.0	NonTarget	1	121128
473.2810892591806	1.0	NonTarget	1	121160
473.4060892167268	1.0	NonTarget	1	121192
473.53108917427295	1.0	NonTarget	1	121224
473.6560891318191	1.0	NonTarget	1	121256
473.7810890893653	1.0	NonTarget	1	121288
473.90608904691146	1.0	NonTarget	1	121320
474.0310890044576	1.0	NonTarget	1	121352
474.1560889620038	1.0	NonTarget	1	121384
474.28108891955	1.0	NonTarget	1	121416
474.4060888770961	1.0	NonTarget	1	121448
474.5310888346423	1.0	NonTarget	1	121480
474.6560887921885	1.0	NonTarget	1	121512
474.78108874973464	1.0	NonTarget	1	121544
474.9060887072808	1.0	NonTarget	1	121576
475.031088664827	1.0	NonTarget	1	121608
475.15608862237315	1.0	NonTarget	1	121640
475.2810885799193	1.0	NonTarget	1	121672
475.4060885374655	1.0	NonTarget	1	121704
475.53108849501166	1.0	NonTarget	1	121736
475.6560884525578	1.0	NonTarget	1	121768
475.78108841010396	1.0	NonTarget	1	121800
475.90608836765017	1.0	NonTarget	1	121832
476.0310883251963	1.0	NonTarget	1	121864
476.1560882827425	1.0	NonTarget	1	121896
476.2810882402887	1.0	NonTarget	1	121928
476.40608819783483	1.0	NonTarget	1	121960
476.531088155381	1.0	NonTarget	1	121992
476.6560881129272	1.0	NonTarget	1	122024
476.78108807047334	1.0	NonTarget	1	122056
476.9060880280195	1.0	NonTarget	1	122088
477.03108798556565	1.0	NonTarget	1	122120
477.15608794311186	1.0	NonTarget	1	122152
477.281087900658	1.0	NonTarget	1	122184
477.40608785820416	1.0	NonTarget	1	122216
477.53108781575037	1.0	NonTarget	1	122248
477.6560877732965	1.0	NonTarget	1	122280
477.78108773084267	1.0	NonTarget	1	122312
477.9060876883889	1.0	NonTarget	1	122344
478.03108764593503	1.0	NonTarget	1	122376
478.1560876034812	1.0	NonTarget	1	122408
478.28108756102733	1.0	NonTarget	1	122440
478.40608751857354	1.0	NonTarget	1	122472
478.5310874761197	1.0	NonTarget	1	122504
478.65608743366585	1.0	NonTarget	1	122536
478.78108739121205	1.0	NonTarget	1	122568
478.9060873487582	1.0	NonTarget	1	122600
479.03108730630436	1.0	NonTarget	1	122632
479.15608726385057	1.0	NonTarget	1	122664
479.2810872213967	1.0	NonTarget	1	122696
479.40608717894287	1.0	NonTarget	1	122728
479.531087136489	1.0	NonTarget	1	122760
479.65608709403523	1.0	NonTarget	1	122792
479.7810870515814	1.0	NonTarget	1	122824
479.90608700912753	1.0	NonTarget	1	122856
480.03108696667374	1.0	NonTarget	1	122888
480.1560869242199	1.0	NonTarget	1	122920
480.28108688176604	1.0	NonTarget	1	122952
480.40608683931225	1.0	NonTarget	1	122984
480.5310867968584	1.0	NonTarget	1	123016
480.65608675440455	1.0	NonTarget	1	123048
480.7810867119507	1.0	NonTarget	1	123080
480.9060866694969	1.0	NonTarget	1	123112
481.03108662704307	1.0	NonTarget	1	123144
481.1560865845892	1.0	NonTarget	1	123176
481.2810865421354	1.0	NonTarget	1	123208
481.4060864996816	1.0	NonTarget	1	123240
487.53108441944386	1.0	NonTarget	1	124808
487.65608437699	1.0	NonTarget	1	124840
487.78108433453616	1.0	NonTarget	1	124872
487.9060842920823	1.0	NonTarget	1	124904
488.0310842496285	1.0	NonTarget	1	124936
488.1560842071747	1.0	NonTarget	1	124968
488.2810841647208	1.0	NonTarget	1	125000
488.40608412226703	1.0	NonTarget	1	125032
488.5310840798132	1.0	NonTarget	1	125064
488.65608403735934	1.0	NonTarget	1	125096
488.78108399490554	1.0	NonTarget	1	125128
488.9060839524517	1.0	NonTarget	1	125160
489.03108390999785	1.0	NonTarget	1	125192
489.156083867544	1.0	NonTarget	1	125224
489.2810838250902	1.0	NonTarget	1	125256
489.40608378263636	1.0	NonTarget	1	125288
489.5310837401825	1.0	NonTarget	1	125320
489.6560836977287	1.0	NonTarget	1	125352
489.78108365527487	1.0	NonTarget	1	125384
489.906083612821	1.0	NonTarget	1	125416
490.0310835703672	1.0	NonTarget	1	125448
490.1560835279134	1.0	NonTarget	1	125480
490.28108348545953	1.0	NonTarget	1	125512
490.4060834430057	1.0	NonTarget	1	125544
490.5310834005519	1.0	NonTarget	1	125576
490.65608335809804	1.0	NonTarget	1	125608
490.7810833156442	1.0	NonTarget	1	125640
490.9060832731904	1.0	NonTarget	1	125672
491.03108323073656	1.0	NonTarget	1	125704
491.1560831882827	1.0	NonTarget	1	125736
491.28108314582886	1.0	NonTarget	1	125768
491.40608310337507	1.0	NonTarget	1	125800
491.5310830609212	1.0	NonTarget	1	125832
491.65608301846737	1.0	NonTarget	1	125864
491.7810829760136	1.0	NonTarget	1	125896
491.90608293355973	1.0	NonTarget	1	125928
492.0310828911059	1.0	NonTarget	1	125960
492.1560828486521	1.0	NonTarget	1	125992
492.28108280619824	1.0	NonTarget	1	126024
492.4060827637444	1.0	NonTarget	1	126056
492.53108272129055	1.0	NonTarget	1	126088
492.65608267883675	1.0	NonTarget	1	126120
492.7810826363829	1.0	NonTarget	1	126152
492.90608259392906	1.0	NonTarget	1	126184
493.03108255147527	1.0	NonTarget	1	126216
493.1560825090214	1.0	NonTarget	1	126248
493.28108246656757	1.0	NonTarget	1	126280
493.4060824241138	1.0	NonTarget	1	126312
493.5310823816599	1.0	NonTarget	1	126344
493.6560823392061	1.0	NonTarget	1	126376
493.78108229675223	1.0	NonTarget	1	126408
493.90608225429844	1.0	NonTarget	1	126440
494.0310822118446	1.0	NonTarget	1	126472
494.15608216939074	1.0	NonTarget	1	126504
494.28108212693695	1.0	NonTarget	1	126536
494.4060820844831	1.0	NonTarget	1	126568
494.53108204202925	1.0	NonTarget	1	126600
494.65608199957546	1.0	NonTarget	1	126632
494.7810819571216	1.0	NonTarget	1	126664
494.90608191466777	1.0	NonTarget	1	126696
495.0310818722139	1.0	NonTarget	1	126728
495.1560818297601	1.0	NonTarget	1	126760
495.2810817873063	1.0	NonTarget	1	126792
495.40608174485243	1.0	NonTarget	1	126824
495.53108170239864	1.0	NonTarget	1	126856
495.6560816599448	1.0	NonTarget	1	126888
495.78108161749094	1.0	NonTarget	1	126920
495.90608157503715	1.0	NonTarget	1	126952
496.0310815325833	1.0	NonTarget	1	126984
496.15608149012945	1.0	NonTarget	1	127016
496.2810814476756	1.0	NonTarget	1	127048
496.4060814052218	1.0	NonTarget	1	127080
496.53108136276796	1.0	NonTarget	1	127112
496.6560813203141	1.0	NonTarget	1	127144
496.7810812778603	1.0	NonTarget	1	127176
496.9060812354065	1.0	NonTarget	1	127208
497.0310811929526	1.0	NonTarget	1	127240
497.15608115049884	1.0	NonTarget	1	127272
497.281081108045	1.0	NonTarget	1	127304
497.40608106559114	1.0	NonTarget	1	127336
497.5310810231373	1.0	NonTarget	1	127368
497.6560809806835	1.0	NonTarget	1	127400
497.78108093822965	1.0	NonTarget	1	127432
497.9060808957758	1.0	NonTarget	1	127464
498.031080853322	1.0	NonTarget	1	127496
498.15608081086816	1.0	NonTarget	1	127528
498.2810807684143	1.0	NonTarget	1	127560
498.4060807259605	1.0	NonTarget	1	127592
498.5310806835067	1.0	NonTarget	1	127624
498.6560806410528	1.0	NonTarget	1	127656
498.781080598599	1.0	NonTarget	1	127688
498.9060805561452	1.0	NonTarget	1	127720
499.03108051369134	1.0	NonTarget	1	127752
499.1560804712375	1.0	NonTarget	1	127784
499.2810804287837	1.0	NonTarget	1	127816
499.40608038632985	1.0	NonTarget	1	127848
499.531080343876	1.0	NonTarget	1	127880
499.65608030142215	1.0	NonTarget	1	127912
499.78108025896836	1.0	NonTarget	1	127944
499.9060802165145	1.0	NonTarget	1	127976
500.03108017406066	1.0	NonTarget	1	128008
500.15608013160687	1.0	NonTarget	1	128040
500.281080089153	1.0	NonTarget	1	128072
500.4060800466992	1.0	NonTarget	1	128104
500.5310800042454	1.0	NonTarget	1	128136
500.65607996179153	1.0	NonTarget	1	128168
500.7810799193377	1.0	NonTarget	1	128200
500.90607987688384	1.0	NonTarget	1	128232
501.03107983443005	1.0	NonTarget	1	128264
501.1560797919762	1.0	NonTarget	1	128296
501.28107974952235	1.0	NonTarget	1	128328
501.40607970706856	1.0	NonTarget	1	128360
501.5310796646147	1.0	NonTarget	1	128392
501.65607962216086	1.0	NonTarget	1	128424
501.78107957970707	1.0	NonTarget	1	128456
501.9060795372532	1.0	NonTarget	1	128488
502.03107949479937	1.0	NonTarget	1	128520
502.1560794523455	1.0	NonTarget	1	128552
502.28107940989173	1.0	NonTarget	1	128584
502.4060793674379	1.0	NonTarget	1	128616
508.53107728720016	1.0	NonTarget	1	130184
508.6560772447463	1.0	NonTarget	1	130216
508.78107720229247	1.0	NonTarget	1	130248
508.9060771598387	1.0	NonTarget	1	130280
509.0310771173848	1.0	NonTarget	1	130312
509.156077074931	1.0	NonTarget	1	130344
509.2810770324771	1.0	NonTarget	1	130376
509.40607699002334	1.0	NonTarget	1	130408
509.5310769475695	1.0	NonTarget	1	130440
509.65607690511564	1.0	NonTarget	1	130472
509.78107686266185	1.0	NonTarget	1	130504
509.906076820208	1.0	NonTarget	1	130536
510.03107677775415	1.0	NonTarget	1	130568
510.15607673530036	1.0	NonTarget	1	130600
510.2810766928465	1.0	NonTarget	1	130632
510.40607665039266	1.0	NonTarget	1	130664
510.5310766079388	1.0	NonTarget	1	130696
510.656076565485	1.0	NonTarget	1	130728
510.7810765230312	1.0	NonTarget	1	130760
510.9060764805773	1.0	NonTarget	1	130792
511.03107643812353	1.0	NonTarget	1	130824
511.1560763956697	1.0	NonTarget	1	130856
511.28107635321584	1.0	NonTarget	1	130888
511.40607631076205	1.0	NonTarget	1	130920
511.5310762683082	1.0	NonTarget	1	130952
511.65607622585435	1.0	NonTarget	1	130984
511.7810761834005	1.0	NonTarget	1	131016
511.9060761409467	1.0	NonTarget	1	131048
512.0310760984929	1.0	NonTarget	1	131080
512.1560760560391	1.0	NonTarget	1	131112
512.2810760135852	1.0	NonTarget	1	131144
512.4060759711314	1.0	NonTarget	1	131176
512.5310759286775	1.0	NonTarget	1	131208
512.6560758862237	1.0	NonTarget	1	131240
512.7810758437698	1.0	NonTarget	1	131272
512.9060758013161	1.0	NonTarget	1	131304
513.0310757588622	1.0	NonTarget	1	131336
513.1560757164084	1.0	NonTarget	1	131368
513.2810756739545	1.0	NonTarget	1	131400
513.4060756315007	1.0	NonTarget	1	131432
513.5310755890468	1.0	NonTarget	1	131464
513.656075546593	1.0	NonTarget	1	131496
513.7810755041393	1.0	NonTarget	1	131528
513.9060754616854	1.0	NonTarget	1	131560
514.0310754192316	1.0	NonTarget	1	131592
514.1560753767777	1.0	NonTarget	1	131624
514.2810753343239	1.0	NonTarget	1	131656
514.40607529187	1.0	NonTarget	1	131688
514.5310752494163	1.0	NonTarget	1	131720
514.6560752069624	1.0	NonTarget	1	131752
514.7810751645086	1.0	NonTarget	1	131784
514.9060751220547	1.0	NonTarget	1	131816
515.0310750796009	1.0	NonTarget	1	131848
515.156075037147	1.0	NonTarget	1	131880
515.2810749946932	1.0	NonTarget	1	131912
515.4060749522395	1.0	NonTarget	1	131944
515.5310749097856	1.0	NonTarget	1	131976
515.6560748673318	1.0	NonTarget	1	132008
515.7810748248779	1.0	NonTarget	1	132040
515.9060747824241	1.0	NonTarget	1	132072
516.0310747399702	1.0	NonTarget	1	132104
516.1560746975164	1.0	NonTarget	1	132136
516.2810746550626	1.0	NonTarget	1	132168
516.4060746126088	1.0	NonTarget	1	132200
516.5310745701549	1.0	NonTarget	1	132232
516.6560745277011	1.0	NonTarget	1	132264
516.7810744852472	1.0	NonTarget	1	132296
516.9060744427934	1.0	NonTarget	1	132328
517.0310744003395	1.0	NonTarget	1	132360
517.1560743578858	1.0	NonTarget	1	132392
517.281074315432	1.0	NonTarget	1	132424
517.4060742729781	1.0	NonTarget	1	132456
517.5310742305243	1.0	NonTarget	1	132488
517.6560741880704	1.0	NonTarget	1	132520
517.7810741456166	1.0	NonTarget	1	132552
517.9060741031628	1.0	NonTarget	1	132584
518.031074060709	1.0	NonTarget	1	132616
518.1560740182551	1.0	NonTarget	1	132648
518.2810739758013	1.0	NonTarget	1	132680
518.4060739333474	1.0	NonTarget	1	132712
518.5310738908936	1.0	NonTarget	1	132744
518.6560738484397	1.0	NonTarget	1	132776
518.781073805986	1.0	NonTarget	1	132808
518.9060737635322	1.0	NonTarget	1	132840
519.0310737210783	1.0	NonTarget	1	132872
519.1560736786245	1.0	NonTarget	1	132904
519.2810736361706	1.0	NonTarget	1	132936
519.4060735937168	1.0	NonTarget	1	132968
519.5310735512629	1.0	NonTarget	1	133000
519.6560735088092	1.0	NonTarget	1	133032
519.7810734663553	1.0	NonTarget	1	133064
519.9060734239015	1.0	NonTarget	1	133096
520.0310733814476	1.0	NonTarget	1	133128
520.1560733389938	1.0	NonTarget	1	133160
520.28107329654	1.0	NonTarget	1	133192
520.4060732540862	1.0	NonTarget	1	133224
520.5310732116324	1.0	NonTarget	1	133256
520.6560731691785	1.0	NonTarget	1	133288
520.7810731267247	1.0	NonTarget	1	133320
520.9060730842708	1.0	NonTarget	1	133352
521.031073041817	1.0	NonTarget	1	133384
521.1560729993631	1.0	NonTarget	1	133416
521.2810729569094	1.0	NonTarget	1	133448
521.4060729144555	1.0	NonTarget	1	133480
521.5310728720017	1.0	NonTarget	1	133512
521.6560728295478	1.0	NonTarget	1	133544
521.781072787094	1.0	NonTarget	1	133576
521.9060727446401	1.0	NonTarget	1	133608
522.0310727021863	1.0	NonTarget	1	133640
522.1560726597326	1.0	NonTarget	1	133672
522.2810726172787	1.0	NonTarget	1	133704
522.4060725748249	1.0	NonTarget	1	133736
522.531072532371	1.0	NonTarget	1	133768
522.6560724899172	1.0	NonTarget	1	133800
522.7810724474633	1.0	NonTarget	1	133832
522.9060724050096	1.0	NonTarget	1	133864
523.0310723625557	1.0	NonTarget	1	133896
523.1560723201019	1.0	NonTarget	1	133928
523.281072277648	1.0	NonTarget	1	133960
523.4060722351942	1.0	NonTarget	1	133992
529.5310701549564	1.0	NonTarget	1	135560
529.6560701125027	1.0	NonTarget	1	135592
529.7810700700488	1.0	NonTarget	1	135624
529.906070027595	1.0	NonTarget	1	135656
530.0310699851411	1.0	NonTarget	1	135688
530.1560699426873	1.0	NonTarget	1	135720
530.2810699002334	1.0	NonTarget	1	135752
530.4060698577796	1.0	NonTarget	1	135784
530.5310698153258	1.0	NonTarget	1	135816
530.656069772872	1.0	NonTarget	1	135848
530.7810697304182	1.0	NonTarget	1	135880
530.9060696879643	1.0	NonTarget	1	135912
531.0310696455105	1.0	NonTarget	1	135944
531.1560696030566	1.0	NonTarget	1	135976
531.2810695606029	1.0	NonTarget	1	136008
531.406069518149	1.0	NonTarget	1	136040
531.5310694756952	1.0	NonTarget	1	136072
531.6560694332413	1.0	NonTarget	1	136104
531.7810693907875	1.0	NonTarget	1	136136
531.9060693483336	1.0	NonTarget	1	136168
532.0310693058798	1.0	NonTarget	1	136200
532.156069263426	1.0	NonTarget	1	136232
532.2810692209722	1.0	NonTarget	1	136264
532.4060691785184	1.0	NonTarget	1	136296
532.5310691360645	1.0	NonTarget	1	136328
532.6560690936107	1.0	NonTarget	1	136360
532.7810690511568	1.0	NonTarget	1	136392
532.906069008703	1.0	NonTarget	1	136424
533.0310689662492	1.0	NonTarget	1	136456
533.1560689237954	1.0	NonTarget	1	136488
533.2810688813415	1.0	NonTarget	1	136520
533.4060688388877	1.0	NonTarget	1	136552
533.5310687964338	1.0	NonTarget	1	136584
533.65606875398	1.0	NonTarget	1	136616
533.7810687115261	1.0	NonTarget	1	136648
533.9060686690724	1.0	NonTarget	1	136680
534.0310686266185	1.0	NonTarget	1	136712
534.1560685841647	1.0	NonTarget	1	136744
534.2810685417109	1.0	NonTarget	1	136776
534.406068499257	1.0	NonTarget	1	136808
534.5310684568032	1.0	NonTarget	1	136840
534.6560684143494	1.0	NonTarget	1	136872
534.7810683718956	1.0	NonTarget	1	136904
534.9060683294417	1.0	NonTarget	1	136936
535.0310682869879	1.0	NonTarget	1	136968
535.156068244534	1.0	NonTarget	1	137000
535.2810682020802	1.0	NonTarget	1	137032
535.4060681596263	1.0	NonTarget	1	137064
535.5310681171726	1.0	NonTarget	1	137096
535.6560680747187	1.0	NonTarget	1	137128
535.7810680322649	1.0	NonTarget	1	137160
535.906067989811	1.0	NonTarget	1	137192
536.0310679473572	1.0	NonTarget	1	137224
536.1560679049034	1.0	NonTarget	1	137256
536.2810678624495	1.0	NonTarget	1	137288
536.4060678199958	1.0	NonTarget	1	137320
536.5310677775419	1.0	NonTarget	1	137352
536.6560677350881	1.0	NonTarget	1	137384
536.7810676926342	1.0	NonTarget	1	137416
536.9060676501804	1.0	NonTarget	1	137448
537.0310676077265	1.0	NonTarget	1	137480
537.1560675652728	1.0	NonTarget	1	137512
537.281067522819	1.0	NonTarget	1	137544
537.4060674803651	1.0	NonTarget	1	137576
537.5310674379112	1.0	NonTarget	1	137608
537.6560673954574	1.0	NonTarget	1	137640
537.7810673530036	1.0	NonTarget	1	137672
537.9060673105497	1.0	NonTarget	1	137704
538.031067268096	1.0	NonTarget	1	137736
538.1560672256421	1.0	NonTarget	1	137768
538.2810671831883	1.0	NonTarget	1	137800
538.4060671407344	1.0	NonTarget	1	137832
538.5310670982806	1.0	NonTarget	1	137864
538.6560670558267	1.0	NonTarget	1	137896
538.7810670133729	1.0	NonTarget	1	137928
538.9060669709191	1.0	NonTarget	1	137960
539.0310669284653	1.0	NonTarget	1	137992
539.1560668860114	1.0	NonTarget	1	138024
539.2810668435576	1.0	NonTarget	1	138056
539.4060668011037	1.0	NonTarget	1	138088
539.5310667586499	1.0	NonTarget	1	138120
539.6560667161962	1.0	NonTarget	1	138152
539.7810666737423	1.0	NonTarget	1	138184
539.9060666312885	1.0	NonTarget	1	138216
540.0310665888346	1.0	NonTarget	1	138248
540.1560665463808	1.0	NonTarget	1	138280
540.2810665039269	1.0	NonTarget	1	138312
540.4060664614731	1.0	NonTarget	1	138344
540.5310664190193	1.0	NonTarget	1	138376
540.6560663765655	1.0	NonTarget	1	138408
540.7810663341116	1.0	NonTarget	1	138440
540.9060662916578	1.0	NonTarget	1	138472
541.031066249204	1.0	NonTarget	1	138504
541.1560662067501	1.0	NonTarget	1	138536
541.2810661642962	1.0	NonTarget	1	138568
541.4060661218425	1.0	NonTarget	1	138600
541.5310660793887	1.0	NonTarget	1	138632
541.6560660369348	1.0	NonTarget	1	138664
541.781065994481	1.0	NonTarget	1	138696
541.9060659520271	1.0	NonTarget	1	138728
542.0310659095733	1.0	NonTarget	1	138760
542.1560658671195	1.0	NonTarget	1	138792
542.2810658246657	1.0	NonTarget	1	138824
542.4060657822118	1.0	NonTarget	1	138856
542.531065739758	1.0	NonTarget	1	138888
542.6560656973041	1.0	NonTarget	1	138920
542.7810656548503	1.0	NonTarget	1	138952
542.9060656123964	1.0	NonTarget	1	138984
543.0310655699427	1.0	NonTarget	1	139016
543.1560655274889	1.0	NonTarget	1	139048
543.281065485035	1.0	NonTarget	1	139080
543.4060654425812	1.0	NonTarget	1	139112
543.5310654001273	1.0	NonTarget	1	139144
543.6560653576735	1.0	NonTarget	1	139176
543.7810653152196	1.0	NonTarget	1	139208
543.9060652727659	1.0	NonTarget	1	139240
544.031065230312	1.0	NonTarget	1	139272
544.1560651878582	1.0	NonTarget	1	139304
544.2810651454043	1.0	NonTarget	1	139336
544.4060651029505	1.0	NonTarget	1	139368
550.5310630227128	1.0	NonTarget	1	140936
550.656062980259	1.0	NonTarget	1	140968
550.7810629378051	1.0	NonTarget	1	141000
550.9060628953513	1.0	NonTarget	1	141032
551.0310628528974	1.0	NonTarget	1	141064
551.1560628104436	1.0	NonTarget	1	141096
551.2810627679897	1.0	NonTarget	1	141128
551.406062725536	1.0	NonTarget	1	141160
551.5310626830822	1.0	NonTarget	1	141192
551.6560626406283	1.0	NonTarget	1	141224
551.7810625981745	1.0	NonTarget	1	141256
551.9060625557206	1.0	NonTarget	1	141288
552.0310625132668	1.0	NonTarget	1	141320
552.1560624708129	1.0	NonTarget	1	141352
552.2810624283592	1.0	NonTarget	1	141384
552.4060623859053	1.0	NonTarget	1	141416
552.5310623434515	1.0	NonTarget	1	141448
552.6560623009976	1.0	NonTarget	1	141480
552.7810622585438	1.0	NonTarget	1	141512
552.9060622160899	1.0	NonTarget	1	141544
553.0310621736361	1.0	NonTarget	1	141576
553.1560621311824	1.0	NonTarget	1	141608
553.2810620887285	1.0	NonTarget	1	141640
553.4060620462747	1.0	NonTarget	1	141672
553.5310620038208	1.0	NonTarget	1	141704
553.656061961367	1.0	NonTarget	1	141736
553.7810619189131	1.0	NonTarget	1	141768
553.9060618764594	1.0	NonTarget	1	141800
554.0310618340055	1.0	NonTarget	1	141832
554.1560617915517	1.0	NonTarget	1	141864
554.2810617490978	1.0	NonTarget	1	141896
554.406061706644	1.0	NonTarget	1	141928
554.5310616641901	1.0	NonTarget	1	141960
554.6560616217363	1.0	NonTarget	1	141992
554.7810615792826	1.0	NonTarget	1	142024
554.9060615368287	1.0	NonTarget	1	142056
555.0310614943749	1.0	NonTarget	1	142088
555.156061451921	1.0	NonTarget	1	142120
555.2810614094672	1.0	NonTarget	1	142152
555.4060613670133	1.0	NonTarget	1	142184
555.5310613245595	1.0	NonTarget	1	142216
555.6560612821057	1.0	NonTarget	1	142248
555.7810612396519	1.0	NonTarget	1	142280
555.906061197198	1.0	NonTarget	1	142312
556.0310611547442	1.0	NonTarget	1	142344
556.1560611122903	1.0	NonTarget	1	142376
556.2810610698365	1.0	NonTarget	1	142408
556.4060610273827	1.0	NonTarget	1	142440
556.5310609849289	1.0	NonTarget	1	142472
556.656060942475	1.0	NonTarget	1	142504
556.7810609000212	1.0	NonTarget	1	142536
556.9060608575674	1.0	NonTarget	1	142568
557.0310608151135	1.0	NonTarget	1	142600
557.1560607726597	1.0	NonTarget	1	142632
557.2810607302059	1.0	NonTarget	1	142664
557.4060606877521	1.0	NonTarget	1	142696
557.5310606452982	1.0	NonTarget	1	142728
557.6560606028444	1.0	NonTarget	1	142760
557.7810605603905	1.0	NonTarget	1	142792
557.9060605179367	1.0	NonTarget	1	142824
558.0310604754828	1.0	NonTarget	1	142856
558.1560604330291	1.0	NonTarget	1	142888
558.2810603905752	1.0	NonTarget	1	142920
558.4060603481214	1.0	NonTarget	1	142952
558.5310603056676	1.0	NonTarget	1	142984
558.6560602632137	1.0	NonTarget	1	143016
558.7810602207599	1.0	NonTarget	1	143048
558.9060601783061	1.0	NonTarget	1	143080
559.0310601358523	1.0	NonTarget	1	143112
559.1560600933984	1.0	NonTarget	1	143144
559.2810600509446	1.0	NonTarget	1	143176
559.4060600084907	1.0	NonTarget	1	143208
559.5310599660369	1.0	NonTarget	1	143240
559.656059923583	1.0	NonTarget	1	143272
559.7810598811293	1.0	NonTarget	1	143304
559.9060598386754	1.0	NonTarget	1	143336
560.0310597962216	1.0	NonTarget	1	143368
560.1560597537677	1.0	NonTarget	1	143400
560.2810597113139	1.0	NonTarget	1	143432
560.40605966886	1.0	NonTarget	1	143464
560.5310596264062	1.0	NonTarget	1	143496
560.6560595839525	1.0	NonTarget	1	143528
560.7810595414986	1.0	NonTarget	1	143560
560.9060594990448	1.0	NonTarget	1	143592
561.0310594565909	1.0	NonTarget	1	143624
561.1560594141371	1.0	NonTarget	1	143656
561.2810593716832	1.0	NonTarget	1	143688
561.4060593292294	1.0	NonTarget	1	143720
561.5310592867756	1.0	NonTarget	1	143752
561.6560592443218	1.0	NonTarget	1	143784
561.781059201868	1.0	NonTarget	1	143816
561.9060591594141	1.0	NonTarget	1	143848
562.0310591169603	1.0	NonTarget	1	143880
562.1560590745064	1.0	NonTarget	1	143912
562.2810590320527	1.0	NonTarget	1	143944
562.4060589895988	1.0	NonTarget	1	143976
562.531058947145	1.0	NonTarget	1	144008
562.6560589046911	1.0	NonTarget	1	144040
562.7810588622373	1.0	NonTarget	1	144072
562.9060588197834	1.0	NonTarget	1	144104
563.0310587773296	1.0	NonTarget	1	144136
563.1560587348758	1.0	NonTarget	1	144168
563.281058692422	1.0	NonTarget	1	144200
563.4060586499681	1.0	NonTarget	1	144232
563.5310586075143	1.0	NonTarget	1	144264
563.6560585650604	1.0	NonTarget	1	144296
563.7810585226066	1.0	NonTarget	1	144328
563.9060584801528	1.0	NonTarget	1	144360
564.031058437699	1.0	NonTarget	1	144392
564.1560583952452	1.0	NonTarget	1	144424
564.2810583527913	1.0	NonTarget	1	144456
564.4060583103375	1.0	NonTarget	1	144488
564.5310582678836	1.0	NonTarget	1	144520
564.6560582254298	1.0	NonTarget	1	144552
564.781058182976	1.0	NonTarget	1	144584
564.9060581405222	1.0	NonTarget	1	144616
565.0310580980683	1.0	NonTarget	1	144648
565.1560580556145	1.0	NonTarget	1	144680
565.2810580131606	1.0	NonTarget	1	144712
565.4060579707068	1.0	NonTarget	1	144744
571.5310558904691	1.0	NonTarget	1	146312
571.6560558480153	1.0	NonTarget	1	146344
571.7810558055614	1.0	NonTarget	1	146376
571.9060557631076	1.0	NonTarget	1	146408
572.0310557206537	1.0	NonTarget	1	146440
572.1560556781999	1.0	NonTarget	1	146472
572.281055635746	1.0	NonTarget	1	146504
572.4060555932923	1.0	NonTarget	1	146536
572.5310555508385	1.0	NonTarget	1	146568
572.6560555083846	1.0	NonTarget	1	146600
572.7810554659308	1.0	NonTarget	1	146632
572.9060554234769	1.0	NonTarget	1	146664
573.0310553810231	1.0	NonTarget	1	146696
573.1560553385693	1.0	NonTarget	1	146728
573.2810552961155	1.0	NonTarget	1	146760
573.4060552536616	1.0	NonTarget	1	146792
573.5310552112078	1.0	NonTarget	1	146824
573.6560551687539	1.0	NonTarget	1	146856
573.7810551263001	1.0	NonTarget	1	146888
573.9060550838462	1.0	NonTarget	1	146920
574.0310550413925	1.0	NonTarget	1	146952
574.1560549989387	1.0	NonTarget	1	146984
574.2810549564848	1.0	NonTarget	1	147016
574.406054914031	1.0	NonTarget	1	147048
574.5310548715771	1.0	NonTarget	1	147080
574.6560548291233	1.0	NonTarget	1	147112
574.7810547866694	1.0	NonTarget	1	147144
574.9060547442157	1.0	NonTarget	1	147176
575.0310547017618	1.0	NonTarget	1	147208
575.156054659308	1.0	NonTarget	1	147240
575.2810546168541	1.0	NonTarget	1	147272
575.4060545744003	1.0	NonTarget	1	147304
575.5310545319464	1.0	NonTarget	1	147336
575.6560544894927	1.0	NonTarget	1	147368
575.7810544470389	1.0	NonTarget	1	147400
575.906054404585	1.0	NonTarget	1	147432
576.0310543621312	1.0	NonTarget	1	147464
576.1560543196773	1.0	NonTarget	1	147496
576.2810542772235	1.0	NonTarget	1	147528
576.4060542347696	1.0	NonTarget	1	147560
576.5310541923159	1.0	NonTarget	1	147592
576.656054149862	1.0	NonTarget	1	147624
576.7810541074082	1.0	NonTarget	1	147656
576.9060540649543	1.0	NonTarget	1	147688
577.0310540225005	1.0	NonTarget	1	147720
577.1560539800466	1.0	NonTarget	1	147752
577.2810539375928	1.0	NonTarget	1	147784
577.406053895139	1.0	NonTarget	1	147816
577.5310538526852	1.0	NonTarget	1	147848
577.6560538102314	1.0	NonTarget	1	147880
577.7810537677775	1.0	NonTarget	1	147912
577.9060537253237	1.0	NonTarget	1	147944
578.0310536828698	1.0	NonTarget	1	147976
578.156053640416	1.0	NonTarget	1	148008
578.2810535979622	1.0	NonTarget	1	148040
578.4060535555084	1.0	NonTarget	1	148072
578.5310535130545	1.0	NonTarget	1	148104
578.6560534706007	1.0	NonTarget	1	148136
578.7810534281468	1.0	NonTarget	1	148168
578.906053385693	1.0	NonTarget	1	148200
579.0310533432393	1.0	NonTarget	1	148232
579.1560533007854	1.0	NonTarget	1	148264
579.2810532583316	1.0	NonTarget	1	148296
579.4060532158777	1.0	NonTarget	1	148328
579.5310531734239	1.0	NonTarget	1	148360
579.65605313097	1.0	NonTarget	1	148392
579.7810530885162	1.0	NonTarget	1	148424
579.9060530460624	1.0	NonTarget	1	148456
580.0310530036086	1.0	NonTarget	1	148488
580.1560529611547	1.0	NonTarget	1	148520
580.2810529187009	1.0	NonTarget	1	148552
580.406052876247	1.0	NonTarget	1	148584
580.5310528337932	1.0	NonTarget	1	148616
580.6560527913393	1.0	NonTarget	1	148648
580.7810527488856	1.0	NonTarget	1	148680
580.9060527064318	1.0	NonTarget	1	148712
581.0310526639779	1.0	NonTarget	1	148744
581.156052621524	1.0	NonTarget	1	148776
581.2810525790702	1.0	NonTarget	1	148808
581.4060525366164	1.0	NonTarget	1	148840
581.5310524941626	1.0	NonTarget	1	148872
581.6560524517088	1.0	NonTarget	1	148904
581.7810524092549	1.0	NonTarget	1	148936
581.9060523668011	1.0	NonTarget	1	148968
582.0310523243472	1.0	NonTarget	1	149000
582.1560522818934	1.0	NonTarget	1	149032
582.2810522394395	1.0	NonTarget	1	149064
582.4060521969858	1.0	NonTarget	1	149096
582.531052154532	1.0	NonTarget	1	149128
582.6560521120781	1.0	NonTarget	1	149160
582.7810520696243	1.0	NonTarget	1	149192
582.9060520271704	1.0	NonTarget	1	149224
583.0310519847166	1.0	NonTarget	1	149256
583.1560519422627	1.0	NonTarget	1	149288
583.281051899809	1.0	NonTarget	1	149320
583.4060518573551	1.0	NonTarget	1	149352
583.5310518149013	1.0	NonTarget	1	149384
583.6560517724474	1.0	NonTarget	1	149416
583.7810517299936	1.0	NonTarget	1	149448
583.9060516875397	1.0	NonTarget	1	149480
584.031051645086	1.0	NonTarget	1	149512
584.1560516026321	1.0	NonTarget	1	149544
584.2810515601783	1.0	NonTarget	1	149576
584.4060515177244	1.0	NonTarget	1	149608
584.5310514752706	1.0	NonTarget	1	149640
584.6560514328168	1.0	NonTarget	1	149672
584.7810513903629	1.0	NonTarget	1	149704
584.9060513479092	1.0	NonTarget	1	149736
585.0310513054553	1.0	NonTarget	1	149768
585.1560512630015	1.0	NonTarget	1	149800
585.2810512205476	1.0	NonTarget	1	149832
585.4060511780938	1.0	NonTarget	1	149864
585.5310511356399	1.0	NonTarget	1	149896
585.6560510931861	1.0	NonTarget	1	149928
585.7810510507323	1.0	NonTarget	1	149960
585.9060510082785	1.0	NonTarget	1	149992
586.0310509658246	1.0	NonTarget	1	150024
586.1560509233708	1.0	NonTarget	1	150056
586.281050880917	1.0	NonTarget	1	150088
586.4060508384631	1.0	NonTarget	1	150120
592.5310487582254	1.0	NonTarget	1	151688
592.6560487157716	1.0	NonTarget	1	151720
592.7810486733177	1.0	NonTarget	1	151752
592.9060486308639	1.0	NonTarget	1	151784
593.03104858841	1.0	NonTarget	1	151816
593.1560485459562	1.0	NonTarget	1	151848
593.2810485035025	1.0	NonTarget	1	151880
593.4060484610486	1.0	NonTarget	1	151912
593.5310484185948	1.0	NonTarget	1	151944
593.6560483761409	1.0	NonTarget	1	151976
593.7810483336871	1.0	NonTarget	1	152008
593.9060482912332	1.0	NonTarget	1	152040
594.0310482487794	1.0	NonTarget	1	152072
594.1560482063256	1.0	NonTarget	1	152104
594.2810481638718	1.0	NonTarget	1	152136
594.4060481214179	1.0	NonTarget	1	152168
594.5310480789641	1.0	NonTarget	1	152200
594.6560480365102	1.0	NonTarget	1	152232
594.7810479940564	1.0	NonTarget	1	152264
594.9060479516027	1.0	NonTarget	1	152296
595.0310479091488	1.0	NonTarget	1	152328
595.156047866695	1.0	NonTarget	1	152360
595.2810478242411	1.0	NonTarget	1	152392
595.4060477817873	1.0	NonTarget	1	152424
595.5310477393334	1.0	NonTarget	1	152456
595.6560476968796	1.0	NonTarget	1	152488
595.7810476544258	1.0	NonTarget	1	152520
595.906047611972	1.0	NonTarget	1	152552
596.0310475695181	1.0	NonTarget	1	152584
596.1560475270643	1.0	NonTarget	1	152616
596.2810474846104	1.0	NonTarget	1	152648
596.4060474421566	1.0	NonTarget	1	152680
596.5310473997027	1.0	NonTarget	1	152712
596.656047357249	1.0	NonTarget	1	152744
596.7810473147952	1.0	NonTarget	1	152776
596.9060472723413	1.0	NonTarget	1	152808
597.0310472298875	1.0	NonTarget	1	152840
597.1560471874336	1.0	NonTarget	1	152872
597.2810471449798	1.0	NonTarget	1	152904
597.4060471025259	1.0	NonTarget	1	152936
597.5310470600722	1.0	NonTarget	1	152968
597.6560470176183	1.0	NonTarget	1	153000
597.7810469751645	1.0	NonTarget	1	153032
597.9060469327106	1.0	NonTarget	1	153064
598.0310468902568	1.0	NonTarget	1	153096
598.1560468478029	1.0	NonTarget	1	153128
598.2810468053492	1.0	NonTarget	1	153160
598.4060467628954	1.0	NonTarget	1	153192
598.5310467204415	1.0	NonTarget	1	153224
598.6560466779877	1.0	NonTarget	1	153256
598.7810466355338	1.0	NonTarget	1	153288
598.90604659308	1.0	NonTarget	1	153320
599.0310465506261	1.0	NonTarget	1	153352
599.1560465081724	1.0	NonTarget	1	153384
599.2810464657185	1.0	NonTarget	1	153416
599.4060464232647	1.0	NonTarget	1	153448
599.5310463808108	1.0	NonTarget	1	153480
599.656046338357	1.0	NonTarget	1	153512
599.7810462959031	1.0	NonTarget	1	153544
599.9060462534493	1.0	NonTarget	1	153576
600.0310462109956	1.0	NonTarget	1	153608
600.1560461685417	1.0	NonTarget	1	153640
600.2810461260879	1.0	NonTarget	1	153672
600.406046083634	1.0	NonTarget	1	153704
600.5310460411802	1.0	NonTarget	1	153736
600.6560459987263	1.0	NonTarget	1	153768
600.7810459562726	1.0	NonTarget	1	153800
600.9060459138187	1.0	NonTarget	1	153832
601.0310458713649	1.0	NonTarget	1	153864
601.156045828911	1.0	NonTarget	1	153896
601.2810457864572	1.0	NonTarget	1	153928
601.4060457440033	1.0	NonTarget	1	153960
601.5310457015495	1.0	NonTarget	1	153992
601.6560456590958	1.0	NonTarget	1	154024
601.7810456166419	1.0	NonTarget	1	154056
601.906045574188	1.0	NonTarget	1	154088
602.0310455317342	1.0	NonTarget	1	154120
602.1560454892804	1.0	NonTarget	1	154152
602.2810454468265	1.0	NonTarget	1	154184
602.4060454043727	1.0	NonTarget	1	154216
602.5310453619189	1.0	NonTarget	1	154248
602.6560453194651	1.0	NonTarget	1	154280
602.7810452770112	1.0	NonTarget	1	154312
602.9060452345574	1.0	NonTarget	1	154344
603.0310451921035	1.0	NonTarget	1	154376
603.1560451496497	1.0	NonTarget	1	154408
603.281045107196	1.0	NonTarget	1	154440
603.4060450647421	1.0	NonTarget	1	154472
603.5310450222883	1.0	NonTarget	1	154504
603.6560449798344	1.0	NonTarget	1	154536
603.7810449373806	1.0	NonTarget	1	154568
603.9060448949267	1.0	NonTarget	1	154600
604.0310448524729	1.0	NonTarget	1	154632
604.1560448100191	1.0	NonTarget	1	154664
604.2810447675653	1.0	NonTarget	1	154696
604.4060447251114	1.0	NonTarget	1	154728
604.5310446826576	1.0	NonTarget	1	154760
604.6560446402037	1.0	NonTarget	1	154792
604.7810445977499	1.0	NonTarget	1	154824
604.906044555296	1.0	NonTarget	1	154856
605.0310445128423	1.0	NonTarget	1	154888
605.1560444703885	1.0	NonTarget	1	154920
605.2810444279346	1.0	NonTarget	1	154952
605.4060443854808	1.0	NonTarget	1	154984
605.5310443430269	1.0	NonTarget	1	155016
605.6560443005731	1.0	NonTarget	1	155048
605.7810442581192	1.0	NonTarget	1	155080
605.9060442156655	1.0	NonTarget	1	155112
606.0310441732116	1.0	NonTarget	1	155144
606.1560441307578	1.0	NonTarget	1	155176
606.2810440883039	1.0	NonTarget	1	155208
606.4060440458501	1.0	NonTarget	1	155240
606.5310440033962	1.0	NonTarget	1	155272
606.6560439609425	1.0	NonTarget	1	155304
606.7810439184886	1.0	NonTarget	1	155336
606.9060438760348	1.0	NonTarget	1	155368
607.031043833581	1.0	NonTarget	1	155400
607.1560437911271	1.0	NonTarget	1	155432
607.2810437486733	1.0	NonTarget	1	155464
607.4060437062194	1.0	NonTarget	1	155496
613.5310416259817	1.0	NonTarget	1	157064
613.6560415835279	1.0	NonTarget	1	157096
613.781041541074	1.0	NonTarget	1	157128
613.9060414986202	1.0	NonTarget	1	157160
614.0310414561663	1.0	NonTarget	1	157192
614.1560414137125	1.0	NonTarget	1	157224
614.2810413712588	1.0	NonTarget	1	157256
614.4060413288049	1.0	NonTarget	1	157288
614.5310412863511	1.0	NonTarget	1	157320
614.6560412438972	1.0	NonTarget	1	157352
614.7810412014434	1.0	NonTarget	1	157384
614.9060411589895	1.0	NonTarget	1	157416
615.0310411165358	1.0	NonTarget	1	157448
615.1560410740819	1.0	NonTarget	1	157480
615.2810410316281	1.0	NonTarget	1	157512
615.4060409891742	1.0	NonTarget	1	157544
615.5310409467204	1.0	NonTarget	1	157576
615.6560409042665	1.0	NonTarget	1	157608
615.7810408618127	1.0	NonTarget	1	157640
615.906040819359	1.0	NonTarget	1	157672
616.0310407769051	1.0	NonTarget	1	157704
616.1560407344513	1.0	NonTarget	1	157736
616.2810406919974	1.0	NonTarget	1	157768
616.4060406495436	1.0	NonTarget	1	157800
616.5310406070897	1.0	NonTarget	1	157832
616.6560405646359	1.0	NonTarget	1	157864
616.7810405221821	1.0	NonTarget	1	157896
616.9060404797283	1.0	NonTarget	1	157928
617.0310404372744	1.0	NonTarget	1	157960
617.1560403948206	1.0	NonTarget	1	157992
617.2810403523667	1.0	NonTarget	1	158024
617.4060403099129	1.0	NonTarget	1	158056
617.5310402674592	1.0	NonTarget	1	158088
617.6560402250053	1.0	NonTarget	1	158120
617.7810401825515	1.0	NonTarget	1	158152
617.9060401400976	1.0	NonTarget	1	158184
618.0310400976438	1.0	NonTarget	1	158216
618.1560400551899	1.0	NonTarget	1	158248
618.2810400127361	1.0	NonTarget	1	158280
618.4060399702823	1.0	NonTarget	1	158312
618.5310399278285	1.0	NonTarget	1	158344
618.6560398853746	1.0	NonTarget	1	158376
618.7810398429208	1.0	NonTarget	1	158408
618.9060398004669	1.0	NonTarget	1	158440
619.0310397580131	1.0	NonTarget	1	158472
619.1560397155592	1.0	NonTarget	1	158504
619.2810396731055	1.0	NonTarget	1	158536
619.4060396306517	1.0	NonTarget	1	158568
619.5310395881978	1.0	NonTarget	1	158600
619.656039545744	1.0	NonTarget	1	158632
619.7810395032901	1.0	NonTarget	1	158664
619.9060394608363	1.0	NonTarget	1	158696
620.0310394183825	1.0	NonTarget	1	158728
620.1560393759287	1.0	NonTarget	1	158760
620.2810393334748	1.0	NonTarget	1	158792
620.406039291021	1.0	NonTarget	1	158824
620.5310392485671	1.0	NonTarget	1	158856
620.6560392061133	1.0	NonTarget	1	158888
620.7810391636594	1.0	NonTarget	1	158920
620.9060391212057	1.0	NonTarget	1	158952
621.0310390787519	1.0	NonTarget	1	158984
621.156039036298	1.0	NonTarget	1	159016
621.2810389938442	1.0	NonTarget	1	159048
621.4060389513903	1.0	NonTarget	1	159080
621.5310389089365	1.0	NonTarget	1	159112
621.6560388664826	1.0	NonTarget	1	159144
621.7810388240289	1.0	NonTarget	1	159176
621.906038781575	1.0	NonTarget	1	159208
622.0310387391212	1.0	NonTarget	1	159240
622.1560386966673	1.0	NonTarget	1	159272
622.2810386542135	1.0	NonTarget	1	159304
622.4060386117596	1.0	NonTarget	1	159336
622.5310385693058	1.0	NonTarget	1	159368
622.6560385268521	1.0	NonTarget	1	159400
622.7810384843982	1.0	NonTarget	1	159432
622.9060384419444	1.0	NonTarget	1	159464
623.0310383994905	1.0	NonTarget	1	159496
623.1560383570367	1.0	NonTarget	1	159528
623.2810383145828	1.0	NonTarget	1	159560
623.4060382721291	1.0	NonTarget	1	159592
623.5310382296752	1.0	NonTarget	1	159624
623.6560381872214	1.0	NonTarget	1	159656
623.7810381447675	1.0	NonTarget	1	159688
623.9060381023137	1.0	NonTarget	1	159720
624.0310380598598	1.0	NonTarget	1	159752
624.156038017406	1.0	NonTarget	1	159784
624.2810379749523	1.0	NonTarget	1	159816
624.4060379324984	1.0	NonTarget	1	159848
624.5310378900446	1.0	NonTarget	1	159880
624.6560378475907	1.0	NonTarget	1	159912
624.7810378051369	1.0	NonTarget	1	159944
624.906037762683	1.0	NonTarget	1	159976
625.0310377202292	1.0	NonTarget	1	160008
625.1560376777754	1.0	NonTarget	1	160040
625.2810376353216	1.0	NonTarget	1	160072
625.4060375928677	1.0	NonTarget	1	160104
625.5310375504139	1.0	NonTarget	1	160136
625.65603750796	1.0	NonTarget	1	160168
625.7810374655062	1.0	NonTarget	1	160200
625.9060374230525	1.0	NonTarget	1	160232
626.0310373805986	1.0	NonTarget	1	160264
626.1560373381448	1.0	NonTarget	1	160296
626.2810372956909	1.0	NonTarget	1	160328
626.4060372532371	1.0	NonTarget	1	160360
626.5310372107832	1.0	NonTarget	1	160392
626.6560371683294	1.0	NonTarget	1	160424
626.7810371258756	1.0	NonTarget	1	160456
626.9060370834218	1.0	NonTarget	1	160488
627.0310370409679	1.0	NonTarget	1	160520
627.1560369985141	1.0	NonTarget	1	160552
627.2810369560602	1.0	NonTarget	1	160584
627.4060369136064	1.0	NonTarget	1	160616
627.5310368711525	1.0	NonTarget	1	160648
627.6560368286988	1.0	NonTarget	1	160680
627.781036786245	1.0	NonTarget	1	160712
627.9060367437911	1.0	NonTarget	1	160744
628.0310367013373	1.0	NonTarget	1	160776
628.1560366588834	1.0	NonTarget	1	160808
628.2810366164296	1.0	NonTarget	1	160840
628.4060365739758	1.0	NonTarget	1	160872
634.531034493738	1.0	NonTarget	1	162440
634.6560344512842	1.0	NonTarget	1	162472
634.7810344088304	1.0	NonTarget	1	162504
634.9060343663765	1.0	NonTarget	1	162536
635.0310343239227	1.0	NonTarget	1	162568
635.1560342814689	1.0	NonTarget	1	162600
635.2810342390151	1.0	NonTarget	1	162632
635.4060341965612	1.0	NonTarget	1	162664
635.5310341541074	1.0	NonTarget	1	162696
635.6560341116535	1.0	NonTarget	1	162728
635.7810340691997	1.0	NonTarget	1	162760
635.9060340267458	1.0	NonTarget	1	162792
636.0310339842921	1.0	NonTarget	1	162824
636.1560339418382	1.0	NonTarget	1	162856
636.2810338993844	1.0	NonTarget	1	162888
636.4060338569305	1.0	NonTarget	1	162920
636.5310338144767	1.0	NonTarget	1	162952
636.6560337720229	1.0	NonTarget	1	162984
636.7810337295691	1.0	NonTarget	1	163016
636.9060336871153	1.0	NonTarget	1	163048
637.0310336446614	1.0	NonTarget	1	163080
637.1560336022076	1.0	NonTarget	1	163112
637.2810335597537	1.0	NonTarget	1	163144
637.4060335172999	1.0	NonTarget	1	163176
637.531033474846	1.0	NonTarget	1	163208
637.6560334323923	1.0	NonTarget	1	163240
637.7810333899384	1.0	NonTarget	1	163272
637.9060333474846	1.0	NonTarget	1	163304
638.0310333050307	1.0	NonTarget	1	163336
638.1560332625769	1.0	NonTarget	1	163368
638.281033220123	1.0	NonTarget	1	163400
638.4060331776692	1.0	NonTarget	1	163432
638.5310331352155	1.0	NonTarget	1	163464
638.6560330927616	1.0	NonTarget	1	163496
638.7810330503078	1.0	NonTarget	1	163528
638.9060330078539	1.0	NonTarget	1	163560
639.0310329654001	1.0	NonTarget	1	163592
639.1560329229462	1.0	NonTarget	1	163624
639.2810328804924	1.0	NonTarget	1	163656
639.4060328380386	1.0	NonTarget	1	163688
639.5310327955848	1.0	NonTarget	1	163720
639.656032753131	1.0	NonTarget	1	163752
639.7810327106771	1.0	NonTarget	1	163784
639.9060326682232	1.0	NonTarget	1	163816
640.0310326257694	1.0	NonTarget	1	163848
640.1560325833157	1.0	NonTarget	1	163880
640.2810325408618	1.0	NonTarget	1	163912
640.406032498408	1.0	NonTarget	1	163944
640.5310324559541	1.0	NonTarget	1	163976
640.6560324135003	1.0	NonTarget	1	164008
640.7810323710464	1.0	NonTarget	1	164040
640.9060323285926	1.0	NonTarget	1	164072
641.0310322861388	1.0	NonTarget	1	164104
641.156032243685	1.0	NonTarget	1	164136
641.2810322012311	1.0	NonTarget	1	164168
641.4060321587773	1.0	NonTarget	1	164200
641.5310321163234	1.0	NonTarget	1	164232
641.6560320738696	1.0	NonTarget	1	164264
641.7810320314157	1.0	NonTarget	1	164296
641.906031988962	1.0	NonTarget	1	164328
642.0310319465082	1.0	NonTarget	1	164360
642.1560319040543	1.0	NonTarget	1	164392
642.2810318616005	1.0	NonTarget	1	164424
642.4060318191466	1.0	NonTarget	1	164456
642.5310317766928	1.0	NonTarget	1	164488
642.656031734239	1.0	NonTarget	1	164520
642.7810316917852	1.0	NonTarget	1	164552
642.9060316493313	1.0	NonTarget	1	164584
643.0310316068775	1.0	NonTarget	1	164616
643.1560315644236	1.0	NonTarget	1	164648
643.2810315219698	1.0	NonTarget	1	164680
643.406031479516	1.0	NonTarget	1	164712
643.5310314370622	1.0	NonTarget	1	164744
643.6560313946084	1.0	NonTarget	1	164776
643.7810313521545	1.0	NonTarget	1	164808
643.9060313097007	1.0	NonTarget	1	164840
644.0310312672468	1.0	NonTarget	1	164872
644.156031224793	1.0	NonTarget	1	164904
644.2810311823391	1.0	NonTarget	1	164936
644.4060311398854	1.0	NonTarget	1	164968
644.5310310974315	1.0	NonTarget	1	165000
644.6560310549777	1.0	NonTarget	1	165032
644.7810310125238	1.0	NonTarget	1	165064
644.90603097007	1.0	NonTarget	1	165096
645.0310309276161	1.0	NonTarget	1	165128
645.1560308851624	1.0	NonTarget	1	165160
645.2810308427086	1.0	NonTarget	1	165192
645.4060308002547	1.0	NonTarget	1	165224
645.5310307578009	1.0	NonTarget	1	165256
645.656030715347	1.0	NonTarget	1	165288
645.7810306728932	1.0	NonTarget	1	165320
645.9060306304393	1.0	NonTarget	1	165352
646.0310305879856	1.0	NonTarget	1	165384
646.1560305455317	1.0	NonTarget	1	165416
646.2810305030779	1.0	NonTarget	1	165448
646.406030460624	1.0	NonTarget	1	165480
646.5310304181702	1.0	NonTarget	1	165512
646.6560303757163	1.0	NonTarget	1	165544
646.7810303332625	1.0	NonTarget	1	165576
646.9060302908088	1.0	NonTarget	1	165608
647.0310302483549	1.0	NonTarget	1	165640
647.1560302059011	1.0	NonTarget	1	165672
647.2810301634472	1.0	NonTarget	1	165704
647.4060301209934	1.0	NonTarget	1	165736
647.5310300785395	1.0	NonTarget	1	165768
647.6560300360858	1.0	NonTarget	1	165800
647.7810299936319	1.0	NonTarget	1	165832
647.9060299511781	1.0	NonTarget	1	165864
648.0310299087242	1.0	NonTarget	1	165896
648.1560298662704	1.0	NonTarget	1	165928
648.2810298238165	1.0	NonTarget	1	165960
648.4060297813627	1.0	NonTarget	1	165992
648.531029738909	1.0	NonTarget	1	166024
648.6560296964551	1.0	NonTarget	1	166056
648.7810296540013	1.0	NonTarget	1	166088
648.9060296115474	1.0	NonTarget	1	166120
649.0310295690936	1.0	NonTarget	1	166152
649.1560295266397	1.0	NonTarget	1	166184
649.2810294841859	1.0	NonTarget	1	166216
649.4060294417321	1.0	NonTarget	1	166248
655.5310273614944	1.0	NonTarget	1	167816
655.6560273190405	1.0	NonTarget	1	167848
655.7810272765867	1.0	NonTarget	1	167880
655.9060272341328	1.0	NonTarget	1	167912
656.0310271916791	1.0	NonTarget	1	167944
656.1560271492252	1.0	NonTarget	1	167976
656.2810271067714	1.0	NonTarget	1	168008
656.4060270643175	1.0	NonTarget	1	168040
656.5310270218637	1.0	NonTarget	1	168072
656.6560269794098	1.0	NonTarget	1	168104
656.781026936956	1.0	NonTarget	1	168136
656.9060268945022	1.0	NonTarget	1	168168
657.0310268520484	1.0	NonTarget	1	168200
657.1560268095946	1.0	NonTarget	1	168232
657.2810267671407	1.0	NonTarget	1	168264
657.4060267246869	1.0	NonTarget	1	168296
657.531026682233	1.0	NonTarget	1	168328
657.6560266397792	1.0	NonTarget	1	168360
657.7810265973254	1.0	NonTarget	1	168392
657.9060265548716	1.0	NonTarget	1	168424
658.0310265124177	1.0	NonTarget	1	168456
658.1560264699639	1.0	NonTarget	1	168488
658.28102642751	1.0	NonTarget	1	168520
658.4060263850562	1.0	NonTarget	1	168552
658.5310263426023	1.0	NonTarget	1	168584
658.6560263001486	1.0	NonTarget	1	168616
658.7810262576947	1.0	NonTarget	1	168648
658.9060262152409	1.0	NonTarget	1	168680
659.031026172787	1.0	NonTarget	1	168712
659.1560261303332	1.0	NonTarget	1	168744
659.2810260878794	1.0	NonTarget	1	168776
659.4060260454256	1.0	NonTarget	1	168808
659.5310260029718	1.0	NonTarget	1	168840
659.6560259605179	1.0	NonTarget	1	168872
659.7810259180641	1.0	NonTarget	1	168904
659.9060258756102	1.0	NonTarget	1	168936
660.0310258331564	1.0	NonTarget	1	168968
660.1560257907025	1.0	NonTarget	1	169000
660.2810257482488	1.0	NonTarget	1	169032
660.406025705795	1.0	NonTarget	1	169064
660.5310256633411	1.0	NonTarget	1	169096
660.6560256208872	1.0	NonTarget	1	169128
660.7810255784334	1.0	NonTarget	1	169160
660.9060255359796	1.0	NonTarget	1	169192
661.0310254935257	1.0	NonTarget	1	169224
661.156025451072	1.0	NonTarget	1	169256
661.2810254086181	1.0	NonTarget	1	169288
661.4060253661643	1.0	NonTarget	1	169320
661.5310253237104	1.0	NonTarget	1	169352
661.6560252812566	1.0	NonTarget	1	169384
661.7810252388027	1.0	NonTarget	1	169416
661.906025196349	1.0	NonTarget	1	169448
662.0310251538951	1.0	NonTarget	1	169480
662.1560251114413	1.0	NonTarget	1	169512
662.2810250689874	1.0	NonTarget	1	169544
662.4060250265336	1.0	NonTarget	1	169576
662.5310249840797	1.0	NonTarget	1	169608
662.6560249416259	1.0	NonTarget	1	169640
662.7810248991722	1.0	NonTarget	1	169672
662.9060248567183	1.0	NonTarget	1	169704
663.0310248142645	1.0	NonTarget	1	169736
663.1560247718106	1.0	NonTarget	1	169768
663.2810247293568	1.0	NonTarget	1	169800
663.4060246869029	1.0	NonTarget	1	169832
663.5310246444491	1.0	NonTarget	1	169864
663.6560246019953	1.0	NonTarget	1	169896
663.7810245595415	1.0	NonTarget	1	169928
663.9060245170876	1.0	NonTarget	1	169960
664.0310244746338	1.0	NonTarget	1	169992
664.15602443218	1.0	NonTarget	1	170024
664.2810243897261	1.0	NonTarget	1	170056
664.4060243472724	1.0	NonTarget	1	170088
664.5310243048185	1.0	NonTarget	1	170120
664.6560242623647	1.0	NonTarget	1	170152
664.7810242199108	1.0	NonTarget	1	170184
664.906024177457	1.0	NonTarget	1	170216
665.0310241350031	1.0	NonTarget	1	170248
665.1560240925493	1.0	NonTarget	1	170280
665.2810240500955	1.0	NonTarget	1	170312
665.4060240076417	1.0	NonTarget	1	170344
665.5310239651878	1.0	NonTarget	1	170376
665.656023922734	1.0	NonTarget	1	170408
665.7810238802801	1.0	NonTarget	1	170440
665.9060238378263	1.0	NonTarget	1	170472
666.0310237953724	1.0	NonTarget	1	170504
666.1560237529187	1.0	NonTarget	1	170536
666.2810237104649	1.0	NonTarget	1	170568
666.406023668011	1.0	NonTarget	1	170600
666.5310236255572	1.0	NonTarget	1	170632
666.6560235831033	1.0	NonTarget	1	170664
666.7810235406495	1.0	NonTarget	1	170696
666.9060234981956	1.0	NonTarget	1	170728
667.0310234557419	1.0	NonTarget	1	170760
667.156023413288	1.0	NonTarget	1	170792
667.2810233708342	1.0	NonTarget	1	170824
667.4060233283803	1.0	NonTarget	1	170856
667.5310232859265	1.0	NonTarget	1	170888
667.6560232434726	1.0	NonTarget	1	170920
667.7810232010189	1.0	NonTarget	1	170952
667.9060231585651	1.0	NonTarget	1	170984
668.0310231161112	1.0	NonTarget	1	171016
668.1560230736574	1.0	NonTarget	1	171048
668.2810230312035	1.0	NonTarget	1	171080
668.4060229887497	1.0	NonTarget	1	171112
668.5310229462958	1.0	NonTarget	1	171144
668.6560229038421	1.0	NonTarget	1	171176
668.7810228613882	1.0	NonTarget	1	171208
668.9060228189344	1.0	NonTarget	1	171240
669.0310227764805	1.0	NonTarget	1	171272
669.1560227340267	1.0	NonTarget	1	171304
669.2810226915728	1.0	NonTarget	1	171336
669.406022649119	1.0	NonTarget	1	171368
669.5310226066653	1.0	NonTarget	1	171400
669.6560225642114	1.0	NonTarget	1	171432
669.7810225217576	1.0	NonTarget	1	171464
669.9060224793037	1.0	NonTarget	1	171496
670.0310224368499	1.0	NonTarget	1	171528
670.156022394396	1.0	NonTarget	1	171560
670.2810223519423	1.0	NonTarget	1	171592
670.4060223094884	1.0	NonTarget	1	171624
676.5310202292507	1.0	NonTarget	1	173192
676.6560201867968	1.0	NonTarget	1	173224
676.781020144343	1.0	NonTarget	1	173256
676.9060201018891	1.0	NonTarget	1	173288
677.0310200594354	1.0	NonTarget	1	173320
677.1560200169815	1.0	NonTarget	1	173352
677.2810199745277	1.0	NonTarget	1	173384
677.4060199320738	1.0	NonTarget	1	173416
677.53101988962	1.0	NonTarget	1	173448
677.6560198471661	1.0	NonTarget	1	173480
677.7810198047123	1.0	NonTarget	1	173512
677.9060197622586	1.0	NonTarget	1	173544
678.0310197198047	1.0	NonTarget	1	173576
678.1560196773509	1.0	NonTarget	1	173608
678.281019634897	1.0	NonTarget	1	173640
678.4060195924432	1.0	NonTarget	1	173672
678.5310195499893	1.0	NonTarget	1	173704
678.6560195075356	1.0	NonTarget	1	173736
678.7810194650817	1.0	NonTarget	1	173768
678.9060194226279	1.0	NonTarget	1	173800
679.031019380174	1.0	NonTarget	1	173832
679.1560193377202	1.0	NonTarget	1	173864
679.2810192952663	1.0	NonTarget	1	173896
679.4060192528125	1.0	NonTarget	1	173928
679.5310192103587	1.0	NonTarget	1	173960
679.6560191679049	1.0	NonTarget	1	173992
679.781019125451	1.0	NonTarget	1	174024
679.9060190829972	1.0	NonTarget	1	174056
680.0310190405434	1.0	NonTarget	1	174088
680.1560189980895	1.0	NonTarget	1	174120
680.2810189556357	1.0	NonTarget	1	174152
680.4060189131819	1.0	NonTarget	1	174184
680.5310188707281	1.0	NonTarget	1	174216
680.6560188282742	1.0	NonTarget	1	174248
680.7810187858204	1.0	NonTarget	1	174280
680.9060187433665	1.0	NonTarget	1	174312
681.0310187009127	1.0	NonTarget	1	174344
681.156018658459	1.0	NonTarget	1	174376
681.2810186160051	1.0	NonTarget	1	174408
681.4060185735513	1.0	NonTarget	1	174440
681.5310185310974	1.0	NonTarget	1	174472
681.6560184886436	1.0	NonTarget	1	174504
681.7810184461897	1.0	NonTarget	1	174536
681.9060184037359	1.0	NonTarget	1	174568
682.0310183612821	1.0	NonTarget	1	174600
682.1560183188283	1.0	NonTarget	1	174632
682.2810182763744	1.0	NonTarget	1	174664
682.4060182339206	1.0	NonTarget	1	174696
682.5310181914667	1.0	NonTarget	1	174728
682.6560181490129	1.0	NonTarget	1	174760
682.781018106559	1.0	NonTarget	1	174792
682.9060180641053	1.0	NonTarget	1	174824
683.0310180216514	1.0	NonTarget	1	174856
683.1560179791976	1.0	NonTarget	1	174888
683.2810179367438	1.0	NonTarget	1	174920
683.4060178942899	1.0	NonTarget	1	174952
683.531017851836	1.0	NonTarget	1	174984
683.6560178093822	1.0	NonTarget	1	175016
683.7810177669285	1.0	NonTarget	1	175048
683.9060177244746	1.0	NonTarget	1	175080
684.0310176820208	1.0	NonTarget	1	175112
684.1560176395669	1.0	NonTarget	1	175144
684.2810175971131	1.0	NonTarget	1	175176
684.4060175546592	1.0	NonTarget	1	175208
684.5310175122055	1.0	NonTarget	1	175240
684.6560174697516	1.0	NonTarget	1	175272
684.7810174272978	1.0	NonTarget	1	175304
684.906017384844	1.0	NonTarget	1	175336
685.0310173423901	1.0	NonTarget	1	175368
685.1560172999363	1.0	NonTarget	1	175400
685.2810172574824	1.0	NonTarget	1	175432
685.4060172150287	1.0	NonTarget	1	175464
685.5310171725748	1.0	NonTarget	1	175496
685.656017130121	1.0	NonTarget	1	175528
685.7810170876671	1.0	NonTarget	1	175560
685.9060170452133	1.0	NonTarget	1	175592
686.0310170027594	1.0	NonTarget	1	175624
686.1560169603056	1.0	NonTarget	1	175656
686.2810169178518	1.0	NonTarget	1	175688
686.406016875398	1.0	NonTarget	1	175720
686.5310168329441	1.0	NonTarget	1	175752
686.6560167904903	1.0	NonTarget	1	175784
686.7810167480364	1.0	NonTarget	1	175816
686.9060167055826	1.0	NonTarget	1	175848
687.0310166631289	1.0	NonTarget	1	175880
687.156016620675	1.0	NonTarget	1	175912
687.2810165782212	1.0	NonTarget	1	175944
687.4060165357673	1.0	NonTarget	1	175976
687.5310164933135	1.0	NonTarget	1	176008
687.6560164508596	1.0	NonTarget	1	176040
687.7810164084058	1.0	NonTarget	1	176072
687.906016365952	1.0	NonTarget	1	176104
688.0310163234982	1.0	NonTarget	1	176136
688.1560162810443	1.0	NonTarget	1	176168
688.2810162385905	1.0	NonTarget	1	176200
688.4060161961366	1.0	NonTarget	1	176232
688.5310161536828	1.0	NonTarget	1	176264
688.656016111229	1.0	NonTarget	1	176296
688.7810160687752	1.0	NonTarget	1	176328
688.9060160263214	1.0	NonTarget	1	176360
689.0310159838675	1.0	NonTarget	1	176392
689.1560159414137	1.0	NonTarget	1	176424
689.2810158989598	1.0	NonTarget	1	176456
689.406015856506	1.0	NonTarget	1	176488
689.5310158140522	1.0	NonTarget	1	176520
689.6560157715984	1.0	NonTarget	1	176552
689.7810157291445	1.0	NonTarget	1	176584
689.9060156866907	1.0	NonTarget	1	176616
690.0310156442368	1.0	NonTarget	1	176648
690.156015601783	1.0	NonTarget	1	176680
690.2810155593291	1.0	NonTarget	1	176712
690.4060155168754	1.0	NonTarget	1	176744
690.5310154744216	1.0	NonTarget	1	176776
690.6560154319677	1.0	NonTarget	1	176808
690.7810153895139	1.0	NonTarget	1	176840
690.90601534706	1.0	NonTarget	1	176872
691.0310153046062	1.0	NonTarget	1	176904
691.1560152621523	1.0	NonTarget	1	176936
691.2810152196986	1.0	NonTarget	1	176968
691.4060151772447	1.0	NonTarget	1	177000
697.531013097007	1.0	NonTarget	1	178568
697.6560130545531	1.0	NonTarget	1	178600
697.7810130120993	1.0	NonTarget	1	178632
697.9060129696455	1.0	NonTarget	1	178664
698.0310129271917	1.0	NonTarget	1	178696
698.1560128847378	1.0	NonTarget	1	178728
698.281012842284	1.0	NonTarget	1	178760
698.4060127998301	1.0	NonTarget	1	178792
698.5310127573763	1.0	NonTarget	1	178824
698.6560127149224	1.0	NonTarget	1	178856
698.7810126724687	1.0	NonTarget	1	178888
698.9060126300149	1.0	NonTarget	1	178920
699.031012587561	1.0	NonTarget	1	178952
699.1560125451072	1.0	NonTarget	1	178984
699.2810125026533	1.0	NonTarget	1	179016
699.4060124601995	1.0	NonTarget	1	179048
699.5310124177456	1.0	NonTarget	1	179080
699.6560123752919	1.0	NonTarget	1	179112
699.781012332838	1.0	NonTarget	1	179144
699.9060122903842	1.0	NonTarget	1	179176
700.0310122479303	1.0	NonTarget	1	179208
700.1560122054765	1.0	NonTarget	1	179240
700.2810121630226	1.0	NonTarget	1	179272
700.4060121205689	1.0	NonTarget	1	179304
700.531012078115	1.0	NonTarget	1	179336
700.6560120356612	1.0	NonTarget	1	179368
700.7810119932074	1.0	NonTarget	1	179400
700.9060119507535	1.0	NonTarget	1	179432
701.0310119082997	1.0	NonTarget	1	179464
701.1560118658458	1.0	NonTarget	1	179496
701.2810118233921	1.0	NonTarget	1	179528
701.4060117809382	1.0	NonTarget	1	179560
701.5310117384844	1.0	NonTarget	1	179592
701.6560116960305	1.0	NonTarget	1	179624
701.7810116535767	1.0	NonTarget	1	179656
701.9060116111228	1.0	NonTarget	1	179688
702.031011568669	1.0	NonTarget	1	179720
702.1560115262153	1.0	NonTarget	1	179752
702.2810114837614	1.0	NonTarget	1	179784
702.4060114413076	1.0	NonTarget	1	179816
702.5310113988537	1.0	NonTarget	1	179848
702.6560113563999	1.0	NonTarget	1	179880
702.781011313946	1.0	NonTarget	1	179912
702.9060112714922	1.0	NonTarget	1	179944
703.0310112290384	1.0	NonTarget	1	179976
703.1560111865846	1.0	NonTarget	1	180008
703.2810111441307	1.0	NonTarget	1	180040
703.4060111016769	1.0	NonTarget	1	180072
703.531011059223	1.0	NonTarget	1	180104
703.6560110167692	1.0	NonTarget	1	180136
703.7810109743154	1.0	NonTarget	1	180168
703.9060109318616	1.0	NonTarget	1	180200
704.0310108894078	1.0	NonTarget	1	180232
704.1560108469539	1.0	NonTarget	1	180264
704.2810108045	1.0	NonTarget	1	180296
704.4060107620462	1.0	NonTarget	1	180328
704.5310107195924	1.0	NonTarget	1	180360
704.6560106771386	1.0	NonTarget	1	180392
704.7810106346848	1.0	NonTarget	1	180424
704.9060105922309	1.0	NonTarget	1	180456
705.0310105497771	1.0	NonTarget	1	180488
705.1560105073232	1.0	NonTarget	1	180520
705.2810104648694	1.0	NonTarget	1	180552
705.4060104224155	1.0	NonTarget	1	180584
705.5310103799618	1.0	NonTarget	1	180616
705.656010337508	1.0	NonTarget	1	180648
705.7810102950541	1.0	NonTarget	1	180680
705.9060102526003	1.0	NonTarget	1	180712
706.0310102101464	1.0	NonTarget	1	180744
706.1560101676926	1.0	NonTarget	1	180776
706.2810101252388	1.0	NonTarget	1	180808
706.406010082785	1.0	NonTarget	1	180840
706.5310100403311	1.0	NonTarget	1	180872
706.6560099978773	1.0	NonTarget	1	180904
706.7810099554234	1.0	NonTarget	1	180936
706.9060099129696	1.0	NonTarget	1	180968
707.0310098705157	1.0	NonTarget	1	181000
707.156009828062	1.0	NonTarget	1	181032
707.2810097856081	1.0	NonTarget	1	181064
707.4060097431543	1.0	NonTarget	1	181096
707.5310097007005	1.0	NonTarget	1	181128
707.6560096582466	1.0	NonTarget	1	181160
707.7810096157928	1.0	NonTarget	1	181192
707.9060095733389	1.0	NonTarget	1	181224
708.0310095308852	1.0	NonTarget	1	181256
708.1560094884313	1.0	NonTarget	1	181288
708.2810094459775	1.0	NonTarget	1	181320
708.4060094035236	1.0	NonTarget	1	181352
708.5310093610698	1.0	NonTarget	1	181384
708.6560093186159	1.0	NonTarget	1	181416
708.7810092761622	1.0	NonTarget	1	181448
708.9060092337083	1.0	NonTarget	1	181480
709.0310091912545	1.0	NonTarget	1	181512
709.1560091488006	1.0	NonTarget	1	181544
709.2810091063468	1.0	NonTarget	1	181576
709.406009063893	1.0	NonTarget	1	181608
709.5310090214391	1.0	NonTarget	1	181640
709.6560089789854	1.0	NonTarget	1	181672
709.7810089365315	1.0	NonTarget	1	181704
709.9060088940777	1.0	NonTarget	1	181736
710.0310088516238	1.0	NonTarget	1	181768
710.15600880917	1.0	NonTarget	1	181800
710.2810087667161	1.0	NonTarget	1	181832
710.4060087242623	1.0	NonTarget	1	181864
710.5310086818085	1.0	NonTarget	1	181896
710.6560086393547	1.0	NonTarget	1	181928
710.7810085969008	1.0	NonTarget	1	181960
710.906008554447	1.0	NonTarget	1	181992
711.0310085119932	1.0	NonTarget	1	182024
711.1560084695393	1.0	NonTarget	1	182056
711.2810084270855	1.0	NonTarget	1	182088
711.4060083846317	1.0	NonTarget	1	182120
711.5310083421779	1.0	NonTarget	1	182152
711.656008299724	1.0	NonTarget	1	182184
711.7810082572702	1.0	NonTarget	1	182216
711.9060082148163	1.0	NonTarget	1	182248
712.0310081723625	1.0	NonTarget	1	182280
712.1560081299087	1.0	NonTarget	1	182312
712.2810080874549	1.0	NonTarget	1	182344
712.406008045001	1.0	NonTarget	1	182376
718.5310059647633	1.0	NonTarget	1	183944
718.6560059223094	1.0	NonTarget	1	183976
718.7810058798556	1.0	NonTarget	1	184008
718.9060058374018	1.0	NonTarget	1	184040
719.031005794948	1.0	NonTarget	1	184072
719.1560057524941	1.0	NonTarget	1	184104
719.2810057100403	1.0	NonTarget	1	184136
719.4060056675864	1.0	NonTarget	1	184168
719.5310056251326	1.0	NonTarget	1	184200
719.6560055826787	1.0	NonTarget	1	184232
719.781005540225	1.0	NonTarget	1	184264
719.9060054977712	1.0	NonTarget	1	184296
720.0310054553173	1.0	NonTarget	1	184328
720.1560054128635	1.0	NonTarget	1	184360
720.2810053704096	1.0	NonTarget	1	184392
720.4060053279558	1.0	NonTarget	1	184424
720.531005285502	1.0	NonTarget	1	184456
720.6560052430482	1.0	NonTarget	1	184488
720.7810052005943	1.0	NonTarget	1	184520
720.9060051581405	1.0	NonTarget	1	184552
721.0310051156866	1.0	NonTarget	1	184584
721.1560050732328	1.0	NonTarget	1	184616
721.2810050307789	1.0	NonTarget	1	184648
721.4060049883252	1.0	NonTarget	1	184680
721.5310049458714	1.0	NonTarget	1	184712
721.6560049034175	1.0	NonTarget	1	184744
721.7810048609637	1.0	NonTarget	1	184776
721.9060048185098	1.0	NonTarget	1	184808
722.031004776056	1.0	NonTarget	1	184840
722.1560047336021	1.0	NonTarget	1	184872
722.2810046911484	1.0	NonTarget	1	184904
722.4060046486945	1.0	NonTarget	1	184936
722.5310046062407	1.0	NonTarget	1	184968
722.6560045637868	1.0	NonTarget	1	185000
722.781004521333	1.0	NonTarget	1	185032
722.9060044788791	1.0	NonTarget	1	185064
723.0310044364254	1.0	NonTarget	1	185096
723.1560043939716	1.0	NonTarget	1	185128
723.2810043515177	1.0	NonTarget	1	185160
723.4060043090639	1.0	NonTarget	1	185192
723.53100426661	1.0	NonTarget	1	185224
723.6560042241562	1.0	NonTarget	1	185256
723.7810041817023	1.0	NonTarget	1	185288
723.9060041392486	1.0	NonTarget	1	185320
724.0310040967947	1.0	NonTarget	1	185352
724.1560040543409	1.0	NonTarget	1	185384
724.281004011887	1.0	NonTarget	1	185416
724.4060039694332	1.0	NonTarget	1	185448
724.5310039269793	1.0	NonTarget	1	185480
724.6560038845255	1.0	NonTarget	1	185512
724.7810038420718	1.0	NonTarget	1	185544
724.9060037996179	1.0	NonTarget	1	185576
725.0310037571641	1.0	NonTarget	1	185608
725.1560037147102	1.0	NonTarget	1	185640
725.2810036722564	1.0	NonTarget	1	185672
725.4060036298025	1.0	NonTarget	1	185704
725.5310035873488	1.0	NonTarget	1	185736
725.6560035448949	1.0	NonTarget	1	185768
725.7810035024411	1.0	NonTarget	1	185800
725.9060034599872	1.0	NonTarget	1	185832
726.0310034175334	1.0	NonTarget	1	185864
726.1560033750795	1.0	NonTarget	1	185896
726.2810033326257	1.0	NonTarget	1	185928
726.406003290172	1.0	NonTarget	1	185960
726.5310032477181	1.0	NonTarget	1	185992
726.6560032052643	1.0	NonTarget	1	186024
726.7810031628104	1.0	NonTarget	1	186056
726.9060031203566	1.0	NonTarget	1	186088
727.0310030779027	1.0	NonTarget	1	186120
727.1560030354489	1.0	NonTarget	1	186152
727.2810029929951	1.0	NonTarget	1	186184
727.4060029505413	1.0	NonTarget	1	186216
727.5310029080874	1.0	NonTarget	1	186248
727.6560028656336	1.0	NonTarget	1	186280
727.7810028231797	1.0	NonTarget	1	186312
727.9060027807259	1.0	NonTarget	1	186344
728.031002738272	1.0	NonTarget	1	186376
728.1560026958183	1.0	NonTarget	1	186408
728.2810026533645	1.0	NonTarget	1	186440
728.4060026109106	1.0	NonTarget	1	186472
728.5310025684568	1.0	NonTarget	1	186504
728.6560025260029	1.0	NonTarget	1	186536
728.7810024835491	1.0	NonTarget	1	186568
728.9060024410953	1.0	NonTarget	1	186600
729.0310023986415	1.0	NonTarget	1	186632
729.1560023561876	1.0	NonTarget	1	186664
729.2810023137338	1.0	NonTarget	1	186696
729.4060022712799	1.0	NonTarget	1	186728
729.5310022288261	1.0	NonTarget	1	186760
729.6560021863722	1.0	NonTarget	1	186792
729.7810021439185	1.0	NonTarget	1	186824
729.9060021014647	1.0	NonTarget	1	186856
730.0310020590108	1.0	NonTarget	1	186888
730.156002016557	1.0	NonTarget	1	186920
730.2810019741031	1.0	NonTarget	1	186952
730.4060019316493	1.0	NonTarget	1	186984
730.5310018891954	1.0	NonTarget	1	187016
730.6560018467417	1.0	NonTarget	1	187048
730.7810018042878	1.0	NonTarget	1	187080
730.906001761834	1.0	NonTarget	1	187112
731.0310017193801	1.0	NonTarget	1	187144
731.1560016769263	1.0	NonTarget	1	187176
731.2810016344724	1.0	NonTarget	1	187208
731.4060015920187	1.0	NonTarget	1	187240
731.5310015495648	1.0	NonTarget	1	187272
731.656001507111	1.0	NonTarget	1	187304
731.7810014646572	1.0	NonTarget	1	187336
731.9060014222033	1.0	NonTarget	1	187368
732.0310013797495	1.0	NonTarget	1	187400
732.1560013372956	1.0	NonTarget	1	187432
732.2810012948419	1.0	NonTarget	1	187464
732.406001252388	1.0	NonTarget	1	187496
732.5310012099342	1.0	NonTarget	1	187528
732.6560011674803	1.0	NonTarget	1	187560
732.7810011250265	1.0	NonTarget	1	187592
732.9060010825726	1.0	NonTarget	1	187624
733.0310010401188	1.0	NonTarget	1	187656
733.156000997665	1.0	NonTarget	1	187688
733.2810009552112	1.0	NonTarget	1	187720
733.4060009127573	1.0	NonTarget	1	187752
739.5309988325196	1.0	NonTarget	1	189320
739.6559987900657	1.0	NonTarget	1	189352
739.780998747612	1.0	NonTarget	1	189384
739.9059987051581	1.0	NonTarget	1	189416
740.0309986627043	1.0	NonTarget	1	189448
740.1559986202504	1.0	NonTarget	1	189480
740.2809985777966	1.0	NonTarget	1	189512
740.4059985353427	1.0	NonTarget	1	189544
740.5309984928889	1.0	NonTarget	1	189576
740.6559984504352	1.0	NonTarget	1	189608
740.7809984079813	1.0	NonTarget	1	189640
740.9059983655275	1.0	NonTarget	1	189672
741.0309983230736	1.0	NonTarget	1	189704
741.1559982806198	1.0	NonTarget	1	189736
741.2809982381659	1.0	NonTarget	1	189768
741.4059981957121	1.0	NonTarget	1	189800
741.5309981532583	1.0	NonTarget	1	189832
741.6559981108045	1.0	NonTarget	1	189864
741.7809980683506	1.0	NonTarget	1	189896
741.9059980258968	1.0	NonTarget	1	189928
742.030997983443	1.0	NonTarget	1	189960
742.1559979409891	1.0	NonTarget	1	189992
742.2809978985354	1.0	NonTarget	1	190024
742.4059978560815	1.0	NonTarget	1	190056
742.5309978136277	1.0	NonTarget	1	190088
742.6559977711738	1.0	NonTarget	1	190120
742.78099772872	1.0	NonTarget	1	190152
742.9059976862661	1.0	NonTarget	1	190184
743.0309976438123	1.0	NonTarget	1	190216
743.1559976013585	1.0	NonTarget	1	190248
743.2809975589047	1.0	NonTarget	1	190280
743.4059975164508	1.0	NonTarget	1	190312
743.530997473997	1.0	NonTarget	1	190344
743.6559974315431	1.0	NonTarget	1	190376
743.7809973890893	1.0	NonTarget	1	190408
743.9059973466354	1.0	NonTarget	1	190440
744.0309973041817	1.0	NonTarget	1	190472
744.1559972617279	1.0	NonTarget	1	190504
744.280997219274	1.0	NonTarget	1	190536
744.4059971768202	1.0	NonTarget	1	190568
744.5309971343663	1.0	NonTarget	1	190600
744.6559970919125	1.0	NonTarget	1	190632
744.7809970494586	1.0	NonTarget	1	190664
744.9059970070049	1.0	NonTarget	1	190696
745.030996964551	1.0	NonTarget	1	190728
745.1559969220972	1.0	NonTarget	1	190760
745.2809968796433	1.0	NonTarget	1	190792
745.4059968371895	1.0	NonTarget	1	190824
745.5309967947356	1.0	NonTarget	1	190856
745.6559967522819	1.0	NonTarget	1	190888
745.7809967098281	1.0	NonTarget	1	190920
745.9059966673742	1.0	NonTarget	1	190952
746.0309966249204	1.0	NonTarget	1	190984
746.1559965824665	1.0	NonTarget	1	191016
746.2809965400127	1.0	NonTarget	1	191048
746.4059964975588	1.0	NonTarget	1	191080
746.5309964551051	1.0	NonTarget	1	191112
746.6559964126512	1.0	NonTarget	1	191144
746.7809963701974	1.0	NonTarget	1	191176
746.9059963277435	1.0	NonTarget	1	191208
747.0309962852897	1.0	NonTarget	1	191240
747.1559962428358	1.0	NonTarget	1	191272
747.280996200382	1.0	NonTarget	1	191304
747.4059961579283	1.0	NonTarget	1	191336
747.5309961154744	1.0	NonTarget	1	191368
747.6559960730206	1.0	NonTarget	1	191400
747.7809960305667	1.0	NonTarget	1	191432
747.9059959881129	1.0	NonTarget	1	191464
748.030995945659	1.0	NonTarget	1	191496
748.1559959032053	1.0	NonTarget	1	191528
748.2809958607514	1.0	NonTarget	1	191560
748.4059958182976	1.0	NonTarget	1	191592
748.5309957758437	1.0	NonTarget	1	191624
748.6559957333899	1.0	NonTarget	1	191656
748.780995690936	1.0	NonTarget	1	191688
748.9059956484822	1.0	NonTarget	1	191720
749.0309956060285	1.0	NonTarget	1	191752
749.1559955635746	1.0	NonTarget	1	191784
749.2809955211208	1.0	NonTarget	1	191816
749.4059954786669	1.0	NonTarget	1	191848
749.5309954362131	1.0	NonTarget	1	191880
749.6559953937592	1.0	NonTarget	1	191912
749.7809953513054	1.0	NonTarget	1	191944
749.9059953088516	1.0	NonTarget	1	191976
750.0309952663978	1.0	NonTarget	1	192008
750.1559952239439	1.0	NonTarget	1	192040
750.2809951814901	1.0	NonTarget	1	192072
750.4059951390362	1.0	NonTarget	1	192104
750.5309950965824	1.0	NonTarget	1	192136
750.6559950541287	1.0	NonTarget	1	192168
750.7809950116748	1.0	NonTarget	1	192200
750.905994969221	1.0	NonTarget	1	192232
751.0309949267671	1.0	NonTarget	1	192264
751.1559948843133	1.0	NonTarget	1	192296
751.2809948418594	1.0	NonTarget	1	192328
751.4059947994056	1.0	NonTarget	1	192360
751.5309947569518	1.0	NonTarget	1	192392
751.655994714498	1.0	NonTarget	1	192424
751.7809946720441	1.0	NonTarget	1	192456
751.9059946295903	1.0	NonTarget	1	192488
752.0309945871364	1.0	NonTarget	1	192520
752.1559945446826	1.0	NonTarget	1	192552
752.2809945022287	1.0	NonTarget	1	192584
752.405994459775	1.0	NonTarget	1	192616
752.5309944173212	1.0	NonTarget	1	192648
752.6559943748673	1.0	NonTarget	1	192680
752.7809943324135	1.0	NonTarget	1	192712
752.9059942899596	1.0	NonTarget	1	192744
753.0309942475058	1.0	NonTarget	1	192776
753.155994205052	1.0	NonTarget	1	192808
753.2809941625982	1.0	NonTarget	1	192840
753.4059941201443	1.0	NonTarget	1	192872
753.5309940776905	1.0	NonTarget	1	192904
753.6559940352366	1.0	NonTarget	1	192936
753.7809939927828	1.0	NonTarget	1	192968
753.9059939503289	1.0	NonTarget	1	193000
754.0309939078752	1.0	NonTarget	1	193032
754.1559938654214	1.0	NonTarget	1	193064
754.2809938229675	1.0	NonTarget	1	193096
754.4059937805137	1.0	NonTarget	1	193128
760.5309917002759	1.0	NonTarget	1	194696
760.655991657822	1.0	NonTarget	1	194728
760.7809916153683	1.0	NonTarget	1	194760
760.9059915729144	1.0	NonTarget	1	194792
761.0309915304606	1.0	NonTarget	1	194824
761.1559914880067	1.0	NonTarget	1	194856
761.2809914455529	1.0	NonTarget	1	194888
761.405991403099	1.0	NonTarget	1	194920
761.5309913606453	1.0	NonTarget	1	194952
761.6559913181915	1.0	NonTarget	1	194984
761.7809912757376	1.0	NonTarget	1	195016
761.9059912332838	1.0	NonTarget	1	195048
762.0309911908299	1.0	NonTarget	1	195080
762.1559911483761	1.0	NonTarget	1	195112
762.2809911059222	1.0	NonTarget	1	195144
762.4059910634685	1.0	NonTarget	1	195176
762.5309910210146	1.0	NonTarget	1	195208
762.6559909785608	1.0	NonTarget	1	195240
762.780990936107	1.0	NonTarget	1	195272
762.9059908936531	1.0	NonTarget	1	195304
763.0309908511992	1.0	NonTarget	1	195336
763.1559908087454	1.0	NonTarget	1	195368
763.2809907662917	1.0	NonTarget	1	195400
763.4059907238378	1.0	NonTarget	1	195432
763.530990681384	1.0	NonTarget	1	195464
763.6559906389301	1.0	NonTarget	1	195496
763.7809905964763	1.0	NonTarget	1	195528
763.9059905540224	1.0	NonTarget	1	195560
764.0309905115686	1.0	NonTarget	1	195592
764.1559904691148	1.0	NonTarget	1	195624
764.280990426661	1.0	NonTarget	1	195656
764.4059903842071	1.0	NonTarget	1	195688
764.5309903417533	1.0	NonTarget	1	195720
764.6559902992994	1.0	NonTarget	1	195752
764.7809902568456	1.0	NonTarget	1	195784
764.9059902143919	1.0	NonTarget	1	195816
765.030990171938	1.0	NonTarget	1	195848
765.1559901294842	1.0	NonTarget	1	195880
765.2809900870303	1.0	NonTarget	1	195912
765.4059900445765	1.0	NonTarget	1	195944
765.5309900021226	1.0	NonTarget	1	195976
765.6559899596688	1.0	NonTarget	1	196008
765.780989917215	1.0	NonTarget	1	196040
765.9059898747612	1.0	NonTarget	1	196072
766.0309898323073	1.0	NonTarget	1	196104
766.1559897898535	1.0	NonTarget	1	196136
766.2809897473996	1.0	NonTarget	1	196168
766.4059897049458	1.0	NonTarget	1	196200
766.530989662492	1.0	NonTarget	1	196232
766.6559896200382	1.0	NonTarget	1	196264
766.7809895775844	1.0	NonTarget	1	196296
766.9059895351305	1.0	NonTarget	1	196328
767.0309894926767	1.0	NonTarget	1	196360
767.1559894502228	1.0	NonTarget	1	196392
767.280989407769	1.0	NonTarget	1	196424
767.4059893653152	1.0	NonTarget	1	196456
767.5309893228614	1.0	NonTarget	1	196488
767.6559892804075	1.0	NonTarget	1	196520
767.7809892379537	1.0	NonTarget	1	196552
767.9059891954998	1.0	NonTarget	1	196584
768.030989153046	1.0	NonTarget	1	196616
768.1559891105921	1.0	NonTarget	1	196648
768.2809890681384	1.0	NonTarget	1	196680
768.4059890256846	1.0	NonTarget	1	196712
768.5309889832307	1.0	NonTarget	1	196744
768.6559889407769	1.0	NonTarget	1	196776
768.780988898323	1.0	NonTarget	1	196808
768.9059888558692	1.0	NonTarget	1	196840
769.0309888134153	1.0	NonTarget	1	196872
769.1559887709616	1.0	NonTarget	1	196904
769.2809887285077	1.0	NonTarget	1	196936
769.4059886860539	1.0	NonTarget	1	196968
769.5309886436	1.0	NonTarget	1	197000
769.6559886011462	1.0	NonTarget	1	197032
769.7809885586923	1.0	NonTarget	1	197064
769.9059885162386	1.0	NonTarget	1	197096
770.0309884737848	1.0	NonTarget	1	197128
770.1559884313309	1.0	NonTarget	1	197160
770.2809883888771	1.0	NonTarget	1	197192
770.4059883464232	1.0	NonTarget	1	197224
770.5309883039694	1.0	NonTarget	1	197256
770.6559882615155	1.0	NonTarget	1	197288
770.7809882190618	1.0	NonTarget	1	197320
770.9059881766079	1.0	NonTarget	1	197352
771.0309881341541	1.0	NonTarget	1	197384
771.1559880917002	1.0	NonTarget	1	197416
771.2809880492464	1.0	NonTarget	1	197448
771.4059880067925	1.0	NonTarget	1	197480
771.5309879643387	1.0	NonTarget	1	197512
771.655987921885	1.0	NonTarget	1	197544
771.7809878794311	1.0	NonTarget	1	197576
771.9059878369773	1.0	NonTarget	1	197608
772.0309877945234	1.0	NonTarget	1	197640
772.1559877520696	1.0	NonTarget	1	197672
772.2809877096157	1.0	NonTarget	1	197704
772.4059876671619	1.0	NonTarget	1	197736
772.5309876247081	1.0	NonTarget	1	197768
772.6559875822543	1.0	NonTarget	1	197800
772.7809875398004	1.0	NonTarget	1	197832
772.9059874973466	1.0	NonTarget	1	197864
773.0309874548927	1.0	NonTarget	1	197896
773.1559874124389	1.0	NonTarget	1	197928
773.2809873699852	1.0	NonTarget	1	197960
773.4059873275313	1.0	NonTarget	1	197992
773.5309872850775	1.0	NonTarget	1	198024
773.6559872426236	1.0	NonTarget	1	198056
773.7809872001698	1.0	NonTarget	1	198088
773.9059871577159	1.0	NonTarget	1	198120
774.0309871152621	1.0	NonTarget	1	198152
774.1559870728083	1.0	NonTarget	1	198184
774.2809870303545	1.0	NonTarget	1	198216
774.4059869879006	1.0	NonTarget	1	198248
774.5309869454468	1.0	NonTarget	1	198280
774.6559869029929	1.0	NonTarget	1	198312
774.7809868605391	1.0	NonTarget	1	198344
774.9059868180852	1.0	NonTarget	1	198376
775.0309867756315	1.0	NonTarget	1	198408
775.1559867331777	1.0	NonTarget	1	198440
775.2809866907238	1.0	NonTarget	1	198472
775.40598664827	1.0	NonTarget	1	198504
781.5309845680322	1.0	NonTarget	1	200072
781.6559845255784	1.0	NonTarget	1	200104
781.7809844831246	1.0	NonTarget	1	200136
781.9059844406707	1.0	NonTarget	1	200168
782.0309843982169	1.0	NonTarget	1	200200
782.155984355763	1.0	NonTarget	1	200232
782.2809843133092	1.0	NonTarget	1	200264
782.4059842708554	1.0	NonTarget	1	200296
782.5309842284016	1.0	NonTarget	1	200328
782.6559841859478	1.0	NonTarget	1	200360
782.7809841434939	1.0	NonTarget	1	200392
782.9059841010401	1.0	NonTarget	1	200424
783.0309840585862	1.0	NonTarget	1	200456
783.1559840161324	1.0	NonTarget	1	200488
783.2809839736785	1.0	NonTarget	1	200520
783.4059839312248	1.0	NonTarget	1	200552
783.530983888771	1.0	NonTarget	1	200584
783.6559838463171	1.0	NonTarget	1	200616
783.7809838038633	1.0	NonTarget	1	200648
783.9059837614094	1.0	NonTarget	1	200680
784.0309837189556	1.0	NonTarget	1	200712
784.1559836765018	1.0	NonTarget	1	200744
784.280983634048	1.0	NonTarget	1	200776
784.4059835915941	1.0	NonTarget	1	200808
784.5309835491403	1.0	NonTarget	1	200840
784.6559835066864	1.0	NonTarget	1	200872
784.7809834642326	1.0	NonTarget	1	200904
784.9059834217787	1.0	NonTarget	1	200936
785.030983379325	1.0	NonTarget	1	200968
785.1559833368711	1.0	NonTarget	1	201000
785.2809832944173	1.0	NonTarget	1	201032
785.4059832519634	1.0	NonTarget	1	201064
785.5309832095096	1.0	NonTarget	1	201096
785.6559831670558	1.0	NonTarget	1	201128
785.7809831246019	1.0	NonTarget	1	201160
785.9059830821482	1.0	NonTarget	1	201192
786.0309830396943	1.0	NonTarget	1	201224
786.1559829972405	1.0	NonTarget	1	201256
786.2809829547866	1.0	NonTarget	1	201288
786.4059829123328	1.0	NonTarget	1	201320
786.5309828698789	1.0	NonTarget	1	201352
786.6559828274252	1.0	NonTarget	1	201384
786.7809827849713	1.0	NonTarget	1	201416
786.9059827425175	1.0	NonTarget	1	201448
787.0309827000636	1.0	NonTarget	1	201480
787.1559826576098	1.0	NonTarget	1	201512
787.280982615156	1.0	NonTarget	1	201544
787.4059825727021	1.0	NonTarget	1	201576
787.5309825302484	1.0	NonTarget	1	201608
787.6559824877945	1.0	NonTarget	1	201640
787.7809824453407	1.0	NonTarget	1	201672
787.9059824028868	1.0	NonTarget	1	201704
788.030982360433	1.0	NonTarget	1	201736
788.1559823179791	1.0	NonTarget	1	201768
788.2809822755253	1.0	NonTarget	1	201800
788.4059822330715	1.0	NonTarget	1	201832
788.5309821906177	1.0	NonTarget	1	201864
788.6559821481638	1.0	NonTarget	1	201896
788.78098210571	1.0	NonTarget	1	201928
788.9059820632561	1.0	NonTarget	1	201960
789.0309820208023	1.0	NonTarget	1	201992
789.1559819783484	1.0	NonTarget	1	202024
789.2809819358947	1.0	NonTarget	1	202056
789.4059818934409	1.0	NonTarget	1	202088
789.530981850987	1.0	NonTarget	1	202120
789.6559818085332	1.0	NonTarget	1	202152
789.7809817660793	1.0	NonTarget	1	202184
789.9059817236255	1.0	NonTarget	1	202216
790.0309816811717	1.0	NonTarget	1	202248
790.1559816387179	1.0	NonTarget	1	202280
790.280981596264	1.0	NonTarget	1	202312
790.4059815538102	1.0	NonTarget	1	202344
790.5309815113563	1.0	NonTarget	1	202376
790.6559814689025	1.0	NonTarget	1	202408
790.7809814264486	1.0	NonTarget	1	202440
790.9059813839949	1.0	NonTarget	1	202472
791.0309813415411	1.0	NonTarget	1	202504
791.1559812990872	1.0	NonTarget	1	202536
791.2809812566334	1.0	NonTarget	1	202568
791.4059812141795	1.0	NonTarget	1	202600
791.5309811717257	1.0	NonTarget	1	202632
791.6559811292718	1.0	NonTarget	1	202664
791.7809810868181	1.0	NonTarget	1	202696
791.9059810443642	1.0	NonTarget	1	202728
792.0309810019104	1.0	NonTarget	1	202760
792.1559809594565	1.0	NonTarget	1	202792
792.2809809170027	1.0	NonTarget	1	202824
792.4059808745488	1.0	NonTarget	1	202856
792.5309808320951	1.0	NonTarget	1	202888
792.6559807896413	1.0	NonTarget	1	202920
792.7809807471874	1.0	NonTarget	1	202952
792.9059807047336	1.0	NonTarget	1	202984
793.0309806622797	1.0	NonTarget	1	203016
793.1559806198259	1.0	NonTarget	1	203048
793.280980577372	1.0	NonTarget	1	203080
793.4059805349183	1.0	NonTarget	1	203112
793.5309804924644	1.0	NonTarget	1	203144
793.6559804500106	1.0	NonTarget	1	203176
793.7809804075567	1.0	NonTarget	1	203208
793.9059803651029	1.0	NonTarget	1	203240
794.030980322649	1.0	NonTarget	1	203272
794.1559802801952	1.0	NonTarget	1	203304
794.2809802377415	1.0	NonTarget	1	203336
794.4059801952876	1.0	NonTarget	1	203368
794.5309801528338	1.0	NonTarget	1	203400
794.6559801103799	1.0	NonTarget	1	203432
794.7809800679261	1.0	NonTarget	1	203464
794.9059800254722	1.0	NonTarget	1	203496
795.0309799830185	1.0	NonTarget	1	203528
795.1559799405646	1.0	NonTarget	1	203560
795.2809798981108	1.0	NonTarget	1	203592
795.4059798556569	1.0	NonTarget	1	203624
795.5309798132031	1.0	NonTarget	1	203656
795.6559797707492	1.0	NonTarget	1	203688
795.7809797282954	1.0	NonTarget	1	203720
795.9059796858417	1.0	NonTarget	1	203752
796.0309796433878	1.0	NonTarget	1	203784
796.155979600934	1.0	NonTarget	1	203816
796.2809795584801	1.0	NonTarget	1	203848
796.4059795160263	1.0	NonTarget	1	203880
802.5309774357885	1.0	NonTarget	1	205448
802.6559773933348	1.0	NonTarget	1	205480
802.7809773508809	1.0	NonTarget	1	205512
802.905977308427	1.0	NonTarget	1	205544
803.0309772659732	1.0	NonTarget	1	205576
803.1559772235194	1.0	NonTarget	1	205608
803.2809771810655	1.0	NonTarget	1	205640
803.4059771386118	1.0	NonTarget	1	205672
803.5309770961579	1.0	NonTarget	1	205704
803.6559770537041	1.0	NonTarget	1	205736
803.7809770112502	1.0	NonTarget	1	205768
803.9059769687964	1.0	NonTarget	1	205800
804.0309769263425	1.0	NonTarget	1	205832
804.1559768838887	1.0	NonTarget	1	205864
804.280976841435	1.0	NonTarget	1	205896
804.4059767989811	1.0	NonTarget	1	205928
804.5309767565273	1.0	NonTarget	1	205960
804.6559767140734	1.0	NonTarget	1	205992
804.7809766716196	1.0	NonTarget	1	206024
804.9059766291657	1.0	NonTarget	1	206056
805.0309765867119	1.0	NonTarget	1	206088
805.1559765442581	1.0	NonTarget	1	206120
805.2809765018043	1.0	NonTarget	1	206152
805.4059764593504	1.0	NonTarget	1	206184
805.5309764168966	1.0	NonTarget	1	206216
805.6559763744427	1.0	NonTarget	1	206248
805.7809763319889	1.0	NonTarget	1	206280
805.9059762895351	1.0	NonTarget	1	206312
806.0309762470813	1.0	NonTarget	1	206344
806.1559762046274	1.0	NonTarget	1	206376
806.2809761621736	1.0	NonTarget	1	206408
806.4059761197198	1.0	NonTarget	1	206440
806.5309760772659	1.0	NonTarget	1	206472
806.655976034812	1.0	NonTarget	1	206504
806.7809759923583	1.0	NonTarget	1	206536
806.9059759499045	1.0	NonTarget	1	206568
807.0309759074506	1.0	NonTarget	1	206600
807.1559758649968	1.0	NonTarget	1	206632
807.2809758225429	1.0	NonTarget	1	206664
807.4059757800891	1.0	NonTarget	1	206696
807.5309757376352	1.0	NonTarget	1	206728
807.6559756951815	1.0	NonTarget	1	206760
807.7809756527276	1.0	NonTarget	1	206792
807.9059756102738	1.0	NonTarget	1	206824
808.03097556782	1.0	NonTarget	1	206856
808.1559755253661	1.0	NonTarget	1	206888
808.2809754829123	1.0	NonTarget	1	206920
808.4059754404584	1.0	NonTarget	1	206952
808.5309753980047	1.0	NonTarget	1	206984
808.6559753555508	1.0	NonTarget	1	207016
808.780975313097	1.0	NonTarget	1	207048
808.9059752706431	1.0	NonTarget	1	207080
809.0309752281893	1.0	NonTarget	1	207112
809.1559751857354	1.0	NonTarget	1	207144
809.2809751432817	1.0	NonTarget	1	207176
809.4059751008278	1.0	NonTarget	1	207208
809.530975058374	1.0	NonTarget	1	207240
809.6559750159201	1.0	NonTarget	1	207272
809.7809749734663	1.0	NonTarget	1	207304
809.9059749310125	1.0	NonTarget	1	207336
810.0309748885586	1.0	NonTarget	1	207368
810.1559748461049	1.0	NonTarget	1	207400
810.280974803651	1.0	NonTarget	1	207432
810.4059747611972	1.0	NonTarget	1	207464
810.5309747187433	1.0	NonTarget	1	207496
810.6559746762895	1.0	NonTarget	1	207528
810.7809746338356	1.0	NonTarget	1	207560
810.9059745913818	1.0	NonTarget	1	207592
811.030974548928	1.0	NonTarget	1	207624
811.1559745064742	1.0	NonTarget	1	207656
811.2809744640203	1.0	NonTarget	1	207688
811.4059744215665	1.0	NonTarget	1	207720
811.5309743791126	1.0	NonTarget	1	207752
811.6559743366588	1.0	NonTarget	1	207784
811.7809742942051	1.0	NonTarget	1	207816
811.9059742517512	1.0	NonTarget	1	207848
812.0309742092974	1.0	NonTarget	1	207880
812.1559741668435	1.0	NonTarget	1	207912
812.2809741243897	1.0	NonTarget	1	207944
812.4059740819358	1.0	NonTarget	1	207976
812.530974039482	1.0	NonTarget	1	208008
812.6559739970282	1.0	NonTarget	1	208040
812.7809739545744	1.0	NonTarget	1	208072
812.9059739121205	1.0	NonTarget	1	208104
813.0309738696667	1.0	NonTarget	1	208136
813.1559738272128	1.0	NonTarget	1	208168
813.280973784759	1.0	NonTarget	1	208200
813.4059737423052	1.0	NonTarget	1	208232
813.5309736998514	1.0	NonTarget	1	208264
813.6559736573976	1.0	NonTarget	1	208296
813.7809736149437	1.0	NonTarget	1	208328
813.9059735724899	1.0	NonTarget	1	208360
814.030973530036	1.0	NonTarget	1	208392
814.1559734875822	1.0	NonTarget	1	208424
814.2809734451284	1.0	NonTarget	1	208456
814.4059734026746	1.0	NonTarget	1	208488
814.5309733602207	1.0	NonTarget	1	208520
814.6559733177669	1.0	NonTarget	1	208552
814.780973275313	1.0	NonTarget	1	208584
814.9059732328592	1.0	NonTarget	1	208616
815.0309731904053	1.0	NonTarget	1	208648
815.1559731479516	1.0	NonTarget	1	208680
815.2809731054978	1.0	NonTarget	1	208712
815.4059730630439	1.0	NonTarget	1	208744
815.5309730205901	1.0	NonTarget	1	208776
815.6559729781362	1.0	NonTarget	1	208808
815.7809729356824	1.0	NonTarget	1	208840
815.9059728932285	1.0	NonTarget	1	208872
816.0309728507748	1.0	NonTarget	1	208904
816.1559728083209	1.0	NonTarget	1	208936
816.2809727658671	1.0	NonTarget	1	208968
816.4059727234132	1.0	NonTarget	1	209000
816.5309726809594	1.0	NonTarget	1	209032
816.6559726385055	1.0	NonTarget	1	209064
816.7809725960517	1.0	NonTarget	1	209096
816.905972553598	1.0	NonTarget	1	209128
817.0309725111441	1.0	NonTarget	1	209160
817.1559724686903	1.0	NonTarget	1	209192
817.2809724262364	1.0	NonTarget	1	209224
817.4059723837826	1.0	NonTarget	1	209256
823.5309703035449	1.0	NonTarget	1	210824
823.655970261091	1.0	NonTarget	1	210856
823.7809702186372	1.0	NonTarget	1	210888
823.9059701761834	1.0	NonTarget	1	210920
824.0309701337295	1.0	NonTarget	1	210952
824.1559700912757	1.0	NonTarget	1	210984
824.2809700488218	1.0	NonTarget	1	211016
824.4059700063681	1.0	NonTarget	1	211048
824.5309699639142	1.0	NonTarget	1	211080
824.6559699214604	1.0	NonTarget	1	211112
824.7809698790065	1.0	NonTarget	1	211144
824.9059698365527	1.0	NonTarget	1	211176
825.0309697940988	1.0	NonTarget	1	211208
825.155969751645	1.0	NonTarget	1	211240
825.2809697091913	1.0	NonTarget	1	211272
825.4059696667374	1.0	NonTarget	1	211304
825.5309696242836	1.0	NonTarget	1	211336
825.6559695818297	1.0	NonTarget	1	211368
825.7809695393759	1.0	NonTarget	1	211400
825.905969496922	1.0	NonTarget	1	211432
826.0309694544683	1.0	NonTarget	1	211464
826.1559694120144	1.0	NonTarget	1	211496
826.2809693695606	1.0	NonTarget	1	211528
826.4059693271067	1.0	NonTarget	1	211560
826.5309692846529	1.0	NonTarget	1	211592
826.655969242199	1.0	NonTarget	1	211624
826.7809691997452	1.0	NonTarget	1	211656
826.9059691572915	1.0	NonTarget	1	211688
827.0309691148376	1.0	NonTarget	1	211720
827.1559690723838	1.0	NonTarget	1	211752
827.2809690299299	1.0	NonTarget	1	211784
827.4059689874761	1.0	NonTarget	1	211816
827.5309689450222	1.0	NonTarget	1	211848
827.6559689025684	1.0	NonTarget	1	211880
827.7809688601146	1.0	NonTarget	1	211912
827.9059688176608	1.0	NonTarget	1	211944
828.0309687752069	1.0	NonTarget	1	211976
828.1559687327531	1.0	NonTarget	1	212008
828.2809686902992	1.0	NonTarget	1	212040
828.4059686478454	1.0	NonTarget	1	212072
828.5309686053916	1.0	NonTarget	1	212104
828.6559685629378	1.0	NonTarget	1	212136
828.780968520484	1.0	NonTarget	1	212168
828.9059684780301	1.0	NonTarget	1	212200
829.0309684355763	1.0	NonTarget	1	212232
829.1559683931224	1.0	NonTarget	1	212264
829.2809683506686	1.0	NonTarget	1	212296
829.4059683082148	1.0	NonTarget	1	212328
829.530968265761	1.0	NonTarget	1	212360
829.6559682233071	1.0	NonTarget	1	212392
829.7809681808533	1.0	NonTarget	1	212424
829.9059681383994	1.0	NonTarget	1	212456
830.0309680959456	1.0	NonTarget	1	212488
830.1559680534917	1.0	NonTarget	1	212520
830.280968011038	1.0	NonTarget	1	212552
830.4059679685842	1.0	NonTarget	1	212584
830.5309679261303	1.0	NonTarget	1	212616
830.6559678836765	1.0	NonTarget	1	212648
830.7809678412226	1.0	NonTarget	1	212680
830.9059677987688	1.0	NonTarget	1	212712
831.030967756315	1.0	NonTarget	1	212744
831.1559677138612	1.0	NonTarget	1	212776
831.2809676714073	1.0	NonTarget	1	212808
831.4059676289535	1.0	NonTarget	1	212840
831.5309675864996	1.0	NonTarget	1	212872
831.6559675440458	1.0	NonTarget	1	212904
831.7809675015919	1.0	NonTarget	1	212936
831.9059674591382	1.0	NonTarget	1	212968
832.0309674166843	1.0	NonTarget	1	213000
832.1559673742305	1.0	NonTarget	1	213032
832.2809673317767	1.0	NonTarget	1	213064
832.4059672893228	1.0	NonTarget	1	213096
832.530967246869	1.0	NonTarget	1	213128
832.6559672044151	1.0	NonTarget	1	213160
832.7809671619614	1.0	NonTarget	1	213192
832.9059671195075	1.0	NonTarget	1	213224
833.0309670770537	1.0	NonTarget	1	213256
833.1559670345998	1.0	NonTarget	1	213288
833.280966992146	1.0	NonTarget	1	213320
833.4059669496921	1.0	NonTarget	1	213352
833.5309669072383	1.0	NonTarget	1	213384
833.6559668647845	1.0	NonTarget	1	213416
833.7809668223307	1.0	NonTarget	1	213448
833.9059667798768	1.0	NonTarget	1	213480
834.030966737423	1.0	NonTarget	1	213512
834.1559666949692	1.0	NonTarget	1	213544
834.2809666525153	1.0	NonTarget	1	213576
834.4059666100616	1.0	NonTarget	1	213608
834.5309665676077	1.0	NonTarget	1	213640
834.6559665251539	1.0	NonTarget	1	213672
834.7809664827	1.0	NonTarget	1	213704
834.9059664402462	1.0	NonTarget	1	213736
835.0309663977923	1.0	NonTarget	1	213768
835.1559663553385	1.0	NonTarget	1	213800
835.2809663128847	1.0	NonTarget	1	213832
835.4059662704309	1.0	NonTarget	1	213864
835.530966227977	1.0	NonTarget	1	213896
835.6559661855232	1.0	NonTarget	1	213928
835.7809661430693	1.0	NonTarget	1	213960
835.9059661006155	1.0	NonTarget	1	213992
836.0309660581617	1.0	NonTarget	1	214024
836.1559660157079	1.0	NonTarget	1	214056
836.2809659732541	1.0	NonTarget	1	214088
836.4059659308002	1.0	NonTarget	1	214120
836.5309658883464	1.0	NonTarget	1	214152
836.6559658458925	1.0	NonTarget	1	214184
836.7809658034387	1.0	NonTarget	1	214216
836.9059657609849	1.0	NonTarget	1	214248
837.0309657185311	1.0	NonTarget	1	214280
837.1559656760772	1.0	NonTarget	1	214312
837.2809656336234	1.0	NonTarget	1	214344
837.4059655911695	1.0	NonTarget	1	214376
837.5309655487157	1.0	NonTarget	1	214408
837.6559655062619	1.0	NonTarget	1	214440
837.7809654638081	1.0	NonTarget	1	214472
837.9059654213543	1.0	NonTarget	1	214504
838.0309653789004	1.0	NonTarget	1	214536
838.1559653364466	1.0	NonTarget	1	214568
838.2809652939927	1.0	NonTarget	1	214600
838.4059652515389	1.0	NonTarget	1	214632
844.5309631713012	1.0	NonTarget	1	216200
844.6559631288474	1.0	NonTarget	1	216232
844.7809630863935	1.0	NonTarget	1	216264
844.9059630439397	1.0	NonTarget	1	216296
845.0309630014858	1.0	NonTarget	1	216328
845.155962959032	1.0	NonTarget	1	216360
845.2809629165782	1.0	NonTarget	1	216392
845.4059628741244	1.0	NonTarget	1	216424
845.5309628316705	1.0	NonTarget	1	216456
845.6559627892167	1.0	NonTarget	1	216488
845.7809627467628	1.0	NonTarget	1	216520
845.905962704309	1.0	NonTarget	1	216552
846.0309626618551	1.0	NonTarget	1	216584
846.1559626194014	1.0	NonTarget	1	216616
846.2809625769476	1.0	NonTarget	1	216648
846.4059625344937	1.0	NonTarget	1	216680
846.5309624920399	1.0	NonTarget	1	216712
846.655962449586	1.0	NonTarget	1	216744
846.7809624071322	1.0	NonTarget	1	216776
846.9059623646783	1.0	NonTarget	1	216808
847.0309623222246	1.0	NonTarget	1	216840
847.1559622797707	1.0	NonTarget	1	216872
847.2809622373169	1.0	NonTarget	1	216904
847.405962194863	1.0	NonTarget	1	216936
847.5309621524092	1.0	NonTarget	1	216968
847.6559621099553	1.0	NonTarget	1	217000
847.7809620675016	1.0	NonTarget	1	217032
847.9059620250478	1.0	NonTarget	1	217064
848.0309619825939	1.0	NonTarget	1	217096
848.1559619401401	1.0	NonTarget	1	217128
848.2809618976862	1.0	NonTarget	1	217160
848.4059618552324	1.0	NonTarget	1	217192
848.5309618127785	1.0	NonTarget	1	217224
848.6559617703248	1.0	NonTarget	1	217256
848.7809617278709	1.0	NonTarget	1	217288
848.9059616854171	1.0	NonTarget	1	217320
849.0309616429632	1.0	NonTarget	1	217352
849.1559616005094	1.0	NonTarget	1	217384
849.2809615580555	1.0	NonTarget	1	217416
849.4059615156017	1.0	NonTarget	1	217448
849.530961473148	1.0	NonTarget	1	217480
849.6559614306941	1.0	NonTarget	1	217512
849.7809613882403	1.0	NonTarget	1	217544
849.9059613457864	1.0	NonTarget	1	217576
850.0309613033326	1.0	NonTarget	1	217608
850.1559612608787	1.0	NonTarget	1	217640
850.2809612184249	1.0	NonTarget	1	217672
850.4059611759711	1.0	NonTarget	1	217704
850.5309611335173	1.0	NonTarget	1	217736
850.6559610910634	1.0	NonTarget	1	217768
850.7809610486096	1.0	NonTarget	1	217800
850.9059610061557	1.0	NonTarget	1	217832
851.0309609637019	1.0	NonTarget	1	217864
851.1559609212482	1.0	NonTarget	1	217896
851.2809608787943	1.0	NonTarget	1	217928
851.4059608363405	1.0	NonTarget	1	217960
851.5309607938866	1.0	NonTarget	1	217992
851.6559607514328	1.0	NonTarget	1	218024
851.7809607089789	1.0	NonTarget	1	218056
851.9059606665251	1.0	NonTarget	1	218088
852.0309606240713	1.0	NonTarget	1	218120
852.1559605816175	1.0	NonTarget	1	218152
852.2809605391636	1.0	NonTarget	1	218184
852.4059604967098	1.0	NonTarget	1	218216
852.5309604542559	1.0	NonTarget	1	218248
852.6559604118021	1.0	NonTarget	1	218280
852.7809603693482	1.0	NonTarget	1	218312
852.9059603268945	1.0	NonTarget	1	218344
853.0309602844407	1.0	NonTarget	1	218376
853.1559602419868	1.0	NonTarget	1	218408
853.280960199533	1.0	NonTarget	1	218440
853.4059601570791	1.0	NonTarget	1	218472
853.5309601146253	1.0	NonTarget	1	218504
853.6559600721715	1.0	NonTarget	1	218536
853.7809600297177	1.0	NonTarget	1	218568
853.9059599872638	1.0	NonTarget	1	218600
854.03095994481	1.0	NonTarget	1	218632
854.1559599023561	1.0	NonTarget	1	218664
854.2809598599023	1.0	NonTarget	1	218696
854.4059598174484	1.0	NonTarget	1	218728
854.5309597749947	1.0	NonTarget	1	218760
854.6559597325409	1.0	NonTarget	1	218792
854.780959690087	1.0	NonTarget	1	218824
854.9059596476332	1.0	NonTarget	1	218856
855.0309596051793	1.0	NonTarget	1	218888
855.1559595627255	1.0	NonTarget	1	218920
855.2809595202716	1.0	NonTarget	1	218952
855.4059594778179	1.0	NonTarget	1	218984
855.530959435364	1.0	NonTarget	1	219016
855.6559593929102	1.0	NonTarget	1	219048
855.7809593504563	1.0	NonTarget	1	219080
855.9059593080025	1.0	NonTarget	1	219112
856.0309592655486	1.0	NonTarget	1	219144
856.1559592230949	1.0	NonTarget	1	219176
856.280959180641	1.0	NonTarget	1	219208
856.4059591381872	1.0	NonTarget	1	219240
856.5309590957334	1.0	NonTarget	1	219272
856.6559590532795	1.0	NonTarget	1	219304
856.7809590108257	1.0	NonTarget	1	219336
856.9059589683718	1.0	NonTarget	1	219368
857.0309589259181	1.0	NonTarget	1	219400
857.1559588834642	1.0	NonTarget	1	219432
857.2809588410104	1.0	NonTarget	1	219464
857.4059587985565	1.0	NonTarget	1	219496
857.5309587561027	1.0	NonTarget	1	219528
857.6559587136488	1.0	NonTarget	1	219560
857.780958671195	1.0	NonTarget	1	219592
857.9059586287412	1.0	NonTarget	1	219624
858.0309585862874	1.0	NonTarget	1	219656
858.1559585438335	1.0	NonTarget	1	219688
858.2809585013797	1.0	NonTarget	1	219720
858.4059584589259	1.0	NonTarget	1	219752
858.530958416472	1.0	NonTarget	1	219784
858.6559583740183	1.0	NonTarget	1	219816
858.7809583315644	1.0	NonTarget	1	219848
858.9059582891106	1.0	NonTarget	1	219880
859.0309582466567	1.0	NonTarget	1	219912
859.1559582042029	1.0	NonTarget	1	219944
859.280958161749	1.0	NonTarget	1	219976
859.4059581192952	1.0	NonTarget	1	220008
865.5309560390575	1.0	NonTarget	1	221576
865.6559559966037	1.0	NonTarget	1	221608
865.7809559541498	1.0	NonTarget	1	221640
865.905955911696	1.0	NonTarget	1	221672
866.0309558692421	1.0	NonTarget	1	221704
866.1559558267883	1.0	NonTarget	1	221736
866.2809557843345	1.0	NonTarget	1	221768
866.4059557418807	1.0	NonTarget	1	221800
866.5309556994268	1.0	NonTarget	1	221832
866.655955656973	1.0	NonTarget	1	221864
866.7809556145191	1.0	NonTarget	1	221896
866.9059555720653	1.0	NonTarget	1	221928
867.0309555296116	1.0	NonTarget	1	221960
867.1559554871577	1.0	NonTarget	1	221992
867.2809554447039	1.0	NonTarget	1	222024
867.40595540225	1.0	NonTarget	1	222056
867.5309553597962	1.0	NonTarget	1	222088
867.6559553173423	1.0	NonTarget	1	222120
867.7809552748885	1.0	NonTarget	1	222152
867.9059552324347	1.0	NonTarget	1	222184
868.0309551899809	1.0	NonTarget	1	222216
868.155955147527	1.0	NonTarget	1	222248
868.2809551050732	1.0	NonTarget	1	222280
868.4059550626193	1.0	NonTarget	1	222312
868.5309550201655	1.0	NonTarget	1	222344
868.6559549777116	1.0	NonTarget	1	222376
868.7809549352579	1.0	NonTarget	1	222408
868.9059548928041	1.0	NonTarget	1	222440
869.0309548503502	1.0	NonTarget	1	222472
869.1559548078964	1.0	NonTarget	1	222504
869.2809547654425	1.0	NonTarget	1	222536
869.4059547229887	1.0	NonTarget	1	222568
869.5309546805348	1.0	NonTarget	1	222600
869.6559546380811	1.0	NonTarget	1	222632
869.7809545956272	1.0	NonTarget	1	222664
869.9059545531734	1.0	NonTarget	1	222696
870.0309545107195	1.0	NonTarget	1	222728
870.1559544682657	1.0	NonTarget	1	222760
870.2809544258118	1.0	NonTarget	1	222792
870.4059543833581	1.0	NonTarget	1	222824
870.5309543409043	1.0	NonTarget	1	222856
870.6559542984504	1.0	NonTarget	1	222888
870.7809542559966	1.0	NonTarget	1	222920
870.9059542135427	1.0	NonTarget	1	222952
871.0309541710889	1.0	NonTarget	1	222984
871.155954128635	1.0	NonTarget	1	223016
871.2809540861813	1.0	NonTarget	1	223048
871.4059540437274	1.0	NonTarget	1	223080
871.5309540012736	1.0	NonTarget	1	223112
871.6559539588197	1.0	NonTarget	1	223144
871.7809539163659	1.0	NonTarget	1	223176
871.905953873912	1.0	NonTarget	1	223208
872.0309538314582	1.0	NonTarget	1	223240
872.1559537890045	1.0	NonTarget	1	223272
872.2809537465506	1.0	NonTarget	1	223304
872.4059537040968	1.0	NonTarget	1	223336
872.5309536616429	1.0	NonTarget	1	223368
872.6559536191891	1.0	NonTarget	1	223400
872.7809535767352	1.0	NonTarget	1	223432
872.9059535342815	1.0	NonTarget	1	223464
873.0309534918276	1.0	NonTarget	1	223496
873.1559534493738	1.0	NonTarget	1	223528
873.2809534069199	1.0	NonTarget	1	223560
873.4059533644661	1.0	NonTarget	1	223592
873.5309533220122	1.0	NonTarget	1	223624
873.6559532795584	1.0	NonTarget	1	223656
873.7809532371047	1.0	NonTarget	1	223688
873.9059531946508	1.0	NonTarget	1	223720
874.030953152197	1.0	NonTarget	1	223752
874.1559531097431	1.0	NonTarget	1	223784
874.2809530672893	1.0	NonTarget	1	223816
874.4059530248354	1.0	NonTarget	1	223848
874.5309529823816	1.0	NonTarget	1	223880
874.6559529399278	1.0	NonTarget	1	223912
874.780952897474	1.0	NonTarget	1	223944
874.9059528550201	1.0	NonTarget	1	223976
875.0309528125663	1.0	NonTarget	1	224008
875.1559527701124	1.0	NonTarget	1	224040
875.2809527276586	1.0	NonTarget	1	224072
875.4059526852049	1.0	NonTarget	1	224104
875.530952642751	1.0	NonTarget	1	224136
875.6559526002972	1.0	NonTarget	1	224168
875.7809525578433	1.0	NonTarget	1	224200
875.9059525153895	1.0	NonTarget	1	224232
876.0309524729356	1.0	NonTarget	1	224264
876.1559524304818	1.0	NonTarget	1	224296
876.280952388028	1.0	NonTarget	1	224328
876.4059523455742	1.0	NonTarget	1	224360
876.5309523031203	1.0	NonTarget	1	224392
876.6559522606665	1.0	NonTarget	1	224424
876.7809522182126	1.0	NonTarget	1	224456
876.9059521757588	1.0	NonTarget	1	224488
877.0309521333049	1.0	NonTarget	1	224520
877.1559520908512	1.0	NonTarget	1	224552
877.2809520483974	1.0	NonTarget	1	224584
877.4059520059435	1.0	NonTarget	1	224616
877.5309519634897	1.0	NonTarget	1	224648
877.6559519210358	1.0	NonTarget	1	224680
877.780951878582	1.0	NonTarget	1	224712
877.9059518361281	1.0	NonTarget	1	224744
878.0309517936744	1.0	NonTarget	1	224776
878.1559517512205	1.0	NonTarget	1	224808
878.2809517087667	1.0	NonTarget	1	224840
878.4059516663128	1.0	NonTarget	1	224872
878.530951623859	1.0	NonTarget	1	224904
878.6559515814051	1.0	NonTarget	1	224936
878.7809515389514	1.0	NonTarget	1	224968
878.9059514964976	1.0	NonTarget	1	225000
879.0309514540437	1.0	NonTarget	1	225032
879.1559514115899	1.0	NonTarget	1	225064
879.280951369136	1.0	NonTarget	1	225096
879.4059513266822	1.0	NonTarget	1	225128
879.5309512842283	1.0	NonTarget	1	225160
879.6559512417746	1.0	NonTarget	1	225192
879.7809511993207	1.0	NonTarget	1	225224
879.9059511568669	1.0	NonTarget	1	225256
880.030951114413	1.0	NonTarget	1	225288
880.1559510719592	1.0	NonTarget	1	225320
880.2809510295053	1.0	NonTarget	1	225352
880.4059509870515	1.0	NonTarget	1	225384
886.5309489068138	1.0	NonTarget	1	226952
886.65594886436	1.0	NonTarget	1	226984
886.7809488219061	1.0	NonTarget	1	227016
886.9059487794523	1.0	NonTarget	1	227048
887.0309487369984	1.0	NonTarget	1	227080
887.1559486945447	1.0	NonTarget	1	227112
887.2809486520908	1.0	NonTarget	1	227144
887.405948609637	1.0	NonTarget	1	227176
887.5309485671831	1.0	NonTarget	1	227208
887.6559485247293	1.0	NonTarget	1	227240
887.7809484822754	1.0	NonTarget	1	227272
887.9059484398216	1.0	NonTarget	1	227304
888.0309483973679	1.0	NonTarget	1	227336
888.155948354914	1.0	NonTarget	1	227368
888.2809483124602	1.0	NonTarget	1	227400
888.4059482700063	1.0	NonTarget	1	227432
888.5309482275525	1.0	NonTarget	1	227464
888.6559481850986	1.0	NonTarget	1	227496
888.7809481426448	1.0	NonTarget	1	227528
888.905948100191	1.0	NonTarget	1	227560
889.0309480577372	1.0	NonTarget	1	227592
889.1559480152833	1.0	NonTarget	1	227624
889.2809479728295	1.0	NonTarget	1	227656
889.4059479303756	1.0	NonTarget	1	227688
889.5309478879218	1.0	NonTarget	1	227720
889.6559478454681	1.0	NonTarget	1	227752
889.7809478030142	1.0	NonTarget	1	227784
889.9059477605604	1.0	NonTarget	1	227816
890.0309477181065	1.0	NonTarget	1	227848
890.1559476756527	1.0	NonTarget	1	227880
890.2809476331988	1.0	NonTarget	1	227912
890.405947590745	1.0	NonTarget	1	227944
890.5309475482912	1.0	NonTarget	1	227976
890.6559475058374	1.0	NonTarget	1	228008
890.7809474633835	1.0	NonTarget	1	228040
890.9059474209297	1.0	NonTarget	1	228072
891.0309473784758	1.0	NonTarget	1	228104
891.155947336022	1.0	NonTarget	1	228136
891.2809472935681	1.0	NonTarget	1	228168
891.4059472511144	1.0	NonTarget	1	228200
891.5309472086606	1.0	NonTarget	1	228232
891.6559471662067	1.0	NonTarget	1	228264
891.7809471237529	1.0	NonTarget	1	228296
891.905947081299	1.0	NonTarget	1	228328
892.0309470388452	1.0	NonTarget	1	228360
892.1559469963914	1.0	NonTarget	1	228392
892.2809469539376	1.0	NonTarget	1	228424
892.4059469114837	1.0	NonTarget	1	228456
892.5309468690299	1.0	NonTarget	1	228488
892.655946826576	1.0	NonTarget	1	228520
892.7809467841222	1.0	NonTarget	1	228552
892.9059467416683	1.0	NonTarget	1	228584
893.0309466992146	1.0	NonTarget	1	228616
893.1559466567608	1.0	NonTarget	1	228648
893.2809466143069	1.0	NonTarget	1	228680
893.4059465718531	1.0	NonTarget	1	228712
893.5309465293992	1.0	NonTarget	1	228744
893.6559464869454	1.0	NonTarget	1	228776
893.7809464444915	1.0	NonTarget	1	228808
893.9059464020378	1.0	NonTarget	1	228840
894.0309463595839	1.0	NonTarget	1	228872
894.1559463171301	1.0	NonTarget	1	228904
894.2809462746762	1.0	NonTarget	1	228936
894.4059462322224	1.0	NonTarget	1	228968
894.5309461897685	1.0	NonTarget	1	229000
894.6559461473147	1.0	NonTarget	1	229032
894.780946104861	1.0	NonTarget	1	229064
894.9059460624071	1.0	NonTarget	1	229096
895.0309460199533	1.0	NonTarget	1	229128
895.1559459774994	1.0	NonTarget	1	229160
895.2809459350456	1.0	NonTarget	1	229192
895.4059458925917	1.0	NonTarget	1	229224
895.530945850138	1.0	NonTarget	1	229256
895.6559458076841	1.0	NonTarget	1	229288
895.7809457652303	1.0	NonTarget	1	229320
895.9059457227764	1.0	NonTarget	1	229352
896.0309456803226	1.0	NonTarget	1	229384
896.1559456378687	1.0	NonTarget	1	229416
896.2809455954149	1.0	NonTarget	1	229448
896.4059455529612	1.0	NonTarget	1	229480
896.5309455105073	1.0	NonTarget	1	229512
896.6559454680535	1.0	NonTarget	1	229544
896.7809454255996	1.0	NonTarget	1	229576
896.9059453831458	1.0	NonTarget	1	229608
897.0309453406919	1.0	NonTarget	1	229640
897.1559452982381	1.0	NonTarget	1	229672
897.2809452557843	1.0	NonTarget	1	229704
897.4059452133305	1.0	NonTarget	1	229736
897.5309451708766	1.0	NonTarget	1	229768
897.6559451284228	1.0	NonTarget	1	229800
897.7809450859689	1.0	NonTarget	1	229832
897.9059450435151	1.0	NonTarget	1	229864
898.0309450010614	1.0	NonTarget	1	229896
898.1559449586075	1.0	NonTarget	1	229928
898.2809449161537	1.0	NonTarget	1	229960
898.4059448736998	1.0	NonTarget	1	229992
898.530944831246	1.0	NonTarget	1	230024
898.6559447887921	1.0	NonTarget	1	230056
898.7809447463383	1.0	NonTarget	1	230088
898.9059447038845	1.0	NonTarget	1	230120
899.0309446614307	1.0	NonTarget	1	230152
899.1559446189768	1.0	NonTarget	1	230184
899.280944576523	1.0	NonTarget	1	230216
899.4059445340691	1.0	NonTarget	1	230248
899.5309444916153	1.0	NonTarget	1	230280
899.6559444491614	1.0	NonTarget	1	230312
899.7809444067077	1.0	NonTarget	1	230344
899.9059443642539	1.0	NonTarget	1	230376
900.0309443218	1.0	NonTarget	1	230408
900.1559442793462	1.0	NonTarget	1	230440
900.2809442368923	1.0	NonTarget	1	230472
900.4059441944385	1.0	NonTarget	1	230504
900.5309441519847	1.0	NonTarget	1	230536
900.6559441095309	1.0	NonTarget	1	230568
900.780944067077	1.0	NonTarget	1	230600
900.9059440246232	1.0	NonTarget	1	230632
901.0309439821693	1.0	NonTarget	1	230664
901.1559439397155	1.0	NonTarget	1	230696
901.2809438972616	1.0	NonTarget	1	230728
901.4059438548079	1.0	NonTarget	1	230760
907.5309417745701	1.0	NonTarget	1	232328
907.6559417321163	1.0	NonTarget	1	232360
907.7809416896624	1.0	NonTarget	1	232392
907.9059416472086	1.0	NonTarget	1	232424
908.0309416047547	1.0	NonTarget	1	232456
908.155941562301	1.0	NonTarget	1	232488
908.2809415198471	1.0	NonTarget	1	232520
908.4059414773933	1.0	NonTarget	1	232552
908.5309414349395	1.0	NonTarget	1	232584
908.6559413924856	1.0	NonTarget	1	232616
908.7809413500318	1.0	NonTarget	1	232648
908.905941307578	1.0	NonTarget	1	232680
909.0309412651242	1.0	NonTarget	1	232712
909.1559412226703	1.0	NonTarget	1	232744
909.2809411802165	1.0	NonTarget	1	232776
909.4059411377626	1.0	NonTarget	1	232808
909.5309410953088	1.0	NonTarget	1	232840
909.6559410528549	1.0	NonTarget	1	232872
909.7809410104012	1.0	NonTarget	1	232904
909.9059409679473	1.0	NonTarget	1	232936
910.0309409254935	1.0	NonTarget	1	232968
910.1559408830396	1.0	NonTarget	1	233000
910.2809408405858	1.0	NonTarget	1	233032
910.405940798132	1.0	NonTarget	1	233064
910.5309407556781	1.0	NonTarget	1	233096
910.6559407132244	1.0	NonTarget	1	233128
910.7809406707705	1.0	NonTarget	1	233160
910.9059406283167	1.0	NonTarget	1	233192
911.0309405858628	1.0	NonTarget	1	233224
911.155940543409	1.0	NonTarget	1	233256
911.2809405009551	1.0	NonTarget	1	233288
911.4059404585013	1.0	NonTarget	1	233320
911.5309404160475	1.0	NonTarget	1	233352
911.6559403735937	1.0	NonTarget	1	233384
911.7809403311398	1.0	NonTarget	1	233416
911.905940288686	1.0	NonTarget	1	233448
912.0309402462321	1.0	NonTarget	1	233480
912.1559402037783	1.0	NonTarget	1	233512
912.2809401613246	1.0	NonTarget	1	233544
912.4059401188707	1.0	NonTarget	1	233576
912.5309400764169	1.0	NonTarget	1	233608
912.655940033963	1.0	NonTarget	1	233640
912.7809399915092	1.0	NonTarget	1	233672
912.9059399490553	1.0	NonTarget	1	233704
913.0309399066015	1.0	NonTarget	1	233736
913.1559398641477	1.0	NonTarget	1	233768
913.2809398216939	1.0	NonTarget	1	233800
913.40593977924	1.0	NonTarget	1	233832
913.5309397367862	1.0	NonTarget	1	233864
913.6559396943323	1.0	NonTarget	1	233896
913.7809396518785	1.0	NonTarget	1	233928
913.9059396094246	1.0	NonTarget	1	233960
914.0309395669709	1.0	NonTarget	1	233992
914.1559395245171	1.0	NonTarget	1	234024
914.2809394820632	1.0	NonTarget	1	234056
914.4059394396094	1.0	NonTarget	1	234088
914.5309393971555	1.0	NonTarget	1	234120
914.6559393547017	1.0	NonTarget	1	234152
914.7809393122479	1.0	NonTarget	1	234184
914.9059392697941	1.0	NonTarget	1	234216
915.0309392273402	1.0	NonTarget	1	234248
915.1559391848864	1.0	NonTarget	1	234280
915.2809391424325	1.0	NonTarget	1	234312
915.4059390999787	1.0	NonTarget	1	234344
915.5309390575248	1.0	NonTarget	1	234376
915.6559390150711	1.0	NonTarget	1	234408
915.7809389726173	1.0	NonTarget	1	234440
915.9059389301634	1.0	NonTarget	1	234472
916.0309388877096	1.0	NonTarget	1	234504
916.1559388452557	1.0	NonTarget	1	234536
916.2809388028019	1.0	NonTarget	1	234568
916.405938760348	1.0	NonTarget	1	234600
916.5309387178943	1.0	NonTarget	1	234632
916.6559386754404	1.0	NonTarget	1	234664
916.7809386329866	1.0	NonTarget	1	234696
916.9059385905327	1.0	NonTarget	1	234728
917.0309385480789	1.0	NonTarget	1	234760
917.155938505625	1.0	NonTarget	1	234792
917.2809384631713	1.0	NonTarget	1	234824
917.4059384207175	1.0	NonTarget	1	234856
917.5309383782636	1.0	NonTarget	1	234888
917.6559383358098	1.0	NonTarget	1	234920
917.7809382933559	1.0	NonTarget	1	234952
917.9059382509021	1.0	NonTarget	1	234984
918.0309382084482	1.0	NonTarget	1	235016
918.1559381659945	1.0	NonTarget	1	235048
918.2809381235406	1.0	NonTarget	1	235080
918.4059380810868	1.0	NonTarget	1	235112
918.5309380386329	1.0	NonTarget	1	235144
918.6559379961791	1.0	NonTarget	1	235176
918.7809379537252	1.0	NonTarget	1	235208
918.9059379112714	1.0	NonTarget	1	235240
919.0309378688177	1.0	NonTarget	1	235272
919.1559378263638	1.0	NonTarget	1	235304
919.28093778391	1.0	NonTarget	1	235336
919.4059377414561	1.0	NonTarget	1	235368
919.5309376990023	1.0	NonTarget	1	235400
919.6559376565484	1.0	NonTarget	1	235432
919.7809376140947	1.0	NonTarget	1	235464
919.9059375716408	1.0	NonTarget	1	235496
920.030937529187	1.0	NonTarget	1	235528
920.1559374867331	1.0	NonTarget	1	235560
920.2809374442793	1.0	NonTarget	1	235592
920.4059374018254	1.0	NonTarget	1	235624
920.5309373593716	1.0	NonTarget	1	235656
920.6559373169179	1.0	NonTarget	1	235688
920.780937274464	1.0	NonTarget	1	235720
920.9059372320102	1.0	NonTarget	1	235752
921.0309371895563	1.0	NonTarget	1	235784
921.1559371471025	1.0	NonTarget	1	235816
921.2809371046486	1.0	NonTarget	1	235848
921.4059370621948	1.0	NonTarget	1	235880
921.530937019741	1.0	NonTarget	1	235912
921.6559369772872	1.0	NonTarget	1	235944
921.7809369348333	1.0	NonTarget	1	235976
921.9059368923795	1.0	NonTarget	1	236008
922.0309368499256	1.0	NonTarget	1	236040
922.1559368074718	1.0	NonTarget	1	236072
922.2809367650179	1.0	NonTarget	1	236104
922.4059367225642	1.0	NonTarget	1	236136
928.5309346423264	1.0	NonTarget	1	237704
928.6559345998726	1.0	NonTarget	1	237736
928.7809345574187	1.0	NonTarget	1	237768
928.9059345149649	1.0	NonTarget	1	237800
929.0309344725111	1.0	NonTarget	1	237832
929.1559344300573	1.0	NonTarget	1	237864
929.2809343876035	1.0	NonTarget	1	237896
929.4059343451496	1.0	NonTarget	1	237928
929.5309343026958	1.0	NonTarget	1	237960
929.6559342602419	1.0	NonTarget	1	237992
929.7809342177881	1.0	NonTarget	1	238024
929.9059341753343	1.0	NonTarget	1	238056
930.0309341328805	1.0	NonTarget	1	238088
930.1559340904266	1.0	NonTarget	1	238120
930.2809340479728	1.0	NonTarget	1	238152
930.4059340055189	1.0	NonTarget	1	238184
930.5309339630651	1.0	NonTarget	1	238216
930.6559339206112	1.0	NonTarget	1	238248
930.7809338781575	1.0	NonTarget	1	238280
930.9059338357036	1.0	NonTarget	1	238312
931.0309337932498	1.0	NonTarget	1	238344
931.155933750796	1.0	NonTarget	1	238376
931.2809337083421	1.0	NonTarget	1	238408
931.4059336658883	1.0	NonTarget	1	238440
931.5309336234345	1.0	NonTarget	1	238472
931.6559335809807	1.0	NonTarget	1	238504
931.7809335385268	1.0	NonTarget	1	238536
931.905933496073	1.0	NonTarget	1	238568
932.0309334536191	1.0	NonTarget	1	238600
932.1559334111653	1.0	NonTarget	1	238632
932.2809333687114	1.0	NonTarget	1	238664
932.4059333262577	1.0	NonTarget	1	238696
932.5309332838038	1.0	NonTarget	1	238728
932.65593324135	1.0	NonTarget	1	238760
932.7809331988962	1.0	NonTarget	1	238792
932.9059331564423	1.0	NonTarget	1	238824
933.0309331139885	1.0	NonTarget	1	238856
933.1559330715346	1.0	NonTarget	1	238888
933.2809330290809	1.0	NonTarget	1	238920
933.405932986627	1.0	NonTarget	1	238952
933.5309329441732	1.0	NonTarget	1	238984
933.6559329017193	1.0	NonTarget	1	239016
933.7809328592655	1.0	NonTarget	1	239048
933.9059328168116	1.0	NonTarget	1	239080
934.0309327743579	1.0	NonTarget	1	239112
934.155932731904	1.0	NonTarget	1	239144
934.2809326894502	1.0	NonTarget	1	239176
934.4059326469963	1.0	NonTarget	1	239208
934.5309326045425	1.0	NonTarget	1	239240
934.6559325620887	1.0	NonTarget	1	239272
934.7809325196348	1.0	NonTarget	1	239304
934.9059324771811	1.0	NonTarget	1	239336
935.0309324347272	1.0	NonTarget	1	239368
935.1559323922734	1.0	NonTarget	1	239400
935.2809323498195	1.0	NonTarget	1	239432
935.4059323073657	1.0	NonTarget	1	239464
935.5309322649118	1.0	NonTarget	1	239496
935.655932222458	1.0	NonTarget	1	239528
935.7809321800042	1.0	NonTarget	1	239560
935.9059321375504	1.0	NonTarget	1	239592
936.0309320950965	1.0	NonTarget	1	239624
936.1559320526427	1.0	NonTarget	1	239656
936.2809320101888	1.0	NonTarget	1	239688
936.405931967735	1.0	NonTarget	1	239720
936.5309319252813	1.0	NonTarget	1	239752
936.6559318828274	1.0	NonTarget	1	239784
936.7809318403736	1.0	NonTarget	1	239816
936.9059317979197	1.0	NonTarget	1	239848
937.0309317554659	1.0	NonTarget	1	239880
937.155931713012	1.0	NonTarget	1	239912
937.2809316705582	1.0	NonTarget	1	239944
937.4059316281044	1.0	NonTarget	1	239976
937.5309315856506	1.0	NonTarget	1	240008
937.6559315431967	1.0	NonTarget	1	240040
937.7809315007429	1.0	NonTarget	1	240072
937.905931458289	1.0	NonTarget	1	240104
938.0309314158352	1.0	NonTarget	1	240136
938.1559313733813	1.0	NonTarget	1	240168
938.2809313309276	1.0	NonTarget	1	240200
938.4059312884738	1.0	NonTarget	1	240232
938.5309312460199	1.0	NonTarget	1	240264
938.6559312035661	1.0	NonTarget	1	240296
938.7809311611122	1.0	NonTarget	1	240328
938.9059311186584	1.0	NonTarget	1	240360
939.0309310762045	1.0	NonTarget	1	240392
939.1559310337508	1.0	NonTarget	1	240424
939.2809309912969	1.0	NonTarget	1	240456
939.4059309488431	1.0	NonTarget	1	240488
939.5309309063892	1.0	NonTarget	1	240520
939.6559308639354	1.0	NonTarget	1	240552
939.7809308214815	1.0	NonTarget	1	240584
939.9059307790278	1.0	NonTarget	1	240616
940.030930736574	1.0	NonTarget	1	240648
940.1559306941201	1.0	NonTarget	1	240680
940.2809306516663	1.0	NonTarget	1	240712
940.4059306092124	1.0	NonTarget	1	240744
940.5309305667586	1.0	NonTarget	1	240776
940.6559305243047	1.0	NonTarget	1	240808
940.780930481851	1.0	NonTarget	1	240840
940.9059304393971	1.0	NonTarget	1	240872
941.0309303969433	1.0	NonTarget	1	240904
941.1559303544894	1.0	NonTarget	1	240936
941.2809303120356	1.0	NonTarget	1	240968
941.4059302695817	1.0	NonTarget	1	241000
941.5309302271279	1.0	NonTarget	1	241032
941.6559301846742	1.0	NonTarget	1	241064
941.7809301422203	1.0	NonTarget	1	241096
941.9059300997665	1.0	NonTarget	1	241128
942.0309300573126	1.0	NonTarget	1	241160
942.1559300148588	1.0	NonTarget	1	241192
942.2809299724049	1.0	NonTarget	1	241224
942.4059299299512	1.0	NonTarget	1	241256
942.5309298874973	1.0	NonTarget	1	241288
942.6559298450435	1.0	NonTarget	1	241320
942.7809298025896	1.0	NonTarget	1	241352
942.9059297601358	1.0	NonTarget	1	241384
943.0309297176819	1.0	NonTarget	1	241416
943.1559296752281	1.0	NonTarget	1	241448
943.2809296327744	1.0	NonTarget	1	241480
943.4059295903205	1.0	NonTarget	1	241512
949.5309275100827	1.0	NonTarget	1	243080
949.6559274676289	1.0	NonTarget	1	243112
949.780927425175	1.0	NonTarget	1	243144
949.9059273827212	1.0	NonTarget	1	243176
950.0309273402675	1.0	NonTarget	1	243208
950.1559272978136	1.0	NonTarget	1	243240
950.2809272553598	1.0	NonTarget	1	243272
950.4059272129059	1.0	NonTarget	1	243304
950.5309271704521	1.0	NonTarget	1	243336
950.6559271279982	1.0	NonTarget	1	243368
950.7809270855445	1.0	NonTarget	1	243400
950.9059270430906	1.0	NonTarget	1	243432
951.0309270006368	1.0	NonTarget	1	243464
951.1559269581829	1.0	NonTarget	1	243496
951.2809269157291	1.0	NonTarget	1	243528
951.4059268732752	1.0	NonTarget	1	243560
951.5309268308214	1.0	NonTarget	1	243592
951.6559267883677	1.0	NonTarget	1	243624
951.7809267459138	1.0	NonTarget	1	243656
951.90592670346	1.0	NonTarget	1	243688
952.0309266610061	1.0	NonTarget	1	243720
952.1559266185523	1.0	NonTarget	1	243752
952.2809265760984	1.0	NonTarget	1	243784
952.4059265336446	1.0	NonTarget	1	243816
952.5309264911908	1.0	NonTarget	1	243848
952.655926448737	1.0	NonTarget	1	243880
952.7809264062831	1.0	NonTarget	1	243912
952.9059263638293	1.0	NonTarget	1	243944
953.0309263213754	1.0	NonTarget	1	243976
953.1559262789216	1.0	NonTarget	1	244008
953.2809262364678	1.0	NonTarget	1	244040
953.405926194014	1.0	NonTarget	1	244072
953.5309261515602	1.0	NonTarget	1	244104
953.6559261091063	1.0	NonTarget	1	244136
953.7809260666525	1.0	NonTarget	1	244168
953.9059260241986	1.0	NonTarget	1	244200
954.0309259817448	1.0	NonTarget	1	244232
954.155925939291	1.0	NonTarget	1	244264
954.2809258968372	1.0	NonTarget	1	244296
954.4059258543833	1.0	NonTarget	1	244328
954.5309258119295	1.0	NonTarget	1	244360
954.6559257694756	1.0	NonTarget	1	244392
954.7809257270218	1.0	NonTarget	1	244424
954.9059256845679	1.0	NonTarget	1	244456
955.0309256421142	1.0	NonTarget	1	244488
955.1559255996603	1.0	NonTarget	1	244520
955.2809255572065	1.0	NonTarget	1	244552
955.4059255147527	1.0	NonTarget	1	244584
955.5309254722988	1.0	NonTarget	1	244616
955.655925429845	1.0	NonTarget	1	244648
955.7809253873911	1.0	NonTarget	1	244680
955.9059253449374	1.0	NonTarget	1	244712
956.0309253024835	1.0	NonTarget	1	244744
956.1559252600297	1.0	NonTarget	1	244776
956.2809252175758	1.0	NonTarget	1	244808
956.405925175122	1.0	NonTarget	1	244840
956.5309251326681	1.0	NonTarget	1	244872
956.6559250902144	1.0	NonTarget	1	244904
956.7809250477605	1.0	NonTarget	1	244936
956.9059250053067	1.0	NonTarget	1	244968
957.0309249628529	1.0	NonTarget	1	245000
957.155924920399	1.0	NonTarget	1	245032
957.2809248779452	1.0	NonTarget	1	245064
957.4059248354913	1.0	NonTarget	1	245096
957.5309247930376	1.0	NonTarget	1	245128
957.6559247505837	1.0	NonTarget	1	245160
957.7809247081299	1.0	NonTarget	1	245192
957.905924665676	1.0	NonTarget	1	245224
958.0309246232222	1.0	NonTarget	1	245256
958.1559245807683	1.0	NonTarget	1	245288
958.2809245383145	1.0	NonTarget	1	245320
958.4059244958607	1.0	NonTarget	1	245352
958.5309244534069	1.0	NonTarget	1	245384
958.655924410953	1.0	NonTarget	1	245416
958.7809243684992	1.0	NonTarget	1	245448
958.9059243260454	1.0	NonTarget	1	245480
959.0309242835915	1.0	NonTarget	1	245512
959.1559242411378	1.0	NonTarget	1	245544
959.2809241986839	1.0	NonTarget	1	245576
959.4059241562301	1.0	NonTarget	1	245608
959.5309241137762	1.0	NonTarget	1	245640
959.6559240713224	1.0	NonTarget	1	245672
959.7809240288685	1.0	NonTarget	1	245704
959.9059239864147	1.0	NonTarget	1	245736
960.0309239439609	1.0	NonTarget	1	245768
960.1559239015071	1.0	NonTarget	1	245800
960.2809238590532	1.0	NonTarget	1	245832
960.4059238165994	1.0	NonTarget	1	245864
960.5309237741455	1.0	NonTarget	1	245896
960.6559237316917	1.0	NonTarget	1	245928
960.7809236892379	1.0	NonTarget	1	245960
960.9059236467841	1.0	NonTarget	1	245992
961.0309236043303	1.0	NonTarget	1	246024
961.1559235618764	1.0	NonTarget	1	246056
961.2809235194226	1.0	NonTarget	1	246088
961.4059234769687	1.0	NonTarget	1	246120
961.5309234345149	1.0	NonTarget	1	246152
961.6559233920611	1.0	NonTarget	1	246184
961.7809233496073	1.0	NonTarget	1	246216
961.9059233071534	1.0	NonTarget	1	246248
962.0309232646996	1.0	NonTarget	1	246280
962.1559232222457	1.0	NonTarget	1	246312
962.2809231797919	1.0	NonTarget	1	246344
962.405923137338	1.0	NonTarget	1	246376
962.5309230948843	1.0	NonTarget	1	246408
962.6559230524305	1.0	NonTarget	1	246440
962.7809230099766	1.0	NonTarget	1	246472
962.9059229675228	1.0	NonTarget	1	246504
963.0309229250689	1.0	NonTarget	1	246536
963.1559228826151	1.0	NonTarget	1	246568
963.2809228401612	1.0	NonTarget	1	246600
963.4059227977075	1.0	NonTarget	1	246632
963.5309227552536	1.0	NonTarget	1	246664
963.6559227127998	1.0	NonTarget	1	246696
963.780922670346	1.0	NonTarget	1	246728
963.9059226278921	1.0	NonTarget	1	246760
964.0309225854382	1.0	NonTarget	1	246792
964.1559225429844	1.0	NonTarget	1	246824
964.2809225005307	1.0	NonTarget	1	246856
964.4059224580768	1.0	NonTarget	1	246888
970.530920377839	1.0	NonTarget	1	248456
970.6559203353852	1.0	NonTarget	1	248488
970.7809202929313	1.0	NonTarget	1	248520
970.9059202504776	1.0	NonTarget	1	248552
971.0309202080238	1.0	NonTarget	1	248584
971.1559201655699	1.0	NonTarget	1	248616
971.2809201231161	1.0	NonTarget	1	248648
971.4059200806622	1.0	NonTarget	1	248680
971.5309200382084	1.0	NonTarget	1	248712
971.6559199957545	1.0	NonTarget	1	248744
971.7809199533008	1.0	NonTarget	1	248776
971.9059199108469	1.0	NonTarget	1	248808
972.0309198683931	1.0	NonTarget	1	248840
972.1559198259392	1.0	NonTarget	1	248872
972.2809197834854	1.0	NonTarget	1	248904
972.4059197410315	1.0	NonTarget	1	248936
972.5309196985778	1.0	NonTarget	1	248968
972.655919656124	1.0	NonTarget	1	249000
972.7809196136701	1.0	NonTarget	1	249032
972.9059195712163	1.0	NonTarget	1	249064
973.0309195287624	1.0	NonTarget	1	249096
973.1559194863086	1.0	NonTarget	1	249128
973.2809194438547	1.0	NonTarget	1	249160
973.405919401401	1.0	NonTarget	1	249192
973.5309193589471	1.0	NonTarget	1	249224
973.6559193164933	1.0	NonTarget	1	249256
973.7809192740394	1.0	NonTarget	1	249288
973.9059192315856	1.0	NonTarget	1	249320
974.0309191891317	1.0	NonTarget	1	249352
974.1559191466779	1.0	NonTarget	1	249384
974.2809191042242	1.0	NonTarget	1	249416
974.4059190617703	1.0	NonTarget	1	249448
974.5309190193165	1.0	NonTarget	1	249480
974.6559189768626	1.0	NonTarget	1	249512
974.7809189344088	1.0	NonTarget	1	249544
974.9059188919549	1.0	NonTarget	1	249576
975.0309188495011	1.0	NonTarget	1	249608
975.1559188070473	1.0	NonTarget	1	249640
975.2809187645935	1.0	NonTarget	1	249672
975.4059187221396	1.0	NonTarget	1	249704
975.5309186796858	1.0	NonTarget	1	249736
975.6559186372319	1.0	NonTarget	1	249768
975.7809185947781	1.0	NonTarget	1	249800
975.9059185523244	1.0	NonTarget	1	249832
976.0309185098705	1.0	NonTarget	1	249864
976.1559184674167	1.0	NonTarget	1	249896
976.2809184249628	1.0	NonTarget	1	249928
976.405918382509	1.0	NonTarget	1	249960
976.5309183400551	1.0	NonTarget	1	249992
976.6559182976013	1.0	NonTarget	1	250024
976.7809182551475	1.0	NonTarget	1	250056
976.9059182126937	1.0	NonTarget	1	250088
977.0309181702398	1.0	NonTarget	1	250120
977.155918127786	1.0	NonTarget	1	250152
977.2809180853321	1.0	NonTarget	1	250184
977.4059180428783	1.0	NonTarget	1	250216
977.5309180004244	1.0	NonTarget	1	250248
977.6559179579707	1.0	NonTarget	1	250280
977.7809179155169	1.0	NonTarget	1	250312
977.905917873063	1.0	NonTarget	1	250344
978.0309178306092	1.0	NonTarget	1	250376
978.1559177881553	1.0	NonTarget	1	250408
978.2809177457015	1.0	NonTarget	1	250440
978.4059177032477	1.0	NonTarget	1	250472
978.5309176607939	1.0	NonTarget	1	250504
978.65591761834	1.0	NonTarget	1	250536
978.7809175758862	1.0	NonTarget	1	250568
978.9059175334323	1.0	NonTarget	1	250600
979.0309174909785	1.0	NonTarget	1	250632
979.1559174485246	1.0	NonTarget	1	250664
979.2809174060709	1.0	NonTarget	1	250696
979.405917363617	1.0	NonTarget	1	250728
979.5309173211632	1.0	NonTarget	1	250760
979.6559172787094	1.0	NonTarget	1	250792
979.7809172362555	1.0	NonTarget	1	250824
979.9059171938017	1.0	NonTarget	1	250856
980.0309171513478	1.0	NonTarget	1	250888
980.1559171088941	1.0	NonTarget	1	250920
980.2809170664402	1.0	NonTarget	1	250952
980.4059170239864	1.0	NonTarget	1	250984
980.5309169815325	1.0	NonTarget	1	251016
980.6559169390787	1.0	NonTarget	1	251048
980.7809168966248	1.0	NonTarget	1	251080
980.9059168541711	1.0	NonTarget	1	251112
981.0309168117172	1.0	NonTarget	1	251144
981.1559167692634	1.0	NonTarget	1	251176
981.2809167268096	1.0	NonTarget	1	251208
981.4059166843557	1.0	NonTarget	1	251240
981.5309166419019	1.0	NonTarget	1	251272
981.655916599448	1.0	NonTarget	1	251304
981.7809165569943	1.0	NonTarget	1	251336
981.9059165145404	1.0	NonTarget	1	251368
982.0309164720866	1.0	NonTarget	1	251400
982.1559164296327	1.0	NonTarget	1	251432
982.2809163871789	1.0	NonTarget	1	251464
982.405916344725	1.0	NonTarget	1	251496
982.5309163022712	1.0	NonTarget	1	251528
982.6559162598174	1.0	NonTarget	1	251560
982.7809162173636	1.0	NonTarget	1	251592
982.9059161749097	1.0	NonTarget	1	251624
983.0309161324559	1.0	NonTarget	1	251656
983.155916090002	1.0	NonTarget	1	251688
983.2809160475482	1.0	NonTarget	1	251720
983.4059160050944	1.0	NonTarget	1	251752
983.5309159626406	1.0	NonTarget	1	251784
983.6559159201868	1.0	NonTarget	1	251816
983.7809158777329	1.0	NonTarget	1	251848
983.9059158352791	1.0	NonTarget	1	251880
984.0309157928252	1.0	NonTarget	1	251912
984.1559157503714	1.0	NonTarget	1	251944
984.2809157079176	1.0	NonTarget	1	251976
984.4059156654638	1.0	NonTarget	1	252008
984.53091562301	1.0	NonTarget	1	252040
984.6559155805561	1.0	NonTarget	1	252072
984.7809155381022	1.0	NonTarget	1	252104
984.9059154956484	1.0	NonTarget	1	252136
985.0309154531946	1.0	NonTarget	1	252168
985.1559154107408	1.0	NonTarget	1	252200
985.280915368287	1.0	NonTarget	1	252232
985.4059153258331	1.0	NonTarget	1	252264
991.5309132455953	1.0	NonTarget	1	253832
991.6559132031415	1.0	NonTarget	1	253864
991.7809131606876	1.0	NonTarget	1	253896
991.9059131182339	1.0	NonTarget	1	253928
992.0309130757801	1.0	NonTarget	1	253960
992.1559130333262	1.0	NonTarget	1	253992
992.2809129908724	1.0	NonTarget	1	254024
992.4059129484185	1.0	NonTarget	1	254056
992.5309129059647	1.0	NonTarget	1	254088
992.6559128635109	1.0	NonTarget	1	254120
992.7809128210571	1.0	NonTarget	1	254152
992.9059127786032	1.0	NonTarget	1	254184
993.0309127361494	1.0	NonTarget	1	254216
993.1559126936955	1.0	NonTarget	1	254248
993.2809126512417	1.0	NonTarget	1	254280
993.4059126087878	1.0	NonTarget	1	254312
993.5309125663341	1.0	NonTarget	1	254344
993.6559125238803	1.0	NonTarget	1	254376
993.7809124814264	1.0	NonTarget	1	254408
993.9059124389726	1.0	NonTarget	1	254440
994.0309123965187	1.0	NonTarget	1	254472
994.1559123540649	1.0	NonTarget	1	254504
994.280912311611	1.0	NonTarget	1	254536
994.4059122691573	1.0	NonTarget	1	254568
994.5309122267034	1.0	NonTarget	1	254600
994.6559121842496	1.0	NonTarget	1	254632
994.7809121417957	1.0	NonTarget	1	254664
994.9059120993419	1.0	NonTarget	1	254696
995.030912056888	1.0	NonTarget	1	254728
995.1559120144343	1.0	NonTarget	1	254760
995.2809119719805	1.0	NonTarget	1	254792
995.4059119295266	1.0	NonTarget	1	254824
995.5309118870728	1.0	NonTarget	1	254856
995.6559118446189	1.0	NonTarget	1	254888
995.7809118021651	1.0	NonTarget	1	254920
995.9059117597112	1.0	NonTarget	1	254952
996.0309117172575	1.0	NonTarget	1	254984
996.1559116748036	1.0	NonTarget	1	255016
996.2809116323498	1.0	NonTarget	1	255048
996.4059115898959	1.0	NonTarget	1	255080
996.5309115474421	1.0	NonTarget	1	255112
996.6559115049882	1.0	NonTarget	1	255144
996.7809114625344	1.0	NonTarget	1	255176
996.9059114200807	1.0	NonTarget	1	255208
997.0309113776268	1.0	NonTarget	1	255240
997.155911335173	1.0	NonTarget	1	255272
997.2809112927191	1.0	NonTarget	1	255304
997.4059112502653	1.0	NonTarget	1	255336
997.5309112078114	1.0	NonTarget	1	255368
997.6559111653577	1.0	NonTarget	1	255400
997.7809111229038	1.0	NonTarget	1	255432
997.90591108045	1.0	NonTarget	1	255464
998.0309110379961	1.0	NonTarget	1	255496
998.1559109955423	1.0	NonTarget	1	255528
998.2809109530884	1.0	NonTarget	1	255560
998.4059109106346	1.0	NonTarget	1	255592
998.5309108681809	1.0	NonTarget	1	255624
998.655910825727	1.0	NonTarget	1	255656
998.7809107832732	1.0	NonTarget	1	255688
998.9059107408193	1.0	NonTarget	1	255720
999.0309106983655	1.0	NonTarget	1	255752
999.1559106559116	1.0	NonTarget	1	255784
999.2809106134578	1.0	NonTarget	1	255816
999.405910571004	1.0	NonTarget	1	255848
999.5309105285502	1.0	NonTarget	1	255880
999.6559104860963	1.0	NonTarget	1	255912
999.7809104436425	1.0	NonTarget	1	255944
999.9059104011886	1.0	NonTarget	1	255976
1000.0309103587348	1.0	NonTarget	1	256008
1000.1559103162809	1.0	NonTarget	1	256040
1000.2809102738272	1.0	NonTarget	1	256072
1000.4059102313734	1.0	NonTarget	1	256104
1000.5309101889195	1.0	NonTarget	1	256136
1000.6559101464657	1.0	NonTarget	1	256168
1000.7809101040118	1.0	NonTarget	1	256200
1000.905910061558	1.0	NonTarget	1	256232
1001.0309100191042	1.0	NonTarget	1	256264
1001.1559099766504	1.0	NonTarget	1	256296
1001.2809099341965	1.0	NonTarget	1	256328
1001.4059098917427	1.0	NonTarget	1	256360
1001.5309098492888	1.0	NonTarget	1	256392
1001.655909806835	1.0	NonTarget	1	256424
1001.7809097643811	1.0	NonTarget	1	256456
1001.9059097219274	1.0	NonTarget	1	256488
1002.0309096794736	1.0	NonTarget	1	256520
1002.1559096370197	1.0	NonTarget	1	256552
1002.2809095945659	1.0	NonTarget	1	256584
1002.405909552112	1.0	NonTarget	1	256616
1002.5309095096582	1.0	NonTarget	1	256648
1002.6559094672043	1.0	NonTarget	1	256680
1002.7809094247506	1.0	NonTarget	1	256712
1002.9059093822967	1.0	NonTarget	1	256744
1003.0309093398429	1.0	NonTarget	1	256776
1003.155909297389	1.0	NonTarget	1	256808
1003.2809092549352	1.0	NonTarget	1	256840
1003.4059092124813	1.0	NonTarget	1	256872
1003.5309091700276	1.0	NonTarget	1	256904
1003.6559091275738	1.0	NonTarget	1	256936
1003.7809090851199	1.0	NonTarget	1	256968
1003.905909042666	1.0	NonTarget	1	257000
1004.0309090002122	1.0	NonTarget	1	257032
1004.1559089577584	1.0	NonTarget	1	257064
1004.2809089153045	1.0	NonTarget	1	257096
1004.4059088728508	1.0	NonTarget	1	257128
1004.5309088303969	1.0	NonTarget	1	257160
1004.6559087879431	1.0	NonTarget	1	257192
1004.7809087454892	1.0	NonTarget	1	257224
1004.9059087030354	1.0	NonTarget	1	257256
1005.0309086605815	1.0	NonTarget	1	257288
1005.1559086181277	1.0	NonTarget	1	257320
1005.280908575674	1.0	NonTarget	1	257352
1005.4059085332201	1.0	NonTarget	1	257384
1005.5309084907663	1.0	NonTarget	1	257416
1005.6559084483124	1.0	NonTarget	1	257448
1005.7809084058586	1.0	NonTarget	1	257480
1005.9059083634047	1.0	NonTarget	1	257512
1006.030908320951	1.0	NonTarget	1	257544
1006.1559082784971	1.0	NonTarget	1	257576
1006.2809082360433	1.0	NonTarget	1	257608
1006.4059081935894	1.0	NonTarget	1	257640
1012.5309061133516	1.0	NonTarget	1	259208
1012.6559060708978	1.0	NonTarget	1	259240
1012.7809060284441	1.0	NonTarget	1	259272
1012.9059059859902	1.0	NonTarget	1	259304
1013.0309059435364	1.0	NonTarget	1	259336
1013.1559059010825	1.0	NonTarget	1	259368
1013.2809058586287	1.0	NonTarget	1	259400
1013.4059058161748	1.0	NonTarget	1	259432
1013.530905773721	1.0	NonTarget	1	259464
1013.6559057312672	1.0	NonTarget	1	259496
1013.7809056888134	1.0	NonTarget	1	259528
1013.9059056463595	1.0	NonTarget	1	259560
1014.0309056039057	1.0	NonTarget	1	259592
1014.1559055614518	1.0	NonTarget	1	259624
1014.280905518998	1.0	NonTarget	1	259656
1014.4059054765443	1.0	NonTarget	1	259688
1014.5309054340904	1.0	NonTarget	1	259720
1014.6559053916366	1.0	NonTarget	1	259752
1014.7809053491827	1.0	NonTarget	1	259784
1014.9059053067289	1.0	NonTarget	1	259816
1015.030905264275	1.0	NonTarget	1	259848
1015.1559052218212	1.0	NonTarget	1	259880
1015.2809051793674	1.0	NonTarget	1	259912
1015.4059051369136	1.0	NonTarget	1	259944
1015.5309050944597	1.0	NonTarget	1	259976
1015.6559050520059	1.0	NonTarget	1	260008
1015.780905009552	1.0	NonTarget	1	260040
1015.9059049670982	1.0	NonTarget	1	260072
1016.0309049246443	1.0	NonTarget	1	260104
1016.1559048821906	1.0	NonTarget	1	260136
1016.2809048397368	1.0	NonTarget	1	260168
1016.4059047972829	1.0	NonTarget	1	260200
1016.5309047548291	1.0	NonTarget	1	260232
1016.6559047123752	1.0	NonTarget	1	260264
1016.7809046699214	1.0	NonTarget	1	260296
1016.9059046274675	1.0	NonTarget	1	260328
1017.0309045850138	1.0	NonTarget	1	260360
1017.1559045425599	1.0	NonTarget	1	260392
1017.2809045001061	1.0	NonTarget	1	260424
1017.4059044576522	1.0	NonTarget	1	260456
1017.5309044151984	1.0	NonTarget	1	260488
1017.6559043727445	1.0	NonTarget	1	260520
1017.7809043302908	1.0	NonTarget	1	260552
1017.905904287837	1.0	NonTarget	1	260584
1018.0309042453831	1.0	NonTarget	1	260616
1018.1559042029293	1.0	NonTarget	1	260648
1018.2809041604754	1.0	NonTarget	1	260680
1018.4059041180216	1.0	NonTarget	1	260712
1018.5309040755677	1.0	NonTarget	1	260744
1018.655904033114	1.0	NonTarget	1	260776
1018.7809039906601	1.0	NonTarget	1	260808
1018.9059039482063	1.0	NonTarget	1	260840
1019.0309039057524	1.0	NonTarget	1	260872
1019.1559038632986	1.0	NonTarget	1	260904
1019.2809038208447	1.0	NonTarget	1	260936
1019.4059037783909	1.0	NonTarget	1	260968
1019.5309037359372	1.0	NonTarget	1	261000
1019.6559036934833	1.0	NonTarget	1	261032
1019.7809036510295	1.0	NonTarget	1	261064
1019.9059036085756	1.0	NonTarget	1	261096
1020.0309035661218	1.0	NonTarget	1	261128
1020.1559035236679	1.0	NonTarget	1	261160
1020.2809034812142	1.0	NonTarget	1	261192
1020.4059034387603	1.0	NonTarget	1	261224
1020.5309033963065	1.0	NonTarget	1	261256
1020.6559033538526	1.0	NonTarget	1	261288
1020.7809033113988	1.0	NonTarget	1	261320
1020.9059032689449	1.0	NonTarget	1	261352
1021.0309032264911	1.0	NonTarget	1	261384
1021.1559031840374	1.0	NonTarget	1	261416
1021.2809031415835	1.0	NonTarget	1	261448
1021.4059030991297	1.0	NonTarget	1	261480
1021.5309030566758	1.0	NonTarget	1	261512
1021.655903014222	1.0	NonTarget	1	261544
1021.7809029717681	1.0	NonTarget	1	261576
1021.9059029293143	1.0	NonTarget	1	261608
1022.0309028868605	1.0	NonTarget	1	261640
1022.1559028444067	1.0	NonTarget	1	261672
1022.2809028019528	1.0	NonTarget	1	261704
1022.405902759499	1.0	NonTarget	1	261736
1022.5309027170451	1.0	NonTarget	1	261768
1022.6559026745913	1.0	NonTarget	1	261800
1022.7809026321376	1.0	NonTarget	1	261832
1022.9059025896837	1.0	NonTarget	1	261864
1023.0309025472299	1.0	NonTarget	1	261896
1023.155902504776	1.0	NonTarget	1	261928
1023.2809024623222	1.0	NonTarget	1	261960
1023.4059024198683	1.0	NonTarget	1	261992
1023.5309023774145	1.0	NonTarget	1	262024
1023.6559023349607	1.0	NonTarget	1	262056
1023.7809022925069	1.0	NonTarget	1	262088
1023.905902250053	1.0	NonTarget	1	262120
1024.0309022075992	1.0	NonTarget	1	262152
1024.1559021651453	1.0	NonTarget	1	262184
1024.2809021226915	1.0	NonTarget	1	262216
1024.4059020802376	1.0	NonTarget	1	262248
1024.5309020377838	1.0	NonTarget	1	262280
1024.65590199533	1.0	NonTarget	1	262312
1024.780901952876	1.0	NonTarget	1	262344
1024.9059019104225	1.0	NonTarget	1	262376
1025.0309018679686	1.0	NonTarget	1	262408
1025.1559018255148	1.0	NonTarget	1	262440
1025.280901783061	1.0	NonTarget	1	262472
1025.405901740607	1.0	NonTarget	1	262504
1025.5309016981532	1.0	NonTarget	1	262536
1025.6559016556994	1.0	NonTarget	1	262568
1025.7809016132455	1.0	NonTarget	1	262600
1025.9059015707917	1.0	NonTarget	1	262632
1026.0309015283378	1.0	NonTarget	1	262664
1026.155901485884	1.0	NonTarget	1	262696
1026.2809014434301	1.0	NonTarget	1	262728
1026.4059014009763	1.0	NonTarget	1	262760
1026.5309013585224	1.0	NonTarget	1	262792
1026.6559013160688	1.0	NonTarget	1	262824
1026.780901273615	1.0	NonTarget	1	262856
1026.9059012311611	1.0	NonTarget	1	262888
1027.0309011887073	1.0	NonTarget	1	262920
1027.1559011462534	1.0	NonTarget	1	262952
1027.2809011037996	1.0	NonTarget	1	262984
1027.4059010613457	1.0	NonTarget	1	263016
1033.530898981108	1.0	NonTarget	1	264584
1033.6558989386542	1.0	NonTarget	1	264616
1033.7808988962004	1.0	NonTarget	1	264648
1033.9058988537465	1.0	NonTarget	1	264680
1034.0308988112927	1.0	NonTarget	1	264712
1034.1558987688388	1.0	NonTarget	1	264744
1034.280898726385	1.0	NonTarget	1	264776
1034.4058986839311	1.0	NonTarget	1	264808
1034.5308986414773	1.0	NonTarget	1	264840
1034.6558985990234	1.0	NonTarget	1	264872
1034.7808985565696	1.0	NonTarget	1	264904
1034.9058985141157	1.0	NonTarget	1	264936
1035.030898471662	1.0	NonTarget	1	264968
1035.1558984292083	1.0	NonTarget	1	265000
1035.2808983867544	1.0	NonTarget	1	265032
1035.4058983443006	1.0	NonTarget	1	265064
1035.5308983018467	1.0	NonTarget	1	265096
1035.6558982593929	1.0	NonTarget	1	265128
1035.780898216939	1.0	NonTarget	1	265160
1035.9058981744852	1.0	NonTarget	1	265192
1036.0308981320313	1.0	NonTarget	1	265224
1036.1558980895775	1.0	NonTarget	1	265256
1036.2808980471236	1.0	NonTarget	1	265288
1036.4058980046698	1.0	NonTarget	1	265320
1036.530897962216	1.0	NonTarget	1	265352
1036.6558979197623	1.0	NonTarget	1	265384
1036.7808978773085	1.0	NonTarget	1	265416
1036.9058978348546	1.0	NonTarget	1	265448
1037.0308977924008	1.0	NonTarget	1	265480
1037.155897749947	1.0	NonTarget	1	265512
1037.280897707493	1.0	NonTarget	1	265544
1037.4058976650392	1.0	NonTarget	1	265576
1037.5308976225854	1.0	NonTarget	1	265608
1037.6558975801315	1.0	NonTarget	1	265640
1037.7808975376777	1.0	NonTarget	1	265672
1037.9058974952238	1.0	NonTarget	1	265704
1038.03089745277	1.0	NonTarget	1	265736
1038.1558974103161	1.0	NonTarget	1	265768
1038.2808973678625	1.0	NonTarget	1	265800
1038.4058973254087	1.0	NonTarget	1	265832
1038.5308972829548	1.0	NonTarget	1	265864
1038.655897240501	1.0	NonTarget	1	265896
1038.7808971980471	1.0	NonTarget	1	265928
1038.9058971555933	1.0	NonTarget	1	265960
1039.0308971131394	1.0	NonTarget	1	265992
1039.1558970706856	1.0	NonTarget	1	266024
1039.2808970282317	1.0	NonTarget	1	266056
1039.4058969857779	1.0	NonTarget	1	266088
1039.530896943324	1.0	NonTarget	1	266120
1039.6558969008702	1.0	NonTarget	1	266152
1039.7808968584163	1.0	NonTarget	1	266184
1039.9058968159625	1.0	NonTarget	1	266216
1040.0308967735089	1.0	NonTarget	1	266248
1040.155896731055	1.0	NonTarget	1	266280
1040.2808966886012	1.0	NonTarget	1	266312
1040.4058966461473	1.0	NonTarget	1	266344
1040.5308966036935	1.0	NonTarget	1	266376
1040.6558965612396	1.0	NonTarget	1	266408
1040.7808965187858	1.0	NonTarget	1	266440
1040.905896476332	1.0	NonTarget	1	266472
1041.030896433878	1.0	NonTarget	1	266504
1041.1558963914242	1.0	NonTarget	1	266536
1041.2808963489704	1.0	NonTarget	1	266568
1041.4058963065165	1.0	NonTarget	1	266600
1041.5308962640627	1.0	NonTarget	1	266632
1041.655896221609	1.0	NonTarget	1	266664
1041.7808961791552	1.0	NonTarget	1	266696
1041.9058961367014	1.0	NonTarget	1	266728
1042.0308960942475	1.0	NonTarget	1	266760
1042.1558960517937	1.0	NonTarget	1	266792
1042.2808960093398	1.0	NonTarget	1	266824
1042.405895966886	1.0	NonTarget	1	266856
1042.5308959244321	1.0	NonTarget	1	266888
1042.6558958819783	1.0	NonTarget	1	266920
1042.7808958395244	1.0	NonTarget	1	266952
1042.9058957970706	1.0	NonTarget	1	266984
1043.0308957546167	1.0	NonTarget	1	267016
1043.1558957121629	1.0	NonTarget	1	267048
1043.280895669709	1.0	NonTarget	1	267080
1043.4058956272554	1.0	NonTarget	1	267112
1043.5308955848016	1.0	NonTarget	1	267144
1043.6558955423477	1.0	NonTarget	1	267176
1043.7808954998939	1.0	NonTarget	1	267208
1043.90589545744	1.0	NonTarget	1	267240
1044.0308954149862	1.0	NonTarget	1	267272
1044.1558953725323	1.0	NonTarget	1	267304
1044.2808953300785	1.0	NonTarget	1	267336
1044.4058952876246	1.0	NonTarget	1	267368
1044.5308952451708	1.0	NonTarget	1	267400
1044.655895202717	1.0	NonTarget	1	267432
1044.780895160263	1.0	NonTarget	1	267464
1044.9058951178092	1.0	NonTarget	1	267496
1045.0308950753556	1.0	NonTarget	1	267528
1045.1558950329018	1.0	NonTarget	1	267560
1045.280894990448	1.0	NonTarget	1	267592
1045.405894947994	1.0	NonTarget	1	267624
1045.5308949055402	1.0	NonTarget	1	267656
1045.6558948630864	1.0	NonTarget	1	267688
1045.7808948206325	1.0	NonTarget	1	267720
1045.9058947781787	1.0	NonTarget	1	267752
1046.0308947357248	1.0	NonTarget	1	267784
1046.155894693271	1.0	NonTarget	1	267816
1046.2808946508171	1.0	NonTarget	1	267848
1046.4058946083633	1.0	NonTarget	1	267880
1046.5308945659094	1.0	NonTarget	1	267912
1046.6558945234558	1.0	NonTarget	1	267944
1046.780894481002	1.0	NonTarget	1	267976
1046.905894438548	1.0	NonTarget	1	268008
1047.0308943960943	1.0	NonTarget	1	268040
1047.1558943536404	1.0	NonTarget	1	268072
1047.2808943111866	1.0	NonTarget	1	268104
1047.4058942687327	1.0	NonTarget	1	268136
1047.5308942262789	1.0	NonTarget	1	268168
1047.655894183825	1.0	NonTarget	1	268200
1047.7808941413712	1.0	NonTarget	1	268232
1047.9058940989173	1.0	NonTarget	1	268264
1048.0308940564635	1.0	NonTarget	1	268296
1048.1558940140096	1.0	NonTarget	1	268328
1048.2808939715558	1.0	NonTarget	1	268360
1048.4058939291021	1.0	NonTarget	1	268392
1054.5308918488643	1.0	NonTarget	1	269960
1054.6558918064104	1.0	NonTarget	1	269992
1054.7808917639566	1.0	NonTarget	1	270024
1054.9058917215027	1.0	NonTarget	1	270056
1055.030891679049	1.0	NonTarget	1	270088
1055.1558916365952	1.0	NonTarget	1	270120
1055.2808915941414	1.0	NonTarget	1	270152
1055.4058915516875	1.0	NonTarget	1	270184
1055.5308915092337	1.0	NonTarget	1	270216
1055.6558914667798	1.0	NonTarget	1	270248
1055.780891424326	1.0	NonTarget	1	270280
1055.9058913818722	1.0	NonTarget	1	270312
1056.0308913394183	1.0	NonTarget	1	270344
1056.1558912969645	1.0	NonTarget	1	270376
1056.2808912545106	1.0	NonTarget	1	270408
1056.4058912120568	1.0	NonTarget	1	270440
1056.530891169603	1.0	NonTarget	1	270472
1056.655891127149	1.0	NonTarget	1	270504
1056.7808910846954	1.0	NonTarget	1	270536
1056.9058910422416	1.0	NonTarget	1	270568
1057.0308909997877	1.0	NonTarget	1	270600
1057.155890957334	1.0	NonTarget	1	270632
1057.28089091488	1.0	NonTarget	1	270664
1057.4058908724262	1.0	NonTarget	1	270696
1057.5308908299723	1.0	NonTarget	1	270728
1057.6558907875185	1.0	NonTarget	1	270760
1057.7808907450647	1.0	NonTarget	1	270792
1057.9058907026108	1.0	NonTarget	1	270824
1058.030890660157	1.0	NonTarget	1	270856
1058.155890617703	1.0	NonTarget	1	270888
1058.2808905752493	1.0	NonTarget	1	270920
1058.4058905327956	1.0	NonTarget	1	270952
1058.5308904903418	1.0	NonTarget	1	270984
1058.655890447888	1.0	NonTarget	1	271016
1058.780890405434	1.0	NonTarget	1	271048
1058.9058903629802	1.0	NonTarget	1	271080
1059.0308903205264	1.0	NonTarget	1	271112
1059.1558902780725	1.0	NonTarget	1	271144
1059.2808902356187	1.0	NonTarget	1	271176
1059.4058901931649	1.0	NonTarget	1	271208
1059.530890150711	1.0	NonTarget	1	271240
1059.6558901082572	1.0	NonTarget	1	271272
1059.7808900658033	1.0	NonTarget	1	271304
1059.9058900233495	1.0	NonTarget	1	271336
1060.0308899808958	1.0	NonTarget	1	271368
1060.155889938442	1.0	NonTarget	1	271400
1060.2808898959881	1.0	NonTarget	1	271432
1060.4058898535343	1.0	NonTarget	1	271464
1060.5308898110804	1.0	NonTarget	1	271496
1060.6558897686266	1.0	NonTarget	1	271528
1060.7808897261727	1.0	NonTarget	1	271560
1060.905889683719	1.0	NonTarget	1	271592
1061.030889641265	1.0	NonTarget	1	271624
1061.1558895988112	1.0	NonTarget	1	271656
1061.2808895563574	1.0	NonTarget	1	271688
1061.4058895139035	1.0	NonTarget	1	271720
1061.5308894714497	1.0	NonTarget	1	271752
1061.6558894289958	1.0	NonTarget	1	271784
1061.7808893865422	1.0	NonTarget	1	271816
1061.9058893440883	1.0	NonTarget	1	271848
1062.0308893016345	1.0	NonTarget	1	271880
1062.1558892591806	1.0	NonTarget	1	271912
1062.2808892167268	1.0	NonTarget	1	271944
1062.405889174273	1.0	NonTarget	1	271976
1062.530889131819	1.0	NonTarget	1	272008
1062.6558890893652	1.0	NonTarget	1	272040
1062.7808890469114	1.0	NonTarget	1	272072
1062.9058890044575	1.0	NonTarget	1	272104
1063.0308889620037	1.0	NonTarget	1	272136
1063.1558889195499	1.0	NonTarget	1	272168
1063.280888877096	1.0	NonTarget	1	272200
1063.4058888346424	1.0	NonTarget	1	272232
1063.5308887921885	1.0	NonTarget	1	272264
1063.6558887497347	1.0	NonTarget	1	272296
1063.7808887072808	1.0	NonTarget	1	272328
1063.905888664827	1.0	NonTarget	1	272360
1064.0308886223731	1.0	NonTarget	1	272392
1064.1558885799193	1.0	NonTarget	1	272424
1064.2808885374654	1.0	NonTarget	1	272456
1064.4058884950116	1.0	NonTarget	1	272488
1064.5308884525577	1.0	NonTarget	1	272520
1064.655888410104	1.0	NonTarget	1	272552
1064.78088836765	1.0	NonTarget	1	272584
1064.9058883251962	1.0	NonTarget	1	272616
1065.0308882827424	1.0	NonTarget	1	272648
1065.1558882402887	1.0	NonTarget	1	272680
1065.2808881978349	1.0	NonTarget	1	272712
1065.405888155381	1.0	NonTarget	1	272744
1065.5308881129272	1.0	NonTarget	1	272776
1065.6558880704733	1.0	NonTarget	1	272808
1065.7808880280195	1.0	NonTarget	1	272840
1065.9058879855656	1.0	NonTarget	1	272872
1066.0308879431118	1.0	NonTarget	1	272904
1066.155887900658	1.0	NonTarget	1	272936
1066.280887858204	1.0	NonTarget	1	272968
1066.4058878157502	1.0	NonTarget	1	273000
1066.5308877732964	1.0	NonTarget	1	273032
1066.6558877308426	1.0	NonTarget	1	273064
1066.780887688389	1.0	NonTarget	1	273096
1066.905887645935	1.0	NonTarget	1	273128
1067.0308876034812	1.0	NonTarget	1	273160
1067.1558875610274	1.0	NonTarget	1	273192
1067.2808875185735	1.0	NonTarget	1	273224
1067.4058874761197	1.0	NonTarget	1	273256
1067.5308874336658	1.0	NonTarget	1	273288
1067.655887391212	1.0	NonTarget	1	273320
1067.7808873487581	1.0	NonTarget	1	273352
1067.9058873063043	1.0	NonTarget	1	273384
1068.0308872638504	1.0	NonTarget	1	273416
1068.1558872213966	1.0	NonTarget	1	273448
1068.2808871789427	1.0	NonTarget	1	273480
1068.4058871364891	1.0	NonTarget	1	273512
1068.5308870940353	1.0	NonTarget	1	273544
1068.6558870515814	1.0	NonTarget	1	273576
1068.7808870091276	1.0	NonTarget	1	273608
1068.9058869666737	1.0	NonTarget	1	273640
1069.0308869242199	1.0	NonTarget	1	273672
1069.155886881766	1.0	NonTarget	1	273704
1069.2808868393122	1.0	NonTarget	1	273736
1069.4058867968583	1.0	NonTarget	1	273768
1075.5308847166207	1.0	NonTarget	1	275336
1075.6558846741668	1.0	NonTarget	1	275368
1075.780884631713	1.0	NonTarget	1	275400
1075.9058845892591	1.0	NonTarget	1	275432
1076.0308845468053	1.0	NonTarget	1	275464
1076.1558845043514	1.0	NonTarget	1	275496
1076.2808844618976	1.0	NonTarget	1	275528
1076.4058844194437	1.0	NonTarget	1	275560
1076.53088437699	1.0	NonTarget	1	275592
1076.655884334536	1.0	NonTarget	1	275624
1076.7808842920824	1.0	NonTarget	1	275656
1076.9058842496286	1.0	NonTarget	1	275688
1077.0308842071747	1.0	NonTarget	1	275720
1077.1558841647209	1.0	NonTarget	1	275752
1077.280884122267	1.0	NonTarget	1	275784
1077.4058840798132	1.0	NonTarget	1	275816
1077.5308840373593	1.0	NonTarget	1	275848
1077.6558839949055	1.0	NonTarget	1	275880
1077.7808839524516	1.0	NonTarget	1	275912
1077.9058839099978	1.0	NonTarget	1	275944
1078.030883867544	1.0	NonTarget	1	275976
1078.15588382509	1.0	NonTarget	1	276008
1078.2808837826362	1.0	NonTarget	1	276040
1078.4058837401824	1.0	NonTarget	1	276072
1078.5308836977288	1.0	NonTarget	1	276104
1078.655883655275	1.0	NonTarget	1	276136
1078.780883612821	1.0	NonTarget	1	276168
1078.9058835703672	1.0	NonTarget	1	276200
1079.0308835279134	1.0	NonTarget	1	276232
1079.1558834854595	1.0	NonTarget	1	276264
1079.2808834430057	1.0	NonTarget	1	276296
1079.4058834005518	1.0	NonTarget	1	276328
1079.530883358098	1.0	NonTarget	1	276360
1079.6558833156441	1.0	NonTarget	1	276392
1079.7808832731903	1.0	NonTarget	1	276424
1079.9058832307364	1.0	NonTarget	1	276456
1080.0308831882826	1.0	NonTarget	1	276488
1080.155883145829	1.0	NonTarget	1	276520
1080.2808831033751	1.0	NonTarget	1	276552
1080.4058830609213	1.0	NonTarget	1	276584
1080.5308830184674	1.0	NonTarget	1	276616
1080.6558829760136	1.0	NonTarget	1	276648
1080.7808829335597	1.0	NonTarget	1	276680
1080.9058828911059	1.0	NonTarget	1	276712
1081.030882848652	1.0	NonTarget	1	276744
1081.1558828061982	1.0	NonTarget	1	276776
1081.2808827637443	1.0	NonTarget	1	276808
1081.4058827212905	1.0	NonTarget	1	276840
1081.5308826788366	1.0	NonTarget	1	276872
1081.6558826363828	1.0	NonTarget	1	276904
1081.780882593929	1.0	NonTarget	1	276936
1081.9058825514753	1.0	NonTarget	1	276968
1082.0308825090215	1.0	NonTarget	1	277000
1082.1558824665676	1.0	NonTarget	1	277032
1082.2808824241138	1.0	NonTarget	1	277064
1082.40588238166	1.0	NonTarget	1	277096
1082.530882339206	1.0	NonTarget	1	277128
1082.6558822967522	1.0	NonTarget	1	277160
1082.7808822542984	1.0	NonTarget	1	277192
1082.9058822118445	1.0	NonTarget	1	277224
1083.0308821693907	1.0	NonTarget	1	277256
1083.1558821269368	1.0	NonTarget	1	277288
1083.280882084483	1.0	NonTarget	1	277320
1083.4058820420291	1.0	NonTarget	1	277352
1083.5308819995755	1.0	NonTarget	1	277384
1083.6558819571217	1.0	NonTarget	1	277416
1083.7808819146678	1.0	NonTarget	1	277448
1083.905881872214	1.0	NonTarget	1	277480
1084.0308818297601	1.0	NonTarget	1	277512
1084.1558817873063	1.0	NonTarget	1	277544
1084.2808817448524	1.0	NonTarget	1	277576
1084.4058817023986	1.0	NonTarget	1	277608
1084.5308816599447	1.0	NonTarget	1	277640
1084.6558816174909	1.0	NonTarget	1	277672
1084.780881575037	1.0	NonTarget	1	277704
1084.9058815325832	1.0	NonTarget	1	277736
1085.0308814901293	1.0	NonTarget	1	277768
1085.1558814476757	1.0	NonTarget	1	277800
1085.2808814052219	1.0	NonTarget	1	277832
1085.405881362768	1.0	NonTarget	1	277864
1085.5308813203142	1.0	NonTarget	1	277896
1085.6558812778603	1.0	NonTarget	1	277928
1085.7808812354065	1.0	NonTarget	1	277960
1085.9058811929526	1.0	NonTarget	1	277992
1086.0308811504988	1.0	NonTarget	1	278024
1086.155881108045	1.0	NonTarget	1	278056
1086.280881065591	1.0	NonTarget	1	278088
1086.4058810231372	1.0	NonTarget	1	278120
1086.5308809806834	1.0	NonTarget	1	278152
1086.6558809382295	1.0	NonTarget	1	278184
1086.7808808957757	1.0	NonTarget	1	278216
1086.905880853322	1.0	NonTarget	1	278248
1087.0308808108682	1.0	NonTarget	1	278280
1087.1558807684144	1.0	NonTarget	1	278312
1087.2808807259605	1.0	NonTarget	1	278344
1087.4058806835067	1.0	NonTarget	1	278376
1087.5308806410528	1.0	NonTarget	1	278408
1087.655880598599	1.0	NonTarget	1	278440
1087.7808805561451	1.0	NonTarget	1	278472
1087.9058805136913	1.0	NonTarget	1	278504
1088.0308804712374	1.0	NonTarget	1	278536
1088.1558804287836	1.0	NonTarget	1	278568
1088.2808803863297	1.0	NonTarget	1	278600
1088.4058803438759	1.0	NonTarget	1	278632
1088.5308803014223	1.0	NonTarget	1	278664
1088.6558802589684	1.0	NonTarget	1	278696
1088.7808802165146	1.0	NonTarget	1	278728
1088.9058801740607	1.0	NonTarget	1	278760
1089.0308801316069	1.0	NonTarget	1	278792
1089.155880089153	1.0	NonTarget	1	278824
1089.2808800466992	1.0	NonTarget	1	278856
1089.4058800042453	1.0	NonTarget	1	278888
1089.5308799617915	1.0	NonTarget	1	278920
1089.6558799193376	1.0	NonTarget	1	278952
1089.7808798768838	1.0	NonTarget	1	278984
1089.90587983443	1.0	NonTarget	1	279016
1090.030879791976	1.0	NonTarget	1	279048
1090.1558797495222	1.0	NonTarget	1	279080
1090.2808797070686	1.0	NonTarget	1	279112
1090.4058796646148	1.0	NonTarget	1	279144
1096.5308775843769	1.0	NonTarget	1	280712
1096.655877541923	1.0	NonTarget	1	280744
1096.7808774994692	1.0	NonTarget	1	280776
1096.9058774570155	1.0	NonTarget	1	280808
1097.0308774145617	1.0	NonTarget	1	280840
1097.1558773721079	1.0	NonTarget	1	280872
1097.280877329654	1.0	NonTarget	1	280904
1097.4058772872002	1.0	NonTarget	1	280936
1097.5308772447463	1.0	NonTarget	1	280968
1097.6558772022925	1.0	NonTarget	1	281000
1097.7808771598386	1.0	NonTarget	1	281032
1097.9058771173848	1.0	NonTarget	1	281064
1098.030877074931	1.0	NonTarget	1	281096
1098.155877032477	1.0	NonTarget	1	281128
1098.2808769900232	1.0	NonTarget	1	281160
1098.4058769475694	1.0	NonTarget	1	281192
1098.5308769051155	1.0	NonTarget	1	281224
1098.655876862662	1.0	NonTarget	1	281256
1098.780876820208	1.0	NonTarget	1	281288
1098.9058767777542	1.0	NonTarget	1	281320
1099.0308767353004	1.0	NonTarget	1	281352
1099.1558766928465	1.0	NonTarget	1	281384
1099.2808766503927	1.0	NonTarget	1	281416
1099.4058766079388	1.0	NonTarget	1	281448
1099.530876565485	1.0	NonTarget	1	281480
1099.655876523031	1.0	NonTarget	1	281512
1099.7808764805773	1.0	NonTarget	1	281544
1099.9058764381234	1.0	NonTarget	1	281576
1100.0308763956696	1.0	NonTarget	1	281608
1100.1558763532157	1.0	NonTarget	1	281640
1100.280876310762	1.0	NonTarget	1	281672
1100.4058762683082	1.0	NonTarget	1	281704
1100.5308762258544	1.0	NonTarget	1	281736
1100.6558761834006	1.0	NonTarget	1	281768
1100.7808761409467	1.0	NonTarget	1	281800
1100.9058760984929	1.0	NonTarget	1	281832
1101.030876056039	1.0	NonTarget	1	281864
1101.1558760135852	1.0	NonTarget	1	281896
1101.2808759711313	1.0	NonTarget	1	281928
1101.4058759286775	1.0	NonTarget	1	281960
1101.5308758862236	1.0	NonTarget	1	281992
1101.6558758437698	1.0	NonTarget	1	282024
1101.780875801316	1.0	NonTarget	1	282056
1101.9058757588623	1.0	NonTarget	1	282088
1102.0308757164084	1.0	NonTarget	1	282120
1102.1558756739546	1.0	NonTarget	1	282152
1102.2808756315007	1.0	NonTarget	1	282184
1102.405875589047	1.0	NonTarget	1	282216
1102.530875546593	1.0	NonTarget	1	282248
1102.6558755041392	1.0	NonTarget	1	282280
1102.7808754616854	1.0	NonTarget	1	282312
1102.9058754192315	1.0	NonTarget	1	282344
1103.0308753767777	1.0	NonTarget	1	282376
1103.1558753343238	1.0	NonTarget	1	282408
1103.28087529187	1.0	NonTarget	1	282440
1103.405875249416	1.0	NonTarget	1	282472
1103.5308752069623	1.0	NonTarget	1	282504
1103.6558751645086	1.0	NonTarget	1	282536
1103.7808751220548	1.0	NonTarget	1	282568
1103.905875079601	1.0	NonTarget	1	282600
1104.030875037147	1.0	NonTarget	1	282632
1104.1558749946932	1.0	NonTarget	1	282664
1104.2808749522394	1.0	NonTarget	1	282696
1104.4058749097856	1.0	NonTarget	1	282728
1104.5308748673317	1.0	NonTarget	1	282760
1104.6558748248779	1.0	NonTarget	1	282792
1104.780874782424	1.0	NonTarget	1	282824
1104.9058747399702	1.0	NonTarget	1	282856
1105.0308746975163	1.0	NonTarget	1	282888
1105.1558746550625	1.0	NonTarget	1	282920
1105.2808746126088	1.0	NonTarget	1	282952
1105.405874570155	1.0	NonTarget	1	282984
1105.5308745277011	1.0	NonTarget	1	283016
1105.6558744852473	1.0	NonTarget	1	283048
1105.7808744427934	1.0	NonTarget	1	283080
1105.9058744003396	1.0	NonTarget	1	283112
1106.0308743578858	1.0	NonTarget	1	283144
1106.155874315432	1.0	NonTarget	1	283176
1106.280874272978	1.0	NonTarget	1	283208
1106.4058742305242	1.0	NonTarget	1	283240
1106.5308741880704	1.0	NonTarget	1	283272
1106.6558741456165	1.0	NonTarget	1	283304
1106.7808741031627	1.0	NonTarget	1	283336
1106.9058740607088	1.0	NonTarget	1	283368
1107.0308740182552	1.0	NonTarget	1	283400
1107.1558739758013	1.0	NonTarget	1	283432
1107.2808739333475	1.0	NonTarget	1	283464
1107.4058738908936	1.0	NonTarget	1	283496
1107.5308738484398	1.0	NonTarget	1	283528
1107.655873805986	1.0	NonTarget	1	283560
1107.780873763532	1.0	NonTarget	1	283592
1107.9058737210783	1.0	NonTarget	1	283624
1108.0308736786244	1.0	NonTarget	1	283656
1108.1558736361706	1.0	NonTarget	1	283688
1108.2808735937167	1.0	NonTarget	1	283720
1108.4058735512629	1.0	NonTarget	1	283752
1108.530873508809	1.0	NonTarget	1	283784
1108.6558734663554	1.0	NonTarget	1	283816
1108.7808734239015	1.0	NonTarget	1	283848
1108.9058733814477	1.0	NonTarget	1	283880
1109.0308733389938	1.0	NonTarget	1	283912
1109.15587329654	1.0	NonTarget	1	283944
1109.2808732540861	1.0	NonTarget	1	283976
1109.4058732116323	1.0	NonTarget	1	284008
1109.5308731691784	1.0	NonTarget	1	284040
1109.6558731267246	1.0	NonTarget	1	284072
1109.7808730842708	1.0	NonTarget	1	284104
1109.905873041817	1.0	NonTarget	1	284136
1110.030872999363	1.0	NonTarget	1	284168
1110.1558729569092	1.0	NonTarget	1	284200
1110.2808729144556	1.0	NonTarget	1	284232
1110.4058728720017	1.0	NonTarget	1	284264
1110.530872829548	1.0	NonTarget	1	284296
1110.655872787094	1.0	NonTarget	1	284328
1110.7808727446402	1.0	NonTarget	1	284360
1110.9058727021863	1.0	NonTarget	1	284392
1111.0308726597325	1.0	NonTarget	1	284424
1111.1558726172786	1.0	NonTarget	1	284456
1111.2808725748248	1.0	NonTarget	1	284488
1111.405872532371	1.0	NonTarget	1	284520
1117.5308704521333	1.0	NonTarget	1	286088
1117.6558704096794	1.0	NonTarget	1	286120
1117.7808703672256	1.0	NonTarget	1	286152
1117.9058703247717	1.0	NonTarget	1	286184
1118.030870282318	1.0	NonTarget	1	286216
1118.155870239864	1.0	NonTarget	1	286248
1118.2808701974102	1.0	NonTarget	1	286280
1118.4058701549563	1.0	NonTarget	1	286312
1118.5308701125025	1.0	NonTarget	1	286344
1118.6558700700489	1.0	NonTarget	1	286376
1118.780870027595	1.0	NonTarget	1	286408
1118.9058699851412	1.0	NonTarget	1	286440
1119.0308699426873	1.0	NonTarget	1	286472
1119.1558699002335	1.0	NonTarget	1	286504
1119.2808698577796	1.0	NonTarget	1	286536
1119.4058698153258	1.0	NonTarget	1	286568
1119.530869772872	1.0	NonTarget	1	286600
1119.655869730418	1.0	NonTarget	1	286632
1119.7808696879642	1.0	NonTarget	1	286664
1119.9058696455104	1.0	NonTarget	1	286696
1120.0308696030565	1.0	NonTarget	1	286728
1120.1558695606027	1.0	NonTarget	1	286760
1120.2808695181488	1.0	NonTarget	1	286792
1120.4058694756952	1.0	NonTarget	1	286824
1120.5308694332414	1.0	NonTarget	1	286856
1120.6558693907875	1.0	NonTarget	1	286888
1120.7808693483337	1.0	NonTarget	1	286920
1120.9058693058798	1.0	NonTarget	1	286952
1121.030869263426	1.0	NonTarget	1	286984
1121.1558692209721	1.0	NonTarget	1	287016
1121.2808691785183	1.0	NonTarget	1	287048
1121.4058691360644	1.0	NonTarget	1	287080
1121.5308690936106	1.0	NonTarget	1	287112
1121.6558690511567	1.0	NonTarget	1	287144
1121.780869008703	1.0	NonTarget	1	287176
1121.905868966249	1.0	NonTarget	1	287208
1122.0308689237954	1.0	NonTarget	1	287240
1122.1558688813416	1.0	NonTarget	1	287272
1122.2808688388877	1.0	NonTarget	1	287304
1122.4058687964339	1.0	NonTarget	1	287336
1122.53086875398	1.0	NonTarget	1	287368
1122.6558687115262	1.0	NonTarget	1	287400
1122.7808686690723	1.0	NonTarget	1	287432
1122.9058686266185	1.0	NonTarget	1	287464
1123.0308685841646	1.0	NonTarget	1	287496
1123.1558685417108	1.0	NonTarget	1	287528
1123.280868499257	1.0	NonTarget	1	287560
1123.405868456803	1.0	NonTarget	1	287592
1123.5308684143492	1.0	NonTarget	1	287624
1123.6558683718954	1.0	NonTarget	1	287656
1123.7808683294418	1.0	NonTarget	1	287688
1123.905868286988	1.0	NonTarget	1	287720
1124.030868244534	1.0	NonTarget	1	287752
1124.1558682020802	1.0	NonTarget	1	287784
1124.2808681596264	1.0	NonTarget	1	287816
1124.4058681171725	1.0	NonTarget	1	287848
1124.5308680747187	1.0	NonTarget	1	287880
1124.6558680322648	1.0	NonTarget	1	287912
1124.780867989811	1.0	NonTarget	1	287944
1124.9058679473571	1.0	NonTarget	1	287976
1125.0308679049033	1.0	NonTarget	1	288008
1125.1558678624494	1.0	NonTarget	1	288040
1125.2808678199956	1.0	NonTarget	1	288072
1125.405867777542	1.0	NonTarget	1	288104
1125.5308677350881	1.0	NonTarget	1	288136
1125.6558676926343	1.0	NonTarget	1	288168
1125.7808676501804	1.0	NonTarget	1	288200
1125.9058676077266	1.0	NonTarget	1	288232
1126.0308675652727	1.0	NonTarget	1	288264
1126.1558675228189	1.0	NonTarget	1	288296
1126.280867480365	1.0	NonTarget	1	288328
1126.4058674379112	1.0	NonTarget	1	288360
1126.5308673954573	1.0	NonTarget	1	288392
1126.6558673530035	1.0	NonTarget	1	288424
1126.7808673105496	1.0	NonTarget	1	288456
1126.9058672680958	1.0	NonTarget	1	288488
1127.0308672256422	1.0	NonTarget	1	288520
1127.1558671831883	1.0	NonTarget	1	288552
1127.2808671407345	1.0	NonTarget	1	288584
1127.4058670982806	1.0	NonTarget	1	288616
1127.5308670558268	1.0	NonTarget	1	288648
1127.655867013373	1.0	NonTarget	1	288680
1127.780866970919	1.0	NonTarget	1	288712
1127.9058669284652	1.0	NonTarget	1	288744
1128.0308668860114	1.0	NonTarget	1	288776
1128.1558668435575	1.0	NonTarget	1	288808
1128.2808668011037	1.0	NonTarget	1	288840
1128.4058667586498	1.0	NonTarget	1	288872
1128.530866716196	1.0	NonTarget	1	288904
1128.6558666737421	1.0	NonTarget	1	288936
1128.7808666312885	1.0	NonTarget	1	288968
1128.9058665888347	1.0	NonTarget	1	289000
1129.0308665463808	1.0	NonTarget	1	289032
1129.155866503927	1.0	NonTarget	1	289064
1129.2808664614731	1.0	NonTarget	1	289096
1129.4058664190193	1.0	NonTarget	1	289128
1129.5308663765654	1.0	NonTarget	1	289160
1129.6558663341116	1.0	NonTarget	1	289192
1129.7808662916577	1.0	NonTarget	1	289224
1129.9058662492039	1.0	NonTarget	1	289256
1130.03086620675	1.0	NonTarget	1	289288
1130.1558661642962	1.0	NonTarget	1	289320
1130.2808661218423	1.0	NonTarget	1	289352
1130.4058660793887	1.0	NonTarget	1	289384
1130.5308660369349	1.0	NonTarget	1	289416
1130.655865994481	1.0	NonTarget	1	289448
1130.7808659520272	1.0	NonTarget	1	289480
1130.9058659095733	1.0	NonTarget	1	289512
1131.0308658671195	1.0	NonTarget	1	289544
1131.1558658246656	1.0	NonTarget	1	289576
1131.2808657822118	1.0	NonTarget	1	289608
1131.405865739758	1.0	NonTarget	1	289640
1131.530865697304	1.0	NonTarget	1	289672
1131.6558656548502	1.0	NonTarget	1	289704
1131.7808656123964	1.0	NonTarget	1	289736
1131.9058655699425	1.0	NonTarget	1	289768
1132.0308655274887	1.0	NonTarget	1	289800
1132.155865485035	1.0	NonTarget	1	289832
1132.2808654425812	1.0	NonTarget	1	289864
1132.4058654001274	1.0	NonTarget	1	289896
1138.5308633198895	1.0	NonTarget	1	291464
1138.6558632774356	1.0	NonTarget	1	291496
1138.780863234982	1.0	NonTarget	1	291528
1138.9058631925282	1.0	NonTarget	1	291560
1139.0308631500743	1.0	NonTarget	1	291592
1139.1558631076205	1.0	NonTarget	1	291624
1139.2808630651666	1.0	NonTarget	1	291656
1139.4058630227128	1.0	NonTarget	1	291688
1139.530862980259	1.0	NonTarget	1	291720
1139.655862937805	1.0	NonTarget	1	291752
1139.7808628953512	1.0	NonTarget	1	291784
1139.9058628528974	1.0	NonTarget	1	291816
1140.0308628104435	1.0	NonTarget	1	291848
1140.1558627679897	1.0	NonTarget	1	291880
1140.2808627255358	1.0	NonTarget	1	291912
1140.405862683082	1.0	NonTarget	1	291944
1140.5308626406284	1.0	NonTarget	1	291976
1140.6558625981745	1.0	NonTarget	1	292008
1140.7808625557207	1.0	NonTarget	1	292040
1140.9058625132668	1.0	NonTarget	1	292072
1141.030862470813	1.0	NonTarget	1	292104
1141.1558624283591	1.0	NonTarget	1	292136
1141.2808623859053	1.0	NonTarget	1	292168
1141.4058623434514	1.0	NonTarget	1	292200
1141.5308623009976	1.0	NonTarget	1	292232
1141.6558622585437	1.0	NonTarget	1	292264
1141.7808622160899	1.0	NonTarget	1	292296
1141.905862173636	1.0	NonTarget	1	292328
1142.0308621311822	1.0	NonTarget	1	292360
1142.1558620887286	1.0	NonTarget	1	292392
1142.2808620462747	1.0	NonTarget	1	292424
1142.4058620038209	1.0	NonTarget	1	292456
1142.530861961367	1.0	NonTarget	1	292488
1142.6558619189132	1.0	NonTarget	1	292520
1142.7808618764593	1.0	NonTarget	1	292552
1142.9058618340055	1.0	NonTarget	1	292584
1143.0308617915516	1.0	NonTarget	1	292616
1143.1558617490978	1.0	NonTarget	1	292648
1143.280861706644	1.0	NonTarget	1	292680
1143.40586166419	1.0	NonTarget	1	292712
1143.5308616217362	1.0	NonTarget	1	292744
1143.6558615792824	1.0	NonTarget	1	292776
1143.7808615368288	1.0	NonTarget	1	292808
1143.905861494375	1.0	NonTarget	1	292840
1144.030861451921	1.0	NonTarget	1	292872
1144.1558614094672	1.0	NonTarget	1	292904
1144.2808613670134	1.0	NonTarget	1	292936
1144.4058613245595	1.0	NonTarget	1	292968
1144.5308612821057	1.0	NonTarget	1	293000
1144.6558612396518	1.0	NonTarget	1	293032
1144.780861197198	1.0	NonTarget	1	293064
1144.9058611547441	1.0	NonTarget	1	293096
1145.0308611122903	1.0	NonTarget	1	293128
1145.1558610698364	1.0	NonTarget	1	293160
1145.2808610273826	1.0	NonTarget	1	293192
1145.4058609849287	1.0	NonTarget	1	293224
1145.530860942475	1.0	NonTarget	1	293256
1145.6558609000213	1.0	NonTarget	1	293288
1145.7808608575674	1.0	NonTarget	1	293320
1145.9058608151136	1.0	NonTarget	1	293352
1146.0308607726597	1.0	NonTarget	1	293384
1146.1558607302059	1.0	NonTarget	1	293416
1146.280860687752	1.0	NonTarget	1	293448
1146.4058606452982	1.0	NonTarget	1	293480
1146.5308606028443	1.0	NonTarget	1	293512
1146.6558605603905	1.0	NonTarget	1	293544
1146.7808605179366	1.0	NonTarget	1	293576
1146.9058604754828	1.0	NonTarget	1	293608
1147.030860433029	1.0	NonTarget	1	293640
1147.1558603905753	1.0	NonTarget	1	293672
1147.2808603481215	1.0	NonTarget	1	293704
1147.4058603056676	1.0	NonTarget	1	293736
1147.5308602632138	1.0	NonTarget	1	293768
1147.65586022076	1.0	NonTarget	1	293800
1147.780860178306	1.0	NonTarget	1	293832
1147.9058601358522	1.0	NonTarget	1	293864
1148.0308600933984	1.0	NonTarget	1	293896
1148.1558600509445	1.0	NonTarget	1	293928
1148.2808600084907	1.0	NonTarget	1	293960
1148.4058599660368	1.0	NonTarget	1	293992
1148.530859923583	1.0	NonTarget	1	294024
1148.6558598811291	1.0	NonTarget	1	294056
1148.7808598386753	1.0	NonTarget	1	294088
1148.9058597962216	1.0	NonTarget	1	294120
1149.0308597537678	1.0	NonTarget	1	294152
1149.155859711314	1.0	NonTarget	1	294184
1149.28085966886	1.0	NonTarget	1	294216
1149.4058596264063	1.0	NonTarget	1	294248
1149.5308595839524	1.0	NonTarget	1	294280
1149.6558595414986	1.0	NonTarget	1	294312
1149.7808594990447	1.0	NonTarget	1	294344
1149.9058594565909	1.0	NonTarget	1	294376
1150.030859414137	1.0	NonTarget	1	294408
1150.1558593716832	1.0	NonTarget	1	294440
1150.2808593292293	1.0	NonTarget	1	294472
1150.4058592867755	1.0	NonTarget	1	294504
1150.5308592443218	1.0	NonTarget	1	294536
1150.655859201868	1.0	NonTarget	1	294568
1150.7808591594141	1.0	NonTarget	1	294600
1150.9058591169603	1.0	NonTarget	1	294632
1151.0308590745065	1.0	NonTarget	1	294664
1151.1558590320526	1.0	NonTarget	1	294696
1151.2808589895988	1.0	NonTarget	1	294728
1151.405858947145	1.0	NonTarget	1	294760
1151.530858904691	1.0	NonTarget	1	294792
1151.6558588622372	1.0	NonTarget	1	294824
1151.7808588197834	1.0	NonTarget	1	294856
1151.9058587773295	1.0	NonTarget	1	294888
1152.0308587348757	1.0	NonTarget	1	294920
1152.155858692422	1.0	NonTarget	1	294952
1152.2808586499682	1.0	NonTarget	1	294984
1152.4058586075143	1.0	NonTarget	1	295016
1152.5308585650605	1.0	NonTarget	1	295048
1152.6558585226066	1.0	NonTarget	1	295080
1152.7808584801528	1.0	NonTarget	1	295112
1152.905858437699	1.0	NonTarget	1	295144
1153.030858395245	1.0	NonTarget	1	295176
1153.1558583527913	1.0	NonTarget	1	295208
1153.2808583103374	1.0	NonTarget	1	295240
1153.4058582678836	1.0	NonTarget	1	295272
1159.530856187646	1.0	NonTarget	1	296840
1159.655856145192	1.0	NonTarget	1	296872
1159.7808561027382	1.0	NonTarget	1	296904
1159.9058560602843	1.0	NonTarget	1	296936
1160.0308560178305	1.0	NonTarget	1	296968
1160.1558559753767	1.0	NonTarget	1	297000
1160.2808559329228	1.0	NonTarget	1	297032
1160.405855890469	1.0	NonTarget	1	297064
1160.5308558480153	1.0	NonTarget	1	297096
1160.6558558055615	1.0	NonTarget	1	297128
1160.7808557631076	1.0	NonTarget	1	297160
1160.9058557206538	1.0	NonTarget	1	297192
1161.0308556782	1.0	NonTarget	1	297224
1161.155855635746	1.0	NonTarget	1	297256
1161.2808555932922	1.0	NonTarget	1	297288
1161.4058555508384	1.0	NonTarget	1	297320
1161.5308555083845	1.0	NonTarget	1	297352
1161.6558554659307	1.0	NonTarget	1	297384
1161.7808554234769	1.0	NonTarget	1	297416
1161.905855381023	1.0	NonTarget	1	297448
1162.0308553385692	1.0	NonTarget	1	297480
1162.1558552961153	1.0	NonTarget	1	297512
1162.2808552536617	1.0	NonTarget	1	297544
1162.4058552112078	1.0	NonTarget	1	297576
1162.530855168754	1.0	NonTarget	1	297608
1162.6558551263001	1.0	NonTarget	1	297640
1162.7808550838463	1.0	NonTarget	1	297672
1162.9058550413924	1.0	NonTarget	1	297704
1163.0308549989386	1.0	NonTarget	1	297736
1163.1558549564847	1.0	NonTarget	1	297768
1163.280854914031	1.0	NonTarget	1	297800
1163.405854871577	1.0	NonTarget	1	297832
1163.5308548291232	1.0	NonTarget	1	297864
1163.6558547866694	1.0	NonTarget	1	297896
1163.7808547442155	1.0	NonTarget	1	297928
1163.9058547017619	1.0	NonTarget	1	297960
1164.030854659308	1.0	NonTarget	1	297992
1164.1558546168542	1.0	NonTarget	1	298024
1164.2808545744003	1.0	NonTarget	1	298056
1164.4058545319465	1.0	NonTarget	1	298088
1164.5308544894926	1.0	NonTarget	1	298120
1164.6558544470388	1.0	NonTarget	1	298152
1164.780854404585	1.0	NonTarget	1	298184
1164.905854362131	1.0	NonTarget	1	298216
1165.0308543196772	1.0	NonTarget	1	298248
1165.1558542772234	1.0	NonTarget	1	298280
1165.2808542347695	1.0	NonTarget	1	298312
1165.4058541923157	1.0	NonTarget	1	298344
1165.530854149862	1.0	NonTarget	1	298376
1165.6558541074082	1.0	NonTarget	1	298408
1165.7808540649544	1.0	NonTarget	1	298440
1165.9058540225005	1.0	NonTarget	1	298472
1166.0308539800467	1.0	NonTarget	1	298504
1166.1558539375928	1.0	NonTarget	1	298536
1166.280853895139	1.0	NonTarget	1	298568
1166.4058538526851	1.0	NonTarget	1	298600
1166.5308538102313	1.0	NonTarget	1	298632
1166.6558537677774	1.0	NonTarget	1	298664
1166.7808537253236	1.0	NonTarget	1	298696
1166.9058536828697	1.0	NonTarget	1	298728
1167.030853640416	1.0	NonTarget	1	298760
1167.155853597962	1.0	NonTarget	1	298792
1167.2808535555084	1.0	NonTarget	1	298824
1167.4058535130546	1.0	NonTarget	1	298856
1167.5308534706007	1.0	NonTarget	1	298888
1167.6558534281469	1.0	NonTarget	1	298920
1167.780853385693	1.0	NonTarget	1	298952
1167.9058533432392	1.0	NonTarget	1	298984
1168.0308533007853	1.0	NonTarget	1	299016
1168.1558532583315	1.0	NonTarget	1	299048
1168.2808532158776	1.0	NonTarget	1	299080
1168.4058531734238	1.0	NonTarget	1	299112
1168.53085313097	1.0	NonTarget	1	299144
1168.655853088516	1.0	NonTarget	1	299176
1168.7808530460622	1.0	NonTarget	1	299208
1168.9058530036086	1.0	NonTarget	1	299240
1169.0308529611548	1.0	NonTarget	1	299272
1169.155852918701	1.0	NonTarget	1	299304
1169.280852876247	1.0	NonTarget	1	299336
1169.4058528337932	1.0	NonTarget	1	299368
1169.5308527913394	1.0	NonTarget	1	299400
1169.6558527488855	1.0	NonTarget	1	299432
1169.7808527064317	1.0	NonTarget	1	299464
1169.9058526639778	1.0	NonTarget	1	299496
1170.030852621524	1.0	NonTarget	1	299528
1170.1558525790701	1.0	NonTarget	1	299560
1170.2808525366163	1.0	NonTarget	1	299592
1170.4058524941624	1.0	NonTarget	1	299624
1170.5308524517086	1.0	NonTarget	1	299656
1170.655852409255	1.0	NonTarget	1	299688
1170.7808523668011	1.0	NonTarget	1	299720
1170.9058523243473	1.0	NonTarget	1	299752
1171.0308522818934	1.0	NonTarget	1	299784
1171.1558522394396	1.0	NonTarget	1	299816
1171.2808521969857	1.0	NonTarget	1	299848
1171.4058521545319	1.0	NonTarget	1	299880
1171.530852112078	1.0	NonTarget	1	299912
1171.6558520696242	1.0	NonTarget	1	299944
1171.7808520271703	1.0	NonTarget	1	299976
1171.9058519847165	1.0	NonTarget	1	300008
1172.0308519422626	1.0	NonTarget	1	300040
1172.1558518998088	1.0	NonTarget	1	300072
1172.2808518573552	1.0	NonTarget	1	300104
1172.4058518149013	1.0	NonTarget	1	300136
1172.5308517724475	1.0	NonTarget	1	300168
1172.6558517299936	1.0	NonTarget	1	300200
1172.7808516875398	1.0	NonTarget	1	300232
1172.905851645086	1.0	NonTarget	1	300264
1173.030851602632	1.0	NonTarget	1	300296
1173.1558515601782	1.0	NonTarget	1	300328
1173.2808515177244	1.0	NonTarget	1	300360
1173.4058514752705	1.0	NonTarget	1	300392
1173.5308514328167	1.0	NonTarget	1	300424
1173.6558513903628	1.0	NonTarget	1	300456
1173.780851347909	1.0	NonTarget	1	300488
1173.9058513054554	1.0	NonTarget	1	300520
1174.0308512630015	1.0	NonTarget	1	300552
1174.1558512205477	1.0	NonTarget	1	300584
1174.2808511780938	1.0	NonTarget	1	300616
1174.40585113564	1.0	NonTarget	1	300648
1180.530849055402	1.0	NonTarget	1	302216
1180.6558490129485	1.0	NonTarget	1	302248
1180.7808489704946	1.0	NonTarget	1	302280
1180.9058489280408	1.0	NonTarget	1	302312
1181.030848885587	1.0	NonTarget	1	302344
1181.155848843133	1.0	NonTarget	1	302376
1181.2808488006792	1.0	NonTarget	1	302408
1181.4058487582254	1.0	NonTarget	1	302440
1181.5308487157715	1.0	NonTarget	1	302472
1181.6558486733177	1.0	NonTarget	1	302504
1181.7808486308638	1.0	NonTarget	1	302536
1181.90584858841	1.0	NonTarget	1	302568
1182.0308485459561	1.0	NonTarget	1	302600
1182.1558485035023	1.0	NonTarget	1	302632
1182.2808484610487	1.0	NonTarget	1	302664
1182.4058484185948	1.0	NonTarget	1	302696
1182.530848376141	1.0	NonTarget	1	302728
1182.6558483336871	1.0	NonTarget	1	302760
1182.7808482912333	1.0	NonTarget	1	302792
1182.9058482487794	1.0	NonTarget	1	302824
1183.0308482063256	1.0	NonTarget	1	302856
1183.1558481638717	1.0	NonTarget	1	302888
1183.2808481214179	1.0	NonTarget	1	302920
1183.405848078964	1.0	NonTarget	1	302952
1183.5308480365102	1.0	NonTarget	1	302984
1183.6558479940563	1.0	NonTarget	1	303016
1183.7808479516025	1.0	NonTarget	1	303048
1183.9058479091486	1.0	NonTarget	1	303080
1184.030847866695	1.0	NonTarget	1	303112
1184.1558478242412	1.0	NonTarget	1	303144
1184.2808477817873	1.0	NonTarget	1	303176
1184.4058477393335	1.0	NonTarget	1	303208
1184.5308476968796	1.0	NonTarget	1	303240
1184.6558476544258	1.0	NonTarget	1	303272
1184.780847611972	1.0	NonTarget	1	303304
1184.905847569518	1.0	NonTarget	1	303336
1185.0308475270642	1.0	NonTarget	1	303368
1185.1558474846104	1.0	NonTarget	1	303400
1185.2808474421565	1.0	NonTarget	1	303432
1185.4058473997027	1.0	NonTarget	1	303464
1185.5308473572488	1.0	NonTarget	1	303496
1185.6558473147952	1.0	NonTarget	1	303528
1185.7808472723414	1.0	NonTarget	1	303560
1185.9058472298875	1.0	NonTarget	1	303592
1186.0308471874337	1.0	NonTarget	1	303624
1186.1558471449798	1.0	NonTarget	1	303656
1186.280847102526	1.0	NonTarget	1	303688
1186.4058470600721	1.0	NonTarget	1	303720
1186.5308470176183	1.0	NonTarget	1	303752
1186.6558469751644	1.0	NonTarget	1	303784
1186.7808469327106	1.0	NonTarget	1	303816
1186.9058468902567	1.0	NonTarget	1	303848
1187.0308468478029	1.0	NonTarget	1	303880
1187.155846805349	1.0	NonTarget	1	303912
1187.2808467628952	1.0	NonTarget	1	303944
1187.4058467204416	1.0	NonTarget	1	303976
1187.5308466779877	1.0	NonTarget	1	304008
1187.6558466355339	1.0	NonTarget	1	304040
1187.78084659308	1.0	NonTarget	1	304072
1187.9058465506262	1.0	NonTarget	1	304104
1188.0308465081723	1.0	NonTarget	1	304136
1188.1558464657185	1.0	NonTarget	1	304168
1188.2808464232646	1.0	NonTarget	1	304200
1188.4058463808108	1.0	NonTarget	1	304232
1188.530846338357	1.0	NonTarget	1	304264
1188.655846295903	1.0	NonTarget	1	304296
1188.7808462534492	1.0	NonTarget	1	304328
1188.9058462109954	1.0	NonTarget	1	304360
1189.0308461685418	1.0	NonTarget	1	304392
1189.155846126088	1.0	NonTarget	1	304424
1189.280846083634	1.0	NonTarget	1	304456
1189.4058460411802	1.0	NonTarget	1	304488
1189.5308459987264	1.0	NonTarget	1	304520
1189.6558459562725	1.0	NonTarget	1	304552
1189.7808459138187	1.0	NonTarget	1	304584
1189.9058458713648	1.0	NonTarget	1	304616
1190.030845828911	1.0	NonTarget	1	304648
1190.1558457864571	1.0	NonTarget	1	304680
1190.2808457440033	1.0	NonTarget	1	304712
1190.4058457015494	1.0	NonTarget	1	304744
1190.5308456590956	1.0	NonTarget	1	304776
1190.655845616642	1.0	NonTarget	1	304808
1190.780845574188	1.0	NonTarget	1	304840
1190.9058455317343	1.0	NonTarget	1	304872
1191.0308454892804	1.0	NonTarget	1	304904
1191.1558454468266	1.0	NonTarget	1	304936
1191.2808454043727	1.0	NonTarget	1	304968
1191.4058453619189	1.0	NonTarget	1	305000
1191.530845319465	1.0	NonTarget	1	305032
1191.6558452770112	1.0	NonTarget	1	305064
1191.7808452345573	1.0	NonTarget	1	305096
1191.9058451921035	1.0	NonTarget	1	305128
1192.0308451496496	1.0	NonTarget	1	305160
1192.1558451071958	1.0	NonTarget	1	305192
1192.280845064742	1.0	NonTarget	1	305224
1192.4058450222883	1.0	NonTarget	1	305256
1192.5308449798345	1.0	NonTarget	1	305288
1192.6558449373806	1.0	NonTarget	1	305320
1192.7808448949268	1.0	NonTarget	1	305352
1192.905844852473	1.0	NonTarget	1	305384
1193.030844810019	1.0	NonTarget	1	305416
1193.1558447675652	1.0	NonTarget	1	305448
1193.2808447251114	1.0	NonTarget	1	305480
1193.4058446826575	1.0	NonTarget	1	305512
1193.5308446402037	1.0	NonTarget	1	305544
1193.6558445977498	1.0	NonTarget	1	305576
1193.780844555296	1.0	NonTarget	1	305608
1193.9058445128421	1.0	NonTarget	1	305640
1194.0308444703885	1.0	NonTarget	1	305672
1194.1558444279347	1.0	NonTarget	1	305704
1194.2808443854808	1.0	NonTarget	1	305736
1194.405844343027	1.0	NonTarget	1	305768
1194.530844300573	1.0	NonTarget	1	305800
1194.6558442581193	1.0	NonTarget	1	305832
1194.7808442156654	1.0	NonTarget	1	305864
1194.9058441732116	1.0	NonTarget	1	305896
1195.0308441307577	1.0	NonTarget	1	305928
1195.1558440883039	1.0	NonTarget	1	305960
1195.28084404585	1.0	NonTarget	1	305992
1195.4058440033962	1.0	NonTarget	1	306024
1201.5308419231585	1.0	NonTarget	1	307592
1201.6558418807047	1.0	NonTarget	1	307624
1201.7808418382508	1.0	NonTarget	1	307656
1201.905841795797	1.0	NonTarget	1	307688
1202.030841753343	1.0	NonTarget	1	307720
1202.1558417108893	1.0	NonTarget	1	307752
1202.2808416684354	1.0	NonTarget	1	307784
1202.4058416259818	1.0	NonTarget	1	307816
1202.530841583528	1.0	NonTarget	1	307848
1202.655841541074	1.0	NonTarget	1	307880
1202.7808414986202	1.0	NonTarget	1	307912
1202.9058414561664	1.0	NonTarget	1	307944
1203.0308414137126	1.0	NonTarget	1	307976
1203.1558413712587	1.0	NonTarget	1	308008
1203.2808413288049	1.0	NonTarget	1	308040
1203.405841286351	1.0	NonTarget	1	308072
1203.5308412438972	1.0	NonTarget	1	308104
1203.6558412014433	1.0	NonTarget	1	308136
1203.7808411589895	1.0	NonTarget	1	308168
1203.9058411165356	1.0	NonTarget	1	308200
1204.0308410740818	1.0	NonTarget	1	308232
1204.1558410316281	1.0	NonTarget	1	308264
1204.2808409891743	1.0	NonTarget	1	308296
1204.4058409467204	1.0	NonTarget	1	308328
1204.5308409042666	1.0	NonTarget	1	308360
1204.6558408618127	1.0	NonTarget	1	308392
1204.780840819359	1.0	NonTarget	1	308424
1204.905840776905	1.0	NonTarget	1	308456
1205.0308407344512	1.0	NonTarget	1	308488
1205.1558406919974	1.0	NonTarget	1	308520
1205.2808406495435	1.0	NonTarget	1	308552
1205.4058406070897	1.0	NonTarget	1	308584
1205.5308405646358	1.0	NonTarget	1	308616
1205.655840522182	1.0	NonTarget	1	308648
1205.7808404797283	1.0	NonTarget	1	308680
1205.9058404372745	1.0	NonTarget	1	308712
1206.0308403948206	1.0	NonTarget	1	308744
1206.1558403523668	1.0	NonTarget	1	308776
1206.280840309913	1.0	NonTarget	1	308808
1206.405840267459	1.0	NonTarget	1	308840
1206.5308402250052	1.0	NonTarget	1	308872
1206.6558401825514	1.0	NonTarget	1	308904
1206.7808401400976	1.0	NonTarget	1	308936
1206.9058400976437	1.0	NonTarget	1	308968
1207.0308400551899	1.0	NonTarget	1	309000
1207.155840012736	1.0	NonTarget	1	309032
1207.2808399702822	1.0	NonTarget	1	309064
1207.4058399278285	1.0	NonTarget	1	309096
1207.5308398853747	1.0	NonTarget	1	309128
1207.6558398429208	1.0	NonTarget	1	309160
1207.780839800467	1.0	NonTarget	1	309192
1207.9058397580131	1.0	NonTarget	1	309224
1208.0308397155593	1.0	NonTarget	1	309256
1208.1558396731054	1.0	NonTarget	1	309288
1208.2808396306516	1.0	NonTarget	1	309320
1208.4058395881978	1.0	NonTarget	1	309352
1208.530839545744	1.0	NonTarget	1	309384
1208.65583950329	1.0	NonTarget	1	309416
1208.7808394608362	1.0	NonTarget	1	309448
1208.9058394183824	1.0	NonTarget	1	309480
1209.0308393759285	1.0	NonTarget	1	309512
1209.155839333475	1.0	NonTarget	1	309544
1209.280839291021	1.0	NonTarget	1	309576
1209.4058392485672	1.0	NonTarget	1	309608
1209.5308392061133	1.0	NonTarget	1	309640
1209.6558391636595	1.0	NonTarget	1	309672
1209.7808391212056	1.0	NonTarget	1	309704
1209.9058390787518	1.0	NonTarget	1	309736
1210.030839036298	1.0	NonTarget	1	309768
1210.155838993844	1.0	NonTarget	1	309800
1210.2808389513903	1.0	NonTarget	1	309832
1210.4058389089364	1.0	NonTarget	1	309864
1210.5308388664826	1.0	NonTarget	1	309896
1210.6558388240287	1.0	NonTarget	1	309928
1210.780838781575	1.0	NonTarget	1	309960
1210.9058387391212	1.0	NonTarget	1	309992
1211.0308386966674	1.0	NonTarget	1	310024
1211.1558386542135	1.0	NonTarget	1	310056
1211.2808386117597	1.0	NonTarget	1	310088
1211.4058385693058	1.0	NonTarget	1	310120
1211.530838526852	1.0	NonTarget	1	310152
1211.6558384843981	1.0	NonTarget	1	310184
1211.7808384419443	1.0	NonTarget	1	310216
1211.9058383994904	1.0	NonTarget	1	310248
1212.0308383570366	1.0	NonTarget	1	310280
1212.1558383145828	1.0	NonTarget	1	310312
1212.280838272129	1.0	NonTarget	1	310344
1212.405838229675	1.0	NonTarget	1	310376
1212.5308381872214	1.0	NonTarget	1	310408
1212.6558381447676	1.0	NonTarget	1	310440
1212.7808381023137	1.0	NonTarget	1	310472
1212.90583805986	1.0	NonTarget	1	310504
1213.030838017406	1.0	NonTarget	1	310536
1213.1558379749522	1.0	NonTarget	1	310568
1213.2808379324983	1.0	NonTarget	1	310600
1213.4058378900445	1.0	NonTarget	1	310632
1213.5308378475906	1.0	NonTarget	1	310664
1213.6558378051368	1.0	NonTarget	1	310696
1213.780837762683	1.0	NonTarget	1	310728
1213.905837720229	1.0	NonTarget	1	310760
1214.0308376777753	1.0	NonTarget	1	310792
1214.1558376353216	1.0	NonTarget	1	310824
1214.2808375928678	1.0	NonTarget	1	310856
1214.405837550414	1.0	NonTarget	1	310888
1214.53083750796	1.0	NonTarget	1	310920
1214.6558374655062	1.0	NonTarget	1	310952
1214.7808374230524	1.0	NonTarget	1	310984
1214.9058373805985	1.0	NonTarget	1	311016
1215.0308373381447	1.0	NonTarget	1	311048
1215.1558372956908	1.0	NonTarget	1	311080
1215.280837253237	1.0	NonTarget	1	311112
1215.4058372107831	1.0	NonTarget	1	311144
1215.5308371683293	1.0	NonTarget	1	311176
1215.6558371258755	1.0	NonTarget	1	311208
1215.7808370834218	1.0	NonTarget	1	311240
1215.905837040968	1.0	NonTarget	1	311272
1216.0308369985141	1.0	NonTarget	1	311304
1216.1558369560603	1.0	NonTarget	1	311336
1216.2808369136064	1.0	NonTarget	1	311368
1216.4058368711526	1.0	NonTarget	1	311400
1222.530834790915	1.0	NonTarget	1	312968
1222.655834748461	1.0	NonTarget	1	313000
1222.7808347060072	1.0	NonTarget	1	313032
1222.9058346635534	1.0	NonTarget	1	313064
1223.0308346210995	1.0	NonTarget	1	313096
1223.1558345786457	1.0	NonTarget	1	313128
1223.2808345361918	1.0	NonTarget	1	313160
1223.405834493738	1.0	NonTarget	1	313192
1223.5308344512841	1.0	NonTarget	1	313224
1223.6558344088303	1.0	NonTarget	1	313256
1223.7808343663764	1.0	NonTarget	1	313288
1223.9058343239226	1.0	NonTarget	1	313320
1224.0308342814687	1.0	NonTarget	1	313352
1224.1558342390151	1.0	NonTarget	1	313384
1224.2808341965613	1.0	NonTarget	1	313416
1224.4058341541074	1.0	NonTarget	1	313448
1224.5308341116536	1.0	NonTarget	1	313480
1224.6558340691997	1.0	NonTarget	1	313512
1224.7808340267459	1.0	NonTarget	1	313544
1224.905833984292	1.0	NonTarget	1	313576
1225.0308339418382	1.0	NonTarget	1	313608
1225.1558338993843	1.0	NonTarget	1	313640
1225.2808338569305	1.0	NonTarget	1	313672
1225.4058338144766	1.0	NonTarget	1	313704
1225.5308337720228	1.0	NonTarget	1	313736
1225.655833729569	1.0	NonTarget	1	313768
1225.780833687115	1.0	NonTarget	1	313800
1225.9058336446615	1.0	NonTarget	1	313832
1226.0308336022076	1.0	NonTarget	1	313864
1226.1558335597538	1.0	NonTarget	1	313896
1226.2808335173	1.0	NonTarget	1	313928
1226.405833474846	1.0	NonTarget	1	313960
1226.5308334323922	1.0	NonTarget	1	313992
1226.6558333899384	1.0	NonTarget	1	314024
1226.7808333474845	1.0	NonTarget	1	314056
1226.9058333050307	1.0	NonTarget	1	314088
1227.0308332625768	1.0	NonTarget	1	314120
1227.155833220123	1.0	NonTarget	1	314152
1227.2808331776691	1.0	NonTarget	1	314184
1227.4058331352153	1.0	NonTarget	1	314216
1227.5308330927617	1.0	NonTarget	1	314248
1227.6558330503078	1.0	NonTarget	1	314280
1227.780833007854	1.0	NonTarget	1	314312
1227.9058329654001	1.0	NonTarget	1	314344
1228.0308329229463	1.0	NonTarget	1	314376
1228.1558328804924	1.0	NonTarget	1	314408
1228.2808328380386	1.0	NonTarget	1	314440
1228.4058327955847	1.0	NonTarget	1	314472
1228.5308327531309	1.0	NonTarget	1	314504
1228.655832710677	1.0	NonTarget	1	314536
1228.7808326682232	1.0	NonTarget	1	314568
1228.9058326257693	1.0	NonTarget	1	314600
1229.0308325833155	1.0	NonTarget	1	314632
1229.1558325408616	1.0	NonTarget	1	314664
1229.280832498408	1.0	NonTarget	1	314696
1229.4058324559542	1.0	NonTarget	1	314728
1229.5308324135003	1.0	NonTarget	1	314760
1229.6558323710465	1.0	NonTarget	1	314792
1229.7808323285926	1.0	NonTarget	1	314824
1229.9058322861388	1.0	NonTarget	1	314856
1230.030832243685	1.0	NonTarget	1	314888
1230.155832201231	1.0	NonTarget	1	314920
1230.2808321587772	1.0	NonTarget	1	314952
1230.4058321163234	1.0	NonTarget	1	314984
1230.5308320738695	1.0	NonTarget	1	315016
1230.6558320314157	1.0	NonTarget	1	315048
1230.7808319889618	1.0	NonTarget	1	315080
1230.9058319465082	1.0	NonTarget	1	315112
1231.0308319040544	1.0	NonTarget	1	315144
1231.1558318616005	1.0	NonTarget	1	315176
1231.2808318191467	1.0	NonTarget	1	315208
1231.4058317766928	1.0	NonTarget	1	315240
1231.530831734239	1.0	NonTarget	1	315272
1231.6558316917851	1.0	NonTarget	1	315304
1231.7808316493313	1.0	NonTarget	1	315336
1231.9058316068774	1.0	NonTarget	1	315368
1232.0308315644236	1.0	NonTarget	1	315400
1232.1558315219697	1.0	NonTarget	1	315432
1232.2808314795159	1.0	NonTarget	1	315464
1232.405831437062	1.0	NonTarget	1	315496
1232.5308313946084	1.0	NonTarget	1	315528
1232.6558313521546	1.0	NonTarget	1	315560
1232.7808313097007	1.0	NonTarget	1	315592
1232.9058312672469	1.0	NonTarget	1	315624
1233.030831224793	1.0	NonTarget	1	315656
1233.1558311823392	1.0	NonTarget	1	315688
1233.2808311398853	1.0	NonTarget	1	315720
1233.4058310974315	1.0	NonTarget	1	315752
1233.5308310549776	1.0	NonTarget	1	315784
1233.6558310125238	1.0	NonTarget	1	315816
1233.78083097007	1.0	NonTarget	1	315848
1233.905830927616	1.0	NonTarget	1	315880
1234.0308308851622	1.0	NonTarget	1	315912
1234.1558308427084	1.0	NonTarget	1	315944
1234.2808308002548	1.0	NonTarget	1	315976
1234.405830757801	1.0	NonTarget	1	316008
1234.530830715347	1.0	NonTarget	1	316040
1234.6558306728932	1.0	NonTarget	1	316072
1234.7808306304394	1.0	NonTarget	1	316104
1234.9058305879855	1.0	NonTarget	1	316136
1235.0308305455317	1.0	NonTarget	1	316168
1235.1558305030778	1.0	NonTarget	1	316200
1235.280830460624	1.0	NonTarget	1	316232
1235.4058304181701	1.0	NonTarget	1	316264
1235.5308303757163	1.0	NonTarget	1	316296
1235.6558303332624	1.0	NonTarget	1	316328
1235.7808302908086	1.0	NonTarget	1	316360
1235.905830248355	1.0	NonTarget	1	316392
1236.030830205901	1.0	NonTarget	1	316424
1236.1558301634473	1.0	NonTarget	1	316456
1236.2808301209934	1.0	NonTarget	1	316488
1236.4058300785396	1.0	NonTarget	1	316520
1236.5308300360857	1.0	NonTarget	1	316552
1236.6558299936319	1.0	NonTarget	1	316584
1236.780829951178	1.0	NonTarget	1	316616
1236.9058299087242	1.0	NonTarget	1	316648
1237.0308298662703	1.0	NonTarget	1	316680
1237.1558298238165	1.0	NonTarget	1	316712
1237.2808297813626	1.0	NonTarget	1	316744
1237.4058297389088	1.0	NonTarget	1	316776
1243.5308276586711	1.0	NonTarget	1	318344
1243.6558276162173	1.0	NonTarget	1	318376
1243.7808275737634	1.0	NonTarget	1	318408
1243.9058275313096	1.0	NonTarget	1	318440
1244.0308274888557	1.0	NonTarget	1	318472
1244.1558274464019	1.0	NonTarget	1	318504
1244.2808274039483	1.0	NonTarget	1	318536
1244.4058273614944	1.0	NonTarget	1	318568
1244.5308273190406	1.0	NonTarget	1	318600
1244.6558272765867	1.0	NonTarget	1	318632
1244.7808272341329	1.0	NonTarget	1	318664
1244.905827191679	1.0	NonTarget	1	318696
1245.0308271492252	1.0	NonTarget	1	318728
1245.1558271067713	1.0	NonTarget	1	318760
1245.2808270643175	1.0	NonTarget	1	318792
1245.4058270218636	1.0	NonTarget	1	318824
1245.5308269794098	1.0	NonTarget	1	318856
1245.655826936956	1.0	NonTarget	1	318888
1245.780826894502	1.0	NonTarget	1	318920
1245.9058268520482	1.0	NonTarget	1	318952
1246.0308268095946	1.0	NonTarget	1	318984
1246.1558267671408	1.0	NonTarget	1	319016
1246.280826724687	1.0	NonTarget	1	319048
1246.405826682233	1.0	NonTarget	1	319080
1246.5308266397792	1.0	NonTarget	1	319112
1246.6558265973254	1.0	NonTarget	1	319144
1246.7808265548715	1.0	NonTarget	1	319176
1246.9058265124177	1.0	NonTarget	1	319208
1247.0308264699638	1.0	NonTarget	1	319240
1247.15582642751	1.0	NonTarget	1	319272
1247.2808263850561	1.0	NonTarget	1	319304
1247.4058263426023	1.0	NonTarget	1	319336
1247.5308263001484	1.0	NonTarget	1	319368
1247.6558262576948	1.0	NonTarget	1	319400
1247.780826215241	1.0	NonTarget	1	319432
1247.905826172787	1.0	NonTarget	1	319464
1248.0308261303333	1.0	NonTarget	1	319496
1248.1558260878794	1.0	NonTarget	1	319528
1248.2808260454256	1.0	NonTarget	1	319560
1248.4058260029717	1.0	NonTarget	1	319592
1248.5308259605179	1.0	NonTarget	1	319624
1248.655825918064	1.0	NonTarget	1	319656
1248.7808258756102	1.0	NonTarget	1	319688
1248.9058258331563	1.0	NonTarget	1	319720
1249.0308257907025	1.0	NonTarget	1	319752
1249.1558257482486	1.0	NonTarget	1	319784
1249.280825705795	1.0	NonTarget	1	319816
1249.4058256633411	1.0	NonTarget	1	319848
1249.5308256208873	1.0	NonTarget	1	319880
1249.6558255784335	1.0	NonTarget	1	319912
1249.7808255359796	1.0	NonTarget	1	319944
1249.9058254935258	1.0	NonTarget	1	319976
1250.030825451072	1.0	NonTarget	1	320008
1250.155825408618	1.0	NonTarget	1	320040
1250.2808253661642	1.0	NonTarget	1	320072
1250.4058253237104	1.0	NonTarget	1	320104
1250.5308252812565	1.0	NonTarget	1	320136
1250.6558252388027	1.0	NonTarget	1	320168
1250.7808251963488	1.0	NonTarget	1	320200
1250.905825153895	1.0	NonTarget	1	320232
1251.0308251114413	1.0	NonTarget	1	320264
1251.1558250689875	1.0	NonTarget	1	320296
1251.2808250265336	1.0	NonTarget	1	320328
1251.4058249840798	1.0	NonTarget	1	320360
1251.530824941626	1.0	NonTarget	1	320392
1251.655824899172	1.0	NonTarget	1	320424
1251.7808248567183	1.0	NonTarget	1	320456
1251.9058248142644	1.0	NonTarget	1	320488
1252.0308247718106	1.0	NonTarget	1	320520
1252.1558247293567	1.0	NonTarget	1	320552
1252.2808246869029	1.0	NonTarget	1	320584
1252.405824644449	1.0	NonTarget	1	320616
1252.5308246019952	1.0	NonTarget	1	320648
1252.6558245595415	1.0	NonTarget	1	320680
1252.7808245170877	1.0	NonTarget	1	320712
1252.9058244746338	1.0	NonTarget	1	320744
1253.03082443218	1.0	NonTarget	1	320776
1253.1558243897261	1.0	NonTarget	1	320808
1253.2808243472723	1.0	NonTarget	1	320840
1253.4058243048185	1.0	NonTarget	1	320872
1253.5308242623646	1.0	NonTarget	1	320904
1253.6558242199108	1.0	NonTarget	1	320936
1253.780824177457	1.0	NonTarget	1	320968
1253.905824135003	1.0	NonTarget	1	321000
1254.0308240925492	1.0	NonTarget	1	321032
1254.1558240500954	1.0	NonTarget	1	321064
1254.2808240076415	1.0	NonTarget	1	321096
1254.405823965188	1.0	NonTarget	1	321128
1254.530823922734	1.0	NonTarget	1	321160
1254.6558238802802	1.0	NonTarget	1	321192
1254.7808238378263	1.0	NonTarget	1	321224
1254.9058237953725	1.0	NonTarget	1	321256
1255.0308237529186	1.0	NonTarget	1	321288
1255.1558237104648	1.0	NonTarget	1	321320
1255.280823668011	1.0	NonTarget	1	321352
1255.405823625557	1.0	NonTarget	1	321384
1255.5308235831033	1.0	NonTarget	1	321416
1255.6558235406494	1.0	NonTarget	1	321448
1255.7808234981956	1.0	NonTarget	1	321480
1255.9058234557417	1.0	NonTarget	1	321512
1256.030823413288	1.0	NonTarget	1	321544
1256.1558233708342	1.0	NonTarget	1	321576
1256.2808233283804	1.0	NonTarget	1	321608
1256.4058232859265	1.0	NonTarget	1	321640
1256.5308232434727	1.0	NonTarget	1	321672
1256.6558232010188	1.0	NonTarget	1	321704
1256.780823158565	1.0	NonTarget	1	321736
1256.9058231161112	1.0	NonTarget	1	321768
1257.0308230736573	1.0	NonTarget	1	321800
1257.1558230312035	1.0	NonTarget	1	321832
1257.2808229887496	1.0	NonTarget	1	321864
1257.4058229462958	1.0	NonTarget	1	321896
1257.530822903842	1.0	NonTarget	1	321928
1257.6558228613883	1.0	NonTarget	1	321960
1257.7808228189344	1.0	NonTarget	1	321992
1257.9058227764806	1.0	NonTarget	1	322024
1258.0308227340267	1.0	NonTarget	1	322056
1258.155822691573	1.0	NonTarget	1	322088
1258.280822649119	1.0	NonTarget	1	322120
1258.4058226066652	1.0	NonTarget	1	322152
1264.5308205264275	1.0	NonTarget	1	323720
1264.6558204839737	1.0	NonTarget	1	323752
1264.7808204415198	1.0	NonTarget	1	323784
1264.905820399066	1.0	NonTarget	1	323816
1265.0308203566121	1.0	NonTarget	1	323848
1265.1558203141583	1.0	NonTarget	1	323880
1265.2808202717044	1.0	NonTarget	1	323912
1265.4058202292506	1.0	NonTarget	1	323944
1265.5308201867967	1.0	NonTarget	1	323976
1265.655820144343	1.0	NonTarget	1	324008
1265.780820101889	1.0	NonTarget	1	324040
1265.9058200594352	1.0	NonTarget	1	324072
1266.0308200169816	1.0	NonTarget	1	324104
1266.1558199745277	1.0	NonTarget	1	324136
1266.2808199320739	1.0	NonTarget	1	324168
1266.40581988962	1.0	NonTarget	1	324200
1266.5308198471662	1.0	NonTarget	1	324232
1266.6558198047123	1.0	NonTarget	1	324264
1266.7808197622585	1.0	NonTarget	1	324296
1266.9058197198046	1.0	NonTarget	1	324328
1267.0308196773508	1.0	NonTarget	1	324360
1267.155819634897	1.0	NonTarget	1	324392
1267.280819592443	1.0	NonTarget	1	324424
1267.4058195499892	1.0	NonTarget	1	324456
1267.5308195075354	1.0	NonTarget	1	324488
1267.6558194650815	1.0	NonTarget	1	324520
1267.780819422628	1.0	NonTarget	1	324552
1267.905819380174	1.0	NonTarget	1	324584
1268.0308193377202	1.0	NonTarget	1	324616
1268.1558192952664	1.0	NonTarget	1	324648
1268.2808192528125	1.0	NonTarget	1	324680
1268.4058192103587	1.0	NonTarget	1	324712
1268.5308191679048	1.0	NonTarget	1	324744
1268.655819125451	1.0	NonTarget	1	324776
1268.7808190829971	1.0	NonTarget	1	324808
1268.9058190405433	1.0	NonTarget	1	324840
1269.0308189980894	1.0	NonTarget	1	324872
1269.1558189556356	1.0	NonTarget	1	324904
1269.2808189131817	1.0	NonTarget	1	324936
1269.4058188707281	1.0	NonTarget	1	324968
1269.5308188282743	1.0	NonTarget	1	325000
1269.6558187858204	1.0	NonTarget	1	325032
1269.7808187433666	1.0	NonTarget	1	325064
1269.9058187009127	1.0	NonTarget	1	325096
1270.0308186584589	1.0	NonTarget	1	325128
1270.155818616005	1.0	NonTarget	1	325160
1270.2808185735512	1.0	NonTarget	1	325192
1270.4058185310973	1.0	NonTarget	1	325224
1270.5308184886435	1.0	NonTarget	1	325256
1270.6558184461896	1.0	NonTarget	1	325288
1270.7808184037358	1.0	NonTarget	1	325320
1270.905818361282	1.0	NonTarget	1	325352
1271.0308183188283	1.0	NonTarget	1	325384
1271.1558182763745	1.0	NonTarget	1	325416
1271.2808182339206	1.0	NonTarget	1	325448
1271.4058181914668	1.0	NonTarget	1	325480
1271.530818149013	1.0	NonTarget	1	325512
1271.655818106559	1.0	NonTarget	1	325544
1271.7808180641052	1.0	NonTarget	1	325576
1271.9058180216514	1.0	NonTarget	1	325608
1272.0308179791975	1.0	NonTarget	1	325640
1272.1558179367437	1.0	NonTarget	1	325672
1272.2808178942898	1.0	NonTarget	1	325704
1272.405817851836	1.0	NonTarget	1	325736
1272.5308178093821	1.0	NonTarget	1	325768
1272.6558177669283	1.0	NonTarget	1	325800
1272.7808177244747	1.0	NonTarget	1	325832
1272.9058176820208	1.0	NonTarget	1	325864
1273.030817639567	1.0	NonTarget	1	325896
1273.1558175971131	1.0	NonTarget	1	325928
1273.2808175546593	1.0	NonTarget	1	325960
1273.4058175122054	1.0	NonTarget	1	325992
1273.5308174697516	1.0	NonTarget	1	326024
1273.6558174272977	1.0	NonTarget	1	326056
1273.7808173848439	1.0	NonTarget	1	326088
1273.90581734239	1.0	NonTarget	1	326120
1274.0308172999362	1.0	NonTarget	1	326152
1274.1558172574823	1.0	NonTarget	1	326184
1274.2808172150285	1.0	NonTarget	1	326216
1274.4058171725749	1.0	NonTarget	1	326248
1274.530817130121	1.0	NonTarget	1	326280
1274.6558170876672	1.0	NonTarget	1	326312
1274.7808170452133	1.0	NonTarget	1	326344
1274.9058170027595	1.0	NonTarget	1	326376
1275.0308169603056	1.0	NonTarget	1	326408
1275.1558169178518	1.0	NonTarget	1	326440
1275.280816875398	1.0	NonTarget	1	326472
1275.405816832944	1.0	NonTarget	1	326504
1275.5308167904902	1.0	NonTarget	1	326536
1275.6558167480364	1.0	NonTarget	1	326568
1275.7808167055825	1.0	NonTarget	1	326600
1275.9058166631287	1.0	NonTarget	1	326632
1276.0308166206748	1.0	NonTarget	1	326664
1276.1558165782212	1.0	NonTarget	1	326696
1276.2808165357674	1.0	NonTarget	1	326728
1276.4058164933135	1.0	NonTarget	1	326760
1276.5308164508597	1.0	NonTarget	1	326792
1276.6558164084058	1.0	NonTarget	1	326824
1276.780816365952	1.0	NonTarget	1	326856
1276.9058163234981	1.0	NonTarget	1	326888
1277.0308162810443	1.0	NonTarget	1	326920
1277.1558162385904	1.0	NonTarget	1	326952
1277.2808161961366	1.0	NonTarget	1	326984
1277.4058161536827	1.0	NonTarget	1	327016
1277.530816111229	1.0	NonTarget	1	327048
1277.655816068775	1.0	NonTarget	1	327080
1277.7808160263214	1.0	NonTarget	1	327112
1277.9058159838676	1.0	NonTarget	1	327144
1278.0308159414137	1.0	NonTarget	1	327176
1278.1558158989599	1.0	NonTarget	1	327208
1278.280815856506	1.0	NonTarget	1	327240
1278.4058158140522	1.0	NonTarget	1	327272
1278.5308157715983	1.0	NonTarget	1	327304
1278.6558157291445	1.0	NonTarget	1	327336
1278.7808156866906	1.0	NonTarget	1	327368
1278.9058156442368	1.0	NonTarget	1	327400
1279.030815601783	1.0	NonTarget	1	327432
1279.155815559329	1.0	NonTarget	1	327464
1279.2808155168752	1.0	NonTarget	1	327496
1279.4058154744216	1.0	NonTarget	1	327528
1285.5308133941837	1.0	NonTarget	1	329096
1285.6558133517299	1.0	NonTarget	1	329128
1285.780813309276	1.0	NonTarget	1	329160
1285.9058132668222	1.0	NonTarget	1	329192
1286.0308132243683	1.0	NonTarget	1	329224
1286.1558131819147	1.0	NonTarget	1	329256
1286.2808131394609	1.0	NonTarget	1	329288
1286.405813097007	1.0	NonTarget	1	329320
1286.5308130545532	1.0	NonTarget	1	329352
1286.6558130120993	1.0	NonTarget	1	329384
1286.7808129696455	1.0	NonTarget	1	329416
1286.9058129271916	1.0	NonTarget	1	329448
1287.0308128847378	1.0	NonTarget	1	329480
1287.155812842284	1.0	NonTarget	1	329512
1287.28081279983	1.0	NonTarget	1	329544
1287.4058127573762	1.0	NonTarget	1	329576
1287.5308127149224	1.0	NonTarget	1	329608
1287.6558126724685	1.0	NonTarget	1	329640
1287.780812630015	1.0	NonTarget	1	329672
1287.905812587561	1.0	NonTarget	1	329704
1288.0308125451072	1.0	NonTarget	1	329736
1288.1558125026534	1.0	NonTarget	1	329768
1288.2808124601995	1.0	NonTarget	1	329800
1288.4058124177457	1.0	NonTarget	1	329832
1288.5308123752918	1.0	NonTarget	1	329864
1288.655812332838	1.0	NonTarget	1	329896
1288.7808122903841	1.0	NonTarget	1	329928
1288.9058122479303	1.0	NonTarget	1	329960
1289.0308122054764	1.0	NonTarget	1	329992
1289.1558121630226	1.0	NonTarget	1	330024
1289.2808121205687	1.0	NonTarget	1	330056
1289.4058120781149	1.0	NonTarget	1	330088
1289.5308120356613	1.0	NonTarget	1	330120
1289.6558119932074	1.0	NonTarget	1	330152
1289.7808119507536	1.0	NonTarget	1	330184
1289.9058119082997	1.0	NonTarget	1	330216
1290.0308118658459	1.0	NonTarget	1	330248
1290.155811823392	1.0	NonTarget	1	330280
1290.2808117809382	1.0	NonTarget	1	330312
1290.4058117384843	1.0	NonTarget	1	330344
1290.5308116960305	1.0	NonTarget	1	330376
1290.6558116535766	1.0	NonTarget	1	330408
1290.7808116111228	1.0	NonTarget	1	330440
1290.905811568669	1.0	NonTarget	1	330472
1291.030811526215	1.0	NonTarget	1	330504
1291.1558114837615	1.0	NonTarget	1	330536
1291.2808114413076	1.0	NonTarget	1	330568
1291.4058113988538	1.0	NonTarget	1	330600
1291.5308113564	1.0	NonTarget	1	330632
1291.655811313946	1.0	NonTarget	1	330664
1291.7808112714922	1.0	NonTarget	1	330696
1291.9058112290384	1.0	NonTarget	1	330728
1292.0308111865845	1.0	NonTarget	1	330760
1292.1558111441307	1.0	NonTarget	1	330792
1292.2808111016768	1.0	NonTarget	1	330824
1292.405811059223	1.0	NonTarget	1	330856
1292.5308110167691	1.0	NonTarget	1	330888
1292.6558109743153	1.0	NonTarget	1	330920
1292.7808109318614	1.0	NonTarget	1	330952
1292.9058108894078	1.0	NonTarget	1	330984
1293.030810846954	1.0	NonTarget	1	331016
1293.1558108045	1.0	NonTarget	1	331048
1293.2808107620463	1.0	NonTarget	1	331080
1293.4058107195924	1.0	NonTarget	1	331112
1293.5308106771386	1.0	NonTarget	1	331144
1293.6558106346847	1.0	NonTarget	1	331176
1293.7808105922309	1.0	NonTarget	1	331208
1293.905810549777	1.0	NonTarget	1	331240
1294.0308105073232	1.0	NonTarget	1	331272
1294.1558104648693	1.0	NonTarget	1	331304
1294.2808104224155	1.0	NonTarget	1	331336
1294.4058103799616	1.0	NonTarget	1	331368
1294.530810337508	1.0	NonTarget	1	331400
1294.6558102950542	1.0	NonTarget	1	331432
1294.7808102526003	1.0	NonTarget	1	331464
1294.9058102101465	1.0	NonTarget	1	331496
1295.0308101676926	1.0	NonTarget	1	331528
1295.1558101252388	1.0	NonTarget	1	331560
1295.280810082785	1.0	NonTarget	1	331592
1295.405810040331	1.0	NonTarget	1	331624
1295.5308099978772	1.0	NonTarget	1	331656
1295.6558099554234	1.0	NonTarget	1	331688
1295.7808099129695	1.0	NonTarget	1	331720
1295.9058098705157	1.0	NonTarget	1	331752
1296.0308098280618	1.0	NonTarget	1	331784
1296.1558097856082	1.0	NonTarget	1	331816
1296.2808097431544	1.0	NonTarget	1	331848
1296.4058097007005	1.0	NonTarget	1	331880
1296.5308096582467	1.0	NonTarget	1	331912
1296.6558096157928	1.0	NonTarget	1	331944
1296.780809573339	1.0	NonTarget	1	331976
1296.905809530885	1.0	NonTarget	1	332008
1297.0308094884313	1.0	NonTarget	1	332040
1297.1558094459774	1.0	NonTarget	1	332072
1297.2808094035236	1.0	NonTarget	1	332104
1297.4058093610697	1.0	NonTarget	1	332136
1297.5308093186159	1.0	NonTarget	1	332168
1297.655809276162	1.0	NonTarget	1	332200
1297.7808092337082	1.0	NonTarget	1	332232
1297.9058091912545	1.0	NonTarget	1	332264
1298.0308091488007	1.0	NonTarget	1	332296
1298.1558091063469	1.0	NonTarget	1	332328
1298.280809063893	1.0	NonTarget	1	332360
1298.4058090214392	1.0	NonTarget	1	332392
1298.5308089789853	1.0	NonTarget	1	332424
1298.6558089365315	1.0	NonTarget	1	332456
1298.7808088940776	1.0	NonTarget	1	332488
1298.9058088516238	1.0	NonTarget	1	332520
1299.03080880917	1.0	NonTarget	1	332552
1299.155808766716	1.0	NonTarget	1	332584
1299.2808087242622	1.0	NonTarget	1	332616
1299.4058086818084	1.0	NonTarget	1	332648
1299.5308086393547	1.0	NonTarget	1	332680
1299.655808596901	1.0	NonTarget	1	332712
1299.780808554447	1.0	NonTarget	1	332744
1299.9058085119932	1.0	NonTarget	1	332776
1300.0308084695394	1.0	NonTarget	1	332808
1300.1558084270855	1.0	NonTarget	1	332840
1300.2808083846317	1.0	NonTarget	1	332872
1300.4058083421778	1.0	NonTarget	1	332904
1306.5308062619401	1.0	NonTarget	1	334472
1306.6558062194863	1.0	NonTarget	1	334504
1306.7808061770324	1.0	NonTarget	1	334536
1306.9058061345786	1.0	NonTarget	1	334568
1307.0308060921247	1.0	NonTarget	1	334600
1307.155806049671	1.0	NonTarget	1	334632
1307.280806007217	1.0	NonTarget	1	334664
1307.4058059647632	1.0	NonTarget	1	334696
1307.5308059223094	1.0	NonTarget	1	334728
1307.6558058798555	1.0	NonTarget	1	334760
1307.7808058374017	1.0	NonTarget	1	334792
1307.905805794948	1.0	NonTarget	1	334824
1308.0308057524942	1.0	NonTarget	1	334856
1308.1558057100403	1.0	NonTarget	1	334888
1308.2808056675865	1.0	NonTarget	1	334920
1308.4058056251326	1.0	NonTarget	1	334952
1308.5308055826788	1.0	NonTarget	1	334984
1308.655805540225	1.0	NonTarget	1	335016
1308.780805497771	1.0	NonTarget	1	335048
1308.9058054553172	1.0	NonTarget	1	335080
1309.0308054128634	1.0	NonTarget	1	335112
1309.1558053704096	1.0	NonTarget	1	335144
1309.2808053279557	1.0	NonTarget	1	335176
1309.4058052855019	1.0	NonTarget	1	335208
1309.530805243048	1.0	NonTarget	1	335240
1309.6558052005944	1.0	NonTarget	1	335272
1309.7808051581405	1.0	NonTarget	1	335304
1309.9058051156867	1.0	NonTarget	1	335336
1310.0308050732328	1.0	NonTarget	1	335368
1310.155805030779	1.0	NonTarget	1	335400
1310.2808049883251	1.0	NonTarget	1	335432
1310.4058049458713	1.0	NonTarget	1	335464
1310.5308049034174	1.0	NonTarget	1	335496
1310.6558048609636	1.0	NonTarget	1	335528
1310.7808048185098	1.0	NonTarget	1	335560
1310.905804776056	1.0	NonTarget	1	335592
1311.030804733602	1.0	NonTarget	1	335624
1311.1558046911482	1.0	NonTarget	1	335656
1311.2808046486946	1.0	NonTarget	1	335688
1311.4058046062407	1.0	NonTarget	1	335720
1311.530804563787	1.0	NonTarget	1	335752
1311.655804521333	1.0	NonTarget	1	335784
1311.7808044788792	1.0	NonTarget	1	335816
1311.9058044364253	1.0	NonTarget	1	335848
1312.0308043939715	1.0	NonTarget	1	335880
1312.1558043515176	1.0	NonTarget	1	335912
1312.2808043090638	1.0	NonTarget	1	335944
1312.40580426661	1.0	NonTarget	1	335976
1312.530804224156	1.0	NonTarget	1	336008
1312.6558041817023	1.0	NonTarget	1	336040
1312.7808041392484	1.0	NonTarget	1	336072
1312.9058040967948	1.0	NonTarget	1	336104
1313.030804054341	1.0	NonTarget	1	336136
1313.155804011887	1.0	NonTarget	1	336168
1313.2808039694332	1.0	NonTarget	1	336200
1313.4058039269794	1.0	NonTarget	1	336232
1313.5308038845255	1.0	NonTarget	1	336264
1313.6558038420717	1.0	NonTarget	1	336296
1313.7808037996178	1.0	NonTarget	1	336328
1313.905803757164	1.0	NonTarget	1	336360
1314.0308037147101	1.0	NonTarget	1	336392
1314.1558036722563	1.0	NonTarget	1	336424
1314.2808036298024	1.0	NonTarget	1	336456
1314.4058035873486	1.0	NonTarget	1	336488
1314.5308035448948	1.0	NonTarget	1	336520
1314.6558035024411	1.0	NonTarget	1	336552
1314.7808034599873	1.0	NonTarget	1	336584
1314.9058034175334	1.0	NonTarget	1	336616
1315.0308033750796	1.0	NonTarget	1	336648
1315.1558033326257	1.0	NonTarget	1	336680
1315.280803290172	1.0	NonTarget	1	336712
1315.405803247718	1.0	NonTarget	1	336744
1315.5308032052642	1.0	NonTarget	1	336776
1315.6558031628103	1.0	NonTarget	1	336808
1315.7808031203565	1.0	NonTarget	1	336840
1315.9058030779026	1.0	NonTarget	1	336872
1316.0308030354488	1.0	NonTarget	1	336904
1316.155802992995	1.0	NonTarget	1	336936
1316.2808029505413	1.0	NonTarget	1	336968
1316.4058029080875	1.0	NonTarget	1	337000
1316.5308028656336	1.0	NonTarget	1	337032
1316.6558028231798	1.0	NonTarget	1	337064
1316.780802780726	1.0	NonTarget	1	337096
1316.905802738272	1.0	NonTarget	1	337128
1317.0308026958182	1.0	NonTarget	1	337160
1317.1558026533644	1.0	NonTarget	1	337192
1317.2808026109105	1.0	NonTarget	1	337224
1317.4058025684567	1.0	NonTarget	1	337256
1317.5308025260028	1.0	NonTarget	1	337288
1317.655802483549	1.0	NonTarget	1	337320
1317.7808024410951	1.0	NonTarget	1	337352
1317.9058023986413	1.0	NonTarget	1	337384
1318.0308023561877	1.0	NonTarget	1	337416
1318.1558023137338	1.0	NonTarget	1	337448
1318.28080227128	1.0	NonTarget	1	337480
1318.4058022288261	1.0	NonTarget	1	337512
1318.5308021863723	1.0	NonTarget	1	337544
1318.6558021439184	1.0	NonTarget	1	337576
1318.7808021014646	1.0	NonTarget	1	337608
1318.9058020590107	1.0	NonTarget	1	337640
1319.030802016557	1.0	NonTarget	1	337672
1319.155801974103	1.0	NonTarget	1	337704
1319.2808019316492	1.0	NonTarget	1	337736
1319.4058018891953	1.0	NonTarget	1	337768
1319.5308018467415	1.0	NonTarget	1	337800
1319.6558018042879	1.0	NonTarget	1	337832
1319.780801761834	1.0	NonTarget	1	337864
1319.9058017193802	1.0	NonTarget	1	337896
1320.0308016769263	1.0	NonTarget	1	337928
1320.1558016344725	1.0	NonTarget	1	337960
1320.2808015920186	1.0	NonTarget	1	337992
1320.4058015495648	1.0	NonTarget	1	338024
1320.530801507111	1.0	NonTarget	1	338056
1320.655801464657	1.0	NonTarget	1	338088
1320.7808014222032	1.0	NonTarget	1	338120
1320.9058013797494	1.0	NonTarget	1	338152
1321.0308013372955	1.0	NonTarget	1	338184
1321.1558012948417	1.0	NonTarget	1	338216
1321.280801252388	1.0	NonTarget	1	338248
1321.4058012099342	1.0	NonTarget	1	338280
1327.5307991296963	1.0	NonTarget	1	339848
1327.6557990872425	1.0	NonTarget	1	339880
1327.7807990447886	1.0	NonTarget	1	339912
1327.9057990023348	1.0	NonTarget	1	339944
1328.0307989598812	1.0	NonTarget	1	339976
1328.1557989174273	1.0	NonTarget	1	340008
1328.2807988749735	1.0	NonTarget	1	340040
1328.4057988325196	1.0	NonTarget	1	340072
1328.5307987900658	1.0	NonTarget	1	340104
1328.655798747612	1.0	NonTarget	1	340136
1328.780798705158	1.0	NonTarget	1	340168
1328.9057986627042	1.0	NonTarget	1	340200
1329.0307986202504	1.0	NonTarget	1	340232
1329.1557985777965	1.0	NonTarget	1	340264
1329.2807985353427	1.0	NonTarget	1	340296
1329.4057984928888	1.0	NonTarget	1	340328
1329.530798450435	1.0	NonTarget	1	340360
1329.6557984079814	1.0	NonTarget	1	340392
1329.7807983655275	1.0	NonTarget	1	340424
1329.9057983230737	1.0	NonTarget	1	340456
1330.0307982806198	1.0	NonTarget	1	340488
1330.155798238166	1.0	NonTarget	1	340520
1330.2807981957121	1.0	NonTarget	1	340552
1330.4057981532583	1.0	NonTarget	1	340584
1330.5307981108044	1.0	NonTarget	1	340616
1330.6557980683506	1.0	NonTarget	1	340648
1330.7807980258967	1.0	NonTarget	1	340680
1330.9057979834429	1.0	NonTarget	1	340712
1331.030797940989	1.0	NonTarget	1	340744
1331.1557978985352	1.0	NonTarget	1	340776
1331.2807978560813	1.0	NonTarget	1	340808
1331.4057978136277	1.0	NonTarget	1	340840
1331.5307977711739	1.0	NonTarget	1	340872
1331.65579772872	1.0	NonTarget	1	340904
1331.7807976862662	1.0	NonTarget	1	340936
1331.9057976438123	1.0	NonTarget	1	340968
1332.0307976013585	1.0	NonTarget	1	341000
1332.1557975589046	1.0	NonTarget	1	341032
1332.2807975164508	1.0	NonTarget	1	341064
1332.405797473997	1.0	NonTarget	1	341096
1332.530797431543	1.0	NonTarget	1	341128
1332.6557973890892	1.0	NonTarget	1	341160
1332.7807973466354	1.0	NonTarget	1	341192
1332.9057973041815	1.0	NonTarget	1	341224
1333.030797261728	1.0	NonTarget	1	341256
1333.155797219274	1.0	NonTarget	1	341288
1333.2807971768202	1.0	NonTarget	1	341320
1333.4057971343664	1.0	NonTarget	1	341352
1333.5307970919125	1.0	NonTarget	1	341384
1333.6557970494587	1.0	NonTarget	1	341416
1333.7807970070048	1.0	NonTarget	1	341448
1333.905796964551	1.0	NonTarget	1	341480
1334.0307969220971	1.0	NonTarget	1	341512
1334.1557968796433	1.0	NonTarget	1	341544
1334.2807968371894	1.0	NonTarget	1	341576
1334.4057967947356	1.0	NonTarget	1	341608
1334.5307967522817	1.0	NonTarget	1	341640
1334.6557967098279	1.0	NonTarget	1	341672
1334.7807966673743	1.0	NonTarget	1	341704
1334.9057966249204	1.0	NonTarget	1	341736
1335.0307965824666	1.0	NonTarget	1	341768
1335.1557965400127	1.0	NonTarget	1	341800
1335.2807964975589	1.0	NonTarget	1	341832
1335.405796455105	1.0	NonTarget	1	341864
1335.5307964126512	1.0	NonTarget	1	341896
1335.6557963701973	1.0	NonTarget	1	341928
1335.7807963277435	1.0	NonTarget	1	341960
1335.9057962852896	1.0	NonTarget	1	341992
1336.0307962428358	1.0	NonTarget	1	342024
1336.155796200382	1.0	NonTarget	1	342056
1336.280796157928	1.0	NonTarget	1	342088
1336.4057961154745	1.0	NonTarget	1	342120
1336.5307960730206	1.0	NonTarget	1	342152
1336.6557960305668	1.0	NonTarget	1	342184
1336.780795988113	1.0	NonTarget	1	342216
1336.905795945659	1.0	NonTarget	1	342248
1337.0307959032052	1.0	NonTarget	1	342280
1337.1557958607514	1.0	NonTarget	1	342312
1337.2807958182975	1.0	NonTarget	1	342344
1337.4057957758437	1.0	NonTarget	1	342376
1337.5307957333898	1.0	NonTarget	1	342408
1337.655795690936	1.0	NonTarget	1	342440
1337.7807956484821	1.0	NonTarget	1	342472
1337.9057956060283	1.0	NonTarget	1	342504
1338.0307955635747	1.0	NonTarget	1	342536
1338.1557955211208	1.0	NonTarget	1	342568
1338.280795478667	1.0	NonTarget	1	342600
1338.405795436213	1.0	NonTarget	1	342632
1338.5307953937593	1.0	NonTarget	1	342664
1338.6557953513054	1.0	NonTarget	1	342696
1338.7807953088516	1.0	NonTarget	1	342728
1338.9057952663977	1.0	NonTarget	1	342760
1339.0307952239439	1.0	NonTarget	1	342792
1339.15579518149	1.0	NonTarget	1	342824
1339.2807951390362	1.0	NonTarget	1	342856
1339.4057950965823	1.0	NonTarget	1	342888
1339.5307950541285	1.0	NonTarget	1	342920
1339.6557950116746	1.0	NonTarget	1	342952
1339.780794969221	1.0	NonTarget	1	342984
1339.9057949267672	1.0	NonTarget	1	343016
1340.0307948843133	1.0	NonTarget	1	343048
1340.1557948418595	1.0	NonTarget	1	343080
1340.2807947994056	1.0	NonTarget	1	343112
1340.4057947569518	1.0	NonTarget	1	343144
1340.530794714498	1.0	NonTarget	1	343176
1340.655794672044	1.0	NonTarget	1	343208
1340.7807946295902	1.0	NonTarget	1	343240
1340.9057945871364	1.0	NonTarget	1	343272
1341.0307945446825	1.0	NonTarget	1	343304
1341.1557945022287	1.0	NonTarget	1	343336
1341.2807944597748	1.0	NonTarget	1	343368
1341.4057944173212	1.0	NonTarget	1	343400
1341.5307943748674	1.0	NonTarget	1	343432
1341.6557943324135	1.0	NonTarget	1	343464
1341.7807942899597	1.0	NonTarget	1	343496
1341.9057942475058	1.0	NonTarget	1	343528
1342.030794205052	1.0	NonTarget	1	343560
1342.155794162598	1.0	NonTarget	1	343592
1342.2807941201443	1.0	NonTarget	1	343624
1342.4057940776904	1.0	NonTarget	1	343656
1348.5307919974528	1.0	NonTarget	1	345224
1348.655791954999	1.0	NonTarget	1	345256
1348.780791912545	1.0	NonTarget	1	345288
1348.9057918700912	1.0	NonTarget	1	345320
1349.0307918276374	1.0	NonTarget	1	345352
1349.1557917851835	1.0	NonTarget	1	345384
1349.2807917427297	1.0	NonTarget	1	345416
1349.4057917002758	1.0	NonTarget	1	345448
1349.530791657822	1.0	NonTarget	1	345480
1349.6557916153681	1.0	NonTarget	1	345512
1349.7807915729145	1.0	NonTarget	1	345544
1349.9057915304606	1.0	NonTarget	1	345576
1350.0307914880068	1.0	NonTarget	1	345608
1350.155791445553	1.0	NonTarget	1	345640
1350.280791403099	1.0	NonTarget	1	345672
1350.4057913606453	1.0	NonTarget	1	345704
1350.5307913181914	1.0	NonTarget	1	345736
1350.6557912757376	1.0	NonTarget	1	345768
1350.7807912332837	1.0	NonTarget	1	345800
1350.9057911908299	1.0	NonTarget	1	345832
1351.030791148376	1.0	NonTarget	1	345864
1351.1557911059222	1.0	NonTarget	1	345896
1351.2807910634683	1.0	NonTarget	1	345928
1351.4057910210145	1.0	NonTarget	1	345960
1351.5307909785608	1.0	NonTarget	1	345992
1351.655790936107	1.0	NonTarget	1	346024
1351.7807908936531	1.0	NonTarget	1	346056
1351.9057908511993	1.0	NonTarget	1	346088
1352.0307908087455	1.0	NonTarget	1	346120
1352.1557907662916	1.0	NonTarget	1	346152
1352.2807907238378	1.0	NonTarget	1	346184
1352.405790681384	1.0	NonTarget	1	346216
1352.53079063893	1.0	NonTarget	1	346248
1352.6557905964762	1.0	NonTarget	1	346280
1352.7807905540224	1.0	NonTarget	1	346312
1352.9057905115685	1.0	NonTarget	1	346344
1353.0307904691147	1.0	NonTarget	1	346376
1353.155790426661	1.0	NonTarget	1	346408
1353.2807903842072	1.0	NonTarget	1	346440
1353.4057903417533	1.0	NonTarget	1	346472
1353.5307902992995	1.0	NonTarget	1	346504
1353.6557902568456	1.0	NonTarget	1	346536
1353.7807902143918	1.0	NonTarget	1	346568
1353.905790171938	1.0	NonTarget	1	346600
1354.030790129484	1.0	NonTarget	1	346632
1354.1557900870303	1.0	NonTarget	1	346664
1354.2807900445764	1.0	NonTarget	1	346696
1354.4057900021226	1.0	NonTarget	1	346728
1354.5307899596687	1.0	NonTarget	1	346760
1354.6557899172149	1.0	NonTarget	1	346792
1354.7807898747612	1.0	NonTarget	1	346824
1354.9057898323074	1.0	NonTarget	1	346856
1355.0307897898535	1.0	NonTarget	1	346888
1355.1557897473997	1.0	NonTarget	1	346920
1355.2807897049458	1.0	NonTarget	1	346952
1355.405789662492	1.0	NonTarget	1	346984
1355.5307896200381	1.0	NonTarget	1	347016
1355.6557895775843	1.0	NonTarget	1	347048
1355.7807895351305	1.0	NonTarget	1	347080
1355.9057894926766	1.0	NonTarget	1	347112
1356.0307894502228	1.0	NonTarget	1	347144
1356.155789407769	1.0	NonTarget	1	347176
1356.280789365315	1.0	NonTarget	1	347208
1356.4057893228612	1.0	NonTarget	1	347240
1356.5307892804076	1.0	NonTarget	1	347272
1356.6557892379537	1.0	NonTarget	1	347304
1356.7807891955	1.0	NonTarget	1	347336
1356.905789153046	1.0	NonTarget	1	347368
1357.0307891105922	1.0	NonTarget	1	347400
1357.1557890681383	1.0	NonTarget	1	347432
1357.2807890256845	1.0	NonTarget	1	347464
1357.4057889832307	1.0	NonTarget	1	347496
1357.5307889407768	1.0	NonTarget	1	347528
1357.655788898323	1.0	NonTarget	1	347560
1357.780788855869	1.0	NonTarget	1	347592
1357.9057888134153	1.0	NonTarget	1	347624
1358.0307887709614	1.0	NonTarget	1	347656
1358.1557887285078	1.0	NonTarget	1	347688
1358.280788686054	1.0	NonTarget	1	347720
1358.4057886436	1.0	NonTarget	1	347752
1358.5307886011462	1.0	NonTarget	1	347784
1358.6557885586924	1.0	NonTarget	1	347816
1358.7807885162385	1.0	NonTarget	1	347848
1358.9057884737847	1.0	NonTarget	1	347880
1359.0307884313308	1.0	NonTarget	1	347912
1359.155788388877	1.0	NonTarget	1	347944
1359.2807883464232	1.0	NonTarget	1	347976
1359.4057883039693	1.0	NonTarget	1	348008
1359.5307882615155	1.0	NonTarget	1	348040
1359.6557882190616	1.0	NonTarget	1	348072
1359.7807881766078	1.0	NonTarget	1	348104
1359.9057881341541	1.0	NonTarget	1	348136
1360.0307880917003	1.0	NonTarget	1	348168
1360.1557880492464	1.0	NonTarget	1	348200
1360.2807880067926	1.0	NonTarget	1	348232
1360.4057879643387	1.0	NonTarget	1	348264
1360.530787921885	1.0	NonTarget	1	348296
1360.655787879431	1.0	NonTarget	1	348328
1360.7807878369772	1.0	NonTarget	1	348360
1360.9057877945233	1.0	NonTarget	1	348392
1361.0307877520695	1.0	NonTarget	1	348424
1361.1557877096157	1.0	NonTarget	1	348456
1361.2807876671618	1.0	NonTarget	1	348488
1361.405787624708	1.0	NonTarget	1	348520
1361.5307875822543	1.0	NonTarget	1	348552
1361.6557875398005	1.0	NonTarget	1	348584
1361.7807874973466	1.0	NonTarget	1	348616
1361.9057874548928	1.0	NonTarget	1	348648
1362.030787412439	1.0	NonTarget	1	348680
1362.155787369985	1.0	NonTarget	1	348712
1362.2807873275312	1.0	NonTarget	1	348744
1362.4057872850774	1.0	NonTarget	1	348776
1362.5307872426235	1.0	NonTarget	1	348808
1362.6557872001697	1.0	NonTarget	1	348840
1362.7807871577158	1.0	NonTarget	1	348872
1362.905787115262	1.0	NonTarget	1	348904
1363.0307870728082	1.0	NonTarget	1	348936
1363.1557870303545	1.0	NonTarget	1	348968
1363.2807869879007	1.0	NonTarget	1	349000
1363.4057869454468	1.0	NonTarget	1	349032
1369.530784865209	1.0	NonTarget	1	350600
1369.655784822755	1.0	NonTarget	1	350632
1369.7807847803012	1.0	NonTarget	1	350664
1369.9057847378476	1.0	NonTarget	1	350696
1370.0307846953938	1.0	NonTarget	1	350728
1370.15578465294	1.0	NonTarget	1	350760
1370.280784610486	1.0	NonTarget	1	350792
1370.4057845680322	1.0	NonTarget	1	350824
1370.5307845255784	1.0	NonTarget	1	350856
1370.6557844831245	1.0	NonTarget	1	350888
1370.7807844406707	1.0	NonTarget	1	350920
1370.9057843982168	1.0	NonTarget	1	350952
1371.030784355763	1.0	NonTarget	1	350984
1371.1557843133091	1.0	NonTarget	1	351016
1371.2807842708553	1.0	NonTarget	1	351048
1371.4057842284014	1.0	NonTarget	1	351080
1371.5307841859478	1.0	NonTarget	1	351112
1371.655784143494	1.0	NonTarget	1	351144
1371.7807841010401	1.0	NonTarget	1	351176
1371.9057840585863	1.0	NonTarget	1	351208
1372.0307840161324	1.0	NonTarget	1	351240
1372.1557839736786	1.0	NonTarget	1	351272
1372.2807839312247	1.0	NonTarget	1	351304
1372.4057838887709	1.0	NonTarget	1	351336
1372.530783846317	1.0	NonTarget	1	351368
1372.6557838038632	1.0	NonTarget	1	351400
1372.7807837614093	1.0	NonTarget	1	351432
1372.9057837189555	1.0	NonTarget	1	351464
1373.0307836765016	1.0	NonTarget	1	351496
1373.1557836340478	1.0	NonTarget	1	351528
1373.2807835915942	1.0	NonTarget	1	351560
1373.4057835491403	1.0	NonTarget	1	351592
1373.5307835066865	1.0	NonTarget	1	351624
1373.6557834642326	1.0	NonTarget	1	351656
1373.7807834217788	1.0	NonTarget	1	351688
1373.905783379325	1.0	NonTarget	1	351720
1374.030783336871	1.0	NonTarget	1	351752
1374.1557832944172	1.0	NonTarget	1	351784
1374.2807832519634	1.0	NonTarget	1	351816
1374.4057832095095	1.0	NonTarget	1	351848
1374.5307831670557	1.0	NonTarget	1	351880
1374.6557831246018	1.0	NonTarget	1	351912
1374.780783082148	1.0	NonTarget	1	351944
1374.9057830396944	1.0	NonTarget	1	351976
1375.0307829972405	1.0	NonTarget	1	352008
1375.1557829547867	1.0	NonTarget	1	352040
1375.2807829123328	1.0	NonTarget	1	352072
1375.405782869879	1.0	NonTarget	1	352104
1375.5307828274251	1.0	NonTarget	1	352136
1375.6557827849713	1.0	NonTarget	1	352168
1375.7807827425174	1.0	NonTarget	1	352200
1375.9057827000636	1.0	NonTarget	1	352232
1376.0307826576097	1.0	NonTarget	1	352264
1376.1557826151559	1.0	NonTarget	1	352296
1376.280782572702	1.0	NonTarget	1	352328
1376.4057825302482	1.0	NonTarget	1	352360
1376.5307824877946	1.0	NonTarget	1	352392
1376.6557824453407	1.0	NonTarget	1	352424
1376.7807824028869	1.0	NonTarget	1	352456
1376.905782360433	1.0	NonTarget	1	352488
1377.0307823179792	1.0	NonTarget	1	352520
1377.1557822755253	1.0	NonTarget	1	352552
1377.2807822330715	1.0	NonTarget	1	352584
1377.4057821906176	1.0	NonTarget	1	352616
1377.5307821481638	1.0	NonTarget	1	352648
1377.65578210571	1.0	NonTarget	1	352680
1377.780782063256	1.0	NonTarget	1	352712
1377.9057820208022	1.0	NonTarget	1	352744
1378.0307819783484	1.0	NonTarget	1	352776
1378.1557819358945	1.0	NonTarget	1	352808
1378.280781893441	1.0	NonTarget	1	352840
1378.405781850987	1.0	NonTarget	1	352872
1378.5307818085332	1.0	NonTarget	1	352904
1378.6557817660794	1.0	NonTarget	1	352936
1378.7807817236255	1.0	NonTarget	1	352968
1378.9057816811717	1.0	NonTarget	1	353000
1379.0307816387178	1.0	NonTarget	1	353032
1379.155781596264	1.0	NonTarget	1	353064
1379.2807815538101	1.0	NonTarget	1	353096
1379.4057815113563	1.0	NonTarget	1	353128
1379.5307814689024	1.0	NonTarget	1	353160
1379.6557814264486	1.0	NonTarget	1	353192
1379.7807813839947	1.0	NonTarget	1	353224
1379.9057813415411	1.0	NonTarget	1	353256
1380.0307812990873	1.0	NonTarget	1	353288
1380.1557812566334	1.0	NonTarget	1	353320
1380.2807812141796	1.0	NonTarget	1	353352
1380.4057811717257	1.0	NonTarget	1	353384
1380.5307811292719	1.0	NonTarget	1	353416
1380.655781086818	1.0	NonTarget	1	353448
1380.7807810443642	1.0	NonTarget	1	353480
1380.9057810019103	1.0	NonTarget	1	353512
1381.0307809594565	1.0	NonTarget	1	353544
1381.1557809170026	1.0	NonTarget	1	353576
1381.2807808745488	1.0	NonTarget	1	353608
1381.405780832095	1.0	NonTarget	1	353640
1381.530780789641	1.0	NonTarget	1	353672
1381.6557807471875	1.0	NonTarget	1	353704
1381.7807807047336	1.0	NonTarget	1	353736
1381.9057806622798	1.0	NonTarget	1	353768
1382.030780619826	1.0	NonTarget	1	353800
1382.155780577372	1.0	NonTarget	1	353832
1382.2807805349182	1.0	NonTarget	1	353864
1382.4057804924644	1.0	NonTarget	1	353896
1382.5307804500105	1.0	NonTarget	1	353928
1382.6557804075567	1.0	NonTarget	1	353960
1382.7807803651028	1.0	NonTarget	1	353992
1382.905780322649	1.0	NonTarget	1	354024
1383.0307802801951	1.0	NonTarget	1	354056
1383.1557802377413	1.0	NonTarget	1	354088
1383.2807801952877	1.0	NonTarget	1	354120
1383.4057801528338	1.0	NonTarget	1	354152
1383.53078011038	1.0	NonTarget	1	354184
1383.6557800679261	1.0	NonTarget	1	354216
1383.7807800254723	1.0	NonTarget	1	354248
1383.9057799830184	1.0	NonTarget	1	354280
1384.0307799405646	1.0	NonTarget	1	354312
1384.1557798981107	1.0	NonTarget	1	354344
1384.2807798556569	1.0	NonTarget	1	354376
1384.405779813203	1.0	NonTarget	1	354408
1390.5307777329654	1.0	NonTarget	1	355976
1390.6557776905115	1.0	NonTarget	1	356008
1390.7807776480577	1.0	NonTarget	1	356040
1390.9057776056038	1.0	NonTarget	1	356072
1391.03077756315	1.0	NonTarget	1	356104
1391.1557775206961	1.0	NonTarget	1	356136
1391.2807774782423	1.0	NonTarget	1	356168
1391.4057774357884	1.0	NonTarget	1	356200
1391.5307773933346	1.0	NonTarget	1	356232
1391.655777350881	1.0	NonTarget	1	356264
1391.780777308427	1.0	NonTarget	1	356296
1391.9057772659733	1.0	NonTarget	1	356328
1392.0307772235194	1.0	NonTarget	1	356360
1392.1557771810656	1.0	NonTarget	1	356392
1392.2807771386117	1.0	NonTarget	1	356424
1392.4057770961579	1.0	NonTarget	1	356456
1392.530777053704	1.0	NonTarget	1	356488
1392.6557770112502	1.0	NonTarget	1	356520
1392.7807769687963	1.0	NonTarget	1	356552
1392.9057769263425	1.0	NonTarget	1	356584
1393.0307768838886	1.0	NonTarget	1	356616
1393.1557768414348	1.0	NonTarget	1	356648
1393.2807767989812	1.0	NonTarget	1	356680
1393.4057767565273	1.0	NonTarget	1	356712
1393.5307767140735	1.0	NonTarget	1	356744
1393.6557766716196	1.0	NonTarget	1	356776
1393.7807766291658	1.0	NonTarget	1	356808
1393.905776586712	1.0	NonTarget	1	356840
1394.030776544258	1.0	NonTarget	1	356872
1394.1557765018042	1.0	NonTarget	1	356904
1394.2807764593504	1.0	NonTarget	1	356936
1394.4057764168965	1.0	NonTarget	1	356968
1394.5307763744427	1.0	NonTarget	1	357000
1394.6557763319888	1.0	NonTarget	1	357032
1394.780776289535	1.0	NonTarget	1	357064
1394.9057762470811	1.0	NonTarget	1	357096
1395.0307762046275	1.0	NonTarget	1	357128
1395.1557761621737	1.0	NonTarget	1	357160
1395.2807761197198	1.0	NonTarget	1	357192
1395.405776077266	1.0	NonTarget	1	357224
1395.530776034812	1.0	NonTarget	1	357256
1395.6557759923583	1.0	NonTarget	1	357288
1395.7807759499044	1.0	NonTarget	1	357320
1395.9057759074506	1.0	NonTarget	1	357352
1396.0307758649967	1.0	NonTarget	1	357384
1396.1557758225429	1.0	NonTarget	1	357416
1396.280775780089	1.0	NonTarget	1	357448
1396.4057757376352	1.0	NonTarget	1	357480
1396.5307756951813	1.0	NonTarget	1	357512
1396.6557756527277	1.0	NonTarget	1	357544
1396.7807756102738	1.0	NonTarget	1	357576
1396.90577556782	1.0	NonTarget	1	357608
1397.0307755253662	1.0	NonTarget	1	357640
1397.1557754829123	1.0	NonTarget	1	357672
1397.2807754404585	1.0	NonTarget	1	357704
1397.4057753980046	1.0	NonTarget	1	357736
1397.5307753555508	1.0	NonTarget	1	357768
1397.655775313097	1.0	NonTarget	1	357800
1397.780775270643	1.0	NonTarget	1	357832
1397.9057752281892	1.0	NonTarget	1	357864
1398.0307751857354	1.0	NonTarget	1	357896
1398.1557751432815	1.0	NonTarget	1	357928
1398.2807751008277	1.0	NonTarget	1	357960
1398.405775058374	1.0	NonTarget	1	357992
1398.5307750159202	1.0	NonTarget	1	358024
1398.6557749734664	1.0	NonTarget	1	358056
1398.7807749310125	1.0	NonTarget	1	358088
1398.9057748885587	1.0	NonTarget	1	358120
1399.0307748461048	1.0	NonTarget	1	358152
1399.155774803651	1.0	NonTarget	1	358184
1399.280774761197	1.0	NonTarget	1	358216
1399.4057747187433	1.0	NonTarget	1	358248
1399.5307746762894	1.0	NonTarget	1	358280
1399.6557746338356	1.0	NonTarget	1	358312
1399.7807745913817	1.0	NonTarget	1	358344
1399.9057745489279	1.0	NonTarget	1	358376
1400.0307745064742	1.0	NonTarget	1	358408
1400.1557744640204	1.0	NonTarget	1	358440
1400.2807744215665	1.0	NonTarget	1	358472
1400.4057743791127	1.0	NonTarget	1	358504
1400.5307743366589	1.0	NonTarget	1	358536
1400.655774294205	1.0	NonTarget	1	358568
1400.7807742517512	1.0	NonTarget	1	358600
1400.9057742092973	1.0	NonTarget	1	358632
1401.0307741668435	1.0	NonTarget	1	358664
1401.1557741243896	1.0	NonTarget	1	358696
1401.2807740819358	1.0	NonTarget	1	358728
1401.405774039482	1.0	NonTarget	1	358760
1401.530773997028	1.0	NonTarget	1	358792
1401.6557739545744	1.0	NonTarget	1	358824
1401.7807739121206	1.0	NonTarget	1	358856
1401.9057738696667	1.0	NonTarget	1	358888
1402.030773827213	1.0	NonTarget	1	358920
1402.155773784759	1.0	NonTarget	1	358952
1402.2807737423052	1.0	NonTarget	1	358984
1402.4057736998514	1.0	NonTarget	1	359016
1402.5307736573975	1.0	NonTarget	1	359048
1402.6557736149437	1.0	NonTarget	1	359080
1402.7807735724898	1.0	NonTarget	1	359112
1402.905773530036	1.0	NonTarget	1	359144
1403.030773487582	1.0	NonTarget	1	359176
1403.1557734451283	1.0	NonTarget	1	359208
1403.2807734026744	1.0	NonTarget	1	359240
1403.4057733602208	1.0	NonTarget	1	359272
1403.530773317767	1.0	NonTarget	1	359304
1403.655773275313	1.0	NonTarget	1	359336
1403.7807732328592	1.0	NonTarget	1	359368
1403.9057731904054	1.0	NonTarget	1	359400
1404.0307731479515	1.0	NonTarget	1	359432
1404.1557731054977	1.0	NonTarget	1	359464
1404.2807730630439	1.0	NonTarget	1	359496
1404.40577302059	1.0	NonTarget	1	359528
1404.5307729781362	1.0	NonTarget	1	359560
1404.6557729356823	1.0	NonTarget	1	359592
1404.7807728932285	1.0	NonTarget	1	359624
1404.9057728507746	1.0	NonTarget	1	359656
1405.030772808321	1.0	NonTarget	1	359688
1405.1557727658671	1.0	NonTarget	1	359720
1405.2807727234133	1.0	NonTarget	1	359752
1405.4057726809594	1.0	NonTarget	1	359784
1411.5307706007216	1.0	NonTarget	1	361352
1411.6557705582677	1.0	NonTarget	1	361384
1411.780770515814	1.0	NonTarget	1	361416
1411.9057704733602	1.0	NonTarget	1	361448
1412.0307704309064	1.0	NonTarget	1	361480
1412.1557703884525	1.0	NonTarget	1	361512
1412.2807703459987	1.0	NonTarget	1	361544
1412.4057703035448	1.0	NonTarget	1	361576
1412.530770261091	1.0	NonTarget	1	361608
1412.6557702186371	1.0	NonTarget	1	361640
1412.7807701761833	1.0	NonTarget	1	361672
1412.9057701337294	1.0	NonTarget	1	361704
1413.0307700912756	1.0	NonTarget	1	361736
1413.1557700488218	1.0	NonTarget	1	361768
1413.280770006368	1.0	NonTarget	1	361800
1413.4057699639143	1.0	NonTarget	1	361832
1413.5307699214604	1.0	NonTarget	1	361864
1413.6557698790066	1.0	NonTarget	1	361896
1413.7807698365527	1.0	NonTarget	1	361928
1413.905769794099	1.0	NonTarget	1	361960
1414.030769751645	1.0	NonTarget	1	361992
1414.1557697091912	1.0	NonTarget	1	362024
1414.2807696667373	1.0	NonTarget	1	362056
1414.4057696242835	1.0	NonTarget	1	362088
1414.5307695818296	1.0	NonTarget	1	362120
1414.6557695393758	1.0	NonTarget	1	362152
1414.780769496922	1.0	NonTarget	1	362184
1414.905769454468	1.0	NonTarget	1	362216
1415.0307694120143	1.0	NonTarget	1	362248
1415.1557693695606	1.0	NonTarget	1	362280
1415.2807693271068	1.0	NonTarget	1	362312
1415.405769284653	1.0	NonTarget	1	362344
1415.530769242199	1.0	NonTarget	1	362376
1415.6557691997452	1.0	NonTarget	1	362408
1415.7807691572914	1.0	NonTarget	1	362440
1415.9057691148375	1.0	NonTarget	1	362472
1416.0307690723837	1.0	NonTarget	1	362504
1416.1557690299298	1.0	NonTarget	1	362536
1416.280768987476	1.0	NonTarget	1	362568
1416.4057689450221	1.0	NonTarget	1	362600
1416.5307689025683	1.0	NonTarget	1	362632
1416.6557688601144	1.0	NonTarget	1	362664
1416.7807688176608	1.0	NonTarget	1	362696
1416.905768775207	1.0	NonTarget	1	362728
1417.0307687327531	1.0	NonTarget	1	362760
1417.1557686902993	1.0	NonTarget	1	362792
1417.2807686478454	1.0	NonTarget	1	362824
1417.4057686053916	1.0	NonTarget	1	362856
1417.5307685629377	1.0	NonTarget	1	362888
1417.655768520484	1.0	NonTarget	1	362920
1417.78076847803	1.0	NonTarget	1	362952
1417.9057684355762	1.0	NonTarget	1	362984
1418.0307683931223	1.0	NonTarget	1	363016
1418.1557683506685	1.0	NonTarget	1	363048
1418.2807683082146	1.0	NonTarget	1	363080
1418.405768265761	1.0	NonTarget	1	363112
1418.5307682233072	1.0	NonTarget	1	363144
1418.6557681808533	1.0	NonTarget	1	363176
1418.7807681383995	1.0	NonTarget	1	363208
1418.9057680959456	1.0	NonTarget	1	363240
1419.0307680534918	1.0	NonTarget	1	363272
1419.155768011038	1.0	NonTarget	1	363304
1419.280767968584	1.0	NonTarget	1	363336
1419.4057679261302	1.0	NonTarget	1	363368
1419.5307678836764	1.0	NonTarget	1	363400
1419.6557678412225	1.0	NonTarget	1	363432
1419.7807677987687	1.0	NonTarget	1	363464
1419.9057677563148	1.0	NonTarget	1	363496
1420.030767713861	1.0	NonTarget	1	363528
1420.1557676714074	1.0	NonTarget	1	363560
1420.2807676289535	1.0	NonTarget	1	363592
1420.4057675864997	1.0	NonTarget	1	363624
1420.5307675440458	1.0	NonTarget	1	363656
1420.655767501592	1.0	NonTarget	1	363688
1420.7807674591381	1.0	NonTarget	1	363720
1420.9057674166843	1.0	NonTarget	1	363752
1421.0307673742304	1.0	NonTarget	1	363784
1421.1557673317766	1.0	NonTarget	1	363816
1421.2807672893227	1.0	NonTarget	1	363848
1421.405767246869	1.0	NonTarget	1	363880
1421.530767204415	1.0	NonTarget	1	363912
1421.6557671619612	1.0	NonTarget	1	363944
1421.7807671195076	1.0	NonTarget	1	363976
1421.9057670770537	1.0	NonTarget	1	364008
1422.0307670345999	1.0	NonTarget	1	364040
1422.155766992146	1.0	NonTarget	1	364072
1422.2807669496922	1.0	NonTarget	1	364104
1422.4057669072383	1.0	NonTarget	1	364136
1422.5307668647845	1.0	NonTarget	1	364168
1422.6557668223306	1.0	NonTarget	1	364200
1422.7807667798768	1.0	NonTarget	1	364232
1422.905766737423	1.0	NonTarget	1	364264
1423.030766694969	1.0	NonTarget	1	364296
1423.1557666525152	1.0	NonTarget	1	364328
1423.2807666100614	1.0	NonTarget	1	364360
1423.4057665676075	1.0	NonTarget	1	364392
1423.530766525154	1.0	NonTarget	1	364424
1423.6557664827	1.0	NonTarget	1	364456
1423.7807664402462	1.0	NonTarget	1	364488
1423.9057663977924	1.0	NonTarget	1	364520
1424.0307663553385	1.0	NonTarget	1	364552
1424.1557663128847	1.0	NonTarget	1	364584
1424.2807662704308	1.0	NonTarget	1	364616
1424.405766227977	1.0	NonTarget	1	364648
1424.5307661855231	1.0	NonTarget	1	364680
1424.6557661430693	1.0	NonTarget	1	364712
1424.7807661006154	1.0	NonTarget	1	364744
1424.9057660581616	1.0	NonTarget	1	364776
1425.0307660157077	1.0	NonTarget	1	364808
1425.1557659732541	1.0	NonTarget	1	364840
1425.2807659308003	1.0	NonTarget	1	364872
1425.4057658883464	1.0	NonTarget	1	364904
1425.5307658458926	1.0	NonTarget	1	364936
1425.6557658034387	1.0	NonTarget	1	364968
1425.7807657609849	1.0	NonTarget	1	365000
1425.905765718531	1.0	NonTarget	1	365032
1426.0307656760772	1.0	NonTarget	1	365064
1426.1557656336233	1.0	NonTarget	1	365096
1426.2807655911695	1.0	NonTarget	1	365128
1426.4057655487156	1.0	NonTarget	1	365160
1432.530763468478	1.0	NonTarget	1	366728
1432.6557634260241	1.0	NonTarget	1	366760
1432.7807633835703	1.0	NonTarget	1	366792
1432.9057633411164	1.0	NonTarget	1	366824
1433.0307632986626	1.0	NonTarget	1	366856
1433.1557632562087	1.0	NonTarget	1	366888
1433.2807632137549	1.0	NonTarget	1	366920
1433.405763171301	1.0	NonTarget	1	366952
1433.5307631288474	1.0	NonTarget	1	366984
1433.6557630863936	1.0	NonTarget	1	367016
1433.7807630439397	1.0	NonTarget	1	367048
1433.9057630014859	1.0	NonTarget	1	367080
1434.030762959032	1.0	NonTarget	1	367112
1434.1557629165782	1.0	NonTarget	1	367144
1434.2807628741243	1.0	NonTarget	1	367176
1434.4057628316705	1.0	NonTarget	1	367208
1434.5307627892166	1.0	NonTarget	1	367240
1434.6557627467628	1.0	NonTarget	1	367272
1434.780762704309	1.0	NonTarget	1	367304
1434.905762661855	1.0	NonTarget	1	367336
1435.0307626194012	1.0	NonTarget	1	367368
1435.1557625769476	1.0	NonTarget	1	367400
1435.2807625344938	1.0	NonTarget	1	367432
1435.40576249204	1.0	NonTarget	1	367464
1435.530762449586	1.0	NonTarget	1	367496
1435.6557624071322	1.0	NonTarget	1	367528
1435.7807623646784	1.0	NonTarget	1	367560
1435.9057623222245	1.0	NonTarget	1	367592
1436.0307622797707	1.0	NonTarget	1	367624
1436.1557622373168	1.0	NonTarget	1	367656
1436.280762194863	1.0	NonTarget	1	367688
1436.4057621524091	1.0	NonTarget	1	367720
1436.5307621099553	1.0	NonTarget	1	367752
1436.6557620675014	1.0	NonTarget	1	367784
1436.7807620250476	1.0	NonTarget	1	367816
1436.905761982594	1.0	NonTarget	1	367848
1437.03076194014	1.0	NonTarget	1	367880
1437.1557618976863	1.0	NonTarget	1	367912
1437.2807618552324	1.0	NonTarget	1	367944
1437.4057618127786	1.0	NonTarget	1	367976
1437.5307617703247	1.0	NonTarget	1	368008
1437.6557617278709	1.0	NonTarget	1	368040
1437.780761685417	1.0	NonTarget	1	368072
1437.9057616429632	1.0	NonTarget	1	368104
1438.0307616005093	1.0	NonTarget	1	368136
1438.1557615580555	1.0	NonTarget	1	368168
1438.2807615156016	1.0	NonTarget	1	368200
1438.4057614731478	1.0	NonTarget	1	368232
1438.5307614306942	1.0	NonTarget	1	368264
1438.6557613882403	1.0	NonTarget	1	368296
1438.7807613457865	1.0	NonTarget	1	368328
1438.9057613033326	1.0	NonTarget	1	368360
1439.0307612608788	1.0	NonTarget	1	368392
1439.155761218425	1.0	NonTarget	1	368424
1439.280761175971	1.0	NonTarget	1	368456
1439.4057611335172	1.0	NonTarget	1	368488
1439.5307610910634	1.0	NonTarget	1	368520
1439.6557610486095	1.0	NonTarget	1	368552
1439.7807610061557	1.0	NonTarget	1	368584
1439.9057609637018	1.0	NonTarget	1	368616
1440.030760921248	1.0	NonTarget	1	368648
1440.1557608787941	1.0	NonTarget	1	368680
1440.2807608363405	1.0	NonTarget	1	368712
1440.4057607938867	1.0	NonTarget	1	368744
1440.5307607514328	1.0	NonTarget	1	368776
1440.655760708979	1.0	NonTarget	1	368808
1440.780760666525	1.0	NonTarget	1	368840
1440.9057606240713	1.0	NonTarget	1	368872
1441.0307605816174	1.0	NonTarget	1	368904
1441.1557605391636	1.0	NonTarget	1	368936
1441.2807604967097	1.0	NonTarget	1	368968
1441.4057604542559	1.0	NonTarget	1	369000
1441.530760411802	1.0	NonTarget	1	369032
1441.6557603693482	1.0	NonTarget	1	369064
1441.7807603268943	1.0	NonTarget	1	369096
1441.9057602844407	1.0	NonTarget	1	369128
1442.0307602419869	1.0	NonTarget	1	369160
1442.155760199533	1.0	NonTarget	1	369192
1442.2807601570792	1.0	NonTarget	1	369224
1442.4057601146253	1.0	NonTarget	1	369256
1442.5307600721715	1.0	NonTarget	1	369288
1442.6557600297176	1.0	NonTarget	1	369320
1442.7807599872638	1.0	NonTarget	1	369352
1442.90575994481	1.0	NonTarget	1	369384
1443.030759902356	1.0	NonTarget	1	369416
1443.1557598599022	1.0	NonTarget	1	369448
1443.2807598174484	1.0	NonTarget	1	369480
1443.4057597749945	1.0	NonTarget	1	369512
1443.530759732541	1.0	NonTarget	1	369544
1443.655759690087	1.0	NonTarget	1	369576
1443.7807596476332	1.0	NonTarget	1	369608
1443.9057596051794	1.0	NonTarget	1	369640
1444.0307595627255	1.0	NonTarget	1	369672
1444.1557595202717	1.0	NonTarget	1	369704
1444.2807594778178	1.0	NonTarget	1	369736
1444.405759435364	1.0	NonTarget	1	369768
1444.53075939291	1.0	NonTarget	1	369800
1444.6557593504563	1.0	NonTarget	1	369832
1444.7807593080024	1.0	NonTarget	1	369864
1444.9057592655486	1.0	NonTarget	1	369896
1445.0307592230947	1.0	NonTarget	1	369928
1445.1557591806409	1.0	NonTarget	1	369960
1445.2807591381872	1.0	NonTarget	1	369992
1445.4057590957334	1.0	NonTarget	1	370024
1445.5307590532796	1.0	NonTarget	1	370056
1445.6557590108257	1.0	NonTarget	1	370088
1445.7807589683719	1.0	NonTarget	1	370120
1445.905758925918	1.0	NonTarget	1	370152
1446.0307588834642	1.0	NonTarget	1	370184
1446.1557588410103	1.0	NonTarget	1	370216
1446.2807587985565	1.0	NonTarget	1	370248
1446.4057587561026	1.0	NonTarget	1	370280
1446.5307587136488	1.0	NonTarget	1	370312
1446.655758671195	1.0	NonTarget	1	370344
1446.780758628741	1.0	NonTarget	1	370376
1446.9057585862874	1.0	NonTarget	1	370408
1447.0307585438336	1.0	NonTarget	1	370440
1447.1557585013798	1.0	NonTarget	1	370472
1447.280758458926	1.0	NonTarget	1	370504
1447.405758416472	1.0	NonTarget	1	370536
1453.5307563362342	1.0	NonTarget	1	372104
1453.6557562937805	1.0	NonTarget	1	372136
1453.7807562513267	1.0	NonTarget	1	372168
1453.9057562088728	1.0	NonTarget	1	372200
1454.030756166419	1.0	NonTarget	1	372232
1454.1557561239651	1.0	NonTarget	1	372264
1454.2807560815113	1.0	NonTarget	1	372296
1454.4057560390575	1.0	NonTarget	1	372328
1454.5307559966036	1.0	NonTarget	1	372360
1454.6557559541498	1.0	NonTarget	1	372392
1454.780755911696	1.0	NonTarget	1	372424
1454.905755869242	1.0	NonTarget	1	372456
1455.0307558267882	1.0	NonTarget	1	372488
1455.1557557843344	1.0	NonTarget	1	372520
1455.2807557418807	1.0	NonTarget	1	372552
1455.405755699427	1.0	NonTarget	1	372584
1455.530755656973	1.0	NonTarget	1	372616
1455.6557556145192	1.0	NonTarget	1	372648
1455.7807555720653	1.0	NonTarget	1	372680
1455.9057555296115	1.0	NonTarget	1	372712
1456.0307554871576	1.0	NonTarget	1	372744
1456.1557554447038	1.0	NonTarget	1	372776
1456.28075540225	1.0	NonTarget	1	372808
1456.405755359796	1.0	NonTarget	1	372840
1456.5307553173423	1.0	NonTarget	1	372872
1456.6557552748884	1.0	NonTarget	1	372904
1456.7807552324346	1.0	NonTarget	1	372936
1456.9057551899807	1.0	NonTarget	1	372968
1457.030755147527	1.0	NonTarget	1	373000
1457.1557551050732	1.0	NonTarget	1	373032
1457.2807550626194	1.0	NonTarget	1	373064
1457.4057550201655	1.0	NonTarget	1	373096
1457.5307549777117	1.0	NonTarget	1	373128
1457.6557549352578	1.0	NonTarget	1	373160
1457.780754892804	1.0	NonTarget	1	373192
1457.9057548503501	1.0	NonTarget	1	373224
1458.0307548078963	1.0	NonTarget	1	373256
1458.1557547654425	1.0	NonTarget	1	373288
1458.2807547229886	1.0	NonTarget	1	373320
1458.4057546805348	1.0	NonTarget	1	373352
1458.530754638081	1.0	NonTarget	1	373384
1458.6557545956273	1.0	NonTarget	1	373416
1458.7807545531734	1.0	NonTarget	1	373448
1458.9057545107196	1.0	NonTarget	1	373480
1459.0307544682657	1.0	NonTarget	1	373512
1459.155754425812	1.0	NonTarget	1	373544
1459.280754383358	1.0	NonTarget	1	373576
1459.4057543409042	1.0	NonTarget	1	373608
1459.5307542984503	1.0	NonTarget	1	373640
1459.6557542559965	1.0	NonTarget	1	373672
1459.7807542135427	1.0	NonTarget	1	373704
1459.9057541710888	1.0	NonTarget	1	373736
1460.030754128635	1.0	NonTarget	1	373768
1460.155754086181	1.0	NonTarget	1	373800
1460.2807540437275	1.0	NonTarget	1	373832
1460.4057540012736	1.0	NonTarget	1	373864
1460.5307539588198	1.0	NonTarget	1	373896
1460.655753916366	1.0	NonTarget	1	373928
1460.780753873912	1.0	NonTarget	1	373960
1460.9057538314582	1.0	NonTarget	1	373992
1461.0307537890044	1.0	NonTarget	1	374024
1461.1557537465505	1.0	NonTarget	1	374056
1461.2807537040967	1.0	NonTarget	1	374088
1461.4057536616428	1.0	NonTarget	1	374120
1461.530753619189	1.0	NonTarget	1	374152
1461.6557535767352	1.0	NonTarget	1	374184
1461.7807535342813	1.0	NonTarget	1	374216
1461.9057534918275	1.0	NonTarget	1	374248
1462.0307534493738	1.0	NonTarget	1	374280
1462.15575340692	1.0	NonTarget	1	374312
1462.2807533644661	1.0	NonTarget	1	374344
1462.4057533220123	1.0	NonTarget	1	374376
1462.5307532795584	1.0	NonTarget	1	374408
1462.6557532371046	1.0	NonTarget	1	374440
1462.7807531946507	1.0	NonTarget	1	374472
1462.905753152197	1.0	NonTarget	1	374504
1463.030753109743	1.0	NonTarget	1	374536
1463.1557530672892	1.0	NonTarget	1	374568
1463.2807530248353	1.0	NonTarget	1	374600
1463.4057529823815	1.0	NonTarget	1	374632
1463.5307529399277	1.0	NonTarget	1	374664
1463.655752897474	1.0	NonTarget	1	374696
1463.7807528550202	1.0	NonTarget	1	374728
1463.9057528125663	1.0	NonTarget	1	374760
1464.0307527701125	1.0	NonTarget	1	374792
1464.1557527276586	1.0	NonTarget	1	374824
1464.2807526852048	1.0	NonTarget	1	374856
1464.405752642751	1.0	NonTarget	1	374888
1464.530752600297	1.0	NonTarget	1	374920
1464.6557525578432	1.0	NonTarget	1	374952
1464.7807525153894	1.0	NonTarget	1	374984
1464.9057524729355	1.0	NonTarget	1	375016
1465.0307524304817	1.0	NonTarget	1	375048
1465.1557523880278	1.0	NonTarget	1	375080
1465.280752345574	1.0	NonTarget	1	375112
1465.4057523031204	1.0	NonTarget	1	375144
1465.5307522606665	1.0	NonTarget	1	375176
1465.6557522182127	1.0	NonTarget	1	375208
1465.7807521757588	1.0	NonTarget	1	375240
1465.905752133305	1.0	NonTarget	1	375272
1466.0307520908511	1.0	NonTarget	1	375304
1466.1557520483973	1.0	NonTarget	1	375336
1466.2807520059434	1.0	NonTarget	1	375368
1466.4057519634896	1.0	NonTarget	1	375400
1466.5307519210357	1.0	NonTarget	1	375432
1466.655751878582	1.0	NonTarget	1	375464
1466.780751836128	1.0	NonTarget	1	375496
1466.9057517936742	1.0	NonTarget	1	375528
1467.0307517512206	1.0	NonTarget	1	375560
1467.1557517087667	1.0	NonTarget	1	375592
1467.2807516663129	1.0	NonTarget	1	375624
1467.405751623859	1.0	NonTarget	1	375656
1467.5307515814052	1.0	NonTarget	1	375688
1467.6557515389513	1.0	NonTarget	1	375720
1467.7807514964975	1.0	NonTarget	1	375752
1467.9057514540436	1.0	NonTarget	1	375784
1468.0307514115898	1.0	NonTarget	1	375816
1468.155751369136	1.0	NonTarget	1	375848
1468.280751326682	1.0	NonTarget	1	375880
1468.4057512842282	1.0	NonTarget	1	375912
