onset	duration	trial_type	value	sample
4.531248931403472	1.0	NonTarget	1	1160
4.656248901924947	1.0	NonTarget	1	1192
4.781248872446422	1.0	NonTarget	1	1224
4.906248842967897	1.0	NonTarget	1	1256
5.0312488134893725	1.0	NonTarget	1	1288
5.156248784010847	1.0	NonTarget	1	1320
5.281248754532323	1.0	NonTarget	1	1352
5.406248725053797	1.0	NonTarget	1	1384
5.531248695575273	1.0	NonTarget	1	1416
5.656248666096747	1.0	NonTarget	1	1448
5.781248636618223	1.0	NonTarget	1	1480
5.906248607139698	1.0	NonTarget	1	1512
6.031248577661173	1.0	NonTarget	1	1544
6.156248548182648	1.0	NonTarget	1	1576
6.281248518704123	1.0	NonTarget	1	1608
6.406248489225598	1.0	NonTarget	1	1640
6.531248459747073	1.0	NonTarget	1	1672
6.6562484302685485	1.0	NonTarget	1	1704
6.781248400790023	1.0	NonTarget	1	1736
6.906248371311499	1.0	NonTarget	1	1768
7.031248341832973	1.0	NonTarget	1	1800
7.156248312354449	1.0	NonTarget	1	1832
7.281248282875924	1.0	NonTarget	1	1864
7.406248253397399	1.0	NonTarget	1	1896
7.531248223918874	1.0	NonTarget	1	1928
7.656248194440349	1.0	NonTarget	1	1960
7.781248164961824	1.0	NonTarget	1	1992
7.906248135483299	1.0	NonTarget	1	2024
8.031248106004774	1.0	NonTarget	1	2056
8.15624807652625	1.0	NonTarget	1	2088
8.281248047047724	1.0	NonTarget	1	2120
8.4062480175692	1.0	NonTarget	1	2152
8.531247988090675	1.0	NonTarget	1	2184
8.65624795861215	1.0	NonTarget	1	2216
8.781247929133626	1.0	NonTarget	1	2248
8.9062478996551	1.0	NonTarget	1	2280
9.031247870176575	1.0	NonTarget	1	2312
9.15624784069805	1.0	NonTarget	1	2344
9.281247811219526	1.0	NonTarget	1	2376
9.406247781741	1.0	NonTarget	1	2408
9.531247752262475	1.0	NonTarget	1	2440
9.65624772278395	1.0	NonTarget	1	2472
9.781247693305426	1.0	NonTarget	1	2504
9.906247663826901	1.0	NonTarget	1	2536
10.031247634348375	1.0	NonTarget	1	2568
10.15624760486985	1.0	NonTarget	1	2600
10.281247575391326	1.0	NonTarget	1	2632
10.406247545912802	1.0	NonTarget	1	2664
10.531247516434275	1.0	NonTarget	1	2696
10.65624748695575	1.0	NonTarget	1	2728
10.781247457477226	1.0	NonTarget	1	2760
10.906247427998702	1.0	NonTarget	1	2792
11.031247398520176	1.0	NonTarget	1	2824
11.156247369041651	1.0	NonTarget	1	2856
11.281247339563127	1.0	NonTarget	1	2888
11.406247310084602	1.0	NonTarget	1	2920
11.531247280606078	1.0	NonTarget	1	2952
11.656247251127551	1.0	NonTarget	1	2984
11.781247221649027	1.0	NonTarget	1	3016
11.906247192170502	1.0	NonTarget	1	3048
12.031247162691978	1.0	NonTarget	1	3080
12.156247133213451	1.0	NonTarget	1	3112
12.281247103734927	1.0	NonTarget	1	3144
12.406247074256402	1.0	NonTarget	1	3176
12.531247044777878	1.0	NonTarget	1	3208
12.656247015299353	1.0	NonTarget	1	3240
12.781246985820827	1.0	NonTarget	1	3272
12.906246956342303	1.0	NonTarget	1	3304
13.031246926863778	1.0	NonTarget	1	3336
13.156246897385254	1.0	NonTarget	1	3368
13.281246867906727	1.0	NonTarget	1	3400
13.406246838428203	1.0	NonTarget	1	3432
13.531246808949678	1.0	NonTarget	1	3464
13.656246779471154	1.0	NonTarget	1	3496
13.781246749992627	1.0	NonTarget	1	3528
13.906246720514103	1.0	NonTarget	1	3560
14.031246691035578	1.0	NonTarget	1	3592
14.156246661557054	1.0	NonTarget	1	3624
14.28124663207853	1.0	NonTarget	1	3656
14.406246602600003	1.0	NonTarget	1	3688
14.531246573121479	1.0	NonTarget	1	3720
14.656246543642954	1.0	NonTarget	1	3752
14.78124651416443	1.0	NonTarget	1	3784
14.906246484685903	1.0	NonTarget	1	3816
15.031246455207379	1.0	NonTarget	1	3848
15.156246425728854	1.0	NonTarget	1	3880
15.28124639625033	1.0	NonTarget	1	3912
15.406246366771805	1.0	NonTarget	1	3944
15.531246337293279	1.0	NonTarget	1	3976
15.656246307814754	1.0	NonTarget	1	4008
15.78124627833623	1.0	NonTarget	1	4040
15.906246248857705	1.0	NonTarget	1	4072
16.03124621937918	1.0	NonTarget	1	4104
16.156246189900656	1.0	NonTarget	1	4136
16.28124616042213	1.0	NonTarget	1	4168
16.406246130943604	1.0	NonTarget	1	4200
16.53124610146508	1.0	NonTarget	1	4232
16.656246071986555	1.0	NonTarget	1	4264
16.78124604250803	1.0	NonTarget	1	4296
16.906246013029506	1.0	NonTarget	1	4328
17.03124598355098	1.0	NonTarget	1	4360
17.156245954072457	1.0	NonTarget	1	4392
17.281245924593932	1.0	NonTarget	1	4424
17.406245895115404	1.0	NonTarget	1	4456
17.53124586563688	1.0	NonTarget	1	4488
17.656245836158355	1.0	NonTarget	1	4520
17.78124580667983	1.0	NonTarget	1	4552
17.906245777201306	1.0	NonTarget	1	4584
18.03124574772278	1.0	NonTarget	1	4616
18.156245718244257	1.0	NonTarget	1	4648
18.281245688765733	1.0	NonTarget	1	4680
18.406245659287208	1.0	NonTarget	1	4712
18.53124562980868	1.0	NonTarget	1	4744
18.656245600330156	1.0	NonTarget	1	4776
18.78124557085163	1.0	NonTarget	1	4808
18.906245541373107	1.0	NonTarget	1	4840
19.031245511894582	1.0	NonTarget	1	4872
19.156245482416058	1.0	NonTarget	1	4904
19.281245452937533	1.0	NonTarget	1	4936
19.40624542345901	1.0	NonTarget	1	4968
25.531243979011286	1.0	NonTarget	1	6536
25.65624394953276	1.0	NonTarget	1	6568
25.781243920054237	1.0	NonTarget	1	6600
25.906243890575713	1.0	NonTarget	1	6632
26.031243861097188	1.0	NonTarget	1	6664
26.15624383161866	1.0	NonTarget	1	6696
26.281243802140136	1.0	NonTarget	1	6728
26.40624377266161	1.0	NonTarget	1	6760
26.531243743183087	1.0	NonTarget	1	6792
26.656243713704562	1.0	NonTarget	1	6824
26.781243684226038	1.0	NonTarget	1	6856
26.906243654747513	1.0	NonTarget	1	6888
27.03124362526899	1.0	NonTarget	1	6920
27.156243595790464	1.0	NonTarget	1	6952
27.281243566311936	1.0	NonTarget	1	6984
27.40624353683341	1.0	NonTarget	1	7016
27.531243507354887	1.0	NonTarget	1	7048
27.656243477876362	1.0	NonTarget	1	7080
27.781243448397838	1.0	NonTarget	1	7112
27.906243418919313	1.0	NonTarget	1	7144
28.03124338944079	1.0	NonTarget	1	7176
28.156243359962264	1.0	NonTarget	1	7208
28.28124333048374	1.0	NonTarget	1	7240
28.406243301005212	1.0	NonTarget	1	7272
28.531243271526687	1.0	NonTarget	1	7304
28.656243242048163	1.0	NonTarget	1	7336
28.78124321256964	1.0	NonTarget	1	7368
28.906243183091114	1.0	NonTarget	1	7400
29.03124315361259	1.0	NonTarget	1	7432
29.156243124134065	1.0	NonTarget	1	7464
29.28124309465554	1.0	NonTarget	1	7496
29.406243065177016	1.0	NonTarget	1	7528
29.531243035698488	1.0	NonTarget	1	7560
29.656243006219963	1.0	NonTarget	1	7592
29.78124297674144	1.0	NonTarget	1	7624
29.906242947262914	1.0	NonTarget	1	7656
30.03124291778439	1.0	NonTarget	1	7688
30.156242888305865	1.0	NonTarget	1	7720
30.28124285882734	1.0	NonTarget	1	7752
30.406242829348816	1.0	NonTarget	1	7784
30.53124279987029	1.0	NonTarget	1	7816
30.656242770391763	1.0	NonTarget	1	7848
30.78124274091324	1.0	NonTarget	1	7880
30.906242711434714	1.0	NonTarget	1	7912
31.03124268195619	1.0	NonTarget	1	7944
31.156242652477665	1.0	NonTarget	1	7976
31.28124262299914	1.0	NonTarget	1	8008
31.406242593520616	1.0	NonTarget	1	8040
31.531242564042092	1.0	NonTarget	1	8072
31.656242534563564	1.0	NonTarget	1	8104
31.78124250508504	1.0	NonTarget	1	8136
31.906242475606515	1.0	NonTarget	1	8168
32.03124244612799	1.0	NonTarget	1	8200
32.15624241664947	1.0	NonTarget	1	8232
32.28124238717094	1.0	NonTarget	1	8264
32.40624235769241	1.0	NonTarget	1	8296
32.53124232821389	1.0	NonTarget	1	8328
32.656242298735364	1.0	NonTarget	1	8360
32.78124226925684	1.0	NonTarget	1	8392
32.906242239778315	1.0	NonTarget	1	8424
33.031242210299794	1.0	NonTarget	1	8456
33.156242180821266	1.0	NonTarget	1	8488
33.281242151342745	1.0	NonTarget	1	8520
33.40624212186422	1.0	NonTarget	1	8552
33.53124209238569	1.0	NonTarget	1	8584
33.65624206290717	1.0	NonTarget	1	8616
33.78124203342864	1.0	NonTarget	1	8648
33.90624200395012	1.0	NonTarget	1	8680
34.03124197447159	1.0	NonTarget	1	8712
34.15624194499307	1.0	NonTarget	1	8744
34.28124191551454	1.0	NonTarget	1	8776
34.406241886036014	1.0	NonTarget	1	8808
34.53124185655749	1.0	NonTarget	1	8840
34.656241827078965	1.0	NonTarget	1	8872
34.781241797600444	1.0	NonTarget	1	8904
34.906241768121916	1.0	NonTarget	1	8936
35.031241738643395	1.0	NonTarget	1	8968
35.15624170916487	1.0	NonTarget	1	9000
35.281241679686346	1.0	NonTarget	1	9032
35.40624165020782	1.0	NonTarget	1	9064
35.53124162072929	1.0	NonTarget	1	9096
35.65624159125077	1.0	NonTarget	1	9128
35.78124156177224	1.0	NonTarget	1	9160
35.90624153229372	1.0	NonTarget	1	9192
36.03124150281519	1.0	NonTarget	1	9224
36.15624147333667	1.0	NonTarget	1	9256
36.28124144385814	1.0	NonTarget	1	9288
36.40624141437962	1.0	NonTarget	1	9320
36.531241384901094	1.0	NonTarget	1	9352
36.656241355422566	1.0	NonTarget	1	9384
36.781241325944045	1.0	NonTarget	1	9416
36.90624129646552	1.0	NonTarget	1	9448
37.031241266986996	1.0	NonTarget	1	9480
37.15624123750847	1.0	NonTarget	1	9512
37.28124120802995	1.0	NonTarget	1	9544
37.40624117855142	1.0	NonTarget	1	9576
37.5312411490729	1.0	NonTarget	1	9608
37.65624111959437	1.0	NonTarget	1	9640
37.78124109011584	1.0	NonTarget	1	9672
37.90624106063732	1.0	NonTarget	1	9704
38.03124103115879	1.0	NonTarget	1	9736
38.15624100168027	1.0	NonTarget	1	9768
38.28124097220174	1.0	NonTarget	1	9800
38.40624094272322	1.0	NonTarget	1	9832
38.531240913244694	1.0	NonTarget	1	9864
38.65624088376617	1.0	NonTarget	1	9896
38.781240854287645	1.0	NonTarget	1	9928
38.90624082480912	1.0	NonTarget	1	9960
39.031240795330596	1.0	NonTarget	1	9992
39.15624076585207	1.0	NonTarget	1	10024
39.28124073637355	1.0	NonTarget	1	10056
39.40624070689502	1.0	NonTarget	1	10088
39.5312406774165	1.0	NonTarget	1	10120
39.65624064793797	1.0	NonTarget	1	10152
39.78124061845945	1.0	NonTarget	1	10184
39.90624058898092	1.0	NonTarget	1	10216
40.03124055950239	1.0	NonTarget	1	10248
40.15624053002387	1.0	NonTarget	1	10280
40.281240500545344	1.0	NonTarget	1	10312
40.40624047106682	1.0	NonTarget	1	10344
46.5312390266191	1.0	NonTarget	1	11912
46.656238997140576	1.0	NonTarget	1	11944
46.78123896766205	1.0	NonTarget	1	11976
46.90623893818353	1.0	NonTarget	1	12008
47.031238908705	1.0	NonTarget	1	12040
47.15623887922648	1.0	NonTarget	1	12072
47.28123884974795	1.0	NonTarget	1	12104
47.40623882026943	1.0	NonTarget	1	12136
47.5312387907909	1.0	NonTarget	1	12168
47.65623876131237	1.0	NonTarget	1	12200
47.78123873183385	1.0	NonTarget	1	12232
47.906238702355324	1.0	NonTarget	1	12264
48.0312386728768	1.0	NonTarget	1	12296
48.156238643398275	1.0	NonTarget	1	12328
48.281238613919754	1.0	NonTarget	1	12360
48.406238584441226	1.0	NonTarget	1	12392
48.531238554962705	1.0	NonTarget	1	12424
48.65623852548418	1.0	NonTarget	1	12456
48.78123849600565	1.0	NonTarget	1	12488
48.90623846652713	1.0	NonTarget	1	12520
49.0312384370486	1.0	NonTarget	1	12552
49.15623840757008	1.0	NonTarget	1	12584
49.28123837809155	1.0	NonTarget	1	12616
49.40623834861303	1.0	NonTarget	1	12648
49.5312383191345	1.0	NonTarget	1	12680
49.65623828965598	1.0	NonTarget	1	12712
49.78123826017745	1.0	NonTarget	1	12744
49.906238230698925	1.0	NonTarget	1	12776
50.031238201220404	1.0	NonTarget	1	12808
50.156238171741876	1.0	NonTarget	1	12840
50.281238142263355	1.0	NonTarget	1	12872
50.40623811278483	1.0	NonTarget	1	12904
50.531238083306306	1.0	NonTarget	1	12936
50.65623805382778	1.0	NonTarget	1	12968
50.78123802434926	1.0	NonTarget	1	13000
50.90623799487073	1.0	NonTarget	1	13032
51.0312379653922	1.0	NonTarget	1	13064
51.15623793591368	1.0	NonTarget	1	13096
51.28123790643515	1.0	NonTarget	1	13128
51.40623787695663	1.0	NonTarget	1	13160
51.5312378474781	1.0	NonTarget	1	13192
51.65623781799958	1.0	NonTarget	1	13224
51.781237788521054	1.0	NonTarget	1	13256
51.90623775904253	1.0	NonTarget	1	13288
52.031237729564005	1.0	NonTarget	1	13320
52.15623770008548	1.0	NonTarget	1	13352
52.281237670606956	1.0	NonTarget	1	13384
52.40623764112843	1.0	NonTarget	1	13416
52.53123761164991	1.0	NonTarget	1	13448
52.65623758217138	1.0	NonTarget	1	13480
52.78123755269286	1.0	NonTarget	1	13512
52.90623752321433	1.0	NonTarget	1	13544
53.03123749373581	1.0	NonTarget	1	13576
53.15623746425728	1.0	NonTarget	1	13608
53.28123743477875	1.0	NonTarget	1	13640
53.40623740530023	1.0	NonTarget	1	13672
53.5312373758217	1.0	NonTarget	1	13704
53.65623734634318	1.0	NonTarget	1	13736
53.781237316864654	1.0	NonTarget	1	13768
53.90623728738613	1.0	NonTarget	1	13800
54.031237257907605	1.0	NonTarget	1	13832
54.156237228429084	1.0	NonTarget	1	13864
54.281237198950556	1.0	NonTarget	1	13896
54.40623716947203	1.0	NonTarget	1	13928
54.53123713999351	1.0	NonTarget	1	13960
54.65623711051498	1.0	NonTarget	1	13992
54.78123708103646	1.0	NonTarget	1	14024
54.90623705155793	1.0	NonTarget	1	14056
55.03123702207941	1.0	NonTarget	1	14088
55.15623699260088	1.0	NonTarget	1	14120
55.28123696312236	1.0	NonTarget	1	14152
55.40623693364383	1.0	NonTarget	1	14184
55.531236904165304	1.0	NonTarget	1	14216
55.65623687468678	1.0	NonTarget	1	14248
55.781236845208255	1.0	NonTarget	1	14280
55.906236815729734	1.0	NonTarget	1	14312
56.031236786251206	1.0	NonTarget	1	14344
56.156236756772685	1.0	NonTarget	1	14376
56.28123672729416	1.0	NonTarget	1	14408
56.406236697815636	1.0	NonTarget	1	14440
56.53123666833711	1.0	NonTarget	1	14472
56.65623663885858	1.0	NonTarget	1	14504
56.78123660938006	1.0	NonTarget	1	14536
56.90623657990153	1.0	NonTarget	1	14568
57.03123655042301	1.0	NonTarget	1	14600
57.15623652094448	1.0	NonTarget	1	14632
57.28123649146596	1.0	NonTarget	1	14664
57.40623646198743	1.0	NonTarget	1	14696
57.531236432508905	1.0	NonTarget	1	14728
57.656236403030384	1.0	NonTarget	1	14760
57.781236373551856	1.0	NonTarget	1	14792
57.906236344073335	1.0	NonTarget	1	14824
58.03123631459481	1.0	NonTarget	1	14856
58.156236285116286	1.0	NonTarget	1	14888
58.28123625563776	1.0	NonTarget	1	14920
58.40623622615924	1.0	NonTarget	1	14952
58.53123619668071	1.0	NonTarget	1	14984
58.65623616720218	1.0	NonTarget	1	15016
58.78123613772366	1.0	NonTarget	1	15048
58.90623610824513	1.0	NonTarget	1	15080
59.03123607876661	1.0	NonTarget	1	15112
59.15623604928808	1.0	NonTarget	1	15144
59.28123601980956	1.0	NonTarget	1	15176
59.406235990331034	1.0	NonTarget	1	15208
59.53123596085251	1.0	NonTarget	1	15240
59.656235931373985	1.0	NonTarget	1	15272
59.78123590189546	1.0	NonTarget	1	15304
59.906235872416936	1.0	NonTarget	1	15336
60.03123584293841	1.0	NonTarget	1	15368
60.15623581345989	1.0	NonTarget	1	15400
60.28123578398136	1.0	NonTarget	1	15432
60.40623575450284	1.0	NonTarget	1	15464
60.53123572502431	1.0	NonTarget	1	15496
60.65623569554579	1.0	NonTarget	1	15528
60.78123566606726	1.0	NonTarget	1	15560
60.90623563658873	1.0	NonTarget	1	15592
61.03123560711021	1.0	NonTarget	1	15624
61.15623557763168	1.0	NonTarget	1	15656
61.28123554815316	1.0	NonTarget	1	15688
61.406235518674634	1.0	NonTarget	1	15720
67.53123407422692	1.0	NonTarget	1	17288
67.65623404474839	1.0	NonTarget	1	17320
67.78123401526986	1.0	NonTarget	1	17352
67.90623398579135	1.0	NonTarget	1	17384
68.03123395631282	1.0	NonTarget	1	17416
68.15623392683429	1.0	NonTarget	1	17448
68.28123389735576	1.0	NonTarget	1	17480
68.40623386787725	1.0	NonTarget	1	17512
68.53123383839872	1.0	NonTarget	1	17544
68.65623380892019	1.0	NonTarget	1	17576
68.78123377944166	1.0	NonTarget	1	17608
68.90623374996314	1.0	NonTarget	1	17640
69.03123372048462	1.0	NonTarget	1	17672
69.1562336910061	1.0	NonTarget	1	17704
69.28123366152757	1.0	NonTarget	1	17736
69.40623363204904	1.0	NonTarget	1	17768
69.53123360257052	1.0	NonTarget	1	17800
69.656233573092	1.0	NonTarget	1	17832
69.78123354361347	1.0	NonTarget	1	17864
69.90623351413494	1.0	NonTarget	1	17896
70.03123348465641	1.0	NonTarget	1	17928
70.1562334551779	1.0	NonTarget	1	17960
70.28123342569937	1.0	NonTarget	1	17992
70.40623339622084	1.0	NonTarget	1	18024
70.53123336674231	1.0	NonTarget	1	18056
70.6562333372638	1.0	NonTarget	1	18088
70.78123330778527	1.0	NonTarget	1	18120
70.90623327830674	1.0	NonTarget	1	18152
71.03123324882822	1.0	NonTarget	1	18184
71.15623321934969	1.0	NonTarget	1	18216
71.28123318987117	1.0	NonTarget	1	18248
71.40623316039265	1.0	NonTarget	1	18280
71.53123313091412	1.0	NonTarget	1	18312
71.65623310143559	1.0	NonTarget	1	18344
71.78123307195708	1.0	NonTarget	1	18376
71.90623304247855	1.0	NonTarget	1	18408
72.03123301300002	1.0	NonTarget	1	18440
72.15623298352149	1.0	NonTarget	1	18472
72.28123295404296	1.0	NonTarget	1	18504
72.40623292456445	1.0	NonTarget	1	18536
72.53123289508592	1.0	NonTarget	1	18568
72.6562328656074	1.0	NonTarget	1	18600
72.78123283612886	1.0	NonTarget	1	18632
72.90623280665035	1.0	NonTarget	1	18664
73.03123277717182	1.0	NonTarget	1	18696
73.1562327476933	1.0	NonTarget	1	18728
73.28123271821477	1.0	NonTarget	1	18760
73.40623268873624	1.0	NonTarget	1	18792
73.53123265925773	1.0	NonTarget	1	18824
73.6562326297792	1.0	NonTarget	1	18856
73.78123260030067	1.0	NonTarget	1	18888
73.90623257082214	1.0	NonTarget	1	18920
74.03123254134363	1.0	NonTarget	1	18952
74.1562325118651	1.0	NonTarget	1	18984
74.28123248238657	1.0	NonTarget	1	19016
74.40623245290804	1.0	NonTarget	1	19048
74.53123242342951	1.0	NonTarget	1	19080
74.656232393951	1.0	NonTarget	1	19112
74.78123236447247	1.0	NonTarget	1	19144
74.90623233499394	1.0	NonTarget	1	19176
75.03123230551542	1.0	NonTarget	1	19208
75.15623227603689	1.0	NonTarget	1	19240
75.28123224655837	1.0	NonTarget	1	19272
75.40623221707985	1.0	NonTarget	1	19304
75.53123218760132	1.0	NonTarget	1	19336
75.65623215812279	1.0	NonTarget	1	19368
75.78123212864428	1.0	NonTarget	1	19400
75.90623209916575	1.0	NonTarget	1	19432
76.03123206968722	1.0	NonTarget	1	19464
76.15623204020869	1.0	NonTarget	1	19496
76.28123201073016	1.0	NonTarget	1	19528
76.40623198125165	1.0	NonTarget	1	19560
76.53123195177312	1.0	NonTarget	1	19592
76.6562319222946	1.0	NonTarget	1	19624
76.78123189281607	1.0	NonTarget	1	19656
76.90623186333755	1.0	NonTarget	1	19688
77.03123183385902	1.0	NonTarget	1	19720
77.1562318043805	1.0	NonTarget	1	19752
77.28123177490197	1.0	NonTarget	1	19784
77.40623174542344	1.0	NonTarget	1	19816
77.53123171594493	1.0	NonTarget	1	19848
77.6562316864664	1.0	NonTarget	1	19880
77.78123165698787	1.0	NonTarget	1	19912
77.90623162750934	1.0	NonTarget	1	19944
78.03123159803083	1.0	NonTarget	1	19976
78.1562315685523	1.0	NonTarget	1	20008
78.28123153907377	1.0	NonTarget	1	20040
78.40623150959524	1.0	NonTarget	1	20072
78.53123148011672	1.0	NonTarget	1	20104
78.6562314506382	1.0	NonTarget	1	20136
78.78123142115967	1.0	NonTarget	1	20168
78.90623139168115	1.0	NonTarget	1	20200
79.03123136220262	1.0	NonTarget	1	20232
79.1562313327241	1.0	NonTarget	1	20264
79.28123130324558	1.0	NonTarget	1	20296
79.40623127376705	1.0	NonTarget	1	20328
79.53123124428852	1.0	NonTarget	1	20360
79.65623121480999	1.0	NonTarget	1	20392
79.78123118533148	1.0	NonTarget	1	20424
79.90623115585295	1.0	NonTarget	1	20456
80.03123112637442	1.0	NonTarget	1	20488
80.1562310968959	1.0	NonTarget	1	20520
80.28123106741738	1.0	NonTarget	1	20552
80.40623103793885	1.0	NonTarget	1	20584
80.53123100846032	1.0	NonTarget	1	20616
80.6562309789818	1.0	NonTarget	1	20648
80.78123094950327	1.0	NonTarget	1	20680
80.90623092002475	1.0	NonTarget	1	20712
81.03123089054623	1.0	NonTarget	1	20744
81.1562308610677	1.0	NonTarget	1	20776
81.28123083158917	1.0	NonTarget	1	20808
81.40623080211066	1.0	NonTarget	1	20840
81.53123077263213	1.0	NonTarget	1	20872
81.6562307431536	1.0	NonTarget	1	20904
81.78123071367507	1.0	NonTarget	1	20936
81.90623068419654	1.0	NonTarget	1	20968
82.03123065471803	1.0	NonTarget	1	21000
82.1562306252395	1.0	NonTarget	1	21032
82.28123059576097	1.0	NonTarget	1	21064
82.40623056628245	1.0	NonTarget	1	21096
88.53122912183473	1.0	NonTarget	1	22664
88.6562290923562	1.0	NonTarget	1	22696
88.78122906287769	1.0	NonTarget	1	22728
88.90622903339916	1.0	NonTarget	1	22760
89.03122900392063	1.0	NonTarget	1	22792
89.1562289744421	1.0	NonTarget	1	22824
89.28122894496359	1.0	NonTarget	1	22856
89.40622891548506	1.0	NonTarget	1	22888
89.53122888600653	1.0	NonTarget	1	22920
89.656228856528	1.0	NonTarget	1	22952
89.78122882704947	1.0	NonTarget	1	22984
89.90622879757096	1.0	NonTarget	1	23016
90.03122876809243	1.0	NonTarget	1	23048
90.1562287386139	1.0	NonTarget	1	23080
90.28122870913538	1.0	NonTarget	1	23112
90.40622867965686	1.0	NonTarget	1	23144
90.53122865017833	1.0	NonTarget	1	23176
90.6562286206998	1.0	NonTarget	1	23208
90.78122859122128	1.0	NonTarget	1	23240
90.90622856174275	1.0	NonTarget	1	23272
91.03122853226424	1.0	NonTarget	1	23304
91.15622850278571	1.0	NonTarget	1	23336
91.28122847330718	1.0	NonTarget	1	23368
91.40622844382865	1.0	NonTarget	1	23400
91.53122841435014	1.0	NonTarget	1	23432
91.65622838487161	1.0	NonTarget	1	23464
91.78122835539308	1.0	NonTarget	1	23496
91.90622832591455	1.0	NonTarget	1	23528
92.03122829643603	1.0	NonTarget	1	23560
92.15622826695751	1.0	NonTarget	1	23592
92.28122823747898	1.0	NonTarget	1	23624
92.40622820800046	1.0	NonTarget	1	23656
92.53122817852193	1.0	NonTarget	1	23688
92.65622814904341	1.0	NonTarget	1	23720
92.78122811956489	1.0	NonTarget	1	23752
92.90622809008636	1.0	NonTarget	1	23784
93.03122806060783	1.0	NonTarget	1	23816
93.1562280311293	1.0	NonTarget	1	23848
93.28122800165079	1.0	NonTarget	1	23880
93.40622797217226	1.0	NonTarget	1	23912
93.53122794269373	1.0	NonTarget	1	23944
93.6562279132152	1.0	NonTarget	1	23976
93.78122788373669	1.0	NonTarget	1	24008
93.90622785425816	1.0	NonTarget	1	24040
94.03122782477963	1.0	NonTarget	1	24072
94.1562277953011	1.0	NonTarget	1	24104
94.28122776582258	1.0	NonTarget	1	24136
94.40622773634406	1.0	NonTarget	1	24168
94.53122770686554	1.0	NonTarget	1	24200
94.65622767738701	1.0	NonTarget	1	24232
94.78122764790848	1.0	NonTarget	1	24264
94.90622761842997	1.0	NonTarget	1	24296
95.03122758895144	1.0	NonTarget	1	24328
95.15622755947291	1.0	NonTarget	1	24360
95.28122752999438	1.0	NonTarget	1	24392
95.40622750051585	1.0	NonTarget	1	24424
95.53122747103734	1.0	NonTarget	1	24456
95.65622744155881	1.0	NonTarget	1	24488
95.78122741208028	1.0	NonTarget	1	24520
95.90622738260176	1.0	NonTarget	1	24552
96.03122735312324	1.0	NonTarget	1	24584
96.15622732364471	1.0	NonTarget	1	24616
96.28122729416619	1.0	NonTarget	1	24648
96.40622726468766	1.0	NonTarget	1	24680
96.53122723520913	1.0	NonTarget	1	24712
96.65622720573062	1.0	NonTarget	1	24744
96.78122717625209	1.0	NonTarget	1	24776
96.90622714677356	1.0	NonTarget	1	24808
97.03122711729503	1.0	NonTarget	1	24840
97.15622708781652	1.0	NonTarget	1	24872
97.28122705833799	1.0	NonTarget	1	24904
97.40622702885946	1.0	NonTarget	1	24936
97.53122699938093	1.0	NonTarget	1	24968
97.6562269699024	1.0	NonTarget	1	25000
97.78122694042389	1.0	NonTarget	1	25032
97.90622691094536	1.0	NonTarget	1	25064
98.03122688146684	1.0	NonTarget	1	25096
98.15622685198831	1.0	NonTarget	1	25128
98.28122682250978	1.0	NonTarget	1	25160
98.40622679303127	1.0	NonTarget	1	25192
98.53122676355274	1.0	NonTarget	1	25224
98.65622673407421	1.0	NonTarget	1	25256
98.78122670459568	1.0	NonTarget	1	25288
98.90622667511717	1.0	NonTarget	1	25320
99.03122664563864	1.0	NonTarget	1	25352
99.15622661616011	1.0	NonTarget	1	25384
99.28122658668158	1.0	NonTarget	1	25416
99.40622655720306	1.0	NonTarget	1	25448
99.53122652772454	1.0	NonTarget	1	25480
99.65622649824601	1.0	NonTarget	1	25512
99.78122646876749	1.0	NonTarget	1	25544
99.90622643928896	1.0	NonTarget	1	25576
100.03122640981044	1.0	NonTarget	1	25608
100.15622638033192	1.0	NonTarget	1	25640
100.28122635085339	1.0	NonTarget	1	25672
100.40622632137486	1.0	NonTarget	1	25704
100.53122629189633	1.0	NonTarget	1	25736
100.65622626241782	1.0	NonTarget	1	25768
100.78122623293929	1.0	NonTarget	1	25800
100.90622620346076	1.0	NonTarget	1	25832
101.03122617398223	1.0	NonTarget	1	25864
101.15622614450372	1.0	NonTarget	1	25896
101.28122611502519	1.0	NonTarget	1	25928
101.40622608554666	1.0	NonTarget	1	25960
101.53122605606814	1.0	NonTarget	1	25992
101.65622602658961	1.0	NonTarget	1	26024
101.7812259971111	1.0	NonTarget	1	26056
101.90622596763257	1.0	NonTarget	1	26088
102.03122593815404	1.0	NonTarget	1	26120
102.15622590867551	1.0	NonTarget	1	26152
102.281225879197	1.0	NonTarget	1	26184
102.40622584971847	1.0	NonTarget	1	26216
102.53122582023994	1.0	NonTarget	1	26248
102.65622579076141	1.0	NonTarget	1	26280
102.78122576128288	1.0	NonTarget	1	26312
102.90622573180437	1.0	NonTarget	1	26344
103.03122570232584	1.0	NonTarget	1	26376
103.15622567284731	1.0	NonTarget	1	26408
103.28122564336878	1.0	NonTarget	1	26440
103.40622561389027	1.0	NonTarget	1	26472
109.53122416944254	1.0	NonTarget	1	28040
109.65622413996402	1.0	NonTarget	1	28072
109.7812241104855	1.0	NonTarget	1	28104
109.90622408100697	1.0	NonTarget	1	28136
110.03122405152844	1.0	NonTarget	1	28168
110.15622402204993	1.0	NonTarget	1	28200
110.2812239925714	1.0	NonTarget	1	28232
110.40622396309287	1.0	NonTarget	1	28264
110.53122393361434	1.0	NonTarget	1	28296
110.65622390413581	1.0	NonTarget	1	28328
110.7812238746573	1.0	NonTarget	1	28360
110.90622384517877	1.0	NonTarget	1	28392
111.03122381570024	1.0	NonTarget	1	28424
111.15622378622172	1.0	NonTarget	1	28456
111.2812237567432	1.0	NonTarget	1	28488
111.40622372726467	1.0	NonTarget	1	28520
111.53122369778615	1.0	NonTarget	1	28552
111.65622366830762	1.0	NonTarget	1	28584
111.78122363882909	1.0	NonTarget	1	28616
111.90622360935058	1.0	NonTarget	1	28648
112.03122357987205	1.0	NonTarget	1	28680
112.15622355039352	1.0	NonTarget	1	28712
112.28122352091499	1.0	NonTarget	1	28744
112.40622349143648	1.0	NonTarget	1	28776
112.53122346195795	1.0	NonTarget	1	28808
112.65622343247942	1.0	NonTarget	1	28840
112.7812234030009	1.0	NonTarget	1	28872
112.90622337352237	1.0	NonTarget	1	28904
113.03122334404385	1.0	NonTarget	1	28936
113.15622331456532	1.0	NonTarget	1	28968
113.2812232850868	1.0	NonTarget	1	29000
113.40622325560827	1.0	NonTarget	1	29032
113.53122322612975	1.0	NonTarget	1	29064
113.65622319665123	1.0	NonTarget	1	29096
113.7812231671727	1.0	NonTarget	1	29128
113.90622313769417	1.0	NonTarget	1	29160
114.03122310821564	1.0	NonTarget	1	29192
114.15622307873713	1.0	NonTarget	1	29224
114.2812230492586	1.0	NonTarget	1	29256
114.40622301978007	1.0	NonTarget	1	29288
114.53122299030154	1.0	NonTarget	1	29320
114.65622296082303	1.0	NonTarget	1	29352
114.7812229313445	1.0	NonTarget	1	29384
114.90622290186597	1.0	NonTarget	1	29416
115.03122287238745	1.0	NonTarget	1	29448
115.15622284290892	1.0	NonTarget	1	29480
115.2812228134304	1.0	NonTarget	1	29512
115.40622278395188	1.0	NonTarget	1	29544
115.53122275447335	1.0	NonTarget	1	29576
115.65622272499482	1.0	NonTarget	1	29608
115.7812226955163	1.0	NonTarget	1	29640
115.90622266603778	1.0	NonTarget	1	29672
116.03122263655925	1.0	NonTarget	1	29704
116.15622260708072	1.0	NonTarget	1	29736
116.2812225776022	1.0	NonTarget	1	29768
116.40622254812368	1.0	NonTarget	1	29800
116.53122251864515	1.0	NonTarget	1	29832
116.65622248916662	1.0	NonTarget	1	29864
116.7812224596881	1.0	NonTarget	1	29896
116.90622243020958	1.0	NonTarget	1	29928
117.03122240073105	1.0	NonTarget	1	29960
117.15622237125253	1.0	NonTarget	1	29992
117.281222341774	1.0	NonTarget	1	30024
117.40622231229547	1.0	NonTarget	1	30056
117.53122228281696	1.0	NonTarget	1	30088
117.65622225333843	1.0	NonTarget	1	30120
117.7812222238599	1.0	NonTarget	1	30152
117.90622219438137	1.0	NonTarget	1	30184
118.03122216490286	1.0	NonTarget	1	30216
118.15622213542433	1.0	NonTarget	1	30248
118.2812221059458	1.0	NonTarget	1	30280
118.40622207646727	1.0	NonTarget	1	30312
118.53122204698874	1.0	NonTarget	1	30344
118.65622201751023	1.0	NonTarget	1	30376
118.7812219880317	1.0	NonTarget	1	30408
118.90622195855317	1.0	NonTarget	1	30440
119.03122192907465	1.0	NonTarget	1	30472
119.15622189959613	1.0	NonTarget	1	30504
119.2812218701176	1.0	NonTarget	1	30536
119.40622184063908	1.0	NonTarget	1	30568
119.53122181116055	1.0	NonTarget	1	30600
119.65622178168202	1.0	NonTarget	1	30632
119.7812217522035	1.0	NonTarget	1	30664
119.90622172272498	1.0	NonTarget	1	30696
120.03122169324645	1.0	NonTarget	1	30728
120.15622166376792	1.0	NonTarget	1	30760
120.28122163428941	1.0	NonTarget	1	30792
120.40622160481088	1.0	NonTarget	1	30824
120.53122157533235	1.0	NonTarget	1	30856
120.65622154585382	1.0	NonTarget	1	30888
120.7812215163753	1.0	NonTarget	1	30920
120.90622148689678	1.0	NonTarget	1	30952
121.03122145741825	1.0	NonTarget	1	30984
121.15622142793973	1.0	NonTarget	1	31016
121.2812213984612	1.0	NonTarget	1	31048
121.40622136898267	1.0	NonTarget	1	31080
121.53122133950416	1.0	NonTarget	1	31112
121.65622131002563	1.0	NonTarget	1	31144
121.7812212805471	1.0	NonTarget	1	31176
121.90622125106857	1.0	NonTarget	1	31208
122.03122122159006	1.0	NonTarget	1	31240
122.15622119211153	1.0	NonTarget	1	31272
122.281221162633	1.0	NonTarget	1	31304
122.40622113315447	1.0	NonTarget	1	31336
122.53122110367595	1.0	NonTarget	1	31368
122.65622107419743	1.0	NonTarget	1	31400
122.7812210447189	1.0	NonTarget	1	31432
122.90622101524038	1.0	NonTarget	1	31464
123.03122098576185	1.0	NonTarget	1	31496
123.15622095628333	1.0	NonTarget	1	31528
123.2812209268048	1.0	NonTarget	1	31560
123.40622089732628	1.0	NonTarget	1	31592
123.53122086784775	1.0	NonTarget	1	31624
123.65622083836922	1.0	NonTarget	1	31656
123.78122080889071	1.0	NonTarget	1	31688
123.90622077941218	1.0	NonTarget	1	31720
124.03122074993365	1.0	NonTarget	1	31752
124.15622072045512	1.0	NonTarget	1	31784
124.28122069097661	1.0	NonTarget	1	31816
124.40622066149808	1.0	NonTarget	1	31848
130.53121921705036	1.0	NonTarget	1	33416
130.65621918757182	1.0	NonTarget	1	33448
130.7812191580933	1.0	NonTarget	1	33480
130.9062191286148	1.0	NonTarget	1	33512
131.03121909913625	1.0	NonTarget	1	33544
131.15621906965774	1.0	NonTarget	1	33576
131.28121904017922	1.0	NonTarget	1	33608
131.40621901070068	1.0	NonTarget	1	33640
131.53121898122217	1.0	NonTarget	1	33672
131.65621895174363	1.0	NonTarget	1	33704
131.7812189222651	1.0	NonTarget	1	33736
131.9062188927866	1.0	NonTarget	1	33768
132.03121886330806	1.0	NonTarget	1	33800
132.15621883382954	1.0	NonTarget	1	33832
132.281218804351	1.0	NonTarget	1	33864
132.40621877487249	1.0	NonTarget	1	33896
132.53121874539397	1.0	NonTarget	1	33928
132.65621871591543	1.0	NonTarget	1	33960
132.78121868643692	1.0	NonTarget	1	33992
132.90621865695837	1.0	NonTarget	1	34024
133.03121862747986	1.0	NonTarget	1	34056
133.15621859800135	1.0	NonTarget	1	34088
133.2812185685228	1.0	NonTarget	1	34120
133.4062185390443	1.0	NonTarget	1	34152
133.53121850956575	1.0	NonTarget	1	34184
133.65621848008723	1.0	NonTarget	1	34216
133.78121845060872	1.0	NonTarget	1	34248
133.90621842113018	1.0	NonTarget	1	34280
134.03121839165166	1.0	NonTarget	1	34312
134.15621836217315	1.0	NonTarget	1	34344
134.2812183326946	1.0	NonTarget	1	34376
134.4062183032161	1.0	NonTarget	1	34408
134.53121827373755	1.0	NonTarget	1	34440
134.65621824425904	1.0	NonTarget	1	34472
134.78121821478052	1.0	NonTarget	1	34504
134.90621818530198	1.0	NonTarget	1	34536
135.03121815582347	1.0	NonTarget	1	34568
135.15621812634492	1.0	NonTarget	1	34600
135.2812180968664	1.0	NonTarget	1	34632
135.4062180673879	1.0	NonTarget	1	34664
135.53121803790935	1.0	NonTarget	1	34696
135.65621800843084	1.0	NonTarget	1	34728
135.7812179789523	1.0	NonTarget	1	34760
135.90621794947378	1.0	NonTarget	1	34792
136.03121791999527	1.0	NonTarget	1	34824
136.15621789051673	1.0	NonTarget	1	34856
136.28121786103821	1.0	NonTarget	1	34888
136.4062178315597	1.0	NonTarget	1	34920
136.53121780208116	1.0	NonTarget	1	34952
136.65621777260264	1.0	NonTarget	1	34984
136.7812177431241	1.0	NonTarget	1	35016
136.9062177136456	1.0	NonTarget	1	35048
137.03121768416707	1.0	NonTarget	1	35080
137.15621765468853	1.0	NonTarget	1	35112
137.28121762521002	1.0	NonTarget	1	35144
137.40621759573148	1.0	NonTarget	1	35176
137.53121756625296	1.0	NonTarget	1	35208
137.65621753677445	1.0	NonTarget	1	35240
137.7812175072959	1.0	NonTarget	1	35272
137.9062174778174	1.0	NonTarget	1	35304
138.03121744833885	1.0	NonTarget	1	35336
138.15621741886034	1.0	NonTarget	1	35368
138.28121738938182	1.0	NonTarget	1	35400
138.40621735990328	1.0	NonTarget	1	35432
138.53121733042477	1.0	NonTarget	1	35464
138.65621730094625	1.0	NonTarget	1	35496
138.7812172714677	1.0	NonTarget	1	35528
138.9062172419892	1.0	NonTarget	1	35560
139.03121721251065	1.0	NonTarget	1	35592
139.15621718303214	1.0	NonTarget	1	35624
139.28121715355363	1.0	NonTarget	1	35656
139.40621712407508	1.0	NonTarget	1	35688
139.53121709459657	1.0	NonTarget	1	35720
139.65621706511803	1.0	NonTarget	1	35752
139.78121703563951	1.0	NonTarget	1	35784
139.906217006161	1.0	NonTarget	1	35816
140.03121697668246	1.0	NonTarget	1	35848
140.15621694720394	1.0	NonTarget	1	35880
140.2812169177254	1.0	NonTarget	1	35912
140.4062168882469	1.0	NonTarget	1	35944
140.53121685876837	1.0	NonTarget	1	35976
140.65621682928983	1.0	NonTarget	1	36008
140.78121679981132	1.0	NonTarget	1	36040
140.9062167703328	1.0	NonTarget	1	36072
141.03121674085426	1.0	NonTarget	1	36104
141.15621671137575	1.0	NonTarget	1	36136
141.2812166818972	1.0	NonTarget	1	36168
141.4062166524187	1.0	NonTarget	1	36200
141.53121662294018	1.0	NonTarget	1	36232
141.65621659346164	1.0	NonTarget	1	36264
141.78121656398312	1.0	NonTarget	1	36296
141.90621653450458	1.0	NonTarget	1	36328
142.03121650502607	1.0	NonTarget	1	36360
142.15621647554755	1.0	NonTarget	1	36392
142.281216446069	1.0	NonTarget	1	36424
142.4062164165905	1.0	NonTarget	1	36456
142.53121638711195	1.0	NonTarget	1	36488
142.65621635763344	1.0	NonTarget	1	36520
142.78121632815493	1.0	NonTarget	1	36552
142.90621629867638	1.0	NonTarget	1	36584
143.03121626919787	1.0	NonTarget	1	36616
143.15621623971936	1.0	NonTarget	1	36648
143.2812162102408	1.0	NonTarget	1	36680
143.4062161807623	1.0	NonTarget	1	36712
143.53121615128376	1.0	NonTarget	1	36744
143.65621612180524	1.0	NonTarget	1	36776
143.78121609232673	1.0	NonTarget	1	36808
143.9062160628482	1.0	NonTarget	1	36840
144.03121603336967	1.0	NonTarget	1	36872
144.15621600389113	1.0	NonTarget	1	36904
144.28121597441262	1.0	NonTarget	1	36936
144.4062159449341	1.0	NonTarget	1	36968
144.53121591545556	1.0	NonTarget	1	37000
144.65621588597705	1.0	NonTarget	1	37032
144.7812158564985	1.0	NonTarget	1	37064
144.90621582702	1.0	NonTarget	1	37096
145.03121579754148	1.0	NonTarget	1	37128
145.15621576806294	1.0	NonTarget	1	37160
145.28121573858442	1.0	NonTarget	1	37192
145.4062157091059	1.0	NonTarget	1	37224
151.53121426465816	1.0	NonTarget	1	38792
151.65621423517965	1.0	NonTarget	1	38824
151.78121420570113	1.0	NonTarget	1	38856
151.9062141762226	1.0	NonTarget	1	38888
152.03121414674408	1.0	NonTarget	1	38920
152.15621411726556	1.0	NonTarget	1	38952
152.28121408778702	1.0	NonTarget	1	38984
152.4062140583085	1.0	NonTarget	1	39016
152.53121402882996	1.0	NonTarget	1	39048
152.65621399935145	1.0	NonTarget	1	39080
152.78121396987294	1.0	NonTarget	1	39112
152.9062139403944	1.0	NonTarget	1	39144
153.03121391091588	1.0	NonTarget	1	39176
153.15621388143734	1.0	NonTarget	1	39208
153.28121385195882	1.0	NonTarget	1	39240
153.4062138224803	1.0	NonTarget	1	39272
153.53121379300177	1.0	NonTarget	1	39304
153.65621376352325	1.0	NonTarget	1	39336
153.7812137340447	1.0	NonTarget	1	39368
153.9062137045662	1.0	NonTarget	1	39400
154.03121367508768	1.0	NonTarget	1	39432
154.15621364560914	1.0	NonTarget	1	39464
154.28121361613063	1.0	NonTarget	1	39496
154.40621358665211	1.0	NonTarget	1	39528
154.53121355717357	1.0	NonTarget	1	39560
154.65621352769506	1.0	NonTarget	1	39592
154.78121349821652	1.0	NonTarget	1	39624
154.906213468738	1.0	NonTarget	1	39656
155.0312134392595	1.0	NonTarget	1	39688
155.15621340978095	1.0	NonTarget	1	39720
155.28121338030243	1.0	NonTarget	1	39752
155.4062133508239	1.0	NonTarget	1	39784
155.53121332134538	1.0	NonTarget	1	39816
155.65621329186686	1.0	NonTarget	1	39848
155.78121326238832	1.0	NonTarget	1	39880
155.9062132329098	1.0	NonTarget	1	39912
156.03121320343126	1.0	NonTarget	1	39944
156.15621317395275	1.0	NonTarget	1	39976
156.28121314447424	1.0	NonTarget	1	40008
156.4062131149957	1.0	NonTarget	1	40040
156.53121308551718	1.0	NonTarget	1	40072
156.65621305603864	1.0	NonTarget	1	40104
156.78121302656012	1.0	NonTarget	1	40136
156.9062129970816	1.0	NonTarget	1	40168
157.03121296760307	1.0	NonTarget	1	40200
157.15621293812455	1.0	NonTarget	1	40232
157.28121290864604	1.0	NonTarget	1	40264
157.4062128791675	1.0	NonTarget	1	40296
157.53121284968898	1.0	NonTarget	1	40328
157.65621282021044	1.0	NonTarget	1	40360
157.78121279073193	1.0	NonTarget	1	40392
157.9062127612534	1.0	NonTarget	1	40424
158.03121273177487	1.0	NonTarget	1	40456
158.15621270229636	1.0	NonTarget	1	40488
158.28121267281782	1.0	NonTarget	1	40520
158.4062126433393	1.0	NonTarget	1	40552
158.5312126138608	1.0	NonTarget	1	40584
158.65621258438225	1.0	NonTarget	1	40616
158.78121255490373	1.0	NonTarget	1	40648
158.9062125254252	1.0	NonTarget	1	40680
159.03121249594668	1.0	NonTarget	1	40712
159.15621246646816	1.0	NonTarget	1	40744
159.28121243698962	1.0	NonTarget	1	40776
159.4062124075111	1.0	NonTarget	1	40808
159.5312123780326	1.0	NonTarget	1	40840
159.65621234855405	1.0	NonTarget	1	40872
159.78121231907554	1.0	NonTarget	1	40904
159.906212289597	1.0	NonTarget	1	40936
160.03121226011848	1.0	NonTarget	1	40968
160.15621223063997	1.0	NonTarget	1	41000
160.28121220116142	1.0	NonTarget	1	41032
160.4062121716829	1.0	NonTarget	1	41064
160.53121214220437	1.0	NonTarget	1	41096
160.65621211272585	1.0	NonTarget	1	41128
160.78121208324734	1.0	NonTarget	1	41160
160.9062120537688	1.0	NonTarget	1	41192
161.03121202429028	1.0	NonTarget	1	41224
161.15621199481174	1.0	NonTarget	1	41256
161.28121196533323	1.0	NonTarget	1	41288
161.4062119358547	1.0	NonTarget	1	41320
161.53121190637617	1.0	NonTarget	1	41352
161.65621187689766	1.0	NonTarget	1	41384
161.78121184741914	1.0	NonTarget	1	41416
161.9062118179406	1.0	NonTarget	1	41448
162.0312117884621	1.0	NonTarget	1	41480
162.15621175898355	1.0	NonTarget	1	41512
162.28121172950503	1.0	NonTarget	1	41544
162.40621170002652	1.0	NonTarget	1	41576
162.53121167054798	1.0	NonTarget	1	41608
162.65621164106946	1.0	NonTarget	1	41640
162.78121161159092	1.0	NonTarget	1	41672
162.9062115821124	1.0	NonTarget	1	41704
163.0312115526339	1.0	NonTarget	1	41736
163.15621152315535	1.0	NonTarget	1	41768
163.28121149367684	1.0	NonTarget	1	41800
163.4062114641983	1.0	NonTarget	1	41832
163.53121143471978	1.0	NonTarget	1	41864
163.65621140524127	1.0	NonTarget	1	41896
163.78121137576272	1.0	NonTarget	1	41928
163.9062113462842	1.0	NonTarget	1	41960
164.0312113168057	1.0	NonTarget	1	41992
164.15621128732715	1.0	NonTarget	1	42024
164.28121125784864	1.0	NonTarget	1	42056
164.4062112283701	1.0	NonTarget	1	42088
164.53121119889158	1.0	NonTarget	1	42120
164.65621116941307	1.0	NonTarget	1	42152
164.78121113993453	1.0	NonTarget	1	42184
164.906211110456	1.0	NonTarget	1	42216
165.03121108097747	1.0	NonTarget	1	42248
165.15621105149896	1.0	NonTarget	1	42280
165.28121102202044	1.0	NonTarget	1	42312
165.4062109925419	1.0	NonTarget	1	42344
165.5312109630634	1.0	NonTarget	1	42376
165.65621093358484	1.0	NonTarget	1	42408
165.78121090410633	1.0	NonTarget	1	42440
165.90621087462782	1.0	NonTarget	1	42472
166.03121084514927	1.0	NonTarget	1	42504
166.15621081567076	1.0	NonTarget	1	42536
166.28121078619225	1.0	NonTarget	1	42568
166.4062107567137	1.0	NonTarget	1	42600
172.531209312266	1.0	NonTarget	1	44168
172.65620928278747	1.0	NonTarget	1	44200
172.78120925330893	1.0	NonTarget	1	44232
172.90620922383042	1.0	NonTarget	1	44264
173.0312091943519	1.0	NonTarget	1	44296
173.15620916487336	1.0	NonTarget	1	44328
173.28120913539485	1.0	NonTarget	1	44360
173.4062091059163	1.0	NonTarget	1	44392
173.5312090764378	1.0	NonTarget	1	44424
173.65620904695928	1.0	NonTarget	1	44456
173.78120901748073	1.0	NonTarget	1	44488
173.90620898800222	1.0	NonTarget	1	44520
174.03120895852368	1.0	NonTarget	1	44552
174.15620892904516	1.0	NonTarget	1	44584
174.28120889956665	1.0	NonTarget	1	44616
174.4062088700881	1.0	NonTarget	1	44648
174.5312088406096	1.0	NonTarget	1	44680
174.65620881113105	1.0	NonTarget	1	44712
174.78120878165254	1.0	NonTarget	1	44744
174.90620875217402	1.0	NonTarget	1	44776
175.03120872269548	1.0	NonTarget	1	44808
175.15620869321697	1.0	NonTarget	1	44840
175.28120866373845	1.0	NonTarget	1	44872
175.4062086342599	1.0	NonTarget	1	44904
175.5312086047814	1.0	NonTarget	1	44936
175.65620857530286	1.0	NonTarget	1	44968
175.78120854582434	1.0	NonTarget	1	45000
175.90620851634583	1.0	NonTarget	1	45032
176.03120848686729	1.0	NonTarget	1	45064
176.15620845738877	1.0	NonTarget	1	45096
176.28120842791023	1.0	NonTarget	1	45128
176.40620839843172	1.0	NonTarget	1	45160
176.5312083689532	1.0	NonTarget	1	45192
176.65620833947466	1.0	NonTarget	1	45224
176.78120830999615	1.0	NonTarget	1	45256
176.9062082805176	1.0	NonTarget	1	45288
177.0312082510391	1.0	NonTarget	1	45320
177.15620822156058	1.0	NonTarget	1	45352
177.28120819208203	1.0	NonTarget	1	45384
177.40620816260352	1.0	NonTarget	1	45416
177.531208133125	1.0	NonTarget	1	45448
177.65620810364646	1.0	NonTarget	1	45480
177.78120807416795	1.0	NonTarget	1	45512
177.9062080446894	1.0	NonTarget	1	45544
178.0312080152109	1.0	NonTarget	1	45576
178.15620798573238	1.0	NonTarget	1	45608
178.28120795625384	1.0	NonTarget	1	45640
178.40620792677532	1.0	NonTarget	1	45672
178.53120789729678	1.0	NonTarget	1	45704
178.65620786781827	1.0	NonTarget	1	45736
178.78120783833975	1.0	NonTarget	1	45768
178.9062078088612	1.0	NonTarget	1	45800
179.0312077793827	1.0	NonTarget	1	45832
179.15620774990415	1.0	NonTarget	1	45864
179.28120772042564	1.0	NonTarget	1	45896
179.40620769094713	1.0	NonTarget	1	45928
179.53120766146859	1.0	NonTarget	1	45960
179.65620763199007	1.0	NonTarget	1	45992
179.78120760251153	1.0	NonTarget	1	46024
179.90620757303302	1.0	NonTarget	1	46056
180.0312075435545	1.0	NonTarget	1	46088
180.15620751407596	1.0	NonTarget	1	46120
180.28120748459745	1.0	NonTarget	1	46152
180.40620745511893	1.0	NonTarget	1	46184
180.5312074256404	1.0	NonTarget	1	46216
180.65620739616188	1.0	NonTarget	1	46248
180.78120736668333	1.0	NonTarget	1	46280
180.90620733720482	1.0	NonTarget	1	46312
181.0312073077263	1.0	NonTarget	1	46344
181.15620727824776	1.0	NonTarget	1	46376
181.28120724876925	1.0	NonTarget	1	46408
181.4062072192907	1.0	NonTarget	1	46440
181.5312071898122	1.0	NonTarget	1	46472
181.65620716033368	1.0	NonTarget	1	46504
181.78120713085514	1.0	NonTarget	1	46536
181.90620710137662	1.0	NonTarget	1	46568
182.03120707189808	1.0	NonTarget	1	46600
182.15620704241957	1.0	NonTarget	1	46632
182.28120701294105	1.0	NonTarget	1	46664
182.4062069834625	1.0	NonTarget	1	46696
182.531206953984	1.0	NonTarget	1	46728
182.65620692450548	1.0	NonTarget	1	46760
182.78120689502694	1.0	NonTarget	1	46792
182.90620686554843	1.0	NonTarget	1	46824
183.03120683606988	1.0	NonTarget	1	46856
183.15620680659137	1.0	NonTarget	1	46888
183.28120677711286	1.0	NonTarget	1	46920
183.40620674763431	1.0	NonTarget	1	46952
183.5312067181558	1.0	NonTarget	1	46984
183.65620668867726	1.0	NonTarget	1	47016
183.78120665919874	1.0	NonTarget	1	47048
183.90620662972023	1.0	NonTarget	1	47080
184.0312066002417	1.0	NonTarget	1	47112
184.15620657076317	1.0	NonTarget	1	47144
184.28120654128463	1.0	NonTarget	1	47176
184.40620651180612	1.0	NonTarget	1	47208
184.5312064823276	1.0	NonTarget	1	47240
184.65620645284906	1.0	NonTarget	1	47272
184.78120642337055	1.0	NonTarget	1	47304
184.90620639389203	1.0	NonTarget	1	47336
185.0312063644135	1.0	NonTarget	1	47368
185.15620633493498	1.0	NonTarget	1	47400
185.28120630545644	1.0	NonTarget	1	47432
185.40620627597792	1.0	NonTarget	1	47464
185.5312062464994	1.0	NonTarget	1	47496
185.65620621702087	1.0	NonTarget	1	47528
185.78120618754235	1.0	NonTarget	1	47560
185.9062061580638	1.0	NonTarget	1	47592
186.0312061285853	1.0	NonTarget	1	47624
186.15620609910678	1.0	NonTarget	1	47656
186.28120606962824	1.0	NonTarget	1	47688
186.40620604014973	1.0	NonTarget	1	47720
186.53120601067118	1.0	NonTarget	1	47752
186.65620598119267	1.0	NonTarget	1	47784
186.78120595171416	1.0	NonTarget	1	47816
186.9062059222356	1.0	NonTarget	1	47848
187.0312058927571	1.0	NonTarget	1	47880
187.1562058632786	1.0	NonTarget	1	47912
187.28120583380004	1.0	NonTarget	1	47944
187.40620580432153	1.0	NonTarget	1	47976
193.5312043598738	1.0	NonTarget	1	49544
193.65620433039527	1.0	NonTarget	1	49576
193.78120430091676	1.0	NonTarget	1	49608
193.90620427143824	1.0	NonTarget	1	49640
194.0312042419597	1.0	NonTarget	1	49672
194.15620421248119	1.0	NonTarget	1	49704
194.28120418300264	1.0	NonTarget	1	49736
194.40620415352413	1.0	NonTarget	1	49768
194.53120412404562	1.0	NonTarget	1	49800
194.65620409456707	1.0	NonTarget	1	49832
194.78120406508856	1.0	NonTarget	1	49864
194.90620403561002	1.0	NonTarget	1	49896
195.0312040061315	1.0	NonTarget	1	49928
195.156203976653	1.0	NonTarget	1	49960
195.28120394717445	1.0	NonTarget	1	49992
195.40620391769593	1.0	NonTarget	1	50024
195.5312038882174	1.0	NonTarget	1	50056
195.65620385873888	1.0	NonTarget	1	50088
195.78120382926036	1.0	NonTarget	1	50120
195.90620379978182	1.0	NonTarget	1	50152
196.0312037703033	1.0	NonTarget	1	50184
196.1562037408248	1.0	NonTarget	1	50216
196.28120371134625	1.0	NonTarget	1	50248
196.40620368186774	1.0	NonTarget	1	50280
196.5312036523892	1.0	NonTarget	1	50312
196.65620362291068	1.0	NonTarget	1	50344
196.78120359343217	1.0	NonTarget	1	50376
196.90620356395362	1.0	NonTarget	1	50408
197.0312035344751	1.0	NonTarget	1	50440
197.15620350499657	1.0	NonTarget	1	50472
197.28120347551805	1.0	NonTarget	1	50504
197.40620344603954	1.0	NonTarget	1	50536
197.531203416561	1.0	NonTarget	1	50568
197.65620338708248	1.0	NonTarget	1	50600
197.78120335760394	1.0	NonTarget	1	50632
197.90620332812543	1.0	NonTarget	1	50664
198.03120329864691	1.0	NonTarget	1	50696
198.15620326916837	1.0	NonTarget	1	50728
198.28120323968986	1.0	NonTarget	1	50760
198.40620321021134	1.0	NonTarget	1	50792
198.5312031807328	1.0	NonTarget	1	50824
198.6562031512543	1.0	NonTarget	1	50856
198.78120312177575	1.0	NonTarget	1	50888
198.90620309229723	1.0	NonTarget	1	50920
199.03120306281872	1.0	NonTarget	1	50952
199.15620303334018	1.0	NonTarget	1	50984
199.28120300386166	1.0	NonTarget	1	51016
199.40620297438312	1.0	NonTarget	1	51048
199.5312029449046	1.0	NonTarget	1	51080
199.6562029154261	1.0	NonTarget	1	51112
199.78120288594755	1.0	NonTarget	1	51144
199.90620285646904	1.0	NonTarget	1	51176
200.0312028269905	1.0	NonTarget	1	51208
200.15620279751198	1.0	NonTarget	1	51240
200.28120276803347	1.0	NonTarget	1	51272
200.40620273855492	1.0	NonTarget	1	51304
200.5312027090764	1.0	NonTarget	1	51336
200.65620267959787	1.0	NonTarget	1	51368
200.78120265011935	1.0	NonTarget	1	51400
200.90620262064084	1.0	NonTarget	1	51432
201.0312025911623	1.0	NonTarget	1	51464
201.15620256168378	1.0	NonTarget	1	51496
201.28120253220527	1.0	NonTarget	1	51528
201.40620250272673	1.0	NonTarget	1	51560
201.53120247324821	1.0	NonTarget	1	51592
201.65620244376967	1.0	NonTarget	1	51624
201.78120241429116	1.0	NonTarget	1	51656
201.90620238481264	1.0	NonTarget	1	51688
202.0312023553341	1.0	NonTarget	1	51720
202.1562023258556	1.0	NonTarget	1	51752
202.28120229637705	1.0	NonTarget	1	51784
202.40620226689853	1.0	NonTarget	1	51816
202.53120223742002	1.0	NonTarget	1	51848
202.65620220794148	1.0	NonTarget	1	51880
202.78120217846296	1.0	NonTarget	1	51912
202.90620214898442	1.0	NonTarget	1	51944
203.0312021195059	1.0	NonTarget	1	51976
203.1562020900274	1.0	NonTarget	1	52008
203.28120206054885	1.0	NonTarget	1	52040
203.40620203107034	1.0	NonTarget	1	52072
203.53120200159182	1.0	NonTarget	1	52104
203.65620197211328	1.0	NonTarget	1	52136
203.78120194263477	1.0	NonTarget	1	52168
203.90620191315622	1.0	NonTarget	1	52200
204.0312018836777	1.0	NonTarget	1	52232
204.1562018541992	1.0	NonTarget	1	52264
204.28120182472065	1.0	NonTarget	1	52296
204.40620179524214	1.0	NonTarget	1	52328
204.5312017657636	1.0	NonTarget	1	52360
204.65620173628508	1.0	NonTarget	1	52392
204.78120170680657	1.0	NonTarget	1	52424
204.90620167732803	1.0	NonTarget	1	52456
205.0312016478495	1.0	NonTarget	1	52488
205.15620161837097	1.0	NonTarget	1	52520
205.28120158889246	1.0	NonTarget	1	52552
205.40620155941394	1.0	NonTarget	1	52584
205.5312015299354	1.0	NonTarget	1	52616
205.6562015004569	1.0	NonTarget	1	52648
205.78120147097837	1.0	NonTarget	1	52680
205.90620144149983	1.0	NonTarget	1	52712
206.03120141202132	1.0	NonTarget	1	52744
206.15620138254278	1.0	NonTarget	1	52776
206.28120135306426	1.0	NonTarget	1	52808
206.40620132358575	1.0	NonTarget	1	52840
206.5312012941072	1.0	NonTarget	1	52872
206.6562012646287	1.0	NonTarget	1	52904
206.78120123515015	1.0	NonTarget	1	52936
206.90620120567164	1.0	NonTarget	1	52968
207.03120117619312	1.0	NonTarget	1	53000
207.15620114671458	1.0	NonTarget	1	53032
207.28120111723607	1.0	NonTarget	1	53064
207.40620108775752	1.0	NonTarget	1	53096
207.531201058279	1.0	NonTarget	1	53128
207.6562010288005	1.0	NonTarget	1	53160
207.78120099932195	1.0	NonTarget	1	53192
207.90620096984344	1.0	NonTarget	1	53224
208.03120094036493	1.0	NonTarget	1	53256
208.15620091088638	1.0	NonTarget	1	53288
208.28120088140787	1.0	NonTarget	1	53320
208.40620085192933	1.0	NonTarget	1	53352
214.5311994074816	1.0	NonTarget	1	54920
214.6561993780031	1.0	NonTarget	1	54952
214.78119934852458	1.0	NonTarget	1	54984
214.90619931904604	1.0	NonTarget	1	55016
215.03119928956752	1.0	NonTarget	1	55048
215.15619926008898	1.0	NonTarget	1	55080
215.28119923061047	1.0	NonTarget	1	55112
215.40619920113195	1.0	NonTarget	1	55144
215.5311991716534	1.0	NonTarget	1	55176
215.6561991421749	1.0	NonTarget	1	55208
215.78119911269636	1.0	NonTarget	1	55240
215.90619908321784	1.0	NonTarget	1	55272
216.03119905373933	1.0	NonTarget	1	55304
216.1561990242608	1.0	NonTarget	1	55336
216.28119899478227	1.0	NonTarget	1	55368
216.40619896530373	1.0	NonTarget	1	55400
216.53119893582522	1.0	NonTarget	1	55432
216.6561989063467	1.0	NonTarget	1	55464
216.78119887686816	1.0	NonTarget	1	55496
216.90619884738965	1.0	NonTarget	1	55528
217.03119881791113	1.0	NonTarget	1	55560
217.1561987884326	1.0	NonTarget	1	55592
217.28119875895408	1.0	NonTarget	1	55624
217.40619872947553	1.0	NonTarget	1	55656
217.53119869999702	1.0	NonTarget	1	55688
217.6561986705185	1.0	NonTarget	1	55720
217.78119864103996	1.0	NonTarget	1	55752
217.90619861156145	1.0	NonTarget	1	55784
218.0311985820829	1.0	NonTarget	1	55816
218.1561985526044	1.0	NonTarget	1	55848
218.28119852312588	1.0	NonTarget	1	55880
218.40619849364734	1.0	NonTarget	1	55912
218.53119846416882	1.0	NonTarget	1	55944
218.65619843469028	1.0	NonTarget	1	55976
218.78119840521177	1.0	NonTarget	1	56008
218.90619837573325	1.0	NonTarget	1	56040
219.0311983462547	1.0	NonTarget	1	56072
219.1561983167762	1.0	NonTarget	1	56104
219.28119828729768	1.0	NonTarget	1	56136
219.40619825781914	1.0	NonTarget	1	56168
219.53119822834063	1.0	NonTarget	1	56200
219.65619819886209	1.0	NonTarget	1	56232
219.78119816938357	1.0	NonTarget	1	56264
219.90619813990506	1.0	NonTarget	1	56296
220.03119811042652	1.0	NonTarget	1	56328
220.156198080948	1.0	NonTarget	1	56360
220.28119805146946	1.0	NonTarget	1	56392
220.40619802199095	1.0	NonTarget	1	56424
220.53119799251243	1.0	NonTarget	1	56456
220.6561979630339	1.0	NonTarget	1	56488
220.78119793355538	1.0	NonTarget	1	56520
220.90619790407683	1.0	NonTarget	1	56552
221.03119787459832	1.0	NonTarget	1	56584
221.1561978451198	1.0	NonTarget	1	56616
221.28119781564126	1.0	NonTarget	1	56648
221.40619778616275	1.0	NonTarget	1	56680
221.53119775668424	1.0	NonTarget	1	56712
221.6561977272057	1.0	NonTarget	1	56744
221.78119769772718	1.0	NonTarget	1	56776
221.90619766824864	1.0	NonTarget	1	56808
222.03119763877012	1.0	NonTarget	1	56840
222.1561976092916	1.0	NonTarget	1	56872
222.28119757981307	1.0	NonTarget	1	56904
222.40619755033455	1.0	NonTarget	1	56936
222.531197520856	1.0	NonTarget	1	56968
222.6561974913775	1.0	NonTarget	1	57000
222.78119746189898	1.0	NonTarget	1	57032
222.90619743242044	1.0	NonTarget	1	57064
223.03119740294193	1.0	NonTarget	1	57096
223.15619737346339	1.0	NonTarget	1	57128
223.28119734398487	1.0	NonTarget	1	57160
223.40619731450636	1.0	NonTarget	1	57192
223.53119728502782	1.0	NonTarget	1	57224
223.6561972555493	1.0	NonTarget	1	57256
223.78119722607076	1.0	NonTarget	1	57288
223.90619719659225	1.0	NonTarget	1	57320
224.03119716711373	1.0	NonTarget	1	57352
224.1561971376352	1.0	NonTarget	1	57384
224.28119710815668	1.0	NonTarget	1	57416
224.40619707867816	1.0	NonTarget	1	57448
224.53119704919962	1.0	NonTarget	1	57480
224.6561970197211	1.0	NonTarget	1	57512
224.78119699024256	1.0	NonTarget	1	57544
224.90619696076405	1.0	NonTarget	1	57576
225.03119693128554	1.0	NonTarget	1	57608
225.156196901807	1.0	NonTarget	1	57640
225.28119687232848	1.0	NonTarget	1	57672
225.40619684284994	1.0	NonTarget	1	57704
225.53119681337142	1.0	NonTarget	1	57736
225.6561967838929	1.0	NonTarget	1	57768
225.78119675441437	1.0	NonTarget	1	57800
225.90619672493585	1.0	NonTarget	1	57832
226.0311966954573	1.0	NonTarget	1	57864
226.1561966659788	1.0	NonTarget	1	57896
226.28119663650028	1.0	NonTarget	1	57928
226.40619660702174	1.0	NonTarget	1	57960
226.53119657754323	1.0	NonTarget	1	57992
226.6561965480647	1.0	NonTarget	1	58024
226.78119651858617	1.0	NonTarget	1	58056
226.90619648910766	1.0	NonTarget	1	58088
227.03119645962911	1.0	NonTarget	1	58120
227.1561964301506	1.0	NonTarget	1	58152
227.2811964006721	1.0	NonTarget	1	58184
227.40619637119354	1.0	NonTarget	1	58216
227.53119634171503	1.0	NonTarget	1	58248
227.6561963122365	1.0	NonTarget	1	58280
227.78119628275797	1.0	NonTarget	1	58312
227.90619625327946	1.0	NonTarget	1	58344
228.03119622380092	1.0	NonTarget	1	58376
228.1561961943224	1.0	NonTarget	1	58408
228.28119616484386	1.0	NonTarget	1	58440
228.40619613536535	1.0	NonTarget	1	58472
228.53119610588683	1.0	NonTarget	1	58504
228.6561960764083	1.0	NonTarget	1	58536
228.78119604692978	1.0	NonTarget	1	58568
228.90619601745126	1.0	NonTarget	1	58600
229.03119598797272	1.0	NonTarget	1	58632
229.1561959584942	1.0	NonTarget	1	58664
229.28119592901567	1.0	NonTarget	1	58696
229.40619589953715	1.0	NonTarget	1	58728
235.53119445508943	1.0	NonTarget	1	60296
235.65619442561092	1.0	NonTarget	1	60328
235.78119439613238	1.0	NonTarget	1	60360
235.90619436665386	1.0	NonTarget	1	60392
236.03119433717532	1.0	NonTarget	1	60424
236.1561943076968	1.0	NonTarget	1	60456
236.2811942782183	1.0	NonTarget	1	60488
236.40619424873975	1.0	NonTarget	1	60520
236.53119421926124	1.0	NonTarget	1	60552
236.6561941897827	1.0	NonTarget	1	60584
236.78119416030418	1.0	NonTarget	1	60616
236.90619413082567	1.0	NonTarget	1	60648
237.03119410134713	1.0	NonTarget	1	60680
237.1561940718686	1.0	NonTarget	1	60712
237.28119404239007	1.0	NonTarget	1	60744
237.40619401291156	1.0	NonTarget	1	60776
237.53119398343304	1.0	NonTarget	1	60808
237.6561939539545	1.0	NonTarget	1	60840
237.78119392447599	1.0	NonTarget	1	60872
237.90619389499747	1.0	NonTarget	1	60904
238.03119386551893	1.0	NonTarget	1	60936
238.15619383604042	1.0	NonTarget	1	60968
238.28119380656187	1.0	NonTarget	1	61000
238.40619377708336	1.0	NonTarget	1	61032
238.53119374760485	1.0	NonTarget	1	61064
238.6561937181263	1.0	NonTarget	1	61096
238.7811936886478	1.0	NonTarget	1	61128
238.90619365916925	1.0	NonTarget	1	61160
239.03119362969073	1.0	NonTarget	1	61192
239.15619360021222	1.0	NonTarget	1	61224
239.28119357073368	1.0	NonTarget	1	61256
239.40619354125516	1.0	NonTarget	1	61288
239.53119351177662	1.0	NonTarget	1	61320
239.6561934822981	1.0	NonTarget	1	61352
239.7811934528196	1.0	NonTarget	1	61384
239.90619342334105	1.0	NonTarget	1	61416
240.03119339386254	1.0	NonTarget	1	61448
240.15619336438402	1.0	NonTarget	1	61480
240.28119333490548	1.0	NonTarget	1	61512
240.40619330542697	1.0	NonTarget	1	61544
240.53119327594843	1.0	NonTarget	1	61576
240.6561932464699	1.0	NonTarget	1	61608
240.7811932169914	1.0	NonTarget	1	61640
240.90619318751286	1.0	NonTarget	1	61672
241.03119315803434	1.0	NonTarget	1	61704
241.1561931285558	1.0	NonTarget	1	61736
241.28119309907729	1.0	NonTarget	1	61768
241.40619306959877	1.0	NonTarget	1	61800
241.53119304012023	1.0	NonTarget	1	61832
241.65619301064172	1.0	NonTarget	1	61864
241.78119298116317	1.0	NonTarget	1	61896
241.90619295168466	1.0	NonTarget	1	61928
242.03119292220615	1.0	NonTarget	1	61960
242.1561928927276	1.0	NonTarget	1	61992
242.2811928632491	1.0	NonTarget	1	62024
242.40619283377058	1.0	NonTarget	1	62056
242.53119280429203	1.0	NonTarget	1	62088
242.65619277481352	1.0	NonTarget	1	62120
242.78119274533498	1.0	NonTarget	1	62152
242.90619271585646	1.0	NonTarget	1	62184
243.03119268637795	1.0	NonTarget	1	62216
243.1561926568994	1.0	NonTarget	1	62248
243.2811926274209	1.0	NonTarget	1	62280
243.40619259794235	1.0	NonTarget	1	62312
243.53119256846384	1.0	NonTarget	1	62344
243.65619253898532	1.0	NonTarget	1	62376
243.78119250950678	1.0	NonTarget	1	62408
243.90619248002827	1.0	NonTarget	1	62440
244.03119245054972	1.0	NonTarget	1	62472
244.1561924210712	1.0	NonTarget	1	62504
244.2811923915927	1.0	NonTarget	1	62536
244.40619236211415	1.0	NonTarget	1	62568
244.53119233263564	1.0	NonTarget	1	62600
244.65619230315713	1.0	NonTarget	1	62632
244.78119227367858	1.0	NonTarget	1	62664
244.90619224420007	1.0	NonTarget	1	62696
245.03119221472153	1.0	NonTarget	1	62728
245.15619218524301	1.0	NonTarget	1	62760
245.2811921557645	1.0	NonTarget	1	62792
245.40619212628596	1.0	NonTarget	1	62824
245.53119209680744	1.0	NonTarget	1	62856
245.6561920673289	1.0	NonTarget	1	62888
245.7811920378504	1.0	NonTarget	1	62920
245.90619200837187	1.0	NonTarget	1	62952
246.03119197889333	1.0	NonTarget	1	62984
246.15619194941482	1.0	NonTarget	1	63016
246.28119191993628	1.0	NonTarget	1	63048
246.40619189045776	1.0	NonTarget	1	63080
246.53119186097925	1.0	NonTarget	1	63112
246.6561918315007	1.0	NonTarget	1	63144
246.7811918020222	1.0	NonTarget	1	63176
246.90619177254365	1.0	NonTarget	1	63208
247.03119174306514	1.0	NonTarget	1	63240
247.15619171358662	1.0	NonTarget	1	63272
247.28119168410808	1.0	NonTarget	1	63304
247.40619165462957	1.0	NonTarget	1	63336
247.53119162515105	1.0	NonTarget	1	63368
247.6561915956725	1.0	NonTarget	1	63400
247.781191566194	1.0	NonTarget	1	63432
247.90619153671545	1.0	NonTarget	1	63464
248.03119150723694	1.0	NonTarget	1	63496
248.15619147775843	1.0	NonTarget	1	63528
248.28119144827988	1.0	NonTarget	1	63560
248.40619141880137	1.0	NonTarget	1	63592
248.53119138932283	1.0	NonTarget	1	63624
248.6561913598443	1.0	NonTarget	1	63656
248.7811913303658	1.0	NonTarget	1	63688
248.90619130088726	1.0	NonTarget	1	63720
249.03119127140874	1.0	NonTarget	1	63752
249.1561912419302	1.0	NonTarget	1	63784
249.2811912124517	1.0	NonTarget	1	63816
249.40619118297317	1.0	NonTarget	1	63848
249.53119115349463	1.0	NonTarget	1	63880
249.65619112401612	1.0	NonTarget	1	63912
249.7811910945376	1.0	NonTarget	1	63944
249.90619106505906	1.0	NonTarget	1	63976
250.03119103558055	1.0	NonTarget	1	64008
250.156191006102	1.0	NonTarget	1	64040
250.2811909766235	1.0	NonTarget	1	64072
250.40619094714498	1.0	NonTarget	1	64104
256.53118950269726	1.0	NonTarget	1	65672
256.6561894732187	1.0	NonTarget	1	65704
256.7811894437402	1.0	NonTarget	1	65736
256.9061894142617	1.0	NonTarget	1	65768
257.03118938478315	1.0	NonTarget	1	65800
257.1561893553046	1.0	NonTarget	1	65832
257.2811893258261	1.0	NonTarget	1	65864
257.4061892963476	1.0	NonTarget	1	65896
257.53118926686903	1.0	NonTarget	1	65928
257.65618923739055	1.0	NonTarget	1	65960
257.781189207912	1.0	NonTarget	1	65992
257.90618917843346	1.0	NonTarget	1	66024
258.0311891489549	1.0	NonTarget	1	66056
258.15618911947644	1.0	NonTarget	1	66088
258.2811890899979	1.0	NonTarget	1	66120
258.40618906051935	1.0	NonTarget	1	66152
258.53118903104087	1.0	NonTarget	1	66184
258.6561890015623	1.0	NonTarget	1	66216
258.7811889720838	1.0	NonTarget	1	66248
258.9061889426053	1.0	NonTarget	1	66280
259.03118891312675	1.0	NonTarget	1	66312
259.1561888836482	1.0	NonTarget	1	66344
259.28118885416967	1.0	NonTarget	1	66376
259.4061888246912	1.0	NonTarget	1	66408
259.53118879521264	1.0	NonTarget	1	66440
259.6561887657341	1.0	NonTarget	1	66472
259.7811887362556	1.0	NonTarget	1	66504
259.9061887067771	1.0	NonTarget	1	66536
260.03118867729853	1.0	NonTarget	1	66568
260.15618864782004	1.0	NonTarget	1	66600
260.2811886183415	1.0	NonTarget	1	66632
260.40618858886296	1.0	NonTarget	1	66664
260.5311885593845	1.0	NonTarget	1	66696
260.65618852990593	1.0	NonTarget	1	66728
260.7811885004274	1.0	NonTarget	1	66760
260.90618847094885	1.0	NonTarget	1	66792
261.03118844147036	1.0	NonTarget	1	66824
261.1561884119918	1.0	NonTarget	1	66856
261.2811883825133	1.0	NonTarget	1	66888
261.4061883530348	1.0	NonTarget	1	66920
261.53118832355625	1.0	NonTarget	1	66952
261.6561882940777	1.0	NonTarget	1	66984
261.7811882645992	1.0	NonTarget	1	67016
261.9061882351207	1.0	NonTarget	1	67048
262.03118820564214	1.0	NonTarget	1	67080
262.15618817616365	1.0	NonTarget	1	67112
262.2811881466851	1.0	NonTarget	1	67144
262.40618811720657	1.0	NonTarget	1	67176
262.531188087728	1.0	NonTarget	1	67208
262.65618805824954	1.0	NonTarget	1	67240
262.781188028771	1.0	NonTarget	1	67272
262.90618799929246	1.0	NonTarget	1	67304
263.03118796981397	1.0	NonTarget	1	67336
263.1561879403354	1.0	NonTarget	1	67368
263.2811879108569	1.0	NonTarget	1	67400
263.4061878813784	1.0	NonTarget	1	67432
263.53118785189986	1.0	NonTarget	1	67464
263.6561878224213	1.0	NonTarget	1	67496
263.7811877929428	1.0	NonTarget	1	67528
263.9061877634643	1.0	NonTarget	1	67560
264.03118773398575	1.0	NonTarget	1	67592
264.1561877045072	1.0	NonTarget	1	67624
264.2811876750287	1.0	NonTarget	1	67656
264.4061876455502	1.0	NonTarget	1	67688
264.53118761607163	1.0	NonTarget	1	67720
264.65618758659315	1.0	NonTarget	1	67752
264.7811875571146	1.0	NonTarget	1	67784
264.90618752763606	1.0	NonTarget	1	67816
265.0311874981576	1.0	NonTarget	1	67848
265.15618746867904	1.0	NonTarget	1	67880
265.2811874392005	1.0	NonTarget	1	67912
265.40618740972195	1.0	NonTarget	1	67944
265.53118738024347	1.0	NonTarget	1	67976
265.6561873507649	1.0	NonTarget	1	68008
265.7811873212864	1.0	NonTarget	1	68040
265.9061872918079	1.0	NonTarget	1	68072
266.03118726232935	1.0	NonTarget	1	68104
266.1561872328508	1.0	NonTarget	1	68136
266.2811872033723	1.0	NonTarget	1	68168
266.4061871738938	1.0	NonTarget	1	68200
266.53118714441524	1.0	NonTarget	1	68232
266.65618711493676	1.0	NonTarget	1	68264
266.7811870854582	1.0	NonTarget	1	68296
266.9061870559797	1.0	NonTarget	1	68328
267.03118702650113	1.0	NonTarget	1	68360
267.15618699702264	1.0	NonTarget	1	68392
267.2811869675441	1.0	NonTarget	1	68424
267.40618693806556	1.0	NonTarget	1	68456
267.5311869085871	1.0	NonTarget	1	68488
267.65618687910853	1.0	NonTarget	1	68520
267.78118684963	1.0	NonTarget	1	68552
267.9061868201515	1.0	NonTarget	1	68584
268.03118679067296	1.0	NonTarget	1	68616
268.1561867611944	1.0	NonTarget	1	68648
268.2811867317159	1.0	NonTarget	1	68680
268.4061867022374	1.0	NonTarget	1	68712
268.53118667275885	1.0	NonTarget	1	68744
268.6561866432803	1.0	NonTarget	1	68776
268.7811866138018	1.0	NonTarget	1	68808
268.9061865843233	1.0	NonTarget	1	68840
269.03118655484474	1.0	NonTarget	1	68872
269.15618652536625	1.0	NonTarget	1	68904
269.2811864958877	1.0	NonTarget	1	68936
269.40618646640917	1.0	NonTarget	1	68968
269.5311864369307	1.0	NonTarget	1	69000
269.65618640745214	1.0	NonTarget	1	69032
269.7811863779736	1.0	NonTarget	1	69064
269.90618634849505	1.0	NonTarget	1	69096
270.03118631901657	1.0	NonTarget	1	69128
270.156186289538	1.0	NonTarget	1	69160
270.2811862600595	1.0	NonTarget	1	69192
270.406186230581	1.0	NonTarget	1	69224
270.53118620110246	1.0	NonTarget	1	69256
270.6561861716239	1.0	NonTarget	1	69288
270.78118614214543	1.0	NonTarget	1	69320
270.9061861126669	1.0	NonTarget	1	69352
271.03118608318835	1.0	NonTarget	1	69384
271.1561860537098	1.0	NonTarget	1	69416
271.2811860242313	1.0	NonTarget	1	69448
271.4061859947528	1.0	NonTarget	1	69480
277.53118455030506	1.0	NonTarget	1	71048
277.6561845208265	1.0	NonTarget	1	71080
277.78118449134803	1.0	NonTarget	1	71112
277.9061844618695	1.0	NonTarget	1	71144
278.03118443239094	1.0	NonTarget	1	71176
278.15618440291246	1.0	NonTarget	1	71208
278.2811843734339	1.0	NonTarget	1	71240
278.4061843439554	1.0	NonTarget	1	71272
278.5311843144769	1.0	NonTarget	1	71304
278.65618428499835	1.0	NonTarget	1	71336
278.7811842555198	1.0	NonTarget	1	71368
278.90618422604126	1.0	NonTarget	1	71400
279.0311841965628	1.0	NonTarget	1	71432
279.15618416708423	1.0	NonTarget	1	71464
279.2811841376057	1.0	NonTarget	1	71496
279.4061841081272	1.0	NonTarget	1	71528
279.53118407864866	1.0	NonTarget	1	71560
279.6561840491701	1.0	NonTarget	1	71592
279.78118401969164	1.0	NonTarget	1	71624
279.9061839902131	1.0	NonTarget	1	71656
280.03118396073455	1.0	NonTarget	1	71688
280.156183931256	1.0	NonTarget	1	71720
280.2811839017775	1.0	NonTarget	1	71752
280.406183872299	1.0	NonTarget	1	71784
280.53118384282044	1.0	NonTarget	1	71816
280.65618381334195	1.0	NonTarget	1	71848
280.7811837838634	1.0	NonTarget	1	71880
280.90618375438487	1.0	NonTarget	1	71912
281.0311837249064	1.0	NonTarget	1	71944
281.15618369542784	1.0	NonTarget	1	71976
281.2811836659493	1.0	NonTarget	1	72008
281.4061836364708	1.0	NonTarget	1	72040
281.5311836069923	1.0	NonTarget	1	72072
281.65618357751373	1.0	NonTarget	1	72104
281.7811835480352	1.0	NonTarget	1	72136
281.9061835185567	1.0	NonTarget	1	72168
282.03118348907816	1.0	NonTarget	1	72200
282.1561834595996	1.0	NonTarget	1	72232
282.28118343012113	1.0	NonTarget	1	72264
282.4061834006426	1.0	NonTarget	1	72296
282.53118337116405	1.0	NonTarget	1	72328
282.65618334168556	1.0	NonTarget	1	72360
282.781183312207	1.0	NonTarget	1	72392
282.9061832827285	1.0	NonTarget	1	72424
283.03118325325	1.0	NonTarget	1	72456
283.15618322377145	1.0	NonTarget	1	72488
283.2811831942929	1.0	NonTarget	1	72520
283.40618316481437	1.0	NonTarget	1	72552
283.5311831353359	1.0	NonTarget	1	72584
283.65618310585734	1.0	NonTarget	1	72616
283.7811830763788	1.0	NonTarget	1	72648
283.9061830469003	1.0	NonTarget	1	72680
284.03118301742177	1.0	NonTarget	1	72712
284.1561829879432	1.0	NonTarget	1	72744
284.28118295846474	1.0	NonTarget	1	72776
284.4061829289862	1.0	NonTarget	1	72808
284.53118289950766	1.0	NonTarget	1	72840
284.6561828700291	1.0	NonTarget	1	72872
284.7811828405506	1.0	NonTarget	1	72904
284.9061828110721	1.0	NonTarget	1	72936
285.03118278159354	1.0	NonTarget	1	72968
285.15618275211506	1.0	NonTarget	1	73000
285.2811827226365	1.0	NonTarget	1	73032
285.406182693158	1.0	NonTarget	1	73064
285.5311826636795	1.0	NonTarget	1	73096
285.65618263420095	1.0	NonTarget	1	73128
285.7811826047224	1.0	NonTarget	1	73160
285.9061825752439	1.0	NonTarget	1	73192
286.0311825457654	1.0	NonTarget	1	73224
286.15618251628683	1.0	NonTarget	1	73256
286.2811824868083	1.0	NonTarget	1	73288
286.4061824573298	1.0	NonTarget	1	73320
286.53118242785126	1.0	NonTarget	1	73352
286.6561823983727	1.0	NonTarget	1	73384
286.78118236889424	1.0	NonTarget	1	73416
286.9061823394157	1.0	NonTarget	1	73448
287.03118230993715	1.0	NonTarget	1	73480
287.15618228045867	1.0	NonTarget	1	73512
287.2811822509801	1.0	NonTarget	1	73544
287.4061822215016	1.0	NonTarget	1	73576
287.5311821920231	1.0	NonTarget	1	73608
287.65618216254455	1.0	NonTarget	1	73640
287.781182133066	1.0	NonTarget	1	73672
287.90618210358747	1.0	NonTarget	1	73704
288.031182074109	1.0	NonTarget	1	73736
288.15618204463044	1.0	NonTarget	1	73768
288.2811820151519	1.0	NonTarget	1	73800
288.4061819856734	1.0	NonTarget	1	73832
288.53118195619487	1.0	NonTarget	1	73864
288.65618192671633	1.0	NonTarget	1	73896
288.78118189723784	1.0	NonTarget	1	73928
288.9061818677593	1.0	NonTarget	1	73960
289.03118183828076	1.0	NonTarget	1	73992
289.1561818088022	1.0	NonTarget	1	74024
289.28118177932373	1.0	NonTarget	1	74056
289.4061817498452	1.0	NonTarget	1	74088
289.53118172036665	1.0	NonTarget	1	74120
289.65618169088816	1.0	NonTarget	1	74152
289.7811816614096	1.0	NonTarget	1	74184
289.9061816319311	1.0	NonTarget	1	74216
290.0311816024526	1.0	NonTarget	1	74248
290.15618157297405	1.0	NonTarget	1	74280
290.2811815434955	1.0	NonTarget	1	74312
290.406181514017	1.0	NonTarget	1	74344
290.5311814845385	1.0	NonTarget	1	74376
290.65618145505994	1.0	NonTarget	1	74408
290.7811814255814	1.0	NonTarget	1	74440
290.9061813961029	1.0	NonTarget	1	74472
291.03118136662437	1.0	NonTarget	1	74504
291.1561813371458	1.0	NonTarget	1	74536
291.28118130766734	1.0	NonTarget	1	74568
291.4061812781888	1.0	NonTarget	1	74600
291.53118124871025	1.0	NonTarget	1	74632
291.65618121923177	1.0	NonTarget	1	74664
291.7811811897532	1.0	NonTarget	1	74696
291.9061811602747	1.0	NonTarget	1	74728
292.0311811307962	1.0	NonTarget	1	74760
292.15618110131766	1.0	NonTarget	1	74792
292.2811810718391	1.0	NonTarget	1	74824
292.4061810423606	1.0	NonTarget	1	74856
298.53117959791285	1.0	NonTarget	1	76424
298.65617956843437	1.0	NonTarget	1	76456
298.7811795389558	1.0	NonTarget	1	76488
298.9061795094773	1.0	NonTarget	1	76520
299.0311794799988	1.0	NonTarget	1	76552
299.15617945052026	1.0	NonTarget	1	76584
299.2811794210417	1.0	NonTarget	1	76616
299.4061793915632	1.0	NonTarget	1	76648
299.5311793620847	1.0	NonTarget	1	76680
299.65617933260614	1.0	NonTarget	1	76712
299.7811793031276	1.0	NonTarget	1	76744
299.9061792736491	1.0	NonTarget	1	76776
300.0311792441706	1.0	NonTarget	1	76808
300.15617921469203	1.0	NonTarget	1	76840
300.28117918521355	1.0	NonTarget	1	76872
300.406179155735	1.0	NonTarget	1	76904
300.53117912625646	1.0	NonTarget	1	76936
300.656179096778	1.0	NonTarget	1	76968
300.78117906729943	1.0	NonTarget	1	77000
300.9061790378209	1.0	NonTarget	1	77032
301.03117900834235	1.0	NonTarget	1	77064
301.15617897886386	1.0	NonTarget	1	77096
301.2811789493853	1.0	NonTarget	1	77128
301.4061789199068	1.0	NonTarget	1	77160
301.5311788904283	1.0	NonTarget	1	77192
301.65617886094975	1.0	NonTarget	1	77224
301.7811788314712	1.0	NonTarget	1	77256
301.9061788019927	1.0	NonTarget	1	77288
302.0311787725142	1.0	NonTarget	1	77320
302.15617874303564	1.0	NonTarget	1	77352
302.28117871355715	1.0	NonTarget	1	77384
302.4061786840786	1.0	NonTarget	1	77416
302.53117865460007	1.0	NonTarget	1	77448
302.6561786251215	1.0	NonTarget	1	77480
302.78117859564304	1.0	NonTarget	1	77512
302.9061785661645	1.0	NonTarget	1	77544
303.03117853668596	1.0	NonTarget	1	77576
303.15617850720747	1.0	NonTarget	1	77608
303.28117847772893	1.0	NonTarget	1	77640
303.4061784482504	1.0	NonTarget	1	77672
303.5311784187719	1.0	NonTarget	1	77704
303.65617838929336	1.0	NonTarget	1	77736
303.7811783598148	1.0	NonTarget	1	77768
303.90617833033633	1.0	NonTarget	1	77800
304.0311783008578	1.0	NonTarget	1	77832
304.15617827137925	1.0	NonTarget	1	77864
304.2811782419007	1.0	NonTarget	1	77896
304.4061782124222	1.0	NonTarget	1	77928
304.5311781829437	1.0	NonTarget	1	77960
304.65617815346513	1.0	NonTarget	1	77992
304.78117812398665	1.0	NonTarget	1	78024
304.9061780945081	1.0	NonTarget	1	78056
305.03117806502956	1.0	NonTarget	1	78088
305.1561780355511	1.0	NonTarget	1	78120
305.28117800607254	1.0	NonTarget	1	78152
305.406177976594	1.0	NonTarget	1	78184
305.53117794711545	1.0	NonTarget	1	78216
305.65617791763697	1.0	NonTarget	1	78248
305.7811778881584	1.0	NonTarget	1	78280
305.9061778586799	1.0	NonTarget	1	78312
306.0311778292014	1.0	NonTarget	1	78344
306.15617779972285	1.0	NonTarget	1	78376
306.2811777702443	1.0	NonTarget	1	78408
306.4061777407658	1.0	NonTarget	1	78440
306.5311777112873	1.0	NonTarget	1	78472
306.65617768180874	1.0	NonTarget	1	78504
306.78117765233026	1.0	NonTarget	1	78536
306.9061776228517	1.0	NonTarget	1	78568
307.0311775933732	1.0	NonTarget	1	78600
307.15617756389463	1.0	NonTarget	1	78632
307.28117753441614	1.0	NonTarget	1	78664
307.4061775049376	1.0	NonTarget	1	78696
307.53117747545906	1.0	NonTarget	1	78728
307.6561774459806	1.0	NonTarget	1	78760
307.78117741650203	1.0	NonTarget	1	78792
307.9061773870235	1.0	NonTarget	1	78824
308.031177357545	1.0	NonTarget	1	78856
308.15617732806646	1.0	NonTarget	1	78888
308.2811772985879	1.0	NonTarget	1	78920
308.40617726910943	1.0	NonTarget	1	78952
308.5311772396309	1.0	NonTarget	1	78984
308.65617721015235	1.0	NonTarget	1	79016
308.7811771806738	1.0	NonTarget	1	79048
308.9061771511953	1.0	NonTarget	1	79080
309.0311771217168	1.0	NonTarget	1	79112
309.15617709223824	1.0	NonTarget	1	79144
309.28117706275975	1.0	NonTarget	1	79176
309.4061770332812	1.0	NonTarget	1	79208
309.53117700380267	1.0	NonTarget	1	79240
309.6561769743242	1.0	NonTarget	1	79272
309.78117694484564	1.0	NonTarget	1	79304
309.9061769153671	1.0	NonTarget	1	79336
310.03117688588856	1.0	NonTarget	1	79368
310.15617685641007	1.0	NonTarget	1	79400
310.2811768269315	1.0	NonTarget	1	79432
310.406176797453	1.0	NonTarget	1	79464
310.5311767679745	1.0	NonTarget	1	79496
310.65617673849596	1.0	NonTarget	1	79528
310.7811767090174	1.0	NonTarget	1	79560
310.90617667953893	1.0	NonTarget	1	79592
311.0311766500604	1.0	NonTarget	1	79624
311.15617662058185	1.0	NonTarget	1	79656
311.28117659110336	1.0	NonTarget	1	79688
311.4061765616248	1.0	NonTarget	1	79720
311.5311765321463	1.0	NonTarget	1	79752
311.65617650266773	1.0	NonTarget	1	79784
311.78117647318925	1.0	NonTarget	1	79816
311.9061764437107	1.0	NonTarget	1	79848
312.03117641423216	1.0	NonTarget	1	79880
312.1561763847537	1.0	NonTarget	1	79912
312.28117635527514	1.0	NonTarget	1	79944
312.4061763257966	1.0	NonTarget	1	79976
312.5311762963181	1.0	NonTarget	1	80008
312.65617626683957	1.0	NonTarget	1	80040
312.781176237361	1.0	NonTarget	1	80072
312.90617620788254	1.0	NonTarget	1	80104
313.031176178404	1.0	NonTarget	1	80136
313.15617614892545	1.0	NonTarget	1	80168
313.2811761194469	1.0	NonTarget	1	80200
313.4061760899684	1.0	NonTarget	1	80232
319.5311746455207	1.0	NonTarget	1	81800
319.65617461604216	1.0	NonTarget	1	81832
319.7811745865636	1.0	NonTarget	1	81864
319.90617455708514	1.0	NonTarget	1	81896
320.0311745276066	1.0	NonTarget	1	81928
320.15617449812805	1.0	NonTarget	1	81960
320.28117446864957	1.0	NonTarget	1	81992
320.406174439171	1.0	NonTarget	1	82024
320.5311744096925	1.0	NonTarget	1	82056
320.65617438021394	1.0	NonTarget	1	82088
320.78117435073545	1.0	NonTarget	1	82120
320.9061743212569	1.0	NonTarget	1	82152
321.03117429177837	1.0	NonTarget	1	82184
321.1561742622999	1.0	NonTarget	1	82216
321.28117423282134	1.0	NonTarget	1	82248
321.4061742033428	1.0	NonTarget	1	82280
321.5311741738643	1.0	NonTarget	1	82312
321.6561741443858	1.0	NonTarget	1	82344
321.78117411490723	1.0	NonTarget	1	82376
321.9061740854287	1.0	NonTarget	1	82408
322.0311740559502	1.0	NonTarget	1	82440
322.15617402647166	1.0	NonTarget	1	82472
322.2811739969931	1.0	NonTarget	1	82504
322.40617396751463	1.0	NonTarget	1	82536
322.5311739380361	1.0	NonTarget	1	82568
322.65617390855755	1.0	NonTarget	1	82600
322.78117387907906	1.0	NonTarget	1	82632
322.9061738496005	1.0	NonTarget	1	82664
323.031173820122	1.0	NonTarget	1	82696
323.1561737906435	1.0	NonTarget	1	82728
323.28117376116495	1.0	NonTarget	1	82760
323.4061737316864	1.0	NonTarget	1	82792
323.53117370220787	1.0	NonTarget	1	82824
323.6561736727294	1.0	NonTarget	1	82856
323.78117364325084	1.0	NonTarget	1	82888
323.9061736137723	1.0	NonTarget	1	82920
324.0311735842938	1.0	NonTarget	1	82952
324.15617355481527	1.0	NonTarget	1	82984
324.2811735253367	1.0	NonTarget	1	83016
324.40617349585824	1.0	NonTarget	1	83048
324.5311734663797	1.0	NonTarget	1	83080
324.65617343690116	1.0	NonTarget	1	83112
324.78117340742267	1.0	NonTarget	1	83144
324.9061733779441	1.0	NonTarget	1	83176
325.0311733484656	1.0	NonTarget	1	83208
325.15617331898704	1.0	NonTarget	1	83240
325.28117328950856	1.0	NonTarget	1	83272
325.40617326003	1.0	NonTarget	1	83304
325.5311732305515	1.0	NonTarget	1	83336
325.656173201073	1.0	NonTarget	1	83368
325.78117317159445	1.0	NonTarget	1	83400
325.9061731421159	1.0	NonTarget	1	83432
326.0311731126374	1.0	NonTarget	1	83464
326.1561730831589	1.0	NonTarget	1	83496
326.28117305368033	1.0	NonTarget	1	83528
326.4061730242018	1.0	NonTarget	1	83560
326.5311729947233	1.0	NonTarget	1	83592
326.65617296524476	1.0	NonTarget	1	83624
326.7811729357662	1.0	NonTarget	1	83656
326.90617290628774	1.0	NonTarget	1	83688
327.0311728768092	1.0	NonTarget	1	83720
327.15617284733065	1.0	NonTarget	1	83752
327.28117281785217	1.0	NonTarget	1	83784
327.4061727883736	1.0	NonTarget	1	83816
327.5311727588951	1.0	NonTarget	1	83848
327.6561727294166	1.0	NonTarget	1	83880
327.78117269993805	1.0	NonTarget	1	83912
327.9061726704595	1.0	NonTarget	1	83944
328.03117264098097	1.0	NonTarget	1	83976
328.1561726115025	1.0	NonTarget	1	84008
328.28117258202394	1.0	NonTarget	1	84040
328.4061725525454	1.0	NonTarget	1	84072
328.5311725230669	1.0	NonTarget	1	84104
328.6561724935884	1.0	NonTarget	1	84136
328.78117246410983	1.0	NonTarget	1	84168
328.90617243463134	1.0	NonTarget	1	84200
329.0311724051528	1.0	NonTarget	1	84232
329.15617237567426	1.0	NonTarget	1	84264
329.2811723461958	1.0	NonTarget	1	84296
329.40617231671723	1.0	NonTarget	1	84328
329.5311722872387	1.0	NonTarget	1	84360
329.65617225776015	1.0	NonTarget	1	84392
329.78117222828166	1.0	NonTarget	1	84424
329.9061721988031	1.0	NonTarget	1	84456
330.0311721693246	1.0	NonTarget	1	84488
330.1561721398461	1.0	NonTarget	1	84520
330.28117211036755	1.0	NonTarget	1	84552
330.406172080889	1.0	NonTarget	1	84584
330.5311720514105	1.0	NonTarget	1	84616
330.656172021932	1.0	NonTarget	1	84648
330.78117199245344	1.0	NonTarget	1	84680
330.9061719629749	1.0	NonTarget	1	84712
331.0311719334964	1.0	NonTarget	1	84744
331.15617190401787	1.0	NonTarget	1	84776
331.2811718745393	1.0	NonTarget	1	84808
331.40617184506084	1.0	NonTarget	1	84840
331.5311718155823	1.0	NonTarget	1	84872
331.65617178610376	1.0	NonTarget	1	84904
331.78117175662527	1.0	NonTarget	1	84936
331.9061717271467	1.0	NonTarget	1	84968
332.0311716976682	1.0	NonTarget	1	85000
332.1561716681897	1.0	NonTarget	1	85032
332.28117163871116	1.0	NonTarget	1	85064
332.4061716092326	1.0	NonTarget	1	85096
332.5311715797541	1.0	NonTarget	1	85128
332.6561715502756	1.0	NonTarget	1	85160
332.78117152079705	1.0	NonTarget	1	85192
332.9061714913185	1.0	NonTarget	1	85224
333.03117146184	1.0	NonTarget	1	85256
333.1561714323615	1.0	NonTarget	1	85288
333.28117140288293	1.0	NonTarget	1	85320
333.40617137340445	1.0	NonTarget	1	85352
333.5311713439259	1.0	NonTarget	1	85384
333.65617131444736	1.0	NonTarget	1	85416
333.7811712849689	1.0	NonTarget	1	85448
333.90617125549034	1.0	NonTarget	1	85480
334.0311712260118	1.0	NonTarget	1	85512
334.15617119653325	1.0	NonTarget	1	85544
334.28117116705477	1.0	NonTarget	1	85576
334.4061711375762	1.0	NonTarget	1	85608
340.5311696931285	1.0	NonTarget	1	87176
340.65616966364996	1.0	NonTarget	1	87208
340.7811696341715	1.0	NonTarget	1	87240
340.90616960469293	1.0	NonTarget	1	87272
341.0311695752144	1.0	NonTarget	1	87304
341.1561695457359	1.0	NonTarget	1	87336
341.28116951625736	1.0	NonTarget	1	87368
341.4061694867788	1.0	NonTarget	1	87400
341.5311694573003	1.0	NonTarget	1	87432
341.6561694278218	1.0	NonTarget	1	87464
341.78116939834325	1.0	NonTarget	1	87496
341.9061693688647	1.0	NonTarget	1	87528
342.0311693393862	1.0	NonTarget	1	87560
342.1561693099077	1.0	NonTarget	1	87592
342.28116928042914	1.0	NonTarget	1	87624
342.40616925095065	1.0	NonTarget	1	87656
342.5311692214721	1.0	NonTarget	1	87688
342.65616919199357	1.0	NonTarget	1	87720
342.781169162515	1.0	NonTarget	1	87752
342.90616913303654	1.0	NonTarget	1	87784
343.031169103558	1.0	NonTarget	1	87816
343.15616907407946	1.0	NonTarget	1	87848
343.281169044601	1.0	NonTarget	1	87880
343.40616901512243	1.0	NonTarget	1	87912
343.5311689856439	1.0	NonTarget	1	87944
343.6561689561654	1.0	NonTarget	1	87976
343.78116892668686	1.0	NonTarget	1	88008
343.9061688972083	1.0	NonTarget	1	88040
344.03116886772983	1.0	NonTarget	1	88072
344.1561688382513	1.0	NonTarget	1	88104
344.28116880877275	1.0	NonTarget	1	88136
344.4061687792942	1.0	NonTarget	1	88168
344.5311687498157	1.0	NonTarget	1	88200
344.6561687203372	1.0	NonTarget	1	88232
344.78116869085864	1.0	NonTarget	1	88264
344.90616866138015	1.0	NonTarget	1	88296
345.0311686319016	1.0	NonTarget	1	88328
345.15616860242307	1.0	NonTarget	1	88360
345.2811685729446	1.0	NonTarget	1	88392
345.40616854346604	1.0	NonTarget	1	88424
345.5311685139875	1.0	NonTarget	1	88456
345.656168484509	1.0	NonTarget	1	88488
345.78116845503047	1.0	NonTarget	1	88520
345.9061684255519	1.0	NonTarget	1	88552
346.0311683960734	1.0	NonTarget	1	88584
346.1561683665949	1.0	NonTarget	1	88616
346.28116833711636	1.0	NonTarget	1	88648
346.4061683076378	1.0	NonTarget	1	88680
346.5311682781593	1.0	NonTarget	1	88712
346.6561682486808	1.0	NonTarget	1	88744
346.78116821920224	1.0	NonTarget	1	88776
346.90616818972376	1.0	NonTarget	1	88808
347.0311681602452	1.0	NonTarget	1	88840
347.1561681307667	1.0	NonTarget	1	88872
347.28116810128813	1.0	NonTarget	1	88904
347.40616807180965	1.0	NonTarget	1	88936
347.5311680423311	1.0	NonTarget	1	88968
347.65616801285256	1.0	NonTarget	1	89000
347.7811679833741	1.0	NonTarget	1	89032
347.90616795389553	1.0	NonTarget	1	89064
348.031167924417	1.0	NonTarget	1	89096
348.1561678949385	1.0	NonTarget	1	89128
348.28116786545996	1.0	NonTarget	1	89160
348.4061678359814	1.0	NonTarget	1	89192
348.53116780650294	1.0	NonTarget	1	89224
348.6561677770244	1.0	NonTarget	1	89256
348.78116774754585	1.0	NonTarget	1	89288
348.9061677180673	1.0	NonTarget	1	89320
349.0311676885888	1.0	NonTarget	1	89352
349.1561676591103	1.0	NonTarget	1	89384
349.28116762963174	1.0	NonTarget	1	89416
349.40616760015325	1.0	NonTarget	1	89448
349.5311675706747	1.0	NonTarget	1	89480
349.65616754119617	1.0	NonTarget	1	89512
349.7811675117177	1.0	NonTarget	1	89544
349.90616748223914	1.0	NonTarget	1	89576
350.0311674527606	1.0	NonTarget	1	89608
350.1561674232821	1.0	NonTarget	1	89640
350.28116739380357	1.0	NonTarget	1	89672
350.40616736432503	1.0	NonTarget	1	89704
350.5311673348465	1.0	NonTarget	1	89736
350.656167305368	1.0	NonTarget	1	89768
350.78116727588946	1.0	NonTarget	1	89800
350.9061672464109	1.0	NonTarget	1	89832
351.03116721693243	1.0	NonTarget	1	89864
351.1561671874539	1.0	NonTarget	1	89896
351.28116715797535	1.0	NonTarget	1	89928
351.40616712849686	1.0	NonTarget	1	89960
351.5311670990183	1.0	NonTarget	1	89992
351.6561670695398	1.0	NonTarget	1	90024
351.78116704006123	1.0	NonTarget	1	90056
351.90616701058275	1.0	NonTarget	1	90088
352.0311669811042	1.0	NonTarget	1	90120
352.15616695162566	1.0	NonTarget	1	90152
352.2811669221472	1.0	NonTarget	1	90184
352.40616689266864	1.0	NonTarget	1	90216
352.5311668631901	1.0	NonTarget	1	90248
352.6561668337116	1.0	NonTarget	1	90280
352.78116680423307	1.0	NonTarget	1	90312
352.9061667747545	1.0	NonTarget	1	90344
353.03116674527604	1.0	NonTarget	1	90376
353.1561667157975	1.0	NonTarget	1	90408
353.28116668631895	1.0	NonTarget	1	90440
353.4061666568404	1.0	NonTarget	1	90472
353.5311666273619	1.0	NonTarget	1	90504
353.6561665978834	1.0	NonTarget	1	90536
353.78116656840484	1.0	NonTarget	1	90568
353.90616653892636	1.0	NonTarget	1	90600
354.0311665094478	1.0	NonTarget	1	90632
354.1561664799693	1.0	NonTarget	1	90664
354.2811664504908	1.0	NonTarget	1	90696
354.40616642101224	1.0	NonTarget	1	90728
354.5311663915337	1.0	NonTarget	1	90760
354.6561663620552	1.0	NonTarget	1	90792
354.7811663325767	1.0	NonTarget	1	90824
354.90616630309813	1.0	NonTarget	1	90856
355.0311662736196	1.0	NonTarget	1	90888
355.1561662441411	1.0	NonTarget	1	90920
355.28116621466256	1.0	NonTarget	1	90952
355.406166185184	1.0	NonTarget	1	90984
361.5311647407363	1.0	NonTarget	1	92552
361.6561647112578	1.0	NonTarget	1	92584
361.7811646817793	1.0	NonTarget	1	92616
361.90616465230073	1.0	NonTarget	1	92648
362.03116462282225	1.0	NonTarget	1	92680
362.1561645933437	1.0	NonTarget	1	92712
362.28116456386516	1.0	NonTarget	1	92744
362.4061645343866	1.0	NonTarget	1	92776
362.53116450490813	1.0	NonTarget	1	92808
362.6561644754296	1.0	NonTarget	1	92840
362.78116444595105	1.0	NonTarget	1	92872
362.90616441647256	1.0	NonTarget	1	92904
363.031164386994	1.0	NonTarget	1	92936
363.1561643575155	1.0	NonTarget	1	92968
363.281164328037	1.0	NonTarget	1	93000
363.40616429855845	1.0	NonTarget	1	93032
363.5311642690799	1.0	NonTarget	1	93064
363.65616423960137	1.0	NonTarget	1	93096
363.7811642101229	1.0	NonTarget	1	93128
363.90616418064434	1.0	NonTarget	1	93160
364.0311641511658	1.0	NonTarget	1	93192
364.1561641216873	1.0	NonTarget	1	93224
364.28116409220877	1.0	NonTarget	1	93256
364.4061640627302	1.0	NonTarget	1	93288
364.53116403325174	1.0	NonTarget	1	93320
364.6561640037732	1.0	NonTarget	1	93352
364.78116397429466	1.0	NonTarget	1	93384
364.90616394481617	1.0	NonTarget	1	93416
365.03116391533763	1.0	NonTarget	1	93448
365.1561638858591	1.0	NonTarget	1	93480
365.28116385638054	1.0	NonTarget	1	93512
365.40616382690206	1.0	NonTarget	1	93544
365.5311637974235	1.0	NonTarget	1	93576
365.656163767945	1.0	NonTarget	1	93608
365.7811637384665	1.0	NonTarget	1	93640
365.90616370898795	1.0	NonTarget	1	93672
366.0311636795094	1.0	NonTarget	1	93704
366.1561636500309	1.0	NonTarget	1	93736
366.2811636205524	1.0	NonTarget	1	93768
366.40616359107383	1.0	NonTarget	1	93800
366.53116356159535	1.0	NonTarget	1	93832
366.6561635321168	1.0	NonTarget	1	93864
366.78116350263826	1.0	NonTarget	1	93896
366.9061634731597	1.0	NonTarget	1	93928
367.03116344368124	1.0	NonTarget	1	93960
367.1561634142027	1.0	NonTarget	1	93992
367.28116338472415	1.0	NonTarget	1	94024
367.40616335524567	1.0	NonTarget	1	94056
367.5311633257671	1.0	NonTarget	1	94088
367.6561632962886	1.0	NonTarget	1	94120
367.7811632668101	1.0	NonTarget	1	94152
367.90616323733155	1.0	NonTarget	1	94184
368.031163207853	1.0	NonTarget	1	94216
368.15616317837447	1.0	NonTarget	1	94248
368.281163148896	1.0	NonTarget	1	94280
368.40616311941744	1.0	NonTarget	1	94312
368.5311630899389	1.0	NonTarget	1	94344
368.6561630604604	1.0	NonTarget	1	94376
368.7811630309819	1.0	NonTarget	1	94408
368.90616300150333	1.0	NonTarget	1	94440
369.03116297202484	1.0	NonTarget	1	94472
369.1561629425463	1.0	NonTarget	1	94504
369.28116291306776	1.0	NonTarget	1	94536
369.4061628835893	1.0	NonTarget	1	94568
369.53116285411073	1.0	NonTarget	1	94600
369.6561628246322	1.0	NonTarget	1	94632
369.78116279515365	1.0	NonTarget	1	94664
369.90616276567516	1.0	NonTarget	1	94696
370.0311627361966	1.0	NonTarget	1	94728
370.1561627067181	1.0	NonTarget	1	94760
370.2811626772396	1.0	NonTarget	1	94792
370.40616264776105	1.0	NonTarget	1	94824
370.5311626182825	1.0	NonTarget	1	94856
370.656162588804	1.0	NonTarget	1	94888
370.7811625593255	1.0	NonTarget	1	94920
370.90616252984694	1.0	NonTarget	1	94952
371.03116250036845	1.0	NonTarget	1	94984
371.1561624708899	1.0	NonTarget	1	95016
371.28116244141137	1.0	NonTarget	1	95048
371.4061624119328	1.0	NonTarget	1	95080
371.53116238245434	1.0	NonTarget	1	95112
371.6561623529758	1.0	NonTarget	1	95144
371.78116232349726	1.0	NonTarget	1	95176
371.90616229401877	1.0	NonTarget	1	95208
372.0311622645402	1.0	NonTarget	1	95240
372.1561622350617	1.0	NonTarget	1	95272
372.2811622055832	1.0	NonTarget	1	95304
372.40616217610466	1.0	NonTarget	1	95336
372.5311621466261	1.0	NonTarget	1	95368
372.6561621171476	1.0	NonTarget	1	95400
372.7811620876691	1.0	NonTarget	1	95432
372.90616205819055	1.0	NonTarget	1	95464
373.031162028712	1.0	NonTarget	1	95496
373.1561619992335	1.0	NonTarget	1	95528
373.281161969755	1.0	NonTarget	1	95560
373.40616194027643	1.0	NonTarget	1	95592
373.53116191079795	1.0	NonTarget	1	95624
373.6561618813194	1.0	NonTarget	1	95656
373.78116185184086	1.0	NonTarget	1	95688
373.9061618223624	1.0	NonTarget	1	95720
374.03116179288384	1.0	NonTarget	1	95752
374.1561617634053	1.0	NonTarget	1	95784
374.28116173392675	1.0	NonTarget	1	95816
374.40616170444827	1.0	NonTarget	1	95848
374.5311616749697	1.0	NonTarget	1	95880
374.6561616454912	1.0	NonTarget	1	95912
374.7811616160127	1.0	NonTarget	1	95944
374.90616158653415	1.0	NonTarget	1	95976
375.0311615570556	1.0	NonTarget	1	96008
375.1561615275771	1.0	NonTarget	1	96040
375.2811614980986	1.0	NonTarget	1	96072
375.40616146862004	1.0	NonTarget	1	96104
375.53116143914156	1.0	NonTarget	1	96136
375.656161409663	1.0	NonTarget	1	96168
375.78116138018447	1.0	NonTarget	1	96200
375.90616135070593	1.0	NonTarget	1	96232
376.03116132122744	1.0	NonTarget	1	96264
376.1561612917489	1.0	NonTarget	1	96296
376.28116126227036	1.0	NonTarget	1	96328
376.4061612327919	1.0	NonTarget	1	96360
382.53115978834416	1.0	NonTarget	1	97928
382.6561597588656	1.0	NonTarget	1	97960
382.78115972938707	1.0	NonTarget	1	97992
382.9061596999086	1.0	NonTarget	1	98024
383.03115967043004	1.0	NonTarget	1	98056
383.1561596409515	1.0	NonTarget	1	98088
383.28115961147296	1.0	NonTarget	1	98120
383.4061595819945	1.0	NonTarget	1	98152
383.53115955251593	1.0	NonTarget	1	98184
383.6561595230374	1.0	NonTarget	1	98216
383.7811594935589	1.0	NonTarget	1	98248
383.90615946408036	1.0	NonTarget	1	98280
384.0311594346018	1.0	NonTarget	1	98312
384.15615940512333	1.0	NonTarget	1	98344
384.2811593756448	1.0	NonTarget	1	98376
384.40615934616625	1.0	NonTarget	1	98408
384.5311593166877	1.0	NonTarget	1	98440
384.6561592872092	1.0	NonTarget	1	98472
384.7811592577307	1.0	NonTarget	1	98504
384.90615922825214	1.0	NonTarget	1	98536
385.03115919877365	1.0	NonTarget	1	98568
385.1561591692951	1.0	NonTarget	1	98600
385.28115913981657	1.0	NonTarget	1	98632
385.4061591103381	1.0	NonTarget	1	98664
385.53115908085954	1.0	NonTarget	1	98696
385.656159051381	1.0	NonTarget	1	98728
385.7811590219025	1.0	NonTarget	1	98760
385.90615899242397	1.0	NonTarget	1	98792
386.0311589629454	1.0	NonTarget	1	98824
386.1561589334669	1.0	NonTarget	1	98856
386.2811589039884	1.0	NonTarget	1	98888
386.40615887450986	1.0	NonTarget	1	98920
386.5311588450313	1.0	NonTarget	1	98952
386.6561588155528	1.0	NonTarget	1	98984
386.7811587860743	1.0	NonTarget	1	99016
386.90615875659574	1.0	NonTarget	1	99048
387.03115872711726	1.0	NonTarget	1	99080
387.1561586976387	1.0	NonTarget	1	99112
387.2811586681602	1.0	NonTarget	1	99144
387.4061586386817	1.0	NonTarget	1	99176
387.53115860920315	1.0	NonTarget	1	99208
387.6561585797246	1.0	NonTarget	1	99240
387.78115855024606	1.0	NonTarget	1	99272
387.9061585207676	1.0	NonTarget	1	99304
388.03115849128903	1.0	NonTarget	1	99336
388.1561584618105	1.0	NonTarget	1	99368
388.281158432332	1.0	NonTarget	1	99400
388.40615840285346	1.0	NonTarget	1	99432
388.5311583733749	1.0	NonTarget	1	99464
388.65615834389644	1.0	NonTarget	1	99496
388.7811583144179	1.0	NonTarget	1	99528
388.90615828493935	1.0	NonTarget	1	99560
389.0311582554608	1.0	NonTarget	1	99592
389.1561582259823	1.0	NonTarget	1	99624
389.2811581965038	1.0	NonTarget	1	99656
389.40615816702524	1.0	NonTarget	1	99688
389.53115813754675	1.0	NonTarget	1	99720
389.6561581080682	1.0	NonTarget	1	99752
389.78115807858967	1.0	NonTarget	1	99784
389.9061580491112	1.0	NonTarget	1	99816
390.03115801963264	1.0	NonTarget	1	99848
390.1561579901541	1.0	NonTarget	1	99880
390.2811579606756	1.0	NonTarget	1	99912
390.4061579311971	1.0	NonTarget	1	99944
390.53115790171853	1.0	NonTarget	1	99976
390.65615787224	1.0	NonTarget	1	100008
390.7811578427615	1.0	NonTarget	1	100040
390.90615781328296	1.0	NonTarget	1	100072
391.0311577838044	1.0	NonTarget	1	100104
391.15615775432593	1.0	NonTarget	1	100136
391.2811577248474	1.0	NonTarget	1	100168
391.40615769536885	1.0	NonTarget	1	100200
391.53115766589036	1.0	NonTarget	1	100232
391.6561576364118	1.0	NonTarget	1	100264
391.7811576069333	1.0	NonTarget	1	100296
391.9061575774548	1.0	NonTarget	1	100328
392.03115754797625	1.0	NonTarget	1	100360
392.1561575184977	1.0	NonTarget	1	100392
392.28115748901917	1.0	NonTarget	1	100424
392.4061574595407	1.0	NonTarget	1	100456
392.53115743006214	1.0	NonTarget	1	100488
392.6561574005836	1.0	NonTarget	1	100520
392.7811573711051	1.0	NonTarget	1	100552
392.90615734162657	1.0	NonTarget	1	100584
393.031157312148	1.0	NonTarget	1	100616
393.15615728266954	1.0	NonTarget	1	100648
393.281157253191	1.0	NonTarget	1	100680
393.40615722371246	1.0	NonTarget	1	100712
393.5311571942339	1.0	NonTarget	1	100744
393.6561571647554	1.0	NonTarget	1	100776
393.7811571352769	1.0	NonTarget	1	100808
393.90615710579834	1.0	NonTarget	1	100840
394.03115707631986	1.0	NonTarget	1	100872
394.1561570468413	1.0	NonTarget	1	100904
394.2811570173628	1.0	NonTarget	1	100936
394.4061569878843	1.0	NonTarget	1	100968
394.53115695840575	1.0	NonTarget	1	101000
394.6561569289272	1.0	NonTarget	1	101032
394.7811568994487	1.0	NonTarget	1	101064
394.9061568699702	1.0	NonTarget	1	101096
395.03115684049163	1.0	NonTarget	1	101128
395.1561568110131	1.0	NonTarget	1	101160
395.2811567815346	1.0	NonTarget	1	101192
395.40615675205606	1.0	NonTarget	1	101224
395.5311567225775	1.0	NonTarget	1	101256
395.65615669309904	1.0	NonTarget	1	101288
395.7811566636205	1.0	NonTarget	1	101320
395.90615663414195	1.0	NonTarget	1	101352
396.03115660466347	1.0	NonTarget	1	101384
396.1561565751849	1.0	NonTarget	1	101416
396.2811565457064	1.0	NonTarget	1	101448
396.4061565162279	1.0	NonTarget	1	101480
396.53115648674935	1.0	NonTarget	1	101512
396.6561564572708	1.0	NonTarget	1	101544
396.78115642779227	1.0	NonTarget	1	101576
396.9061563983138	1.0	NonTarget	1	101608
397.03115636883524	1.0	NonTarget	1	101640
397.1561563393567	1.0	NonTarget	1	101672
397.2811563098782	1.0	NonTarget	1	101704
397.40615628039967	1.0	NonTarget	1	101736
403.53115483595195	1.0	NonTarget	1	103304
403.6561548064734	1.0	NonTarget	1	103336
403.7811547769949	1.0	NonTarget	1	103368
403.9061547475164	1.0	NonTarget	1	103400
404.03115471803784	1.0	NonTarget	1	103432
404.1561546885593	1.0	NonTarget	1	103464
404.2811546590808	1.0	NonTarget	1	103496
404.40615462960227	1.0	NonTarget	1	103528
404.5311546001237	1.0	NonTarget	1	103560
404.65615457064524	1.0	NonTarget	1	103592
404.7811545411667	1.0	NonTarget	1	103624
404.90615451168816	1.0	NonTarget	1	103656
405.0311544822097	1.0	NonTarget	1	103688
405.15615445273113	1.0	NonTarget	1	103720
405.2811544232526	1.0	NonTarget	1	103752
405.4061543937741	1.0	NonTarget	1	103784
405.53115436429556	1.0	NonTarget	1	103816
405.656154334817	1.0	NonTarget	1	103848
405.7811543053385	1.0	NonTarget	1	103880
405.90615427586	1.0	NonTarget	1	103912
406.03115424638145	1.0	NonTarget	1	103944
406.1561542169029	1.0	NonTarget	1	103976
406.2811541874244	1.0	NonTarget	1	104008
406.4061541579459	1.0	NonTarget	1	104040
406.53115412846734	1.0	NonTarget	1	104072
406.65615409898885	1.0	NonTarget	1	104104
406.7811540695103	1.0	NonTarget	1	104136
406.90615404003177	1.0	NonTarget	1	104168
407.0311540105532	1.0	NonTarget	1	104200
407.15615398107474	1.0	NonTarget	1	104232
407.2811539515962	1.0	NonTarget	1	104264
407.40615392211765	1.0	NonTarget	1	104296
407.53115389263917	1.0	NonTarget	1	104328
407.6561538631606	1.0	NonTarget	1	104360
407.7811538336821	1.0	NonTarget	1	104392
407.9061538042036	1.0	NonTarget	1	104424
408.03115377472506	1.0	NonTarget	1	104456
408.1561537452465	1.0	NonTarget	1	104488
408.281153715768	1.0	NonTarget	1	104520
408.4061536862895	1.0	NonTarget	1	104552
408.53115365681094	1.0	NonTarget	1	104584
408.6561536273324	1.0	NonTarget	1	104616
408.7811535978539	1.0	NonTarget	1	104648
408.9061535683754	1.0	NonTarget	1	104680
409.03115353889683	1.0	NonTarget	1	104712
409.15615350941835	1.0	NonTarget	1	104744
409.2811534799398	1.0	NonTarget	1	104776
409.40615345046126	1.0	NonTarget	1	104808
409.5311534209828	1.0	NonTarget	1	104840
409.65615339150423	1.0	NonTarget	1	104872
409.7811533620257	1.0	NonTarget	1	104904
409.90615333254715	1.0	NonTarget	1	104936
410.03115330306866	1.0	NonTarget	1	104968
410.1561532735901	1.0	NonTarget	1	105000
410.2811532441116	1.0	NonTarget	1	105032
410.4061532146331	1.0	NonTarget	1	105064
410.53115318515455	1.0	NonTarget	1	105096
410.656153155676	1.0	NonTarget	1	105128
410.7811531261975	1.0	NonTarget	1	105160
410.906153096719	1.0	NonTarget	1	105192
411.03115306724044	1.0	NonTarget	1	105224
411.15615303776195	1.0	NonTarget	1	105256
411.2811530082834	1.0	NonTarget	1	105288
411.40615297880487	1.0	NonTarget	1	105320
411.5311529493263	1.0	NonTarget	1	105352
411.65615291984784	1.0	NonTarget	1	105384
411.7811528903693	1.0	NonTarget	1	105416
411.90615286089076	1.0	NonTarget	1	105448
412.03115283141227	1.0	NonTarget	1	105480
412.15615280193373	1.0	NonTarget	1	105512
412.2811527724552	1.0	NonTarget	1	105544
412.4061527429767	1.0	NonTarget	1	105576
412.53115271349816	1.0	NonTarget	1	105608
412.6561526840196	1.0	NonTarget	1	105640
412.78115265454113	1.0	NonTarget	1	105672
412.9061526250626	1.0	NonTarget	1	105704
413.03115259558405	1.0	NonTarget	1	105736
413.1561525661055	1.0	NonTarget	1	105768
413.281152536627	1.0	NonTarget	1	105800
413.4061525071485	1.0	NonTarget	1	105832
413.53115247766993	1.0	NonTarget	1	105864
413.65615244819145	1.0	NonTarget	1	105896
413.7811524187129	1.0	NonTarget	1	105928
413.90615238923436	1.0	NonTarget	1	105960
414.0311523597559	1.0	NonTarget	1	105992
414.15615233027734	1.0	NonTarget	1	106024
414.2811523007988	1.0	NonTarget	1	106056
414.40615227132025	1.0	NonTarget	1	106088
414.53115224184177	1.0	NonTarget	1	106120
414.6561522123632	1.0	NonTarget	1	106152
414.7811521828847	1.0	NonTarget	1	106184
414.9061521534062	1.0	NonTarget	1	106216
415.03115212392765	1.0	NonTarget	1	106248
415.1561520944491	1.0	NonTarget	1	106280
415.2811520649706	1.0	NonTarget	1	106312
415.4061520354921	1.0	NonTarget	1	106344
415.53115200601354	1.0	NonTarget	1	106376
415.65615197653506	1.0	NonTarget	1	106408
415.7811519470565	1.0	NonTarget	1	106440
415.906151917578	1.0	NonTarget	1	106472
416.03115188809943	1.0	NonTarget	1	106504
416.15615185862094	1.0	NonTarget	1	106536
416.2811518291424	1.0	NonTarget	1	106568
416.40615179966386	1.0	NonTarget	1	106600
416.5311517701854	1.0	NonTarget	1	106632
416.65615174070683	1.0	NonTarget	1	106664
416.7811517112283	1.0	NonTarget	1	106696
416.9061516817498	1.0	NonTarget	1	106728
417.03115165227126	1.0	NonTarget	1	106760
417.1561516227927	1.0	NonTarget	1	106792
417.28115159331423	1.0	NonTarget	1	106824
417.4061515638357	1.0	NonTarget	1	106856
417.53115153435715	1.0	NonTarget	1	106888
417.6561515048786	1.0	NonTarget	1	106920
417.7811514754001	1.0	NonTarget	1	106952
417.9061514459216	1.0	NonTarget	1	106984
418.03115141644304	1.0	NonTarget	1	107016
418.15615138696455	1.0	NonTarget	1	107048
418.281151357486	1.0	NonTarget	1	107080
418.40615132800747	1.0	NonTarget	1	107112
424.53114988355975	1.0	NonTarget	1	108680
424.65614985408126	1.0	NonTarget	1	108712
424.7811498246027	1.0	NonTarget	1	108744
424.9061497951242	1.0	NonTarget	1	108776
425.03114976564564	1.0	NonTarget	1	108808
425.15614973616715	1.0	NonTarget	1	108840
425.2811497066886	1.0	NonTarget	1	108872
425.40614967721007	1.0	NonTarget	1	108904
425.5311496477316	1.0	NonTarget	1	108936
425.65614961825304	1.0	NonTarget	1	108968
425.7811495887745	1.0	NonTarget	1	109000
425.906149559296	1.0	NonTarget	1	109032
426.03114952981747	1.0	NonTarget	1	109064
426.1561495003389	1.0	NonTarget	1	109096
426.28114947086044	1.0	NonTarget	1	109128
426.4061494413819	1.0	NonTarget	1	109160
426.53114941190336	1.0	NonTarget	1	109192
426.6561493824248	1.0	NonTarget	1	109224
426.78114935294633	1.0	NonTarget	1	109256
426.9061493234678	1.0	NonTarget	1	109288
427.03114929398924	1.0	NonTarget	1	109320
427.15614926451076	1.0	NonTarget	1	109352
427.2811492350322	1.0	NonTarget	1	109384
427.4061492055537	1.0	NonTarget	1	109416
427.5311491760752	1.0	NonTarget	1	109448
427.65614914659665	1.0	NonTarget	1	109480
427.7811491171181	1.0	NonTarget	1	109512
427.90614908763956	1.0	NonTarget	1	109544
428.0311490581611	1.0	NonTarget	1	109576
428.15614902868253	1.0	NonTarget	1	109608
428.281148999204	1.0	NonTarget	1	109640
428.4061489697255	1.0	NonTarget	1	109672
428.53114894024696	1.0	NonTarget	1	109704
428.6561489107684	1.0	NonTarget	1	109736
428.78114888128994	1.0	NonTarget	1	109768
428.9061488518114	1.0	NonTarget	1	109800
429.03114882233285	1.0	NonTarget	1	109832
429.15614879285437	1.0	NonTarget	1	109864
429.2811487633758	1.0	NonTarget	1	109896
429.4061487338973	1.0	NonTarget	1	109928
429.53114870441874	1.0	NonTarget	1	109960
429.65614867494025	1.0	NonTarget	1	109992
429.7811486454617	1.0	NonTarget	1	110024
429.90614861598317	1.0	NonTarget	1	110056
430.0311485865047	1.0	NonTarget	1	110088
430.15614855702614	1.0	NonTarget	1	110120
430.2811485275476	1.0	NonTarget	1	110152
430.4061484980691	1.0	NonTarget	1	110184
430.5311484685906	1.0	NonTarget	1	110216
430.65614843911203	1.0	NonTarget	1	110248
430.7811484096335	1.0	NonTarget	1	110280
430.906148380155	1.0	NonTarget	1	110312
431.03114835067646	1.0	NonTarget	1	110344
431.1561483211979	1.0	NonTarget	1	110376
431.28114829171943	1.0	NonTarget	1	110408
431.4061482622409	1.0	NonTarget	1	110440
431.53114823276235	1.0	NonTarget	1	110472
431.65614820328386	1.0	NonTarget	1	110504
431.7811481738053	1.0	NonTarget	1	110536
431.9061481443268	1.0	NonTarget	1	110568
432.0311481148483	1.0	NonTarget	1	110600
432.15614808536975	1.0	NonTarget	1	110632
432.2811480558912	1.0	NonTarget	1	110664
432.40614802641267	1.0	NonTarget	1	110696
432.5311479969342	1.0	NonTarget	1	110728
432.65614796745564	1.0	NonTarget	1	110760
432.7811479379771	1.0	NonTarget	1	110792
432.9061479084986	1.0	NonTarget	1	110824
433.03114787902007	1.0	NonTarget	1	110856
433.1561478495415	1.0	NonTarget	1	110888
433.28114782006304	1.0	NonTarget	1	110920
433.4061477905845	1.0	NonTarget	1	110952
433.53114776110596	1.0	NonTarget	1	110984
433.65614773162747	1.0	NonTarget	1	111016
433.7811477021489	1.0	NonTarget	1	111048
433.9061476726704	1.0	NonTarget	1	111080
434.03114764319184	1.0	NonTarget	1	111112
434.15614761371336	1.0	NonTarget	1	111144
434.2811475842348	1.0	NonTarget	1	111176
434.4061475547563	1.0	NonTarget	1	111208
434.5311475252778	1.0	NonTarget	1	111240
434.65614749579925	1.0	NonTarget	1	111272
434.7811474663207	1.0	NonTarget	1	111304
434.9061474368422	1.0	NonTarget	1	111336
435.0311474073637	1.0	NonTarget	1	111368
435.15614737788513	1.0	NonTarget	1	111400
435.2811473484066	1.0	NonTarget	1	111432
435.4061473189281	1.0	NonTarget	1	111464
435.53114728944956	1.0	NonTarget	1	111496
435.656147259971	1.0	NonTarget	1	111528
435.78114723049254	1.0	NonTarget	1	111560
435.906147201014	1.0	NonTarget	1	111592
436.03114717153545	1.0	NonTarget	1	111624
436.15614714205697	1.0	NonTarget	1	111656
436.2811471125784	1.0	NonTarget	1	111688
436.4061470830999	1.0	NonTarget	1	111720
436.5311470536214	1.0	NonTarget	1	111752
436.65614702414285	1.0	NonTarget	1	111784
436.7811469946643	1.0	NonTarget	1	111816
436.90614696518577	1.0	NonTarget	1	111848
437.0311469357073	1.0	NonTarget	1	111880
437.15614690622874	1.0	NonTarget	1	111912
437.2811468767502	1.0	NonTarget	1	111944
437.4061468472717	1.0	NonTarget	1	111976
437.53114681779317	1.0	NonTarget	1	112008
437.65614678831463	1.0	NonTarget	1	112040
437.78114675883614	1.0	NonTarget	1	112072
437.9061467293576	1.0	NonTarget	1	112104
438.03114669987906	1.0	NonTarget	1	112136
438.1561466704006	1.0	NonTarget	1	112168
438.28114664092203	1.0	NonTarget	1	112200
438.4061466114435	1.0	NonTarget	1	112232
438.53114658196495	1.0	NonTarget	1	112264
438.65614655248646	1.0	NonTarget	1	112296
438.7811465230079	1.0	NonTarget	1	112328
438.9061464935294	1.0	NonTarget	1	112360
439.0311464640509	1.0	NonTarget	1	112392
439.15614643457235	1.0	NonTarget	1	112424
439.2811464050938	1.0	NonTarget	1	112456
439.4061463756153	1.0	NonTarget	1	112488
445.5311449311676	1.0	NonTarget	1	114056
445.65614490168906	1.0	NonTarget	1	114088
445.7811448722105	1.0	NonTarget	1	114120
445.906144842732	1.0	NonTarget	1	114152
446.0311448132535	1.0	NonTarget	1	114184
446.15614478377495	1.0	NonTarget	1	114216
446.2811447542964	1.0	NonTarget	1	114248
446.4061447248179	1.0	NonTarget	1	114280
446.5311446953394	1.0	NonTarget	1	114312
446.65614466586084	1.0	NonTarget	1	114344
446.78114463638235	1.0	NonTarget	1	114376
446.9061446069038	1.0	NonTarget	1	114408
447.03114457742527	1.0	NonTarget	1	114440
447.1561445479468	1.0	NonTarget	1	114472
447.28114451846824	1.0	NonTarget	1	114504
447.4061444889897	1.0	NonTarget	1	114536
447.53114445951115	1.0	NonTarget	1	114568
447.65614443003267	1.0	NonTarget	1	114600
447.7811444005541	1.0	NonTarget	1	114632
447.9061443710756	1.0	NonTarget	1	114664
448.0311443415971	1.0	NonTarget	1	114696
448.15614431211856	1.0	NonTarget	1	114728
448.28114428264	1.0	NonTarget	1	114760
448.40614425316153	1.0	NonTarget	1	114792
448.531144223683	1.0	NonTarget	1	114824
448.65614419420444	1.0	NonTarget	1	114856
448.7811441647259	1.0	NonTarget	1	114888
448.9061441352474	1.0	NonTarget	1	114920
449.0311441057689	1.0	NonTarget	1	114952
449.15614407629033	1.0	NonTarget	1	114984
449.28114404681185	1.0	NonTarget	1	115016
449.4061440173333	1.0	NonTarget	1	115048
449.53114398785476	1.0	NonTarget	1	115080
449.6561439583763	1.0	NonTarget	1	115112
449.78114392889773	1.0	NonTarget	1	115144
449.9061438994192	1.0	NonTarget	1	115176
450.0311438699407	1.0	NonTarget	1	115208
450.15614384046216	1.0	NonTarget	1	115240
450.2811438109836	1.0	NonTarget	1	115272
450.4061437815051	1.0	NonTarget	1	115304
450.5311437520266	1.0	NonTarget	1	115336
450.65614372254805	1.0	NonTarget	1	115368
450.7811436930695	1.0	NonTarget	1	115400
450.906143663591	1.0	NonTarget	1	115432
451.0311436341125	1.0	NonTarget	1	115464
451.15614360463394	1.0	NonTarget	1	115496
451.28114357515545	1.0	NonTarget	1	115528
451.4061435456769	1.0	NonTarget	1	115560
451.53114351619837	1.0	NonTarget	1	115592
451.6561434867199	1.0	NonTarget	1	115624
451.78114345724134	1.0	NonTarget	1	115656
451.9061434277628	1.0	NonTarget	1	115688
452.03114339828426	1.0	NonTarget	1	115720
452.1561433688058	1.0	NonTarget	1	115752
452.28114333932723	1.0	NonTarget	1	115784
452.4061433098487	1.0	NonTarget	1	115816
452.5311432803702	1.0	NonTarget	1	115848
452.65614325089166	1.0	NonTarget	1	115880
452.7811432214131	1.0	NonTarget	1	115912
452.90614319193463	1.0	NonTarget	1	115944
453.0311431624561	1.0	NonTarget	1	115976
453.15614313297755	1.0	NonTarget	1	116008
453.281143103499	1.0	NonTarget	1	116040
453.4061430740205	1.0	NonTarget	1	116072
453.531143044542	1.0	NonTarget	1	116104
453.65614301506344	1.0	NonTarget	1	116136
453.78114298558495	1.0	NonTarget	1	116168
453.9061429561064	1.0	NonTarget	1	116200
454.03114292662787	1.0	NonTarget	1	116232
454.1561428971494	1.0	NonTarget	1	116264
454.28114286767084	1.0	NonTarget	1	116296
454.4061428381923	1.0	NonTarget	1	116328
454.5311428087138	1.0	NonTarget	1	116360
454.65614277923527	1.0	NonTarget	1	116392
454.7811427497567	1.0	NonTarget	1	116424
454.9061427202782	1.0	NonTarget	1	116456
455.0311426907997	1.0	NonTarget	1	116488
455.15614266132116	1.0	NonTarget	1	116520
455.2811426318426	1.0	NonTarget	1	116552
455.4061426023641	1.0	NonTarget	1	116584
455.5311425728856	1.0	NonTarget	1	116616
455.65614254340704	1.0	NonTarget	1	116648
455.78114251392856	1.0	NonTarget	1	116680
455.90614248445	1.0	NonTarget	1	116712
456.0311424549715	1.0	NonTarget	1	116744
456.15614242549293	1.0	NonTarget	1	116776
456.28114239601445	1.0	NonTarget	1	116808
456.4061423665359	1.0	NonTarget	1	116840
456.53114233705736	1.0	NonTarget	1	116872
456.6561423075789	1.0	NonTarget	1	116904
456.78114227810033	1.0	NonTarget	1	116936
456.9061422486218	1.0	NonTarget	1	116968
457.0311422191433	1.0	NonTarget	1	117000
457.15614218966476	1.0	NonTarget	1	117032
457.2811421601862	1.0	NonTarget	1	117064
457.40614213070774	1.0	NonTarget	1	117096
457.5311421012292	1.0	NonTarget	1	117128
457.65614207175065	1.0	NonTarget	1	117160
457.7811420422721	1.0	NonTarget	1	117192
457.9061420127936	1.0	NonTarget	1	117224
458.0311419833151	1.0	NonTarget	1	117256
458.15614195383654	1.0	NonTarget	1	117288
458.28114192435805	1.0	NonTarget	1	117320
458.4061418948795	1.0	NonTarget	1	117352
458.53114186540097	1.0	NonTarget	1	117384
458.6561418359225	1.0	NonTarget	1	117416
458.78114180644394	1.0	NonTarget	1	117448
458.9061417769654	1.0	NonTarget	1	117480
459.0311417474869	1.0	NonTarget	1	117512
459.15614171800837	1.0	NonTarget	1	117544
459.28114168852983	1.0	NonTarget	1	117576
459.4061416590513	1.0	NonTarget	1	117608
459.5311416295728	1.0	NonTarget	1	117640
459.65614160009426	1.0	NonTarget	1	117672
459.7811415706157	1.0	NonTarget	1	117704
459.90614154113723	1.0	NonTarget	1	117736
460.0311415116587	1.0	NonTarget	1	117768
460.15614148218015	1.0	NonTarget	1	117800
460.28114145270166	1.0	NonTarget	1	117832
460.4061414232231	1.0	NonTarget	1	117864
466.5311399787754	1.0	NonTarget	1	119432
466.65613994929686	1.0	NonTarget	1	119464
466.7811399198183	1.0	NonTarget	1	119496
466.90613989033983	1.0	NonTarget	1	119528
467.0311398608613	1.0	NonTarget	1	119560
467.15613983138275	1.0	NonTarget	1	119592
467.28113980190426	1.0	NonTarget	1	119624
467.4061397724257	1.0	NonTarget	1	119656
467.5311397429472	1.0	NonTarget	1	119688
467.6561397134687	1.0	NonTarget	1	119720
467.78113968399015	1.0	NonTarget	1	119752
467.9061396545116	1.0	NonTarget	1	119784
468.0311396250331	1.0	NonTarget	1	119816
468.1561395955546	1.0	NonTarget	1	119848
468.28113956607604	1.0	NonTarget	1	119880
468.4061395365975	1.0	NonTarget	1	119912
468.531139507119	1.0	NonTarget	1	119944
468.65613947764047	1.0	NonTarget	1	119976
468.7811394481619	1.0	NonTarget	1	120008
468.90613941868344	1.0	NonTarget	1	120040
469.0311393892049	1.0	NonTarget	1	120072
469.15613935972635	1.0	NonTarget	1	120104
469.28113933024787	1.0	NonTarget	1	120136
469.4061393007693	1.0	NonTarget	1	120168
469.5311392712908	1.0	NonTarget	1	120200
469.65613924181224	1.0	NonTarget	1	120232
469.78113921233376	1.0	NonTarget	1	120264
469.9061391828552	1.0	NonTarget	1	120296
470.03113915337667	1.0	NonTarget	1	120328
470.1561391238982	1.0	NonTarget	1	120360
470.28113909441964	1.0	NonTarget	1	120392
470.4061390649411	1.0	NonTarget	1	120424
470.5311390354626	1.0	NonTarget	1	120456
470.6561390059841	1.0	NonTarget	1	120488
470.78113897650553	1.0	NonTarget	1	120520
470.90613894702705	1.0	NonTarget	1	120552
471.0311389175485	1.0	NonTarget	1	120584
471.15613888806996	1.0	NonTarget	1	120616
471.2811388585914	1.0	NonTarget	1	120648
471.40613882911293	1.0	NonTarget	1	120680
471.5311387996344	1.0	NonTarget	1	120712
471.65613877015585	1.0	NonTarget	1	120744
471.78113874067736	1.0	NonTarget	1	120776
471.9061387111988	1.0	NonTarget	1	120808
472.0311386817203	1.0	NonTarget	1	120840
472.1561386522418	1.0	NonTarget	1	120872
472.28113862276325	1.0	NonTarget	1	120904
472.4061385932847	1.0	NonTarget	1	120936
472.5311385638062	1.0	NonTarget	1	120968
472.6561385343277	1.0	NonTarget	1	121000
472.78113850484914	1.0	NonTarget	1	121032
472.9061384753706	1.0	NonTarget	1	121064
473.0311384458921	1.0	NonTarget	1	121096
473.15613841641357	1.0	NonTarget	1	121128
473.281138386935	1.0	NonTarget	1	121160
473.40613835745654	1.0	NonTarget	1	121192
473.531138327978	1.0	NonTarget	1	121224
473.65613829849946	1.0	NonTarget	1	121256
473.78113826902097	1.0	NonTarget	1	121288
473.90613823954243	1.0	NonTarget	1	121320
474.0311382100639	1.0	NonTarget	1	121352
474.15613818058534	1.0	NonTarget	1	121384
474.28113815110686	1.0	NonTarget	1	121416
474.4061381216283	1.0	NonTarget	1	121448
474.5311380921498	1.0	NonTarget	1	121480
474.6561380626713	1.0	NonTarget	1	121512
474.78113803319275	1.0	NonTarget	1	121544
474.9061380037142	1.0	NonTarget	1	121576
475.0311379742357	1.0	NonTarget	1	121608
475.1561379447572	1.0	NonTarget	1	121640
475.28113791527863	1.0	NonTarget	1	121672
475.40613788580015	1.0	NonTarget	1	121704
475.5311378563216	1.0	NonTarget	1	121736
475.65613782684306	1.0	NonTarget	1	121768
475.7811377973645	1.0	NonTarget	1	121800
475.90613776788604	1.0	NonTarget	1	121832
476.0311377384075	1.0	NonTarget	1	121864
476.15613770892895	1.0	NonTarget	1	121896
476.28113767945047	1.0	NonTarget	1	121928
476.4061376499719	1.0	NonTarget	1	121960
476.5311376204934	1.0	NonTarget	1	121992
476.6561375910149	1.0	NonTarget	1	122024
476.78113756153635	1.0	NonTarget	1	122056
476.9061375320578	1.0	NonTarget	1	122088
477.03113750257927	1.0	NonTarget	1	122120
477.1561374731008	1.0	NonTarget	1	122152
477.28113744362224	1.0	NonTarget	1	122184
477.4061374141437	1.0	NonTarget	1	122216
477.5311373846652	1.0	NonTarget	1	122248
477.6561373551867	1.0	NonTarget	1	122280
477.78113732570813	1.0	NonTarget	1	122312
477.90613729622964	1.0	NonTarget	1	122344
478.0311372667511	1.0	NonTarget	1	122376
478.15613723727256	1.0	NonTarget	1	122408
478.2811372077941	1.0	NonTarget	1	122440
478.40613717831553	1.0	NonTarget	1	122472
478.531137148837	1.0	NonTarget	1	122504
478.65613711935845	1.0	NonTarget	1	122536
478.78113708987996	1.0	NonTarget	1	122568
478.9061370604014	1.0	NonTarget	1	122600
479.0311370309229	1.0	NonTarget	1	122632
479.1561370014444	1.0	NonTarget	1	122664
479.28113697196585	1.0	NonTarget	1	122696
479.4061369424873	1.0	NonTarget	1	122728
479.5311369130088	1.0	NonTarget	1	122760
479.6561368835303	1.0	NonTarget	1	122792
479.78113685405174	1.0	NonTarget	1	122824
479.90613682457325	1.0	NonTarget	1	122856
480.0311367950947	1.0	NonTarget	1	122888
480.15613676561617	1.0	NonTarget	1	122920
480.2811367361376	1.0	NonTarget	1	122952
480.40613670665914	1.0	NonTarget	1	122984
480.5311366771806	1.0	NonTarget	1	123016
480.65613664770206	1.0	NonTarget	1	123048
480.78113661822357	1.0	NonTarget	1	123080
480.906136588745	1.0	NonTarget	1	123112
481.0311365592665	1.0	NonTarget	1	123144
481.156136529788	1.0	NonTarget	1	123176
481.28113650030946	1.0	NonTarget	1	123208
481.4061364708309	1.0	NonTarget	1	123240
487.5311350263832	1.0	NonTarget	1	124808
487.65613499690465	1.0	NonTarget	1	124840
487.78113496742617	1.0	NonTarget	1	124872
487.9061349379476	1.0	NonTarget	1	124904
488.0311349084691	1.0	NonTarget	1	124936
488.1561348789906	1.0	NonTarget	1	124968
488.28113484951206	1.0	NonTarget	1	125000
488.4061348200335	1.0	NonTarget	1	125032
488.53113479055503	1.0	NonTarget	1	125064
488.6561347610765	1.0	NonTarget	1	125096
488.78113473159794	1.0	NonTarget	1	125128
488.90613470211946	1.0	NonTarget	1	125160
489.0311346726409	1.0	NonTarget	1	125192
489.1561346431624	1.0	NonTarget	1	125224
489.28113461368383	1.0	NonTarget	1	125256
489.40613458420535	1.0	NonTarget	1	125288
489.5311345547268	1.0	NonTarget	1	125320
489.65613452524826	1.0	NonTarget	1	125352
489.7811344957698	1.0	NonTarget	1	125384
489.90613446629123	1.0	NonTarget	1	125416
490.0311344368127	1.0	NonTarget	1	125448
490.1561344073342	1.0	NonTarget	1	125480
490.28113437785566	1.0	NonTarget	1	125512
490.4061343483771	1.0	NonTarget	1	125544
490.5311343188986	1.0	NonTarget	1	125576
490.6561342894201	1.0	NonTarget	1	125608
490.78113425994155	1.0	NonTarget	1	125640
490.906134230463	1.0	NonTarget	1	125672
491.0311342009845	1.0	NonTarget	1	125704
491.156134171506	1.0	NonTarget	1	125736
491.28113414202744	1.0	NonTarget	1	125768
491.40613411254895	1.0	NonTarget	1	125800
491.5311340830704	1.0	NonTarget	1	125832
491.65613405359187	1.0	NonTarget	1	125864
491.7811340241134	1.0	NonTarget	1	125896
491.90613399463484	1.0	NonTarget	1	125928
492.0311339651563	1.0	NonTarget	1	125960
492.15613393567776	1.0	NonTarget	1	125992
492.2811339061993	1.0	NonTarget	1	126024
492.40613387672073	1.0	NonTarget	1	126056
492.5311338472422	1.0	NonTarget	1	126088
492.6561338177637	1.0	NonTarget	1	126120
492.78113378828516	1.0	NonTarget	1	126152
492.9061337588066	1.0	NonTarget	1	126184
493.03113372932813	1.0	NonTarget	1	126216
493.1561336998496	1.0	NonTarget	1	126248
493.28113367037105	1.0	NonTarget	1	126280
493.40613364089256	1.0	NonTarget	1	126312
493.531133611414	1.0	NonTarget	1	126344
493.6561335819355	1.0	NonTarget	1	126376
493.78113355245694	1.0	NonTarget	1	126408
493.90613352297845	1.0	NonTarget	1	126440
494.0311334934999	1.0	NonTarget	1	126472
494.15613346402137	1.0	NonTarget	1	126504
494.2811334345429	1.0	NonTarget	1	126536
494.40613340506434	1.0	NonTarget	1	126568
494.5311333755858	1.0	NonTarget	1	126600
494.6561333461073	1.0	NonTarget	1	126632
494.78113331662877	1.0	NonTarget	1	126664
494.9061332871502	1.0	NonTarget	1	126696
495.0311332576717	1.0	NonTarget	1	126728
495.1561332281932	1.0	NonTarget	1	126760
495.28113319871466	1.0	NonTarget	1	126792
495.4061331692361	1.0	NonTarget	1	126824
495.5311331397576	1.0	NonTarget	1	126856
495.6561331102791	1.0	NonTarget	1	126888
495.78113308080054	1.0	NonTarget	1	126920
495.90613305132206	1.0	NonTarget	1	126952
496.0311330218435	1.0	NonTarget	1	126984
496.156132992365	1.0	NonTarget	1	127016
496.2811329628865	1.0	NonTarget	1	127048
496.40613293340795	1.0	NonTarget	1	127080
496.5311329039294	1.0	NonTarget	1	127112
496.65613287445086	1.0	NonTarget	1	127144
496.7811328449724	1.0	NonTarget	1	127176
496.90613281549383	1.0	NonTarget	1	127208
497.0311327860153	1.0	NonTarget	1	127240
497.1561327565368	1.0	NonTarget	1	127272
497.28113272705826	1.0	NonTarget	1	127304
497.4061326975797	1.0	NonTarget	1	127336
497.53113266810124	1.0	NonTarget	1	127368
497.6561326386227	1.0	NonTarget	1	127400
497.78113260914415	1.0	NonTarget	1	127432
497.90613257966567	1.0	NonTarget	1	127464
498.0311325501871	1.0	NonTarget	1	127496
498.1561325207086	1.0	NonTarget	1	127528
498.28113249123004	1.0	NonTarget	1	127560
498.40613246175155	1.0	NonTarget	1	127592
498.531132432273	1.0	NonTarget	1	127624
498.65613240279447	1.0	NonTarget	1	127656
498.781132373316	1.0	NonTarget	1	127688
498.90613234383744	1.0	NonTarget	1	127720
499.0311323143589	1.0	NonTarget	1	127752
499.1561322848804	1.0	NonTarget	1	127784
499.2811322554019	1.0	NonTarget	1	127816
499.40613222592333	1.0	NonTarget	1	127848
499.5311321964448	1.0	NonTarget	1	127880
499.6561321669663	1.0	NonTarget	1	127912
499.78113213748776	1.0	NonTarget	1	127944
499.9061321080092	1.0	NonTarget	1	127976
500.03113207853073	1.0	NonTarget	1	128008
500.1561320490522	1.0	NonTarget	1	128040
500.28113201957365	1.0	NonTarget	1	128072
500.40613199009516	1.0	NonTarget	1	128104
500.5311319606166	1.0	NonTarget	1	128136
500.6561319311381	1.0	NonTarget	1	128168
500.7811319016596	1.0	NonTarget	1	128200
500.90613187218105	1.0	NonTarget	1	128232
501.0311318427025	1.0	NonTarget	1	128264
501.15613181322396	1.0	NonTarget	1	128296
501.2811317837455	1.0	NonTarget	1	128328
501.40613175426694	1.0	NonTarget	1	128360
501.5311317247884	1.0	NonTarget	1	128392
501.6561316953099	1.0	NonTarget	1	128424
501.78113166583137	1.0	NonTarget	1	128456
501.9061316363528	1.0	NonTarget	1	128488
502.03113160687434	1.0	NonTarget	1	128520
502.1561315773958	1.0	NonTarget	1	128552
502.28113154791725	1.0	NonTarget	1	128584
502.4061315184387	1.0	NonTarget	1	128616
508.531130073991	1.0	NonTarget	1	130184
508.6561300445125	1.0	NonTarget	1	130216
508.78113001503397	1.0	NonTarget	1	130248
508.9061299855554	1.0	NonTarget	1	130280
509.03112995607694	1.0	NonTarget	1	130312
509.1561299265984	1.0	NonTarget	1	130344
509.28112989711985	1.0	NonTarget	1	130376
509.40612986764137	1.0	NonTarget	1	130408
509.5311298381628	1.0	NonTarget	1	130440
509.6561298086843	1.0	NonTarget	1	130472
509.7811297792058	1.0	NonTarget	1	130504
509.90612974972726	1.0	NonTarget	1	130536
510.0311297202487	1.0	NonTarget	1	130568
510.1561296907702	1.0	NonTarget	1	130600
510.2811296612917	1.0	NonTarget	1	130632
510.40612963181314	1.0	NonTarget	1	130664
510.5311296023346	1.0	NonTarget	1	130696
510.6561295728561	1.0	NonTarget	1	130728
510.7811295433776	1.0	NonTarget	1	130760
510.90612951389903	1.0	NonTarget	1	130792
511.03112948442055	1.0	NonTarget	1	130824
511.156129454942	1.0	NonTarget	1	130856
511.28112942546346	1.0	NonTarget	1	130888
511.4061293959849	1.0	NonTarget	1	130920
511.53112936650643	1.0	NonTarget	1	130952
511.6561293370279	1.0	NonTarget	1	130984
511.78112930754935	1.0	NonTarget	1	131016
511.90612927807086	1.0	NonTarget	1	131048
512.0311292485924	1.0	NonTarget	1	131080
512.1561292191138	1.0	NonTarget	1	131112
512.2811291896353	1.0	NonTarget	1	131144
512.4061291601568	1.0	NonTarget	1	131176
512.5311291306782	1.0	NonTarget	1	131208
512.6561291011997	1.0	NonTarget	1	131240
512.7811290717211	1.0	NonTarget	1	131272
512.9061290422427	1.0	NonTarget	1	131304
513.0311290127642	1.0	NonTarget	1	131336
513.1561289832856	1.0	NonTarget	1	131368
513.2811289538071	1.0	NonTarget	1	131400
513.4061289243285	1.0	NonTarget	1	131432
513.53112889485	1.0	NonTarget	1	131464
513.6561288653714	1.0	NonTarget	1	131496
513.781128835893	1.0	NonTarget	1	131528
513.9061288064145	1.0	NonTarget	1	131560
514.0311287769359	1.0	NonTarget	1	131592
514.1561287474574	1.0	NonTarget	1	131624
514.2811287179788	1.0	NonTarget	1	131656
514.4061286885003	1.0	NonTarget	1	131688
514.5311286590219	1.0	NonTarget	1	131720
514.6561286295433	1.0	NonTarget	1	131752
514.7811286000648	1.0	NonTarget	1	131784
514.9061285705862	1.0	NonTarget	1	131816
515.0311285411077	1.0	NonTarget	1	131848
515.1561285116292	1.0	NonTarget	1	131880
515.2811284821506	1.0	NonTarget	1	131912
515.4061284526722	1.0	NonTarget	1	131944
515.5311284231936	1.0	NonTarget	1	131976
515.6561283937151	1.0	NonTarget	1	132008
515.7811283642366	1.0	NonTarget	1	132040
515.906128334758	1.0	NonTarget	1	132072
516.0311283052795	1.0	NonTarget	1	132104
516.156128275801	1.0	NonTarget	1	132136
516.2811282463225	1.0	NonTarget	1	132168
516.406128216844	1.0	NonTarget	1	132200
516.5311281873654	1.0	NonTarget	1	132232
516.6561281578869	1.0	NonTarget	1	132264
516.7811281284083	1.0	NonTarget	1	132296
516.9061280989298	1.0	NonTarget	1	132328
517.0311280694514	1.0	NonTarget	1	132360
517.1561280399728	1.0	NonTarget	1	132392
517.2811280104943	1.0	NonTarget	1	132424
517.4061279810157	1.0	NonTarget	1	132456
517.5311279515372	1.0	NonTarget	1	132488
517.6561279220587	1.0	NonTarget	1	132520
517.7811278925802	1.0	NonTarget	1	132552
517.9061278631017	1.0	NonTarget	1	132584
518.0311278336231	1.0	NonTarget	1	132616
518.1561278041446	1.0	NonTarget	1	132648
518.2811277746661	1.0	NonTarget	1	132680
518.4061277451875	1.0	NonTarget	1	132712
518.531127715709	1.0	NonTarget	1	132744
518.6561276862305	1.0	NonTarget	1	132776
518.781127656752	1.0	NonTarget	1	132808
518.9061276272735	1.0	NonTarget	1	132840
519.0311275977949	1.0	NonTarget	1	132872
519.1561275683164	1.0	NonTarget	1	132904
519.2811275388378	1.0	NonTarget	1	132936
519.4061275093594	1.0	NonTarget	1	132968
519.5311274798809	1.0	NonTarget	1	133000
519.6561274504023	1.0	NonTarget	1	133032
519.7811274209238	1.0	NonTarget	1	133064
519.9061273914452	1.0	NonTarget	1	133096
520.0311273619667	1.0	NonTarget	1	133128
520.1561273324882	1.0	NonTarget	1	133160
520.2811273030097	1.0	NonTarget	1	133192
520.4061272735312	1.0	NonTarget	1	133224
520.5311272440526	1.0	NonTarget	1	133256
520.6561272145741	1.0	NonTarget	1	133288
520.7811271850956	1.0	NonTarget	1	133320
520.906127155617	1.0	NonTarget	1	133352
521.0311271261386	1.0	NonTarget	1	133384
521.15612709666	1.0	NonTarget	1	133416
521.2811270671815	1.0	NonTarget	1	133448
521.406127037703	1.0	NonTarget	1	133480
521.5311270082244	1.0	NonTarget	1	133512
521.6561269787459	1.0	NonTarget	1	133544
521.7811269492673	1.0	NonTarget	1	133576
521.9061269197889	1.0	NonTarget	1	133608
522.0311268903104	1.0	NonTarget	1	133640
522.1561268608318	1.0	NonTarget	1	133672
522.2811268313533	1.0	NonTarget	1	133704
522.4061268018747	1.0	NonTarget	1	133736
522.5311267723962	1.0	NonTarget	1	133768
522.6561267429176	1.0	NonTarget	1	133800
522.7811267134392	1.0	NonTarget	1	133832
522.9061266839607	1.0	NonTarget	1	133864
523.0311266544821	1.0	NonTarget	1	133896
523.1561266250036	1.0	NonTarget	1	133928
523.281126595525	1.0	NonTarget	1	133960
523.4061265660465	1.0	NonTarget	1	133992
529.5311251215988	1.0	NonTarget	1	135560
529.6561250921203	1.0	NonTarget	1	135592
529.7811250626418	1.0	NonTarget	1	135624
529.9061250331632	1.0	NonTarget	1	135656
530.0311250036847	1.0	NonTarget	1	135688
530.1561249742063	1.0	NonTarget	1	135720
530.2811249447277	1.0	NonTarget	1	135752
530.4061249152492	1.0	NonTarget	1	135784
530.5311248857706	1.0	NonTarget	1	135816
530.6561248562921	1.0	NonTarget	1	135848
530.7811248268135	1.0	NonTarget	1	135880
530.9061247973351	1.0	NonTarget	1	135912
531.0311247678566	1.0	NonTarget	1	135944
531.156124738378	1.0	NonTarget	1	135976
531.2811247088995	1.0	NonTarget	1	136008
531.4061246794209	1.0	NonTarget	1	136040
531.5311246499424	1.0	NonTarget	1	136072
531.6561246204639	1.0	NonTarget	1	136104
531.7811245909854	1.0	NonTarget	1	136136
531.9061245615069	1.0	NonTarget	1	136168
532.0311245320283	1.0	NonTarget	1	136200
532.1561245025498	1.0	NonTarget	1	136232
532.2811244730713	1.0	NonTarget	1	136264
532.4061244435927	1.0	NonTarget	1	136296
532.5311244141143	1.0	NonTarget	1	136328
532.6561243846357	1.0	NonTarget	1	136360
532.7811243551572	1.0	NonTarget	1	136392
532.9061243256787	1.0	NonTarget	1	136424
533.0311242962001	1.0	NonTarget	1	136456
533.1561242667216	1.0	NonTarget	1	136488
533.281124237243	1.0	NonTarget	1	136520
533.4061242077646	1.0	NonTarget	1	136552
533.5311241782861	1.0	NonTarget	1	136584
533.6561241488075	1.0	NonTarget	1	136616
533.781124119329	1.0	NonTarget	1	136648
533.9061240898504	1.0	NonTarget	1	136680
534.0311240603719	1.0	NonTarget	1	136712
534.1561240308935	1.0	NonTarget	1	136744
534.2811240014149	1.0	NonTarget	1	136776
534.4061239719364	1.0	NonTarget	1	136808
534.5311239424578	1.0	NonTarget	1	136840
534.6561239129793	1.0	NonTarget	1	136872
534.7811238835008	1.0	NonTarget	1	136904
534.9061238540222	1.0	NonTarget	1	136936
535.0311238245438	1.0	NonTarget	1	136968
535.1561237950652	1.0	NonTarget	1	137000
535.2811237655867	1.0	NonTarget	1	137032
535.4061237361082	1.0	NonTarget	1	137064
535.5311237066296	1.0	NonTarget	1	137096
535.6561236771511	1.0	NonTarget	1	137128
535.7811236476726	1.0	NonTarget	1	137160
535.9061236181941	1.0	NonTarget	1	137192
536.0311235887156	1.0	NonTarget	1	137224
536.156123559237	1.0	NonTarget	1	137256
536.2811235297585	1.0	NonTarget	1	137288
536.4061235002799	1.0	NonTarget	1	137320
536.5311234708014	1.0	NonTarget	1	137352
536.656123441323	1.0	NonTarget	1	137384
536.7811234118444	1.0	NonTarget	1	137416
536.9061233823659	1.0	NonTarget	1	137448
537.0311233528873	1.0	NonTarget	1	137480
537.1561233234088	1.0	NonTarget	1	137512
537.2811232939302	1.0	NonTarget	1	137544
537.4061232644518	1.0	NonTarget	1	137576
537.5311232349733	1.0	NonTarget	1	137608
537.6561232054947	1.0	NonTarget	1	137640
537.7811231760162	1.0	NonTarget	1	137672
537.9061231465377	1.0	NonTarget	1	137704
538.0311231170591	1.0	NonTarget	1	137736
538.1561230875806	1.0	NonTarget	1	137768
538.2811230581021	1.0	NonTarget	1	137800
538.4061230286236	1.0	NonTarget	1	137832
538.531122999145	1.0	NonTarget	1	137864
538.6561229696665	1.0	NonTarget	1	137896
538.781122940188	1.0	NonTarget	1	137928
538.9061229107094	1.0	NonTarget	1	137960
539.0311228812309	1.0	NonTarget	1	137992
539.1561228517525	1.0	NonTarget	1	138024
539.2811228222739	1.0	NonTarget	1	138056
539.4061227927954	1.0	NonTarget	1	138088
539.5311227633168	1.0	NonTarget	1	138120
539.6561227338383	1.0	NonTarget	1	138152
539.7811227043597	1.0	NonTarget	1	138184
539.9061226748813	1.0	NonTarget	1	138216
540.0311226454028	1.0	NonTarget	1	138248
540.1561226159242	1.0	NonTarget	1	138280
540.2811225864457	1.0	NonTarget	1	138312
540.4061225569671	1.0	NonTarget	1	138344
540.5311225274886	1.0	NonTarget	1	138376
540.6561224980101	1.0	NonTarget	1	138408
540.7811224685316	1.0	NonTarget	1	138440
540.9061224390531	1.0	NonTarget	1	138472
541.0311224095746	1.0	NonTarget	1	138504
541.156122380096	1.0	NonTarget	1	138536
541.2811223506175	1.0	NonTarget	1	138568
541.4061223211389	1.0	NonTarget	1	138600
541.5311222916605	1.0	NonTarget	1	138632
541.656122262182	1.0	NonTarget	1	138664
541.7811222327034	1.0	NonTarget	1	138696
541.9061222032249	1.0	NonTarget	1	138728
542.0311221737463	1.0	NonTarget	1	138760
542.1561221442678	1.0	NonTarget	1	138792
542.2811221147892	1.0	NonTarget	1	138824
542.4061220853108	1.0	NonTarget	1	138856
542.5311220558323	1.0	NonTarget	1	138888
542.6561220263537	1.0	NonTarget	1	138920
542.7811219968752	1.0	NonTarget	1	138952
542.9061219673966	1.0	NonTarget	1	138984
543.0311219379181	1.0	NonTarget	1	139016
543.1561219084397	1.0	NonTarget	1	139048
543.2811218789611	1.0	NonTarget	1	139080
543.4061218494826	1.0	NonTarget	1	139112
543.531121820004	1.0	NonTarget	1	139144
543.6561217905255	1.0	NonTarget	1	139176
543.781121761047	1.0	NonTarget	1	139208
543.9061217315684	1.0	NonTarget	1	139240
544.03112170209	1.0	NonTarget	1	139272
544.1561216726114	1.0	NonTarget	1	139304
544.2811216431329	1.0	NonTarget	1	139336
544.4061216136544	1.0	NonTarget	1	139368
550.5311201692067	1.0	NonTarget	1	140936
550.6561201397282	1.0	NonTarget	1	140968
550.7811201102496	1.0	NonTarget	1	141000
550.9061200807711	1.0	NonTarget	1	141032
551.0311200512925	1.0	NonTarget	1	141064
551.156120021814	1.0	NonTarget	1	141096
551.2811199923354	1.0	NonTarget	1	141128
551.406119962857	1.0	NonTarget	1	141160
551.5311199333785	1.0	NonTarget	1	141192
551.6561199038999	1.0	NonTarget	1	141224
551.7811198744214	1.0	NonTarget	1	141256
551.9061198449429	1.0	NonTarget	1	141288
552.0311198154643	1.0	NonTarget	1	141320
552.1561197859859	1.0	NonTarget	1	141352
552.2811197565073	1.0	NonTarget	1	141384
552.4061197270288	1.0	NonTarget	1	141416
552.5311196975503	1.0	NonTarget	1	141448
552.6561196680717	1.0	NonTarget	1	141480
552.7811196385932	1.0	NonTarget	1	141512
552.9061196091146	1.0	NonTarget	1	141544
553.0311195796362	1.0	NonTarget	1	141576
553.1561195501577	1.0	NonTarget	1	141608
553.2811195206791	1.0	NonTarget	1	141640
553.4061194912006	1.0	NonTarget	1	141672
553.531119461722	1.0	NonTarget	1	141704
553.6561194322435	1.0	NonTarget	1	141736
553.7811194027651	1.0	NonTarget	1	141768
553.9061193732865	1.0	NonTarget	1	141800
554.031119343808	1.0	NonTarget	1	141832
554.1561193143294	1.0	NonTarget	1	141864
554.2811192848509	1.0	NonTarget	1	141896
554.4061192553723	1.0	NonTarget	1	141928
554.5311192258938	1.0	NonTarget	1	141960
554.6561191964154	1.0	NonTarget	1	141992
554.7811191669368	1.0	NonTarget	1	142024
554.9061191374583	1.0	NonTarget	1	142056
555.0311191079797	1.0	NonTarget	1	142088
555.1561190785012	1.0	NonTarget	1	142120
555.2811190490227	1.0	NonTarget	1	142152
555.4061190195441	1.0	NonTarget	1	142184
555.5311189900657	1.0	NonTarget	1	142216
555.6561189605872	1.0	NonTarget	1	142248
555.7811189311086	1.0	NonTarget	1	142280
555.9061189016301	1.0	NonTarget	1	142312
556.0311188721515	1.0	NonTarget	1	142344
556.156118842673	1.0	NonTarget	1	142376
556.2811188131946	1.0	NonTarget	1	142408
556.406118783716	1.0	NonTarget	1	142440
556.5311187542375	1.0	NonTarget	1	142472
556.6561187247589	1.0	NonTarget	1	142504
556.7811186952804	1.0	NonTarget	1	142536
556.9061186658018	1.0	NonTarget	1	142568
557.0311186363233	1.0	NonTarget	1	142600
557.1561186068449	1.0	NonTarget	1	142632
557.2811185773663	1.0	NonTarget	1	142664
557.4061185478878	1.0	NonTarget	1	142696
557.5311185184092	1.0	NonTarget	1	142728
557.6561184889307	1.0	NonTarget	1	142760
557.7811184594522	1.0	NonTarget	1	142792
557.9061184299737	1.0	NonTarget	1	142824
558.0311184004952	1.0	NonTarget	1	142856
558.1561183710166	1.0	NonTarget	1	142888
558.2811183415381	1.0	NonTarget	1	142920
558.4061183120596	1.0	NonTarget	1	142952
558.531118282581	1.0	NonTarget	1	142984
558.6561182531025	1.0	NonTarget	1	143016
558.781118223624	1.0	NonTarget	1	143048
558.9061181941455	1.0	NonTarget	1	143080
559.031118164667	1.0	NonTarget	1	143112
559.1561181351884	1.0	NonTarget	1	143144
559.2811181057099	1.0	NonTarget	1	143176
559.4061180762313	1.0	NonTarget	1	143208
559.5311180467529	1.0	NonTarget	1	143240
559.6561180172744	1.0	NonTarget	1	143272
559.7811179877958	1.0	NonTarget	1	143304
559.9061179583173	1.0	NonTarget	1	143336
560.0311179288387	1.0	NonTarget	1	143368
560.1561178993602	1.0	NonTarget	1	143400
560.2811178698817	1.0	NonTarget	1	143432
560.4061178404032	1.0	NonTarget	1	143464
560.5311178109247	1.0	NonTarget	1	143496
560.6561177814461	1.0	NonTarget	1	143528
560.7811177519676	1.0	NonTarget	1	143560
560.9061177224891	1.0	NonTarget	1	143592
561.0311176930105	1.0	NonTarget	1	143624
561.1561176635321	1.0	NonTarget	1	143656
561.2811176340535	1.0	NonTarget	1	143688
561.406117604575	1.0	NonTarget	1	143720
561.5311175750965	1.0	NonTarget	1	143752
561.6561175456179	1.0	NonTarget	1	143784
561.7811175161394	1.0	NonTarget	1	143816
561.9061174866608	1.0	NonTarget	1	143848
562.0311174571824	1.0	NonTarget	1	143880
562.1561174277039	1.0	NonTarget	1	143912
562.2811173982253	1.0	NonTarget	1	143944
562.4061173687468	1.0	NonTarget	1	143976
562.5311173392682	1.0	NonTarget	1	144008
562.6561173097897	1.0	NonTarget	1	144040
562.7811172803113	1.0	NonTarget	1	144072
562.9061172508327	1.0	NonTarget	1	144104
563.0311172213542	1.0	NonTarget	1	144136
563.1561171918756	1.0	NonTarget	1	144168
563.2811171623971	1.0	NonTarget	1	144200
563.4061171329186	1.0	NonTarget	1	144232
563.53111710344	1.0	NonTarget	1	144264
563.6561170739616	1.0	NonTarget	1	144296
563.781117044483	1.0	NonTarget	1	144328
563.9061170150045	1.0	NonTarget	1	144360
564.031116985526	1.0	NonTarget	1	144392
564.1561169560474	1.0	NonTarget	1	144424
564.2811169265689	1.0	NonTarget	1	144456
564.4061168970903	1.0	NonTarget	1	144488
564.5311168676119	1.0	NonTarget	1	144520
564.6561168381334	1.0	NonTarget	1	144552
564.7811168086548	1.0	NonTarget	1	144584
564.9061167791763	1.0	NonTarget	1	144616
565.0311167496977	1.0	NonTarget	1	144648
565.1561167202192	1.0	NonTarget	1	144680
565.2811166907408	1.0	NonTarget	1	144712
565.4061166612622	1.0	NonTarget	1	144744
571.5311152168144	1.0	NonTarget	1	146312
571.6561151873359	1.0	NonTarget	1	146344
571.7811151578574	1.0	NonTarget	1	146376
571.9061151283789	1.0	NonTarget	1	146408
572.0311150989004	1.0	NonTarget	1	146440
572.1561150694218	1.0	NonTarget	1	146472
572.2811150399433	1.0	NonTarget	1	146504
572.4061150104648	1.0	NonTarget	1	146536
572.5311149809862	1.0	NonTarget	1	146568
572.6561149515078	1.0	NonTarget	1	146600
572.7811149220292	1.0	NonTarget	1	146632
572.9061148925507	1.0	NonTarget	1	146664
573.0311148630722	1.0	NonTarget	1	146696
573.1561148335936	1.0	NonTarget	1	146728
573.2811148041151	1.0	NonTarget	1	146760
573.4061147746365	1.0	NonTarget	1	146792
573.5311147451581	1.0	NonTarget	1	146824
573.6561147156796	1.0	NonTarget	1	146856
573.781114686201	1.0	NonTarget	1	146888
573.9061146567225	1.0	NonTarget	1	146920
574.0311146272439	1.0	NonTarget	1	146952
574.1561145977654	1.0	NonTarget	1	146984
574.281114568287	1.0	NonTarget	1	147016
574.4061145388084	1.0	NonTarget	1	147048
574.5311145093299	1.0	NonTarget	1	147080
574.6561144798513	1.0	NonTarget	1	147112
574.7811144503728	1.0	NonTarget	1	147144
574.9061144208943	1.0	NonTarget	1	147176
575.0311143914157	1.0	NonTarget	1	147208
575.1561143619373	1.0	NonTarget	1	147240
575.2811143324587	1.0	NonTarget	1	147272
575.4061143029802	1.0	NonTarget	1	147304
575.5311142735017	1.0	NonTarget	1	147336
575.6561142440231	1.0	NonTarget	1	147368
575.7811142145446	1.0	NonTarget	1	147400
575.9061141850661	1.0	NonTarget	1	147432
576.0311141555876	1.0	NonTarget	1	147464
576.1561141261091	1.0	NonTarget	1	147496
576.2811140966305	1.0	NonTarget	1	147528
576.406114067152	1.0	NonTarget	1	147560
576.5311140376734	1.0	NonTarget	1	147592
576.6561140081949	1.0	NonTarget	1	147624
576.7811139787165	1.0	NonTarget	1	147656
576.9061139492379	1.0	NonTarget	1	147688
577.0311139197594	1.0	NonTarget	1	147720
577.1561138902808	1.0	NonTarget	1	147752
577.2811138608023	1.0	NonTarget	1	147784
577.4061138313238	1.0	NonTarget	1	147816
577.5311138018453	1.0	NonTarget	1	147848
577.6561137723668	1.0	NonTarget	1	147880
577.7811137428882	1.0	NonTarget	1	147912
577.9061137134097	1.0	NonTarget	1	147944
578.0311136839312	1.0	NonTarget	1	147976
578.1561136544526	1.0	NonTarget	1	148008
578.2811136249741	1.0	NonTarget	1	148040
578.4061135954956	1.0	NonTarget	1	148072
578.5311135660171	1.0	NonTarget	1	148104
578.6561135365386	1.0	NonTarget	1	148136
578.78111350706	1.0	NonTarget	1	148168
578.9061134775815	1.0	NonTarget	1	148200
579.0311134481029	1.0	NonTarget	1	148232
579.1561134186245	1.0	NonTarget	1	148264
579.281113389146	1.0	NonTarget	1	148296
579.4061133596674	1.0	NonTarget	1	148328
579.5311133301889	1.0	NonTarget	1	148360
579.6561133007103	1.0	NonTarget	1	148392
579.7811132712318	1.0	NonTarget	1	148424
579.9061132417532	1.0	NonTarget	1	148456
580.0311132122748	1.0	NonTarget	1	148488
580.1561131827963	1.0	NonTarget	1	148520
580.2811131533177	1.0	NonTarget	1	148552
580.4061131238392	1.0	NonTarget	1	148584
580.5311130943606	1.0	NonTarget	1	148616
580.6561130648821	1.0	NonTarget	1	148648
580.7811130354036	1.0	NonTarget	1	148680
580.9061130059251	1.0	NonTarget	1	148712
581.0311129764466	1.0	NonTarget	1	148744
581.156112946968	1.0	NonTarget	1	148776
581.2811129174895	1.0	NonTarget	1	148808
581.406112888011	1.0	NonTarget	1	148840
581.5311128585324	1.0	NonTarget	1	148872
581.656112829054	1.0	NonTarget	1	148904
581.7811127995755	1.0	NonTarget	1	148936
581.9061127700969	1.0	NonTarget	1	148968
582.0311127406184	1.0	NonTarget	1	149000
582.1561127111398	1.0	NonTarget	1	149032
582.2811126816613	1.0	NonTarget	1	149064
582.4061126521827	1.0	NonTarget	1	149096
582.5311126227043	1.0	NonTarget	1	149128
582.6561125932258	1.0	NonTarget	1	149160
582.7811125637472	1.0	NonTarget	1	149192
582.9061125342687	1.0	NonTarget	1	149224
583.0311125047901	1.0	NonTarget	1	149256
583.1561124753116	1.0	NonTarget	1	149288
583.2811124458332	1.0	NonTarget	1	149320
583.4061124163546	1.0	NonTarget	1	149352
583.5311123868761	1.0	NonTarget	1	149384
583.6561123573975	1.0	NonTarget	1	149416
583.781112327919	1.0	NonTarget	1	149448
583.9061122984405	1.0	NonTarget	1	149480
584.0311122689619	1.0	NonTarget	1	149512
584.1561122394835	1.0	NonTarget	1	149544
584.281112210005	1.0	NonTarget	1	149576
584.4061121805264	1.0	NonTarget	1	149608
584.5311121510479	1.0	NonTarget	1	149640
584.6561121215693	1.0	NonTarget	1	149672
584.7811120920908	1.0	NonTarget	1	149704
584.9061120626124	1.0	NonTarget	1	149736
585.0311120331338	1.0	NonTarget	1	149768
585.1561120036553	1.0	NonTarget	1	149800
585.2811119741767	1.0	NonTarget	1	149832
585.4061119446982	1.0	NonTarget	1	149864
585.5311119152196	1.0	NonTarget	1	149896
585.6561118857411	1.0	NonTarget	1	149928
585.7811118562627	1.0	NonTarget	1	149960
585.9061118267841	1.0	NonTarget	1	149992
586.0311117973056	1.0	NonTarget	1	150024
586.156111767827	1.0	NonTarget	1	150056
586.2811117383485	1.0	NonTarget	1	150088
586.40611170887	1.0	NonTarget	1	150120
592.5311102644223	1.0	NonTarget	1	151688
592.6561102349438	1.0	NonTarget	1	151720
592.7811102054652	1.0	NonTarget	1	151752
592.9061101759867	1.0	NonTarget	1	151784
593.0311101465081	1.0	NonTarget	1	151816
593.1561101170297	1.0	NonTarget	1	151848
593.2811100875512	1.0	NonTarget	1	151880
593.4061100580726	1.0	NonTarget	1	151912
593.5311100285941	1.0	NonTarget	1	151944
593.6561099991155	1.0	NonTarget	1	151976
593.781109969637	1.0	NonTarget	1	152008
593.9061099401586	1.0	NonTarget	1	152040
594.03110991068	1.0	NonTarget	1	152072
594.1561098812015	1.0	NonTarget	1	152104
594.2811098517229	1.0	NonTarget	1	152136
594.4061098222444	1.0	NonTarget	1	152168
594.5311097927658	1.0	NonTarget	1	152200
594.6561097632873	1.0	NonTarget	1	152232
594.7811097338089	1.0	NonTarget	1	152264
594.9061097043303	1.0	NonTarget	1	152296
595.0311096748518	1.0	NonTarget	1	152328
595.1561096453732	1.0	NonTarget	1	152360
595.2811096158947	1.0	NonTarget	1	152392
595.4061095864162	1.0	NonTarget	1	152424
595.5311095569377	1.0	NonTarget	1	152456
595.6561095274592	1.0	NonTarget	1	152488
595.7811094979807	1.0	NonTarget	1	152520
595.9061094685021	1.0	NonTarget	1	152552
596.0311094390236	1.0	NonTarget	1	152584
596.156109409545	1.0	NonTarget	1	152616
596.2811093800665	1.0	NonTarget	1	152648
596.406109350588	1.0	NonTarget	1	152680
596.5311093211095	1.0	NonTarget	1	152712
596.656109291631	1.0	NonTarget	1	152744
596.7811092621524	1.0	NonTarget	1	152776
596.9061092326739	1.0	NonTarget	1	152808
597.0311092031953	1.0	NonTarget	1	152840
597.1561091737168	1.0	NonTarget	1	152872
597.2811091442384	1.0	NonTarget	1	152904
597.4061091147598	1.0	NonTarget	1	152936
597.5311090852813	1.0	NonTarget	1	152968
597.6561090558027	1.0	NonTarget	1	153000
597.7811090263242	1.0	NonTarget	1	153032
597.9061089968457	1.0	NonTarget	1	153064
598.0311089673672	1.0	NonTarget	1	153096
598.1561089378887	1.0	NonTarget	1	153128
598.2811089084101	1.0	NonTarget	1	153160
598.4061088789316	1.0	NonTarget	1	153192
598.5311088494531	1.0	NonTarget	1	153224
598.6561088199745	1.0	NonTarget	1	153256
598.781108790496	1.0	NonTarget	1	153288
598.9061087610175	1.0	NonTarget	1	153320
599.031108731539	1.0	NonTarget	1	153352
599.1561087020605	1.0	NonTarget	1	153384
599.2811086725819	1.0	NonTarget	1	153416
599.4061086431034	1.0	NonTarget	1	153448
599.5311086136248	1.0	NonTarget	1	153480
599.6561085841464	1.0	NonTarget	1	153512
599.7811085546679	1.0	NonTarget	1	153544
599.9061085251893	1.0	NonTarget	1	153576
600.0311084957108	1.0	NonTarget	1	153608
600.1561084662322	1.0	NonTarget	1	153640
600.2811084367537	1.0	NonTarget	1	153672
600.4061084072752	1.0	NonTarget	1	153704
600.5311083777967	1.0	NonTarget	1	153736
600.6561083483182	1.0	NonTarget	1	153768
600.7811083188396	1.0	NonTarget	1	153800
600.9061082893611	1.0	NonTarget	1	153832
601.0311082598826	1.0	NonTarget	1	153864
601.156108230404	1.0	NonTarget	1	153896
601.2811082009256	1.0	NonTarget	1	153928
601.406108171447	1.0	NonTarget	1	153960
601.5311081419685	1.0	NonTarget	1	153992
601.65610811249	1.0	NonTarget	1	154024
601.7811080830114	1.0	NonTarget	1	154056
601.9061080535329	1.0	NonTarget	1	154088
602.0311080240543	1.0	NonTarget	1	154120
602.1561079945759	1.0	NonTarget	1	154152
602.2811079650974	1.0	NonTarget	1	154184
602.4061079356188	1.0	NonTarget	1	154216
602.5311079061403	1.0	NonTarget	1	154248
602.6561078766617	1.0	NonTarget	1	154280
602.7811078471832	1.0	NonTarget	1	154312
602.9061078177048	1.0	NonTarget	1	154344
603.0311077882262	1.0	NonTarget	1	154376
603.1561077587477	1.0	NonTarget	1	154408
603.2811077292691	1.0	NonTarget	1	154440
603.4061076997906	1.0	NonTarget	1	154472
603.531107670312	1.0	NonTarget	1	154504
603.6561076408335	1.0	NonTarget	1	154536
603.7811076113551	1.0	NonTarget	1	154568
603.9061075818765	1.0	NonTarget	1	154600
604.031107552398	1.0	NonTarget	1	154632
604.1561075229195	1.0	NonTarget	1	154664
604.2811074934409	1.0	NonTarget	1	154696
604.4061074639624	1.0	NonTarget	1	154728
604.5311074344839	1.0	NonTarget	1	154760
604.6561074050054	1.0	NonTarget	1	154792
604.7811073755269	1.0	NonTarget	1	154824
604.9061073460483	1.0	NonTarget	1	154856
605.0311073165698	1.0	NonTarget	1	154888
605.1561072870912	1.0	NonTarget	1	154920
605.2811072576127	1.0	NonTarget	1	154952
605.4061072281343	1.0	NonTarget	1	154984
605.5311071986557	1.0	NonTarget	1	155016
605.6561071691772	1.0	NonTarget	1	155048
605.7811071396986	1.0	NonTarget	1	155080
605.9061071102201	1.0	NonTarget	1	155112
606.0311070807415	1.0	NonTarget	1	155144
606.156107051263	1.0	NonTarget	1	155176
606.2811070217846	1.0	NonTarget	1	155208
606.406106992306	1.0	NonTarget	1	155240
606.5311069628275	1.0	NonTarget	1	155272
606.656106933349	1.0	NonTarget	1	155304
606.7811069038704	1.0	NonTarget	1	155336
606.9061068743919	1.0	NonTarget	1	155368
607.0311068449134	1.0	NonTarget	1	155400
607.1561068154349	1.0	NonTarget	1	155432
607.2811067859564	1.0	NonTarget	1	155464
607.4061067564778	1.0	NonTarget	1	155496
613.53110531203	1.0	NonTarget	1	157064
613.6561052825516	1.0	NonTarget	1	157096
613.7811052530731	1.0	NonTarget	1	157128
613.9061052235945	1.0	NonTarget	1	157160
614.031105194116	1.0	NonTarget	1	157192
614.1561051646374	1.0	NonTarget	1	157224
614.2811051351589	1.0	NonTarget	1	157256
614.4061051056805	1.0	NonTarget	1	157288
614.5311050762019	1.0	NonTarget	1	157320
614.6561050467234	1.0	NonTarget	1	157352
614.7811050172448	1.0	NonTarget	1	157384
614.9061049877663	1.0	NonTarget	1	157416
615.0311049582878	1.0	NonTarget	1	157448
615.1561049288092	1.0	NonTarget	1	157480
615.2811048993308	1.0	NonTarget	1	157512
615.4061048698522	1.0	NonTarget	1	157544
615.5311048403737	1.0	NonTarget	1	157576
615.6561048108952	1.0	NonTarget	1	157608
615.7811047814166	1.0	NonTarget	1	157640
615.9061047519381	1.0	NonTarget	1	157672
616.0311047224596	1.0	NonTarget	1	157704
616.1561046929811	1.0	NonTarget	1	157736
616.2811046635026	1.0	NonTarget	1	157768
616.406104634024	1.0	NonTarget	1	157800
616.5311046045455	1.0	NonTarget	1	157832
616.6561045750669	1.0	NonTarget	1	157864
616.7811045455884	1.0	NonTarget	1	157896
616.90610451611	1.0	NonTarget	1	157928
617.0311044866314	1.0	NonTarget	1	157960
617.1561044571529	1.0	NonTarget	1	157992
617.2811044276743	1.0	NonTarget	1	158024
617.4061043981958	1.0	NonTarget	1	158056
617.5311043687173	1.0	NonTarget	1	158088
617.6561043392388	1.0	NonTarget	1	158120
617.7811043097603	1.0	NonTarget	1	158152
617.9061042802817	1.0	NonTarget	1	158184
618.0311042508032	1.0	NonTarget	1	158216
618.1561042213247	1.0	NonTarget	1	158248
618.2811041918461	1.0	NonTarget	1	158280
618.4061041623676	1.0	NonTarget	1	158312
618.5311041328891	1.0	NonTarget	1	158344
618.6561041034106	1.0	NonTarget	1	158376
618.781104073932	1.0	NonTarget	1	158408
618.9061040444535	1.0	NonTarget	1	158440
619.031104014975	1.0	NonTarget	1	158472
619.1561039854964	1.0	NonTarget	1	158504
619.281103956018	1.0	NonTarget	1	158536
619.4061039265395	1.0	NonTarget	1	158568
619.5311038970609	1.0	NonTarget	1	158600
619.6561038675824	1.0	NonTarget	1	158632
619.7811038381038	1.0	NonTarget	1	158664
619.9061038086253	1.0	NonTarget	1	158696
620.0311037791467	1.0	NonTarget	1	158728
620.1561037496683	1.0	NonTarget	1	158760
620.2811037201898	1.0	NonTarget	1	158792
620.4061036907112	1.0	NonTarget	1	158824
620.5311036612327	1.0	NonTarget	1	158856
620.6561036317541	1.0	NonTarget	1	158888
620.7811036022756	1.0	NonTarget	1	158920
620.9061035727972	1.0	NonTarget	1	158952
621.0311035433186	1.0	NonTarget	1	158984
621.1561035138401	1.0	NonTarget	1	159016
621.2811034843616	1.0	NonTarget	1	159048
621.406103454883	1.0	NonTarget	1	159080
621.5311034254045	1.0	NonTarget	1	159112
621.6561033959259	1.0	NonTarget	1	159144
621.7811033664475	1.0	NonTarget	1	159176
621.906103336969	1.0	NonTarget	1	159208
622.0311033074904	1.0	NonTarget	1	159240
622.1561032780119	1.0	NonTarget	1	159272
622.2811032485333	1.0	NonTarget	1	159304
622.4061032190548	1.0	NonTarget	1	159336
622.5311031895762	1.0	NonTarget	1	159368
622.6561031600978	1.0	NonTarget	1	159400
622.7811031306193	1.0	NonTarget	1	159432
622.9061031011407	1.0	NonTarget	1	159464
623.0311030716622	1.0	NonTarget	1	159496
623.1561030421836	1.0	NonTarget	1	159528
623.2811030127051	1.0	NonTarget	1	159560
623.4061029832267	1.0	NonTarget	1	159592
623.5311029537481	1.0	NonTarget	1	159624
623.6561029242696	1.0	NonTarget	1	159656
623.781102894791	1.0	NonTarget	1	159688
623.9061028653125	1.0	NonTarget	1	159720
624.031102835834	1.0	NonTarget	1	159752
624.1561028063554	1.0	NonTarget	1	159784
624.281102776877	1.0	NonTarget	1	159816
624.4061027473984	1.0	NonTarget	1	159848
624.5311027179199	1.0	NonTarget	1	159880
624.6561026884414	1.0	NonTarget	1	159912
624.7811026589628	1.0	NonTarget	1	159944
624.9061026294843	1.0	NonTarget	1	159976
625.0311026000059	1.0	NonTarget	1	160008
625.1561025705273	1.0	NonTarget	1	160040
625.2811025410488	1.0	NonTarget	1	160072
625.4061025115702	1.0	NonTarget	1	160104
625.5311024820917	1.0	NonTarget	1	160136
625.6561024526131	1.0	NonTarget	1	160168
625.7811024231346	1.0	NonTarget	1	160200
625.9061023936562	1.0	NonTarget	1	160232
626.0311023641776	1.0	NonTarget	1	160264
626.1561023346991	1.0	NonTarget	1	160296
626.2811023052205	1.0	NonTarget	1	160328
626.406102275742	1.0	NonTarget	1	160360
626.5311022462635	1.0	NonTarget	1	160392
626.656102216785	1.0	NonTarget	1	160424
626.7811021873065	1.0	NonTarget	1	160456
626.906102157828	1.0	NonTarget	1	160488
627.0311021283494	1.0	NonTarget	1	160520
627.1561020988709	1.0	NonTarget	1	160552
627.2811020693923	1.0	NonTarget	1	160584
627.4061020399138	1.0	NonTarget	1	160616
627.5311020104353	1.0	NonTarget	1	160648
627.6561019809568	1.0	NonTarget	1	160680
627.7811019514783	1.0	NonTarget	1	160712
627.9061019219997	1.0	NonTarget	1	160744
628.0311018925212	1.0	NonTarget	1	160776
628.1561018630426	1.0	NonTarget	1	160808
628.2811018335642	1.0	NonTarget	1	160840
628.4061018040857	1.0	NonTarget	1	160872
634.5311003596379	1.0	NonTarget	1	162440
634.6561003301593	1.0	NonTarget	1	162472
634.7811003006808	1.0	NonTarget	1	162504
634.9061002712024	1.0	NonTarget	1	162536
635.0311002417238	1.0	NonTarget	1	162568
635.1561002122453	1.0	NonTarget	1	162600
635.2811001827667	1.0	NonTarget	1	162632
635.4061001532882	1.0	NonTarget	1	162664
635.5311001238097	1.0	NonTarget	1	162696
635.6561000943312	1.0	NonTarget	1	162728
635.7811000648527	1.0	NonTarget	1	162760
635.9061000353742	1.0	NonTarget	1	162792
636.0311000058956	1.0	NonTarget	1	162824
636.1560999764171	1.0	NonTarget	1	162856
636.2810999469385	1.0	NonTarget	1	162888
636.40609991746	1.0	NonTarget	1	162920
636.5310998879816	1.0	NonTarget	1	162952
636.656099858503	1.0	NonTarget	1	162984
636.7810998290245	1.0	NonTarget	1	163016
636.9060997995459	1.0	NonTarget	1	163048
637.0310997700674	1.0	NonTarget	1	163080
637.1560997405888	1.0	NonTarget	1	163112
637.2810997111104	1.0	NonTarget	1	163144
637.4060996816319	1.0	NonTarget	1	163176
637.5310996521533	1.0	NonTarget	1	163208
637.6560996226748	1.0	NonTarget	1	163240
637.7810995931962	1.0	NonTarget	1	163272
637.9060995637177	1.0	NonTarget	1	163304
638.0310995342392	1.0	NonTarget	1	163336
638.1560995047607	1.0	NonTarget	1	163368
638.2810994752822	1.0	NonTarget	1	163400
638.4060994458036	1.0	NonTarget	1	163432
638.5310994163251	1.0	NonTarget	1	163464
638.6560993868466	1.0	NonTarget	1	163496
638.781099357368	1.0	NonTarget	1	163528
638.9060993278895	1.0	NonTarget	1	163560
639.031099298411	1.0	NonTarget	1	163592
639.1560992689325	1.0	NonTarget	1	163624
639.281099239454	1.0	NonTarget	1	163656
639.4060992099754	1.0	NonTarget	1	163688
639.5310991804969	1.0	NonTarget	1	163720
639.6560991510183	1.0	NonTarget	1	163752
639.7810991215399	1.0	NonTarget	1	163784
639.9060990920614	1.0	NonTarget	1	163816
640.0310990625828	1.0	NonTarget	1	163848
640.1560990331043	1.0	NonTarget	1	163880
640.2810990036257	1.0	NonTarget	1	163912
640.4060989741472	1.0	NonTarget	1	163944
640.5310989446687	1.0	NonTarget	1	163976
640.6560989151902	1.0	NonTarget	1	164008
640.7810988857117	1.0	NonTarget	1	164040
640.9060988562331	1.0	NonTarget	1	164072
641.0310988267546	1.0	NonTarget	1	164104
641.1560987972761	1.0	NonTarget	1	164136
641.2810987677975	1.0	NonTarget	1	164168
641.4060987383191	1.0	NonTarget	1	164200
641.5310987088405	1.0	NonTarget	1	164232
641.656098679362	1.0	NonTarget	1	164264
641.7810986498835	1.0	NonTarget	1	164296
641.9060986204049	1.0	NonTarget	1	164328
642.0310985909264	1.0	NonTarget	1	164360
642.1560985614478	1.0	NonTarget	1	164392
642.2810985319694	1.0	NonTarget	1	164424
642.4060985024909	1.0	NonTarget	1	164456
642.5310984730123	1.0	NonTarget	1	164488
642.6560984435338	1.0	NonTarget	1	164520
642.7810984140552	1.0	NonTarget	1	164552
642.9060983845767	1.0	NonTarget	1	164584
643.0310983550983	1.0	NonTarget	1	164616
643.1560983256197	1.0	NonTarget	1	164648
643.2810982961412	1.0	NonTarget	1	164680
643.4060982666626	1.0	NonTarget	1	164712
643.5310982371841	1.0	NonTarget	1	164744
643.6560982077056	1.0	NonTarget	1	164776
643.781098178227	1.0	NonTarget	1	164808
643.9060981487486	1.0	NonTarget	1	164840
644.03109811927	1.0	NonTarget	1	164872
644.1560980897915	1.0	NonTarget	1	164904
644.281098060313	1.0	NonTarget	1	164936
644.4060980308344	1.0	NonTarget	1	164968
644.5310980013559	1.0	NonTarget	1	165000
644.6560979718774	1.0	NonTarget	1	165032
644.7810979423989	1.0	NonTarget	1	165064
644.9060979129204	1.0	NonTarget	1	165096
645.0310978834418	1.0	NonTarget	1	165128
645.1560978539633	1.0	NonTarget	1	165160
645.2810978244847	1.0	NonTarget	1	165192
645.4060977950062	1.0	NonTarget	1	165224
645.5310977655278	1.0	NonTarget	1	165256
645.6560977360492	1.0	NonTarget	1	165288
645.7810977065707	1.0	NonTarget	1	165320
645.9060976770921	1.0	NonTarget	1	165352
646.0310976476136	1.0	NonTarget	1	165384
646.156097618135	1.0	NonTarget	1	165416
646.2810975886566	1.0	NonTarget	1	165448
646.4060975591781	1.0	NonTarget	1	165480
646.5310975296995	1.0	NonTarget	1	165512
646.656097500221	1.0	NonTarget	1	165544
646.7810974707425	1.0	NonTarget	1	165576
646.9060974412639	1.0	NonTarget	1	165608
647.0310974117854	1.0	NonTarget	1	165640
647.1560973823069	1.0	NonTarget	1	165672
647.2810973528284	1.0	NonTarget	1	165704
647.4060973233499	1.0	NonTarget	1	165736
647.5310972938713	1.0	NonTarget	1	165768
647.6560972643928	1.0	NonTarget	1	165800
647.7810972349142	1.0	NonTarget	1	165832
647.9060972054357	1.0	NonTarget	1	165864
648.0310971759573	1.0	NonTarget	1	165896
648.1560971464787	1.0	NonTarget	1	165928
648.2810971170002	1.0	NonTarget	1	165960
648.4060970875216	1.0	NonTarget	1	165992
648.5310970580431	1.0	NonTarget	1	166024
648.6560970285645	1.0	NonTarget	1	166056
648.7810969990861	1.0	NonTarget	1	166088
648.9060969696076	1.0	NonTarget	1	166120
649.031096940129	1.0	NonTarget	1	166152
649.1560969106505	1.0	NonTarget	1	166184
649.281096881172	1.0	NonTarget	1	166216
649.4060968516934	1.0	NonTarget	1	166248
655.5310954072457	1.0	NonTarget	1	167816
655.6560953777672	1.0	NonTarget	1	167848
655.7810953482887	1.0	NonTarget	1	167880
655.9060953188101	1.0	NonTarget	1	167912
656.0310952893316	1.0	NonTarget	1	167944
656.1560952598531	1.0	NonTarget	1	167976
656.2810952303746	1.0	NonTarget	1	168008
656.4060952008961	1.0	NonTarget	1	168040
656.5310951714175	1.0	NonTarget	1	168072
656.656095141939	1.0	NonTarget	1	168104
656.7810951124604	1.0	NonTarget	1	168136
656.9060950829819	1.0	NonTarget	1	168168
657.0310950535035	1.0	NonTarget	1	168200
657.1560950240249	1.0	NonTarget	1	168232
657.2810949945464	1.0	NonTarget	1	168264
657.4060949650678	1.0	NonTarget	1	168296
657.5310949355893	1.0	NonTarget	1	168328
657.6560949061108	1.0	NonTarget	1	168360
657.7810948766323	1.0	NonTarget	1	168392
657.9060948471538	1.0	NonTarget	1	168424
658.0310948176752	1.0	NonTarget	1	168456
658.1560947881967	1.0	NonTarget	1	168488
658.2810947587182	1.0	NonTarget	1	168520
658.4060947292396	1.0	NonTarget	1	168552
658.5310946997611	1.0	NonTarget	1	168584
658.6560946702826	1.0	NonTarget	1	168616
658.7810946408041	1.0	NonTarget	1	168648
658.9060946113256	1.0	NonTarget	1	168680
659.031094581847	1.0	NonTarget	1	168712
659.1560945523685	1.0	NonTarget	1	168744
659.2810945228899	1.0	NonTarget	1	168776
659.4060944934115	1.0	NonTarget	1	168808
659.531094463933	1.0	NonTarget	1	168840
659.6560944344544	1.0	NonTarget	1	168872
659.7810944049759	1.0	NonTarget	1	168904
659.9060943754973	1.0	NonTarget	1	168936
660.0310943460188	1.0	NonTarget	1	168968
660.1560943165402	1.0	NonTarget	1	169000
660.2810942870618	1.0	NonTarget	1	169032
660.4060942575833	1.0	NonTarget	1	169064
660.5310942281047	1.0	NonTarget	1	169096
660.6560941986262	1.0	NonTarget	1	169128
660.7810941691477	1.0	NonTarget	1	169160
660.9060941396691	1.0	NonTarget	1	169192
661.0310941101907	1.0	NonTarget	1	169224
661.1560940807121	1.0	NonTarget	1	169256
661.2810940512336	1.0	NonTarget	1	169288
661.406094021755	1.0	NonTarget	1	169320
661.5310939922765	1.0	NonTarget	1	169352
661.656093962798	1.0	NonTarget	1	169384
661.7810939333194	1.0	NonTarget	1	169416
661.906093903841	1.0	NonTarget	1	169448
662.0310938743625	1.0	NonTarget	1	169480
662.1560938448839	1.0	NonTarget	1	169512
662.2810938154054	1.0	NonTarget	1	169544
662.4060937859268	1.0	NonTarget	1	169576
662.5310937564483	1.0	NonTarget	1	169608
662.6560937269699	1.0	NonTarget	1	169640
662.7810936974913	1.0	NonTarget	1	169672
662.9060936680128	1.0	NonTarget	1	169704
663.0310936385342	1.0	NonTarget	1	169736
663.1560936090557	1.0	NonTarget	1	169768
663.2810935795771	1.0	NonTarget	1	169800
663.4060935500986	1.0	NonTarget	1	169832
663.5310935206202	1.0	NonTarget	1	169864
663.6560934911416	1.0	NonTarget	1	169896
663.7810934616631	1.0	NonTarget	1	169928
663.9060934321845	1.0	NonTarget	1	169960
664.031093402706	1.0	NonTarget	1	169992
664.1560933732275	1.0	NonTarget	1	170024
664.2810933437489	1.0	NonTarget	1	170056
664.4060933142705	1.0	NonTarget	1	170088
664.531093284792	1.0	NonTarget	1	170120
664.6560932553134	1.0	NonTarget	1	170152
664.7810932258349	1.0	NonTarget	1	170184
664.9060931963563	1.0	NonTarget	1	170216
665.0310931668778	1.0	NonTarget	1	170248
665.1560931373994	1.0	NonTarget	1	170280
665.2810931079208	1.0	NonTarget	1	170312
665.4060930784423	1.0	NonTarget	1	170344
665.5310930489637	1.0	NonTarget	1	170376
665.6560930194852	1.0	NonTarget	1	170408
665.7810929900066	1.0	NonTarget	1	170440
665.9060929605281	1.0	NonTarget	1	170472
666.0310929310497	1.0	NonTarget	1	170504
666.1560929015711	1.0	NonTarget	1	170536
666.2810928720926	1.0	NonTarget	1	170568
666.406092842614	1.0	NonTarget	1	170600
666.5310928131355	1.0	NonTarget	1	170632
666.656092783657	1.0	NonTarget	1	170664
666.7810927541785	1.0	NonTarget	1	170696
666.9060927247	1.0	NonTarget	1	170728
667.0310926952214	1.0	NonTarget	1	170760
667.1560926657429	1.0	NonTarget	1	170792
667.2810926362644	1.0	NonTarget	1	170824
667.4060926067858	1.0	NonTarget	1	170856
667.5310925773073	1.0	NonTarget	1	170888
667.6560925478288	1.0	NonTarget	1	170920
667.7810925183503	1.0	NonTarget	1	170952
667.9060924888718	1.0	NonTarget	1	170984
668.0310924593932	1.0	NonTarget	1	171016
668.1560924299147	1.0	NonTarget	1	171048
668.2810924004361	1.0	NonTarget	1	171080
668.4060923709577	1.0	NonTarget	1	171112
668.5310923414792	1.0	NonTarget	1	171144
668.6560923120006	1.0	NonTarget	1	171176
668.7810922825221	1.0	NonTarget	1	171208
668.9060922530435	1.0	NonTarget	1	171240
669.031092223565	1.0	NonTarget	1	171272
669.1560921940865	1.0	NonTarget	1	171304
669.281092164608	1.0	NonTarget	1	171336
669.4060921351295	1.0	NonTarget	1	171368
669.5310921056509	1.0	NonTarget	1	171400
669.6560920761724	1.0	NonTarget	1	171432
669.7810920466939	1.0	NonTarget	1	171464
669.9060920172153	1.0	NonTarget	1	171496
670.0310919877369	1.0	NonTarget	1	171528
670.1560919582583	1.0	NonTarget	1	171560
670.2810919287798	1.0	NonTarget	1	171592
670.4060918993013	1.0	NonTarget	1	171624
676.5310904548535	1.0	NonTarget	1	173192
676.656090425375	1.0	NonTarget	1	173224
676.7810903958965	1.0	NonTarget	1	173256
676.906090366418	1.0	NonTarget	1	173288
677.0310903369394	1.0	NonTarget	1	173320
677.1560903074609	1.0	NonTarget	1	173352
677.2810902779823	1.0	NonTarget	1	173384
677.4060902485039	1.0	NonTarget	1	173416
677.5310902190254	1.0	NonTarget	1	173448
677.6560901895468	1.0	NonTarget	1	173480
677.7810901600683	1.0	NonTarget	1	173512
677.9060901305897	1.0	NonTarget	1	173544
678.0310901011112	1.0	NonTarget	1	173576
678.1560900716327	1.0	NonTarget	1	173608
678.2810900421542	1.0	NonTarget	1	173640
678.4060900126757	1.0	NonTarget	1	173672
678.5310899831971	1.0	NonTarget	1	173704
678.6560899537186	1.0	NonTarget	1	173736
678.7810899242401	1.0	NonTarget	1	173768
678.9060898947615	1.0	NonTarget	1	173800
679.0310898652831	1.0	NonTarget	1	173832
679.1560898358046	1.0	NonTarget	1	173864
679.281089806326	1.0	NonTarget	1	173896
679.4060897768475	1.0	NonTarget	1	173928
679.5310897473689	1.0	NonTarget	1	173960
679.6560897178904	1.0	NonTarget	1	173992
679.7810896884118	1.0	NonTarget	1	174024
679.9060896589334	1.0	NonTarget	1	174056
680.0310896294549	1.0	NonTarget	1	174088
680.1560895999763	1.0	NonTarget	1	174120
680.2810895704978	1.0	NonTarget	1	174152
680.4060895410192	1.0	NonTarget	1	174184
680.5310895115407	1.0	NonTarget	1	174216
680.6560894820623	1.0	NonTarget	1	174248
680.7810894525837	1.0	NonTarget	1	174280
680.9060894231052	1.0	NonTarget	1	174312
681.0310893936266	1.0	NonTarget	1	174344
681.1560893641481	1.0	NonTarget	1	174376
681.2810893346696	1.0	NonTarget	1	174408
681.406089305191	1.0	NonTarget	1	174440
681.5310892757126	1.0	NonTarget	1	174472
681.656089246234	1.0	NonTarget	1	174504
681.7810892167555	1.0	NonTarget	1	174536
681.906089187277	1.0	NonTarget	1	174568
682.0310891577984	1.0	NonTarget	1	174600
682.1560891283199	1.0	NonTarget	1	174632
682.2810890988413	1.0	NonTarget	1	174664
682.4060890693629	1.0	NonTarget	1	174696
682.5310890398844	1.0	NonTarget	1	174728
682.6560890104058	1.0	NonTarget	1	174760
682.7810889809273	1.0	NonTarget	1	174792
682.9060889514487	1.0	NonTarget	1	174824
683.0310889219702	1.0	NonTarget	1	174856
683.1560888924918	1.0	NonTarget	1	174888
683.2810888630132	1.0	NonTarget	1	174920
683.4060888335347	1.0	NonTarget	1	174952
683.5310888040561	1.0	NonTarget	1	174984
683.6560887745776	1.0	NonTarget	1	175016
683.781088745099	1.0	NonTarget	1	175048
683.9060887156205	1.0	NonTarget	1	175080
684.0310886861421	1.0	NonTarget	1	175112
684.1560886566635	1.0	NonTarget	1	175144
684.281088627185	1.0	NonTarget	1	175176
684.4060885977065	1.0	NonTarget	1	175208
684.5310885682279	1.0	NonTarget	1	175240
684.6560885387494	1.0	NonTarget	1	175272
684.781088509271	1.0	NonTarget	1	175304
684.9060884797924	1.0	NonTarget	1	175336
685.0310884503139	1.0	NonTarget	1	175368
685.1560884208353	1.0	NonTarget	1	175400
685.2810883913568	1.0	NonTarget	1	175432
685.4060883618782	1.0	NonTarget	1	175464
685.5310883323997	1.0	NonTarget	1	175496
685.6560883029213	1.0	NonTarget	1	175528
685.7810882734427	1.0	NonTarget	1	175560
685.9060882439642	1.0	NonTarget	1	175592
686.0310882144856	1.0	NonTarget	1	175624
686.1560881850071	1.0	NonTarget	1	175656
686.2810881555286	1.0	NonTarget	1	175688
686.4060881260501	1.0	NonTarget	1	175720
686.5310880965716	1.0	NonTarget	1	175752
686.656088067093	1.0	NonTarget	1	175784
686.7810880376145	1.0	NonTarget	1	175816
686.906088008136	1.0	NonTarget	1	175848
687.0310879786574	1.0	NonTarget	1	175880
687.1560879491789	1.0	NonTarget	1	175912
687.2810879197004	1.0	NonTarget	1	175944
687.4060878902219	1.0	NonTarget	1	175976
687.5310878607434	1.0	NonTarget	1	176008
687.6560878312648	1.0	NonTarget	1	176040
687.7810878017863	1.0	NonTarget	1	176072
687.9060877723077	1.0	NonTarget	1	176104
688.0310877428293	1.0	NonTarget	1	176136
688.1560877133508	1.0	NonTarget	1	176168
688.2810876838722	1.0	NonTarget	1	176200
688.4060876543937	1.0	NonTarget	1	176232
688.5310876249151	1.0	NonTarget	1	176264
688.6560875954366	1.0	NonTarget	1	176296
688.781087565958	1.0	NonTarget	1	176328
688.9060875364796	1.0	NonTarget	1	176360
689.0310875070011	1.0	NonTarget	1	176392
689.1560874775225	1.0	NonTarget	1	176424
689.281087448044	1.0	NonTarget	1	176456
689.4060874185654	1.0	NonTarget	1	176488
689.5310873890869	1.0	NonTarget	1	176520
689.6560873596084	1.0	NonTarget	1	176552
689.7810873301299	1.0	NonTarget	1	176584
689.9060873006514	1.0	NonTarget	1	176616
690.0310872711729	1.0	NonTarget	1	176648
690.1560872416943	1.0	NonTarget	1	176680
690.2810872122158	1.0	NonTarget	1	176712
690.4060871827372	1.0	NonTarget	1	176744
690.5310871532588	1.0	NonTarget	1	176776
690.6560871237803	1.0	NonTarget	1	176808
690.7810870943017	1.0	NonTarget	1	176840
690.9060870648232	1.0	NonTarget	1	176872
691.0310870353446	1.0	NonTarget	1	176904
691.1560870058661	1.0	NonTarget	1	176936
691.2810869763875	1.0	NonTarget	1	176968
691.4060869469091	1.0	NonTarget	1	177000
697.5310855024613	1.0	NonTarget	1	178568
697.6560854729828	1.0	NonTarget	1	178600
697.7810854435043	1.0	NonTarget	1	178632
697.9060854140258	1.0	NonTarget	1	178664
698.0310853845473	1.0	NonTarget	1	178696
698.1560853550687	1.0	NonTarget	1	178728
698.2810853255902	1.0	NonTarget	1	178760
698.4060852961117	1.0	NonTarget	1	178792
698.5310852666331	1.0	NonTarget	1	178824
698.6560852371546	1.0	NonTarget	1	178856
698.7810852076761	1.0	NonTarget	1	178888
698.9060851781976	1.0	NonTarget	1	178920
699.0310851487191	1.0	NonTarget	1	178952
699.1560851192405	1.0	NonTarget	1	178984
699.281085089762	1.0	NonTarget	1	179016
699.4060850602834	1.0	NonTarget	1	179048
699.531085030805	1.0	NonTarget	1	179080
699.6560850013265	1.0	NonTarget	1	179112
699.7810849718479	1.0	NonTarget	1	179144
699.9060849423694	1.0	NonTarget	1	179176
700.0310849128908	1.0	NonTarget	1	179208
700.1560848834123	1.0	NonTarget	1	179240
700.2810848539337	1.0	NonTarget	1	179272
700.4060848244553	1.0	NonTarget	1	179304
700.5310847949768	1.0	NonTarget	1	179336
700.6560847654982	1.0	NonTarget	1	179368
700.7810847360197	1.0	NonTarget	1	179400
700.9060847065412	1.0	NonTarget	1	179432
701.0310846770626	1.0	NonTarget	1	179464
701.1560846475842	1.0	NonTarget	1	179496
701.2810846181056	1.0	NonTarget	1	179528
701.4060845886271	1.0	NonTarget	1	179560
701.5310845591486	1.0	NonTarget	1	179592
701.65608452967	1.0	NonTarget	1	179624
701.7810845001915	1.0	NonTarget	1	179656
701.9060844707129	1.0	NonTarget	1	179688
702.0310844412345	1.0	NonTarget	1	179720
702.156084411756	1.0	NonTarget	1	179752
702.2810843822774	1.0	NonTarget	1	179784
702.4060843527989	1.0	NonTarget	1	179816
702.5310843233203	1.0	NonTarget	1	179848
702.6560842938418	1.0	NonTarget	1	179880
702.7810842643634	1.0	NonTarget	1	179912
702.9060842348848	1.0	NonTarget	1	179944
703.0310842054063	1.0	NonTarget	1	179976
703.1560841759277	1.0	NonTarget	1	180008
703.2810841464492	1.0	NonTarget	1	180040
703.4060841169706	1.0	NonTarget	1	180072
703.5310840874921	1.0	NonTarget	1	180104
703.6560840580137	1.0	NonTarget	1	180136
703.7810840285351	1.0	NonTarget	1	180168
703.9060839990566	1.0	NonTarget	1	180200
704.031083969578	1.0	NonTarget	1	180232
704.1560839400995	1.0	NonTarget	1	180264
704.281083910621	1.0	NonTarget	1	180296
704.4060838811425	1.0	NonTarget	1	180328
704.531083851664	1.0	NonTarget	1	180360
704.6560838221855	1.0	NonTarget	1	180392
704.7810837927069	1.0	NonTarget	1	180424
704.9060837632284	1.0	NonTarget	1	180456
705.0310837337498	1.0	NonTarget	1	180488
705.1560837042713	1.0	NonTarget	1	180520
705.2810836747929	1.0	NonTarget	1	180552
705.4060836453143	1.0	NonTarget	1	180584
705.5310836158358	1.0	NonTarget	1	180616
705.6560835863572	1.0	NonTarget	1	180648
705.7810835568787	1.0	NonTarget	1	180680
705.9060835274001	1.0	NonTarget	1	180712
706.0310834979216	1.0	NonTarget	1	180744
706.1560834684432	1.0	NonTarget	1	180776
706.2810834389646	1.0	NonTarget	1	180808
706.4060834094861	1.0	NonTarget	1	180840
706.5310833800075	1.0	NonTarget	1	180872
706.656083350529	1.0	NonTarget	1	180904
706.7810833210505	1.0	NonTarget	1	180936
706.906083291572	1.0	NonTarget	1	180968
707.0310832620935	1.0	NonTarget	1	181000
707.156083232615	1.0	NonTarget	1	181032
707.2810832031364	1.0	NonTarget	1	181064
707.4060831736579	1.0	NonTarget	1	181096
707.5310831441793	1.0	NonTarget	1	181128
707.6560831147008	1.0	NonTarget	1	181160
707.7810830852223	1.0	NonTarget	1	181192
707.9060830557438	1.0	NonTarget	1	181224
708.0310830262653	1.0	NonTarget	1	181256
708.1560829967867	1.0	NonTarget	1	181288
708.2810829673082	1.0	NonTarget	1	181320
708.4060829378296	1.0	NonTarget	1	181352
708.5310829083512	1.0	NonTarget	1	181384
708.6560828788727	1.0	NonTarget	1	181416
708.7810828493941	1.0	NonTarget	1	181448
708.9060828199156	1.0	NonTarget	1	181480
709.031082790437	1.0	NonTarget	1	181512
709.1560827609585	1.0	NonTarget	1	181544
709.28108273148	1.0	NonTarget	1	181576
709.4060827020015	1.0	NonTarget	1	181608
709.531082672523	1.0	NonTarget	1	181640
709.6560826430444	1.0	NonTarget	1	181672
709.7810826135659	1.0	NonTarget	1	181704
709.9060825840874	1.0	NonTarget	1	181736
710.0310825546088	1.0	NonTarget	1	181768
710.1560825251304	1.0	NonTarget	1	181800
710.2810824956518	1.0	NonTarget	1	181832
710.4060824661733	1.0	NonTarget	1	181864
710.5310824366948	1.0	NonTarget	1	181896
710.6560824072162	1.0	NonTarget	1	181928
710.7810823777377	1.0	NonTarget	1	181960
710.9060823482591	1.0	NonTarget	1	181992
711.0310823187807	1.0	NonTarget	1	182024
711.1560822893022	1.0	NonTarget	1	182056
711.2810822598236	1.0	NonTarget	1	182088
711.4060822303451	1.0	NonTarget	1	182120
711.5310822008665	1.0	NonTarget	1	182152
711.656082171388	1.0	NonTarget	1	182184
711.7810821419096	1.0	NonTarget	1	182216
711.906082112431	1.0	NonTarget	1	182248
712.0310820829525	1.0	NonTarget	1	182280
712.1560820534739	1.0	NonTarget	1	182312
712.2810820239954	1.0	NonTarget	1	182344
712.4060819945169	1.0	NonTarget	1	182376
718.5310805500692	1.0	NonTarget	1	183944
718.6560805205906	1.0	NonTarget	1	183976
718.7810804911121	1.0	NonTarget	1	184008
718.9060804616336	1.0	NonTarget	1	184040
719.031080432155	1.0	NonTarget	1	184072
719.1560804026766	1.0	NonTarget	1	184104
719.281080373198	1.0	NonTarget	1	184136
719.4060803437195	1.0	NonTarget	1	184168
719.531080314241	1.0	NonTarget	1	184200
719.6560802847624	1.0	NonTarget	1	184232
719.7810802552839	1.0	NonTarget	1	184264
719.9060802258053	1.0	NonTarget	1	184296
720.0310801963269	1.0	NonTarget	1	184328
720.1560801668484	1.0	NonTarget	1	184360
720.2810801373698	1.0	NonTarget	1	184392
720.4060801078913	1.0	NonTarget	1	184424
720.5310800784127	1.0	NonTarget	1	184456
720.6560800489342	1.0	NonTarget	1	184488
720.7810800194558	1.0	NonTarget	1	184520
720.9060799899772	1.0	NonTarget	1	184552
721.0310799604987	1.0	NonTarget	1	184584
721.1560799310201	1.0	NonTarget	1	184616
721.2810799015416	1.0	NonTarget	1	184648
721.4060798720631	1.0	NonTarget	1	184680
721.5310798425845	1.0	NonTarget	1	184712
721.6560798131061	1.0	NonTarget	1	184744
721.7810797836275	1.0	NonTarget	1	184776
721.906079754149	1.0	NonTarget	1	184808
722.0310797246705	1.0	NonTarget	1	184840
722.1560796951919	1.0	NonTarget	1	184872
722.2810796657134	1.0	NonTarget	1	184904
722.406079636235	1.0	NonTarget	1	184936
722.5310796067564	1.0	NonTarget	1	184968
722.6560795772779	1.0	NonTarget	1	185000
722.7810795477993	1.0	NonTarget	1	185032
722.9060795183208	1.0	NonTarget	1	185064
723.0310794888422	1.0	NonTarget	1	185096
723.1560794593637	1.0	NonTarget	1	185128
723.2810794298853	1.0	NonTarget	1	185160
723.4060794004067	1.0	NonTarget	1	185192
723.5310793709282	1.0	NonTarget	1	185224
723.6560793414496	1.0	NonTarget	1	185256
723.7810793119711	1.0	NonTarget	1	185288
723.9060792824926	1.0	NonTarget	1	185320
724.031079253014	1.0	NonTarget	1	185352
724.1560792235356	1.0	NonTarget	1	185384
724.281079194057	1.0	NonTarget	1	185416
724.4060791645785	1.0	NonTarget	1	185448
724.5310791351	1.0	NonTarget	1	185480
724.6560791056214	1.0	NonTarget	1	185512
724.7810790761429	1.0	NonTarget	1	185544
724.9060790466644	1.0	NonTarget	1	185576
725.0310790171859	1.0	NonTarget	1	185608
725.1560789877074	1.0	NonTarget	1	185640
725.2810789582288	1.0	NonTarget	1	185672
725.4060789287503	1.0	NonTarget	1	185704
725.5310788992717	1.0	NonTarget	1	185736
725.6560788697932	1.0	NonTarget	1	185768
725.7810788403148	1.0	NonTarget	1	185800
725.9060788108362	1.0	NonTarget	1	185832
726.0310787813577	1.0	NonTarget	1	185864
726.1560787518791	1.0	NonTarget	1	185896
726.2810787224006	1.0	NonTarget	1	185928
726.406078692922	1.0	NonTarget	1	185960
726.5310786634436	1.0	NonTarget	1	185992
726.6560786339651	1.0	NonTarget	1	186024
726.7810786044865	1.0	NonTarget	1	186056
726.906078575008	1.0	NonTarget	1	186088
727.0310785455295	1.0	NonTarget	1	186120
727.1560785160509	1.0	NonTarget	1	186152
727.2810784865724	1.0	NonTarget	1	186184
727.4060784570939	1.0	NonTarget	1	186216
727.5310784276154	1.0	NonTarget	1	186248
727.6560783981369	1.0	NonTarget	1	186280
727.7810783686583	1.0	NonTarget	1	186312
727.9060783391798	1.0	NonTarget	1	186344
728.0310783097012	1.0	NonTarget	1	186376
728.1560782802228	1.0	NonTarget	1	186408
728.2810782507443	1.0	NonTarget	1	186440
728.4060782212657	1.0	NonTarget	1	186472
728.5310781917872	1.0	NonTarget	1	186504
728.6560781623086	1.0	NonTarget	1	186536
728.7810781328301	1.0	NonTarget	1	186568
728.9060781033515	1.0	NonTarget	1	186600
729.0310780738731	1.0	NonTarget	1	186632
729.1560780443946	1.0	NonTarget	1	186664
729.281078014916	1.0	NonTarget	1	186696
729.4060779854375	1.0	NonTarget	1	186728
729.531077955959	1.0	NonTarget	1	186760
729.6560779264804	1.0	NonTarget	1	186792
729.781077897002	1.0	NonTarget	1	186824
729.9060778675234	1.0	NonTarget	1	186856
730.0310778380449	1.0	NonTarget	1	186888
730.1560778085664	1.0	NonTarget	1	186920
730.2810777790878	1.0	NonTarget	1	186952
730.4060777496093	1.0	NonTarget	1	186984
730.5310777201307	1.0	NonTarget	1	187016
730.6560776906523	1.0	NonTarget	1	187048
730.7810776611738	1.0	NonTarget	1	187080
730.9060776316952	1.0	NonTarget	1	187112
731.0310776022167	1.0	NonTarget	1	187144
731.1560775727381	1.0	NonTarget	1	187176
731.2810775432596	1.0	NonTarget	1	187208
731.406077513781	1.0	NonTarget	1	187240
731.5310774843026	1.0	NonTarget	1	187272
731.6560774548241	1.0	NonTarget	1	187304
731.7810774253455	1.0	NonTarget	1	187336
731.906077395867	1.0	NonTarget	1	187368
732.0310773663884	1.0	NonTarget	1	187400
732.1560773369099	1.0	NonTarget	1	187432
732.2810773074315	1.0	NonTarget	1	187464
732.4060772779529	1.0	NonTarget	1	187496
732.5310772484744	1.0	NonTarget	1	187528
732.6560772189958	1.0	NonTarget	1	187560
732.7810771895173	1.0	NonTarget	1	187592
732.9060771600388	1.0	NonTarget	1	187624
733.0310771305602	1.0	NonTarget	1	187656
733.1560771010818	1.0	NonTarget	1	187688
733.2810770716032	1.0	NonTarget	1	187720
733.4060770421247	1.0	NonTarget	1	187752
739.5310755976769	1.0	NonTarget	1	189320
739.6560755681985	1.0	NonTarget	1	189352
739.78107553872	1.0	NonTarget	1	189384
739.9060755092414	1.0	NonTarget	1	189416
740.0310754797629	1.0	NonTarget	1	189448
740.1560754502843	1.0	NonTarget	1	189480
740.2810754208058	1.0	NonTarget	1	189512
740.4060753913272	1.0	NonTarget	1	189544
740.5310753618488	1.0	NonTarget	1	189576
740.6560753323703	1.0	NonTarget	1	189608
740.7810753028917	1.0	NonTarget	1	189640
740.9060752734132	1.0	NonTarget	1	189672
741.0310752439347	1.0	NonTarget	1	189704
741.1560752144561	1.0	NonTarget	1	189736
741.2810751849777	1.0	NonTarget	1	189768
741.4060751554991	1.0	NonTarget	1	189800
741.5310751260206	1.0	NonTarget	1	189832
741.656075096542	1.0	NonTarget	1	189864
741.7810750670635	1.0	NonTarget	1	189896
741.906075037585	1.0	NonTarget	1	189928
742.0310750081064	1.0	NonTarget	1	189960
742.156074978628	1.0	NonTarget	1	189992
742.2810749491495	1.0	NonTarget	1	190024
742.4060749196709	1.0	NonTarget	1	190056
742.5310748901924	1.0	NonTarget	1	190088
742.6560748607138	1.0	NonTarget	1	190120
742.7810748312353	1.0	NonTarget	1	190152
742.9060748017569	1.0	NonTarget	1	190184
743.0310747722783	1.0	NonTarget	1	190216
743.1560747427998	1.0	NonTarget	1	190248
743.2810747133212	1.0	NonTarget	1	190280
743.4060746838427	1.0	NonTarget	1	190312
743.5310746543641	1.0	NonTarget	1	190344
743.6560746248856	1.0	NonTarget	1	190376
743.7810745954072	1.0	NonTarget	1	190408
743.9060745659286	1.0	NonTarget	1	190440
744.0310745364501	1.0	NonTarget	1	190472
744.1560745069715	1.0	NonTarget	1	190504
744.281074477493	1.0	NonTarget	1	190536
744.4060744480145	1.0	NonTarget	1	190568
744.531074418536	1.0	NonTarget	1	190600
744.6560743890575	1.0	NonTarget	1	190632
744.781074359579	1.0	NonTarget	1	190664
744.9060743301004	1.0	NonTarget	1	190696
745.0310743006219	1.0	NonTarget	1	190728
745.1560742711433	1.0	NonTarget	1	190760
745.2810742416648	1.0	NonTarget	1	190792
745.4060742121864	1.0	NonTarget	1	190824
745.5310741827078	1.0	NonTarget	1	190856
745.6560741532293	1.0	NonTarget	1	190888
745.7810741237507	1.0	NonTarget	1	190920
745.9060740942722	1.0	NonTarget	1	190952
746.0310740647936	1.0	NonTarget	1	190984
746.1560740353152	1.0	NonTarget	1	191016
746.2810740058367	1.0	NonTarget	1	191048
746.4060739763581	1.0	NonTarget	1	191080
746.5310739468796	1.0	NonTarget	1	191112
746.656073917401	1.0	NonTarget	1	191144
746.7810738879225	1.0	NonTarget	1	191176
746.906073858444	1.0	NonTarget	1	191208
747.0310738289655	1.0	NonTarget	1	191240
747.156073799487	1.0	NonTarget	1	191272
747.2810737700084	1.0	NonTarget	1	191304
747.4060737405299	1.0	NonTarget	1	191336
747.5310737110514	1.0	NonTarget	1	191368
747.6560736815728	1.0	NonTarget	1	191400
747.7810736520944	1.0	NonTarget	1	191432
747.9060736226158	1.0	NonTarget	1	191464
748.0310735931373	1.0	NonTarget	1	191496
748.1560735636588	1.0	NonTarget	1	191528
748.2810735341802	1.0	NonTarget	1	191560
748.4060735047017	1.0	NonTarget	1	191592
748.5310734752231	1.0	NonTarget	1	191624
748.6560734457447	1.0	NonTarget	1	191656
748.7810734162662	1.0	NonTarget	1	191688
748.9060733867876	1.0	NonTarget	1	191720
749.0310733573091	1.0	NonTarget	1	191752
749.1560733278305	1.0	NonTarget	1	191784
749.281073298352	1.0	NonTarget	1	191816
749.4060732688735	1.0	NonTarget	1	191848
749.531073239395	1.0	NonTarget	1	191880
749.6560732099165	1.0	NonTarget	1	191912
749.7810731804379	1.0	NonTarget	1	191944
749.9060731509594	1.0	NonTarget	1	191976
750.0310731214809	1.0	NonTarget	1	192008
750.1560730920023	1.0	NonTarget	1	192040
750.2810730625239	1.0	NonTarget	1	192072
750.4060730330453	1.0	NonTarget	1	192104
750.5310730035668	1.0	NonTarget	1	192136
750.6560729740883	1.0	NonTarget	1	192168
750.7810729446097	1.0	NonTarget	1	192200
750.9060729151312	1.0	NonTarget	1	192232
751.0310728856526	1.0	NonTarget	1	192264
751.1560728561742	1.0	NonTarget	1	192296
751.2810728266957	1.0	NonTarget	1	192328
751.4060727972171	1.0	NonTarget	1	192360
751.5310727677386	1.0	NonTarget	1	192392
751.65607273826	1.0	NonTarget	1	192424
751.7810727087815	1.0	NonTarget	1	192456
751.9060726793031	1.0	NonTarget	1	192488
752.0310726498245	1.0	NonTarget	1	192520
752.156072620346	1.0	NonTarget	1	192552
752.2810725908674	1.0	NonTarget	1	192584
752.4060725613889	1.0	NonTarget	1	192616
752.5310725319104	1.0	NonTarget	1	192648
752.6560725024318	1.0	NonTarget	1	192680
752.7810724729534	1.0	NonTarget	1	192712
752.9060724434748	1.0	NonTarget	1	192744
753.0310724139963	1.0	NonTarget	1	192776
753.1560723845178	1.0	NonTarget	1	192808
753.2810723550392	1.0	NonTarget	1	192840
753.4060723255607	1.0	NonTarget	1	192872
753.5310722960822	1.0	NonTarget	1	192904
753.6560722666037	1.0	NonTarget	1	192936
753.7810722371252	1.0	NonTarget	1	192968
753.9060722076466	1.0	NonTarget	1	193000
754.0310721781681	1.0	NonTarget	1	193032
754.1560721486895	1.0	NonTarget	1	193064
754.281072119211	1.0	NonTarget	1	193096
754.4060720897326	1.0	NonTarget	1	193128
760.5310706452848	1.0	NonTarget	1	194696
760.6560706158062	1.0	NonTarget	1	194728
760.7810705863277	1.0	NonTarget	1	194760
760.9060705568493	1.0	NonTarget	1	194792
761.0310705273707	1.0	NonTarget	1	194824
761.1560704978922	1.0	NonTarget	1	194856
761.2810704684136	1.0	NonTarget	1	194888
761.4060704389351	1.0	NonTarget	1	194920
761.5310704094566	1.0	NonTarget	1	194952
761.656070379978	1.0	NonTarget	1	194984
761.7810703504996	1.0	NonTarget	1	195016
761.906070321021	1.0	NonTarget	1	195048
762.0310702915425	1.0	NonTarget	1	195080
762.156070262064	1.0	NonTarget	1	195112
762.2810702325854	1.0	NonTarget	1	195144
762.4060702031069	1.0	NonTarget	1	195176
762.5310701736284	1.0	NonTarget	1	195208
762.6560701441499	1.0	NonTarget	1	195240
762.7810701146714	1.0	NonTarget	1	195272
762.9060700851928	1.0	NonTarget	1	195304
763.0310700557143	1.0	NonTarget	1	195336
763.1560700262357	1.0	NonTarget	1	195368
763.2810699967572	1.0	NonTarget	1	195400
763.4060699672788	1.0	NonTarget	1	195432
763.5310699378002	1.0	NonTarget	1	195464
763.6560699083217	1.0	NonTarget	1	195496
763.7810698788431	1.0	NonTarget	1	195528
763.9060698493646	1.0	NonTarget	1	195560
764.031069819886	1.0	NonTarget	1	195592
764.1560697904076	1.0	NonTarget	1	195624
764.2810697609291	1.0	NonTarget	1	195656
764.4060697314505	1.0	NonTarget	1	195688
764.531069701972	1.0	NonTarget	1	195720
764.6560696724935	1.0	NonTarget	1	195752
764.7810696430149	1.0	NonTarget	1	195784
764.9060696135364	1.0	NonTarget	1	195816
765.031069584058	1.0	NonTarget	1	195848
765.1560695545794	1.0	NonTarget	1	195880
765.2810695251009	1.0	NonTarget	1	195912
765.4060694956223	1.0	NonTarget	1	195944
765.5310694661438	1.0	NonTarget	1	195976
765.6560694366652	1.0	NonTarget	1	196008
765.7810694071867	1.0	NonTarget	1	196040
765.9060693777083	1.0	NonTarget	1	196072
766.0310693482297	1.0	NonTarget	1	196104
766.1560693187512	1.0	NonTarget	1	196136
766.2810692892726	1.0	NonTarget	1	196168
766.4060692597941	1.0	NonTarget	1	196200
766.5310692303156	1.0	NonTarget	1	196232
766.6560692008371	1.0	NonTarget	1	196264
766.7810691713586	1.0	NonTarget	1	196296
766.90606914188	1.0	NonTarget	1	196328
767.0310691124015	1.0	NonTarget	1	196360
767.156069082923	1.0	NonTarget	1	196392
767.2810690534444	1.0	NonTarget	1	196424
767.4060690239659	1.0	NonTarget	1	196456
767.5310689944874	1.0	NonTarget	1	196488
767.6560689650089	1.0	NonTarget	1	196520
767.7810689355304	1.0	NonTarget	1	196552
767.9060689060518	1.0	NonTarget	1	196584
768.0310688765733	1.0	NonTarget	1	196616
768.1560688470947	1.0	NonTarget	1	196648
768.2810688176163	1.0	NonTarget	1	196680
768.4060687881378	1.0	NonTarget	1	196712
768.5310687586592	1.0	NonTarget	1	196744
768.6560687291807	1.0	NonTarget	1	196776
768.7810686997021	1.0	NonTarget	1	196808
768.9060686702236	1.0	NonTarget	1	196840
769.031068640745	1.0	NonTarget	1	196872
769.1560686112666	1.0	NonTarget	1	196904
769.2810685817881	1.0	NonTarget	1	196936
769.4060685523095	1.0	NonTarget	1	196968
769.531068522831	1.0	NonTarget	1	197000
769.6560684933524	1.0	NonTarget	1	197032
769.7810684638739	1.0	NonTarget	1	197064
769.9060684343955	1.0	NonTarget	1	197096
770.0310684049169	1.0	NonTarget	1	197128
770.1560683754384	1.0	NonTarget	1	197160
770.2810683459599	1.0	NonTarget	1	197192
770.4060683164813	1.0	NonTarget	1	197224
770.5310682870028	1.0	NonTarget	1	197256
770.6560682575242	1.0	NonTarget	1	197288
770.7810682280458	1.0	NonTarget	1	197320
770.9060681985673	1.0	NonTarget	1	197352
771.0310681690887	1.0	NonTarget	1	197384
771.1560681396102	1.0	NonTarget	1	197416
771.2810681101316	1.0	NonTarget	1	197448
771.4060680806531	1.0	NonTarget	1	197480
771.5310680511747	1.0	NonTarget	1	197512
771.6560680216961	1.0	NonTarget	1	197544
771.7810679922176	1.0	NonTarget	1	197576
771.906067962739	1.0	NonTarget	1	197608
772.0310679332605	1.0	NonTarget	1	197640
772.156067903782	1.0	NonTarget	1	197672
772.2810678743034	1.0	NonTarget	1	197704
772.406067844825	1.0	NonTarget	1	197736
772.5310678153464	1.0	NonTarget	1	197768
772.6560677858679	1.0	NonTarget	1	197800
772.7810677563893	1.0	NonTarget	1	197832
772.9060677269108	1.0	NonTarget	1	197864
773.0310676974323	1.0	NonTarget	1	197896
773.1560676679538	1.0	NonTarget	1	197928
773.2810676384753	1.0	NonTarget	1	197960
773.4060676089968	1.0	NonTarget	1	197992
773.5310675795182	1.0	NonTarget	1	198024
773.6560675500397	1.0	NonTarget	1	198056
773.7810675205611	1.0	NonTarget	1	198088
773.9060674910826	1.0	NonTarget	1	198120
774.0310674616042	1.0	NonTarget	1	198152
774.1560674321256	1.0	NonTarget	1	198184
774.2810674026471	1.0	NonTarget	1	198216
774.4060673731685	1.0	NonTarget	1	198248
774.53106734369	1.0	NonTarget	1	198280
774.6560673142114	1.0	NonTarget	1	198312
774.7810672847329	1.0	NonTarget	1	198344
774.9060672552545	1.0	NonTarget	1	198376
775.0310672257759	1.0	NonTarget	1	198408
775.1560671962974	1.0	NonTarget	1	198440
775.2810671668188	1.0	NonTarget	1	198472
775.4060671373403	1.0	NonTarget	1	198504
781.5310656928926	1.0	NonTarget	1	200072
781.6560656634141	1.0	NonTarget	1	200104
781.7810656339356	1.0	NonTarget	1	200136
781.906065604457	1.0	NonTarget	1	200168
782.0310655749785	1.0	NonTarget	1	200200
782.1560655454999	1.0	NonTarget	1	200232
782.2810655160215	1.0	NonTarget	1	200264
782.406065486543	1.0	NonTarget	1	200296
782.5310654570644	1.0	NonTarget	1	200328
782.6560654275859	1.0	NonTarget	1	200360
782.7810653981073	1.0	NonTarget	1	200392
782.9060653686288	1.0	NonTarget	1	200424
783.0310653391504	1.0	NonTarget	1	200456
783.1560653096718	1.0	NonTarget	1	200488
783.2810652801933	1.0	NonTarget	1	200520
783.4060652507147	1.0	NonTarget	1	200552
783.5310652212362	1.0	NonTarget	1	200584
783.6560651917576	1.0	NonTarget	1	200616
783.7810651622791	1.0	NonTarget	1	200648
783.9060651328007	1.0	NonTarget	1	200680
784.0310651033221	1.0	NonTarget	1	200712
784.1560650738436	1.0	NonTarget	1	200744
784.281065044365	1.0	NonTarget	1	200776
784.4060650148865	1.0	NonTarget	1	200808
784.531064985408	1.0	NonTarget	1	200840
784.6560649559295	1.0	NonTarget	1	200872
784.781064926451	1.0	NonTarget	1	200904
784.9060648969725	1.0	NonTarget	1	200936
785.0310648674939	1.0	NonTarget	1	200968
785.1560648380154	1.0	NonTarget	1	201000
785.2810648085368	1.0	NonTarget	1	201032
785.4060647790583	1.0	NonTarget	1	201064
785.5310647495799	1.0	NonTarget	1	201096
785.6560647201013	1.0	NonTarget	1	201128
785.7810646906228	1.0	NonTarget	1	201160
785.9060646611442	1.0	NonTarget	1	201192
786.0310646316657	1.0	NonTarget	1	201224
786.1560646021871	1.0	NonTarget	1	201256
786.2810645727087	1.0	NonTarget	1	201288
786.4060645432302	1.0	NonTarget	1	201320
786.5310645137516	1.0	NonTarget	1	201352
786.6560644842731	1.0	NonTarget	1	201384
786.7810644547945	1.0	NonTarget	1	201416
786.906064425316	1.0	NonTarget	1	201448
787.0310643958375	1.0	NonTarget	1	201480
787.156064366359	1.0	NonTarget	1	201512
787.2810643368805	1.0	NonTarget	1	201544
787.406064307402	1.0	NonTarget	1	201576
787.5310642779234	1.0	NonTarget	1	201608
787.6560642484449	1.0	NonTarget	1	201640
787.7810642189663	1.0	NonTarget	1	201672
787.9060641894879	1.0	NonTarget	1	201704
788.0310641600094	1.0	NonTarget	1	201736
788.1560641305308	1.0	NonTarget	1	201768
788.2810641010523	1.0	NonTarget	1	201800
788.4060640715737	1.0	NonTarget	1	201832
788.5310640420952	1.0	NonTarget	1	201864
788.6560640126166	1.0	NonTarget	1	201896
788.7810639831382	1.0	NonTarget	1	201928
788.9060639536597	1.0	NonTarget	1	201960
789.0310639241811	1.0	NonTarget	1	201992
789.1560638947026	1.0	NonTarget	1	202024
789.281063865224	1.0	NonTarget	1	202056
789.4060638357455	1.0	NonTarget	1	202088
789.5310638062671	1.0	NonTarget	1	202120
789.6560637767885	1.0	NonTarget	1	202152
789.78106374731	1.0	NonTarget	1	202184
789.9060637178314	1.0	NonTarget	1	202216
790.0310636883529	1.0	NonTarget	1	202248
790.1560636588744	1.0	NonTarget	1	202280
790.2810636293958	1.0	NonTarget	1	202312
790.4060635999174	1.0	NonTarget	1	202344
790.5310635704388	1.0	NonTarget	1	202376
790.6560635409603	1.0	NonTarget	1	202408
790.7810635114818	1.0	NonTarget	1	202440
790.9060634820032	1.0	NonTarget	1	202472
791.0310634525247	1.0	NonTarget	1	202504
791.1560634230461	1.0	NonTarget	1	202536
791.2810633935677	1.0	NonTarget	1	202568
791.4060633640892	1.0	NonTarget	1	202600
791.5310633346106	1.0	NonTarget	1	202632
791.6560633051321	1.0	NonTarget	1	202664
791.7810632756535	1.0	NonTarget	1	202696
791.906063246175	1.0	NonTarget	1	202728
792.0310632166966	1.0	NonTarget	1	202760
792.156063187218	1.0	NonTarget	1	202792
792.2810631577395	1.0	NonTarget	1	202824
792.4060631282609	1.0	NonTarget	1	202856
792.5310630987824	1.0	NonTarget	1	202888
792.6560630693039	1.0	NonTarget	1	202920
792.7810630398253	1.0	NonTarget	1	202952
792.9060630103469	1.0	NonTarget	1	202984
793.0310629808683	1.0	NonTarget	1	203016
793.1560629513898	1.0	NonTarget	1	203048
793.2810629219113	1.0	NonTarget	1	203080
793.4060628924327	1.0	NonTarget	1	203112
793.5310628629542	1.0	NonTarget	1	203144
793.6560628334757	1.0	NonTarget	1	203176
793.7810628039972	1.0	NonTarget	1	203208
793.9060627745187	1.0	NonTarget	1	203240
794.0310627450401	1.0	NonTarget	1	203272
794.1560627155616	1.0	NonTarget	1	203304
794.281062686083	1.0	NonTarget	1	203336
794.4060626566045	1.0	NonTarget	1	203368
794.5310626271261	1.0	NonTarget	1	203400
794.6560625976475	1.0	NonTarget	1	203432
794.781062568169	1.0	NonTarget	1	203464
794.9060625386904	1.0	NonTarget	1	203496
795.0310625092119	1.0	NonTarget	1	203528
795.1560624797334	1.0	NonTarget	1	203560
795.2810624502549	1.0	NonTarget	1	203592
795.4060624207764	1.0	NonTarget	1	203624
795.5310623912978	1.0	NonTarget	1	203656
795.6560623618193	1.0	NonTarget	1	203688
795.7810623323408	1.0	NonTarget	1	203720
795.9060623028622	1.0	NonTarget	1	203752
796.0310622733837	1.0	NonTarget	1	203784
796.1560622439052	1.0	NonTarget	1	203816
796.2810622144267	1.0	NonTarget	1	203848
796.4060621849482	1.0	NonTarget	1	203880
802.5310607405004	1.0	NonTarget	1	205448
802.656060711022	1.0	NonTarget	1	205480
802.7810606815434	1.0	NonTarget	1	205512
802.9060606520649	1.0	NonTarget	1	205544
803.0310606225863	1.0	NonTarget	1	205576
803.1560605931078	1.0	NonTarget	1	205608
803.2810605636292	1.0	NonTarget	1	205640
803.4060605341507	1.0	NonTarget	1	205672
803.5310605046723	1.0	NonTarget	1	205704
803.6560604751937	1.0	NonTarget	1	205736
803.7810604457152	1.0	NonTarget	1	205768
803.9060604162366	1.0	NonTarget	1	205800
804.0310603867581	1.0	NonTarget	1	205832
804.1560603572796	1.0	NonTarget	1	205864
804.2810603278011	1.0	NonTarget	1	205896
804.4060602983226	1.0	NonTarget	1	205928
804.531060268844	1.0	NonTarget	1	205960
804.6560602393655	1.0	NonTarget	1	205992
804.781060209887	1.0	NonTarget	1	206024
804.9060601804084	1.0	NonTarget	1	206056
805.0310601509299	1.0	NonTarget	1	206088
805.1560601214514	1.0	NonTarget	1	206120
805.2810600919729	1.0	NonTarget	1	206152
805.4060600624944	1.0	NonTarget	1	206184
805.5310600330158	1.0	NonTarget	1	206216
805.6560600035373	1.0	NonTarget	1	206248
805.7810599740587	1.0	NonTarget	1	206280
805.9060599445803	1.0	NonTarget	1	206312
806.0310599151018	1.0	NonTarget	1	206344
806.1560598856232	1.0	NonTarget	1	206376
806.2810598561447	1.0	NonTarget	1	206408
806.4060598266661	1.0	NonTarget	1	206440
806.5310597971876	1.0	NonTarget	1	206472
806.656059767709	1.0	NonTarget	1	206504
806.7810597382306	1.0	NonTarget	1	206536
806.9060597087521	1.0	NonTarget	1	206568
807.0310596792735	1.0	NonTarget	1	206600
807.156059649795	1.0	NonTarget	1	206632
807.2810596203165	1.0	NonTarget	1	206664
807.4060595908379	1.0	NonTarget	1	206696
807.5310595613594	1.0	NonTarget	1	206728
807.6560595318809	1.0	NonTarget	1	206760
807.7810595024024	1.0	NonTarget	1	206792
807.9060594729239	1.0	NonTarget	1	206824
808.0310594434453	1.0	NonTarget	1	206856
808.1560594139668	1.0	NonTarget	1	206888
808.2810593844882	1.0	NonTarget	1	206920
808.4060593550098	1.0	NonTarget	1	206952
808.5310593255313	1.0	NonTarget	1	206984
808.6560592960527	1.0	NonTarget	1	207016
808.7810592665742	1.0	NonTarget	1	207048
808.9060592370956	1.0	NonTarget	1	207080
809.0310592076171	1.0	NonTarget	1	207112
809.1560591781385	1.0	NonTarget	1	207144
809.2810591486601	1.0	NonTarget	1	207176
809.4060591191816	1.0	NonTarget	1	207208
809.531059089703	1.0	NonTarget	1	207240
809.6560590602245	1.0	NonTarget	1	207272
809.781059030746	1.0	NonTarget	1	207304
809.9060590012674	1.0	NonTarget	1	207336
810.031058971789	1.0	NonTarget	1	207368
810.1560589423104	1.0	NonTarget	1	207400
810.2810589128319	1.0	NonTarget	1	207432
810.4060588833534	1.0	NonTarget	1	207464
810.5310588538748	1.0	NonTarget	1	207496
810.6560588243963	1.0	NonTarget	1	207528
810.7810587949177	1.0	NonTarget	1	207560
810.9060587654393	1.0	NonTarget	1	207592
811.0310587359608	1.0	NonTarget	1	207624
811.1560587064822	1.0	NonTarget	1	207656
811.2810586770037	1.0	NonTarget	1	207688
811.4060586475251	1.0	NonTarget	1	207720
811.5310586180466	1.0	NonTarget	1	207752
811.6560585885682	1.0	NonTarget	1	207784
811.7810585590896	1.0	NonTarget	1	207816
811.9060585296111	1.0	NonTarget	1	207848
812.0310585001325	1.0	NonTarget	1	207880
812.156058470654	1.0	NonTarget	1	207912
812.2810584411754	1.0	NonTarget	1	207944
812.4060584116969	1.0	NonTarget	1	207976
812.5310583822185	1.0	NonTarget	1	208008
812.6560583527399	1.0	NonTarget	1	208040
812.7810583232614	1.0	NonTarget	1	208072
812.9060582937828	1.0	NonTarget	1	208104
813.0310582643043	1.0	NonTarget	1	208136
813.1560582348258	1.0	NonTarget	1	208168
813.2810582053473	1.0	NonTarget	1	208200
813.4060581758688	1.0	NonTarget	1	208232
813.5310581463903	1.0	NonTarget	1	208264
813.6560581169117	1.0	NonTarget	1	208296
813.7810580874332	1.0	NonTarget	1	208328
813.9060580579546	1.0	NonTarget	1	208360
814.0310580284761	1.0	NonTarget	1	208392
814.1560579989977	1.0	NonTarget	1	208424
814.2810579695191	1.0	NonTarget	1	208456
814.4060579400406	1.0	NonTarget	1	208488
814.531057910562	1.0	NonTarget	1	208520
814.6560578810835	1.0	NonTarget	1	208552
814.7810578516049	1.0	NonTarget	1	208584
814.9060578221265	1.0	NonTarget	1	208616
815.031057792648	1.0	NonTarget	1	208648
815.1560577631694	1.0	NonTarget	1	208680
815.2810577336909	1.0	NonTarget	1	208712
815.4060577042123	1.0	NonTarget	1	208744
815.5310576747338	1.0	NonTarget	1	208776
815.6560576452553	1.0	NonTarget	1	208808
815.7810576157768	1.0	NonTarget	1	208840
815.9060575862983	1.0	NonTarget	1	208872
816.0310575568197	1.0	NonTarget	1	208904
816.1560575273412	1.0	NonTarget	1	208936
816.2810574978627	1.0	NonTarget	1	208968
816.4060574683841	1.0	NonTarget	1	209000
816.5310574389056	1.0	NonTarget	1	209032
816.6560574094271	1.0	NonTarget	1	209064
816.7810573799486	1.0	NonTarget	1	209096
816.9060573504701	1.0	NonTarget	1	209128
817.0310573209915	1.0	NonTarget	1	209160
817.156057291513	1.0	NonTarget	1	209192
817.2810572620344	1.0	NonTarget	1	209224
817.406057232556	1.0	NonTarget	1	209256
823.5310557881082	1.0	NonTarget	1	210824
823.6560557586297	1.0	NonTarget	1	210856
823.7810557291511	1.0	NonTarget	1	210888
823.9060556996726	1.0	NonTarget	1	210920
824.0310556701942	1.0	NonTarget	1	210952
824.1560556407156	1.0	NonTarget	1	210984
824.2810556112371	1.0	NonTarget	1	211016
824.4060555817586	1.0	NonTarget	1	211048
824.53105555228	1.0	NonTarget	1	211080
824.6560555228015	1.0	NonTarget	1	211112
824.781055493323	1.0	NonTarget	1	211144
824.9060554638445	1.0	NonTarget	1	211176
825.031055434366	1.0	NonTarget	1	211208
825.1560554048874	1.0	NonTarget	1	211240
825.2810553754089	1.0	NonTarget	1	211272
825.4060553459303	1.0	NonTarget	1	211304
825.5310553164518	1.0	NonTarget	1	211336
825.6560552869734	1.0	NonTarget	1	211368
825.7810552574948	1.0	NonTarget	1	211400
825.9060552280163	1.0	NonTarget	1	211432
826.0310551985377	1.0	NonTarget	1	211464
826.1560551690592	1.0	NonTarget	1	211496
826.2810551395806	1.0	NonTarget	1	211528
826.4060551101022	1.0	NonTarget	1	211560
826.5310550806237	1.0	NonTarget	1	211592
826.6560550511451	1.0	NonTarget	1	211624
826.7810550216666	1.0	NonTarget	1	211656
826.906054992188	1.0	NonTarget	1	211688
827.0310549627095	1.0	NonTarget	1	211720
827.156054933231	1.0	NonTarget	1	211752
827.2810549037525	1.0	NonTarget	1	211784
827.406054874274	1.0	NonTarget	1	211816
827.5310548447954	1.0	NonTarget	1	211848
827.6560548153169	1.0	NonTarget	1	211880
827.7810547858384	1.0	NonTarget	1	211912
827.9060547563598	1.0	NonTarget	1	211944
828.0310547268814	1.0	NonTarget	1	211976
828.1560546974029	1.0	NonTarget	1	212008
828.2810546679243	1.0	NonTarget	1	212040
828.4060546384458	1.0	NonTarget	1	212072
828.5310546089672	1.0	NonTarget	1	212104
828.6560545794887	1.0	NonTarget	1	212136
828.7810545500101	1.0	NonTarget	1	212168
828.9060545205317	1.0	NonTarget	1	212200
829.0310544910532	1.0	NonTarget	1	212232
829.1560544615746	1.0	NonTarget	1	212264
829.2810544320961	1.0	NonTarget	1	212296
829.4060544026175	1.0	NonTarget	1	212328
829.531054373139	1.0	NonTarget	1	212360
829.6560543436606	1.0	NonTarget	1	212392
829.781054314182	1.0	NonTarget	1	212424
829.9060542847035	1.0	NonTarget	1	212456
830.031054255225	1.0	NonTarget	1	212488
830.1560542257464	1.0	NonTarget	1	212520
830.2810541962679	1.0	NonTarget	1	212552
830.4060541667893	1.0	NonTarget	1	212584
830.5310541373109	1.0	NonTarget	1	212616
830.6560541078323	1.0	NonTarget	1	212648
830.7810540783538	1.0	NonTarget	1	212680
830.9060540488753	1.0	NonTarget	1	212712
831.0310540193967	1.0	NonTarget	1	212744
831.1560539899182	1.0	NonTarget	1	212776
831.2810539604397	1.0	NonTarget	1	212808
831.4060539309612	1.0	NonTarget	1	212840
831.5310539014827	1.0	NonTarget	1	212872
831.6560538720041	1.0	NonTarget	1	212904
831.7810538425256	1.0	NonTarget	1	212936
831.906053813047	1.0	NonTarget	1	212968
832.0310537835685	1.0	NonTarget	1	213000
832.1560537540901	1.0	NonTarget	1	213032
832.2810537246115	1.0	NonTarget	1	213064
832.406053695133	1.0	NonTarget	1	213096
832.5310536656544	1.0	NonTarget	1	213128
832.6560536361759	1.0	NonTarget	1	213160
832.7810536066974	1.0	NonTarget	1	213192
832.9060535772188	1.0	NonTarget	1	213224
833.0310535477404	1.0	NonTarget	1	213256
833.1560535182618	1.0	NonTarget	1	213288
833.2810534887833	1.0	NonTarget	1	213320
833.4060534593048	1.0	NonTarget	1	213352
833.5310534298262	1.0	NonTarget	1	213384
833.6560534003477	1.0	NonTarget	1	213416
833.7810533708692	1.0	NonTarget	1	213448
833.9060533413907	1.0	NonTarget	1	213480
834.0310533119122	1.0	NonTarget	1	213512
834.1560532824336	1.0	NonTarget	1	213544
834.2810532529551	1.0	NonTarget	1	213576
834.4060532234765	1.0	NonTarget	1	213608
834.531053193998	1.0	NonTarget	1	213640
834.6560531645196	1.0	NonTarget	1	213672
834.781053135041	1.0	NonTarget	1	213704
834.9060531055625	1.0	NonTarget	1	213736
835.0310530760839	1.0	NonTarget	1	213768
835.1560530466054	1.0	NonTarget	1	213800
835.2810530171269	1.0	NonTarget	1	213832
835.4060529876484	1.0	NonTarget	1	213864
835.5310529581699	1.0	NonTarget	1	213896
835.6560529286913	1.0	NonTarget	1	213928
835.7810528992128	1.0	NonTarget	1	213960
835.9060528697343	1.0	NonTarget	1	213992
836.0310528402557	1.0	NonTarget	1	214024
836.1560528107772	1.0	NonTarget	1	214056
836.2810527812987	1.0	NonTarget	1	214088
836.4060527518202	1.0	NonTarget	1	214120
836.5310527223417	1.0	NonTarget	1	214152
836.6560526928631	1.0	NonTarget	1	214184
836.7810526633846	1.0	NonTarget	1	214216
836.906052633906	1.0	NonTarget	1	214248
837.0310526044276	1.0	NonTarget	1	214280
837.1560525749491	1.0	NonTarget	1	214312
837.2810525454705	1.0	NonTarget	1	214344
837.406052515992	1.0	NonTarget	1	214376
837.5310524865134	1.0	NonTarget	1	214408
837.6560524570349	1.0	NonTarget	1	214440
837.7810524275563	1.0	NonTarget	1	214472
837.9060523980779	1.0	NonTarget	1	214504
838.0310523685994	1.0	NonTarget	1	214536
838.1560523391208	1.0	NonTarget	1	214568
838.2810523096423	1.0	NonTarget	1	214600
838.4060522801637	1.0	NonTarget	1	214632
844.5310508357161	1.0	NonTarget	1	216200
844.6560508062375	1.0	NonTarget	1	216232
844.781050776759	1.0	NonTarget	1	216264
844.9060507472805	1.0	NonTarget	1	216296
845.0310507178019	1.0	NonTarget	1	216328
845.1560506883234	1.0	NonTarget	1	216360
845.281050658845	1.0	NonTarget	1	216392
845.4060506293664	1.0	NonTarget	1	216424
845.5310505998879	1.0	NonTarget	1	216456
845.6560505704093	1.0	NonTarget	1	216488
845.7810505409308	1.0	NonTarget	1	216520
845.9060505114522	1.0	NonTarget	1	216552
846.0310504819738	1.0	NonTarget	1	216584
846.1560504524953	1.0	NonTarget	1	216616
846.2810504230167	1.0	NonTarget	1	216648
846.4060503935382	1.0	NonTarget	1	216680
846.5310503640596	1.0	NonTarget	1	216712
846.6560503345811	1.0	NonTarget	1	216744
846.7810503051026	1.0	NonTarget	1	216776
846.9060502756241	1.0	NonTarget	1	216808
847.0310502461456	1.0	NonTarget	1	216840
847.156050216667	1.0	NonTarget	1	216872
847.2810501871885	1.0	NonTarget	1	216904
847.40605015771	1.0	NonTarget	1	216936
847.5310501282314	1.0	NonTarget	1	216968
847.656050098753	1.0	NonTarget	1	217000
847.7810500692744	1.0	NonTarget	1	217032
847.9060500397959	1.0	NonTarget	1	217064
848.0310500103174	1.0	NonTarget	1	217096
848.1560499808388	1.0	NonTarget	1	217128
848.2810499513603	1.0	NonTarget	1	217160
848.4060499218817	1.0	NonTarget	1	217192
848.5310498924033	1.0	NonTarget	1	217224
848.6560498629248	1.0	NonTarget	1	217256
848.7810498334462	1.0	NonTarget	1	217288
848.9060498039677	1.0	NonTarget	1	217320
849.0310497744891	1.0	NonTarget	1	217352
849.1560497450106	1.0	NonTarget	1	217384
849.281049715532	1.0	NonTarget	1	217416
849.4060496860536	1.0	NonTarget	1	217448
849.5310496565751	1.0	NonTarget	1	217480
849.6560496270965	1.0	NonTarget	1	217512
849.781049597618	1.0	NonTarget	1	217544
849.9060495681395	1.0	NonTarget	1	217576
850.0310495386609	1.0	NonTarget	1	217608
850.1560495091825	1.0	NonTarget	1	217640
850.2810494797039	1.0	NonTarget	1	217672
850.4060494502254	1.0	NonTarget	1	217704
850.5310494207469	1.0	NonTarget	1	217736
850.6560493912683	1.0	NonTarget	1	217768
850.7810493617898	1.0	NonTarget	1	217800
850.9060493323112	1.0	NonTarget	1	217832
851.0310493028328	1.0	NonTarget	1	217864
851.1560492733543	1.0	NonTarget	1	217896
851.2810492438757	1.0	NonTarget	1	217928
851.4060492143972	1.0	NonTarget	1	217960
851.5310491849186	1.0	NonTarget	1	217992
851.6560491554401	1.0	NonTarget	1	218024
851.7810491259617	1.0	NonTarget	1	218056
851.9060490964831	1.0	NonTarget	1	218088
852.0310490670046	1.0	NonTarget	1	218120
852.156049037526	1.0	NonTarget	1	218152
852.2810490080475	1.0	NonTarget	1	218184
852.406048978569	1.0	NonTarget	1	218216
852.5310489490904	1.0	NonTarget	1	218248
852.656048919612	1.0	NonTarget	1	218280
852.7810488901334	1.0	NonTarget	1	218312
852.9060488606549	1.0	NonTarget	1	218344
853.0310488311763	1.0	NonTarget	1	218376
853.1560488016978	1.0	NonTarget	1	218408
853.2810487722193	1.0	NonTarget	1	218440
853.4060487427408	1.0	NonTarget	1	218472
853.5310487132623	1.0	NonTarget	1	218504
853.6560486837838	1.0	NonTarget	1	218536
853.7810486543052	1.0	NonTarget	1	218568
853.9060486248267	1.0	NonTarget	1	218600
854.0310485953481	1.0	NonTarget	1	218632
854.1560485658696	1.0	NonTarget	1	218664
854.2810485363912	1.0	NonTarget	1	218696
854.4060485069126	1.0	NonTarget	1	218728
854.5310484774341	1.0	NonTarget	1	218760
854.6560484479555	1.0	NonTarget	1	218792
854.781048418477	1.0	NonTarget	1	218824
854.9060483889984	1.0	NonTarget	1	218856
855.03104835952	1.0	NonTarget	1	218888
855.1560483300415	1.0	NonTarget	1	218920
855.2810483005629	1.0	NonTarget	1	218952
855.4060482710844	1.0	NonTarget	1	218984
855.5310482416058	1.0	NonTarget	1	219016
855.6560482121273	1.0	NonTarget	1	219048
855.7810481826488	1.0	NonTarget	1	219080
855.9060481531703	1.0	NonTarget	1	219112
856.0310481236918	1.0	NonTarget	1	219144
856.1560480942132	1.0	NonTarget	1	219176
856.2810480647347	1.0	NonTarget	1	219208
856.4060480352562	1.0	NonTarget	1	219240
856.5310480057776	1.0	NonTarget	1	219272
856.6560479762992	1.0	NonTarget	1	219304
856.7810479468206	1.0	NonTarget	1	219336
856.9060479173421	1.0	NonTarget	1	219368
857.0310478878636	1.0	NonTarget	1	219400
857.156047858385	1.0	NonTarget	1	219432
857.2810478289065	1.0	NonTarget	1	219464
857.4060477994279	1.0	NonTarget	1	219496
857.5310477699495	1.0	NonTarget	1	219528
857.656047740471	1.0	NonTarget	1	219560
857.7810477109924	1.0	NonTarget	1	219592
857.9060476815139	1.0	NonTarget	1	219624
858.0310476520353	1.0	NonTarget	1	219656
858.1560476225568	1.0	NonTarget	1	219688
858.2810475930783	1.0	NonTarget	1	219720
858.4060475635998	1.0	NonTarget	1	219752
858.5310475341213	1.0	NonTarget	1	219784
858.6560475046427	1.0	NonTarget	1	219816
858.7810474751642	1.0	NonTarget	1	219848
858.9060474456857	1.0	NonTarget	1	219880
859.0310474162071	1.0	NonTarget	1	219912
859.1560473867287	1.0	NonTarget	1	219944
859.2810473572501	1.0	NonTarget	1	219976
859.4060473277716	1.0	NonTarget	1	220008
865.5310458833238	1.0	NonTarget	1	221576
865.6560458538453	1.0	NonTarget	1	221608
865.7810458243669	1.0	NonTarget	1	221640
865.9060457948883	1.0	NonTarget	1	221672
866.0310457654098	1.0	NonTarget	1	221704
866.1560457359312	1.0	NonTarget	1	221736
866.2810457064527	1.0	NonTarget	1	221768
866.4060456769741	1.0	NonTarget	1	221800
866.5310456474957	1.0	NonTarget	1	221832
866.6560456180172	1.0	NonTarget	1	221864
866.7810455885386	1.0	NonTarget	1	221896
866.9060455590601	1.0	NonTarget	1	221928
867.0310455295815	1.0	NonTarget	1	221960
867.156045500103	1.0	NonTarget	1	221992
867.2810454706245	1.0	NonTarget	1	222024
867.406045441146	1.0	NonTarget	1	222056
867.5310454116675	1.0	NonTarget	1	222088
867.656045382189	1.0	NonTarget	1	222120
867.7810453527104	1.0	NonTarget	1	222152
867.9060453232319	1.0	NonTarget	1	222184
868.0310452937533	1.0	NonTarget	1	222216
868.1560452642749	1.0	NonTarget	1	222248
868.2810452347964	1.0	NonTarget	1	222280
868.4060452053178	1.0	NonTarget	1	222312
868.5310451758393	1.0	NonTarget	1	222344
868.6560451463607	1.0	NonTarget	1	222376
868.7810451168822	1.0	NonTarget	1	222408
868.9060450874036	1.0	NonTarget	1	222440
869.0310450579252	1.0	NonTarget	1	222472
869.1560450284467	1.0	NonTarget	1	222504
869.2810449989681	1.0	NonTarget	1	222536
869.4060449694896	1.0	NonTarget	1	222568
869.531044940011	1.0	NonTarget	1	222600
869.6560449105325	1.0	NonTarget	1	222632
869.7810448810541	1.0	NonTarget	1	222664
869.9060448515755	1.0	NonTarget	1	222696
870.031044822097	1.0	NonTarget	1	222728
870.1560447926184	1.0	NonTarget	1	222760
870.2810447631399	1.0	NonTarget	1	222792
870.4060447336614	1.0	NonTarget	1	222824
870.5310447041828	1.0	NonTarget	1	222856
870.6560446747044	1.0	NonTarget	1	222888
870.7810446452258	1.0	NonTarget	1	222920
870.9060446157473	1.0	NonTarget	1	222952
871.0310445862688	1.0	NonTarget	1	222984
871.1560445567902	1.0	NonTarget	1	223016
871.2810445273117	1.0	NonTarget	1	223048
871.4060444978332	1.0	NonTarget	1	223080
871.5310444683547	1.0	NonTarget	1	223112
871.6560444388762	1.0	NonTarget	1	223144
871.7810444093976	1.0	NonTarget	1	223176
871.9060443799191	1.0	NonTarget	1	223208
872.0310443504405	1.0	NonTarget	1	223240
872.156044320962	1.0	NonTarget	1	223272
872.2810442914836	1.0	NonTarget	1	223304
872.406044262005	1.0	NonTarget	1	223336
872.5310442325265	1.0	NonTarget	1	223368
872.6560442030479	1.0	NonTarget	1	223400
872.7810441735694	1.0	NonTarget	1	223432
872.9060441440909	1.0	NonTarget	1	223464
873.0310441146124	1.0	NonTarget	1	223496
873.1560440851339	1.0	NonTarget	1	223528
873.2810440556553	1.0	NonTarget	1	223560
873.4060440261768	1.0	NonTarget	1	223592
873.5310439966983	1.0	NonTarget	1	223624
873.6560439672197	1.0	NonTarget	1	223656
873.7810439377412	1.0	NonTarget	1	223688
873.9060439082627	1.0	NonTarget	1	223720
874.0310438787842	1.0	NonTarget	1	223752
874.1560438493057	1.0	NonTarget	1	223784
874.2810438198271	1.0	NonTarget	1	223816
874.4060437903486	1.0	NonTarget	1	223848
874.53104376087	1.0	NonTarget	1	223880
874.6560437313915	1.0	NonTarget	1	223912
874.7810437019131	1.0	NonTarget	1	223944
874.9060436724345	1.0	NonTarget	1	223976
875.031043642956	1.0	NonTarget	1	224008
875.1560436134774	1.0	NonTarget	1	224040
875.2810435839989	1.0	NonTarget	1	224072
875.4060435545204	1.0	NonTarget	1	224104
875.5310435250419	1.0	NonTarget	1	224136
875.6560434955634	1.0	NonTarget	1	224168
875.7810434660848	1.0	NonTarget	1	224200
875.9060434366063	1.0	NonTarget	1	224232
876.0310434071278	1.0	NonTarget	1	224264
876.1560433776492	1.0	NonTarget	1	224296
876.2810433481707	1.0	NonTarget	1	224328
876.4060433186922	1.0	NonTarget	1	224360
876.5310432892137	1.0	NonTarget	1	224392
876.6560432597352	1.0	NonTarget	1	224424
876.7810432302566	1.0	NonTarget	1	224456
876.9060432007781	1.0	NonTarget	1	224488
877.0310431712995	1.0	NonTarget	1	224520
877.1560431418211	1.0	NonTarget	1	224552
877.2810431123426	1.0	NonTarget	1	224584
877.406043082864	1.0	NonTarget	1	224616
877.5310430533855	1.0	NonTarget	1	224648
877.6560430239069	1.0	NonTarget	1	224680
877.7810429944284	1.0	NonTarget	1	224712
877.9060429649498	1.0	NonTarget	1	224744
878.0310429354714	1.0	NonTarget	1	224776
878.1560429059929	1.0	NonTarget	1	224808
878.2810428765143	1.0	NonTarget	1	224840
878.4060428470358	1.0	NonTarget	1	224872
878.5310428175572	1.0	NonTarget	1	224904
878.6560427880787	1.0	NonTarget	1	224936
878.7810427586003	1.0	NonTarget	1	224968
878.9060427291217	1.0	NonTarget	1	225000
879.0310426996432	1.0	NonTarget	1	225032
879.1560426701647	1.0	NonTarget	1	225064
879.2810426406861	1.0	NonTarget	1	225096
879.4060426112076	1.0	NonTarget	1	225128
879.531042581729	1.0	NonTarget	1	225160
879.6560425522506	1.0	NonTarget	1	225192
879.781042522772	1.0	NonTarget	1	225224
879.9060424932935	1.0	NonTarget	1	225256
880.031042463815	1.0	NonTarget	1	225288
880.1560424343364	1.0	NonTarget	1	225320
880.2810424048579	1.0	NonTarget	1	225352
880.4060423753795	1.0	NonTarget	1	225384
886.5310409309317	1.0	NonTarget	1	226952
886.6560409014531	1.0	NonTarget	1	226984
886.7810408719746	1.0	NonTarget	1	227016
886.906040842496	1.0	NonTarget	1	227048
887.0310408130176	1.0	NonTarget	1	227080
887.1560407835391	1.0	NonTarget	1	227112
887.2810407540605	1.0	NonTarget	1	227144
887.406040724582	1.0	NonTarget	1	227176
887.5310406951035	1.0	NonTarget	1	227208
887.6560406656249	1.0	NonTarget	1	227240
887.7810406361465	1.0	NonTarget	1	227272
887.906040606668	1.0	NonTarget	1	227304
888.0310405771894	1.0	NonTarget	1	227336
888.1560405477109	1.0	NonTarget	1	227368
888.2810405182323	1.0	NonTarget	1	227400
888.4060404887538	1.0	NonTarget	1	227432
888.5310404592752	1.0	NonTarget	1	227464
888.6560404297968	1.0	NonTarget	1	227496
888.7810404003183	1.0	NonTarget	1	227528
888.9060403708397	1.0	NonTarget	1	227560
889.0310403413612	1.0	NonTarget	1	227592
889.1560403118826	1.0	NonTarget	1	227624
889.2810402824041	1.0	NonTarget	1	227656
889.4060402529257	1.0	NonTarget	1	227688
889.5310402234471	1.0	NonTarget	1	227720
889.6560401939686	1.0	NonTarget	1	227752
889.78104016449	1.0	NonTarget	1	227784
889.9060401350115	1.0	NonTarget	1	227816
890.031040105533	1.0	NonTarget	1	227848
890.1560400760544	1.0	NonTarget	1	227880
890.281040046576	1.0	NonTarget	1	227912
890.4060400170974	1.0	NonTarget	1	227944
890.5310399876189	1.0	NonTarget	1	227976
890.6560399581404	1.0	NonTarget	1	228008
890.7810399286618	1.0	NonTarget	1	228040
890.9060398991833	1.0	NonTarget	1	228072
891.0310398697047	1.0	NonTarget	1	228104
891.1560398402263	1.0	NonTarget	1	228136
891.2810398107478	1.0	NonTarget	1	228168
891.4060397812692	1.0	NonTarget	1	228200
891.5310397517907	1.0	NonTarget	1	228232
891.6560397223121	1.0	NonTarget	1	228264
891.7810396928336	1.0	NonTarget	1	228296
891.9060396633552	1.0	NonTarget	1	228328
892.0310396338766	1.0	NonTarget	1	228360
892.1560396043981	1.0	NonTarget	1	228392
892.2810395749195	1.0	NonTarget	1	228424
892.406039545441	1.0	NonTarget	1	228456
892.5310395159624	1.0	NonTarget	1	228488
892.6560394864839	1.0	NonTarget	1	228520
892.7810394570055	1.0	NonTarget	1	228552
892.9060394275269	1.0	NonTarget	1	228584
893.0310393980484	1.0	NonTarget	1	228616
893.1560393685699	1.0	NonTarget	1	228648
893.2810393390913	1.0	NonTarget	1	228680
893.4060393096128	1.0	NonTarget	1	228712
893.5310392801343	1.0	NonTarget	1	228744
893.6560392506558	1.0	NonTarget	1	228776
893.7810392211773	1.0	NonTarget	1	228808
893.9060391916987	1.0	NonTarget	1	228840
894.0310391622202	1.0	NonTarget	1	228872
894.1560391327416	1.0	NonTarget	1	228904
894.2810391032631	1.0	NonTarget	1	228936
894.4060390737847	1.0	NonTarget	1	228968
894.5310390443061	1.0	NonTarget	1	229000
894.6560390148276	1.0	NonTarget	1	229032
894.781038985349	1.0	NonTarget	1	229064
894.9060389558705	1.0	NonTarget	1	229096
895.031038926392	1.0	NonTarget	1	229128
895.1560388969135	1.0	NonTarget	1	229160
895.281038867435	1.0	NonTarget	1	229192
895.4060388379564	1.0	NonTarget	1	229224
895.5310388084779	1.0	NonTarget	1	229256
895.6560387789993	1.0	NonTarget	1	229288
895.7810387495208	1.0	NonTarget	1	229320
895.9060387200423	1.0	NonTarget	1	229352
896.0310386905638	1.0	NonTarget	1	229384
896.1560386610853	1.0	NonTarget	1	229416
896.2810386316067	1.0	NonTarget	1	229448
896.4060386021282	1.0	NonTarget	1	229480
896.5310385726497	1.0	NonTarget	1	229512
896.6560385431711	1.0	NonTarget	1	229544
896.7810385136927	1.0	NonTarget	1	229576
896.9060384842142	1.0	NonTarget	1	229608
897.0310384547356	1.0	NonTarget	1	229640
897.1560384252571	1.0	NonTarget	1	229672
897.2810383957785	1.0	NonTarget	1	229704
897.4060383663	1.0	NonTarget	1	229736
897.5310383368214	1.0	NonTarget	1	229768
897.656038307343	1.0	NonTarget	1	229800
897.7810382778645	1.0	NonTarget	1	229832
897.9060382483859	1.0	NonTarget	1	229864
898.0310382189074	1.0	NonTarget	1	229896
898.1560381894288	1.0	NonTarget	1	229928
898.2810381599503	1.0	NonTarget	1	229960
898.4060381304719	1.0	NonTarget	1	229992
898.5310381009933	1.0	NonTarget	1	230024
898.6560380715148	1.0	NonTarget	1	230056
898.7810380420362	1.0	NonTarget	1	230088
898.9060380125577	1.0	NonTarget	1	230120
899.0310379830792	1.0	NonTarget	1	230152
899.1560379536006	1.0	NonTarget	1	230184
899.2810379241222	1.0	NonTarget	1	230216
899.4060378946436	1.0	NonTarget	1	230248
899.5310378651651	1.0	NonTarget	1	230280
899.6560378356866	1.0	NonTarget	1	230312
899.781037806208	1.0	NonTarget	1	230344
899.9060377767295	1.0	NonTarget	1	230376
900.0310377472509	1.0	NonTarget	1	230408
900.1560377177725	1.0	NonTarget	1	230440
900.281037688294	1.0	NonTarget	1	230472
900.4060376588154	1.0	NonTarget	1	230504
900.5310376293369	1.0	NonTarget	1	230536
900.6560375998583	1.0	NonTarget	1	230568
900.7810375703798	1.0	NonTarget	1	230600
900.9060375409014	1.0	NonTarget	1	230632
901.0310375114228	1.0	NonTarget	1	230664
901.1560374819443	1.0	NonTarget	1	230696
901.2810374524657	1.0	NonTarget	1	230728
901.4060374229872	1.0	NonTarget	1	230760
907.5310359785395	1.0	NonTarget	1	232328
907.656035949061	1.0	NonTarget	1	232360
907.7810359195825	1.0	NonTarget	1	232392
907.9060358901039	1.0	NonTarget	1	232424
908.0310358606254	1.0	NonTarget	1	232456
908.1560358311468	1.0	NonTarget	1	232488
908.2810358016684	1.0	NonTarget	1	232520
908.4060357721899	1.0	NonTarget	1	232552
908.5310357427113	1.0	NonTarget	1	232584
908.6560357132328	1.0	NonTarget	1	232616
908.7810356837542	1.0	NonTarget	1	232648
908.9060356542757	1.0	NonTarget	1	232680
909.0310356247971	1.0	NonTarget	1	232712
909.1560355953187	1.0	NonTarget	1	232744
909.2810355658402	1.0	NonTarget	1	232776
909.4060355363616	1.0	NonTarget	1	232808
909.5310355068831	1.0	NonTarget	1	232840
909.6560354774045	1.0	NonTarget	1	232872
909.781035447926	1.0	NonTarget	1	232904
909.9060354184476	1.0	NonTarget	1	232936
910.031035388969	1.0	NonTarget	1	232968
910.1560353594905	1.0	NonTarget	1	233000
910.281035330012	1.0	NonTarget	1	233032
910.4060353005334	1.0	NonTarget	1	233064
910.5310352710549	1.0	NonTarget	1	233096
910.6560352415763	1.0	NonTarget	1	233128
910.7810352120979	1.0	NonTarget	1	233160
910.9060351826193	1.0	NonTarget	1	233192
911.0310351531408	1.0	NonTarget	1	233224
911.1560351236623	1.0	NonTarget	1	233256
911.2810350941837	1.0	NonTarget	1	233288
911.4060350647052	1.0	NonTarget	1	233320
911.5310350352268	1.0	NonTarget	1	233352
911.6560350057482	1.0	NonTarget	1	233384
911.7810349762697	1.0	NonTarget	1	233416
911.9060349467911	1.0	NonTarget	1	233448
912.0310349173126	1.0	NonTarget	1	233480
912.156034887834	1.0	NonTarget	1	233512
912.2810348583555	1.0	NonTarget	1	233544
912.4060348288771	1.0	NonTarget	1	233576
912.5310347993985	1.0	NonTarget	1	233608
912.65603476992	1.0	NonTarget	1	233640
912.7810347404414	1.0	NonTarget	1	233672
912.9060347109629	1.0	NonTarget	1	233704
913.0310346814844	1.0	NonTarget	1	233736
913.1560346520059	1.0	NonTarget	1	233768
913.2810346225274	1.0	NonTarget	1	233800
913.4060345930488	1.0	NonTarget	1	233832
913.5310345635703	1.0	NonTarget	1	233864
913.6560345340918	1.0	NonTarget	1	233896
913.7810345046132	1.0	NonTarget	1	233928
913.9060344751347	1.0	NonTarget	1	233960
914.0310344456562	1.0	NonTarget	1	233992
914.1560344161777	1.0	NonTarget	1	234024
914.2810343866992	1.0	NonTarget	1	234056
914.4060343572206	1.0	NonTarget	1	234088
914.5310343277421	1.0	NonTarget	1	234120
914.6560342982635	1.0	NonTarget	1	234152
914.7810342687851	1.0	NonTarget	1	234184
914.9060342393066	1.0	NonTarget	1	234216
915.031034209828	1.0	NonTarget	1	234248
915.1560341803495	1.0	NonTarget	1	234280
915.2810341508709	1.0	NonTarget	1	234312
915.4060341213924	1.0	NonTarget	1	234344
915.5310340919139	1.0	NonTarget	1	234376
915.6560340624354	1.0	NonTarget	1	234408
915.7810340329569	1.0	NonTarget	1	234440
915.9060340034783	1.0	NonTarget	1	234472
916.0310339739998	1.0	NonTarget	1	234504
916.1560339445213	1.0	NonTarget	1	234536
916.2810339150427	1.0	NonTarget	1	234568
916.4060338855642	1.0	NonTarget	1	234600
916.5310338560857	1.0	NonTarget	1	234632
916.6560338266072	1.0	NonTarget	1	234664
916.7810337971287	1.0	NonTarget	1	234696
916.9060337676501	1.0	NonTarget	1	234728
917.0310337381716	1.0	NonTarget	1	234760
917.156033708693	1.0	NonTarget	1	234792
917.2810336792146	1.0	NonTarget	1	234824
917.4060336497361	1.0	NonTarget	1	234856
917.5310336202575	1.0	NonTarget	1	234888
917.656033590779	1.0	NonTarget	1	234920
917.7810335613004	1.0	NonTarget	1	234952
917.9060335318219	1.0	NonTarget	1	234984
918.0310335023433	1.0	NonTarget	1	235016
918.1560334728649	1.0	NonTarget	1	235048
918.2810334433864	1.0	NonTarget	1	235080
918.4060334139078	1.0	NonTarget	1	235112
918.5310333844293	1.0	NonTarget	1	235144
918.6560333549508	1.0	NonTarget	1	235176
918.7810333254722	1.0	NonTarget	1	235208
918.9060332959938	1.0	NonTarget	1	235240
919.0310332665152	1.0	NonTarget	1	235272
919.1560332370367	1.0	NonTarget	1	235304
919.2810332075582	1.0	NonTarget	1	235336
919.4060331780796	1.0	NonTarget	1	235368
919.5310331486011	1.0	NonTarget	1	235400
919.6560331191225	1.0	NonTarget	1	235432
919.7810330896441	1.0	NonTarget	1	235464
919.9060330601656	1.0	NonTarget	1	235496
920.031033030687	1.0	NonTarget	1	235528
920.1560330012085	1.0	NonTarget	1	235560
920.2810329717299	1.0	NonTarget	1	235592
920.4060329422514	1.0	NonTarget	1	235624
920.531032912773	1.0	NonTarget	1	235656
920.6560328832944	1.0	NonTarget	1	235688
920.7810328538159	1.0	NonTarget	1	235720
920.9060328243373	1.0	NonTarget	1	235752
921.0310327948588	1.0	NonTarget	1	235784
921.1560327653802	1.0	NonTarget	1	235816
921.2810327359017	1.0	NonTarget	1	235848
921.4060327064233	1.0	NonTarget	1	235880
921.5310326769447	1.0	NonTarget	1	235912
921.6560326474662	1.0	NonTarget	1	235944
921.7810326179876	1.0	NonTarget	1	235976
921.9060325885091	1.0	NonTarget	1	236008
922.0310325590306	1.0	NonTarget	1	236040
922.1560325295521	1.0	NonTarget	1	236072
922.2810325000736	1.0	NonTarget	1	236104
922.406032470595	1.0	NonTarget	1	236136
928.5310310261473	1.0	NonTarget	1	237704
928.6560309966687	1.0	NonTarget	1	237736
928.7810309671903	1.0	NonTarget	1	237768
928.9060309377118	1.0	NonTarget	1	237800
929.0310309082332	1.0	NonTarget	1	237832
929.1560308787547	1.0	NonTarget	1	237864
929.2810308492761	1.0	NonTarget	1	237896
929.4060308197976	1.0	NonTarget	1	237928
929.5310307903192	1.0	NonTarget	1	237960
929.6560307608406	1.0	NonTarget	1	237992
929.7810307313621	1.0	NonTarget	1	238024
929.9060307018835	1.0	NonTarget	1	238056
930.031030672405	1.0	NonTarget	1	238088
930.1560306429265	1.0	NonTarget	1	238120
930.2810306134479	1.0	NonTarget	1	238152
930.4060305839695	1.0	NonTarget	1	238184
930.5310305544909	1.0	NonTarget	1	238216
930.6560305250124	1.0	NonTarget	1	238248
930.7810304955339	1.0	NonTarget	1	238280
930.9060304660553	1.0	NonTarget	1	238312
931.0310304365768	1.0	NonTarget	1	238344
931.1560304070983	1.0	NonTarget	1	238376
931.2810303776198	1.0	NonTarget	1	238408
931.4060303481413	1.0	NonTarget	1	238440
931.5310303186627	1.0	NonTarget	1	238472
931.6560302891842	1.0	NonTarget	1	238504
931.7810302597056	1.0	NonTarget	1	238536
931.9060302302271	1.0	NonTarget	1	238568
932.0310302007487	1.0	NonTarget	1	238600
932.1560301712701	1.0	NonTarget	1	238632
932.2810301417916	1.0	NonTarget	1	238664
932.406030112313	1.0	NonTarget	1	238696
932.5310300828345	1.0	NonTarget	1	238728
932.656030053356	1.0	NonTarget	1	238760
932.7810300238775	1.0	NonTarget	1	238792
932.906029994399	1.0	NonTarget	1	238824
933.0310299649204	1.0	NonTarget	1	238856
933.1560299354419	1.0	NonTarget	1	238888
933.2810299059634	1.0	NonTarget	1	238920
933.4060298764848	1.0	NonTarget	1	238952
933.5310298470063	1.0	NonTarget	1	238984
933.6560298175278	1.0	NonTarget	1	239016
933.7810297880493	1.0	NonTarget	1	239048
933.9060297585708	1.0	NonTarget	1	239080
934.0310297290922	1.0	NonTarget	1	239112
934.1560296996137	1.0	NonTarget	1	239144
934.2810296701351	1.0	NonTarget	1	239176
934.4060296406566	1.0	NonTarget	1	239208
934.5310296111782	1.0	NonTarget	1	239240
934.6560295816996	1.0	NonTarget	1	239272
934.7810295522211	1.0	NonTarget	1	239304
934.9060295227425	1.0	NonTarget	1	239336
935.031029493264	1.0	NonTarget	1	239368
935.1560294637854	1.0	NonTarget	1	239400
935.281029434307	1.0	NonTarget	1	239432
935.4060294048285	1.0	NonTarget	1	239464
935.5310293753499	1.0	NonTarget	1	239496
935.6560293458714	1.0	NonTarget	1	239528
935.7810293163928	1.0	NonTarget	1	239560
935.9060292869143	1.0	NonTarget	1	239592
936.0310292574358	1.0	NonTarget	1	239624
936.1560292279573	1.0	NonTarget	1	239656
936.2810291984788	1.0	NonTarget	1	239688
936.4060291690002	1.0	NonTarget	1	239720
936.5310291395217	1.0	NonTarget	1	239752
936.6560291100432	1.0	NonTarget	1	239784
936.7810290805646	1.0	NonTarget	1	239816
936.9060290510862	1.0	NonTarget	1	239848
937.0310290216077	1.0	NonTarget	1	239880
937.1560289921291	1.0	NonTarget	1	239912
937.2810289626506	1.0	NonTarget	1	239944
937.406028933172	1.0	NonTarget	1	239976
937.5310289036935	1.0	NonTarget	1	240008
937.6560288742149	1.0	NonTarget	1	240040
937.7810288447365	1.0	NonTarget	1	240072
937.906028815258	1.0	NonTarget	1	240104
938.0310287857794	1.0	NonTarget	1	240136
938.1560287563009	1.0	NonTarget	1	240168
938.2810287268223	1.0	NonTarget	1	240200
938.4060286973438	1.0	NonTarget	1	240232
938.5310286678654	1.0	NonTarget	1	240264
938.6560286383868	1.0	NonTarget	1	240296
938.7810286089083	1.0	NonTarget	1	240328
938.9060285794297	1.0	NonTarget	1	240360
939.0310285499512	1.0	NonTarget	1	240392
939.1560285204727	1.0	NonTarget	1	240424
939.2810284909941	1.0	NonTarget	1	240456
939.4060284615157	1.0	NonTarget	1	240488
939.5310284320371	1.0	NonTarget	1	240520
939.6560284025586	1.0	NonTarget	1	240552
939.7810283730801	1.0	NonTarget	1	240584
939.9060283436015	1.0	NonTarget	1	240616
940.031028314123	1.0	NonTarget	1	240648
940.1560282846445	1.0	NonTarget	1	240680
940.281028255166	1.0	NonTarget	1	240712
940.4060282256875	1.0	NonTarget	1	240744
940.5310281962089	1.0	NonTarget	1	240776
940.6560281667304	1.0	NonTarget	1	240808
940.7810281372518	1.0	NonTarget	1	240840
940.9060281077733	1.0	NonTarget	1	240872
941.0310280782949	1.0	NonTarget	1	240904
941.1560280488163	1.0	NonTarget	1	240936
941.2810280193378	1.0	NonTarget	1	240968
941.4060279898592	1.0	NonTarget	1	241000
941.5310279603807	1.0	NonTarget	1	241032
941.6560279309022	1.0	NonTarget	1	241064
941.7810279014236	1.0	NonTarget	1	241096
941.9060278719452	1.0	NonTarget	1	241128
942.0310278424666	1.0	NonTarget	1	241160
942.1560278129881	1.0	NonTarget	1	241192
942.2810277835096	1.0	NonTarget	1	241224
942.406027754031	1.0	NonTarget	1	241256
942.5310277245525	1.0	NonTarget	1	241288
942.656027695074	1.0	NonTarget	1	241320
942.7810276655955	1.0	NonTarget	1	241352
942.906027636117	1.0	NonTarget	1	241384
943.0310276066384	1.0	NonTarget	1	241416
943.1560275771599	1.0	NonTarget	1	241448
943.2810275476813	1.0	NonTarget	1	241480
943.4060275182028	1.0	NonTarget	1	241512
949.5310260737551	1.0	NonTarget	1	243080
949.6560260442766	1.0	NonTarget	1	243112
949.781026014798	1.0	NonTarget	1	243144
949.9060259853195	1.0	NonTarget	1	243176
950.0310259558411	1.0	NonTarget	1	243208
950.1560259263625	1.0	NonTarget	1	243240
950.281025896884	1.0	NonTarget	1	243272
950.4060258674054	1.0	NonTarget	1	243304
950.5310258379269	1.0	NonTarget	1	243336
950.6560258084484	1.0	NonTarget	1	243368
950.7810257789698	1.0	NonTarget	1	243400
950.9060257494914	1.0	NonTarget	1	243432
951.0310257200128	1.0	NonTarget	1	243464
951.1560256905343	1.0	NonTarget	1	243496
951.2810256610558	1.0	NonTarget	1	243528
951.4060256315772	1.0	NonTarget	1	243560
951.5310256020987	1.0	NonTarget	1	243592
951.6560255726203	1.0	NonTarget	1	243624
951.7810255431417	1.0	NonTarget	1	243656
951.9060255136632	1.0	NonTarget	1	243688
952.0310254841846	1.0	NonTarget	1	243720
952.1560254547061	1.0	NonTarget	1	243752
952.2810254252275	1.0	NonTarget	1	243784
952.406025395749	1.0	NonTarget	1	243816
952.5310253662706	1.0	NonTarget	1	243848
952.656025336792	1.0	NonTarget	1	243880
952.7810253073135	1.0	NonTarget	1	243912
952.9060252778349	1.0	NonTarget	1	243944
953.0310252483564	1.0	NonTarget	1	243976
953.1560252188779	1.0	NonTarget	1	244008
953.2810251893994	1.0	NonTarget	1	244040
953.4060251599209	1.0	NonTarget	1	244072
953.5310251304423	1.0	NonTarget	1	244104
953.6560251009638	1.0	NonTarget	1	244136
953.7810250714853	1.0	NonTarget	1	244168
953.9060250420067	1.0	NonTarget	1	244200
954.0310250125282	1.0	NonTarget	1	244232
954.1560249830497	1.0	NonTarget	1	244264
954.2810249535712	1.0	NonTarget	1	244296
954.4060249240927	1.0	NonTarget	1	244328
954.5310248946141	1.0	NonTarget	1	244360
954.6560248651356	1.0	NonTarget	1	244392
954.781024835657	1.0	NonTarget	1	244424
954.9060248061786	1.0	NonTarget	1	244456
955.0310247767001	1.0	NonTarget	1	244488
955.1560247472215	1.0	NonTarget	1	244520
955.281024717743	1.0	NonTarget	1	244552
955.4060246882644	1.0	NonTarget	1	244584
955.5310246587859	1.0	NonTarget	1	244616
955.6560246293074	1.0	NonTarget	1	244648
955.7810245998289	1.0	NonTarget	1	244680
955.9060245703504	1.0	NonTarget	1	244712
956.0310245408718	1.0	NonTarget	1	244744
956.1560245113933	1.0	NonTarget	1	244776
956.2810244819148	1.0	NonTarget	1	244808
956.4060244524362	1.0	NonTarget	1	244840
956.5310244229578	1.0	NonTarget	1	244872
956.6560243934792	1.0	NonTarget	1	244904
956.7810243640007	1.0	NonTarget	1	244936
956.9060243345222	1.0	NonTarget	1	244968
957.0310243050436	1.0	NonTarget	1	245000
957.1560242755651	1.0	NonTarget	1	245032
957.2810242460865	1.0	NonTarget	1	245064
957.4060242166081	1.0	NonTarget	1	245096
957.5310241871296	1.0	NonTarget	1	245128
957.656024157651	1.0	NonTarget	1	245160
957.7810241281725	1.0	NonTarget	1	245192
957.9060240986939	1.0	NonTarget	1	245224
958.0310240692154	1.0	NonTarget	1	245256
958.1560240397368	1.0	NonTarget	1	245288
958.2810240102584	1.0	NonTarget	1	245320
958.4060239807799	1.0	NonTarget	1	245352
958.5310239513013	1.0	NonTarget	1	245384
958.6560239218228	1.0	NonTarget	1	245416
958.7810238923443	1.0	NonTarget	1	245448
958.9060238628657	1.0	NonTarget	1	245480
959.0310238333873	1.0	NonTarget	1	245512
959.1560238039087	1.0	NonTarget	1	245544
959.2810237744302	1.0	NonTarget	1	245576
959.4060237449517	1.0	NonTarget	1	245608
959.5310237154731	1.0	NonTarget	1	245640
959.6560236859946	1.0	NonTarget	1	245672
959.781023656516	1.0	NonTarget	1	245704
959.9060236270376	1.0	NonTarget	1	245736
960.031023597559	1.0	NonTarget	1	245768
960.1560235680805	1.0	NonTarget	1	245800
960.281023538602	1.0	NonTarget	1	245832
960.4060235091234	1.0	NonTarget	1	245864
960.5310234796449	1.0	NonTarget	1	245896
960.6560234501665	1.0	NonTarget	1	245928
960.7810234206879	1.0	NonTarget	1	245960
960.9060233912094	1.0	NonTarget	1	245992
961.0310233617308	1.0	NonTarget	1	246024
961.1560233322523	1.0	NonTarget	1	246056
961.2810233027737	1.0	NonTarget	1	246088
961.4060232732952	1.0	NonTarget	1	246120
961.5310232438168	1.0	NonTarget	1	246152
961.6560232143382	1.0	NonTarget	1	246184
961.7810231848597	1.0	NonTarget	1	246216
961.9060231553811	1.0	NonTarget	1	246248
962.0310231259026	1.0	NonTarget	1	246280
962.1560230964241	1.0	NonTarget	1	246312
962.2810230669456	1.0	NonTarget	1	246344
962.4060230374671	1.0	NonTarget	1	246376
962.5310230079886	1.0	NonTarget	1	246408
962.65602297851	1.0	NonTarget	1	246440
962.7810229490315	1.0	NonTarget	1	246472
962.9060229195529	1.0	NonTarget	1	246504
963.0310228900744	1.0	NonTarget	1	246536
963.156022860596	1.0	NonTarget	1	246568
963.2810228311174	1.0	NonTarget	1	246600
963.4060228016389	1.0	NonTarget	1	246632
963.5310227721603	1.0	NonTarget	1	246664
963.6560227426818	1.0	NonTarget	1	246696
963.7810227132032	1.0	NonTarget	1	246728
963.9060226837248	1.0	NonTarget	1	246760
964.0310226542463	1.0	NonTarget	1	246792
964.1560226247677	1.0	NonTarget	1	246824
964.2810225952892	1.0	NonTarget	1	246856
964.4060225658106	1.0	NonTarget	1	246888
970.531021121363	1.0	NonTarget	1	248456
970.6560210918844	1.0	NonTarget	1	248488
970.7810210624059	1.0	NonTarget	1	248520
970.9060210329274	1.0	NonTarget	1	248552
971.0310210034488	1.0	NonTarget	1	248584
971.1560209739703	1.0	NonTarget	1	248616
971.2810209444918	1.0	NonTarget	1	248648
971.4060209150133	1.0	NonTarget	1	248680
971.5310208855348	1.0	NonTarget	1	248712
971.6560208560562	1.0	NonTarget	1	248744
971.7810208265777	1.0	NonTarget	1	248776
971.9060207970991	1.0	NonTarget	1	248808
972.0310207676206	1.0	NonTarget	1	248840
972.1560207381422	1.0	NonTarget	1	248872
972.2810207086636	1.0	NonTarget	1	248904
972.4060206791851	1.0	NonTarget	1	248936
972.5310206497065	1.0	NonTarget	1	248968
972.656020620228	1.0	NonTarget	1	249000
972.7810205907494	1.0	NonTarget	1	249032
972.906020561271	1.0	NonTarget	1	249064
973.0310205317925	1.0	NonTarget	1	249096
973.1560205023139	1.0	NonTarget	1	249128
973.2810204728354	1.0	NonTarget	1	249160
973.4060204433569	1.0	NonTarget	1	249192
973.5310204138783	1.0	NonTarget	1	249224
973.6560203843998	1.0	NonTarget	1	249256
973.7810203549213	1.0	NonTarget	1	249288
973.9060203254428	1.0	NonTarget	1	249320
974.0310202959643	1.0	NonTarget	1	249352
974.1560202664857	1.0	NonTarget	1	249384
974.2810202370072	1.0	NonTarget	1	249416
974.4060202075286	1.0	NonTarget	1	249448
974.5310201780502	1.0	NonTarget	1	249480
974.6560201485717	1.0	NonTarget	1	249512
974.7810201190931	1.0	NonTarget	1	249544
974.9060200896146	1.0	NonTarget	1	249576
975.031020060136	1.0	NonTarget	1	249608
975.1560200306575	1.0	NonTarget	1	249640
975.281020001179	1.0	NonTarget	1	249672
975.4060199717005	1.0	NonTarget	1	249704
975.531019942222	1.0	NonTarget	1	249736
975.6560199127434	1.0	NonTarget	1	249768
975.7810198832649	1.0	NonTarget	1	249800
975.9060198537863	1.0	NonTarget	1	249832
976.0310198243078	1.0	NonTarget	1	249864
976.1560197948293	1.0	NonTarget	1	249896
976.2810197653508	1.0	NonTarget	1	249928
976.4060197358723	1.0	NonTarget	1	249960
976.5310197063937	1.0	NonTarget	1	249992
976.6560196769152	1.0	NonTarget	1	250024
976.7810196474367	1.0	NonTarget	1	250056
976.9060196179581	1.0	NonTarget	1	250088
977.0310195884797	1.0	NonTarget	1	250120
977.1560195590012	1.0	NonTarget	1	250152
977.2810195295226	1.0	NonTarget	1	250184
977.4060195000441	1.0	NonTarget	1	250216
977.5310194705655	1.0	NonTarget	1	250248
977.656019441087	1.0	NonTarget	1	250280
977.7810194116084	1.0	NonTarget	1	250312
977.90601938213	1.0	NonTarget	1	250344
978.0310193526515	1.0	NonTarget	1	250376
978.1560193231729	1.0	NonTarget	1	250408
978.2810192936944	1.0	NonTarget	1	250440
978.4060192642158	1.0	NonTarget	1	250472
978.5310192347373	1.0	NonTarget	1	250504
978.6560192052589	1.0	NonTarget	1	250536
978.7810191757803	1.0	NonTarget	1	250568
978.9060191463018	1.0	NonTarget	1	250600
979.0310191168232	1.0	NonTarget	1	250632
979.1560190873447	1.0	NonTarget	1	250664
979.2810190578662	1.0	NonTarget	1	250696
979.4060190283876	1.0	NonTarget	1	250728
979.5310189989092	1.0	NonTarget	1	250760
979.6560189694306	1.0	NonTarget	1	250792
979.7810189399521	1.0	NonTarget	1	250824
979.9060189104736	1.0	NonTarget	1	250856
980.031018880995	1.0	NonTarget	1	250888
980.1560188515165	1.0	NonTarget	1	250920
980.281018822038	1.0	NonTarget	1	250952
980.4060187925595	1.0	NonTarget	1	250984
980.531018763081	1.0	NonTarget	1	251016
980.6560187336024	1.0	NonTarget	1	251048
980.7810187041239	1.0	NonTarget	1	251080
980.9060186746453	1.0	NonTarget	1	251112
981.0310186451668	1.0	NonTarget	1	251144
981.1560186156884	1.0	NonTarget	1	251176
981.2810185862098	1.0	NonTarget	1	251208
981.4060185567313	1.0	NonTarget	1	251240
981.5310185272527	1.0	NonTarget	1	251272
981.6560184977742	1.0	NonTarget	1	251304
981.7810184682957	1.0	NonTarget	1	251336
981.9060184388172	1.0	NonTarget	1	251368
982.0310184093387	1.0	NonTarget	1	251400
982.1560183798601	1.0	NonTarget	1	251432
982.2810183503816	1.0	NonTarget	1	251464
982.4060183209031	1.0	NonTarget	1	251496
982.5310182914245	1.0	NonTarget	1	251528
982.656018261946	1.0	NonTarget	1	251560
982.7810182324675	1.0	NonTarget	1	251592
982.906018202989	1.0	NonTarget	1	251624
983.0310181735105	1.0	NonTarget	1	251656
983.1560181440319	1.0	NonTarget	1	251688
983.2810181145534	1.0	NonTarget	1	251720
983.4060180850748	1.0	NonTarget	1	251752
983.5310180555963	1.0	NonTarget	1	251784
983.6560180261179	1.0	NonTarget	1	251816
983.7810179966393	1.0	NonTarget	1	251848
983.9060179671608	1.0	NonTarget	1	251880
984.0310179376822	1.0	NonTarget	1	251912
984.1560179082037	1.0	NonTarget	1	251944
984.2810178787252	1.0	NonTarget	1	251976
984.4060178492467	1.0	NonTarget	1	252008
984.5310178197682	1.0	NonTarget	1	252040
984.6560177902896	1.0	NonTarget	1	252072
984.7810177608111	1.0	NonTarget	1	252104
984.9060177313326	1.0	NonTarget	1	252136
985.031017701854	1.0	NonTarget	1	252168
985.1560176723755	1.0	NonTarget	1	252200
985.281017642897	1.0	NonTarget	1	252232
985.4060176134185	1.0	NonTarget	1	252264
991.5310161689707	1.0	NonTarget	1	253832
991.6560161394922	1.0	NonTarget	1	253864
991.7810161100138	1.0	NonTarget	1	253896
991.9060160805352	1.0	NonTarget	1	253928
992.0310160510567	1.0	NonTarget	1	253960
992.1560160215781	1.0	NonTarget	1	253992
992.2810159920996	1.0	NonTarget	1	254024
992.406015962621	1.0	NonTarget	1	254056
992.5310159331425	1.0	NonTarget	1	254088
992.6560159036641	1.0	NonTarget	1	254120
992.7810158741855	1.0	NonTarget	1	254152
992.906015844707	1.0	NonTarget	1	254184
993.0310158152284	1.0	NonTarget	1	254216
993.1560157857499	1.0	NonTarget	1	254248
993.2810157562714	1.0	NonTarget	1	254280
993.4060157267929	1.0	NonTarget	1	254312
993.5310156973144	1.0	NonTarget	1	254344
993.6560156678358	1.0	NonTarget	1	254376
993.7810156383573	1.0	NonTarget	1	254408
993.9060156088788	1.0	NonTarget	1	254440
994.0310155794002	1.0	NonTarget	1	254472
994.1560155499217	1.0	NonTarget	1	254504
994.2810155204432	1.0	NonTarget	1	254536
994.4060154909647	1.0	NonTarget	1	254568
994.5310154614862	1.0	NonTarget	1	254600
994.6560154320076	1.0	NonTarget	1	254632
994.7810154025291	1.0	NonTarget	1	254664
994.9060153730505	1.0	NonTarget	1	254696
995.0310153435721	1.0	NonTarget	1	254728
995.1560153140936	1.0	NonTarget	1	254760
995.281015284615	1.0	NonTarget	1	254792
995.4060152551365	1.0	NonTarget	1	254824
995.5310152256579	1.0	NonTarget	1	254856
995.6560151961794	1.0	NonTarget	1	254888
995.7810151667009	1.0	NonTarget	1	254920
995.9060151372224	1.0	NonTarget	1	254952
996.0310151077439	1.0	NonTarget	1	254984
996.1560150782653	1.0	NonTarget	1	255016
996.2810150487868	1.0	NonTarget	1	255048
996.4060150193083	1.0	NonTarget	1	255080
996.5310149898297	1.0	NonTarget	1	255112
996.6560149603513	1.0	NonTarget	1	255144
996.7810149308727	1.0	NonTarget	1	255176
996.9060149013942	1.0	NonTarget	1	255208
997.0310148719157	1.0	NonTarget	1	255240
997.1560148424371	1.0	NonTarget	1	255272
997.2810148129586	1.0	NonTarget	1	255304
997.40601478348	1.0	NonTarget	1	255336
997.5310147540016	1.0	NonTarget	1	255368
997.6560147245231	1.0	NonTarget	1	255400
997.7810146950445	1.0	NonTarget	1	255432
997.906014665566	1.0	NonTarget	1	255464
998.0310146360874	1.0	NonTarget	1	255496
998.1560146066089	1.0	NonTarget	1	255528
998.2810145771305	1.0	NonTarget	1	255560
998.4060145476519	1.0	NonTarget	1	255592
998.5310145181734	1.0	NonTarget	1	255624
998.6560144886948	1.0	NonTarget	1	255656
998.7810144592163	1.0	NonTarget	1	255688
998.9060144297378	1.0	NonTarget	1	255720
999.0310144002592	1.0	NonTarget	1	255752
999.1560143707808	1.0	NonTarget	1	255784
999.2810143413022	1.0	NonTarget	1	255816
999.4060143118237	1.0	NonTarget	1	255848
999.5310142823452	1.0	NonTarget	1	255880
999.6560142528666	1.0	NonTarget	1	255912
999.7810142233881	1.0	NonTarget	1	255944
999.9060141939096	1.0	NonTarget	1	255976
1000.0310141644311	1.0	NonTarget	1	256008
1000.1560141349526	1.0	NonTarget	1	256040
1000.281014105474	1.0	NonTarget	1	256072
1000.4060140759955	1.0	NonTarget	1	256104
1000.5310140465169	1.0	NonTarget	1	256136
1000.6560140170384	1.0	NonTarget	1	256168
1000.78101398756	1.0	NonTarget	1	256200
1000.9060139580814	1.0	NonTarget	1	256232
1001.0310139286029	1.0	NonTarget	1	256264
1001.1560138991243	1.0	NonTarget	1	256296
1001.2810138696458	1.0	NonTarget	1	256328
1001.4060138401672	1.0	NonTarget	1	256360
1001.5310138106887	1.0	NonTarget	1	256392
1001.6560137812103	1.0	NonTarget	1	256424
1001.7810137517317	1.0	NonTarget	1	256456
1001.9060137222532	1.0	NonTarget	1	256488
1002.0310136927746	1.0	NonTarget	1	256520
1002.1560136632961	1.0	NonTarget	1	256552
1002.2810136338176	1.0	NonTarget	1	256584
1002.4060136043391	1.0	NonTarget	1	256616
1002.5310135748606	1.0	NonTarget	1	256648
1002.656013545382	1.0	NonTarget	1	256680
1002.7810135159035	1.0	NonTarget	1	256712
1002.906013486425	1.0	NonTarget	1	256744
1003.0310134569464	1.0	NonTarget	1	256776
1003.1560134274679	1.0	NonTarget	1	256808
1003.2810133979895	1.0	NonTarget	1	256840
1003.4060133685109	1.0	NonTarget	1	256872
1003.5310133390324	1.0	NonTarget	1	256904
1003.6560133095538	1.0	NonTarget	1	256936
1003.7810132800753	1.0	NonTarget	1	256968
1003.9060132505967	1.0	NonTarget	1	257000
1004.0310132211183	1.0	NonTarget	1	257032
1004.1560131916398	1.0	NonTarget	1	257064
1004.2810131621612	1.0	NonTarget	1	257096
1004.4060131326827	1.0	NonTarget	1	257128
1004.5310131032041	1.0	NonTarget	1	257160
1004.6560130737256	1.0	NonTarget	1	257192
1004.7810130442471	1.0	NonTarget	1	257224
1004.9060130147686	1.0	NonTarget	1	257256
1005.0310129852901	1.0	NonTarget	1	257288
1005.1560129558115	1.0	NonTarget	1	257320
1005.281012926333	1.0	NonTarget	1	257352
1005.4060128968545	1.0	NonTarget	1	257384
1005.5310128673759	1.0	NonTarget	1	257416
1005.6560128378975	1.0	NonTarget	1	257448
1005.781012808419	1.0	NonTarget	1	257480
1005.9060127789404	1.0	NonTarget	1	257512
1006.0310127494619	1.0	NonTarget	1	257544
1006.1560127199833	1.0	NonTarget	1	257576
1006.2810126905048	1.0	NonTarget	1	257608
1006.4060126610262	1.0	NonTarget	1	257640
1012.5310112165786	1.0	NonTarget	1	259208
1012.6560111871	1.0	NonTarget	1	259240
1012.7810111576215	1.0	NonTarget	1	259272
1012.906011128143	1.0	NonTarget	1	259304
1013.0310110986645	1.0	NonTarget	1	259336
1013.156011069186	1.0	NonTarget	1	259368
1013.2810110397074	1.0	NonTarget	1	259400
1013.4060110102289	1.0	NonTarget	1	259432
1013.5310109807504	1.0	NonTarget	1	259464
1013.6560109512718	1.0	NonTarget	1	259496
1013.7810109217933	1.0	NonTarget	1	259528
1013.9060108923148	1.0	NonTarget	1	259560
1014.0310108628363	1.0	NonTarget	1	259592
1014.1560108333578	1.0	NonTarget	1	259624
1014.2810108038792	1.0	NonTarget	1	259656
1014.4060107744007	1.0	NonTarget	1	259688
1014.5310107449221	1.0	NonTarget	1	259720
1014.6560107154437	1.0	NonTarget	1	259752
1014.7810106859652	1.0	NonTarget	1	259784
1014.9060106564866	1.0	NonTarget	1	259816
1015.0310106270081	1.0	NonTarget	1	259848
1015.1560105975295	1.0	NonTarget	1	259880
1015.281010568051	1.0	NonTarget	1	259912
1015.4060105385724	1.0	NonTarget	1	259944
1015.531010509094	1.0	NonTarget	1	259976
1015.6560104796155	1.0	NonTarget	1	260008
1015.7810104501369	1.0	NonTarget	1	260040
1015.9060104206584	1.0	NonTarget	1	260072
1016.0310103911798	1.0	NonTarget	1	260104
1016.1560103617013	1.0	NonTarget	1	260136
1016.2810103322229	1.0	NonTarget	1	260168
1016.4060103027443	1.0	NonTarget	1	260200
1016.5310102732658	1.0	NonTarget	1	260232
1016.6560102437873	1.0	NonTarget	1	260264
1016.7810102143087	1.0	NonTarget	1	260296
1016.9060101848302	1.0	NonTarget	1	260328
1017.0310101553516	1.0	NonTarget	1	260360
1017.1560101258732	1.0	NonTarget	1	260392
1017.2810100963947	1.0	NonTarget	1	260424
1017.4060100669161	1.0	NonTarget	1	260456
1017.5310100374376	1.0	NonTarget	1	260488
1017.656010007959	1.0	NonTarget	1	260520
1017.7810099784805	1.0	NonTarget	1	260552
1017.9060099490019	1.0	NonTarget	1	260584
1018.0310099195235	1.0	NonTarget	1	260616
1018.156009890045	1.0	NonTarget	1	260648
1018.2810098605664	1.0	NonTarget	1	260680
1018.4060098310879	1.0	NonTarget	1	260712
1018.5310098016093	1.0	NonTarget	1	260744
1018.6560097721308	1.0	NonTarget	1	260776
1018.7810097426524	1.0	NonTarget	1	260808
1018.9060097131738	1.0	NonTarget	1	260840
1019.0310096836953	1.0	NonTarget	1	260872
1019.1560096542167	1.0	NonTarget	1	260904
1019.2810096247382	1.0	NonTarget	1	260936
1019.4060095952597	1.0	NonTarget	1	260968
1019.5310095657811	1.0	NonTarget	1	261000
1019.6560095363027	1.0	NonTarget	1	261032
1019.7810095068241	1.0	NonTarget	1	261064
1019.9060094773456	1.0	NonTarget	1	261096
1020.0310094478671	1.0	NonTarget	1	261128
1020.1560094183885	1.0	NonTarget	1	261160
1020.28100938891	1.0	NonTarget	1	261192
1020.4060093594316	1.0	NonTarget	1	261224
1020.531009329953	1.0	NonTarget	1	261256
1020.6560093004745	1.0	NonTarget	1	261288
1020.7810092709959	1.0	NonTarget	1	261320
1020.9060092415174	1.0	NonTarget	1	261352
1021.0310092120388	1.0	NonTarget	1	261384
1021.1560091825603	1.0	NonTarget	1	261416
1021.2810091530819	1.0	NonTarget	1	261448
1021.4060091236033	1.0	NonTarget	1	261480
1021.5310090941248	1.0	NonTarget	1	261512
1021.6560090646462	1.0	NonTarget	1	261544
1021.7810090351677	1.0	NonTarget	1	261576
1021.9060090056892	1.0	NonTarget	1	261608
1022.0310089762107	1.0	NonTarget	1	261640
1022.1560089467322	1.0	NonTarget	1	261672
1022.2810089172536	1.0	NonTarget	1	261704
1022.4060088877751	1.0	NonTarget	1	261736
1022.5310088582966	1.0	NonTarget	1	261768
1022.656008828818	1.0	NonTarget	1	261800
1022.7810087993395	1.0	NonTarget	1	261832
1022.906008769861	1.0	NonTarget	1	261864
1023.0310087403825	1.0	NonTarget	1	261896
1023.156008710904	1.0	NonTarget	1	261928
1023.2810086814254	1.0	NonTarget	1	261960
1023.4060086519469	1.0	NonTarget	1	261992
1023.5310086224683	1.0	NonTarget	1	262024
1023.6560085929899	1.0	NonTarget	1	262056
1023.7810085635114	1.0	NonTarget	1	262088
1023.9060085340328	1.0	NonTarget	1	262120
1024.0310085045542	1.0	NonTarget	1	262152
1024.1560084750759	1.0	NonTarget	1	262184
1024.2810084455973	1.0	NonTarget	1	262216
1024.4060084161188	1.0	NonTarget	1	262248
1024.5310083866402	1.0	NonTarget	1	262280
1024.6560083571617	1.0	NonTarget	1	262312
1024.7810083276831	1.0	NonTarget	1	262344
1024.9060082982046	1.0	NonTarget	1	262376
1025.031008268726	1.0	NonTarget	1	262408
1025.1560082392475	1.0	NonTarget	1	262440
1025.281008209769	1.0	NonTarget	1	262472
1025.4060081802904	1.0	NonTarget	1	262504
1025.5310081508119	1.0	NonTarget	1	262536
1025.6560081213333	1.0	NonTarget	1	262568
1025.781008091855	1.0	NonTarget	1	262600
1025.9060080623765	1.0	NonTarget	1	262632
1026.031008032898	1.0	NonTarget	1	262664
1026.1560080034194	1.0	NonTarget	1	262696
1026.2810079739409	1.0	NonTarget	1	262728
1026.4060079444623	1.0	NonTarget	1	262760
1026.5310079149838	1.0	NonTarget	1	262792
1026.6560078855052	1.0	NonTarget	1	262824
1026.7810078560267	1.0	NonTarget	1	262856
1026.9060078265481	1.0	NonTarget	1	262888
1027.0310077970696	1.0	NonTarget	1	262920
1027.156007767591	1.0	NonTarget	1	262952
1027.2810077381125	1.0	NonTarget	1	262984
1027.4060077086342	1.0	NonTarget	1	263016
1033.5310062641863	1.0	NonTarget	1	264584
1033.6560062347078	1.0	NonTarget	1	264616
1033.7810062052292	1.0	NonTarget	1	264648
1033.906006175751	1.0	NonTarget	1	264680
1034.0310061462724	1.0	NonTarget	1	264712
1034.1560061167938	1.0	NonTarget	1	264744
1034.2810060873153	1.0	NonTarget	1	264776
1034.4060060578367	1.0	NonTarget	1	264808
1034.5310060283582	1.0	NonTarget	1	264840
1034.6560059988797	1.0	NonTarget	1	264872
1034.7810059694011	1.0	NonTarget	1	264904
1034.9060059399226	1.0	NonTarget	1	264936
1035.031005910444	1.0	NonTarget	1	264968
1035.1560058809655	1.0	NonTarget	1	265000
1035.281005851487	1.0	NonTarget	1	265032
1035.4060058220084	1.0	NonTarget	1	265064
1035.53100579253	1.0	NonTarget	1	265096
1035.6560057630516	1.0	NonTarget	1	265128
1035.781005733573	1.0	NonTarget	1	265160
1035.9060057040945	1.0	NonTarget	1	265192
1036.031005674616	1.0	NonTarget	1	265224
1036.1560056451374	1.0	NonTarget	1	265256
1036.2810056156588	1.0	NonTarget	1	265288
1036.4060055861803	1.0	NonTarget	1	265320
1036.5310055567018	1.0	NonTarget	1	265352
1036.6560055272232	1.0	NonTarget	1	265384
1036.7810054977447	1.0	NonTarget	1	265416
1036.9060054682661	1.0	NonTarget	1	265448
1037.0310054387876	1.0	NonTarget	1	265480
1037.1560054093093	1.0	NonTarget	1	265512
1037.2810053798307	1.0	NonTarget	1	265544
1037.4060053503522	1.0	NonTarget	1	265576
1037.5310053208736	1.0	NonTarget	1	265608
1037.656005291395	1.0	NonTarget	1	265640
1037.7810052619166	1.0	NonTarget	1	265672
1037.906005232438	1.0	NonTarget	1	265704
1038.0310052029595	1.0	NonTarget	1	265736
1038.156005173481	1.0	NonTarget	1	265768
1038.2810051440024	1.0	NonTarget	1	265800
1038.4060051145239	1.0	NonTarget	1	265832
1038.5310050850453	1.0	NonTarget	1	265864
1038.6560050555668	1.0	NonTarget	1	265896
1038.7810050260882	1.0	NonTarget	1	265928
1038.90600499661	1.0	NonTarget	1	265960
1039.0310049671314	1.0	NonTarget	1	265992
1039.1560049376528	1.0	NonTarget	1	266024
1039.2810049081743	1.0	NonTarget	1	266056
1039.4060048786957	1.0	NonTarget	1	266088
1039.5310048492172	1.0	NonTarget	1	266120
1039.6560048197387	1.0	NonTarget	1	266152
1039.78100479026	1.0	NonTarget	1	266184
1039.9060047607816	1.0	NonTarget	1	266216
1040.031004731303	1.0	NonTarget	1	266248
1040.1560047018245	1.0	NonTarget	1	266280
1040.281004672346	1.0	NonTarget	1	266312
1040.4060046428674	1.0	NonTarget	1	266344
1040.531004613389	1.0	NonTarget	1	266376
1040.6560045839105	1.0	NonTarget	1	266408
1040.781004554432	1.0	NonTarget	1	266440
1040.9060045249535	1.0	NonTarget	1	266472
1041.031004495475	1.0	NonTarget	1	266504
1041.1560044659964	1.0	NonTarget	1	266536
1041.2810044365178	1.0	NonTarget	1	266568
1041.4060044070393	1.0	NonTarget	1	266600
1041.5310043775607	1.0	NonTarget	1	266632
1041.6560043480822	1.0	NonTarget	1	266664
1041.7810043186037	1.0	NonTarget	1	266696
1041.9060042891251	1.0	NonTarget	1	266728
1042.0310042596466	1.0	NonTarget	1	266760
1042.1560042301683	1.0	NonTarget	1	266792
1042.2810042006897	1.0	NonTarget	1	266824
1042.4060041712112	1.0	NonTarget	1	266856
1042.5310041417326	1.0	NonTarget	1	266888
1042.656004112254	1.0	NonTarget	1	266920
1042.7810040827756	1.0	NonTarget	1	266952
1042.906004053297	1.0	NonTarget	1	266984
1043.0310040238185	1.0	NonTarget	1	267016
1043.15600399434	1.0	NonTarget	1	267048
1043.2810039648614	1.0	NonTarget	1	267080
1043.4060039353828	1.0	NonTarget	1	267112
1043.5310039059043	1.0	NonTarget	1	267144
1043.6560038764258	1.0	NonTarget	1	267176
1043.7810038469474	1.0	NonTarget	1	267208
1043.906003817469	1.0	NonTarget	1	267240
1044.0310037879904	1.0	NonTarget	1	267272
1044.1560037585118	1.0	NonTarget	1	267304
1044.2810037290333	1.0	NonTarget	1	267336
1044.4060036995547	1.0	NonTarget	1	267368
1044.5310036700762	1.0	NonTarget	1	267400
1044.6560036405976	1.0	NonTarget	1	267432
1044.781003611119	1.0	NonTarget	1	267464
1044.9060035816406	1.0	NonTarget	1	267496
1045.031003552162	1.0	NonTarget	1	267528
1045.1560035226835	1.0	NonTarget	1	267560
1045.281003493205	1.0	NonTarget	1	267592
1045.4060034637266	1.0	NonTarget	1	267624
1045.531003434248	1.0	NonTarget	1	267656
1045.6560034047695	1.0	NonTarget	1	267688
1045.781003375291	1.0	NonTarget	1	267720
1045.9060033458125	1.0	NonTarget	1	267752
1046.031003316334	1.0	NonTarget	1	267784
1046.1560032868554	1.0	NonTarget	1	267816
1046.2810032573768	1.0	NonTarget	1	267848
1046.4060032278983	1.0	NonTarget	1	267880
1046.5310031984197	1.0	NonTarget	1	267912
1046.6560031689412	1.0	NonTarget	1	267944
1046.7810031394627	1.0	NonTarget	1	267976
1046.906003109984	1.0	NonTarget	1	268008
1047.0310030805058	1.0	NonTarget	1	268040
1047.1560030510273	1.0	NonTarget	1	268072
1047.2810030215487	1.0	NonTarget	1	268104
1047.4060029920702	1.0	NonTarget	1	268136
1047.5310029625916	1.0	NonTarget	1	268168
1047.656002933113	1.0	NonTarget	1	268200
1047.7810029036345	1.0	NonTarget	1	268232
1047.906002874156	1.0	NonTarget	1	268264
1048.0310028446775	1.0	NonTarget	1	268296
1048.156002815199	1.0	NonTarget	1	268328
1048.2810027857204	1.0	NonTarget	1	268360
1048.4060027562418	1.0	NonTarget	1	268392
1054.5310013117942	1.0	NonTarget	1	269960
1054.6560012823156	1.0	NonTarget	1	269992
1054.781001252837	1.0	NonTarget	1	270024
1054.9060012233585	1.0	NonTarget	1	270056
1055.03100119388	1.0	NonTarget	1	270088
1055.1560011644015	1.0	NonTarget	1	270120
1055.2810011349231	1.0	NonTarget	1	270152
1055.4060011054446	1.0	NonTarget	1	270184
1055.531001075966	1.0	NonTarget	1	270216
1055.6560010464875	1.0	NonTarget	1	270248
1055.781001017009	1.0	NonTarget	1	270280
1055.9060009875304	1.0	NonTarget	1	270312
1056.031000958052	1.0	NonTarget	1	270344
1056.1560009285733	1.0	NonTarget	1	270376
1056.2810008990948	1.0	NonTarget	1	270408
1056.4060008696163	1.0	NonTarget	1	270440
1056.5310008401377	1.0	NonTarget	1	270472
1056.6560008106592	1.0	NonTarget	1	270504
1056.7810007811806	1.0	NonTarget	1	270536
1056.9060007517023	1.0	NonTarget	1	270568
1057.0310007222238	1.0	NonTarget	1	270600
1057.1560006927452	1.0	NonTarget	1	270632
1057.2810006632667	1.0	NonTarget	1	270664
1057.4060006337882	1.0	NonTarget	1	270696
1057.5310006043096	1.0	NonTarget	1	270728
1057.656000574831	1.0	NonTarget	1	270760
1057.7810005453525	1.0	NonTarget	1	270792
1057.906000515874	1.0	NonTarget	1	270824
1058.0310004863954	1.0	NonTarget	1	270856
1058.156000456917	1.0	NonTarget	1	270888
1058.2810004274384	1.0	NonTarget	1	270920
1058.4060003979598	1.0	NonTarget	1	270952
1058.5310003684815	1.0	NonTarget	1	270984
1058.656000339003	1.0	NonTarget	1	271016
1058.7810003095244	1.0	NonTarget	1	271048
1058.9060002800459	1.0	NonTarget	1	271080
1059.0310002505673	1.0	NonTarget	1	271112
1059.1560002210888	1.0	NonTarget	1	271144
1059.2810001916102	1.0	NonTarget	1	271176
1059.4060001621317	1.0	NonTarget	1	271208
1059.5310001326532	1.0	NonTarget	1	271240
1059.6560001031746	1.0	NonTarget	1	271272
1059.781000073696	1.0	NonTarget	1	271304
1059.9060000442175	1.0	NonTarget	1	271336
1060.031000014739	1.0	NonTarget	1	271368
1060.1559999852607	1.0	NonTarget	1	271400
1060.2809999557821	1.0	NonTarget	1	271432
1060.4059999263036	1.0	NonTarget	1	271464
1060.530999896825	1.0	NonTarget	1	271496
1060.6559998673465	1.0	NonTarget	1	271528
1060.780999837868	1.0	NonTarget	1	271560
1060.9059998083894	1.0	NonTarget	1	271592
1061.0309997789109	1.0	NonTarget	1	271624
1061.1559997494323	1.0	NonTarget	1	271656
1061.2809997199538	1.0	NonTarget	1	271688
1061.4059996904753	1.0	NonTarget	1	271720
1061.5309996609967	1.0	NonTarget	1	271752
1061.6559996315182	1.0	NonTarget	1	271784
1061.7809996020399	1.0	NonTarget	1	271816
1061.9059995725613	1.0	NonTarget	1	271848
1062.0309995430828	1.0	NonTarget	1	271880
1062.1559995136042	1.0	NonTarget	1	271912
1062.2809994841257	1.0	NonTarget	1	271944
1062.4059994546471	1.0	NonTarget	1	271976
1062.5309994251686	1.0	NonTarget	1	272008
1062.65599939569	1.0	NonTarget	1	272040
1062.7809993662115	1.0	NonTarget	1	272072
1062.905999336733	1.0	NonTarget	1	272104
1063.0309993072544	1.0	NonTarget	1	272136
1063.155999277776	1.0	NonTarget	1	272168
1063.2809992482973	1.0	NonTarget	1	272200
1063.405999218819	1.0	NonTarget	1	272232
1063.5309991893405	1.0	NonTarget	1	272264
1063.655999159862	1.0	NonTarget	1	272296
1063.7809991303834	1.0	NonTarget	1	272328
1063.9059991009049	1.0	NonTarget	1	272360
1064.0309990714263	1.0	NonTarget	1	272392
1064.1559990419478	1.0	NonTarget	1	272424
1064.2809990124692	1.0	NonTarget	1	272456
1064.4059989829907	1.0	NonTarget	1	272488
1064.5309989535122	1.0	NonTarget	1	272520
1064.6559989240336	1.0	NonTarget	1	272552
1064.780998894555	1.0	NonTarget	1	272584
1064.9059988650765	1.0	NonTarget	1	272616
1065.0309988355982	1.0	NonTarget	1	272648
1065.1559988061197	1.0	NonTarget	1	272680
1065.2809987766411	1.0	NonTarget	1	272712
1065.4059987471626	1.0	NonTarget	1	272744
1065.530998717684	1.0	NonTarget	1	272776
1065.6559986882055	1.0	NonTarget	1	272808
1065.780998658727	1.0	NonTarget	1	272840
1065.9059986292484	1.0	NonTarget	1	272872
1066.0309985997699	1.0	NonTarget	1	272904
1066.1559985702913	1.0	NonTarget	1	272936
1066.2809985408128	1.0	NonTarget	1	272968
1066.4059985113342	1.0	NonTarget	1	273000
1066.5309984818557	1.0	NonTarget	1	273032
1066.6559984523774	1.0	NonTarget	1	273064
1066.7809984228988	1.0	NonTarget	1	273096
1066.9059983934203	1.0	NonTarget	1	273128
1067.0309983639418	1.0	NonTarget	1	273160
1067.1559983344632	1.0	NonTarget	1	273192
1067.2809983049847	1.0	NonTarget	1	273224
1067.4059982755061	1.0	NonTarget	1	273256
1067.5309982460276	1.0	NonTarget	1	273288
1067.655998216549	1.0	NonTarget	1	273320
1067.7809981870705	1.0	NonTarget	1	273352
1067.905998157592	1.0	NonTarget	1	273384
1068.0309981281134	1.0	NonTarget	1	273416
1068.1559980986349	1.0	NonTarget	1	273448
1068.2809980691566	1.0	NonTarget	1	273480
1068.405998039678	1.0	NonTarget	1	273512
1068.5309980101995	1.0	NonTarget	1	273544
1068.655997980721	1.0	NonTarget	1	273576
1068.7809979512424	1.0	NonTarget	1	273608
1068.9059979217639	1.0	NonTarget	1	273640
1069.0309978922853	1.0	NonTarget	1	273672
1069.1559978628068	1.0	NonTarget	1	273704
1069.2809978333282	1.0	NonTarget	1	273736
1069.4059978038497	1.0	NonTarget	1	273768
1075.530996359402	1.0	NonTarget	1	275336
1075.6559963299235	1.0	NonTarget	1	275368
1075.780996300445	1.0	NonTarget	1	275400
1075.9059962709664	1.0	NonTarget	1	275432
1076.0309962414879	1.0	NonTarget	1	275464
1076.1559962120093	1.0	NonTarget	1	275496
1076.2809961825308	1.0	NonTarget	1	275528
1076.4059961530522	1.0	NonTarget	1	275560
1076.530996123574	1.0	NonTarget	1	275592
1076.6559960940954	1.0	NonTarget	1	275624
1076.7809960646168	1.0	NonTarget	1	275656
1076.9059960351383	1.0	NonTarget	1	275688
1077.0309960056597	1.0	NonTarget	1	275720
1077.1559959761812	1.0	NonTarget	1	275752
1077.2809959467027	1.0	NonTarget	1	275784
1077.4059959172241	1.0	NonTarget	1	275816
1077.5309958877456	1.0	NonTarget	1	275848
1077.655995858267	1.0	NonTarget	1	275880
1077.7809958287885	1.0	NonTarget	1	275912
1077.90599579931	1.0	NonTarget	1	275944
1078.0309957698314	1.0	NonTarget	1	275976
1078.155995740353	1.0	NonTarget	1	276008
1078.2809957108745	1.0	NonTarget	1	276040
1078.405995681396	1.0	NonTarget	1	276072
1078.5309956519175	1.0	NonTarget	1	276104
1078.655995622439	1.0	NonTarget	1	276136
1078.7809955929604	1.0	NonTarget	1	276168
1078.9059955634818	1.0	NonTarget	1	276200
1079.0309955340033	1.0	NonTarget	1	276232
1079.1559955045248	1.0	NonTarget	1	276264
1079.2809954750462	1.0	NonTarget	1	276296
1079.4059954455677	1.0	NonTarget	1	276328
1079.5309954160891	1.0	NonTarget	1	276360
1079.6559953866106	1.0	NonTarget	1	276392
1079.7809953571323	1.0	NonTarget	1	276424
1079.9059953276537	1.0	NonTarget	1	276456
1080.0309952981752	1.0	NonTarget	1	276488
1080.1559952686966	1.0	NonTarget	1	276520
1080.280995239218	1.0	NonTarget	1	276552
1080.4059952097396	1.0	NonTarget	1	276584
1080.530995180261	1.0	NonTarget	1	276616
1080.6559951507825	1.0	NonTarget	1	276648
1080.780995121304	1.0	NonTarget	1	276680
1080.9059950918254	1.0	NonTarget	1	276712
1081.0309950623468	1.0	NonTarget	1	276744
1081.1559950328683	1.0	NonTarget	1	276776
1081.2809950033898	1.0	NonTarget	1	276808
1081.4059949739114	1.0	NonTarget	1	276840
1081.530994944433	1.0	NonTarget	1	276872
1081.6559949149544	1.0	NonTarget	1	276904
1081.7809948854758	1.0	NonTarget	1	276936
1081.9059948559973	1.0	NonTarget	1	276968
1082.0309948265187	1.0	NonTarget	1	277000
1082.1559947970402	1.0	NonTarget	1	277032
1082.2809947675617	1.0	NonTarget	1	277064
1082.405994738083	1.0	NonTarget	1	277096
1082.5309947086046	1.0	NonTarget	1	277128
1082.655994679126	1.0	NonTarget	1	277160
1082.7809946496475	1.0	NonTarget	1	277192
1082.905994620169	1.0	NonTarget	1	277224
1083.0309945906906	1.0	NonTarget	1	277256
1083.155994561212	1.0	NonTarget	1	277288
1083.2809945317335	1.0	NonTarget	1	277320
1083.405994502255	1.0	NonTarget	1	277352
1083.5309944727765	1.0	NonTarget	1	277384
1083.655994443298	1.0	NonTarget	1	277416
1083.7809944138194	1.0	NonTarget	1	277448
1083.9059943843408	1.0	NonTarget	1	277480
1084.0309943548623	1.0	NonTarget	1	277512
1084.1559943253837	1.0	NonTarget	1	277544
1084.2809942959052	1.0	NonTarget	1	277576
1084.4059942664267	1.0	NonTarget	1	277608
1084.5309942369481	1.0	NonTarget	1	277640
1084.6559942074698	1.0	NonTarget	1	277672
1084.7809941779913	1.0	NonTarget	1	277704
1084.9059941485127	1.0	NonTarget	1	277736
1085.0309941190342	1.0	NonTarget	1	277768
1085.1559940895556	1.0	NonTarget	1	277800
1085.280994060077	1.0	NonTarget	1	277832
1085.4059940305985	1.0	NonTarget	1	277864
1085.53099400112	1.0	NonTarget	1	277896
1085.6559939716415	1.0	NonTarget	1	277928
1085.780993942163	1.0	NonTarget	1	277960
1085.9059939126844	1.0	NonTarget	1	277992
1086.0309938832058	1.0	NonTarget	1	278024
1086.1559938537273	1.0	NonTarget	1	278056
1086.280993824249	1.0	NonTarget	1	278088
1086.4059937947704	1.0	NonTarget	1	278120
1086.530993765292	1.0	NonTarget	1	278152
1086.6559937358134	1.0	NonTarget	1	278184
1086.7809937063348	1.0	NonTarget	1	278216
1086.9059936768563	1.0	NonTarget	1	278248
1087.0309936473777	1.0	NonTarget	1	278280
1087.1559936178992	1.0	NonTarget	1	278312
1087.2809935884206	1.0	NonTarget	1	278344
1087.405993558942	1.0	NonTarget	1	278376
1087.5309935294636	1.0	NonTarget	1	278408
1087.655993499985	1.0	NonTarget	1	278440
1087.7809934705065	1.0	NonTarget	1	278472
1087.9059934410282	1.0	NonTarget	1	278504
1088.0309934115496	1.0	NonTarget	1	278536
1088.155993382071	1.0	NonTarget	1	278568
1088.2809933525925	1.0	NonTarget	1	278600
1088.405993323114	1.0	NonTarget	1	278632
1088.5309932936354	1.0	NonTarget	1	278664
1088.655993264157	1.0	NonTarget	1	278696
1088.7809932346784	1.0	NonTarget	1	278728
1088.9059932051998	1.0	NonTarget	1	278760
1089.0309931757213	1.0	NonTarget	1	278792
1089.1559931462427	1.0	NonTarget	1	278824
1089.2809931167642	1.0	NonTarget	1	278856
1089.4059930872857	1.0	NonTarget	1	278888
1089.530993057807	1.0	NonTarget	1	278920
1089.6559930283288	1.0	NonTarget	1	278952
1089.7809929988503	1.0	NonTarget	1	278984
1089.9059929693717	1.0	NonTarget	1	279016
1090.0309929398932	1.0	NonTarget	1	279048
1090.1559929104146	1.0	NonTarget	1	279080
1090.280992880936	1.0	NonTarget	1	279112
1090.4059928514575	1.0	NonTarget	1	279144
1096.5309914070099	1.0	NonTarget	1	280712
1096.6559913775313	1.0	NonTarget	1	280744
1096.7809913480528	1.0	NonTarget	1	280776
1096.9059913185743	1.0	NonTarget	1	280808
1097.0309912890957	1.0	NonTarget	1	280840
1097.1559912596172	1.0	NonTarget	1	280872
1097.2809912301386	1.0	NonTarget	1	280904
1097.40599120066	1.0	NonTarget	1	280936
1097.5309911711815	1.0	NonTarget	1	280968
1097.655991141703	1.0	NonTarget	1	281000
1097.7809911122247	1.0	NonTarget	1	281032
1097.9059910827461	1.0	NonTarget	1	281064
1098.0309910532676	1.0	NonTarget	1	281096
1098.155991023789	1.0	NonTarget	1	281128
1098.2809909943105	1.0	NonTarget	1	281160
1098.405990964832	1.0	NonTarget	1	281192
1098.5309909353534	1.0	NonTarget	1	281224
1098.655990905875	1.0	NonTarget	1	281256
1098.7809908763963	1.0	NonTarget	1	281288
1098.9059908469178	1.0	NonTarget	1	281320
1099.0309908174393	1.0	NonTarget	1	281352
1099.1559907879607	1.0	NonTarget	1	281384
1099.2809907584822	1.0	NonTarget	1	281416
1099.4059907290039	1.0	NonTarget	1	281448
1099.5309906995253	1.0	NonTarget	1	281480
1099.6559906700468	1.0	NonTarget	1	281512
1099.7809906405682	1.0	NonTarget	1	281544
1099.9059906110897	1.0	NonTarget	1	281576
1100.0309905816111	1.0	NonTarget	1	281608
1100.1559905521326	1.0	NonTarget	1	281640
1100.280990522654	1.0	NonTarget	1	281672
1100.4059904931755	1.0	NonTarget	1	281704
1100.530990463697	1.0	NonTarget	1	281736
1100.6559904342184	1.0	NonTarget	1	281768
1100.78099040474	1.0	NonTarget	1	281800
1100.9059903752614	1.0	NonTarget	1	281832
1101.030990345783	1.0	NonTarget	1	281864
1101.1559903163045	1.0	NonTarget	1	281896
1101.280990286826	1.0	NonTarget	1	281928
1101.4059902573474	1.0	NonTarget	1	281960
1101.5309902278689	1.0	NonTarget	1	281992
1101.6559901983903	1.0	NonTarget	1	282024
1101.7809901689118	1.0	NonTarget	1	282056
1101.9059901394332	1.0	NonTarget	1	282088
1102.0309901099547	1.0	NonTarget	1	282120
1102.1559900804762	1.0	NonTarget	1	282152
1102.2809900509976	1.0	NonTarget	1	282184
1102.405990021519	1.0	NonTarget	1	282216
1102.5309899920405	1.0	NonTarget	1	282248
1102.6559899625622	1.0	NonTarget	1	282280
1102.7809899330837	1.0	NonTarget	1	282312
1102.9059899036051	1.0	NonTarget	1	282344
1103.0309898741266	1.0	NonTarget	1	282376
1103.155989844648	1.0	NonTarget	1	282408
1103.2809898151695	1.0	NonTarget	1	282440
1103.405989785691	1.0	NonTarget	1	282472
1103.5309897562124	1.0	NonTarget	1	282504
1103.6559897267339	1.0	NonTarget	1	282536
1103.7809896972553	1.0	NonTarget	1	282568
1103.9059896677768	1.0	NonTarget	1	282600
1104.0309896382983	1.0	NonTarget	1	282632
1104.1559896088197	1.0	NonTarget	1	282664
1104.2809895793414	1.0	NonTarget	1	282696
1104.4059895498629	1.0	NonTarget	1	282728
1104.5309895203843	1.0	NonTarget	1	282760
1104.6559894909058	1.0	NonTarget	1	282792
1104.7809894614272	1.0	NonTarget	1	282824
1104.9059894319487	1.0	NonTarget	1	282856
1105.0309894024701	1.0	NonTarget	1	282888
1105.1559893729916	1.0	NonTarget	1	282920
1105.280989343513	1.0	NonTarget	1	282952
1105.4059893140345	1.0	NonTarget	1	282984
1105.530989284556	1.0	NonTarget	1	283016
1105.6559892550774	1.0	NonTarget	1	283048
1105.780989225599	1.0	NonTarget	1	283080
1105.9059891961203	1.0	NonTarget	1	283112
1106.030989166642	1.0	NonTarget	1	283144
1106.1559891371635	1.0	NonTarget	1	283176
1106.280989107685	1.0	NonTarget	1	283208
1106.4059890782064	1.0	NonTarget	1	283240
1106.5309890487279	1.0	NonTarget	1	283272
1106.6559890192493	1.0	NonTarget	1	283304
1106.7809889897708	1.0	NonTarget	1	283336
1106.9059889602922	1.0	NonTarget	1	283368
1107.0309889308137	1.0	NonTarget	1	283400
1107.1559889013351	1.0	NonTarget	1	283432
1107.2809888718566	1.0	NonTarget	1	283464
1107.405988842378	1.0	NonTarget	1	283496
1107.5309888128995	1.0	NonTarget	1	283528
1107.6559887834212	1.0	NonTarget	1	283560
1107.7809887539427	1.0	NonTarget	1	283592
1107.9059887244641	1.0	NonTarget	1	283624
1108.0309886949856	1.0	NonTarget	1	283656
1108.155988665507	1.0	NonTarget	1	283688
1108.2809886360285	1.0	NonTarget	1	283720
1108.40598860655	1.0	NonTarget	1	283752
1108.5309885770714	1.0	NonTarget	1	283784
1108.6559885475929	1.0	NonTarget	1	283816
1108.7809885181143	1.0	NonTarget	1	283848
1108.9059884886358	1.0	NonTarget	1	283880
1109.0309884591572	1.0	NonTarget	1	283912
1109.1559884296787	1.0	NonTarget	1	283944
1109.2809884002004	1.0	NonTarget	1	283976
1109.4059883707218	1.0	NonTarget	1	284008
1109.5309883412433	1.0	NonTarget	1	284040
1109.6559883117648	1.0	NonTarget	1	284072
1109.7809882822862	1.0	NonTarget	1	284104
1109.9059882528077	1.0	NonTarget	1	284136
1110.0309882233291	1.0	NonTarget	1	284168
1110.1559881938506	1.0	NonTarget	1	284200
1110.280988164372	1.0	NonTarget	1	284232
1110.4059881348935	1.0	NonTarget	1	284264
1110.530988105415	1.0	NonTarget	1	284296
1110.6559880759364	1.0	NonTarget	1	284328
1110.7809880464579	1.0	NonTarget	1	284360
1110.9059880169796	1.0	NonTarget	1	284392
1111.030987987501	1.0	NonTarget	1	284424
1111.1559879580225	1.0	NonTarget	1	284456
1111.280987928544	1.0	NonTarget	1	284488
1111.4059878990654	1.0	NonTarget	1	284520
1117.5309864546177	1.0	NonTarget	1	286088
1117.6559864251392	1.0	NonTarget	1	286120
1117.7809863956606	1.0	NonTarget	1	286152
1117.905986366182	1.0	NonTarget	1	286184
1118.0309863367036	1.0	NonTarget	1	286216
1118.155986307225	1.0	NonTarget	1	286248
1118.2809862777465	1.0	NonTarget	1	286280
1118.405986248268	1.0	NonTarget	1	286312
1118.5309862187894	1.0	NonTarget	1	286344
1118.6559861893109	1.0	NonTarget	1	286376
1118.7809861598323	1.0	NonTarget	1	286408
1118.9059861303538	1.0	NonTarget	1	286440
1119.0309861008755	1.0	NonTarget	1	286472
1119.155986071397	1.0	NonTarget	1	286504
1119.2809860419184	1.0	NonTarget	1	286536
1119.4059860124398	1.0	NonTarget	1	286568
1119.5309859829613	1.0	NonTarget	1	286600
1119.6559859534827	1.0	NonTarget	1	286632
1119.7809859240042	1.0	NonTarget	1	286664
1119.9059858945257	1.0	NonTarget	1	286696
1120.0309858650471	1.0	NonTarget	1	286728
1120.1559858355686	1.0	NonTarget	1	286760
1120.28098580609	1.0	NonTarget	1	286792
1120.4059857766115	1.0	NonTarget	1	286824
1120.530985747133	1.0	NonTarget	1	286856
1120.6559857176546	1.0	NonTarget	1	286888
1120.780985688176	1.0	NonTarget	1	286920
1120.9059856586975	1.0	NonTarget	1	286952
1121.030985629219	1.0	NonTarget	1	286984
1121.1559855997405	1.0	NonTarget	1	287016
1121.280985570262	1.0	NonTarget	1	287048
1121.4059855407834	1.0	NonTarget	1	287080
1121.5309855113048	1.0	NonTarget	1	287112
1121.6559854818263	1.0	NonTarget	1	287144
1121.7809854523477	1.0	NonTarget	1	287176
1121.9059854228692	1.0	NonTarget	1	287208
1122.0309853933907	1.0	NonTarget	1	287240
1122.1559853639121	1.0	NonTarget	1	287272
1122.2809853344336	1.0	NonTarget	1	287304
1122.4059853049553	1.0	NonTarget	1	287336
1122.5309852754767	1.0	NonTarget	1	287368
1122.6559852459982	1.0	NonTarget	1	287400
1122.7809852165196	1.0	NonTarget	1	287432
1122.905985187041	1.0	NonTarget	1	287464
1123.0309851575626	1.0	NonTarget	1	287496
1123.155985128084	1.0	NonTarget	1	287528
1123.2809850986055	1.0	NonTarget	1	287560
1123.405985069127	1.0	NonTarget	1	287592
1123.5309850396484	1.0	NonTarget	1	287624
1123.6559850101698	1.0	NonTarget	1	287656
1123.7809849806913	1.0	NonTarget	1	287688
1123.9059849512128	1.0	NonTarget	1	287720
1124.0309849217344	1.0	NonTarget	1	287752
1124.155984892256	1.0	NonTarget	1	287784
1124.2809848627774	1.0	NonTarget	1	287816
1124.4059848332988	1.0	NonTarget	1	287848
1124.5309848038203	1.0	NonTarget	1	287880
1124.6559847743417	1.0	NonTarget	1	287912
1124.7809847448632	1.0	NonTarget	1	287944
1124.9059847153846	1.0	NonTarget	1	287976
1125.030984685906	1.0	NonTarget	1	288008
1125.1559846564276	1.0	NonTarget	1	288040
1125.280984626949	1.0	NonTarget	1	288072
1125.4059845974705	1.0	NonTarget	1	288104
1125.530984567992	1.0	NonTarget	1	288136
1125.6559845385136	1.0	NonTarget	1	288168
1125.780984509035	1.0	NonTarget	1	288200
1125.9059844795565	1.0	NonTarget	1	288232
1126.030984450078	1.0	NonTarget	1	288264
1126.1559844205995	1.0	NonTarget	1	288296
1126.280984391121	1.0	NonTarget	1	288328
1126.4059843616424	1.0	NonTarget	1	288360
1126.5309843321638	1.0	NonTarget	1	288392
1126.6559843026853	1.0	NonTarget	1	288424
1126.7809842732067	1.0	NonTarget	1	288456
1126.9059842437282	1.0	NonTarget	1	288488
1127.0309842142497	1.0	NonTarget	1	288520
1127.1559841847711	1.0	NonTarget	1	288552
1127.2809841552928	1.0	NonTarget	1	288584
1127.4059841258143	1.0	NonTarget	1	288616
1127.5309840963357	1.0	NonTarget	1	288648
1127.6559840668572	1.0	NonTarget	1	288680
1127.7809840373786	1.0	NonTarget	1	288712
1127.9059840079	1.0	NonTarget	1	288744
1128.0309839784215	1.0	NonTarget	1	288776
1128.155983948943	1.0	NonTarget	1	288808
1128.2809839194645	1.0	NonTarget	1	288840
1128.405983889986	1.0	NonTarget	1	288872
1128.5309838605074	1.0	NonTarget	1	288904
1128.6559838310288	1.0	NonTarget	1	288936
1128.7809838015503	1.0	NonTarget	1	288968
1128.905983772072	1.0	NonTarget	1	289000
1129.0309837425934	1.0	NonTarget	1	289032
1129.155983713115	1.0	NonTarget	1	289064
1129.2809836836364	1.0	NonTarget	1	289096
1129.4059836541578	1.0	NonTarget	1	289128
1129.5309836246793	1.0	NonTarget	1	289160
1129.6559835952007	1.0	NonTarget	1	289192
1129.7809835657222	1.0	NonTarget	1	289224
1129.9059835362436	1.0	NonTarget	1	289256
1130.030983506765	1.0	NonTarget	1	289288
1130.1559834772866	1.0	NonTarget	1	289320
1130.280983447808	1.0	NonTarget	1	289352
1130.4059834183295	1.0	NonTarget	1	289384
1130.5309833888512	1.0	NonTarget	1	289416
1130.6559833593726	1.0	NonTarget	1	289448
1130.780983329894	1.0	NonTarget	1	289480
1130.9059833004155	1.0	NonTarget	1	289512
1131.030983270937	1.0	NonTarget	1	289544
1131.1559832414584	1.0	NonTarget	1	289576
1131.28098321198	1.0	NonTarget	1	289608
1131.4059831825014	1.0	NonTarget	1	289640
1131.5309831530228	1.0	NonTarget	1	289672
1131.6559831235443	1.0	NonTarget	1	289704
1131.7809830940657	1.0	NonTarget	1	289736
1131.9059830645872	1.0	NonTarget	1	289768
1132.0309830351086	1.0	NonTarget	1	289800
1132.1559830056303	1.0	NonTarget	1	289832
1132.2809829761518	1.0	NonTarget	1	289864
1132.4059829466732	1.0	NonTarget	1	289896
1138.5309815022254	1.0	NonTarget	1	291464
1138.655981472747	1.0	NonTarget	1	291496
1138.7809814432685	1.0	NonTarget	1	291528
1138.90598141379	1.0	NonTarget	1	291560
1139.0309813843114	1.0	NonTarget	1	291592
1139.1559813548329	1.0	NonTarget	1	291624
1139.2809813253543	1.0	NonTarget	1	291656
1139.4059812958758	1.0	NonTarget	1	291688
1139.5309812663972	1.0	NonTarget	1	291720
1139.6559812369187	1.0	NonTarget	1	291752
1139.7809812074402	1.0	NonTarget	1	291784
1139.9059811779616	1.0	NonTarget	1	291816
1140.030981148483	1.0	NonTarget	1	291848
1140.1559811190045	1.0	NonTarget	1	291880
1140.280981089526	1.0	NonTarget	1	291912
1140.4059810600477	1.0	NonTarget	1	291944
1140.5309810305691	1.0	NonTarget	1	291976
1140.6559810010906	1.0	NonTarget	1	292008
1140.780980971612	1.0	NonTarget	1	292040
1140.9059809421335	1.0	NonTarget	1	292072
1141.030980912655	1.0	NonTarget	1	292104
1141.1559808831764	1.0	NonTarget	1	292136
1141.2809808536979	1.0	NonTarget	1	292168
1141.4059808242193	1.0	NonTarget	1	292200
1141.5309807947408	1.0	NonTarget	1	292232
1141.6559807652623	1.0	NonTarget	1	292264
1141.7809807357837	1.0	NonTarget	1	292296
1141.9059807063052	1.0	NonTarget	1	292328
1142.0309806768269	1.0	NonTarget	1	292360
1142.1559806473483	1.0	NonTarget	1	292392
1142.2809806178698	1.0	NonTarget	1	292424
1142.4059805883912	1.0	NonTarget	1	292456
1142.5309805589127	1.0	NonTarget	1	292488
1142.6559805294341	1.0	NonTarget	1	292520
1142.7809804999556	1.0	NonTarget	1	292552
1142.905980470477	1.0	NonTarget	1	292584
1143.0309804409985	1.0	NonTarget	1	292616
1143.15598041152	1.0	NonTarget	1	292648
1143.2809803820414	1.0	NonTarget	1	292680
1143.405980352563	1.0	NonTarget	1	292712
1143.5309803230843	1.0	NonTarget	1	292744
1143.655980293606	1.0	NonTarget	1	292776
1143.7809802641275	1.0	NonTarget	1	292808
1143.905980234649	1.0	NonTarget	1	292840
1144.0309802051704	1.0	NonTarget	1	292872
1144.1559801756919	1.0	NonTarget	1	292904
1144.2809801462133	1.0	NonTarget	1	292936
1144.4059801167348	1.0	NonTarget	1	292968
1144.5309800872562	1.0	NonTarget	1	293000
1144.6559800577777	1.0	NonTarget	1	293032
1144.7809800282992	1.0	NonTarget	1	293064
1144.9059799988206	1.0	NonTarget	1	293096
1145.030979969342	1.0	NonTarget	1	293128
1145.1559799398635	1.0	NonTarget	1	293160
1145.2809799103852	1.0	NonTarget	1	293192
1145.4059798809067	1.0	NonTarget	1	293224
1145.5309798514281	1.0	NonTarget	1	293256
1145.6559798219496	1.0	NonTarget	1	293288
1145.780979792471	1.0	NonTarget	1	293320
1145.9059797629925	1.0	NonTarget	1	293352
1146.030979733514	1.0	NonTarget	1	293384
1146.1559797040354	1.0	NonTarget	1	293416
1146.2809796745569	1.0	NonTarget	1	293448
1146.4059796450783	1.0	NonTarget	1	293480
1146.5309796155998	1.0	NonTarget	1	293512
1146.6559795861212	1.0	NonTarget	1	293544
1146.7809795566427	1.0	NonTarget	1	293576
1146.9059795271644	1.0	NonTarget	1	293608
1147.0309794976858	1.0	NonTarget	1	293640
1147.1559794682073	1.0	NonTarget	1	293672
1147.2809794387288	1.0	NonTarget	1	293704
1147.4059794092502	1.0	NonTarget	1	293736
1147.5309793797717	1.0	NonTarget	1	293768
1147.6559793502931	1.0	NonTarget	1	293800
1147.7809793208146	1.0	NonTarget	1	293832
1147.905979291336	1.0	NonTarget	1	293864
1148.0309792618575	1.0	NonTarget	1	293896
1148.155979232379	1.0	NonTarget	1	293928
1148.2809792029004	1.0	NonTarget	1	293960
1148.4059791734219	1.0	NonTarget	1	293992
1148.5309791439436	1.0	NonTarget	1	294024
1148.655979114465	1.0	NonTarget	1	294056
1148.7809790849865	1.0	NonTarget	1	294088
1148.905979055508	1.0	NonTarget	1	294120
1149.0309790260294	1.0	NonTarget	1	294152
1149.1559789965509	1.0	NonTarget	1	294184
1149.2809789670723	1.0	NonTarget	1	294216
1149.4059789375938	1.0	NonTarget	1	294248
1149.5309789081152	1.0	NonTarget	1	294280
1149.6559788786367	1.0	NonTarget	1	294312
1149.7809788491581	1.0	NonTarget	1	294344
1149.9059788196796	1.0	NonTarget	1	294376
1150.030978790201	1.0	NonTarget	1	294408
1150.1559787607227	1.0	NonTarget	1	294440
1150.2809787312442	1.0	NonTarget	1	294472
1150.4059787017657	1.0	NonTarget	1	294504
1150.5309786722871	1.0	NonTarget	1	294536
1150.6559786428086	1.0	NonTarget	1	294568
1150.78097861333	1.0	NonTarget	1	294600
1150.9059785838515	1.0	NonTarget	1	294632
1151.030978554373	1.0	NonTarget	1	294664
1151.1559785248944	1.0	NonTarget	1	294696
1151.2809784954159	1.0	NonTarget	1	294728
1151.4059784659373	1.0	NonTarget	1	294760
1151.5309784364588	1.0	NonTarget	1	294792
1151.6559784069802	1.0	NonTarget	1	294824
1151.780978377502	1.0	NonTarget	1	294856
1151.9059783480234	1.0	NonTarget	1	294888
1152.0309783185448	1.0	NonTarget	1	294920
1152.1559782890663	1.0	NonTarget	1	294952
1152.2809782595878	1.0	NonTarget	1	294984
1152.4059782301092	1.0	NonTarget	1	295016
1152.5309782006307	1.0	NonTarget	1	295048
1152.6559781711521	1.0	NonTarget	1	295080
1152.7809781416736	1.0	NonTarget	1	295112
1152.905978112195	1.0	NonTarget	1	295144
1153.0309780827165	1.0	NonTarget	1	295176
1153.155978053238	1.0	NonTarget	1	295208
1153.2809780237594	1.0	NonTarget	1	295240
1153.405977994281	1.0	NonTarget	1	295272
1159.5309765498332	1.0	NonTarget	1	296840
1159.6559765203547	1.0	NonTarget	1	296872
1159.7809764908761	1.0	NonTarget	1	296904
1159.9059764613976	1.0	NonTarget	1	296936
1160.0309764319193	1.0	NonTarget	1	296968
1160.1559764024407	1.0	NonTarget	1	297000
1160.2809763729622	1.0	NonTarget	1	297032
1160.4059763434836	1.0	NonTarget	1	297064
1160.530976314005	1.0	NonTarget	1	297096
1160.6559762845266	1.0	NonTarget	1	297128
1160.780976255048	1.0	NonTarget	1	297160
1160.9059762255695	1.0	NonTarget	1	297192
1161.030976196091	1.0	NonTarget	1	297224
1161.1559761666124	1.0	NonTarget	1	297256
1161.2809761371338	1.0	NonTarget	1	297288
1161.4059761076553	1.0	NonTarget	1	297320
1161.5309760781768	1.0	NonTarget	1	297352
1161.6559760486984	1.0	NonTarget	1	297384
1161.78097601922	1.0	NonTarget	1	297416
1161.9059759897414	1.0	NonTarget	1	297448
1162.0309759602628	1.0	NonTarget	1	297480
1162.1559759307843	1.0	NonTarget	1	297512
1162.2809759013057	1.0	NonTarget	1	297544
1162.4059758718272	1.0	NonTarget	1	297576
1162.5309758423487	1.0	NonTarget	1	297608
1162.65597581287	1.0	NonTarget	1	297640
1162.7809757833916	1.0	NonTarget	1	297672
1162.905975753913	1.0	NonTarget	1	297704
1163.0309757244345	1.0	NonTarget	1	297736
1163.155975694956	1.0	NonTarget	1	297768
1163.2809756654776	1.0	NonTarget	1	297800
1163.405975635999	1.0	NonTarget	1	297832
1163.5309756065205	1.0	NonTarget	1	297864
1163.655975577042	1.0	NonTarget	1	297896
1163.7809755475635	1.0	NonTarget	1	297928
1163.905975518085	1.0	NonTarget	1	297960
1164.0309754886064	1.0	NonTarget	1	297992
1164.1559754591278	1.0	NonTarget	1	298024
1164.2809754296493	1.0	NonTarget	1	298056
1164.4059754001707	1.0	NonTarget	1	298088
1164.5309753706922	1.0	NonTarget	1	298120
1164.6559753412137	1.0	NonTarget	1	298152
1164.7809753117351	1.0	NonTarget	1	298184
1164.9059752822568	1.0	NonTarget	1	298216
1165.0309752527783	1.0	NonTarget	1	298248
1165.1559752232997	1.0	NonTarget	1	298280
1165.2809751938212	1.0	NonTarget	1	298312
1165.4059751643426	1.0	NonTarget	1	298344
1165.530975134864	1.0	NonTarget	1	298376
1165.6559751053856	1.0	NonTarget	1	298408
1165.780975075907	1.0	NonTarget	1	298440
1165.9059750464285	1.0	NonTarget	1	298472
1166.03097501695	1.0	NonTarget	1	298504
1166.1559749874714	1.0	NonTarget	1	298536
1166.2809749579928	1.0	NonTarget	1	298568
1166.4059749285143	1.0	NonTarget	1	298600
1166.530974899036	1.0	NonTarget	1	298632
1166.6559748695574	1.0	NonTarget	1	298664
1166.780974840079	1.0	NonTarget	1	298696
1166.9059748106004	1.0	NonTarget	1	298728
1167.0309747811218	1.0	NonTarget	1	298760
1167.1559747516433	1.0	NonTarget	1	298792
1167.2809747221647	1.0	NonTarget	1	298824
1167.4059746926862	1.0	NonTarget	1	298856
1167.5309746632076	1.0	NonTarget	1	298888
1167.655974633729	1.0	NonTarget	1	298920
1167.7809746042506	1.0	NonTarget	1	298952
1167.905974574772	1.0	NonTarget	1	298984
1168.0309745452935	1.0	NonTarget	1	299016
1168.1559745158152	1.0	NonTarget	1	299048
1168.2809744863366	1.0	NonTarget	1	299080
1168.405974456858	1.0	NonTarget	1	299112
1168.5309744273795	1.0	NonTarget	1	299144
1168.655974397901	1.0	NonTarget	1	299176
1168.7809743684224	1.0	NonTarget	1	299208
1168.905974338944	1.0	NonTarget	1	299240
1169.0309743094654	1.0	NonTarget	1	299272
1169.1559742799868	1.0	NonTarget	1	299304
1169.2809742505083	1.0	NonTarget	1	299336
1169.4059742210297	1.0	NonTarget	1	299368
1169.5309741915512	1.0	NonTarget	1	299400
1169.6559741620727	1.0	NonTarget	1	299432
1169.7809741325943	1.0	NonTarget	1	299464
1169.9059741031158	1.0	NonTarget	1	299496
1170.0309740736373	1.0	NonTarget	1	299528
1170.1559740441587	1.0	NonTarget	1	299560
1170.2809740146802	1.0	NonTarget	1	299592
1170.4059739852016	1.0	NonTarget	1	299624
1170.530973955723	1.0	NonTarget	1	299656
1170.6559739262445	1.0	NonTarget	1	299688
1170.780973896766	1.0	NonTarget	1	299720
1170.9059738672875	1.0	NonTarget	1	299752
1171.030973837809	1.0	NonTarget	1	299784
1171.1559738083304	1.0	NonTarget	1	299816
1171.2809737788518	1.0	NonTarget	1	299848
1171.4059737493735	1.0	NonTarget	1	299880
1171.530973719895	1.0	NonTarget	1	299912
1171.6559736904164	1.0	NonTarget	1	299944
1171.780973660938	1.0	NonTarget	1	299976
1171.9059736314593	1.0	NonTarget	1	300008
1172.0309736019808	1.0	NonTarget	1	300040
1172.1559735725023	1.0	NonTarget	1	300072
1172.2809735430237	1.0	NonTarget	1	300104
1172.4059735135452	1.0	NonTarget	1	300136
1172.5309734840666	1.0	NonTarget	1	300168
1172.655973454588	1.0	NonTarget	1	300200
1172.7809734251096	1.0	NonTarget	1	300232
1172.905973395631	1.0	NonTarget	1	300264
1173.0309733661525	1.0	NonTarget	1	300296
1173.1559733366742	1.0	NonTarget	1	300328
1173.2809733071956	1.0	NonTarget	1	300360
1173.405973277717	1.0	NonTarget	1	300392
1173.5309732482385	1.0	NonTarget	1	300424
1173.65597321876	1.0	NonTarget	1	300456
1173.7809731892814	1.0	NonTarget	1	300488
1173.905973159803	1.0	NonTarget	1	300520
1174.0309731303244	1.0	NonTarget	1	300552
1174.1559731008458	1.0	NonTarget	1	300584
1174.2809730713673	1.0	NonTarget	1	300616
1174.4059730418887	1.0	NonTarget	1	300648
1180.530971597441	1.0	NonTarget	1	302216
1180.6559715679625	1.0	NonTarget	1	302248
1180.780971538484	1.0	NonTarget	1	302280
1180.9059715090054	1.0	NonTarget	1	302312
1181.030971479527	1.0	NonTarget	1	302344
1181.1559714500484	1.0	NonTarget	1	302376
1181.28097142057	1.0	NonTarget	1	302408
1181.4059713910915	1.0	NonTarget	1	302440
1181.530971361613	1.0	NonTarget	1	302472
1181.6559713321344	1.0	NonTarget	1	302504
1181.7809713026559	1.0	NonTarget	1	302536
1181.9059712731773	1.0	NonTarget	1	302568
1182.0309712436988	1.0	NonTarget	1	302600
1182.1559712142202	1.0	NonTarget	1	302632
1182.2809711847417	1.0	NonTarget	1	302664
1182.4059711552632	1.0	NonTarget	1	302696
1182.5309711257846	1.0	NonTarget	1	302728
1182.655971096306	1.0	NonTarget	1	302760
1182.7809710668275	1.0	NonTarget	1	302792
1182.9059710373492	1.0	NonTarget	1	302824
1183.0309710078707	1.0	NonTarget	1	302856
1183.1559709783921	1.0	NonTarget	1	302888
1183.2809709489136	1.0	NonTarget	1	302920
1183.405970919435	1.0	NonTarget	1	302952
1183.5309708899565	1.0	NonTarget	1	302984
1183.655970860478	1.0	NonTarget	1	303016
1183.7809708309994	1.0	NonTarget	1	303048
1183.9059708015209	1.0	NonTarget	1	303080
1184.0309707720423	1.0	NonTarget	1	303112
1184.1559707425638	1.0	NonTarget	1	303144
1184.2809707130853	1.0	NonTarget	1	303176
1184.4059706836067	1.0	NonTarget	1	303208
1184.5309706541284	1.0	NonTarget	1	303240
1184.6559706246499	1.0	NonTarget	1	303272
1184.7809705951713	1.0	NonTarget	1	303304
1184.9059705656928	1.0	NonTarget	1	303336
1185.0309705362142	1.0	NonTarget	1	303368
1185.1559705067357	1.0	NonTarget	1	303400
1185.2809704772571	1.0	NonTarget	1	303432
1185.4059704477786	1.0	NonTarget	1	303464
1185.5309704183	1.0	NonTarget	1	303496
1185.6559703888215	1.0	NonTarget	1	303528
1185.780970359343	1.0	NonTarget	1	303560
1185.9059703298644	1.0	NonTarget	1	303592
1186.030970300386	1.0	NonTarget	1	303624
1186.1559702709076	1.0	NonTarget	1	303656
1186.280970241429	1.0	NonTarget	1	303688
1186.4059702119505	1.0	NonTarget	1	303720
1186.530970182472	1.0	NonTarget	1	303752
1186.6559701529934	1.0	NonTarget	1	303784
1186.7809701235149	1.0	NonTarget	1	303816
1186.9059700940363	1.0	NonTarget	1	303848
1187.0309700645578	1.0	NonTarget	1	303880
1187.1559700350792	1.0	NonTarget	1	303912
1187.2809700056007	1.0	NonTarget	1	303944
1187.4059699761222	1.0	NonTarget	1	303976
1187.5309699466436	1.0	NonTarget	1	304008
1187.655969917165	1.0	NonTarget	1	304040
1187.7809698876868	1.0	NonTarget	1	304072
1187.9059698582082	1.0	NonTarget	1	304104
1188.0309698287297	1.0	NonTarget	1	304136
1188.1559697992511	1.0	NonTarget	1	304168
1188.2809697697726	1.0	NonTarget	1	304200
1188.405969740294	1.0	NonTarget	1	304232
1188.5309697108155	1.0	NonTarget	1	304264
1188.655969681337	1.0	NonTarget	1	304296
1188.7809696518584	1.0	NonTarget	1	304328
1188.9059696223799	1.0	NonTarget	1	304360
1189.0309695929013	1.0	NonTarget	1	304392
1189.1559695634228	1.0	NonTarget	1	304424
1189.2809695339442	1.0	NonTarget	1	304456
1189.4059695044657	1.0	NonTarget	1	304488
1189.5309694749874	1.0	NonTarget	1	304520
1189.6559694455088	1.0	NonTarget	1	304552
1189.7809694160303	1.0	NonTarget	1	304584
1189.9059693865518	1.0	NonTarget	1	304616
1190.0309693570732	1.0	NonTarget	1	304648
1190.1559693275947	1.0	NonTarget	1	304680
1190.2809692981161	1.0	NonTarget	1	304712
1190.4059692686376	1.0	NonTarget	1	304744
1190.530969239159	1.0	NonTarget	1	304776
1190.6559692096805	1.0	NonTarget	1	304808
1190.780969180202	1.0	NonTarget	1	304840
1190.9059691507234	1.0	NonTarget	1	304872
1191.0309691212449	1.0	NonTarget	1	304904
1191.1559690917666	1.0	NonTarget	1	304936
1191.280969062288	1.0	NonTarget	1	304968
1191.4059690328095	1.0	NonTarget	1	305000
1191.530969003331	1.0	NonTarget	1	305032
1191.6559689738524	1.0	NonTarget	1	305064
1191.7809689443739	1.0	NonTarget	1	305096
1191.9059689148953	1.0	NonTarget	1	305128
1192.0309688854168	1.0	NonTarget	1	305160
1192.1559688559382	1.0	NonTarget	1	305192
1192.2809688264597	1.0	NonTarget	1	305224
1192.4059687969811	1.0	NonTarget	1	305256
1192.5309687675026	1.0	NonTarget	1	305288
1192.655968738024	1.0	NonTarget	1	305320
1192.7809687085457	1.0	NonTarget	1	305352
1192.9059686790672	1.0	NonTarget	1	305384
1193.0309686495887	1.0	NonTarget	1	305416
1193.1559686201101	1.0	NonTarget	1	305448
1193.2809685906316	1.0	NonTarget	1	305480
1193.405968561153	1.0	NonTarget	1	305512
1193.5309685316745	1.0	NonTarget	1	305544
1193.655968502196	1.0	NonTarget	1	305576
1193.7809684727174	1.0	NonTarget	1	305608
1193.9059684432389	1.0	NonTarget	1	305640
1194.0309684137603	1.0	NonTarget	1	305672
1194.1559683842818	1.0	NonTarget	1	305704
1194.2809683548032	1.0	NonTarget	1	305736
1194.405968325325	1.0	NonTarget	1	305768
1194.5309682958464	1.0	NonTarget	1	305800
1194.6559682663678	1.0	NonTarget	1	305832
1194.7809682368893	1.0	NonTarget	1	305864
1194.9059682074108	1.0	NonTarget	1	305896
1195.0309681779322	1.0	NonTarget	1	305928
1195.1559681484537	1.0	NonTarget	1	305960
1195.2809681189751	1.0	NonTarget	1	305992
1195.4059680894966	1.0	NonTarget	1	306024
1201.530966645049	1.0	NonTarget	1	307592
1201.6559666155704	1.0	NonTarget	1	307624
1201.7809665860918	1.0	NonTarget	1	307656
1201.9059665566133	1.0	NonTarget	1	307688
1202.0309665271348	1.0	NonTarget	1	307720
1202.1559664976562	1.0	NonTarget	1	307752
1202.2809664681777	1.0	NonTarget	1	307784
1202.4059664386991	1.0	NonTarget	1	307816
1202.5309664092208	1.0	NonTarget	1	307848
1202.6559663797423	1.0	NonTarget	1	307880
1202.7809663502637	1.0	NonTarget	1	307912
1202.9059663207852	1.0	NonTarget	1	307944
1203.0309662913066	1.0	NonTarget	1	307976
1203.155966261828	1.0	NonTarget	1	308008
1203.2809662323496	1.0	NonTarget	1	308040
1203.405966202871	1.0	NonTarget	1	308072
1203.5309661733925	1.0	NonTarget	1	308104
1203.655966143914	1.0	NonTarget	1	308136
1203.7809661144354	1.0	NonTarget	1	308168
1203.9059660849568	1.0	NonTarget	1	308200
1204.0309660554783	1.0	NonTarget	1	308232
1204.155966026	1.0	NonTarget	1	308264
1204.2809659965214	1.0	NonTarget	1	308296
1204.405965967043	1.0	NonTarget	1	308328
1204.5309659375644	1.0	NonTarget	1	308360
1204.6559659080858	1.0	NonTarget	1	308392
1204.7809658786073	1.0	NonTarget	1	308424
1204.9059658491287	1.0	NonTarget	1	308456
1205.0309658196502	1.0	NonTarget	1	308488
1205.1559657901716	1.0	NonTarget	1	308520
1205.280965760693	1.0	NonTarget	1	308552
1205.4059657312146	1.0	NonTarget	1	308584
1205.530965701736	1.0	NonTarget	1	308616
1205.6559656722575	1.0	NonTarget	1	308648
1205.7809656427792	1.0	NonTarget	1	308680
1205.9059656133006	1.0	NonTarget	1	308712
1206.030965583822	1.0	NonTarget	1	308744
1206.1559655543435	1.0	NonTarget	1	308776
1206.280965524865	1.0	NonTarget	1	308808
1206.4059654953865	1.0	NonTarget	1	308840
1206.530965465908	1.0	NonTarget	1	308872
1206.6559654364294	1.0	NonTarget	1	308904
1206.7809654069508	1.0	NonTarget	1	308936
1206.9059653774723	1.0	NonTarget	1	308968
1207.0309653479937	1.0	NonTarget	1	309000
1207.1559653185152	1.0	NonTarget	1	309032
1207.2809652890367	1.0	NonTarget	1	309064
1207.4059652595581	1.0	NonTarget	1	309096
1207.5309652300798	1.0	NonTarget	1	309128
1207.6559652006013	1.0	NonTarget	1	309160
1207.7809651711227	1.0	NonTarget	1	309192
1207.9059651416442	1.0	NonTarget	1	309224
1208.0309651121656	1.0	NonTarget	1	309256
1208.155965082687	1.0	NonTarget	1	309288
1208.2809650532085	1.0	NonTarget	1	309320
1208.40596502373	1.0	NonTarget	1	309352
1208.5309649942515	1.0	NonTarget	1	309384
1208.655964964773	1.0	NonTarget	1	309416
1208.7809649352944	1.0	NonTarget	1	309448
1208.9059649058158	1.0	NonTarget	1	309480
1209.0309648763373	1.0	NonTarget	1	309512
1209.155964846859	1.0	NonTarget	1	309544
1209.2809648173804	1.0	NonTarget	1	309576
1209.405964787902	1.0	NonTarget	1	309608
1209.5309647584234	1.0	NonTarget	1	309640
1209.6559647289448	1.0	NonTarget	1	309672
1209.7809646994663	1.0	NonTarget	1	309704
1209.9059646699877	1.0	NonTarget	1	309736
1210.0309646405092	1.0	NonTarget	1	309768
1210.1559646110306	1.0	NonTarget	1	309800
1210.280964581552	1.0	NonTarget	1	309832
1210.4059645520736	1.0	NonTarget	1	309864
1210.530964522595	1.0	NonTarget	1	309896
1210.6559644931165	1.0	NonTarget	1	309928
1210.7809644636382	1.0	NonTarget	1	309960
1210.9059644341596	1.0	NonTarget	1	309992
1211.030964404681	1.0	NonTarget	1	310024
1211.1559643752025	1.0	NonTarget	1	310056
1211.280964345724	1.0	NonTarget	1	310088
1211.4059643162454	1.0	NonTarget	1	310120
1211.530964286767	1.0	NonTarget	1	310152
1211.6559642572884	1.0	NonTarget	1	310184
1211.7809642278098	1.0	NonTarget	1	310216
1211.9059641983313	1.0	NonTarget	1	310248
1212.0309641688527	1.0	NonTarget	1	310280
1212.1559641393742	1.0	NonTarget	1	310312
1212.2809641098956	1.0	NonTarget	1	310344
1212.4059640804173	1.0	NonTarget	1	310376
1212.5309640509388	1.0	NonTarget	1	310408
1212.6559640214602	1.0	NonTarget	1	310440
1212.7809639919817	1.0	NonTarget	1	310472
1212.9059639625032	1.0	NonTarget	1	310504
1213.0309639330246	1.0	NonTarget	1	310536
1213.155963903546	1.0	NonTarget	1	310568
1213.2809638740675	1.0	NonTarget	1	310600
1213.405963844589	1.0	NonTarget	1	310632
1213.5309638151105	1.0	NonTarget	1	310664
1213.655963785632	1.0	NonTarget	1	310696
1213.7809637561534	1.0	NonTarget	1	310728
1213.9059637266748	1.0	NonTarget	1	310760
1214.0309636971965	1.0	NonTarget	1	310792
1214.155963667718	1.0	NonTarget	1	310824
1214.2809636382394	1.0	NonTarget	1	310856
1214.4059636087609	1.0	NonTarget	1	310888
1214.5309635792823	1.0	NonTarget	1	310920
1214.6559635498038	1.0	NonTarget	1	310952
1214.7809635203253	1.0	NonTarget	1	310984
1214.9059634908467	1.0	NonTarget	1	311016
1215.0309634613682	1.0	NonTarget	1	311048
1215.1559634318896	1.0	NonTarget	1	311080
1215.280963402411	1.0	NonTarget	1	311112
1215.4059633729325	1.0	NonTarget	1	311144
1215.530963343454	1.0	NonTarget	1	311176
1215.6559633139757	1.0	NonTarget	1	311208
1215.7809632844971	1.0	NonTarget	1	311240
1215.9059632550186	1.0	NonTarget	1	311272
1216.03096322554	1.0	NonTarget	1	311304
1216.1559631960615	1.0	NonTarget	1	311336
1216.280963166583	1.0	NonTarget	1	311368
1216.4059631371044	1.0	NonTarget	1	311400
1222.5309616926568	1.0	NonTarget	1	312968
1222.6559616631782	1.0	NonTarget	1	313000
1222.7809616336997	1.0	NonTarget	1	313032
1222.9059616042211	1.0	NonTarget	1	313064
1223.0309615747426	1.0	NonTarget	1	313096
1223.155961545264	1.0	NonTarget	1	313128
1223.2809615157855	1.0	NonTarget	1	313160
1223.405961486307	1.0	NonTarget	1	313192
1223.5309614568284	1.0	NonTarget	1	313224
1223.65596142735	1.0	NonTarget	1	313256
1223.7809613978714	1.0	NonTarget	1	313288
1223.905961368393	1.0	NonTarget	1	313320
1224.0309613389145	1.0	NonTarget	1	313352
1224.155961309436	1.0	NonTarget	1	313384
1224.2809612799574	1.0	NonTarget	1	313416
1224.4059612504789	1.0	NonTarget	1	313448
1224.5309612210003	1.0	NonTarget	1	313480
1224.6559611915218	1.0	NonTarget	1	313512
1224.7809611620432	1.0	NonTarget	1	313544
1224.9059611325647	1.0	NonTarget	1	313576
1225.0309611030862	1.0	NonTarget	1	313608
1225.1559610736076	1.0	NonTarget	1	313640
1225.280961044129	1.0	NonTarget	1	313672
1225.4059610146505	1.0	NonTarget	1	313704
1225.5309609851722	1.0	NonTarget	1	313736
1225.6559609556937	1.0	NonTarget	1	313768
1225.7809609262151	1.0	NonTarget	1	313800
1225.9059608967366	1.0	NonTarget	1	313832
1226.030960867258	1.0	NonTarget	1	313864
1226.1559608377795	1.0	NonTarget	1	313896
1226.280960808301	1.0	NonTarget	1	313928
1226.4059607788224	1.0	NonTarget	1	313960
1226.5309607493439	1.0	NonTarget	1	313992
1226.6559607198653	1.0	NonTarget	1	314024
1226.7809606903868	1.0	NonTarget	1	314056
1226.9059606609082	1.0	NonTarget	1	314088
1227.0309606314297	1.0	NonTarget	1	314120
1227.1559606019514	1.0	NonTarget	1	314152
1227.2809605724728	1.0	NonTarget	1	314184
1227.4059605429943	1.0	NonTarget	1	314216
1227.5309605135158	1.0	NonTarget	1	314248
1227.6559604840372	1.0	NonTarget	1	314280
1227.7809604545587	1.0	NonTarget	1	314312
1227.9059604250801	1.0	NonTarget	1	314344
1228.0309603956016	1.0	NonTarget	1	314376
1228.155960366123	1.0	NonTarget	1	314408
1228.2809603366445	1.0	NonTarget	1	314440
1228.405960307166	1.0	NonTarget	1	314472
1228.5309602776874	1.0	NonTarget	1	314504
1228.6559602482089	1.0	NonTarget	1	314536
1228.7809602187306	1.0	NonTarget	1	314568
1228.905960189252	1.0	NonTarget	1	314600
1229.0309601597735	1.0	NonTarget	1	314632
1229.155960130295	1.0	NonTarget	1	314664
1229.2809601008164	1.0	NonTarget	1	314696
1229.4059600713379	1.0	NonTarget	1	314728
1229.5309600418593	1.0	NonTarget	1	314760
1229.6559600123808	1.0	NonTarget	1	314792
1229.7809599829022	1.0	NonTarget	1	314824
1229.9059599534237	1.0	NonTarget	1	314856
1230.0309599239451	1.0	NonTarget	1	314888
1230.1559598944666	1.0	NonTarget	1	314920
1230.280959864988	1.0	NonTarget	1	314952
1230.4059598355097	1.0	NonTarget	1	314984
1230.5309598060312	1.0	NonTarget	1	315016
1230.6559597765527	1.0	NonTarget	1	315048
1230.7809597470741	1.0	NonTarget	1	315080
1230.9059597175956	1.0	NonTarget	1	315112
1231.030959688117	1.0	NonTarget	1	315144
1231.1559596586385	1.0	NonTarget	1	315176
1231.28095962916	1.0	NonTarget	1	315208
1231.4059595996814	1.0	NonTarget	1	315240
1231.5309595702029	1.0	NonTarget	1	315272
1231.6559595407243	1.0	NonTarget	1	315304
1231.7809595112458	1.0	NonTarget	1	315336
1231.9059594817672	1.0	NonTarget	1	315368
1232.030959452289	1.0	NonTarget	1	315400
1232.1559594228104	1.0	NonTarget	1	315432
1232.2809593933318	1.0	NonTarget	1	315464
1232.4059593638533	1.0	NonTarget	1	315496
1232.5309593343748	1.0	NonTarget	1	315528
1232.6559593048962	1.0	NonTarget	1	315560
1232.7809592754177	1.0	NonTarget	1	315592
1232.9059592459391	1.0	NonTarget	1	315624
1233.0309592164606	1.0	NonTarget	1	315656
1233.155959186982	1.0	NonTarget	1	315688
1233.2809591575035	1.0	NonTarget	1	315720
1233.405959128025	1.0	NonTarget	1	315752
1233.5309590985464	1.0	NonTarget	1	315784
1233.655959069068	1.0	NonTarget	1	315816
1233.7809590395896	1.0	NonTarget	1	315848
1233.905959010111	1.0	NonTarget	1	315880
1234.0309589806325	1.0	NonTarget	1	315912
1234.155958951154	1.0	NonTarget	1	315944
1234.2809589216754	1.0	NonTarget	1	315976
1234.4059588921968	1.0	NonTarget	1	316008
1234.5309588627183	1.0	NonTarget	1	316040
1234.6559588332398	1.0	NonTarget	1	316072
1234.7809588037612	1.0	NonTarget	1	316104
1234.9059587742827	1.0	NonTarget	1	316136
1235.0309587448041	1.0	NonTarget	1	316168
1235.1559587153256	1.0	NonTarget	1	316200
1235.2809586858473	1.0	NonTarget	1	316232
1235.4059586563687	1.0	NonTarget	1	316264
1235.5309586268902	1.0	NonTarget	1	316296
1235.6559585974117	1.0	NonTarget	1	316328
1235.780958567933	1.0	NonTarget	1	316360
1235.9059585384546	1.0	NonTarget	1	316392
1236.030958508976	1.0	NonTarget	1	316424
1236.1559584794975	1.0	NonTarget	1	316456
1236.280958450019	1.0	NonTarget	1	316488
1236.4059584205404	1.0	NonTarget	1	316520
1236.5309583910619	1.0	NonTarget	1	316552
1236.6559583615833	1.0	NonTarget	1	316584
1236.7809583321048	1.0	NonTarget	1	316616
1236.9059583026265	1.0	NonTarget	1	316648
1237.030958273148	1.0	NonTarget	1	316680
1237.1559582436694	1.0	NonTarget	1	316712
1237.2809582141908	1.0	NonTarget	1	316744
1237.4059581847123	1.0	NonTarget	1	316776
1243.5309567402646	1.0	NonTarget	1	318344
1243.655956710786	1.0	NonTarget	1	318376
1243.7809566813075	1.0	NonTarget	1	318408
1243.905956651829	1.0	NonTarget	1	318440
1244.0309566223505	1.0	NonTarget	1	318472
1244.155956592872	1.0	NonTarget	1	318504
1244.2809565633934	1.0	NonTarget	1	318536
1244.4059565339148	1.0	NonTarget	1	318568
1244.5309565044363	1.0	NonTarget	1	318600
1244.6559564749577	1.0	NonTarget	1	318632
1244.7809564454792	1.0	NonTarget	1	318664
1244.9059564160007	1.0	NonTarget	1	318696
1245.0309563865221	1.0	NonTarget	1	318728
1245.1559563570438	1.0	NonTarget	1	318760
1245.2809563275653	1.0	NonTarget	1	318792
1245.4059562980867	1.0	NonTarget	1	318824
1245.5309562686082	1.0	NonTarget	1	318856
1245.6559562391296	1.0	NonTarget	1	318888
1245.780956209651	1.0	NonTarget	1	318920
1245.9059561801726	1.0	NonTarget	1	318952
1246.030956150694	1.0	NonTarget	1	318984
1246.1559561212155	1.0	NonTarget	1	319016
1246.280956091737	1.0	NonTarget	1	319048
1246.4059560622584	1.0	NonTarget	1	319080
1246.5309560327798	1.0	NonTarget	1	319112
1246.6559560033013	1.0	NonTarget	1	319144
1246.780955973823	1.0	NonTarget	1	319176
1246.9059559443444	1.0	NonTarget	1	319208
1247.030955914866	1.0	NonTarget	1	319240
1247.1559558853874	1.0	NonTarget	1	319272
1247.2809558559088	1.0	NonTarget	1	319304
1247.4059558264303	1.0	NonTarget	1	319336
1247.5309557969517	1.0	NonTarget	1	319368
1247.6559557674732	1.0	NonTarget	1	319400
1247.7809557379946	1.0	NonTarget	1	319432
1247.905955708516	1.0	NonTarget	1	319464
1248.0309556790376	1.0	NonTarget	1	319496
1248.155955649559	1.0	NonTarget	1	319528
1248.2809556200805	1.0	NonTarget	1	319560
1248.4059555906022	1.0	NonTarget	1	319592
1248.5309555611236	1.0	NonTarget	1	319624
1248.655955531645	1.0	NonTarget	1	319656
1248.7809555021665	1.0	NonTarget	1	319688
1248.905955472688	1.0	NonTarget	1	319720
1249.0309554432095	1.0	NonTarget	1	319752
1249.155955413731	1.0	NonTarget	1	319784
1249.2809553842524	1.0	NonTarget	1	319816
1249.4059553547738	1.0	NonTarget	1	319848
1249.5309553252953	1.0	NonTarget	1	319880
1249.6559552958167	1.0	NonTarget	1	319912
1249.7809552663382	1.0	NonTarget	1	319944
1249.9059552368597	1.0	NonTarget	1	319976
1250.0309552073813	1.0	NonTarget	1	320008
1250.1559551779028	1.0	NonTarget	1	320040
1250.2809551484243	1.0	NonTarget	1	320072
1250.4059551189457	1.0	NonTarget	1	320104
1250.5309550894672	1.0	NonTarget	1	320136
1250.6559550599886	1.0	NonTarget	1	320168
1250.78095503051	1.0	NonTarget	1	320200
1250.9059550010315	1.0	NonTarget	1	320232
1251.030954971553	1.0	NonTarget	1	320264
1251.1559549420745	1.0	NonTarget	1	320296
1251.280954912596	1.0	NonTarget	1	320328
1251.4059548831174	1.0	NonTarget	1	320360
1251.5309548536388	1.0	NonTarget	1	320392
1251.6559548241605	1.0	NonTarget	1	320424
1251.780954794682	1.0	NonTarget	1	320456
1251.9059547652034	1.0	NonTarget	1	320488
1252.030954735725	1.0	NonTarget	1	320520
1252.1559547062463	1.0	NonTarget	1	320552
1252.2809546767678	1.0	NonTarget	1	320584
1252.4059546472893	1.0	NonTarget	1	320616
1252.5309546178107	1.0	NonTarget	1	320648
1252.6559545883322	1.0	NonTarget	1	320680
1252.7809545588536	1.0	NonTarget	1	320712
1252.905954529375	1.0	NonTarget	1	320744
1253.0309544998966	1.0	NonTarget	1	320776
1253.155954470418	1.0	NonTarget	1	320808
1253.2809544409397	1.0	NonTarget	1	320840
1253.4059544114612	1.0	NonTarget	1	320872
1253.5309543819826	1.0	NonTarget	1	320904
1253.655954352504	1.0	NonTarget	1	320936
1253.7809543230255	1.0	NonTarget	1	320968
1253.905954293547	1.0	NonTarget	1	321000
1254.0309542640684	1.0	NonTarget	1	321032
1254.15595423459	1.0	NonTarget	1	321064
1254.2809542051114	1.0	NonTarget	1	321096
1254.4059541756328	1.0	NonTarget	1	321128
1254.5309541461543	1.0	NonTarget	1	321160
1254.6559541166757	1.0	NonTarget	1	321192
1254.7809540871972	1.0	NonTarget	1	321224
1254.9059540577189	1.0	NonTarget	1	321256
1255.0309540282403	1.0	NonTarget	1	321288
1255.1559539987618	1.0	NonTarget	1	321320
1255.2809539692832	1.0	NonTarget	1	321352
1255.4059539398047	1.0	NonTarget	1	321384
1255.5309539103262	1.0	NonTarget	1	321416
1255.6559538808476	1.0	NonTarget	1	321448
1255.780953851369	1.0	NonTarget	1	321480
1255.9059538218905	1.0	NonTarget	1	321512
1256.030953792412	1.0	NonTarget	1	321544
1256.1559537629334	1.0	NonTarget	1	321576
1256.280953733455	1.0	NonTarget	1	321608
1256.4059537039764	1.0	NonTarget	1	321640
1256.5309536744978	1.0	NonTarget	1	321672
1256.6559536450195	1.0	NonTarget	1	321704
1256.780953615541	1.0	NonTarget	1	321736
1256.9059535860624	1.0	NonTarget	1	321768
1257.0309535565839	1.0	NonTarget	1	321800
1257.1559535271053	1.0	NonTarget	1	321832
1257.2809534976268	1.0	NonTarget	1	321864
1257.4059534681483	1.0	NonTarget	1	321896
1257.5309534386697	1.0	NonTarget	1	321928
1257.6559534091912	1.0	NonTarget	1	321960
1257.7809533797126	1.0	NonTarget	1	321992
1257.905953350234	1.0	NonTarget	1	322024
1258.0309533207555	1.0	NonTarget	1	322056
1258.155953291277	1.0	NonTarget	1	322088
1258.2809532617987	1.0	NonTarget	1	322120
1258.4059532323201	1.0	NonTarget	1	322152
1264.5309517878723	1.0	NonTarget	1	323720
1264.6559517583937	1.0	NonTarget	1	323752
1264.7809517289154	1.0	NonTarget	1	323784
1264.9059516994369	1.0	NonTarget	1	323816
1265.0309516699583	1.0	NonTarget	1	323848
1265.1559516404798	1.0	NonTarget	1	323880
1265.2809516110012	1.0	NonTarget	1	323912
1265.4059515815227	1.0	NonTarget	1	323944
1265.5309515520441	1.0	NonTarget	1	323976
1265.6559515225656	1.0	NonTarget	1	324008
1265.780951493087	1.0	NonTarget	1	324040
1265.9059514636085	1.0	NonTarget	1	324072
1266.03095143413	1.0	NonTarget	1	324104
1266.1559514046514	1.0	NonTarget	1	324136
1266.280951375173	1.0	NonTarget	1	324168
1266.4059513456946	1.0	NonTarget	1	324200
1266.530951316216	1.0	NonTarget	1	324232
1266.6559512867375	1.0	NonTarget	1	324264
1266.780951257259	1.0	NonTarget	1	324296
1266.9059512277804	1.0	NonTarget	1	324328
1267.0309511983019	1.0	NonTarget	1	324360
1267.1559511688233	1.0	NonTarget	1	324392
1267.2809511393448	1.0	NonTarget	1	324424
1267.4059511098662	1.0	NonTarget	1	324456
1267.5309510803877	1.0	NonTarget	1	324488
1267.6559510509092	1.0	NonTarget	1	324520
1267.7809510214306	1.0	NonTarget	1	324552
1267.905950991952	1.0	NonTarget	1	324584
1268.0309509624738	1.0	NonTarget	1	324616
1268.1559509329952	1.0	NonTarget	1	324648
1268.2809509035167	1.0	NonTarget	1	324680
1268.4059508740381	1.0	NonTarget	1	324712
1268.5309508445596	1.0	NonTarget	1	324744
1268.655950815081	1.0	NonTarget	1	324776
1268.7809507856025	1.0	NonTarget	1	324808
1268.905950756124	1.0	NonTarget	1	324840
1269.0309507266454	1.0	NonTarget	1	324872
1269.1559506971669	1.0	NonTarget	1	324904
1269.2809506676883	1.0	NonTarget	1	324936
1269.4059506382098	1.0	NonTarget	1	324968
1269.5309506087312	1.0	NonTarget	1	325000
1269.655950579253	1.0	NonTarget	1	325032
1269.7809505497744	1.0	NonTarget	1	325064
1269.9059505202958	1.0	NonTarget	1	325096
1270.0309504908173	1.0	NonTarget	1	325128
1270.1559504613388	1.0	NonTarget	1	325160
1270.2809504318602	1.0	NonTarget	1	325192
1270.4059504023817	1.0	NonTarget	1	325224
1270.5309503729031	1.0	NonTarget	1	325256
1270.6559503434246	1.0	NonTarget	1	325288
1270.780950313946	1.0	NonTarget	1	325320
1270.9059502844675	1.0	NonTarget	1	325352
1271.030950254989	1.0	NonTarget	1	325384
1271.1559502255104	1.0	NonTarget	1	325416
1271.280950196032	1.0	NonTarget	1	325448
1271.4059501665536	1.0	NonTarget	1	325480
1271.530950137075	1.0	NonTarget	1	325512
1271.6559501075965	1.0	NonTarget	1	325544
1271.780950078118	1.0	NonTarget	1	325576
1271.9059500486394	1.0	NonTarget	1	325608
1272.0309500191609	1.0	NonTarget	1	325640
1272.1559499896823	1.0	NonTarget	1	325672
1272.2809499602038	1.0	NonTarget	1	325704
1272.4059499307252	1.0	NonTarget	1	325736
1272.5309499012467	1.0	NonTarget	1	325768
1272.6559498717681	1.0	NonTarget	1	325800
1272.7809498422896	1.0	NonTarget	1	325832
1272.9059498128113	1.0	NonTarget	1	325864
1273.0309497833327	1.0	NonTarget	1	325896
1273.1559497538542	1.0	NonTarget	1	325928
1273.2809497243757	1.0	NonTarget	1	325960
1273.4059496948971	1.0	NonTarget	1	325992
1273.5309496654186	1.0	NonTarget	1	326024
1273.65594963594	1.0	NonTarget	1	326056
1273.7809496064615	1.0	NonTarget	1	326088
1273.905949576983	1.0	NonTarget	1	326120
1274.0309495475044	1.0	NonTarget	1	326152
1274.1559495180259	1.0	NonTarget	1	326184
1274.2809494885473	1.0	NonTarget	1	326216
1274.4059494590688	1.0	NonTarget	1	326248
1274.5309494295902	1.0	NonTarget	1	326280
1274.655949400112	1.0	NonTarget	1	326312
1274.7809493706334	1.0	NonTarget	1	326344
1274.9059493411548	1.0	NonTarget	1	326376
1275.0309493116763	1.0	NonTarget	1	326408
1275.1559492821978	1.0	NonTarget	1	326440
1275.2809492527192	1.0	NonTarget	1	326472
1275.4059492232407	1.0	NonTarget	1	326504
1275.5309491937621	1.0	NonTarget	1	326536
1275.6559491642836	1.0	NonTarget	1	326568
1275.780949134805	1.0	NonTarget	1	326600
1275.9059491053265	1.0	NonTarget	1	326632
1276.030949075848	1.0	NonTarget	1	326664
1276.1559490463694	1.0	NonTarget	1	326696
1276.280949016891	1.0	NonTarget	1	326728
1276.4059489874126	1.0	NonTarget	1	326760
1276.530948957934	1.0	NonTarget	1	326792
1276.6559489284555	1.0	NonTarget	1	326824
1276.780948898977	1.0	NonTarget	1	326856
1276.9059488694984	1.0	NonTarget	1	326888
1277.0309488400198	1.0	NonTarget	1	326920
1277.1559488105413	1.0	NonTarget	1	326952
1277.2809487810628	1.0	NonTarget	1	326984
1277.4059487515842	1.0	NonTarget	1	327016
1277.5309487221057	1.0	NonTarget	1	327048
1277.6559486926271	1.0	NonTarget	1	327080
1277.7809486631486	1.0	NonTarget	1	327112
1277.9059486336703	1.0	NonTarget	1	327144
1278.0309486041917	1.0	NonTarget	1	327176
1278.1559485747132	1.0	NonTarget	1	327208
1278.2809485452347	1.0	NonTarget	1	327240
1278.405948515756	1.0	NonTarget	1	327272
1278.5309484862776	1.0	NonTarget	1	327304
1278.655948456799	1.0	NonTarget	1	327336
1278.7809484273205	1.0	NonTarget	1	327368
1278.905948397842	1.0	NonTarget	1	327400
1279.0309483683634	1.0	NonTarget	1	327432
1279.1559483388849	1.0	NonTarget	1	327464
1279.2809483094063	1.0	NonTarget	1	327496
1279.4059482799278	1.0	NonTarget	1	327528
1285.53094683548	1.0	NonTarget	1	329096
1285.6559468060016	1.0	NonTarget	1	329128
1285.780946776523	1.0	NonTarget	1	329160
1285.9059467470445	1.0	NonTarget	1	329192
1286.0309467175662	1.0	NonTarget	1	329224
1286.1559466880876	1.0	NonTarget	1	329256
1286.280946658609	1.0	NonTarget	1	329288
1286.4059466291305	1.0	NonTarget	1	329320
1286.530946599652	1.0	NonTarget	1	329352
1286.6559465701735	1.0	NonTarget	1	329384
1286.780946540695	1.0	NonTarget	1	329416
1286.9059465112164	1.0	NonTarget	1	329448
1287.0309464817378	1.0	NonTarget	1	329480
1287.1559464522593	1.0	NonTarget	1	329512
1287.2809464227807	1.0	NonTarget	1	329544
1287.4059463933022	1.0	NonTarget	1	329576
1287.5309463638237	1.0	NonTarget	1	329608
1287.6559463343453	1.0	NonTarget	1	329640
1287.7809463048668	1.0	NonTarget	1	329672
1287.9059462753883	1.0	NonTarget	1	329704
1288.0309462459097	1.0	NonTarget	1	329736
1288.1559462164312	1.0	NonTarget	1	329768
1288.2809461869526	1.0	NonTarget	1	329800
1288.405946157474	1.0	NonTarget	1	329832
1288.5309461279955	1.0	NonTarget	1	329864
1288.655946098517	1.0	NonTarget	1	329896
1288.7809460690385	1.0	NonTarget	1	329928
1288.90594603956	1.0	NonTarget	1	329960
1289.0309460100814	1.0	NonTarget	1	329992
1289.1559459806028	1.0	NonTarget	1	330024
1289.2809459511245	1.0	NonTarget	1	330056
1289.405945921646	1.0	NonTarget	1	330088
1289.5309458921674	1.0	NonTarget	1	330120
1289.655945862689	1.0	NonTarget	1	330152
1289.7809458332104	1.0	NonTarget	1	330184
1289.9059458037318	1.0	NonTarget	1	330216
1290.0309457742533	1.0	NonTarget	1	330248
1290.1559457447747	1.0	NonTarget	1	330280
1290.2809457152962	1.0	NonTarget	1	330312
1290.4059456858176	1.0	NonTarget	1	330344
1290.530945656339	1.0	NonTarget	1	330376
1290.6559456268606	1.0	NonTarget	1	330408
1290.780945597382	1.0	NonTarget	1	330440
1290.9059455679035	1.0	NonTarget	1	330472
1291.0309455384252	1.0	NonTarget	1	330504
1291.1559455089466	1.0	NonTarget	1	330536
1291.280945479468	1.0	NonTarget	1	330568
1291.4059454499895	1.0	NonTarget	1	330600
1291.530945420511	1.0	NonTarget	1	330632
1291.6559453910324	1.0	NonTarget	1	330664
1291.780945361554	1.0	NonTarget	1	330696
1291.9059453320754	1.0	NonTarget	1	330728
1292.0309453025968	1.0	NonTarget	1	330760
1292.1559452731183	1.0	NonTarget	1	330792
1292.2809452436397	1.0	NonTarget	1	330824
1292.4059452141612	1.0	NonTarget	1	330856
1292.5309451846827	1.0	NonTarget	1	330888
1292.6559451552043	1.0	NonTarget	1	330920
1292.7809451257258	1.0	NonTarget	1	330952
1292.9059450962473	1.0	NonTarget	1	330984
1293.0309450667687	1.0	NonTarget	1	331016
1293.1559450372902	1.0	NonTarget	1	331048
1293.2809450078116	1.0	NonTarget	1	331080
1293.405944978333	1.0	NonTarget	1	331112
1293.5309449488545	1.0	NonTarget	1	331144
1293.655944919376	1.0	NonTarget	1	331176
1293.7809448898975	1.0	NonTarget	1	331208
1293.905944860419	1.0	NonTarget	1	331240
1294.0309448309404	1.0	NonTarget	1	331272
1294.1559448014618	1.0	NonTarget	1	331304
1294.2809447719835	1.0	NonTarget	1	331336
1294.405944742505	1.0	NonTarget	1	331368
1294.5309447130264	1.0	NonTarget	1	331400
1294.655944683548	1.0	NonTarget	1	331432
1294.7809446540693	1.0	NonTarget	1	331464
1294.9059446245908	1.0	NonTarget	1	331496
1295.0309445951123	1.0	NonTarget	1	331528
1295.1559445656337	1.0	NonTarget	1	331560
1295.2809445361552	1.0	NonTarget	1	331592
1295.4059445066766	1.0	NonTarget	1	331624
1295.530944477198	1.0	NonTarget	1	331656
1295.6559444477195	1.0	NonTarget	1	331688
1295.780944418241	1.0	NonTarget	1	331720
1295.9059443887627	1.0	NonTarget	1	331752
1296.0309443592841	1.0	NonTarget	1	331784
1296.1559443298056	1.0	NonTarget	1	331816
1296.280944300327	1.0	NonTarget	1	331848
1296.4059442708485	1.0	NonTarget	1	331880
1296.53094424137	1.0	NonTarget	1	331912
1296.6559442118914	1.0	NonTarget	1	331944
1296.780944182413	1.0	NonTarget	1	331976
1296.9059441529344	1.0	NonTarget	1	332008
1297.0309441234558	1.0	NonTarget	1	332040
1297.1559440939773	1.0	NonTarget	1	332072
1297.2809440644987	1.0	NonTarget	1	332104
1297.4059440350202	1.0	NonTarget	1	332136
1297.5309440055419	1.0	NonTarget	1	332168
1297.6559439760633	1.0	NonTarget	1	332200
1297.7809439465848	1.0	NonTarget	1	332232
1297.9059439171062	1.0	NonTarget	1	332264
1298.0309438876277	1.0	NonTarget	1	332296
1298.1559438581492	1.0	NonTarget	1	332328
1298.2809438286706	1.0	NonTarget	1	332360
1298.405943799192	1.0	NonTarget	1	332392
1298.5309437697135	1.0	NonTarget	1	332424
1298.655943740235	1.0	NonTarget	1	332456
1298.7809437107564	1.0	NonTarget	1	332488
1298.905943681278	1.0	NonTarget	1	332520
1299.0309436517994	1.0	NonTarget	1	332552
1299.155943622321	1.0	NonTarget	1	332584
1299.2809435928425	1.0	NonTarget	1	332616
1299.405943563364	1.0	NonTarget	1	332648
1299.5309435338854	1.0	NonTarget	1	332680
1299.6559435044069	1.0	NonTarget	1	332712
1299.7809434749283	1.0	NonTarget	1	332744
1299.9059434454498	1.0	NonTarget	1	332776
1300.0309434159713	1.0	NonTarget	1	332808
1300.1559433864927	1.0	NonTarget	1	332840
1300.2809433570142	1.0	NonTarget	1	332872
1300.4059433275356	1.0	NonTarget	1	332904
1306.530941883088	1.0	NonTarget	1	334472
1306.6559418536094	1.0	NonTarget	1	334504
1306.7809418241309	1.0	NonTarget	1	334536
1306.9059417946523	1.0	NonTarget	1	334568
1307.0309417651738	1.0	NonTarget	1	334600
1307.1559417356953	1.0	NonTarget	1	334632
1307.2809417062167	1.0	NonTarget	1	334664
1307.4059416767384	1.0	NonTarget	1	334696
1307.5309416472599	1.0	NonTarget	1	334728
1307.6559416177813	1.0	NonTarget	1	334760
1307.7809415883028	1.0	NonTarget	1	334792
1307.9059415588242	1.0	NonTarget	1	334824
1308.0309415293457	1.0	NonTarget	1	334856
1308.1559414998671	1.0	NonTarget	1	334888
1308.2809414703886	1.0	NonTarget	1	334920
1308.40594144091	1.0	NonTarget	1	334952
1308.5309414114315	1.0	NonTarget	1	334984
1308.655941381953	1.0	NonTarget	1	335016
1308.7809413524744	1.0	NonTarget	1	335048
1308.905941322996	1.0	NonTarget	1	335080
1309.0309412935176	1.0	NonTarget	1	335112
1309.155941264039	1.0	NonTarget	1	335144
1309.2809412345605	1.0	NonTarget	1	335176
1309.405941205082	1.0	NonTarget	1	335208
1309.5309411756034	1.0	NonTarget	1	335240
1309.6559411461249	1.0	NonTarget	1	335272
1309.7809411166463	1.0	NonTarget	1	335304
1309.9059410871678	1.0	NonTarget	1	335336
1310.0309410576892	1.0	NonTarget	1	335368
1310.1559410282107	1.0	NonTarget	1	335400
1310.2809409987321	1.0	NonTarget	1	335432
1310.4059409692536	1.0	NonTarget	1	335464
1310.530940939775	1.0	NonTarget	1	335496
1310.6559409102967	1.0	NonTarget	1	335528
1310.7809408808182	1.0	NonTarget	1	335560
1310.9059408513397	1.0	NonTarget	1	335592
1311.0309408218611	1.0	NonTarget	1	335624
1311.1559407923826	1.0	NonTarget	1	335656
1311.280940762904	1.0	NonTarget	1	335688
1311.4059407334255	1.0	NonTarget	1	335720
1311.530940703947	1.0	NonTarget	1	335752
1311.6559406744684	1.0	NonTarget	1	335784
1311.7809406449899	1.0	NonTarget	1	335816
1311.9059406155113	1.0	NonTarget	1	335848
1312.0309405860328	1.0	NonTarget	1	335880
1312.1559405565542	1.0	NonTarget	1	335912
1312.280940527076	1.0	NonTarget	1	335944
1312.4059404975974	1.0	NonTarget	1	335976
1312.5309404681188	1.0	NonTarget	1	336008
1312.6559404386403	1.0	NonTarget	1	336040
1312.7809404091618	1.0	NonTarget	1	336072
1312.9059403796832	1.0	NonTarget	1	336104
1313.0309403502047	1.0	NonTarget	1	336136
1313.1559403207261	1.0	NonTarget	1	336168
1313.2809402912476	1.0	NonTarget	1	336200
1313.405940261769	1.0	NonTarget	1	336232
1313.5309402322905	1.0	NonTarget	1	336264
1313.655940202812	1.0	NonTarget	1	336296
1313.7809401733334	1.0	NonTarget	1	336328
1313.905940143855	1.0	NonTarget	1	336360
1314.0309401143766	1.0	NonTarget	1	336392
1314.155940084898	1.0	NonTarget	1	336424
1314.2809400554195	1.0	NonTarget	1	336456
1314.405940025941	1.0	NonTarget	1	336488
1314.5309399964624	1.0	NonTarget	1	336520
1314.6559399669839	1.0	NonTarget	1	336552
1314.7809399375053	1.0	NonTarget	1	336584
1314.9059399080268	1.0	NonTarget	1	336616
1315.0309398785482	1.0	NonTarget	1	336648
1315.1559398490697	1.0	NonTarget	1	336680
1315.2809398195911	1.0	NonTarget	1	336712
1315.4059397901126	1.0	NonTarget	1	336744
1315.5309397606343	1.0	NonTarget	1	336776
1315.6559397311557	1.0	NonTarget	1	336808
1315.7809397016772	1.0	NonTarget	1	336840
1315.9059396721987	1.0	NonTarget	1	336872
1316.03093964272	1.0	NonTarget	1	336904
1316.1559396132416	1.0	NonTarget	1	336936
1316.280939583763	1.0	NonTarget	1	336968
1316.4059395542845	1.0	NonTarget	1	337000
1316.530939524806	1.0	NonTarget	1	337032
1316.6559394953274	1.0	NonTarget	1	337064
1316.7809394658489	1.0	NonTarget	1	337096
1316.9059394363703	1.0	NonTarget	1	337128
1317.0309394068918	1.0	NonTarget	1	337160
1317.1559393774135	1.0	NonTarget	1	337192
1317.280939347935	1.0	NonTarget	1	337224
1317.4059393184564	1.0	NonTarget	1	337256
1317.5309392889778	1.0	NonTarget	1	337288
1317.6559392594993	1.0	NonTarget	1	337320
1317.7809392300207	1.0	NonTarget	1	337352
1317.9059392005422	1.0	NonTarget	1	337384
1318.0309391710637	1.0	NonTarget	1	337416
1318.1559391415851	1.0	NonTarget	1	337448
1318.2809391121066	1.0	NonTarget	1	337480
1318.405939082628	1.0	NonTarget	1	337512
1318.5309390531495	1.0	NonTarget	1	337544
1318.655939023671	1.0	NonTarget	1	337576
1318.7809389941926	1.0	NonTarget	1	337608
1318.905938964714	1.0	NonTarget	1	337640
1319.0309389352356	1.0	NonTarget	1	337672
1319.155938905757	1.0	NonTarget	1	337704
1319.2809388762785	1.0	NonTarget	1	337736
1319.4059388468	1.0	NonTarget	1	337768
1319.5309388173214	1.0	NonTarget	1	337800
1319.6559387878428	1.0	NonTarget	1	337832
1319.7809387583643	1.0	NonTarget	1	337864
1319.9059387288858	1.0	NonTarget	1	337896
1320.0309386994072	1.0	NonTarget	1	337928
1320.1559386699287	1.0	NonTarget	1	337960
1320.2809386404501	1.0	NonTarget	1	337992
1320.4059386109718	1.0	NonTarget	1	338024
1320.5309385814933	1.0	NonTarget	1	338056
1320.6559385520147	1.0	NonTarget	1	338088
1320.7809385225362	1.0	NonTarget	1	338120
1320.9059384930576	1.0	NonTarget	1	338152
1321.030938463579	1.0	NonTarget	1	338184
1321.1559384341006	1.0	NonTarget	1	338216
1321.280938404622	1.0	NonTarget	1	338248
1321.4059383751435	1.0	NonTarget	1	338280
1327.5309369306958	1.0	NonTarget	1	339848
1327.6559369012173	1.0	NonTarget	1	339880
1327.7809368717387	1.0	NonTarget	1	339912
1327.9059368422602	1.0	NonTarget	1	339944
1328.0309368127816	1.0	NonTarget	1	339976
1328.155936783303	1.0	NonTarget	1	340008
1328.2809367538246	1.0	NonTarget	1	340040
1328.405936724346	1.0	NonTarget	1	340072
1328.5309366948675	1.0	NonTarget	1	340104
1328.6559366653892	1.0	NonTarget	1	340136
1328.7809366359106	1.0	NonTarget	1	340168
1328.905936606432	1.0	NonTarget	1	340200
1329.0309365769535	1.0	NonTarget	1	340232
1329.155936547475	1.0	NonTarget	1	340264
1329.2809365179965	1.0	NonTarget	1	340296
1329.405936488518	1.0	NonTarget	1	340328
1329.5309364590394	1.0	NonTarget	1	340360
1329.6559364295608	1.0	NonTarget	1	340392
1329.7809364000823	1.0	NonTarget	1	340424
1329.9059363706037	1.0	NonTarget	1	340456
1330.0309363411252	1.0	NonTarget	1	340488
1330.1559363116467	1.0	NonTarget	1	340520
1330.2809362821683	1.0	NonTarget	1	340552
1330.4059362526898	1.0	NonTarget	1	340584
1330.5309362232113	1.0	NonTarget	1	340616
1330.6559361937327	1.0	NonTarget	1	340648
1330.7809361642542	1.0	NonTarget	1	340680
1330.9059361347756	1.0	NonTarget	1	340712
1331.030936105297	1.0	NonTarget	1	340744
1331.1559360758185	1.0	NonTarget	1	340776
1331.28093604634	1.0	NonTarget	1	340808
1331.4059360168615	1.0	NonTarget	1	340840
1331.530935987383	1.0	NonTarget	1	340872
1331.6559359579044	1.0	NonTarget	1	340904
1331.7809359284258	1.0	NonTarget	1	340936
1331.9059358989475	1.0	NonTarget	1	340968
1332.030935869469	1.0	NonTarget	1	341000
1332.1559358399904	1.0	NonTarget	1	341032
1332.280935810512	1.0	NonTarget	1	341064
1332.4059357810333	1.0	NonTarget	1	341096
1332.5309357515548	1.0	NonTarget	1	341128
1332.6559357220763	1.0	NonTarget	1	341160
1332.7809356925977	1.0	NonTarget	1	341192
1332.9059356631192	1.0	NonTarget	1	341224
1333.0309356336406	1.0	NonTarget	1	341256
1333.155935604162	1.0	NonTarget	1	341288
1333.2809355746836	1.0	NonTarget	1	341320
1333.405935545205	1.0	NonTarget	1	341352
1333.5309355157267	1.0	NonTarget	1	341384
1333.6559354862482	1.0	NonTarget	1	341416
1333.7809354567696	1.0	NonTarget	1	341448
1333.905935427291	1.0	NonTarget	1	341480
1334.0309353978125	1.0	NonTarget	1	341512
1334.155935368334	1.0	NonTarget	1	341544
1334.2809353388554	1.0	NonTarget	1	341576
1334.405935309377	1.0	NonTarget	1	341608
1334.5309352798984	1.0	NonTarget	1	341640
1334.6559352504198	1.0	NonTarget	1	341672
1334.7809352209413	1.0	NonTarget	1	341704
1334.9059351914627	1.0	NonTarget	1	341736
1335.0309351619842	1.0	NonTarget	1	341768
1335.1559351325059	1.0	NonTarget	1	341800
1335.2809351030273	1.0	NonTarget	1	341832
1335.4059350735488	1.0	NonTarget	1	341864
1335.5309350440702	1.0	NonTarget	1	341896
1335.6559350145917	1.0	NonTarget	1	341928
1335.7809349851132	1.0	NonTarget	1	341960
1335.9059349556346	1.0	NonTarget	1	341992
1336.030934926156	1.0	NonTarget	1	342024
1336.1559348966775	1.0	NonTarget	1	342056
1336.280934867199	1.0	NonTarget	1	342088
1336.4059348377205	1.0	NonTarget	1	342120
1336.530934808242	1.0	NonTarget	1	342152
1336.6559347787634	1.0	NonTarget	1	342184
1336.780934749285	1.0	NonTarget	1	342216
1336.9059347198065	1.0	NonTarget	1	342248
1337.030934690328	1.0	NonTarget	1	342280
1337.1559346608494	1.0	NonTarget	1	342312
1337.2809346313709	1.0	NonTarget	1	342344
1337.4059346018923	1.0	NonTarget	1	342376
1337.5309345724138	1.0	NonTarget	1	342408
1337.6559345429353	1.0	NonTarget	1	342440
1337.7809345134567	1.0	NonTarget	1	342472
1337.9059344839782	1.0	NonTarget	1	342504
1338.0309344544996	1.0	NonTarget	1	342536
1338.155934425021	1.0	NonTarget	1	342568
1338.2809343955425	1.0	NonTarget	1	342600
1338.4059343660642	1.0	NonTarget	1	342632
1338.5309343365857	1.0	NonTarget	1	342664
1338.6559343071071	1.0	NonTarget	1	342696
1338.7809342776286	1.0	NonTarget	1	342728
1338.90593424815	1.0	NonTarget	1	342760
1339.0309342186715	1.0	NonTarget	1	342792
1339.155934189193	1.0	NonTarget	1	342824
1339.2809341597144	1.0	NonTarget	1	342856
1339.405934130236	1.0	NonTarget	1	342888
1339.5309341007573	1.0	NonTarget	1	342920
1339.6559340712788	1.0	NonTarget	1	342952
1339.7809340418003	1.0	NonTarget	1	342984
1339.9059340123217	1.0	NonTarget	1	343016
1340.0309339828434	1.0	NonTarget	1	343048
1340.1559339533649	1.0	NonTarget	1	343080
1340.2809339238863	1.0	NonTarget	1	343112
1340.4059338944078	1.0	NonTarget	1	343144
1340.5309338649292	1.0	NonTarget	1	343176
1340.6559338354507	1.0	NonTarget	1	343208
1340.7809338059722	1.0	NonTarget	1	343240
1340.9059337764936	1.0	NonTarget	1	343272
1341.030933747015	1.0	NonTarget	1	343304
1341.1559337175365	1.0	NonTarget	1	343336
1341.280933688058	1.0	NonTarget	1	343368
1341.4059336585794	1.0	NonTarget	1	343400
1341.530933629101	1.0	NonTarget	1	343432
1341.6559335996224	1.0	NonTarget	1	343464
1341.780933570144	1.0	NonTarget	1	343496
1341.9059335406655	1.0	NonTarget	1	343528
1342.030933511187	1.0	NonTarget	1	343560
1342.1559334817084	1.0	NonTarget	1	343592
1342.2809334522299	1.0	NonTarget	1	343624
1342.4059334227513	1.0	NonTarget	1	343656
1348.5309319783037	1.0	NonTarget	1	345224
1348.6559319488251	1.0	NonTarget	1	345256
1348.7809319193466	1.0	NonTarget	1	345288
1348.905931889868	1.0	NonTarget	1	345320
1349.0309318603895	1.0	NonTarget	1	345352
1349.155931830911	1.0	NonTarget	1	345384
1349.2809318014324	1.0	NonTarget	1	345416
1349.4059317719539	1.0	NonTarget	1	345448
1349.5309317424753	1.0	NonTarget	1	345480
1349.6559317129968	1.0	NonTarget	1	345512
1349.7809316835182	1.0	NonTarget	1	345544
1349.90593165404	1.0	NonTarget	1	345576
1350.0309316245614	1.0	NonTarget	1	345608
1350.1559315950828	1.0	NonTarget	1	345640
1350.2809315656043	1.0	NonTarget	1	345672
1350.4059315361258	1.0	NonTarget	1	345704
1350.5309315066472	1.0	NonTarget	1	345736
1350.6559314771687	1.0	NonTarget	1	345768
1350.7809314476901	1.0	NonTarget	1	345800
1350.9059314182116	1.0	NonTarget	1	345832
1351.030931388733	1.0	NonTarget	1	345864
1351.1559313592545	1.0	NonTarget	1	345896
1351.280931329776	1.0	NonTarget	1	345928
1351.4059313002974	1.0	NonTarget	1	345960
1351.530931270819	1.0	NonTarget	1	345992
1351.6559312413406	1.0	NonTarget	1	346024
1351.780931211862	1.0	NonTarget	1	346056
1351.9059311823835	1.0	NonTarget	1	346088
1352.030931152905	1.0	NonTarget	1	346120
1352.1559311234264	1.0	NonTarget	1	346152
1352.2809310939479	1.0	NonTarget	1	346184
1352.4059310644693	1.0	NonTarget	1	346216
1352.5309310349908	1.0	NonTarget	1	346248
1352.6559310055122	1.0	NonTarget	1	346280
1352.7809309760337	1.0	NonTarget	1	346312
1352.9059309465551	1.0	NonTarget	1	346344
1353.0309309170766	1.0	NonTarget	1	346376
1353.1559308875983	1.0	NonTarget	1	346408
1353.2809308581197	1.0	NonTarget	1	346440
1353.4059308286412	1.0	NonTarget	1	346472
1353.5309307991627	1.0	NonTarget	1	346504
1353.6559307696841	1.0	NonTarget	1	346536
1353.7809307402056	1.0	NonTarget	1	346568
1353.905930710727	1.0	NonTarget	1	346600
1354.0309306812485	1.0	NonTarget	1	346632
1354.15593065177	1.0	NonTarget	1	346664
1354.2809306222914	1.0	NonTarget	1	346696
1354.4059305928129	1.0	NonTarget	1	346728
1354.5309305633343	1.0	NonTarget	1	346760
1354.6559305338558	1.0	NonTarget	1	346792
1354.7809305043775	1.0	NonTarget	1	346824
1354.905930474899	1.0	NonTarget	1	346856
1355.0309304454204	1.0	NonTarget	1	346888
1355.1559304159418	1.0	NonTarget	1	346920
1355.2809303864633	1.0	NonTarget	1	346952
1355.4059303569848	1.0	NonTarget	1	346984
1355.5309303275062	1.0	NonTarget	1	347016
1355.6559302980277	1.0	NonTarget	1	347048
1355.7809302685491	1.0	NonTarget	1	347080
1355.9059302390706	1.0	NonTarget	1	347112
1356.030930209592	1.0	NonTarget	1	347144
1356.1559301801135	1.0	NonTarget	1	347176
1356.280930150635	1.0	NonTarget	1	347208
1356.4059301211566	1.0	NonTarget	1	347240
1356.530930091678	1.0	NonTarget	1	347272
1356.6559300621996	1.0	NonTarget	1	347304
1356.780930032721	1.0	NonTarget	1	347336
1356.9059300032425	1.0	NonTarget	1	347368
1357.030929973764	1.0	NonTarget	1	347400
1357.1559299442854	1.0	NonTarget	1	347432
1357.2809299148068	1.0	NonTarget	1	347464
1357.4059298853283	1.0	NonTarget	1	347496
1357.5309298558498	1.0	NonTarget	1	347528
1357.6559298263712	1.0	NonTarget	1	347560
1357.7809297968927	1.0	NonTarget	1	347592
1357.9059297674141	1.0	NonTarget	1	347624
1358.0309297379356	1.0	NonTarget	1	347656
1358.1559297084573	1.0	NonTarget	1	347688
1358.2809296789787	1.0	NonTarget	1	347720
1358.4059296495002	1.0	NonTarget	1	347752
1358.5309296200217	1.0	NonTarget	1	347784
1358.655929590543	1.0	NonTarget	1	347816
1358.7809295610646	1.0	NonTarget	1	347848
1358.905929531586	1.0	NonTarget	1	347880
1359.0309295021075	1.0	NonTarget	1	347912
1359.155929472629	1.0	NonTarget	1	347944
1359.2809294431504	1.0	NonTarget	1	347976
1359.4059294136719	1.0	NonTarget	1	348008
1359.5309293841933	1.0	NonTarget	1	348040
1359.6559293547148	1.0	NonTarget	1	348072
1359.7809293252365	1.0	NonTarget	1	348104
1359.905929295758	1.0	NonTarget	1	348136
1360.0309292662794	1.0	NonTarget	1	348168
1360.1559292368008	1.0	NonTarget	1	348200
1360.2809292073223	1.0	NonTarget	1	348232
1360.4059291778437	1.0	NonTarget	1	348264
1360.5309291483652	1.0	NonTarget	1	348296
1360.6559291188867	1.0	NonTarget	1	348328
1360.7809290894081	1.0	NonTarget	1	348360
1360.9059290599296	1.0	NonTarget	1	348392
1361.030929030451	1.0	NonTarget	1	348424
1361.1559290009725	1.0	NonTarget	1	348456
1361.280928971494	1.0	NonTarget	1	348488
1361.4059289420156	1.0	NonTarget	1	348520
1361.530928912537	1.0	NonTarget	1	348552
1361.6559288830586	1.0	NonTarget	1	348584
1361.78092885358	1.0	NonTarget	1	348616
1361.9059288241015	1.0	NonTarget	1	348648
1362.030928794623	1.0	NonTarget	1	348680
1362.1559287651444	1.0	NonTarget	1	348712
1362.2809287356658	1.0	NonTarget	1	348744
1362.4059287061873	1.0	NonTarget	1	348776
1362.5309286767088	1.0	NonTarget	1	348808
1362.6559286472302	1.0	NonTarget	1	348840
1362.7809286177517	1.0	NonTarget	1	348872
1362.9059285882731	1.0	NonTarget	1	348904
1363.0309285587948	1.0	NonTarget	1	348936
1363.1559285293163	1.0	NonTarget	1	348968
1363.2809284998377	1.0	NonTarget	1	349000
1363.4059284703592	1.0	NonTarget	1	349032
1369.5309270259115	1.0	NonTarget	1	350600
1369.655926996433	1.0	NonTarget	1	350632
1369.7809269669544	1.0	NonTarget	1	350664
1369.905926937476	1.0	NonTarget	1	350696
1370.0309269079974	1.0	NonTarget	1	350728
1370.1559268785188	1.0	NonTarget	1	350760
1370.2809268490403	1.0	NonTarget	1	350792
1370.4059268195617	1.0	NonTarget	1	350824
1370.5309267900832	1.0	NonTarget	1	350856
1370.6559267606046	1.0	NonTarget	1	350888
1370.780926731126	1.0	NonTarget	1	350920
1370.9059267016476	1.0	NonTarget	1	350952
1371.030926672169	1.0	NonTarget	1	350984
1371.1559266426907	1.0	NonTarget	1	351016
1371.2809266132122	1.0	NonTarget	1	351048
1371.4059265837336	1.0	NonTarget	1	351080
1371.530926554255	1.0	NonTarget	1	351112
1371.6559265247765	1.0	NonTarget	1	351144
1371.780926495298	1.0	NonTarget	1	351176
1371.9059264658194	1.0	NonTarget	1	351208
1372.030926436341	1.0	NonTarget	1	351240
1372.1559264068624	1.0	NonTarget	1	351272
1372.2809263773838	1.0	NonTarget	1	351304
1372.4059263479053	1.0	NonTarget	1	351336
1372.5309263184267	1.0	NonTarget	1	351368
1372.6559262889482	1.0	NonTarget	1	351400
1372.7809262594699	1.0	NonTarget	1	351432
1372.9059262299913	1.0	NonTarget	1	351464
1373.0309262005128	1.0	NonTarget	1	351496
1373.1559261710343	1.0	NonTarget	1	351528
1373.2809261415557	1.0	NonTarget	1	351560
1373.4059261120772	1.0	NonTarget	1	351592
1373.5309260825986	1.0	NonTarget	1	351624
1373.65592605312	1.0	NonTarget	1	351656
1373.7809260236415	1.0	NonTarget	1	351688
1373.905925994163	1.0	NonTarget	1	351720
1374.0309259646845	1.0	NonTarget	1	351752
1374.155925935206	1.0	NonTarget	1	351784
1374.2809259057274	1.0	NonTarget	1	351816
1374.4059258762488	1.0	NonTarget	1	351848
1374.5309258467705	1.0	NonTarget	1	351880
1374.655925817292	1.0	NonTarget	1	351912
1374.7809257878134	1.0	NonTarget	1	351944
1374.905925758335	1.0	NonTarget	1	351976
1375.0309257288563	1.0	NonTarget	1	352008
1375.1559256993778	1.0	NonTarget	1	352040
1375.2809256698993	1.0	NonTarget	1	352072
1375.4059256404207	1.0	NonTarget	1	352104
1375.5309256109422	1.0	NonTarget	1	352136
1375.6559255814636	1.0	NonTarget	1	352168
1375.780925551985	1.0	NonTarget	1	352200
1375.9059255225065	1.0	NonTarget	1	352232
1376.030925493028	1.0	NonTarget	1	352264
1376.1559254635497	1.0	NonTarget	1	352296
1376.2809254340712	1.0	NonTarget	1	352328
1376.4059254045926	1.0	NonTarget	1	352360
1376.530925375114	1.0	NonTarget	1	352392
1376.6559253456355	1.0	NonTarget	1	352424
1376.780925316157	1.0	NonTarget	1	352456
1376.9059252866784	1.0	NonTarget	1	352488
1377.0309252572	1.0	NonTarget	1	352520
1377.1559252277214	1.0	NonTarget	1	352552
1377.2809251982428	1.0	NonTarget	1	352584
1377.4059251687643	1.0	NonTarget	1	352616
1377.5309251392857	1.0	NonTarget	1	352648
1377.6559251098072	1.0	NonTarget	1	352680
1377.7809250803289	1.0	NonTarget	1	352712
1377.9059250508503	1.0	NonTarget	1	352744
1378.0309250213718	1.0	NonTarget	1	352776
1378.1559249918932	1.0	NonTarget	1	352808
1378.2809249624147	1.0	NonTarget	1	352840
1378.4059249329362	1.0	NonTarget	1	352872
1378.5309249034576	1.0	NonTarget	1	352904
1378.655924873979	1.0	NonTarget	1	352936
1378.7809248445005	1.0	NonTarget	1	352968
1378.905924815022	1.0	NonTarget	1	353000
1379.0309247855434	1.0	NonTarget	1	353032
1379.155924756065	1.0	NonTarget	1	353064
1379.2809247265864	1.0	NonTarget	1	353096
1379.405924697108	1.0	NonTarget	1	353128
1379.5309246676295	1.0	NonTarget	1	353160
1379.655924638151	1.0	NonTarget	1	353192
1379.7809246086724	1.0	NonTarget	1	353224
1379.9059245791939	1.0	NonTarget	1	353256
1380.0309245497153	1.0	NonTarget	1	353288
1380.1559245202368	1.0	NonTarget	1	353320
1380.2809244907583	1.0	NonTarget	1	353352
1380.4059244612797	1.0	NonTarget	1	353384
1380.5309244318012	1.0	NonTarget	1	353416
1380.6559244023226	1.0	NonTarget	1	353448
1380.780924372844	1.0	NonTarget	1	353480
1380.9059243433655	1.0	NonTarget	1	353512
1381.0309243138872	1.0	NonTarget	1	353544
1381.1559242844087	1.0	NonTarget	1	353576
1381.2809242549301	1.0	NonTarget	1	353608
1381.4059242254516	1.0	NonTarget	1	353640
1381.530924195973	1.0	NonTarget	1	353672
1381.6559241664945	1.0	NonTarget	1	353704
1381.780924137016	1.0	NonTarget	1	353736
1381.9059241075374	1.0	NonTarget	1	353768
1382.030924078059	1.0	NonTarget	1	353800
1382.1559240485803	1.0	NonTarget	1	353832
1382.2809240191018	1.0	NonTarget	1	353864
1382.4059239896233	1.0	NonTarget	1	353896
1382.5309239601447	1.0	NonTarget	1	353928
1382.6559239306664	1.0	NonTarget	1	353960
1382.7809239011879	1.0	NonTarget	1	353992
1382.9059238717093	1.0	NonTarget	1	354024
1383.0309238422308	1.0	NonTarget	1	354056
1383.1559238127522	1.0	NonTarget	1	354088
1383.2809237832737	1.0	NonTarget	1	354120
1383.4059237537952	1.0	NonTarget	1	354152
1383.5309237243166	1.0	NonTarget	1	354184
1383.655923694838	1.0	NonTarget	1	354216
1383.7809236653595	1.0	NonTarget	1	354248
1383.905923635881	1.0	NonTarget	1	354280
1384.0309236064024	1.0	NonTarget	1	354312
1384.155923576924	1.0	NonTarget	1	354344
1384.2809235474456	1.0	NonTarget	1	354376
1384.405923517967	1.0	NonTarget	1	354408
1390.5309220735192	1.0	NonTarget	1	355976
1390.6559220440406	1.0	NonTarget	1	356008
1390.7809220145623	1.0	NonTarget	1	356040
1390.9059219850838	1.0	NonTarget	1	356072
1391.0309219556052	1.0	NonTarget	1	356104
1391.1559219261267	1.0	NonTarget	1	356136
1391.2809218966481	1.0	NonTarget	1	356168
1391.4059218671696	1.0	NonTarget	1	356200
1391.530921837691	1.0	NonTarget	1	356232
1391.6559218082125	1.0	NonTarget	1	356264
1391.780921778734	1.0	NonTarget	1	356296
1391.9059217492554	1.0	NonTarget	1	356328
1392.0309217197769	1.0	NonTarget	1	356360
1392.1559216902983	1.0	NonTarget	1	356392
1392.2809216608198	1.0	NonTarget	1	356424
1392.4059216313412	1.0	NonTarget	1	356456
1392.530921601863	1.0	NonTarget	1	356488
1392.6559215723844	1.0	NonTarget	1	356520
1392.7809215429058	1.0	NonTarget	1	356552
1392.9059215134273	1.0	NonTarget	1	356584
1393.0309214839488	1.0	NonTarget	1	356616
1393.1559214544702	1.0	NonTarget	1	356648
1393.2809214249917	1.0	NonTarget	1	356680
1393.4059213955131	1.0	NonTarget	1	356712
1393.5309213660346	1.0	NonTarget	1	356744
1393.655921336556	1.0	NonTarget	1	356776
1393.7809213070775	1.0	NonTarget	1	356808
1393.905921277599	1.0	NonTarget	1	356840
1394.0309212481204	1.0	NonTarget	1	356872
1394.155921218642	1.0	NonTarget	1	356904
1394.2809211891636	1.0	NonTarget	1	356936
1394.405921159685	1.0	NonTarget	1	356968
1394.5309211302065	1.0	NonTarget	1	357000
1394.655921100728	1.0	NonTarget	1	357032
1394.7809210712494	1.0	NonTarget	1	357064
1394.9059210417709	1.0	NonTarget	1	357096
1395.0309210122923	1.0	NonTarget	1	357128
1395.1559209828138	1.0	NonTarget	1	357160
1395.2809209533352	1.0	NonTarget	1	357192
1395.4059209238567	1.0	NonTarget	1	357224
1395.5309208943781	1.0	NonTarget	1	357256
1395.6559208648996	1.0	NonTarget	1	357288
1395.7809208354213	1.0	NonTarget	1	357320
1395.9059208059427	1.0	NonTarget	1	357352
1396.0309207764642	1.0	NonTarget	1	357384
1396.1559207469857	1.0	NonTarget	1	357416
1396.2809207175071	1.0	NonTarget	1	357448
1396.4059206880286	1.0	NonTarget	1	357480
1396.53092065855	1.0	NonTarget	1	357512
1396.6559206290715	1.0	NonTarget	1	357544
1396.780920599593	1.0	NonTarget	1	357576
1396.9059205701144	1.0	NonTarget	1	357608
1397.0309205406359	1.0	NonTarget	1	357640
1397.1559205111573	1.0	NonTarget	1	357672
1397.2809204816788	1.0	NonTarget	1	357704
1397.4059204522005	1.0	NonTarget	1	357736
1397.530920422722	1.0	NonTarget	1	357768
1397.6559203932434	1.0	NonTarget	1	357800
1397.7809203637648	1.0	NonTarget	1	357832
1397.9059203342863	1.0	NonTarget	1	357864
1398.0309203048078	1.0	NonTarget	1	357896
1398.1559202753292	1.0	NonTarget	1	357928
1398.2809202458507	1.0	NonTarget	1	357960
1398.4059202163721	1.0	NonTarget	1	357992
1398.5309201868936	1.0	NonTarget	1	358024
1398.655920157415	1.0	NonTarget	1	358056
1398.7809201279365	1.0	NonTarget	1	358088
1398.905920098458	1.0	NonTarget	1	358120
1399.0309200689796	1.0	NonTarget	1	358152
1399.155920039501	1.0	NonTarget	1	358184
1399.2809200100226	1.0	NonTarget	1	358216
1399.405919980544	1.0	NonTarget	1	358248
1399.5309199510655	1.0	NonTarget	1	358280
1399.655919921587	1.0	NonTarget	1	358312
1399.7809198921084	1.0	NonTarget	1	358344
1399.9059198626298	1.0	NonTarget	1	358376
1400.0309198331513	1.0	NonTarget	1	358408
1400.1559198036728	1.0	NonTarget	1	358440
1400.2809197741942	1.0	NonTarget	1	358472
1400.4059197447157	1.0	NonTarget	1	358504
1400.5309197152371	1.0	NonTarget	1	358536
1400.6559196857588	1.0	NonTarget	1	358568
1400.7809196562803	1.0	NonTarget	1	358600
1400.9059196268017	1.0	NonTarget	1	358632
1401.0309195973232	1.0	NonTarget	1	358664
1401.1559195678446	1.0	NonTarget	1	358696
1401.280919538366	1.0	NonTarget	1	358728
1401.4059195088876	1.0	NonTarget	1	358760
1401.530919479409	1.0	NonTarget	1	358792
1401.6559194499305	1.0	NonTarget	1	358824
1401.780919420452	1.0	NonTarget	1	358856
1401.9059193909734	1.0	NonTarget	1	358888
1402.0309193614949	1.0	NonTarget	1	358920
1402.1559193320163	1.0	NonTarget	1	358952
1402.280919302538	1.0	NonTarget	1	358984
1402.4059192730595	1.0	NonTarget	1	359016
1402.530919243581	1.0	NonTarget	1	359048
1402.6559192141024	1.0	NonTarget	1	359080
1402.7809191846238	1.0	NonTarget	1	359112
1402.9059191551453	1.0	NonTarget	1	359144
1403.0309191256667	1.0	NonTarget	1	359176
1403.1559190961882	1.0	NonTarget	1	359208
1403.2809190667097	1.0	NonTarget	1	359240
1403.4059190372311	1.0	NonTarget	1	359272
1403.5309190077526	1.0	NonTarget	1	359304
1403.655918978274	1.0	NonTarget	1	359336
1403.7809189487955	1.0	NonTarget	1	359368
1403.9059189193172	1.0	NonTarget	1	359400
1404.0309188898386	1.0	NonTarget	1	359432
1404.15591886036	1.0	NonTarget	1	359464
1404.2809188308815	1.0	NonTarget	1	359496
1404.405918801403	1.0	NonTarget	1	359528
1404.5309187719245	1.0	NonTarget	1	359560
1404.655918742446	1.0	NonTarget	1	359592
1404.7809187129674	1.0	NonTarget	1	359624
1404.9059186834888	1.0	NonTarget	1	359656
1405.0309186540103	1.0	NonTarget	1	359688
1405.1559186245318	1.0	NonTarget	1	359720
1405.2809185950532	1.0	NonTarget	1	359752
1405.4059185655747	1.0	NonTarget	1	359784
1411.530917121127	1.0	NonTarget	1	361352
1411.6559170916485	1.0	NonTarget	1	361384
1411.78091706217	1.0	NonTarget	1	361416
1411.9059170326914	1.0	NonTarget	1	361448
1412.0309170032128	1.0	NonTarget	1	361480
1412.1559169737345	1.0	NonTarget	1	361512
1412.280916944256	1.0	NonTarget	1	361544
1412.4059169147774	1.0	NonTarget	1	361576
1412.530916885299	1.0	NonTarget	1	361608
1412.6559168558204	1.0	NonTarget	1	361640
1412.7809168263418	1.0	NonTarget	1	361672
1412.9059167968633	1.0	NonTarget	1	361704
1413.0309167673847	1.0	NonTarget	1	361736
1413.1559167379062	1.0	NonTarget	1	361768
1413.2809167084276	1.0	NonTarget	1	361800
1413.405916678949	1.0	NonTarget	1	361832
1413.5309166494706	1.0	NonTarget	1	361864
1413.655916619992	1.0	NonTarget	1	361896
1413.7809165905137	1.0	NonTarget	1	361928
1413.9059165610352	1.0	NonTarget	1	361960
1414.0309165315566	1.0	NonTarget	1	361992
1414.155916502078	1.0	NonTarget	1	362024
1414.2809164725995	1.0	NonTarget	1	362056
1414.405916443121	1.0	NonTarget	1	362088
1414.5309164136424	1.0	NonTarget	1	362120
1414.655916384164	1.0	NonTarget	1	362152
1414.7809163546854	1.0	NonTarget	1	362184
1414.9059163252068	1.0	NonTarget	1	362216
1415.0309162957283	1.0	NonTarget	1	362248
1415.1559162662497	1.0	NonTarget	1	362280
1415.2809162367712	1.0	NonTarget	1	362312
1415.4059162072929	1.0	NonTarget	1	362344
1415.5309161778143	1.0	NonTarget	1	362376
1415.6559161483358	1.0	NonTarget	1	362408
1415.7809161188572	1.0	NonTarget	1	362440
1415.9059160893787	1.0	NonTarget	1	362472
1416.0309160599002	1.0	NonTarget	1	362504
1416.1559160304216	1.0	NonTarget	1	362536
1416.280916000943	1.0	NonTarget	1	362568
1416.4059159714645	1.0	NonTarget	1	362600
1416.530915941986	1.0	NonTarget	1	362632
1416.6559159125075	1.0	NonTarget	1	362664
1416.780915883029	1.0	NonTarget	1	362696
1416.9059158535504	1.0	NonTarget	1	362728
1417.030915824072	1.0	NonTarget	1	362760
1417.1559157945935	1.0	NonTarget	1	362792
1417.280915765115	1.0	NonTarget	1	362824
1417.4059157356364	1.0	NonTarget	1	362856
1417.5309157061579	1.0	NonTarget	1	362888
1417.6559156766793	1.0	NonTarget	1	362920
1417.7809156472008	1.0	NonTarget	1	362952
1417.9059156177223	1.0	NonTarget	1	362984
1418.0309155882437	1.0	NonTarget	1	363016
1418.1559155587652	1.0	NonTarget	1	363048
1418.2809155292866	1.0	NonTarget	1	363080
1418.405915499808	1.0	NonTarget	1	363112
1418.5309154703295	1.0	NonTarget	1	363144
1418.6559154408512	1.0	NonTarget	1	363176
1418.7809154113727	1.0	NonTarget	1	363208
1418.9059153818941	1.0	NonTarget	1	363240
1419.0309153524156	1.0	NonTarget	1	363272
1419.155915322937	1.0	NonTarget	1	363304
1419.2809152934585	1.0	NonTarget	1	363336
1419.40591526398	1.0	NonTarget	1	363368
1419.5309152345014	1.0	NonTarget	1	363400
1419.655915205023	1.0	NonTarget	1	363432
1419.7809151755444	1.0	NonTarget	1	363464
1419.9059151460658	1.0	NonTarget	1	363496
1420.0309151165873	1.0	NonTarget	1	363528
1420.1559150871087	1.0	NonTarget	1	363560
1420.2809150576304	1.0	NonTarget	1	363592
1420.4059150281519	1.0	NonTarget	1	363624
1420.5309149986733	1.0	NonTarget	1	363656
1420.6559149691948	1.0	NonTarget	1	363688
1420.7809149397162	1.0	NonTarget	1	363720
1420.9059149102377	1.0	NonTarget	1	363752
1421.0309148807592	1.0	NonTarget	1	363784
1421.1559148512806	1.0	NonTarget	1	363816
1421.280914821802	1.0	NonTarget	1	363848
1421.4059147923235	1.0	NonTarget	1	363880
1421.530914762845	1.0	NonTarget	1	363912
1421.6559147333664	1.0	NonTarget	1	363944
1421.780914703888	1.0	NonTarget	1	363976
1421.9059146744096	1.0	NonTarget	1	364008
1422.030914644931	1.0	NonTarget	1	364040
1422.1559146154525	1.0	NonTarget	1	364072
1422.280914585974	1.0	NonTarget	1	364104
1422.4059145564954	1.0	NonTarget	1	364136
1422.5309145270169	1.0	NonTarget	1	364168
1422.6559144975383	1.0	NonTarget	1	364200
1422.7809144680598	1.0	NonTarget	1	364232
1422.9059144385812	1.0	NonTarget	1	364264
1423.0309144091027	1.0	NonTarget	1	364296
1423.1559143796242	1.0	NonTarget	1	364328
1423.2809143501456	1.0	NonTarget	1	364360
1423.405914320667	1.0	NonTarget	1	364392
1423.5309142911888	1.0	NonTarget	1	364424
1423.6559142617102	1.0	NonTarget	1	364456
1423.7809142322317	1.0	NonTarget	1	364488
1423.9059142027531	1.0	NonTarget	1	364520
1424.0309141732746	1.0	NonTarget	1	364552
1424.155914143796	1.0	NonTarget	1	364584
1424.2809141143175	1.0	NonTarget	1	364616
1424.405914084839	1.0	NonTarget	1	364648
1424.5309140553604	1.0	NonTarget	1	364680
1424.6559140258819	1.0	NonTarget	1	364712
1424.7809139964033	1.0	NonTarget	1	364744
1424.9059139669248	1.0	NonTarget	1	364776
1425.0309139374463	1.0	NonTarget	1	364808
1425.1559139079677	1.0	NonTarget	1	364840
1425.2809138784894	1.0	NonTarget	1	364872
1425.4059138490109	1.0	NonTarget	1	364904
1425.5309138195323	1.0	NonTarget	1	364936
1425.6559137900538	1.0	NonTarget	1	364968
1425.7809137605752	1.0	NonTarget	1	365000
1425.9059137310967	1.0	NonTarget	1	365032
1426.0309137016181	1.0	NonTarget	1	365064
1426.1559136721396	1.0	NonTarget	1	365096
1426.280913642661	1.0	NonTarget	1	365128
1426.4059136131825	1.0	NonTarget	1	365160
1432.5309121687349	1.0	NonTarget	1	366728
1432.6559121392563	1.0	NonTarget	1	366760
1432.7809121097778	1.0	NonTarget	1	366792
1432.9059120802992	1.0	NonTarget	1	366824
1433.0309120508207	1.0	NonTarget	1	366856
1433.1559120213421	1.0	NonTarget	1	366888
1433.2809119918636	1.0	NonTarget	1	366920
1433.4059119623853	1.0	NonTarget	1	366952
1433.5309119329067	1.0	NonTarget	1	366984
1433.6559119034282	1.0	NonTarget	1	367016
1433.7809118739497	1.0	NonTarget	1	367048
1433.9059118444711	1.0	NonTarget	1	367080
1434.0309118149926	1.0	NonTarget	1	367112
1434.155911785514	1.0	NonTarget	1	367144
1434.2809117560355	1.0	NonTarget	1	367176
1434.405911726557	1.0	NonTarget	1	367208
1434.5309116970784	1.0	NonTarget	1	367240
1434.6559116675999	1.0	NonTarget	1	367272
1434.7809116381213	1.0	NonTarget	1	367304
1434.9059116086428	1.0	NonTarget	1	367336
1435.0309115791645	1.0	NonTarget	1	367368
1435.155911549686	1.0	NonTarget	1	367400
1435.2809115202074	1.0	NonTarget	1	367432
1435.4059114907288	1.0	NonTarget	1	367464
1435.5309114612503	1.0	NonTarget	1	367496
1435.6559114317718	1.0	NonTarget	1	367528
1435.7809114022932	1.0	NonTarget	1	367560
1435.9059113728147	1.0	NonTarget	1	367592
1436.0309113433361	1.0	NonTarget	1	367624
1436.1559113138576	1.0	NonTarget	1	367656
1436.280911284379	1.0	NonTarget	1	367688
1436.4059112549005	1.0	NonTarget	1	367720
1436.530911225422	1.0	NonTarget	1	367752
1436.6559111959436	1.0	NonTarget	1	367784
1436.780911166465	1.0	NonTarget	1	367816
1436.9059111369866	1.0	NonTarget	1	367848
1437.030911107508	1.0	NonTarget	1	367880
1437.1559110780295	1.0	NonTarget	1	367912
1437.280911048551	1.0	NonTarget	1	367944
1437.4059110190724	1.0	NonTarget	1	367976
1437.5309109895938	1.0	NonTarget	1	368008
1437.6559109601153	1.0	NonTarget	1	368040
1437.7809109306368	1.0	NonTarget	1	368072
1437.9059109011582	1.0	NonTarget	1	368104
1438.0309108716797	1.0	NonTarget	1	368136
1438.1559108422011	1.0	NonTarget	1	368168
1438.2809108127228	1.0	NonTarget	1	368200
1438.4059107832443	1.0	NonTarget	1	368232
1438.5309107537657	1.0	NonTarget	1	368264
1438.6559107242872	1.0	NonTarget	1	368296
1438.7809106948087	1.0	NonTarget	1	368328
1438.90591066533	1.0	NonTarget	1	368360
1439.0309106358516	1.0	NonTarget	1	368392
1439.155910606373	1.0	NonTarget	1	368424
1439.2809105768945	1.0	NonTarget	1	368456
1439.405910547416	1.0	NonTarget	1	368488
1439.5309105179374	1.0	NonTarget	1	368520
1439.6559104884589	1.0	NonTarget	1	368552
1439.7809104589803	1.0	NonTarget	1	368584
1439.905910429502	1.0	NonTarget	1	368616
1440.0309104000235	1.0	NonTarget	1	368648
1440.155910370545	1.0	NonTarget	1	368680
1440.2809103410664	1.0	NonTarget	1	368712
1440.4059103115878	1.0	NonTarget	1	368744
1440.5309102821093	1.0	NonTarget	1	368776
1440.6559102526307	1.0	NonTarget	1	368808
1440.7809102231522	1.0	NonTarget	1	368840
1440.9059101936737	1.0	NonTarget	1	368872
1441.0309101641951	1.0	NonTarget	1	368904
1441.1559101347166	1.0	NonTarget	1	368936
1441.280910105238	1.0	NonTarget	1	368968
1441.4059100757595	1.0	NonTarget	1	369000
1441.530910046281	1.0	NonTarget	1	369032
1441.6559100168026	1.0	NonTarget	1	369064
1441.780909987324	1.0	NonTarget	1	369096
1441.9059099578456	1.0	NonTarget	1	369128
1442.030909928367	1.0	NonTarget	1	369160
1442.1559098988885	1.0	NonTarget	1	369192
1442.28090986941	1.0	NonTarget	1	369224
1442.4059098399314	1.0	NonTarget	1	369256
1442.5309098104528	1.0	NonTarget	1	369288
1442.6559097809743	1.0	NonTarget	1	369320
1442.7809097514958	1.0	NonTarget	1	369352
1442.9059097220172	1.0	NonTarget	1	369384
1443.0309096925387	1.0	NonTarget	1	369416
1443.1559096630601	1.0	NonTarget	1	369448
1443.2809096335818	1.0	NonTarget	1	369480
1443.4059096041033	1.0	NonTarget	1	369512
1443.5309095746247	1.0	NonTarget	1	369544
1443.6559095451462	1.0	NonTarget	1	369576
1443.7809095156676	1.0	NonTarget	1	369608
1443.905909486189	1.0	NonTarget	1	369640
1444.0309094567106	1.0	NonTarget	1	369672
1444.155909427232	1.0	NonTarget	1	369704
1444.2809093977535	1.0	NonTarget	1	369736
1444.405909368275	1.0	NonTarget	1	369768
1444.5309093387964	1.0	NonTarget	1	369800
1444.6559093093178	1.0	NonTarget	1	369832
1444.7809092798393	1.0	NonTarget	1	369864
1444.905909250361	1.0	NonTarget	1	369896
1445.0309092208824	1.0	NonTarget	1	369928
1445.155909191404	1.0	NonTarget	1	369960
1445.2809091619254	1.0	NonTarget	1	369992
1445.4059091324468	1.0	NonTarget	1	370024
1445.5309091029683	1.0	NonTarget	1	370056
1445.6559090734897	1.0	NonTarget	1	370088
1445.7809090440112	1.0	NonTarget	1	370120
1445.9059090145327	1.0	NonTarget	1	370152
1446.030908985054	1.0	NonTarget	1	370184
1446.1559089555756	1.0	NonTarget	1	370216
1446.280908926097	1.0	NonTarget	1	370248
1446.4059088966185	1.0	NonTarget	1	370280
1446.5309088671402	1.0	NonTarget	1	370312
1446.6559088376616	1.0	NonTarget	1	370344
1446.780908808183	1.0	NonTarget	1	370376
1446.9059087787045	1.0	NonTarget	1	370408
1447.030908749226	1.0	NonTarget	1	370440
1447.1559087197475	1.0	NonTarget	1	370472
1447.280908690269	1.0	NonTarget	1	370504
1447.4059086607904	1.0	NonTarget	1	370536
1453.5309072163427	1.0	NonTarget	1	372104
1453.6559071868642	1.0	NonTarget	1	372136
1453.7809071573856	1.0	NonTarget	1	372168
1453.905907127907	1.0	NonTarget	1	372200
1454.0309070984285	1.0	NonTarget	1	372232
1454.15590706895	1.0	NonTarget	1	372264
1454.2809070394715	1.0	NonTarget	1	372296
1454.405907009993	1.0	NonTarget	1	372328
1454.5309069805144	1.0	NonTarget	1	372360
1454.655906951036	1.0	NonTarget	1	372392
1454.7809069215575	1.0	NonTarget	1	372424
1454.905906892079	1.0	NonTarget	1	372456
1455.0309068626004	1.0	NonTarget	1	372488
1455.155906833122	1.0	NonTarget	1	372520
1455.2809068036433	1.0	NonTarget	1	372552
1455.4059067741648	1.0	NonTarget	1	372584
1455.5309067446863	1.0	NonTarget	1	372616
1455.6559067152077	1.0	NonTarget	1	372648
1455.7809066857292	1.0	NonTarget	1	372680
1455.9059066562506	1.0	NonTarget	1	372712
1456.030906626772	1.0	NonTarget	1	372744
1456.1559065972936	1.0	NonTarget	1	372776
1456.2809065678152	1.0	NonTarget	1	372808
1456.4059065383367	1.0	NonTarget	1	372840
1456.5309065088582	1.0	NonTarget	1	372872
1456.6559064793796	1.0	NonTarget	1	372904
1456.780906449901	1.0	NonTarget	1	372936
1456.9059064204225	1.0	NonTarget	1	372968
1457.030906390944	1.0	NonTarget	1	373000
1457.1559063614654	1.0	NonTarget	1	373032
1457.280906331987	1.0	NonTarget	1	373064
1457.4059063025084	1.0	NonTarget	1	373096
1457.5309062730298	1.0	NonTarget	1	373128
1457.6559062435513	1.0	NonTarget	1	373160
1457.7809062140727	1.0	NonTarget	1	373192
1457.9059061845944	1.0	NonTarget	1	373224
1458.0309061551159	1.0	NonTarget	1	373256
1458.1559061256373	1.0	NonTarget	1	373288
1458.2809060961588	1.0	NonTarget	1	373320
1458.4059060666802	1.0	NonTarget	1	373352
1458.5309060372017	1.0	NonTarget	1	373384
1458.6559060077232	1.0	NonTarget	1	373416
1458.7809059782446	1.0	NonTarget	1	373448
1458.905905948766	1.0	NonTarget	1	373480
1459.0309059192875	1.0	NonTarget	1	373512
1459.155905889809	1.0	NonTarget	1	373544
1459.2809058603304	1.0	NonTarget	1	373576
1459.405905830852	1.0	NonTarget	1	373608
1459.5309058013734	1.0	NonTarget	1	373640
1459.655905771895	1.0	NonTarget	1	373672
1459.7809057424165	1.0	NonTarget	1	373704
1459.905905712938	1.0	NonTarget	1	373736
1460.0309056834594	1.0	NonTarget	1	373768
1460.1559056539809	1.0	NonTarget	1	373800
1460.2809056245023	1.0	NonTarget	1	373832
1460.4059055950238	1.0	NonTarget	1	373864
1460.5309055655453	1.0	NonTarget	1	373896
1460.6559055360667	1.0	NonTarget	1	373928
1460.7809055065882	1.0	NonTarget	1	373960
1460.9059054771096	1.0	NonTarget	1	373992
1461.030905447631	1.0	NonTarget	1	374024
1461.1559054181525	1.0	NonTarget	1	374056
1461.2809053886742	1.0	NonTarget	1	374088
1461.4059053591957	1.0	NonTarget	1	374120
1461.5309053297171	1.0	NonTarget	1	374152
1461.6559053002386	1.0	NonTarget	1	374184
1461.78090527076	1.0	NonTarget	1	374216
1461.9059052412815	1.0	NonTarget	1	374248
1462.030905211803	1.0	NonTarget	1	374280
1462.1559051823244	1.0	NonTarget	1	374312
1462.280905152846	1.0	NonTarget	1	374344
1462.4059051233673	1.0	NonTarget	1	374376
1462.5309050938888	1.0	NonTarget	1	374408
1462.6559050644103	1.0	NonTarget	1	374440
1462.7809050349317	1.0	NonTarget	1	374472
1462.9059050054534	1.0	NonTarget	1	374504
1463.0309049759749	1.0	NonTarget	1	374536
1463.1559049464963	1.0	NonTarget	1	374568
1463.2809049170178	1.0	NonTarget	1	374600
1463.4059048875392	1.0	NonTarget	1	374632
1463.5309048580607	1.0	NonTarget	1	374664
1463.6559048285822	1.0	NonTarget	1	374696
1463.7809047991036	1.0	NonTarget	1	374728
1463.905904769625	1.0	NonTarget	1	374760
1464.0309047401465	1.0	NonTarget	1	374792
1464.155904710668	1.0	NonTarget	1	374824
1464.2809046811894	1.0	NonTarget	1	374856
1464.405904651711	1.0	NonTarget	1	374888
1464.5309046222326	1.0	NonTarget	1	374920
1464.655904592754	1.0	NonTarget	1	374952
1464.7809045632755	1.0	NonTarget	1	374984
1464.905904533797	1.0	NonTarget	1	375016
1465.0309045043184	1.0	NonTarget	1	375048
1465.1559044748399	1.0	NonTarget	1	375080
1465.2809044453613	1.0	NonTarget	1	375112
1465.4059044158828	1.0	NonTarget	1	375144
1465.5309043864042	1.0	NonTarget	1	375176
1465.6559043569257	1.0	NonTarget	1	375208
1465.7809043274472	1.0	NonTarget	1	375240
1465.9059042979686	1.0	NonTarget	1	375272
1466.03090426849	1.0	NonTarget	1	375304
1466.1559042390118	1.0	NonTarget	1	375336
1466.2809042095332	1.0	NonTarget	1	375368
1466.4059041800547	1.0	NonTarget	1	375400
1466.5309041505761	1.0	NonTarget	1	375432
1466.6559041210976	1.0	NonTarget	1	375464
1466.780904091619	1.0	NonTarget	1	375496
1466.9059040621405	1.0	NonTarget	1	375528
1467.030904032662	1.0	NonTarget	1	375560
1467.1559040031834	1.0	NonTarget	1	375592
1467.2809039737049	1.0	NonTarget	1	375624
1467.4059039442263	1.0	NonTarget	1	375656
1467.5309039147478	1.0	NonTarget	1	375688
1467.6559038852693	1.0	NonTarget	1	375720
1467.780903855791	1.0	NonTarget	1	375752
1467.9059038263124	1.0	NonTarget	1	375784
1468.0309037968339	1.0	NonTarget	1	375816
1468.1559037673553	1.0	NonTarget	1	375848
1468.2809037378768	1.0	NonTarget	1	375880
1468.4059037083982	1.0	NonTarget	1	375912
1474.5309022639506	1.0	NonTarget	1	377480
1474.655902234472	1.0	NonTarget	1	377512
1474.7809022049935	1.0	NonTarget	1	377544
1474.905902175515	1.0	NonTarget	1	377576
1475.0309021460364	1.0	NonTarget	1	377608
1475.1559021165579	1.0	NonTarget	1	377640
1475.2809020870793	1.0	NonTarget	1	377672
1475.4059020576008	1.0	NonTarget	1	377704
1475.5309020281222	1.0	NonTarget	1	377736
1475.6559019986437	1.0	NonTarget	1	377768
1475.7809019691651	1.0	NonTarget	1	377800
1475.9059019396866	1.0	NonTarget	1	377832
1476.0309019102083	1.0	NonTarget	1	377864
1476.1559018807297	1.0	NonTarget	1	377896
1476.2809018512512	1.0	NonTarget	1	377928
1476.4059018217727	1.0	NonTarget	1	377960
1476.5309017922941	1.0	NonTarget	1	377992
1476.6559017628156	1.0	NonTarget	1	378024
1476.780901733337	1.0	NonTarget	1	378056
1476.9059017038585	1.0	NonTarget	1	378088
1477.03090167438	1.0	NonTarget	1	378120
1477.1559016449014	1.0	NonTarget	1	378152
1477.2809016154229	1.0	NonTarget	1	378184
1477.4059015859443	1.0	NonTarget	1	378216
1477.5309015564658	1.0	NonTarget	1	378248
1477.6559015269875	1.0	NonTarget	1	378280
1477.780901497509	1.0	NonTarget	1	378312
1477.9059014680304	1.0	NonTarget	1	378344
1478.0309014385518	1.0	NonTarget	1	378376
1478.1559014090733	1.0	NonTarget	1	378408
1478.2809013795948	1.0	NonTarget	1	378440
1478.4059013501162	1.0	NonTarget	1	378472
1478.5309013206377	1.0	NonTarget	1	378504
1478.6559012911591	1.0	NonTarget	1	378536
1478.7809012616806	1.0	NonTarget	1	378568
1478.905901232202	1.0	NonTarget	1	378600
1479.0309012027235	1.0	NonTarget	1	378632
1479.155901173245	1.0	NonTarget	1	378664
1479.2809011437666	1.0	NonTarget	1	378696
1479.405901114288	1.0	NonTarget	1	378728
1479.5309010848096	1.0	NonTarget	1	378760
1479.655901055331	1.0	NonTarget	1	378792
1479.7809010258525	1.0	NonTarget	1	378824
1479.905900996374	1.0	NonTarget	1	378856
1480.0309009668954	1.0	NonTarget	1	378888
1480.1559009374168	1.0	NonTarget	1	378920
1480.2809009079383	1.0	NonTarget	1	378952
1480.4059008784598	1.0	NonTarget	1	378984
1480.5309008489812	1.0	NonTarget	1	379016
1480.6559008195027	1.0	NonTarget	1	379048
1480.7809007900241	1.0	NonTarget	1	379080
1480.9059007605458	1.0	NonTarget	1	379112
1481.0309007310673	1.0	NonTarget	1	379144
1481.1559007015887	1.0	NonTarget	1	379176
1481.2809006721102	1.0	NonTarget	1	379208
1481.4059006426317	1.0	NonTarget	1	379240
1481.530900613153	1.0	NonTarget	1	379272
1481.6559005836746	1.0	NonTarget	1	379304
1481.780900554196	1.0	NonTarget	1	379336
1481.9059005247175	1.0	NonTarget	1	379368
1482.030900495239	1.0	NonTarget	1	379400
1482.1559004657604	1.0	NonTarget	1	379432
1482.2809004362819	1.0	NonTarget	1	379464
1482.4059004068033	1.0	NonTarget	1	379496
1482.530900377325	1.0	NonTarget	1	379528
1482.6559003478465	1.0	NonTarget	1	379560
1482.780900318368	1.0	NonTarget	1	379592
1482.9059002888894	1.0	NonTarget	1	379624
1483.0309002594108	1.0	NonTarget	1	379656
1483.1559002299323	1.0	NonTarget	1	379688
1483.2809002004537	1.0	NonTarget	1	379720
1483.4059001709752	1.0	NonTarget	1	379752
1483.5309001414967	1.0	NonTarget	1	379784
1483.6559001120181	1.0	NonTarget	1	379816
1483.7809000825396	1.0	NonTarget	1	379848
1483.905900053061	1.0	NonTarget	1	379880
1484.0309000235825	1.0	NonTarget	1	379912
1484.1558999941042	1.0	NonTarget	1	379944
1484.2808999646256	1.0	NonTarget	1	379976
1484.405899935147	1.0	NonTarget	1	380008
1484.5308999056685	1.0	NonTarget	1	380040
1484.65589987619	1.0	NonTarget	1	380072
1484.7808998467115	1.0	NonTarget	1	380104
1484.905899817233	1.0	NonTarget	1	380136
1485.0308997877544	1.0	NonTarget	1	380168
1485.1558997582758	1.0	NonTarget	1	380200
1485.2808997287973	1.0	NonTarget	1	380232
1485.4058996993188	1.0	NonTarget	1	380264
1485.5308996698402	1.0	NonTarget	1	380296
1485.6558996403617	1.0	NonTarget	1	380328
1485.7808996108834	1.0	NonTarget	1	380360
1485.9058995814048	1.0	NonTarget	1	380392
1486.0308995519263	1.0	NonTarget	1	380424
1486.1558995224477	1.0	NonTarget	1	380456
1486.2808994929692	1.0	NonTarget	1	380488
1486.4058994634906	1.0	NonTarget	1	380520
1486.530899434012	1.0	NonTarget	1	380552
1486.6558994045336	1.0	NonTarget	1	380584
1486.780899375055	1.0	NonTarget	1	380616
1486.9058993455765	1.0	NonTarget	1	380648
1487.030899316098	1.0	NonTarget	1	380680
1487.1558992866194	1.0	NonTarget	1	380712
1487.2808992571408	1.0	NonTarget	1	380744
1487.4058992276625	1.0	NonTarget	1	380776
1487.530899198184	1.0	NonTarget	1	380808
1487.6558991687054	1.0	NonTarget	1	380840
1487.780899139227	1.0	NonTarget	1	380872
1487.9058991097484	1.0	NonTarget	1	380904
1488.0308990802698	1.0	NonTarget	1	380936
1488.1558990507913	1.0	NonTarget	1	380968
1488.2808990213127	1.0	NonTarget	1	381000
1488.4058989918342	1.0	NonTarget	1	381032
1488.5308989623556	1.0	NonTarget	1	381064
1488.655898932877	1.0	NonTarget	1	381096
1488.7808989033986	1.0	NonTarget	1	381128
1488.90589887392	1.0	NonTarget	1	381160
1489.0308988444417	1.0	NonTarget	1	381192
1489.1558988149632	1.0	NonTarget	1	381224
1489.2808987854846	1.0	NonTarget	1	381256
1489.405898756006	1.0	NonTarget	1	381288
1495.5308973115582	1.0	NonTarget	1	382856
1495.6558972820799	1.0	NonTarget	1	382888
1495.7808972526013	1.0	NonTarget	1	382920
1495.9058972231228	1.0	NonTarget	1	382952
1496.0308971936443	1.0	NonTarget	1	382984
1496.1558971641657	1.0	NonTarget	1	383016
1496.2808971346872	1.0	NonTarget	1	383048
1496.4058971052086	1.0	NonTarget	1	383080
1496.53089707573	1.0	NonTarget	1	383112
1496.6558970462515	1.0	NonTarget	1	383144
1496.780897016773	1.0	NonTarget	1	383176
1496.9058969872945	1.0	NonTarget	1	383208
1497.030896957816	1.0	NonTarget	1	383240
1497.1558969283374	1.0	NonTarget	1	383272
1497.280896898859	1.0	NonTarget	1	383304
1497.4058968693805	1.0	NonTarget	1	383336
1497.530896839902	1.0	NonTarget	1	383368
1497.6558968104234	1.0	NonTarget	1	383400
1497.7808967809449	1.0	NonTarget	1	383432
1497.9058967514663	1.0	NonTarget	1	383464
1498.0308967219878	1.0	NonTarget	1	383496
1498.1558966925093	1.0	NonTarget	1	383528
1498.2808966630307	1.0	NonTarget	1	383560
1498.4058966335522	1.0	NonTarget	1	383592
1498.5308966040736	1.0	NonTarget	1	383624
1498.655896574595	1.0	NonTarget	1	383656
1498.7808965451165	1.0	NonTarget	1	383688
1498.9058965156382	1.0	NonTarget	1	383720
1499.0308964861597	1.0	NonTarget	1	383752
1499.1558964566811	1.0	NonTarget	1	383784
1499.2808964272026	1.0	NonTarget	1	383816
1499.405896397724	1.0	NonTarget	1	383848
1499.5308963682455	1.0	NonTarget	1	383880
1499.655896338767	1.0	NonTarget	1	383912
1499.7808963092884	1.0	NonTarget	1	383944
1499.90589627981	1.0	NonTarget	1	383976
1500.0308962503314	1.0	NonTarget	1	384008
1500.1558962208528	1.0	NonTarget	1	384040
1500.2808961913743	1.0	NonTarget	1	384072
1500.4058961618957	1.0	NonTarget	1	384104
1500.5308961324174	1.0	NonTarget	1	384136
1500.6558961029389	1.0	NonTarget	1	384168
1500.7808960734603	1.0	NonTarget	1	384200
1500.9058960439818	1.0	NonTarget	1	384232
1501.0308960145032	1.0	NonTarget	1	384264
1501.1558959850247	1.0	NonTarget	1	384296
1501.2808959555462	1.0	NonTarget	1	384328
1501.4058959260676	1.0	NonTarget	1	384360
1501.530895896589	1.0	NonTarget	1	384392
1501.6558958671105	1.0	NonTarget	1	384424
1501.780895837632	1.0	NonTarget	1	384456
1501.9058958081534	1.0	NonTarget	1	384488
1502.030895778675	1.0	NonTarget	1	384520
1502.1558957491966	1.0	NonTarget	1	384552
1502.280895719718	1.0	NonTarget	1	384584
1502.4058956902395	1.0	NonTarget	1	384616
1502.530895660761	1.0	NonTarget	1	384648
1502.6558956312824	1.0	NonTarget	1	384680
1502.7808956018039	1.0	NonTarget	1	384712
1502.9058955723253	1.0	NonTarget	1	384744
1503.0308955428468	1.0	NonTarget	1	384776
1503.1558955133683	1.0	NonTarget	1	384808
1503.2808954838897	1.0	NonTarget	1	384840
1503.4058954544112	1.0	NonTarget	1	384872
1503.5308954249326	1.0	NonTarget	1	384904
1503.655895395454	1.0	NonTarget	1	384936
1503.7808953659758	1.0	NonTarget	1	384968
1503.9058953364972	1.0	NonTarget	1	385000
1504.0308953070187	1.0	NonTarget	1	385032
1504.1558952775401	1.0	NonTarget	1	385064
1504.2808952480616	1.0	NonTarget	1	385096
1504.405895218583	1.0	NonTarget	1	385128
1504.5308951891045	1.0	NonTarget	1	385160
1504.655895159626	1.0	NonTarget	1	385192
1504.7808951301474	1.0	NonTarget	1	385224
1504.9058951006689	1.0	NonTarget	1	385256
1505.0308950711903	1.0	NonTarget	1	385288
1505.1558950417118	1.0	NonTarget	1	385320
1505.2808950122333	1.0	NonTarget	1	385352
1505.405894982755	1.0	NonTarget	1	385384
1505.5308949532764	1.0	NonTarget	1	385416
1505.6558949237979	1.0	NonTarget	1	385448
1505.7808948943193	1.0	NonTarget	1	385480
1505.9058948648408	1.0	NonTarget	1	385512
1506.0308948353622	1.0	NonTarget	1	385544
1506.1558948058837	1.0	NonTarget	1	385576
1506.2808947764051	1.0	NonTarget	1	385608
1506.4058947469266	1.0	NonTarget	1	385640
1506.530894717448	1.0	NonTarget	1	385672
1506.6558946879695	1.0	NonTarget	1	385704
1506.780894658491	1.0	NonTarget	1	385736
1506.9058946290124	1.0	NonTarget	1	385768
1507.0308945995341	1.0	NonTarget	1	385800
1507.1558945700556	1.0	NonTarget	1	385832
1507.280894540577	1.0	NonTarget	1	385864
1507.4058945110985	1.0	NonTarget	1	385896
1507.53089448162	1.0	NonTarget	1	385928
1507.6558944521414	1.0	NonTarget	1	385960
1507.7808944226629	1.0	NonTarget	1	385992
1507.9058943931843	1.0	NonTarget	1	386024
1508.0308943637058	1.0	NonTarget	1	386056
1508.1558943342272	1.0	NonTarget	1	386088
1508.2808943047487	1.0	NonTarget	1	386120
1508.4058942752702	1.0	NonTarget	1	386152
1508.5308942457916	1.0	NonTarget	1	386184
1508.655894216313	1.0	NonTarget	1	386216
1508.7808941868348	1.0	NonTarget	1	386248
1508.9058941573562	1.0	NonTarget	1	386280
1509.0308941278777	1.0	NonTarget	1	386312
1509.1558940983991	1.0	NonTarget	1	386344
1509.2808940689206	1.0	NonTarget	1	386376
1509.405894039442	1.0	NonTarget	1	386408
1509.5308940099635	1.0	NonTarget	1	386440
1509.655893980485	1.0	NonTarget	1	386472
1509.7808939510064	1.0	NonTarget	1	386504
1509.9058939215279	1.0	NonTarget	1	386536
1510.0308938920493	1.0	NonTarget	1	386568
1510.1558938625708	1.0	NonTarget	1	386600
1510.2808938330923	1.0	NonTarget	1	386632
1510.405893803614	1.0	NonTarget	1	386664
1516.530892359166	1.0	NonTarget	1	388232
1516.6558923296875	1.0	NonTarget	1	388264
1516.780892300209	1.0	NonTarget	1	388296
1516.9058922707306	1.0	NonTarget	1	388328
1517.030892241252	1.0	NonTarget	1	388360
1517.1558922117736	1.0	NonTarget	1	388392
1517.280892182295	1.0	NonTarget	1	388424
1517.4058921528165	1.0	NonTarget	1	388456
1517.530892123338	1.0	NonTarget	1	388488
1517.6558920938594	1.0	NonTarget	1	388520
1517.7808920643809	1.0	NonTarget	1	388552
1517.9058920349023	1.0	NonTarget	1	388584
1518.0308920054238	1.0	NonTarget	1	388616
1518.1558919759452	1.0	NonTarget	1	388648
1518.2808919464667	1.0	NonTarget	1	388680
1518.4058919169881	1.0	NonTarget	1	388712
1518.5308918875098	1.0	NonTarget	1	388744
1518.6558918580313	1.0	NonTarget	1	388776
1518.7808918285527	1.0	NonTarget	1	388808
1518.9058917990742	1.0	NonTarget	1	388840
1519.0308917695957	1.0	NonTarget	1	388872
1519.155891740117	1.0	NonTarget	1	388904
1519.2808917106386	1.0	NonTarget	1	388936
1519.40589168116	1.0	NonTarget	1	388968
1519.5308916516815	1.0	NonTarget	1	389000
1519.655891622203	1.0	NonTarget	1	389032
1519.7808915927244	1.0	NonTarget	1	389064
1519.9058915632459	1.0	NonTarget	1	389096
1520.0308915337673	1.0	NonTarget	1	389128
1520.155891504289	1.0	NonTarget	1	389160
1520.2808914748105	1.0	NonTarget	1	389192
1520.405891445332	1.0	NonTarget	1	389224
1520.5308914158534	1.0	NonTarget	1	389256
1520.6558913863748	1.0	NonTarget	1	389288
1520.7808913568963	1.0	NonTarget	1	389320
1520.9058913274177	1.0	NonTarget	1	389352
1521.0308912979392	1.0	NonTarget	1	389384
1521.1558912684607	1.0	NonTarget	1	389416
1521.2808912389821	1.0	NonTarget	1	389448
1521.4058912095036	1.0	NonTarget	1	389480
1521.530891180025	1.0	NonTarget	1	389512
1521.6558911505465	1.0	NonTarget	1	389544
1521.7808911210682	1.0	NonTarget	1	389576
1521.9058910915896	1.0	NonTarget	1	389608
1522.030891062111	1.0	NonTarget	1	389640
1522.1558910326326	1.0	NonTarget	1	389672
1522.280891003154	1.0	NonTarget	1	389704
1522.4058909736755	1.0	NonTarget	1	389736
1522.530890944197	1.0	NonTarget	1	389768
1522.6558909147184	1.0	NonTarget	1	389800
1522.7808908852398	1.0	NonTarget	1	389832
1522.9058908557613	1.0	NonTarget	1	389864
1523.0308908262828	1.0	NonTarget	1	389896
1523.1558907968042	1.0	NonTarget	1	389928
1523.2808907673257	1.0	NonTarget	1	389960
1523.4058907378474	1.0	NonTarget	1	389992
1523.5308907083688	1.0	NonTarget	1	390024
1523.6558906788903	1.0	NonTarget	1	390056
1523.7808906494117	1.0	NonTarget	1	390088
1523.9058906199332	1.0	NonTarget	1	390120
1524.0308905904546	1.0	NonTarget	1	390152
1524.155890560976	1.0	NonTarget	1	390184
1524.2808905314976	1.0	NonTarget	1	390216
1524.405890502019	1.0	NonTarget	1	390248
1524.5308904725405	1.0	NonTarget	1	390280
1524.655890443062	1.0	NonTarget	1	390312
1524.7808904135834	1.0	NonTarget	1	390344
1524.9058903841049	1.0	NonTarget	1	390376
1525.0308903546265	1.0	NonTarget	1	390408
1525.155890325148	1.0	NonTarget	1	390440
1525.2808902956695	1.0	NonTarget	1	390472
1525.405890266191	1.0	NonTarget	1	390504
1525.5308902367124	1.0	NonTarget	1	390536
1525.6558902072338	1.0	NonTarget	1	390568
1525.7808901777553	1.0	NonTarget	1	390600
1525.9058901482767	1.0	NonTarget	1	390632
1526.0308901187982	1.0	NonTarget	1	390664
1526.1558900893197	1.0	NonTarget	1	390696
1526.280890059841	1.0	NonTarget	1	390728
1526.4058900303626	1.0	NonTarget	1	390760
1526.530890000884	1.0	NonTarget	1	390792
1526.6558899714055	1.0	NonTarget	1	390824
1526.7808899419272	1.0	NonTarget	1	390856
1526.9058899124486	1.0	NonTarget	1	390888
1527.03088988297	1.0	NonTarget	1	390920
1527.1558898534915	1.0	NonTarget	1	390952
1527.280889824013	1.0	NonTarget	1	390984
1527.4058897945345	1.0	NonTarget	1	391016
1527.530889765056	1.0	NonTarget	1	391048
1527.6558897355774	1.0	NonTarget	1	391080
1527.7808897060988	1.0	NonTarget	1	391112
1527.9058896766203	1.0	NonTarget	1	391144
1528.0308896471417	1.0	NonTarget	1	391176
1528.1558896176632	1.0	NonTarget	1	391208
1528.2808895881847	1.0	NonTarget	1	391240
1528.4058895587063	1.0	NonTarget	1	391272
1528.5308895292278	1.0	NonTarget	1	391304
1528.6558894997493	1.0	NonTarget	1	391336
1528.7808894702707	1.0	NonTarget	1	391368
1528.9058894407922	1.0	NonTarget	1	391400
1529.0308894113136	1.0	NonTarget	1	391432
1529.155889381835	1.0	NonTarget	1	391464
1529.2808893523566	1.0	NonTarget	1	391496
1529.405889322878	1.0	NonTarget	1	391528
1529.5308892933995	1.0	NonTarget	1	391560
1529.655889263921	1.0	NonTarget	1	391592
1529.7808892344424	1.0	NonTarget	1	391624
1529.9058892049638	1.0	NonTarget	1	391656
1530.0308891754855	1.0	NonTarget	1	391688
1530.155889146007	1.0	NonTarget	1	391720
1530.2808891165284	1.0	NonTarget	1	391752
1530.40588908705	1.0	NonTarget	1	391784
1530.5308890575714	1.0	NonTarget	1	391816
1530.6558890280928	1.0	NonTarget	1	391848
1530.7808889986143	1.0	NonTarget	1	391880
1530.9058889691357	1.0	NonTarget	1	391912
1531.0308889396572	1.0	NonTarget	1	391944
1531.1558889101786	1.0	NonTarget	1	391976
1531.2808888807	1.0	NonTarget	1	392008
1531.4058888512216	1.0	NonTarget	1	392040
1537.530887406774	1.0	NonTarget	1	393608
1537.6558873772954	1.0	NonTarget	1	393640
1537.7808873478168	1.0	NonTarget	1	393672
1537.9058873183383	1.0	NonTarget	1	393704
1538.0308872888597	1.0	NonTarget	1	393736
1538.1558872593814	1.0	NonTarget	1	393768
1538.2808872299029	1.0	NonTarget	1	393800
1538.4058872004243	1.0	NonTarget	1	393832
1538.5308871709458	1.0	NonTarget	1	393864
1538.6558871414672	1.0	NonTarget	1	393896
1538.7808871119887	1.0	NonTarget	1	393928
1538.9058870825102	1.0	NonTarget	1	393960
1539.0308870530316	1.0	NonTarget	1	393992
1539.155887023553	1.0	NonTarget	1	394024
1539.2808869940745	1.0	NonTarget	1	394056
1539.405886964596	1.0	NonTarget	1	394088
1539.5308869351175	1.0	NonTarget	1	394120
1539.655886905639	1.0	NonTarget	1	394152
1539.7808868761606	1.0	NonTarget	1	394184
1539.905886846682	1.0	NonTarget	1	394216
1540.0308868172035	1.0	NonTarget	1	394248
1540.155886787725	1.0	NonTarget	1	394280
1540.2808867582464	1.0	NonTarget	1	394312
1540.4058867287679	1.0	NonTarget	1	394344
1540.5308866992893	1.0	NonTarget	1	394376
1540.6558866698108	1.0	NonTarget	1	394408
1540.7808866403323	1.0	NonTarget	1	394440
1540.9058866108537	1.0	NonTarget	1	394472
1541.0308865813752	1.0	NonTarget	1	394504
1541.1558865518966	1.0	NonTarget	1	394536
1541.280886522418	1.0	NonTarget	1	394568
1541.4058864929398	1.0	NonTarget	1	394600
1541.5308864634612	1.0	NonTarget	1	394632
1541.6558864339827	1.0	NonTarget	1	394664
1541.7808864045041	1.0	NonTarget	1	394696
1541.9058863750256	1.0	NonTarget	1	394728
1542.030886345547	1.0	NonTarget	1	394760
1542.1558863160685	1.0	NonTarget	1	394792
1542.28088628659	1.0	NonTarget	1	394824
1542.4058862571114	1.0	NonTarget	1	394856
1542.530886227633	1.0	NonTarget	1	394888
1542.6558861981543	1.0	NonTarget	1	394920
1542.7808861686758	1.0	NonTarget	1	394952
1542.9058861391973	1.0	NonTarget	1	394984
1543.0308861097187	1.0	NonTarget	1	395016
1543.1558860802404	1.0	NonTarget	1	395048
1543.2808860507619	1.0	NonTarget	1	395080
1543.4058860212833	1.0	NonTarget	1	395112
1543.5308859918048	1.0	NonTarget	1	395144
1543.6558859623262	1.0	NonTarget	1	395176
1543.7808859328477	1.0	NonTarget	1	395208
1543.9058859033692	1.0	NonTarget	1	395240
1544.0308858738906	1.0	NonTarget	1	395272
1544.155885844412	1.0	NonTarget	1	395304
1544.2808858149335	1.0	NonTarget	1	395336
1544.405885785455	1.0	NonTarget	1	395368
1544.5308857559764	1.0	NonTarget	1	395400
1544.655885726498	1.0	NonTarget	1	395432
1544.7808856970196	1.0	NonTarget	1	395464
1544.905885667541	1.0	NonTarget	1	395496
1545.0308856380625	1.0	NonTarget	1	395528
1545.155885608584	1.0	NonTarget	1	395560
1545.2808855791054	1.0	NonTarget	1	395592
1545.4058855496269	1.0	NonTarget	1	395624
1545.5308855201483	1.0	NonTarget	1	395656
1545.6558854906698	1.0	NonTarget	1	395688
1545.7808854611912	1.0	NonTarget	1	395720
1545.9058854317127	1.0	NonTarget	1	395752
1546.0308854022342	1.0	NonTarget	1	395784
1546.1558853727556	1.0	NonTarget	1	395816
1546.280885343277	1.0	NonTarget	1	395848
1546.4058853137988	1.0	NonTarget	1	395880
1546.5308852843202	1.0	NonTarget	1	395912
1546.6558852548417	1.0	NonTarget	1	395944
1546.7808852253631	1.0	NonTarget	1	395976
1546.9058851958846	1.0	NonTarget	1	396008
1547.030885166406	1.0	NonTarget	1	396040
1547.1558851369275	1.0	NonTarget	1	396072
1547.280885107449	1.0	NonTarget	1	396104
1547.4058850779704	1.0	NonTarget	1	396136
1547.5308850484919	1.0	NonTarget	1	396168
1547.6558850190133	1.0	NonTarget	1	396200
1547.7808849895348	1.0	NonTarget	1	396232
1547.9058849600563	1.0	NonTarget	1	396264
1548.030884930578	1.0	NonTarget	1	396296
1548.1558849010994	1.0	NonTarget	1	396328
1548.2808848716209	1.0	NonTarget	1	396360
1548.4058848421423	1.0	NonTarget	1	396392
1548.5308848126638	1.0	NonTarget	1	396424
1548.6558847831852	1.0	NonTarget	1	396456
1548.7808847537067	1.0	NonTarget	1	396488
1548.9058847242281	1.0	NonTarget	1	396520
1549.0308846947496	1.0	NonTarget	1	396552
1549.155884665271	1.0	NonTarget	1	396584
1549.2808846357925	1.0	NonTarget	1	396616
1549.405884606314	1.0	NonTarget	1	396648
1549.5308845768354	1.0	NonTarget	1	396680
1549.6558845473571	1.0	NonTarget	1	396712
1549.7808845178786	1.0	NonTarget	1	396744
1549.9058844884	1.0	NonTarget	1	396776
1550.0308844589215	1.0	NonTarget	1	396808
1550.155884429443	1.0	NonTarget	1	396840
1550.2808843999644	1.0	NonTarget	1	396872
1550.4058843704859	1.0	NonTarget	1	396904
1550.5308843410073	1.0	NonTarget	1	396936
1550.6558843115288	1.0	NonTarget	1	396968
1550.7808842820502	1.0	NonTarget	1	397000
1550.9058842525717	1.0	NonTarget	1	397032
1551.0308842230932	1.0	NonTarget	1	397064
1551.1558841936146	1.0	NonTarget	1	397096
1551.2808841641363	1.0	NonTarget	1	397128
1551.4058841346578	1.0	NonTarget	1	397160
1551.5308841051792	1.0	NonTarget	1	397192
1551.6558840757007	1.0	NonTarget	1	397224
1551.7808840462221	1.0	NonTarget	1	397256
1551.9058840167436	1.0	NonTarget	1	397288
1552.030883987265	1.0	NonTarget	1	397320
1552.1558839577865	1.0	NonTarget	1	397352
1552.280883928308	1.0	NonTarget	1	397384
1552.4058838988294	1.0	NonTarget	1	397416
1558.5308824543818	1.0	NonTarget	1	398984
1558.6558824249032	1.0	NonTarget	1	399016
1558.7808823954247	1.0	NonTarget	1	399048
1558.9058823659461	1.0	NonTarget	1	399080
1559.0308823364676	1.0	NonTarget	1	399112
1559.155882306989	1.0	NonTarget	1	399144
1559.2808822775105	1.0	NonTarget	1	399176
1559.405882248032	1.0	NonTarget	1	399208
1559.5308822185536	1.0	NonTarget	1	399240
1559.655882189075	1.0	NonTarget	1	399272
1559.7808821595966	1.0	NonTarget	1	399304
1559.905882130118	1.0	NonTarget	1	399336
1560.0308821006395	1.0	NonTarget	1	399368
1560.155882071161	1.0	NonTarget	1	399400
1560.2808820416824	1.0	NonTarget	1	399432
1560.4058820122038	1.0	NonTarget	1	399464
1560.5308819827253	1.0	NonTarget	1	399496
1560.6558819532468	1.0	NonTarget	1	399528
1560.7808819237682	1.0	NonTarget	1	399560
1560.9058818942897	1.0	NonTarget	1	399592
1561.0308818648111	1.0	NonTarget	1	399624
1561.1558818353328	1.0	NonTarget	1	399656
1561.2808818058543	1.0	NonTarget	1	399688
1561.4058817763757	1.0	NonTarget	1	399720
1561.5308817468972	1.0	NonTarget	1	399752
1561.6558817174187	1.0	NonTarget	1	399784
1561.78088168794	1.0	NonTarget	1	399816
1561.9058816584616	1.0	NonTarget	1	399848
1562.030881628983	1.0	NonTarget	1	399880
1562.1558815995045	1.0	NonTarget	1	399912
1562.280881570026	1.0	NonTarget	1	399944
1562.4058815405474	1.0	NonTarget	1	399976
1562.5308815110689	1.0	NonTarget	1	400008
1562.6558814815903	1.0	NonTarget	1	400040
1562.780881452112	1.0	NonTarget	1	400072
1562.9058814226335	1.0	NonTarget	1	400104
1563.030881393155	1.0	NonTarget	1	400136
1563.1558813636764	1.0	NonTarget	1	400168
1563.2808813341978	1.0	NonTarget	1	400200
1563.4058813047193	1.0	NonTarget	1	400232
1563.5308812752407	1.0	NonTarget	1	400264
1563.6558812457622	1.0	NonTarget	1	400296
1563.7808812162837	1.0	NonTarget	1	400328
1563.9058811868051	1.0	NonTarget	1	400360
1564.0308811573266	1.0	NonTarget	1	400392
1564.155881127848	1.0	NonTarget	1	400424
1564.2808810983695	1.0	NonTarget	1	400456
1564.4058810688912	1.0	NonTarget	1	400488
1564.5308810394126	1.0	NonTarget	1	400520
1564.655881009934	1.0	NonTarget	1	400552
1564.7808809804555	1.0	NonTarget	1	400584
1564.905880950977	1.0	NonTarget	1	400616
1565.0308809214985	1.0	NonTarget	1	400648
1565.15588089202	1.0	NonTarget	1	400680
1565.2808808625414	1.0	NonTarget	1	400712
1565.4058808330628	1.0	NonTarget	1	400744
1565.5308808035843	1.0	NonTarget	1	400776
1565.6558807741058	1.0	NonTarget	1	400808
1565.7808807446272	1.0	NonTarget	1	400840
1565.9058807151487	1.0	NonTarget	1	400872
1566.0308806856704	1.0	NonTarget	1	400904
1566.1558806561918	1.0	NonTarget	1	400936
1566.2808806267133	1.0	NonTarget	1	400968
1566.4058805972347	1.0	NonTarget	1	401000
1566.5308805677562	1.0	NonTarget	1	401032
1566.6558805382776	1.0	NonTarget	1	401064
1566.780880508799	1.0	NonTarget	1	401096
1566.9058804793206	1.0	NonTarget	1	401128
1567.030880449842	1.0	NonTarget	1	401160
1567.1558804203635	1.0	NonTarget	1	401192
1567.280880390885	1.0	NonTarget	1	401224
1567.4058803614064	1.0	NonTarget	1	401256
1567.5308803319278	1.0	NonTarget	1	401288
1567.6558803024495	1.0	NonTarget	1	401320
1567.780880272971	1.0	NonTarget	1	401352
1567.9058802434924	1.0	NonTarget	1	401384
1568.030880214014	1.0	NonTarget	1	401416
1568.1558801845354	1.0	NonTarget	1	401448
1568.2808801550568	1.0	NonTarget	1	401480
1568.4058801255783	1.0	NonTarget	1	401512
1568.5308800960997	1.0	NonTarget	1	401544
1568.6558800666212	1.0	NonTarget	1	401576
1568.7808800371427	1.0	NonTarget	1	401608
1568.905880007664	1.0	NonTarget	1	401640
1569.0308799781856	1.0	NonTarget	1	401672
1569.155879948707	1.0	NonTarget	1	401704
1569.2808799192287	1.0	NonTarget	1	401736
1569.4058798897502	1.0	NonTarget	1	401768
1569.5308798602716	1.0	NonTarget	1	401800
1569.655879830793	1.0	NonTarget	1	401832
1569.7808798013145	1.0	NonTarget	1	401864
1569.905879771836	1.0	NonTarget	1	401896
1570.0308797423575	1.0	NonTarget	1	401928
1570.155879712879	1.0	NonTarget	1	401960
1570.2808796834004	1.0	NonTarget	1	401992
1570.4058796539218	1.0	NonTarget	1	402024
1570.5308796244433	1.0	NonTarget	1	402056
1570.6558795949647	1.0	NonTarget	1	402088
1570.7808795654862	1.0	NonTarget	1	402120
1570.905879536008	1.0	NonTarget	1	402152
1571.0308795065293	1.0	NonTarget	1	402184
1571.1558794770508	1.0	NonTarget	1	402216
1571.2808794475723	1.0	NonTarget	1	402248
1571.4058794180937	1.0	NonTarget	1	402280
1571.5308793886152	1.0	NonTarget	1	402312
1571.6558793591366	1.0	NonTarget	1	402344
1571.780879329658	1.0	NonTarget	1	402376
1571.9058793001795	1.0	NonTarget	1	402408
1572.030879270701	1.0	NonTarget	1	402440
1572.1558792412225	1.0	NonTarget	1	402472
1572.280879211744	1.0	NonTarget	1	402504
1572.4058791822654	1.0	NonTarget	1	402536
1572.530879152787	1.0	NonTarget	1	402568
1572.6558791233085	1.0	NonTarget	1	402600
1572.78087909383	1.0	NonTarget	1	402632
1572.9058790643514	1.0	NonTarget	1	402664
1573.030879034873	1.0	NonTarget	1	402696
1573.1558790053944	1.0	NonTarget	1	402728
1573.2808789759158	1.0	NonTarget	1	402760
1573.4058789464373	1.0	NonTarget	1	402792
1579.5308775019896	1.0	NonTarget	1	404360
1579.655877472511	1.0	NonTarget	1	404392
1579.7808774430325	1.0	NonTarget	1	404424
1579.905877413554	1.0	NonTarget	1	404456
1580.0308773840754	1.0	NonTarget	1	404488
1580.155877354597	1.0	NonTarget	1	404520
1580.2808773251184	1.0	NonTarget	1	404552
1580.4058772956398	1.0	NonTarget	1	404584
1580.5308772661613	1.0	NonTarget	1	404616
1580.6558772366827	1.0	NonTarget	1	404648
1580.7808772072044	1.0	NonTarget	1	404680
1580.9058771777259	1.0	NonTarget	1	404712
1581.0308771482473	1.0	NonTarget	1	404744
1581.1558771187688	1.0	NonTarget	1	404776
1581.2808770892902	1.0	NonTarget	1	404808
1581.4058770598117	1.0	NonTarget	1	404840
1581.5308770303332	1.0	NonTarget	1	404872
1581.6558770008546	1.0	NonTarget	1	404904
1581.780876971376	1.0	NonTarget	1	404936
1581.9058769418975	1.0	NonTarget	1	404968
1582.030876912419	1.0	NonTarget	1	405000
1582.1558768829404	1.0	NonTarget	1	405032
1582.280876853462	1.0	NonTarget	1	405064
1582.4058768239836	1.0	NonTarget	1	405096
1582.530876794505	1.0	NonTarget	1	405128
1582.6558767650265	1.0	NonTarget	1	405160
1582.780876735548	1.0	NonTarget	1	405192
1582.9058767060694	1.0	NonTarget	1	405224
1583.0308766765909	1.0	NonTarget	1	405256
1583.1558766471123	1.0	NonTarget	1	405288
1583.2808766176338	1.0	NonTarget	1	405320
1583.4058765881553	1.0	NonTarget	1	405352
1583.5308765586767	1.0	NonTarget	1	405384
1583.6558765291982	1.0	NonTarget	1	405416
1583.7808764997196	1.0	NonTarget	1	405448
1583.905876470241	1.0	NonTarget	1	405480
1584.0308764407628	1.0	NonTarget	1	405512
1584.1558764112842	1.0	NonTarget	1	405544
1584.2808763818057	1.0	NonTarget	1	405576
1584.4058763523271	1.0	NonTarget	1	405608
1584.5308763228486	1.0	NonTarget	1	405640
1584.65587629337	1.0	NonTarget	1	405672
1584.7808762638915	1.0	NonTarget	1	405704
1584.905876234413	1.0	NonTarget	1	405736
1585.0308762049344	1.0	NonTarget	1	405768
1585.155876175456	1.0	NonTarget	1	405800
1585.2808761459773	1.0	NonTarget	1	405832
1585.4058761164988	1.0	NonTarget	1	405864
1585.5308760870203	1.0	NonTarget	1	405896
1585.655876057542	1.0	NonTarget	1	405928
1585.7808760280634	1.0	NonTarget	1	405960
1585.9058759985849	1.0	NonTarget	1	405992
1586.0308759691063	1.0	NonTarget	1	406024
1586.1558759396278	1.0	NonTarget	1	406056
1586.2808759101492	1.0	NonTarget	1	406088
1586.4058758806707	1.0	NonTarget	1	406120
1586.5308758511921	1.0	NonTarget	1	406152
1586.6558758217136	1.0	NonTarget	1	406184
1586.780875792235	1.0	NonTarget	1	406216
1586.9058757627565	1.0	NonTarget	1	406248
1587.030875733278	1.0	NonTarget	1	406280
1587.1558757037994	1.0	NonTarget	1	406312
1587.2808756743211	1.0	NonTarget	1	406344
1587.4058756448426	1.0	NonTarget	1	406376
1587.530875615364	1.0	NonTarget	1	406408
1587.6558755858855	1.0	NonTarget	1	406440
1587.780875556407	1.0	NonTarget	1	406472
1587.9058755269284	1.0	NonTarget	1	406504
1588.0308754974499	1.0	NonTarget	1	406536
1588.1558754679713	1.0	NonTarget	1	406568
1588.2808754384928	1.0	NonTarget	1	406600
1588.4058754090142	1.0	NonTarget	1	406632
1588.5308753795357	1.0	NonTarget	1	406664
1588.6558753500572	1.0	NonTarget	1	406696
1588.7808753205786	1.0	NonTarget	1	406728
1588.9058752911003	1.0	NonTarget	1	406760
1589.0308752616218	1.0	NonTarget	1	406792
1589.1558752321432	1.0	NonTarget	1	406824
1589.2808752026647	1.0	NonTarget	1	406856
1589.4058751731861	1.0	NonTarget	1	406888
1589.5308751437076	1.0	NonTarget	1	406920
1589.655875114229	1.0	NonTarget	1	406952
1589.7808750847505	1.0	NonTarget	1	406984
1589.905875055272	1.0	NonTarget	1	407016
1590.0308750257934	1.0	NonTarget	1	407048
1590.1558749963149	1.0	NonTarget	1	407080
1590.2808749668363	1.0	NonTarget	1	407112
1590.4058749373578	1.0	NonTarget	1	407144
1590.5308749078795	1.0	NonTarget	1	407176
1590.655874878401	1.0	NonTarget	1	407208
1590.7808748489224	1.0	NonTarget	1	407240
1590.9058748194439	1.0	NonTarget	1	407272
1591.0308747899653	1.0	NonTarget	1	407304
1591.1558747604868	1.0	NonTarget	1	407336
1591.2808747310082	1.0	NonTarget	1	407368
1591.4058747015297	1.0	NonTarget	1	407400
1591.5308746720511	1.0	NonTarget	1	407432
1591.6558746425726	1.0	NonTarget	1	407464
1591.780874613094	1.0	NonTarget	1	407496
1591.9058745836155	1.0	NonTarget	1	407528
1592.030874554137	1.0	NonTarget	1	407560
1592.1558745246587	1.0	NonTarget	1	407592
1592.2808744951801	1.0	NonTarget	1	407624
1592.4058744657016	1.0	NonTarget	1	407656
1592.530874436223	1.0	NonTarget	1	407688
1592.6558744067445	1.0	NonTarget	1	407720
1592.780874377266	1.0	NonTarget	1	407752
1592.9058743477874	1.0	NonTarget	1	407784
1593.0308743183089	1.0	NonTarget	1	407816
1593.1558742888303	1.0	NonTarget	1	407848
1593.2808742593518	1.0	NonTarget	1	407880
1593.4058742298732	1.0	NonTarget	1	407912
1593.5308742003947	1.0	NonTarget	1	407944
1593.6558741709161	1.0	NonTarget	1	407976
1593.7808741414376	1.0	NonTarget	1	408008
1593.9058741119593	1.0	NonTarget	1	408040
1594.0308740824808	1.0	NonTarget	1	408072
1594.1558740530022	1.0	NonTarget	1	408104
1594.2808740235237	1.0	NonTarget	1	408136
1594.4058739940451	1.0	NonTarget	1	408168
1600.5308725495975	1.0	NonTarget	1	409736
1600.655872520119	1.0	NonTarget	1	409768
1600.7808724906404	1.0	NonTarget	1	409800
1600.9058724611618	1.0	NonTarget	1	409832
1601.0308724316833	1.0	NonTarget	1	409864
1601.1558724022047	1.0	NonTarget	1	409896
1601.2808723727262	1.0	NonTarget	1	409928
1601.4058723432477	1.0	NonTarget	1	409960
1601.5308723137691	1.0	NonTarget	1	409992
1601.6558722842906	1.0	NonTarget	1	410024
1601.780872254812	1.0	NonTarget	1	410056
1601.9058722253335	1.0	NonTarget	1	410088
1602.0308721958552	1.0	NonTarget	1	410120
1602.1558721663766	1.0	NonTarget	1	410152
1602.280872136898	1.0	NonTarget	1	410184
1602.4058721074196	1.0	NonTarget	1	410216
1602.530872077941	1.0	NonTarget	1	410248
1602.6558720484625	1.0	NonTarget	1	410280
1602.780872018984	1.0	NonTarget	1	410312
1602.9058719895054	1.0	NonTarget	1	410344
1603.0308719600268	1.0	NonTarget	1	410376
1603.1558719305483	1.0	NonTarget	1	410408
1603.2808719010698	1.0	NonTarget	1	410440
1603.4058718715912	1.0	NonTarget	1	410472
1603.5308718421127	1.0	NonTarget	1	410504
1603.6558718126344	1.0	NonTarget	1	410536
1603.7808717831558	1.0	NonTarget	1	410568
1603.9058717536773	1.0	NonTarget	1	410600
1604.0308717241987	1.0	NonTarget	1	410632
1604.1558716947202	1.0	NonTarget	1	410664
1604.2808716652416	1.0	NonTarget	1	410696
1604.405871635763	1.0	NonTarget	1	410728
1604.5308716062846	1.0	NonTarget	1	410760
1604.655871576806	1.0	NonTarget	1	410792
1604.7808715473275	1.0	NonTarget	1	410824
1604.905871517849	1.0	NonTarget	1	410856
1605.0308714883704	1.0	NonTarget	1	410888
1605.1558714588919	1.0	NonTarget	1	410920
1605.2808714294135	1.0	NonTarget	1	410952
1605.405871399935	1.0	NonTarget	1	410984
1605.5308713704565	1.0	NonTarget	1	411016
1605.655871340978	1.0	NonTarget	1	411048
1605.7808713114994	1.0	NonTarget	1	411080
1605.9058712820208	1.0	NonTarget	1	411112
1606.0308712525423	1.0	NonTarget	1	411144
1606.1558712230637	1.0	NonTarget	1	411176
1606.2808711935852	1.0	NonTarget	1	411208
1606.4058711641067	1.0	NonTarget	1	411240
1606.5308711346281	1.0	NonTarget	1	411272
1606.6558711051496	1.0	NonTarget	1	411304
1606.780871075671	1.0	NonTarget	1	411336
1606.9058710461927	1.0	NonTarget	1	411368
1607.0308710167142	1.0	NonTarget	1	411400
1607.1558709872356	1.0	NonTarget	1	411432
1607.280870957757	1.0	NonTarget	1	411464
1607.4058709282785	1.0	NonTarget	1	411496
1607.5308708988	1.0	NonTarget	1	411528
1607.6558708693215	1.0	NonTarget	1	411560
1607.780870839843	1.0	NonTarget	1	411592
1607.9058708103644	1.0	NonTarget	1	411624
1608.0308707808858	1.0	NonTarget	1	411656
1608.1558707514073	1.0	NonTarget	1	411688
1608.2808707219287	1.0	NonTarget	1	411720
1608.4058706924502	1.0	NonTarget	1	411752
1608.530870662972	1.0	NonTarget	1	411784
1608.6558706334934	1.0	NonTarget	1	411816
1608.7808706040148	1.0	NonTarget	1	411848
1608.9058705745363	1.0	NonTarget	1	411880
1609.0308705450577	1.0	NonTarget	1	411912
1609.1558705155792	1.0	NonTarget	1	411944
1609.2808704861006	1.0	NonTarget	1	411976
1609.405870456622	1.0	NonTarget	1	412008
1609.5308704271436	1.0	NonTarget	1	412040
1609.655870397665	1.0	NonTarget	1	412072
1609.7808703681865	1.0	NonTarget	1	412104
1609.905870338708	1.0	NonTarget	1	412136
1610.0308703092294	1.0	NonTarget	1	412168
1610.1558702797508	1.0	NonTarget	1	412200
1610.2808702502725	1.0	NonTarget	1	412232
1610.405870220794	1.0	NonTarget	1	412264
1610.5308701913154	1.0	NonTarget	1	412296
1610.655870161837	1.0	NonTarget	1	412328
1610.7808701323584	1.0	NonTarget	1	412360
1610.9058701028798	1.0	NonTarget	1	412392
1611.0308700734013	1.0	NonTarget	1	412424
1611.1558700439227	1.0	NonTarget	1	412456
1611.2808700144442	1.0	NonTarget	1	412488
1611.4058699849656	1.0	NonTarget	1	412520
1611.530869955487	1.0	NonTarget	1	412552
1611.6558699260086	1.0	NonTarget	1	412584
1611.78086989653	1.0	NonTarget	1	412616
1611.9058698670517	1.0	NonTarget	1	412648
1612.0308698375732	1.0	NonTarget	1	412680
1612.1558698080946	1.0	NonTarget	1	412712
1612.280869778616	1.0	NonTarget	1	412744
1612.4058697491375	1.0	NonTarget	1	412776
1612.530869719659	1.0	NonTarget	1	412808
1612.6558696901805	1.0	NonTarget	1	412840
1612.780869660702	1.0	NonTarget	1	412872
1612.9058696312234	1.0	NonTarget	1	412904
1613.0308696017448	1.0	NonTarget	1	412936
1613.1558695722663	1.0	NonTarget	1	412968
1613.2808695427877	1.0	NonTarget	1	413000
1613.4058695133092	1.0	NonTarget	1	413032
1613.5308694838309	1.0	NonTarget	1	413064
1613.6558694543523	1.0	NonTarget	1	413096
1613.7808694248738	1.0	NonTarget	1	413128
1613.9058693953953	1.0	NonTarget	1	413160
1614.0308693659167	1.0	NonTarget	1	413192
1614.1558693364382	1.0	NonTarget	1	413224
1614.2808693069596	1.0	NonTarget	1	413256
1614.405869277481	1.0	NonTarget	1	413288
1614.5308692480025	1.0	NonTarget	1	413320
1614.655869218524	1.0	NonTarget	1	413352
1614.7808691890455	1.0	NonTarget	1	413384
1614.905869159567	1.0	NonTarget	1	413416
1615.0308691300884	1.0	NonTarget	1	413448
1615.15586910061	1.0	NonTarget	1	413480
1615.2808690711315	1.0	NonTarget	1	413512
1615.405869041653	1.0	NonTarget	1	413544
1621.530867597205	1.0	NonTarget	1	415112
1621.6558675677268	1.0	NonTarget	1	415144
1621.7808675382482	1.0	NonTarget	1	415176
1621.9058675087697	1.0	NonTarget	1	415208
1622.0308674792911	1.0	NonTarget	1	415240
1622.1558674498126	1.0	NonTarget	1	415272
1622.280867420334	1.0	NonTarget	1	415304
1622.4058673908555	1.0	NonTarget	1	415336
1622.530867361377	1.0	NonTarget	1	415368
1622.6558673318984	1.0	NonTarget	1	415400
1622.78086730242	1.0	NonTarget	1	415432
1622.9058672729414	1.0	NonTarget	1	415464
1623.0308672434628	1.0	NonTarget	1	415496
1623.1558672139843	1.0	NonTarget	1	415528
1623.280867184506	1.0	NonTarget	1	415560
1623.4058671550274	1.0	NonTarget	1	415592
1623.5308671255489	1.0	NonTarget	1	415624
1623.6558670960703	1.0	NonTarget	1	415656
1623.7808670665918	1.0	NonTarget	1	415688
1623.9058670371132	1.0	NonTarget	1	415720
1624.0308670076347	1.0	NonTarget	1	415752
1624.1558669781562	1.0	NonTarget	1	415784
1624.2808669486776	1.0	NonTarget	1	415816
1624.405866919199	1.0	NonTarget	1	415848
1624.5308668897205	1.0	NonTarget	1	415880
1624.655866860242	1.0	NonTarget	1	415912
1624.7808668307634	1.0	NonTarget	1	415944
1624.9058668012851	1.0	NonTarget	1	415976
1625.0308667718066	1.0	NonTarget	1	416008
1625.155866742328	1.0	NonTarget	1	416040
1625.2808667128495	1.0	NonTarget	1	416072
1625.405866683371	1.0	NonTarget	1	416104
1625.5308666538924	1.0	NonTarget	1	416136
1625.6558666244139	1.0	NonTarget	1	416168
1625.7808665949353	1.0	NonTarget	1	416200
1625.9058665654568	1.0	NonTarget	1	416232
1626.0308665359782	1.0	NonTarget	1	416264
1626.1558665064997	1.0	NonTarget	1	416296
1626.2808664770212	1.0	NonTarget	1	416328
1626.4058664475426	1.0	NonTarget	1	416360
1626.530866418064	1.0	NonTarget	1	416392
1626.6558663885858	1.0	NonTarget	1	416424
1626.7808663591072	1.0	NonTarget	1	416456
1626.9058663296287	1.0	NonTarget	1	416488
1627.0308663001501	1.0	NonTarget	1	416520
1627.1558662706716	1.0	NonTarget	1	416552
1627.280866241193	1.0	NonTarget	1	416584
1627.4058662117145	1.0	NonTarget	1	416616
1627.530866182236	1.0	NonTarget	1	416648
1627.6558661527574	1.0	NonTarget	1	416680
1627.7808661232789	1.0	NonTarget	1	416712
1627.9058660938003	1.0	NonTarget	1	416744
1628.0308660643218	1.0	NonTarget	1	416776
1628.1558660348433	1.0	NonTarget	1	416808
1628.280866005365	1.0	NonTarget	1	416840
1628.4058659758864	1.0	NonTarget	1	416872
1628.5308659464079	1.0	NonTarget	1	416904
1628.6558659169293	1.0	NonTarget	1	416936
1628.7808658874508	1.0	NonTarget	1	416968
1628.9058658579722	1.0	NonTarget	1	417000
1629.0308658284937	1.0	NonTarget	1	417032
1629.1558657990151	1.0	NonTarget	1	417064
1629.2808657695366	1.0	NonTarget	1	417096
1629.405865740058	1.0	NonTarget	1	417128
1629.5308657105795	1.0	NonTarget	1	417160
1629.655865681101	1.0	NonTarget	1	417192
1629.7808656516224	1.0	NonTarget	1	417224
1629.9058656221441	1.0	NonTarget	1	417256
1630.0308655926656	1.0	NonTarget	1	417288
1630.155865563187	1.0	NonTarget	1	417320
1630.2808655337085	1.0	NonTarget	1	417352
1630.40586550423	1.0	NonTarget	1	417384
1630.5308654747514	1.0	NonTarget	1	417416
1630.6558654452729	1.0	NonTarget	1	417448
1630.7808654157943	1.0	NonTarget	1	417480
1630.9058653863158	1.0	NonTarget	1	417512
1631.0308653568372	1.0	NonTarget	1	417544
1631.1558653273587	1.0	NonTarget	1	417576
1631.2808652978802	1.0	NonTarget	1	417608
1631.4058652684016	1.0	NonTarget	1	417640
1631.5308652389233	1.0	NonTarget	1	417672
1631.6558652094448	1.0	NonTarget	1	417704
1631.7808651799662	1.0	NonTarget	1	417736
1631.9058651504877	1.0	NonTarget	1	417768
1632.0308651210091	1.0	NonTarget	1	417800
1632.1558650915306	1.0	NonTarget	1	417832
1632.280865062052	1.0	NonTarget	1	417864
1632.4058650325735	1.0	NonTarget	1	417896
1632.530865003095	1.0	NonTarget	1	417928
1632.6558649736164	1.0	NonTarget	1	417960
1632.7808649441379	1.0	NonTarget	1	417992
1632.9058649146593	1.0	NonTarget	1	418024
1633.0308648851808	1.0	NonTarget	1	418056
1633.1558648557025	1.0	NonTarget	1	418088
1633.280864826224	1.0	NonTarget	1	418120
1633.4058647967454	1.0	NonTarget	1	418152
1633.5308647672668	1.0	NonTarget	1	418184
1633.6558647377883	1.0	NonTarget	1	418216
1633.7808647083098	1.0	NonTarget	1	418248
1633.9058646788312	1.0	NonTarget	1	418280
1634.0308646493527	1.0	NonTarget	1	418312
1634.1558646198741	1.0	NonTarget	1	418344
1634.2808645903956	1.0	NonTarget	1	418376
1634.405864560917	1.0	NonTarget	1	418408
1634.5308645314385	1.0	NonTarget	1	418440
1634.65586450196	1.0	NonTarget	1	418472
1634.7808644724817	1.0	NonTarget	1	418504
1634.905864443003	1.0	NonTarget	1	418536
1635.0308644135246	1.0	NonTarget	1	418568
1635.155864384046	1.0	NonTarget	1	418600
1635.2808643545675	1.0	NonTarget	1	418632
1635.405864325089	1.0	NonTarget	1	418664
1635.5308642956104	1.0	NonTarget	1	418696
1635.6558642661319	1.0	NonTarget	1	418728
1635.7808642366533	1.0	NonTarget	1	418760
1635.9058642071748	1.0	NonTarget	1	418792
1636.0308641776962	1.0	NonTarget	1	418824
1636.1558641482177	1.0	NonTarget	1	418856
1636.2808641187391	1.0	NonTarget	1	418888
1636.4058640892608	1.0	NonTarget	1	418920
1642.530862644813	1.0	NonTarget	1	420488
1642.6558626153344	1.0	NonTarget	1	420520
1642.7808625858559	1.0	NonTarget	1	420552
1642.9058625563775	1.0	NonTarget	1	420584
1643.030862526899	1.0	NonTarget	1	420616
1643.1558624974205	1.0	NonTarget	1	420648
1643.280862467942	1.0	NonTarget	1	420680
1643.4058624384634	1.0	NonTarget	1	420712
1643.5308624089848	1.0	NonTarget	1	420744
1643.6558623795063	1.0	NonTarget	1	420776
1643.7808623500277	1.0	NonTarget	1	420808
1643.9058623205492	1.0	NonTarget	1	420840
1644.0308622910707	1.0	NonTarget	1	420872
1644.1558622615921	1.0	NonTarget	1	420904
1644.2808622321136	1.0	NonTarget	1	420936
1644.405862202635	1.0	NonTarget	1	420968
1644.5308621731565	1.0	NonTarget	1	421000
1644.6558621436782	1.0	NonTarget	1	421032
1644.7808621141996	1.0	NonTarget	1	421064
1644.905862084721	1.0	NonTarget	1	421096
1645.0308620552426	1.0	NonTarget	1	421128
1645.155862025764	1.0	NonTarget	1	421160
1645.2808619962855	1.0	NonTarget	1	421192
1645.405861966807	1.0	NonTarget	1	421224
1645.5308619373284	1.0	NonTarget	1	421256
1645.6558619078498	1.0	NonTarget	1	421288
1645.7808618783713	1.0	NonTarget	1	421320
1645.9058618488928	1.0	NonTarget	1	421352
1646.0308618194142	1.0	NonTarget	1	421384
1646.1558617899357	1.0	NonTarget	1	421416
1646.2808617604574	1.0	NonTarget	1	421448
1646.4058617309788	1.0	NonTarget	1	421480
1646.5308617015003	1.0	NonTarget	1	421512
1646.6558616720217	1.0	NonTarget	1	421544
1646.7808616425432	1.0	NonTarget	1	421576
1646.9058616130646	1.0	NonTarget	1	421608
1647.030861583586	1.0	NonTarget	1	421640
1647.1558615541076	1.0	NonTarget	1	421672
1647.280861524629	1.0	NonTarget	1	421704
1647.4058614951505	1.0	NonTarget	1	421736
1647.530861465672	1.0	NonTarget	1	421768
1647.6558614361934	1.0	NonTarget	1	421800
1647.7808614067148	1.0	NonTarget	1	421832
1647.9058613772365	1.0	NonTarget	1	421864
1648.030861347758	1.0	NonTarget	1	421896
1648.1558613182794	1.0	NonTarget	1	421928
1648.280861288801	1.0	NonTarget	1	421960
1648.4058612593224	1.0	NonTarget	1	421992
1648.5308612298438	1.0	NonTarget	1	422024
1648.6558612003653	1.0	NonTarget	1	422056
1648.7808611708867	1.0	NonTarget	1	422088
1648.9058611414082	1.0	NonTarget	1	422120
1649.0308611119297	1.0	NonTarget	1	422152
1649.155861082451	1.0	NonTarget	1	422184
1649.2808610529726	1.0	NonTarget	1	422216
1649.405861023494	1.0	NonTarget	1	422248
1649.5308609940157	1.0	NonTarget	1	422280
1649.6558609645372	1.0	NonTarget	1	422312
1649.7808609350586	1.0	NonTarget	1	422344
1649.90586090558	1.0	NonTarget	1	422376
1650.0308608761015	1.0	NonTarget	1	422408
1650.155860846623	1.0	NonTarget	1	422440
1650.2808608171445	1.0	NonTarget	1	422472
1650.405860787666	1.0	NonTarget	1	422504
1650.5308607581874	1.0	NonTarget	1	422536
1650.6558607287088	1.0	NonTarget	1	422568
1650.7808606992303	1.0	NonTarget	1	422600
1650.9058606697517	1.0	NonTarget	1	422632
1651.0308606402732	1.0	NonTarget	1	422664
1651.155860610795	1.0	NonTarget	1	422696
1651.2808605813163	1.0	NonTarget	1	422728
1651.4058605518378	1.0	NonTarget	1	422760
1651.5308605223593	1.0	NonTarget	1	422792
1651.6558604928807	1.0	NonTarget	1	422824
1651.7808604634022	1.0	NonTarget	1	422856
1651.9058604339236	1.0	NonTarget	1	422888
1652.030860404445	1.0	NonTarget	1	422920
1652.1558603749666	1.0	NonTarget	1	422952
1652.280860345488	1.0	NonTarget	1	422984
1652.4058603160095	1.0	NonTarget	1	423016
1652.530860286531	1.0	NonTarget	1	423048
1652.6558602570524	1.0	NonTarget	1	423080
1652.780860227574	1.0	NonTarget	1	423112
1652.9058601980955	1.0	NonTarget	1	423144
1653.030860168617	1.0	NonTarget	1	423176
1653.1558601391384	1.0	NonTarget	1	423208
1653.28086010966	1.0	NonTarget	1	423240
1653.4058600801814	1.0	NonTarget	1	423272
1653.5308600507028	1.0	NonTarget	1	423304
1653.6558600212243	1.0	NonTarget	1	423336
1653.7808599917457	1.0	NonTarget	1	423368
1653.9058599622672	1.0	NonTarget	1	423400
1654.0308599327886	1.0	NonTarget	1	423432
1654.15585990331	1.0	NonTarget	1	423464
1654.2808598738316	1.0	NonTarget	1	423496
1654.4058598443532	1.0	NonTarget	1	423528
1654.5308598148747	1.0	NonTarget	1	423560
1654.6558597853962	1.0	NonTarget	1	423592
1654.7808597559176	1.0	NonTarget	1	423624
1654.905859726439	1.0	NonTarget	1	423656
1655.0308596969605	1.0	NonTarget	1	423688
1655.155859667482	1.0	NonTarget	1	423720
1655.2808596380034	1.0	NonTarget	1	423752
1655.405859608525	1.0	NonTarget	1	423784
1655.5308595790464	1.0	NonTarget	1	423816
1655.6558595495678	1.0	NonTarget	1	423848
1655.7808595200893	1.0	NonTarget	1	423880
1655.9058594906107	1.0	NonTarget	1	423912
1656.0308594611324	1.0	NonTarget	1	423944
1656.1558594316539	1.0	NonTarget	1	423976
1656.2808594021753	1.0	NonTarget	1	424008
1656.4058593726968	1.0	NonTarget	1	424040
1656.5308593432183	1.0	NonTarget	1	424072
1656.6558593137397	1.0	NonTarget	1	424104
1656.7808592842612	1.0	NonTarget	1	424136
1656.9058592547826	1.0	NonTarget	1	424168
1657.030859225304	1.0	NonTarget	1	424200
1657.1558591958255	1.0	NonTarget	1	424232
1657.280859166347	1.0	NonTarget	1	424264
1657.4058591368685	1.0	NonTarget	1	424296
1663.5308576924208	1.0	NonTarget	1	425864
1663.6558576629423	1.0	NonTarget	1	425896
1663.7808576334637	1.0	NonTarget	1	425928
1663.9058576039852	1.0	NonTarget	1	425960
1664.0308575745066	1.0	NonTarget	1	425992
1664.155857545028	1.0	NonTarget	1	426024
1664.2808575155498	1.0	NonTarget	1	426056
1664.4058574860712	1.0	NonTarget	1	426088
1664.5308574565927	1.0	NonTarget	1	426120
1664.6558574271141	1.0	NonTarget	1	426152
1664.7808573976356	1.0	NonTarget	1	426184
1664.905857368157	1.0	NonTarget	1	426216
1665.0308573386785	1.0	NonTarget	1	426248
1665.1558573092	1.0	NonTarget	1	426280
1665.2808572797214	1.0	NonTarget	1	426312
1665.405857250243	1.0	NonTarget	1	426344
1665.5308572207643	1.0	NonTarget	1	426376
1665.6558571912858	1.0	NonTarget	1	426408
1665.7808571618073	1.0	NonTarget	1	426440
1665.905857132329	1.0	NonTarget	1	426472
1666.0308571028504	1.0	NonTarget	1	426504
1666.1558570733719	1.0	NonTarget	1	426536
1666.2808570438933	1.0	NonTarget	1	426568
1666.4058570144148	1.0	NonTarget	1	426600
1666.5308569849362	1.0	NonTarget	1	426632
1666.6558569554577	1.0	NonTarget	1	426664
1666.7808569259792	1.0	NonTarget	1	426696
1666.9058568965006	1.0	NonTarget	1	426728
1667.030856867022	1.0	NonTarget	1	426760
1667.1558568375435	1.0	NonTarget	1	426792
1667.280856808065	1.0	NonTarget	1	426824
1667.4058567785864	1.0	NonTarget	1	426856
1667.5308567491081	1.0	NonTarget	1	426888
1667.6558567196296	1.0	NonTarget	1	426920
1667.780856690151	1.0	NonTarget	1	426952
1667.9058566606725	1.0	NonTarget	1	426984
1668.030856631194	1.0	NonTarget	1	427016
1668.1558566017154	1.0	NonTarget	1	427048
1668.2808565722369	1.0	NonTarget	1	427080
1668.4058565427583	1.0	NonTarget	1	427112
1668.5308565132798	1.0	NonTarget	1	427144
1668.6558564838012	1.0	NonTarget	1	427176
1668.7808564543227	1.0	NonTarget	1	427208
1668.9058564248442	1.0	NonTarget	1	427240
1669.0308563953656	1.0	NonTarget	1	427272
1669.1558563658873	1.0	NonTarget	1	427304
1669.2808563364088	1.0	NonTarget	1	427336
1669.4058563069302	1.0	NonTarget	1	427368
1669.5308562774517	1.0	NonTarget	1	427400
1669.6558562479731	1.0	NonTarget	1	427432
1669.7808562184946	1.0	NonTarget	1	427464
1669.905856189016	1.0	NonTarget	1	427496
1670.0308561595375	1.0	NonTarget	1	427528
1670.155856130059	1.0	NonTarget	1	427560
1670.2808561005804	1.0	NonTarget	1	427592
1670.4058560711019	1.0	NonTarget	1	427624
1670.5308560416233	1.0	NonTarget	1	427656
1670.6558560121448	1.0	NonTarget	1	427688
1670.7808559826665	1.0	NonTarget	1	427720
1670.905855953188	1.0	NonTarget	1	427752
1671.0308559237094	1.0	NonTarget	1	427784
1671.1558558942309	1.0	NonTarget	1	427816
1671.2808558647523	1.0	NonTarget	1	427848
1671.4058558352738	1.0	NonTarget	1	427880
1671.5308558057952	1.0	NonTarget	1	427912
1671.6558557763167	1.0	NonTarget	1	427944
1671.7808557468381	1.0	NonTarget	1	427976
1671.9058557173596	1.0	NonTarget	1	428008
1672.030855687881	1.0	NonTarget	1	428040
1672.1558556584025	1.0	NonTarget	1	428072
1672.280855628924	1.0	NonTarget	1	428104
1672.4058555994457	1.0	NonTarget	1	428136
1672.5308555699671	1.0	NonTarget	1	428168
1672.6558555404886	1.0	NonTarget	1	428200
1672.78085551101	1.0	NonTarget	1	428232
1672.9058554815315	1.0	NonTarget	1	428264
1673.030855452053	1.0	NonTarget	1	428296
1673.1558554225744	1.0	NonTarget	1	428328
1673.2808553930959	1.0	NonTarget	1	428360
1673.4058553636173	1.0	NonTarget	1	428392
1673.5308553341388	1.0	NonTarget	1	428424
1673.6558553046602	1.0	NonTarget	1	428456
1673.7808552751817	1.0	NonTarget	1	428488
1673.9058552457032	1.0	NonTarget	1	428520
1674.0308552162248	1.0	NonTarget	1	428552
1674.1558551867463	1.0	NonTarget	1	428584
1674.2808551572678	1.0	NonTarget	1	428616
1674.4058551277892	1.0	NonTarget	1	428648
1674.5308550983107	1.0	NonTarget	1	428680
1674.6558550688321	1.0	NonTarget	1	428712
1674.7808550393536	1.0	NonTarget	1	428744
1674.905855009875	1.0	NonTarget	1	428776
1675.0308549803965	1.0	NonTarget	1	428808
1675.155854950918	1.0	NonTarget	1	428840
1675.2808549214394	1.0	NonTarget	1	428872
1675.4058548919609	1.0	NonTarget	1	428904
1675.5308548624823	1.0	NonTarget	1	428936
1675.655854833004	1.0	NonTarget	1	428968
1675.7808548035255	1.0	NonTarget	1	429000
1675.905854774047	1.0	NonTarget	1	429032
1676.0308547445684	1.0	NonTarget	1	429064
1676.1558547150898	1.0	NonTarget	1	429096
1676.2808546856113	1.0	NonTarget	1	429128
1676.4058546561328	1.0	NonTarget	1	429160
1676.5308546266542	1.0	NonTarget	1	429192
1676.6558545971757	1.0	NonTarget	1	429224
1676.7808545676971	1.0	NonTarget	1	429256
1676.9058545382186	1.0	NonTarget	1	429288
1677.03085450874	1.0	NonTarget	1	429320
1677.1558544792615	1.0	NonTarget	1	429352
1677.280854449783	1.0	NonTarget	1	429384
1677.4058544203046	1.0	NonTarget	1	429416
1677.530854390826	1.0	NonTarget	1	429448
1677.6558543613476	1.0	NonTarget	1	429480
1677.780854331869	1.0	NonTarget	1	429512
1677.9058543023905	1.0	NonTarget	1	429544
1678.030854272912	1.0	NonTarget	1	429576
1678.1558542434334	1.0	NonTarget	1	429608
1678.2808542139549	1.0	NonTarget	1	429640
1678.4058541844763	1.0	NonTarget	1	429672
1684.5308527400286	1.0	NonTarget	1	431240
1684.65585271055	1.0	NonTarget	1	431272
1684.7808526810716	1.0	NonTarget	1	431304
1684.905852651593	1.0	NonTarget	1	431336
1685.0308526221145	1.0	NonTarget	1	431368
1685.155852592636	1.0	NonTarget	1	431400
1685.2808525631574	1.0	NonTarget	1	431432
1685.4058525336789	1.0	NonTarget	1	431464
1685.5308525042005	1.0	NonTarget	1	431496
1685.655852474722	1.0	NonTarget	1	431528
1685.7808524452435	1.0	NonTarget	1	431560
1685.905852415765	1.0	NonTarget	1	431592
1686.0308523862864	1.0	NonTarget	1	431624
1686.1558523568078	1.0	NonTarget	1	431656
1686.2808523273293	1.0	NonTarget	1	431688
1686.4058522978507	1.0	NonTarget	1	431720
1686.5308522683722	1.0	NonTarget	1	431752
1686.6558522388937	1.0	NonTarget	1	431784
1686.7808522094151	1.0	NonTarget	1	431816
1686.9058521799366	1.0	NonTarget	1	431848
1687.030852150458	1.0	NonTarget	1	431880
1687.1558521209797	1.0	NonTarget	1	431912
1687.2808520915012	1.0	NonTarget	1	431944
1687.4058520620226	1.0	NonTarget	1	431976
1687.530852032544	1.0	NonTarget	1	432008
1687.6558520030655	1.0	NonTarget	1	432040
1687.780851973587	1.0	NonTarget	1	432072
1687.9058519441085	1.0	NonTarget	1	432104
1688.03085191463	1.0	NonTarget	1	432136
1688.1558518851514	1.0	NonTarget	1	432168
1688.2808518556728	1.0	NonTarget	1	432200
1688.4058518261943	1.0	NonTarget	1	432232
1688.5308517967158	1.0	NonTarget	1	432264
1688.6558517672372	1.0	NonTarget	1	432296
1688.780851737759	1.0	NonTarget	1	432328
1688.9058517082804	1.0	NonTarget	1	432360
1689.0308516788018	1.0	NonTarget	1	432392
1689.1558516493233	1.0	NonTarget	1	432424
1689.2808516198447	1.0	NonTarget	1	432456
1689.4058515903662	1.0	NonTarget	1	432488
1689.5308515608876	1.0	NonTarget	1	432520
1689.655851531409	1.0	NonTarget	1	432552
1689.7808515019306	1.0	NonTarget	1	432584
1689.905851472452	1.0	NonTarget	1	432616
1690.0308514429735	1.0	NonTarget	1	432648
1690.155851413495	1.0	NonTarget	1	432680
1690.2808513840164	1.0	NonTarget	1	432712
1690.405851354538	1.0	NonTarget	1	432744
1690.5308513250595	1.0	NonTarget	1	432776
1690.655851295581	1.0	NonTarget	1	432808
1690.7808512661024	1.0	NonTarget	1	432840
1690.905851236624	1.0	NonTarget	1	432872
1691.0308512071454	1.0	NonTarget	1	432904
1691.1558511776668	1.0	NonTarget	1	432936
1691.2808511481883	1.0	NonTarget	1	432968
1691.4058511187097	1.0	NonTarget	1	433000
1691.5308510892312	1.0	NonTarget	1	433032
1691.6558510597526	1.0	NonTarget	1	433064
1691.780851030274	1.0	NonTarget	1	433096
1691.9058510007956	1.0	NonTarget	1	433128
1692.0308509713172	1.0	NonTarget	1	433160
1692.1558509418387	1.0	NonTarget	1	433192
1692.2808509123602	1.0	NonTarget	1	433224
1692.4058508828816	1.0	NonTarget	1	433256
1692.530850853403	1.0	NonTarget	1	433288
1692.6558508239245	1.0	NonTarget	1	433320
1692.780850794446	1.0	NonTarget	1	433352
1692.9058507649675	1.0	NonTarget	1	433384
1693.030850735489	1.0	NonTarget	1	433416
1693.1558507060104	1.0	NonTarget	1	433448
1693.2808506765318	1.0	NonTarget	1	433480
1693.4058506470533	1.0	NonTarget	1	433512
1693.5308506175747	1.0	NonTarget	1	433544
1693.6558505880962	1.0	NonTarget	1	433576
1693.7808505586179	1.0	NonTarget	1	433608
1693.9058505291393	1.0	NonTarget	1	433640
1694.0308504996608	1.0	NonTarget	1	433672
1694.1558504701823	1.0	NonTarget	1	433704
1694.2808504407037	1.0	NonTarget	1	433736
1694.4058504112252	1.0	NonTarget	1	433768
1694.5308503817466	1.0	NonTarget	1	433800
1694.655850352268	1.0	NonTarget	1	433832
1694.7808503227895	1.0	NonTarget	1	433864
1694.905850293311	1.0	NonTarget	1	433896
1695.0308502638325	1.0	NonTarget	1	433928
1695.155850234354	1.0	NonTarget	1	433960
1695.2808502048754	1.0	NonTarget	1	433992
1695.405850175397	1.0	NonTarget	1	434024
1695.5308501459185	1.0	NonTarget	1	434056
1695.65585011644	1.0	NonTarget	1	434088
1695.7808500869614	1.0	NonTarget	1	434120
1695.905850057483	1.0	NonTarget	1	434152
1696.0308500280044	1.0	NonTarget	1	434184
1696.1558499985258	1.0	NonTarget	1	434216
1696.2808499690473	1.0	NonTarget	1	434248
1696.4058499395687	1.0	NonTarget	1	434280
1696.5308499100902	1.0	NonTarget	1	434312
1696.6558498806116	1.0	NonTarget	1	434344
1696.780849851133	1.0	NonTarget	1	434376
1696.9058498216546	1.0	NonTarget	1	434408
1697.0308497921762	1.0	NonTarget	1	434440
1697.1558497626977	1.0	NonTarget	1	434472
1697.2808497332192	1.0	NonTarget	1	434504
1697.4058497037406	1.0	NonTarget	1	434536
1697.530849674262	1.0	NonTarget	1	434568
1697.6558496447835	1.0	NonTarget	1	434600
1697.780849615305	1.0	NonTarget	1	434632
1697.9058495858264	1.0	NonTarget	1	434664
1698.030849556348	1.0	NonTarget	1	434696
1698.1558495268694	1.0	NonTarget	1	434728
1698.2808494973908	1.0	NonTarget	1	434760
1698.4058494679123	1.0	NonTarget	1	434792
1698.5308494384337	1.0	NonTarget	1	434824
1698.6558494089554	1.0	NonTarget	1	434856
1698.7808493794769	1.0	NonTarget	1	434888
1698.9058493499983	1.0	NonTarget	1	434920
1699.0308493205198	1.0	NonTarget	1	434952
1699.1558492910412	1.0	NonTarget	1	434984
1699.2808492615627	1.0	NonTarget	1	435016
1699.4058492320842	1.0	NonTarget	1	435048
1705.5308477876365	1.0	NonTarget	1	436616
1705.655847758158	1.0	NonTarget	1	436648
1705.7808477286794	1.0	NonTarget	1	436680
1705.9058476992009	1.0	NonTarget	1	436712
1706.0308476697223	1.0	NonTarget	1	436744
1706.1558476402438	1.0	NonTarget	1	436776
1706.2808476107652	1.0	NonTarget	1	436808
1706.4058475812867	1.0	NonTarget	1	436840
1706.5308475518082	1.0	NonTarget	1	436872
1706.6558475223296	1.0	NonTarget	1	436904
1706.7808474928513	1.0	NonTarget	1	436936
1706.9058474633728	1.0	NonTarget	1	436968
1707.0308474338942	1.0	NonTarget	1	437000
1707.1558474044157	1.0	NonTarget	1	437032
1707.2808473749371	1.0	NonTarget	1	437064
1707.4058473454586	1.0	NonTarget	1	437096
1707.53084731598	1.0	NonTarget	1	437128
1707.6558472865015	1.0	NonTarget	1	437160
1707.780847257023	1.0	NonTarget	1	437192
1707.9058472275444	1.0	NonTarget	1	437224
1708.0308471980659	1.0	NonTarget	1	437256
1708.1558471685873	1.0	NonTarget	1	437288
1708.2808471391088	1.0	NonTarget	1	437320
1708.4058471096305	1.0	NonTarget	1	437352
1708.530847080152	1.0	NonTarget	1	437384
1708.6558470506734	1.0	NonTarget	1	437416
1708.7808470211949	1.0	NonTarget	1	437448
1708.9058469917163	1.0	NonTarget	1	437480
1709.0308469622378	1.0	NonTarget	1	437512
1709.1558469327592	1.0	NonTarget	1	437544
1709.2808469032807	1.0	NonTarget	1	437576
1709.4058468738021	1.0	NonTarget	1	437608
1709.5308468443236	1.0	NonTarget	1	437640
1709.655846814845	1.0	NonTarget	1	437672
1709.7808467853665	1.0	NonTarget	1	437704
1709.905846755888	1.0	NonTarget	1	437736
1710.0308467264097	1.0	NonTarget	1	437768
1710.1558466969311	1.0	NonTarget	1	437800
1710.2808466674526	1.0	NonTarget	1	437832
1710.405846637974	1.0	NonTarget	1	437864
1710.5308466084955	1.0	NonTarget	1	437896
1710.655846579017	1.0	NonTarget	1	437928
1710.7808465495384	1.0	NonTarget	1	437960
1710.9058465200599	1.0	NonTarget	1	437992
1711.0308464905813	1.0	NonTarget	1	438024
1711.1558464611028	1.0	NonTarget	1	438056
1711.2808464316242	1.0	NonTarget	1	438088
1711.4058464021457	1.0	NonTarget	1	438120
1711.5308463726672	1.0	NonTarget	1	438152
1711.6558463431886	1.0	NonTarget	1	438184
1711.7808463137103	1.0	NonTarget	1	438216
1711.9058462842318	1.0	NonTarget	1	438248
1712.0308462547532	1.0	NonTarget	1	438280
1712.1558462252747	1.0	NonTarget	1	438312
1712.2808461957961	1.0	NonTarget	1	438344
1712.4058461663176	1.0	NonTarget	1	438376
1712.530846136839	1.0	NonTarget	1	438408
1712.6558461073605	1.0	NonTarget	1	438440
1712.780846077882	1.0	NonTarget	1	438472
1712.9058460484034	1.0	NonTarget	1	438504
1713.0308460189249	1.0	NonTarget	1	438536
1713.1558459894463	1.0	NonTarget	1	438568
1713.2808459599678	1.0	NonTarget	1	438600
1713.4058459304895	1.0	NonTarget	1	438632
1713.530845901011	1.0	NonTarget	1	438664
1713.6558458715324	1.0	NonTarget	1	438696
1713.7808458420538	1.0	NonTarget	1	438728
1713.9058458125753	1.0	NonTarget	1	438760
1714.0308457830968	1.0	NonTarget	1	438792
1714.1558457536182	1.0	NonTarget	1	438824
1714.2808457241397	1.0	NonTarget	1	438856
1714.4058456946611	1.0	NonTarget	1	438888
1714.5308456651826	1.0	NonTarget	1	438920
1714.655845635704	1.0	NonTarget	1	438952
1714.7808456062255	1.0	NonTarget	1	438984
1714.905845576747	1.0	NonTarget	1	439016
1715.0308455472687	1.0	NonTarget	1	439048
1715.15584551779	1.0	NonTarget	1	439080
1715.2808454883116	1.0	NonTarget	1	439112
1715.405845458833	1.0	NonTarget	1	439144
1715.5308454293545	1.0	NonTarget	1	439176
1715.655845399876	1.0	NonTarget	1	439208
1715.7808453703974	1.0	NonTarget	1	439240
1715.9058453409189	1.0	NonTarget	1	439272
1716.0308453114403	1.0	NonTarget	1	439304
1716.1558452819618	1.0	NonTarget	1	439336
1716.2808452524832	1.0	NonTarget	1	439368
1716.4058452230047	1.0	NonTarget	1	439400
1716.5308451935261	1.0	NonTarget	1	439432
1716.6558451640478	1.0	NonTarget	1	439464
1716.7808451345693	1.0	NonTarget	1	439496
1716.9058451050907	1.0	NonTarget	1	439528
1717.0308450756122	1.0	NonTarget	1	439560
1717.1558450461337	1.0	NonTarget	1	439592
1717.2808450166551	1.0	NonTarget	1	439624
1717.4058449871766	1.0	NonTarget	1	439656
1717.530844957698	1.0	NonTarget	1	439688
1717.6558449282195	1.0	NonTarget	1	439720
1717.780844898741	1.0	NonTarget	1	439752
1717.9058448692624	1.0	NonTarget	1	439784
1718.0308448397839	1.0	NonTarget	1	439816
1718.1558448103053	1.0	NonTarget	1	439848
1718.280844780827	1.0	NonTarget	1	439880
1718.4058447513485	1.0	NonTarget	1	439912
1718.53084472187	1.0	NonTarget	1	439944
1718.6558446923914	1.0	NonTarget	1	439976
1718.7808446629128	1.0	NonTarget	1	440008
1718.9058446334343	1.0	NonTarget	1	440040
1719.0308446039558	1.0	NonTarget	1	440072
1719.1558445744772	1.0	NonTarget	1	440104
1719.2808445449987	1.0	NonTarget	1	440136
1719.4058445155201	1.0	NonTarget	1	440168
1719.5308444860416	1.0	NonTarget	1	440200
1719.655844456563	1.0	NonTarget	1	440232
1719.7808444270845	1.0	NonTarget	1	440264
1719.9058443976062	1.0	NonTarget	1	440296
1720.0308443681276	1.0	NonTarget	1	440328
1720.155844338649	1.0	NonTarget	1	440360
1720.2808443091706	1.0	NonTarget	1	440392
1720.405844279692	1.0	NonTarget	1	440424
1726.5308428352444	1.0	NonTarget	1	441992
1726.6558428057658	1.0	NonTarget	1	442024
1726.7808427762873	1.0	NonTarget	1	442056
1726.9058427468087	1.0	NonTarget	1	442088
1727.0308427173302	1.0	NonTarget	1	442120
1727.1558426878516	1.0	NonTarget	1	442152
1727.280842658373	1.0	NonTarget	1	442184
1727.4058426288946	1.0	NonTarget	1	442216
1727.530842599416	1.0	NonTarget	1	442248
1727.6558425699375	1.0	NonTarget	1	442280
1727.780842540459	1.0	NonTarget	1	442312
1727.9058425109804	1.0	NonTarget	1	442344
1728.0308424815018	1.0	NonTarget	1	442376
1728.1558424520235	1.0	NonTarget	1	442408
1728.280842422545	1.0	NonTarget	1	442440
1728.4058423930665	1.0	NonTarget	1	442472
1728.530842363588	1.0	NonTarget	1	442504
1728.6558423341094	1.0	NonTarget	1	442536
1728.7808423046308	1.0	NonTarget	1	442568
1728.9058422751523	1.0	NonTarget	1	442600
1729.0308422456737	1.0	NonTarget	1	442632
1729.1558422161952	1.0	NonTarget	1	442664
1729.2808421867167	1.0	NonTarget	1	442696
1729.405842157238	1.0	NonTarget	1	442728
1729.5308421277596	1.0	NonTarget	1	442760
1729.655842098281	1.0	NonTarget	1	442792
1729.7808420688027	1.0	NonTarget	1	442824
1729.9058420393242	1.0	NonTarget	1	442856
1730.0308420098456	1.0	NonTarget	1	442888
1730.155841980367	1.0	NonTarget	1	442920
1730.2808419508885	1.0	NonTarget	1	442952
1730.40584192141	1.0	NonTarget	1	442984
1730.5308418919315	1.0	NonTarget	1	443016
1730.655841862453	1.0	NonTarget	1	443048
1730.7808418329744	1.0	NonTarget	1	443080
1730.9058418034958	1.0	NonTarget	1	443112
1731.0308417740173	1.0	NonTarget	1	443144
1731.1558417445387	1.0	NonTarget	1	443176
1731.2808417150602	1.0	NonTarget	1	443208
1731.405841685582	1.0	NonTarget	1	443240
1731.5308416561033	1.0	NonTarget	1	443272
1731.6558416266248	1.0	NonTarget	1	443304
1731.7808415971463	1.0	NonTarget	1	443336
1731.9058415676677	1.0	NonTarget	1	443368
1732.0308415381892	1.0	NonTarget	1	443400
1732.1558415087106	1.0	NonTarget	1	443432
1732.280841479232	1.0	NonTarget	1	443464
1732.4058414497536	1.0	NonTarget	1	443496
1732.530841420275	1.0	NonTarget	1	443528
1732.6558413907965	1.0	NonTarget	1	443560
1732.780841361318	1.0	NonTarget	1	443592
1732.9058413318394	1.0	NonTarget	1	443624
1733.030841302361	1.0	NonTarget	1	443656
1733.1558412728825	1.0	NonTarget	1	443688
1733.280841243404	1.0	NonTarget	1	443720
1733.4058412139254	1.0	NonTarget	1	443752
1733.530841184447	1.0	NonTarget	1	443784
1733.6558411549684	1.0	NonTarget	1	443816
1733.7808411254898	1.0	NonTarget	1	443848
1733.9058410960113	1.0	NonTarget	1	443880
1734.0308410665327	1.0	NonTarget	1	443912
1734.1558410370542	1.0	NonTarget	1	443944
1734.2808410075756	1.0	NonTarget	1	443976
1734.405840978097	1.0	NonTarget	1	444008
1734.5308409486186	1.0	NonTarget	1	444040
1734.6558409191402	1.0	NonTarget	1	444072
1734.7808408896617	1.0	NonTarget	1	444104
1734.9058408601832	1.0	NonTarget	1	444136
1735.0308408307046	1.0	NonTarget	1	444168
1735.155840801226	1.0	NonTarget	1	444200
1735.2808407717475	1.0	NonTarget	1	444232
1735.405840742269	1.0	NonTarget	1	444264
1735.5308407127905	1.0	NonTarget	1	444296
1735.655840683312	1.0	NonTarget	1	444328
1735.7808406538334	1.0	NonTarget	1	444360
1735.9058406243548	1.0	NonTarget	1	444392
1736.0308405948763	1.0	NonTarget	1	444424
1736.1558405653977	1.0	NonTarget	1	444456
1736.2808405359194	1.0	NonTarget	1	444488
1736.4058405064409	1.0	NonTarget	1	444520
1736.5308404769623	1.0	NonTarget	1	444552
1736.6558404474838	1.0	NonTarget	1	444584
1736.7808404180053	1.0	NonTarget	1	444616
1736.9058403885267	1.0	NonTarget	1	444648
1737.0308403590482	1.0	NonTarget	1	444680
1737.1558403295696	1.0	NonTarget	1	444712
1737.280840300091	1.0	NonTarget	1	444744
1737.4058402706125	1.0	NonTarget	1	444776
1737.530840241134	1.0	NonTarget	1	444808
1737.6558402116555	1.0	NonTarget	1	444840
1737.780840182177	1.0	NonTarget	1	444872
1737.9058401526986	1.0	NonTarget	1	444904
1738.03084012322	1.0	NonTarget	1	444936
1738.1558400937415	1.0	NonTarget	1	444968
1738.280840064263	1.0	NonTarget	1	445000
1738.4058400347844	1.0	NonTarget	1	445032
1738.530840005306	1.0	NonTarget	1	445064
1738.6558399758273	1.0	NonTarget	1	445096
1738.7808399463488	1.0	NonTarget	1	445128
1738.9058399168703	1.0	NonTarget	1	445160
1739.0308398873917	1.0	NonTarget	1	445192
1739.1558398579132	1.0	NonTarget	1	445224
1739.2808398284346	1.0	NonTarget	1	445256
1739.405839798956	1.0	NonTarget	1	445288
1739.5308397694778	1.0	NonTarget	1	445320
1739.6558397399992	1.0	NonTarget	1	445352
1739.7808397105207	1.0	NonTarget	1	445384
1739.9058396810422	1.0	NonTarget	1	445416
1740.0308396515636	1.0	NonTarget	1	445448
1740.155839622085	1.0	NonTarget	1	445480
1740.2808395926065	1.0	NonTarget	1	445512
1740.405839563128	1.0	NonTarget	1	445544
1740.5308395336494	1.0	NonTarget	1	445576
1740.655839504171	1.0	NonTarget	1	445608
1740.7808394746924	1.0	NonTarget	1	445640
1740.9058394452138	1.0	NonTarget	1	445672
1741.0308394157353	1.0	NonTarget	1	445704
1741.155839386257	1.0	NonTarget	1	445736
1741.2808393567784	1.0	NonTarget	1	445768
1741.4058393272999	1.0	NonTarget	1	445800
1747.530837882852	1.0	NonTarget	1	447368
1747.6558378533734	1.0	NonTarget	1	447400
1747.7808378238951	1.0	NonTarget	1	447432
1747.9058377944166	1.0	NonTarget	1	447464
1748.030837764938	1.0	NonTarget	1	447496
1748.1558377354595	1.0	NonTarget	1	447528
1748.280837705981	1.0	NonTarget	1	447560
1748.4058376765024	1.0	NonTarget	1	447592
1748.5308376470239	1.0	NonTarget	1	447624
1748.6558376175453	1.0	NonTarget	1	447656
1748.7808375880668	1.0	NonTarget	1	447688
1748.9058375585882	1.0	NonTarget	1	447720
1749.0308375291097	1.0	NonTarget	1	447752
1749.1558374996312	1.0	NonTarget	1	447784
1749.2808374701526	1.0	NonTarget	1	447816
1749.4058374406743	1.0	NonTarget	1	447848
1749.5308374111958	1.0	NonTarget	1	447880
1749.6558373817172	1.0	NonTarget	1	447912
1749.7808373522387	1.0	NonTarget	1	447944
1749.9058373227601	1.0	NonTarget	1	447976
1750.0308372932816	1.0	NonTarget	1	448008
1750.155837263803	1.0	NonTarget	1	448040
1750.2808372343245	1.0	NonTarget	1	448072
1750.405837204846	1.0	NonTarget	1	448104
1750.5308371753674	1.0	NonTarget	1	448136
1750.6558371458889	1.0	NonTarget	1	448168
1750.7808371164103	1.0	NonTarget	1	448200
1750.9058370869318	1.0	NonTarget	1	448232
1751.0308370574535	1.0	NonTarget	1	448264
1751.155837027975	1.0	NonTarget	1	448296
1751.2808369984964	1.0	NonTarget	1	448328
1751.4058369690179	1.0	NonTarget	1	448360
1751.5308369395393	1.0	NonTarget	1	448392
1751.6558369100608	1.0	NonTarget	1	448424
1751.7808368805822	1.0	NonTarget	1	448456
1751.9058368511037	1.0	NonTarget	1	448488
1752.0308368216251	1.0	NonTarget	1	448520
1752.1558367921466	1.0	NonTarget	1	448552
1752.280836762668	1.0	NonTarget	1	448584
1752.4058367331895	1.0	NonTarget	1	448616
1752.530836703711	1.0	NonTarget	1	448648
1752.6558366742327	1.0	NonTarget	1	448680
1752.7808366447541	1.0	NonTarget	1	448712
1752.9058366152756	1.0	NonTarget	1	448744
1753.030836585797	1.0	NonTarget	1	448776
1753.1558365563185	1.0	NonTarget	1	448808
1753.28083652684	1.0	NonTarget	1	448840
1753.4058364973614	1.0	NonTarget	1	448872
1753.5308364678829	1.0	NonTarget	1	448904
1753.6558364384043	1.0	NonTarget	1	448936
1753.7808364089258	1.0	NonTarget	1	448968
1753.9058363794472	1.0	NonTarget	1	449000
1754.0308363499687	1.0	NonTarget	1	449032
1754.1558363204902	1.0	NonTarget	1	449064
1754.2808362910118	1.0	NonTarget	1	449096
1754.4058362615333	1.0	NonTarget	1	449128
1754.5308362320548	1.0	NonTarget	1	449160
1754.6558362025762	1.0	NonTarget	1	449192
1754.7808361730977	1.0	NonTarget	1	449224
1754.9058361436191	1.0	NonTarget	1	449256
1755.0308361141406	1.0	NonTarget	1	449288
1755.155836084662	1.0	NonTarget	1	449320
1755.2808360551835	1.0	NonTarget	1	449352
1755.405836025705	1.0	NonTarget	1	449384
1755.5308359962264	1.0	NonTarget	1	449416
1755.6558359667479	1.0	NonTarget	1	449448
1755.7808359372693	1.0	NonTarget	1	449480
1755.905835907791	1.0	NonTarget	1	449512
1756.0308358783125	1.0	NonTarget	1	449544
1756.155835848834	1.0	NonTarget	1	449576
1756.2808358193554	1.0	NonTarget	1	449608
1756.4058357898768	1.0	NonTarget	1	449640
1756.5308357603983	1.0	NonTarget	1	449672
1756.6558357309198	1.0	NonTarget	1	449704
1756.7808357014412	1.0	NonTarget	1	449736
1756.9058356719627	1.0	NonTarget	1	449768
1757.0308356424841	1.0	NonTarget	1	449800
1757.1558356130056	1.0	NonTarget	1	449832
1757.280835583527	1.0	NonTarget	1	449864
1757.4058355540485	1.0	NonTarget	1	449896
1757.5308355245702	1.0	NonTarget	1	449928
1757.6558354950917	1.0	NonTarget	1	449960
1757.780835465613	1.0	NonTarget	1	449992
1757.9058354361346	1.0	NonTarget	1	450024
1758.030835406656	1.0	NonTarget	1	450056
1758.1558353771775	1.0	NonTarget	1	450088
1758.280835347699	1.0	NonTarget	1	450120
1758.4058353182204	1.0	NonTarget	1	450152
1758.5308352887419	1.0	NonTarget	1	450184
1758.6558352592633	1.0	NonTarget	1	450216
1758.7808352297848	1.0	NonTarget	1	450248
1758.9058352003062	1.0	NonTarget	1	450280
1759.0308351708277	1.0	NonTarget	1	450312
1759.1558351413494	1.0	NonTarget	1	450344
1759.2808351118708	1.0	NonTarget	1	450376
1759.4058350823923	1.0	NonTarget	1	450408
1759.5308350529137	1.0	NonTarget	1	450440
1759.6558350234352	1.0	NonTarget	1	450472
1759.7808349939567	1.0	NonTarget	1	450504
1759.9058349644781	1.0	NonTarget	1	450536
1760.0308349349996	1.0	NonTarget	1	450568
1760.155834905521	1.0	NonTarget	1	450600
1760.2808348760425	1.0	NonTarget	1	450632
1760.405834846564	1.0	NonTarget	1	450664
1760.5308348170854	1.0	NonTarget	1	450696
1760.6558347876069	1.0	NonTarget	1	450728
1760.7808347581283	1.0	NonTarget	1	450760
1760.90583472865	1.0	NonTarget	1	450792
1761.0308346991715	1.0	NonTarget	1	450824
1761.155834669693	1.0	NonTarget	1	450856
1761.2808346402144	1.0	NonTarget	1	450888
1761.4058346107358	1.0	NonTarget	1	450920
1761.5308345812573	1.0	NonTarget	1	450952
1761.6558345517788	1.0	NonTarget	1	450984
1761.7808345223002	1.0	NonTarget	1	451016
1761.9058344928217	1.0	NonTarget	1	451048
1762.0308344633431	1.0	NonTarget	1	451080
1762.1558344338646	1.0	NonTarget	1	451112
1762.280834404386	1.0	NonTarget	1	451144
1762.4058343749075	1.0	NonTarget	1	451176
1768.5308329304598	1.0	NonTarget	1	452744
1768.6558329009813	1.0	NonTarget	1	452776
1768.7808328715028	1.0	NonTarget	1	452808
1768.9058328420242	1.0	NonTarget	1	452840
1769.030832812546	1.0	NonTarget	1	452872
1769.1558327830674	1.0	NonTarget	1	452904
1769.2808327535888	1.0	NonTarget	1	452936
1769.4058327241103	1.0	NonTarget	1	452968
1769.5308326946317	1.0	NonTarget	1	453000
1769.6558326651532	1.0	NonTarget	1	453032
1769.7808326356746	1.0	NonTarget	1	453064
1769.905832606196	1.0	NonTarget	1	453096
1770.0308325767176	1.0	NonTarget	1	453128
1770.155832547239	1.0	NonTarget	1	453160
1770.2808325177605	1.0	NonTarget	1	453192
1770.405832488282	1.0	NonTarget	1	453224
1770.5308324588034	1.0	NonTarget	1	453256
1770.655832429325	1.0	NonTarget	1	453288
1770.7808323998465	1.0	NonTarget	1	453320
1770.905832370368	1.0	NonTarget	1	453352
1771.0308323408894	1.0	NonTarget	1	453384
1771.155832311411	1.0	NonTarget	1	453416
1771.2808322819324	1.0	NonTarget	1	453448
1771.4058322524538	1.0	NonTarget	1	453480
1771.5308322229753	1.0	NonTarget	1	453512
1771.6558321934967	1.0	NonTarget	1	453544
1771.7808321640182	1.0	NonTarget	1	453576
1771.9058321345397	1.0	NonTarget	1	453608
1772.030832105061	1.0	NonTarget	1	453640
1772.1558320755826	1.0	NonTarget	1	453672
1772.2808320461043	1.0	NonTarget	1	453704
1772.4058320166257	1.0	NonTarget	1	453736
1772.5308319871472	1.0	NonTarget	1	453768
1772.6558319576686	1.0	NonTarget	1	453800
1772.78083192819	1.0	NonTarget	1	453832
1772.9058318987115	1.0	NonTarget	1	453864
1773.030831869233	1.0	NonTarget	1	453896
1773.1558318397545	1.0	NonTarget	1	453928
1773.280831810276	1.0	NonTarget	1	453960
1773.4058317807974	1.0	NonTarget	1	453992
1773.5308317513188	1.0	NonTarget	1	454024
1773.6558317218403	1.0	NonTarget	1	454056
1773.7808316923617	1.0	NonTarget	1	454088
1773.9058316628834	1.0	NonTarget	1	454120
1774.030831633405	1.0	NonTarget	1	454152
1774.1558316039263	1.0	NonTarget	1	454184
1774.2808315744478	1.0	NonTarget	1	454216
1774.4058315449693	1.0	NonTarget	1	454248
1774.5308315154907	1.0	NonTarget	1	454280
1774.6558314860122	1.0	NonTarget	1	454312
1774.7808314565336	1.0	NonTarget	1	454344
1774.905831427055	1.0	NonTarget	1	454376
1775.0308313975765	1.0	NonTarget	1	454408
1775.155831368098	1.0	NonTarget	1	454440
1775.2808313386195	1.0	NonTarget	1	454472
1775.405831309141	1.0	NonTarget	1	454504
1775.5308312796626	1.0	NonTarget	1	454536
1775.655831250184	1.0	NonTarget	1	454568
1775.7808312207055	1.0	NonTarget	1	454600
1775.905831191227	1.0	NonTarget	1	454632
1776.0308311617484	1.0	NonTarget	1	454664
1776.15583113227	1.0	NonTarget	1	454696
1776.2808311027914	1.0	NonTarget	1	454728
1776.4058310733128	1.0	NonTarget	1	454760
1776.5308310438343	1.0	NonTarget	1	454792
1776.6558310143557	1.0	NonTarget	1	454824
1776.7808309848772	1.0	NonTarget	1	454856
1776.9058309553986	1.0	NonTarget	1	454888
1777.03083092592	1.0	NonTarget	1	454920
1777.1558308964418	1.0	NonTarget	1	454952
1777.2808308669632	1.0	NonTarget	1	454984
1777.4058308374847	1.0	NonTarget	1	455016
1777.5308308080062	1.0	NonTarget	1	455048
1777.6558307785276	1.0	NonTarget	1	455080
1777.780830749049	1.0	NonTarget	1	455112
1777.9058307195705	1.0	NonTarget	1	455144
1778.030830690092	1.0	NonTarget	1	455176
1778.1558306606134	1.0	NonTarget	1	455208
1778.280830631135	1.0	NonTarget	1	455240
1778.4058306016564	1.0	NonTarget	1	455272
1778.5308305721778	1.0	NonTarget	1	455304
1778.6558305426993	1.0	NonTarget	1	455336
1778.7808305132207	1.0	NonTarget	1	455368
1778.9058304837424	1.0	NonTarget	1	455400
1779.0308304542639	1.0	NonTarget	1	455432
1779.1558304247853	1.0	NonTarget	1	455464
1779.2808303953068	1.0	NonTarget	1	455496
1779.4058303658283	1.0	NonTarget	1	455528
1779.5308303363497	1.0	NonTarget	1	455560
1779.6558303068712	1.0	NonTarget	1	455592
1779.7808302773926	1.0	NonTarget	1	455624
1779.905830247914	1.0	NonTarget	1	455656
1780.0308302184355	1.0	NonTarget	1	455688
1780.155830188957	1.0	NonTarget	1	455720
1780.2808301594785	1.0	NonTarget	1	455752
1780.40583013	1.0	NonTarget	1	455784
1780.5308301005216	1.0	NonTarget	1	455816
1780.655830071043	1.0	NonTarget	1	455848
1780.7808300415645	1.0	NonTarget	1	455880
1780.905830012086	1.0	NonTarget	1	455912
1781.0308299826074	1.0	NonTarget	1	455944
1781.155829953129	1.0	NonTarget	1	455976
1781.2808299236503	1.0	NonTarget	1	456008
1781.4058298941718	1.0	NonTarget	1	456040
1781.5308298646933	1.0	NonTarget	1	456072
1781.6558298352147	1.0	NonTarget	1	456104
1781.7808298057362	1.0	NonTarget	1	456136
1781.9058297762576	1.0	NonTarget	1	456168
1782.030829746779	1.0	NonTarget	1	456200
1782.1558297173008	1.0	NonTarget	1	456232
1782.2808296878222	1.0	NonTarget	1	456264
1782.4058296583437	1.0	NonTarget	1	456296
1782.5308296288651	1.0	NonTarget	1	456328
1782.6558295993866	1.0	NonTarget	1	456360
1782.780829569908	1.0	NonTarget	1	456392
1782.9058295404295	1.0	NonTarget	1	456424
1783.030829510951	1.0	NonTarget	1	456456
1783.1558294814724	1.0	NonTarget	1	456488
1783.280829451994	1.0	NonTarget	1	456520
1783.4058294225154	1.0	NonTarget	1	456552
1789.5308279780677	1.0	NonTarget	1	458120
1789.6558279485891	1.0	NonTarget	1	458152
1789.7808279191106	1.0	NonTarget	1	458184
1789.905827889632	1.0	NonTarget	1	458216
1790.0308278601535	1.0	NonTarget	1	458248
1790.155827830675	1.0	NonTarget	1	458280
1790.2808278011967	1.0	NonTarget	1	458312
1790.4058277717181	1.0	NonTarget	1	458344
1790.5308277422396	1.0	NonTarget	1	458376
1790.655827712761	1.0	NonTarget	1	458408
1790.7808276832825	1.0	NonTarget	1	458440
1790.905827653804	1.0	NonTarget	1	458472
1791.0308276243254	1.0	NonTarget	1	458504
1791.1558275948469	1.0	NonTarget	1	458536
1791.2808275653683	1.0	NonTarget	1	458568
1791.4058275358898	1.0	NonTarget	1	458600
1791.5308275064112	1.0	NonTarget	1	458632
1791.6558274769327	1.0	NonTarget	1	458664
1791.7808274474542	1.0	NonTarget	1	458696
1791.9058274179758	1.0	NonTarget	1	458728
1792.0308273884973	1.0	NonTarget	1	458760
1792.1558273590188	1.0	NonTarget	1	458792
1792.2808273295402	1.0	NonTarget	1	458824
1792.4058273000617	1.0	NonTarget	1	458856
1792.5308272705831	1.0	NonTarget	1	458888
1792.6558272411046	1.0	NonTarget	1	458920
1792.780827211626	1.0	NonTarget	1	458952
1792.9058271821475	1.0	NonTarget	1	458984
1793.030827152669	1.0	NonTarget	1	459016
1793.1558271231904	1.0	NonTarget	1	459048
1793.2808270937119	1.0	NonTarget	1	459080
1793.4058270642333	1.0	NonTarget	1	459112
1793.530827034755	1.0	NonTarget	1	459144
1793.6558270052765	1.0	NonTarget	1	459176
1793.780826975798	1.0	NonTarget	1	459208
1793.9058269463194	1.0	NonTarget	1	459240
1794.0308269168409	1.0	NonTarget	1	459272
1794.1558268873623	1.0	NonTarget	1	459304
1794.2808268578838	1.0	NonTarget	1	459336
1794.4058268284052	1.0	NonTarget	1	459368
1794.5308267989267	1.0	NonTarget	1	459400
1794.6558267694481	1.0	NonTarget	1	459432
1794.7808267399696	1.0	NonTarget	1	459464
1794.905826710491	1.0	NonTarget	1	459496
1795.0308266810125	1.0	NonTarget	1	459528
1795.155826651534	1.0	NonTarget	1	459560
1795.2808266220557	1.0	NonTarget	1	459592
1795.4058265925771	1.0	NonTarget	1	459624
1795.5308265630986	1.0	NonTarget	1	459656
1795.65582653362	1.0	NonTarget	1	459688
1795.7808265041415	1.0	NonTarget	1	459720
1795.905826474663	1.0	NonTarget	1	459752
1796.0308264451844	1.0	NonTarget	1	459784
1796.1558264157059	1.0	NonTarget	1	459816
1796.2808263862273	1.0	NonTarget	1	459848
1796.4058263567488	1.0	NonTarget	1	459880
1796.5308263272702	1.0	NonTarget	1	459912
1796.6558262977917	1.0	NonTarget	1	459944
1796.7808262683131	1.0	NonTarget	1	459976
1796.9058262388348	1.0	NonTarget	1	460008
1797.0308262093563	1.0	NonTarget	1	460040
1797.1558261798777	1.0	NonTarget	1	460072
1797.2808261503992	1.0	NonTarget	1	460104
1797.4058261209207	1.0	NonTarget	1	460136
1797.5308260914421	1.0	NonTarget	1	460168
1797.6558260619636	1.0	NonTarget	1	460200
1797.780826032485	1.0	NonTarget	1	460232
1797.9058260030065	1.0	NonTarget	1	460264
1798.030825973528	1.0	NonTarget	1	460296
1798.1558259440494	1.0	NonTarget	1	460328
1798.2808259145709	1.0	NonTarget	1	460360
1798.4058258850923	1.0	NonTarget	1	460392
1798.530825855614	1.0	NonTarget	1	460424
1798.6558258261355	1.0	NonTarget	1	460456
1798.780825796657	1.0	NonTarget	1	460488
1798.9058257671784	1.0	NonTarget	1	460520
1799.0308257376998	1.0	NonTarget	1	460552
1799.1558257082213	1.0	NonTarget	1	460584
1799.2808256787428	1.0	NonTarget	1	460616
1799.4058256492642	1.0	NonTarget	1	460648
1799.5308256197857	1.0	NonTarget	1	460680
1799.6558255903071	1.0	NonTarget	1	460712
1799.7808255608286	1.0	NonTarget	1	460744
1799.90582553135	1.0	NonTarget	1	460776
1800.0308255018715	1.0	NonTarget	1	460808
1800.1558254723932	1.0	NonTarget	1	460840
1800.2808254429146	1.0	NonTarget	1	460872
1800.405825413436	1.0	NonTarget	1	460904
1800.5308253839576	1.0	NonTarget	1	460936
1800.655825354479	1.0	NonTarget	1	460968
1800.7808253250005	1.0	NonTarget	1	461000
1800.905825295522	1.0	NonTarget	1	461032
1801.0308252660434	1.0	NonTarget	1	461064
1801.1558252365649	1.0	NonTarget	1	461096
1801.2808252070863	1.0	NonTarget	1	461128
1801.4058251776078	1.0	NonTarget	1	461160
1801.5308251481292	1.0	NonTarget	1	461192
1801.6558251186507	1.0	NonTarget	1	461224
1801.7808250891724	1.0	NonTarget	1	461256
1801.9058250596938	1.0	NonTarget	1	461288
1802.0308250302153	1.0	NonTarget	1	461320
1802.1558250007367	1.0	NonTarget	1	461352
1802.2808249712582	1.0	NonTarget	1	461384
1802.4058249417797	1.0	NonTarget	1	461416
1802.5308249123011	1.0	NonTarget	1	461448
1802.6558248828226	1.0	NonTarget	1	461480
1802.780824853344	1.0	NonTarget	1	461512
1802.9058248238655	1.0	NonTarget	1	461544
1803.030824794387	1.0	NonTarget	1	461576
1803.1558247649084	1.0	NonTarget	1	461608
1803.2808247354299	1.0	NonTarget	1	461640
1803.4058247059515	1.0	NonTarget	1	461672
1803.530824676473	1.0	NonTarget	1	461704
1803.6558246469945	1.0	NonTarget	1	461736
1803.780824617516	1.0	NonTarget	1	461768
1803.9058245880374	1.0	NonTarget	1	461800
1804.0308245585588	1.0	NonTarget	1	461832
1804.1558245290803	1.0	NonTarget	1	461864
1804.2808244996017	1.0	NonTarget	1	461896
1804.4058244701232	1.0	NonTarget	1	461928
1810.5308230256755	1.0	NonTarget	1	463496
1810.655822996197	1.0	NonTarget	1	463528
1810.7808229667185	1.0	NonTarget	1	463560
1810.90582293724	1.0	NonTarget	1	463592
1811.0308229077614	1.0	NonTarget	1	463624
1811.1558228782828	1.0	NonTarget	1	463656
1811.2808228488043	1.0	NonTarget	1	463688
1811.4058228193257	1.0	NonTarget	1	463720
1811.5308227898472	1.0	NonTarget	1	463752
1811.655822760369	1.0	NonTarget	1	463784
1811.7808227308903	1.0	NonTarget	1	463816
1811.9058227014118	1.0	NonTarget	1	463848
1812.0308226719333	1.0	NonTarget	1	463880
1812.1558226424547	1.0	NonTarget	1	463912
1812.2808226129762	1.0	NonTarget	1	463944
1812.4058225834976	1.0	NonTarget	1	463976
1812.530822554019	1.0	NonTarget	1	464008
1812.6558225245406	1.0	NonTarget	1	464040
1812.780822495062	1.0	NonTarget	1	464072
1812.9058224655835	1.0	NonTarget	1	464104
1813.030822436105	1.0	NonTarget	1	464136
1813.1558224066264	1.0	NonTarget	1	464168
1813.280822377148	1.0	NonTarget	1	464200
1813.4058223476695	1.0	NonTarget	1	464232
1813.530822318191	1.0	NonTarget	1	464264
1813.6558222887124	1.0	NonTarget	1	464296
1813.780822259234	1.0	NonTarget	1	464328
1813.9058222297554	1.0	NonTarget	1	464360
1814.0308222002768	1.0	NonTarget	1	464392
1814.1558221707983	1.0	NonTarget	1	464424
1814.2808221413197	1.0	NonTarget	1	464456
1814.4058221118412	1.0	NonTarget	1	464488
1814.5308220823626	1.0	NonTarget	1	464520
1814.655822052884	1.0	NonTarget	1	464552
1814.7808220234056	1.0	NonTarget	1	464584
1814.9058219939272	1.0	NonTarget	1	464616
1815.0308219644487	1.0	NonTarget	1	464648
1815.1558219349702	1.0	NonTarget	1	464680
1815.2808219054916	1.0	NonTarget	1	464712
1815.405821876013	1.0	NonTarget	1	464744
1815.5308218465345	1.0	NonTarget	1	464776
1815.655821817056	1.0	NonTarget	1	464808
1815.7808217875775	1.0	NonTarget	1	464840
1815.905821758099	1.0	NonTarget	1	464872
1816.0308217286204	1.0	NonTarget	1	464904
1816.1558216991418	1.0	NonTarget	1	464936
1816.2808216696633	1.0	NonTarget	1	464968
1816.4058216401847	1.0	NonTarget	1	465000
1816.5308216107064	1.0	NonTarget	1	465032
1816.6558215812279	1.0	NonTarget	1	465064
1816.7808215517493	1.0	NonTarget	1	465096
1816.9058215222708	1.0	NonTarget	1	465128
1817.0308214927923	1.0	NonTarget	1	465160
1817.1558214633137	1.0	NonTarget	1	465192
1817.2808214338352	1.0	NonTarget	1	465224
1817.4058214043566	1.0	NonTarget	1	465256
1817.530821374878	1.0	NonTarget	1	465288
1817.6558213453995	1.0	NonTarget	1	465320
1817.780821315921	1.0	NonTarget	1	465352
1817.9058212864425	1.0	NonTarget	1	465384
1818.030821256964	1.0	NonTarget	1	465416
1818.1558212274856	1.0	NonTarget	1	465448
1818.280821198007	1.0	NonTarget	1	465480
1818.4058211685285	1.0	NonTarget	1	465512
1818.53082113905	1.0	NonTarget	1	465544
1818.6558211095714	1.0	NonTarget	1	465576
1818.780821080093	1.0	NonTarget	1	465608
1818.9058210506143	1.0	NonTarget	1	465640
1819.0308210211358	1.0	NonTarget	1	465672
1819.1558209916573	1.0	NonTarget	1	465704
1819.2808209621787	1.0	NonTarget	1	465736
1819.4058209327002	1.0	NonTarget	1	465768
1819.5308209032216	1.0	NonTarget	1	465800
1819.655820873743	1.0	NonTarget	1	465832
1819.7808208442648	1.0	NonTarget	1	465864
1819.9058208147862	1.0	NonTarget	1	465896
1820.0308207853077	1.0	NonTarget	1	465928
1820.1558207558292	1.0	NonTarget	1	465960
1820.2808207263506	1.0	NonTarget	1	465992
1820.405820696872	1.0	NonTarget	1	466024
1820.5308206673935	1.0	NonTarget	1	466056
1820.655820637915	1.0	NonTarget	1	466088
1820.7808206084364	1.0	NonTarget	1	466120
1820.905820578958	1.0	NonTarget	1	466152
1821.0308205494794	1.0	NonTarget	1	466184
1821.1558205200008	1.0	NonTarget	1	466216
1821.2808204905223	1.0	NonTarget	1	466248
1821.405820461044	1.0	NonTarget	1	466280
1821.5308204315654	1.0	NonTarget	1	466312
1821.6558204020869	1.0	NonTarget	1	466344
1821.7808203726083	1.0	NonTarget	1	466376
1821.9058203431298	1.0	NonTarget	1	466408
1822.0308203136512	1.0	NonTarget	1	466440
1822.1558202841727	1.0	NonTarget	1	466472
1822.2808202546942	1.0	NonTarget	1	466504
1822.4058202252156	1.0	NonTarget	1	466536
1822.530820195737	1.0	NonTarget	1	466568
1822.6558201662585	1.0	NonTarget	1	466600
1822.78082013678	1.0	NonTarget	1	466632
1822.9058201073015	1.0	NonTarget	1	466664
1823.0308200778231	1.0	NonTarget	1	466696
1823.1558200483446	1.0	NonTarget	1	466728
1823.280820018866	1.0	NonTarget	1	466760
1823.4058199893875	1.0	NonTarget	1	466792
1823.530819959909	1.0	NonTarget	1	466824
1823.6558199304304	1.0	NonTarget	1	466856
1823.7808199009519	1.0	NonTarget	1	466888
1823.9058198714733	1.0	NonTarget	1	466920
1824.0308198419948	1.0	NonTarget	1	466952
1824.1558198125163	1.0	NonTarget	1	466984
1824.2808197830377	1.0	NonTarget	1	467016
1824.4058197535592	1.0	NonTarget	1	467048
1824.5308197240806	1.0	NonTarget	1	467080
1824.6558196946023	1.0	NonTarget	1	467112
1824.7808196651238	1.0	NonTarget	1	467144
1824.9058196356452	1.0	NonTarget	1	467176
1825.0308196061667	1.0	NonTarget	1	467208
1825.1558195766881	1.0	NonTarget	1	467240
1825.2808195472096	1.0	NonTarget	1	467272
1825.405819517731	1.0	NonTarget	1	467304
1831.5308180732834	1.0	NonTarget	1	468872
1831.6558180438049	1.0	NonTarget	1	468904
1831.7808180143263	1.0	NonTarget	1	468936
1831.9058179848478	1.0	NonTarget	1	468968
1832.0308179553692	1.0	NonTarget	1	469000
1832.1558179258907	1.0	NonTarget	1	469032
1832.2808178964121	1.0	NonTarget	1	469064
1832.4058178669336	1.0	NonTarget	1	469096
1832.530817837455	1.0	NonTarget	1	469128
1832.6558178079765	1.0	NonTarget	1	469160
1832.780817778498	1.0	NonTarget	1	469192
1832.9058177490197	1.0	NonTarget	1	469224
1833.0308177195411	1.0	NonTarget	1	469256
1833.1558176900626	1.0	NonTarget	1	469288
1833.280817660584	1.0	NonTarget	1	469320
1833.4058176311055	1.0	NonTarget	1	469352
1833.530817601627	1.0	NonTarget	1	469384
1833.6558175721484	1.0	NonTarget	1	469416
1833.7808175426699	1.0	NonTarget	1	469448
1833.9058175131913	1.0	NonTarget	1	469480
1834.0308174837128	1.0	NonTarget	1	469512
1834.1558174542342	1.0	NonTarget	1	469544
1834.2808174247557	1.0	NonTarget	1	469576
1834.4058173952772	1.0	NonTarget	1	469608
1834.5308173657988	1.0	NonTarget	1	469640
1834.6558173363203	1.0	NonTarget	1	469672
1834.7808173068418	1.0	NonTarget	1	469704
1834.9058172773632	1.0	NonTarget	1	469736
1835.0308172478847	1.0	NonTarget	1	469768
1835.1558172184061	1.0	NonTarget	1	469800
1835.2808171889276	1.0	NonTarget	1	469832
1835.405817159449	1.0	NonTarget	1	469864
1835.5308171299705	1.0	NonTarget	1	469896
1835.655817100492	1.0	NonTarget	1	469928
1835.7808170710134	1.0	NonTarget	1	469960
1835.9058170415349	1.0	NonTarget	1	469992
1836.0308170120563	1.0	NonTarget	1	470024
1836.155816982578	1.0	NonTarget	1	470056
1836.2808169530995	1.0	NonTarget	1	470088
1836.405816923621	1.0	NonTarget	1	470120
1836.5308168941424	1.0	NonTarget	1	470152
1836.6558168646638	1.0	NonTarget	1	470184
1836.7808168351853	1.0	NonTarget	1	470216
1836.9058168057068	1.0	NonTarget	1	470248
1837.0308167762282	1.0	NonTarget	1	470280
1837.1558167467497	1.0	NonTarget	1	470312
1837.2808167172711	1.0	NonTarget	1	470344
1837.4058166877926	1.0	NonTarget	1	470376
1837.530816658314	1.0	NonTarget	1	470408
1837.6558166288355	1.0	NonTarget	1	470440
1837.7808165993572	1.0	NonTarget	1	470472
1837.9058165698787	1.0	NonTarget	1	470504
1838.0308165404	1.0	NonTarget	1	470536
1838.1558165109216	1.0	NonTarget	1	470568
1838.280816481443	1.0	NonTarget	1	470600
1838.4058164519645	1.0	NonTarget	1	470632
1838.530816422486	1.0	NonTarget	1	470664
1838.6558163930074	1.0	NonTarget	1	470696
1838.7808163635289	1.0	NonTarget	1	470728
1838.9058163340503	1.0	NonTarget	1	470760
1839.0308163045718	1.0	NonTarget	1	470792
1839.1558162750932	1.0	NonTarget	1	470824
1839.2808162456147	1.0	NonTarget	1	470856
1839.4058162161364	1.0	NonTarget	1	470888
1839.5308161866578	1.0	NonTarget	1	470920
1839.6558161571793	1.0	NonTarget	1	470952
1839.7808161277007	1.0	NonTarget	1	470984
1839.9058160982222	1.0	NonTarget	1	471016
1840.0308160687437	1.0	NonTarget	1	471048
1840.1558160392651	1.0	NonTarget	1	471080
1840.2808160097866	1.0	NonTarget	1	471112
1840.405815980308	1.0	NonTarget	1	471144
1840.5308159508295	1.0	NonTarget	1	471176
1840.655815921351	1.0	NonTarget	1	471208
1840.7808158918724	1.0	NonTarget	1	471240
1840.9058158623939	1.0	NonTarget	1	471272
1841.0308158329156	1.0	NonTarget	1	471304
1841.155815803437	1.0	NonTarget	1	471336
1841.2808157739585	1.0	NonTarget	1	471368
1841.40581574448	1.0	NonTarget	1	471400
1841.5308157150014	1.0	NonTarget	1	471432
1841.6558156855228	1.0	NonTarget	1	471464
1841.7808156560443	1.0	NonTarget	1	471496
1841.9058156265658	1.0	NonTarget	1	471528
1842.0308155970872	1.0	NonTarget	1	471560
1842.1558155676087	1.0	NonTarget	1	471592
1842.2808155381301	1.0	NonTarget	1	471624
1842.4058155086516	1.0	NonTarget	1	471656
1842.530815479173	1.0	NonTarget	1	471688
1842.6558154496947	1.0	NonTarget	1	471720
1842.7808154202162	1.0	NonTarget	1	471752
1842.9058153907376	1.0	NonTarget	1	471784
1843.030815361259	1.0	NonTarget	1	471816
1843.1558153317806	1.0	NonTarget	1	471848
1843.280815302302	1.0	NonTarget	1	471880
1843.4058152728235	1.0	NonTarget	1	471912
1843.530815243345	1.0	NonTarget	1	471944
1843.6558152138664	1.0	NonTarget	1	471976
1843.7808151843878	1.0	NonTarget	1	472008
1843.9058151549093	1.0	NonTarget	1	472040
1844.0308151254308	1.0	NonTarget	1	472072
1844.1558150959522	1.0	NonTarget	1	472104
1844.280815066474	1.0	NonTarget	1	472136
1844.4058150369954	1.0	NonTarget	1	472168
1844.5308150075168	1.0	NonTarget	1	472200
1844.6558149780383	1.0	NonTarget	1	472232
1844.7808149485597	1.0	NonTarget	1	472264
1844.9058149190812	1.0	NonTarget	1	472296
1845.0308148896027	1.0	NonTarget	1	472328
1845.155814860124	1.0	NonTarget	1	472360
1845.2808148306456	1.0	NonTarget	1	472392
1845.405814801167	1.0	NonTarget	1	472424
1845.5308147716885	1.0	NonTarget	1	472456
1845.65581474221	1.0	NonTarget	1	472488
1845.7808147127314	1.0	NonTarget	1	472520
1845.9058146832529	1.0	NonTarget	1	472552
1846.0308146537745	1.0	NonTarget	1	472584
1846.155814624296	1.0	NonTarget	1	472616
1846.2808145948175	1.0	NonTarget	1	472648
1846.405814565339	1.0	NonTarget	1	472680
1852.5308131208913	1.0	NonTarget	1	474248
1852.6558130914127	1.0	NonTarget	1	474280
1852.7808130619342	1.0	NonTarget	1	474312
1852.9058130324556	1.0	NonTarget	1	474344
1853.030813002977	1.0	NonTarget	1	474376
1853.1558129734985	1.0	NonTarget	1	474408
1853.28081294402	1.0	NonTarget	1	474440
1853.4058129145415	1.0	NonTarget	1	474472
1853.530812885063	1.0	NonTarget	1	474504
1853.6558128555844	1.0	NonTarget	1	474536
1853.7808128261058	1.0	NonTarget	1	474568
1853.9058127966273	1.0	NonTarget	1	474600
1854.0308127671487	1.0	NonTarget	1	474632
1854.1558127376704	1.0	NonTarget	1	474664
1854.280812708192	1.0	NonTarget	1	474696
1854.4058126787133	1.0	NonTarget	1	474728
1854.5308126492348	1.0	NonTarget	1	474760
1854.6558126197563	1.0	NonTarget	1	474792
1854.7808125902777	1.0	NonTarget	1	474824
1854.9058125607992	1.0	NonTarget	1	474856
1855.0308125313206	1.0	NonTarget	1	474888
1855.155812501842	1.0	NonTarget	1	474920
1855.2808124723636	1.0	NonTarget	1	474952
1855.405812442885	1.0	NonTarget	1	474984
1855.5308124134065	1.0	NonTarget	1	475016
1855.655812383928	1.0	NonTarget	1	475048
1855.7808123544496	1.0	NonTarget	1	475080
1855.905812324971	1.0	NonTarget	1	475112
1856.0308122954925	1.0	NonTarget	1	475144
1856.155812266014	1.0	NonTarget	1	475176
1856.2808122365354	1.0	NonTarget	1	475208
1856.405812207057	1.0	NonTarget	1	475240
1856.5308121775784	1.0	NonTarget	1	475272
1856.6558121480998	1.0	NonTarget	1	475304
1856.7808121186213	1.0	NonTarget	1	475336
1856.9058120891427	1.0	NonTarget	1	475368
1857.0308120596642	1.0	NonTarget	1	475400
1857.1558120301856	1.0	NonTarget	1	475432
1857.280812000707	1.0	NonTarget	1	475464
1857.4058119712288	1.0	NonTarget	1	475496
1857.5308119417502	1.0	NonTarget	1	475528
1857.6558119122717	1.0	NonTarget	1	475560
1857.7808118827932	1.0	NonTarget	1	475592
1857.9058118533146	1.0	NonTarget	1	475624
1858.030811823836	1.0	NonTarget	1	475656
1858.1558117943575	1.0	NonTarget	1	475688
1858.280811764879	1.0	NonTarget	1	475720
1858.4058117354004	1.0	NonTarget	1	475752
1858.530811705922	1.0	NonTarget	1	475784
1858.6558116764434	1.0	NonTarget	1	475816
1858.7808116469648	1.0	NonTarget	1	475848
1858.9058116174863	1.0	NonTarget	1	475880
1859.030811588008	1.0	NonTarget	1	475912
1859.1558115585294	1.0	NonTarget	1	475944
1859.2808115290509	1.0	NonTarget	1	475976
1859.4058114995723	1.0	NonTarget	1	476008
1859.5308114700938	1.0	NonTarget	1	476040
1859.6558114406153	1.0	NonTarget	1	476072
1859.7808114111367	1.0	NonTarget	1	476104
1859.9058113816582	1.0	NonTarget	1	476136
1860.0308113521796	1.0	NonTarget	1	476168
1860.155811322701	1.0	NonTarget	1	476200
1860.2808112932225	1.0	NonTarget	1	476232
1860.405811263744	1.0	NonTarget	1	476264
1860.5308112342655	1.0	NonTarget	1	476296
1860.6558112047871	1.0	NonTarget	1	476328
1860.7808111753086	1.0	NonTarget	1	476360
1860.90581114583	1.0	NonTarget	1	476392
1861.0308111163515	1.0	NonTarget	1	476424
1861.155811086873	1.0	NonTarget	1	476456
1861.2808110573944	1.0	NonTarget	1	476488
1861.405811027916	1.0	NonTarget	1	476520
1861.5308109984373	1.0	NonTarget	1	476552
1861.6558109689588	1.0	NonTarget	1	476584
1861.7808109394803	1.0	NonTarget	1	476616
1861.9058109100017	1.0	NonTarget	1	476648
1862.0308108805232	1.0	NonTarget	1	476680
1862.1558108510446	1.0	NonTarget	1	476712
1862.280810821566	1.0	NonTarget	1	476744
1862.4058107920878	1.0	NonTarget	1	476776
1862.5308107626092	1.0	NonTarget	1	476808
1862.6558107331307	1.0	NonTarget	1	476840
1862.7808107036522	1.0	NonTarget	1	476872
1862.9058106741736	1.0	NonTarget	1	476904
1863.030810644695	1.0	NonTarget	1	476936
1863.1558106152165	1.0	NonTarget	1	476968
1863.280810585738	1.0	NonTarget	1	477000
1863.4058105562594	1.0	NonTarget	1	477032
1863.530810526781	1.0	NonTarget	1	477064
1863.6558104973024	1.0	NonTarget	1	477096
1863.7808104678238	1.0	NonTarget	1	477128
1863.9058104383453	1.0	NonTarget	1	477160
1864.030810408867	1.0	NonTarget	1	477192
1864.1558103793884	1.0	NonTarget	1	477224
1864.2808103499099	1.0	NonTarget	1	477256
1864.4058103204313	1.0	NonTarget	1	477288
1864.5308102909528	1.0	NonTarget	1	477320
1864.6558102614742	1.0	NonTarget	1	477352
1864.7808102319957	1.0	NonTarget	1	477384
1864.9058102025172	1.0	NonTarget	1	477416
1865.0308101730386	1.0	NonTarget	1	477448
1865.15581014356	1.0	NonTarget	1	477480
1865.2808101140815	1.0	NonTarget	1	477512
1865.405810084603	1.0	NonTarget	1	477544
1865.5308100551244	1.0	NonTarget	1	477576
1865.6558100256461	1.0	NonTarget	1	477608
1865.7808099961676	1.0	NonTarget	1	477640
1865.905809966689	1.0	NonTarget	1	477672
1866.0308099372105	1.0	NonTarget	1	477704
1866.155809907732	1.0	NonTarget	1	477736
1866.2808098782534	1.0	NonTarget	1	477768
1866.4058098487749	1.0	NonTarget	1	477800
1866.5308098192963	1.0	NonTarget	1	477832
1866.6558097898178	1.0	NonTarget	1	477864
1866.7808097603393	1.0	NonTarget	1	477896
1866.9058097308607	1.0	NonTarget	1	477928
1867.0308097013822	1.0	NonTarget	1	477960
1867.1558096719036	1.0	NonTarget	1	477992
1867.2808096424253	1.0	NonTarget	1	478024
1867.4058096129468	1.0	NonTarget	1	478056
1873.5308081684989	1.0	NonTarget	1	479624
1873.6558081390203	1.0	NonTarget	1	479656
1873.780808109542	1.0	NonTarget	1	479688
1873.9058080800635	1.0	NonTarget	1	479720
1874.030808050585	1.0	NonTarget	1	479752
1874.1558080211064	1.0	NonTarget	1	479784
1874.2808079916279	1.0	NonTarget	1	479816
1874.4058079621493	1.0	NonTarget	1	479848
1874.5308079326708	1.0	NonTarget	1	479880
1874.6558079031922	1.0	NonTarget	1	479912
1874.7808078737137	1.0	NonTarget	1	479944
1874.9058078442351	1.0	NonTarget	1	479976
1875.0308078147566	1.0	NonTarget	1	480008
1875.155807785278	1.0	NonTarget	1	480040
1875.2808077557995	1.0	NonTarget	1	480072
1875.4058077263212	1.0	NonTarget	1	480104
1875.5308076968427	1.0	NonTarget	1	480136
1875.6558076673641	1.0	NonTarget	1	480168
1875.7808076378856	1.0	NonTarget	1	480200
1875.905807608407	1.0	NonTarget	1	480232
1876.0308075789285	1.0	NonTarget	1	480264
1876.15580754945	1.0	NonTarget	1	480296
1876.2808075199714	1.0	NonTarget	1	480328
1876.4058074904929	1.0	NonTarget	1	480360
1876.5308074610143	1.0	NonTarget	1	480392
1876.6558074315358	1.0	NonTarget	1	480424
1876.7808074020572	1.0	NonTarget	1	480456
1876.9058073725787	1.0	NonTarget	1	480488
1877.0308073431004	1.0	NonTarget	1	480520
1877.1558073136218	1.0	NonTarget	1	480552
1877.2808072841433	1.0	NonTarget	1	480584
1877.4058072546648	1.0	NonTarget	1	480616
1877.5308072251862	1.0	NonTarget	1	480648
1877.6558071957077	1.0	NonTarget	1	480680
1877.7808071662291	1.0	NonTarget	1	480712
1877.9058071367506	1.0	NonTarget	1	480744
1878.030807107272	1.0	NonTarget	1	480776
1878.1558070777935	1.0	NonTarget	1	480808
1878.280807048315	1.0	NonTarget	1	480840
1878.4058070188364	1.0	NonTarget	1	480872
1878.5308069893579	1.0	NonTarget	1	480904
1878.6558069598793	1.0	NonTarget	1	480936
1878.780806930401	1.0	NonTarget	1	480968
1878.9058069009225	1.0	NonTarget	1	481000
1879.030806871444	1.0	NonTarget	1	481032
1879.1558068419654	1.0	NonTarget	1	481064
1879.2808068124868	1.0	NonTarget	1	481096
1879.4058067830083	1.0	NonTarget	1	481128
1879.5308067535298	1.0	NonTarget	1	481160
1879.6558067240512	1.0	NonTarget	1	481192
1879.7808066945727	1.0	NonTarget	1	481224
1879.9058066650941	1.0	NonTarget	1	481256
1880.0308066356156	1.0	NonTarget	1	481288
1880.155806606137	1.0	NonTarget	1	481320
1880.2808065766585	1.0	NonTarget	1	481352
1880.4058065471802	1.0	NonTarget	1	481384
1880.5308065177016	1.0	NonTarget	1	481416
1880.655806488223	1.0	NonTarget	1	481448
1880.7808064587446	1.0	NonTarget	1	481480
1880.905806429266	1.0	NonTarget	1	481512
1881.0308063997875	1.0	NonTarget	1	481544
1881.155806370309	1.0	NonTarget	1	481576
1881.2808063408304	1.0	NonTarget	1	481608
1881.4058063113519	1.0	NonTarget	1	481640
1881.5308062818733	1.0	NonTarget	1	481672
1881.6558062523948	1.0	NonTarget	1	481704
1881.7808062229162	1.0	NonTarget	1	481736
1881.9058061934377	1.0	NonTarget	1	481768
1882.0308061639594	1.0	NonTarget	1	481800
1882.1558061344808	1.0	NonTarget	1	481832
1882.2808061050023	1.0	NonTarget	1	481864
1882.4058060755237	1.0	NonTarget	1	481896
1882.5308060460452	1.0	NonTarget	1	481928
1882.6558060165667	1.0	NonTarget	1	481960
1882.7808059870881	1.0	NonTarget	1	481992
1882.9058059576096	1.0	NonTarget	1	482024
1883.030805928131	1.0	NonTarget	1	482056
1883.1558058986525	1.0	NonTarget	1	482088
1883.280805869174	1.0	NonTarget	1	482120
1883.4058058396954	1.0	NonTarget	1	482152
1883.5308058102169	1.0	NonTarget	1	482184
1883.6558057807385	1.0	NonTarget	1	482216
1883.78080575126	1.0	NonTarget	1	482248
1883.9058057217815	1.0	NonTarget	1	482280
1884.030805692303	1.0	NonTarget	1	482312
1884.1558056628244	1.0	NonTarget	1	482344
1884.2808056333458	1.0	NonTarget	1	482376
1884.4058056038673	1.0	NonTarget	1	482408
1884.5308055743888	1.0	NonTarget	1	482440
1884.6558055449102	1.0	NonTarget	1	482472
1884.7808055154317	1.0	NonTarget	1	482504
1884.9058054859531	1.0	NonTarget	1	482536
1885.0308054564746	1.0	NonTarget	1	482568
1885.155805426996	1.0	NonTarget	1	482600
1885.2808053975177	1.0	NonTarget	1	482632
1885.4058053680392	1.0	NonTarget	1	482664
1885.5308053385606	1.0	NonTarget	1	482696
1885.655805309082	1.0	NonTarget	1	482728
1885.7808052796036	1.0	NonTarget	1	482760
1885.905805250125	1.0	NonTarget	1	482792
1886.0308052206465	1.0	NonTarget	1	482824
1886.155805191168	1.0	NonTarget	1	482856
1886.2808051616894	1.0	NonTarget	1	482888
1886.4058051322108	1.0	NonTarget	1	482920
1886.5308051027323	1.0	NonTarget	1	482952
1886.6558050732538	1.0	NonTarget	1	482984
1886.7808050437752	1.0	NonTarget	1	483016
1886.905805014297	1.0	NonTarget	1	483048
1887.0308049848184	1.0	NonTarget	1	483080
1887.1558049553398	1.0	NonTarget	1	483112
1887.2808049258613	1.0	NonTarget	1	483144
1887.4058048963827	1.0	NonTarget	1	483176
1887.5308048669042	1.0	NonTarget	1	483208
1887.6558048374256	1.0	NonTarget	1	483240
1887.780804807947	1.0	NonTarget	1	483272
1887.9058047784686	1.0	NonTarget	1	483304
1888.03080474899	1.0	NonTarget	1	483336
1888.1558047195115	1.0	NonTarget	1	483368
1888.280804690033	1.0	NonTarget	1	483400
1888.4058046605544	1.0	NonTarget	1	483432
1894.5308032161067	1.0	NonTarget	1	485000
1894.6558031866282	1.0	NonTarget	1	485032
1894.7808031571496	1.0	NonTarget	1	485064
1894.905803127671	1.0	NonTarget	1	485096
1895.0308030981928	1.0	NonTarget	1	485128
1895.1558030687142	1.0	NonTarget	1	485160
1895.2808030392357	1.0	NonTarget	1	485192
1895.4058030097572	1.0	NonTarget	1	485224
1895.5308029802786	1.0	NonTarget	1	485256
1895.6558029508	1.0	NonTarget	1	485288
1895.7808029213215	1.0	NonTarget	1	485320
1895.905802891843	1.0	NonTarget	1	485352
1896.0308028623645	1.0	NonTarget	1	485384
1896.155802832886	1.0	NonTarget	1	485416
1896.2808028034074	1.0	NonTarget	1	485448
1896.4058027739288	1.0	NonTarget	1	485480
1896.5308027444503	1.0	NonTarget	1	485512
1896.6558027149717	1.0	NonTarget	1	485544
1896.7808026854934	1.0	NonTarget	1	485576
1896.9058026560149	1.0	NonTarget	1	485608
1897.0308026265363	1.0	NonTarget	1	485640
1897.1558025970578	1.0	NonTarget	1	485672
1897.2808025675793	1.0	NonTarget	1	485704
1897.4058025381007	1.0	NonTarget	1	485736
1897.5308025086222	1.0	NonTarget	1	485768
1897.6558024791436	1.0	NonTarget	1	485800
1897.780802449665	1.0	NonTarget	1	485832
1897.9058024201865	1.0	NonTarget	1	485864
1898.030802390708	1.0	NonTarget	1	485896
1898.1558023612295	1.0	NonTarget	1	485928
1898.280802331751	1.0	NonTarget	1	485960
1898.4058023022726	1.0	NonTarget	1	485992
1898.530802272794	1.0	NonTarget	1	486024
1898.6558022433155	1.0	NonTarget	1	486056
1898.780802213837	1.0	NonTarget	1	486088
1898.9058021843584	1.0	NonTarget	1	486120
1899.03080215488	1.0	NonTarget	1	486152
1899.1558021254014	1.0	NonTarget	1	486184
1899.2808020959228	1.0	NonTarget	1	486216
1899.4058020664443	1.0	NonTarget	1	486248
1899.5308020369657	1.0	NonTarget	1	486280
1899.6558020074872	1.0	NonTarget	1	486312
1899.7808019780086	1.0	NonTarget	1	486344
1899.90580194853	1.0	NonTarget	1	486376
1900.0308019190518	1.0	NonTarget	1	486408
1900.1558018895732	1.0	NonTarget	1	486440
1900.2808018600947	1.0	NonTarget	1	486472
1900.4058018306162	1.0	NonTarget	1	486504
1900.5308018011376	1.0	NonTarget	1	486536
1900.655801771659	1.0	NonTarget	1	486568
1900.7808017421805	1.0	NonTarget	1	486600
1900.905801712702	1.0	NonTarget	1	486632
1901.0308016832234	1.0	NonTarget	1	486664
1901.155801653745	1.0	NonTarget	1	486696
1901.2808016242664	1.0	NonTarget	1	486728
1901.4058015947878	1.0	NonTarget	1	486760
1901.5308015653093	1.0	NonTarget	1	486792
1901.655801535831	1.0	NonTarget	1	486824
1901.7808015063524	1.0	NonTarget	1	486856
1901.9058014768739	1.0	NonTarget	1	486888
1902.0308014473953	1.0	NonTarget	1	486920
1902.1558014179168	1.0	NonTarget	1	486952
1902.2808013884382	1.0	NonTarget	1	486984
1902.4058013589597	1.0	NonTarget	1	487016
1902.5308013294812	1.0	NonTarget	1	487048
1902.6558013000026	1.0	NonTarget	1	487080
1902.780801270524	1.0	NonTarget	1	487112
1902.9058012410455	1.0	NonTarget	1	487144
1903.030801211567	1.0	NonTarget	1	487176
1903.1558011820885	1.0	NonTarget	1	487208
1903.2808011526101	1.0	NonTarget	1	487240
1903.4058011231316	1.0	NonTarget	1	487272
1903.530801093653	1.0	NonTarget	1	487304
1903.6558010641745	1.0	NonTarget	1	487336
1903.780801034696	1.0	NonTarget	1	487368
1903.9058010052174	1.0	NonTarget	1	487400
1904.0308009757389	1.0	NonTarget	1	487432
1904.1558009462603	1.0	NonTarget	1	487464
1904.2808009167818	1.0	NonTarget	1	487496
1904.4058008873033	1.0	NonTarget	1	487528
1904.5308008578247	1.0	NonTarget	1	487560
1904.6558008283462	1.0	NonTarget	1	487592
1904.7808007988676	1.0	NonTarget	1	487624
1904.9058007693893	1.0	NonTarget	1	487656
1905.0308007399108	1.0	NonTarget	1	487688
1905.1558007104322	1.0	NonTarget	1	487720
1905.2808006809537	1.0	NonTarget	1	487752
1905.4058006514751	1.0	NonTarget	1	487784
1905.5308006219966	1.0	NonTarget	1	487816
1905.655800592518	1.0	NonTarget	1	487848
1905.7808005630395	1.0	NonTarget	1	487880
1905.905800533561	1.0	NonTarget	1	487912
1906.0308005040824	1.0	NonTarget	1	487944
1906.155800474604	1.0	NonTarget	1	487976
1906.2808004451254	1.0	NonTarget	1	488008
1906.4058004156468	1.0	NonTarget	1	488040
1906.5308003861685	1.0	NonTarget	1	488072
1906.65580035669	1.0	NonTarget	1	488104
1906.7808003272114	1.0	NonTarget	1	488136
1906.9058002977329	1.0	NonTarget	1	488168
1907.0308002682543	1.0	NonTarget	1	488200
1907.1558002387758	1.0	NonTarget	1	488232
1907.2808002092972	1.0	NonTarget	1	488264
1907.4058001798187	1.0	NonTarget	1	488296
1907.5308001503402	1.0	NonTarget	1	488328
1907.6558001208616	1.0	NonTarget	1	488360
1907.780800091383	1.0	NonTarget	1	488392
1907.9058000619045	1.0	NonTarget	1	488424
1908.030800032426	1.0	NonTarget	1	488456
1908.1558000029477	1.0	NonTarget	1	488488
1908.2807999734691	1.0	NonTarget	1	488520
1908.4057999439906	1.0	NonTarget	1	488552
1908.530799914512	1.0	NonTarget	1	488584
1908.6557998850335	1.0	NonTarget	1	488616
1908.780799855555	1.0	NonTarget	1	488648
1908.9057998260764	1.0	NonTarget	1	488680
1909.0307997965979	1.0	NonTarget	1	488712
1909.1557997671193	1.0	NonTarget	1	488744
1909.2807997376408	1.0	NonTarget	1	488776
1909.4057997081622	1.0	NonTarget	1	488808
1915.5307982637146	1.0	NonTarget	1	490376
1915.655798234236	1.0	NonTarget	1	490408
1915.7807982047575	1.0	NonTarget	1	490440
1915.905798175279	1.0	NonTarget	1	490472
1916.0307981458004	1.0	NonTarget	1	490504
1916.1557981163219	1.0	NonTarget	1	490536
1916.2807980868433	1.0	NonTarget	1	490568
1916.405798057365	1.0	NonTarget	1	490600
1916.5307980278865	1.0	NonTarget	1	490632
1916.655797998408	1.0	NonTarget	1	490664
1916.7807979689294	1.0	NonTarget	1	490696
1916.9057979394508	1.0	NonTarget	1	490728
1917.0307979099723	1.0	NonTarget	1	490760
1917.1557978804938	1.0	NonTarget	1	490792
1917.2807978510152	1.0	NonTarget	1	490824
1917.4057978215367	1.0	NonTarget	1	490856
1917.5307977920581	1.0	NonTarget	1	490888
1917.6557977625796	1.0	NonTarget	1	490920
1917.780797733101	1.0	NonTarget	1	490952
1917.9057977036225	1.0	NonTarget	1	490984
1918.0307976741442	1.0	NonTarget	1	491016
1918.1557976446657	1.0	NonTarget	1	491048
1918.280797615187	1.0	NonTarget	1	491080
1918.4057975857086	1.0	NonTarget	1	491112
1918.53079755623	1.0	NonTarget	1	491144
1918.6557975267515	1.0	NonTarget	1	491176
1918.780797497273	1.0	NonTarget	1	491208
1918.9057974677944	1.0	NonTarget	1	491240
1919.0307974383159	1.0	NonTarget	1	491272
1919.1557974088373	1.0	NonTarget	1	491304
1919.2807973793588	1.0	NonTarget	1	491336
1919.4057973498802	1.0	NonTarget	1	491368
1919.5307973204017	1.0	NonTarget	1	491400
1919.6557972909234	1.0	NonTarget	1	491432
1919.7807972614448	1.0	NonTarget	1	491464
1919.9057972319663	1.0	NonTarget	1	491496
1920.0307972024877	1.0	NonTarget	1	491528
1920.1557971730092	1.0	NonTarget	1	491560
1920.2807971435307	1.0	NonTarget	1	491592
1920.4057971140521	1.0	NonTarget	1	491624
1920.5307970845736	1.0	NonTarget	1	491656
1920.655797055095	1.0	NonTarget	1	491688
1920.7807970256165	1.0	NonTarget	1	491720
1920.905796996138	1.0	NonTarget	1	491752
1921.0307969666594	1.0	NonTarget	1	491784
1921.1557969371809	1.0	NonTarget	1	491816
1921.2807969077026	1.0	NonTarget	1	491848
1921.405796878224	1.0	NonTarget	1	491880
1921.5307968487455	1.0	NonTarget	1	491912
1921.655796819267	1.0	NonTarget	1	491944
1921.7807967897884	1.0	NonTarget	1	491976
1921.9057967603098	1.0	NonTarget	1	492008
1922.0307967308313	1.0	NonTarget	1	492040
1922.1557967013528	1.0	NonTarget	1	492072
1922.2807966718742	1.0	NonTarget	1	492104
1922.4057966423957	1.0	NonTarget	1	492136
1922.5307966129171	1.0	NonTarget	1	492168
1922.6557965834386	1.0	NonTarget	1	492200
1922.78079655396	1.0	NonTarget	1	492232
1922.9057965244817	1.0	NonTarget	1	492264
1923.0307964950032	1.0	NonTarget	1	492296
1923.1557964655246	1.0	NonTarget	1	492328
1923.280796436046	1.0	NonTarget	1	492360
1923.4057964065676	1.0	NonTarget	1	492392
1923.530796377089	1.0	NonTarget	1	492424
1923.6557963476105	1.0	NonTarget	1	492456
1923.780796318132	1.0	NonTarget	1	492488
1923.9057962886534	1.0	NonTarget	1	492520
1924.0307962591748	1.0	NonTarget	1	492552
1924.1557962296963	1.0	NonTarget	1	492584
1924.2807962002178	1.0	NonTarget	1	492616
1924.4057961707392	1.0	NonTarget	1	492648
1924.530796141261	1.0	NonTarget	1	492680
1924.6557961117824	1.0	NonTarget	1	492712
1924.7807960823038	1.0	NonTarget	1	492744
1924.9057960528253	1.0	NonTarget	1	492776
1925.0307960233467	1.0	NonTarget	1	492808
1925.1557959938682	1.0	NonTarget	1	492840
1925.2807959643897	1.0	NonTarget	1	492872
1925.405795934911	1.0	NonTarget	1	492904
1925.5307959054326	1.0	NonTarget	1	492936
1925.655795875954	1.0	NonTarget	1	492968
1925.7807958464755	1.0	NonTarget	1	493000
1925.905795816997	1.0	NonTarget	1	493032
1926.0307957875184	1.0	NonTarget	1	493064
1926.15579575804	1.0	NonTarget	1	493096
1926.2807957285615	1.0	NonTarget	1	493128
1926.405795699083	1.0	NonTarget	1	493160
1926.5307956696045	1.0	NonTarget	1	493192
1926.655795640126	1.0	NonTarget	1	493224
1926.7807956106474	1.0	NonTarget	1	493256
1926.9057955811688	1.0	NonTarget	1	493288
1927.0307955516903	1.0	NonTarget	1	493320
1927.1557955222117	1.0	NonTarget	1	493352
1927.2807954927332	1.0	NonTarget	1	493384
1927.4057954632547	1.0	NonTarget	1	493416
1927.5307954337761	1.0	NonTarget	1	493448
1927.6557954042976	1.0	NonTarget	1	493480
1927.7807953748193	1.0	NonTarget	1	493512
1927.9057953453407	1.0	NonTarget	1	493544
1928.0307953158622	1.0	NonTarget	1	493576
1928.1557952863836	1.0	NonTarget	1	493608
1928.280795256905	1.0	NonTarget	1	493640
1928.4057952274266	1.0	NonTarget	1	493672
1928.530795197948	1.0	NonTarget	1	493704
1928.6557951684695	1.0	NonTarget	1	493736
1928.780795138991	1.0	NonTarget	1	493768
1928.9057951095124	1.0	NonTarget	1	493800
1929.0307950800338	1.0	NonTarget	1	493832
1929.1557950505553	1.0	NonTarget	1	493864
1929.2807950210768	1.0	NonTarget	1	493896
1929.4057949915982	1.0	NonTarget	1	493928
1929.53079496212	1.0	NonTarget	1	493960
1929.6557949326414	1.0	NonTarget	1	493992
1929.7807949031628	1.0	NonTarget	1	494024
1929.9057948736843	1.0	NonTarget	1	494056
1930.0307948442057	1.0	NonTarget	1	494088
1930.1557948147272	1.0	NonTarget	1	494120
1930.2807947852486	1.0	NonTarget	1	494152
1930.40579475577	1.0	NonTarget	1	494184
1936.5307933113224	1.0	NonTarget	1	495752
1936.655793281844	1.0	NonTarget	1	495784
1936.7807932523654	1.0	NonTarget	1	495816
1936.9057932228868	1.0	NonTarget	1	495848
1937.0307931934083	1.0	NonTarget	1	495880
1937.1557931639297	1.0	NonTarget	1	495912
1937.2807931344512	1.0	NonTarget	1	495944
1937.4057931049726	1.0	NonTarget	1	495976
1937.530793075494	1.0	NonTarget	1	496008
1937.6557930460158	1.0	NonTarget	1	496040
1937.7807930165372	1.0	NonTarget	1	496072
1937.9057929870587	1.0	NonTarget	1	496104
1938.0307929575802	1.0	NonTarget	1	496136
1938.1557929281016	1.0	NonTarget	1	496168
1938.280792898623	1.0	NonTarget	1	496200
1938.4057928691445	1.0	NonTarget	1	496232
1938.530792839666	1.0	NonTarget	1	496264
1938.6557928101874	1.0	NonTarget	1	496296
1938.780792780709	1.0	NonTarget	1	496328
1938.9057927512304	1.0	NonTarget	1	496360
1939.0307927217518	1.0	NonTarget	1	496392
1939.1557926922733	1.0	NonTarget	1	496424
1939.280792662795	1.0	NonTarget	1	496456
1939.4057926333164	1.0	NonTarget	1	496488
1939.5307926038379	1.0	NonTarget	1	496520
1939.6557925743593	1.0	NonTarget	1	496552
1939.7807925448808	1.0	NonTarget	1	496584
1939.9057925154023	1.0	NonTarget	1	496616
1940.0307924859237	1.0	NonTarget	1	496648
1940.1557924564452	1.0	NonTarget	1	496680
1940.2807924269666	1.0	NonTarget	1	496712
1940.405792397488	1.0	NonTarget	1	496744
1940.5307923680095	1.0	NonTarget	1	496776
1940.655792338531	1.0	NonTarget	1	496808
1940.7807923090525	1.0	NonTarget	1	496840
1940.9057922795741	1.0	NonTarget	1	496872
1941.0307922500956	1.0	NonTarget	1	496904
1941.155792220617	1.0	NonTarget	1	496936
1941.2807921911385	1.0	NonTarget	1	496968
1941.40579216166	1.0	NonTarget	1	497000
1941.5307921321814	1.0	NonTarget	1	497032
1941.655792102703	1.0	NonTarget	1	497064
1941.7807920732243	1.0	NonTarget	1	497096
1941.9057920437458	1.0	NonTarget	1	497128
1942.0307920142673	1.0	NonTarget	1	497160
1942.1557919847887	1.0	NonTarget	1	497192
1942.2807919553102	1.0	NonTarget	1	497224
1942.4057919258316	1.0	NonTarget	1	497256
1942.5307918963533	1.0	NonTarget	1	497288
1942.6557918668748	1.0	NonTarget	1	497320
1942.7807918373962	1.0	NonTarget	1	497352
1942.9057918079177	1.0	NonTarget	1	497384
1943.0307917784392	1.0	NonTarget	1	497416
1943.1557917489606	1.0	NonTarget	1	497448
1943.280791719482	1.0	NonTarget	1	497480
1943.4057916900035	1.0	NonTarget	1	497512
1943.530791660525	1.0	NonTarget	1	497544
1943.6557916310464	1.0	NonTarget	1	497576
1943.780791601568	1.0	NonTarget	1	497608
1943.9057915720894	1.0	NonTarget	1	497640
1944.0307915426108	1.0	NonTarget	1	497672
1944.1557915131325	1.0	NonTarget	1	497704
1944.280791483654	1.0	NonTarget	1	497736
1944.4057914541754	1.0	NonTarget	1	497768
1944.5307914246969	1.0	NonTarget	1	497800
1944.6557913952183	1.0	NonTarget	1	497832
1944.7807913657398	1.0	NonTarget	1	497864
1944.9057913362612	1.0	NonTarget	1	497896
1945.0307913067827	1.0	NonTarget	1	497928
1945.1557912773042	1.0	NonTarget	1	497960
1945.2807912478256	1.0	NonTarget	1	497992
1945.405791218347	1.0	NonTarget	1	498024
1945.5307911888685	1.0	NonTarget	1	498056
1945.65579115939	1.0	NonTarget	1	498088
1945.7807911299114	1.0	NonTarget	1	498120
1945.9057911004331	1.0	NonTarget	1	498152
1946.0307910709546	1.0	NonTarget	1	498184
1946.155791041476	1.0	NonTarget	1	498216
1946.2807910119975	1.0	NonTarget	1	498248
1946.405790982519	1.0	NonTarget	1	498280
1946.5307909530404	1.0	NonTarget	1	498312
1946.6557909235619	1.0	NonTarget	1	498344
1946.7807908940833	1.0	NonTarget	1	498376
1946.9057908646048	1.0	NonTarget	1	498408
1947.0307908351263	1.0	NonTarget	1	498440
1947.1557908056477	1.0	NonTarget	1	498472
1947.2807907761692	1.0	NonTarget	1	498504
1947.4057907466906	1.0	NonTarget	1	498536
1947.5307907172123	1.0	NonTarget	1	498568
1947.6557906877338	1.0	NonTarget	1	498600
1947.7807906582552	1.0	NonTarget	1	498632
1947.9057906287767	1.0	NonTarget	1	498664
1948.0307905992981	1.0	NonTarget	1	498696
1948.1557905698196	1.0	NonTarget	1	498728
1948.280790540341	1.0	NonTarget	1	498760
1948.4057905108625	1.0	NonTarget	1	498792
1948.530790481384	1.0	NonTarget	1	498824
1948.6557904519054	1.0	NonTarget	1	498856
1948.780790422427	1.0	NonTarget	1	498888
1948.9057903929483	1.0	NonTarget	1	498920
1949.0307903634698	1.0	NonTarget	1	498952
1949.1557903339915	1.0	NonTarget	1	498984
1949.280790304513	1.0	NonTarget	1	499016
1949.4057902750344	1.0	NonTarget	1	499048
1949.5307902455559	1.0	NonTarget	1	499080
1949.6557902160773	1.0	NonTarget	1	499112
1949.7807901865988	1.0	NonTarget	1	499144
1949.9057901571202	1.0	NonTarget	1	499176
1950.0307901276417	1.0	NonTarget	1	499208
1950.1557900981632	1.0	NonTarget	1	499240
1950.2807900686846	1.0	NonTarget	1	499272
1950.405790039206	1.0	NonTarget	1	499304
1950.5307900097275	1.0	NonTarget	1	499336
1950.655789980249	1.0	NonTarget	1	499368
1950.7807899507707	1.0	NonTarget	1	499400
1950.9057899212921	1.0	NonTarget	1	499432
1951.0307898918136	1.0	NonTarget	1	499464
1951.155789862335	1.0	NonTarget	1	499496
1951.2807898328565	1.0	NonTarget	1	499528
1951.405789803378	1.0	NonTarget	1	499560
1957.5307883589303	1.0	NonTarget	1	501128
1957.6557883294518	1.0	NonTarget	1	501160
1957.7807882999732	1.0	NonTarget	1	501192
1957.9057882704947	1.0	NonTarget	1	501224
1958.0307882410161	1.0	NonTarget	1	501256
1958.1557882115376	1.0	NonTarget	1	501288
1958.280788182059	1.0	NonTarget	1	501320
1958.4057881525805	1.0	NonTarget	1	501352
1958.530788123102	1.0	NonTarget	1	501384
1958.6557880936234	1.0	NonTarget	1	501416
1958.7807880641449	1.0	NonTarget	1	501448
1958.9057880346666	1.0	NonTarget	1	501480
1959.030788005188	1.0	NonTarget	1	501512
1959.1557879757095	1.0	NonTarget	1	501544
1959.280787946231	1.0	NonTarget	1	501576
1959.4057879167524	1.0	NonTarget	1	501608
1959.5307878872738	1.0	NonTarget	1	501640
1959.6557878577953	1.0	NonTarget	1	501672
1959.7807878283168	1.0	NonTarget	1	501704
1959.9057877988382	1.0	NonTarget	1	501736
1960.0307877693597	1.0	NonTarget	1	501768
1960.1557877398811	1.0	NonTarget	1	501800
1960.2807877104026	1.0	NonTarget	1	501832
1960.405787680924	1.0	NonTarget	1	501864
1960.5307876514457	1.0	NonTarget	1	501896
1960.6557876219672	1.0	NonTarget	1	501928
1960.7807875924887	1.0	NonTarget	1	501960
1960.90578756301	1.0	NonTarget	1	501992
1961.0307875335316	1.0	NonTarget	1	502024
1961.155787504053	1.0	NonTarget	1	502056
1961.2807874745745	1.0	NonTarget	1	502088
1961.405787445096	1.0	NonTarget	1	502120
1961.5307874156174	1.0	NonTarget	1	502152
1961.6557873861389	1.0	NonTarget	1	502184
1961.7807873566603	1.0	NonTarget	1	502216
1961.9057873271818	1.0	NonTarget	1	502248
1962.0307872977032	1.0	NonTarget	1	502280
1962.155787268225	1.0	NonTarget	1	502312
1962.2807872387464	1.0	NonTarget	1	502344
1962.4057872092678	1.0	NonTarget	1	502376
1962.5307871797893	1.0	NonTarget	1	502408
1962.6557871503107	1.0	NonTarget	1	502440
1962.7807871208322	1.0	NonTarget	1	502472
1962.9057870913537	1.0	NonTarget	1	502504
1963.0307870618751	1.0	NonTarget	1	502536
1963.1557870323966	1.0	NonTarget	1	502568
1963.280787002918	1.0	NonTarget	1	502600
1963.4057869734395	1.0	NonTarget	1	502632
1963.530786943961	1.0	NonTarget	1	502664
1963.6557869144824	1.0	NonTarget	1	502696
1963.7807868850039	1.0	NonTarget	1	502728
1963.9057868555255	1.0	NonTarget	1	502760
1964.030786826047	1.0	NonTarget	1	502792
1964.1557867965685	1.0	NonTarget	1	502824
1964.28078676709	1.0	NonTarget	1	502856
1964.4057867376114	1.0	NonTarget	1	502888
1964.5307867081328	1.0	NonTarget	1	502920
1964.6557866786543	1.0	NonTarget	1	502952
1964.7807866491758	1.0	NonTarget	1	502984
1964.9057866196972	1.0	NonTarget	1	503016
1965.0307865902187	1.0	NonTarget	1	503048
1965.1557865607401	1.0	NonTarget	1	503080
1965.2807865312616	1.0	NonTarget	1	503112
1965.405786501783	1.0	NonTarget	1	503144
1965.5307864723047	1.0	NonTarget	1	503176
1965.6557864428262	1.0	NonTarget	1	503208
1965.7807864133476	1.0	NonTarget	1	503240
1965.905786383869	1.0	NonTarget	1	503272
1966.0307863543906	1.0	NonTarget	1	503304
1966.155786324912	1.0	NonTarget	1	503336
1966.2807862954335	1.0	NonTarget	1	503368
1966.405786265955	1.0	NonTarget	1	503400
1966.5307862364764	1.0	NonTarget	1	503432
1966.6557862069978	1.0	NonTarget	1	503464
1966.7807861775193	1.0	NonTarget	1	503496
1966.9057861480408	1.0	NonTarget	1	503528
1967.0307861185622	1.0	NonTarget	1	503560
1967.155786089084	1.0	NonTarget	1	503592
1967.2807860596054	1.0	NonTarget	1	503624
1967.4057860301268	1.0	NonTarget	1	503656
1967.5307860006483	1.0	NonTarget	1	503688
1967.6557859711697	1.0	NonTarget	1	503720
1967.7807859416912	1.0	NonTarget	1	503752
1967.9057859122127	1.0	NonTarget	1	503784
1968.030785882734	1.0	NonTarget	1	503816
1968.1557858532556	1.0	NonTarget	1	503848
1968.280785823777	1.0	NonTarget	1	503880
1968.4057857942985	1.0	NonTarget	1	503912
1968.53078576482	1.0	NonTarget	1	503944
1968.6557857353414	1.0	NonTarget	1	503976
1968.780785705863	1.0	NonTarget	1	504008
1968.9057856763845	1.0	NonTarget	1	504040
1969.030785646906	1.0	NonTarget	1	504072
1969.1557856174275	1.0	NonTarget	1	504104
1969.280785587949	1.0	NonTarget	1	504136
1969.4057855584704	1.0	NonTarget	1	504168
1969.5307855289918	1.0	NonTarget	1	504200
1969.6557854995133	1.0	NonTarget	1	504232
1969.7807854700347	1.0	NonTarget	1	504264
1969.9057854405562	1.0	NonTarget	1	504296
1970.0307854110777	1.0	NonTarget	1	504328
1970.1557853815991	1.0	NonTarget	1	504360
1970.2807853521206	1.0	NonTarget	1	504392
1970.4057853226423	1.0	NonTarget	1	504424
1970.5307852931637	1.0	NonTarget	1	504456
1970.6557852636852	1.0	NonTarget	1	504488
1970.7807852342066	1.0	NonTarget	1	504520
1970.905785204728	1.0	NonTarget	1	504552
1971.0307851752495	1.0	NonTarget	1	504584
1971.155785145771	1.0	NonTarget	1	504616
1971.2807851162925	1.0	NonTarget	1	504648
1971.405785086814	1.0	NonTarget	1	504680
1971.5307850573354	1.0	NonTarget	1	504712
1971.6557850278568	1.0	NonTarget	1	504744
1971.7807849983783	1.0	NonTarget	1	504776
1971.9057849688998	1.0	NonTarget	1	504808
1972.0307849394214	1.0	NonTarget	1	504840
1972.155784909943	1.0	NonTarget	1	504872
1972.2807848804644	1.0	NonTarget	1	504904
1972.4057848509858	1.0	NonTarget	1	504936
1978.5307834065381	1.0	NonTarget	1	506504
1978.6557833770596	1.0	NonTarget	1	506536
1978.780783347581	1.0	NonTarget	1	506568
1978.9057833181025	1.0	NonTarget	1	506600
1979.030783288624	1.0	NonTarget	1	506632
1979.1557832591454	1.0	NonTarget	1	506664
1979.280783229667	1.0	NonTarget	1	506696
1979.4057832001884	1.0	NonTarget	1	506728
1979.5307831707098	1.0	NonTarget	1	506760
1979.6557831412313	1.0	NonTarget	1	506792
1979.7807831117527	1.0	NonTarget	1	506824
1979.9057830822742	1.0	NonTarget	1	506856
1980.0307830527956	1.0	NonTarget	1	506888
1980.155783023317	1.0	NonTarget	1	506920
1980.2807829938388	1.0	NonTarget	1	506952
1980.4057829643602	1.0	NonTarget	1	506984
1980.5307829348817	1.0	NonTarget	1	507016
1980.6557829054032	1.0	NonTarget	1	507048
1980.7807828759246	1.0	NonTarget	1	507080
1980.905782846446	1.0	NonTarget	1	507112
1981.0307828169675	1.0	NonTarget	1	507144
1981.155782787489	1.0	NonTarget	1	507176
1981.2807827580104	1.0	NonTarget	1	507208
1981.405782728532	1.0	NonTarget	1	507240
1981.5307826990534	1.0	NonTarget	1	507272
1981.6557826695748	1.0	NonTarget	1	507304
1981.7807826400963	1.0	NonTarget	1	507336
1981.905782610618	1.0	NonTarget	1	507368
1982.0307825811394	1.0	NonTarget	1	507400
1982.1557825516609	1.0	NonTarget	1	507432
1982.2807825221823	1.0	NonTarget	1	507464
1982.4057824927038	1.0	NonTarget	1	507496
1982.5307824632253	1.0	NonTarget	1	507528
1982.6557824337467	1.0	NonTarget	1	507560
1982.7807824042682	1.0	NonTarget	1	507592
1982.9057823747896	1.0	NonTarget	1	507624
1983.030782345311	1.0	NonTarget	1	507656
1983.1557823158325	1.0	NonTarget	1	507688
1983.280782286354	1.0	NonTarget	1	507720
1983.4057822568755	1.0	NonTarget	1	507752
1983.5307822273971	1.0	NonTarget	1	507784
1983.6557821979186	1.0	NonTarget	1	507816
1983.78078216844	1.0	NonTarget	1	507848
1983.9057821389615	1.0	NonTarget	1	507880
1984.030782109483	1.0	NonTarget	1	507912
1984.1557820800044	1.0	NonTarget	1	507944
1984.2807820505259	1.0	NonTarget	1	507976
1984.4057820210473	1.0	NonTarget	1	508008
1984.5307819915688	1.0	NonTarget	1	508040
1984.6557819620903	1.0	NonTarget	1	508072
1984.7807819326117	1.0	NonTarget	1	508104
1984.9057819031332	1.0	NonTarget	1	508136
1985.0307818736546	1.0	NonTarget	1	508168
1985.1557818441763	1.0	NonTarget	1	508200
1985.2807818146978	1.0	NonTarget	1	508232
1985.4057817852192	1.0	NonTarget	1	508264
1985.5307817557407	1.0	NonTarget	1	508296
1985.6557817262621	1.0	NonTarget	1	508328
1985.7807816967836	1.0	NonTarget	1	508360
1985.905781667305	1.0	NonTarget	1	508392
1986.0307816378265	1.0	NonTarget	1	508424
1986.155781608348	1.0	NonTarget	1	508456
1986.2807815788694	1.0	NonTarget	1	508488
1986.405781549391	1.0	NonTarget	1	508520
1986.5307815199124	1.0	NonTarget	1	508552
1986.6557814904338	1.0	NonTarget	1	508584
1986.7807814609555	1.0	NonTarget	1	508616
1986.905781431477	1.0	NonTarget	1	508648
1987.0307814019984	1.0	NonTarget	1	508680
1987.1557813725199	1.0	NonTarget	1	508712
1987.2807813430413	1.0	NonTarget	1	508744
1987.4057813135628	1.0	NonTarget	1	508776
1987.5307812840842	1.0	NonTarget	1	508808
1987.6557812546057	1.0	NonTarget	1	508840
1987.7807812251272	1.0	NonTarget	1	508872
1987.9057811956486	1.0	NonTarget	1	508904
1988.03078116617	1.0	NonTarget	1	508936
1988.1557811366915	1.0	NonTarget	1	508968
1988.280781107213	1.0	NonTarget	1	509000
1988.4057810777347	1.0	NonTarget	1	509032
1988.5307810482561	1.0	NonTarget	1	509064
1988.6557810187776	1.0	NonTarget	1	509096
1988.780780989299	1.0	NonTarget	1	509128
1988.9057809598205	1.0	NonTarget	1	509160
1989.030780930342	1.0	NonTarget	1	509192
1989.1557809008634	1.0	NonTarget	1	509224
1989.2807808713849	1.0	NonTarget	1	509256
1989.4057808419063	1.0	NonTarget	1	509288
1989.5307808124278	1.0	NonTarget	1	509320
1989.6557807829493	1.0	NonTarget	1	509352
1989.7807807534707	1.0	NonTarget	1	509384
1989.9057807239922	1.0	NonTarget	1	509416
1990.0307806945139	1.0	NonTarget	1	509448
1990.1557806650353	1.0	NonTarget	1	509480
1990.2807806355568	1.0	NonTarget	1	509512
1990.4057806060782	1.0	NonTarget	1	509544
1990.5307805765997	1.0	NonTarget	1	509576
1990.6557805471211	1.0	NonTarget	1	509608
1990.7807805176426	1.0	NonTarget	1	509640
1990.905780488164	1.0	NonTarget	1	509672
1991.0307804586855	1.0	NonTarget	1	509704
1991.155780429207	1.0	NonTarget	1	509736
1991.2807803997284	1.0	NonTarget	1	509768
1991.4057803702499	1.0	NonTarget	1	509800
1991.5307803407713	1.0	NonTarget	1	509832
1991.655780311293	1.0	NonTarget	1	509864
1991.7807802818145	1.0	NonTarget	1	509896
1991.905780252336	1.0	NonTarget	1	509928
1992.0307802228574	1.0	NonTarget	1	509960
1992.1557801933789	1.0	NonTarget	1	509992
1992.2807801639003	1.0	NonTarget	1	510024
1992.4057801344218	1.0	NonTarget	1	510056
1992.5307801049432	1.0	NonTarget	1	510088
1992.6557800754647	1.0	NonTarget	1	510120
1992.7807800459861	1.0	NonTarget	1	510152
1992.9057800165076	1.0	NonTarget	1	510184
1993.030779987029	1.0	NonTarget	1	510216
1993.1557799575505	1.0	NonTarget	1	510248
1993.2807799280722	1.0	NonTarget	1	510280
1993.4057798985937	1.0	NonTarget	1	510312
1999.5307784541458	1.0	NonTarget	1	511880
1999.6557784246672	1.0	NonTarget	1	511912
1999.7807783951887	1.0	NonTarget	1	511944
1999.9057783657104	1.0	NonTarget	1	511976
2000.0307783362318	1.0	NonTarget	1	512008
2000.1557783067533	1.0	NonTarget	1	512040
2000.2807782772747	1.0	NonTarget	1	512072
2000.4057782477962	1.0	NonTarget	1	512104
2000.5307782183177	1.0	NonTarget	1	512136
2000.6557781888391	1.0	NonTarget	1	512168
2000.7807781593606	1.0	NonTarget	1	512200
2000.905778129882	1.0	NonTarget	1	512232
2001.0307781004035	1.0	NonTarget	1	512264
2001.155778070925	1.0	NonTarget	1	512296
2001.2807780414464	1.0	NonTarget	1	512328
2001.4057780119679	1.0	NonTarget	1	512360
2001.5307779824896	1.0	NonTarget	1	512392
2001.655777953011	1.0	NonTarget	1	512424
2001.7807779235325	1.0	NonTarget	1	512456
2001.905777894054	1.0	NonTarget	1	512488
2002.0307778645754	1.0	NonTarget	1	512520
2002.1557778350968	1.0	NonTarget	1	512552
2002.2807778056183	1.0	NonTarget	1	512584
2002.4057777761398	1.0	NonTarget	1	512616
2002.5307777466612	1.0	NonTarget	1	512648
2002.6557777171827	1.0	NonTarget	1	512680
2002.7807776877041	1.0	NonTarget	1	512712
2002.9057776582256	1.0	NonTarget	1	512744
2003.030777628747	1.0	NonTarget	1	512776
2003.1557775992687	1.0	NonTarget	1	512808
2003.2807775697902	1.0	NonTarget	1	512840
2003.4057775403116	1.0	NonTarget	1	512872
2003.530777510833	1.0	NonTarget	1	512904
2003.6557774813546	1.0	NonTarget	1	512936
2003.780777451876	1.0	NonTarget	1	512968
2003.9057774223975	1.0	NonTarget	1	513000
2004.030777392919	1.0	NonTarget	1	513032
2004.1557773634404	1.0	NonTarget	1	513064
2004.2807773339619	1.0	NonTarget	1	513096
2004.4057773044833	1.0	NonTarget	1	513128
2004.5307772750048	1.0	NonTarget	1	513160
2004.6557772455262	1.0	NonTarget	1	513192
2004.780777216048	1.0	NonTarget	1	513224
2004.9057771865694	1.0	NonTarget	1	513256
2005.0307771570908	1.0	NonTarget	1	513288
2005.1557771276123	1.0	NonTarget	1	513320
2005.2807770981337	1.0	NonTarget	1	513352
2005.4057770686552	1.0	NonTarget	1	513384
2005.5307770391767	1.0	NonTarget	1	513416
2005.655777009698	1.0	NonTarget	1	513448
2005.7807769802196	1.0	NonTarget	1	513480
2005.905776950741	1.0	NonTarget	1	513512
2006.0307769212625	1.0	NonTarget	1	513544
2006.155776891784	1.0	NonTarget	1	513576
2006.2807768623054	1.0	NonTarget	1	513608
2006.405776832827	1.0	NonTarget	1	513640
2006.5307768033485	1.0	NonTarget	1	513672
2006.65577677387	1.0	NonTarget	1	513704
2006.7807767443915	1.0	NonTarget	1	513736
2006.905776714913	1.0	NonTarget	1	513768
2007.0307766854344	1.0	NonTarget	1	513800
2007.1557766559558	1.0	NonTarget	1	513832
2007.2807766264773	1.0	NonTarget	1	513864
2007.4057765969987	1.0	NonTarget	1	513896
2007.5307765675202	1.0	NonTarget	1	513928
2007.6557765380417	1.0	NonTarget	1	513960
2007.7807765085631	1.0	NonTarget	1	513992
2007.9057764790846	1.0	NonTarget	1	514024
2008.0307764496063	1.0	NonTarget	1	514056
2008.1557764201277	1.0	NonTarget	1	514088
2008.2807763906492	1.0	NonTarget	1	514120
2008.4057763611706	1.0	NonTarget	1	514152
2008.530776331692	1.0	NonTarget	1	514184
2008.6557763022136	1.0	NonTarget	1	514216
2008.780776272735	1.0	NonTarget	1	514248
2008.9057762432565	1.0	NonTarget	1	514280
2009.030776213778	1.0	NonTarget	1	514312
2009.1557761842994	1.0	NonTarget	1	514344
2009.2807761548208	1.0	NonTarget	1	514376
2009.4057761253423	1.0	NonTarget	1	514408
2009.5307760958638	1.0	NonTarget	1	514440
2009.6557760663854	1.0	NonTarget	1	514472
2009.780776036907	1.0	NonTarget	1	514504
2009.9057760074284	1.0	NonTarget	1	514536
2010.0307759779498	1.0	NonTarget	1	514568
2010.1557759484713	1.0	NonTarget	1	514600
2010.2807759189927	1.0	NonTarget	1	514632
2010.4057758895142	1.0	NonTarget	1	514664
2010.5307758600356	1.0	NonTarget	1	514696
2010.655775830557	1.0	NonTarget	1	514728
2010.7807758010786	1.0	NonTarget	1	514760
2010.9057757716	1.0	NonTarget	1	514792
2011.0307757421215	1.0	NonTarget	1	514824
2011.155775712643	1.0	NonTarget	1	514856
2011.2807756831646	1.0	NonTarget	1	514888
2011.405775653686	1.0	NonTarget	1	514920
2011.5307756242075	1.0	NonTarget	1	514952
2011.655775594729	1.0	NonTarget	1	514984
2011.7807755652505	1.0	NonTarget	1	515016
2011.905775535772	1.0	NonTarget	1	515048
2012.0307755062934	1.0	NonTarget	1	515080
2012.1557754768148	1.0	NonTarget	1	515112
2012.2807754473363	1.0	NonTarget	1	515144
2012.4057754178577	1.0	NonTarget	1	515176
2012.5307753883792	1.0	NonTarget	1	515208
2012.6557753589007	1.0	NonTarget	1	515240
2012.780775329422	1.0	NonTarget	1	515272
2012.9057752999436	1.0	NonTarget	1	515304
2013.0307752704653	1.0	NonTarget	1	515336
2013.1557752409867	1.0	NonTarget	1	515368
2013.2807752115082	1.0	NonTarget	1	515400
2013.4057751820296	1.0	NonTarget	1	515432
2013.530775152551	1.0	NonTarget	1	515464
2013.6557751230725	1.0	NonTarget	1	515496
2013.780775093594	1.0	NonTarget	1	515528
2013.9057750641155	1.0	NonTarget	1	515560
2014.030775034637	1.0	NonTarget	1	515592
2014.1557750051584	1.0	NonTarget	1	515624
2014.2807749756798	1.0	NonTarget	1	515656
2014.4057749462013	1.0	NonTarget	1	515688
2020.5307735017536	1.0	NonTarget	1	517256
2020.655773472275	1.0	NonTarget	1	517288
2020.7807734427965	1.0	NonTarget	1	517320
2020.905773413318	1.0	NonTarget	1	517352
2021.0307733838395	1.0	NonTarget	1	517384
2021.1557733543611	1.0	NonTarget	1	517416
2021.2807733248826	1.0	NonTarget	1	517448
2021.405773295404	1.0	NonTarget	1	517480
2021.5307732659255	1.0	NonTarget	1	517512
2021.655773236447	1.0	NonTarget	1	517544
2021.7807732069684	1.0	NonTarget	1	517576
2021.90577317749	1.0	NonTarget	1	517608
2022.0307731480113	1.0	NonTarget	1	517640
2022.1557731185328	1.0	NonTarget	1	517672
2022.2807730890543	1.0	NonTarget	1	517704
2022.4057730595757	1.0	NonTarget	1	517736
2022.5307730300972	1.0	NonTarget	1	517768
2022.6557730006186	1.0	NonTarget	1	517800
2022.7807729711403	1.0	NonTarget	1	517832
2022.9057729416618	1.0	NonTarget	1	517864
2023.0307729121832	1.0	NonTarget	1	517896
2023.1557728827047	1.0	NonTarget	1	517928
2023.2807728532262	1.0	NonTarget	1	517960
2023.4057728237476	1.0	NonTarget	1	517992
2023.530772794269	1.0	NonTarget	1	518024
2023.6557727647905	1.0	NonTarget	1	518056
2023.780772735312	1.0	NonTarget	1	518088
2023.9057727058334	1.0	NonTarget	1	518120
2024.030772676355	1.0	NonTarget	1	518152
2024.1557726468764	1.0	NonTarget	1	518184
2024.2807726173978	1.0	NonTarget	1	518216
2024.4057725879195	1.0	NonTarget	1	518248
2024.530772558441	1.0	NonTarget	1	518280
2024.6557725289624	1.0	NonTarget	1	518312
2024.7807724994839	1.0	NonTarget	1	518344
2024.9057724700053	1.0	NonTarget	1	518376
2025.0307724405268	1.0	NonTarget	1	518408
2025.1557724110482	1.0	NonTarget	1	518440
2025.2807723815697	1.0	NonTarget	1	518472
2025.4057723520912	1.0	NonTarget	1	518504
2025.5307723226126	1.0	NonTarget	1	518536
2025.655772293134	1.0	NonTarget	1	518568
2025.7807722636555	1.0	NonTarget	1	518600
2025.905772234177	1.0	NonTarget	1	518632
2026.0307722046987	1.0	NonTarget	1	518664
2026.1557721752201	1.0	NonTarget	1	518696
2026.2807721457416	1.0	NonTarget	1	518728
2026.405772116263	1.0	NonTarget	1	518760
2026.5307720867845	1.0	NonTarget	1	518792
2026.655772057306	1.0	NonTarget	1	518824
2026.7807720278274	1.0	NonTarget	1	518856
2026.9057719983489	1.0	NonTarget	1	518888
2027.0307719688703	1.0	NonTarget	1	518920
2027.1557719393918	1.0	NonTarget	1	518952
2027.2807719099133	1.0	NonTarget	1	518984
2027.4057718804347	1.0	NonTarget	1	519016
2027.5307718509562	1.0	NonTarget	1	519048
2027.6557718214779	1.0	NonTarget	1	519080
2027.7807717919993	1.0	NonTarget	1	519112
2027.9057717625208	1.0	NonTarget	1	519144
2028.0307717330422	1.0	NonTarget	1	519176
2028.1557717035637	1.0	NonTarget	1	519208
2028.2807716740851	1.0	NonTarget	1	519240
2028.4057716446066	1.0	NonTarget	1	519272
2028.530771615128	1.0	NonTarget	1	519304
2028.6557715856495	1.0	NonTarget	1	519336
2028.780771556171	1.0	NonTarget	1	519368
2028.9057715266924	1.0	NonTarget	1	519400
2029.030771497214	1.0	NonTarget	1	519432
2029.1557714677353	1.0	NonTarget	1	519464
2029.280771438257	1.0	NonTarget	1	519496
2029.4057714087785	1.0	NonTarget	1	519528
2029.5307713793	1.0	NonTarget	1	519560
2029.6557713498214	1.0	NonTarget	1	519592
2029.7807713203429	1.0	NonTarget	1	519624
2029.9057712908643	1.0	NonTarget	1	519656
2030.0307712613858	1.0	NonTarget	1	519688
2030.1557712319072	1.0	NonTarget	1	519720
2030.2807712024287	1.0	NonTarget	1	519752
2030.4057711729502	1.0	NonTarget	1	519784
2030.5307711434716	1.0	NonTarget	1	519816
2030.655771113993	1.0	NonTarget	1	519848
2030.7807710845145	1.0	NonTarget	1	519880
2030.905771055036	1.0	NonTarget	1	519912
2031.0307710255577	1.0	NonTarget	1	519944
2031.1557709960791	1.0	NonTarget	1	519976
2031.2807709666006	1.0	NonTarget	1	520008
2031.405770937122	1.0	NonTarget	1	520040
2031.5307709076435	1.0	NonTarget	1	520072
2031.655770878165	1.0	NonTarget	1	520104
2031.7807708486864	1.0	NonTarget	1	520136
2031.9057708192079	1.0	NonTarget	1	520168
2032.0307707897293	1.0	NonTarget	1	520200
2032.1557707602508	1.0	NonTarget	1	520232
2032.2807707307722	1.0	NonTarget	1	520264
2032.4057707012937	1.0	NonTarget	1	520296
2032.5307706718152	1.0	NonTarget	1	520328
2032.6557706423368	1.0	NonTarget	1	520360
2032.7807706128583	1.0	NonTarget	1	520392
2032.9057705833798	1.0	NonTarget	1	520424
2033.0307705539012	1.0	NonTarget	1	520456
2033.1557705244227	1.0	NonTarget	1	520488
2033.2807704949441	1.0	NonTarget	1	520520
2033.4057704654656	1.0	NonTarget	1	520552
2033.530770435987	1.0	NonTarget	1	520584
2033.6557704065085	1.0	NonTarget	1	520616
2033.78077037703	1.0	NonTarget	1	520648
2033.9057703475514	1.0	NonTarget	1	520680
2034.0307703180729	1.0	NonTarget	1	520712
2034.1557702885943	1.0	NonTarget	1	520744
2034.280770259116	1.0	NonTarget	1	520776
2034.4057702296375	1.0	NonTarget	1	520808
2034.530770200159	1.0	NonTarget	1	520840
2034.6557701706804	1.0	NonTarget	1	520872
2034.7807701412019	1.0	NonTarget	1	520904
2034.9057701117233	1.0	NonTarget	1	520936
2035.0307700822448	1.0	NonTarget	1	520968
2035.1557700527662	1.0	NonTarget	1	521000
2035.2807700232877	1.0	NonTarget	1	521032
2035.4057699938091	1.0	NonTarget	1	521064
2041.5307685493615	1.0	NonTarget	1	522632
2041.655768519883	1.0	NonTarget	1	522664
2041.7807684904044	1.0	NonTarget	1	522696
2041.9057684609259	1.0	NonTarget	1	522728
2042.0307684314473	1.0	NonTarget	1	522760
2042.1557684019688	1.0	NonTarget	1	522792
2042.2807683724902	1.0	NonTarget	1	522824
2042.405768343012	1.0	NonTarget	1	522856
2042.5307683135334	1.0	NonTarget	1	522888
2042.6557682840548	1.0	NonTarget	1	522920
2042.7807682545763	1.0	NonTarget	1	522952
2042.9057682250977	1.0	NonTarget	1	522984
2043.0307681956192	1.0	NonTarget	1	523016
2043.1557681661407	1.0	NonTarget	1	523048
2043.2807681366621	1.0	NonTarget	1	523080
2043.4057681071836	1.0	NonTarget	1	523112
2043.530768077705	1.0	NonTarget	1	523144
2043.6557680482265	1.0	NonTarget	1	523176
2043.780768018748	1.0	NonTarget	1	523208
2043.9057679892694	1.0	NonTarget	1	523240
2044.030767959791	1.0	NonTarget	1	523272
2044.1557679303125	1.0	NonTarget	1	523304
2044.280767900834	1.0	NonTarget	1	523336
2044.4057678713555	1.0	NonTarget	1	523368
2044.530767841877	1.0	NonTarget	1	523400
2044.6557678123984	1.0	NonTarget	1	523432
2044.7807677829198	1.0	NonTarget	1	523464
2044.9057677534413	1.0	NonTarget	1	523496
2045.0307677239628	1.0	NonTarget	1	523528
2045.1557676944842	1.0	NonTarget	1	523560
2045.2807676650057	1.0	NonTarget	1	523592
2045.4057676355271	1.0	NonTarget	1	523624
2045.5307676060486	1.0	NonTarget	1	523656
2045.6557675765703	1.0	NonTarget	1	523688
2045.7807675470917	1.0	NonTarget	1	523720
2045.9057675176132	1.0	NonTarget	1	523752
2046.0307674881346	1.0	NonTarget	1	523784
2046.155767458656	1.0	NonTarget	1	523816
2046.2807674291776	1.0	NonTarget	1	523848
2046.405767399699	1.0	NonTarget	1	523880
2046.5307673702205	1.0	NonTarget	1	523912
2046.655767340742	1.0	NonTarget	1	523944
2046.7807673112634	1.0	NonTarget	1	523976
2046.9057672817848	1.0	NonTarget	1	524008
2047.0307672523063	1.0	NonTarget	1	524040
2047.1557672228278	1.0	NonTarget	1	524072
2047.2807671933492	1.0	NonTarget	1	524104
2047.405767163871	1.0	NonTarget	1	524136
2047.5307671343924	1.0	NonTarget	1	524168
2047.6557671049138	1.0	NonTarget	1	524200
2047.7807670754353	1.0	NonTarget	1	524232
2047.9057670459567	1.0	NonTarget	1	524264
2048.030767016478	1.0	NonTarget	1	524296
2048.155766987	1.0	NonTarget	1	524328
2048.2807669575213	1.0	NonTarget	1	524360
2048.405766928043	1.0	NonTarget	1	524392
2048.5307668985643	1.0	NonTarget	1	524424
2048.6557668690857	1.0	NonTarget	1	524456
2048.780766839607	1.0	NonTarget	1	524488
2048.9057668101286	1.0	NonTarget	1	524520
2049.03076678065	1.0	NonTarget	1	524552
2049.1557667511715	1.0	NonTarget	1	524584
2049.280766721693	1.0	NonTarget	1	524616
2049.4057666922145	1.0	NonTarget	1	524648
2049.530766662736	1.0	NonTarget	1	524680
2049.6557666332574	1.0	NonTarget	1	524712
2049.780766603779	1.0	NonTarget	1	524744
2049.9057665743003	1.0	NonTarget	1	524776
2050.0307665448217	1.0	NonTarget	1	524808
2050.155766515343	1.0	NonTarget	1	524840
2050.2807664858647	1.0	NonTarget	1	524872
2050.405766456386	1.0	NonTarget	1	524904
2050.5307664269076	1.0	NonTarget	1	524936
2050.655766397429	1.0	NonTarget	1	524968
2050.7807663679505	1.0	NonTarget	1	525000
2050.905766338472	1.0	NonTarget	1	525032
2051.0307663089934	1.0	NonTarget	1	525064
2051.155766279515	1.0	NonTarget	1	525096
2051.2807662500363	1.0	NonTarget	1	525128
2051.4057662205582	1.0	NonTarget	1	525160
2051.5307661910797	1.0	NonTarget	1	525192
2051.655766161601	1.0	NonTarget	1	525224
2051.7807661321226	1.0	NonTarget	1	525256
2051.905766102644	1.0	NonTarget	1	525288
2052.0307660731655	1.0	NonTarget	1	525320
2052.155766043687	1.0	NonTarget	1	525352
2052.2807660142084	1.0	NonTarget	1	525384
2052.40576598473	1.0	NonTarget	1	525416
2052.5307659552514	1.0	NonTarget	1	525448
2052.655765925773	1.0	NonTarget	1	525480
2052.7807658962943	1.0	NonTarget	1	525512
2052.9057658668157	1.0	NonTarget	1	525544
2053.030765837337	1.0	NonTarget	1	525576
2053.1557658078586	1.0	NonTarget	1	525608
2053.28076577838	1.0	NonTarget	1	525640
2053.4057657489016	1.0	NonTarget	1	525672
2053.530765719423	1.0	NonTarget	1	525704
2053.6557656899445	1.0	NonTarget	1	525736
2053.780765660466	1.0	NonTarget	1	525768
2053.9057656309874	1.0	NonTarget	1	525800
2054.030765601509	1.0	NonTarget	1	525832
2054.1557655720303	1.0	NonTarget	1	525864
2054.2807655425518	1.0	NonTarget	1	525896
2054.405765513073	1.0	NonTarget	1	525928
2054.5307654835947	1.0	NonTarget	1	525960
2054.6557654541166	1.0	NonTarget	1	525992
2054.780765424638	1.0	NonTarget	1	526024
2054.9057653951595	1.0	NonTarget	1	526056
2055.030765365681	1.0	NonTarget	1	526088
2055.1557653362024	1.0	NonTarget	1	526120
2055.280765306724	1.0	NonTarget	1	526152
2055.4057652772453	1.0	NonTarget	1	526184
2055.530765247767	1.0	NonTarget	1	526216
2055.6557652182883	1.0	NonTarget	1	526248
2055.7807651888097	1.0	NonTarget	1	526280
2055.905765159331	1.0	NonTarget	1	526312
2056.0307651298526	1.0	NonTarget	1	526344
2056.155765100374	1.0	NonTarget	1	526376
2056.2807650708955	1.0	NonTarget	1	526408
2056.405765041417	1.0	NonTarget	1	526440
2062.5307635969693	1.0	NonTarget	1	528008
2062.655763567491	1.0	NonTarget	1	528040
2062.7807635380123	1.0	NonTarget	1	528072
2062.9057635085337	1.0	NonTarget	1	528104
2063.030763479055	1.0	NonTarget	1	528136
2063.1557634495766	1.0	NonTarget	1	528168
2063.280763420098	1.0	NonTarget	1	528200
2063.4057633906195	1.0	NonTarget	1	528232
2063.530763361141	1.0	NonTarget	1	528264
2063.6557633316625	1.0	NonTarget	1	528296
2063.780763302184	1.0	NonTarget	1	528328
2063.9057632727054	1.0	NonTarget	1	528360
2064.030763243227	1.0	NonTarget	1	528392
2064.1557632137483	1.0	NonTarget	1	528424
2064.2807631842697	1.0	NonTarget	1	528456
2064.405763154791	1.0	NonTarget	1	528488
2064.530763125313	1.0	NonTarget	1	528520
2064.6557630958346	1.0	NonTarget	1	528552
2064.780763066356	1.0	NonTarget	1	528584
2064.9057630368775	1.0	NonTarget	1	528616
2065.030763007399	1.0	NonTarget	1	528648
2065.1557629779204	1.0	NonTarget	1	528680
2065.280762948442	1.0	NonTarget	1	528712
2065.4057629189633	1.0	NonTarget	1	528744
2065.530762889485	1.0	NonTarget	1	528776
2065.6557628600062	1.0	NonTarget	1	528808
2065.7807628305277	1.0	NonTarget	1	528840
2065.905762801049	1.0	NonTarget	1	528872
2066.0307627715706	1.0	NonTarget	1	528904
2066.155762742092	1.0	NonTarget	1	528936
2066.2807627126135	1.0	NonTarget	1	528968
2066.405762683135	1.0	NonTarget	1	529000
2066.5307626536564	1.0	NonTarget	1	529032
2066.655762624178	1.0	NonTarget	1	529064
2066.7807625946994	1.0	NonTarget	1	529096
2066.905762565221	1.0	NonTarget	1	529128
2067.0307625357423	1.0	NonTarget	1	529160
2067.1557625062637	1.0	NonTarget	1	529192
2067.280762476785	1.0	NonTarget	1	529224
2067.4057624473066	1.0	NonTarget	1	529256
2067.530762417828	1.0	NonTarget	1	529288
2067.6557623883496	1.0	NonTarget	1	529320
2067.7807623588715	1.0	NonTarget	1	529352
2067.905762329393	1.0	NonTarget	1	529384
2068.0307622999144	1.0	NonTarget	1	529416
2068.155762270436	1.0	NonTarget	1	529448
2068.2807622409573	1.0	NonTarget	1	529480
2068.4057622114788	1.0	NonTarget	1	529512
2068.530762182	1.0	NonTarget	1	529544
2068.6557621525217	1.0	NonTarget	1	529576
2068.780762123043	1.0	NonTarget	1	529608
2068.9057620935646	1.0	NonTarget	1	529640
2069.030762064086	1.0	NonTarget	1	529672
2069.1557620346075	1.0	NonTarget	1	529704
2069.280762005129	1.0	NonTarget	1	529736
2069.4057619756504	1.0	NonTarget	1	529768
2069.530761946172	1.0	NonTarget	1	529800
2069.6557619166933	1.0	NonTarget	1	529832
2069.780761887215	1.0	NonTarget	1	529864
2069.9057618577363	1.0	NonTarget	1	529896
2070.0307618282577	1.0	NonTarget	1	529928
2070.155761798779	1.0	NonTarget	1	529960
2070.2807617693006	1.0	NonTarget	1	529992
2070.405761739822	1.0	NonTarget	1	530024
2070.5307617103435	1.0	NonTarget	1	530056
2070.655761680865	1.0	NonTarget	1	530088
2070.7807616513865	1.0	NonTarget	1	530120
2070.905761621908	1.0	NonTarget	1	530152
2071.03076159243	1.0	NonTarget	1	530184
2071.1557615629513	1.0	NonTarget	1	530216
2071.2807615334727	1.0	NonTarget	1	530248
2071.405761503994	1.0	NonTarget	1	530280
2071.5307614745157	1.0	NonTarget	1	530312
2071.655761445037	1.0	NonTarget	1	530344
2071.7807614155586	1.0	NonTarget	1	530376
2071.90576138608	1.0	NonTarget	1	530408
2072.0307613566015	1.0	NonTarget	1	530440
2072.155761327123	1.0	NonTarget	1	530472
2072.2807612976444	1.0	NonTarget	1	530504
2072.405761268166	1.0	NonTarget	1	530536
2072.5307612386873	1.0	NonTarget	1	530568
2072.655761209209	1.0	NonTarget	1	530600
2072.7807611797302	1.0	NonTarget	1	530632
2072.9057611502517	1.0	NonTarget	1	530664
2073.030761120773	1.0	NonTarget	1	530696
2073.1557610912946	1.0	NonTarget	1	530728
2073.280761061816	1.0	NonTarget	1	530760
2073.4057610323375	1.0	NonTarget	1	530792
2073.530761002859	1.0	NonTarget	1	530824
2073.6557609733804	1.0	NonTarget	1	530856
2073.780760943902	1.0	NonTarget	1	530888
2073.9057609144234	1.0	NonTarget	1	530920
2074.030760884945	1.0	NonTarget	1	530952
2074.1557608554663	1.0	NonTarget	1	530984
2074.2807608259877	1.0	NonTarget	1	531016
2074.4057607965096	1.0	NonTarget	1	531048
2074.530760767031	1.0	NonTarget	1	531080
2074.6557607375526	1.0	NonTarget	1	531112
2074.780760708074	1.0	NonTarget	1	531144
2074.9057606785955	1.0	NonTarget	1	531176
2075.030760649117	1.0	NonTarget	1	531208
2075.1557606196384	1.0	NonTarget	1	531240
2075.28076059016	1.0	NonTarget	1	531272
2075.4057605606813	1.0	NonTarget	1	531304
2075.5307605312028	1.0	NonTarget	1	531336
2075.655760501724	1.0	NonTarget	1	531368
2075.7807604722457	1.0	NonTarget	1	531400
2075.905760442767	1.0	NonTarget	1	531432
2076.0307604132886	1.0	NonTarget	1	531464
2076.15576038381	1.0	NonTarget	1	531496
2076.2807603543315	1.0	NonTarget	1	531528
2076.405760324853	1.0	NonTarget	1	531560
2076.5307602953744	1.0	NonTarget	1	531592
2076.655760265896	1.0	NonTarget	1	531624
2076.7807602364173	1.0	NonTarget	1	531656
2076.905760206939	1.0	NonTarget	1	531688
2077.0307601774603	1.0	NonTarget	1	531720
2077.1557601479817	1.0	NonTarget	1	531752
2077.280760118503	1.0	NonTarget	1	531784
2077.4057600890246	1.0	NonTarget	1	531816
2083.530758644577	1.0	NonTarget	1	533384
2083.6557586150984	1.0	NonTarget	1	533416
2083.78075858562	1.0	NonTarget	1	533448
2083.9057585561413	1.0	NonTarget	1	533480
2084.030758526663	1.0	NonTarget	1	533512
2084.1557584971847	1.0	NonTarget	1	533544
2084.280758467706	1.0	NonTarget	1	533576
2084.4057584382276	1.0	NonTarget	1	533608
2084.530758408749	1.0	NonTarget	1	533640
2084.6557583792705	1.0	NonTarget	1	533672
2084.780758349792	1.0	NonTarget	1	533704
2084.9057583203135	1.0	NonTarget	1	533736
2085.030758290835	1.0	NonTarget	1	533768
2085.1557582613564	1.0	NonTarget	1	533800
2085.280758231878	1.0	NonTarget	1	533832
2085.4057582023993	1.0	NonTarget	1	533864
2085.5307581729207	1.0	NonTarget	1	533896
2085.655758143442	1.0	NonTarget	1	533928
2085.7807581139637	1.0	NonTarget	1	533960
2085.905758084485	1.0	NonTarget	1	533992
2086.0307580550066	1.0	NonTarget	1	534024
2086.155758025528	1.0	NonTarget	1	534056
2086.2807579960495	1.0	NonTarget	1	534088
2086.405757966571	1.0	NonTarget	1	534120
2086.5307579370924	1.0	NonTarget	1	534152
2086.655757907614	1.0	NonTarget	1	534184
2086.7807578781353	1.0	NonTarget	1	534216
2086.905757848657	1.0	NonTarget	1	534248
2087.0307578191782	1.0	NonTarget	1	534280
2087.1557577896997	1.0	NonTarget	1	534312
2087.280757760221	1.0	NonTarget	1	534344
2087.405757730743	1.0	NonTarget	1	534376
2087.5307577012645	1.0	NonTarget	1	534408
2087.655757671786	1.0	NonTarget	1	534440
2087.7807576423074	1.0	NonTarget	1	534472
2087.905757612829	1.0	NonTarget	1	534504
2088.0307575833504	1.0	NonTarget	1	534536
2088.155757553872	1.0	NonTarget	1	534568
2088.2807575243933	1.0	NonTarget	1	534600
2088.4057574949147	1.0	NonTarget	1	534632
2088.530757465436	1.0	NonTarget	1	534664
2088.6557574359576	1.0	NonTarget	1	534696
2088.780757406479	1.0	NonTarget	1	534728
2088.9057573770006	1.0	NonTarget	1	534760
2089.030757347522	1.0	NonTarget	1	534792
2089.1557573180435	1.0	NonTarget	1	534824
2089.280757288565	1.0	NonTarget	1	534856
2089.4057572590864	1.0	NonTarget	1	534888
2089.530757229608	1.0	NonTarget	1	534920
2089.6557572001293	1.0	NonTarget	1	534952
2089.7807571706508	1.0	NonTarget	1	534984
2089.905757141172	1.0	NonTarget	1	535016
2090.0307571116937	1.0	NonTarget	1	535048
2090.155757082215	1.0	NonTarget	1	535080
2090.2807570527366	1.0	NonTarget	1	535112
2090.405757023258	1.0	NonTarget	1	535144
2090.5307569937795	1.0	NonTarget	1	535176
2090.655756964301	1.0	NonTarget	1	535208
2090.780756934823	1.0	NonTarget	1	535240
2090.9057569053443	1.0	NonTarget	1	535272
2091.030756875866	1.0	NonTarget	1	535304
2091.1557568463872	1.0	NonTarget	1	535336
2091.2807568169087	1.0	NonTarget	1	535368
2091.40575678743	1.0	NonTarget	1	535400
2091.5307567579516	1.0	NonTarget	1	535432
2091.655756728473	1.0	NonTarget	1	535464
2091.7807566989945	1.0	NonTarget	1	535496
2091.905756669516	1.0	NonTarget	1	535528
2092.0307566400375	1.0	NonTarget	1	535560
2092.155756610559	1.0	NonTarget	1	535592
2092.2807565810804	1.0	NonTarget	1	535624
2092.405756551602	1.0	NonTarget	1	535656
2092.5307565221233	1.0	NonTarget	1	535688
2092.6557564926447	1.0	NonTarget	1	535720
2092.780756463166	1.0	NonTarget	1	535752
2092.9057564336877	1.0	NonTarget	1	535784
2093.030756404209	1.0	NonTarget	1	535816
2093.1557563747306	1.0	NonTarget	1	535848
2093.280756345252	1.0	NonTarget	1	535880
2093.4057563157735	1.0	NonTarget	1	535912
2093.530756286295	1.0	NonTarget	1	535944
2093.6557562568164	1.0	NonTarget	1	535976
2093.780756227338	1.0	NonTarget	1	536008
2093.9057561978593	1.0	NonTarget	1	536040
2094.0307561683812	1.0	NonTarget	1	536072
2094.1557561389027	1.0	NonTarget	1	536104
2094.280756109424	1.0	NonTarget	1	536136
2094.4057560799456	1.0	NonTarget	1	536168
2094.530756050467	1.0	NonTarget	1	536200
2094.6557560209885	1.0	NonTarget	1	536232
2094.78075599151	1.0	NonTarget	1	536264
2094.9057559620314	1.0	NonTarget	1	536296
2095.030755932553	1.0	NonTarget	1	536328
2095.1557559030744	1.0	NonTarget	1	536360
2095.280755873596	1.0	NonTarget	1	536392
2095.4057558441173	1.0	NonTarget	1	536424
2095.5307558146387	1.0	NonTarget	1	536456
2095.65575578516	1.0	NonTarget	1	536488
2095.7807557556816	1.0	NonTarget	1	536520
2095.905755726203	1.0	NonTarget	1	536552
2096.0307556967246	1.0	NonTarget	1	536584
2096.155755667246	1.0	NonTarget	1	536616
2096.2807556377675	1.0	NonTarget	1	536648
2096.405755608289	1.0	NonTarget	1	536680
2096.5307555788104	1.0	NonTarget	1	536712
2096.655755549332	1.0	NonTarget	1	536744
2096.7807555198533	1.0	NonTarget	1	536776
2096.9057554903748	1.0	NonTarget	1	536808
2097.030755460896	1.0	NonTarget	1	536840
2097.1557554314177	1.0	NonTarget	1	536872
2097.2807554019396	1.0	NonTarget	1	536904
2097.405755372461	1.0	NonTarget	1	536936
2097.5307553429825	1.0	NonTarget	1	536968
2097.655755313504	1.0	NonTarget	1	537000
2097.7807552840254	1.0	NonTarget	1	537032
2097.905755254547	1.0	NonTarget	1	537064
2098.0307552250683	1.0	NonTarget	1	537096
2098.15575519559	1.0	NonTarget	1	537128
2098.2807551661112	1.0	NonTarget	1	537160
2098.4057551366327	1.0	NonTarget	1	537192
2104.530753692185	1.0	NonTarget	1	538760
2104.6557536627065	1.0	NonTarget	1	538792
2104.780753633228	1.0	NonTarget	1	538824
2104.9057536037494	1.0	NonTarget	1	538856
2105.030753574271	1.0	NonTarget	1	538888
2105.1557535447923	1.0	NonTarget	1	538920
2105.280753515314	1.0	NonTarget	1	538952
2105.4057534858352	1.0	NonTarget	1	538984
2105.5307534563567	1.0	NonTarget	1	539016
2105.655753426878	1.0	NonTarget	1	539048
2105.7807533973996	1.0	NonTarget	1	539080
2105.905753367921	1.0	NonTarget	1	539112
2106.0307533384425	1.0	NonTarget	1	539144
2106.155753308964	1.0	NonTarget	1	539176
2106.2807532794855	1.0	NonTarget	1	539208
2106.405753250007	1.0	NonTarget	1	539240
2106.5307532205284	1.0	NonTarget	1	539272
2106.65575319105	1.0	NonTarget	1	539304
2106.7807531615713	1.0	NonTarget	1	539336
2106.9057531320927	1.0	NonTarget	1	539368
2107.030753102614	1.0	NonTarget	1	539400
2107.155753073136	1.0	NonTarget	1	539432
2107.2807530436576	1.0	NonTarget	1	539464
2107.405753014179	1.0	NonTarget	1	539496
2107.5307529847005	1.0	NonTarget	1	539528
2107.655752955222	1.0	NonTarget	1	539560
2107.7807529257434	1.0	NonTarget	1	539592
2107.905752896265	1.0	NonTarget	1	539624
2108.0307528667863	1.0	NonTarget	1	539656
2108.155752837308	1.0	NonTarget	1	539688
2108.2807528078292	1.0	NonTarget	1	539720
2108.4057527783507	1.0	NonTarget	1	539752
2108.530752748872	1.0	NonTarget	1	539784
2108.6557527193936	1.0	NonTarget	1	539816
2108.780752689915	1.0	NonTarget	1	539848
2108.9057526604365	1.0	NonTarget	1	539880
2109.030752630958	1.0	NonTarget	1	539912
2109.1557526014794	1.0	NonTarget	1	539944
2109.280752572001	1.0	NonTarget	1	539976
2109.4057525425224	1.0	NonTarget	1	540008
2109.530752513044	1.0	NonTarget	1	540040
2109.6557524835653	1.0	NonTarget	1	540072
2109.7807524540867	1.0	NonTarget	1	540104
2109.905752424608	1.0	NonTarget	1	540136
2110.0307523951296	1.0	NonTarget	1	540168
2110.155752365651	1.0	NonTarget	1	540200
2110.2807523361726	1.0	NonTarget	1	540232
2110.4057523066945	1.0	NonTarget	1	540264
2110.530752277216	1.0	NonTarget	1	540296
2110.6557522477374	1.0	NonTarget	1	540328
2110.780752218259	1.0	NonTarget	1	540360
2110.9057521887803	1.0	NonTarget	1	540392
2111.0307521593018	1.0	NonTarget	1	540424
2111.155752129823	1.0	NonTarget	1	540456
2111.2807521003447	1.0	NonTarget	1	540488
2111.405752070866	1.0	NonTarget	1	540520
2111.5307520413876	1.0	NonTarget	1	540552
2111.655752011909	1.0	NonTarget	1	540584
2111.7807519824305	1.0	NonTarget	1	540616
2111.905751952952	1.0	NonTarget	1	540648
2112.0307519234734	1.0	NonTarget	1	540680
2112.155751893995	1.0	NonTarget	1	540712
2112.2807518645163	1.0	NonTarget	1	540744
2112.405751835038	1.0	NonTarget	1	540776
2112.5307518055592	1.0	NonTarget	1	540808
2112.6557517760807	1.0	NonTarget	1	540840
2112.780751746602	1.0	NonTarget	1	540872
2112.9057517171236	1.0	NonTarget	1	540904
2113.030751687645	1.0	NonTarget	1	540936
2113.1557516581665	1.0	NonTarget	1	540968
2113.280751628688	1.0	NonTarget	1	541000
2113.4057515992095	1.0	NonTarget	1	541032
2113.530751569731	1.0	NonTarget	1	541064
2113.655751540253	1.0	NonTarget	1	541096
2113.7807515107743	1.0	NonTarget	1	541128
2113.9057514812957	1.0	NonTarget	1	541160
2114.030751451817	1.0	NonTarget	1	541192
2114.1557514223387	1.0	NonTarget	1	541224
2114.28075139286	1.0	NonTarget	1	541256
2114.4057513633816	1.0	NonTarget	1	541288
2114.530751333903	1.0	NonTarget	1	541320
2114.6557513044245	1.0	NonTarget	1	541352
2114.780751274946	1.0	NonTarget	1	541384
2114.9057512454674	1.0	NonTarget	1	541416
2115.030751215989	1.0	NonTarget	1	541448
2115.1557511865103	1.0	NonTarget	1	541480
2115.280751157032	1.0	NonTarget	1	541512
2115.4057511275532	1.0	NonTarget	1	541544
2115.5307510980747	1.0	NonTarget	1	541576
2115.655751068596	1.0	NonTarget	1	541608
2115.7807510391176	1.0	NonTarget	1	541640
2115.905751009639	1.0	NonTarget	1	541672
2116.0307509801605	1.0	NonTarget	1	541704
2116.155750950682	1.0	NonTarget	1	541736
2116.2807509212034	1.0	NonTarget	1	541768
2116.405750891725	1.0	NonTarget	1	541800
2116.5307508622464	1.0	NonTarget	1	541832
2116.655750832768	1.0	NonTarget	1	541864
2116.7807508032893	1.0	NonTarget	1	541896
2116.905750773811	1.0	NonTarget	1	541928
2117.0307507443326	1.0	NonTarget	1	541960
2117.155750714854	1.0	NonTarget	1	541992
2117.2807506853756	1.0	NonTarget	1	542024
2117.405750655897	1.0	NonTarget	1	542056
2117.5307506264185	1.0	NonTarget	1	542088
2117.65575059694	1.0	NonTarget	1	542120
2117.7807505674614	1.0	NonTarget	1	542152
2117.905750537983	1.0	NonTarget	1	542184
2118.0307505085043	1.0	NonTarget	1	542216
2118.1557504790258	1.0	NonTarget	1	542248
2118.280750449547	1.0	NonTarget	1	542280
2118.4057504200687	1.0	NonTarget	1	542312
2118.53075039059	1.0	NonTarget	1	542344
2118.6557503611116	1.0	NonTarget	1	542376
2118.780750331633	1.0	NonTarget	1	542408
2118.9057503021545	1.0	NonTarget	1	542440
2119.030750272676	0.96875	NonTarget	1	542472
2119.1557502431974	0.84375	NonTarget	1	542504
2119.280750213719	0.71875	NonTarget	1	542536
2119.4057501842403	0.59375	NonTarget	1	542568
