onset	duration	trial_type	value	sample
4.531248715040232	1.0	NonTarget	1	1160
4.656248679593066	1.0	NonTarget	1	1192
4.781248644145901	1.0	NonTarget	1	1224
4.906248608698735	1.0	NonTarget	1	1256
5.031248573251569	1.0	NonTarget	1	1288
5.1562485378044025	1.0	NonTarget	1	1320
5.281248502357236	1.0	NonTarget	1	1352
5.40624846691007	1.0	NonTarget	1	1384
5.531248431462904	1.0	NonTarget	1	1416
5.656248396015738	1.0	NonTarget	1	1448
5.781248360568572	1.0	NonTarget	1	1480
5.906248325121406	1.0	NonTarget	1	1512
6.031248289674241	1.0	NonTarget	1	1544
6.156248254227075	1.0	NonTarget	1	1576
6.281248218779909	1.0	NonTarget	1	1608
6.4062481833327425	1.0	NonTarget	1	1640
6.531248147885576	1.0	NonTarget	1	1672
6.65624811243841	1.0	NonTarget	1	1704
6.781248076991244	1.0	NonTarget	1	1736
6.906248041544078	1.0	NonTarget	1	1768
7.031248006096912	1.0	NonTarget	1	1800
7.156247970649746	1.0	NonTarget	1	1832
7.281247935202581	1.0	NonTarget	1	1864
7.406247899755415	1.0	NonTarget	1	1896
7.5312478643082486	1.0	NonTarget	1	1928
7.6562478288610825	1.0	NonTarget	1	1960
7.781247793413916	1.0	NonTarget	1	1992
7.90624775796675	1.0	NonTarget	1	2024
8.031247722519584	1.0	NonTarget	1	2056
8.156247687072419	1.0	NonTarget	1	2088
8.281247651625252	1.0	NonTarget	1	2120
8.406247616178087	1.0	NonTarget	1	2152
8.53124758073092	1.0	NonTarget	1	2184
8.656247545283755	1.0	NonTarget	1	2216
8.781247509836588	1.0	NonTarget	1	2248
8.906247474389422	1.0	NonTarget	1	2280
9.031247438942255	1.0	NonTarget	1	2312
9.15624740349509	1.0	NonTarget	1	2344
9.281247368047925	1.0	NonTarget	1	2376
9.406247332600758	1.0	NonTarget	1	2408
9.531247297153593	1.0	NonTarget	1	2440
9.656247261706426	1.0	NonTarget	1	2472
9.78124722625926	1.0	NonTarget	1	2504
9.906247190812094	1.0	NonTarget	1	2536
10.031247155364929	1.0	NonTarget	1	2568
10.156247119917762	1.0	NonTarget	1	2600
10.281247084470596	1.0	NonTarget	1	2632
10.40624704902343	1.0	NonTarget	1	2664
10.531247013576264	1.0	NonTarget	1	2696
10.656246978129099	1.0	NonTarget	1	2728
10.781246942681932	1.0	NonTarget	1	2760
10.906246907234767	1.0	NonTarget	1	2792
11.0312468717876	1.0	NonTarget	1	2824
11.156246836340435	1.0	NonTarget	1	2856
11.281246800893268	1.0	NonTarget	1	2888
11.406246765446102	1.0	NonTarget	1	2920
11.531246729998935	1.0	NonTarget	1	2952
11.65624669455177	1.0	NonTarget	1	2984
11.781246659104605	1.0	NonTarget	1	3016
11.906246623657438	1.0	NonTarget	1	3048
12.031246588210273	1.0	NonTarget	1	3080
12.156246552763106	1.0	NonTarget	1	3112
12.28124651731594	1.0	NonTarget	1	3144
12.406246481868774	1.0	NonTarget	1	3176
12.531246446421608	1.0	NonTarget	1	3208
12.656246410974441	1.0	NonTarget	1	3240
12.781246375527276	1.0	NonTarget	1	3272
12.90624634008011	1.0	NonTarget	1	3304
13.031246304632944	1.0	NonTarget	1	3336
13.156246269185779	1.0	NonTarget	1	3368
13.281246233738612	1.0	NonTarget	1	3400
13.406246198291447	1.0	NonTarget	1	3432
13.53124616284428	1.0	NonTarget	1	3464
13.656246127397115	1.0	NonTarget	1	3496
13.781246091949948	1.0	NonTarget	1	3528
13.906246056502782	1.0	NonTarget	1	3560
14.031246021055615	1.0	NonTarget	1	3592
14.15624598560845	1.0	NonTarget	1	3624
14.281245950161285	1.0	NonTarget	1	3656
14.406245914714118	1.0	NonTarget	1	3688
14.531245879266953	1.0	NonTarget	1	3720
14.656245843819786	1.0	NonTarget	1	3752
14.78124580837262	1.0	NonTarget	1	3784
14.906245772925454	1.0	NonTarget	1	3816
15.031245737478288	1.0	NonTarget	1	3848
15.156245702031121	1.0	NonTarget	1	3880
15.281245666583956	1.0	NonTarget	1	3912
15.40624563113679	1.0	NonTarget	1	3944
15.531245595689624	1.0	NonTarget	1	3976
15.656245560242459	1.0	NonTarget	1	4008
15.781245524795292	1.0	NonTarget	1	4040
15.906245489348127	1.0	NonTarget	1	4072
16.03124545390096	1.0	NonTarget	1	4104
16.156245418453793	1.0	NonTarget	1	4136
16.281245383006627	1.0	NonTarget	1	4168
16.406245347559462	1.0	NonTarget	1	4200
22.53124361064833	1.0	NonTarget	1	5768
22.656243575201163	1.0	NonTarget	1	5800
22.781243539753994	1.0	NonTarget	1	5832
22.90624350430683	1.0	NonTarget	1	5864
23.031243468859664	1.0	NonTarget	1	5896
23.1562434334125	1.0	NonTarget	1	5928
23.281243397965333	1.0	NonTarget	1	5960
23.406243362518165	1.0	NonTarget	1	5992
23.531243327071	1.0	NonTarget	1	6024
23.656243291623834	1.0	NonTarget	1	6056
23.78124325617667	1.0	NonTarget	1	6088
23.9062432207295	1.0	NonTarget	1	6120
24.031243185282335	1.0	NonTarget	1	6152
24.15624314983517	1.0	NonTarget	1	6184
24.281243114388005	1.0	NonTarget	1	6216
24.40624307894084	1.0	NonTarget	1	6248
24.53124304349367	1.0	NonTarget	1	6280
24.656243008046506	1.0	NonTarget	1	6312
24.78124297259934	1.0	NonTarget	1	6344
24.906242937152175	1.0	NonTarget	1	6376
25.031242901705006	1.0	NonTarget	1	6408
25.15624286625784	1.0	NonTarget	1	6440
25.281242830810676	1.0	NonTarget	1	6472
25.40624279536351	1.0	NonTarget	1	6504
25.531242759916342	1.0	NonTarget	1	6536
25.656242724469177	1.0	NonTarget	1	6568
25.78124268902201	1.0	NonTarget	1	6600
25.906242653574846	1.0	NonTarget	1	6632
26.03124261812768	1.0	NonTarget	1	6664
26.156242582680512	1.0	NonTarget	1	6696
26.281242547233347	1.0	NonTarget	1	6728
26.406242511786182	1.0	NonTarget	1	6760
26.531242476339017	1.0	NonTarget	1	6792
26.656242440891848	1.0	NonTarget	1	6824
26.781242405444683	1.0	NonTarget	1	6856
26.906242369997518	1.0	NonTarget	1	6888
27.031242334550353	1.0	NonTarget	1	6920
27.156242299103187	1.0	NonTarget	1	6952
27.28124226365602	1.0	NonTarget	1	6984
27.406242228208853	1.0	NonTarget	1	7016
27.531242192761688	1.0	NonTarget	1	7048
27.656242157314523	1.0	NonTarget	1	7080
27.781242121867354	1.0	NonTarget	1	7112
27.90624208642019	1.0	NonTarget	1	7144
28.031242050973024	1.0	NonTarget	1	7176
28.15624201552586	1.0	NonTarget	1	7208
28.281241980078693	1.0	NonTarget	1	7240
28.406241944631525	1.0	NonTarget	1	7272
28.53124190918436	1.0	NonTarget	1	7304
28.656241873737194	1.0	NonTarget	1	7336
28.78124183829003	1.0	NonTarget	1	7368
28.90624180284286	1.0	NonTarget	1	7400
29.031241767395695	1.0	NonTarget	1	7432
29.15624173194853	1.0	NonTarget	1	7464
29.281241696501365	1.0	NonTarget	1	7496
29.406241661054196	1.0	NonTarget	1	7528
29.53124162560703	1.0	NonTarget	1	7560
29.656241590159865	1.0	NonTarget	1	7592
29.7812415547127	1.0	NonTarget	1	7624
29.906241519265535	1.0	NonTarget	1	7656
30.031241483818366	1.0	NonTarget	1	7688
30.1562414483712	1.0	NonTarget	1	7720
30.281241412924036	1.0	NonTarget	1	7752
30.40624137747687	1.0	NonTarget	1	7784
30.531241342029702	1.0	NonTarget	1	7816
30.656241306582537	1.0	NonTarget	1	7848
30.78124127113537	1.0	NonTarget	1	7880
30.906241235688206	1.0	NonTarget	1	7912
31.03124120024104	1.0	NonTarget	1	7944
31.156241164793872	1.0	NonTarget	1	7976
31.281241129346707	1.0	NonTarget	1	8008
31.406241093899542	1.0	NonTarget	1	8040
31.531241058452377	1.0	NonTarget	1	8072
31.656241023005208	1.0	NonTarget	1	8104
31.781240987558043	1.0	NonTarget	1	8136
31.906240952110878	1.0	NonTarget	1	8168
32.03124091666371	1.0	NonTarget	1	8200
32.15624088121655	1.0	NonTarget	1	8232
32.28124084576938	1.0	NonTarget	1	8264
32.40624081032222	1.0	NonTarget	1	8296
32.531240774875045	1.0	NonTarget	1	8328
32.65624073942788	1.0	NonTarget	1	8360
32.781240703980714	1.0	NonTarget	1	8392
32.90624066853355	1.0	NonTarget	1	8424
33.031240633086384	1.0	NonTarget	1	8456
33.15624059763922	1.0	NonTarget	1	8488
33.28124056219205	1.0	NonTarget	1	8520
33.40624052674489	1.0	NonTarget	1	8552
33.53124049129772	1.0	NonTarget	1	8584
33.65624045585055	1.0	NonTarget	1	8616
33.781240420403385	1.0	NonTarget	1	8648
33.90624038495622	1.0	NonTarget	1	8680
34.031240349509055	1.0	NonTarget	1	8712
34.15624031406189	1.0	NonTarget	1	8744
34.281240278614725	1.0	NonTarget	1	8776
34.40624024316756	1.0	NonTarget	1	8808
40.53123850625642	1.0	NonTarget	1	10376
40.65623847080926	1.0	NonTarget	1	10408
40.78123843536209	1.0	NonTarget	1	10440
40.906238399914926	1.0	NonTarget	1	10472
41.03123836446776	1.0	NonTarget	1	10504
41.156238329020596	1.0	NonTarget	1	10536
41.28123829357343	1.0	NonTarget	1	10568
41.40623825812626	1.0	NonTarget	1	10600
41.53123822267909	1.0	NonTarget	1	10632
41.65623818723193	1.0	NonTarget	1	10664
41.78123815178476	1.0	NonTarget	1	10696
41.9062381163376	1.0	NonTarget	1	10728
42.03123808089043	1.0	NonTarget	1	10760
42.15623804544327	1.0	NonTarget	1	10792
42.2812380099961	1.0	NonTarget	1	10824
42.40623797454894	1.0	NonTarget	1	10856
42.531237939101764	1.0	NonTarget	1	10888
42.6562379036546	1.0	NonTarget	1	10920
42.781237868207434	1.0	NonTarget	1	10952
42.90623783276027	1.0	NonTarget	1	10984
43.0312377973131	1.0	NonTarget	1	11016
43.15623776186594	1.0	NonTarget	1	11048
43.28123772641877	1.0	NonTarget	1	11080
43.40623769097161	1.0	NonTarget	1	11112
43.53123765552444	1.0	NonTarget	1	11144
43.65623762007727	1.0	NonTarget	1	11176
43.781237584630105	1.0	NonTarget	1	11208
43.90623754918294	1.0	NonTarget	1	11240
44.031237513735775	1.0	NonTarget	1	11272
44.15623747828861	1.0	NonTarget	1	11304
44.281237442841444	1.0	NonTarget	1	11336
44.40623740739428	1.0	NonTarget	1	11368
44.531237371947114	1.0	NonTarget	1	11400
44.65623733649995	1.0	NonTarget	1	11432
44.781237301052776	1.0	NonTarget	1	11464
44.90623726560561	1.0	NonTarget	1	11496
45.031237230158446	1.0	NonTarget	1	11528
45.15623719471128	1.0	NonTarget	1	11560
45.281237159264116	1.0	NonTarget	1	11592
45.40623712381695	1.0	NonTarget	1	11624
45.531237088369785	1.0	NonTarget	1	11656
45.65623705292262	1.0	NonTarget	1	11688
45.78123701747545	1.0	NonTarget	1	11720
45.90623698202828	1.0	NonTarget	1	11752
46.03123694658112	1.0	NonTarget	1	11784
46.15623691113395	1.0	NonTarget	1	11816
46.28123687568679	1.0	NonTarget	1	11848
46.40623684023962	1.0	NonTarget	1	11880
46.53123680479246	1.0	NonTarget	1	11912
46.65623676934529	1.0	NonTarget	1	11944
46.781236733898126	1.0	NonTarget	1	11976
46.906236698450954	1.0	NonTarget	1	12008
47.03123666300379	1.0	NonTarget	1	12040
47.15623662755662	1.0	NonTarget	1	12072
47.28123659210946	1.0	NonTarget	1	12104
47.40623655666229	1.0	NonTarget	1	12136
47.53123652121513	1.0	NonTarget	1	12168
47.65623648576796	1.0	NonTarget	1	12200
47.7812364503208	1.0	NonTarget	1	12232
47.90623641487363	1.0	NonTarget	1	12264
48.03123637942646	1.0	NonTarget	1	12296
48.156236343979295	1.0	NonTarget	1	12328
48.28123630853213	1.0	NonTarget	1	12360
48.406236273084964	1.0	NonTarget	1	12392
48.5312362376378	1.0	NonTarget	1	12424
48.656236202190634	1.0	NonTarget	1	12456
48.78123616674347	1.0	NonTarget	1	12488
48.9062361312963	1.0	NonTarget	1	12520
49.03123609584914	1.0	NonTarget	1	12552
49.156236060401966	1.0	NonTarget	1	12584
49.2812360249548	1.0	NonTarget	1	12616
49.406235989507636	1.0	NonTarget	1	12648
49.53123595406047	1.0	NonTarget	1	12680
49.656235918613305	1.0	NonTarget	1	12712
49.78123588316614	1.0	NonTarget	1	12744
49.906235847718975	1.0	NonTarget	1	12776
50.03123581227181	1.0	NonTarget	1	12808
50.156235776824644	1.0	NonTarget	1	12840
50.28123574137747	1.0	NonTarget	1	12872
50.40623570593031	1.0	NonTarget	1	12904
50.53123567048314	1.0	NonTarget	1	12936
50.656235635035976	1.0	NonTarget	1	12968
50.78123559958881	1.0	NonTarget	1	13000
50.906235564141646	1.0	NonTarget	1	13032
51.03123552869448	1.0	NonTarget	1	13064
51.156235493247316	1.0	NonTarget	1	13096
51.28123545780015	1.0	NonTarget	1	13128
51.40623542235298	1.0	NonTarget	1	13160
51.53123538690581	1.0	NonTarget	1	13192
51.65623535145865	1.0	NonTarget	1	13224
51.78123531601148	1.0	NonTarget	1	13256
51.90623528056432	1.0	NonTarget	1	13288
52.03123524511715	1.0	NonTarget	1	13320
52.15623520966999	1.0	NonTarget	1	13352
52.28123517422282	1.0	NonTarget	1	13384
52.406235138775656	1.0	NonTarget	1	13416
58.53123340186452	1.0	NonTarget	1	14984
58.656233366417354	1.0	NonTarget	1	15016
58.78123333097019	1.0	NonTarget	1	15048
58.90623329552302	1.0	NonTarget	1	15080
59.03123326007586	1.0	NonTarget	1	15112
59.156233224628686	1.0	NonTarget	1	15144
59.28123318918152	1.0	NonTarget	1	15176
59.406233153734355	1.0	NonTarget	1	15208
59.53123311828719	1.0	NonTarget	1	15240
59.656233082840025	1.0	NonTarget	1	15272
59.78123304739286	1.0	NonTarget	1	15304
59.906233011945694	1.0	NonTarget	1	15336
60.03123297649853	1.0	NonTarget	1	15368
60.156232941051364	1.0	NonTarget	1	15400
60.28123290560419	1.0	NonTarget	1	15432
60.40623287015703	1.0	NonTarget	1	15464
60.53123283470986	1.0	NonTarget	1	15496
60.656232799262696	1.0	NonTarget	1	15528
60.78123276381553	1.0	NonTarget	1	15560
60.906232728368366	1.0	NonTarget	1	15592
61.0312326929212	1.0	NonTarget	1	15624
61.156232657474035	1.0	NonTarget	1	15656
61.28123262202687	1.0	NonTarget	1	15688
61.4062325865797	1.0	NonTarget	1	15720
61.53123255113253	1.0	NonTarget	1	15752
61.65623251568537	1.0	NonTarget	1	15784
61.7812324802382	1.0	NonTarget	1	15816
61.90623244479104	1.0	NonTarget	1	15848
62.03123240934387	1.0	NonTarget	1	15880
62.15623237389671	1.0	NonTarget	1	15912
62.28123233844954	1.0	NonTarget	1	15944
62.406232303002376	1.0	NonTarget	1	15976
62.531232267555204	1.0	NonTarget	1	16008
62.65623223210804	1.0	NonTarget	1	16040
62.78123219666087	1.0	NonTarget	1	16072
62.90623216121371	1.0	NonTarget	1	16104
63.03123212576654	1.0	NonTarget	1	16136
63.15623209031938	1.0	NonTarget	1	16168
63.28123205487221	1.0	NonTarget	1	16200
63.40623201942505	1.0	NonTarget	1	16232
63.531231983977875	1.0	NonTarget	1	16264
63.65623194853071	1.0	NonTarget	1	16296
63.781231913083545	1.0	NonTarget	1	16328
63.90623187763638	1.0	NonTarget	1	16360
64.03123184218921	1.0	NonTarget	1	16392
64.15623180674204	1.0	NonTarget	1	16424
64.28123177129488	1.0	NonTarget	1	16456
64.40623173584771	1.0	NonTarget	1	16488
64.53123170040055	1.0	NonTarget	1	16520
64.65623166495338	1.0	NonTarget	1	16552
64.78123162950622	1.0	NonTarget	1	16584
64.90623159405905	1.0	NonTarget	1	16616
65.03123155861189	1.0	NonTarget	1	16648
65.15623152316472	1.0	NonTarget	1	16680
65.28123148771755	1.0	NonTarget	1	16712
65.40623145227039	1.0	NonTarget	1	16744
65.53123141682322	1.0	NonTarget	1	16776
65.65623138137606	1.0	NonTarget	1	16808
65.78123134592889	1.0	NonTarget	1	16840
65.90623131048173	1.0	NonTarget	1	16872
66.03123127503456	1.0	NonTarget	1	16904
66.1562312395874	1.0	NonTarget	1	16936
66.28123120414023	1.0	NonTarget	1	16968
66.40623116869305	1.0	NonTarget	1	17000
66.5312311332459	1.0	NonTarget	1	17032
66.65623109779872	1.0	NonTarget	1	17064
66.78123106235157	1.0	NonTarget	1	17096
66.9062310269044	1.0	NonTarget	1	17128
67.03123099145724	1.0	NonTarget	1	17160
67.15623095601006	1.0	NonTarget	1	17192
67.2812309205629	1.0	NonTarget	1	17224
67.40623088511573	1.0	NonTarget	1	17256
67.53123084966856	1.0	NonTarget	1	17288
67.6562308142214	1.0	NonTarget	1	17320
67.78123077877423	1.0	NonTarget	1	17352
67.90623074332707	1.0	NonTarget	1	17384
68.0312307078799	1.0	NonTarget	1	17416
68.15623067243274	1.0	NonTarget	1	17448
68.28123063698557	1.0	NonTarget	1	17480
68.40623060153841	1.0	NonTarget	1	17512
68.53123056609124	1.0	NonTarget	1	17544
68.65623053064407	1.0	NonTarget	1	17576
68.78123049519691	1.0	NonTarget	1	17608
68.90623045974974	1.0	NonTarget	1	17640
69.03123042430258	1.0	NonTarget	1	17672
69.1562303888554	1.0	NonTarget	1	17704
69.28123035340825	1.0	NonTarget	1	17736
69.40623031796108	1.0	NonTarget	1	17768
69.53123028251392	1.0	NonTarget	1	17800
69.65623024706674	1.0	NonTarget	1	17832
69.78123021161957	1.0	NonTarget	1	17864
69.90623017617241	1.0	NonTarget	1	17896
70.03123014072524	1.0	NonTarget	1	17928
70.15623010527808	1.0	NonTarget	1	17960
70.28123006983091	1.0	NonTarget	1	17992
70.40623003438375	1.0	NonTarget	1	18024
76.53122829747261	1.0	NonTarget	1	19592
76.65622826202545	1.0	NonTarget	1	19624
76.78122822657828	1.0	NonTarget	1	19656
76.90622819113112	1.0	NonTarget	1	19688
77.03122815568395	1.0	NonTarget	1	19720
77.15622812023679	1.0	NonTarget	1	19752
77.28122808478962	1.0	NonTarget	1	19784
77.40622804934245	1.0	NonTarget	1	19816
77.53122801389529	1.0	NonTarget	1	19848
77.65622797844811	1.0	NonTarget	1	19880
77.78122794300096	1.0	NonTarget	1	19912
77.90622790755378	1.0	NonTarget	1	19944
78.03122787210663	1.0	NonTarget	1	19976
78.15622783665945	1.0	NonTarget	1	20008
78.2812278012123	1.0	NonTarget	1	20040
78.40622776576512	1.0	NonTarget	1	20072
78.53122773031795	1.0	NonTarget	1	20104
78.6562276948708	1.0	NonTarget	1	20136
78.78122765942362	1.0	NonTarget	1	20168
78.90622762397646	1.0	NonTarget	1	20200
79.03122758852929	1.0	NonTarget	1	20232
79.15622755308213	1.0	NonTarget	1	20264
79.28122751763496	1.0	NonTarget	1	20296
79.4062274821878	1.0	NonTarget	1	20328
79.53122744674063	1.0	NonTarget	1	20360
79.65622741129346	1.0	NonTarget	1	20392
79.7812273758463	1.0	NonTarget	1	20424
79.90622734039913	1.0	NonTarget	1	20456
80.03122730495197	1.0	NonTarget	1	20488
80.1562272695048	1.0	NonTarget	1	20520
80.28122723405764	1.0	NonTarget	1	20552
80.40622719861047	1.0	NonTarget	1	20584
80.53122716316331	1.0	NonTarget	1	20616
80.65622712771614	1.0	NonTarget	1	20648
80.78122709226896	1.0	NonTarget	1	20680
80.9062270568218	1.0	NonTarget	1	20712
81.03122702137463	1.0	NonTarget	1	20744
81.15622698592747	1.0	NonTarget	1	20776
81.2812269504803	1.0	NonTarget	1	20808
81.40622691503314	1.0	NonTarget	1	20840
81.53122687958597	1.0	NonTarget	1	20872
81.65622684413881	1.0	NonTarget	1	20904
81.78122680869164	1.0	NonTarget	1	20936
81.90622677324447	1.0	NonTarget	1	20968
82.03122673779731	1.0	NonTarget	1	21000
82.15622670235014	1.0	NonTarget	1	21032
82.28122666690298	1.0	NonTarget	1	21064
82.40622663145581	1.0	NonTarget	1	21096
82.53122659600865	1.0	NonTarget	1	21128
82.65622656056148	1.0	NonTarget	1	21160
82.78122652511432	1.0	NonTarget	1	21192
82.90622648966715	1.0	NonTarget	1	21224
83.03122645421998	1.0	NonTarget	1	21256
83.15622641877282	1.0	NonTarget	1	21288
83.28122638332565	1.0	NonTarget	1	21320
83.40622634787849	1.0	NonTarget	1	21352
83.53122631243131	1.0	NonTarget	1	21384
83.65622627698416	1.0	NonTarget	1	21416
83.78122624153698	1.0	NonTarget	1	21448
83.90622620608983	1.0	NonTarget	1	21480
84.03122617064265	1.0	NonTarget	1	21512
84.15622613519548	1.0	NonTarget	1	21544
84.28122609974832	1.0	NonTarget	1	21576
84.40622606430115	1.0	NonTarget	1	21608
84.531226028854	1.0	NonTarget	1	21640
84.65622599340682	1.0	NonTarget	1	21672
84.78122595795966	1.0	NonTarget	1	21704
84.90622592251249	1.0	NonTarget	1	21736
85.03122588706533	1.0	NonTarget	1	21768
85.15622585161816	1.0	NonTarget	1	21800
85.28122581617099	1.0	NonTarget	1	21832
85.40622578072383	1.0	NonTarget	1	21864
85.53122574527666	1.0	NonTarget	1	21896
85.6562257098295	1.0	NonTarget	1	21928
85.78122567438233	1.0	NonTarget	1	21960
85.90622563893517	1.0	NonTarget	1	21992
86.031225603488	1.0	NonTarget	1	22024
86.15622556804084	1.0	NonTarget	1	22056
86.28122553259367	1.0	NonTarget	1	22088
86.4062254971465	1.0	NonTarget	1	22120
86.53122546169934	1.0	NonTarget	1	22152
86.65622542625216	1.0	NonTarget	1	22184
86.781225390805	1.0	NonTarget	1	22216
86.90622535535783	1.0	NonTarget	1	22248
87.03122531991067	1.0	NonTarget	1	22280
87.1562252844635	1.0	NonTarget	1	22312
87.28122524901634	1.0	NonTarget	1	22344
87.40622521356917	1.0	NonTarget	1	22376
87.531225178122	1.0	NonTarget	1	22408
87.65622514267484	1.0	NonTarget	1	22440
87.78122510722767	1.0	NonTarget	1	22472
87.90622507178051	1.0	NonTarget	1	22504
88.03122503633334	1.0	NonTarget	1	22536
88.15622500088618	1.0	NonTarget	1	22568
88.28122496543901	1.0	NonTarget	1	22600
88.40622492999185	1.0	NonTarget	1	22632
94.5312231930807	1.0	NonTarget	1	24200
94.65622315763355	1.0	NonTarget	1	24232
94.78122312218638	1.0	NonTarget	1	24264
94.90622308673922	1.0	NonTarget	1	24296
95.03122305129205	1.0	NonTarget	1	24328
95.15622301584487	1.0	NonTarget	1	24360
95.28122298039771	1.0	NonTarget	1	24392
95.40622294495054	1.0	NonTarget	1	24424
95.53122290950338	1.0	NonTarget	1	24456
95.65622287405621	1.0	NonTarget	1	24488
95.78122283860905	1.0	NonTarget	1	24520
95.90622280316188	1.0	NonTarget	1	24552
96.03122276771472	1.0	NonTarget	1	24584
96.15622273226755	1.0	NonTarget	1	24616
96.28122269682038	1.0	NonTarget	1	24648
96.40622266137322	1.0	NonTarget	1	24680
96.53122262592605	1.0	NonTarget	1	24712
96.65622259047889	1.0	NonTarget	1	24744
96.78122255503172	1.0	NonTarget	1	24776
96.90622251958456	1.0	NonTarget	1	24808
97.03122248413739	1.0	NonTarget	1	24840
97.15622244869023	1.0	NonTarget	1	24872
97.28122241324306	1.0	NonTarget	1	24904
97.40622237779588	1.0	NonTarget	1	24936
97.53122234234873	1.0	NonTarget	1	24968
97.65622230690155	1.0	NonTarget	1	25000
97.7812222714544	1.0	NonTarget	1	25032
97.90622223600722	1.0	NonTarget	1	25064
98.03122220056007	1.0	NonTarget	1	25096
98.1562221651129	1.0	NonTarget	1	25128
98.28122212966574	1.0	NonTarget	1	25160
98.40622209421856	1.0	NonTarget	1	25192
98.53122205877139	1.0	NonTarget	1	25224
98.65622202332423	1.0	NonTarget	1	25256
98.78122198787706	1.0	NonTarget	1	25288
98.9062219524299	1.0	NonTarget	1	25320
99.03122191698273	1.0	NonTarget	1	25352
99.15622188153557	1.0	NonTarget	1	25384
99.2812218460884	1.0	NonTarget	1	25416
99.40622181064124	1.0	NonTarget	1	25448
99.53122177519407	1.0	NonTarget	1	25480
99.6562217397469	1.0	NonTarget	1	25512
99.78122170429974	1.0	NonTarget	1	25544
99.90622166885257	1.0	NonTarget	1	25576
100.03122163340541	1.0	NonTarget	1	25608
100.15622159795824	1.0	NonTarget	1	25640
100.28122156251108	1.0	NonTarget	1	25672
100.4062215270639	1.0	NonTarget	1	25704
100.53122149161675	1.0	NonTarget	1	25736
100.65622145616958	1.0	NonTarget	1	25768
100.7812214207224	1.0	NonTarget	1	25800
100.90622138527524	1.0	NonTarget	1	25832
101.03122134982807	1.0	NonTarget	1	25864
101.15622131438091	1.0	NonTarget	1	25896
101.28122127893374	1.0	NonTarget	1	25928
101.40622124348658	1.0	NonTarget	1	25960
101.53122120803941	1.0	NonTarget	1	25992
101.65622117259225	1.0	NonTarget	1	26024
101.78122113714508	1.0	NonTarget	1	26056
101.90622110169791	1.0	NonTarget	1	26088
102.03122106625075	1.0	NonTarget	1	26120
102.15622103080358	1.0	NonTarget	1	26152
102.28122099535642	1.0	NonTarget	1	26184
102.40622095990925	1.0	NonTarget	1	26216
102.53122092446209	1.0	NonTarget	1	26248
102.65622088901492	1.0	NonTarget	1	26280
102.78122085356776	1.0	NonTarget	1	26312
102.90622081812059	1.0	NonTarget	1	26344
103.03122078267342	1.0	NonTarget	1	26376
103.15622074722626	1.0	NonTarget	1	26408
103.28122071177908	1.0	NonTarget	1	26440
103.40622067633193	1.0	NonTarget	1	26472
103.53122064088475	1.0	NonTarget	1	26504
103.6562206054376	1.0	NonTarget	1	26536
103.78122056999042	1.0	NonTarget	1	26568
103.90622053454327	1.0	NonTarget	1	26600
104.0312204990961	1.0	NonTarget	1	26632
104.15622046364892	1.0	NonTarget	1	26664
104.28122042820176	1.0	NonTarget	1	26696
104.40622039275459	1.0	NonTarget	1	26728
104.53122035730743	1.0	NonTarget	1	26760
104.65622032186026	1.0	NonTarget	1	26792
104.7812202864131	1.0	NonTarget	1	26824
104.90622025096593	1.0	NonTarget	1	26856
105.03122021551877	1.0	NonTarget	1	26888
105.1562201800716	1.0	NonTarget	1	26920
105.28122014462443	1.0	NonTarget	1	26952
105.40622010917727	1.0	NonTarget	1	26984
105.5312200737301	1.0	NonTarget	1	27016
105.65622003828294	1.0	NonTarget	1	27048
105.78122000283577	1.0	NonTarget	1	27080
105.90621996738861	1.0	NonTarget	1	27112
106.03121993194144	1.0	NonTarget	1	27144
106.15621989649428	1.0	NonTarget	1	27176
106.2812198610471	1.0	NonTarget	1	27208
106.40621982559993	1.0	NonTarget	1	27240
112.5312180886888	1.0	NonTarget	1	28808
112.65621805324164	1.0	NonTarget	1	28840
112.78121801779447	1.0	NonTarget	1	28872
112.90621798234731	1.0	NonTarget	1	28904
113.03121794690014	1.0	NonTarget	1	28936
113.15621791145297	1.0	NonTarget	1	28968
113.28121787600581	1.0	NonTarget	1	29000
113.40621784055864	1.0	NonTarget	1	29032
113.53121780511148	1.0	NonTarget	1	29064
113.65621776966431	1.0	NonTarget	1	29096
113.78121773421715	1.0	NonTarget	1	29128
113.90621769876998	1.0	NonTarget	1	29160
114.0312176633228	1.0	NonTarget	1	29192
114.15621762787565	1.0	NonTarget	1	29224
114.28121759242848	1.0	NonTarget	1	29256
114.40621755698132	1.0	NonTarget	1	29288
114.53121752153415	1.0	NonTarget	1	29320
114.65621748608699	1.0	NonTarget	1	29352
114.78121745063982	1.0	NonTarget	1	29384
114.90621741519266	1.0	NonTarget	1	29416
115.03121737974548	1.0	NonTarget	1	29448
115.15621734429831	1.0	NonTarget	1	29480
115.28121730885115	1.0	NonTarget	1	29512
115.40621727340398	1.0	NonTarget	1	29544
115.53121723795682	1.0	NonTarget	1	29576
115.65621720250965	1.0	NonTarget	1	29608
115.7812171670625	1.0	NonTarget	1	29640
115.90621713161532	1.0	NonTarget	1	29672
116.03121709616816	1.0	NonTarget	1	29704
116.15621706072099	1.0	NonTarget	1	29736
116.28121702527382	1.0	NonTarget	1	29768
116.40621698982666	1.0	NonTarget	1	29800
116.53121695437949	1.0	NonTarget	1	29832
116.65621691893233	1.0	NonTarget	1	29864
116.78121688348516	1.0	NonTarget	1	29896
116.906216848038	1.0	NonTarget	1	29928
117.03121681259083	1.0	NonTarget	1	29960
117.15621677714367	1.0	NonTarget	1	29992
117.2812167416965	1.0	NonTarget	1	30024
117.40621670624932	1.0	NonTarget	1	30056
117.53121667080217	1.0	NonTarget	1	30088
117.656216635355	1.0	NonTarget	1	30120
117.78121659990784	1.0	NonTarget	1	30152
117.90621656446066	1.0	NonTarget	1	30184
118.0312165290135	1.0	NonTarget	1	30216
118.15621649356633	1.0	NonTarget	1	30248
118.28121645811918	1.0	NonTarget	1	30280
118.406216422672	1.0	NonTarget	1	30312
118.53121638722483	1.0	NonTarget	1	30344
118.65621635177767	1.0	NonTarget	1	30376
118.7812163163305	1.0	NonTarget	1	30408
118.90621628088334	1.0	NonTarget	1	30440
119.03121624543617	1.0	NonTarget	1	30472
119.15621620998901	1.0	NonTarget	1	30504
119.28121617454184	1.0	NonTarget	1	30536
119.40621613909468	1.0	NonTarget	1	30568
119.53121610364751	1.0	NonTarget	1	30600
119.65621606820034	1.0	NonTarget	1	30632
119.78121603275318	1.0	NonTarget	1	30664
119.906215997306	1.0	NonTarget	1	30696
120.03121596185885	1.0	NonTarget	1	30728
120.15621592641168	1.0	NonTarget	1	30760
120.28121589096452	1.0	NonTarget	1	30792
120.40621585551735	1.0	NonTarget	1	30824
120.53121582007019	1.0	NonTarget	1	30856
120.65621578462301	1.0	NonTarget	1	30888
120.78121574917584	1.0	NonTarget	1	30920
120.90621571372868	1.0	NonTarget	1	30952
121.03121567828151	1.0	NonTarget	1	30984
121.15621564283435	1.0	NonTarget	1	31016
121.28121560738718	1.0	NonTarget	1	31048
121.40621557194002	1.0	NonTarget	1	31080
121.53121553649285	1.0	NonTarget	1	31112
121.6562155010457	1.0	NonTarget	1	31144
121.78121546559852	1.0	NonTarget	1	31176
121.90621543015135	1.0	NonTarget	1	31208
122.03121539470419	1.0	NonTarget	1	31240
122.15621535925702	1.0	NonTarget	1	31272
122.28121532380986	1.0	NonTarget	1	31304
122.40621528836269	1.0	NonTarget	1	31336
122.53121525291553	1.0	NonTarget	1	31368
122.65621521746836	1.0	NonTarget	1	31400
122.7812151820212	1.0	NonTarget	1	31432
122.90621514657403	1.0	NonTarget	1	31464
123.03121511112685	1.0	NonTarget	1	31496
123.1562150756797	1.0	NonTarget	1	31528
123.28121504023252	1.0	NonTarget	1	31560
123.40621500478537	1.0	NonTarget	1	31592
123.5312149693382	1.0	NonTarget	1	31624
123.65621493389104	1.0	NonTarget	1	31656
123.78121489844386	1.0	NonTarget	1	31688
123.9062148629967	1.0	NonTarget	1	31720
124.03121482754953	1.0	NonTarget	1	31752
124.15621479210236	1.0	NonTarget	1	31784
124.2812147566552	1.0	NonTarget	1	31816
124.40621472120803	1.0	NonTarget	1	31848
130.5312129842969	1.0	NonTarget	1	33416
130.65621294884974	1.0	NonTarget	1	33448
130.78121291340256	1.0	NonTarget	1	33480
130.9062128779554	1.0	NonTarget	1	33512
131.03121284250824	1.0	NonTarget	1	33544
131.15621280706108	1.0	NonTarget	1	33576
131.2812127716139	1.0	NonTarget	1	33608
131.40621273616674	1.0	NonTarget	1	33640
131.53121270071958	1.0	NonTarget	1	33672
131.65621266527242	1.0	NonTarget	1	33704
131.78121262982523	1.0	NonTarget	1	33736
131.90621259437808	1.0	NonTarget	1	33768
132.03121255893092	1.0	NonTarget	1	33800
132.15621252348373	1.0	NonTarget	1	33832
132.28121248803657	1.0	NonTarget	1	33864
132.40621245258941	1.0	NonTarget	1	33896
132.53121241714226	1.0	NonTarget	1	33928
132.65621238169507	1.0	NonTarget	1	33960
132.7812123462479	1.0	NonTarget	1	33992
132.90621231080075	1.0	NonTarget	1	34024
133.03121227535357	1.0	NonTarget	1	34056
133.1562122399064	1.0	NonTarget	1	34088
133.28121220445925	1.0	NonTarget	1	34120
133.4062121690121	1.0	NonTarget	1	34152
133.5312121335649	1.0	NonTarget	1	34184
133.65621209811775	1.0	NonTarget	1	34216
133.7812120626706	1.0	NonTarget	1	34248
133.90621202722343	1.0	NonTarget	1	34280
134.03121199177625	1.0	NonTarget	1	34312
134.1562119563291	1.0	NonTarget	1	34344
134.28121192088193	1.0	NonTarget	1	34376
134.40621188543474	1.0	NonTarget	1	34408
134.53121184998759	1.0	NonTarget	1	34440
134.65621181454043	1.0	NonTarget	1	34472
134.78121177909327	1.0	NonTarget	1	34504
134.90621174364608	1.0	NonTarget	1	34536
135.03121170819892	1.0	NonTarget	1	34568
135.15621167275177	1.0	NonTarget	1	34600
135.28121163730458	1.0	NonTarget	1	34632
135.40621160185742	1.0	NonTarget	1	34664
135.53121156641026	1.0	NonTarget	1	34696
135.6562115309631	1.0	NonTarget	1	34728
135.78121149551592	1.0	NonTarget	1	34760
135.90621146006876	1.0	NonTarget	1	34792
136.0312114246216	1.0	NonTarget	1	34824
136.15621138917444	1.0	NonTarget	1	34856
136.28121135372726	1.0	NonTarget	1	34888
136.4062113182801	1.0	NonTarget	1	34920
136.53121128283294	1.0	NonTarget	1	34952
136.65621124738576	1.0	NonTarget	1	34984
136.7812112119386	1.0	NonTarget	1	35016
136.90621117649144	1.0	NonTarget	1	35048
137.03121114104428	1.0	NonTarget	1	35080
137.1562111055971	1.0	NonTarget	1	35112
137.28121107014994	1.0	NonTarget	1	35144
137.40621103470278	1.0	NonTarget	1	35176
137.5312109992556	1.0	NonTarget	1	35208
137.65621096380843	1.0	NonTarget	1	35240
137.78121092836128	1.0	NonTarget	1	35272
137.90621089291412	1.0	NonTarget	1	35304
138.03121085746693	1.0	NonTarget	1	35336
138.15621082201977	1.0	NonTarget	1	35368
138.28121078657261	1.0	NonTarget	1	35400
138.40621075112546	1.0	NonTarget	1	35432
138.53121071567827	1.0	NonTarget	1	35464
138.6562106802311	1.0	NonTarget	1	35496
138.78121064478395	1.0	NonTarget	1	35528
138.90621060933677	1.0	NonTarget	1	35560
139.0312105738896	1.0	NonTarget	1	35592
139.15621053844245	1.0	NonTarget	1	35624
139.2812105029953	1.0	NonTarget	1	35656
139.4062104675481	1.0	NonTarget	1	35688
139.53121043210095	1.0	NonTarget	1	35720
139.6562103966538	1.0	NonTarget	1	35752
139.7812103612066	1.0	NonTarget	1	35784
139.90621032575945	1.0	NonTarget	1	35816
140.0312102903123	1.0	NonTarget	1	35848
140.15621025486513	1.0	NonTarget	1	35880
140.28121021941794	1.0	NonTarget	1	35912
140.40621018397079	1.0	NonTarget	1	35944
140.53121014852363	1.0	NonTarget	1	35976
140.65621011307644	1.0	NonTarget	1	36008
140.78121007762928	1.0	NonTarget	1	36040
140.90621004218212	1.0	NonTarget	1	36072
141.03121000673497	1.0	NonTarget	1	36104
141.15620997128778	1.0	NonTarget	1	36136
141.28120993584062	1.0	NonTarget	1	36168
141.40620990039346	1.0	NonTarget	1	36200
141.5312098649463	1.0	NonTarget	1	36232
141.65620982949912	1.0	NonTarget	1	36264
141.78120979405196	1.0	NonTarget	1	36296
141.9062097586048	1.0	NonTarget	1	36328
142.03120972315762	1.0	NonTarget	1	36360
142.15620968771046	1.0	NonTarget	1	36392
142.2812096522633	1.0	NonTarget	1	36424
142.40620961681614	1.0	NonTarget	1	36456
148.531207879905	1.0	NonTarget	1	38024
148.65620784445784	1.0	NonTarget	1	38056
148.78120780901065	1.0	NonTarget	1	38088
148.9062077735635	1.0	NonTarget	1	38120
149.03120773811634	1.0	NonTarget	1	38152
149.15620770266918	1.0	NonTarget	1	38184
149.281207667222	1.0	NonTarget	1	38216
149.40620763177483	1.0	NonTarget	1	38248
149.53120759632768	1.0	NonTarget	1	38280
149.6562075608805	1.0	NonTarget	1	38312
149.78120752543333	1.0	NonTarget	1	38344
149.90620748998617	1.0	NonTarget	1	38376
150.03120745453901	1.0	NonTarget	1	38408
150.15620741909183	1.0	NonTarget	1	38440
150.28120738364467	1.0	NonTarget	1	38472
150.4062073481975	1.0	NonTarget	1	38504
150.53120731275035	1.0	NonTarget	1	38536
150.65620727730317	1.0	NonTarget	1	38568
150.781207241856	1.0	NonTarget	1	38600
150.90620720640885	1.0	NonTarget	1	38632
151.03120717096166	1.0	NonTarget	1	38664
151.1562071355145	1.0	NonTarget	1	38696
151.28120710006735	1.0	NonTarget	1	38728
151.4062070646202	1.0	NonTarget	1	38760
151.531207029173	1.0	NonTarget	1	38792
151.65620699372585	1.0	NonTarget	1	38824
151.7812069582787	1.0	NonTarget	1	38856
151.9062069228315	1.0	NonTarget	1	38888
152.03120688738434	1.0	NonTarget	1	38920
152.15620685193718	1.0	NonTarget	1	38952
152.28120681649003	1.0	NonTarget	1	38984
152.40620678104284	1.0	NonTarget	1	39016
152.53120674559568	1.0	NonTarget	1	39048
152.65620671014852	1.0	NonTarget	1	39080
152.78120667470137	1.0	NonTarget	1	39112
152.90620663925418	1.0	NonTarget	1	39144
153.03120660380702	1.0	NonTarget	1	39176
153.15620656835986	1.0	NonTarget	1	39208
153.28120653291268	1.0	NonTarget	1	39240
153.40620649746552	1.0	NonTarget	1	39272
153.53120646201836	1.0	NonTarget	1	39304
153.6562064265712	1.0	NonTarget	1	39336
153.78120639112402	1.0	NonTarget	1	39368
153.90620635567686	1.0	NonTarget	1	39400
154.0312063202297	1.0	NonTarget	1	39432
154.1562062847825	1.0	NonTarget	1	39464
154.28120624933536	1.0	NonTarget	1	39496
154.4062062138882	1.0	NonTarget	1	39528
154.53120617844104	1.0	NonTarget	1	39560
154.65620614299385	1.0	NonTarget	1	39592
154.7812061075467	1.0	NonTarget	1	39624
154.90620607209954	1.0	NonTarget	1	39656
155.03120603665238	1.0	NonTarget	1	39688
155.1562060012052	1.0	NonTarget	1	39720
155.28120596575803	1.0	NonTarget	1	39752
155.40620593031088	1.0	NonTarget	1	39784
155.5312058948637	1.0	NonTarget	1	39816
155.65620585941653	1.0	NonTarget	1	39848
155.78120582396937	1.0	NonTarget	1	39880
155.90620578852221	1.0	NonTarget	1	39912
156.03120575307503	1.0	NonTarget	1	39944
156.15620571762787	1.0	NonTarget	1	39976
156.2812056821807	1.0	NonTarget	1	40008
156.40620564673353	1.0	NonTarget	1	40040
156.53120561128637	1.0	NonTarget	1	40072
156.6562055758392	1.0	NonTarget	1	40104
156.78120554039205	1.0	NonTarget	1	40136
156.90620550494486	1.0	NonTarget	1	40168
157.0312054694977	1.0	NonTarget	1	40200
157.15620543405055	1.0	NonTarget	1	40232
157.2812053986034	1.0	NonTarget	1	40264
157.4062053631562	1.0	NonTarget	1	40296
157.53120532770905	1.0	NonTarget	1	40328
157.6562052922619	1.0	NonTarget	1	40360
157.7812052568147	1.0	NonTarget	1	40392
157.90620522136754	1.0	NonTarget	1	40424
158.03120518592038	1.0	NonTarget	1	40456
158.15620515047323	1.0	NonTarget	1	40488
158.28120511502604	1.0	NonTarget	1	40520
158.40620507957888	1.0	NonTarget	1	40552
158.53120504413172	1.0	NonTarget	1	40584
158.65620500868454	1.0	NonTarget	1	40616
158.78120497323738	1.0	NonTarget	1	40648
158.90620493779022	1.0	NonTarget	1	40680
159.03120490234306	1.0	NonTarget	1	40712
159.15620486689588	1.0	NonTarget	1	40744
159.28120483144872	1.0	NonTarget	1	40776
159.40620479600156	1.0	NonTarget	1	40808
159.53120476055437	1.0	NonTarget	1	40840
159.65620472510722	1.0	NonTarget	1	40872
159.78120468966006	1.0	NonTarget	1	40904
159.9062046542129	1.0	NonTarget	1	40936
160.0312046187657	1.0	NonTarget	1	40968
160.15620458331856	1.0	NonTarget	1	41000
160.2812045478714	1.0	NonTarget	1	41032
160.40620451242424	1.0	NonTarget	1	41064
166.5312027755131	1.0	NonTarget	1	42632
166.65620274006594	1.0	NonTarget	1	42664
166.78120270461875	1.0	NonTarget	1	42696
166.9062026691716	1.0	NonTarget	1	42728
167.03120263372443	1.0	NonTarget	1	42760
167.15620259827728	1.0	NonTarget	1	42792
167.2812025628301	1.0	NonTarget	1	42824
167.40620252738293	1.0	NonTarget	1	42856
167.53120249193577	1.0	NonTarget	1	42888
167.6562024564886	1.0	NonTarget	1	42920
167.78120242104143	1.0	NonTarget	1	42952
167.90620238559427	1.0	NonTarget	1	42984
168.0312023501471	1.0	NonTarget	1	43016
168.15620231469993	1.0	NonTarget	1	43048
168.28120227925277	1.0	NonTarget	1	43080
168.4062022438056	1.0	NonTarget	1	43112
168.53120220835842	1.0	NonTarget	1	43144
168.65620217291126	1.0	NonTarget	1	43176
168.7812021374641	1.0	NonTarget	1	43208
168.90620210201695	1.0	NonTarget	1	43240
169.03120206656976	1.0	NonTarget	1	43272
169.1562020311226	1.0	NonTarget	1	43304
169.28120199567545	1.0	NonTarget	1	43336
169.4062019602283	1.0	NonTarget	1	43368
169.5312019247811	1.0	NonTarget	1	43400
169.65620188933394	1.0	NonTarget	1	43432
169.78120185388678	1.0	NonTarget	1	43464
169.9062018184396	1.0	NonTarget	1	43496
170.03120178299244	1.0	NonTarget	1	43528
170.15620174754528	1.0	NonTarget	1	43560
170.28120171209812	1.0	NonTarget	1	43592
170.40620167665094	1.0	NonTarget	1	43624
170.53120164120378	1.0	NonTarget	1	43656
170.65620160575662	1.0	NonTarget	1	43688
170.78120157030943	1.0	NonTarget	1	43720
170.90620153486228	1.0	NonTarget	1	43752
171.03120149941512	1.0	NonTarget	1	43784
171.15620146396796	1.0	NonTarget	1	43816
171.28120142852077	1.0	NonTarget	1	43848
171.40620139307362	1.0	NonTarget	1	43880
171.53120135762646	1.0	NonTarget	1	43912
171.6562013221793	1.0	NonTarget	1	43944
171.7812012867321	1.0	NonTarget	1	43976
171.90620125128495	1.0	NonTarget	1	44008
172.0312012158378	1.0	NonTarget	1	44040
172.1562011803906	1.0	NonTarget	1	44072
172.28120114494345	1.0	NonTarget	1	44104
172.4062011094963	1.0	NonTarget	1	44136
172.53120107404914	1.0	NonTarget	1	44168
172.65620103860195	1.0	NonTarget	1	44200
172.7812010031548	1.0	NonTarget	1	44232
172.90620096770763	1.0	NonTarget	1	44264
173.03120093226045	1.0	NonTarget	1	44296
173.1562008968133	1.0	NonTarget	1	44328
173.28120086136613	1.0	NonTarget	1	44360
173.40620082591897	1.0	NonTarget	1	44392
173.5312007904718	1.0	NonTarget	1	44424
173.65620075502463	1.0	NonTarget	1	44456
173.78120071957747	1.0	NonTarget	1	44488
173.9062006841303	1.0	NonTarget	1	44520
174.03120064868313	1.0	NonTarget	1	44552
174.15620061323597	1.0	NonTarget	1	44584
174.2812005777888	1.0	NonTarget	1	44616
174.40620054234162	1.0	NonTarget	1	44648
174.53120050689446	1.0	NonTarget	1	44680
174.6562004714473	1.0	NonTarget	1	44712
174.78120043600015	1.0	NonTarget	1	44744
174.90620040055296	1.0	NonTarget	1	44776
175.0312003651058	1.0	NonTarget	1	44808
175.15620032965865	1.0	NonTarget	1	44840
175.28120029421146	1.0	NonTarget	1	44872
175.4062002587643	1.0	NonTarget	1	44904
175.53120022331714	1.0	NonTarget	1	44936
175.65620018786998	1.0	NonTarget	1	44968
175.7812001524228	1.0	NonTarget	1	45000
175.90620011697564	1.0	NonTarget	1	45032
176.03120008152848	1.0	NonTarget	1	45064
176.15620004608132	1.0	NonTarget	1	45096
176.28120001063414	1.0	NonTarget	1	45128
176.40619997518698	1.0	NonTarget	1	45160
176.53119993973982	1.0	NonTarget	1	45192
176.65619990429263	1.0	NonTarget	1	45224
176.78119986884548	1.0	NonTarget	1	45256
176.90619983339832	1.0	NonTarget	1	45288
177.03119979795116	1.0	NonTarget	1	45320
177.15619976250397	1.0	NonTarget	1	45352
177.28119972705682	1.0	NonTarget	1	45384
177.40619969160966	1.0	NonTarget	1	45416
177.53119965616247	1.0	NonTarget	1	45448
177.6561996207153	1.0	NonTarget	1	45480
177.78119958526815	1.0	NonTarget	1	45512
177.906199549821	1.0	NonTarget	1	45544
178.0311995143738	1.0	NonTarget	1	45576
178.15619947892665	1.0	NonTarget	1	45608
178.2811994434795	1.0	NonTarget	1	45640
178.4061994080323	1.0	NonTarget	1	45672
184.5311976711212	1.0	NonTarget	1	47240
184.65619763567403	1.0	NonTarget	1	47272
184.78119760022685	1.0	NonTarget	1	47304
184.9061975647797	1.0	NonTarget	1	47336
185.03119752933253	1.0	NonTarget	1	47368
185.15619749388534	1.0	NonTarget	1	47400
185.28119745843819	1.0	NonTarget	1	47432
185.40619742299103	1.0	NonTarget	1	47464
185.53119738754387	1.0	NonTarget	1	47496
185.65619735209668	1.0	NonTarget	1	47528
185.78119731664952	1.0	NonTarget	1	47560
185.90619728120237	1.0	NonTarget	1	47592
186.0311972457552	1.0	NonTarget	1	47624
186.15619721030802	1.0	NonTarget	1	47656
186.28119717486086	1.0	NonTarget	1	47688
186.4061971394137	1.0	NonTarget	1	47720
186.53119710396652	1.0	NonTarget	1	47752
186.65619706851936	1.0	NonTarget	1	47784
186.7811970330722	1.0	NonTarget	1	47816
186.90619699762505	1.0	NonTarget	1	47848
187.03119696217786	1.0	NonTarget	1	47880
187.1561969267307	1.0	NonTarget	1	47912
187.28119689128354	1.0	NonTarget	1	47944
187.40619685583636	1.0	NonTarget	1	47976
187.5311968203892	1.0	NonTarget	1	48008
187.65619678494204	1.0	NonTarget	1	48040
187.78119674949488	1.0	NonTarget	1	48072
187.9061967140477	1.0	NonTarget	1	48104
188.03119667860054	1.0	NonTarget	1	48136
188.15619664315338	1.0	NonTarget	1	48168
188.28119660770622	1.0	NonTarget	1	48200
188.40619657225903	1.0	NonTarget	1	48232
188.53119653681188	1.0	NonTarget	1	48264
188.65619650136472	1.0	NonTarget	1	48296
188.78119646591753	1.0	NonTarget	1	48328
188.90619643047037	1.0	NonTarget	1	48360
189.03119639502322	1.0	NonTarget	1	48392
189.15619635957606	1.0	NonTarget	1	48424
189.28119632412887	1.0	NonTarget	1	48456
189.4061962886817	1.0	NonTarget	1	48488
189.53119625323455	1.0	NonTarget	1	48520
189.65619621778737	1.0	NonTarget	1	48552
189.7811961823402	1.0	NonTarget	1	48584
189.90619614689305	1.0	NonTarget	1	48616
190.0311961114459	1.0	NonTarget	1	48648
190.1561960759987	1.0	NonTarget	1	48680
190.28119604055155	1.0	NonTarget	1	48712
190.4061960051044	1.0	NonTarget	1	48744
190.53119596965723	1.0	NonTarget	1	48776
190.65619593421005	1.0	NonTarget	1	48808
190.7811958987629	1.0	NonTarget	1	48840
190.90619586331573	1.0	NonTarget	1	48872
191.03119582786854	1.0	NonTarget	1	48904
191.15619579242139	1.0	NonTarget	1	48936
191.28119575697423	1.0	NonTarget	1	48968
191.40619572152707	1.0	NonTarget	1	49000
191.53119568607988	1.0	NonTarget	1	49032
191.65619565063272	1.0	NonTarget	1	49064
191.78119561518557	1.0	NonTarget	1	49096
191.90619557973838	1.0	NonTarget	1	49128
192.03119554429122	1.0	NonTarget	1	49160
192.15619550884406	1.0	NonTarget	1	49192
192.2811954733969	1.0	NonTarget	1	49224
192.40619543794972	1.0	NonTarget	1	49256
192.53119540250256	1.0	NonTarget	1	49288
192.6561953670554	1.0	NonTarget	1	49320
192.78119533160825	1.0	NonTarget	1	49352
192.90619529616106	1.0	NonTarget	1	49384
193.0311952607139	1.0	NonTarget	1	49416
193.15619522526674	1.0	NonTarget	1	49448
193.28119518981956	1.0	NonTarget	1	49480
193.4061951543724	1.0	NonTarget	1	49512
193.53119511892524	1.0	NonTarget	1	49544
193.65619508347808	1.0	NonTarget	1	49576
193.7811950480309	1.0	NonTarget	1	49608
193.90619501258374	1.0	NonTarget	1	49640
194.03119497713658	1.0	NonTarget	1	49672
194.1561949416894	1.0	NonTarget	1	49704
194.28119490624223	1.0	NonTarget	1	49736
194.40619487079508	1.0	NonTarget	1	49768
194.53119483534792	1.0	NonTarget	1	49800
194.65619479990073	1.0	NonTarget	1	49832
194.78119476445357	1.0	NonTarget	1	49864
194.90619472900642	1.0	NonTarget	1	49896
195.03119469355923	1.0	NonTarget	1	49928
195.15619465811207	1.0	NonTarget	1	49960
195.2811946226649	1.0	NonTarget	1	49992
195.40619458721775	1.0	NonTarget	1	50024
195.53119455177057	1.0	NonTarget	1	50056
195.6561945163234	1.0	NonTarget	1	50088
195.78119448087625	1.0	NonTarget	1	50120
195.9061944454291	1.0	NonTarget	1	50152
196.0311944099819	1.0	NonTarget	1	50184
196.15619437453475	1.0	NonTarget	1	50216
196.2811943390876	1.0	NonTarget	1	50248
196.4061943036404	1.0	NonTarget	1	50280
202.5311925667293	1.0	NonTarget	1	51848
202.65619253128213	1.0	NonTarget	1	51880
202.78119249583494	1.0	NonTarget	1	51912
202.90619246038779	1.0	NonTarget	1	51944
203.03119242494063	1.0	NonTarget	1	51976
203.15619238949344	1.0	NonTarget	1	52008
203.28119235404628	1.0	NonTarget	1	52040
203.40619231859912	1.0	NonTarget	1	52072
203.53119228315197	1.0	NonTarget	1	52104
203.65619224770478	1.0	NonTarget	1	52136
203.78119221225762	1.0	NonTarget	1	52168
203.90619217681046	1.0	NonTarget	1	52200
204.03119214136328	1.0	NonTarget	1	52232
204.15619210591612	1.0	NonTarget	1	52264
204.28119207046896	1.0	NonTarget	1	52296
204.4061920350218	1.0	NonTarget	1	52328
204.53119199957462	1.0	NonTarget	1	52360
204.65619196412746	1.0	NonTarget	1	52392
204.7811919286803	1.0	NonTarget	1	52424
204.90619189323314	1.0	NonTarget	1	52456
205.03119185778596	1.0	NonTarget	1	52488
205.1561918223388	1.0	NonTarget	1	52520
205.28119178689164	1.0	NonTarget	1	52552
205.40619175144445	1.0	NonTarget	1	52584
205.5311917159973	1.0	NonTarget	1	52616
205.65619168055014	1.0	NonTarget	1	52648
205.78119164510298	1.0	NonTarget	1	52680
205.9061916096558	1.0	NonTarget	1	52712
206.03119157420863	1.0	NonTarget	1	52744
206.15619153876148	1.0	NonTarget	1	52776
206.2811915033143	1.0	NonTarget	1	52808
206.40619146786713	1.0	NonTarget	1	52840
206.53119143241997	1.0	NonTarget	1	52872
206.65619139697282	1.0	NonTarget	1	52904
206.78119136152563	1.0	NonTarget	1	52936
206.90619132607847	1.0	NonTarget	1	52968
207.0311912906313	1.0	NonTarget	1	53000
207.15619125518415	1.0	NonTarget	1	53032
207.28119121973697	1.0	NonTarget	1	53064
207.4061911842898	1.0	NonTarget	1	53096
207.53119114884265	1.0	NonTarget	1	53128
207.65619111339547	1.0	NonTarget	1	53160
207.7811910779483	1.0	NonTarget	1	53192
207.90619104250115	1.0	NonTarget	1	53224
208.031191007054	1.0	NonTarget	1	53256
208.1561909716068	1.0	NonTarget	1	53288
208.28119093615965	1.0	NonTarget	1	53320
208.4061909007125	1.0	NonTarget	1	53352
208.5311908652653	1.0	NonTarget	1	53384
208.65619082981814	1.0	NonTarget	1	53416
208.78119079437099	1.0	NonTarget	1	53448
208.90619075892383	1.0	NonTarget	1	53480
209.03119072347664	1.0	NonTarget	1	53512
209.15619068802948	1.0	NonTarget	1	53544
209.28119065258232	1.0	NonTarget	1	53576
209.40619061713517	1.0	NonTarget	1	53608
209.53119058168798	1.0	NonTarget	1	53640
209.65619054624082	1.0	NonTarget	1	53672
209.78119051079366	1.0	NonTarget	1	53704
209.90619047534648	1.0	NonTarget	1	53736
210.03119043989932	1.0	NonTarget	1	53768
210.15619040445216	1.0	NonTarget	1	53800
210.281190369005	1.0	NonTarget	1	53832
210.40619033355782	1.0	NonTarget	1	53864
210.53119029811066	1.0	NonTarget	1	53896
210.6561902626635	1.0	NonTarget	1	53928
210.7811902272163	1.0	NonTarget	1	53960
210.90619019176916	1.0	NonTarget	1	53992
211.031190156322	1.0	NonTarget	1	54024
211.15619012087484	1.0	NonTarget	1	54056
211.28119008542765	1.0	NonTarget	1	54088
211.4061900499805	1.0	NonTarget	1	54120
211.53119001453334	1.0	NonTarget	1	54152
211.65618997908618	1.0	NonTarget	1	54184
211.781189943639	1.0	NonTarget	1	54216
211.90618990819183	1.0	NonTarget	1	54248
212.03118987274468	1.0	NonTarget	1	54280
212.1561898372975	1.0	NonTarget	1	54312
212.28118980185033	1.0	NonTarget	1	54344
212.40618976640317	1.0	NonTarget	1	54376
212.53118973095602	1.0	NonTarget	1	54408
212.65618969550883	1.0	NonTarget	1	54440
212.78118966006167	1.0	NonTarget	1	54472
212.9061896246145	1.0	NonTarget	1	54504
213.03118958916733	1.0	NonTarget	1	54536
213.15618955372017	1.0	NonTarget	1	54568
213.281189518273	1.0	NonTarget	1	54600
213.40618948282585	1.0	NonTarget	1	54632
213.53118944737867	1.0	NonTarget	1	54664
213.6561894119315	1.0	NonTarget	1	54696
213.78118937648435	1.0	NonTarget	1	54728
213.90618934103716	1.0	NonTarget	1	54760
214.03118930559	1.0	NonTarget	1	54792
214.15618927014285	1.0	NonTarget	1	54824
214.2811892346957	1.0	NonTarget	1	54856
214.4061891992485	1.0	NonTarget	1	54888
220.53118746233739	1.0	NonTarget	1	56456
220.6561874268902	1.0	NonTarget	1	56488
220.78118739144304	1.0	NonTarget	1	56520
220.90618735599588	1.0	NonTarget	1	56552
221.03118732054872	1.0	NonTarget	1	56584
221.15618728510154	1.0	NonTarget	1	56616
221.28118724965438	1.0	NonTarget	1	56648
221.40618721420722	1.0	NonTarget	1	56680
221.53118717876006	1.0	NonTarget	1	56712
221.65618714331288	1.0	NonTarget	1	56744
221.78118710786572	1.0	NonTarget	1	56776
221.90618707241856	1.0	NonTarget	1	56808
222.03118703697137	1.0	NonTarget	1	56840
222.15618700152422	1.0	NonTarget	1	56872
222.28118696607706	1.0	NonTarget	1	56904
222.4061869306299	1.0	NonTarget	1	56936
222.5311868951827	1.0	NonTarget	1	56968
222.65618685973556	1.0	NonTarget	1	57000
222.7811868242884	1.0	NonTarget	1	57032
222.9061867888412	1.0	NonTarget	1	57064
223.03118675339405	1.0	NonTarget	1	57096
223.1561867179469	1.0	NonTarget	1	57128
223.28118668249974	1.0	NonTarget	1	57160
223.40618664705255	1.0	NonTarget	1	57192
223.5311866116054	1.0	NonTarget	1	57224
223.65618657615823	1.0	NonTarget	1	57256
223.78118654071108	1.0	NonTarget	1	57288
223.9061865052639	1.0	NonTarget	1	57320
224.03118646981673	1.0	NonTarget	1	57352
224.15618643436957	1.0	NonTarget	1	57384
224.2811863989224	1.0	NonTarget	1	57416
224.40618636347523	1.0	NonTarget	1	57448
224.53118632802807	1.0	NonTarget	1	57480
224.6561862925809	1.0	NonTarget	1	57512
224.78118625713373	1.0	NonTarget	1	57544
224.90618622168657	1.0	NonTarget	1	57576
225.0311861862394	1.0	NonTarget	1	57608
225.15618615079222	1.0	NonTarget	1	57640
225.28118611534506	1.0	NonTarget	1	57672
225.4061860798979	1.0	NonTarget	1	57704
225.53118604445075	1.0	NonTarget	1	57736
225.65618600900356	1.0	NonTarget	1	57768
225.7811859735564	1.0	NonTarget	1	57800
225.90618593810925	1.0	NonTarget	1	57832
226.0311859026621	1.0	NonTarget	1	57864
226.1561858672149	1.0	NonTarget	1	57896
226.28118583176774	1.0	NonTarget	1	57928
226.40618579632059	1.0	NonTarget	1	57960
226.5311857608734	1.0	NonTarget	1	57992
226.65618572542624	1.0	NonTarget	1	58024
226.78118568997908	1.0	NonTarget	1	58056
226.90618565453192	1.0	NonTarget	1	58088
227.03118561908474	1.0	NonTarget	1	58120
227.15618558363758	1.0	NonTarget	1	58152
227.28118554819042	1.0	NonTarget	1	58184
227.40618551274324	1.0	NonTarget	1	58216
227.53118547729608	1.0	NonTarget	1	58248
227.65618544184892	1.0	NonTarget	1	58280
227.78118540640176	1.0	NonTarget	1	58312
227.90618537095457	1.0	NonTarget	1	58344
228.03118533550742	1.0	NonTarget	1	58376
228.15618530006026	1.0	NonTarget	1	58408
228.2811852646131	1.0	NonTarget	1	58440
228.4061852291659	1.0	NonTarget	1	58472
228.53118519371876	1.0	NonTarget	1	58504
228.6561851582716	1.0	NonTarget	1	58536
228.7811851228244	1.0	NonTarget	1	58568
228.90618508737725	1.0	NonTarget	1	58600
229.0311850519301	1.0	NonTarget	1	58632
229.15618501648294	1.0	NonTarget	1	58664
229.28118498103575	1.0	NonTarget	1	58696
229.4061849455886	1.0	NonTarget	1	58728
229.53118491014143	1.0	NonTarget	1	58760
229.65618487469425	1.0	NonTarget	1	58792
229.7811848392471	1.0	NonTarget	1	58824
229.90618480379993	1.0	NonTarget	1	58856
230.03118476835277	1.0	NonTarget	1	58888
230.1561847329056	1.0	NonTarget	1	58920
230.28118469745843	1.0	NonTarget	1	58952
230.40618466201127	1.0	NonTarget	1	58984
230.53118462656408	1.0	NonTarget	1	59016
230.65618459111693	1.0	NonTarget	1	59048
230.78118455566977	1.0	NonTarget	1	59080
230.9061845202226	1.0	NonTarget	1	59112
231.03118448477542	1.0	NonTarget	1	59144
231.15618444932826	1.0	NonTarget	1	59176
231.2811844138811	1.0	NonTarget	1	59208
231.40618437843395	1.0	NonTarget	1	59240
231.53118434298676	1.0	NonTarget	1	59272
231.6561843075396	1.0	NonTarget	1	59304
231.78118427209245	1.0	NonTarget	1	59336
231.90618423664526	1.0	NonTarget	1	59368
232.0311842011981	1.0	NonTarget	1	59400
232.15618416575094	1.0	NonTarget	1	59432
232.28118413030379	1.0	NonTarget	1	59464
232.4061840948566	1.0	NonTarget	1	59496
238.53118235794548	1.0	NonTarget	1	61064
238.6561823224983	1.0	NonTarget	1	61096
238.78118228705114	1.0	NonTarget	1	61128
238.90618225160398	1.0	NonTarget	1	61160
239.03118221615682	1.0	NonTarget	1	61192
239.15618218070964	1.0	NonTarget	1	61224
239.28118214526248	1.0	NonTarget	1	61256
239.40618210981532	1.0	NonTarget	1	61288
239.53118207436813	1.0	NonTarget	1	61320
239.65618203892097	1.0	NonTarget	1	61352
239.78118200347382	1.0	NonTarget	1	61384
239.90618196802666	1.0	NonTarget	1	61416
240.03118193257947	1.0	NonTarget	1	61448
240.1561818971323	1.0	NonTarget	1	61480
240.28118186168516	1.0	NonTarget	1	61512
240.406181826238	1.0	NonTarget	1	61544
240.5311817907908	1.0	NonTarget	1	61576
240.65618175534365	1.0	NonTarget	1	61608
240.7811817198965	1.0	NonTarget	1	61640
240.9061816844493	1.0	NonTarget	1	61672
241.03118164900215	1.0	NonTarget	1	61704
241.156181613555	1.0	NonTarget	1	61736
241.28118157810783	1.0	NonTarget	1	61768
241.40618154266065	1.0	NonTarget	1	61800
241.5311815072135	1.0	NonTarget	1	61832
241.65618147176633	1.0	NonTarget	1	61864
241.78118143631914	1.0	NonTarget	1	61896
241.906181400872	1.0	NonTarget	1	61928
242.03118136542483	1.0	NonTarget	1	61960
242.15618132997767	1.0	NonTarget	1	61992
242.28118129453048	1.0	NonTarget	1	62024
242.40618125908333	1.0	NonTarget	1	62056
242.53118122363617	1.0	NonTarget	1	62088
242.656181188189	1.0	NonTarget	1	62120
242.78118115274182	1.0	NonTarget	1	62152
242.90618111729466	1.0	NonTarget	1	62184
243.0311810818475	1.0	NonTarget	1	62216
243.15618104640032	1.0	NonTarget	1	62248
243.28118101095316	1.0	NonTarget	1	62280
243.406180975506	1.0	NonTarget	1	62312
243.53118094005885	1.0	NonTarget	1	62344
243.65618090461166	1.0	NonTarget	1	62376
243.7811808691645	1.0	NonTarget	1	62408
243.90618083371734	1.0	NonTarget	1	62440
244.03118079827016	1.0	NonTarget	1	62472
244.156180762823	1.0	NonTarget	1	62504
244.28118072737584	1.0	NonTarget	1	62536
244.40618069192868	1.0	NonTarget	1	62568
244.5311806564815	1.0	NonTarget	1	62600
244.65618062103434	1.0	NonTarget	1	62632
244.78118058558718	1.0	NonTarget	1	62664
244.90618055014002	1.0	NonTarget	1	62696
245.03118051469284	1.0	NonTarget	1	62728
245.15618047924568	1.0	NonTarget	1	62760
245.28118044379852	1.0	NonTarget	1	62792
245.40618040835133	1.0	NonTarget	1	62824
245.53118037290417	1.0	NonTarget	1	62856
245.65618033745702	1.0	NonTarget	1	62888
245.78118030200986	1.0	NonTarget	1	62920
245.90618026656267	1.0	NonTarget	1	62952
246.0311802311155	1.0	NonTarget	1	62984
246.15618019566836	1.0	NonTarget	1	63016
246.28118016022117	1.0	NonTarget	1	63048
246.406180124774	1.0	NonTarget	1	63080
246.53118008932685	1.0	NonTarget	1	63112
246.6561800538797	1.0	NonTarget	1	63144
246.7811800184325	1.0	NonTarget	1	63176
246.90617998298535	1.0	NonTarget	1	63208
247.0311799475382	1.0	NonTarget	1	63240
247.15617991209103	1.0	NonTarget	1	63272
247.28117987664385	1.0	NonTarget	1	63304
247.4061798411967	1.0	NonTarget	1	63336
247.53117980574953	1.0	NonTarget	1	63368
247.65617977030234	1.0	NonTarget	1	63400
247.7811797348552	1.0	NonTarget	1	63432
247.90617969940803	1.0	NonTarget	1	63464
248.03117966396087	1.0	NonTarget	1	63496
248.15617962851368	1.0	NonTarget	1	63528
248.28117959306653	1.0	NonTarget	1	63560
248.40617955761937	1.0	NonTarget	1	63592
248.53117952217218	1.0	NonTarget	1	63624
248.65617948672502	1.0	NonTarget	1	63656
248.78117945127786	1.0	NonTarget	1	63688
248.9061794158307	1.0	NonTarget	1	63720
249.03117938038352	1.0	NonTarget	1	63752
249.15617934493636	1.0	NonTarget	1	63784
249.2811793094892	1.0	NonTarget	1	63816
249.40617927404202	1.0	NonTarget	1	63848
249.53117923859486	1.0	NonTarget	1	63880
249.6561792031477	1.0	NonTarget	1	63912
249.78117916770054	1.0	NonTarget	1	63944
249.90617913225336	1.0	NonTarget	1	63976
250.0311790968062	1.0	NonTarget	1	64008
250.15617906135904	1.0	NonTarget	1	64040
250.28117902591188	1.0	NonTarget	1	64072
250.4061789904647	1.0	NonTarget	1	64104
256.53117725355355	1.0	NonTarget	1	65672
256.6561772181064	1.0	NonTarget	1	65704
256.78117718265923	1.0	NonTarget	1	65736
256.9061771472121	1.0	NonTarget	1	65768
257.0311771117649	1.0	NonTarget	1	65800
257.15617707631776	1.0	NonTarget	1	65832
257.28117704087055	1.0	NonTarget	1	65864
257.4061770054234	1.0	NonTarget	1	65896
257.53117696997623	1.0	NonTarget	1	65928
257.65617693452907	1.0	NonTarget	1	65960
257.7811768990819	1.0	NonTarget	1	65992
257.90617686363476	1.0	NonTarget	1	66024
258.0311768281876	1.0	NonTarget	1	66056
258.15617679274044	1.0	NonTarget	1	66088
258.2811767572932	1.0	NonTarget	1	66120
258.40617672184607	1.0	NonTarget	1	66152
258.5311766863989	1.0	NonTarget	1	66184
258.65617665095175	1.0	NonTarget	1	66216
258.7811766155046	1.0	NonTarget	1	66248
258.90617658005743	1.0	NonTarget	1	66280
259.0311765446103	1.0	NonTarget	1	66312
259.15617650916306	1.0	NonTarget	1	66344
259.2811764737159	1.0	NonTarget	1	66376
259.40617643826874	1.0	NonTarget	1	66408
259.5311764028216	1.0	NonTarget	1	66440
259.6561763673744	1.0	NonTarget	1	66472
259.78117633192727	1.0	NonTarget	1	66504
259.9061762964801	1.0	NonTarget	1	66536
260.0311762610329	1.0	NonTarget	1	66568
260.15617622558574	1.0	NonTarget	1	66600
260.2811761901386	1.0	NonTarget	1	66632
260.4061761546914	1.0	NonTarget	1	66664
260.53117611924426	1.0	NonTarget	1	66696
260.6561760837971	1.0	NonTarget	1	66728
260.78117604834995	1.0	NonTarget	1	66760
260.90617601290273	1.0	NonTarget	1	66792
261.0311759774556	1.0	NonTarget	1	66824
261.1561759420084	1.0	NonTarget	1	66856
261.28117590656126	1.0	NonTarget	1	66888
261.4061758711141	1.0	NonTarget	1	66920
261.53117583566694	1.0	NonTarget	1	66952
261.6561758002198	1.0	NonTarget	1	66984
261.78117576477257	1.0	NonTarget	1	67016
261.9061757293254	1.0	NonTarget	1	67048
262.03117569387825	1.0	NonTarget	1	67080
262.1561756584311	1.0	NonTarget	1	67112
262.28117562298394	1.0	NonTarget	1	67144
262.4061755875368	1.0	NonTarget	1	67176
262.5311755520896	1.0	NonTarget	1	67208
262.65617551664246	1.0	NonTarget	1	67240
262.78117548119525	1.0	NonTarget	1	67272
262.9061754457481	1.0	NonTarget	1	67304
263.03117541030093	1.0	NonTarget	1	67336
263.1561753748538	1.0	NonTarget	1	67368
263.2811753394066	1.0	NonTarget	1	67400
263.40617530395946	1.0	NonTarget	1	67432
263.5311752685123	1.0	NonTarget	1	67464
263.6561752330651	1.0	NonTarget	1	67496
263.7811751976179	1.0	NonTarget	1	67528
263.90617516217077	1.0	NonTarget	1	67560
264.0311751267236	1.0	NonTarget	1	67592
264.15617509127645	1.0	NonTarget	1	67624
264.2811750558293	1.0	NonTarget	1	67656
264.40617502038214	1.0	NonTarget	1	67688
264.5311749849349	1.0	NonTarget	1	67720
264.65617494948776	1.0	NonTarget	1	67752
264.7811749140406	1.0	NonTarget	1	67784
264.90617487859345	1.0	NonTarget	1	67816
265.0311748431463	1.0	NonTarget	1	67848
265.15617480769913	1.0	NonTarget	1	67880
265.281174772252	1.0	NonTarget	1	67912
265.40617473680476	1.0	NonTarget	1	67944
265.5311747013576	1.0	NonTarget	1	67976
265.65617466591044	1.0	NonTarget	1	68008
265.7811746304633	1.0	NonTarget	1	68040
265.9061745950161	1.0	NonTarget	1	68072
266.03117455956897	1.0	NonTarget	1	68104
266.1561745241218	1.0	NonTarget	1	68136
266.2811744886746	1.0	NonTarget	1	68168
266.40617445322744	1.0	NonTarget	1	68200
266.5311744177803	1.0	NonTarget	1	68232
266.6561743823331	1.0	NonTarget	1	68264
266.78117434688596	1.0	NonTarget	1	68296
266.9061743114388	1.0	NonTarget	1	68328
267.03117427599165	1.0	NonTarget	1	68360
267.15617424054443	1.0	NonTarget	1	68392
267.2811742050973	1.0	NonTarget	1	68424
267.4061741696501	1.0	NonTarget	1	68456
267.53117413420296	1.0	NonTarget	1	68488
267.6561740987558	1.0	NonTarget	1	68520
267.78117406330864	1.0	NonTarget	1	68552
267.9061740278615	1.0	NonTarget	1	68584
268.0311739924143	1.0	NonTarget	1	68616
268.1561739569671	1.0	NonTarget	1	68648
268.28117392151995	1.0	NonTarget	1	68680
268.4061738860728	1.0	NonTarget	1	68712
274.53117214916165	1.0	NonTarget	1	70280
274.6561721137145	1.0	NonTarget	1	70312
274.78117207826733	1.0	NonTarget	1	70344
274.9061720428202	1.0	NonTarget	1	70376
275.031172007373	1.0	NonTarget	1	70408
275.15617197192586	1.0	NonTarget	1	70440
275.28117193647864	1.0	NonTarget	1	70472
275.4061719010315	1.0	NonTarget	1	70504
275.5311718655843	1.0	NonTarget	1	70536
275.65617183013717	1.0	NonTarget	1	70568
275.78117179469	1.0	NonTarget	1	70600
275.90617175924285	1.0	NonTarget	1	70632
276.0311717237957	1.0	NonTarget	1	70664
276.1561716883485	1.0	NonTarget	1	70696
276.2811716529013	1.0	NonTarget	1	70728
276.40617161745416	1.0	NonTarget	1	70760
276.531171582007	1.0	NonTarget	1	70792
276.65617154655985	1.0	NonTarget	1	70824
276.7811715111127	1.0	NonTarget	1	70856
276.90617147566553	1.0	NonTarget	1	70888
277.0311714402184	1.0	NonTarget	1	70920
277.15617140477116	1.0	NonTarget	1	70952
277.281171369324	1.0	NonTarget	1	70984
277.40617133387684	1.0	NonTarget	1	71016
277.5311712984297	1.0	NonTarget	1	71048
277.6561712629825	1.0	NonTarget	1	71080
277.78117122753537	1.0	NonTarget	1	71112
277.9061711920882	1.0	NonTarget	1	71144
278.031171156641	1.0	NonTarget	1	71176
278.15617112119384	1.0	NonTarget	1	71208
278.2811710857467	1.0	NonTarget	1	71240
278.4061710502995	1.0	NonTarget	1	71272
278.53117101485236	1.0	NonTarget	1	71304
278.6561709794052	1.0	NonTarget	1	71336
278.78117094395805	1.0	NonTarget	1	71368
278.90617090851083	1.0	NonTarget	1	71400
279.0311708730637	1.0	NonTarget	1	71432
279.1561708376165	1.0	NonTarget	1	71464
279.28117080216936	1.0	NonTarget	1	71496
279.4061707667222	1.0	NonTarget	1	71528
279.53117073127504	1.0	NonTarget	1	71560
279.6561706958279	1.0	NonTarget	1	71592
279.78117066038067	1.0	NonTarget	1	71624
279.9061706249335	1.0	NonTarget	1	71656
280.03117058948635	1.0	NonTarget	1	71688
280.1561705540392	1.0	NonTarget	1	71720
280.28117051859203	1.0	NonTarget	1	71752
280.4061704831449	1.0	NonTarget	1	71784
280.5311704476977	1.0	NonTarget	1	71816
280.6561704122505	1.0	NonTarget	1	71848
280.78117037680335	1.0	NonTarget	1	71880
280.9061703413562	1.0	NonTarget	1	71912
281.03117030590903	1.0	NonTarget	1	71944
281.15617027046187	1.0	NonTarget	1	71976
281.2811702350147	1.0	NonTarget	1	72008
281.40617019956755	1.0	NonTarget	1	72040
281.5311701641204	1.0	NonTarget	1	72072
281.6561701286732	1.0	NonTarget	1	72104
281.781170093226	1.0	NonTarget	1	72136
281.90617005777887	1.0	NonTarget	1	72168
282.0311700223317	1.0	NonTarget	1	72200
282.15616998688455	1.0	NonTarget	1	72232
282.2811699514374	1.0	NonTarget	1	72264
282.40616991599023	1.0	NonTarget	1	72296
282.531169880543	1.0	NonTarget	1	72328
282.65616984509586	1.0	NonTarget	1	72360
282.7811698096487	1.0	NonTarget	1	72392
282.90616977420154	1.0	NonTarget	1	72424
283.0311697387544	1.0	NonTarget	1	72456
283.1561697033072	1.0	NonTarget	1	72488
283.28116966786007	1.0	NonTarget	1	72520
283.40616963241285	1.0	NonTarget	1	72552
283.5311695969657	1.0	NonTarget	1	72584
283.65616956151854	1.0	NonTarget	1	72616
283.7811695260714	1.0	NonTarget	1	72648
283.9061694906242	1.0	NonTarget	1	72680
284.03116945517706	1.0	NonTarget	1	72712
284.1561694197299	1.0	NonTarget	1	72744
284.2811693842827	1.0	NonTarget	1	72776
284.40616934883553	1.0	NonTarget	1	72808
284.5311693133884	1.0	NonTarget	1	72840
284.6561692779412	1.0	NonTarget	1	72872
284.78116924249406	1.0	NonTarget	1	72904
284.9061692070469	1.0	NonTarget	1	72936
285.03116917159974	1.0	NonTarget	1	72968
285.1561691361525	1.0	NonTarget	1	73000
285.28116910070537	1.0	NonTarget	1	73032
285.4061690652582	1.0	NonTarget	1	73064
285.53116902981105	1.0	NonTarget	1	73096
285.6561689943639	1.0	NonTarget	1	73128
285.78116895891674	1.0	NonTarget	1	73160
285.9061689234696	1.0	NonTarget	1	73192
286.03116888802236	1.0	NonTarget	1	73224
286.1561688525752	1.0	NonTarget	1	73256
286.28116881712805	1.0	NonTarget	1	73288
286.4061687816809	1.0	NonTarget	1	73320
292.53116704476975	1.0	NonTarget	1	74888
292.6561670093226	1.0	NonTarget	1	74920
292.78116697387543	1.0	NonTarget	1	74952
292.90616693842827	1.0	NonTarget	1	74984
293.0311669029811	1.0	NonTarget	1	75016
293.15616686753395	1.0	NonTarget	1	75048
293.28116683208674	1.0	NonTarget	1	75080
293.4061667966396	1.0	NonTarget	1	75112
293.5311667611924	1.0	NonTarget	1	75144
293.65616672574527	1.0	NonTarget	1	75176
293.7811666902981	1.0	NonTarget	1	75208
293.90616665485095	1.0	NonTarget	1	75240
294.0311666194038	1.0	NonTarget	1	75272
294.1561665839566	1.0	NonTarget	1	75304
294.2811665485094	1.0	NonTarget	1	75336
294.40616651306226	1.0	NonTarget	1	75368
294.5311664776151	1.0	NonTarget	1	75400
294.65616644216794	1.0	NonTarget	1	75432
294.7811664067208	1.0	NonTarget	1	75464
294.9061663712736	1.0	NonTarget	1	75496
295.0311663358264	1.0	NonTarget	1	75528
295.15616630037925	1.0	NonTarget	1	75560
295.2811662649321	1.0	NonTarget	1	75592
295.40616622948494	1.0	NonTarget	1	75624
295.5311661940378	1.0	NonTarget	1	75656
295.6561661585906	1.0	NonTarget	1	75688
295.78116612314346	1.0	NonTarget	1	75720
295.9061660876963	1.0	NonTarget	1	75752
296.0311660522491	1.0	NonTarget	1	75784
296.15616601680193	1.0	NonTarget	1	75816
296.2811659813548	1.0	NonTarget	1	75848
296.4061659459076	1.0	NonTarget	1	75880
296.53116591046046	1.0	NonTarget	1	75912
296.6561658750133	1.0	NonTarget	1	75944
296.78116583956614	1.0	NonTarget	1	75976
296.9061658041189	1.0	NonTarget	1	76008
297.03116576867177	1.0	NonTarget	1	76040
297.1561657332246	1.0	NonTarget	1	76072
297.28116569777745	1.0	NonTarget	1	76104
297.4061656623303	1.0	NonTarget	1	76136
297.53116562688314	1.0	NonTarget	1	76168
297.656165591436	1.0	NonTarget	1	76200
297.78116555598876	1.0	NonTarget	1	76232
297.9061655205416	1.0	NonTarget	1	76264
298.03116548509445	1.0	NonTarget	1	76296
298.1561654496473	1.0	NonTarget	1	76328
298.28116541420013	1.0	NonTarget	1	76360
298.406165378753	1.0	NonTarget	1	76392
298.5311653433058	1.0	NonTarget	1	76424
298.6561653078586	1.0	NonTarget	1	76456
298.78116527241144	1.0	NonTarget	1	76488
298.9061652369643	1.0	NonTarget	1	76520
299.0311652015171	1.0	NonTarget	1	76552
299.15616516606997	1.0	NonTarget	1	76584
299.2811651306228	1.0	NonTarget	1	76616
299.40616509517565	1.0	NonTarget	1	76648
299.53116505972844	1.0	NonTarget	1	76680
299.6561650242813	1.0	NonTarget	1	76712
299.7811649888341	1.0	NonTarget	1	76744
299.90616495338696	1.0	NonTarget	1	76776
300.0311649179398	1.0	NonTarget	1	76808
300.15616488249265	1.0	NonTarget	1	76840
300.2811648470455	1.0	NonTarget	1	76872
300.40616481159833	1.0	NonTarget	1	76904
300.5311647761511	1.0	NonTarget	1	76936
300.65616474070396	1.0	NonTarget	1	76968
300.7811647052568	1.0	NonTarget	1	77000
300.90616466980964	1.0	NonTarget	1	77032
301.0311646343625	1.0	NonTarget	1	77064
301.1561645989153	1.0	NonTarget	1	77096
301.28116456346817	1.0	NonTarget	1	77128
301.40616452802095	1.0	NonTarget	1	77160
301.5311644925738	1.0	NonTarget	1	77192
301.65616445712664	1.0	NonTarget	1	77224
301.7811644216795	1.0	NonTarget	1	77256
301.9061643862323	1.0	NonTarget	1	77288
302.03116435078516	1.0	NonTarget	1	77320
302.156164315338	1.0	NonTarget	1	77352
302.2811642798908	1.0	NonTarget	1	77384
302.40616424444363	1.0	NonTarget	1	77416
302.5311642089965	1.0	NonTarget	1	77448
302.6561641735493	1.0	NonTarget	1	77480
302.78116413810216	1.0	NonTarget	1	77512
302.906164102655	1.0	NonTarget	1	77544
303.03116406720784	1.0	NonTarget	1	77576
303.1561640317606	1.0	NonTarget	1	77608
303.28116399631347	1.0	NonTarget	1	77640
303.4061639608663	1.0	NonTarget	1	77672
303.53116392541915	1.0	NonTarget	1	77704
303.656163889972	1.0	NonTarget	1	77736
303.78116385452483	1.0	NonTarget	1	77768
303.9061638190777	1.0	NonTarget	1	77800
304.03116378363046	1.0	NonTarget	1	77832
304.1561637481833	1.0	NonTarget	1	77864
304.28116371273615	1.0	NonTarget	1	77896
304.406163677289	1.0	NonTarget	1	77928
310.53116194037784	1.0	NonTarget	1	79496
310.6561619049307	1.0	NonTarget	1	79528
310.7811618694835	1.0	NonTarget	1	79560
310.90616183403637	1.0	NonTarget	1	79592
311.0311617985892	1.0	NonTarget	1	79624
311.15616176314205	1.0	NonTarget	1	79656
311.28116172769484	1.0	NonTarget	1	79688
311.4061616922477	1.0	NonTarget	1	79720
311.5311616568005	1.0	NonTarget	1	79752
311.65616162135336	1.0	NonTarget	1	79784
311.7811615859062	1.0	NonTarget	1	79816
311.90616155045905	1.0	NonTarget	1	79848
312.0311615150119	1.0	NonTarget	1	79880
312.1561614795647	1.0	NonTarget	1	79912
312.2811614441175	1.0	NonTarget	1	79944
312.40616140867036	1.0	NonTarget	1	79976
312.5311613732232	1.0	NonTarget	1	80008
312.65616133777604	1.0	NonTarget	1	80040
312.7811613023289	1.0	NonTarget	1	80072
312.9061612668817	1.0	NonTarget	1	80104
313.0311612314345	1.0	NonTarget	1	80136
313.15616119598735	1.0	NonTarget	1	80168
313.2811611605402	1.0	NonTarget	1	80200
313.40616112509304	1.0	NonTarget	1	80232
313.5311610896459	1.0	NonTarget	1	80264
313.6561610541987	1.0	NonTarget	1	80296
313.78116101875156	1.0	NonTarget	1	80328
313.90616098330435	1.0	NonTarget	1	80360
314.0311609478572	1.0	NonTarget	1	80392
314.15616091241003	1.0	NonTarget	1	80424
314.2811608769629	1.0	NonTarget	1	80456
314.4061608415157	1.0	NonTarget	1	80488
314.53116080606856	1.0	NonTarget	1	80520
314.6561607706214	1.0	NonTarget	1	80552
314.78116073517424	1.0	NonTarget	1	80584
314.906160699727	1.0	NonTarget	1	80616
315.03116066427987	1.0	NonTarget	1	80648
315.1561606288327	1.0	NonTarget	1	80680
315.28116059338555	1.0	NonTarget	1	80712
315.4061605579384	1.0	NonTarget	1	80744
315.53116052249123	1.0	NonTarget	1	80776
315.6561604870441	1.0	NonTarget	1	80808
315.78116045159686	1.0	NonTarget	1	80840
315.9061604161497	1.0	NonTarget	1	80872
316.03116038070254	1.0	NonTarget	1	80904
316.1561603452554	1.0	NonTarget	1	80936
316.28116030980823	1.0	NonTarget	1	80968
316.40616027436107	1.0	NonTarget	1	81000
316.5311602389139	1.0	NonTarget	1	81032
316.6561602034667	1.0	NonTarget	1	81064
316.78116016801954	1.0	NonTarget	1	81096
316.9061601325724	1.0	NonTarget	1	81128
317.0311600971252	1.0	NonTarget	1	81160
317.15616006167807	1.0	NonTarget	1	81192
317.2811600262309	1.0	NonTarget	1	81224
317.40615999078375	1.0	NonTarget	1	81256
317.53115995533653	1.0	NonTarget	1	81288
317.6561599198894	1.0	NonTarget	1	81320
317.7811598844422	1.0	NonTarget	1	81352
317.90615984899506	1.0	NonTarget	1	81384
318.0311598135479	1.0	NonTarget	1	81416
318.15615977810074	1.0	NonTarget	1	81448
318.2811597426536	1.0	NonTarget	1	81480
318.40615970720637	1.0	NonTarget	1	81512
318.5311596717592	1.0	NonTarget	1	81544
318.65615963631205	1.0	NonTarget	1	81576
318.7811596008649	1.0	NonTarget	1	81608
318.90615956541774	1.0	NonTarget	1	81640
319.0311595299706	1.0	NonTarget	1	81672
319.1561594945234	1.0	NonTarget	1	81704
319.28115945907626	1.0	NonTarget	1	81736
319.40615942362905	1.0	NonTarget	1	81768
319.5311593881819	1.0	NonTarget	1	81800
319.65615935273473	1.0	NonTarget	1	81832
319.7811593172876	1.0	NonTarget	1	81864
319.9061592818404	1.0	NonTarget	1	81896
320.03115924639326	1.0	NonTarget	1	81928
320.1561592109461	1.0	NonTarget	1	81960
320.2811591754989	1.0	NonTarget	1	81992
320.4061591400517	1.0	NonTarget	1	82024
320.53115910460457	1.0	NonTarget	1	82056
320.6561590691574	1.0	NonTarget	1	82088
320.78115903371025	1.0	NonTarget	1	82120
320.9061589982631	1.0	NonTarget	1	82152
321.03115896281594	1.0	NonTarget	1	82184
321.1561589273687	1.0	NonTarget	1	82216
321.28115889192156	1.0	NonTarget	1	82248
321.4061588564744	1.0	NonTarget	1	82280
321.53115882102725	1.0	NonTarget	1	82312
321.6561587855801	1.0	NonTarget	1	82344
321.78115875013293	1.0	NonTarget	1	82376
321.9061587146858	1.0	NonTarget	1	82408
322.03115867923856	1.0	NonTarget	1	82440
322.1561586437914	1.0	NonTarget	1	82472
322.28115860834424	1.0	NonTarget	1	82504
322.4061585728971	1.0	NonTarget	1	82536
328.53115683598594	1.0	NonTarget	1	84104
328.6561568005388	1.0	NonTarget	1	84136
328.7811567650916	1.0	NonTarget	1	84168
328.90615672964447	1.0	NonTarget	1	84200
329.0311566941973	1.0	NonTarget	1	84232
329.15615665875015	1.0	NonTarget	1	84264
329.28115662330293	1.0	NonTarget	1	84296
329.4061565878558	1.0	NonTarget	1	84328
329.5311565524086	1.0	NonTarget	1	84360
329.65615651696146	1.0	NonTarget	1	84392
329.7811564815143	1.0	NonTarget	1	84424
329.90615644606714	1.0	NonTarget	1	84456
330.03115641062	1.0	NonTarget	1	84488
330.15615637517277	1.0	NonTarget	1	84520
330.2811563397256	1.0	NonTarget	1	84552
330.40615630427845	1.0	NonTarget	1	84584
330.5311562688313	1.0	NonTarget	1	84616
330.65615623338414	1.0	NonTarget	1	84648
330.781156197937	1.0	NonTarget	1	84680
330.9061561624898	1.0	NonTarget	1	84712
331.0311561270426	1.0	NonTarget	1	84744
331.15615609159545	1.0	NonTarget	1	84776
331.2811560561483	1.0	NonTarget	1	84808
331.40615602070113	1.0	NonTarget	1	84840
331.531155985254	1.0	NonTarget	1	84872
331.6561559498068	1.0	NonTarget	1	84904
331.78115591435966	1.0	NonTarget	1	84936
331.90615587891244	1.0	NonTarget	1	84968
332.0311558434653	1.0	NonTarget	1	85000
332.1561558080181	1.0	NonTarget	1	85032
332.28115577257097	1.0	NonTarget	1	85064
332.4061557371238	1.0	NonTarget	1	85096
332.53115570167665	1.0	NonTarget	1	85128
332.6561556662295	1.0	NonTarget	1	85160
332.7811556307823	1.0	NonTarget	1	85192
332.9061555953351	1.0	NonTarget	1	85224
333.03115555988796	1.0	NonTarget	1	85256
333.1561555244408	1.0	NonTarget	1	85288
333.28115548899365	1.0	NonTarget	1	85320
333.4061554535465	1.0	NonTarget	1	85352
333.53115541809933	1.0	NonTarget	1	85384
333.6561553826522	1.0	NonTarget	1	85416
333.78115534720496	1.0	NonTarget	1	85448
333.9061553117578	1.0	NonTarget	1	85480
334.03115527631064	1.0	NonTarget	1	85512
334.1561552408635	1.0	NonTarget	1	85544
334.2811552054163	1.0	NonTarget	1	85576
334.40615516996917	1.0	NonTarget	1	85608
334.531155134522	1.0	NonTarget	1	85640
334.6561550990748	1.0	NonTarget	1	85672
334.78115506362764	1.0	NonTarget	1	85704
334.9061550281805	1.0	NonTarget	1	85736
335.0311549927333	1.0	NonTarget	1	85768
335.15615495728616	1.0	NonTarget	1	85800
335.281154921839	1.0	NonTarget	1	85832
335.40615488639185	1.0	NonTarget	1	85864
335.53115485094463	1.0	NonTarget	1	85896
335.6561548154975	1.0	NonTarget	1	85928
335.7811547800503	1.0	NonTarget	1	85960
335.90615474460316	1.0	NonTarget	1	85992
336.031154709156	1.0	NonTarget	1	86024
336.15615467370884	1.0	NonTarget	1	86056
336.2811546382617	1.0	NonTarget	1	86088
336.40615460281447	1.0	NonTarget	1	86120
336.5311545673673	1.0	NonTarget	1	86152
336.65615453192015	1.0	NonTarget	1	86184
336.781154496473	1.0	NonTarget	1	86216
336.90615446102584	1.0	NonTarget	1	86248
337.0311544255787	1.0	NonTarget	1	86280
337.1561543901315	1.0	NonTarget	1	86312
337.2811543546843	1.0	NonTarget	1	86344
337.40615431923715	1.0	NonTarget	1	86376
337.53115428379	1.0	NonTarget	1	86408
337.65615424834283	1.0	NonTarget	1	86440
337.7811542128957	1.0	NonTarget	1	86472
337.9061541774485	1.0	NonTarget	1	86504
338.03115414200136	1.0	NonTarget	1	86536
338.1561541065542	1.0	NonTarget	1	86568
338.281154071107	1.0	NonTarget	1	86600
338.4061540356598	1.0	NonTarget	1	86632
338.53115400021267	1.0	NonTarget	1	86664
338.6561539647655	1.0	NonTarget	1	86696
338.78115392931835	1.0	NonTarget	1	86728
338.9061538938712	1.0	NonTarget	1	86760
339.03115385842403	1.0	NonTarget	1	86792
339.1561538229768	1.0	NonTarget	1	86824
339.28115378752966	1.0	NonTarget	1	86856
339.4061537520825	1.0	NonTarget	1	86888
339.53115371663534	1.0	NonTarget	1	86920
339.6561536811882	1.0	NonTarget	1	86952
339.781153645741	1.0	NonTarget	1	86984
339.90615361029387	1.0	NonTarget	1	87016
340.03115357484666	1.0	NonTarget	1	87048
340.1561535393995	1.0	NonTarget	1	87080
340.28115350395234	1.0	NonTarget	1	87112
340.4061534685052	1.0	NonTarget	1	87144
346.53115173159404	1.0	NonTarget	1	88712
346.6561516961469	1.0	NonTarget	1	88744
346.7811516606997	1.0	NonTarget	1	88776
346.90615162525256	1.0	NonTarget	1	88808
347.0311515898054	1.0	NonTarget	1	88840
347.1561515543582	1.0	NonTarget	1	88872
347.28115151891103	1.0	NonTarget	1	88904
347.4061514834639	1.0	NonTarget	1	88936
347.5311514480167	1.0	NonTarget	1	88968
347.65615141256956	1.0	NonTarget	1	89000
347.7811513771224	1.0	NonTarget	1	89032
347.90615134167524	1.0	NonTarget	1	89064
348.0311513062281	1.0	NonTarget	1	89096
348.15615127078087	1.0	NonTarget	1	89128
348.2811512353337	1.0	NonTarget	1	89160
348.40615119988655	1.0	NonTarget	1	89192
348.5311511644394	1.0	NonTarget	1	89224
348.65615112899224	1.0	NonTarget	1	89256
348.7811510935451	1.0	NonTarget	1	89288
348.9061510580979	1.0	NonTarget	1	89320
349.0311510226507	1.0	NonTarget	1	89352
349.15615098720355	1.0	NonTarget	1	89384
349.2811509517564	1.0	NonTarget	1	89416
349.40615091630923	1.0	NonTarget	1	89448
349.53115088086207	1.0	NonTarget	1	89480
349.6561508454149	1.0	NonTarget	1	89512
349.78115080996776	1.0	NonTarget	1	89544
349.90615077452054	1.0	NonTarget	1	89576
350.0311507390734	1.0	NonTarget	1	89608
350.1561507036262	1.0	NonTarget	1	89640
350.28115066817907	1.0	NonTarget	1	89672
350.4061506327319	1.0	NonTarget	1	89704
350.53115059728475	1.0	NonTarget	1	89736
350.6561505618376	1.0	NonTarget	1	89768
350.7811505263904	1.0	NonTarget	1	89800
350.9061504909432	1.0	NonTarget	1	89832
351.03115045549606	1.0	NonTarget	1	89864
351.1561504200489	1.0	NonTarget	1	89896
351.28115038460174	1.0	NonTarget	1	89928
351.4061503491546	1.0	NonTarget	1	89960
351.5311503137074	1.0	NonTarget	1	89992
351.6561502782602	1.0	NonTarget	1	90024
351.78115024281306	1.0	NonTarget	1	90056
351.9061502073659	1.0	NonTarget	1	90088
352.03115017191874	1.0	NonTarget	1	90120
352.1561501364716	1.0	NonTarget	1	90152
352.2811501010244	1.0	NonTarget	1	90184
352.40615006557726	1.0	NonTarget	1	90216
352.5311500301301	1.0	NonTarget	1	90248
352.6561499946829	1.0	NonTarget	1	90280
352.78114995923573	1.0	NonTarget	1	90312
352.9061499237886	1.0	NonTarget	1	90344
353.0311498883414	1.0	NonTarget	1	90376
353.15614985289426	1.0	NonTarget	1	90408
353.2811498174471	1.0	NonTarget	1	90440
353.40614978199994	1.0	NonTarget	1	90472
353.5311497465527	1.0	NonTarget	1	90504
353.65614971110557	1.0	NonTarget	1	90536
353.7811496756584	1.0	NonTarget	1	90568
353.90614964021125	1.0	NonTarget	1	90600
354.0311496047641	1.0	NonTarget	1	90632
354.15614956931694	1.0	NonTarget	1	90664
354.2811495338698	1.0	NonTarget	1	90696
354.40614949842256	1.0	NonTarget	1	90728
354.5311494629754	1.0	NonTarget	1	90760
354.65614942752825	1.0	NonTarget	1	90792
354.7811493920811	1.0	NonTarget	1	90824
354.90614935663393	1.0	NonTarget	1	90856
355.0311493211868	1.0	NonTarget	1	90888
355.1561492857396	1.0	NonTarget	1	90920
355.2811492502924	1.0	NonTarget	1	90952
355.40614921484524	1.0	NonTarget	1	90984
355.5311491793981	1.0	NonTarget	1	91016
355.6561491439509	1.0	NonTarget	1	91048
355.78114910850377	1.0	NonTarget	1	91080
355.9061490730566	1.0	NonTarget	1	91112
356.03114903760945	1.0	NonTarget	1	91144
356.15614900216224	1.0	NonTarget	1	91176
356.2811489667151	1.0	NonTarget	1	91208
356.4061489312679	1.0	NonTarget	1	91240
356.53114889582076	1.0	NonTarget	1	91272
356.6561488603736	1.0	NonTarget	1	91304
356.78114882492645	1.0	NonTarget	1	91336
356.9061487894793	1.0	NonTarget	1	91368
357.0311487540321	1.0	NonTarget	1	91400
357.1561487185849	1.0	NonTarget	1	91432
357.28114868313776	1.0	NonTarget	1	91464
357.4061486476906	1.0	NonTarget	1	91496
357.53114861224344	1.0	NonTarget	1	91528
357.6561485767963	1.0	NonTarget	1	91560
357.7811485413491	1.0	NonTarget	1	91592
357.90614850590197	1.0	NonTarget	1	91624
358.03114847045475	1.0	NonTarget	1	91656
358.1561484350076	1.0	NonTarget	1	91688
358.28114839956044	1.0	NonTarget	1	91720
358.4061483641133	1.0	NonTarget	1	91752
364.53114662720213	1.0	NonTarget	1	93320
364.656146591755	1.0	NonTarget	1	93352
364.7811465563078	1.0	NonTarget	1	93384
364.90614652086066	1.0	NonTarget	1	93416
365.0311464854135	1.0	NonTarget	1	93448
365.1561464499663	1.0	NonTarget	1	93480
365.2811464145191	1.0	NonTarget	1	93512
365.40614637907197	1.0	NonTarget	1	93544
365.5311463436248	1.0	NonTarget	1	93576
365.65614630817765	1.0	NonTarget	1	93608
365.7811462727305	1.0	NonTarget	1	93640
365.90614623728334	1.0	NonTarget	1	93672
366.0311462018361	1.0	NonTarget	1	93704
366.15614616638896	1.0	NonTarget	1	93736
366.2811461309418	1.0	NonTarget	1	93768
366.40614609549465	1.0	NonTarget	1	93800
366.5311460600475	1.0	NonTarget	1	93832
366.65614602460033	1.0	NonTarget	1	93864
366.7811459891532	1.0	NonTarget	1	93896
366.906145953706	1.0	NonTarget	1	93928
367.0311459182588	1.0	NonTarget	1	93960
367.15614588281164	1.0	NonTarget	1	93992
367.2811458473645	1.0	NonTarget	1	94024
367.4061458119173	1.0	NonTarget	1	94056
367.53114577647017	1.0	NonTarget	1	94088
367.656145741023	1.0	NonTarget	1	94120
367.78114570557585	1.0	NonTarget	1	94152
367.90614567012864	1.0	NonTarget	1	94184
368.0311456346815	1.0	NonTarget	1	94216
368.1561455992343	1.0	NonTarget	1	94248
368.28114556378716	1.0	NonTarget	1	94280
368.40614552834	1.0	NonTarget	1	94312
368.53114549289285	1.0	NonTarget	1	94344
368.6561454574457	1.0	NonTarget	1	94376
368.7811454219985	1.0	NonTarget	1	94408
368.9061453865513	1.0	NonTarget	1	94440
369.03114535110416	1.0	NonTarget	1	94472
369.156145315657	1.0	NonTarget	1	94504
369.28114528020984	1.0	NonTarget	1	94536
369.4061452447627	1.0	NonTarget	1	94568
369.5311452093155	1.0	NonTarget	1	94600
369.6561451738683	1.0	NonTarget	1	94632
369.78114513842115	1.0	NonTarget	1	94664
369.906145102974	1.0	NonTarget	1	94696
370.03114506752684	1.0	NonTarget	1	94728
370.1561450320797	1.0	NonTarget	1	94760
370.2811449966325	1.0	NonTarget	1	94792
370.40614496118536	1.0	NonTarget	1	94824
370.53114492573815	1.0	NonTarget	1	94856
370.656144890291	1.0	NonTarget	1	94888
370.78114485484383	1.0	NonTarget	1	94920
370.9061448193967	1.0	NonTarget	1	94952
371.0311447839495	1.0	NonTarget	1	94984
371.15614474850236	1.0	NonTarget	1	95016
371.2811447130552	1.0	NonTarget	1	95048
371.40614467760804	1.0	NonTarget	1	95080
371.5311446421608	1.0	NonTarget	1	95112
371.65614460671367	1.0	NonTarget	1	95144
371.7811445712665	1.0	NonTarget	1	95176
371.90614453581935	1.0	NonTarget	1	95208
372.0311445003722	1.0	NonTarget	1	95240
372.15614446492503	1.0	NonTarget	1	95272
372.2811444294779	1.0	NonTarget	1	95304
372.40614439403066	1.0	NonTarget	1	95336
372.5311443585835	1.0	NonTarget	1	95368
372.65614432313635	1.0	NonTarget	1	95400
372.7811442876892	1.0	NonTarget	1	95432
372.90614425224203	1.0	NonTarget	1	95464
373.03114421679487	1.0	NonTarget	1	95496
373.1561441813477	1.0	NonTarget	1	95528
373.2811441459005	1.0	NonTarget	1	95560
373.40614411045334	1.0	NonTarget	1	95592
373.5311440750062	1.0	NonTarget	1	95624
373.656144039559	1.0	NonTarget	1	95656
373.78114400411187	1.0	NonTarget	1	95688
373.9061439686647	1.0	NonTarget	1	95720
374.03114393321755	1.0	NonTarget	1	95752
374.15614389777033	1.0	NonTarget	1	95784
374.2811438623232	1.0	NonTarget	1	95816
374.406143826876	1.0	NonTarget	1	95848
374.53114379142886	1.0	NonTarget	1	95880
374.6561437559817	1.0	NonTarget	1	95912
374.78114372053454	1.0	NonTarget	1	95944
374.9061436850874	1.0	NonTarget	1	95976
375.03114364964017	1.0	NonTarget	1	96008
375.156143614193	1.0	NonTarget	1	96040
375.28114357874585	1.0	NonTarget	1	96072
375.4061435432987	1.0	NonTarget	1	96104
375.53114350785154	1.0	NonTarget	1	96136
375.6561434724044	1.0	NonTarget	1	96168
375.7811434369572	1.0	NonTarget	1	96200
375.90614340151	1.0	NonTarget	1	96232
376.03114336606285	1.0	NonTarget	1	96264
376.1561433306157	1.0	NonTarget	1	96296
376.28114329516853	1.0	NonTarget	1	96328
376.4061432597214	1.0	NonTarget	1	96360
382.53114152281023	1.0	NonTarget	1	97928
382.6561414873631	1.0	NonTarget	1	97960
382.7811414519159	1.0	NonTarget	1	97992
382.90614141646876	1.0	NonTarget	1	98024
383.0311413810216	1.0	NonTarget	1	98056
383.1561413455744	1.0	NonTarget	1	98088
383.2811413101272	1.0	NonTarget	1	98120
383.40614127468007	1.0	NonTarget	1	98152
383.5311412392329	1.0	NonTarget	1	98184
383.65614120378575	1.0	NonTarget	1	98216
383.7811411683386	1.0	NonTarget	1	98248
383.90614113289143	1.0	NonTarget	1	98280
384.0311410974442	1.0	NonTarget	1	98312
384.15614106199706	1.0	NonTarget	1	98344
384.2811410265499	1.0	NonTarget	1	98376
384.40614099110275	1.0	NonTarget	1	98408
384.5311409556556	1.0	NonTarget	1	98440
384.65614092020843	1.0	NonTarget	1	98472
384.78114088476127	1.0	NonTarget	1	98504
384.90614084931406	1.0	NonTarget	1	98536
385.0311408138669	1.0	NonTarget	1	98568
385.15614077841974	1.0	NonTarget	1	98600
385.2811407429726	1.0	NonTarget	1	98632
385.4061407075254	1.0	NonTarget	1	98664
385.53114067207827	1.0	NonTarget	1	98696
385.6561406366311	1.0	NonTarget	1	98728
385.78114060118395	1.0	NonTarget	1	98760
385.90614056573673	1.0	NonTarget	1	98792
386.0311405302896	1.0	NonTarget	1	98824
386.1561404948424	1.0	NonTarget	1	98856
386.28114045939526	1.0	NonTarget	1	98888
386.4061404239481	1.0	NonTarget	1	98920
386.53114038850094	1.0	NonTarget	1	98952
386.6561403530538	1.0	NonTarget	1	98984
386.78114031760657	1.0	NonTarget	1	99016
386.9061402821594	1.0	NonTarget	1	99048
387.03114024671225	1.0	NonTarget	1	99080
387.1561402112651	1.0	NonTarget	1	99112
387.28114017581794	1.0	NonTarget	1	99144
387.4061401403708	1.0	NonTarget	1	99176
387.5311401049236	1.0	NonTarget	1	99208
387.6561400694764	1.0	NonTarget	1	99240
387.78114003402925	1.0	NonTarget	1	99272
387.9061399985821	1.0	NonTarget	1	99304
388.03113996313493	1.0	NonTarget	1	99336
388.1561399276878	1.0	NonTarget	1	99368
388.2811398922406	1.0	NonTarget	1	99400
388.40613985679346	1.0	NonTarget	1	99432
388.53113982134624	1.0	NonTarget	1	99464
388.6561397858991	1.0	NonTarget	1	99496
388.7811397504519	1.0	NonTarget	1	99528
388.90613971500477	1.0	NonTarget	1	99560
389.0311396795576	1.0	NonTarget	1	99592
389.15613964411045	1.0	NonTarget	1	99624
389.2811396086633	1.0	NonTarget	1	99656
389.4061395732161	1.0	NonTarget	1	99688
389.5311395377689	1.0	NonTarget	1	99720
389.65613950232176	1.0	NonTarget	1	99752
389.7811394668746	1.0	NonTarget	1	99784
389.90613943142745	1.0	NonTarget	1	99816
390.0311393959803	1.0	NonTarget	1	99848
390.15613936053313	1.0	NonTarget	1	99880
390.281139325086	1.0	NonTarget	1	99912
390.40613928963876	1.0	NonTarget	1	99944
390.5311392541916	1.0	NonTarget	1	99976
390.65613921874444	1.0	NonTarget	1	100008
390.7811391832973	1.0	NonTarget	1	100040
390.9061391478501	1.0	NonTarget	1	100072
391.03113911240297	1.0	NonTarget	1	100104
391.1561390769558	1.0	NonTarget	1	100136
391.2811390415086	1.0	NonTarget	1	100168
391.40613900606144	1.0	NonTarget	1	100200
391.5311389706143	1.0	NonTarget	1	100232
391.6561389351671	1.0	NonTarget	1	100264
391.78113889971996	1.0	NonTarget	1	100296
391.9061388642728	1.0	NonTarget	1	100328
392.03113882882565	1.0	NonTarget	1	100360
392.15613879337843	1.0	NonTarget	1	100392
392.2811387579313	1.0	NonTarget	1	100424
392.4061387224841	1.0	NonTarget	1	100456
392.53113868703696	1.0	NonTarget	1	100488
392.6561386515898	1.0	NonTarget	1	100520
392.78113861614264	1.0	NonTarget	1	100552
392.9061385806955	1.0	NonTarget	1	100584
393.03113854524827	1.0	NonTarget	1	100616
393.1561385098011	1.0	NonTarget	1	100648
393.28113847435395	1.0	NonTarget	1	100680
393.4061384389068	1.0	NonTarget	1	100712
393.53113840345964	1.0	NonTarget	1	100744
393.6561383680125	1.0	NonTarget	1	100776
393.7811383325653	1.0	NonTarget	1	100808
393.9061382971181	1.0	NonTarget	1	100840
394.03113826167095	1.0	NonTarget	1	100872
394.1561382262238	1.0	NonTarget	1	100904
394.28113819077663	1.0	NonTarget	1	100936
394.4061381553295	1.0	NonTarget	1	100968
400.5311364184183	1.0	NonTarget	1	102536
400.65613638297117	1.0	NonTarget	1	102568
400.781136347524	1.0	NonTarget	1	102600
400.90613631207685	1.0	NonTarget	1	102632
401.0311362766297	1.0	NonTarget	1	102664
401.1561362411825	1.0	NonTarget	1	102696
401.2811362057353	1.0	NonTarget	1	102728
401.40613617028816	1.0	NonTarget	1	102760
401.531136134841	1.0	NonTarget	1	102792
401.65613609939385	1.0	NonTarget	1	102824
401.7811360639467	1.0	NonTarget	1	102856
401.90613602849953	1.0	NonTarget	1	102888
402.0311359930523	1.0	NonTarget	1	102920
402.15613595760516	1.0	NonTarget	1	102952
402.281135922158	1.0	NonTarget	1	102984
402.40613588671084	1.0	NonTarget	1	103016
402.5311358512637	1.0	NonTarget	1	103048
402.6561358158165	1.0	NonTarget	1	103080
402.78113578036937	1.0	NonTarget	1	103112
402.90613574492215	1.0	NonTarget	1	103144
403.031135709475	1.0	NonTarget	1	103176
403.15613567402784	1.0	NonTarget	1	103208
403.2811356385807	1.0	NonTarget	1	103240
403.4061356031335	1.0	NonTarget	1	103272
403.53113556768636	1.0	NonTarget	1	103304
403.6561355322392	1.0	NonTarget	1	103336
403.781135496792	1.0	NonTarget	1	103368
403.90613546134483	1.0	NonTarget	1	103400
404.0311354258977	1.0	NonTarget	1	103432
404.1561353904505	1.0	NonTarget	1	103464
404.28113535500336	1.0	NonTarget	1	103496
404.4061353195562	1.0	NonTarget	1	103528
404.53113528410904	1.0	NonTarget	1	103560
404.6561352486619	1.0	NonTarget	1	103592
404.78113521321467	1.0	NonTarget	1	103624
404.9061351777675	1.0	NonTarget	1	103656
405.03113514232035	1.0	NonTarget	1	103688
405.1561351068732	1.0	NonTarget	1	103720
405.28113507142604	1.0	NonTarget	1	103752
405.4061350359789	1.0	NonTarget	1	103784
405.5311350005317	1.0	NonTarget	1	103816
405.6561349650845	1.0	NonTarget	1	103848
405.78113492963735	1.0	NonTarget	1	103880
405.9061348941902	1.0	NonTarget	1	103912
406.03113485874303	1.0	NonTarget	1	103944
406.1561348232959	1.0	NonTarget	1	103976
406.2811347878487	1.0	NonTarget	1	104008
406.40613475240156	1.0	NonTarget	1	104040
406.53113471695434	1.0	NonTarget	1	104072
406.6561346815072	1.0	NonTarget	1	104104
406.78113464606	1.0	NonTarget	1	104136
406.90613461061287	1.0	NonTarget	1	104168
407.0311345751657	1.0	NonTarget	1	104200
407.15613453971855	1.0	NonTarget	1	104232
407.2811345042714	1.0	NonTarget	1	104264
407.4061344688242	1.0	NonTarget	1	104296
407.531134433377	1.0	NonTarget	1	104328
407.65613439792986	1.0	NonTarget	1	104360
407.7811343624827	1.0	NonTarget	1	104392
407.90613432703555	1.0	NonTarget	1	104424
408.0311342915884	1.0	NonTarget	1	104456
408.15613425614123	1.0	NonTarget	1	104488
408.281134220694	1.0	NonTarget	1	104520
408.40613418524686	1.0	NonTarget	1	104552
408.5311341497997	1.0	NonTarget	1	104584
408.65613411435254	1.0	NonTarget	1	104616
408.7811340789054	1.0	NonTarget	1	104648
408.9061340434582	1.0	NonTarget	1	104680
409.03113400801107	1.0	NonTarget	1	104712
409.1561339725639	1.0	NonTarget	1	104744
409.2811339371167	1.0	NonTarget	1	104776
409.40613390166953	1.0	NonTarget	1	104808
409.5311338662224	1.0	NonTarget	1	104840
409.6561338307752	1.0	NonTarget	1	104872
409.78113379532806	1.0	NonTarget	1	104904
409.9061337598809	1.0	NonTarget	1	104936
410.03113372443374	1.0	NonTarget	1	104968
410.15613368898653	1.0	NonTarget	1	105000
410.28113365353937	1.0	NonTarget	1	105032
410.4061336180922	1.0	NonTarget	1	105064
410.53113358264505	1.0	NonTarget	1	105096
410.6561335471979	1.0	NonTarget	1	105128
410.78113351175074	1.0	NonTarget	1	105160
410.9061334763036	1.0	NonTarget	1	105192
411.03113344085637	1.0	NonTarget	1	105224
411.1561334054092	1.0	NonTarget	1	105256
411.28113336996205	1.0	NonTarget	1	105288
411.4061333345149	1.0	NonTarget	1	105320
411.53113329906773	1.0	NonTarget	1	105352
411.6561332636206	1.0	NonTarget	1	105384
411.7811332281734	1.0	NonTarget	1	105416
411.9061331927262	1.0	NonTarget	1	105448
412.03113315727904	1.0	NonTarget	1	105480
412.1561331218319	1.0	NonTarget	1	105512
412.2811330863847	1.0	NonTarget	1	105544
412.40613305093757	1.0	NonTarget	1	105576
418.5311313140264	1.0	NonTarget	1	107144
418.65613127857927	1.0	NonTarget	1	107176
418.7811312431321	1.0	NonTarget	1	107208
418.90613120768495	1.0	NonTarget	1	107240
419.0311311722378	1.0	NonTarget	1	107272
419.1561311367906	1.0	NonTarget	1	107304
419.2811311013434	1.0	NonTarget	1	107336
419.40613106589626	1.0	NonTarget	1	107368
419.5311310304491	1.0	NonTarget	1	107400
419.65613099500194	1.0	NonTarget	1	107432
419.7811309595548	1.0	NonTarget	1	107464
419.90613092410763	1.0	NonTarget	1	107496
420.0311308886604	1.0	NonTarget	1	107528
420.15613085321326	1.0	NonTarget	1	107560
420.2811308177661	1.0	NonTarget	1	107592
420.40613078231894	1.0	NonTarget	1	107624
420.5311307468718	1.0	NonTarget	1	107656
420.6561307114246	1.0	NonTarget	1	107688
420.78113067597747	1.0	NonTarget	1	107720
420.90613064053025	1.0	NonTarget	1	107752
421.0311306050831	1.0	NonTarget	1	107784
421.15613056963593	1.0	NonTarget	1	107816
421.2811305341888	1.0	NonTarget	1	107848
421.4061304987416	1.0	NonTarget	1	107880
421.53113046329446	1.0	NonTarget	1	107912
421.6561304278473	1.0	NonTarget	1	107944
421.7811303924001	1.0	NonTarget	1	107976
421.90613035695293	1.0	NonTarget	1	108008
422.03113032150577	1.0	NonTarget	1	108040
422.1561302860586	1.0	NonTarget	1	108072
422.28113025061145	1.0	NonTarget	1	108104
422.4061302151643	1.0	NonTarget	1	108136
422.53113017971714	1.0	NonTarget	1	108168
422.6561301442699	1.0	NonTarget	1	108200
422.78113010882277	1.0	NonTarget	1	108232
422.9061300733756	1.0	NonTarget	1	108264
423.03113003792845	1.0	NonTarget	1	108296
423.1561300024813	1.0	NonTarget	1	108328
423.28112996703413	1.0	NonTarget	1	108360
423.406129931587	1.0	NonTarget	1	108392
423.5311298961398	1.0	NonTarget	1	108424
423.6561298606926	1.0	NonTarget	1	108456
423.78112982524544	1.0	NonTarget	1	108488
423.9061297897983	1.0	NonTarget	1	108520
424.0311297543511	1.0	NonTarget	1	108552
424.15612971890397	1.0	NonTarget	1	108584
424.2811296834568	1.0	NonTarget	1	108616
424.40612964800965	1.0	NonTarget	1	108648
424.53112961256244	1.0	NonTarget	1	108680
424.6561295771153	1.0	NonTarget	1	108712
424.7811295416681	1.0	NonTarget	1	108744
424.90612950622096	1.0	NonTarget	1	108776
425.0311294707738	1.0	NonTarget	1	108808
425.15612943532665	1.0	NonTarget	1	108840
425.2811293998795	1.0	NonTarget	1	108872
425.4061293644323	1.0	NonTarget	1	108904
425.5311293289851	1.0	NonTarget	1	108936
425.65612929353796	1.0	NonTarget	1	108968
425.7811292580908	1.0	NonTarget	1	109000
425.90612922264364	1.0	NonTarget	1	109032
426.0311291871965	1.0	NonTarget	1	109064
426.1561291517493	1.0	NonTarget	1	109096
426.2811291163021	1.0	NonTarget	1	109128
426.40612908085495	1.0	NonTarget	1	109160
426.5311290454078	1.0	NonTarget	1	109192
426.65612900996064	1.0	NonTarget	1	109224
426.7811289745135	1.0	NonTarget	1	109256
426.9061289390663	1.0	NonTarget	1	109288
427.03112890361916	1.0	NonTarget	1	109320
427.15612886817195	1.0	NonTarget	1	109352
427.2811288327248	1.0	NonTarget	1	109384
427.40612879727763	1.0	NonTarget	1	109416
427.5311287618305	1.0	NonTarget	1	109448
427.6561287263833	1.0	NonTarget	1	109480
427.78112869093616	1.0	NonTarget	1	109512
427.906128655489	1.0	NonTarget	1	109544
428.03112862004184	1.0	NonTarget	1	109576
428.1561285845946	1.0	NonTarget	1	109608
428.28112854914747	1.0	NonTarget	1	109640
428.4061285137003	1.0	NonTarget	1	109672
428.53112847825315	1.0	NonTarget	1	109704
428.656128442806	1.0	NonTarget	1	109736
428.78112840735884	1.0	NonTarget	1	109768
428.9061283719117	1.0	NonTarget	1	109800
429.03112833646446	1.0	NonTarget	1	109832
429.1561283010173	1.0	NonTarget	1	109864
429.28112826557015	1.0	NonTarget	1	109896
429.406128230123	1.0	NonTarget	1	109928
429.53112819467583	1.0	NonTarget	1	109960
429.6561281592287	1.0	NonTarget	1	109992
429.7811281237815	1.0	NonTarget	1	110024
429.9061280883343	1.0	NonTarget	1	110056
430.03112805288714	1.0	NonTarget	1	110088
430.15612801744	1.0	NonTarget	1	110120
430.2811279819928	1.0	NonTarget	1	110152
430.40612794654567	1.0	NonTarget	1	110184
436.5311262096345	1.0	NonTarget	1	111752
436.65612617418736	1.0	NonTarget	1	111784
436.7811261387402	1.0	NonTarget	1	111816
436.90612610329305	1.0	NonTarget	1	111848
437.03112606784583	1.0	NonTarget	1	111880
437.1561260323987	1.0	NonTarget	1	111912
437.2811259969515	1.0	NonTarget	1	111944
437.40612596150436	1.0	NonTarget	1	111976
437.5311259260572	1.0	NonTarget	1	112008
437.65612589061004	1.0	NonTarget	1	112040
437.7811258551629	1.0	NonTarget	1	112072
437.9061258197157	1.0	NonTarget	1	112104
438.0311257842685	1.0	NonTarget	1	112136
438.15612574882135	1.0	NonTarget	1	112168
438.2811257133742	1.0	NonTarget	1	112200
438.40612567792704	1.0	NonTarget	1	112232
438.5311256424799	1.0	NonTarget	1	112264
438.6561256070327	1.0	NonTarget	1	112296
438.78112557158556	1.0	NonTarget	1	112328
438.90612553613835	1.0	NonTarget	1	112360
439.0311255006912	1.0	NonTarget	1	112392
439.15612546524403	1.0	NonTarget	1	112424
439.2811254297969	1.0	NonTarget	1	112456
439.4061253943497	1.0	NonTarget	1	112488
439.53112535890256	1.0	NonTarget	1	112520
439.6561253234554	1.0	NonTarget	1	112552
439.7811252880082	1.0	NonTarget	1	112584
439.906125252561	1.0	NonTarget	1	112616
440.03112521711387	1.0	NonTarget	1	112648
440.1561251816667	1.0	NonTarget	1	112680
440.28112514621955	1.0	NonTarget	1	112712
440.4061251107724	1.0	NonTarget	1	112744
440.53112507532524	1.0	NonTarget	1	112776
440.656125039878	1.0	NonTarget	1	112808
440.78112500443086	1.0	NonTarget	1	112840
440.9061249689837	1.0	NonTarget	1	112872
441.03112493353655	1.0	NonTarget	1	112904
441.1561248980894	1.0	NonTarget	1	112936
441.28112486264223	1.0	NonTarget	1	112968
441.4061248271951	1.0	NonTarget	1	113000
441.53112479174786	1.0	NonTarget	1	113032
441.6561247563007	1.0	NonTarget	1	113064
441.78112472085354	1.0	NonTarget	1	113096
441.9061246854064	1.0	NonTarget	1	113128
442.0311246499592	1.0	NonTarget	1	113160
442.15612461451207	1.0	NonTarget	1	113192
442.2811245790649	1.0	NonTarget	1	113224
442.40612454361775	1.0	NonTarget	1	113256
442.53112450817054	1.0	NonTarget	1	113288
442.6561244727234	1.0	NonTarget	1	113320
442.7811244372762	1.0	NonTarget	1	113352
442.90612440182906	1.0	NonTarget	1	113384
443.0311243663819	1.0	NonTarget	1	113416
443.15612433093474	1.0	NonTarget	1	113448
443.2811242954876	1.0	NonTarget	1	113480
443.4061242600404	1.0	NonTarget	1	113512
443.5311242245932	1.0	NonTarget	1	113544
443.65612418914606	1.0	NonTarget	1	113576
443.7811241536989	1.0	NonTarget	1	113608
443.90612411825174	1.0	NonTarget	1	113640
444.0311240828046	1.0	NonTarget	1	113672
444.1561240473574	1.0	NonTarget	1	113704
444.2811240119102	1.0	NonTarget	1	113736
444.40612397646305	1.0	NonTarget	1	113768
444.5311239410159	1.0	NonTarget	1	113800
444.65612390556873	1.0	NonTarget	1	113832
444.7811238701216	1.0	NonTarget	1	113864
444.9061238346744	1.0	NonTarget	1	113896
445.03112379922726	1.0	NonTarget	1	113928
445.15612376378004	1.0	NonTarget	1	113960
445.2811237283329	1.0	NonTarget	1	113992
445.4061236928857	1.0	NonTarget	1	114024
445.53112365743857	1.0	NonTarget	1	114056
445.6561236219914	1.0	NonTarget	1	114088
445.78112358654425	1.0	NonTarget	1	114120
445.9061235510971	1.0	NonTarget	1	114152
446.0311235156499	1.0	NonTarget	1	114184
446.1561234802027	1.0	NonTarget	1	114216
446.28112344475556	1.0	NonTarget	1	114248
446.4061234093084	1.0	NonTarget	1	114280
446.53112337386125	1.0	NonTarget	1	114312
446.6561233384141	1.0	NonTarget	1	114344
446.78112330296693	1.0	NonTarget	1	114376
446.9061232675198	1.0	NonTarget	1	114408
447.03112323207256	1.0	NonTarget	1	114440
447.1561231966254	1.0	NonTarget	1	114472
447.28112316117824	1.0	NonTarget	1	114504
447.4061231257311	1.0	NonTarget	1	114536
447.5311230902839	1.0	NonTarget	1	114568
447.65612305483677	1.0	NonTarget	1	114600
447.7811230193896	1.0	NonTarget	1	114632
447.9061229839424	1.0	NonTarget	1	114664
448.03112294849524	1.0	NonTarget	1	114696
448.1561229130481	1.0	NonTarget	1	114728
448.2811228776009	1.0	NonTarget	1	114760
448.40612284215376	1.0	NonTarget	1	114792
454.5311211052426	1.0	NonTarget	1	116360
454.65612106979546	1.0	NonTarget	1	116392
454.7811210343483	1.0	NonTarget	1	116424
454.90612099890114	1.0	NonTarget	1	116456
455.03112096345393	1.0	NonTarget	1	116488
455.15612092800677	1.0	NonTarget	1	116520
455.2811208925596	1.0	NonTarget	1	116552
455.40612085711246	1.0	NonTarget	1	116584
455.5311208216653	1.0	NonTarget	1	116616
455.65612078621814	1.0	NonTarget	1	116648
455.781120750771	1.0	NonTarget	1	116680
455.90612071532377	1.0	NonTarget	1	116712
456.0311206798766	1.0	NonTarget	1	116744
456.15612064442945	1.0	NonTarget	1	116776
456.2811206089823	1.0	NonTarget	1	116808
456.40612057353513	1.0	NonTarget	1	116840
456.531120538088	1.0	NonTarget	1	116872
456.6561205026408	1.0	NonTarget	1	116904
456.78112046719366	1.0	NonTarget	1	116936
456.90612043174644	1.0	NonTarget	1	116968
457.0311203962993	1.0	NonTarget	1	117000
457.1561203608521	1.0	NonTarget	1	117032
457.28112032540497	1.0	NonTarget	1	117064
457.4061202899578	1.0	NonTarget	1	117096
457.53112025451065	1.0	NonTarget	1	117128
457.6561202190635	1.0	NonTarget	1	117160
457.7811201836163	1.0	NonTarget	1	117192
457.9061201481691	1.0	NonTarget	1	117224
458.03112011272196	1.0	NonTarget	1	117256
458.1561200772748	1.0	NonTarget	1	117288
458.28112004182765	1.0	NonTarget	1	117320
458.4061200063805	1.0	NonTarget	1	117352
458.53111997093333	1.0	NonTarget	1	117384
458.6561199354861	1.0	NonTarget	1	117416
458.78111990003896	1.0	NonTarget	1	117448
458.9061198645918	1.0	NonTarget	1	117480
459.03111982914464	1.0	NonTarget	1	117512
459.1561197936975	1.0	NonTarget	1	117544
459.2811197582503	1.0	NonTarget	1	117576
459.40611972280317	1.0	NonTarget	1	117608
459.53111968735595	1.0	NonTarget	1	117640
459.6561196519088	1.0	NonTarget	1	117672
459.78111961646164	1.0	NonTarget	1	117704
459.9061195810145	1.0	NonTarget	1	117736
460.0311195455673	1.0	NonTarget	1	117768
460.15611951012016	1.0	NonTarget	1	117800
460.281119474673	1.0	NonTarget	1	117832
460.4061194392258	1.0	NonTarget	1	117864
460.53111940377863	1.0	NonTarget	1	117896
460.6561193683315	1.0	NonTarget	1	117928
460.7811193328843	1.0	NonTarget	1	117960
460.90611929743716	1.0	NonTarget	1	117992
461.03111926199	1.0	NonTarget	1	118024
461.15611922654284	1.0	NonTarget	1	118056
461.2811191910957	1.0	NonTarget	1	118088
461.40611915564847	1.0	NonTarget	1	118120
461.5311191202013	1.0	NonTarget	1	118152
461.65611908475415	1.0	NonTarget	1	118184
461.781119049307	1.0	NonTarget	1	118216
461.90611901385984	1.0	NonTarget	1	118248
462.0311189784127	1.0	NonTarget	1	118280
462.1561189429655	1.0	NonTarget	1	118312
462.2811189075183	1.0	NonTarget	1	118344
462.40611887207115	1.0	NonTarget	1	118376
462.531118836624	1.0	NonTarget	1	118408
462.65611880117683	1.0	NonTarget	1	118440
462.7811187657297	1.0	NonTarget	1	118472
462.9061187302825	1.0	NonTarget	1	118504
463.03111869483536	1.0	NonTarget	1	118536
463.15611865938814	1.0	NonTarget	1	118568
463.281118623941	1.0	NonTarget	1	118600
463.4061185884938	1.0	NonTarget	1	118632
463.53111855304667	1.0	NonTarget	1	118664
463.6561185175995	1.0	NonTarget	1	118696
463.78111848215235	1.0	NonTarget	1	118728
463.9061184467052	1.0	NonTarget	1	118760
464.031118411258	1.0	NonTarget	1	118792
464.1561183758108	1.0	NonTarget	1	118824
464.28111834036366	1.0	NonTarget	1	118856
464.4061183049165	1.0	NonTarget	1	118888
464.53111826946935	1.0	NonTarget	1	118920
464.6561182340222	1.0	NonTarget	1	118952
464.78111819857503	1.0	NonTarget	1	118984
464.9061181631278	1.0	NonTarget	1	119016
465.03111812768066	1.0	NonTarget	1	119048
465.1561180922335	1.0	NonTarget	1	119080
465.28111805678634	1.0	NonTarget	1	119112
465.4061180213392	1.0	NonTarget	1	119144
465.531117985892	1.0	NonTarget	1	119176
465.65611795044487	1.0	NonTarget	1	119208
465.78111791499765	1.0	NonTarget	1	119240
465.9061178795505	1.0	NonTarget	1	119272
466.03111784410333	1.0	NonTarget	1	119304
466.1561178086562	1.0	NonTarget	1	119336
466.281117773209	1.0	NonTarget	1	119368
466.40611773776186	1.0	NonTarget	1	119400
472.5311160008507	1.0	NonTarget	1	120968
472.65611596540356	1.0	NonTarget	1	121000
472.7811159299564	1.0	NonTarget	1	121032
472.90611589450924	1.0	NonTarget	1	121064
473.031115859062	1.0	NonTarget	1	121096
473.15611582361487	1.0	NonTarget	1	121128
473.2811157881677	1.0	NonTarget	1	121160
473.40611575272055	1.0	NonTarget	1	121192
473.5311157172734	1.0	NonTarget	1	121224
473.65611568182624	1.0	NonTarget	1	121256
473.7811156463791	1.0	NonTarget	1	121288
473.90611561093186	1.0	NonTarget	1	121320
474.0311155754847	1.0	NonTarget	1	121352
474.15611554003755	1.0	NonTarget	1	121384
474.2811155045904	1.0	NonTarget	1	121416
474.40611546914323	1.0	NonTarget	1	121448
474.5311154336961	1.0	NonTarget	1	121480
474.6561153982489	1.0	NonTarget	1	121512
474.7811153628017	1.0	NonTarget	1	121544
474.90611532735454	1.0	NonTarget	1	121576
475.0311152919074	1.0	NonTarget	1	121608
475.1561152564602	1.0	NonTarget	1	121640
475.28111522101307	1.0	NonTarget	1	121672
475.4061151855659	1.0	NonTarget	1	121704
475.53111515011875	1.0	NonTarget	1	121736
475.6561151146716	1.0	NonTarget	1	121768
475.7811150792244	1.0	NonTarget	1	121800
475.9061150437772	1.0	NonTarget	1	121832
476.03111500833006	1.0	NonTarget	1	121864
476.1561149728829	1.0	NonTarget	1	121896
476.28111493743575	1.0	NonTarget	1	121928
476.4061149019886	1.0	NonTarget	1	121960
476.53111486654143	1.0	NonTarget	1	121992
476.6561148310942	1.0	NonTarget	1	122024
476.78111479564706	1.0	NonTarget	1	122056
476.9061147601999	1.0	NonTarget	1	122088
477.03111472475274	1.0	NonTarget	1	122120
477.1561146893056	1.0	NonTarget	1	122152
477.2811146538584	1.0	NonTarget	1	122184
477.40611461841127	1.0	NonTarget	1	122216
477.53111458296405	1.0	NonTarget	1	122248
477.6561145475169	1.0	NonTarget	1	122280
477.78111451206973	1.0	NonTarget	1	122312
477.9061144766226	1.0	NonTarget	1	122344
478.0311144411754	1.0	NonTarget	1	122376
478.15611440572826	1.0	NonTarget	1	122408
478.2811143702811	1.0	NonTarget	1	122440
478.4061143348339	1.0	NonTarget	1	122472
478.53111429938673	1.0	NonTarget	1	122504
478.65611426393957	1.0	NonTarget	1	122536
478.7811142284924	1.0	NonTarget	1	122568
478.90611419304525	1.0	NonTarget	1	122600
479.0311141575981	1.0	NonTarget	1	122632
479.15611412215094	1.0	NonTarget	1	122664
479.2811140867037	1.0	NonTarget	1	122696
479.40611405125657	1.0	NonTarget	1	122728
479.5311140158094	1.0	NonTarget	1	122760
479.65611398036225	1.0	NonTarget	1	122792
479.7811139449151	1.0	NonTarget	1	122824
479.90611390946793	1.0	NonTarget	1	122856
480.0311138740208	1.0	NonTarget	1	122888
480.1561138385736	1.0	NonTarget	1	122920
480.2811138031264	1.0	NonTarget	1	122952
480.40611376767924	1.0	NonTarget	1	122984
480.5311137322321	1.0	NonTarget	1	123016
480.6561136967849	1.0	NonTarget	1	123048
480.78111366133777	1.0	NonTarget	1	123080
480.9061136258906	1.0	NonTarget	1	123112
481.03111359044345	1.0	NonTarget	1	123144
481.15611355499624	1.0	NonTarget	1	123176
481.2811135195491	1.0	NonTarget	1	123208
481.4061134841019	1.0	NonTarget	1	123240
481.53111344865476	1.0	NonTarget	1	123272
481.6561134132076	1.0	NonTarget	1	123304
481.78111337776045	1.0	NonTarget	1	123336
481.9061133423133	1.0	NonTarget	1	123368
482.0311133068661	1.0	NonTarget	1	123400
482.1561132714189	1.0	NonTarget	1	123432
482.28111323597176	1.0	NonTarget	1	123464
482.4061132005246	1.0	NonTarget	1	123496
482.53111316507744	1.0	NonTarget	1	123528
482.6561131296303	1.0	NonTarget	1	123560
482.7811130941831	1.0	NonTarget	1	123592
482.9061130587359	1.0	NonTarget	1	123624
483.03111302328875	1.0	NonTarget	1	123656
483.1561129878416	1.0	NonTarget	1	123688
483.28111295239444	1.0	NonTarget	1	123720
483.4061129169473	1.0	NonTarget	1	123752
483.5311128815001	1.0	NonTarget	1	123784
483.65611284605296	1.0	NonTarget	1	123816
483.78111281060575	1.0	NonTarget	1	123848
483.9061127751586	1.0	NonTarget	1	123880
484.03111273971143	1.0	NonTarget	1	123912
484.1561127042643	1.0	NonTarget	1	123944
484.2811126688171	1.0	NonTarget	1	123976
484.40611263336996	1.0	NonTarget	1	124008
490.5311108964588	1.0	NonTarget	1	125576
490.65611086101165	1.0	NonTarget	1	125608
490.7811108255645	1.0	NonTarget	1	125640
490.90611079011734	1.0	NonTarget	1	125672
491.0311107546701	1.0	NonTarget	1	125704
491.15611071922297	1.0	NonTarget	1	125736
491.2811106837758	1.0	NonTarget	1	125768
491.40611064832865	1.0	NonTarget	1	125800
491.5311106128815	1.0	NonTarget	1	125832
491.65611057743433	1.0	NonTarget	1	125864
491.7811105419872	1.0	NonTarget	1	125896
491.90611050653996	1.0	NonTarget	1	125928
492.0311104710928	1.0	NonTarget	1	125960
492.15611043564564	1.0	NonTarget	1	125992
492.2811104001985	1.0	NonTarget	1	126024
492.4061103647513	1.0	NonTarget	1	126056
492.53111032930417	1.0	NonTarget	1	126088
492.656110293857	1.0	NonTarget	1	126120
492.7811102584098	1.0	NonTarget	1	126152
492.90611022296264	1.0	NonTarget	1	126184
493.0311101875155	1.0	NonTarget	1	126216
493.1561101520683	1.0	NonTarget	1	126248
493.28111011662116	1.0	NonTarget	1	126280
493.406110081174	1.0	NonTarget	1	126312
493.53111004572685	1.0	NonTarget	1	126344
493.65611001027963	1.0	NonTarget	1	126376
493.7811099748325	1.0	NonTarget	1	126408
493.9061099393853	1.0	NonTarget	1	126440
494.03110990393816	1.0	NonTarget	1	126472
494.156109868491	1.0	NonTarget	1	126504
494.28110983304384	1.0	NonTarget	1	126536
494.4061097975967	1.0	NonTarget	1	126568
494.5311097621495	1.0	NonTarget	1	126600
494.6561097267023	1.0	NonTarget	1	126632
494.78110969125515	1.0	NonTarget	1	126664
494.906109655808	1.0	NonTarget	1	126696
495.03110962036084	1.0	NonTarget	1	126728
495.1561095849137	1.0	NonTarget	1	126760
495.2811095494665	1.0	NonTarget	1	126792
495.40610951401936	1.0	NonTarget	1	126824
495.53110947857215	1.0	NonTarget	1	126856
495.656109443125	1.0	NonTarget	1	126888
495.78110940767783	1.0	NonTarget	1	126920
495.9061093722307	1.0	NonTarget	1	126952
496.0311093367835	1.0	NonTarget	1	126984
496.15610930133636	1.0	NonTarget	1	127016
496.2811092658892	1.0	NonTarget	1	127048
496.406109230442	1.0	NonTarget	1	127080
496.5311091949948	1.0	NonTarget	1	127112
496.65610915954767	1.0	NonTarget	1	127144
496.7811091241005	1.0	NonTarget	1	127176
496.90610908865335	1.0	NonTarget	1	127208
497.0311090532062	1.0	NonTarget	1	127240
497.15610901775904	1.0	NonTarget	1	127272
497.2811089823118	1.0	NonTarget	1	127304
497.40610894686466	1.0	NonTarget	1	127336
497.5311089114175	1.0	NonTarget	1	127368
497.65610887597035	1.0	NonTarget	1	127400
497.7811088405232	1.0	NonTarget	1	127432
497.90610880507603	1.0	NonTarget	1	127464
498.0311087696289	1.0	NonTarget	1	127496
498.15610873418166	1.0	NonTarget	1	127528
498.2811086987345	1.0	NonTarget	1	127560
498.40610866328734	1.0	NonTarget	1	127592
498.5311086278402	1.0	NonTarget	1	127624
498.656108592393	1.0	NonTarget	1	127656
498.78110855694587	1.0	NonTarget	1	127688
498.9061085214987	1.0	NonTarget	1	127720
499.03110848605155	1.0	NonTarget	1	127752
499.15610845060434	1.0	NonTarget	1	127784
499.2811084151572	1.0	NonTarget	1	127816
499.40610837971	1.0	NonTarget	1	127848
499.53110834426286	1.0	NonTarget	1	127880
499.6561083088157	1.0	NonTarget	1	127912
499.78110827336855	1.0	NonTarget	1	127944
499.9061082379214	1.0	NonTarget	1	127976
500.0311082024742	1.0	NonTarget	1	128008
500.156108167027	1.0	NonTarget	1	128040
500.28110813157986	1.0	NonTarget	1	128072
500.4061080961327	1.0	NonTarget	1	128104
500.53110806068554	1.0	NonTarget	1	128136
500.6561080252384	1.0	NonTarget	1	128168
500.7811079897912	1.0	NonTarget	1	128200
500.906107954344	1.0	NonTarget	1	128232
501.03110791889685	1.0	NonTarget	1	128264
501.1561078834497	1.0	NonTarget	1	128296
501.28110784800253	1.0	NonTarget	1	128328
501.4061078125554	1.0	NonTarget	1	128360
501.5311077771082	1.0	NonTarget	1	128392
501.65610774166106	1.0	NonTarget	1	128424
501.78110770621385	1.0	NonTarget	1	128456
501.9061076707667	1.0	NonTarget	1	128488
502.03110763531953	1.0	NonTarget	1	128520
502.15610759987237	1.0	NonTarget	1	128552
502.2811075644252	1.0	NonTarget	1	128584
502.40610752897805	1.0	NonTarget	1	128616
508.5311057920669	1.0	NonTarget	1	130184
508.65610575661975	1.0	NonTarget	1	130216
508.7811057211726	1.0	NonTarget	1	130248
508.90610568572544	1.0	NonTarget	1	130280
509.0311056502782	1.0	NonTarget	1	130312
509.15610561483106	1.0	NonTarget	1	130344
509.2811055793839	1.0	NonTarget	1	130376
509.40610554393675	1.0	NonTarget	1	130408
509.5311055084896	1.0	NonTarget	1	130440
509.65610547304243	1.0	NonTarget	1	130472
509.7811054375953	1.0	NonTarget	1	130504
509.90610540214806	1.0	NonTarget	1	130536
510.0311053667009	1.0	NonTarget	1	130568
510.15610533125374	1.0	NonTarget	1	130600
510.2811052958066	1.0	NonTarget	1	130632
510.4061052603594	1.0	NonTarget	1	130664
510.53110522491227	1.0	NonTarget	1	130696
510.6561051894651	1.0	NonTarget	1	130728
510.7811051540179	1.0	NonTarget	1	130760
510.90610511857074	1.0	NonTarget	1	130792
511.0311050831236	1.0	NonTarget	1	130824
511.1561050476764	1.0	NonTarget	1	130856
511.28110501222926	1.0	NonTarget	1	130888
511.4061049767821	1.0	NonTarget	1	130920
511.53110494133495	1.0	NonTarget	1	130952
511.65610490588773	1.0	NonTarget	1	130984
511.7811048704406	1.0	NonTarget	1	131016
511.9061048349934	1.0	NonTarget	1	131048
512.0311047995463	1.0	NonTarget	1	131080
512.156104764099	1.0	NonTarget	1	131112
512.2811047286519	1.0	NonTarget	1	131144
512.4061046932047	1.0	NonTarget	1	131176
512.5311046577576	1.0	NonTarget	1	131208
512.6561046223104	1.0	NonTarget	1	131240
512.7811045868633	1.0	NonTarget	1	131272
512.9061045514161	1.0	NonTarget	1	131304
513.0311045159689	1.0	NonTarget	1	131336
513.1561044805218	1.0	NonTarget	1	131368
513.2811044450746	1.0	NonTarget	1	131400
513.4061044096275	1.0	NonTarget	1	131432
513.5311043741802	1.0	NonTarget	1	131464
513.6561043387331	1.0	NonTarget	1	131496
513.7811043032859	1.0	NonTarget	1	131528
513.9061042678387	1.0	NonTarget	1	131560
514.0311042323916	1.0	NonTarget	1	131592
514.1561041969444	1.0	NonTarget	1	131624
514.2811041614973	1.0	NonTarget	1	131656
514.4061041260501	1.0	NonTarget	1	131688
514.531104090603	1.0	NonTarget	1	131720
514.6561040551558	1.0	NonTarget	1	131752
514.7811040197086	1.0	NonTarget	1	131784
514.9061039842614	1.0	NonTarget	1	131816
515.0311039488142	1.0	NonTarget	1	131848
515.1561039133671	1.0	NonTarget	1	131880
515.2811038779199	1.0	NonTarget	1	131912
515.4061038424728	1.0	NonTarget	1	131944
515.5311038070256	1.0	NonTarget	1	131976
515.6561037715785	1.0	NonTarget	1	132008
515.7811037361313	1.0	NonTarget	1	132040
515.9061037006841	1.0	NonTarget	1	132072
516.031103665237	1.0	NonTarget	1	132104
516.1561036297898	1.0	NonTarget	1	132136
516.2811035943427	1.0	NonTarget	1	132168
516.4061035588954	1.0	NonTarget	1	132200
516.5311035234483	1.0	NonTarget	1	132232
516.6561034880011	1.0	NonTarget	1	132264
516.7811034525539	1.0	NonTarget	1	132296
516.9061034171068	1.0	NonTarget	1	132328
517.0311033816596	1.0	NonTarget	1	132360
517.1561033462125	1.0	NonTarget	1	132392
517.2811033107653	1.0	NonTarget	1	132424
517.4061032753182	1.0	NonTarget	1	132456
517.531103239871	1.0	NonTarget	1	132488
517.6561032044237	1.0	NonTarget	1	132520
517.7811031689766	1.0	NonTarget	1	132552
517.9061031335294	1.0	NonTarget	1	132584
518.0311030980823	1.0	NonTarget	1	132616
518.1561030626351	1.0	NonTarget	1	132648
518.281103027188	1.0	NonTarget	1	132680
518.4061029917408	1.0	NonTarget	1	132712
518.5311029562936	1.0	NonTarget	1	132744
518.6561029208465	1.0	NonTarget	1	132776
518.7811028853993	1.0	NonTarget	1	132808
518.9061028499522	1.0	NonTarget	1	132840
519.031102814505	1.0	NonTarget	1	132872
519.1561027790578	1.0	NonTarget	1	132904
519.2811027436106	1.0	NonTarget	1	132936
519.4061027081634	1.0	NonTarget	1	132968
519.5311026727163	1.0	NonTarget	1	133000
519.6561026372691	1.0	NonTarget	1	133032
519.781102601822	1.0	NonTarget	1	133064
519.9061025663748	1.0	NonTarget	1	133096
520.0311025309277	1.0	NonTarget	1	133128
520.1561024954805	1.0	NonTarget	1	133160
520.2811024600333	1.0	NonTarget	1	133192
520.4061024245862	1.0	NonTarget	1	133224
526.531100687675	1.0	NonTarget	1	134792
526.6561006522278	1.0	NonTarget	1	134824
526.7811006167807	1.0	NonTarget	1	134856
526.9061005813335	1.0	NonTarget	1	134888
527.0311005458864	1.0	NonTarget	1	134920
527.1561005104392	1.0	NonTarget	1	134952
527.2811004749921	1.0	NonTarget	1	134984
527.4061004395448	1.0	NonTarget	1	135016
527.5311004040976	1.0	NonTarget	1	135048
527.6561003686505	1.0	NonTarget	1	135080
527.7811003332033	1.0	NonTarget	1	135112
527.9061002977562	1.0	NonTarget	1	135144
528.031100262309	1.0	NonTarget	1	135176
528.1561002268619	1.0	NonTarget	1	135208
528.2811001914147	1.0	NonTarget	1	135240
528.4061001559675	1.0	NonTarget	1	135272
528.5311001205204	1.0	NonTarget	1	135304
528.6561000850731	1.0	NonTarget	1	135336
528.781100049626	1.0	NonTarget	1	135368
528.9061000141788	1.0	NonTarget	1	135400
529.0310999787317	1.0	NonTarget	1	135432
529.1560999432845	1.0	NonTarget	1	135464
529.2810999078373	1.0	NonTarget	1	135496
529.4060998723902	1.0	NonTarget	1	135528
529.531099836943	1.0	NonTarget	1	135560
529.6560998014959	1.0	NonTarget	1	135592
529.7810997660487	1.0	NonTarget	1	135624
529.9060997306016	1.0	NonTarget	1	135656
530.0310996951544	1.0	NonTarget	1	135688
530.1560996597071	1.0	NonTarget	1	135720
530.28109962426	1.0	NonTarget	1	135752
530.4060995888128	1.0	NonTarget	1	135784
530.5310995533657	1.0	NonTarget	1	135816
530.6560995179185	1.0	NonTarget	1	135848
530.7810994824714	1.0	NonTarget	1	135880
530.9060994470242	1.0	NonTarget	1	135912
531.031099411577	1.0	NonTarget	1	135944
531.1560993761299	1.0	NonTarget	1	135976
531.2810993406827	1.0	NonTarget	1	136008
531.4060993052356	1.0	NonTarget	1	136040
531.5310992697883	1.0	NonTarget	1	136072
531.6560992343412	1.0	NonTarget	1	136104
531.781099198894	1.0	NonTarget	1	136136
531.9060991634468	1.0	NonTarget	1	136168
532.0310991279997	1.0	NonTarget	1	136200
532.1560990925525	1.0	NonTarget	1	136232
532.2810990571054	1.0	NonTarget	1	136264
532.4060990216582	1.0	NonTarget	1	136296
532.5310989862111	1.0	NonTarget	1	136328
532.6560989507639	1.0	NonTarget	1	136360
532.7810989153166	1.0	NonTarget	1	136392
532.9060988798695	1.0	NonTarget	1	136424
533.0310988444223	1.0	NonTarget	1	136456
533.1560988089752	1.0	NonTarget	1	136488
533.281098773528	1.0	NonTarget	1	136520
533.4060987380809	1.0	NonTarget	1	136552
533.5310987026337	1.0	NonTarget	1	136584
533.6560986671865	1.0	NonTarget	1	136616
533.7810986317394	1.0	NonTarget	1	136648
533.9060985962922	1.0	NonTarget	1	136680
534.0310985608451	1.0	NonTarget	1	136712
534.1560985253979	1.0	NonTarget	1	136744
534.2810984899508	1.0	NonTarget	1	136776
534.4060984545035	1.0	NonTarget	1	136808
534.5310984190564	1.0	NonTarget	1	136840
534.6560983836092	1.0	NonTarget	1	136872
534.781098348162	1.0	NonTarget	1	136904
534.9060983127149	1.0	NonTarget	1	136936
535.0310982772677	1.0	NonTarget	1	136968
535.1560982418206	1.0	NonTarget	1	137000
535.2810982063734	1.0	NonTarget	1	137032
535.4060981709263	1.0	NonTarget	1	137064
535.531098135479	1.0	NonTarget	1	137096
535.6560981000318	1.0	NonTarget	1	137128
535.7810980645847	1.0	NonTarget	1	137160
535.9060980291375	1.0	NonTarget	1	137192
536.0310979936904	1.0	NonTarget	1	137224
536.1560979582432	1.0	NonTarget	1	137256
536.2810979227961	1.0	NonTarget	1	137288
536.4060978873489	1.0	NonTarget	1	137320
536.5310978519017	1.0	NonTarget	1	137352
536.6560978164546	1.0	NonTarget	1	137384
536.7810977810074	1.0	NonTarget	1	137416
536.9060977455603	1.0	NonTarget	1	137448
537.031097710113	1.0	NonTarget	1	137480
537.156097674666	1.0	NonTarget	1	137512
537.2810976392187	1.0	NonTarget	1	137544
537.4060976037715	1.0	NonTarget	1	137576
537.5310975683244	1.0	NonTarget	1	137608
537.6560975328772	1.0	NonTarget	1	137640
537.7810974974301	1.0	NonTarget	1	137672
537.9060974619829	1.0	NonTarget	1	137704
538.0310974265358	1.0	NonTarget	1	137736
538.1560973910886	1.0	NonTarget	1	137768
538.2810973556414	1.0	NonTarget	1	137800
538.4060973201942	1.0	NonTarget	1	137832
544.5310955832831	1.0	NonTarget	1	139400
544.6560955478359	1.0	NonTarget	1	139432
544.7810955123888	1.0	NonTarget	1	139464
544.9060954769416	1.0	NonTarget	1	139496
545.0310954414945	1.0	NonTarget	1	139528
545.1560954060473	1.0	NonTarget	1	139560
545.2810953706002	1.0	NonTarget	1	139592
545.4060953351529	1.0	NonTarget	1	139624
545.5310952997057	1.0	NonTarget	1	139656
545.6560952642586	1.0	NonTarget	1	139688
545.7810952288114	1.0	NonTarget	1	139720
545.9060951933643	1.0	NonTarget	1	139752
546.0310951579171	1.0	NonTarget	1	139784
546.15609512247	1.0	NonTarget	1	139816
546.2810950870228	1.0	NonTarget	1	139848
546.4060950515756	1.0	NonTarget	1	139880
546.5310950161285	1.0	NonTarget	1	139912
546.6560949806812	1.0	NonTarget	1	139944
546.7810949452341	1.0	NonTarget	1	139976
546.9060949097869	1.0	NonTarget	1	140008
547.0310948743398	1.0	NonTarget	1	140040
547.1560948388926	1.0	NonTarget	1	140072
547.2810948034454	1.0	NonTarget	1	140104
547.4060947679983	1.0	NonTarget	1	140136
547.5310947325511	1.0	NonTarget	1	140168
547.656094697104	1.0	NonTarget	1	140200
547.7810946616568	1.0	NonTarget	1	140232
547.9060946262097	1.0	NonTarget	1	140264
548.0310945907625	1.0	NonTarget	1	140296
548.1560945553152	1.0	NonTarget	1	140328
548.2810945198681	1.0	NonTarget	1	140360
548.4060944844209	1.0	NonTarget	1	140392
548.5310944489738	1.0	NonTarget	1	140424
548.6560944135266	1.0	NonTarget	1	140456
548.7810943780795	1.0	NonTarget	1	140488
548.9060943426323	1.0	NonTarget	1	140520
549.0310943071851	1.0	NonTarget	1	140552
549.156094271738	1.0	NonTarget	1	140584
549.2810942362908	1.0	NonTarget	1	140616
549.4060942008437	1.0	NonTarget	1	140648
549.5310941653964	1.0	NonTarget	1	140680
549.6560941299493	1.0	NonTarget	1	140712
549.7810940945021	1.0	NonTarget	1	140744
549.9060940590549	1.0	NonTarget	1	140776
550.0310940236078	1.0	NonTarget	1	140808
550.1560939881606	1.0	NonTarget	1	140840
550.2810939527135	1.0	NonTarget	1	140872
550.4060939172663	1.0	NonTarget	1	140904
550.5310938818192	1.0	NonTarget	1	140936
550.656093846372	1.0	NonTarget	1	140968
550.7810938109247	1.0	NonTarget	1	141000
550.9060937754776	1.0	NonTarget	1	141032
551.0310937400304	1.0	NonTarget	1	141064
551.1560937045833	1.0	NonTarget	1	141096
551.2810936691361	1.0	NonTarget	1	141128
551.406093633689	1.0	NonTarget	1	141160
551.5310935982418	1.0	NonTarget	1	141192
551.6560935627946	1.0	NonTarget	1	141224
551.7810935273475	1.0	NonTarget	1	141256
551.9060934919003	1.0	NonTarget	1	141288
552.0310934564532	1.0	NonTarget	1	141320
552.156093421006	1.0	NonTarget	1	141352
552.2810933855588	1.0	NonTarget	1	141384
552.4060933501116	1.0	NonTarget	1	141416
552.5310933146644	1.0	NonTarget	1	141448
552.6560932792173	1.0	NonTarget	1	141480
552.7810932437701	1.0	NonTarget	1	141512
552.906093208323	1.0	NonTarget	1	141544
553.0310931728758	1.0	NonTarget	1	141576
553.1560931374287	1.0	NonTarget	1	141608
553.2810931019815	1.0	NonTarget	1	141640
553.4060930665344	1.0	NonTarget	1	141672
553.5310930310872	1.0	NonTarget	1	141704
553.6560929956399	1.0	NonTarget	1	141736
553.7810929601928	1.0	NonTarget	1	141768
553.9060929247456	1.0	NonTarget	1	141800
554.0310928892985	1.0	NonTarget	1	141832
554.1560928538513	1.0	NonTarget	1	141864
554.2810928184042	1.0	NonTarget	1	141896
554.406092782957	1.0	NonTarget	1	141928
554.5310927475098	1.0	NonTarget	1	141960
554.6560927120627	1.0	NonTarget	1	141992
554.7810926766155	1.0	NonTarget	1	142024
554.9060926411684	1.0	NonTarget	1	142056
555.0310926057211	1.0	NonTarget	1	142088
555.156092570274	1.0	NonTarget	1	142120
555.2810925348268	1.0	NonTarget	1	142152
555.4060924993796	1.0	NonTarget	1	142184
555.5310924639325	1.0	NonTarget	1	142216
555.6560924284853	1.0	NonTarget	1	142248
555.7810923930382	1.0	NonTarget	1	142280
555.906092357591	1.0	NonTarget	1	142312
556.0310923221439	1.0	NonTarget	1	142344
556.1560922866967	1.0	NonTarget	1	142376
556.2810922512494	1.0	NonTarget	1	142408
556.4060922158023	1.0	NonTarget	1	142440
562.5310904788912	1.0	NonTarget	1	144008
562.656090443444	1.0	NonTarget	1	144040
562.7810904079969	1.0	NonTarget	1	144072
562.9060903725497	1.0	NonTarget	1	144104
563.0310903371026	1.0	NonTarget	1	144136
563.1560903016554	1.0	NonTarget	1	144168
563.2810902662083	1.0	NonTarget	1	144200
563.406090230761	1.0	NonTarget	1	144232
563.5310901953138	1.0	NonTarget	1	144264
563.6560901598667	1.0	NonTarget	1	144296
563.7810901244195	1.0	NonTarget	1	144328
563.9060900889724	1.0	NonTarget	1	144360
564.0310900535252	1.0	NonTarget	1	144392
564.1560900180781	1.0	NonTarget	1	144424
564.2810899826309	1.0	NonTarget	1	144456
564.4060899471837	1.0	NonTarget	1	144488
564.5310899117366	1.0	NonTarget	1	144520
564.6560898762893	1.0	NonTarget	1	144552
564.7810898408422	1.0	NonTarget	1	144584
564.906089805395	1.0	NonTarget	1	144616
565.0310897699479	1.0	NonTarget	1	144648
565.1560897345007	1.0	NonTarget	1	144680
565.2810896990535	1.0	NonTarget	1	144712
565.4060896636064	1.0	NonTarget	1	144744
565.5310896281592	1.0	NonTarget	1	144776
565.6560895927121	1.0	NonTarget	1	144808
565.7810895572649	1.0	NonTarget	1	144840
565.9060895218178	1.0	NonTarget	1	144872
566.0310894863705	1.0	NonTarget	1	144904
566.1560894509233	1.0	NonTarget	1	144936
566.2810894154762	1.0	NonTarget	1	144968
566.406089380029	1.0	NonTarget	1	145000
566.5310893445819	1.0	NonTarget	1	145032
566.6560893091347	1.0	NonTarget	1	145064
566.7810892736876	1.0	NonTarget	1	145096
566.9060892382404	1.0	NonTarget	1	145128
567.0310892027932	1.0	NonTarget	1	145160
567.1560891673461	1.0	NonTarget	1	145192
567.2810891318989	1.0	NonTarget	1	145224
567.4060890964518	1.0	NonTarget	1	145256
567.5310890610045	1.0	NonTarget	1	145288
567.6560890255574	1.0	NonTarget	1	145320
567.7810889901102	1.0	NonTarget	1	145352
567.906088954663	1.0	NonTarget	1	145384
568.0310889192159	1.0	NonTarget	1	145416
568.1560888837687	1.0	NonTarget	1	145448
568.2810888483216	1.0	NonTarget	1	145480
568.4060888128744	1.0	NonTarget	1	145512
568.5310887774273	1.0	NonTarget	1	145544
568.65608874198	1.0	NonTarget	1	145576
568.7810887065328	1.0	NonTarget	1	145608
568.9060886710857	1.0	NonTarget	1	145640
569.0310886356385	1.0	NonTarget	1	145672
569.1560886001914	1.0	NonTarget	1	145704
569.2810885647442	1.0	NonTarget	1	145736
569.4060885292971	1.0	NonTarget	1	145768
569.5310884938499	1.0	NonTarget	1	145800
569.6560884584027	1.0	NonTarget	1	145832
569.7810884229556	1.0	NonTarget	1	145864
569.9060883875084	1.0	NonTarget	1	145896
570.0310883520613	1.0	NonTarget	1	145928
570.156088316614	1.0	NonTarget	1	145960
570.281088281167	1.0	NonTarget	1	145992
570.4060882457197	1.0	NonTarget	1	146024
570.5310882102725	1.0	NonTarget	1	146056
570.6560881748254	1.0	NonTarget	1	146088
570.7810881393782	1.0	NonTarget	1	146120
570.9060881039311	1.0	NonTarget	1	146152
571.0310880684839	1.0	NonTarget	1	146184
571.1560880330368	1.0	NonTarget	1	146216
571.2810879975896	1.0	NonTarget	1	146248
571.4060879621424	1.0	NonTarget	1	146280
571.5310879266952	1.0	NonTarget	1	146312
571.656087891248	1.0	NonTarget	1	146344
571.7810878558009	1.0	NonTarget	1	146376
571.9060878203537	1.0	NonTarget	1	146408
572.0310877849066	1.0	NonTarget	1	146440
572.1560877494594	1.0	NonTarget	1	146472
572.2810877140123	1.0	NonTarget	1	146504
572.4060876785651	1.0	NonTarget	1	146536
572.5310876431179	1.0	NonTarget	1	146568
572.6560876076708	1.0	NonTarget	1	146600
572.7810875722236	1.0	NonTarget	1	146632
572.9060875367765	1.0	NonTarget	1	146664
573.0310875013292	1.0	NonTarget	1	146696
573.1560874658821	1.0	NonTarget	1	146728
573.2810874304349	1.0	NonTarget	1	146760
573.4060873949877	1.0	NonTarget	1	146792
573.5310873595406	1.0	NonTarget	1	146824
573.6560873240934	1.0	NonTarget	1	146856
573.7810872886463	1.0	NonTarget	1	146888
573.9060872531991	1.0	NonTarget	1	146920
574.031087217752	1.0	NonTarget	1	146952
574.1560871823048	1.0	NonTarget	1	146984
574.2810871468575	1.0	NonTarget	1	147016
574.4060871114104	1.0	NonTarget	1	147048
580.5310853744993	1.0	NonTarget	1	148616
580.6560853390521	1.0	NonTarget	1	148648
580.781085303605	1.0	NonTarget	1	148680
580.9060852681578	1.0	NonTarget	1	148712
581.0310852327107	1.0	NonTarget	1	148744
581.1560851972635	1.0	NonTarget	1	148776
581.2810851618162	1.0	NonTarget	1	148808
581.4060851263691	1.0	NonTarget	1	148840
581.5310850909219	1.0	NonTarget	1	148872
581.6560850554748	1.0	NonTarget	1	148904
581.7810850200276	1.0	NonTarget	1	148936
581.9060849845805	1.0	NonTarget	1	148968
582.0310849491333	1.0	NonTarget	1	149000
582.1560849136862	1.0	NonTarget	1	149032
582.281084878239	1.0	NonTarget	1	149064
582.4060848427918	1.0	NonTarget	1	149096
582.5310848073447	1.0	NonTarget	1	149128
582.6560847718974	1.0	NonTarget	1	149160
582.7810847364503	1.0	NonTarget	1	149192
582.9060847010031	1.0	NonTarget	1	149224
583.031084665556	1.0	NonTarget	1	149256
583.1560846301088	1.0	NonTarget	1	149288
583.2810845946616	1.0	NonTarget	1	149320
583.4060845592145	1.0	NonTarget	1	149352
583.5310845237673	1.0	NonTarget	1	149384
583.6560844883202	1.0	NonTarget	1	149416
583.781084452873	1.0	NonTarget	1	149448
583.9060844174259	1.0	NonTarget	1	149480
584.0310843819786	1.0	NonTarget	1	149512
584.1560843465314	1.0	NonTarget	1	149544
584.2810843110843	1.0	NonTarget	1	149576
584.4060842756371	1.0	NonTarget	1	149608
584.53108424019	1.0	NonTarget	1	149640
584.6560842047428	1.0	NonTarget	1	149672
584.7810841692957	1.0	NonTarget	1	149704
584.9060841338485	1.0	NonTarget	1	149736
585.0310840984013	1.0	NonTarget	1	149768
585.1560840629542	1.0	NonTarget	1	149800
585.281084027507	1.0	NonTarget	1	149832
585.4060839920598	1.0	NonTarget	1	149864
585.5310839566126	1.0	NonTarget	1	149896
585.6560839211655	1.0	NonTarget	1	149928
585.7810838857183	1.0	NonTarget	1	149960
585.9060838502711	1.0	NonTarget	1	149992
586.031083814824	1.0	NonTarget	1	150024
586.1560837793768	1.0	NonTarget	1	150056
586.2810837439297	1.0	NonTarget	1	150088
586.4060837084825	1.0	NonTarget	1	150120
586.5310836730354	1.0	NonTarget	1	150152
586.6560836375882	1.0	NonTarget	1	150184
586.7810836021409	1.0	NonTarget	1	150216
586.9060835666938	1.0	NonTarget	1	150248
587.0310835312466	1.0	NonTarget	1	150280
587.1560834957995	1.0	NonTarget	1	150312
587.2810834603523	1.0	NonTarget	1	150344
587.4060834249052	1.0	NonTarget	1	150376
587.531083389458	1.0	NonTarget	1	150408
587.6560833540108	1.0	NonTarget	1	150440
587.7810833185637	1.0	NonTarget	1	150472
587.9060832831165	1.0	NonTarget	1	150504
588.0310832476694	1.0	NonTarget	1	150536
588.1560832122221	1.0	NonTarget	1	150568
588.281083176775	1.0	NonTarget	1	150600
588.4060831413278	1.0	NonTarget	1	150632
588.5310831058806	1.0	NonTarget	1	150664
588.6560830704335	1.0	NonTarget	1	150696
588.7810830349863	1.0	NonTarget	1	150728
588.9060829995392	1.0	NonTarget	1	150760
589.031082964092	1.0	NonTarget	1	150792
589.1560829286449	1.0	NonTarget	1	150824
589.2810828931977	1.0	NonTarget	1	150856
589.4060828577504	1.0	NonTarget	1	150888
589.5310828223033	1.0	NonTarget	1	150920
589.6560827868561	1.0	NonTarget	1	150952
589.781082751409	1.0	NonTarget	1	150984
589.9060827159618	1.0	NonTarget	1	151016
590.0310826805147	1.0	NonTarget	1	151048
590.1560826450675	1.0	NonTarget	1	151080
590.2810826096203	1.0	NonTarget	1	151112
590.4060825741732	1.0	NonTarget	1	151144
590.531082538726	1.0	NonTarget	1	151176
590.6560825032789	1.0	NonTarget	1	151208
590.7810824678317	1.0	NonTarget	1	151240
590.9060824323846	1.0	NonTarget	1	151272
591.0310823969373	1.0	NonTarget	1	151304
591.1560823614902	1.0	NonTarget	1	151336
591.281082326043	1.0	NonTarget	1	151368
591.4060822905958	1.0	NonTarget	1	151400
591.5310822551487	1.0	NonTarget	1	151432
591.6560822197015	1.0	NonTarget	1	151464
591.7810821842544	1.0	NonTarget	1	151496
591.9060821488072	1.0	NonTarget	1	151528
592.0310821133601	1.0	NonTarget	1	151560
592.1560820779129	1.0	NonTarget	1	151592
592.2810820424656	1.0	NonTarget	1	151624
592.4060820070185	1.0	NonTarget	1	151656
598.5310802701074	1.0	NonTarget	1	153224
598.6560802346602	1.0	NonTarget	1	153256
598.7810801992131	1.0	NonTarget	1	153288
598.9060801637659	1.0	NonTarget	1	153320
599.0310801283188	1.0	NonTarget	1	153352
599.1560800928715	1.0	NonTarget	1	153384
599.2810800574243	1.0	NonTarget	1	153416
599.4060800219772	1.0	NonTarget	1	153448
599.53107998653	1.0	NonTarget	1	153480
599.6560799510829	1.0	NonTarget	1	153512
599.7810799156357	1.0	NonTarget	1	153544
599.9060798801886	1.0	NonTarget	1	153576
600.0310798447414	1.0	NonTarget	1	153608
600.1560798092942	1.0	NonTarget	1	153640
600.2810797738471	1.0	NonTarget	1	153672
600.4060797383999	1.0	NonTarget	1	153704
600.5310797029528	1.0	NonTarget	1	153736
600.6560796675055	1.0	NonTarget	1	153768
600.7810796320584	1.0	NonTarget	1	153800
600.9060795966112	1.0	NonTarget	1	153832
601.0310795611641	1.0	NonTarget	1	153864
601.1560795257169	1.0	NonTarget	1	153896
601.2810794902697	1.0	NonTarget	1	153928
601.4060794548226	1.0	NonTarget	1	153960
601.5310794193754	1.0	NonTarget	1	153992
601.6560793839283	1.0	NonTarget	1	154024
601.7810793484811	1.0	NonTarget	1	154056
601.906079313034	1.0	NonTarget	1	154088
602.0310792775867	1.0	NonTarget	1	154120
602.1560792421395	1.0	NonTarget	1	154152
602.2810792066924	1.0	NonTarget	1	154184
602.4060791712452	1.0	NonTarget	1	154216
602.5310791357981	1.0	NonTarget	1	154248
602.6560791003509	1.0	NonTarget	1	154280
602.7810790649038	1.0	NonTarget	1	154312
602.9060790294566	1.0	NonTarget	1	154344
603.0310789940094	1.0	NonTarget	1	154376
603.1560789585623	1.0	NonTarget	1	154408
603.281078923115	1.0	NonTarget	1	154440
603.406078887668	1.0	NonTarget	1	154472
603.5310788522207	1.0	NonTarget	1	154504
603.6560788167736	1.0	NonTarget	1	154536
603.7810787813264	1.0	NonTarget	1	154568
603.9060787458792	1.0	NonTarget	1	154600
604.0310787104321	1.0	NonTarget	1	154632
604.1560786749849	1.0	NonTarget	1	154664
604.2810786395378	1.0	NonTarget	1	154696
604.4060786040906	1.0	NonTarget	1	154728
604.5310785686435	1.0	NonTarget	1	154760
604.6560785331963	1.0	NonTarget	1	154792
604.781078497749	1.0	NonTarget	1	154824
604.9060784623019	1.0	NonTarget	1	154856
605.0310784268547	1.0	NonTarget	1	154888
605.1560783914076	1.0	NonTarget	1	154920
605.2810783559604	1.0	NonTarget	1	154952
605.4060783205133	1.0	NonTarget	1	154984
605.5310782850661	1.0	NonTarget	1	155016
605.6560782496189	1.0	NonTarget	1	155048
605.7810782141718	1.0	NonTarget	1	155080
605.9060781787246	1.0	NonTarget	1	155112
606.0310781432775	1.0	NonTarget	1	155144
606.1560781078302	1.0	NonTarget	1	155176
606.2810780723831	1.0	NonTarget	1	155208
606.4060780369359	1.0	NonTarget	1	155240
606.5310780014887	1.0	NonTarget	1	155272
606.6560779660416	1.0	NonTarget	1	155304
606.7810779305944	1.0	NonTarget	1	155336
606.9060778951473	1.0	NonTarget	1	155368
607.0310778597001	1.0	NonTarget	1	155400
607.156077824253	1.0	NonTarget	1	155432
607.2810777888058	1.0	NonTarget	1	155464
607.4060777533585	1.0	NonTarget	1	155496
607.5310777179114	1.0	NonTarget	1	155528
607.6560776824642	1.0	NonTarget	1	155560
607.7810776470171	1.0	NonTarget	1	155592
607.9060776115699	1.0	NonTarget	1	155624
608.0310775761228	1.0	NonTarget	1	155656
608.1560775406756	1.0	NonTarget	1	155688
608.2810775052284	1.0	NonTarget	1	155720
608.4060774697813	1.0	NonTarget	1	155752
608.5310774343341	1.0	NonTarget	1	155784
608.656077398887	1.0	NonTarget	1	155816
608.7810773634397	1.0	NonTarget	1	155848
608.9060773279926	1.0	NonTarget	1	155880
609.0310772925454	1.0	NonTarget	1	155912
609.1560772570982	1.0	NonTarget	1	155944
609.2810772216511	1.0	NonTarget	1	155976
609.4060771862039	1.0	NonTarget	1	156008
609.5310771507568	1.0	NonTarget	1	156040
609.6560771153096	1.0	NonTarget	1	156072
609.7810770798625	1.0	NonTarget	1	156104
609.9060770444153	1.0	NonTarget	1	156136
610.031077008968	1.0	NonTarget	1	156168
610.156076973521	1.0	NonTarget	1	156200
610.2810769380737	1.0	NonTarget	1	156232
610.4060769026266	1.0	NonTarget	1	156264
616.5310751657155	1.0	NonTarget	1	157832
616.6560751302683	1.0	NonTarget	1	157864
616.7810750948212	1.0	NonTarget	1	157896
616.906075059374	1.0	NonTarget	1	157928
617.0310750239269	1.0	NonTarget	1	157960
617.1560749884796	1.0	NonTarget	1	157992
617.2810749530324	1.0	NonTarget	1	158024
617.4060749175853	1.0	NonTarget	1	158056
617.5310748821381	1.0	NonTarget	1	158088
617.656074846691	1.0	NonTarget	1	158120
617.7810748112438	1.0	NonTarget	1	158152
617.9060747757967	1.0	NonTarget	1	158184
618.0310747403495	1.0	NonTarget	1	158216
618.1560747049023	1.0	NonTarget	1	158248
618.2810746694552	1.0	NonTarget	1	158280
618.406074634008	1.0	NonTarget	1	158312
618.5310745985608	1.0	NonTarget	1	158344
618.6560745631136	1.0	NonTarget	1	158376
618.7810745276665	1.0	NonTarget	1	158408
618.9060744922193	1.0	NonTarget	1	158440
619.0310744567721	1.0	NonTarget	1	158472
619.156074421325	1.0	NonTarget	1	158504
619.2810743858778	1.0	NonTarget	1	158536
619.4060743504307	1.0	NonTarget	1	158568
619.5310743149835	1.0	NonTarget	1	158600
619.6560742795364	1.0	NonTarget	1	158632
619.7810742440892	1.0	NonTarget	1	158664
619.906074208642	1.0	NonTarget	1	158696
620.0310741731948	1.0	NonTarget	1	158728
620.1560741377476	1.0	NonTarget	1	158760
620.2810741023005	1.0	NonTarget	1	158792
620.4060740668533	1.0	NonTarget	1	158824
620.5310740314062	1.0	NonTarget	1	158856
620.656073995959	1.0	NonTarget	1	158888
620.7810739605119	1.0	NonTarget	1	158920
620.9060739250647	1.0	NonTarget	1	158952
621.0310738896175	1.0	NonTarget	1	158984
621.1560738541704	1.0	NonTarget	1	159016
621.2810738187231	1.0	NonTarget	1	159048
621.406073783276	1.0	NonTarget	1	159080
621.5310737478288	1.0	NonTarget	1	159112
621.6560737123817	1.0	NonTarget	1	159144
621.7810736769345	1.0	NonTarget	1	159176
621.9060736414873	1.0	NonTarget	1	159208
622.0310736060402	1.0	NonTarget	1	159240
622.156073570593	1.0	NonTarget	1	159272
622.2810735351459	1.0	NonTarget	1	159304
622.4060734996987	1.0	NonTarget	1	159336
622.5310734642516	1.0	NonTarget	1	159368
622.6560734288043	1.0	NonTarget	1	159400
622.7810733933571	1.0	NonTarget	1	159432
622.90607335791	1.0	NonTarget	1	159464
623.0310733224628	1.0	NonTarget	1	159496
623.1560732870157	1.0	NonTarget	1	159528
623.2810732515685	1.0	NonTarget	1	159560
623.4060732161214	1.0	NonTarget	1	159592
623.5310731806742	1.0	NonTarget	1	159624
623.656073145227	1.0	NonTarget	1	159656
623.7810731097799	1.0	NonTarget	1	159688
623.9060730743327	1.0	NonTarget	1	159720
624.0310730388856	1.0	NonTarget	1	159752
624.1560730034383	1.0	NonTarget	1	159784
624.2810729679912	1.0	NonTarget	1	159816
624.406072932544	1.0	NonTarget	1	159848
624.5310728970968	1.0	NonTarget	1	159880
624.6560728616497	1.0	NonTarget	1	159912
624.7810728262025	1.0	NonTarget	1	159944
624.9060727907554	1.0	NonTarget	1	159976
625.0310727553082	1.0	NonTarget	1	160008
625.1560727198611	1.0	NonTarget	1	160040
625.2810726844139	1.0	NonTarget	1	160072
625.4060726489666	1.0	NonTarget	1	160104
625.5310726135195	1.0	NonTarget	1	160136
625.6560725780723	1.0	NonTarget	1	160168
625.7810725426252	1.0	NonTarget	1	160200
625.906072507178	1.0	NonTarget	1	160232
626.0310724717309	1.0	NonTarget	1	160264
626.1560724362837	1.0	NonTarget	1	160296
626.2810724008365	1.0	NonTarget	1	160328
626.4060723653894	1.0	NonTarget	1	160360
626.5310723299422	1.0	NonTarget	1	160392
626.6560722944951	1.0	NonTarget	1	160424
626.7810722590478	1.0	NonTarget	1	160456
626.9060722236007	1.0	NonTarget	1	160488
627.0310721881535	1.0	NonTarget	1	160520
627.1560721527063	1.0	NonTarget	1	160552
627.2810721172592	1.0	NonTarget	1	160584
627.406072081812	1.0	NonTarget	1	160616
627.5310720463649	1.0	NonTarget	1	160648
627.6560720109177	1.0	NonTarget	1	160680
627.7810719754706	1.0	NonTarget	1	160712
627.9060719400234	1.0	NonTarget	1	160744
628.0310719045762	1.0	NonTarget	1	160776
628.156071869129	1.0	NonTarget	1	160808
628.2810718336818	1.0	NonTarget	1	160840
628.4060717982347	1.0	NonTarget	1	160872
634.5310700613236	1.0	NonTarget	1	162440
634.6560700258764	1.0	NonTarget	1	162472
634.7810699904293	1.0	NonTarget	1	162504
634.9060699549821	1.0	NonTarget	1	162536
635.031069919535	1.0	NonTarget	1	162568
635.1560698840877	1.0	NonTarget	1	162600
635.2810698486405	1.0	NonTarget	1	162632
635.4060698131934	1.0	NonTarget	1	162664
635.5310697777462	1.0	NonTarget	1	162696
635.6560697422991	1.0	NonTarget	1	162728
635.7810697068519	1.0	NonTarget	1	162760
635.9060696714048	1.0	NonTarget	1	162792
636.0310696359576	1.0	NonTarget	1	162824
636.1560696005104	1.0	NonTarget	1	162856
636.2810695650633	1.0	NonTarget	1	162888
636.406069529616	1.0	NonTarget	1	162920
636.531069494169	1.0	NonTarget	1	162952
636.6560694587217	1.0	NonTarget	1	162984
636.7810694232746	1.0	NonTarget	1	163016
636.9060693878274	1.0	NonTarget	1	163048
637.0310693523802	1.0	NonTarget	1	163080
637.1560693169331	1.0	NonTarget	1	163112
637.2810692814859	1.0	NonTarget	1	163144
637.4060692460388	1.0	NonTarget	1	163176
637.5310692105916	1.0	NonTarget	1	163208
637.6560691751445	1.0	NonTarget	1	163240
637.7810691396973	1.0	NonTarget	1	163272
637.90606910425	1.0	NonTarget	1	163304
638.0310690688029	1.0	NonTarget	1	163336
638.1560690333557	1.0	NonTarget	1	163368
638.2810689979086	1.0	NonTarget	1	163400
638.4060689624614	1.0	NonTarget	1	163432
638.5310689270143	1.0	NonTarget	1	163464
638.6560688915671	1.0	NonTarget	1	163496
638.78106885612	1.0	NonTarget	1	163528
638.9060688206728	1.0	NonTarget	1	163560
639.0310687852256	1.0	NonTarget	1	163592
639.1560687497785	1.0	NonTarget	1	163624
639.2810687143312	1.0	NonTarget	1	163656
639.4060686788841	1.0	NonTarget	1	163688
639.5310686434369	1.0	NonTarget	1	163720
639.6560686079898	1.0	NonTarget	1	163752
639.7810685725426	1.0	NonTarget	1	163784
639.9060685370954	1.0	NonTarget	1	163816
640.0310685016483	1.0	NonTarget	1	163848
640.1560684662011	1.0	NonTarget	1	163880
640.281068430754	1.0	NonTarget	1	163912
640.4060683953068	1.0	NonTarget	1	163944
640.5310683598597	1.0	NonTarget	1	163976
640.6560683244124	1.0	NonTarget	1	164008
640.7810682889652	1.0	NonTarget	1	164040
640.9060682535181	1.0	NonTarget	1	164072
641.0310682180709	1.0	NonTarget	1	164104
641.1560681826238	1.0	NonTarget	1	164136
641.2810681471766	1.0	NonTarget	1	164168
641.4060681117295	1.0	NonTarget	1	164200
641.5310680762823	1.0	NonTarget	1	164232
641.6560680408351	1.0	NonTarget	1	164264
641.781068005388	1.0	NonTarget	1	164296
641.9060679699408	1.0	NonTarget	1	164328
642.0310679344936	1.0	NonTarget	1	164360
642.1560678990464	1.0	NonTarget	1	164392
642.2810678635993	1.0	NonTarget	1	164424
642.4060678281521	1.0	NonTarget	1	164456
642.5310677927049	1.0	NonTarget	1	164488
642.6560677572578	1.0	NonTarget	1	164520
642.7810677218106	1.0	NonTarget	1	164552
642.9060676863635	1.0	NonTarget	1	164584
643.0310676509163	1.0	NonTarget	1	164616
643.1560676154692	1.0	NonTarget	1	164648
643.281067580022	1.0	NonTarget	1	164680
643.4060675445747	1.0	NonTarget	1	164712
643.5310675091276	1.0	NonTarget	1	164744
643.6560674736804	1.0	NonTarget	1	164776
643.7810674382333	1.0	NonTarget	1	164808
643.9060674027861	1.0	NonTarget	1	164840
644.031067367339	1.0	NonTarget	1	164872
644.1560673318918	1.0	NonTarget	1	164904
644.2810672964446	1.0	NonTarget	1	164936
644.4060672609975	1.0	NonTarget	1	164968
644.5310672255503	1.0	NonTarget	1	165000
644.6560671901032	1.0	NonTarget	1	165032
644.781067154656	1.0	NonTarget	1	165064
644.9060671192088	1.0	NonTarget	1	165096
645.0310670837616	1.0	NonTarget	1	165128
645.1560670483144	1.0	NonTarget	1	165160
645.2810670128673	1.0	NonTarget	1	165192
645.4060669774201	1.0	NonTarget	1	165224
645.531066941973	1.0	NonTarget	1	165256
645.6560669065258	1.0	NonTarget	1	165288
645.7810668710787	1.0	NonTarget	1	165320
645.9060668356315	1.0	NonTarget	1	165352
646.0310668001842	1.0	NonTarget	1	165384
646.1560667647371	1.0	NonTarget	1	165416
646.2810667292899	1.0	NonTarget	1	165448
646.4060666938428	1.0	NonTarget	1	165480
652.5310649569317	1.0	NonTarget	1	167048
652.6560649214845	1.0	NonTarget	1	167080
652.7810648860374	1.0	NonTarget	1	167112
652.9060648505902	1.0	NonTarget	1	167144
653.031064815143	1.0	NonTarget	1	167176
653.1560647796958	1.0	NonTarget	1	167208
653.2810647442486	1.0	NonTarget	1	167240
653.4060647088015	1.0	NonTarget	1	167272
653.5310646733543	1.0	NonTarget	1	167304
653.6560646379072	1.0	NonTarget	1	167336
653.78106460246	1.0	NonTarget	1	167368
653.9060645670129	1.0	NonTarget	1	167400
654.0310645315657	1.0	NonTarget	1	167432
654.1560644961185	1.0	NonTarget	1	167464
654.2810644606714	1.0	NonTarget	1	167496
654.4060644252241	1.0	NonTarget	1	167528
654.531064389777	1.0	NonTarget	1	167560
654.6560643543298	1.0	NonTarget	1	167592
654.7810643188827	1.0	NonTarget	1	167624
654.9060642834355	1.0	NonTarget	1	167656
655.0310642479883	1.0	NonTarget	1	167688
655.1560642125412	1.0	NonTarget	1	167720
655.281064177094	1.0	NonTarget	1	167752
655.4060641416469	1.0	NonTarget	1	167784
655.5310641061997	1.0	NonTarget	1	167816
655.6560640707526	1.0	NonTarget	1	167848
655.7810640353053	1.0	NonTarget	1	167880
655.9060639998581	1.0	NonTarget	1	167912
656.031063964411	1.0	NonTarget	1	167944
656.1560639289638	1.0	NonTarget	1	167976
656.2810638935167	1.0	NonTarget	1	168008
656.4060638580695	1.0	NonTarget	1	168040
656.5310638226224	1.0	NonTarget	1	168072
656.6560637871752	1.0	NonTarget	1	168104
656.781063751728	1.0	NonTarget	1	168136
656.9060637162809	1.0	NonTarget	1	168168
657.0310636808337	1.0	NonTarget	1	168200
657.1560636453866	1.0	NonTarget	1	168232
657.2810636099393	1.0	NonTarget	1	168264
657.4060635744922	1.0	NonTarget	1	168296
657.531063539045	1.0	NonTarget	1	168328
657.6560635035979	1.0	NonTarget	1	168360
657.7810634681507	1.0	NonTarget	1	168392
657.9060634327035	1.0	NonTarget	1	168424
658.0310633972564	1.0	NonTarget	1	168456
658.1560633618092	1.0	NonTarget	1	168488
658.2810633263621	1.0	NonTarget	1	168520
658.4060632909149	1.0	NonTarget	1	168552
658.5310632554678	1.0	NonTarget	1	168584
658.6560632200205	1.0	NonTarget	1	168616
658.7810631845733	1.0	NonTarget	1	168648
658.9060631491262	1.0	NonTarget	1	168680
659.031063113679	1.0	NonTarget	1	168712
659.1560630782319	1.0	NonTarget	1	168744
659.2810630427847	1.0	NonTarget	1	168776
659.4060630073376	1.0	NonTarget	1	168808
659.5310629718904	1.0	NonTarget	1	168840
659.6560629364432	1.0	NonTarget	1	168872
659.7810629009961	1.0	NonTarget	1	168904
659.9060628655488	1.0	NonTarget	1	168936
660.0310628301017	1.0	NonTarget	1	168968
660.1560627946545	1.0	NonTarget	1	169000
660.2810627592074	1.0	NonTarget	1	169032
660.4060627237602	1.0	NonTarget	1	169064
660.531062688313	1.0	NonTarget	1	169096
660.6560626528659	1.0	NonTarget	1	169128
660.7810626174187	1.0	NonTarget	1	169160
660.9060625819716	1.0	NonTarget	1	169192
661.0310625465244	1.0	NonTarget	1	169224
661.1560625110773	1.0	NonTarget	1	169256
661.28106247563	1.0	NonTarget	1	169288
661.4060624401828	1.0	NonTarget	1	169320
661.5310624047357	1.0	NonTarget	1	169352
661.6560623692885	1.0	NonTarget	1	169384
661.7810623338414	1.0	NonTarget	1	169416
661.9060622983942	1.0	NonTarget	1	169448
662.0310622629471	1.0	NonTarget	1	169480
662.1560622274999	1.0	NonTarget	1	169512
662.2810621920527	1.0	NonTarget	1	169544
662.4060621566056	1.0	NonTarget	1	169576
662.5310621211584	1.0	NonTarget	1	169608
662.6560620857113	1.0	NonTarget	1	169640
662.781062050264	1.0	NonTarget	1	169672
662.9060620148169	1.0	NonTarget	1	169704
663.0310619793697	1.0	NonTarget	1	169736
663.1560619439225	1.0	NonTarget	1	169768
663.2810619084754	1.0	NonTarget	1	169800
663.4060618730282	1.0	NonTarget	1	169832
663.5310618375811	1.0	NonTarget	1	169864
663.6560618021339	1.0	NonTarget	1	169896
663.7810617666868	1.0	NonTarget	1	169928
663.9060617312396	1.0	NonTarget	1	169960
664.0310616957923	1.0	NonTarget	1	169992
664.1560616603452	1.0	NonTarget	1	170024
664.281061624898	1.0	NonTarget	1	170056
664.4060615894509	1.0	NonTarget	1	170088
670.5310598525398	1.0	NonTarget	1	171656
670.6560598170926	1.0	NonTarget	1	171688
670.7810597816455	1.0	NonTarget	1	171720
670.9060597461983	1.0	NonTarget	1	171752
671.0310597107512	1.0	NonTarget	1	171784
671.1560596753039	1.0	NonTarget	1	171816
671.2810596398567	1.0	NonTarget	1	171848
671.4060596044096	1.0	NonTarget	1	171880
671.5310595689624	1.0	NonTarget	1	171912
671.6560595335153	1.0	NonTarget	1	171944
671.7810594980681	1.0	NonTarget	1	171976
671.906059462621	1.0	NonTarget	1	172008
672.0310594271738	1.0	NonTarget	1	172040
672.1560593917266	1.0	NonTarget	1	172072
672.2810593562795	1.0	NonTarget	1	172104
672.4060593208322	1.0	NonTarget	1	172136
672.5310592853851	1.0	NonTarget	1	172168
672.6560592499379	1.0	NonTarget	1	172200
672.7810592144908	1.0	NonTarget	1	172232
672.9060591790436	1.0	NonTarget	1	172264
673.0310591435964	1.0	NonTarget	1	172296
673.1560591081493	1.0	NonTarget	1	172328
673.2810590727021	1.0	NonTarget	1	172360
673.406059037255	1.0	NonTarget	1	172392
673.5310590018078	1.0	NonTarget	1	172424
673.6560589663607	1.0	NonTarget	1	172456
673.7810589309134	1.0	NonTarget	1	172488
673.9060588954662	1.0	NonTarget	1	172520
674.0310588600191	1.0	NonTarget	1	172552
674.1560588245719	1.0	NonTarget	1	172584
674.2810587891248	1.0	NonTarget	1	172616
674.4060587536776	1.0	NonTarget	1	172648
674.5310587182305	1.0	NonTarget	1	172680
674.6560586827833	1.0	NonTarget	1	172712
674.7810586473361	1.0	NonTarget	1	172744
674.906058611889	1.0	NonTarget	1	172776
675.0310585764418	1.0	NonTarget	1	172808
675.1560585409946	1.0	NonTarget	1	172840
675.2810585055474	1.0	NonTarget	1	172872
675.4060584701003	1.0	NonTarget	1	172904
675.5310584346531	1.0	NonTarget	1	172936
675.6560583992059	1.0	NonTarget	1	172968
675.7810583637588	1.0	NonTarget	1	173000
675.9060583283116	1.0	NonTarget	1	173032
676.0310582928645	1.0	NonTarget	1	173064
676.1560582574173	1.0	NonTarget	1	173096
676.2810582219702	1.0	NonTarget	1	173128
676.406058186523	1.0	NonTarget	1	173160
676.5310581510759	1.0	NonTarget	1	173192
676.6560581156286	1.0	NonTarget	1	173224
676.7810580801814	1.0	NonTarget	1	173256
676.9060580447343	1.0	NonTarget	1	173288
677.0310580092871	1.0	NonTarget	1	173320
677.15605797384	1.0	NonTarget	1	173352
677.2810579383928	1.0	NonTarget	1	173384
677.4060579029457	1.0	NonTarget	1	173416
677.5310578674985	1.0	NonTarget	1	173448
677.6560578320513	1.0	NonTarget	1	173480
677.7810577966042	1.0	NonTarget	1	173512
677.906057761157	1.0	NonTarget	1	173544
678.0310577257098	1.0	NonTarget	1	173576
678.1560576902626	1.0	NonTarget	1	173608
678.2810576548155	1.0	NonTarget	1	173640
678.4060576193683	1.0	NonTarget	1	173672
678.5310575839211	1.0	NonTarget	1	173704
678.656057548474	1.0	NonTarget	1	173736
678.7810575130268	1.0	NonTarget	1	173768
678.9060574775797	1.0	NonTarget	1	173800
679.0310574421325	1.0	NonTarget	1	173832
679.1560574066854	1.0	NonTarget	1	173864
679.2810573712381	1.0	NonTarget	1	173896
679.4060573357909	1.0	NonTarget	1	173928
679.5310573003438	1.0	NonTarget	1	173960
679.6560572648966	1.0	NonTarget	1	173992
679.7810572294495	1.0	NonTarget	1	174024
679.9060571940023	1.0	NonTarget	1	174056
680.0310571585552	1.0	NonTarget	1	174088
680.156057123108	1.0	NonTarget	1	174120
680.2810570876608	1.0	NonTarget	1	174152
680.4060570522137	1.0	NonTarget	1	174184
680.5310570167665	1.0	NonTarget	1	174216
680.6560569813194	1.0	NonTarget	1	174248
680.7810569458721	1.0	NonTarget	1	174280
680.906056910425	1.0	NonTarget	1	174312
681.0310568749778	1.0	NonTarget	1	174344
681.1560568395306	1.0	NonTarget	1	174376
681.2810568040835	1.0	NonTarget	1	174408
681.4060567686363	1.0	NonTarget	1	174440
681.5310567331892	1.0	NonTarget	1	174472
681.656056697742	1.0	NonTarget	1	174504
681.7810566622949	1.0	NonTarget	1	174536
681.9060566268477	1.0	NonTarget	1	174568
682.0310565914004	1.0	NonTarget	1	174600
682.1560565559533	1.0	NonTarget	1	174632
682.2810565205061	1.0	NonTarget	1	174664
682.406056485059	1.0	NonTarget	1	174696
688.5310547481479	1.0	NonTarget	1	176264
688.6560547127007	1.0	NonTarget	1	176296
688.7810546772536	1.0	NonTarget	1	176328
688.9060546418063	1.0	NonTarget	1	176360
689.0310546063592	1.0	NonTarget	1	176392
689.156054570912	1.0	NonTarget	1	176424
689.2810545354648	1.0	NonTarget	1	176456
689.4060545000177	1.0	NonTarget	1	176488
689.5310544645705	1.0	NonTarget	1	176520
689.6560544291234	1.0	NonTarget	1	176552
689.7810543936762	1.0	NonTarget	1	176584
689.9060543582291	1.0	NonTarget	1	176616
690.0310543227819	1.0	NonTarget	1	176648
690.1560542873347	1.0	NonTarget	1	176680
690.2810542518876	1.0	NonTarget	1	176712
690.4060542164403	1.0	NonTarget	1	176744
690.5310541809932	1.0	NonTarget	1	176776
690.656054145546	1.0	NonTarget	1	176808
690.7810541100989	1.0	NonTarget	1	176840
690.9060540746517	1.0	NonTarget	1	176872
691.0310540392045	1.0	NonTarget	1	176904
691.1560540037574	1.0	NonTarget	1	176936
691.2810539683102	1.0	NonTarget	1	176968
691.4060539328631	1.0	NonTarget	1	177000
691.5310538974159	1.0	NonTarget	1	177032
691.6560538619688	1.0	NonTarget	1	177064
691.7810538265215	1.0	NonTarget	1	177096
691.9060537910743	1.0	NonTarget	1	177128
692.0310537556272	1.0	NonTarget	1	177160
692.15605372018	1.0	NonTarget	1	177192
692.2810536847329	1.0	NonTarget	1	177224
692.4060536492857	1.0	NonTarget	1	177256
692.5310536138386	1.0	NonTarget	1	177288
692.6560535783914	1.0	NonTarget	1	177320
692.7810535429442	1.0	NonTarget	1	177352
692.9060535074971	1.0	NonTarget	1	177384
693.0310534720498	1.0	NonTarget	1	177416
693.1560534366027	1.0	NonTarget	1	177448
693.2810534011555	1.0	NonTarget	1	177480
693.4060533657084	1.0	NonTarget	1	177512
693.5310533302612	1.0	NonTarget	1	177544
693.656053294814	1.0	NonTarget	1	177576
693.7810532593669	1.0	NonTarget	1	177608
693.9060532239197	1.0	NonTarget	1	177640
694.0310531884726	1.0	NonTarget	1	177672
694.1560531530254	1.0	NonTarget	1	177704
694.2810531175783	1.0	NonTarget	1	177736
694.406053082131	1.0	NonTarget	1	177768
694.5310530466838	1.0	NonTarget	1	177800
694.6560530112367	1.0	NonTarget	1	177832
694.7810529757895	1.0	NonTarget	1	177864
694.9060529403424	1.0	NonTarget	1	177896
695.0310529048952	1.0	NonTarget	1	177928
695.1560528694481	1.0	NonTarget	1	177960
695.2810528340009	1.0	NonTarget	1	177992
695.4060527985538	1.0	NonTarget	1	178024
695.5310527631066	1.0	NonTarget	1	178056
695.6560527276594	1.0	NonTarget	1	178088
695.7810526922123	1.0	NonTarget	1	178120
695.906052656765	1.0	NonTarget	1	178152
696.0310526213179	1.0	NonTarget	1	178184
696.1560525858707	1.0	NonTarget	1	178216
696.2810525504236	1.0	NonTarget	1	178248
696.4060525149764	1.0	NonTarget	1	178280
696.5310524795292	1.0	NonTarget	1	178312
696.6560524440821	1.0	NonTarget	1	178344
696.7810524086349	1.0	NonTarget	1	178376
696.9060523731878	1.0	NonTarget	1	178408
697.0310523377406	1.0	NonTarget	1	178440
697.1560523022935	1.0	NonTarget	1	178472
697.2810522668462	1.0	NonTarget	1	178504
697.406052231399	1.0	NonTarget	1	178536
697.5310521959519	1.0	NonTarget	1	178568
697.6560521605047	1.0	NonTarget	1	178600
697.7810521250576	1.0	NonTarget	1	178632
697.9060520896104	1.0	NonTarget	1	178664
698.0310520541633	1.0	NonTarget	1	178696
698.1560520187161	1.0	NonTarget	1	178728
698.2810519832689	1.0	NonTarget	1	178760
698.4060519478218	1.0	NonTarget	1	178792
698.5310519123746	1.0	NonTarget	1	178824
698.6560518769274	1.0	NonTarget	1	178856
698.7810518414802	1.0	NonTarget	1	178888
698.9060518060331	1.0	NonTarget	1	178920
699.0310517705859	1.0	NonTarget	1	178952
699.1560517351387	1.0	NonTarget	1	178984
699.2810516996916	1.0	NonTarget	1	179016
699.4060516642444	1.0	NonTarget	1	179048
699.5310516287973	1.0	NonTarget	1	179080
699.6560515933501	1.0	NonTarget	1	179112
699.781051557903	1.0	NonTarget	1	179144
699.9060515224558	1.0	NonTarget	1	179176
700.0310514870085	1.0	NonTarget	1	179208
700.1560514515614	1.0	NonTarget	1	179240
700.2810514161142	1.0	NonTarget	1	179272
700.4060513806671	1.0	NonTarget	1	179304
706.531049643756	1.0	NonTarget	1	180872
706.6560496083088	1.0	NonTarget	1	180904
706.7810495728617	1.0	NonTarget	1	180936
706.9060495374144	1.0	NonTarget	1	180968
707.0310495019673	1.0	NonTarget	1	181000
707.1560494665201	1.0	NonTarget	1	181032
707.2810494310729	1.0	NonTarget	1	181064
707.4060493956258	1.0	NonTarget	1	181096
707.5310493601786	1.0	NonTarget	1	181128
707.6560493247315	1.0	NonTarget	1	181160
707.7810492892843	1.0	NonTarget	1	181192
707.9060492538372	1.0	NonTarget	1	181224
708.03104921839	1.0	NonTarget	1	181256
708.1560491829428	1.0	NonTarget	1	181288
708.2810491474957	1.0	NonTarget	1	181320
708.4060491120484	1.0	NonTarget	1	181352
708.5310490766013	1.0	NonTarget	1	181384
708.6560490411541	1.0	NonTarget	1	181416
708.781049005707	1.0	NonTarget	1	181448
708.9060489702598	1.0	NonTarget	1	181480
709.0310489348126	1.0	NonTarget	1	181512
709.1560488993655	1.0	NonTarget	1	181544
709.2810488639183	1.0	NonTarget	1	181576
709.4060488284712	1.0	NonTarget	1	181608
709.531048793024	1.0	NonTarget	1	181640
709.6560487575769	1.0	NonTarget	1	181672
709.7810487221296	1.0	NonTarget	1	181704
709.9060486866824	1.0	NonTarget	1	181736
710.0310486512353	1.0	NonTarget	1	181768
710.1560486157881	1.0	NonTarget	1	181800
710.281048580341	1.0	NonTarget	1	181832
710.4060485448938	1.0	NonTarget	1	181864
710.5310485094467	1.0	NonTarget	1	181896
710.6560484739995	1.0	NonTarget	1	181928
710.7810484385523	1.0	NonTarget	1	181960
710.9060484031052	1.0	NonTarget	1	181992
711.031048367658	1.0	NonTarget	1	182024
711.1560483322108	1.0	NonTarget	1	182056
711.2810482967636	1.0	NonTarget	1	182088
711.4060482613165	1.0	NonTarget	1	182120
711.5310482258693	1.0	NonTarget	1	182152
711.6560481904221	1.0	NonTarget	1	182184
711.781048154975	1.0	NonTarget	1	182216
711.9060481195278	1.0	NonTarget	1	182248
712.0310480840807	1.0	NonTarget	1	182280
712.1560480486335	1.0	NonTarget	1	182312
712.2810480131864	1.0	NonTarget	1	182344
712.4060479777391	1.0	NonTarget	1	182376
712.5310479422919	1.0	NonTarget	1	182408
712.6560479068448	1.0	NonTarget	1	182440
712.7810478713976	1.0	NonTarget	1	182472
712.9060478359505	1.0	NonTarget	1	182504
713.0310478005033	1.0	NonTarget	1	182536
713.1560477650562	1.0	NonTarget	1	182568
713.281047729609	1.0	NonTarget	1	182600
713.4060476941618	1.0	NonTarget	1	182632
713.5310476587147	1.0	NonTarget	1	182664
713.6560476232675	1.0	NonTarget	1	182696
713.7810475878204	1.0	NonTarget	1	182728
713.9060475523731	1.0	NonTarget	1	182760
714.031047516926	1.0	NonTarget	1	182792
714.1560474814788	1.0	NonTarget	1	182824
714.2810474460317	1.0	NonTarget	1	182856
714.4060474105845	1.0	NonTarget	1	182888
714.5310473751373	1.0	NonTarget	1	182920
714.6560473396902	1.0	NonTarget	1	182952
714.781047304243	1.0	NonTarget	1	182984
714.9060472687959	1.0	NonTarget	1	183016
715.0310472333487	1.0	NonTarget	1	183048
715.1560471979016	1.0	NonTarget	1	183080
715.2810471624543	1.0	NonTarget	1	183112
715.4060471270071	1.0	NonTarget	1	183144
715.53104709156	1.0	NonTarget	1	183176
715.6560470561128	1.0	NonTarget	1	183208
715.7810470206657	1.0	NonTarget	1	183240
715.9060469852185	1.0	NonTarget	1	183272
716.0310469497714	1.0	NonTarget	1	183304
716.1560469143242	1.0	NonTarget	1	183336
716.281046878877	1.0	NonTarget	1	183368
716.4060468434299	1.0	NonTarget	1	183400
716.5310468079826	1.0	NonTarget	1	183432
716.6560467725355	1.0	NonTarget	1	183464
716.7810467370883	1.0	NonTarget	1	183496
716.9060467016412	1.0	NonTarget	1	183528
717.031046666194	1.0	NonTarget	1	183560
717.1560466307468	1.0	NonTarget	1	183592
717.2810465952997	1.0	NonTarget	1	183624
717.4060465598525	1.0	NonTarget	1	183656
717.5310465244054	1.0	NonTarget	1	183688
717.6560464889582	1.0	NonTarget	1	183720
717.7810464535111	1.0	NonTarget	1	183752
717.9060464180639	1.0	NonTarget	1	183784
718.0310463826166	1.0	NonTarget	1	183816
718.1560463471695	1.0	NonTarget	1	183848
718.2810463117223	1.0	NonTarget	1	183880
718.4060462762752	1.0	NonTarget	1	183912
724.5310445393641	1.0	NonTarget	1	185480
724.6560445039169	1.0	NonTarget	1	185512
724.7810444684698	1.0	NonTarget	1	185544
724.9060444330225	1.0	NonTarget	1	185576
725.0310443975754	1.0	NonTarget	1	185608
725.1560443621282	1.0	NonTarget	1	185640
725.281044326681	1.0	NonTarget	1	185672
725.4060442912339	1.0	NonTarget	1	185704
725.5310442557867	1.0	NonTarget	1	185736
725.6560442203396	1.0	NonTarget	1	185768
725.7810441848924	1.0	NonTarget	1	185800
725.9060441494453	1.0	NonTarget	1	185832
726.0310441139981	1.0	NonTarget	1	185864
726.1560440785508	1.0	NonTarget	1	185896
726.2810440431037	1.0	NonTarget	1	185928
726.4060440076565	1.0	NonTarget	1	185960
726.5310439722094	1.0	NonTarget	1	185992
726.6560439367622	1.0	NonTarget	1	186024
726.7810439013151	1.0	NonTarget	1	186056
726.9060438658679	1.0	NonTarget	1	186088
727.0310438304207	1.0	NonTarget	1	186120
727.1560437949736	1.0	NonTarget	1	186152
727.2810437595264	1.0	NonTarget	1	186184
727.4060437240793	1.0	NonTarget	1	186216
727.531043688632	1.0	NonTarget	1	186248
727.656043653185	1.0	NonTarget	1	186280
727.7810436177377	1.0	NonTarget	1	186312
727.9060435822905	1.0	NonTarget	1	186344
728.0310435468434	1.0	NonTarget	1	186376
728.1560435113962	1.0	NonTarget	1	186408
728.2810434759491	1.0	NonTarget	1	186440
728.4060434405019	1.0	NonTarget	1	186472
728.5310434050548	1.0	NonTarget	1	186504
728.6560433696076	1.0	NonTarget	1	186536
728.7810433341604	1.0	NonTarget	1	186568
728.9060432987133	1.0	NonTarget	1	186600
729.031043263266	1.0	NonTarget	1	186632
729.1560432278189	1.0	NonTarget	1	186664
729.2810431923717	1.0	NonTarget	1	186696
729.4060431569246	1.0	NonTarget	1	186728
729.5310431214774	1.0	NonTarget	1	186760
729.6560430860302	1.0	NonTarget	1	186792
729.7810430505831	1.0	NonTarget	1	186824
729.9060430151359	1.0	NonTarget	1	186856
730.0310429796888	1.0	NonTarget	1	186888
730.1560429442416	1.0	NonTarget	1	186920
730.2810429087945	1.0	NonTarget	1	186952
730.4060428733472	1.0	NonTarget	1	186984
730.5310428379	1.0	NonTarget	1	187016
730.6560428024529	1.0	NonTarget	1	187048
730.7810427670057	1.0	NonTarget	1	187080
730.9060427315586	1.0	NonTarget	1	187112
731.0310426961114	1.0	NonTarget	1	187144
731.1560426606643	1.0	NonTarget	1	187176
731.2810426252171	1.0	NonTarget	1	187208
731.4060425897699	1.0	NonTarget	1	187240
731.5310425543228	1.0	NonTarget	1	187272
731.6560425188756	1.0	NonTarget	1	187304
731.7810424834285	1.0	NonTarget	1	187336
731.9060424479812	1.0	NonTarget	1	187368
732.0310424125341	1.0	NonTarget	1	187400
732.1560423770869	1.0	NonTarget	1	187432
732.2810423416397	1.0	NonTarget	1	187464
732.4060423061926	1.0	NonTarget	1	187496
732.5310422707454	1.0	NonTarget	1	187528
732.6560422352983	1.0	NonTarget	1	187560
732.7810421998511	1.0	NonTarget	1	187592
732.906042164404	1.0	NonTarget	1	187624
733.0310421289568	1.0	NonTarget	1	187656
733.1560420935097	1.0	NonTarget	1	187688
733.2810420580624	1.0	NonTarget	1	187720
733.4060420226152	1.0	NonTarget	1	187752
733.5310419871681	1.0	NonTarget	1	187784
733.6560419517209	1.0	NonTarget	1	187816
733.7810419162738	1.0	NonTarget	1	187848
733.9060418808266	1.0	NonTarget	1	187880
734.0310418453795	1.0	NonTarget	1	187912
734.1560418099323	1.0	NonTarget	1	187944
734.2810417744851	1.0	NonTarget	1	187976
734.406041739038	1.0	NonTarget	1	188008
734.5310417035907	1.0	NonTarget	1	188040
734.6560416681436	1.0	NonTarget	1	188072
734.7810416326964	1.0	NonTarget	1	188104
734.9060415972493	1.0	NonTarget	1	188136
735.0310415618021	1.0	NonTarget	1	188168
735.1560415263549	1.0	NonTarget	1	188200
735.2810414909078	1.0	NonTarget	1	188232
735.4060414554606	1.0	NonTarget	1	188264
735.5310414200135	1.0	NonTarget	1	188296
735.6560413845663	1.0	NonTarget	1	188328
735.7810413491192	1.0	NonTarget	1	188360
735.906041313672	1.0	NonTarget	1	188392
736.0310412782247	1.0	NonTarget	1	188424
736.1560412427776	1.0	NonTarget	1	188456
736.2810412073304	1.0	NonTarget	1	188488
736.4060411718833	1.0	NonTarget	1	188520
742.5310394349722	1.0	NonTarget	1	190088
742.656039399525	1.0	NonTarget	1	190120
742.7810393640779	1.0	NonTarget	1	190152
742.9060393286306	1.0	NonTarget	1	190184
743.0310392931835	1.0	NonTarget	1	190216
743.1560392577363	1.0	NonTarget	1	190248
743.2810392222891	1.0	NonTarget	1	190280
743.406039186842	1.0	NonTarget	1	190312
743.5310391513948	1.0	NonTarget	1	190344
743.6560391159477	1.0	NonTarget	1	190376
743.7810390805005	1.0	NonTarget	1	190408
743.9060390450534	1.0	NonTarget	1	190440
744.0310390096062	1.0	NonTarget	1	190472
744.156038974159	1.0	NonTarget	1	190504
744.2810389387118	1.0	NonTarget	1	190536
744.4060389032646	1.0	NonTarget	1	190568
744.5310388678175	1.0	NonTarget	1	190600
744.6560388323703	1.0	NonTarget	1	190632
744.7810387969232	1.0	NonTarget	1	190664
744.906038761476	1.0	NonTarget	1	190696
745.0310387260288	1.0	NonTarget	1	190728
745.1560386905817	1.0	NonTarget	1	190760
745.2810386551345	1.0	NonTarget	1	190792
745.4060386196874	1.0	NonTarget	1	190824
745.5310385842402	1.0	NonTarget	1	190856
745.656038548793	1.0	NonTarget	1	190888
745.7810385133458	1.0	NonTarget	1	190920
745.9060384778986	1.0	NonTarget	1	190952
746.0310384424515	1.0	NonTarget	1	190984
746.1560384070043	1.0	NonTarget	1	191016
746.2810383715572	1.0	NonTarget	1	191048
746.40603833611	1.0	NonTarget	1	191080
746.5310383006629	1.0	NonTarget	1	191112
746.6560382652157	1.0	NonTarget	1	191144
746.7810382297685	1.0	NonTarget	1	191176
746.9060381943214	1.0	NonTarget	1	191208
747.0310381588741	1.0	NonTarget	1	191240
747.156038123427	1.0	NonTarget	1	191272
747.2810380879798	1.0	NonTarget	1	191304
747.4060380525327	1.0	NonTarget	1	191336
747.5310380170855	1.0	NonTarget	1	191368
747.6560379816383	1.0	NonTarget	1	191400
747.7810379461912	1.0	NonTarget	1	191432
747.906037910744	1.0	NonTarget	1	191464
748.0310378752969	1.0	NonTarget	1	191496
748.1560378398497	1.0	NonTarget	1	191528
748.2810378044026	1.0	NonTarget	1	191560
748.4060377689553	1.0	NonTarget	1	191592
748.5310377335081	1.0	NonTarget	1	191624
748.656037698061	1.0	NonTarget	1	191656
748.7810376626138	1.0	NonTarget	1	191688
748.9060376271667	1.0	NonTarget	1	191720
749.0310375917195	1.0	NonTarget	1	191752
749.1560375562724	1.0	NonTarget	1	191784
749.2810375208252	1.0	NonTarget	1	191816
749.406037485378	1.0	NonTarget	1	191848
749.5310374499309	1.0	NonTarget	1	191880
749.6560374144836	1.0	NonTarget	1	191912
749.7810373790365	1.0	NonTarget	1	191944
749.9060373435893	1.0	NonTarget	1	191976
750.0310373081422	1.0	NonTarget	1	192008
750.156037272695	1.0	NonTarget	1	192040
750.2810372372478	1.0	NonTarget	1	192072
750.4060372018007	1.0	NonTarget	1	192104
750.5310371663535	1.0	NonTarget	1	192136
750.6560371309064	1.0	NonTarget	1	192168
750.7810370954592	1.0	NonTarget	1	192200
750.9060370600121	1.0	NonTarget	1	192232
751.0310370245649	1.0	NonTarget	1	192264
751.1560369891176	1.0	NonTarget	1	192296
751.2810369536705	1.0	NonTarget	1	192328
751.4060369182233	1.0	NonTarget	1	192360
751.5310368827762	1.0	NonTarget	1	192392
751.656036847329	1.0	NonTarget	1	192424
751.7810368118819	1.0	NonTarget	1	192456
751.9060367764347	1.0	NonTarget	1	192488
752.0310367409876	1.0	NonTarget	1	192520
752.1560367055404	1.0	NonTarget	1	192552
752.2810366700932	1.0	NonTarget	1	192584
752.4060366346461	1.0	NonTarget	1	192616
752.5310365991988	1.0	NonTarget	1	192648
752.6560365637517	1.0	NonTarget	1	192680
752.7810365283045	1.0	NonTarget	1	192712
752.9060364928574	1.0	NonTarget	1	192744
753.0310364574102	1.0	NonTarget	1	192776
753.156036421963	1.0	NonTarget	1	192808
753.2810363865159	1.0	NonTarget	1	192840
753.4060363510687	1.0	NonTarget	1	192872
753.5310363156216	1.0	NonTarget	1	192904
753.6560362801744	1.0	NonTarget	1	192936
753.7810362447273	1.0	NonTarget	1	192968
753.90603620928	1.0	NonTarget	1	193000
754.0310361738328	1.0	NonTarget	1	193032
754.1560361383857	1.0	NonTarget	1	193064
754.2810361029385	1.0	NonTarget	1	193096
754.4060360674914	1.0	NonTarget	1	193128
760.5310343305803	1.0	NonTarget	1	194696
760.656034295133	1.0	NonTarget	1	194728
760.781034259686	1.0	NonTarget	1	194760
760.9060342242387	1.0	NonTarget	1	194792
761.0310341887915	1.0	NonTarget	1	194824
761.1560341533444	1.0	NonTarget	1	194856
761.2810341178972	1.0	NonTarget	1	194888
761.4060340824501	1.0	NonTarget	1	194920
761.5310340470029	1.0	NonTarget	1	194952
761.6560340115558	1.0	NonTarget	1	194984
761.7810339761086	1.0	NonTarget	1	195016
761.9060339406615	1.0	NonTarget	1	195048
762.0310339052143	1.0	NonTarget	1	195080
762.156033869767	1.0	NonTarget	1	195112
762.2810338343199	1.0	NonTarget	1	195144
762.4060337988727	1.0	NonTarget	1	195176
762.5310337634256	1.0	NonTarget	1	195208
762.6560337279784	1.0	NonTarget	1	195240
762.7810336925313	1.0	NonTarget	1	195272
762.9060336570841	1.0	NonTarget	1	195304
763.0310336216369	1.0	NonTarget	1	195336
763.1560335861898	1.0	NonTarget	1	195368
763.2810335507426	1.0	NonTarget	1	195400
763.4060335152955	1.0	NonTarget	1	195432
763.5310334798482	1.0	NonTarget	1	195464
763.6560334444011	1.0	NonTarget	1	195496
763.7810334089539	1.0	NonTarget	1	195528
763.9060333735067	1.0	NonTarget	1	195560
764.0310333380596	1.0	NonTarget	1	195592
764.1560333026124	1.0	NonTarget	1	195624
764.2810332671653	1.0	NonTarget	1	195656
764.4060332317181	1.0	NonTarget	1	195688
764.531033196271	1.0	NonTarget	1	195720
764.6560331608238	1.0	NonTarget	1	195752
764.7810331253766	1.0	NonTarget	1	195784
764.9060330899295	1.0	NonTarget	1	195816
765.0310330544822	1.0	NonTarget	1	195848
765.1560330190351	1.0	NonTarget	1	195880
765.2810329835879	1.0	NonTarget	1	195912
765.4060329481408	1.0	NonTarget	1	195944
765.5310329126936	1.0	NonTarget	1	195976
765.6560328772464	1.0	NonTarget	1	196008
765.7810328417993	1.0	NonTarget	1	196040
765.9060328063521	1.0	NonTarget	1	196072
766.031032770905	1.0	NonTarget	1	196104
766.1560327354578	1.0	NonTarget	1	196136
766.2810327000107	1.0	NonTarget	1	196168
766.4060326645634	1.0	NonTarget	1	196200
766.5310326291162	1.0	NonTarget	1	196232
766.6560325936691	1.0	NonTarget	1	196264
766.7810325582219	1.0	NonTarget	1	196296
766.9060325227748	1.0	NonTarget	1	196328
767.0310324873276	1.0	NonTarget	1	196360
767.1560324518805	1.0	NonTarget	1	196392
767.2810324164333	1.0	NonTarget	1	196424
767.4060323809861	1.0	NonTarget	1	196456
767.531032345539	1.0	NonTarget	1	196488
767.6560323100917	1.0	NonTarget	1	196520
767.7810322746446	1.0	NonTarget	1	196552
767.9060322391974	1.0	NonTarget	1	196584
768.0310322037503	1.0	NonTarget	1	196616
768.1560321683031	1.0	NonTarget	1	196648
768.2810321328559	1.0	NonTarget	1	196680
768.4060320974088	1.0	NonTarget	1	196712
768.5310320619616	1.0	NonTarget	1	196744
768.6560320265145	1.0	NonTarget	1	196776
768.7810319910673	1.0	NonTarget	1	196808
768.9060319556202	1.0	NonTarget	1	196840
769.031031920173	1.0	NonTarget	1	196872
769.1560318847257	1.0	NonTarget	1	196904
769.2810318492786	1.0	NonTarget	1	196936
769.4060318138314	1.0	NonTarget	1	196968
769.5310317783843	1.0	NonTarget	1	197000
769.6560317429371	1.0	NonTarget	1	197032
769.78103170749	1.0	NonTarget	1	197064
769.9060316720428	1.0	NonTarget	1	197096
770.0310316365956	1.0	NonTarget	1	197128
770.1560316011485	1.0	NonTarget	1	197160
770.2810315657013	1.0	NonTarget	1	197192
770.4060315302542	1.0	NonTarget	1	197224
770.5310314948069	1.0	NonTarget	1	197256
770.6560314593598	1.0	NonTarget	1	197288
770.7810314239126	1.0	NonTarget	1	197320
770.9060313884655	1.0	NonTarget	1	197352
771.0310313530183	1.0	NonTarget	1	197384
771.1560313175711	1.0	NonTarget	1	197416
771.281031282124	1.0	NonTarget	1	197448
771.4060312466768	1.0	NonTarget	1	197480
771.5310312112297	1.0	NonTarget	1	197512
771.6560311757825	1.0	NonTarget	1	197544
771.7810311403354	1.0	NonTarget	1	197576
771.9060311048881	1.0	NonTarget	1	197608
772.0310310694409	1.0	NonTarget	1	197640
772.1560310339938	1.0	NonTarget	1	197672
772.2810309985466	1.0	NonTarget	1	197704
772.4060309630995	1.0	NonTarget	1	197736
778.5310292261884	1.0	NonTarget	1	199304
778.6560291907412	1.0	NonTarget	1	199336
778.781029155294	1.0	NonTarget	1	199368
778.9060291198468	1.0	NonTarget	1	199400
779.0310290843996	1.0	NonTarget	1	199432
779.1560290489525	1.0	NonTarget	1	199464
779.2810290135053	1.0	NonTarget	1	199496
779.4060289780582	1.0	NonTarget	1	199528
779.531028942611	1.0	NonTarget	1	199560
779.6560289071639	1.0	NonTarget	1	199592
779.7810288717167	1.0	NonTarget	1	199624
779.9060288362695	1.0	NonTarget	1	199656
780.0310288008224	1.0	NonTarget	1	199688
780.1560287653751	1.0	NonTarget	1	199720
780.281028729928	1.0	NonTarget	1	199752
780.4060286944808	1.0	NonTarget	1	199784
780.5310286590337	1.0	NonTarget	1	199816
780.6560286235865	1.0	NonTarget	1	199848
780.7810285881394	1.0	NonTarget	1	199880
780.9060285526922	1.0	NonTarget	1	199912
781.031028517245	1.0	NonTarget	1	199944
781.1560284817979	1.0	NonTarget	1	199976
781.2810284463507	1.0	NonTarget	1	200008
781.4060284109036	1.0	NonTarget	1	200040
781.5310283754563	1.0	NonTarget	1	200072
781.6560283400092	1.0	NonTarget	1	200104
781.781028304562	1.0	NonTarget	1	200136
781.9060282691148	1.0	NonTarget	1	200168
782.0310282336677	1.0	NonTarget	1	200200
782.1560281982205	1.0	NonTarget	1	200232
782.2810281627734	1.0	NonTarget	1	200264
782.4060281273262	1.0	NonTarget	1	200296
782.5310280918791	1.0	NonTarget	1	200328
782.6560280564319	1.0	NonTarget	1	200360
782.7810280209846	1.0	NonTarget	1	200392
782.9060279855375	1.0	NonTarget	1	200424
783.0310279500903	1.0	NonTarget	1	200456
783.1560279146432	1.0	NonTarget	1	200488
783.281027879196	1.0	NonTarget	1	200520
783.4060278437489	1.0	NonTarget	1	200552
783.5310278083017	1.0	NonTarget	1	200584
783.6560277728545	1.0	NonTarget	1	200616
783.7810277374074	1.0	NonTarget	1	200648
783.9060277019602	1.0	NonTarget	1	200680
784.0310276665131	1.0	NonTarget	1	200712
784.1560276310659	1.0	NonTarget	1	200744
784.2810275956188	1.0	NonTarget	1	200776
784.4060275601715	1.0	NonTarget	1	200808
784.5310275247243	1.0	NonTarget	1	200840
784.6560274892772	1.0	NonTarget	1	200872
784.78102745383	1.0	NonTarget	1	200904
784.9060274183829	1.0	NonTarget	1	200936
785.0310273829357	1.0	NonTarget	1	200968
785.1560273474886	1.0	NonTarget	1	201000
785.2810273120414	1.0	NonTarget	1	201032
785.4060272765942	1.0	NonTarget	1	201064
785.5310272411471	1.0	NonTarget	1	201096
785.6560272056998	1.0	NonTarget	1	201128
785.7810271702527	1.0	NonTarget	1	201160
785.9060271348055	1.0	NonTarget	1	201192
786.0310270993584	1.0	NonTarget	1	201224
786.1560270639112	1.0	NonTarget	1	201256
786.281027028464	1.0	NonTarget	1	201288
786.4060269930169	1.0	NonTarget	1	201320
786.5310269575697	1.0	NonTarget	1	201352
786.6560269221226	1.0	NonTarget	1	201384
786.7810268866754	1.0	NonTarget	1	201416
786.9060268512283	1.0	NonTarget	1	201448
787.031026815781	1.0	NonTarget	1	201480
787.1560267803338	1.0	NonTarget	1	201512
787.2810267448867	1.0	NonTarget	1	201544
787.4060267094395	1.0	NonTarget	1	201576
787.5310266739924	1.0	NonTarget	1	201608
787.6560266385452	1.0	NonTarget	1	201640
787.7810266030981	1.0	NonTarget	1	201672
787.9060265676509	1.0	NonTarget	1	201704
788.0310265322037	1.0	NonTarget	1	201736
788.1560264967566	1.0	NonTarget	1	201768
788.2810264613094	1.0	NonTarget	1	201800
788.4060264258623	1.0	NonTarget	1	201832
788.531026390415	1.0	NonTarget	1	201864
788.6560263549679	1.0	NonTarget	1	201896
788.7810263195207	1.0	NonTarget	1	201928
788.9060262840735	1.0	NonTarget	1	201960
789.0310262486264	1.0	NonTarget	1	201992
789.1560262131792	1.0	NonTarget	1	202024
789.2810261777321	1.0	NonTarget	1	202056
789.4060261422849	1.0	NonTarget	1	202088
789.5310261068378	1.0	NonTarget	1	202120
789.6560260713906	1.0	NonTarget	1	202152
789.7810260359435	1.0	NonTarget	1	202184
789.9060260004962	1.0	NonTarget	1	202216
790.031025965049	1.0	NonTarget	1	202248
790.1560259296019	1.0	NonTarget	1	202280
790.2810258941547	1.0	NonTarget	1	202312
790.4060258587076	1.0	NonTarget	1	202344
796.5310241217965	1.0	NonTarget	1	203912
796.6560240863492	1.0	NonTarget	1	203944
796.7810240509021	1.0	NonTarget	1	203976
796.9060240154549	1.0	NonTarget	1	204008
797.0310239800077	1.0	NonTarget	1	204040
797.1560239445606	1.0	NonTarget	1	204072
797.2810239091134	1.0	NonTarget	1	204104
797.4060238736663	1.0	NonTarget	1	204136
797.5310238382191	1.0	NonTarget	1	204168
797.656023802772	1.0	NonTarget	1	204200
797.7810237673248	1.0	NonTarget	1	204232
797.9060237318776	1.0	NonTarget	1	204264
798.0310236964305	1.0	NonTarget	1	204296
798.1560236609832	1.0	NonTarget	1	204328
798.2810236255361	1.0	NonTarget	1	204360
798.4060235900889	1.0	NonTarget	1	204392
798.5310235546418	1.0	NonTarget	1	204424
798.6560235191946	1.0	NonTarget	1	204456
798.7810234837474	1.0	NonTarget	1	204488
798.9060234483003	1.0	NonTarget	1	204520
799.0310234128531	1.0	NonTarget	1	204552
799.156023377406	1.0	NonTarget	1	204584
799.2810233419588	1.0	NonTarget	1	204616
799.4060233065117	1.0	NonTarget	1	204648
799.5310232710644	1.0	NonTarget	1	204680
799.6560232356173	1.0	NonTarget	1	204712
799.7810232001701	1.0	NonTarget	1	204744
799.9060231647229	1.0	NonTarget	1	204776
800.0310231292758	1.0	NonTarget	1	204808
800.1560230938286	1.0	NonTarget	1	204840
800.2810230583815	1.0	NonTarget	1	204872
800.4060230229343	1.0	NonTarget	1	204904
800.5310229874872	1.0	NonTarget	1	204936
800.65602295204	1.0	NonTarget	1	204968
800.7810229165927	1.0	NonTarget	1	205000
800.9060228811456	1.0	NonTarget	1	205032
801.0310228456984	1.0	NonTarget	1	205064
801.1560228102513	1.0	NonTarget	1	205096
801.2810227748041	1.0	NonTarget	1	205128
801.406022739357	1.0	NonTarget	1	205160
801.5310227039098	1.0	NonTarget	1	205192
801.6560226684626	1.0	NonTarget	1	205224
801.7810226330155	1.0	NonTarget	1	205256
801.9060225975683	1.0	NonTarget	1	205288
802.0310225621212	1.0	NonTarget	1	205320
802.156022526674	1.0	NonTarget	1	205352
802.2810224912268	1.0	NonTarget	1	205384
802.4060224557796	1.0	NonTarget	1	205416
802.5310224203324	1.0	NonTarget	1	205448
802.6560223848853	1.0	NonTarget	1	205480
802.7810223494381	1.0	NonTarget	1	205512
802.906022313991	1.0	NonTarget	1	205544
803.0310222785438	1.0	NonTarget	1	205576
803.1560222430967	1.0	NonTarget	1	205608
803.2810222076495	1.0	NonTarget	1	205640
803.4060221722023	1.0	NonTarget	1	205672
803.5310221367552	1.0	NonTarget	1	205704
803.6560221013079	1.0	NonTarget	1	205736
803.7810220658608	1.0	NonTarget	1	205768
803.9060220304136	1.0	NonTarget	1	205800
804.0310219949665	1.0	NonTarget	1	205832
804.1560219595193	1.0	NonTarget	1	205864
804.2810219240721	1.0	NonTarget	1	205896
804.406021888625	1.0	NonTarget	1	205928
804.5310218531778	1.0	NonTarget	1	205960
804.6560218177307	1.0	NonTarget	1	205992
804.7810217822835	1.0	NonTarget	1	206024
804.9060217468364	1.0	NonTarget	1	206056
805.0310217113891	1.0	NonTarget	1	206088
805.1560216759419	1.0	NonTarget	1	206120
805.2810216404948	1.0	NonTarget	1	206152
805.4060216050476	1.0	NonTarget	1	206184
805.5310215696005	1.0	NonTarget	1	206216
805.6560215341533	1.0	NonTarget	1	206248
805.7810214987062	1.0	NonTarget	1	206280
805.906021463259	1.0	NonTarget	1	206312
806.0310214278118	1.0	NonTarget	1	206344
806.1560213923647	1.0	NonTarget	1	206376
806.2810213569174	1.0	NonTarget	1	206408
806.4060213214703	1.0	NonTarget	1	206440
806.5310212860231	1.0	NonTarget	1	206472
806.656021250576	1.0	NonTarget	1	206504
806.7810212151288	1.0	NonTarget	1	206536
806.9060211796816	1.0	NonTarget	1	206568
807.0310211442345	1.0	NonTarget	1	206600
807.1560211087873	1.0	NonTarget	1	206632
807.2810210733402	1.0	NonTarget	1	206664
807.406021037893	1.0	NonTarget	1	206696
807.5310210024459	1.0	NonTarget	1	206728
807.6560209669987	1.0	NonTarget	1	206760
807.7810209315514	1.0	NonTarget	1	206792
807.9060208961043	1.0	NonTarget	1	206824
808.0310208606571	1.0	NonTarget	1	206856
808.15602082521	1.0	NonTarget	1	206888
808.2810207897628	1.0	NonTarget	1	206920
808.4060207543157	1.0	NonTarget	1	206952
814.5310190174046	1.0	NonTarget	1	208520
814.6560189819573	1.0	NonTarget	1	208552
814.7810189465102	1.0	NonTarget	1	208584
814.906018911063	1.0	NonTarget	1	208616
815.0310188756158	1.0	NonTarget	1	208648
815.1560188401687	1.0	NonTarget	1	208680
815.2810188047215	1.0	NonTarget	1	208712
815.4060187692744	1.0	NonTarget	1	208744
815.5310187338272	1.0	NonTarget	1	208776
815.6560186983801	1.0	NonTarget	1	208808
815.7810186629329	1.0	NonTarget	1	208840
815.9060186274857	1.0	NonTarget	1	208872
816.0310185920385	1.0	NonTarget	1	208904
816.1560185565913	1.0	NonTarget	1	208936
816.2810185211442	1.0	NonTarget	1	208968
816.406018485697	1.0	NonTarget	1	209000
816.5310184502499	1.0	NonTarget	1	209032
816.6560184148027	1.0	NonTarget	1	209064
816.7810183793555	1.0	NonTarget	1	209096
816.9060183439084	1.0	NonTarget	1	209128
817.0310183084612	1.0	NonTarget	1	209160
817.1560182730141	1.0	NonTarget	1	209192
817.2810182375669	1.0	NonTarget	1	209224
817.4060182021198	1.0	NonTarget	1	209256
817.5310181666725	1.0	NonTarget	1	209288
817.6560181312253	1.0	NonTarget	1	209320
817.7810180957782	1.0	NonTarget	1	209352
817.906018060331	1.0	NonTarget	1	209384
818.0310180248839	1.0	NonTarget	1	209416
818.1560179894367	1.0	NonTarget	1	209448
818.2810179539896	1.0	NonTarget	1	209480
818.4060179185424	1.0	NonTarget	1	209512
818.5310178830953	1.0	NonTarget	1	209544
818.6560178476481	1.0	NonTarget	1	209576
818.7810178122008	1.0	NonTarget	1	209608
818.9060177767537	1.0	NonTarget	1	209640
819.0310177413065	1.0	NonTarget	1	209672
819.1560177058594	1.0	NonTarget	1	209704
819.2810176704122	1.0	NonTarget	1	209736
819.4060176349651	1.0	NonTarget	1	209768
819.5310175995179	1.0	NonTarget	1	209800
819.6560175640707	1.0	NonTarget	1	209832
819.7810175286236	1.0	NonTarget	1	209864
819.9060174931764	1.0	NonTarget	1	209896
820.0310174577293	1.0	NonTarget	1	209928
820.156017422282	1.0	NonTarget	1	209960
820.281017386835	1.0	NonTarget	1	209992
820.4060173513877	1.0	NonTarget	1	210024
820.5310173159405	1.0	NonTarget	1	210056
820.6560172804934	1.0	NonTarget	1	210088
820.7810172450462	1.0	NonTarget	1	210120
820.9060172095991	1.0	NonTarget	1	210152
821.0310171741519	1.0	NonTarget	1	210184
821.1560171387048	1.0	NonTarget	1	210216
821.2810171032576	1.0	NonTarget	1	210248
821.4060170678104	1.0	NonTarget	1	210280
821.5310170323633	1.0	NonTarget	1	210312
821.656016996916	1.0	NonTarget	1	210344
821.7810169614689	1.0	NonTarget	1	210376
821.9060169260217	1.0	NonTarget	1	210408
822.0310168905746	1.0	NonTarget	1	210440
822.1560168551274	1.0	NonTarget	1	210472
822.2810168196802	1.0	NonTarget	1	210504
822.4060167842331	1.0	NonTarget	1	210536
822.5310167487859	1.0	NonTarget	1	210568
822.6560167133388	1.0	NonTarget	1	210600
822.7810166778916	1.0	NonTarget	1	210632
822.9060166424445	1.0	NonTarget	1	210664
823.0310166069972	1.0	NonTarget	1	210696
823.15601657155	1.0	NonTarget	1	210728
823.2810165361029	1.0	NonTarget	1	210760
823.4060165006557	1.0	NonTarget	1	210792
823.5310164652086	1.0	NonTarget	1	210824
823.6560164297614	1.0	NonTarget	1	210856
823.7810163943143	1.0	NonTarget	1	210888
823.9060163588671	1.0	NonTarget	1	210920
824.0310163234199	1.0	NonTarget	1	210952
824.1560162879728	1.0	NonTarget	1	210984
824.2810162525255	1.0	NonTarget	1	211016
824.4060162170784	1.0	NonTarget	1	211048
824.5310161816312	1.0	NonTarget	1	211080
824.6560161461841	1.0	NonTarget	1	211112
824.7810161107369	1.0	NonTarget	1	211144
824.9060160752897	1.0	NonTarget	1	211176
825.0310160398426	1.0	NonTarget	1	211208
825.1560160043954	1.0	NonTarget	1	211240
825.2810159689483	1.0	NonTarget	1	211272
825.4060159335011	1.0	NonTarget	1	211304
825.531015898054	1.0	NonTarget	1	211336
825.6560158626068	1.0	NonTarget	1	211368
825.7810158271595	1.0	NonTarget	1	211400
825.9060157917124	1.0	NonTarget	1	211432
826.0310157562652	1.0	NonTarget	1	211464
826.1560157208181	1.0	NonTarget	1	211496
826.2810156853709	1.0	NonTarget	1	211528
826.4060156499238	1.0	NonTarget	1	211560
832.5310139130127	1.0	NonTarget	1	213128
832.6560138775654	1.0	NonTarget	1	213160
832.7810138421183	1.0	NonTarget	1	213192
832.9060138066711	1.0	NonTarget	1	213224
833.0310137712239	1.0	NonTarget	1	213256
833.1560137357768	1.0	NonTarget	1	213288
833.2810137003296	1.0	NonTarget	1	213320
833.4060136648825	1.0	NonTarget	1	213352
833.5310136294353	1.0	NonTarget	1	213384
833.6560135939882	1.0	NonTarget	1	213416
833.781013558541	1.0	NonTarget	1	213448
833.9060135230937	1.0	NonTarget	1	213480
834.0310134876466	1.0	NonTarget	1	213512
834.1560134521994	1.0	NonTarget	1	213544
834.2810134167523	1.0	NonTarget	1	213576
834.4060133813051	1.0	NonTarget	1	213608
834.531013345858	1.0	NonTarget	1	213640
834.6560133104108	1.0	NonTarget	1	213672
834.7810132749636	1.0	NonTarget	1	213704
834.9060132395165	1.0	NonTarget	1	213736
835.0310132040693	1.0	NonTarget	1	213768
835.1560131686222	1.0	NonTarget	1	213800
835.281013133175	1.0	NonTarget	1	213832
835.4060130977279	1.0	NonTarget	1	213864
835.5310130622806	1.0	NonTarget	1	213896
835.6560130268334	1.0	NonTarget	1	213928
835.7810129913863	1.0	NonTarget	1	213960
835.9060129559391	1.0	NonTarget	1	213992
836.031012920492	1.0	NonTarget	1	214024
836.1560128850448	1.0	NonTarget	1	214056
836.2810128495977	1.0	NonTarget	1	214088
836.4060128141505	1.0	NonTarget	1	214120
836.5310127787033	1.0	NonTarget	1	214152
836.6560127432562	1.0	NonTarget	1	214184
836.7810127078089	1.0	NonTarget	1	214216
836.9060126723618	1.0	NonTarget	1	214248
837.0310126369146	1.0	NonTarget	1	214280
837.1560126014675	1.0	NonTarget	1	214312
837.2810125660203	1.0	NonTarget	1	214344
837.4060125305732	1.0	NonTarget	1	214376
837.531012495126	1.0	NonTarget	1	214408
837.6560124596788	1.0	NonTarget	1	214440
837.7810124242317	1.0	NonTarget	1	214472
837.9060123887845	1.0	NonTarget	1	214504
838.0310123533374	1.0	NonTarget	1	214536
838.1560123178901	1.0	NonTarget	1	214568
838.281012282443	1.0	NonTarget	1	214600
838.4060122469958	1.0	NonTarget	1	214632
838.5310122115486	1.0	NonTarget	1	214664
838.6560121761015	1.0	NonTarget	1	214696
838.7810121406543	1.0	NonTarget	1	214728
838.9060121052072	1.0	NonTarget	1	214760
839.03101206976	1.0	NonTarget	1	214792
839.1560120343129	1.0	NonTarget	1	214824
839.2810119988657	1.0	NonTarget	1	214856
839.4060119634185	1.0	NonTarget	1	214888
839.5310119279713	1.0	NonTarget	1	214920
839.6560118925241	1.0	NonTarget	1	214952
839.781011857077	1.0	NonTarget	1	214984
839.9060118216298	1.0	NonTarget	1	215016
840.0310117861827	1.0	NonTarget	1	215048
840.1560117507355	1.0	NonTarget	1	215080
840.2810117152883	1.0	NonTarget	1	215112
840.4060116798412	1.0	NonTarget	1	215144
840.531011644394	1.0	NonTarget	1	215176
840.6560116089469	1.0	NonTarget	1	215208
840.7810115734997	1.0	NonTarget	1	215240
840.9060115380526	1.0	NonTarget	1	215272
841.0310115026053	1.0	NonTarget	1	215304
841.1560114671581	1.0	NonTarget	1	215336
841.281011431711	1.0	NonTarget	1	215368
841.4060113962638	1.0	NonTarget	1	215400
841.5310113608167	1.0	NonTarget	1	215432
841.6560113253695	1.0	NonTarget	1	215464
841.7810112899224	1.0	NonTarget	1	215496
841.9060112544752	1.0	NonTarget	1	215528
842.031011219028	1.0	NonTarget	1	215560
842.1560111835809	1.0	NonTarget	1	215592
842.2810111481336	1.0	NonTarget	1	215624
842.4060111126865	1.0	NonTarget	1	215656
842.5310110772393	1.0	NonTarget	1	215688
842.6560110417922	1.0	NonTarget	1	215720
842.781011006345	1.0	NonTarget	1	215752
842.9060109708978	1.0	NonTarget	1	215784
843.0310109354507	1.0	NonTarget	1	215816
843.1560109000035	1.0	NonTarget	1	215848
843.2810108645564	1.0	NonTarget	1	215880
843.4060108291092	1.0	NonTarget	1	215912
843.5310107936621	1.0	NonTarget	1	215944
843.6560107582148	1.0	NonTarget	1	215976
843.7810107227676	1.0	NonTarget	1	216008
843.9060106873205	1.0	NonTarget	1	216040
844.0310106518733	1.0	NonTarget	1	216072
844.1560106164262	1.0	NonTarget	1	216104
844.281010580979	1.0	NonTarget	1	216136
844.4060105455319	1.0	NonTarget	1	216168
850.5310088086208	1.0	NonTarget	1	217736
850.6560087731735	1.0	NonTarget	1	217768
850.7810087377264	1.0	NonTarget	1	217800
850.9060087022792	1.0	NonTarget	1	217832
851.031008666832	1.0	NonTarget	1	217864
851.1560086313849	1.0	NonTarget	1	217896
851.2810085959377	1.0	NonTarget	1	217928
851.4060085604906	1.0	NonTarget	1	217960
851.5310085250434	1.0	NonTarget	1	217992
851.6560084895963	1.0	NonTarget	1	218024
851.7810084541491	1.0	NonTarget	1	218056
851.9060084187018	1.0	NonTarget	1	218088
852.0310083832547	1.0	NonTarget	1	218120
852.1560083478075	1.0	NonTarget	1	218152
852.2810083123604	1.0	NonTarget	1	218184
852.4060082769132	1.0	NonTarget	1	218216
852.5310082414661	1.0	NonTarget	1	218248
852.6560082060189	1.0	NonTarget	1	218280
852.7810081705717	1.0	NonTarget	1	218312
852.9060081351246	1.0	NonTarget	1	218344
853.0310080996774	1.0	NonTarget	1	218376
853.1560080642303	1.0	NonTarget	1	218408
853.281008028783	1.0	NonTarget	1	218440
853.406007993336	1.0	NonTarget	1	218472
853.5310079578887	1.0	NonTarget	1	218504
853.6560079224415	1.0	NonTarget	1	218536
853.7810078869944	1.0	NonTarget	1	218568
853.9060078515472	1.0	NonTarget	1	218600
854.0310078161001	1.0	NonTarget	1	218632
854.1560077806529	1.0	NonTarget	1	218664
854.2810077452058	1.0	NonTarget	1	218696
854.4060077097586	1.0	NonTarget	1	218728
854.5310076743114	1.0	NonTarget	1	218760
854.6560076388643	1.0	NonTarget	1	218792
854.781007603417	1.0	NonTarget	1	218824
854.9060075679699	1.0	NonTarget	1	218856
855.0310075325227	1.0	NonTarget	1	218888
855.1560074970756	1.0	NonTarget	1	218920
855.2810074616284	1.0	NonTarget	1	218952
855.4060074261812	1.0	NonTarget	1	218984
855.5310073907341	1.0	NonTarget	1	219016
855.6560073552869	1.0	NonTarget	1	219048
855.7810073198398	1.0	NonTarget	1	219080
855.9060072843926	1.0	NonTarget	1	219112
856.0310072489455	1.0	NonTarget	1	219144
856.1560072134982	1.0	NonTarget	1	219176
856.2810071780511	1.0	NonTarget	1	219208
856.4060071426039	1.0	NonTarget	1	219240
856.5310071071567	1.0	NonTarget	1	219272
856.6560070717096	1.0	NonTarget	1	219304
856.7810070362624	1.0	NonTarget	1	219336
856.9060070008153	1.0	NonTarget	1	219368
857.0310069653681	1.0	NonTarget	1	219400
857.156006929921	1.0	NonTarget	1	219432
857.2810068944738	1.0	NonTarget	1	219464
857.4060068590265	1.0	NonTarget	1	219496
857.5310068235794	1.0	NonTarget	1	219528
857.6560067881322	1.0	NonTarget	1	219560
857.7810067526851	1.0	NonTarget	1	219592
857.9060067172379	1.0	NonTarget	1	219624
858.0310066817908	1.0	NonTarget	1	219656
858.1560066463436	1.0	NonTarget	1	219688
858.2810066108964	1.0	NonTarget	1	219720
858.4060065754493	1.0	NonTarget	1	219752
858.5310065400021	1.0	NonTarget	1	219784
858.656006504555	1.0	NonTarget	1	219816
858.7810064691078	1.0	NonTarget	1	219848
858.9060064336607	1.0	NonTarget	1	219880
859.0310063982134	1.0	NonTarget	1	219912
859.1560063627662	1.0	NonTarget	1	219944
859.2810063273191	1.0	NonTarget	1	219976
859.4060062918719	1.0	NonTarget	1	220008
859.5310062564248	1.0	NonTarget	1	220040
859.6560062209776	1.0	NonTarget	1	220072
859.7810061855305	1.0	NonTarget	1	220104
859.9060061500833	1.0	NonTarget	1	220136
860.031006114636	1.0	NonTarget	1	220168
860.156006079189	1.0	NonTarget	1	220200
860.2810060437417	1.0	NonTarget	1	220232
860.4060060082946	1.0	NonTarget	1	220264
860.5310059728474	1.0	NonTarget	1	220296
860.6560059374003	1.0	NonTarget	1	220328
860.7810059019531	1.0	NonTarget	1	220360
860.9060058665059	1.0	NonTarget	1	220392
861.0310058310588	1.0	NonTarget	1	220424
861.1560057956116	1.0	NonTarget	1	220456
861.2810057601645	1.0	NonTarget	1	220488
861.4060057247173	1.0	NonTarget	1	220520
861.5310056892702	1.0	NonTarget	1	220552
861.656005653823	1.0	NonTarget	1	220584
861.7810056183757	1.0	NonTarget	1	220616
861.9060055829286	1.0	NonTarget	1	220648
862.0310055474814	1.0	NonTarget	1	220680
862.1560055120343	1.0	NonTarget	1	220712
862.2810054765871	1.0	NonTarget	1	220744
862.40600544114	1.0	NonTarget	1	220776
868.5310037042289	1.0	NonTarget	1	222344
868.6560036687816	1.0	NonTarget	1	222376
868.7810036333345	1.0	NonTarget	1	222408
868.9060035978873	1.0	NonTarget	1	222440
869.0310035624401	1.0	NonTarget	1	222472
869.156003526993	1.0	NonTarget	1	222504
869.2810034915458	1.0	NonTarget	1	222536
869.4060034560987	1.0	NonTarget	1	222568
869.5310034206515	1.0	NonTarget	1	222600
869.6560033852044	1.0	NonTarget	1	222632
869.7810033497572	1.0	NonTarget	1	222664
869.9060033143099	1.0	NonTarget	1	222696
870.0310032788628	1.0	NonTarget	1	222728
870.1560032434156	1.0	NonTarget	1	222760
870.2810032079685	1.0	NonTarget	1	222792
870.4060031725213	1.0	NonTarget	1	222824
870.5310031370742	1.0	NonTarget	1	222856
870.656003101627	1.0	NonTarget	1	222888
870.7810030661798	1.0	NonTarget	1	222920
870.9060030307327	1.0	NonTarget	1	222952
871.0310029952855	1.0	NonTarget	1	222984
871.1560029598384	1.0	NonTarget	1	223016
871.2810029243911	1.0	NonTarget	1	223048
871.406002888944	1.0	NonTarget	1	223080
871.5310028534968	1.0	NonTarget	1	223112
871.6560028180496	1.0	NonTarget	1	223144
871.7810027826025	1.0	NonTarget	1	223176
871.9060027471553	1.0	NonTarget	1	223208
872.0310027117082	1.0	NonTarget	1	223240
872.156002676261	1.0	NonTarget	1	223272
872.2810026408139	1.0	NonTarget	1	223304
872.4060026053667	1.0	NonTarget	1	223336
872.5310025699195	1.0	NonTarget	1	223368
872.6560025344723	1.0	NonTarget	1	223400
872.7810024990251	1.0	NonTarget	1	223432
872.906002463578	1.0	NonTarget	1	223464
873.0310024281308	1.0	NonTarget	1	223496
873.1560023926837	1.0	NonTarget	1	223528
873.2810023572365	1.0	NonTarget	1	223560
873.4060023217893	1.0	NonTarget	1	223592
873.5310022863422	1.0	NonTarget	1	223624
873.656002250895	1.0	NonTarget	1	223656
873.7810022154479	1.0	NonTarget	1	223688
873.9060021800007	1.0	NonTarget	1	223720
874.0310021445536	1.0	NonTarget	1	223752
874.1560021091063	1.0	NonTarget	1	223784
874.2810020736591	1.0	NonTarget	1	223816
874.406002038212	1.0	NonTarget	1	223848
874.5310020027648	1.0	NonTarget	1	223880
874.6560019673177	1.0	NonTarget	1	223912
874.7810019318705	1.0	NonTarget	1	223944
874.9060018964234	1.0	NonTarget	1	223976
875.0310018609762	1.0	NonTarget	1	224008
875.1560018255291	1.0	NonTarget	1	224040
875.2810017900819	1.0	NonTarget	1	224072
875.4060017546346	1.0	NonTarget	1	224104
875.5310017191875	1.0	NonTarget	1	224136
875.6560016837403	1.0	NonTarget	1	224168
875.7810016482932	1.0	NonTarget	1	224200
875.906001612846	1.0	NonTarget	1	224232
876.0310015773989	1.0	NonTarget	1	224264
876.1560015419517	1.0	NonTarget	1	224296
876.2810015065045	1.0	NonTarget	1	224328
876.4060014710574	1.0	NonTarget	1	224360
876.5310014356102	1.0	NonTarget	1	224392
876.6560014001631	1.0	NonTarget	1	224424
876.7810013647158	1.0	NonTarget	1	224456
876.9060013292687	1.0	NonTarget	1	224488
877.0310012938215	1.0	NonTarget	1	224520
877.1560012583743	1.0	NonTarget	1	224552
877.2810012229272	1.0	NonTarget	1	224584
877.40600118748	1.0	NonTarget	1	224616
877.5310011520329	1.0	NonTarget	1	224648
877.6560011165857	1.0	NonTarget	1	224680
877.7810010811386	1.0	NonTarget	1	224712
877.9060010456914	1.0	NonTarget	1	224744
878.0310010102442	1.0	NonTarget	1	224776
878.156000974797	1.0	NonTarget	1	224808
878.2810009393498	1.0	NonTarget	1	224840
878.4060009039027	1.0	NonTarget	1	224872
878.5310008684555	1.0	NonTarget	1	224904
878.6560008330084	1.0	NonTarget	1	224936
878.7810007975612	1.0	NonTarget	1	224968
878.906000762114	1.0	NonTarget	1	225000
879.0310007266669	1.0	NonTarget	1	225032
879.1560006912197	1.0	NonTarget	1	225064
879.2810006557726	1.0	NonTarget	1	225096
879.4060006203254	1.0	NonTarget	1	225128
879.5310005848783	1.0	NonTarget	1	225160
879.656000549431	1.0	NonTarget	1	225192
879.7810005139838	1.0	NonTarget	1	225224
879.9060004785367	1.0	NonTarget	1	225256
880.0310004430895	1.0	NonTarget	1	225288
880.1560004076424	1.0	NonTarget	1	225320
880.2810003721952	1.0	NonTarget	1	225352
880.4060003367481	1.0	NonTarget	1	225384
886.530998599837	1.0	NonTarget	1	226952
886.6559985643897	1.0	NonTarget	1	226984
886.7809985289426	1.0	NonTarget	1	227016
886.9059984934954	1.0	NonTarget	1	227048
887.0309984580482	1.0	NonTarget	1	227080
887.1559984226011	1.0	NonTarget	1	227112
887.2809983871539	1.0	NonTarget	1	227144
887.4059983517068	1.0	NonTarget	1	227176
887.5309983162596	1.0	NonTarget	1	227208
887.6559982808125	1.0	NonTarget	1	227240
887.7809982453653	1.0	NonTarget	1	227272
887.905998209918	1.0	NonTarget	1	227304
888.0309981744709	1.0	NonTarget	1	227336
888.1559981390237	1.0	NonTarget	1	227368
888.2809981035766	1.0	NonTarget	1	227400
888.4059980681294	1.0	NonTarget	1	227432
888.5309980326823	1.0	NonTarget	1	227464
888.6559979972351	1.0	NonTarget	1	227496
888.7809979617879	1.0	NonTarget	1	227528
888.9059979263408	1.0	NonTarget	1	227560
889.0309978908936	1.0	NonTarget	1	227592
889.1559978554465	1.0	NonTarget	1	227624
889.2809978199992	1.0	NonTarget	1	227656
889.4059977845521	1.0	NonTarget	1	227688
889.5309977491049	1.0	NonTarget	1	227720
889.6559977136577	1.0	NonTarget	1	227752
889.7809976782106	1.0	NonTarget	1	227784
889.9059976427634	1.0	NonTarget	1	227816
890.0309976073163	1.0	NonTarget	1	227848
890.1559975718691	1.0	NonTarget	1	227880
890.280997536422	1.0	NonTarget	1	227912
890.4059975009748	1.0	NonTarget	1	227944
890.5309974655275	1.0	NonTarget	1	227976
890.6559974300804	1.0	NonTarget	1	228008
890.7809973946332	1.0	NonTarget	1	228040
890.9059973591861	1.0	NonTarget	1	228072
891.0309973237389	1.0	NonTarget	1	228104
891.1559972882918	1.0	NonTarget	1	228136
891.2809972528446	1.0	NonTarget	1	228168
891.4059972173974	1.0	NonTarget	1	228200
891.5309971819503	1.0	NonTarget	1	228232
891.6559971465031	1.0	NonTarget	1	228264
891.780997111056	1.0	NonTarget	1	228296
891.9059970756088	1.0	NonTarget	1	228328
892.0309970401617	1.0	NonTarget	1	228360
892.1559970047144	1.0	NonTarget	1	228392
892.2809969692672	1.0	NonTarget	1	228424
892.4059969338201	1.0	NonTarget	1	228456
892.5309968983729	1.0	NonTarget	1	228488
892.6559968629258	1.0	NonTarget	1	228520
892.7809968274786	1.0	NonTarget	1	228552
892.9059967920315	1.0	NonTarget	1	228584
893.0309967565843	1.0	NonTarget	1	228616
893.1559967211371	1.0	NonTarget	1	228648
893.28099668569	1.0	NonTarget	1	228680
893.4059966502427	1.0	NonTarget	1	228712
893.5309966147956	1.0	NonTarget	1	228744
893.6559965793484	1.0	NonTarget	1	228776
893.7809965439013	1.0	NonTarget	1	228808
893.9059965084541	1.0	NonTarget	1	228840
894.030996473007	1.0	NonTarget	1	228872
894.1559964375598	1.0	NonTarget	1	228904
894.2809964021126	1.0	NonTarget	1	228936
894.4059963666655	1.0	NonTarget	1	228968
894.5309963312183	1.0	NonTarget	1	229000
894.6559962957712	1.0	NonTarget	1	229032
894.780996260324	1.0	NonTarget	1	229064
894.9059962248768	1.0	NonTarget	1	229096
895.0309961894296	1.0	NonTarget	1	229128
895.1559961539824	1.0	NonTarget	1	229160
895.2809961185353	1.0	NonTarget	1	229192
895.4059960830881	1.0	NonTarget	1	229224
895.530996047641	1.0	NonTarget	1	229256
895.6559960121938	1.0	NonTarget	1	229288
895.7809959767467	1.0	NonTarget	1	229320
895.9059959412995	1.0	NonTarget	1	229352
896.0309959058523	1.0	NonTarget	1	229384
896.1559958704051	1.0	NonTarget	1	229416
896.2809958349579	1.0	NonTarget	1	229448
896.4059957995108	1.0	NonTarget	1	229480
896.5309957640636	1.0	NonTarget	1	229512
896.6559957286165	1.0	NonTarget	1	229544
896.7809956931693	1.0	NonTarget	1	229576
896.9059956577221	1.0	NonTarget	1	229608
897.030995622275	1.0	NonTarget	1	229640
897.1559955868278	1.0	NonTarget	1	229672
897.2809955513807	1.0	NonTarget	1	229704
897.4059955159335	1.0	NonTarget	1	229736
897.5309954804864	1.0	NonTarget	1	229768
897.6559954450391	1.0	NonTarget	1	229800
897.7809954095919	1.0	NonTarget	1	229832
897.9059953741448	1.0	NonTarget	1	229864
898.0309953386976	1.0	NonTarget	1	229896
898.1559953032505	1.0	NonTarget	1	229928
898.2809952678033	1.0	NonTarget	1	229960
898.4059952323562	1.0	NonTarget	1	229992
904.530993495445	1.0	NonTarget	1	231560
904.6559934599978	1.0	NonTarget	1	231592
904.7809934245507	1.0	NonTarget	1	231624
904.9059933891035	1.0	NonTarget	1	231656
905.0309933536563	1.0	NonTarget	1	231688
905.1559933182092	1.0	NonTarget	1	231720
905.280993282762	1.0	NonTarget	1	231752
905.4059932473149	1.0	NonTarget	1	231784
905.5309932118677	1.0	NonTarget	1	231816
905.6559931764206	1.0	NonTarget	1	231848
905.7809931409734	1.0	NonTarget	1	231880
905.9059931055261	1.0	NonTarget	1	231912
906.030993070079	1.0	NonTarget	1	231944
906.1559930346318	1.0	NonTarget	1	231976
906.2809929991847	1.0	NonTarget	1	232008
906.4059929637375	1.0	NonTarget	1	232040
906.5309929282904	1.0	NonTarget	1	232072
906.6559928928432	1.0	NonTarget	1	232104
906.780992857396	1.0	NonTarget	1	232136
906.9059928219489	1.0	NonTarget	1	232168
907.0309927865017	1.0	NonTarget	1	232200
907.1559927510546	1.0	NonTarget	1	232232
907.2809927156073	1.0	NonTarget	1	232264
907.4059926801602	1.0	NonTarget	1	232296
907.530992644713	1.0	NonTarget	1	232328
907.6559926092658	1.0	NonTarget	1	232360
907.7809925738187	1.0	NonTarget	1	232392
907.9059925383715	1.0	NonTarget	1	232424
908.0309925029244	1.0	NonTarget	1	232456
908.1559924674772	1.0	NonTarget	1	232488
908.2809924320301	1.0	NonTarget	1	232520
908.4059923965829	1.0	NonTarget	1	232552
908.5309923611356	1.0	NonTarget	1	232584
908.6559923256885	1.0	NonTarget	1	232616
908.7809922902413	1.0	NonTarget	1	232648
908.9059922547942	1.0	NonTarget	1	232680
909.030992219347	1.0	NonTarget	1	232712
909.1559921838999	1.0	NonTarget	1	232744
909.2809921484527	1.0	NonTarget	1	232776
909.4059921130055	1.0	NonTarget	1	232808
909.5309920775584	1.0	NonTarget	1	232840
909.6559920421112	1.0	NonTarget	1	232872
909.7809920066641	1.0	NonTarget	1	232904
909.9059919712168	1.0	NonTarget	1	232936
910.0309919357697	1.0	NonTarget	1	232968
910.1559919003225	1.0	NonTarget	1	233000
910.2809918648753	1.0	NonTarget	1	233032
910.4059918294282	1.0	NonTarget	1	233064
910.530991793981	1.0	NonTarget	1	233096
910.6559917585339	1.0	NonTarget	1	233128
910.7809917230867	1.0	NonTarget	1	233160
910.9059916876396	1.0	NonTarget	1	233192
911.0309916521924	1.0	NonTarget	1	233224
911.1559916167452	1.0	NonTarget	1	233256
911.280991581298	1.0	NonTarget	1	233288
911.4059915458508	1.0	NonTarget	1	233320
911.5309915104037	1.0	NonTarget	1	233352
911.6559914749565	1.0	NonTarget	1	233384
911.7809914395094	1.0	NonTarget	1	233416
911.9059914040622	1.0	NonTarget	1	233448
912.030991368615	1.0	NonTarget	1	233480
912.1559913331679	1.0	NonTarget	1	233512
912.2809912977207	1.0	NonTarget	1	233544
912.4059912622736	1.0	NonTarget	1	233576
912.5309912268264	1.0	NonTarget	1	233608
912.6559911913793	1.0	NonTarget	1	233640
912.780991155932	1.0	NonTarget	1	233672
912.9059911204849	1.0	NonTarget	1	233704
913.0309910850377	1.0	NonTarget	1	233736
913.1559910495905	1.0	NonTarget	1	233768
913.2809910141434	1.0	NonTarget	1	233800
913.4059909786962	1.0	NonTarget	1	233832
913.5309909432491	1.0	NonTarget	1	233864
913.6559909078019	1.0	NonTarget	1	233896
913.7809908723548	1.0	NonTarget	1	233928
913.9059908369076	1.0	NonTarget	1	233960
914.0309908014603	1.0	NonTarget	1	233992
914.1559907660132	1.0	NonTarget	1	234024
914.280990730566	1.0	NonTarget	1	234056
914.4059906951189	1.0	NonTarget	1	234088
914.5309906596717	1.0	NonTarget	1	234120
914.6559906242246	1.0	NonTarget	1	234152
914.7809905887774	1.0	NonTarget	1	234184
914.9059905533302	1.0	NonTarget	1	234216
915.0309905178831	1.0	NonTarget	1	234248
915.1559904824359	1.0	NonTarget	1	234280
915.2809904469888	1.0	NonTarget	1	234312
915.4059904115416	1.0	NonTarget	1	234344
915.5309903760945	1.0	NonTarget	1	234376
915.6559903406472	1.0	NonTarget	1	234408
915.7809903052	1.0	NonTarget	1	234440
915.9059902697529	1.0	NonTarget	1	234472
916.0309902343057	1.0	NonTarget	1	234504
916.1559901988586	1.0	NonTarget	1	234536
916.2809901634114	1.0	NonTarget	1	234568
916.4059901279643	1.0	NonTarget	1	234600
922.5309883910531	1.0	NonTarget	1	236168
922.6559883556059	1.0	NonTarget	1	236200
922.7809883201588	1.0	NonTarget	1	236232
922.9059882847116	1.0	NonTarget	1	236264
923.0309882492644	1.0	NonTarget	1	236296
923.1559882138173	1.0	NonTarget	1	236328
923.2809881783701	1.0	NonTarget	1	236360
923.405988142923	1.0	NonTarget	1	236392
923.5309881074758	1.0	NonTarget	1	236424
923.6559880720287	1.0	NonTarget	1	236456
923.7809880365814	1.0	NonTarget	1	236488
923.9059880011342	1.0	NonTarget	1	236520
924.0309879656871	1.0	NonTarget	1	236552
924.1559879302399	1.0	NonTarget	1	236584
924.2809878947928	1.0	NonTarget	1	236616
924.4059878593456	1.0	NonTarget	1	236648
924.5309878238985	1.0	NonTarget	1	236680
924.6559877884513	1.0	NonTarget	1	236712
924.7809877530041	1.0	NonTarget	1	236744
924.905987717557	1.0	NonTarget	1	236776
925.0309876821098	1.0	NonTarget	1	236808
925.1559876466627	1.0	NonTarget	1	236840
925.2809876112154	1.0	NonTarget	1	236872
925.4059875757683	1.0	NonTarget	1	236904
925.5309875403211	1.0	NonTarget	1	236936
925.6559875048739	1.0	NonTarget	1	236968
925.7809874694268	1.0	NonTarget	1	237000
925.9059874339796	1.0	NonTarget	1	237032
926.0309873985325	1.0	NonTarget	1	237064
926.1559873630853	1.0	NonTarget	1	237096
926.2809873276382	1.0	NonTarget	1	237128
926.405987292191	1.0	NonTarget	1	237160
926.5309872567437	1.0	NonTarget	1	237192
926.6559872212966	1.0	NonTarget	1	237224
926.7809871858494	1.0	NonTarget	1	237256
926.9059871504023	1.0	NonTarget	1	237288
927.0309871149551	1.0	NonTarget	1	237320
927.155987079508	1.0	NonTarget	1	237352
927.2809870440608	1.0	NonTarget	1	237384
927.4059870086136	1.0	NonTarget	1	237416
927.5309869731665	1.0	NonTarget	1	237448
927.6559869377193	1.0	NonTarget	1	237480
927.7809869022722	1.0	NonTarget	1	237512
927.905986866825	1.0	NonTarget	1	237544
928.0309868313778	1.0	NonTarget	1	237576
928.1559867959306	1.0	NonTarget	1	237608
928.2809867604834	1.0	NonTarget	1	237640
928.4059867250363	1.0	NonTarget	1	237672
928.5309866895891	1.0	NonTarget	1	237704
928.655986654142	1.0	NonTarget	1	237736
928.7809866186948	1.0	NonTarget	1	237768
928.9059865832477	1.0	NonTarget	1	237800
929.0309865478005	1.0	NonTarget	1	237832
929.1559865123533	1.0	NonTarget	1	237864
929.2809864769062	1.0	NonTarget	1	237896
929.4059864414589	1.0	NonTarget	1	237928
929.5309864060118	1.0	NonTarget	1	237960
929.6559863705646	1.0	NonTarget	1	237992
929.7809863351175	1.0	NonTarget	1	238024
929.9059862996703	1.0	NonTarget	1	238056
930.0309862642231	1.0	NonTarget	1	238088
930.155986228776	1.0	NonTarget	1	238120
930.2809861933288	1.0	NonTarget	1	238152
930.4059861578817	1.0	NonTarget	1	238184
930.5309861224345	1.0	NonTarget	1	238216
930.6559860869874	1.0	NonTarget	1	238248
930.7809860515401	1.0	NonTarget	1	238280
930.9059860160929	1.0	NonTarget	1	238312
931.0309859806458	1.0	NonTarget	1	238344
931.1559859451986	1.0	NonTarget	1	238376
931.2809859097515	1.0	NonTarget	1	238408
931.4059858743043	1.0	NonTarget	1	238440
931.5309858388572	1.0	NonTarget	1	238472
931.65598580341	1.0	NonTarget	1	238504
931.7809857679629	1.0	NonTarget	1	238536
931.9059857325157	1.0	NonTarget	1	238568
932.0309856970684	1.0	NonTarget	1	238600
932.1559856616213	1.0	NonTarget	1	238632
932.2809856261741	1.0	NonTarget	1	238664
932.405985590727	1.0	NonTarget	1	238696
932.5309855552798	1.0	NonTarget	1	238728
932.6559855198327	1.0	NonTarget	1	238760
932.7809854843855	1.0	NonTarget	1	238792
932.9059854489383	1.0	NonTarget	1	238824
933.0309854134912	1.0	NonTarget	1	238856
933.155985378044	1.0	NonTarget	1	238888
933.2809853425969	1.0	NonTarget	1	238920
933.4059853071496	1.0	NonTarget	1	238952
933.5309852717025	1.0	NonTarget	1	238984
933.6559852362553	1.0	NonTarget	1	239016
933.7809852008081	1.0	NonTarget	1	239048
933.905985165361	1.0	NonTarget	1	239080
934.0309851299138	1.0	NonTarget	1	239112
934.1559850944667	1.0	NonTarget	1	239144
934.2809850590195	1.0	NonTarget	1	239176
934.4059850235724	1.0	NonTarget	1	239208
940.5309832866612	1.0	NonTarget	1	240776
940.655983251214	1.0	NonTarget	1	240808
940.7809832157668	1.0	NonTarget	1	240840
940.9059831803197	1.0	NonTarget	1	240872
941.0309831448725	1.0	NonTarget	1	240904
941.1559831094254	1.0	NonTarget	1	240936
941.2809830739782	1.0	NonTarget	1	240968
941.4059830385311	1.0	NonTarget	1	241000
941.5309830030839	1.0	NonTarget	1	241032
941.6559829676368	1.0	NonTarget	1	241064
941.7809829321895	1.0	NonTarget	1	241096
941.9059828967423	1.0	NonTarget	1	241128
942.0309828612952	1.0	NonTarget	1	241160
942.155982825848	1.0	NonTarget	1	241192
942.2809827904009	1.0	NonTarget	1	241224
942.4059827549537	1.0	NonTarget	1	241256
942.5309827195066	1.0	NonTarget	1	241288
942.6559826840594	1.0	NonTarget	1	241320
942.7809826486122	1.0	NonTarget	1	241352
942.9059826131651	1.0	NonTarget	1	241384
943.0309825777179	1.0	NonTarget	1	241416
943.1559825422707	1.0	NonTarget	1	241448
943.2809825068235	1.0	NonTarget	1	241480
943.4059824713764	1.0	NonTarget	1	241512
943.5309824359292	1.0	NonTarget	1	241544
943.655982400482	1.0	NonTarget	1	241576
943.7809823650349	1.0	NonTarget	1	241608
943.9059823295877	1.0	NonTarget	1	241640
944.0309822941406	1.0	NonTarget	1	241672
944.1559822586934	1.0	NonTarget	1	241704
944.2809822232463	1.0	NonTarget	1	241736
944.405982187799	1.0	NonTarget	1	241768
944.5309821523518	1.0	NonTarget	1	241800
944.6559821169047	1.0	NonTarget	1	241832
944.7809820814575	1.0	NonTarget	1	241864
944.9059820460104	1.0	NonTarget	1	241896
945.0309820105632	1.0	NonTarget	1	241928
945.1559819751161	1.0	NonTarget	1	241960
945.2809819396689	1.0	NonTarget	1	241992
945.4059819042217	1.0	NonTarget	1	242024
945.5309818687746	1.0	NonTarget	1	242056
945.6559818333274	1.0	NonTarget	1	242088
945.7809817978803	1.0	NonTarget	1	242120
945.905981762433	1.0	NonTarget	1	242152
946.0309817269859	1.0	NonTarget	1	242184
946.1559816915387	1.0	NonTarget	1	242216
946.2809816560915	1.0	NonTarget	1	242248
946.4059816206444	1.0	NonTarget	1	242280
946.5309815851972	1.0	NonTarget	1	242312
946.6559815497501	1.0	NonTarget	1	242344
946.7809815143029	1.0	NonTarget	1	242376
946.9059814788558	1.0	NonTarget	1	242408
947.0309814434086	1.0	NonTarget	1	242440
947.1559814079613	1.0	NonTarget	1	242472
947.2809813725142	1.0	NonTarget	1	242504
947.405981337067	1.0	NonTarget	1	242536
947.5309813016199	1.0	NonTarget	1	242568
947.6559812661727	1.0	NonTarget	1	242600
947.7809812307256	1.0	NonTarget	1	242632
947.9059811952784	1.0	NonTarget	1	242664
948.0309811598312	1.0	NonTarget	1	242696
948.1559811243841	1.0	NonTarget	1	242728
948.2809810889369	1.0	NonTarget	1	242760
948.4059810534898	1.0	NonTarget	1	242792
948.5309810180426	1.0	NonTarget	1	242824
948.6559809825955	1.0	NonTarget	1	242856
948.7809809471482	1.0	NonTarget	1	242888
948.905980911701	1.0	NonTarget	1	242920
949.0309808762539	1.0	NonTarget	1	242952
949.1559808408067	1.0	NonTarget	1	242984
949.2809808053596	1.0	NonTarget	1	243016
949.4059807699124	1.0	NonTarget	1	243048
949.5309807344653	1.0	NonTarget	1	243080
949.6559806990181	1.0	NonTarget	1	243112
949.7809806635709	1.0	NonTarget	1	243144
949.9059806281238	1.0	NonTarget	1	243176
950.0309805926765	1.0	NonTarget	1	243208
950.1559805572294	1.0	NonTarget	1	243240
950.2809805217822	1.0	NonTarget	1	243272
950.4059804863351	1.0	NonTarget	1	243304
950.5309804508879	1.0	NonTarget	1	243336
950.6559804154408	1.0	NonTarget	1	243368
950.7809803799936	1.0	NonTarget	1	243400
950.9059803445464	1.0	NonTarget	1	243432
951.0309803090993	1.0	NonTarget	1	243464
951.1559802736521	1.0	NonTarget	1	243496
951.280980238205	1.0	NonTarget	1	243528
951.4059802027577	1.0	NonTarget	1	243560
951.5309801673106	1.0	NonTarget	1	243592
951.6559801318634	1.0	NonTarget	1	243624
951.7809800964162	1.0	NonTarget	1	243656
951.9059800609691	1.0	NonTarget	1	243688
952.0309800255219	1.0	NonTarget	1	243720
952.1559799900748	1.0	NonTarget	1	243752
952.2809799546276	1.0	NonTarget	1	243784
952.4059799191805	1.0	NonTarget	1	243816
958.5309781822693	1.0	NonTarget	1	245384
958.6559781468221	1.0	NonTarget	1	245416
958.7809781113749	1.0	NonTarget	1	245448
958.9059780759278	1.0	NonTarget	1	245480
959.0309780404806	1.0	NonTarget	1	245512
959.1559780050335	1.0	NonTarget	1	245544
959.2809779695863	1.0	NonTarget	1	245576
959.4059779341392	1.0	NonTarget	1	245608
959.530977898692	1.0	NonTarget	1	245640
959.6559778632447	1.0	NonTarget	1	245672
959.7809778277976	1.0	NonTarget	1	245704
959.9059777923504	1.0	NonTarget	1	245736
960.0309777569033	1.0	NonTarget	1	245768
960.1559777214561	1.0	NonTarget	1	245800
960.280977686009	1.0	NonTarget	1	245832
960.4059776505618	1.0	NonTarget	1	245864
960.5309776151147	1.0	NonTarget	1	245896
960.6559775796675	1.0	NonTarget	1	245928
960.7809775442203	1.0	NonTarget	1	245960
960.9059775087732	1.0	NonTarget	1	245992
961.030977473326	1.0	NonTarget	1	246024
961.1559774378788	1.0	NonTarget	1	246056
961.2809774024316	1.0	NonTarget	1	246088
961.4059773669845	1.0	NonTarget	1	246120
961.5309773315373	1.0	NonTarget	1	246152
961.6559772960901	1.0	NonTarget	1	246184
961.780977260643	1.0	NonTarget	1	246216
961.9059772251958	1.0	NonTarget	1	246248
962.0309771897487	1.0	NonTarget	1	246280
962.1559771543015	1.0	NonTarget	1	246312
962.2809771188544	1.0	NonTarget	1	246344
962.4059770834072	1.0	NonTarget	1	246376
962.5309770479599	1.0	NonTarget	1	246408
962.6559770125128	1.0	NonTarget	1	246440
962.7809769770656	1.0	NonTarget	1	246472
962.9059769416185	1.0	NonTarget	1	246504
963.0309769061713	1.0	NonTarget	1	246536
963.1559768707242	1.0	NonTarget	1	246568
963.280976835277	1.0	NonTarget	1	246600
963.4059767998298	1.0	NonTarget	1	246632
963.5309767643827	1.0	NonTarget	1	246664
963.6559767289355	1.0	NonTarget	1	246696
963.7809766934884	1.0	NonTarget	1	246728
963.9059766580411	1.0	NonTarget	1	246760
964.030976622594	1.0	NonTarget	1	246792
964.1559765871468	1.0	NonTarget	1	246824
964.2809765516996	1.0	NonTarget	1	246856
964.4059765162525	1.0	NonTarget	1	246888
964.5309764808053	1.0	NonTarget	1	246920
964.6559764453582	1.0	NonTarget	1	246952
964.780976409911	1.0	NonTarget	1	246984
964.9059763744639	1.0	NonTarget	1	247016
965.0309763390167	1.0	NonTarget	1	247048
965.1559763035694	1.0	NonTarget	1	247080
965.2809762681223	1.0	NonTarget	1	247112
965.4059762326751	1.0	NonTarget	1	247144
965.530976197228	1.0	NonTarget	1	247176
965.6559761617808	1.0	NonTarget	1	247208
965.7809761263337	1.0	NonTarget	1	247240
965.9059760908865	1.0	NonTarget	1	247272
966.0309760554393	1.0	NonTarget	1	247304
966.1559760199922	1.0	NonTarget	1	247336
966.280975984545	1.0	NonTarget	1	247368
966.4059759490979	1.0	NonTarget	1	247400
966.5309759136506	1.0	NonTarget	1	247432
966.6559758782035	1.0	NonTarget	1	247464
966.7809758427563	1.0	NonTarget	1	247496
966.9059758073091	1.0	NonTarget	1	247528
967.030975771862	1.0	NonTarget	1	247560
967.1559757364148	1.0	NonTarget	1	247592
967.2809757009677	1.0	NonTarget	1	247624
967.4059756655205	1.0	NonTarget	1	247656
967.5309756300734	1.0	NonTarget	1	247688
967.6559755946262	1.0	NonTarget	1	247720
967.780975559179	1.0	NonTarget	1	247752
967.9059755237319	1.0	NonTarget	1	247784
968.0309754882846	1.0	NonTarget	1	247816
968.1559754528375	1.0	NonTarget	1	247848
968.2809754173903	1.0	NonTarget	1	247880
968.4059753819432	1.0	NonTarget	1	247912
968.530975346496	1.0	NonTarget	1	247944
968.6559753110488	1.0	NonTarget	1	247976
968.7809752756017	1.0	NonTarget	1	248008
968.9059752401545	1.0	NonTarget	1	248040
969.0309752047074	1.0	NonTarget	1	248072
969.1559751692602	1.0	NonTarget	1	248104
969.2809751338131	1.0	NonTarget	1	248136
969.4059750983658	1.0	NonTarget	1	248168
969.5309750629187	1.0	NonTarget	1	248200
969.6559750274715	1.0	NonTarget	1	248232
969.7809749920243	1.0	NonTarget	1	248264
969.9059749565772	1.0	NonTarget	1	248296
970.03097492113	1.0	NonTarget	1	248328
970.1559748856829	1.0	NonTarget	1	248360
970.2809748502357	1.0	NonTarget	1	248392
970.4059748147886	1.0	NonTarget	1	248424
976.5309730778774	1.0	NonTarget	1	249992
976.6559730424302	1.0	NonTarget	1	250024
976.780973006983	1.0	NonTarget	1	250056
976.9059729715359	1.0	NonTarget	1	250088
977.0309729360887	1.0	NonTarget	1	250120
977.1559729006416	1.0	NonTarget	1	250152
977.2809728651944	1.0	NonTarget	1	250184
977.4059728297473	1.0	NonTarget	1	250216
977.5309727943	1.0	NonTarget	1	250248
977.6559727588528	1.0	NonTarget	1	250280
977.7809727234057	1.0	NonTarget	1	250312
977.9059726879585	1.0	NonTarget	1	250344
978.0309726525114	1.0	NonTarget	1	250376
978.1559726170642	1.0	NonTarget	1	250408
978.2809725816171	1.0	NonTarget	1	250440
978.4059725461699	1.0	NonTarget	1	250472
978.5309725107227	1.0	NonTarget	1	250504
978.6559724752756	1.0	NonTarget	1	250536
978.7809724398284	1.0	NonTarget	1	250568
978.9059724043813	1.0	NonTarget	1	250600
979.030972368934	1.0	NonTarget	1	250632
979.155972333487	1.0	NonTarget	1	250664
979.2809722980397	1.0	NonTarget	1	250696
979.4059722625926	1.0	NonTarget	1	250728
979.5309722271454	1.0	NonTarget	1	250760
979.6559721916982	1.0	NonTarget	1	250792
979.7809721562511	1.0	NonTarget	1	250824
979.9059721208039	1.0	NonTarget	1	250856
980.0309720853568	1.0	NonTarget	1	250888
980.1559720499096	1.0	NonTarget	1	250920
980.2809720144625	1.0	NonTarget	1	250952
980.4059719790152	1.0	NonTarget	1	250984
980.530971943568	1.0	NonTarget	1	251016
980.6559719081209	1.0	NonTarget	1	251048
980.7809718726737	1.0	NonTarget	1	251080
980.9059718372266	1.0	NonTarget	1	251112
981.0309718017794	1.0	NonTarget	1	251144
981.1559717663323	1.0	NonTarget	1	251176
981.2809717308851	1.0	NonTarget	1	251208
981.4059716954379	1.0	NonTarget	1	251240
981.5309716599908	1.0	NonTarget	1	251272
981.6559716245436	1.0	NonTarget	1	251304
981.7809715890965	1.0	NonTarget	1	251336
981.9059715536492	1.0	NonTarget	1	251368
982.0309715182021	1.0	NonTarget	1	251400
982.1559714827549	1.0	NonTarget	1	251432
982.2809714473077	1.0	NonTarget	1	251464
982.4059714118606	1.0	NonTarget	1	251496
982.5309713764134	1.0	NonTarget	1	251528
982.6559713409663	1.0	NonTarget	1	251560
982.7809713055191	1.0	NonTarget	1	251592
982.905971270072	1.0	NonTarget	1	251624
983.0309712346248	1.0	NonTarget	1	251656
983.1559711991775	1.0	NonTarget	1	251688
983.2809711637304	1.0	NonTarget	1	251720
983.4059711282832	1.0	NonTarget	1	251752
983.5309710928361	1.0	NonTarget	1	251784
983.6559710573889	1.0	NonTarget	1	251816
983.7809710219418	1.0	NonTarget	1	251848
983.9059709864946	1.0	NonTarget	1	251880
984.0309709510474	1.0	NonTarget	1	251912
984.1559709156003	1.0	NonTarget	1	251944
984.2809708801531	1.0	NonTarget	1	251976
984.405970844706	1.0	NonTarget	1	252008
984.5309708092587	1.0	NonTarget	1	252040
984.6559707738116	1.0	NonTarget	1	252072
984.7809707383644	1.0	NonTarget	1	252104
984.9059707029172	1.0	NonTarget	1	252136
985.0309706674701	1.0	NonTarget	1	252168
985.1559706320229	1.0	NonTarget	1	252200
985.2809705965758	1.0	NonTarget	1	252232
985.4059705611286	1.0	NonTarget	1	252264
985.5309705256815	1.0	NonTarget	1	252296
985.6559704902343	1.0	NonTarget	1	252328
985.780970454787	1.0	NonTarget	1	252360
985.90597041934	1.0	NonTarget	1	252392
986.0309703838927	1.0	NonTarget	1	252424
986.1559703484456	1.0	NonTarget	1	252456
986.2809703129984	1.0	NonTarget	1	252488
986.4059702775513	1.0	NonTarget	1	252520
986.5309702421041	1.0	NonTarget	1	252552
986.6559702066569	1.0	NonTarget	1	252584
986.7809701712098	1.0	NonTarget	1	252616
986.9059701357626	1.0	NonTarget	1	252648
987.0309701003155	1.0	NonTarget	1	252680
987.1559700648683	1.0	NonTarget	1	252712
987.2809700294212	1.0	NonTarget	1	252744
987.4059699939739	1.0	NonTarget	1	252776
987.5309699585267	1.0	NonTarget	1	252808
987.6559699230796	1.0	NonTarget	1	252840
987.7809698876324	1.0	NonTarget	1	252872
987.9059698521853	1.0	NonTarget	1	252904
988.0309698167381	1.0	NonTarget	1	252936
988.155969781291	1.0	NonTarget	1	252968
988.2809697458438	1.0	NonTarget	1	253000
988.4059697103967	1.0	NonTarget	1	253032
994.5309679734855	1.0	NonTarget	1	254600
994.6559679380383	1.0	NonTarget	1	254632
994.7809679025911	1.0	NonTarget	1	254664
994.905967867144	1.0	NonTarget	1	254696
995.0309678316968	1.0	NonTarget	1	254728
995.1559677962497	1.0	NonTarget	1	254760
995.2809677608025	1.0	NonTarget	1	254792
995.4059677253554	1.0	NonTarget	1	254824
995.5309676899082	1.0	NonTarget	1	254856
995.6559676544609	1.0	NonTarget	1	254888
995.7809676190138	1.0	NonTarget	1	254920
995.9059675835666	1.0	NonTarget	1	254952
996.0309675481195	1.0	NonTarget	1	254984
996.1559675126723	1.0	NonTarget	1	255016
996.2809674772252	1.0	NonTarget	1	255048
996.405967441778	1.0	NonTarget	1	255080
996.5309674063308	1.0	NonTarget	1	255112
996.6559673708837	1.0	NonTarget	1	255144
996.7809673354365	1.0	NonTarget	1	255176
996.9059672999894	1.0	NonTarget	1	255208
997.0309672645421	1.0	NonTarget	1	255240
997.155967229095	1.0	NonTarget	1	255272
997.2809671936478	1.0	NonTarget	1	255304
997.4059671582006	1.0	NonTarget	1	255336
997.5309671227535	1.0	NonTarget	1	255368
997.6559670873063	1.0	NonTarget	1	255400
997.7809670518592	1.0	NonTarget	1	255432
997.905967016412	1.0	NonTarget	1	255464
998.0309669809649	1.0	NonTarget	1	255496
998.1559669455177	1.0	NonTarget	1	255528
998.2809669100706	1.0	NonTarget	1	255560
998.4059668746233	1.0	NonTarget	1	255592
998.5309668391761	1.0	NonTarget	1	255624
998.655966803729	1.0	NonTarget	1	255656
998.7809667682818	1.0	NonTarget	1	255688
998.9059667328347	1.0	NonTarget	1	255720
999.0309666973875	1.0	NonTarget	1	255752
999.1559666619404	1.0	NonTarget	1	255784
999.2809666264932	1.0	NonTarget	1	255816
999.405966591046	1.0	NonTarget	1	255848
999.5309665555989	1.0	NonTarget	1	255880
999.6559665201517	1.0	NonTarget	1	255912
999.7809664847045	1.0	NonTarget	1	255944
999.9059664492573	1.0	NonTarget	1	255976
1000.0309664138102	1.0	NonTarget	1	256008
1000.155966378363	1.0	NonTarget	1	256040
1000.2809663429158	1.0	NonTarget	1	256072
1000.4059663074687	1.0	NonTarget	1	256104
1000.5309662720215	1.0	NonTarget	1	256136
1000.6559662365744	1.0	NonTarget	1	256168
1000.7809662011272	1.0	NonTarget	1	256200
1000.9059661656801	1.0	NonTarget	1	256232
1001.0309661302329	1.0	NonTarget	1	256264
1001.1559660947856	1.0	NonTarget	1	256296
1001.2809660593385	1.0	NonTarget	1	256328
1001.4059660238913	1.0	NonTarget	1	256360
1001.5309659884442	1.0	NonTarget	1	256392
1001.655965952997	1.0	NonTarget	1	256424
1001.7809659175499	1.0	NonTarget	1	256456
1001.9059658821027	1.0	NonTarget	1	256488
1002.0309658466555	1.0	NonTarget	1	256520
1002.1559658112084	1.0	NonTarget	1	256552
1002.2809657757612	1.0	NonTarget	1	256584
1002.4059657403141	1.0	NonTarget	1	256616
1002.5309657048668	1.0	NonTarget	1	256648
1002.6559656694197	1.0	NonTarget	1	256680
1002.7809656339725	1.0	NonTarget	1	256712
1002.9059655985253	1.0	NonTarget	1	256744
1003.0309655630782	1.0	NonTarget	1	256776
1003.155965527631	1.0	NonTarget	1	256808
1003.2809654921839	1.0	NonTarget	1	256840
1003.4059654567367	1.0	NonTarget	1	256872
1003.5309654212896	1.0	NonTarget	1	256904
1003.6559653858424	1.0	NonTarget	1	256936
1003.7809653503951	1.0	NonTarget	1	256968
1003.905965314948	1.0	NonTarget	1	257000
1004.0309652795008	1.0	NonTarget	1	257032
1004.1559652440537	1.0	NonTarget	1	257064
1004.2809652086065	1.0	NonTarget	1	257096
1004.4059651731594	1.0	NonTarget	1	257128
1004.5309651377122	1.0	NonTarget	1	257160
1004.655965102265	1.0	NonTarget	1	257192
1004.7809650668179	1.0	NonTarget	1	257224
1004.9059650313707	1.0	NonTarget	1	257256
1005.0309649959236	1.0	NonTarget	1	257288
1005.1559649604764	1.0	NonTarget	1	257320
1005.2809649250293	1.0	NonTarget	1	257352
1005.405964889582	1.0	NonTarget	1	257384
1005.5309648541348	1.0	NonTarget	1	257416
1005.6559648186877	1.0	NonTarget	1	257448
1005.7809647832405	1.0	NonTarget	1	257480
1005.9059647477934	1.0	NonTarget	1	257512
1006.0309647123462	1.0	NonTarget	1	257544
1006.1559646768991	1.0	NonTarget	1	257576
1006.2809646414519	1.0	NonTarget	1	257608
1006.4059646060047	1.0	NonTarget	1	257640
1012.5309628690936	1.0	NonTarget	1	259208
1012.6559628336464	1.0	NonTarget	1	259240
1012.7809627981992	1.0	NonTarget	1	259272
1012.9059627627521	1.0	NonTarget	1	259304
1013.0309627273049	1.0	NonTarget	1	259336
1013.1559626918578	1.0	NonTarget	1	259368
1013.2809626564106	1.0	NonTarget	1	259400
1013.4059626209635	1.0	NonTarget	1	259432
1013.5309625855162	1.0	NonTarget	1	259464
1013.655962550069	1.0	NonTarget	1	259496
1013.7809625146219	1.0	NonTarget	1	259528
1013.9059624791747	1.0	NonTarget	1	259560
1014.0309624437276	1.0	NonTarget	1	259592
1014.1559624082804	1.0	NonTarget	1	259624
1014.2809623728333	1.0	NonTarget	1	259656
1014.4059623373861	1.0	NonTarget	1	259688
1014.5309623019389	1.0	NonTarget	1	259720
1014.6559622664918	1.0	NonTarget	1	259752
1014.7809622310446	1.0	NonTarget	1	259784
1014.9059621955975	1.0	NonTarget	1	259816
1015.0309621601502	1.0	NonTarget	1	259848
1015.1559621247031	1.0	NonTarget	1	259880
1015.2809620892559	1.0	NonTarget	1	259912
1015.4059620538087	1.0	NonTarget	1	259944
1015.5309620183616	1.0	NonTarget	1	259976
1015.6559619829144	1.0	NonTarget	1	260008
1015.7809619474673	1.0	NonTarget	1	260040
1015.9059619120201	1.0	NonTarget	1	260072
1016.030961876573	1.0	NonTarget	1	260104
1016.1559618411258	1.0	NonTarget	1	260136
1016.2809618056785	1.0	NonTarget	1	260168
1016.4059617702314	1.0	NonTarget	1	260200
1016.5309617347842	1.0	NonTarget	1	260232
1016.6559616993371	1.0	NonTarget	1	260264
1016.7809616638899	1.0	NonTarget	1	260296
1016.9059616284428	1.0	NonTarget	1	260328
1017.0309615929956	1.0	NonTarget	1	260360
1017.1559615575485	1.0	NonTarget	1	260392
1017.2809615221013	1.0	NonTarget	1	260424
1017.4059614866541	1.0	NonTarget	1	260456
1017.530961451207	1.0	NonTarget	1	260488
1017.6559614157597	1.0	NonTarget	1	260520
1017.7809613803126	1.0	NonTarget	1	260552
1017.9059613448654	1.0	NonTarget	1	260584
1018.0309613094183	1.0	NonTarget	1	260616
1018.1559612739711	1.0	NonTarget	1	260648
1018.2809612385239	1.0	NonTarget	1	260680
1018.4059612030768	1.0	NonTarget	1	260712
1018.5309611676296	1.0	NonTarget	1	260744
1018.6559611321825	1.0	NonTarget	1	260776
1018.7809610967353	1.0	NonTarget	1	260808
1018.9059610612882	1.0	NonTarget	1	260840
1019.030961025841	1.0	NonTarget	1	260872
1019.1559609903937	1.0	NonTarget	1	260904
1019.2809609549466	1.0	NonTarget	1	260936
1019.4059609194994	1.0	NonTarget	1	260968
1019.5309608840523	1.0	NonTarget	1	261000
1019.6559608486051	1.0	NonTarget	1	261032
1019.780960813158	1.0	NonTarget	1	261064
1019.9059607777108	1.0	NonTarget	1	261096
1020.0309607422636	1.0	NonTarget	1	261128
1020.1559607068165	1.0	NonTarget	1	261160
1020.2809606713693	1.0	NonTarget	1	261192
1020.4059606359222	1.0	NonTarget	1	261224
1020.5309606004749	1.0	NonTarget	1	261256
1020.6559605650278	1.0	NonTarget	1	261288
1020.7809605295806	1.0	NonTarget	1	261320
1020.9059604941334	1.0	NonTarget	1	261352
1021.0309604586863	1.0	NonTarget	1	261384
1021.1559604232391	1.0	NonTarget	1	261416
1021.280960387792	1.0	NonTarget	1	261448
1021.4059603523448	1.0	NonTarget	1	261480
1021.5309603168977	1.0	NonTarget	1	261512
1021.6559602814505	1.0	NonTarget	1	261544
1021.7809602460032	1.0	NonTarget	1	261576
1021.9059602105561	1.0	NonTarget	1	261608
1022.0309601751089	1.0	NonTarget	1	261640
1022.1559601396618	1.0	NonTarget	1	261672
1022.2809601042146	1.0	NonTarget	1	261704
1022.4059600687675	1.0	NonTarget	1	261736
1022.5309600333203	1.0	NonTarget	1	261768
1022.6559599978731	1.0	NonTarget	1	261800
1022.780959962426	1.0	NonTarget	1	261832
1022.9059599269788	1.0	NonTarget	1	261864
1023.0309598915317	1.0	NonTarget	1	261896
1023.1559598560845	1.0	NonTarget	1	261928
1023.2809598206373	1.0	NonTarget	1	261960
1023.4059597851901	1.0	NonTarget	1	261992
1023.5309597497429	1.0	NonTarget	1	262024
1023.6559597142958	1.0	NonTarget	1	262056
1023.7809596788486	1.0	NonTarget	1	262088
1023.9059596434015	1.0	NonTarget	1	262120
1024.0309596079544	1.0	NonTarget	1	262152
1024.155959572507	1.0	NonTarget	1	262184
1024.28095953706	1.0	NonTarget	1	262216
1024.4059595016129	1.0	NonTarget	1	262248
1030.5309577647017	1.0	NonTarget	1	263816
1030.6559577292544	1.0	NonTarget	1	263848
1030.7809576938073	1.0	NonTarget	1	263880
1030.9059576583602	1.0	NonTarget	1	263912
1031.030957622913	1.0	NonTarget	1	263944
1031.1559575874658	1.0	NonTarget	1	263976
1031.2809575520187	1.0	NonTarget	1	264008
1031.4059575165716	1.0	NonTarget	1	264040
1031.5309574811245	1.0	NonTarget	1	264072
1031.6559574456771	1.0	NonTarget	1	264104
1031.78095741023	1.0	NonTarget	1	264136
1031.905957374783	1.0	NonTarget	1	264168
1032.0309573393356	1.0	NonTarget	1	264200
1032.1559573038885	1.0	NonTarget	1	264232
1032.2809572684414	1.0	NonTarget	1	264264
1032.4059572329943	1.0	NonTarget	1	264296
1032.530957197547	1.0	NonTarget	1	264328
1032.6559571620999	1.0	NonTarget	1	264360
1032.7809571266528	1.0	NonTarget	1	264392
1032.9059570912054	1.0	NonTarget	1	264424
1033.0309570557583	1.0	NonTarget	1	264456
1033.1559570203112	1.0	NonTarget	1	264488
1033.2809569848641	1.0	NonTarget	1	264520
1033.4059569494168	1.0	NonTarget	1	264552
1033.5309569139697	1.0	NonTarget	1	264584
1033.6559568785226	1.0	NonTarget	1	264616
1033.7809568430753	1.0	NonTarget	1	264648
1033.9059568076282	1.0	NonTarget	1	264680
1034.030956772181	1.0	NonTarget	1	264712
1034.155956736734	1.0	NonTarget	1	264744
1034.2809567012866	1.0	NonTarget	1	264776
1034.4059566658395	1.0	NonTarget	1	264808
1034.5309566303924	1.0	NonTarget	1	264840
1034.655956594945	1.0	NonTarget	1	264872
1034.780956559498	1.0	NonTarget	1	264904
1034.905956524051	1.0	NonTarget	1	264936
1035.0309564886038	1.0	NonTarget	1	264968
1035.1559564531565	1.0	NonTarget	1	265000
1035.2809564177094	1.0	NonTarget	1	265032
1035.4059563822623	1.0	NonTarget	1	265064
1035.530956346815	1.0	NonTarget	1	265096
1035.6559563113678	1.0	NonTarget	1	265128
1035.7809562759207	1.0	NonTarget	1	265160
1035.9059562404736	1.0	NonTarget	1	265192
1036.0309562050263	1.0	NonTarget	1	265224
1036.1559561695792	1.0	NonTarget	1	265256
1036.280956134132	1.0	NonTarget	1	265288
1036.4059560986848	1.0	NonTarget	1	265320
1036.5309560632377	1.0	NonTarget	1	265352
1036.6559560277906	1.0	NonTarget	1	265384
1036.7809559923435	1.0	NonTarget	1	265416
1036.9059559568962	1.0	NonTarget	1	265448
1037.030955921449	1.0	NonTarget	1	265480
1037.155955886002	1.0	NonTarget	1	265512
1037.2809558505546	1.0	NonTarget	1	265544
1037.4059558151075	1.0	NonTarget	1	265576
1037.5309557796604	1.0	NonTarget	1	265608
1037.6559557442133	1.0	NonTarget	1	265640
1037.780955708766	1.0	NonTarget	1	265672
1037.9059556733189	1.0	NonTarget	1	265704
1038.0309556378718	1.0	NonTarget	1	265736
1038.1559556024245	1.0	NonTarget	1	265768
1038.2809555669774	1.0	NonTarget	1	265800
1038.4059555315303	1.0	NonTarget	1	265832
1038.5309554960832	1.0	NonTarget	1	265864
1038.6559554606358	1.0	NonTarget	1	265896
1038.7809554251887	1.0	NonTarget	1	265928
1038.9059553897416	1.0	NonTarget	1	265960
1039.0309553542943	1.0	NonTarget	1	265992
1039.1559553188472	1.0	NonTarget	1	266024
1039.2809552834	1.0	NonTarget	1	266056
1039.405955247953	1.0	NonTarget	1	266088
1039.5309552125057	1.0	NonTarget	1	266120
1039.6559551770586	1.0	NonTarget	1	266152
1039.7809551416115	1.0	NonTarget	1	266184
1039.9059551061641	1.0	NonTarget	1	266216
1040.030955070717	1.0	NonTarget	1	266248
1040.15595503527	1.0	NonTarget	1	266280
1040.2809549998228	1.0	NonTarget	1	266312
1040.4059549643755	1.0	NonTarget	1	266344
1040.5309549289284	1.0	NonTarget	1	266376
1040.6559548934813	1.0	NonTarget	1	266408
1040.780954858034	1.0	NonTarget	1	266440
1040.9059548225869	1.0	NonTarget	1	266472
1041.0309547871398	1.0	NonTarget	1	266504
1041.1559547516927	1.0	NonTarget	1	266536
1041.2809547162453	1.0	NonTarget	1	266568
1041.4059546807982	1.0	NonTarget	1	266600
1041.5309546453511	1.0	NonTarget	1	266632
1041.6559546099038	1.0	NonTarget	1	266664
1041.7809545744567	1.0	NonTarget	1	266696
1041.9059545390096	1.0	NonTarget	1	266728
1042.0309545035625	1.0	NonTarget	1	266760
1042.1559544681152	1.0	NonTarget	1	266792
1042.280954432668	1.0	NonTarget	1	266824
1042.405954397221	1.0	NonTarget	1	266856
1048.5309526603098	1.0	NonTarget	1	268424
1048.6559526248625	1.0	NonTarget	1	268456
1048.7809525894154	1.0	NonTarget	1	268488
1048.9059525539683	1.0	NonTarget	1	268520
1049.0309525185212	1.0	NonTarget	1	268552
1049.1559524830739	1.0	NonTarget	1	268584
1049.2809524476268	1.0	NonTarget	1	268616
1049.4059524121797	1.0	NonTarget	1	268648
1049.5309523767323	1.0	NonTarget	1	268680
1049.6559523412852	1.0	NonTarget	1	268712
1049.7809523058381	1.0	NonTarget	1	268744
1049.905952270391	1.0	NonTarget	1	268776
1050.0309522349437	1.0	NonTarget	1	268808
1050.1559521994966	1.0	NonTarget	1	268840
1050.2809521640495	1.0	NonTarget	1	268872
1050.4059521286024	1.0	NonTarget	1	268904
1050.530952093155	1.0	NonTarget	1	268936
1050.655952057708	1.0	NonTarget	1	268968
1050.7809520222609	1.0	NonTarget	1	269000
1050.9059519868135	1.0	NonTarget	1	269032
1051.0309519513664	1.0	NonTarget	1	269064
1051.1559519159193	1.0	NonTarget	1	269096
1051.2809518804722	1.0	NonTarget	1	269128
1051.405951845025	1.0	NonTarget	1	269160
1051.5309518095778	1.0	NonTarget	1	269192
1051.6559517741307	1.0	NonTarget	1	269224
1051.7809517386834	1.0	NonTarget	1	269256
1051.9059517032363	1.0	NonTarget	1	269288
1052.0309516677892	1.0	NonTarget	1	269320
1052.155951632342	1.0	NonTarget	1	269352
1052.2809515968947	1.0	NonTarget	1	269384
1052.4059515614476	1.0	NonTarget	1	269416
1052.5309515260005	1.0	NonTarget	1	269448
1052.6559514905532	1.0	NonTarget	1	269480
1052.780951455106	1.0	NonTarget	1	269512
1052.905951419659	1.0	NonTarget	1	269544
1053.030951384212	1.0	NonTarget	1	269576
1053.1559513487646	1.0	NonTarget	1	269608
1053.2809513133175	1.0	NonTarget	1	269640
1053.4059512778704	1.0	NonTarget	1	269672
1053.530951242423	1.0	NonTarget	1	269704
1053.655951206976	1.0	NonTarget	1	269736
1053.7809511715288	1.0	NonTarget	1	269768
1053.9059511360817	1.0	NonTarget	1	269800
1054.0309511006344	1.0	NonTarget	1	269832
1054.1559510651873	1.0	NonTarget	1	269864
1054.2809510297402	1.0	NonTarget	1	269896
1054.4059509942929	1.0	NonTarget	1	269928
1054.5309509588458	1.0	NonTarget	1	269960
1054.6559509233987	1.0	NonTarget	1	269992
1054.7809508879516	1.0	NonTarget	1	270024
1054.9059508525042	1.0	NonTarget	1	270056
1055.0309508170571	1.0	NonTarget	1	270088
1055.15595078161	1.0	NonTarget	1	270120
1055.2809507461627	1.0	NonTarget	1	270152
1055.4059507107156	1.0	NonTarget	1	270184
1055.5309506752685	1.0	NonTarget	1	270216
1055.6559506398214	1.0	NonTarget	1	270248
1055.780950604374	1.0	NonTarget	1	270280
1055.905950568927	1.0	NonTarget	1	270312
1056.0309505334799	1.0	NonTarget	1	270344
1056.1559504980326	1.0	NonTarget	1	270376
1056.2809504625855	1.0	NonTarget	1	270408
1056.4059504271384	1.0	NonTarget	1	270440
1056.5309503916912	1.0	NonTarget	1	270472
1056.655950356244	1.0	NonTarget	1	270504
1056.7809503207968	1.0	NonTarget	1	270536
1056.9059502853497	1.0	NonTarget	1	270568
1057.0309502499024	1.0	NonTarget	1	270600
1057.1559502144553	1.0	NonTarget	1	270632
1057.2809501790082	1.0	NonTarget	1	270664
1057.405950143561	1.0	NonTarget	1	270696
1057.5309501081138	1.0	NonTarget	1	270728
1057.6559500726667	1.0	NonTarget	1	270760
1057.7809500372196	1.0	NonTarget	1	270792
1057.9059500017722	1.0	NonTarget	1	270824
1058.0309499663251	1.0	NonTarget	1	270856
1058.155949930878	1.0	NonTarget	1	270888
1058.280949895431	1.0	NonTarget	1	270920
1058.4059498599836	1.0	NonTarget	1	270952
1058.5309498245365	1.0	NonTarget	1	270984
1058.6559497890894	1.0	NonTarget	1	271016
1058.780949753642	1.0	NonTarget	1	271048
1058.905949718195	1.0	NonTarget	1	271080
1059.0309496827479	1.0	NonTarget	1	271112
1059.1559496473008	1.0	NonTarget	1	271144
1059.2809496118534	1.0	NonTarget	1	271176
1059.4059495764063	1.0	NonTarget	1	271208
1059.5309495409592	1.0	NonTarget	1	271240
1059.655949505512	1.0	NonTarget	1	271272
1059.7809494700648	1.0	NonTarget	1	271304
1059.9059494346177	1.0	NonTarget	1	271336
1060.0309493991706	1.0	NonTarget	1	271368
1060.1559493637233	1.0	NonTarget	1	271400
1060.2809493282762	1.0	NonTarget	1	271432
1060.405949292829	1.0	NonTarget	1	271464
1066.530947555918	1.0	NonTarget	1	273032
1066.6559475204706	1.0	NonTarget	1	273064
1066.7809474850235	1.0	NonTarget	1	273096
1066.9059474495764	1.0	NonTarget	1	273128
1067.0309474141293	1.0	NonTarget	1	273160
1067.155947378682	1.0	NonTarget	1	273192
1067.2809473432349	1.0	NonTarget	1	273224
1067.4059473077878	1.0	NonTarget	1	273256
1067.5309472723404	1.0	NonTarget	1	273288
1067.6559472368933	1.0	NonTarget	1	273320
1067.7809472014462	1.0	NonTarget	1	273352
1067.9059471659991	1.0	NonTarget	1	273384
1068.0309471305518	1.0	NonTarget	1	273416
1068.1559470951047	1.0	NonTarget	1	273448
1068.2809470596576	1.0	NonTarget	1	273480
1068.4059470242103	1.0	NonTarget	1	273512
1068.5309469887632	1.0	NonTarget	1	273544
1068.655946953316	1.0	NonTarget	1	273576
1068.780946917869	1.0	NonTarget	1	273608
1068.9059468824216	1.0	NonTarget	1	273640
1069.0309468469745	1.0	NonTarget	1	273672
1069.1559468115274	1.0	NonTarget	1	273704
1069.2809467760803	1.0	NonTarget	1	273736
1069.405946740633	1.0	NonTarget	1	273768
1069.530946705186	1.0	NonTarget	1	273800
1069.6559466697388	1.0	NonTarget	1	273832
1069.7809466342915	1.0	NonTarget	1	273864
1069.9059465988444	1.0	NonTarget	1	273896
1070.0309465633973	1.0	NonTarget	1	273928
1070.1559465279502	1.0	NonTarget	1	273960
1070.2809464925028	1.0	NonTarget	1	273992
1070.4059464570557	1.0	NonTarget	1	274024
1070.5309464216086	1.0	NonTarget	1	274056
1070.6559463861613	1.0	NonTarget	1	274088
1070.7809463507142	1.0	NonTarget	1	274120
1070.905946315267	1.0	NonTarget	1	274152
1071.03094627982	1.0	NonTarget	1	274184
1071.1559462443727	1.0	NonTarget	1	274216
1071.2809462089256	1.0	NonTarget	1	274248
1071.4059461734785	1.0	NonTarget	1	274280
1071.5309461380311	1.0	NonTarget	1	274312
1071.655946102584	1.0	NonTarget	1	274344
1071.780946067137	1.0	NonTarget	1	274376
1071.9059460316898	1.0	NonTarget	1	274408
1072.0309459962425	1.0	NonTarget	1	274440
1072.1559459607954	1.0	NonTarget	1	274472
1072.2809459253483	1.0	NonTarget	1	274504
1072.405945889901	1.0	NonTarget	1	274536
1072.5309458544539	1.0	NonTarget	1	274568
1072.6559458190068	1.0	NonTarget	1	274600
1072.7809457835597	1.0	NonTarget	1	274632
1072.9059457481123	1.0	NonTarget	1	274664
1073.0309457126652	1.0	NonTarget	1	274696
1073.1559456772181	1.0	NonTarget	1	274728
1073.2809456417708	1.0	NonTarget	1	274760
1073.4059456063237	1.0	NonTarget	1	274792
1073.5309455708766	1.0	NonTarget	1	274824
1073.6559455354295	1.0	NonTarget	1	274856
1073.7809454999822	1.0	NonTarget	1	274888
1073.905945464535	1.0	NonTarget	1	274920
1074.030945429088	1.0	NonTarget	1	274952
1074.1559453936406	1.0	NonTarget	1	274984
1074.2809453581935	1.0	NonTarget	1	275016
1074.4059453227464	1.0	NonTarget	1	275048
1074.5309452872993	1.0	NonTarget	1	275080
1074.655945251852	1.0	NonTarget	1	275112
1074.780945216405	1.0	NonTarget	1	275144
1074.9059451809578	1.0	NonTarget	1	275176
1075.0309451455105	1.0	NonTarget	1	275208
1075.1559451100634	1.0	NonTarget	1	275240
1075.2809450746163	1.0	NonTarget	1	275272
1075.4059450391692	1.0	NonTarget	1	275304
1075.5309450037219	1.0	NonTarget	1	275336
1075.6559449682748	1.0	NonTarget	1	275368
1075.7809449328277	1.0	NonTarget	1	275400
1075.9059448973803	1.0	NonTarget	1	275432
1076.0309448619332	1.0	NonTarget	1	275464
1076.1559448264861	1.0	NonTarget	1	275496
1076.280944791039	1.0	NonTarget	1	275528
1076.4059447555917	1.0	NonTarget	1	275560
1076.5309447201446	1.0	NonTarget	1	275592
1076.6559446846975	1.0	NonTarget	1	275624
1076.7809446492502	1.0	NonTarget	1	275656
1076.905944613803	1.0	NonTarget	1	275688
1077.030944578356	1.0	NonTarget	1	275720
1077.1559445429089	1.0	NonTarget	1	275752
1077.2809445074615	1.0	NonTarget	1	275784
1077.4059444720144	1.0	NonTarget	1	275816
1077.5309444365673	1.0	NonTarget	1	275848
1077.65594440112	1.0	NonTarget	1	275880
1077.780944365673	1.0	NonTarget	1	275912
1077.9059443302258	1.0	NonTarget	1	275944
1078.0309442947787	1.0	NonTarget	1	275976
1078.1559442593314	1.0	NonTarget	1	276008
1078.2809442238843	1.0	NonTarget	1	276040
1078.4059441884372	1.0	NonTarget	1	276072
1084.530942451526	1.0	NonTarget	1	277640
1084.6559424160787	1.0	NonTarget	1	277672
1084.7809423806316	1.0	NonTarget	1	277704
1084.9059423451845	1.0	NonTarget	1	277736
1085.0309423097374	1.0	NonTarget	1	277768
1085.15594227429	1.0	NonTarget	1	277800
1085.280942238843	1.0	NonTarget	1	277832
1085.4059422033959	1.0	NonTarget	1	277864
1085.5309421679485	1.0	NonTarget	1	277896
1085.6559421325014	1.0	NonTarget	1	277928
1085.7809420970543	1.0	NonTarget	1	277960
1085.9059420616072	1.0	NonTarget	1	277992
1086.03094202616	1.0	NonTarget	1	278024
1086.1559419907128	1.0	NonTarget	1	278056
1086.2809419552657	1.0	NonTarget	1	278088
1086.4059419198184	1.0	NonTarget	1	278120
1086.5309418843713	1.0	NonTarget	1	278152
1086.6559418489242	1.0	NonTarget	1	278184
1086.780941813477	1.0	NonTarget	1	278216
1086.9059417780297	1.0	NonTarget	1	278248
1087.0309417425826	1.0	NonTarget	1	278280
1087.1559417071355	1.0	NonTarget	1	278312
1087.2809416716882	1.0	NonTarget	1	278344
1087.405941636241	1.0	NonTarget	1	278376
1087.530941600794	1.0	NonTarget	1	278408
1087.655941565347	1.0	NonTarget	1	278440
1087.7809415298996	1.0	NonTarget	1	278472
1087.9059414944525	1.0	NonTarget	1	278504
1088.0309414590054	1.0	NonTarget	1	278536
1088.1559414235583	1.0	NonTarget	1	278568
1088.280941388111	1.0	NonTarget	1	278600
1088.4059413526638	1.0	NonTarget	1	278632
1088.5309413172167	1.0	NonTarget	1	278664
1088.6559412817694	1.0	NonTarget	1	278696
1088.7809412463223	1.0	NonTarget	1	278728
1088.9059412108752	1.0	NonTarget	1	278760
1089.030941175428	1.0	NonTarget	1	278792
1089.1559411399808	1.0	NonTarget	1	278824
1089.2809411045337	1.0	NonTarget	1	278856
1089.4059410690866	1.0	NonTarget	1	278888
1089.5309410336392	1.0	NonTarget	1	278920
1089.6559409981921	1.0	NonTarget	1	278952
1089.780940962745	1.0	NonTarget	1	278984
1089.905940927298	1.0	NonTarget	1	279016
1090.0309408918506	1.0	NonTarget	1	279048
1090.1559408564035	1.0	NonTarget	1	279080
1090.2809408209564	1.0	NonTarget	1	279112
1090.405940785509	1.0	NonTarget	1	279144
1090.530940750062	1.0	NonTarget	1	279176
1090.6559407146149	1.0	NonTarget	1	279208
1090.7809406791678	1.0	NonTarget	1	279240
1090.9059406437204	1.0	NonTarget	1	279272
1091.0309406082733	1.0	NonTarget	1	279304
1091.1559405728262	1.0	NonTarget	1	279336
1091.280940537379	1.0	NonTarget	1	279368
1091.4059405019318	1.0	NonTarget	1	279400
1091.5309404664847	1.0	NonTarget	1	279432
1091.6559404310376	1.0	NonTarget	1	279464
1091.7809403955903	1.0	NonTarget	1	279496
1091.9059403601432	1.0	NonTarget	1	279528
1092.030940324696	1.0	NonTarget	1	279560
1092.1559402892487	1.0	NonTarget	1	279592
1092.2809402538016	1.0	NonTarget	1	279624
1092.4059402183545	1.0	NonTarget	1	279656
1092.5309401829074	1.0	NonTarget	1	279688
1092.6559401474601	1.0	NonTarget	1	279720
1092.780940112013	1.0	NonTarget	1	279752
1092.905940076566	1.0	NonTarget	1	279784
1093.0309400411186	1.0	NonTarget	1	279816
1093.1559400056715	1.0	NonTarget	1	279848
1093.2809399702244	1.0	NonTarget	1	279880
1093.4059399347773	1.0	NonTarget	1	279912
1093.53093989933	1.0	NonTarget	1	279944
1093.6559398638828	1.0	NonTarget	1	279976
1093.7809398284357	1.0	NonTarget	1	280008
1093.9059397929884	1.0	NonTarget	1	280040
1094.0309397575413	1.0	NonTarget	1	280072
1094.1559397220942	1.0	NonTarget	1	280104
1094.2809396866471	1.0	NonTarget	1	280136
1094.4059396511998	1.0	NonTarget	1	280168
1094.5309396157527	1.0	NonTarget	1	280200
1094.6559395803056	1.0	NonTarget	1	280232
1094.7809395448583	1.0	NonTarget	1	280264
1094.9059395094112	1.0	NonTarget	1	280296
1095.030939473964	1.0	NonTarget	1	280328
1095.155939438517	1.0	NonTarget	1	280360
1095.2809394030696	1.0	NonTarget	1	280392
1095.4059393676225	1.0	NonTarget	1	280424
1095.5309393321754	1.0	NonTarget	1	280456
1095.655939296728	1.0	NonTarget	1	280488
1095.780939261281	1.0	NonTarget	1	280520
1095.905939225834	1.0	NonTarget	1	280552
1096.0309391903868	1.0	NonTarget	1	280584
1096.1559391549395	1.0	NonTarget	1	280616
1096.2809391194924	1.0	NonTarget	1	280648
1096.4059390840453	1.0	NonTarget	1	280680
1102.530937347134	1.0	NonTarget	1	282248
1102.6559373116868	1.0	NonTarget	1	282280
1102.7809372762397	1.0	NonTarget	1	282312
1102.9059372407926	1.0	NonTarget	1	282344
1103.0309372053455	1.0	NonTarget	1	282376
1103.1559371698982	1.0	NonTarget	1	282408
1103.280937134451	1.0	NonTarget	1	282440
1103.405937099004	1.0	NonTarget	1	282472
1103.5309370635566	1.0	NonTarget	1	282504
1103.6559370281095	1.0	NonTarget	1	282536
1103.7809369926624	1.0	NonTarget	1	282568
1103.9059369572153	1.0	NonTarget	1	282600
1104.030936921768	1.0	NonTarget	1	282632
1104.155936886321	1.0	NonTarget	1	282664
1104.2809368508738	1.0	NonTarget	1	282696
1104.4059368154265	1.0	NonTarget	1	282728
1104.5309367799794	1.0	NonTarget	1	282760
1104.6559367445323	1.0	NonTarget	1	282792
1104.7809367090852	1.0	NonTarget	1	282824
1104.9059366736378	1.0	NonTarget	1	282856
1105.0309366381907	1.0	NonTarget	1	282888
1105.1559366027436	1.0	NonTarget	1	282920
1105.2809365672963	1.0	NonTarget	1	282952
1105.4059365318492	1.0	NonTarget	1	282984
1105.530936496402	1.0	NonTarget	1	283016
1105.655936460955	1.0	NonTarget	1	283048
1105.7809364255077	1.0	NonTarget	1	283080
1105.9059363900606	1.0	NonTarget	1	283112
1106.0309363546135	1.0	NonTarget	1	283144
1106.1559363191661	1.0	NonTarget	1	283176
1106.280936283719	1.0	NonTarget	1	283208
1106.405936248272	1.0	NonTarget	1	283240
1106.5309362128248	1.0	NonTarget	1	283272
1106.6559361773775	1.0	NonTarget	1	283304
1106.7809361419304	1.0	NonTarget	1	283336
1106.9059361064833	1.0	NonTarget	1	283368
1107.0309360710362	1.0	NonTarget	1	283400
1107.1559360355889	1.0	NonTarget	1	283432
1107.2809360001418	1.0	NonTarget	1	283464
1107.4059359646947	1.0	NonTarget	1	283496
1107.5309359292473	1.0	NonTarget	1	283528
1107.6559358938002	1.0	NonTarget	1	283560
1107.7809358583531	1.0	NonTarget	1	283592
1107.905935822906	1.0	NonTarget	1	283624
1108.0309357874587	1.0	NonTarget	1	283656
1108.1559357520116	1.0	NonTarget	1	283688
1108.2809357165645	1.0	NonTarget	1	283720
1108.4059356811172	1.0	NonTarget	1	283752
1108.53093564567	1.0	NonTarget	1	283784
1108.655935610223	1.0	NonTarget	1	283816
1108.7809355747759	1.0	NonTarget	1	283848
1108.9059355393285	1.0	NonTarget	1	283880
1109.0309355038814	1.0	NonTarget	1	283912
1109.1559354684343	1.0	NonTarget	1	283944
1109.280935432987	1.0	NonTarget	1	283976
1109.40593539754	1.0	NonTarget	1	284008
1109.5309353620928	1.0	NonTarget	1	284040
1109.6559353266457	1.0	NonTarget	1	284072
1109.7809352911984	1.0	NonTarget	1	284104
1109.9059352557513	1.0	NonTarget	1	284136
1110.0309352203042	1.0	NonTarget	1	284168
1110.1559351848568	1.0	NonTarget	1	284200
1110.2809351494097	1.0	NonTarget	1	284232
1110.4059351139626	1.0	NonTarget	1	284264
1110.5309350785155	1.0	NonTarget	1	284296
1110.6559350430682	1.0	NonTarget	1	284328
1110.780935007621	1.0	NonTarget	1	284360
1110.905934972174	1.0	NonTarget	1	284392
1111.0309349367267	1.0	NonTarget	1	284424
1111.1559349012796	1.0	NonTarget	1	284456
1111.2809348658325	1.0	NonTarget	1	284488
1111.4059348303854	1.0	NonTarget	1	284520
1111.530934794938	1.0	NonTarget	1	284552
1111.655934759491	1.0	NonTarget	1	284584
1111.7809347240438	1.0	NonTarget	1	284616
1111.9059346885965	1.0	NonTarget	1	284648
1112.0309346531494	1.0	NonTarget	1	284680
1112.1559346177023	1.0	NonTarget	1	284712
1112.2809345822552	1.0	NonTarget	1	284744
1112.4059345468079	1.0	NonTarget	1	284776
1112.5309345113608	1.0	NonTarget	1	284808
1112.6559344759137	1.0	NonTarget	1	284840
1112.7809344404664	1.0	NonTarget	1	284872
1112.9059344050193	1.0	NonTarget	1	284904
1113.0309343695722	1.0	NonTarget	1	284936
1113.155934334125	1.0	NonTarget	1	284968
1113.2809342986777	1.0	NonTarget	1	285000
1113.4059342632306	1.0	NonTarget	1	285032
1113.5309342277835	1.0	NonTarget	1	285064
1113.6559341923362	1.0	NonTarget	1	285096
1113.780934156889	1.0	NonTarget	1	285128
1113.905934121442	1.0	NonTarget	1	285160
1114.0309340859949	1.0	NonTarget	1	285192
1114.1559340505476	1.0	NonTarget	1	285224
1114.2809340151005	1.0	NonTarget	1	285256
1114.4059339796534	1.0	NonTarget	1	285288
1120.5309322427422	1.0	NonTarget	1	286856
1120.6559322072949	1.0	NonTarget	1	286888
1120.7809321718478	1.0	NonTarget	1	286920
1120.9059321364007	1.0	NonTarget	1	286952
1121.0309321009536	1.0	NonTarget	1	286984
1121.1559320655062	1.0	NonTarget	1	287016
1121.2809320300591	1.0	NonTarget	1	287048
1121.405931994612	1.0	NonTarget	1	287080
1121.5309319591647	1.0	NonTarget	1	287112
1121.6559319237176	1.0	NonTarget	1	287144
1121.7809318882705	1.0	NonTarget	1	287176
1121.9059318528234	1.0	NonTarget	1	287208
1122.030931817376	1.0	NonTarget	1	287240
1122.155931781929	1.0	NonTarget	1	287272
1122.2809317464819	1.0	NonTarget	1	287304
1122.4059317110346	1.0	NonTarget	1	287336
1122.5309316755875	1.0	NonTarget	1	287368
1122.6559316401404	1.0	NonTarget	1	287400
1122.7809316046933	1.0	NonTarget	1	287432
1122.905931569246	1.0	NonTarget	1	287464
1123.0309315337988	1.0	NonTarget	1	287496
1123.1559314983517	1.0	NonTarget	1	287528
1123.2809314629044	1.0	NonTarget	1	287560
1123.4059314274573	1.0	NonTarget	1	287592
1123.5309313920102	1.0	NonTarget	1	287624
1123.655931356563	1.0	NonTarget	1	287656
1123.7809313211158	1.0	NonTarget	1	287688
1123.9059312856687	1.0	NonTarget	1	287720
1124.0309312502216	1.0	NonTarget	1	287752
1124.1559312147742	1.0	NonTarget	1	287784
1124.2809311793271	1.0	NonTarget	1	287816
1124.40593114388	1.0	NonTarget	1	287848
1124.530931108433	1.0	NonTarget	1	287880
1124.6559310729856	1.0	NonTarget	1	287912
1124.7809310375385	1.0	NonTarget	1	287944
1124.9059310020914	1.0	NonTarget	1	287976
1125.030930966644	1.0	NonTarget	1	288008
1125.155930931197	1.0	NonTarget	1	288040
1125.2809308957499	1.0	NonTarget	1	288072
1125.4059308603028	1.0	NonTarget	1	288104
1125.5309308248554	1.0	NonTarget	1	288136
1125.6559307894083	1.0	NonTarget	1	288168
1125.7809307539612	1.0	NonTarget	1	288200
1125.9059307185141	1.0	NonTarget	1	288232
1126.0309306830668	1.0	NonTarget	1	288264
1126.1559306476197	1.0	NonTarget	1	288296
1126.2809306121726	1.0	NonTarget	1	288328
1126.4059305767253	1.0	NonTarget	1	288360
1126.5309305412782	1.0	NonTarget	1	288392
1126.655930505831	1.0	NonTarget	1	288424
1126.780930470384	1.0	NonTarget	1	288456
1126.9059304349366	1.0	NonTarget	1	288488
1127.0309303994895	1.0	NonTarget	1	288520
1127.1559303640424	1.0	NonTarget	1	288552
1127.280930328595	1.0	NonTarget	1	288584
1127.405930293148	1.0	NonTarget	1	288616
1127.530930257701	1.0	NonTarget	1	288648
1127.6559302222538	1.0	NonTarget	1	288680
1127.7809301868065	1.0	NonTarget	1	288712
1127.9059301513594	1.0	NonTarget	1	288744
1128.0309301159123	1.0	NonTarget	1	288776
1128.155930080465	1.0	NonTarget	1	288808
1128.2809300450178	1.0	NonTarget	1	288840
1128.4059300095707	1.0	NonTarget	1	288872
1128.5309299741236	1.0	NonTarget	1	288904
1128.6559299386763	1.0	NonTarget	1	288936
1128.7809299032292	1.0	NonTarget	1	288968
1128.905929867782	1.0	NonTarget	1	289000
1129.0309298323348	1.0	NonTarget	1	289032
1129.1559297968877	1.0	NonTarget	1	289064
1129.2809297614406	1.0	NonTarget	1	289096
1129.4059297259935	1.0	NonTarget	1	289128
1129.5309296905461	1.0	NonTarget	1	289160
1129.655929655099	1.0	NonTarget	1	289192
1129.780929619652	1.0	NonTarget	1	289224
1129.9059295842046	1.0	NonTarget	1	289256
1130.0309295487575	1.0	NonTarget	1	289288
1130.1559295133104	1.0	NonTarget	1	289320
1130.2809294778633	1.0	NonTarget	1	289352
1130.405929442416	1.0	NonTarget	1	289384
1130.5309294069689	1.0	NonTarget	1	289416
1130.6559293715218	1.0	NonTarget	1	289448
1130.7809293360745	1.0	NonTarget	1	289480
1130.9059293006273	1.0	NonTarget	1	289512
1131.0309292651802	1.0	NonTarget	1	289544
1131.1559292297331	1.0	NonTarget	1	289576
1131.2809291942858	1.0	NonTarget	1	289608
1131.4059291588387	1.0	NonTarget	1	289640
1131.5309291233916	1.0	NonTarget	1	289672
1131.6559290879443	1.0	NonTarget	1	289704
1131.7809290524972	1.0	NonTarget	1	289736
1131.90592901705	1.0	NonTarget	1	289768
1132.030928981603	1.0	NonTarget	1	289800
1132.1559289461557	1.0	NonTarget	1	289832
1132.2809289107086	1.0	NonTarget	1	289864
1132.4059288752615	1.0	NonTarget	1	289896
1138.5309271383503	1.0	NonTarget	1	291464
1138.655927102903	1.0	NonTarget	1	291496
1138.7809270674559	1.0	NonTarget	1	291528
1138.9059270320088	1.0	NonTarget	1	291560
1139.0309269965617	1.0	NonTarget	1	291592
1139.1559269611143	1.0	NonTarget	1	291624
1139.2809269256672	1.0	NonTarget	1	291656
1139.4059268902201	1.0	NonTarget	1	291688
1139.5309268547728	1.0	NonTarget	1	291720
1139.6559268193257	1.0	NonTarget	1	291752
1139.7809267838786	1.0	NonTarget	1	291784
1139.9059267484315	1.0	NonTarget	1	291816
1140.0309267129842	1.0	NonTarget	1	291848
1140.155926677537	1.0	NonTarget	1	291880
1140.28092664209	1.0	NonTarget	1	291912
1140.4059266066427	1.0	NonTarget	1	291944
1140.5309265711956	1.0	NonTarget	1	291976
1140.6559265357484	1.0	NonTarget	1	292008
1140.7809265003013	1.0	NonTarget	1	292040
1140.905926464854	1.0	NonTarget	1	292072
1141.030926429407	1.0	NonTarget	1	292104
1141.1559263939598	1.0	NonTarget	1	292136
1141.2809263585125	1.0	NonTarget	1	292168
1141.4059263230654	1.0	NonTarget	1	292200
1141.5309262876183	1.0	NonTarget	1	292232
1141.6559262521712	1.0	NonTarget	1	292264
1141.7809262167239	1.0	NonTarget	1	292296
1141.9059261812768	1.0	NonTarget	1	292328
1142.0309261458297	1.0	NonTarget	1	292360
1142.1559261103823	1.0	NonTarget	1	292392
1142.2809260749352	1.0	NonTarget	1	292424
1142.4059260394881	1.0	NonTarget	1	292456
1142.530926004041	1.0	NonTarget	1	292488
1142.6559259685937	1.0	NonTarget	1	292520
1142.7809259331466	1.0	NonTarget	1	292552
1142.9059258976995	1.0	NonTarget	1	292584
1143.0309258622522	1.0	NonTarget	1	292616
1143.155925826805	1.0	NonTarget	1	292648
1143.280925791358	1.0	NonTarget	1	292680
1143.4059257559109	1.0	NonTarget	1	292712
1143.5309257204635	1.0	NonTarget	1	292744
1143.6559256850164	1.0	NonTarget	1	292776
1143.7809256495693	1.0	NonTarget	1	292808
1143.905925614122	1.0	NonTarget	1	292840
1144.030925578675	1.0	NonTarget	1	292872
1144.1559255432278	1.0	NonTarget	1	292904
1144.2809255077807	1.0	NonTarget	1	292936
1144.4059254723334	1.0	NonTarget	1	292968
1144.5309254368863	1.0	NonTarget	1	293000
1144.6559254014392	1.0	NonTarget	1	293032
1144.780925365992	1.0	NonTarget	1	293064
1144.9059253305447	1.0	NonTarget	1	293096
1145.0309252950976	1.0	NonTarget	1	293128
1145.1559252596505	1.0	NonTarget	1	293160
1145.2809252242032	1.0	NonTarget	1	293192
1145.405925188756	1.0	NonTarget	1	293224
1145.530925153309	1.0	NonTarget	1	293256
1145.655925117862	1.0	NonTarget	1	293288
1145.7809250824146	1.0	NonTarget	1	293320
1145.9059250469675	1.0	NonTarget	1	293352
1146.0309250115204	1.0	NonTarget	1	293384
1146.155924976073	1.0	NonTarget	1	293416
1146.280924940626	1.0	NonTarget	1	293448
1146.4059249051788	1.0	NonTarget	1	293480
1146.5309248697317	1.0	NonTarget	1	293512
1146.6559248342844	1.0	NonTarget	1	293544
1146.7809247988373	1.0	NonTarget	1	293576
1146.9059247633902	1.0	NonTarget	1	293608
1147.0309247279429	1.0	NonTarget	1	293640
1147.1559246924958	1.0	NonTarget	1	293672
1147.2809246570487	1.0	NonTarget	1	293704
1147.4059246216016	1.0	NonTarget	1	293736
1147.5309245861542	1.0	NonTarget	1	293768
1147.6559245507071	1.0	NonTarget	1	293800
1147.78092451526	1.0	NonTarget	1	293832
1147.9059244798127	1.0	NonTarget	1	293864
1148.0309244443656	1.0	NonTarget	1	293896
1148.1559244089185	1.0	NonTarget	1	293928
1148.2809243734714	1.0	NonTarget	1	293960
1148.405924338024	1.0	NonTarget	1	293992
1148.530924302577	1.0	NonTarget	1	294024
1148.6559242671299	1.0	NonTarget	1	294056
1148.7809242316825	1.0	NonTarget	1	294088
1148.9059241962354	1.0	NonTarget	1	294120
1149.0309241607883	1.0	NonTarget	1	294152
1149.1559241253412	1.0	NonTarget	1	294184
1149.280924089894	1.0	NonTarget	1	294216
1149.4059240544468	1.0	NonTarget	1	294248
1149.5309240189997	1.0	NonTarget	1	294280
1149.6559239835524	1.0	NonTarget	1	294312
1149.7809239481053	1.0	NonTarget	1	294344
1149.9059239126582	1.0	NonTarget	1	294376
1150.030923877211	1.0	NonTarget	1	294408
1150.1559238417638	1.0	NonTarget	1	294440
1150.2809238063167	1.0	NonTarget	1	294472
1150.4059237708695	1.0	NonTarget	1	294504
1156.5309220339584	1.0	NonTarget	1	296072
1156.655921998511	1.0	NonTarget	1	296104
1156.780921963064	1.0	NonTarget	1	296136
1156.9059219276169	1.0	NonTarget	1	296168
1157.0309218921698	1.0	NonTarget	1	296200
1157.1559218567224	1.0	NonTarget	1	296232
1157.2809218212753	1.0	NonTarget	1	296264
1157.4059217858282	1.0	NonTarget	1	296296
1157.530921750381	1.0	NonTarget	1	296328
1157.6559217149338	1.0	NonTarget	1	296360
1157.7809216794867	1.0	NonTarget	1	296392
1157.9059216440396	1.0	NonTarget	1	296424
1158.0309216085923	1.0	NonTarget	1	296456
1158.1559215731452	1.0	NonTarget	1	296488
1158.280921537698	1.0	NonTarget	1	296520
1158.4059215022507	1.0	NonTarget	1	296552
1158.5309214668036	1.0	NonTarget	1	296584
1158.6559214313565	1.0	NonTarget	1	296616
1158.7809213959094	1.0	NonTarget	1	296648
1158.9059213604621	1.0	NonTarget	1	296680
1159.030921325015	1.0	NonTarget	1	296712
1159.155921289568	1.0	NonTarget	1	296744
1159.2809212541206	1.0	NonTarget	1	296776
1159.4059212186735	1.0	NonTarget	1	296808
1159.5309211832264	1.0	NonTarget	1	296840
1159.6559211477793	1.0	NonTarget	1	296872
1159.780921112332	1.0	NonTarget	1	296904
1159.9059210768849	1.0	NonTarget	1	296936
1160.0309210414378	1.0	NonTarget	1	296968
1160.1559210059904	1.0	NonTarget	1	297000
1160.2809209705433	1.0	NonTarget	1	297032
1160.4059209350962	1.0	NonTarget	1	297064
1160.5309208996491	1.0	NonTarget	1	297096
1160.6559208642018	1.0	NonTarget	1	297128
1160.7809208287547	1.0	NonTarget	1	297160
1160.9059207933076	1.0	NonTarget	1	297192
1161.0309207578603	1.0	NonTarget	1	297224
1161.1559207224132	1.0	NonTarget	1	297256
1161.280920686966	1.0	NonTarget	1	297288
1161.405920651519	1.0	NonTarget	1	297320
1161.5309206160716	1.0	NonTarget	1	297352
1161.6559205806245	1.0	NonTarget	1	297384
1161.7809205451774	1.0	NonTarget	1	297416
1161.90592050973	1.0	NonTarget	1	297448
1162.030920474283	1.0	NonTarget	1	297480
1162.155920438836	1.0	NonTarget	1	297512
1162.2809204033888	1.0	NonTarget	1	297544
1162.4059203679415	1.0	NonTarget	1	297576
1162.5309203324944	1.0	NonTarget	1	297608
1162.6559202970473	1.0	NonTarget	1	297640
1162.7809202616	1.0	NonTarget	1	297672
1162.9059202261528	1.0	NonTarget	1	297704
1163.0309201907057	1.0	NonTarget	1	297736
1163.1559201552586	1.0	NonTarget	1	297768
1163.2809201198113	1.0	NonTarget	1	297800
1163.4059200843642	1.0	NonTarget	1	297832
1163.530920048917	1.0	NonTarget	1	297864
1163.65592001347	1.0	NonTarget	1	297896
1163.7809199780227	1.0	NonTarget	1	297928
1163.9059199425756	1.0	NonTarget	1	297960
1164.0309199071285	1.0	NonTarget	1	297992
1164.1559198716811	1.0	NonTarget	1	298024
1164.280919836234	1.0	NonTarget	1	298056
1164.405919800787	1.0	NonTarget	1	298088
1164.5309197653398	1.0	NonTarget	1	298120
1164.6559197298925	1.0	NonTarget	1	298152
1164.7809196944454	1.0	NonTarget	1	298184
1164.9059196589983	1.0	NonTarget	1	298216
1165.030919623551	1.0	NonTarget	1	298248
1165.1559195881039	1.0	NonTarget	1	298280
1165.2809195526568	1.0	NonTarget	1	298312
1165.4059195172097	1.0	NonTarget	1	298344
1165.5309194817623	1.0	NonTarget	1	298376
1165.6559194463152	1.0	NonTarget	1	298408
1165.7809194108681	1.0	NonTarget	1	298440
1165.9059193754208	1.0	NonTarget	1	298472
1166.0309193399737	1.0	NonTarget	1	298504
1166.1559193045266	1.0	NonTarget	1	298536
1166.2809192690795	1.0	NonTarget	1	298568
1166.4059192336322	1.0	NonTarget	1	298600
1166.530919198185	1.0	NonTarget	1	298632
1166.655919162738	1.0	NonTarget	1	298664
1166.7809191272906	1.0	NonTarget	1	298696
1166.9059190918435	1.0	NonTarget	1	298728
1167.0309190563964	1.0	NonTarget	1	298760
1167.1559190209493	1.0	NonTarget	1	298792
1167.280918985502	1.0	NonTarget	1	298824
1167.405918950055	1.0	NonTarget	1	298856
1167.5309189146078	1.0	NonTarget	1	298888
1167.6559188791605	1.0	NonTarget	1	298920
1167.7809188437134	1.0	NonTarget	1	298952
1167.9059188082663	1.0	NonTarget	1	298984
1168.0309187728192	1.0	NonTarget	1	299016
1168.1559187373718	1.0	NonTarget	1	299048
1168.2809187019247	1.0	NonTarget	1	299080
1168.4059186664776	1.0	NonTarget	1	299112
1174.5309169295665	1.0	NonTarget	1	300680
1174.6559168941192	1.0	NonTarget	1	300712
1174.780916858672	1.0	NonTarget	1	300744
1174.905916823225	1.0	NonTarget	1	300776
1175.0309167877779	1.0	NonTarget	1	300808
1175.1559167523305	1.0	NonTarget	1	300840
1175.2809167168834	1.0	NonTarget	1	300872
1175.4059166814363	1.0	NonTarget	1	300904
1175.530916645989	1.0	NonTarget	1	300936
1175.655916610542	1.0	NonTarget	1	300968
1175.7809165750948	1.0	NonTarget	1	301000
1175.9059165396477	1.0	NonTarget	1	301032
1176.0309165042004	1.0	NonTarget	1	301064
1176.1559164687533	1.0	NonTarget	1	301096
1176.2809164333062	1.0	NonTarget	1	301128
1176.4059163978588	1.0	NonTarget	1	301160
1176.5309163624117	1.0	NonTarget	1	301192
1176.6559163269646	1.0	NonTarget	1	301224
1176.7809162915175	1.0	NonTarget	1	301256
1176.9059162560702	1.0	NonTarget	1	301288
1177.030916220623	1.0	NonTarget	1	301320
1177.155916185176	1.0	NonTarget	1	301352
1177.2809161497287	1.0	NonTarget	1	301384
1177.4059161142816	1.0	NonTarget	1	301416
1177.5309160788345	1.0	NonTarget	1	301448
1177.6559160433874	1.0	NonTarget	1	301480
1177.78091600794	1.0	NonTarget	1	301512
1177.905915972493	1.0	NonTarget	1	301544
1178.0309159370458	1.0	NonTarget	1	301576
1178.1559159015985	1.0	NonTarget	1	301608
1178.2809158661514	1.0	NonTarget	1	301640
1178.4059158307043	1.0	NonTarget	1	301672
1178.5309157952572	1.0	NonTarget	1	301704
1178.65591575981	1.0	NonTarget	1	301736
1178.7809157243628	1.0	NonTarget	1	301768
1178.9059156889157	1.0	NonTarget	1	301800
1179.0309156534684	1.0	NonTarget	1	301832
1179.1559156180213	1.0	NonTarget	1	301864
1179.2809155825742	1.0	NonTarget	1	301896
1179.405915547127	1.0	NonTarget	1	301928
1179.5309155116797	1.0	NonTarget	1	301960
1179.6559154762326	1.0	NonTarget	1	301992
1179.7809154407855	1.0	NonTarget	1	302024
1179.9059154053382	1.0	NonTarget	1	302056
1180.030915369891	1.0	NonTarget	1	302088
1180.155915334444	1.0	NonTarget	1	302120
1180.280915298997	1.0	NonTarget	1	302152
1180.4059152635496	1.0	NonTarget	1	302184
1180.5309152281025	1.0	NonTarget	1	302216
1180.6559151926554	1.0	NonTarget	1	302248
1180.780915157208	1.0	NonTarget	1	302280
1180.905915121761	1.0	NonTarget	1	302312
1181.0309150863138	1.0	NonTarget	1	302344
1181.1559150508667	1.0	NonTarget	1	302376
1181.2809150154194	1.0	NonTarget	1	302408
1181.4059149799723	1.0	NonTarget	1	302440
1181.5309149445252	1.0	NonTarget	1	302472
1181.6559149090779	1.0	NonTarget	1	302504
1181.7809148736308	1.0	NonTarget	1	302536
1181.9059148381837	1.0	NonTarget	1	302568
1182.0309148027366	1.0	NonTarget	1	302600
1182.1559147672892	1.0	NonTarget	1	302632
1182.2809147318421	1.0	NonTarget	1	302664
1182.405914696395	1.0	NonTarget	1	302696
1182.530914660948	1.0	NonTarget	1	302728
1182.6559146255006	1.0	NonTarget	1	302760
1182.7809145900535	1.0	NonTarget	1	302792
1182.9059145546064	1.0	NonTarget	1	302824
1183.030914519159	1.0	NonTarget	1	302856
1183.155914483712	1.0	NonTarget	1	302888
1183.2809144482649	1.0	NonTarget	1	302920
1183.4059144128178	1.0	NonTarget	1	302952
1183.5309143773704	1.0	NonTarget	1	302984
1183.6559143419233	1.0	NonTarget	1	303016
1183.7809143064762	1.0	NonTarget	1	303048
1183.905914271029	1.0	NonTarget	1	303080
1184.0309142355818	1.0	NonTarget	1	303112
1184.1559142001347	1.0	NonTarget	1	303144
1184.2809141646876	1.0	NonTarget	1	303176
1184.4059141292403	1.0	NonTarget	1	303208
1184.5309140937932	1.0	NonTarget	1	303240
1184.655914058346	1.0	NonTarget	1	303272
1184.7809140228987	1.0	NonTarget	1	303304
1184.9059139874516	1.0	NonTarget	1	303336
1185.0309139520045	1.0	NonTarget	1	303368
1185.1559139165574	1.0	NonTarget	1	303400
1185.28091388111	1.0	NonTarget	1	303432
1185.405913845663	1.0	NonTarget	1	303464
1185.530913810216	1.0	NonTarget	1	303496
1185.6559137747686	1.0	NonTarget	1	303528
1185.7809137393215	1.0	NonTarget	1	303560
1185.9059137038744	1.0	NonTarget	1	303592
1186.0309136684273	1.0	NonTarget	1	303624
1186.15591363298	1.0	NonTarget	1	303656
1186.2809135975328	1.0	NonTarget	1	303688
1186.4059135620857	1.0	NonTarget	1	303720
1192.5309118251746	1.0	NonTarget	1	305288
1192.6559117897273	1.0	NonTarget	1	305320
1192.7809117542802	1.0	NonTarget	1	305352
1192.905911718833	1.0	NonTarget	1	305384
1193.030911683386	1.0	NonTarget	1	305416
1193.1559116479386	1.0	NonTarget	1	305448
1193.2809116124915	1.0	NonTarget	1	305480
1193.4059115770444	1.0	NonTarget	1	305512
1193.530911541597	1.0	NonTarget	1	305544
1193.65591150615	1.0	NonTarget	1	305576
1193.780911470703	1.0	NonTarget	1	305608
1193.9059114352558	1.0	NonTarget	1	305640
1194.0309113998085	1.0	NonTarget	1	305672
1194.1559113643614	1.0	NonTarget	1	305704
1194.2809113289143	1.0	NonTarget	1	305736
1194.405911293467	1.0	NonTarget	1	305768
1194.5309112580198	1.0	NonTarget	1	305800
1194.6559112225727	1.0	NonTarget	1	305832
1194.7809111871256	1.0	NonTarget	1	305864
1194.9059111516783	1.0	NonTarget	1	305896
1195.0309111162312	1.0	NonTarget	1	305928
1195.155911080784	1.0	NonTarget	1	305960
1195.2809110453368	1.0	NonTarget	1	305992
1195.4059110098897	1.0	NonTarget	1	306024
1195.5309109744426	1.0	NonTarget	1	306056
1195.6559109389955	1.0	NonTarget	1	306088
1195.7809109035481	1.0	NonTarget	1	306120
1195.905910868101	1.0	NonTarget	1	306152
1196.030910832654	1.0	NonTarget	1	306184
1196.1559107972066	1.0	NonTarget	1	306216
1196.2809107617595	1.0	NonTarget	1	306248
1196.4059107263124	1.0	NonTarget	1	306280
1196.5309106908653	1.0	NonTarget	1	306312
1196.655910655418	1.0	NonTarget	1	306344
1196.7809106199709	1.0	NonTarget	1	306376
1196.9059105845238	1.0	NonTarget	1	306408
1197.0309105490765	1.0	NonTarget	1	306440
1197.1559105136294	1.0	NonTarget	1	306472
1197.2809104781822	1.0	NonTarget	1	306504
1197.4059104427351	1.0	NonTarget	1	306536
1197.5309104072878	1.0	NonTarget	1	306568
1197.6559103718407	1.0	NonTarget	1	306600
1197.7809103363936	1.0	NonTarget	1	306632
1197.9059103009463	1.0	NonTarget	1	306664
1198.0309102654992	1.0	NonTarget	1	306696
1198.155910230052	1.0	NonTarget	1	306728
1198.280910194605	1.0	NonTarget	1	306760
1198.4059101591577	1.0	NonTarget	1	306792
1198.5309101237106	1.0	NonTarget	1	306824
1198.6559100882635	1.0	NonTarget	1	306856
1198.7809100528161	1.0	NonTarget	1	306888
1198.905910017369	1.0	NonTarget	1	306920
1199.030909981922	1.0	NonTarget	1	306952
1199.1559099464748	1.0	NonTarget	1	306984
1199.2809099110275	1.0	NonTarget	1	307016
1199.4059098755804	1.0	NonTarget	1	307048
1199.5309098401333	1.0	NonTarget	1	307080
1199.655909804686	1.0	NonTarget	1	307112
1199.7809097692389	1.0	NonTarget	1	307144
1199.9059097337918	1.0	NonTarget	1	307176
1200.0309096983447	1.0	NonTarget	1	307208
1200.1559096628973	1.0	NonTarget	1	307240
1200.2809096274502	1.0	NonTarget	1	307272
1200.4059095920031	1.0	NonTarget	1	307304
1200.5309095565558	1.0	NonTarget	1	307336
1200.6559095211087	1.0	NonTarget	1	307368
1200.7809094856616	1.0	NonTarget	1	307400
1200.9059094502145	1.0	NonTarget	1	307432
1201.0309094147672	1.0	NonTarget	1	307464
1201.15590937932	1.0	NonTarget	1	307496
1201.280909343873	1.0	NonTarget	1	307528
1201.4059093084259	1.0	NonTarget	1	307560
1201.5309092729785	1.0	NonTarget	1	307592
1201.6559092375314	1.0	NonTarget	1	307624
1201.7809092020843	1.0	NonTarget	1	307656
1201.905909166637	1.0	NonTarget	1	307688
1202.03090913119	1.0	NonTarget	1	307720
1202.1559090957428	1.0	NonTarget	1	307752
1202.2809090602957	1.0	NonTarget	1	307784
1202.4059090248484	1.0	NonTarget	1	307816
1202.5309089894013	1.0	NonTarget	1	307848
1202.6559089539542	1.0	NonTarget	1	307880
1202.7809089185068	1.0	NonTarget	1	307912
1202.9059088830597	1.0	NonTarget	1	307944
1203.0309088476126	1.0	NonTarget	1	307976
1203.1559088121655	1.0	NonTarget	1	308008
1203.2809087767182	1.0	NonTarget	1	308040
1203.405908741271	1.0	NonTarget	1	308072
1203.530908705824	1.0	NonTarget	1	308104
1203.6559086703767	1.0	NonTarget	1	308136
1203.7809086349296	1.0	NonTarget	1	308168
1203.9059085994825	1.0	NonTarget	1	308200
1204.0309085640354	1.0	NonTarget	1	308232
1204.155908528588	1.0	NonTarget	1	308264
1204.280908493141	1.0	NonTarget	1	308296
1204.4059084576938	1.0	NonTarget	1	308328
1210.5309067207827	1.0	NonTarget	1	309896
1210.6559066853354	1.0	NonTarget	1	309928
1210.7809066498883	1.0	NonTarget	1	309960
1210.9059066144412	1.0	NonTarget	1	309992
1211.030906578994	1.0	NonTarget	1	310024
1211.1559065435467	1.0	NonTarget	1	310056
1211.2809065080996	1.0	NonTarget	1	310088
1211.4059064726525	1.0	NonTarget	1	310120
1211.5309064372052	1.0	NonTarget	1	310152
1211.655906401758	1.0	NonTarget	1	310184
1211.780906366311	1.0	NonTarget	1	310216
1211.905906330864	1.0	NonTarget	1	310248
1212.0309062954166	1.0	NonTarget	1	310280
1212.1559062599695	1.0	NonTarget	1	310312
1212.2809062245224	1.0	NonTarget	1	310344
1212.405906189075	1.0	NonTarget	1	310376
1212.530906153628	1.0	NonTarget	1	310408
1212.6559061181808	1.0	NonTarget	1	310440
1212.7809060827337	1.0	NonTarget	1	310472
1212.9059060472864	1.0	NonTarget	1	310504
1213.0309060118393	1.0	NonTarget	1	310536
1213.1559059763922	1.0	NonTarget	1	310568
1213.2809059409449	1.0	NonTarget	1	310600
1213.4059059054978	1.0	NonTarget	1	310632
1213.5309058700507	1.0	NonTarget	1	310664
1213.6559058346036	1.0	NonTarget	1	310696
1213.7809057991562	1.0	NonTarget	1	310728
1213.9059057637091	1.0	NonTarget	1	310760
1214.030905728262	1.0	NonTarget	1	310792
1214.1559056928147	1.0	NonTarget	1	310824
1214.2809056573676	1.0	NonTarget	1	310856
1214.4059056219205	1.0	NonTarget	1	310888
1214.5309055864734	1.0	NonTarget	1	310920
1214.655905551026	1.0	NonTarget	1	310952
1214.780905515579	1.0	NonTarget	1	310984
1214.9059054801319	1.0	NonTarget	1	311016
1215.0309054446845	1.0	NonTarget	1	311048
1215.1559054092374	1.0	NonTarget	1	311080
1215.2809053737903	1.0	NonTarget	1	311112
1215.4059053383432	1.0	NonTarget	1	311144
1215.530905302896	1.0	NonTarget	1	311176
1215.6559052674488	1.0	NonTarget	1	311208
1215.7809052320017	1.0	NonTarget	1	311240
1215.9059051965544	1.0	NonTarget	1	311272
1216.0309051611073	1.0	NonTarget	1	311304
1216.1559051256602	1.0	NonTarget	1	311336
1216.280905090213	1.0	NonTarget	1	311368
1216.4059050547658	1.0	NonTarget	1	311400
1216.5309050193187	1.0	NonTarget	1	311432
1216.6559049838716	1.0	NonTarget	1	311464
1216.7809049484242	1.0	NonTarget	1	311496
1216.9059049129771	1.0	NonTarget	1	311528
1217.03090487753	1.0	NonTarget	1	311560
1217.155904842083	1.0	NonTarget	1	311592
1217.2809048066356	1.0	NonTarget	1	311624
1217.4059047711885	1.0	NonTarget	1	311656
1217.5309047357414	1.0	NonTarget	1	311688
1217.655904700294	1.0	NonTarget	1	311720
1217.780904664847	1.0	NonTarget	1	311752
1217.9059046293999	1.0	NonTarget	1	311784
1218.0309045939528	1.0	NonTarget	1	311816
1218.1559045585054	1.0	NonTarget	1	311848
1218.2809045230583	1.0	NonTarget	1	311880
1218.4059044876112	1.0	NonTarget	1	311912
1218.530904452164	1.0	NonTarget	1	311944
1218.6559044167168	1.0	NonTarget	1	311976
1218.7809043812697	1.0	NonTarget	1	312008
1218.9059043458226	1.0	NonTarget	1	312040
1219.0309043103753	1.0	NonTarget	1	312072
1219.1559042749282	1.0	NonTarget	1	312104
1219.280904239481	1.0	NonTarget	1	312136
1219.4059042040337	1.0	NonTarget	1	312168
1219.5309041685866	1.0	NonTarget	1	312200
1219.6559041331395	1.0	NonTarget	1	312232
1219.7809040976924	1.0	NonTarget	1	312264
1219.905904062245	1.0	NonTarget	1	312296
1220.030904026798	1.0	NonTarget	1	312328
1220.155903991351	1.0	NonTarget	1	312360
1220.2809039559038	1.0	NonTarget	1	312392
1220.4059039204565	1.0	NonTarget	1	312424
1220.5309038850094	1.0	NonTarget	1	312456
1220.6559038495623	1.0	NonTarget	1	312488
1220.780903814115	1.0	NonTarget	1	312520
1220.9059037786678	1.0	NonTarget	1	312552
1221.0309037432207	1.0	NonTarget	1	312584
1221.1559037077736	1.0	NonTarget	1	312616
1221.2809036723263	1.0	NonTarget	1	312648
1221.4059036368792	1.0	NonTarget	1	312680
1221.530903601432	1.0	NonTarget	1	312712
1221.6559035659848	1.0	NonTarget	1	312744
1221.7809035305377	1.0	NonTarget	1	312776
1221.9059034950906	1.0	NonTarget	1	312808
1222.0309034596435	1.0	NonTarget	1	312840
1222.1559034241961	1.0	NonTarget	1	312872
1222.280903388749	1.0	NonTarget	1	312904
1222.405903353302	1.0	NonTarget	1	312936
1228.5309016163908	1.0	NonTarget	1	314504
1228.6559015809435	1.0	NonTarget	1	314536
1228.7809015454964	1.0	NonTarget	1	314568
1228.9059015100493	1.0	NonTarget	1	314600
1229.0309014746022	1.0	NonTarget	1	314632
1229.1559014391548	1.0	NonTarget	1	314664
1229.2809014037077	1.0	NonTarget	1	314696
1229.4059013682606	1.0	NonTarget	1	314728
1229.5309013328133	1.0	NonTarget	1	314760
1229.6559012973662	1.0	NonTarget	1	314792
1229.780901261919	1.0	NonTarget	1	314824
1229.905901226472	1.0	NonTarget	1	314856
1230.0309011910247	1.0	NonTarget	1	314888
1230.1559011555776	1.0	NonTarget	1	314920
1230.2809011201305	1.0	NonTarget	1	314952
1230.4059010846831	1.0	NonTarget	1	314984
1230.530901049236	1.0	NonTarget	1	315016
1230.655901013789	1.0	NonTarget	1	315048
1230.7809009783418	1.0	NonTarget	1	315080
1230.9059009428945	1.0	NonTarget	1	315112
1231.0309009074474	1.0	NonTarget	1	315144
1231.1559008720003	1.0	NonTarget	1	315176
1231.280900836553	1.0	NonTarget	1	315208
1231.4059008011059	1.0	NonTarget	1	315240
1231.5309007656588	1.0	NonTarget	1	315272
1231.6559007302117	1.0	NonTarget	1	315304
1231.7809006947643	1.0	NonTarget	1	315336
1231.9059006593172	1.0	NonTarget	1	315368
1232.0309006238701	1.0	NonTarget	1	315400
1232.1559005884228	1.0	NonTarget	1	315432
1232.2809005529757	1.0	NonTarget	1	315464
1232.4059005175286	1.0	NonTarget	1	315496
1232.5309004820815	1.0	NonTarget	1	315528
1232.6559004466342	1.0	NonTarget	1	315560
1232.780900411187	1.0	NonTarget	1	315592
1232.90590037574	1.0	NonTarget	1	315624
1233.0309003402926	1.0	NonTarget	1	315656
1233.1559003048455	1.0	NonTarget	1	315688
1233.2809002693984	1.0	NonTarget	1	315720
1233.4059002339513	1.0	NonTarget	1	315752
1233.530900198504	1.0	NonTarget	1	315784
1233.655900163057	1.0	NonTarget	1	315816
1233.7809001276098	1.0	NonTarget	1	315848
1233.9059000921625	1.0	NonTarget	1	315880
1234.0309000567154	1.0	NonTarget	1	315912
1234.1559000212683	1.0	NonTarget	1	315944
1234.2808999858212	1.0	NonTarget	1	315976
1234.4058999503739	1.0	NonTarget	1	316008
1234.5308999149267	1.0	NonTarget	1	316040
1234.6558998794796	1.0	NonTarget	1	316072
1234.7808998440323	1.0	NonTarget	1	316104
1234.9058998085852	1.0	NonTarget	1	316136
1235.0308997731381	1.0	NonTarget	1	316168
1235.155899737691	1.0	NonTarget	1	316200
1235.2808997022437	1.0	NonTarget	1	316232
1235.4058996667966	1.0	NonTarget	1	316264
1235.5308996313495	1.0	NonTarget	1	316296
1235.6558995959022	1.0	NonTarget	1	316328
1235.780899560455	1.0	NonTarget	1	316360
1235.905899525008	1.0	NonTarget	1	316392
1236.0308994895609	1.0	NonTarget	1	316424
1236.1558994541135	1.0	NonTarget	1	316456
1236.2808994186664	1.0	NonTarget	1	316488
1236.4058993832193	1.0	NonTarget	1	316520
1236.530899347772	1.0	NonTarget	1	316552
1236.655899312325	1.0	NonTarget	1	316584
1236.7808992768778	1.0	NonTarget	1	316616
1236.9058992414307	1.0	NonTarget	1	316648
1237.0308992059834	1.0	NonTarget	1	316680
1237.1558991705363	1.0	NonTarget	1	316712
1237.2808991350892	1.0	NonTarget	1	316744
1237.4058990996418	1.0	NonTarget	1	316776
1237.5308990641947	1.0	NonTarget	1	316808
1237.6558990287476	1.0	NonTarget	1	316840
1237.7808989933005	1.0	NonTarget	1	316872
1237.9058989578532	1.0	NonTarget	1	316904
1238.030898922406	1.0	NonTarget	1	316936
1238.155898886959	1.0	NonTarget	1	316968
1238.2808988515117	1.0	NonTarget	1	317000
1238.4058988160646	1.0	NonTarget	1	317032
1238.5308987806175	1.0	NonTarget	1	317064
1238.6558987451704	1.0	NonTarget	1	317096
1238.780898709723	1.0	NonTarget	1	317128
1238.905898674276	1.0	NonTarget	1	317160
1239.0308986388288	1.0	NonTarget	1	317192
1239.1558986033817	1.0	NonTarget	1	317224
1239.2808985679344	1.0	NonTarget	1	317256
1239.4058985324873	1.0	NonTarget	1	317288
1239.5308984970402	1.0	NonTarget	1	317320
1239.6558984615929	1.0	NonTarget	1	317352
1239.7808984261458	1.0	NonTarget	1	317384
1239.9058983906987	1.0	NonTarget	1	317416
1240.0308983552516	1.0	NonTarget	1	317448
1240.1558983198042	1.0	NonTarget	1	317480
1240.2808982843571	1.0	NonTarget	1	317512
1240.40589824891	1.0	NonTarget	1	317544
1246.530896511999	1.0	NonTarget	1	319112
1246.6558964765516	1.0	NonTarget	1	319144
1246.7808964411045	1.0	NonTarget	1	319176
1246.9058964056574	1.0	NonTarget	1	319208
1247.0308963702103	1.0	NonTarget	1	319240
1247.155896334763	1.0	NonTarget	1	319272
1247.2808962993158	1.0	NonTarget	1	319304
1247.4058962638687	1.0	NonTarget	1	319336
1247.5308962284214	1.0	NonTarget	1	319368
1247.6558961929743	1.0	NonTarget	1	319400
1247.7808961575272	1.0	NonTarget	1	319432
1247.90589612208	1.0	NonTarget	1	319464
1248.0308960866328	1.0	NonTarget	1	319496
1248.1558960511857	1.0	NonTarget	1	319528
1248.2808960157386	1.0	NonTarget	1	319560
1248.4058959802912	1.0	NonTarget	1	319592
1248.5308959448441	1.0	NonTarget	1	319624
1248.655895909397	1.0	NonTarget	1	319656
1248.78089587395	1.0	NonTarget	1	319688
1248.9058958385026	1.0	NonTarget	1	319720
1249.0308958030555	1.0	NonTarget	1	319752
1249.1558957676084	1.0	NonTarget	1	319784
1249.280895732161	1.0	NonTarget	1	319816
1249.405895696714	1.0	NonTarget	1	319848
1249.5308956612669	1.0	NonTarget	1	319880
1249.6558956258198	1.0	NonTarget	1	319912
1249.7808955903724	1.0	NonTarget	1	319944
1249.9058955549253	1.0	NonTarget	1	319976
1250.0308955194782	1.0	NonTarget	1	320008
1250.155895484031	1.0	NonTarget	1	320040
1250.2808954485838	1.0	NonTarget	1	320072
1250.4058954131367	1.0	NonTarget	1	320104
1250.5308953776896	1.0	NonTarget	1	320136
1250.6558953422423	1.0	NonTarget	1	320168
1250.7808953067952	1.0	NonTarget	1	320200
1250.905895271348	1.0	NonTarget	1	320232
1251.0308952359007	1.0	NonTarget	1	320264
1251.1558952004536	1.0	NonTarget	1	320296
1251.2808951650065	1.0	NonTarget	1	320328
1251.4058951295594	1.0	NonTarget	1	320360
1251.530895094112	1.0	NonTarget	1	320392
1251.655895058665	1.0	NonTarget	1	320424
1251.780895023218	1.0	NonTarget	1	320456
1251.9058949877706	1.0	NonTarget	1	320488
1252.0308949523235	1.0	NonTarget	1	320520
1252.1558949168764	1.0	NonTarget	1	320552
1252.2808948814293	1.0	NonTarget	1	320584
1252.405894845982	1.0	NonTarget	1	320616
1252.5308948105348	1.0	NonTarget	1	320648
1252.6558947750877	1.0	NonTarget	1	320680
1252.7808947396404	1.0	NonTarget	1	320712
1252.9058947041933	1.0	NonTarget	1	320744
1253.0308946687462	1.0	NonTarget	1	320776
1253.155894633299	1.0	NonTarget	1	320808
1253.2808945978518	1.0	NonTarget	1	320840
1253.4058945624047	1.0	NonTarget	1	320872
1253.5308945269576	1.0	NonTarget	1	320904
1253.6558944915103	1.0	NonTarget	1	320936
1253.7808944560632	1.0	NonTarget	1	320968
1253.905894420616	1.0	NonTarget	1	321000
1254.030894385169	1.0	NonTarget	1	321032
1254.1558943497216	1.0	NonTarget	1	321064
1254.2808943142745	1.0	NonTarget	1	321096
1254.4058942788274	1.0	NonTarget	1	321128
1254.53089424338	1.0	NonTarget	1	321160
1254.655894207933	1.0	NonTarget	1	321192
1254.780894172486	1.0	NonTarget	1	321224
1254.9058941370388	1.0	NonTarget	1	321256
1255.0308941015915	1.0	NonTarget	1	321288
1255.1558940661444	1.0	NonTarget	1	321320
1255.2808940306973	1.0	NonTarget	1	321352
1255.40589399525	1.0	NonTarget	1	321384
1255.5308939598028	1.0	NonTarget	1	321416
1255.6558939243557	1.0	NonTarget	1	321448
1255.7808938889086	1.0	NonTarget	1	321480
1255.9058938534613	1.0	NonTarget	1	321512
1256.0308938180142	1.0	NonTarget	1	321544
1256.155893782567	1.0	NonTarget	1	321576
1256.2808937471198	1.0	NonTarget	1	321608
1256.4058937116727	1.0	NonTarget	1	321640
1256.5308936762256	1.0	NonTarget	1	321672
1256.6558936407785	1.0	NonTarget	1	321704
1256.7808936053311	1.0	NonTarget	1	321736
1256.905893569884	1.0	NonTarget	1	321768
1257.030893534437	1.0	NonTarget	1	321800
1257.1558934989896	1.0	NonTarget	1	321832
1257.2808934635425	1.0	NonTarget	1	321864
1257.4058934280954	1.0	NonTarget	1	321896
1257.5308933926483	1.0	NonTarget	1	321928
1257.655893357201	1.0	NonTarget	1	321960
1257.7808933217539	1.0	NonTarget	1	321992
1257.9058932863068	1.0	NonTarget	1	322024
1258.0308932508597	1.0	NonTarget	1	322056
1258.1558932154123	1.0	NonTarget	1	322088
1258.2808931799652	1.0	NonTarget	1	322120
1258.4058931445181	1.0	NonTarget	1	322152
1264.530891407607	1.0	NonTarget	1	323720
1264.6558913721597	1.0	NonTarget	1	323752
1264.7808913367126	1.0	NonTarget	1	323784
1264.9058913012655	1.0	NonTarget	1	323816
1265.0308912658184	1.0	NonTarget	1	323848
1265.155891230371	1.0	NonTarget	1	323880
1265.280891194924	1.0	NonTarget	1	323912
1265.4058911594768	1.0	NonTarget	1	323944
1265.5308911240295	1.0	NonTarget	1	323976
1265.6558910885824	1.0	NonTarget	1	324008
1265.7808910531353	1.0	NonTarget	1	324040
1265.9058910176882	1.0	NonTarget	1	324072
1266.0308909822409	1.0	NonTarget	1	324104
1266.1558909467938	1.0	NonTarget	1	324136
1266.2808909113467	1.0	NonTarget	1	324168
1266.4058908758993	1.0	NonTarget	1	324200
1266.5308908404522	1.0	NonTarget	1	324232
1266.6558908050051	1.0	NonTarget	1	324264
1266.780890769558	1.0	NonTarget	1	324296
1266.9058907341107	1.0	NonTarget	1	324328
1267.0308906986636	1.0	NonTarget	1	324360
1267.1558906632165	1.0	NonTarget	1	324392
1267.2808906277692	1.0	NonTarget	1	324424
1267.405890592322	1.0	NonTarget	1	324456
1267.530890556875	1.0	NonTarget	1	324488
1267.6558905214279	1.0	NonTarget	1	324520
1267.7808904859805	1.0	NonTarget	1	324552
1267.9058904505334	1.0	NonTarget	1	324584
1268.0308904150863	1.0	NonTarget	1	324616
1268.155890379639	1.0	NonTarget	1	324648
1268.280890344192	1.0	NonTarget	1	324680
1268.4058903087448	1.0	NonTarget	1	324712
1268.5308902732977	1.0	NonTarget	1	324744
1268.6558902378504	1.0	NonTarget	1	324776
1268.7808902024033	1.0	NonTarget	1	324808
1268.9058901669562	1.0	NonTarget	1	324840
1269.0308901315088	1.0	NonTarget	1	324872
1269.1558900960617	1.0	NonTarget	1	324904
1269.2808900606146	1.0	NonTarget	1	324936
1269.4058900251675	1.0	NonTarget	1	324968
1269.5308899897202	1.0	NonTarget	1	325000
1269.655889954273	1.0	NonTarget	1	325032
1269.780889918826	1.0	NonTarget	1	325064
1269.9058898833787	1.0	NonTarget	1	325096
1270.0308898479316	1.0	NonTarget	1	325128
1270.1558898124845	1.0	NonTarget	1	325160
1270.2808897770374	1.0	NonTarget	1	325192
1270.40588974159	1.0	NonTarget	1	325224
1270.530889706143	1.0	NonTarget	1	325256
1270.6558896706958	1.0	NonTarget	1	325288
1270.7808896352485	1.0	NonTarget	1	325320
1270.9058895998014	1.0	NonTarget	1	325352
1271.0308895643543	1.0	NonTarget	1	325384
1271.1558895289072	1.0	NonTarget	1	325416
1271.2808894934599	1.0	NonTarget	1	325448
1271.4058894580128	1.0	NonTarget	1	325480
1271.5308894225657	1.0	NonTarget	1	325512
1271.6558893871183	1.0	NonTarget	1	325544
1271.7808893516712	1.0	NonTarget	1	325576
1271.9058893162241	1.0	NonTarget	1	325608
1272.030889280777	1.0	NonTarget	1	325640
1272.1558892453297	1.0	NonTarget	1	325672
1272.2808892098826	1.0	NonTarget	1	325704
1272.4058891744355	1.0	NonTarget	1	325736
1272.5308891389882	1.0	NonTarget	1	325768
1272.655889103541	1.0	NonTarget	1	325800
1272.780889068094	1.0	NonTarget	1	325832
1272.9058890326469	1.0	NonTarget	1	325864
1273.0308889971996	1.0	NonTarget	1	325896
1273.1558889617525	1.0	NonTarget	1	325928
1273.2808889263054	1.0	NonTarget	1	325960
1273.405888890858	1.0	NonTarget	1	325992
1273.530888855411	1.0	NonTarget	1	326024
1273.6558888199638	1.0	NonTarget	1	326056
1273.7808887845167	1.0	NonTarget	1	326088
1273.9058887490694	1.0	NonTarget	1	326120
1274.0308887136223	1.0	NonTarget	1	326152
1274.1558886781752	1.0	NonTarget	1	326184
1274.2808886427279	1.0	NonTarget	1	326216
1274.4058886072808	1.0	NonTarget	1	326248
1274.5308885718337	1.0	NonTarget	1	326280
1274.6558885363866	1.0	NonTarget	1	326312
1274.7808885009392	1.0	NonTarget	1	326344
1274.9058884654921	1.0	NonTarget	1	326376
1275.030888430045	1.0	NonTarget	1	326408
1275.1558883945977	1.0	NonTarget	1	326440
1275.2808883591506	1.0	NonTarget	1	326472
1275.4058883237035	1.0	NonTarget	1	326504
1275.5308882882564	1.0	NonTarget	1	326536
1275.655888252809	1.0	NonTarget	1	326568
1275.780888217362	1.0	NonTarget	1	326600
1275.9058881819149	1.0	NonTarget	1	326632
1276.0308881464675	1.0	NonTarget	1	326664
1276.1558881110204	1.0	NonTarget	1	326696
1276.2808880755733	1.0	NonTarget	1	326728
1276.4058880401262	1.0	NonTarget	1	326760
1282.530886303215	1.0	NonTarget	1	328328
1282.6558862677678	1.0	NonTarget	1	328360
1282.7808862323207	1.0	NonTarget	1	328392
1282.9058861968736	1.0	NonTarget	1	328424
1283.0308861614265	1.0	NonTarget	1	328456
1283.1558861259791	1.0	NonTarget	1	328488
1283.280886090532	1.0	NonTarget	1	328520
1283.405886055085	1.0	NonTarget	1	328552
1283.5308860196376	1.0	NonTarget	1	328584
1283.6558859841905	1.0	NonTarget	1	328616
1283.7808859487434	1.0	NonTarget	1	328648
1283.9058859132963	1.0	NonTarget	1	328680
1284.030885877849	1.0	NonTarget	1	328712
1284.1558858424019	1.0	NonTarget	1	328744
1284.2808858069548	1.0	NonTarget	1	328776
1284.4058857715074	1.0	NonTarget	1	328808
1284.5308857360603	1.0	NonTarget	1	328840
1284.6558857006132	1.0	NonTarget	1	328872
1284.7808856651661	1.0	NonTarget	1	328904
1284.9058856297188	1.0	NonTarget	1	328936
1285.0308855942717	1.0	NonTarget	1	328968
1285.1558855588246	1.0	NonTarget	1	329000
1285.2808855233773	1.0	NonTarget	1	329032
1285.4058854879302	1.0	NonTarget	1	329064
1285.530885452483	1.0	NonTarget	1	329096
1285.655885417036	1.0	NonTarget	1	329128
1285.7808853815886	1.0	NonTarget	1	329160
1285.9058853461415	1.0	NonTarget	1	329192
1286.0308853106944	1.0	NonTarget	1	329224
1286.155885275247	1.0	NonTarget	1	329256
1286.2808852398	1.0	NonTarget	1	329288
1286.405885204353	1.0	NonTarget	1	329320
1286.5308851689058	1.0	NonTarget	1	329352
1286.6558851334585	1.0	NonTarget	1	329384
1286.7808850980114	1.0	NonTarget	1	329416
1286.9058850625643	1.0	NonTarget	1	329448
1287.030885027117	1.0	NonTarget	1	329480
1287.1558849916698	1.0	NonTarget	1	329512
1287.2808849562227	1.0	NonTarget	1	329544
1287.4058849207756	1.0	NonTarget	1	329576
1287.5308848853283	1.0	NonTarget	1	329608
1287.6558848498812	1.0	NonTarget	1	329640
1287.780884814434	1.0	NonTarget	1	329672
1287.9058847789868	1.0	NonTarget	1	329704
1288.0308847435397	1.0	NonTarget	1	329736
1288.1558847080926	1.0	NonTarget	1	329768
1288.2808846726455	1.0	NonTarget	1	329800
1288.4058846371981	1.0	NonTarget	1	329832
1288.530884601751	1.0	NonTarget	1	329864
1288.655884566304	1.0	NonTarget	1	329896
1288.7808845308566	1.0	NonTarget	1	329928
1288.9058844954095	1.0	NonTarget	1	329960
1289.0308844599624	1.0	NonTarget	1	329992
1289.1558844245153	1.0	NonTarget	1	330024
1289.280884389068	1.0	NonTarget	1	330056
1289.4058843536209	1.0	NonTarget	1	330088
1289.5308843181738	1.0	NonTarget	1	330120
1289.6558842827264	1.0	NonTarget	1	330152
1289.7808842472793	1.0	NonTarget	1	330184
1289.9058842118322	1.0	NonTarget	1	330216
1290.0308841763851	1.0	NonTarget	1	330248
1290.1558841409378	1.0	NonTarget	1	330280
1290.2808841054907	1.0	NonTarget	1	330312
1290.4058840700436	1.0	NonTarget	1	330344
1290.5308840345963	1.0	NonTarget	1	330376
1290.6558839991492	1.0	NonTarget	1	330408
1290.780883963702	1.0	NonTarget	1	330440
1290.905883928255	1.0	NonTarget	1	330472
1291.0308838928077	1.0	NonTarget	1	330504
1291.1558838573605	1.0	NonTarget	1	330536
1291.2808838219134	1.0	NonTarget	1	330568
1291.4058837864661	1.0	NonTarget	1	330600
1291.530883751019	1.0	NonTarget	1	330632
1291.655883715572	1.0	NonTarget	1	330664
1291.7808836801248	1.0	NonTarget	1	330696
1291.9058836446775	1.0	NonTarget	1	330728
1292.0308836092304	1.0	NonTarget	1	330760
1292.1558835737833	1.0	NonTarget	1	330792
1292.280883538336	1.0	NonTarget	1	330824
1292.4058835028889	1.0	NonTarget	1	330856
1292.5308834674418	1.0	NonTarget	1	330888
1292.6558834319947	1.0	NonTarget	1	330920
1292.7808833965473	1.0	NonTarget	1	330952
1292.9058833611002	1.0	NonTarget	1	330984
1293.0308833256531	1.0	NonTarget	1	331016
1293.1558832902058	1.0	NonTarget	1	331048
1293.2808832547587	1.0	NonTarget	1	331080
1293.4058832193116	1.0	NonTarget	1	331112
1293.5308831838645	1.0	NonTarget	1	331144
1293.6558831484172	1.0	NonTarget	1	331176
1293.78088311297	1.0	NonTarget	1	331208
1293.905883077523	1.0	NonTarget	1	331240
1294.0308830420756	1.0	NonTarget	1	331272
1294.1558830066285	1.0	NonTarget	1	331304
1294.2808829711814	1.0	NonTarget	1	331336
1294.4058829357343	1.0	NonTarget	1	331368
1300.5308811988232	1.0	NonTarget	1	332936
1300.6558811633759	1.0	NonTarget	1	332968
1300.7808811279288	1.0	NonTarget	1	333000
1300.9058810924816	1.0	NonTarget	1	333032
1301.0308810570345	1.0	NonTarget	1	333064
1301.1558810215872	1.0	NonTarget	1	333096
1301.2808809861401	1.0	NonTarget	1	333128
1301.405880950693	1.0	NonTarget	1	333160
1301.5308809152457	1.0	NonTarget	1	333192
1301.6558808797986	1.0	NonTarget	1	333224
1301.7808808443515	1.0	NonTarget	1	333256
1301.9058808089044	1.0	NonTarget	1	333288
1302.030880773457	1.0	NonTarget	1	333320
1302.15588073801	1.0	NonTarget	1	333352
1302.2808807025629	1.0	NonTarget	1	333384
1302.4058806671155	1.0	NonTarget	1	333416
1302.5308806316684	1.0	NonTarget	1	333448
1302.6558805962213	1.0	NonTarget	1	333480
1302.7808805607742	1.0	NonTarget	1	333512
1302.905880525327	1.0	NonTarget	1	333544
1303.0308804898798	1.0	NonTarget	1	333576
1303.1558804544327	1.0	NonTarget	1	333608
1303.2808804189854	1.0	NonTarget	1	333640
1303.4058803835383	1.0	NonTarget	1	333672
1303.5308803480912	1.0	NonTarget	1	333704
1303.655880312644	1.0	NonTarget	1	333736
1303.7808802771967	1.0	NonTarget	1	333768
1303.9058802417496	1.0	NonTarget	1	333800
1304.0308802063025	1.0	NonTarget	1	333832
1304.1558801708552	1.0	NonTarget	1	333864
1304.280880135408	1.0	NonTarget	1	333896
1304.405880099961	1.0	NonTarget	1	333928
1304.530880064514	1.0	NonTarget	1	333960
1304.6558800290666	1.0	NonTarget	1	333992
1304.7808799936195	1.0	NonTarget	1	334024
1304.9058799581724	1.0	NonTarget	1	334056
1305.030879922725	1.0	NonTarget	1	334088
1305.155879887278	1.0	NonTarget	1	334120
1305.2808798518308	1.0	NonTarget	1	334152
1305.4058798163837	1.0	NonTarget	1	334184
1305.5308797809364	1.0	NonTarget	1	334216
1305.6558797454893	1.0	NonTarget	1	334248
1305.7808797100422	1.0	NonTarget	1	334280
1305.9058796745949	1.0	NonTarget	1	334312
1306.0308796391478	1.0	NonTarget	1	334344
1306.1558796037007	1.0	NonTarget	1	334376
1306.2808795682536	1.0	NonTarget	1	334408
1306.4058795328062	1.0	NonTarget	1	334440
1306.5308794973591	1.0	NonTarget	1	334472
1306.655879461912	1.0	NonTarget	1	334504
1306.7808794264647	1.0	NonTarget	1	334536
1306.9058793910176	1.0	NonTarget	1	334568
1307.0308793555705	1.0	NonTarget	1	334600
1307.1558793201234	1.0	NonTarget	1	334632
1307.280879284676	1.0	NonTarget	1	334664
1307.405879249229	1.0	NonTarget	1	334696
1307.5308792137819	1.0	NonTarget	1	334728
1307.6558791783345	1.0	NonTarget	1	334760
1307.7808791428874	1.0	NonTarget	1	334792
1307.9058791074403	1.0	NonTarget	1	334824
1308.0308790719932	1.0	NonTarget	1	334856
1308.155879036546	1.0	NonTarget	1	334888
1308.2808790010988	1.0	NonTarget	1	334920
1308.4058789656517	1.0	NonTarget	1	334952
1308.5308789302044	1.0	NonTarget	1	334984
1308.6558788947573	1.0	NonTarget	1	335016
1308.7808788593102	1.0	NonTarget	1	335048
1308.905878823863	1.0	NonTarget	1	335080
1309.0308787884157	1.0	NonTarget	1	335112
1309.1558787529686	1.0	NonTarget	1	335144
1309.2808787175215	1.0	NonTarget	1	335176
1309.4058786820742	1.0	NonTarget	1	335208
1309.5308786466271	1.0	NonTarget	1	335240
1309.65587861118	1.0	NonTarget	1	335272
1309.780878575733	1.0	NonTarget	1	335304
1309.9058785402856	1.0	NonTarget	1	335336
1310.0308785048385	1.0	NonTarget	1	335368
1310.1558784693914	1.0	NonTarget	1	335400
1310.280878433944	1.0	NonTarget	1	335432
1310.405878398497	1.0	NonTarget	1	335464
1310.5308783630499	1.0	NonTarget	1	335496
1310.6558783276027	1.0	NonTarget	1	335528
1310.7808782921554	1.0	NonTarget	1	335560
1310.9058782567083	1.0	NonTarget	1	335592
1311.0308782212612	1.0	NonTarget	1	335624
1311.155878185814	1.0	NonTarget	1	335656
1311.2808781503668	1.0	NonTarget	1	335688
1311.4058781149197	1.0	NonTarget	1	335720
1311.5308780794726	1.0	NonTarget	1	335752
1311.6558780440253	1.0	NonTarget	1	335784
1311.7808780085782	1.0	NonTarget	1	335816
1311.905877973131	1.0	NonTarget	1	335848
1312.0308779376837	1.0	NonTarget	1	335880
1312.1558779022366	1.0	NonTarget	1	335912
1312.2808778667895	1.0	NonTarget	1	335944
1312.4058778313424	1.0	NonTarget	1	335976
1318.5308760944313	1.0	NonTarget	1	337544
1318.655876058984	1.0	NonTarget	1	337576
1318.7808760235368	1.0	NonTarget	1	337608
1318.9058759880897	1.0	NonTarget	1	337640
1319.0308759526426	1.0	NonTarget	1	337672
1319.1558759171953	1.0	NonTarget	1	337704
1319.2808758817482	1.0	NonTarget	1	337736
1319.4058758463011	1.0	NonTarget	1	337768
1319.5308758108538	1.0	NonTarget	1	337800
1319.6558757754067	1.0	NonTarget	1	337832
1319.7808757399596	1.0	NonTarget	1	337864
1319.9058757045125	1.0	NonTarget	1	337896
1320.0308756690652	1.0	NonTarget	1	337928
1320.155875633618	1.0	NonTarget	1	337960
1320.280875598171	1.0	NonTarget	1	337992
1320.4058755627236	1.0	NonTarget	1	338024
1320.5308755272765	1.0	NonTarget	1	338056
1320.6558754918294	1.0	NonTarget	1	338088
1320.7808754563823	1.0	NonTarget	1	338120
1320.905875420935	1.0	NonTarget	1	338152
1321.030875385488	1.0	NonTarget	1	338184
1321.1558753500408	1.0	NonTarget	1	338216
1321.2808753145935	1.0	NonTarget	1	338248
1321.4058752791464	1.0	NonTarget	1	338280
1321.5308752436993	1.0	NonTarget	1	338312
1321.6558752082522	1.0	NonTarget	1	338344
1321.7808751728048	1.0	NonTarget	1	338376
1321.9058751373577	1.0	NonTarget	1	338408
1322.0308751019106	1.0	NonTarget	1	338440
1322.1558750664633	1.0	NonTarget	1	338472
1322.2808750310162	1.0	NonTarget	1	338504
1322.405874995569	1.0	NonTarget	1	338536
1322.530874960122	1.0	NonTarget	1	338568
1322.6558749246747	1.0	NonTarget	1	338600
1322.7808748892276	1.0	NonTarget	1	338632
1322.9058748537805	1.0	NonTarget	1	338664
1323.0308748183331	1.0	NonTarget	1	338696
1323.155874782886	1.0	NonTarget	1	338728
1323.280874747439	1.0	NonTarget	1	338760
1323.4058747119918	1.0	NonTarget	1	338792
1323.5308746765445	1.0	NonTarget	1	338824
1323.6558746410974	1.0	NonTarget	1	338856
1323.7808746056503	1.0	NonTarget	1	338888
1323.905874570203	1.0	NonTarget	1	338920
1324.0308745347559	1.0	NonTarget	1	338952
1324.1558744993088	1.0	NonTarget	1	338984
1324.2808744638617	1.0	NonTarget	1	339016
1324.4058744284143	1.0	NonTarget	1	339048
1324.5308743929672	1.0	NonTarget	1	339080
1324.6558743575201	1.0	NonTarget	1	339112
1324.7808743220728	1.0	NonTarget	1	339144
1324.9058742866257	1.0	NonTarget	1	339176
1325.0308742511786	1.0	NonTarget	1	339208
1325.1558742157315	1.0	NonTarget	1	339240
1325.2808741802842	1.0	NonTarget	1	339272
1325.405874144837	1.0	NonTarget	1	339304
1325.53087410939	1.0	NonTarget	1	339336
1325.6558740739426	1.0	NonTarget	1	339368
1325.7808740384955	1.0	NonTarget	1	339400
1325.9058740030484	1.0	NonTarget	1	339432
1326.0308739676013	1.0	NonTarget	1	339464
1326.155873932154	1.0	NonTarget	1	339496
1326.280873896707	1.0	NonTarget	1	339528
1326.4058738612598	1.0	NonTarget	1	339560
1326.5308738258125	1.0	NonTarget	1	339592
1326.6558737903654	1.0	NonTarget	1	339624
1326.7808737549183	1.0	NonTarget	1	339656
1326.9058737194712	1.0	NonTarget	1	339688
1327.0308736840238	1.0	NonTarget	1	339720
1327.1558736485767	1.0	NonTarget	1	339752
1327.2808736131296	1.0	NonTarget	1	339784
1327.4058735776823	1.0	NonTarget	1	339816
1327.5308735422352	1.0	NonTarget	1	339848
1327.655873506788	1.0	NonTarget	1	339880
1327.780873471341	1.0	NonTarget	1	339912
1327.9058734358937	1.0	NonTarget	1	339944
1328.0308734004466	1.0	NonTarget	1	339976
1328.1558733649995	1.0	NonTarget	1	340008
1328.2808733295522	1.0	NonTarget	1	340040
1328.405873294105	1.0	NonTarget	1	340072
1328.530873258658	1.0	NonTarget	1	340104
1328.6558732232108	1.0	NonTarget	1	340136
1328.7808731877635	1.0	NonTarget	1	340168
1328.9058731523164	1.0	NonTarget	1	340200
1329.0308731168693	1.0	NonTarget	1	340232
1329.155873081422	1.0	NonTarget	1	340264
1329.2808730459749	1.0	NonTarget	1	340296
1329.4058730105278	1.0	NonTarget	1	340328
1329.5308729750807	1.0	NonTarget	1	340360
1329.6558729396334	1.0	NonTarget	1	340392
1329.7808729041863	1.0	NonTarget	1	340424
1329.9058728687392	1.0	NonTarget	1	340456
1330.0308728332918	1.0	NonTarget	1	340488
1330.1558727978447	1.0	NonTarget	1	340520
1330.2808727623976	1.0	NonTarget	1	340552
1330.4058727269505	1.0	NonTarget	1	340584
1336.5308709900394	1.0	NonTarget	1	342152
1336.655870954592	1.0	NonTarget	1	342184
1336.780870919145	1.0	NonTarget	1	342216
1336.9058708836978	1.0	NonTarget	1	342248
1337.0308708482507	1.0	NonTarget	1	342280
1337.1558708128034	1.0	NonTarget	1	342312
1337.2808707773563	1.0	NonTarget	1	342344
1337.4058707419092	1.0	NonTarget	1	342376
1337.5308707064619	1.0	NonTarget	1	342408
1337.6558706710148	1.0	NonTarget	1	342440
1337.7808706355677	1.0	NonTarget	1	342472
1337.9058706001206	1.0	NonTarget	1	342504
1338.0308705646733	1.0	NonTarget	1	342536
1338.1558705292261	1.0	NonTarget	1	342568
1338.280870493779	1.0	NonTarget	1	342600
1338.4058704583317	1.0	NonTarget	1	342632
1338.5308704228846	1.0	NonTarget	1	342664
1338.6558703874375	1.0	NonTarget	1	342696
1338.7808703519904	1.0	NonTarget	1	342728
1338.905870316543	1.0	NonTarget	1	342760
1339.030870281096	1.0	NonTarget	1	342792
1339.1558702456489	1.0	NonTarget	1	342824
1339.2808702102016	1.0	NonTarget	1	342856
1339.4058701747545	1.0	NonTarget	1	342888
1339.5308701393074	1.0	NonTarget	1	342920
1339.6558701038603	1.0	NonTarget	1	342952
1339.780870068413	1.0	NonTarget	1	342984
1339.9058700329658	1.0	NonTarget	1	343016
1340.0308699975187	1.0	NonTarget	1	343048
1340.1558699620714	1.0	NonTarget	1	343080
1340.2808699266243	1.0	NonTarget	1	343112
1340.4058698911772	1.0	NonTarget	1	343144
1340.53086985573	1.0	NonTarget	1	343176
1340.6558698202828	1.0	NonTarget	1	343208
1340.7808697848357	1.0	NonTarget	1	343240
1340.9058697493886	1.0	NonTarget	1	343272
1341.0308697139412	1.0	NonTarget	1	343304
1341.1558696784941	1.0	NonTarget	1	343336
1341.280869643047	1.0	NonTarget	1	343368
1341.4058696076	1.0	NonTarget	1	343400
1341.5308695721526	1.0	NonTarget	1	343432
1341.6558695367055	1.0	NonTarget	1	343464
1341.7808695012584	1.0	NonTarget	1	343496
1341.905869465811	1.0	NonTarget	1	343528
1342.030869430364	1.0	NonTarget	1	343560
1342.1558693949169	1.0	NonTarget	1	343592
1342.2808693594698	1.0	NonTarget	1	343624
1342.4058693240224	1.0	NonTarget	1	343656
1342.5308692885753	1.0	NonTarget	1	343688
1342.6558692531282	1.0	NonTarget	1	343720
1342.780869217681	1.0	NonTarget	1	343752
1342.9058691822338	1.0	NonTarget	1	343784
1343.0308691467867	1.0	NonTarget	1	343816
1343.1558691113396	1.0	NonTarget	1	343848
1343.2808690758923	1.0	NonTarget	1	343880
1343.4058690404452	1.0	NonTarget	1	343912
1343.530869004998	1.0	NonTarget	1	343944
1343.6558689695507	1.0	NonTarget	1	343976
1343.7808689341036	1.0	NonTarget	1	344008
1343.9058688986565	1.0	NonTarget	1	344040
1344.0308688632094	1.0	NonTarget	1	344072
1344.155868827762	1.0	NonTarget	1	344104
1344.280868792315	1.0	NonTarget	1	344136
1344.405868756868	1.0	NonTarget	1	344168
1344.5308687214206	1.0	NonTarget	1	344200
1344.6558686859735	1.0	NonTarget	1	344232
1344.7808686505264	1.0	NonTarget	1	344264
1344.9058686150793	1.0	NonTarget	1	344296
1345.030868579632	1.0	NonTarget	1	344328
1345.1558685441848	1.0	NonTarget	1	344360
1345.2808685087377	1.0	NonTarget	1	344392
1345.4058684732904	1.0	NonTarget	1	344424
1345.5308684378433	1.0	NonTarget	1	344456
1345.6558684023962	1.0	NonTarget	1	344488
1345.780868366949	1.0	NonTarget	1	344520
1345.9058683315018	1.0	NonTarget	1	344552
1346.0308682960547	1.0	NonTarget	1	344584
1346.1558682606076	1.0	NonTarget	1	344616
1346.2808682251602	1.0	NonTarget	1	344648
1346.4058681897131	1.0	NonTarget	1	344680
1346.530868154266	1.0	NonTarget	1	344712
1346.655868118819	1.0	NonTarget	1	344744
1346.7808680833716	1.0	NonTarget	1	344776
1346.9058680479245	1.0	NonTarget	1	344808
1347.0308680124774	1.0	NonTarget	1	344840
1347.15586797703	1.0	NonTarget	1	344872
1347.280867941583	1.0	NonTarget	1	344904
1347.4058679061359	1.0	NonTarget	1	344936
1347.5308678706888	1.0	NonTarget	1	344968
1347.6558678352415	1.0	NonTarget	1	345000
1347.7808677997944	1.0	NonTarget	1	345032
1347.9058677643472	1.0	NonTarget	1	345064
1348.0308677289	1.0	NonTarget	1	345096
1348.1558676934528	1.0	NonTarget	1	345128
1348.2808676580057	1.0	NonTarget	1	345160
1348.4058676225586	1.0	NonTarget	1	345192
1354.5308658856475	1.0	NonTarget	1	346760
1354.6558658502001	1.0	NonTarget	1	346792
1354.780865814753	1.0	NonTarget	1	346824
1354.905865779306	1.0	NonTarget	1	346856
1355.0308657438588	1.0	NonTarget	1	346888
1355.1558657084115	1.0	NonTarget	1	346920
1355.2808656729644	1.0	NonTarget	1	346952
1355.4058656375173	1.0	NonTarget	1	346984
1355.53086560207	1.0	NonTarget	1	347016
1355.6558655666229	1.0	NonTarget	1	347048
1355.7808655311758	1.0	NonTarget	1	347080
1355.9058654957287	1.0	NonTarget	1	347112
1356.0308654602813	1.0	NonTarget	1	347144
1356.1558654248342	1.0	NonTarget	1	347176
1356.2808653893871	1.0	NonTarget	1	347208
1356.4058653539398	1.0	NonTarget	1	347240
1356.5308653184927	1.0	NonTarget	1	347272
1356.6558652830456	1.0	NonTarget	1	347304
1356.7808652475985	1.0	NonTarget	1	347336
1356.9058652121512	1.0	NonTarget	1	347368
1357.030865176704	1.0	NonTarget	1	347400
1357.155865141257	1.0	NonTarget	1	347432
1357.2808651058097	1.0	NonTarget	1	347464
1357.4058650703626	1.0	NonTarget	1	347496
1357.5308650349155	1.0	NonTarget	1	347528
1357.6558649994683	1.0	NonTarget	1	347560
1357.780864964021	1.0	NonTarget	1	347592
1357.905864928574	1.0	NonTarget	1	347624
1358.0308648931268	1.0	NonTarget	1	347656
1358.1558648576795	1.0	NonTarget	1	347688
1358.2808648222324	1.0	NonTarget	1	347720
1358.4058647867853	1.0	NonTarget	1	347752
1358.5308647513382	1.0	NonTarget	1	347784
1358.6558647158909	1.0	NonTarget	1	347816
1358.7808646804438	1.0	NonTarget	1	347848
1358.9058646449967	1.0	NonTarget	1	347880
1359.0308646095493	1.0	NonTarget	1	347912
1359.1558645741022	1.0	NonTarget	1	347944
1359.2808645386551	1.0	NonTarget	1	347976
1359.405864503208	1.0	NonTarget	1	348008
1359.5308644677607	1.0	NonTarget	1	348040
1359.6558644323136	1.0	NonTarget	1	348072
1359.7808643968665	1.0	NonTarget	1	348104
1359.9058643614192	1.0	NonTarget	1	348136
1360.030864325972	1.0	NonTarget	1	348168
1360.155864290525	1.0	NonTarget	1	348200
1360.2808642550779	1.0	NonTarget	1	348232
1360.4058642196305	1.0	NonTarget	1	348264
1360.5308641841834	1.0	NonTarget	1	348296
1360.6558641487363	1.0	NonTarget	1	348328
1360.780864113289	1.0	NonTarget	1	348360
1360.905864077842	1.0	NonTarget	1	348392
1361.0308640423948	1.0	NonTarget	1	348424
1361.1558640069477	1.0	NonTarget	1	348456
1361.2808639715004	1.0	NonTarget	1	348488
1361.4058639360533	1.0	NonTarget	1	348520
1361.5308639006062	1.0	NonTarget	1	348552
1361.6558638651588	1.0	NonTarget	1	348584
1361.7808638297117	1.0	NonTarget	1	348616
1361.9058637942646	1.0	NonTarget	1	348648
1362.0308637588175	1.0	NonTarget	1	348680
1362.1558637233702	1.0	NonTarget	1	348712
1362.280863687923	1.0	NonTarget	1	348744
1362.405863652476	1.0	NonTarget	1	348776
1362.5308636170287	1.0	NonTarget	1	348808
1362.6558635815816	1.0	NonTarget	1	348840
1362.7808635461345	1.0	NonTarget	1	348872
1362.9058635106874	1.0	NonTarget	1	348904
1363.03086347524	1.0	NonTarget	1	348936
1363.155863439793	1.0	NonTarget	1	348968
1363.2808634043458	1.0	NonTarget	1	349000
1363.4058633688985	1.0	NonTarget	1	349032
1363.5308633334514	1.0	NonTarget	1	349064
1363.6558632980043	1.0	NonTarget	1	349096
1363.7808632625572	1.0	NonTarget	1	349128
1363.9058632271099	1.0	NonTarget	1	349160
1364.0308631916628	1.0	NonTarget	1	349192
1364.1558631562157	1.0	NonTarget	1	349224
1364.2808631207683	1.0	NonTarget	1	349256
1364.4058630853212	1.0	NonTarget	1	349288
1364.5308630498741	1.0	NonTarget	1	349320
1364.655863014427	1.0	NonTarget	1	349352
1364.7808629789797	1.0	NonTarget	1	349384
1364.9058629435326	1.0	NonTarget	1	349416
1365.0308629080855	1.0	NonTarget	1	349448
1365.1558628726382	1.0	NonTarget	1	349480
1365.280862837191	1.0	NonTarget	1	349512
1365.405862801744	1.0	NonTarget	1	349544
1365.5308627662969	1.0	NonTarget	1	349576
1365.6558627308495	1.0	NonTarget	1	349608
1365.7808626954024	1.0	NonTarget	1	349640
1365.9058626599553	1.0	NonTarget	1	349672
1366.030862624508	1.0	NonTarget	1	349704
1366.155862589061	1.0	NonTarget	1	349736
1366.2808625536138	1.0	NonTarget	1	349768
1366.4058625181667	1.0	NonTarget	1	349800
1372.5308607812556	1.0	NonTarget	1	351368
1372.6558607458082	1.0	NonTarget	1	351400
1372.7808607103611	1.0	NonTarget	1	351432
1372.905860674914	1.0	NonTarget	1	351464
1373.030860639467	1.0	NonTarget	1	351496
1373.1558606040196	1.0	NonTarget	1	351528
1373.2808605685725	1.0	NonTarget	1	351560
1373.4058605331254	1.0	NonTarget	1	351592
1373.530860497678	1.0	NonTarget	1	351624
1373.655860462231	1.0	NonTarget	1	351656
1373.7808604267839	1.0	NonTarget	1	351688
1373.9058603913368	1.0	NonTarget	1	351720
1374.0308603558894	1.0	NonTarget	1	351752
1374.1558603204423	1.0	NonTarget	1	351784
1374.2808602849952	1.0	NonTarget	1	351816
1374.405860249548	1.0	NonTarget	1	351848
1374.5308602141008	1.0	NonTarget	1	351880
1374.6558601786537	1.0	NonTarget	1	351912
1374.7808601432066	1.0	NonTarget	1	351944
1374.9058601077593	1.0	NonTarget	1	351976
1375.0308600723122	1.0	NonTarget	1	352008
1375.155860036865	1.0	NonTarget	1	352040
1375.2808600014178	1.0	NonTarget	1	352072
1375.4058599659706	1.0	NonTarget	1	352104
1375.5308599305235	1.0	NonTarget	1	352136
1375.6558598950764	1.0	NonTarget	1	352168
1375.7808598596291	1.0	NonTarget	1	352200
1375.905859824182	1.0	NonTarget	1	352232
1376.030859788735	1.0	NonTarget	1	352264
1376.1558597532876	1.0	NonTarget	1	352296
1376.2808597178405	1.0	NonTarget	1	352328
1376.4058596823934	1.0	NonTarget	1	352360
1376.5308596469463	1.0	NonTarget	1	352392
1376.655859611499	1.0	NonTarget	1	352424
1376.7808595760519	1.0	NonTarget	1	352456
1376.9058595406048	1.0	NonTarget	1	352488
1377.0308595051574	1.0	NonTarget	1	352520
1377.1558594697103	1.0	NonTarget	1	352552
1377.2808594342632	1.0	NonTarget	1	352584
1377.4058593988161	1.0	NonTarget	1	352616
1377.5308593633688	1.0	NonTarget	1	352648
1377.6558593279217	1.0	NonTarget	1	352680
1377.7808592924746	1.0	NonTarget	1	352712
1377.9058592570273	1.0	NonTarget	1	352744
1378.0308592215802	1.0	NonTarget	1	352776
1378.155859186133	1.0	NonTarget	1	352808
1378.280859150686	1.0	NonTarget	1	352840
1378.4058591152386	1.0	NonTarget	1	352872
1378.5308590797915	1.0	NonTarget	1	352904
1378.6558590443444	1.0	NonTarget	1	352936
1378.780859008897	1.0	NonTarget	1	352968
1378.90585897345	1.0	NonTarget	1	353000
1379.030858938003	1.0	NonTarget	1	353032
1379.1558589025558	1.0	NonTarget	1	353064
1379.2808588671085	1.0	NonTarget	1	353096
1379.4058588316614	1.0	NonTarget	1	353128
1379.5308587962143	1.0	NonTarget	1	353160
1379.655858760767	1.0	NonTarget	1	353192
1379.7808587253198	1.0	NonTarget	1	353224
1379.9058586898727	1.0	NonTarget	1	353256
1380.0308586544256	1.0	NonTarget	1	353288
1380.1558586189783	1.0	NonTarget	1	353320
1380.2808585835312	1.0	NonTarget	1	353352
1380.405858548084	1.0	NonTarget	1	353384
1380.5308585126368	1.0	NonTarget	1	353416
1380.6558584771897	1.0	NonTarget	1	353448
1380.7808584417426	1.0	NonTarget	1	353480
1380.9058584062955	1.0	NonTarget	1	353512
1381.0308583708481	1.0	NonTarget	1	353544
1381.155858335401	1.0	NonTarget	1	353576
1381.280858299954	1.0	NonTarget	1	353608
1381.4058582645066	1.0	NonTarget	1	353640
1381.5308582290595	1.0	NonTarget	1	353672
1381.6558581936124	1.0	NonTarget	1	353704
1381.7808581581653	1.0	NonTarget	1	353736
1381.905858122718	1.0	NonTarget	1	353768
1382.0308580872709	1.0	NonTarget	1	353800
1382.1558580518238	1.0	NonTarget	1	353832
1382.2808580163764	1.0	NonTarget	1	353864
1382.4058579809293	1.0	NonTarget	1	353896
1382.5308579454822	1.0	NonTarget	1	353928
1382.6558579100351	1.0	NonTarget	1	353960
1382.7808578745878	1.0	NonTarget	1	353992
1382.9058578391407	1.0	NonTarget	1	354024
1383.0308578036936	1.0	NonTarget	1	354056
1383.1558577682463	1.0	NonTarget	1	354088
1383.2808577327992	1.0	NonTarget	1	354120
1383.405857697352	1.0	NonTarget	1	354152
1383.530857661905	1.0	NonTarget	1	354184
1383.6558576264576	1.0	NonTarget	1	354216
1383.7808575910105	1.0	NonTarget	1	354248
1383.9058575555634	1.0	NonTarget	1	354280
1384.0308575201161	1.0	NonTarget	1	354312
1384.155857484669	1.0	NonTarget	1	354344
1384.280857449222	1.0	NonTarget	1	354376
1384.4058574137748	1.0	NonTarget	1	354408
1390.5308556768637	1.0	NonTarget	1	355976
1390.6558556414163	1.0	NonTarget	1	356008
1390.7808556059692	1.0	NonTarget	1	356040
1390.9058555705221	1.0	NonTarget	1	356072
1391.030855535075	1.0	NonTarget	1	356104
1391.1558554996277	1.0	NonTarget	1	356136
1391.2808554641806	1.0	NonTarget	1	356168
1391.4058554287335	1.0	NonTarget	1	356200
1391.5308553932862	1.0	NonTarget	1	356232
1391.655855357839	1.0	NonTarget	1	356264
1391.780855322392	1.0	NonTarget	1	356296
1391.9058552869449	1.0	NonTarget	1	356328
1392.0308552514975	1.0	NonTarget	1	356360
1392.1558552160504	1.0	NonTarget	1	356392
1392.2808551806033	1.0	NonTarget	1	356424
1392.405855145156	1.0	NonTarget	1	356456
1392.530855109709	1.0	NonTarget	1	356488
1392.6558550742618	1.0	NonTarget	1	356520
1392.7808550388147	1.0	NonTarget	1	356552
1392.9058550033674	1.0	NonTarget	1	356584
1393.0308549679203	1.0	NonTarget	1	356616
1393.1558549324732	1.0	NonTarget	1	356648
1393.2808548970258	1.0	NonTarget	1	356680
1393.4058548615787	1.0	NonTarget	1	356712
1393.5308548261316	1.0	NonTarget	1	356744
1393.6558547906845	1.0	NonTarget	1	356776
1393.7808547552372	1.0	NonTarget	1	356808
1393.90585471979	1.0	NonTarget	1	356840
1394.030854684343	1.0	NonTarget	1	356872
1394.1558546488957	1.0	NonTarget	1	356904
1394.2808546134486	1.0	NonTarget	1	356936
1394.4058545780015	1.0	NonTarget	1	356968
1394.5308545425544	1.0	NonTarget	1	357000
1394.655854507107	1.0	NonTarget	1	357032
1394.78085447166	1.0	NonTarget	1	357064
1394.9058544362128	1.0	NonTarget	1	357096
1395.0308544007655	1.0	NonTarget	1	357128
1395.1558543653184	1.0	NonTarget	1	357160
1395.2808543298713	1.0	NonTarget	1	357192
1395.4058542944242	1.0	NonTarget	1	357224
1395.530854258977	1.0	NonTarget	1	357256
1395.6558542235298	1.0	NonTarget	1	357288
1395.7808541880827	1.0	NonTarget	1	357320
1395.9058541526354	1.0	NonTarget	1	357352
1396.0308541171883	1.0	NonTarget	1	357384
1396.1558540817412	1.0	NonTarget	1	357416
1396.280854046294	1.0	NonTarget	1	357448
1396.4058540108467	1.0	NonTarget	1	357480
1396.5308539753996	1.0	NonTarget	1	357512
1396.6558539399525	1.0	NonTarget	1	357544
1396.7808539045052	1.0	NonTarget	1	357576
1396.905853869058	1.0	NonTarget	1	357608
1397.030853833611	1.0	NonTarget	1	357640
1397.155853798164	1.0	NonTarget	1	357672
1397.2808537627166	1.0	NonTarget	1	357704
1397.4058537272695	1.0	NonTarget	1	357736
1397.5308536918224	1.0	NonTarget	1	357768
1397.655853656375	1.0	NonTarget	1	357800
1397.780853620928	1.0	NonTarget	1	357832
1397.9058535854808	1.0	NonTarget	1	357864
1398.0308535500337	1.0	NonTarget	1	357896
1398.1558535145864	1.0	NonTarget	1	357928
1398.2808534791393	1.0	NonTarget	1	357960
1398.4058534436922	1.0	NonTarget	1	357992
1398.5308534082449	1.0	NonTarget	1	358024
1398.6558533727978	1.0	NonTarget	1	358056
1398.7808533373507	1.0	NonTarget	1	358088
1398.9058533019036	1.0	NonTarget	1	358120
1399.0308532664562	1.0	NonTarget	1	358152
1399.1558532310091	1.0	NonTarget	1	358184
1399.280853195562	1.0	NonTarget	1	358216
1399.4058531601147	1.0	NonTarget	1	358248
1399.5308531246676	1.0	NonTarget	1	358280
1399.6558530892205	1.0	NonTarget	1	358312
1399.7808530537734	1.0	NonTarget	1	358344
1399.905853018326	1.0	NonTarget	1	358376
1400.030852982879	1.0	NonTarget	1	358408
1400.1558529474319	1.0	NonTarget	1	358440
1400.2808529119845	1.0	NonTarget	1	358472
1400.4058528765374	1.0	NonTarget	1	358504
1400.5308528410903	1.0	NonTarget	1	358536
1400.6558528056432	1.0	NonTarget	1	358568
1400.780852770196	1.0	NonTarget	1	358600
1400.9058527347488	1.0	NonTarget	1	358632
1401.0308526993017	1.0	NonTarget	1	358664
1401.1558526638544	1.0	NonTarget	1	358696
1401.2808526284073	1.0	NonTarget	1	358728
1401.4058525929602	1.0	NonTarget	1	358760
1401.530852557513	1.0	NonTarget	1	358792
1401.6558525220657	1.0	NonTarget	1	358824
1401.7808524866186	1.0	NonTarget	1	358856
1401.9058524511715	1.0	NonTarget	1	358888
1402.0308524157242	1.0	NonTarget	1	358920
1402.155852380277	1.0	NonTarget	1	358952
1402.28085234483	1.0	NonTarget	1	358984
1402.405852309383	1.0	NonTarget	1	359016
1408.5308505724718	1.0	NonTarget	1	360584
1408.6558505370244	1.0	NonTarget	1	360616
1408.7808505015773	1.0	NonTarget	1	360648
1408.9058504661302	1.0	NonTarget	1	360680
1409.030850430683	1.0	NonTarget	1	360712
1409.1558503952358	1.0	NonTarget	1	360744
1409.2808503597887	1.0	NonTarget	1	360776
1409.4058503243416	1.0	NonTarget	1	360808
1409.5308502888943	1.0	NonTarget	1	360840
1409.6558502534472	1.0	NonTarget	1	360872
1409.780850218	1.0	NonTarget	1	360904
1409.905850182553	1.0	NonTarget	1	360936
1410.0308501471056	1.0	NonTarget	1	360968
1410.1558501116585	1.0	NonTarget	1	361000
1410.2808500762114	1.0	NonTarget	1	361032
1410.405850040764	1.0	NonTarget	1	361064
1410.530850005317	1.0	NonTarget	1	361096
1410.65584996987	1.0	NonTarget	1	361128
1410.7808499344228	1.0	NonTarget	1	361160
1410.9058498989755	1.0	NonTarget	1	361192
1411.0308498635284	1.0	NonTarget	1	361224
1411.1558498280813	1.0	NonTarget	1	361256
1411.280849792634	1.0	NonTarget	1	361288
1411.4058497571868	1.0	NonTarget	1	361320
1411.5308497217397	1.0	NonTarget	1	361352
1411.6558496862926	1.0	NonTarget	1	361384
1411.7808496508453	1.0	NonTarget	1	361416
1411.9058496153982	1.0	NonTarget	1	361448
1412.030849579951	1.0	NonTarget	1	361480
1412.1558495445038	1.0	NonTarget	1	361512
1412.2808495090567	1.0	NonTarget	1	361544
1412.4058494736096	1.0	NonTarget	1	361576
1412.5308494381625	1.0	NonTarget	1	361608
1412.6558494027151	1.0	NonTarget	1	361640
1412.780849367268	1.0	NonTarget	1	361672
1412.905849331821	1.0	NonTarget	1	361704
1413.0308492963736	1.0	NonTarget	1	361736
1413.1558492609265	1.0	NonTarget	1	361768
1413.2808492254794	1.0	NonTarget	1	361800
1413.4058491900323	1.0	NonTarget	1	361832
1413.530849154585	1.0	NonTarget	1	361864
1413.6558491191379	1.0	NonTarget	1	361896
1413.7808490836908	1.0	NonTarget	1	361928
1413.9058490482435	1.0	NonTarget	1	361960
1414.0308490127964	1.0	NonTarget	1	361992
1414.1558489773493	1.0	NonTarget	1	362024
1414.2808489419021	1.0	NonTarget	1	362056
1414.4058489064548	1.0	NonTarget	1	362088
1414.5308488710077	1.0	NonTarget	1	362120
1414.6558488355606	1.0	NonTarget	1	362152
1414.7808488001133	1.0	NonTarget	1	362184
1414.9058487646662	1.0	NonTarget	1	362216
1415.030848729219	1.0	NonTarget	1	362248
1415.155848693772	1.0	NonTarget	1	362280
1415.2808486583247	1.0	NonTarget	1	362312
1415.4058486228776	1.0	NonTarget	1	362344
1415.5308485874305	1.0	NonTarget	1	362376
1415.6558485519831	1.0	NonTarget	1	362408
1415.780848516536	1.0	NonTarget	1	362440
1415.905848481089	1.0	NonTarget	1	362472
1416.0308484456418	1.0	NonTarget	1	362504
1416.1558484101945	1.0	NonTarget	1	362536
1416.2808483747474	1.0	NonTarget	1	362568
1416.4058483393003	1.0	NonTarget	1	362600
1416.530848303853	1.0	NonTarget	1	362632
1416.6558482684059	1.0	NonTarget	1	362664
1416.7808482329588	1.0	NonTarget	1	362696
1416.9058481975117	1.0	NonTarget	1	362728
1417.0308481620643	1.0	NonTarget	1	362760
1417.1558481266172	1.0	NonTarget	1	362792
1417.2808480911701	1.0	NonTarget	1	362824
1417.4058480557228	1.0	NonTarget	1	362856
1417.5308480202757	1.0	NonTarget	1	362888
1417.6558479848286	1.0	NonTarget	1	362920
1417.7808479493815	1.0	NonTarget	1	362952
1417.9058479139342	1.0	NonTarget	1	362984
1418.030847878487	1.0	NonTarget	1	363016
1418.15584784304	1.0	NonTarget	1	363048
1418.2808478075926	1.0	NonTarget	1	363080
1418.4058477721455	1.0	NonTarget	1	363112
1418.5308477366984	1.0	NonTarget	1	363144
1418.6558477012513	1.0	NonTarget	1	363176
1418.780847665804	1.0	NonTarget	1	363208
1418.905847630357	1.0	NonTarget	1	363240
1419.0308475949098	1.0	NonTarget	1	363272
1419.1558475594625	1.0	NonTarget	1	363304
1419.2808475240154	1.0	NonTarget	1	363336
1419.4058474885683	1.0	NonTarget	1	363368
1419.5308474531212	1.0	NonTarget	1	363400
1419.6558474176738	1.0	NonTarget	1	363432
1419.7808473822267	1.0	NonTarget	1	363464
1419.9058473467796	1.0	NonTarget	1	363496
1420.0308473113323	1.0	NonTarget	1	363528
1420.1558472758852	1.0	NonTarget	1	363560
1420.280847240438	1.0	NonTarget	1	363592
1420.405847204991	1.0	NonTarget	1	363624
1426.5308454680799	1.0	NonTarget	1	365192
1426.6558454326325	1.0	NonTarget	1	365224
1426.7808453971854	1.0	NonTarget	1	365256
1426.9058453617383	1.0	NonTarget	1	365288
1427.030845326291	1.0	NonTarget	1	365320
1427.155845290844	1.0	NonTarget	1	365352
1427.2808452553968	1.0	NonTarget	1	365384
1427.4058452199497	1.0	NonTarget	1	365416
1427.5308451845024	1.0	NonTarget	1	365448
1427.6558451490553	1.0	NonTarget	1	365480
1427.7808451136082	1.0	NonTarget	1	365512
1427.9058450781608	1.0	NonTarget	1	365544
1428.0308450427137	1.0	NonTarget	1	365576
1428.1558450072666	1.0	NonTarget	1	365608
1428.2808449718195	1.0	NonTarget	1	365640
1428.4058449363722	1.0	NonTarget	1	365672
1428.530844900925	1.0	NonTarget	1	365704
1428.655844865478	1.0	NonTarget	1	365736
1428.780844830031	1.0	NonTarget	1	365768
1428.9058447945836	1.0	NonTarget	1	365800
1429.0308447591365	1.0	NonTarget	1	365832
1429.1558447236894	1.0	NonTarget	1	365864
1429.280844688242	1.0	NonTarget	1	365896
1429.405844652795	1.0	NonTarget	1	365928
1429.5308446173478	1.0	NonTarget	1	365960
1429.6558445819007	1.0	NonTarget	1	365992
1429.7808445464534	1.0	NonTarget	1	366024
1429.9058445110063	1.0	NonTarget	1	366056
1430.0308444755592	1.0	NonTarget	1	366088
1430.1558444401119	1.0	NonTarget	1	366120
1430.2808444046648	1.0	NonTarget	1	366152
1430.4058443692177	1.0	NonTarget	1	366184
1430.5308443337706	1.0	NonTarget	1	366216
1430.6558442983232	1.0	NonTarget	1	366248
1430.7808442628761	1.0	NonTarget	1	366280
1430.905844227429	1.0	NonTarget	1	366312
1431.0308441919817	1.0	NonTarget	1	366344
1431.1558441565346	1.0	NonTarget	1	366376
1431.2808441210875	1.0	NonTarget	1	366408
1431.4058440856404	1.0	NonTarget	1	366440
1431.530844050193	1.0	NonTarget	1	366472
1431.655844014746	1.0	NonTarget	1	366504
1431.7808439792989	1.0	NonTarget	1	366536
1431.9058439438516	1.0	NonTarget	1	366568
1432.0308439084044	1.0	NonTarget	1	366600
1432.1558438729573	1.0	NonTarget	1	366632
1432.2808438375102	1.0	NonTarget	1	366664
1432.405843802063	1.0	NonTarget	1	366696
1432.5308437666158	1.0	NonTarget	1	366728
1432.6558437311687	1.0	NonTarget	1	366760
1432.7808436957214	1.0	NonTarget	1	366792
1432.9058436602743	1.0	NonTarget	1	366824
1433.0308436248272	1.0	NonTarget	1	366856
1433.15584358938	1.0	NonTarget	1	366888
1433.2808435539328	1.0	NonTarget	1	366920
1433.4058435184857	1.0	NonTarget	1	366952
1433.5308434830386	1.0	NonTarget	1	366984
1433.6558434475912	1.0	NonTarget	1	367016
1433.7808434121441	1.0	NonTarget	1	367048
1433.905843376697	1.0	NonTarget	1	367080
1434.03084334125	1.0	NonTarget	1	367112
1434.1558433058026	1.0	NonTarget	1	367144
1434.2808432703555	1.0	NonTarget	1	367176
1434.4058432349084	1.0	NonTarget	1	367208
1434.530843199461	1.0	NonTarget	1	367240
1434.655843164014	1.0	NonTarget	1	367272
1434.7808431285669	1.0	NonTarget	1	367304
1434.9058430931198	1.0	NonTarget	1	367336
1435.0308430576724	1.0	NonTarget	1	367368
1435.1558430222253	1.0	NonTarget	1	367400
1435.2808429867782	1.0	NonTarget	1	367432
1435.405842951331	1.0	NonTarget	1	367464
1435.5308429158838	1.0	NonTarget	1	367496
1435.6558428804367	1.0	NonTarget	1	367528
1435.7808428449896	1.0	NonTarget	1	367560
1435.9058428095423	1.0	NonTarget	1	367592
1436.0308427740952	1.0	NonTarget	1	367624
1436.155842738648	1.0	NonTarget	1	367656
1436.2808427032007	1.0	NonTarget	1	367688
1436.4058426677536	1.0	NonTarget	1	367720
1436.5308426323065	1.0	NonTarget	1	367752
1436.6558425968594	1.0	NonTarget	1	367784
1436.780842561412	1.0	NonTarget	1	367816
1436.905842525965	1.0	NonTarget	1	367848
1437.030842490518	1.0	NonTarget	1	367880
1437.1558424550706	1.0	NonTarget	1	367912
1437.2808424196235	1.0	NonTarget	1	367944
1437.4058423841764	1.0	NonTarget	1	367976
1437.5308423487293	1.0	NonTarget	1	368008
1437.655842313282	1.0	NonTarget	1	368040
1437.7808422778348	1.0	NonTarget	1	368072
1437.9058422423877	1.0	NonTarget	1	368104
1438.0308422069404	1.0	NonTarget	1	368136
1438.1558421714933	1.0	NonTarget	1	368168
1438.2808421360462	1.0	NonTarget	1	368200
1438.405842100599	1.0	NonTarget	1	368232
1444.530840363688	1.0	NonTarget	1	369800
1444.6558403282406	1.0	NonTarget	1	369832
1444.7808402927935	1.0	NonTarget	1	369864
1444.9058402573464	1.0	NonTarget	1	369896
1445.030840221899	1.0	NonTarget	1	369928
1445.155840186452	1.0	NonTarget	1	369960
1445.280840151005	1.0	NonTarget	1	369992
1445.4058401155578	1.0	NonTarget	1	370024
1445.5308400801105	1.0	NonTarget	1	370056
1445.6558400446634	1.0	NonTarget	1	370088
1445.7808400092163	1.0	NonTarget	1	370120
1445.905839973769	1.0	NonTarget	1	370152
1446.0308399383218	1.0	NonTarget	1	370184
1446.1558399028747	1.0	NonTarget	1	370216
1446.2808398674276	1.0	NonTarget	1	370248
1446.4058398319803	1.0	NonTarget	1	370280
1446.5308397965332	1.0	NonTarget	1	370312
1446.655839761086	1.0	NonTarget	1	370344
1446.7808397256388	1.0	NonTarget	1	370376
1446.9058396901917	1.0	NonTarget	1	370408
1447.0308396547446	1.0	NonTarget	1	370440
1447.1558396192975	1.0	NonTarget	1	370472
1447.2808395838501	1.0	NonTarget	1	370504
1447.405839548403	1.0	NonTarget	1	370536
1447.530839512956	1.0	NonTarget	1	370568
1447.6558394775088	1.0	NonTarget	1	370600
1447.7808394420615	1.0	NonTarget	1	370632
1447.9058394066144	1.0	NonTarget	1	370664
1448.0308393711673	1.0	NonTarget	1	370696
1448.15583933572	1.0	NonTarget	1	370728
1448.2808393002729	1.0	NonTarget	1	370760
1448.4058392648258	1.0	NonTarget	1	370792
1448.5308392293787	1.0	NonTarget	1	370824
1448.6558391939313	1.0	NonTarget	1	370856
1448.7808391584842	1.0	NonTarget	1	370888
1448.9058391230371	1.0	NonTarget	1	370920
1449.0308390875898	1.0	NonTarget	1	370952
1449.1558390521427	1.0	NonTarget	1	370984
1449.2808390166956	1.0	NonTarget	1	371016
1449.4058389812485	1.0	NonTarget	1	371048
1449.5308389458012	1.0	NonTarget	1	371080
1449.655838910354	1.0	NonTarget	1	371112
1449.780838874907	1.0	NonTarget	1	371144
1449.9058388394596	1.0	NonTarget	1	371176
1450.0308388040125	1.0	NonTarget	1	371208
1450.1558387685654	1.0	NonTarget	1	371240
1450.2808387331183	1.0	NonTarget	1	371272
1450.405838697671	1.0	NonTarget	1	371304
1450.530838662224	1.0	NonTarget	1	371336
1450.6558386267768	1.0	NonTarget	1	371368
1450.7808385913295	1.0	NonTarget	1	371400
1450.9058385558824	1.0	NonTarget	1	371432
1451.0308385204353	1.0	NonTarget	1	371464
1451.1558384849882	1.0	NonTarget	1	371496
1451.2808384495409	1.0	NonTarget	1	371528
1451.4058384140938	1.0	NonTarget	1	371560
1451.5308383786466	1.0	NonTarget	1	371592
1451.6558383431993	1.0	NonTarget	1	371624
1451.7808383077522	1.0	NonTarget	1	371656
1451.9058382723051	1.0	NonTarget	1	371688
1452.030838236858	1.0	NonTarget	1	371720
1452.1558382014107	1.0	NonTarget	1	371752
1452.2808381659636	1.0	NonTarget	1	371784
1452.4058381305165	1.0	NonTarget	1	371816
1452.5308380950692	1.0	NonTarget	1	371848
1452.655838059622	1.0	NonTarget	1	371880
1452.780838024175	1.0	NonTarget	1	371912
1452.9058379887279	1.0	NonTarget	1	371944
1453.0308379532805	1.0	NonTarget	1	371976
1453.1558379178334	1.0	NonTarget	1	372008
1453.2808378823863	1.0	NonTarget	1	372040
1453.405837846939	1.0	NonTarget	1	372072
1453.530837811492	1.0	NonTarget	1	372104
1453.6558377760448	1.0	NonTarget	1	372136
1453.7808377405977	1.0	NonTarget	1	372168
1453.9058377051504	1.0	NonTarget	1	372200
1454.0308376697033	1.0	NonTarget	1	372232
1454.1558376342562	1.0	NonTarget	1	372264
1454.2808375988088	1.0	NonTarget	1	372296
1454.4058375633617	1.0	NonTarget	1	372328
1454.5308375279146	1.0	NonTarget	1	372360
1454.6558374924675	1.0	NonTarget	1	372392
1454.7808374570202	1.0	NonTarget	1	372424
1454.905837421573	1.0	NonTarget	1	372456
1455.030837386126	1.0	NonTarget	1	372488
1455.1558373506787	1.0	NonTarget	1	372520
1455.2808373152316	1.0	NonTarget	1	372552
1455.4058372797845	1.0	NonTarget	1	372584
1455.5308372443374	1.0	NonTarget	1	372616
1455.65583720889	1.0	NonTarget	1	372648
1455.780837173443	1.0	NonTarget	1	372680
1455.9058371379958	1.0	NonTarget	1	372712
1456.0308371025485	1.0	NonTarget	1	372744
1456.1558370671014	1.0	NonTarget	1	372776
1456.2808370316543	1.0	NonTarget	1	372808
1456.4058369962072	1.0	NonTarget	1	372840
1462.530835259296	1.0	NonTarget	1	374408
1462.6558352238487	1.0	NonTarget	1	374440
1462.7808351884016	1.0	NonTarget	1	374472
1462.9058351529545	1.0	NonTarget	1	374504
1463.0308351175072	1.0	NonTarget	1	374536
1463.15583508206	1.0	NonTarget	1	374568
1463.280835046613	1.0	NonTarget	1	374600
1463.405835011166	1.0	NonTarget	1	374632
1463.5308349757186	1.0	NonTarget	1	374664
1463.6558349402715	1.0	NonTarget	1	374696
1463.7808349048244	1.0	NonTarget	1	374728
1463.905834869377	1.0	NonTarget	1	374760
1464.03083483393	1.0	NonTarget	1	374792
1464.1558347984828	1.0	NonTarget	1	374824
1464.2808347630357	1.0	NonTarget	1	374856
1464.4058347275884	1.0	NonTarget	1	374888
1464.5308346921413	1.0	NonTarget	1	374920
1464.6558346566942	1.0	NonTarget	1	374952
1464.7808346212469	1.0	NonTarget	1	374984
1464.9058345857998	1.0	NonTarget	1	375016
1465.0308345503527	1.0	NonTarget	1	375048
1465.1558345149056	1.0	NonTarget	1	375080
1465.2808344794582	1.0	NonTarget	1	375112
1465.4058344440111	1.0	NonTarget	1	375144
1465.530834408564	1.0	NonTarget	1	375176
1465.6558343731167	1.0	NonTarget	1	375208
1465.7808343376696	1.0	NonTarget	1	375240
1465.9058343022225	1.0	NonTarget	1	375272
1466.0308342667754	1.0	NonTarget	1	375304
1466.155834231328	1.0	NonTarget	1	375336
1466.280834195881	1.0	NonTarget	1	375368
1466.4058341604339	1.0	NonTarget	1	375400
1466.5308341249868	1.0	NonTarget	1	375432
1466.6558340895394	1.0	NonTarget	1	375464
1466.7808340540923	1.0	NonTarget	1	375496
1466.9058340186452	1.0	NonTarget	1	375528
1467.030833983198	1.0	NonTarget	1	375560
1467.1558339477508	1.0	NonTarget	1	375592
1467.2808339123037	1.0	NonTarget	1	375624
1467.4058338768566	1.0	NonTarget	1	375656
1467.5308338414093	1.0	NonTarget	1	375688
1467.6558338059622	1.0	NonTarget	1	375720
1467.780833770515	1.0	NonTarget	1	375752
1467.9058337350677	1.0	NonTarget	1	375784
1468.0308336996206	1.0	NonTarget	1	375816
1468.1558336641735	1.0	NonTarget	1	375848
1468.2808336287264	1.0	NonTarget	1	375880
1468.405833593279	1.0	NonTarget	1	375912
1468.530833557832	1.0	NonTarget	1	375944
1468.655833522385	1.0	NonTarget	1	375976
1468.7808334869376	1.0	NonTarget	1	376008
1468.9058334514905	1.0	NonTarget	1	376040
1469.0308334160434	1.0	NonTarget	1	376072
1469.1558333805963	1.0	NonTarget	1	376104
1469.280833345149	1.0	NonTarget	1	376136
1469.4058333097018	1.0	NonTarget	1	376168
1469.5308332742547	1.0	NonTarget	1	376200
1469.6558332388074	1.0	NonTarget	1	376232
1469.7808332033603	1.0	NonTarget	1	376264
1469.9058331679132	1.0	NonTarget	1	376296
1470.0308331324661	1.0	NonTarget	1	376328
1470.1558330970188	1.0	NonTarget	1	376360
1470.2808330615717	1.0	NonTarget	1	376392
1470.4058330261246	1.0	NonTarget	1	376424
1470.5308329906773	1.0	NonTarget	1	376456
1470.6558329552302	1.0	NonTarget	1	376488
1470.780832919783	1.0	NonTarget	1	376520
1470.905832884336	1.0	NonTarget	1	376552
1471.0308328488886	1.0	NonTarget	1	376584
1471.1558328134415	1.0	NonTarget	1	376616
1471.2808327779944	1.0	NonTarget	1	376648
1471.405832742547	1.0	NonTarget	1	376680
1471.5308327071	1.0	NonTarget	1	376712
1471.655832671653	1.0	NonTarget	1	376744
1471.7808326362058	1.0	NonTarget	1	376776
1471.9058326007585	1.0	NonTarget	1	376808
1472.0308325653114	1.0	NonTarget	1	376840
1472.1558325298643	1.0	NonTarget	1	376872
1472.280832494417	1.0	NonTarget	1	376904
1472.4058324589698	1.0	NonTarget	1	376936
1472.5308324235227	1.0	NonTarget	1	376968
1472.6558323880756	1.0	NonTarget	1	377000
1472.7808323526283	1.0	NonTarget	1	377032
1472.9058323171812	1.0	NonTarget	1	377064
1473.030832281734	1.0	NonTarget	1	377096
1473.1558322462868	1.0	NonTarget	1	377128
1473.2808322108397	1.0	NonTarget	1	377160
1473.4058321753926	1.0	NonTarget	1	377192
1473.5308321399455	1.0	NonTarget	1	377224
1473.6558321044981	1.0	NonTarget	1	377256
1473.780832069051	1.0	NonTarget	1	377288
1473.905832033604	1.0	NonTarget	1	377320
1474.0308319981566	1.0	NonTarget	1	377352
1474.1558319627095	1.0	NonTarget	1	377384
1474.2808319272624	1.0	NonTarget	1	377416
1474.4058318918153	1.0	NonTarget	1	377448
1480.5308301549042	1.0	NonTarget	1	379016
1480.6558301194568	1.0	NonTarget	1	379048
1480.7808300840097	1.0	NonTarget	1	379080
1480.9058300485626	1.0	NonTarget	1	379112
1481.0308300131153	1.0	NonTarget	1	379144
1481.1558299776682	1.0	NonTarget	1	379176
1481.280829942221	1.0	NonTarget	1	379208
1481.405829906774	1.0	NonTarget	1	379240
1481.5308298713267	1.0	NonTarget	1	379272
1481.6558298358796	1.0	NonTarget	1	379304
1481.7808298004325	1.0	NonTarget	1	379336
1481.9058297649851	1.0	NonTarget	1	379368
1482.030829729538	1.0	NonTarget	1	379400
1482.155829694091	1.0	NonTarget	1	379432
1482.2808296586438	1.0	NonTarget	1	379464
1482.4058296231965	1.0	NonTarget	1	379496
1482.5308295877494	1.0	NonTarget	1	379528
1482.6558295523023	1.0	NonTarget	1	379560
1482.780829516855	1.0	NonTarget	1	379592
1482.9058294814079	1.0	NonTarget	1	379624
1483.0308294459608	1.0	NonTarget	1	379656
1483.1558294105137	1.0	NonTarget	1	379688
1483.2808293750663	1.0	NonTarget	1	379720
1483.4058293396192	1.0	NonTarget	1	379752
1483.5308293041721	1.0	NonTarget	1	379784
1483.6558292687248	1.0	NonTarget	1	379816
1483.7808292332777	1.0	NonTarget	1	379848
1483.9058291978306	1.0	NonTarget	1	379880
1484.0308291623835	1.0	NonTarget	1	379912
1484.1558291269362	1.0	NonTarget	1	379944
1484.280829091489	1.0	NonTarget	1	379976
1484.405829056042	1.0	NonTarget	1	380008
1484.5308290205946	1.0	NonTarget	1	380040
1484.6558289851475	1.0	NonTarget	1	380072
1484.7808289497004	1.0	NonTarget	1	380104
1484.9058289142533	1.0	NonTarget	1	380136
1485.030828878806	1.0	NonTarget	1	380168
1485.155828843359	1.0	NonTarget	1	380200
1485.2808288079118	1.0	NonTarget	1	380232
1485.4058287724647	1.0	NonTarget	1	380264
1485.5308287370174	1.0	NonTarget	1	380296
1485.6558287015703	1.0	NonTarget	1	380328
1485.7808286661232	1.0	NonTarget	1	380360
1485.9058286306758	1.0	NonTarget	1	380392
1486.0308285952287	1.0	NonTarget	1	380424
1486.1558285597816	1.0	NonTarget	1	380456
1486.2808285243345	1.0	NonTarget	1	380488
1486.4058284888872	1.0	NonTarget	1	380520
1486.53082845344	1.0	NonTarget	1	380552
1486.655828417993	1.0	NonTarget	1	380584
1486.7808283825457	1.0	NonTarget	1	380616
1486.9058283470986	1.0	NonTarget	1	380648
1487.0308283116515	1.0	NonTarget	1	380680
1487.1558282762044	1.0	NonTarget	1	380712
1487.280828240757	1.0	NonTarget	1	380744
1487.40582820531	1.0	NonTarget	1	380776
1487.5308281698628	1.0	NonTarget	1	380808
1487.6558281344155	1.0	NonTarget	1	380840
1487.7808280989684	1.0	NonTarget	1	380872
1487.9058280635213	1.0	NonTarget	1	380904
1488.0308280280742	1.0	NonTarget	1	380936
1488.1558279926269	1.0	NonTarget	1	380968
1488.2808279571798	1.0	NonTarget	1	381000
1488.4058279217327	1.0	NonTarget	1	381032
1488.5308278862854	1.0	NonTarget	1	381064
1488.6558278508383	1.0	NonTarget	1	381096
1488.7808278153911	1.0	NonTarget	1	381128
1488.905827779944	1.0	NonTarget	1	381160
1489.0308277444967	1.0	NonTarget	1	381192
1489.1558277090496	1.0	NonTarget	1	381224
1489.2808276736025	1.0	NonTarget	1	381256
1489.4058276381552	1.0	NonTarget	1	381288
1489.530827602708	1.0	NonTarget	1	381320
1489.655827567261	1.0	NonTarget	1	381352
1489.7808275318139	1.0	NonTarget	1	381384
1489.9058274963666	1.0	NonTarget	1	381416
1490.0308274609195	1.0	NonTarget	1	381448
1490.1558274254724	1.0	NonTarget	1	381480
1490.280827390025	1.0	NonTarget	1	381512
1490.405827354578	1.0	NonTarget	1	381544
1490.5308273191308	1.0	NonTarget	1	381576
1490.6558272836837	1.0	NonTarget	1	381608
1490.7808272482364	1.0	NonTarget	1	381640
1490.9058272127893	1.0	NonTarget	1	381672
1491.0308271773422	1.0	NonTarget	1	381704
1491.1558271418949	1.0	NonTarget	1	381736
1491.2808271064478	1.0	NonTarget	1	381768
1491.4058270710007	1.0	NonTarget	1	381800
1491.5308270355536	1.0	NonTarget	1	381832
1491.6558270001062	1.0	NonTarget	1	381864
1491.7808269646591	1.0	NonTarget	1	381896
1491.905826929212	1.0	NonTarget	1	381928
1492.0308268937647	1.0	NonTarget	1	381960
1492.1558268583176	1.0	NonTarget	1	381992
1492.2808268228705	1.0	NonTarget	1	382024
1492.4058267874234	1.0	NonTarget	1	382056
1498.5308250505122	1.0	NonTarget	1	383624
1498.655825015065	1.0	NonTarget	1	383656
1498.7808249796178	1.0	NonTarget	1	383688
1498.9058249441707	1.0	NonTarget	1	383720
1499.0308249087234	1.0	NonTarget	1	383752
1499.1558248732763	1.0	NonTarget	1	383784
1499.2808248378292	1.0	NonTarget	1	383816
1499.405824802382	1.0	NonTarget	1	383848
1499.5308247669348	1.0	NonTarget	1	383880
1499.6558247314877	1.0	NonTarget	1	383912
1499.7808246960406	1.0	NonTarget	1	383944
1499.9058246605932	1.0	NonTarget	1	383976
1500.0308246251461	1.0	NonTarget	1	384008
1500.155824589699	1.0	NonTarget	1	384040
1500.280824554252	1.0	NonTarget	1	384072
1500.4058245188046	1.0	NonTarget	1	384104
1500.5308244833575	1.0	NonTarget	1	384136
1500.6558244479104	1.0	NonTarget	1	384168
1500.780824412463	1.0	NonTarget	1	384200
1500.905824377016	1.0	NonTarget	1	384232
1501.0308243415689	1.0	NonTarget	1	384264
1501.1558243061218	1.0	NonTarget	1	384296
1501.2808242706744	1.0	NonTarget	1	384328
1501.4058242352273	1.0	NonTarget	1	384360
1501.5308241997802	1.0	NonTarget	1	384392
1501.655824164333	1.0	NonTarget	1	384424
1501.7808241288858	1.0	NonTarget	1	384456
1501.9058240934387	1.0	NonTarget	1	384488
1502.0308240579916	1.0	NonTarget	1	384520
1502.1558240225443	1.0	NonTarget	1	384552
1502.2808239870972	1.0	NonTarget	1	384584
1502.40582395165	1.0	NonTarget	1	384616
1502.5308239162027	1.0	NonTarget	1	384648
1502.6558238807556	1.0	NonTarget	1	384680
1502.7808238453085	1.0	NonTarget	1	384712
1502.9058238098614	1.0	NonTarget	1	384744
1503.030823774414	1.0	NonTarget	1	384776
1503.155823738967	1.0	NonTarget	1	384808
1503.28082370352	1.0	NonTarget	1	384840
1503.4058236680726	1.0	NonTarget	1	384872
1503.5308236326255	1.0	NonTarget	1	384904
1503.6558235971784	1.0	NonTarget	1	384936
1503.7808235617313	1.0	NonTarget	1	384968
1503.905823526284	1.0	NonTarget	1	385000
1504.0308234908368	1.0	NonTarget	1	385032
1504.1558234553897	1.0	NonTarget	1	385064
1504.2808234199426	1.0	NonTarget	1	385096
1504.4058233844953	1.0	NonTarget	1	385128
1504.5308233490482	1.0	NonTarget	1	385160
1504.655823313601	1.0	NonTarget	1	385192
1504.7808232781538	1.0	NonTarget	1	385224
1504.9058232427067	1.0	NonTarget	1	385256
1505.0308232072596	1.0	NonTarget	1	385288
1505.1558231718125	1.0	NonTarget	1	385320
1505.2808231363651	1.0	NonTarget	1	385352
1505.405823100918	1.0	NonTarget	1	385384
1505.530823065471	1.0	NonTarget	1	385416
1505.6558230300236	1.0	NonTarget	1	385448
1505.7808229945765	1.0	NonTarget	1	385480
1505.9058229591294	1.0	NonTarget	1	385512
1506.0308229236823	1.0	NonTarget	1	385544
1506.155822888235	1.0	NonTarget	1	385576
1506.2808228527879	1.0	NonTarget	1	385608
1506.4058228173408	1.0	NonTarget	1	385640
1506.5308227818934	1.0	NonTarget	1	385672
1506.6558227464463	1.0	NonTarget	1	385704
1506.7808227109992	1.0	NonTarget	1	385736
1506.9058226755521	1.0	NonTarget	1	385768
1507.0308226401048	1.0	NonTarget	1	385800
1507.1558226046577	1.0	NonTarget	1	385832
1507.2808225692106	1.0	NonTarget	1	385864
1507.4058225337633	1.0	NonTarget	1	385896
1507.5308224983162	1.0	NonTarget	1	385928
1507.655822462869	1.0	NonTarget	1	385960
1507.780822427422	1.0	NonTarget	1	385992
1507.9058223919747	1.0	NonTarget	1	386024
1508.0308223565276	1.0	NonTarget	1	386056
1508.1558223210804	1.0	NonTarget	1	386088
1508.2808222856331	1.0	NonTarget	1	386120
1508.405822250186	1.0	NonTarget	1	386152
1508.530822214739	1.0	NonTarget	1	386184
1508.6558221792918	1.0	NonTarget	1	386216
1508.7808221438445	1.0	NonTarget	1	386248
1508.9058221083974	1.0	NonTarget	1	386280
1509.0308220729503	1.0	NonTarget	1	386312
1509.155822037503	1.0	NonTarget	1	386344
1509.2808220020559	1.0	NonTarget	1	386376
1509.4058219666088	1.0	NonTarget	1	386408
1509.5308219311617	1.0	NonTarget	1	386440
1509.6558218957143	1.0	NonTarget	1	386472
1509.7808218602672	1.0	NonTarget	1	386504
1509.9058218248201	1.0	NonTarget	1	386536
1510.0308217893728	1.0	NonTarget	1	386568
1510.1558217539257	1.0	NonTarget	1	386600
1510.2808217184786	1.0	NonTarget	1	386632
1510.4058216830315	1.0	NonTarget	1	386664
1516.5308199461203	1.0	NonTarget	1	388232
1516.655819910673	1.0	NonTarget	1	388264
1516.780819875226	1.0	NonTarget	1	388296
1516.9058198397788	1.0	NonTarget	1	388328
1517.0308198043315	1.0	NonTarget	1	388360
1517.1558197688844	1.0	NonTarget	1	388392
1517.2808197334373	1.0	NonTarget	1	388424
1517.4058196979902	1.0	NonTarget	1	388456
1517.5308196625429	1.0	NonTarget	1	388488
1517.6558196270958	1.0	NonTarget	1	388520
1517.7808195916487	1.0	NonTarget	1	388552
1517.9058195562013	1.0	NonTarget	1	388584
1518.0308195207542	1.0	NonTarget	1	388616
1518.1558194853071	1.0	NonTarget	1	388648
1518.28081944986	1.0	NonTarget	1	388680
1518.4058194144127	1.0	NonTarget	1	388712
1518.5308193789656	1.0	NonTarget	1	388744
1518.6558193435185	1.0	NonTarget	1	388776
1518.7808193080712	1.0	NonTarget	1	388808
1518.905819272624	1.0	NonTarget	1	388840
1519.030819237177	1.0	NonTarget	1	388872
1519.1558192017299	1.0	NonTarget	1	388904
1519.2808191662825	1.0	NonTarget	1	388936
1519.4058191308354	1.0	NonTarget	1	388968
1519.5308190953883	1.0	NonTarget	1	389000
1519.655819059941	1.0	NonTarget	1	389032
1519.780819024494	1.0	NonTarget	1	389064
1519.9058189890468	1.0	NonTarget	1	389096
1520.0308189535997	1.0	NonTarget	1	389128
1520.1558189181524	1.0	NonTarget	1	389160
1520.2808188827053	1.0	NonTarget	1	389192
1520.4058188472582	1.0	NonTarget	1	389224
1520.5308188118108	1.0	NonTarget	1	389256
1520.6558187763637	1.0	NonTarget	1	389288
1520.7808187409166	1.0	NonTarget	1	389320
1520.9058187054695	1.0	NonTarget	1	389352
1521.0308186700222	1.0	NonTarget	1	389384
1521.155818634575	1.0	NonTarget	1	389416
1521.280818599128	1.0	NonTarget	1	389448
1521.4058185636807	1.0	NonTarget	1	389480
1521.5308185282336	1.0	NonTarget	1	389512
1521.6558184927865	1.0	NonTarget	1	389544
1521.7808184573394	1.0	NonTarget	1	389576
1521.905818421892	1.0	NonTarget	1	389608
1522.030818386445	1.0	NonTarget	1	389640
1522.1558183509978	1.0	NonTarget	1	389672
1522.2808183155505	1.0	NonTarget	1	389704
1522.4058182801034	1.0	NonTarget	1	389736
1522.5308182446563	1.0	NonTarget	1	389768
1522.6558182092092	1.0	NonTarget	1	389800
1522.7808181737619	1.0	NonTarget	1	389832
1522.9058181383148	1.0	NonTarget	1	389864
1523.0308181028677	1.0	NonTarget	1	389896
1523.1558180674206	1.0	NonTarget	1	389928
1523.2808180319732	1.0	NonTarget	1	389960
1523.4058179965261	1.0	NonTarget	1	389992
1523.530817961079	1.0	NonTarget	1	390024
1523.6558179256317	1.0	NonTarget	1	390056
1523.7808178901846	1.0	NonTarget	1	390088
1523.9058178547375	1.0	NonTarget	1	390120
1524.0308178192904	1.0	NonTarget	1	390152
1524.155817783843	1.0	NonTarget	1	390184
1524.280817748396	1.0	NonTarget	1	390216
1524.4058177129489	1.0	NonTarget	1	390248
1524.5308176775015	1.0	NonTarget	1	390280
1524.6558176420544	1.0	NonTarget	1	390312
1524.7808176066073	1.0	NonTarget	1	390344
1524.9058175711602	1.0	NonTarget	1	390376
1525.030817535713	1.0	NonTarget	1	390408
1525.1558175002658	1.0	NonTarget	1	390440
1525.2808174648187	1.0	NonTarget	1	390472
1525.4058174293714	1.0	NonTarget	1	390504
1525.5308173939243	1.0	NonTarget	1	390536
1525.6558173584772	1.0	NonTarget	1	390568
1525.78081732303	1.0	NonTarget	1	390600
1525.9058172875827	1.0	NonTarget	1	390632
1526.0308172521356	1.0	NonTarget	1	390664
1526.1558172166885	1.0	NonTarget	1	390696
1526.2808171812412	1.0	NonTarget	1	390728
1526.4058171457941	1.0	NonTarget	1	390760
1526.530817110347	1.0	NonTarget	1	390792
1526.6558170749	1.0	NonTarget	1	390824
1526.7808170394526	1.0	NonTarget	1	390856
1526.9058170040055	1.0	NonTarget	1	390888
1527.0308169685584	1.0	NonTarget	1	390920
1527.155816933111	1.0	NonTarget	1	390952
1527.280816897664	1.0	NonTarget	1	390984
1527.4058168622169	1.0	NonTarget	1	391016
1527.5308168267698	1.0	NonTarget	1	391048
1527.6558167913224	1.0	NonTarget	1	391080
1527.7808167558753	1.0	NonTarget	1	391112
1527.9058167204282	1.0	NonTarget	1	391144
1528.030816684981	1.0	NonTarget	1	391176
1528.1558166495338	1.0	NonTarget	1	391208
1528.2808166140867	1.0	NonTarget	1	391240
1528.4058165786396	1.0	NonTarget	1	391272
1534.5308148417284	1.0	NonTarget	1	392840
1534.6558148062811	1.0	NonTarget	1	392872
1534.780814770834	1.0	NonTarget	1	392904
1534.905814735387	1.0	NonTarget	1	392936
1535.0308146999396	1.0	NonTarget	1	392968
1535.1558146644925	1.0	NonTarget	1	393000
1535.2808146290454	1.0	NonTarget	1	393032
1535.4058145935983	1.0	NonTarget	1	393064
1535.530814558151	1.0	NonTarget	1	393096
1535.6558145227038	1.0	NonTarget	1	393128
1535.7808144872567	1.0	NonTarget	1	393160
1535.9058144518094	1.0	NonTarget	1	393192
1536.0308144163623	1.0	NonTarget	1	393224
1536.1558143809152	1.0	NonTarget	1	393256
1536.2808143454681	1.0	NonTarget	1	393288
1536.4058143100208	1.0	NonTarget	1	393320
1536.5308142745737	1.0	NonTarget	1	393352
1536.6558142391266	1.0	NonTarget	1	393384
1536.7808142036793	1.0	NonTarget	1	393416
1536.9058141682322	1.0	NonTarget	1	393448
1537.030814132785	1.0	NonTarget	1	393480
1537.155814097338	1.0	NonTarget	1	393512
1537.2808140618906	1.0	NonTarget	1	393544
1537.4058140264435	1.0	NonTarget	1	393576
1537.5308139909964	1.0	NonTarget	1	393608
1537.655813955549	1.0	NonTarget	1	393640
1537.780813920102	1.0	NonTarget	1	393672
1537.905813884655	1.0	NonTarget	1	393704
1538.0308138492078	1.0	NonTarget	1	393736
1538.1558138137605	1.0	NonTarget	1	393768
1538.2808137783134	1.0	NonTarget	1	393800
1538.4058137428663	1.0	NonTarget	1	393832
1538.530813707419	1.0	NonTarget	1	393864
1538.6558136719718	1.0	NonTarget	1	393896
1538.7808136365247	1.0	NonTarget	1	393928
1538.9058136010776	1.0	NonTarget	1	393960
1539.0308135656303	1.0	NonTarget	1	393992
1539.1558135301832	1.0	NonTarget	1	394024
1539.280813494736	1.0	NonTarget	1	394056
1539.4058134592888	1.0	NonTarget	1	394088
1539.5308134238417	1.0	NonTarget	1	394120
1539.6558133883946	1.0	NonTarget	1	394152
1539.7808133529475	1.0	NonTarget	1	394184
1539.9058133175001	1.0	NonTarget	1	394216
1540.030813282053	1.0	NonTarget	1	394248
1540.155813246606	1.0	NonTarget	1	394280
1540.2808132111586	1.0	NonTarget	1	394312
1540.4058131757115	1.0	NonTarget	1	394344
1540.5308131402644	1.0	NonTarget	1	394376
1540.6558131048173	1.0	NonTarget	1	394408
1540.78081306937	1.0	NonTarget	1	394440
1540.9058130339229	1.0	NonTarget	1	394472
1541.0308129984758	1.0	NonTarget	1	394504
1541.1558129630284	1.0	NonTarget	1	394536
1541.2808129275813	1.0	NonTarget	1	394568
1541.4058128921342	1.0	NonTarget	1	394600
1541.5308128566871	1.0	NonTarget	1	394632
1541.6558128212398	1.0	NonTarget	1	394664
1541.7808127857927	1.0	NonTarget	1	394696
1541.9058127503456	1.0	NonTarget	1	394728
1542.0308127148985	1.0	NonTarget	1	394760
1542.1558126794512	1.0	NonTarget	1	394792
1542.280812644004	1.0	NonTarget	1	394824
1542.405812608557	1.0	NonTarget	1	394856
1542.5308125731096	1.0	NonTarget	1	394888
1542.6558125376625	1.0	NonTarget	1	394920
1542.7808125022154	1.0	NonTarget	1	394952
1542.9058124667683	1.0	NonTarget	1	394984
1543.030812431321	1.0	NonTarget	1	395016
1543.155812395874	1.0	NonTarget	1	395048
1543.2808123604268	1.0	NonTarget	1	395080
1543.4058123249795	1.0	NonTarget	1	395112
1543.5308122895324	1.0	NonTarget	1	395144
1543.6558122540853	1.0	NonTarget	1	395176
1543.7808122186382	1.0	NonTarget	1	395208
1543.9058121831908	1.0	NonTarget	1	395240
1544.0308121477437	1.0	NonTarget	1	395272
1544.1558121122966	1.0	NonTarget	1	395304
1544.2808120768493	1.0	NonTarget	1	395336
1544.4058120414022	1.0	NonTarget	1	395368
1544.530812005955	1.0	NonTarget	1	395400
1544.655811970508	1.0	NonTarget	1	395432
1544.7808119350607	1.0	NonTarget	1	395464
1544.9058118996136	1.0	NonTarget	1	395496
1545.0308118641665	1.0	NonTarget	1	395528
1545.1558118287192	1.0	NonTarget	1	395560
1545.280811793272	1.0	NonTarget	1	395592
1545.405811757825	1.0	NonTarget	1	395624
1545.5308117223778	1.0	NonTarget	1	395656
1545.6558116869305	1.0	NonTarget	1	395688
1545.7808116514834	1.0	NonTarget	1	395720
1545.9058116160363	1.0	NonTarget	1	395752
1546.030811580589	1.0	NonTarget	1	395784
1546.155811545142	1.0	NonTarget	1	395816
1546.2808115096948	1.0	NonTarget	1	395848
1546.4058114742477	1.0	NonTarget	1	395880
1552.5308097373365	1.0	NonTarget	1	397448
1552.6558097018892	1.0	NonTarget	1	397480
1552.780809666442	1.0	NonTarget	1	397512
1552.905809630995	1.0	NonTarget	1	397544
1553.0308095955477	1.0	NonTarget	1	397576
1553.1558095601006	1.0	NonTarget	1	397608
1553.2808095246535	1.0	NonTarget	1	397640
1553.4058094892064	1.0	NonTarget	1	397672
1553.530809453759	1.0	NonTarget	1	397704
1553.655809418312	1.0	NonTarget	1	397736
1553.7808093828648	1.0	NonTarget	1	397768
1553.9058093474175	1.0	NonTarget	1	397800
1554.0308093119704	1.0	NonTarget	1	397832
1554.1558092765233	1.0	NonTarget	1	397864
1554.2808092410762	1.0	NonTarget	1	397896
1554.4058092056289	1.0	NonTarget	1	397928
1554.5308091701818	1.0	NonTarget	1	397960
1554.6558091347347	1.0	NonTarget	1	397992
1554.7808090992874	1.0	NonTarget	1	398024
1554.9058090638403	1.0	NonTarget	1	398056
1555.0308090283932	1.0	NonTarget	1	398088
1555.155808992946	1.0	NonTarget	1	398120
1555.2808089574987	1.0	NonTarget	1	398152
1555.4058089220516	1.0	NonTarget	1	398184
1555.5308088866045	1.0	NonTarget	1	398216
1555.6558088511572	1.0	NonTarget	1	398248
1555.78080881571	1.0	NonTarget	1	398280
1555.905808780263	1.0	NonTarget	1	398312
1556.0308087448159	1.0	NonTarget	1	398344
1556.1558087093686	1.0	NonTarget	1	398376
1556.2808086739215	1.0	NonTarget	1	398408
1556.4058086384744	1.0	NonTarget	1	398440
1556.530808603027	1.0	NonTarget	1	398472
1556.65580856758	1.0	NonTarget	1	398504
1556.7808085321328	1.0	NonTarget	1	398536
1556.9058084966857	1.0	NonTarget	1	398568
1557.0308084612384	1.0	NonTarget	1	398600
1557.1558084257913	1.0	NonTarget	1	398632
1557.2808083903442	1.0	NonTarget	1	398664
1557.4058083548969	1.0	NonTarget	1	398696
1557.5308083194498	1.0	NonTarget	1	398728
1557.6558082840027	1.0	NonTarget	1	398760
1557.7808082485556	1.0	NonTarget	1	398792
1557.9058082131082	1.0	NonTarget	1	398824
1558.0308081776611	1.0	NonTarget	1	398856
1558.155808142214	1.0	NonTarget	1	398888
1558.2808081067667	1.0	NonTarget	1	398920
1558.4058080713196	1.0	NonTarget	1	398952
1558.5308080358725	1.0	NonTarget	1	398984
1558.6558080004254	1.0	NonTarget	1	399016
1558.780807964978	1.0	NonTarget	1	399048
1558.905807929531	1.0	NonTarget	1	399080
1559.0308078940839	1.0	NonTarget	1	399112
1559.1558078586365	1.0	NonTarget	1	399144
1559.2808078231894	1.0	NonTarget	1	399176
1559.4058077877423	1.0	NonTarget	1	399208
1559.5308077522952	1.0	NonTarget	1	399240
1559.655807716848	1.0	NonTarget	1	399272
1559.7808076814008	1.0	NonTarget	1	399304
1559.9058076459537	1.0	NonTarget	1	399336
1560.0308076105064	1.0	NonTarget	1	399368
1560.1558075750593	1.0	NonTarget	1	399400
1560.2808075396122	1.0	NonTarget	1	399432
1560.405807504165	1.0	NonTarget	1	399464
1560.5308074687177	1.0	NonTarget	1	399496
1560.6558074332706	1.0	NonTarget	1	399528
1560.7808073978235	1.0	NonTarget	1	399560
1560.9058073623764	1.0	NonTarget	1	399592
1561.030807326929	1.0	NonTarget	1	399624
1561.155807291482	1.0	NonTarget	1	399656
1561.280807256035	1.0	NonTarget	1	399688
1561.4058072205876	1.0	NonTarget	1	399720
1561.5308071851405	1.0	NonTarget	1	399752
1561.6558071496934	1.0	NonTarget	1	399784
1561.7808071142463	1.0	NonTarget	1	399816
1561.905807078799	1.0	NonTarget	1	399848
1562.0308070433518	1.0	NonTarget	1	399880
1562.1558070079047	1.0	NonTarget	1	399912
1562.2808069724574	1.0	NonTarget	1	399944
1562.4058069370103	1.0	NonTarget	1	399976
1562.5308069015632	1.0	NonTarget	1	400008
1562.655806866116	1.0	NonTarget	1	400040
1562.7808068306688	1.0	NonTarget	1	400072
1562.9058067952217	1.0	NonTarget	1	400104
1563.0308067597746	1.0	NonTarget	1	400136
1563.1558067243272	1.0	NonTarget	1	400168
1563.2808066888801	1.0	NonTarget	1	400200
1563.405806653433	1.0	NonTarget	1	400232
1563.530806617986	1.0	NonTarget	1	400264
1563.6558065825386	1.0	NonTarget	1	400296
1563.7808065470915	1.0	NonTarget	1	400328
1563.9058065116444	1.0	NonTarget	1	400360
1564.030806476197	1.0	NonTarget	1	400392
1564.15580644075	1.0	NonTarget	1	400424
1564.2808064053029	1.0	NonTarget	1	400456
1564.4058063698558	1.0	NonTarget	1	400488
1570.5308046329446	1.0	NonTarget	1	402056
1570.6558045974973	1.0	NonTarget	1	402088
1570.7808045620502	1.0	NonTarget	1	402120
1570.905804526603	1.0	NonTarget	1	402152
1571.0308044911558	1.0	NonTarget	1	402184
1571.1558044557087	1.0	NonTarget	1	402216
1571.2808044202616	1.0	NonTarget	1	402248
1571.4058043848145	1.0	NonTarget	1	402280
1571.5308043493671	1.0	NonTarget	1	402312
1571.65580431392	1.0	NonTarget	1	402344
1571.780804278473	1.0	NonTarget	1	402376
1571.9058042430256	1.0	NonTarget	1	402408
1572.0308042075785	1.0	NonTarget	1	402440
1572.1558041721314	1.0	NonTarget	1	402472
1572.2808041366843	1.0	NonTarget	1	402504
1572.405804101237	1.0	NonTarget	1	402536
1572.5308040657899	1.0	NonTarget	1	402568
1572.6558040303428	1.0	NonTarget	1	402600
1572.7808039948955	1.0	NonTarget	1	402632
1572.9058039594483	1.0	NonTarget	1	402664
1573.0308039240012	1.0	NonTarget	1	402696
1573.1558038885541	1.0	NonTarget	1	402728
1573.2808038531068	1.0	NonTarget	1	402760
1573.4058038176597	1.0	NonTarget	1	402792
1573.5308037822126	1.0	NonTarget	1	402824
1573.6558037467653	1.0	NonTarget	1	402856
1573.7808037113182	1.0	NonTarget	1	402888
1573.905803675871	1.0	NonTarget	1	402920
1574.030803640424	1.0	NonTarget	1	402952
1574.1558036049767	1.0	NonTarget	1	402984
1574.2808035695296	1.0	NonTarget	1	403016
1574.4058035340825	1.0	NonTarget	1	403048
1574.5308034986351	1.0	NonTarget	1	403080
1574.655803463188	1.0	NonTarget	1	403112
1574.780803427741	1.0	NonTarget	1	403144
1574.9058033922938	1.0	NonTarget	1	403176
1575.0308033568465	1.0	NonTarget	1	403208
1575.1558033213994	1.0	NonTarget	1	403240
1575.2808032859523	1.0	NonTarget	1	403272
1575.405803250505	1.0	NonTarget	1	403304
1575.5308032150579	1.0	NonTarget	1	403336
1575.6558031796108	1.0	NonTarget	1	403368
1575.7808031441637	1.0	NonTarget	1	403400
1575.9058031087163	1.0	NonTarget	1	403432
1576.0308030732692	1.0	NonTarget	1	403464
1576.1558030378221	1.0	NonTarget	1	403496
1576.2808030023748	1.0	NonTarget	1	403528
1576.4058029669277	1.0	NonTarget	1	403560
1576.5308029314806	1.0	NonTarget	1	403592
1576.6558028960335	1.0	NonTarget	1	403624
1576.7808028605862	1.0	NonTarget	1	403656
1576.905802825139	1.0	NonTarget	1	403688
1577.030802789692	1.0	NonTarget	1	403720
1577.1558027542446	1.0	NonTarget	1	403752
1577.2808027187975	1.0	NonTarget	1	403784
1577.4058026833504	1.0	NonTarget	1	403816
1577.5308026479033	1.0	NonTarget	1	403848
1577.655802612456	1.0	NonTarget	1	403880
1577.780802577009	1.0	NonTarget	1	403912
1577.9058025415618	1.0	NonTarget	1	403944
1578.0308025061145	1.0	NonTarget	1	403976
1578.1558024706674	1.0	NonTarget	1	404008
1578.2808024352203	1.0	NonTarget	1	404040
1578.4058023997732	1.0	NonTarget	1	404072
1578.5308023643258	1.0	NonTarget	1	404104
1578.6558023288787	1.0	NonTarget	1	404136
1578.7808022934316	1.0	NonTarget	1	404168
1578.9058022579843	1.0	NonTarget	1	404200
1579.0308022225372	1.0	NonTarget	1	404232
1579.15580218709	1.0	NonTarget	1	404264
1579.280802151643	1.0	NonTarget	1	404296
1579.4058021161957	1.0	NonTarget	1	404328
1579.5308020807486	1.0	NonTarget	1	404360
1579.6558020453015	1.0	NonTarget	1	404392
1579.7808020098544	1.0	NonTarget	1	404424
1579.905801974407	1.0	NonTarget	1	404456
1580.03080193896	1.0	NonTarget	1	404488
1580.1558019035128	1.0	NonTarget	1	404520
1580.2808018680655	1.0	NonTarget	1	404552
1580.4058018326184	1.0	NonTarget	1	404584
1580.5308017971713	1.0	NonTarget	1	404616
1580.6558017617242	1.0	NonTarget	1	404648
1580.7808017262769	1.0	NonTarget	1	404680
1580.9058016908298	1.0	NonTarget	1	404712
1581.0308016553827	1.0	NonTarget	1	404744
1581.1558016199353	1.0	NonTarget	1	404776
1581.2808015844882	1.0	NonTarget	1	404808
1581.4058015490411	1.0	NonTarget	1	404840
1581.530801513594	1.0	NonTarget	1	404872
1581.6558014781467	1.0	NonTarget	1	404904
1581.7808014426996	1.0	NonTarget	1	404936
1581.9058014072525	1.0	NonTarget	1	404968
1582.0308013718052	1.0	NonTarget	1	405000
1582.155801336358	1.0	NonTarget	1	405032
1582.280801300911	1.0	NonTarget	1	405064
1582.4058012654639	1.0	NonTarget	1	405096
1588.5307995285527	1.0	NonTarget	1	406664
1588.6557994931054	1.0	NonTarget	1	406696
1588.7807994576583	1.0	NonTarget	1	406728
1588.9057994222112	1.0	NonTarget	1	406760
1589.0307993867639	1.0	NonTarget	1	406792
1589.1557993513168	1.0	NonTarget	1	406824
1589.2807993158697	1.0	NonTarget	1	406856
1589.4057992804226	1.0	NonTarget	1	406888
1589.5307992449752	1.0	NonTarget	1	406920
1589.6557992095281	1.0	NonTarget	1	406952
1589.780799174081	1.0	NonTarget	1	406984
1589.9057991386337	1.0	NonTarget	1	407016
1590.0307991031866	1.0	NonTarget	1	407048
1590.1557990677395	1.0	NonTarget	1	407080
1590.2807990322924	1.0	NonTarget	1	407112
1590.405798996845	1.0	NonTarget	1	407144
1590.530798961398	1.0	NonTarget	1	407176
1590.6557989259509	1.0	NonTarget	1	407208
1590.7807988905035	1.0	NonTarget	1	407240
1590.9057988550564	1.0	NonTarget	1	407272
1591.0307988196093	1.0	NonTarget	1	407304
1591.1557987841622	1.0	NonTarget	1	407336
1591.280798748715	1.0	NonTarget	1	407368
1591.4057987132678	1.0	NonTarget	1	407400
1591.5307986778207	1.0	NonTarget	1	407432
1591.6557986423734	1.0	NonTarget	1	407464
1591.7807986069263	1.0	NonTarget	1	407496
1591.9057985714792	1.0	NonTarget	1	407528
1592.030798536032	1.0	NonTarget	1	407560
1592.1557985005848	1.0	NonTarget	1	407592
1592.2807984651377	1.0	NonTarget	1	407624
1592.4057984296905	1.0	NonTarget	1	407656
1592.5307983942432	1.0	NonTarget	1	407688
1592.6557983587961	1.0	NonTarget	1	407720
1592.780798323349	1.0	NonTarget	1	407752
1592.905798287902	1.0	NonTarget	1	407784
1593.0307982524546	1.0	NonTarget	1	407816
1593.1557982170075	1.0	NonTarget	1	407848
1593.2807981815604	1.0	NonTarget	1	407880
1593.405798146113	1.0	NonTarget	1	407912
1593.530798110666	1.0	NonTarget	1	407944
1593.6557980752189	1.0	NonTarget	1	407976
1593.7807980397718	1.0	NonTarget	1	408008
1593.9057980043244	1.0	NonTarget	1	408040
1594.0307979688773	1.0	NonTarget	1	408072
1594.1557979334302	1.0	NonTarget	1	408104
1594.280797897983	1.0	NonTarget	1	408136
1594.4057978625358	1.0	NonTarget	1	408168
1594.5307978270887	1.0	NonTarget	1	408200
1594.6557977916416	1.0	NonTarget	1	408232
1594.7807977561943	1.0	NonTarget	1	408264
1594.9057977207472	1.0	NonTarget	1	408296
1595.0307976853	1.0	NonTarget	1	408328
1595.1557976498527	1.0	NonTarget	1	408360
1595.2807976144056	1.0	NonTarget	1	408392
1595.4057975789585	1.0	NonTarget	1	408424
1595.5307975435114	1.0	NonTarget	1	408456
1595.655797508064	1.0	NonTarget	1	408488
1595.780797472617	1.0	NonTarget	1	408520
1595.90579743717	1.0	NonTarget	1	408552
1596.0307974017226	1.0	NonTarget	1	408584
1596.1557973662755	1.0	NonTarget	1	408616
1596.2807973308284	1.0	NonTarget	1	408648
1596.4057972953813	1.0	NonTarget	1	408680
1596.530797259934	1.0	NonTarget	1	408712
1596.6557972244868	1.0	NonTarget	1	408744
1596.7807971890397	1.0	NonTarget	1	408776
1596.9057971535924	1.0	NonTarget	1	408808
1597.0307971181453	1.0	NonTarget	1	408840
1597.1557970826982	1.0	NonTarget	1	408872
1597.280797047251	1.0	NonTarget	1	408904
1597.4057970118038	1.0	NonTarget	1	408936
1597.5307969763567	1.0	NonTarget	1	408968
1597.6557969409096	1.0	NonTarget	1	409000
1597.7807969054622	1.0	NonTarget	1	409032
1597.9057968700151	1.0	NonTarget	1	409064
1598.030796834568	1.0	NonTarget	1	409096
1598.155796799121	1.0	NonTarget	1	409128
1598.2807967636736	1.0	NonTarget	1	409160
1598.4057967282265	1.0	NonTarget	1	409192
1598.5307966927794	1.0	NonTarget	1	409224
1598.6557966573323	1.0	NonTarget	1	409256
1598.780796621885	1.0	NonTarget	1	409288
1598.9057965864379	1.0	NonTarget	1	409320
1599.0307965509908	1.0	NonTarget	1	409352
1599.1557965155434	1.0	NonTarget	1	409384
1599.2807964800963	1.0	NonTarget	1	409416
1599.4057964446492	1.0	NonTarget	1	409448
1599.5307964092021	1.0	NonTarget	1	409480
1599.6557963737548	1.0	NonTarget	1	409512
1599.7807963383077	1.0	NonTarget	1	409544
1599.9057963028606	1.0	NonTarget	1	409576
1600.0307962674133	1.0	NonTarget	1	409608
1600.1557962319662	1.0	NonTarget	1	409640
1600.280796196519	1.0	NonTarget	1	409672
1600.405796161072	1.0	NonTarget	1	409704
1606.5307944241608	1.0	NonTarget	1	411272
1606.6557943887135	1.0	NonTarget	1	411304
1606.7807943532664	1.0	NonTarget	1	411336
1606.9057943178193	1.0	NonTarget	1	411368
1607.030794282372	1.0	NonTarget	1	411400
1607.1557942469249	1.0	NonTarget	1	411432
1607.2807942114778	1.0	NonTarget	1	411464
1607.4057941760307	1.0	NonTarget	1	411496
1607.5307941405833	1.0	NonTarget	1	411528
1607.6557941051362	1.0	NonTarget	1	411560
1607.7807940696891	1.0	NonTarget	1	411592
1607.9057940342418	1.0	NonTarget	1	411624
1608.0307939987947	1.0	NonTarget	1	411656
1608.1557939633476	1.0	NonTarget	1	411688
1608.2807939279005	1.0	NonTarget	1	411720
1608.4057938924532	1.0	NonTarget	1	411752
1608.530793857006	1.0	NonTarget	1	411784
1608.655793821559	1.0	NonTarget	1	411816
1608.7807937861116	1.0	NonTarget	1	411848
1608.9057937506645	1.0	NonTarget	1	411880
1609.0307937152174	1.0	NonTarget	1	411912
1609.1557936797703	1.0	NonTarget	1	411944
1609.280793644323	1.0	NonTarget	1	411976
1609.405793608876	1.0	NonTarget	1	412008
1609.5307935734288	1.0	NonTarget	1	412040
1609.6557935379815	1.0	NonTarget	1	412072
1609.7807935025344	1.0	NonTarget	1	412104
1609.9057934670873	1.0	NonTarget	1	412136
1610.0307934316402	1.0	NonTarget	1	412168
1610.1557933961928	1.0	NonTarget	1	412200
1610.2807933607457	1.0	NonTarget	1	412232
1610.4057933252986	1.0	NonTarget	1	412264
1610.5307932898513	1.0	NonTarget	1	412296
1610.6557932544042	1.0	NonTarget	1	412328
1610.7807932189571	1.0	NonTarget	1	412360
1610.90579318351	1.0	NonTarget	1	412392
1611.0307931480627	1.0	NonTarget	1	412424
1611.1557931126156	1.0	NonTarget	1	412456
1611.2807930771685	1.0	NonTarget	1	412488
1611.4057930417212	1.0	NonTarget	1	412520
1611.530793006274	1.0	NonTarget	1	412552
1611.655792970827	1.0	NonTarget	1	412584
1611.7807929353798	1.0	NonTarget	1	412616
1611.9057928999325	1.0	NonTarget	1	412648
1612.0307928644854	1.0	NonTarget	1	412680
1612.1557928290383	1.0	NonTarget	1	412712
1612.280792793591	1.0	NonTarget	1	412744
1612.405792758144	1.0	NonTarget	1	412776
1612.5307927226968	1.0	NonTarget	1	412808
1612.6557926872497	1.0	NonTarget	1	412840
1612.7807926518024	1.0	NonTarget	1	412872
1612.9057926163553	1.0	NonTarget	1	412904
1613.0307925809082	1.0	NonTarget	1	412936
1613.1557925454608	1.0	NonTarget	1	412968
1613.2807925100137	1.0	NonTarget	1	413000
1613.4057924745666	1.0	NonTarget	1	413032
1613.5307924391195	1.0	NonTarget	1	413064
1613.6557924036722	1.0	NonTarget	1	413096
1613.780792368225	1.0	NonTarget	1	413128
1613.905792332778	1.0	NonTarget	1	413160
1614.0307922973307	1.0	NonTarget	1	413192
1614.1557922618836	1.0	NonTarget	1	413224
1614.2807922264365	1.0	NonTarget	1	413256
1614.4057921909894	1.0	NonTarget	1	413288
1614.530792155542	1.0	NonTarget	1	413320
1614.655792120095	1.0	NonTarget	1	413352
1614.7807920846478	1.0	NonTarget	1	413384
1614.9057920492005	1.0	NonTarget	1	413416
1615.0307920137534	1.0	NonTarget	1	413448
1615.1557919783063	1.0	NonTarget	1	413480
1615.2807919428592	1.0	NonTarget	1	413512
1615.4057919074119	1.0	NonTarget	1	413544
1615.5307918719648	1.0	NonTarget	1	413576
1615.6557918365177	1.0	NonTarget	1	413608
1615.7807918010703	1.0	NonTarget	1	413640
1615.9057917656232	1.0	NonTarget	1	413672
1616.0307917301761	1.0	NonTarget	1	413704
1616.155791694729	1.0	NonTarget	1	413736
1616.2807916592817	1.0	NonTarget	1	413768
1616.4057916238346	1.0	NonTarget	1	413800
1616.5307915883875	1.0	NonTarget	1	413832
1616.6557915529402	1.0	NonTarget	1	413864
1616.780791517493	1.0	NonTarget	1	413896
1616.905791482046	1.0	NonTarget	1	413928
1617.0307914465989	1.0	NonTarget	1	413960
1617.1557914111515	1.0	NonTarget	1	413992
1617.2807913757044	1.0	NonTarget	1	414024
1617.4057913402573	1.0	NonTarget	1	414056
1617.5307913048102	1.0	NonTarget	1	414088
1617.655791269363	1.0	NonTarget	1	414120
1617.7807912339158	1.0	NonTarget	1	414152
1617.9057911984687	1.0	NonTarget	1	414184
1618.0307911630214	1.0	NonTarget	1	414216
1618.1557911275743	1.0	NonTarget	1	414248
1618.2807910921272	1.0	NonTarget	1	414280
1618.40579105668	1.0	NonTarget	1	414312
1624.530789319769	1.0	NonTarget	1	415880
1624.6557892843216	1.0	NonTarget	1	415912
1624.7807892488745	1.0	NonTarget	1	415944
1624.9057892134274	1.0	NonTarget	1	415976
1625.03078917798	1.0	NonTarget	1	416008
1625.155789142533	1.0	NonTarget	1	416040
1625.2807891070859	1.0	NonTarget	1	416072
1625.4057890716388	1.0	NonTarget	1	416104
1625.5307890361914	1.0	NonTarget	1	416136
1625.6557890007443	1.0	NonTarget	1	416168
1625.7807889652972	1.0	NonTarget	1	416200
1625.90578892985	1.0	NonTarget	1	416232
1626.0307888944028	1.0	NonTarget	1	416264
1626.1557888589557	1.0	NonTarget	1	416296
1626.2807888235086	1.0	NonTarget	1	416328
1626.4057887880613	1.0	NonTarget	1	416360
1626.5307887526142	1.0	NonTarget	1	416392
1626.655788717167	1.0	NonTarget	1	416424
1626.7807886817197	1.0	NonTarget	1	416456
1626.9057886462726	1.0	NonTarget	1	416488
1627.0307886108255	1.0	NonTarget	1	416520
1627.1557885753784	1.0	NonTarget	1	416552
1627.280788539931	1.0	NonTarget	1	416584
1627.405788504484	1.0	NonTarget	1	416616
1627.530788469037	1.0	NonTarget	1	416648
1627.6557884335896	1.0	NonTarget	1	416680
1627.7807883981425	1.0	NonTarget	1	416712
1627.9057883626954	1.0	NonTarget	1	416744
1628.0307883272483	1.0	NonTarget	1	416776
1628.155788291801	1.0	NonTarget	1	416808
1628.2807882563538	1.0	NonTarget	1	416840
1628.4057882209067	1.0	NonTarget	1	416872
1628.5307881854594	1.0	NonTarget	1	416904
1628.6557881500123	1.0	NonTarget	1	416936
1628.7807881145652	1.0	NonTarget	1	416968
1628.905788079118	1.0	NonTarget	1	417000
1629.0307880436708	1.0	NonTarget	1	417032
1629.1557880082237	1.0	NonTarget	1	417064
1629.2807879727766	1.0	NonTarget	1	417096
1629.4057879373293	1.0	NonTarget	1	417128
1629.5307879018821	1.0	NonTarget	1	417160
1629.655787866435	1.0	NonTarget	1	417192
1629.780787830988	1.0	NonTarget	1	417224
1629.9057877955406	1.0	NonTarget	1	417256
1630.0307877600935	1.0	NonTarget	1	417288
1630.1557877246464	1.0	NonTarget	1	417320
1630.280787689199	1.0	NonTarget	1	417352
1630.405787653752	1.0	NonTarget	1	417384
1630.5307876183049	1.0	NonTarget	1	417416
1630.6557875828578	1.0	NonTarget	1	417448
1630.7807875474105	1.0	NonTarget	1	417480
1630.9057875119634	1.0	NonTarget	1	417512
1631.0307874765163	1.0	NonTarget	1	417544
1631.155787441069	1.0	NonTarget	1	417576
1631.2807874056218	1.0	NonTarget	1	417608
1631.4057873701747	1.0	NonTarget	1	417640
1631.5307873347276	1.0	NonTarget	1	417672
1631.6557872992803	1.0	NonTarget	1	417704
1631.7807872638332	1.0	NonTarget	1	417736
1631.905787228386	1.0	NonTarget	1	417768
1632.0307871929388	1.0	NonTarget	1	417800
1632.1557871574917	1.0	NonTarget	1	417832
1632.2807871220446	1.0	NonTarget	1	417864
1632.4057870865975	1.0	NonTarget	1	417896
1632.5307870511501	1.0	NonTarget	1	417928
1632.655787015703	1.0	NonTarget	1	417960
1632.780786980256	1.0	NonTarget	1	417992
1632.9057869448086	1.0	NonTarget	1	418024
1633.0307869093615	1.0	NonTarget	1	418056
1633.1557868739144	1.0	NonTarget	1	418088
1633.2807868384673	1.0	NonTarget	1	418120
1633.40578680302	1.0	NonTarget	1	418152
1633.5307867675729	1.0	NonTarget	1	418184
1633.6557867321258	1.0	NonTarget	1	418216
1633.7807866966784	1.0	NonTarget	1	418248
1633.9057866612313	1.0	NonTarget	1	418280
1634.0307866257842	1.0	NonTarget	1	418312
1634.1557865903371	1.0	NonTarget	1	418344
1634.2807865548898	1.0	NonTarget	1	418376
1634.4057865194427	1.0	NonTarget	1	418408
1634.5307864839956	1.0	NonTarget	1	418440
1634.6557864485483	1.0	NonTarget	1	418472
1634.7807864131012	1.0	NonTarget	1	418504
1634.905786377654	1.0	NonTarget	1	418536
1635.030786342207	1.0	NonTarget	1	418568
1635.1557863067596	1.0	NonTarget	1	418600
1635.2807862713125	1.0	NonTarget	1	418632
1635.4057862358654	1.0	NonTarget	1	418664
1635.530786200418	1.0	NonTarget	1	418696
1635.655786164971	1.0	NonTarget	1	418728
1635.780786129524	1.0	NonTarget	1	418760
1635.9057860940768	1.0	NonTarget	1	418792
1636.0307860586295	1.0	NonTarget	1	418824
1636.1557860231824	1.0	NonTarget	1	418856
1636.2807859877353	1.0	NonTarget	1	418888
1636.4057859522882	1.0	NonTarget	1	418920
1642.530784215377	1.0	NonTarget	1	420488
1642.6557841799297	1.0	NonTarget	1	420520
1642.7807841444826	1.0	NonTarget	1	420552
1642.9057841090355	1.0	NonTarget	1	420584
1643.0307840735882	1.0	NonTarget	1	420616
1643.155784038141	1.0	NonTarget	1	420648
1643.280784002694	1.0	NonTarget	1	420680
1643.4057839672469	1.0	NonTarget	1	420712
1643.5307839317995	1.0	NonTarget	1	420744
1643.6557838963524	1.0	NonTarget	1	420776
1643.7807838609053	1.0	NonTarget	1	420808
1643.905783825458	1.0	NonTarget	1	420840
1644.030783790011	1.0	NonTarget	1	420872
1644.1557837545638	1.0	NonTarget	1	420904
1644.2807837191167	1.0	NonTarget	1	420936
1644.4057836836694	1.0	NonTarget	1	420968
1644.5307836482223	1.0	NonTarget	1	421000
1644.6557836127752	1.0	NonTarget	1	421032
1644.7807835773278	1.0	NonTarget	1	421064
1644.9057835418807	1.0	NonTarget	1	421096
1645.0307835064336	1.0	NonTarget	1	421128
1645.1557834709865	1.0	NonTarget	1	421160
1645.2807834355392	1.0	NonTarget	1	421192
1645.405783400092	1.0	NonTarget	1	421224
1645.530783364645	1.0	NonTarget	1	421256
1645.6557833291977	1.0	NonTarget	1	421288
1645.7807832937506	1.0	NonTarget	1	421320
1645.9057832583035	1.0	NonTarget	1	421352
1646.0307832228564	1.0	NonTarget	1	421384
1646.155783187409	1.0	NonTarget	1	421416
1646.280783151962	1.0	NonTarget	1	421448
1646.4057831165148	1.0	NonTarget	1	421480
1646.5307830810675	1.0	NonTarget	1	421512
1646.6557830456204	1.0	NonTarget	1	421544
1646.7807830101733	1.0	NonTarget	1	421576
1646.9057829747262	1.0	NonTarget	1	421608
1647.0307829392789	1.0	NonTarget	1	421640
1647.1557829038318	1.0	NonTarget	1	421672
1647.2807828683847	1.0	NonTarget	1	421704
1647.4057828329373	1.0	NonTarget	1	421736
1647.5307827974902	1.0	NonTarget	1	421768
1647.6557827620431	1.0	NonTarget	1	421800
1647.780782726596	1.0	NonTarget	1	421832
1647.9057826911487	1.0	NonTarget	1	421864
1648.0307826557016	1.0	NonTarget	1	421896
1648.1557826202545	1.0	NonTarget	1	421928
1648.2807825848072	1.0	NonTarget	1	421960
1648.40578254936	1.0	NonTarget	1	421992
1648.530782513913	1.0	NonTarget	1	422024
1648.6557824784659	1.0	NonTarget	1	422056
1648.7807824430186	1.0	NonTarget	1	422088
1648.9057824075715	1.0	NonTarget	1	422120
1649.0307823721243	1.0	NonTarget	1	422152
1649.155782336677	1.0	NonTarget	1	422184
1649.28078230123	1.0	NonTarget	1	422216
1649.4057822657828	1.0	NonTarget	1	422248
1649.5307822303357	1.0	NonTarget	1	422280
1649.6557821948884	1.0	NonTarget	1	422312
1649.7807821594413	1.0	NonTarget	1	422344
1649.9057821239942	1.0	NonTarget	1	422376
1650.0307820885469	1.0	NonTarget	1	422408
1650.1557820530998	1.0	NonTarget	1	422440
1650.2807820176527	1.0	NonTarget	1	422472
1650.4057819822056	1.0	NonTarget	1	422504
1650.5307819467582	1.0	NonTarget	1	422536
1650.6557819113111	1.0	NonTarget	1	422568
1650.780781875864	1.0	NonTarget	1	422600
1650.9057818404167	1.0	NonTarget	1	422632
1651.0307818049696	1.0	NonTarget	1	422664
1651.1557817695225	1.0	NonTarget	1	422696
1651.2807817340754	1.0	NonTarget	1	422728
1651.405781698628	1.0	NonTarget	1	422760
1651.530781663181	1.0	NonTarget	1	422792
1651.6557816277339	1.0	NonTarget	1	422824
1651.7807815922865	1.0	NonTarget	1	422856
1651.9057815568394	1.0	NonTarget	1	422888
1652.0307815213923	1.0	NonTarget	1	422920
1652.1557814859452	1.0	NonTarget	1	422952
1652.280781450498	1.0	NonTarget	1	422984
1652.4057814150508	1.0	NonTarget	1	423016
1652.5307813796037	1.0	NonTarget	1	423048
1652.6557813441564	1.0	NonTarget	1	423080
1652.7807813087093	1.0	NonTarget	1	423112
1652.9057812732622	1.0	NonTarget	1	423144
1653.030781237815	1.0	NonTarget	1	423176
1653.1557812023677	1.0	NonTarget	1	423208
1653.2807811669206	1.0	NonTarget	1	423240
1653.4057811314735	1.0	NonTarget	1	423272
1653.5307810960262	1.0	NonTarget	1	423304
1653.655781060579	1.0	NonTarget	1	423336
1653.780781025132	1.0	NonTarget	1	423368
1653.905780989685	1.0	NonTarget	1	423400
1654.0307809542376	1.0	NonTarget	1	423432
1654.1557809187905	1.0	NonTarget	1	423464
1654.2807808833434	1.0	NonTarget	1	423496
1654.405780847896	1.0	NonTarget	1	423528
1660.5307791109851	1.0	NonTarget	1	425096
1660.6557790755378	1.0	NonTarget	1	425128
1660.7807790400907	1.0	NonTarget	1	425160
1660.9057790046436	1.0	NonTarget	1	425192
1661.0307789691963	1.0	NonTarget	1	425224
1661.1557789337492	1.0	NonTarget	1	425256
1661.280778898302	1.0	NonTarget	1	425288
1661.405778862855	1.0	NonTarget	1	425320
1661.5307788274076	1.0	NonTarget	1	425352
1661.6557787919605	1.0	NonTarget	1	425384
1661.7807787565134	1.0	NonTarget	1	425416
1661.905778721066	1.0	NonTarget	1	425448
1662.030778685619	1.0	NonTarget	1	425480
1662.155778650172	1.0	NonTarget	1	425512
1662.2807786147248	1.0	NonTarget	1	425544
1662.4057785792775	1.0	NonTarget	1	425576
1662.5307785438304	1.0	NonTarget	1	425608
1662.6557785083833	1.0	NonTarget	1	425640
1662.780778472936	1.0	NonTarget	1	425672
1662.9057784374888	1.0	NonTarget	1	425704
1663.0307784020417	1.0	NonTarget	1	425736
1663.1557783665946	1.0	NonTarget	1	425768
1663.2807783311473	1.0	NonTarget	1	425800
1663.4057782957002	1.0	NonTarget	1	425832
1663.530778260253	1.0	NonTarget	1	425864
1663.6557782248058	1.0	NonTarget	1	425896
1663.7807781893587	1.0	NonTarget	1	425928
1663.9057781539116	1.0	NonTarget	1	425960
1664.0307781184645	1.0	NonTarget	1	425992
1664.1557780830171	1.0	NonTarget	1	426024
1664.28077804757	1.0	NonTarget	1	426056
1664.405778012123	1.0	NonTarget	1	426088
1664.5307779766756	1.0	NonTarget	1	426120
1664.6557779412285	1.0	NonTarget	1	426152
1664.7807779057814	1.0	NonTarget	1	426184
1664.9057778703343	1.0	NonTarget	1	426216
1665.030777834887	1.0	NonTarget	1	426248
1665.1557777994399	1.0	NonTarget	1	426280
1665.2807777639928	1.0	NonTarget	1	426312
1665.4057777285454	1.0	NonTarget	1	426344
1665.5307776930983	1.0	NonTarget	1	426376
1665.6557776576512	1.0	NonTarget	1	426408
1665.7807776222041	1.0	NonTarget	1	426440
1665.9057775867568	1.0	NonTarget	1	426472
1666.0307775513097	1.0	NonTarget	1	426504
1666.1557775158626	1.0	NonTarget	1	426536
1666.2807774804153	1.0	NonTarget	1	426568
1666.4057774449682	1.0	NonTarget	1	426600
1666.530777409521	1.0	NonTarget	1	426632
1666.655777374074	1.0	NonTarget	1	426664
1666.7807773386266	1.0	NonTarget	1	426696
1666.9057773031795	1.0	NonTarget	1	426728
1667.0307772677324	1.0	NonTarget	1	426760
1667.1557772322851	1.0	NonTarget	1	426792
1667.280777196838	1.0	NonTarget	1	426824
1667.405777161391	1.0	NonTarget	1	426856
1667.5307771259438	1.0	NonTarget	1	426888
1667.6557770904965	1.0	NonTarget	1	426920
1667.7807770550494	1.0	NonTarget	1	426952
1667.9057770196023	1.0	NonTarget	1	426984
1668.030776984155	1.0	NonTarget	1	427016
1668.1557769487079	1.0	NonTarget	1	427048
1668.2807769132608	1.0	NonTarget	1	427080
1668.4057768778137	1.0	NonTarget	1	427112
1668.5307768423663	1.0	NonTarget	1	427144
1668.6557768069192	1.0	NonTarget	1	427176
1668.7807767714721	1.0	NonTarget	1	427208
1668.9057767360248	1.0	NonTarget	1	427240
1669.0307767005777	1.0	NonTarget	1	427272
1669.1557766651306	1.0	NonTarget	1	427304
1669.2807766296835	1.0	NonTarget	1	427336
1669.4057765942362	1.0	NonTarget	1	427368
1669.530776558789	1.0	NonTarget	1	427400
1669.655776523342	1.0	NonTarget	1	427432
1669.7807764878946	1.0	NonTarget	1	427464
1669.9057764524475	1.0	NonTarget	1	427496
1670.0307764170004	1.0	NonTarget	1	427528
1670.1557763815533	1.0	NonTarget	1	427560
1670.280776346106	1.0	NonTarget	1	427592
1670.405776310659	1.0	NonTarget	1	427624
1670.5307762752118	1.0	NonTarget	1	427656
1670.6557762397645	1.0	NonTarget	1	427688
1670.7807762043174	1.0	NonTarget	1	427720
1670.9057761688703	1.0	NonTarget	1	427752
1671.0307761334232	1.0	NonTarget	1	427784
1671.1557760979758	1.0	NonTarget	1	427816
1671.2807760625287	1.0	NonTarget	1	427848
1671.4057760270816	1.0	NonTarget	1	427880
1671.5307759916343	1.0	NonTarget	1	427912
1671.6557759561872	1.0	NonTarget	1	427944
1671.78077592074	1.0	NonTarget	1	427976
1671.905775885293	1.0	NonTarget	1	428008
1672.0307758498457	1.0	NonTarget	1	428040
1672.1557758143986	1.0	NonTarget	1	428072
1672.2807757789515	1.0	NonTarget	1	428104
1672.4057757435041	1.0	NonTarget	1	428136
1678.5307740065932	1.0	NonTarget	1	429704
1678.655773971146	1.0	NonTarget	1	429736
1678.7807739356988	1.0	NonTarget	1	429768
1678.9057739002517	1.0	NonTarget	1	429800
1679.0307738648044	1.0	NonTarget	1	429832
1679.1557738293573	1.0	NonTarget	1	429864
1679.2807737939102	1.0	NonTarget	1	429896
1679.405773758463	1.0	NonTarget	1	429928
1679.5307737230157	1.0	NonTarget	1	429960
1679.6557736875686	1.0	NonTarget	1	429992
1679.7807736521215	1.0	NonTarget	1	430024
1679.9057736166742	1.0	NonTarget	1	430056
1680.030773581227	1.0	NonTarget	1	430088
1680.15577354578	1.0	NonTarget	1	430120
1680.280773510333	1.0	NonTarget	1	430152
1680.4057734748856	1.0	NonTarget	1	430184
1680.5307734394385	1.0	NonTarget	1	430216
1680.6557734039914	1.0	NonTarget	1	430248
1680.780773368544	1.0	NonTarget	1	430280
1680.905773333097	1.0	NonTarget	1	430312
1681.0307732976498	1.0	NonTarget	1	430344
1681.1557732622027	1.0	NonTarget	1	430376
1681.2807732267554	1.0	NonTarget	1	430408
1681.4057731913083	1.0	NonTarget	1	430440
1681.5307731558612	1.0	NonTarget	1	430472
1681.6557731204139	1.0	NonTarget	1	430504
1681.7807730849668	1.0	NonTarget	1	430536
1681.9057730495197	1.0	NonTarget	1	430568
1682.0307730140726	1.0	NonTarget	1	430600
1682.1557729786252	1.0	NonTarget	1	430632
1682.2807729431781	1.0	NonTarget	1	430664
1682.405772907731	1.0	NonTarget	1	430696
1682.5307728722837	1.0	NonTarget	1	430728
1682.6557728368366	1.0	NonTarget	1	430760
1682.7807728013895	1.0	NonTarget	1	430792
1682.9057727659424	1.0	NonTarget	1	430824
1683.030772730495	1.0	NonTarget	1	430856
1683.155772695048	1.0	NonTarget	1	430888
1683.2807726596009	1.0	NonTarget	1	430920
1683.4057726241535	1.0	NonTarget	1	430952
1683.5307725887064	1.0	NonTarget	1	430984
1683.6557725532593	1.0	NonTarget	1	431016
1683.7807725178122	1.0	NonTarget	1	431048
1683.905772482365	1.0	NonTarget	1	431080
1684.0307724469178	1.0	NonTarget	1	431112
1684.1557724114707	1.0	NonTarget	1	431144
1684.2807723760234	1.0	NonTarget	1	431176
1684.4057723405763	1.0	NonTarget	1	431208
1684.5307723051292	1.0	NonTarget	1	431240
1684.655772269682	1.0	NonTarget	1	431272
1684.7807722342347	1.0	NonTarget	1	431304
1684.9057721987876	1.0	NonTarget	1	431336
1685.0307721633405	1.0	NonTarget	1	431368
1685.1557721278932	1.0	NonTarget	1	431400
1685.280772092446	1.0	NonTarget	1	431432
1685.405772056999	1.0	NonTarget	1	431464
1685.530772021552	1.0	NonTarget	1	431496
1685.6557719861046	1.0	NonTarget	1	431528
1685.7807719506575	1.0	NonTarget	1	431560
1685.9057719152104	1.0	NonTarget	1	431592
1686.030771879763	1.0	NonTarget	1	431624
1686.155771844316	1.0	NonTarget	1	431656
1686.2807718088688	1.0	NonTarget	1	431688
1686.4057717734217	1.0	NonTarget	1	431720
1686.5307717379744	1.0	NonTarget	1	431752
1686.6557717025273	1.0	NonTarget	1	431784
1686.7807716670802	1.0	NonTarget	1	431816
1686.905771631633	1.0	NonTarget	1	431848
1687.0307715961858	1.0	NonTarget	1	431880
1687.1557715607387	1.0	NonTarget	1	431912
1687.2807715252916	1.0	NonTarget	1	431944
1687.4057714898443	1.0	NonTarget	1	431976
1687.5307714543972	1.0	NonTarget	1	432008
1687.65577141895	1.0	NonTarget	1	432040
1687.7807713835027	1.0	NonTarget	1	432072
1687.9057713480556	1.0	NonTarget	1	432104
1688.0307713126085	1.0	NonTarget	1	432136
1688.1557712771614	1.0	NonTarget	1	432168
1688.280771241714	1.0	NonTarget	1	432200
1688.405771206267	1.0	NonTarget	1	432232
1688.53077117082	1.0	NonTarget	1	432264
1688.6557711353726	1.0	NonTarget	1	432296
1688.7807710999255	1.0	NonTarget	1	432328
1688.9057710644784	1.0	NonTarget	1	432360
1689.0307710290313	1.0	NonTarget	1	432392
1689.155770993584	1.0	NonTarget	1	432424
1689.2807709581368	1.0	NonTarget	1	432456
1689.4057709226897	1.0	NonTarget	1	432488
1689.5307708872424	1.0	NonTarget	1	432520
1689.6557708517953	1.0	NonTarget	1	432552
1689.7807708163482	1.0	NonTarget	1	432584
1689.905770780901	1.0	NonTarget	1	432616
1690.0307707454538	1.0	NonTarget	1	432648
1690.1557707100067	1.0	NonTarget	1	432680
1690.2807706745596	1.0	NonTarget	1	432712
1690.4057706391122	1.0	NonTarget	1	432744
1696.5307689022013	1.0	NonTarget	1	434312
1696.655768866754	1.0	NonTarget	1	434344
1696.780768831307	1.0	NonTarget	1	434376
1696.9057687958598	1.0	NonTarget	1	434408
1697.0307687604125	1.0	NonTarget	1	434440
1697.1557687249654	1.0	NonTarget	1	434472
1697.2807686895183	1.0	NonTarget	1	434504
1697.4057686540712	1.0	NonTarget	1	434536
1697.5307686186238	1.0	NonTarget	1	434568
1697.6557685831767	1.0	NonTarget	1	434600
1697.7807685477296	1.0	NonTarget	1	434632
1697.9057685122823	1.0	NonTarget	1	434664
1698.0307684768352	1.0	NonTarget	1	434696
1698.155768441388	1.0	NonTarget	1	434728
1698.280768405941	1.0	NonTarget	1	434760
1698.4057683704937	1.0	NonTarget	1	434792
1698.5307683350466	1.0	NonTarget	1	434824
1698.6557682995995	1.0	NonTarget	1	434856
1698.7807682641521	1.0	NonTarget	1	434888
1698.905768228705	1.0	NonTarget	1	434920
1699.030768193258	1.0	NonTarget	1	434952
1699.1557681578108	1.0	NonTarget	1	434984
1699.2807681223635	1.0	NonTarget	1	435016
1699.4057680869164	1.0	NonTarget	1	435048
1699.5307680514693	1.0	NonTarget	1	435080
1699.655768016022	1.0	NonTarget	1	435112
1699.7807679805749	1.0	NonTarget	1	435144
1699.9057679451278	1.0	NonTarget	1	435176
1700.0307679096807	1.0	NonTarget	1	435208
1700.1557678742333	1.0	NonTarget	1	435240
1700.2807678387862	1.0	NonTarget	1	435272
1700.4057678033391	1.0	NonTarget	1	435304
1700.5307677678918	1.0	NonTarget	1	435336
1700.6557677324447	1.0	NonTarget	1	435368
1700.7807676969976	1.0	NonTarget	1	435400
1700.9057676615505	1.0	NonTarget	1	435432
1701.0307676261032	1.0	NonTarget	1	435464
1701.155767590656	1.0	NonTarget	1	435496
1701.280767555209	1.0	NonTarget	1	435528
1701.4057675197616	1.0	NonTarget	1	435560
1701.5307674843145	1.0	NonTarget	1	435592
1701.6557674488674	1.0	NonTarget	1	435624
1701.7807674134203	1.0	NonTarget	1	435656
1701.905767377973	1.0	NonTarget	1	435688
1702.030767342526	1.0	NonTarget	1	435720
1702.1557673070788	1.0	NonTarget	1	435752
1702.2807672716315	1.0	NonTarget	1	435784
1702.4057672361844	1.0	NonTarget	1	435816
1702.5307672007373	1.0	NonTarget	1	435848
1702.6557671652902	1.0	NonTarget	1	435880
1702.7807671298428	1.0	NonTarget	1	435912
1702.9057670943957	1.0	NonTarget	1	435944
1703.0307670589486	1.0	NonTarget	1	435976
1703.1557670235013	1.0	NonTarget	1	436008
1703.2807669880542	1.0	NonTarget	1	436040
1703.405766952607	1.0	NonTarget	1	436072
1703.53076691716	1.0	NonTarget	1	436104
1703.6557668817127	1.0	NonTarget	1	436136
1703.7807668462656	1.0	NonTarget	1	436168
1703.9057668108185	1.0	NonTarget	1	436200
1704.0307667753711	1.0	NonTarget	1	436232
1704.155766739924	1.0	NonTarget	1	436264
1704.280766704477	1.0	NonTarget	1	436296
1704.4057666690298	1.0	NonTarget	1	436328
1704.5307666335825	1.0	NonTarget	1	436360
1704.6557665981354	1.0	NonTarget	1	436392
1704.7807665626883	1.0	NonTarget	1	436424
1704.905766527241	1.0	NonTarget	1	436456
1705.0307664917939	1.0	NonTarget	1	436488
1705.1557664563468	1.0	NonTarget	1	436520
1705.2807664208997	1.0	NonTarget	1	436552
1705.4057663854524	1.0	NonTarget	1	436584
1705.5307663500053	1.0	NonTarget	1	436616
1705.6557663145582	1.0	NonTarget	1	436648
1705.7807662791108	1.0	NonTarget	1	436680
1705.9057662436637	1.0	NonTarget	1	436712
1706.0307662082166	1.0	NonTarget	1	436744
1706.1557661727695	1.0	NonTarget	1	436776
1706.2807661373222	1.0	NonTarget	1	436808
1706.405766101875	1.0	NonTarget	1	436840
1706.530766066428	1.0	NonTarget	1	436872
1706.6557660309807	1.0	NonTarget	1	436904
1706.7807659955336	1.0	NonTarget	1	436936
1706.9057659600865	1.0	NonTarget	1	436968
1707.0307659246394	1.0	NonTarget	1	437000
1707.155765889192	1.0	NonTarget	1	437032
1707.280765853745	1.0	NonTarget	1	437064
1707.4057658182978	1.0	NonTarget	1	437096
1707.5307657828505	1.0	NonTarget	1	437128
1707.6557657474034	1.0	NonTarget	1	437160
1707.7807657119563	1.0	NonTarget	1	437192
1707.9057656765092	1.0	NonTarget	1	437224
1708.0307656410619	1.0	NonTarget	1	437256
1708.1557656056148	1.0	NonTarget	1	437288
1708.2807655701677	1.0	NonTarget	1	437320
1708.4057655347203	1.0	NonTarget	1	437352
1714.5307637978094	1.0	NonTarget	1	438920
1714.655763762362	1.0	NonTarget	1	438952
1714.780763726915	1.0	NonTarget	1	438984
1714.9057636914679	1.0	NonTarget	1	439016
1715.0307636560206	1.0	NonTarget	1	439048
1715.1557636205735	1.0	NonTarget	1	439080
1715.2807635851264	1.0	NonTarget	1	439112
1715.4057635496792	1.0	NonTarget	1	439144
1715.530763514232	1.0	NonTarget	1	439176
1715.6557634787848	1.0	NonTarget	1	439208
1715.7807634433377	1.0	NonTarget	1	439240
1715.9057634078904	1.0	NonTarget	1	439272
1716.0307633724433	1.0	NonTarget	1	439304
1716.1557633369962	1.0	NonTarget	1	439336
1716.280763301549	1.0	NonTarget	1	439368
1716.4057632661018	1.0	NonTarget	1	439400
1716.5307632306547	1.0	NonTarget	1	439432
1716.6557631952076	1.0	NonTarget	1	439464
1716.7807631597602	1.0	NonTarget	1	439496
1716.9057631243131	1.0	NonTarget	1	439528
1717.030763088866	1.0	NonTarget	1	439560
1717.155763053419	1.0	NonTarget	1	439592
1717.2807630179716	1.0	NonTarget	1	439624
1717.4057629825245	1.0	NonTarget	1	439656
1717.5307629470774	1.0	NonTarget	1	439688
1717.65576291163	1.0	NonTarget	1	439720
1717.780762876183	1.0	NonTarget	1	439752
1717.9057628407359	1.0	NonTarget	1	439784
1718.0307628052888	1.0	NonTarget	1	439816
1718.1557627698414	1.0	NonTarget	1	439848
1718.2807627343943	1.0	NonTarget	1	439880
1718.4057626989472	1.0	NonTarget	1	439912
1718.5307626635	1.0	NonTarget	1	439944
1718.6557626280528	1.0	NonTarget	1	439976
1718.7807625926057	1.0	NonTarget	1	440008
1718.9057625571586	1.0	NonTarget	1	440040
1719.0307625217113	1.0	NonTarget	1	440072
1719.1557624862642	1.0	NonTarget	1	440104
1719.280762450817	1.0	NonTarget	1	440136
1719.4057624153697	1.0	NonTarget	1	440168
1719.5307623799226	1.0	NonTarget	1	440200
1719.6557623444755	1.0	NonTarget	1	440232
1719.7807623090284	1.0	NonTarget	1	440264
1719.905762273581	1.0	NonTarget	1	440296
1720.030762238134	1.0	NonTarget	1	440328
1720.155762202687	1.0	NonTarget	1	440360
1720.2807621672396	1.0	NonTarget	1	440392
1720.4057621317925	1.0	NonTarget	1	440424
1720.5307620963454	1.0	NonTarget	1	440456
1720.6557620608983	1.0	NonTarget	1	440488
1720.780762025451	1.0	NonTarget	1	440520
1720.9057619900038	1.0	NonTarget	1	440552
1721.0307619545567	1.0	NonTarget	1	440584
1721.1557619191094	1.0	NonTarget	1	440616
1721.2807618836623	1.0	NonTarget	1	440648
1721.4057618482152	1.0	NonTarget	1	440680
1721.530761812768	1.0	NonTarget	1	440712
1721.6557617773208	1.0	NonTarget	1	440744
1721.7807617418737	1.0	NonTarget	1	440776
1721.9057617064266	1.0	NonTarget	1	440808
1722.0307616709792	1.0	NonTarget	1	440840
1722.1557616355321	1.0	NonTarget	1	440872
1722.280761600085	1.0	NonTarget	1	440904
1722.405761564638	1.0	NonTarget	1	440936
1722.5307615291906	1.0	NonTarget	1	440968
1722.6557614937435	1.0	NonTarget	1	441000
1722.7807614582964	1.0	NonTarget	1	441032
1722.905761422849	1.0	NonTarget	1	441064
1723.030761387402	1.0	NonTarget	1	441096
1723.1557613519549	1.0	NonTarget	1	441128
1723.2807613165078	1.0	NonTarget	1	441160
1723.4057612810604	1.0	NonTarget	1	441192
1723.5307612456133	1.0	NonTarget	1	441224
1723.6557612101662	1.0	NonTarget	1	441256
1723.780761174719	1.0	NonTarget	1	441288
1723.9057611392718	1.0	NonTarget	1	441320
1724.0307611038247	1.0	NonTarget	1	441352
1724.1557610683776	1.0	NonTarget	1	441384
1724.2807610329303	1.0	NonTarget	1	441416
1724.4057609974832	1.0	NonTarget	1	441448
1724.530760962036	1.0	NonTarget	1	441480
1724.6557609265888	1.0	NonTarget	1	441512
1724.7807608911417	1.0	NonTarget	1	441544
1724.9057608556946	1.0	NonTarget	1	441576
1725.0307608202475	1.0	NonTarget	1	441608
1725.1557607848001	1.0	NonTarget	1	441640
1725.280760749353	1.0	NonTarget	1	441672
1725.405760713906	1.0	NonTarget	1	441704
1725.5307606784586	1.0	NonTarget	1	441736
1725.6557606430115	1.0	NonTarget	1	441768
1725.7807606075644	1.0	NonTarget	1	441800
1725.9057605721173	1.0	NonTarget	1	441832
1726.03076053667	1.0	NonTarget	1	441864
1726.1557605012229	1.0	NonTarget	1	441896
1726.2807604657758	1.0	NonTarget	1	441928
1726.4057604303284	1.0	NonTarget	1	441960
1732.5307586934175	1.0	NonTarget	1	443528
1732.6557586579702	1.0	NonTarget	1	443560
1732.780758622523	1.0	NonTarget	1	443592
1732.905758587076	1.0	NonTarget	1	443624
1733.0307585516287	1.0	NonTarget	1	443656
1733.1557585161815	1.0	NonTarget	1	443688
1733.2807584807344	1.0	NonTarget	1	443720
1733.4057584452873	1.0	NonTarget	1	443752
1733.53075840984	1.0	NonTarget	1	443784
1733.655758374393	1.0	NonTarget	1	443816
1733.7807583389458	1.0	NonTarget	1	443848
1733.9057583034985	1.0	NonTarget	1	443880
1734.0307582680514	1.0	NonTarget	1	443912
1734.1557582326043	1.0	NonTarget	1	443944
1734.2807581971572	1.0	NonTarget	1	443976
1734.4057581617099	1.0	NonTarget	1	444008
1734.5307581262628	1.0	NonTarget	1	444040
1734.6557580908157	1.0	NonTarget	1	444072
1734.7807580553683	1.0	NonTarget	1	444104
1734.9057580199212	1.0	NonTarget	1	444136
1735.0307579844741	1.0	NonTarget	1	444168
1735.155757949027	1.0	NonTarget	1	444200
1735.2807579135797	1.0	NonTarget	1	444232
1735.4057578781326	1.0	NonTarget	1	444264
1735.5307578426855	1.0	NonTarget	1	444296
1735.6557578072382	1.0	NonTarget	1	444328
1735.780757771791	1.0	NonTarget	1	444360
1735.905757736344	1.0	NonTarget	1	444392
1736.0307577008969	1.0	NonTarget	1	444424
1736.1557576654495	1.0	NonTarget	1	444456
1736.2807576300024	1.0	NonTarget	1	444488
1736.4057575945553	1.0	NonTarget	1	444520
1736.530757559108	1.0	NonTarget	1	444552
1736.655757523661	1.0	NonTarget	1	444584
1736.7807574882138	1.0	NonTarget	1	444616
1736.9057574527667	1.0	NonTarget	1	444648
1737.0307574173194	1.0	NonTarget	1	444680
1737.1557573818723	1.0	NonTarget	1	444712
1737.2807573464252	1.0	NonTarget	1	444744
1737.4057573109778	1.0	NonTarget	1	444776
1737.5307572755307	1.0	NonTarget	1	444808
1737.6557572400836	1.0	NonTarget	1	444840
1737.7807572046365	1.0	NonTarget	1	444872
1737.9057571691892	1.0	NonTarget	1	444904
1738.030757133742	1.0	NonTarget	1	444936
1738.155757098295	1.0	NonTarget	1	444968
1738.2807570628477	1.0	NonTarget	1	445000
1738.4057570274006	1.0	NonTarget	1	445032
1738.5307569919535	1.0	NonTarget	1	445064
1738.6557569565064	1.0	NonTarget	1	445096
1738.780756921059	1.0	NonTarget	1	445128
1738.905756885612	1.0	NonTarget	1	445160
1739.0307568501648	1.0	NonTarget	1	445192
1739.1557568147175	1.0	NonTarget	1	445224
1739.2807567792704	1.0	NonTarget	1	445256
1739.4057567438233	1.0	NonTarget	1	445288
1739.5307567083762	1.0	NonTarget	1	445320
1739.6557566729289	1.0	NonTarget	1	445352
1739.7807566374818	1.0	NonTarget	1	445384
1739.9057566020347	1.0	NonTarget	1	445416
1740.0307565665873	1.0	NonTarget	1	445448
1740.1557565311402	1.0	NonTarget	1	445480
1740.2807564956931	1.0	NonTarget	1	445512
1740.405756460246	1.0	NonTarget	1	445544
1740.5307564247987	1.0	NonTarget	1	445576
1740.6557563893516	1.0	NonTarget	1	445608
1740.7807563539045	1.0	NonTarget	1	445640
1740.9057563184572	1.0	NonTarget	1	445672
1741.03075628301	1.0	NonTarget	1	445704
1741.155756247563	1.0	NonTarget	1	445736
1741.2807562121159	1.0	NonTarget	1	445768
1741.4057561766685	1.0	NonTarget	1	445800
1741.5307561412214	1.0	NonTarget	1	445832
1741.6557561057743	1.0	NonTarget	1	445864
1741.780756070327	1.0	NonTarget	1	445896
1741.90575603488	1.0	NonTarget	1	445928
1742.0307559994328	1.0	NonTarget	1	445960
1742.1557559639857	1.0	NonTarget	1	445992
1742.2807559285384	1.0	NonTarget	1	446024
1742.4057558930913	1.0	NonTarget	1	446056
1742.5307558576442	1.0	NonTarget	1	446088
1742.6557558221969	1.0	NonTarget	1	446120
1742.7807557867498	1.0	NonTarget	1	446152
1742.9057557513026	1.0	NonTarget	1	446184
1743.0307557158555	1.0	NonTarget	1	446216
1743.1557556804082	1.0	NonTarget	1	446248
1743.2807556449611	1.0	NonTarget	1	446280
1743.405755609514	1.0	NonTarget	1	446312
1743.5307555740667	1.0	NonTarget	1	446344
1743.6557555386196	1.0	NonTarget	1	446376
1743.7807555031725	1.0	NonTarget	1	446408
1743.9057554677254	1.0	NonTarget	1	446440
1744.030755432278	1.0	NonTarget	1	446472
1744.155755396831	1.0	NonTarget	1	446504
1744.2807553613839	1.0	NonTarget	1	446536
1744.4057553259365	1.0	NonTarget	1	446568
1750.5307535890256	1.0	NonTarget	1	448136
1750.6557535535783	1.0	NonTarget	1	448168
1750.7807535181312	1.0	NonTarget	1	448200
1750.905753482684	1.0	NonTarget	1	448232
1751.0307534472367	1.0	NonTarget	1	448264
1751.1557534117896	1.0	NonTarget	1	448296
1751.2807533763425	1.0	NonTarget	1	448328
1751.4057533408954	1.0	NonTarget	1	448360
1751.5307533054481	1.0	NonTarget	1	448392
1751.655753270001	1.0	NonTarget	1	448424
1751.780753234554	1.0	NonTarget	1	448456
1751.9057531991066	1.0	NonTarget	1	448488
1752.0307531636595	1.0	NonTarget	1	448520
1752.1557531282124	1.0	NonTarget	1	448552
1752.2807530927653	1.0	NonTarget	1	448584
1752.405753057318	1.0	NonTarget	1	448616
1752.5307530218709	1.0	NonTarget	1	448648
1752.6557529864237	1.0	NonTarget	1	448680
1752.7807529509764	1.0	NonTarget	1	448712
1752.9057529155293	1.0	NonTarget	1	448744
1753.0307528800822	1.0	NonTarget	1	448776
1753.1557528446351	1.0	NonTarget	1	448808
1753.2807528091878	1.0	NonTarget	1	448840
1753.4057527737407	1.0	NonTarget	1	448872
1753.5307527382936	1.0	NonTarget	1	448904
1753.6557527028463	1.0	NonTarget	1	448936
1753.7807526673992	1.0	NonTarget	1	448968
1753.905752631952	1.0	NonTarget	1	449000
1754.030752596505	1.0	NonTarget	1	449032
1754.1557525610576	1.0	NonTarget	1	449064
1754.2807525256105	1.0	NonTarget	1	449096
1754.4057524901634	1.0	NonTarget	1	449128
1754.530752454716	1.0	NonTarget	1	449160
1754.655752419269	1.0	NonTarget	1	449192
1754.780752383822	1.0	NonTarget	1	449224
1754.9057523483748	1.0	NonTarget	1	449256
1755.0307523129275	1.0	NonTarget	1	449288
1755.1557522774804	1.0	NonTarget	1	449320
1755.2807522420333	1.0	NonTarget	1	449352
1755.405752206586	1.0	NonTarget	1	449384
1755.5307521711388	1.0	NonTarget	1	449416
1755.6557521356917	1.0	NonTarget	1	449448
1755.7807521002446	1.0	NonTarget	1	449480
1755.9057520647973	1.0	NonTarget	1	449512
1756.0307520293502	1.0	NonTarget	1	449544
1756.155751993903	1.0	NonTarget	1	449576
1756.2807519584558	1.0	NonTarget	1	449608
1756.4057519230087	1.0	NonTarget	1	449640
1756.5307518875616	1.0	NonTarget	1	449672
1756.6557518521145	1.0	NonTarget	1	449704
1756.7807518166671	1.0	NonTarget	1	449736
1756.90575178122	1.0	NonTarget	1	449768
1757.030751745773	1.0	NonTarget	1	449800
1757.1557517103256	1.0	NonTarget	1	449832
1757.2807516748785	1.0	NonTarget	1	449864
1757.4057516394314	1.0	NonTarget	1	449896
1757.5307516039843	1.0	NonTarget	1	449928
1757.655751568537	1.0	NonTarget	1	449960
1757.7807515330899	1.0	NonTarget	1	449992
1757.9057514976428	1.0	NonTarget	1	450024
1758.0307514621954	1.0	NonTarget	1	450056
1758.1557514267483	1.0	NonTarget	1	450088
1758.2807513913012	1.0	NonTarget	1	450120
1758.4057513558541	1.0	NonTarget	1	450152
1758.5307513204068	1.0	NonTarget	1	450184
1758.6557512849597	1.0	NonTarget	1	450216
1758.7807512495126	1.0	NonTarget	1	450248
1758.9057512140653	1.0	NonTarget	1	450280
1759.0307511786182	1.0	NonTarget	1	450312
1759.155751143171	1.0	NonTarget	1	450344
1759.280751107724	1.0	NonTarget	1	450376
1759.4057510722766	1.0	NonTarget	1	450408
1759.5307510368295	1.0	NonTarget	1	450440
1759.6557510013824	1.0	NonTarget	1	450472
1759.780750965935	1.0	NonTarget	1	450504
1759.905750930488	1.0	NonTarget	1	450536
1760.030750895041	1.0	NonTarget	1	450568
1760.1557508595938	1.0	NonTarget	1	450600
1760.2807508241465	1.0	NonTarget	1	450632
1760.4057507886994	1.0	NonTarget	1	450664
1760.5307507532523	1.0	NonTarget	1	450696
1760.655750717805	1.0	NonTarget	1	450728
1760.7807506823578	1.0	NonTarget	1	450760
1760.9057506469107	1.0	NonTarget	1	450792
1761.0307506114636	1.0	NonTarget	1	450824
1761.1557505760163	1.0	NonTarget	1	450856
1761.2807505405692	1.0	NonTarget	1	450888
1761.4057505051221	1.0	NonTarget	1	450920
1761.5307504696748	1.0	NonTarget	1	450952
1761.6557504342277	1.0	NonTarget	1	450984
1761.7807503987806	1.0	NonTarget	1	451016
1761.9057503633335	1.0	NonTarget	1	451048
1762.0307503278862	0.96875	NonTarget	1	451080
1762.155750292439	0.84375	NonTarget	1	451112
1762.280750256992	0.71875	NonTarget	1	451144
1762.4057502215446	0.59375	NonTarget	1	451176
