onset	duration	trial_type	value	sample
4.531248324474231	1.0	NonTarget	1	1160
4.65624827825283	1.0	NonTarget	1	1192
4.78124823203143	1.0	NonTarget	1	1224
4.906248185810029	1.0	NonTarget	1	1256
5.031248139588629	1.0	NonTarget	1	1288
5.156248093367228	1.0	NonTarget	1	1320
5.281248047145828	1.0	NonTarget	1	1352
5.406248000924427	1.0	NonTarget	1	1384
5.531247954703027	1.0	NonTarget	1	1416
5.656247908481626	1.0	NonTarget	1	1448
5.781247862260226	1.0	NonTarget	1	1480
5.906247816038825	1.0	NonTarget	1	1512
6.031247769817425	1.0	NonTarget	1	1544
6.1562477235960245	1.0	NonTarget	1	1576
6.2812476773746235	1.0	NonTarget	1	1608
6.4062476311532235	1.0	NonTarget	1	1640
6.531247584931823	1.0	NonTarget	1	1672
6.6562475387104225	1.0	NonTarget	1	1704
6.781247492489022	1.0	NonTarget	1	1736
6.9062474462676215	1.0	NonTarget	1	1768
7.031247400046221	1.0	NonTarget	1	1800
7.156247353824821	1.0	NonTarget	1	1832
7.28124730760342	1.0	NonTarget	1	1864
7.40624726138202	1.0	NonTarget	1	1896
7.531247215160619	1.0	NonTarget	1	1928
7.656247168939219	1.0	NonTarget	1	1960
7.781247122717818	1.0	NonTarget	1	1992
7.906247076496417	1.0	NonTarget	1	2024
8.031247030275017	1.0	NonTarget	1	2056
8.156246984053617	1.0	NonTarget	1	2088
8.281246937832215	1.0	NonTarget	1	2120
8.406246891610815	1.0	NonTarget	1	2152
8.531246845389415	1.0	NonTarget	1	2184
8.656246799168015	1.0	NonTarget	1	2216
8.781246752946613	1.0	NonTarget	1	2248
8.906246706725213	1.0	NonTarget	1	2280
9.031246660503813	1.0	NonTarget	1	2312
9.156246614282413	1.0	NonTarget	1	2344
9.281246568061011	1.0	NonTarget	1	2376
9.406246521839611	1.0	NonTarget	1	2408
9.531246475618211	1.0	NonTarget	1	2440
9.656246429396809	1.0	NonTarget	1	2472
9.781246383175409	1.0	NonTarget	1	2504
9.906246336954009	1.0	NonTarget	1	2536
10.031246290732609	1.0	NonTarget	1	2568
10.156246244511207	1.0	NonTarget	1	2600
10.281246198289807	1.0	NonTarget	1	2632
10.406246152068407	1.0	NonTarget	1	2664
10.531246105847007	1.0	NonTarget	1	2696
10.656246059625605	1.0	NonTarget	1	2728
10.781246013404205	1.0	NonTarget	1	2760
10.906245967182805	1.0	NonTarget	1	2792
11.031245920961405	1.0	NonTarget	1	2824
11.156245874740003	1.0	NonTarget	1	2856
11.281245828518603	1.0	NonTarget	1	2888
11.406245782297203	1.0	NonTarget	1	2920
11.531245736075801	1.0	NonTarget	1	2952
11.656245689854401	1.0	NonTarget	1	2984
11.781245643633001	1.0	NonTarget	1	3016
11.906245597411601	1.0	NonTarget	1	3048
12.0312455511902	1.0	NonTarget	1	3080
12.1562455049688	1.0	NonTarget	1	3112
12.2812454587474	1.0	NonTarget	1	3144
12.406245412526	1.0	NonTarget	1	3176
12.531245366304598	1.0	NonTarget	1	3208
12.656245320083197	1.0	NonTarget	1	3240
12.781245273861797	1.0	NonTarget	1	3272
12.906245227640396	1.0	NonTarget	1	3304
13.031245181418996	1.0	NonTarget	1	3336
13.156245135197596	1.0	NonTarget	1	3368
13.281245088976195	1.0	NonTarget	1	3400
13.406245042754794	1.0	NonTarget	1	3432
13.531244996533394	1.0	NonTarget	1	3464
13.656244950311994	1.0	NonTarget	1	3496
13.781244904090594	1.0	NonTarget	1	3528
13.906244857869192	1.0	NonTarget	1	3560
14.031244811647792	1.0	NonTarget	1	3592
14.156244765426392	1.0	NonTarget	1	3624
14.281244719204992	1.0	NonTarget	1	3656
14.40624467298359	1.0	NonTarget	1	3688
14.53124462676219	1.0	NonTarget	1	3720
14.65624458054079	1.0	NonTarget	1	3752
14.781244534319388	1.0	NonTarget	1	3784
14.906244488097988	1.0	NonTarget	1	3816
21.03124222324936	1.0	NonTarget	1	5384
21.156242177027963	1.0	NonTarget	1	5416
21.28124213080656	1.0	NonTarget	1	5448
21.406242084585163	1.0	NonTarget	1	5480
21.53124203836376	1.0	NonTarget	1	5512
21.65624199214236	1.0	NonTarget	1	5544
21.78124194592096	1.0	NonTarget	1	5576
21.90624189969956	1.0	NonTarget	1	5608
22.031241853478157	1.0	NonTarget	1	5640
22.15624180725676	1.0	NonTarget	1	5672
22.281241761035357	1.0	NonTarget	1	5704
22.40624171481396	1.0	NonTarget	1	5736
22.531241668592557	1.0	NonTarget	1	5768
22.656241622371155	1.0	NonTarget	1	5800
22.781241576149757	1.0	NonTarget	1	5832
22.906241529928355	1.0	NonTarget	1	5864
23.031241483706953	1.0	NonTarget	1	5896
23.156241437485555	1.0	NonTarget	1	5928
23.281241391264153	1.0	NonTarget	1	5960
23.40624134504275	1.0	NonTarget	1	5992
23.531241298821353	1.0	NonTarget	1	6024
23.65624125259995	1.0	NonTarget	1	6056
23.781241206378553	1.0	NonTarget	1	6088
23.90624116015715	1.0	NonTarget	1	6120
24.03124111393575	1.0	NonTarget	1	6152
24.15624106771435	1.0	NonTarget	1	6184
24.28124102149295	1.0	NonTarget	1	6216
24.406240975271547	1.0	NonTarget	1	6248
24.53124092905015	1.0	NonTarget	1	6280
24.656240882828747	1.0	NonTarget	1	6312
24.781240836607346	1.0	NonTarget	1	6344
24.906240790385947	1.0	NonTarget	1	6376
25.031240744164545	1.0	NonTarget	1	6408
25.156240697943147	1.0	NonTarget	1	6440
25.281240651721745	1.0	NonTarget	1	6472
25.406240605500344	1.0	NonTarget	1	6504
25.531240559278945	1.0	NonTarget	1	6536
25.656240513057543	1.0	NonTarget	1	6568
25.78124046683614	1.0	NonTarget	1	6600
25.906240420614743	1.0	NonTarget	1	6632
26.03124037439334	1.0	NonTarget	1	6664
26.15624032817194	1.0	NonTarget	1	6696
26.28124028195054	1.0	NonTarget	1	6728
26.40624023572914	1.0	NonTarget	1	6760
26.53124018950774	1.0	NonTarget	1	6792
26.65624014328634	1.0	NonTarget	1	6824
26.781240097064938	1.0	NonTarget	1	6856
26.90624005084354	1.0	NonTarget	1	6888
27.031240004622138	1.0	NonTarget	1	6920
27.156239958400736	1.0	NonTarget	1	6952
27.281239912179338	1.0	NonTarget	1	6984
27.406239865957936	1.0	NonTarget	1	7016
27.531239819736534	1.0	NonTarget	1	7048
27.656239773515136	1.0	NonTarget	1	7080
27.781239727293734	1.0	NonTarget	1	7112
27.906239681072336	1.0	NonTarget	1	7144
28.031239634850934	1.0	NonTarget	1	7176
28.156239588629532	1.0	NonTarget	1	7208
28.281239542408134	1.0	NonTarget	1	7240
28.406239496186732	1.0	NonTarget	1	7272
28.53123944996533	1.0	NonTarget	1	7304
28.656239403743932	1.0	NonTarget	1	7336
28.78123935752253	1.0	NonTarget	1	7368
28.906239311301132	1.0	NonTarget	1	7400
29.03123926507973	1.0	NonTarget	1	7432
29.156239218858328	1.0	NonTarget	1	7464
29.28123917263693	1.0	NonTarget	1	7496
29.406239126415528	1.0	NonTarget	1	7528
29.531239080194126	1.0	NonTarget	1	7560
29.656239033972728	1.0	NonTarget	1	7592
29.781238987751326	1.0	NonTarget	1	7624
29.906238941529924	1.0	NonTarget	1	7656
30.031238895308526	1.0	NonTarget	1	7688
30.156238849087124	1.0	NonTarget	1	7720
30.281238802865726	1.0	NonTarget	1	7752
30.406238756644324	1.0	NonTarget	1	7784
30.531238710422922	1.0	NonTarget	1	7816
30.656238664201524	1.0	NonTarget	1	7848
30.781238617980122	1.0	NonTarget	1	7880
30.90623857175872	1.0	NonTarget	1	7912
31.031238525537322	1.0	NonTarget	1	7944
31.15623847931592	1.0	NonTarget	1	7976
31.28123843309452	1.0	NonTarget	1	8008
31.40623838687312	1.0	NonTarget	1	8040
37.531236122024495	1.0	NonTarget	1	9608
37.65623607580309	1.0	NonTarget	1	9640
37.78123602958169	1.0	NonTarget	1	9672
37.90623598336029	1.0	NonTarget	1	9704
38.031235937138895	1.0	NonTarget	1	9736
38.15623589091749	1.0	NonTarget	1	9768
38.28123584469609	1.0	NonTarget	1	9800
38.40623579847469	1.0	NonTarget	1	9832
38.53123575225329	1.0	NonTarget	1	9864
38.65623570603189	1.0	NonTarget	1	9896
38.78123565981049	1.0	NonTarget	1	9928
38.90623561358909	1.0	NonTarget	1	9960
39.03123556736769	1.0	NonTarget	1	9992
39.156235521146286	1.0	NonTarget	1	10024
39.281235474924884	1.0	NonTarget	1	10056
39.40623542870349	1.0	NonTarget	1	10088
39.53123538248209	1.0	NonTarget	1	10120
39.656235336260686	1.0	NonTarget	1	10152
39.781235290039284	1.0	NonTarget	1	10184
39.90623524381788	1.0	NonTarget	1	10216
40.03123519759649	1.0	NonTarget	1	10248
40.156235151375085	1.0	NonTarget	1	10280
40.281235105153684	1.0	NonTarget	1	10312
40.40623505893228	1.0	NonTarget	1	10344
40.53123501271088	1.0	NonTarget	1	10376
40.65623496648948	1.0	NonTarget	1	10408
40.78123492026808	1.0	NonTarget	1	10440
40.90623487404668	1.0	NonTarget	1	10472
41.03123482782528	1.0	NonTarget	1	10504
41.15623478160388	1.0	NonTarget	1	10536
41.281234735382476	1.0	NonTarget	1	10568
41.40623468916108	1.0	NonTarget	1	10600
41.53123464293968	1.0	NonTarget	1	10632
41.65623459671828	1.0	NonTarget	1	10664
41.781234550496876	1.0	NonTarget	1	10696
41.906234504275474	1.0	NonTarget	1	10728
42.03123445805407	1.0	NonTarget	1	10760
42.15623441183268	1.0	NonTarget	1	10792
42.281234365611276	1.0	NonTarget	1	10824
42.406234319389874	1.0	NonTarget	1	10856
42.53123427316847	1.0	NonTarget	1	10888
42.65623422694707	1.0	NonTarget	1	10920
42.781234180725676	1.0	NonTarget	1	10952
42.906234134504274	1.0	NonTarget	1	10984
43.03123408828287	1.0	NonTarget	1	11016
43.15623404206147	1.0	NonTarget	1	11048
43.28123399584007	1.0	NonTarget	1	11080
43.40623394961867	1.0	NonTarget	1	11112
43.53123390339727	1.0	NonTarget	1	11144
43.65623385717587	1.0	NonTarget	1	11176
43.78123381095447	1.0	NonTarget	1	11208
43.90623376473307	1.0	NonTarget	1	11240
44.031233718511665	1.0	NonTarget	1	11272
44.15623367229027	1.0	NonTarget	1	11304
44.28123362606887	1.0	NonTarget	1	11336
44.406233579847466	1.0	NonTarget	1	11368
44.531233533626065	1.0	NonTarget	1	11400
44.65623348740466	1.0	NonTarget	1	11432
44.78123344118326	1.0	NonTarget	1	11464
44.906233394961866	1.0	NonTarget	1	11496
45.031233348740464	1.0	NonTarget	1	11528
45.15623330251906	1.0	NonTarget	1	11560
45.28123325629766	1.0	NonTarget	1	11592
45.40623321007626	1.0	NonTarget	1	11624
45.531233163854864	1.0	NonTarget	1	11656
45.65623311763346	1.0	NonTarget	1	11688
45.78123307141206	1.0	NonTarget	1	11720
45.90623302519066	1.0	NonTarget	1	11752
46.03123297896926	1.0	NonTarget	1	11784
46.156232932747855	1.0	NonTarget	1	11816
46.28123288652646	1.0	NonTarget	1	11848
46.40623284030506	1.0	NonTarget	1	11880
46.53123279408366	1.0	NonTarget	1	11912
46.656232747862255	1.0	NonTarget	1	11944
46.78123270164085	1.0	NonTarget	1	11976
46.90623265541946	1.0	NonTarget	1	12008
47.03123260919806	1.0	NonTarget	1	12040
47.156232562976655	1.0	NonTarget	1	12072
47.28123251675525	1.0	NonTarget	1	12104
47.40623247053385	1.0	NonTarget	1	12136
47.53123242431245	1.0	NonTarget	1	12168
47.656232378091055	1.0	NonTarget	1	12200
47.78123233186965	1.0	NonTarget	1	12232
47.90623228564825	1.0	NonTarget	1	12264
54.031230020799626	1.0	NonTarget	1	13832
54.156229974578224	1.0	NonTarget	1	13864
54.28122992835682	1.0	NonTarget	1	13896
54.40622988213543	1.0	NonTarget	1	13928
54.531229835914026	1.0	NonTarget	1	13960
54.656229789692624	1.0	NonTarget	1	13992
54.78122974347122	1.0	NonTarget	1	14024
54.90622969724982	1.0	NonTarget	1	14056
55.03122965102842	1.0	NonTarget	1	14088
55.156229604807024	1.0	NonTarget	1	14120
55.28122955858562	1.0	NonTarget	1	14152
55.40622951236422	1.0	NonTarget	1	14184
55.53122946614282	1.0	NonTarget	1	14216
55.65622941992142	1.0	NonTarget	1	14248
55.78122937370002	1.0	NonTarget	1	14280
55.90622932747862	1.0	NonTarget	1	14312
56.03122928125722	1.0	NonTarget	1	14344
56.156229235035816	1.0	NonTarget	1	14376
56.281229188814414	1.0	NonTarget	1	14408
56.40622914259301	1.0	NonTarget	1	14440
56.53122909637162	1.0	NonTarget	1	14472
56.656229050150216	1.0	NonTarget	1	14504
56.781229003928814	1.0	NonTarget	1	14536
56.90622895770741	1.0	NonTarget	1	14568
57.03122891148601	1.0	NonTarget	1	14600
57.156228865264616	1.0	NonTarget	1	14632
57.281228819043214	1.0	NonTarget	1	14664
57.40622877282181	1.0	NonTarget	1	14696
57.53122872660041	1.0	NonTarget	1	14728
57.65622868037901	1.0	NonTarget	1	14760
57.78122863415761	1.0	NonTarget	1	14792
57.90622858793621	1.0	NonTarget	1	14824
58.03122854171481	1.0	NonTarget	1	14856
58.15622849549341	1.0	NonTarget	1	14888
58.28122844927201	1.0	NonTarget	1	14920
58.406228403050605	1.0	NonTarget	1	14952
58.53122835682921	1.0	NonTarget	1	14984
58.65622831060781	1.0	NonTarget	1	15016
58.78122826438641	1.0	NonTarget	1	15048
58.906228218165005	1.0	NonTarget	1	15080
59.0312281719436	1.0	NonTarget	1	15112
59.1562281257222	1.0	NonTarget	1	15144
59.281228079500806	1.0	NonTarget	1	15176
59.406228033279405	1.0	NonTarget	1	15208
59.531227987058	1.0	NonTarget	1	15240
59.6562279408366	1.0	NonTarget	1	15272
59.7812278946152	1.0	NonTarget	1	15304
59.906227848393804	1.0	NonTarget	1	15336
60.0312278021724	1.0	NonTarget	1	15368
60.156227755951	1.0	NonTarget	1	15400
60.2812277097296	1.0	NonTarget	1	15432
60.4062276635082	1.0	NonTarget	1	15464
60.531227617286795	1.0	NonTarget	1	15496
60.6562275710654	1.0	NonTarget	1	15528
60.781227524844	1.0	NonTarget	1	15560
60.9062274786226	1.0	NonTarget	1	15592
61.031227432401195	1.0	NonTarget	1	15624
61.15622738617979	1.0	NonTarget	1	15656
61.2812273399584	1.0	NonTarget	1	15688
61.406227293737	1.0	NonTarget	1	15720
61.531227247515595	1.0	NonTarget	1	15752
61.65622720129419	1.0	NonTarget	1	15784
61.78122715507279	1.0	NonTarget	1	15816
61.9062271088514	1.0	NonTarget	1	15848
62.031227062629995	1.0	NonTarget	1	15880
62.15622701640859	1.0	NonTarget	1	15912
62.28122697018719	1.0	NonTarget	1	15944
62.40622692396579	1.0	NonTarget	1	15976
62.53122687774439	1.0	NonTarget	1	16008
62.65622683152299	1.0	NonTarget	1	16040
62.78122678530159	1.0	NonTarget	1	16072
62.90622673908019	1.0	NonTarget	1	16104
63.03122669285879	1.0	NonTarget	1	16136
63.156226646637386	1.0	NonTarget	1	16168
63.28122660041599	1.0	NonTarget	1	16200
63.40622655419459	1.0	NonTarget	1	16232
63.53122650797319	1.0	NonTarget	1	16264
63.656226461751785	1.0	NonTarget	1	16296
63.781226415530384	1.0	NonTarget	1	16328
63.90622636930898	1.0	NonTarget	1	16360
64.03122632308758	1.0	NonTarget	1	16392
64.15622627686618	1.0	NonTarget	1	16424
64.28122623064478	1.0	NonTarget	1	16456
64.40622618442339	1.0	NonTarget	1	16488
70.53122391957476	1.0	NonTarget	1	18056
70.65622387335335	1.0	NonTarget	1	18088
70.78122382713195	1.0	NonTarget	1	18120
70.90622378091055	1.0	NonTarget	1	18152
71.03122373468915	1.0	NonTarget	1	18184
71.15622368846776	1.0	NonTarget	1	18216
71.28122364224636	1.0	NonTarget	1	18248
71.40622359602496	1.0	NonTarget	1	18280
71.53122354980356	1.0	NonTarget	1	18312
71.65622350358215	1.0	NonTarget	1	18344
71.78122345736075	1.0	NonTarget	1	18376
71.90622341113935	1.0	NonTarget	1	18408
72.03122336491795	1.0	NonTarget	1	18440
72.15622331869655	1.0	NonTarget	1	18472
72.28122327247515	1.0	NonTarget	1	18504
72.40622322625374	1.0	NonTarget	1	18536
72.53122318003236	1.0	NonTarget	1	18568
72.65622313381095	1.0	NonTarget	1	18600
72.78122308758955	1.0	NonTarget	1	18632
72.90622304136815	1.0	NonTarget	1	18664
73.03122299514675	1.0	NonTarget	1	18696
73.15622294892535	1.0	NonTarget	1	18728
73.28122290270395	1.0	NonTarget	1	18760
73.40622285648254	1.0	NonTarget	1	18792
73.53122281026114	1.0	NonTarget	1	18824
73.65622276403974	1.0	NonTarget	1	18856
73.78122271781834	1.0	NonTarget	1	18888
73.90622267159695	1.0	NonTarget	1	18920
74.03122262537555	1.0	NonTarget	1	18952
74.15622257915415	1.0	NonTarget	1	18984
74.28122253293274	1.0	NonTarget	1	19016
74.40622248671134	1.0	NonTarget	1	19048
74.53122244048994	1.0	NonTarget	1	19080
74.65622239426854	1.0	NonTarget	1	19112
74.78122234804714	1.0	NonTarget	1	19144
74.90622230182574	1.0	NonTarget	1	19176
75.03122225560433	1.0	NonTarget	1	19208
75.15622220938293	1.0	NonTarget	1	19240
75.28122216316154	1.0	NonTarget	1	19272
75.40622211694014	1.0	NonTarget	1	19304
75.53122207071874	1.0	NonTarget	1	19336
75.65622202449734	1.0	NonTarget	1	19368
75.78122197827594	1.0	NonTarget	1	19400
75.90622193205454	1.0	NonTarget	1	19432
76.03122188583313	1.0	NonTarget	1	19464
76.15622183961173	1.0	NonTarget	1	19496
76.28122179339033	1.0	NonTarget	1	19528
76.40622174716893	1.0	NonTarget	1	19560
76.53122170094753	1.0	NonTarget	1	19592
76.65622165472614	1.0	NonTarget	1	19624
76.78122160850474	1.0	NonTarget	1	19656
76.90622156228333	1.0	NonTarget	1	19688
77.03122151606193	1.0	NonTarget	1	19720
77.15622146984053	1.0	NonTarget	1	19752
77.28122142361913	1.0	NonTarget	1	19784
77.40622137739773	1.0	NonTarget	1	19816
77.53122133117633	1.0	NonTarget	1	19848
77.65622128495492	1.0	NonTarget	1	19880
77.78122123873352	1.0	NonTarget	1	19912
77.90622119251212	1.0	NonTarget	1	19944
78.03122114629073	1.0	NonTarget	1	19976
78.15622110006933	1.0	NonTarget	1	20008
78.28122105384793	1.0	NonTarget	1	20040
78.40622100762653	1.0	NonTarget	1	20072
78.53122096140513	1.0	NonTarget	1	20104
78.65622091518372	1.0	NonTarget	1	20136
78.78122086896232	1.0	NonTarget	1	20168
78.90622082274092	1.0	NonTarget	1	20200
79.03122077651952	1.0	NonTarget	1	20232
79.15622073029812	1.0	NonTarget	1	20264
79.28122068407671	1.0	NonTarget	1	20296
79.40622063785533	1.0	NonTarget	1	20328
79.53122059163393	1.0	NonTarget	1	20360
79.65622054541252	1.0	NonTarget	1	20392
79.78122049919112	1.0	NonTarget	1	20424
79.90622045296972	1.0	NonTarget	1	20456
80.03122040674832	1.0	NonTarget	1	20488
80.15622036052692	1.0	NonTarget	1	20520
80.28122031430551	1.0	NonTarget	1	20552
80.40622026808411	1.0	NonTarget	1	20584
80.53122022186271	1.0	NonTarget	1	20616
80.65622017564131	1.0	NonTarget	1	20648
80.78122012941992	1.0	NonTarget	1	20680
80.90622008319852	1.0	NonTarget	1	20712
87.03121781834989	1.0	NonTarget	1	22280
87.15621777212849	1.0	NonTarget	1	22312
87.28121772590708	1.0	NonTarget	1	22344
87.40621767968568	1.0	NonTarget	1	22376
87.53121763346428	1.0	NonTarget	1	22408
87.65621758724289	1.0	NonTarget	1	22440
87.78121754102149	1.0	NonTarget	1	22472
87.90621749480009	1.0	NonTarget	1	22504
88.03121744857869	1.0	NonTarget	1	22536
88.15621740235729	1.0	NonTarget	1	22568
88.28121735613588	1.0	NonTarget	1	22600
88.40621730991448	1.0	NonTarget	1	22632
88.53121726369308	1.0	NonTarget	1	22664
88.65621721747168	1.0	NonTarget	1	22696
88.78121717125028	1.0	NonTarget	1	22728
88.90621712502887	1.0	NonTarget	1	22760
89.03121707880749	1.0	NonTarget	1	22792
89.15621703258608	1.0	NonTarget	1	22824
89.28121698636468	1.0	NonTarget	1	22856
89.40621694014328	1.0	NonTarget	1	22888
89.53121689392188	1.0	NonTarget	1	22920
89.65621684770048	1.0	NonTarget	1	22952
89.78121680147908	1.0	NonTarget	1	22984
89.90621675525767	1.0	NonTarget	1	23016
90.03121670903627	1.0	NonTarget	1	23048
90.15621666281487	1.0	NonTarget	1	23080
90.28121661659347	1.0	NonTarget	1	23112
90.40621657037208	1.0	NonTarget	1	23144
90.53121652415068	1.0	NonTarget	1	23176
90.65621647792928	1.0	NonTarget	1	23208
90.78121643170788	1.0	NonTarget	1	23240
90.90621638548647	1.0	NonTarget	1	23272
91.03121633926507	1.0	NonTarget	1	23304
91.15621629304367	1.0	NonTarget	1	23336
91.28121624682227	1.0	NonTarget	1	23368
91.40621620060087	1.0	NonTarget	1	23400
91.53121615437946	1.0	NonTarget	1	23432
91.65621610815806	1.0	NonTarget	1	23464
91.78121606193668	1.0	NonTarget	1	23496
91.90621601571527	1.0	NonTarget	1	23528
92.03121596949387	1.0	NonTarget	1	23560
92.15621592327247	1.0	NonTarget	1	23592
92.28121587705107	1.0	NonTarget	1	23624
92.40621583082967	1.0	NonTarget	1	23656
92.53121578460826	1.0	NonTarget	1	23688
92.65621573838686	1.0	NonTarget	1	23720
92.78121569216546	1.0	NonTarget	1	23752
92.90621564594406	1.0	NonTarget	1	23784
93.03121559972267	1.0	NonTarget	1	23816
93.15621555350127	1.0	NonTarget	1	23848
93.28121550727987	1.0	NonTarget	1	23880
93.40621546105847	1.0	NonTarget	1	23912
93.53121541483706	1.0	NonTarget	1	23944
93.65621536861566	1.0	NonTarget	1	23976
93.78121532239426	1.0	NonTarget	1	24008
93.90621527617286	1.0	NonTarget	1	24040
94.03121522995146	1.0	NonTarget	1	24072
94.15621518373005	1.0	NonTarget	1	24104
94.28121513750865	1.0	NonTarget	1	24136
94.40621509128727	1.0	NonTarget	1	24168
94.53121504506586	1.0	NonTarget	1	24200
94.65621499884446	1.0	NonTarget	1	24232
94.78121495262306	1.0	NonTarget	1	24264
94.90621490640166	1.0	NonTarget	1	24296
95.03121486018026	1.0	NonTarget	1	24328
95.15621481395885	1.0	NonTarget	1	24360
95.28121476773745	1.0	NonTarget	1	24392
95.40621472151605	1.0	NonTarget	1	24424
95.53121467529465	1.0	NonTarget	1	24456
95.65621462907325	1.0	NonTarget	1	24488
95.78121458285186	1.0	NonTarget	1	24520
95.90621453663046	1.0	NonTarget	1	24552
96.03121449040906	1.0	NonTarget	1	24584
96.15621444418765	1.0	NonTarget	1	24616
96.28121439796625	1.0	NonTarget	1	24648
96.40621435174485	1.0	NonTarget	1	24680
96.53121430552345	1.0	NonTarget	1	24712
96.65621425930205	1.0	NonTarget	1	24744
96.78121421308064	1.0	NonTarget	1	24776
96.90621416685924	1.0	NonTarget	1	24808
97.03121412063784	1.0	NonTarget	1	24840
97.15621407441645	1.0	NonTarget	1	24872
97.28121402819505	1.0	NonTarget	1	24904
97.40621398197365	1.0	NonTarget	1	24936
103.53121171712502	1.0	NonTarget	1	26504
103.65621167090362	1.0	NonTarget	1	26536
103.78121162468221	1.0	NonTarget	1	26568
103.90621157846081	1.0	NonTarget	1	26600
104.03121153223942	1.0	NonTarget	1	26632
104.15621148601802	1.0	NonTarget	1	26664
104.28121143979662	1.0	NonTarget	1	26696
104.40621139357522	1.0	NonTarget	1	26728
104.53121134735382	1.0	NonTarget	1	26760
104.65621130113242	1.0	NonTarget	1	26792
104.78121125491101	1.0	NonTarget	1	26824
104.90621120868961	1.0	NonTarget	1	26856
105.03121116246821	1.0	NonTarget	1	26888
105.15621111624681	1.0	NonTarget	1	26920
105.2812110700254	1.0	NonTarget	1	26952
105.40621102380402	1.0	NonTarget	1	26984
105.53121097758262	1.0	NonTarget	1	27016
105.65621093136122	1.0	NonTarget	1	27048
105.78121088513981	1.0	NonTarget	1	27080
105.90621083891841	1.0	NonTarget	1	27112
106.03121079269701	1.0	NonTarget	1	27144
106.15621074647561	1.0	NonTarget	1	27176
106.2812107002542	1.0	NonTarget	1	27208
106.4062106540328	1.0	NonTarget	1	27240
106.5312106078114	1.0	NonTarget	1	27272
106.65621056159	1.0	NonTarget	1	27304
106.78121051536861	1.0	NonTarget	1	27336
106.90621046914721	1.0	NonTarget	1	27368
107.03121042292581	1.0	NonTarget	1	27400
107.15621037670441	1.0	NonTarget	1	27432
107.281210330483	1.0	NonTarget	1	27464
107.4062102842616	1.0	NonTarget	1	27496
107.5312102380402	1.0	NonTarget	1	27528
107.6562101918188	1.0	NonTarget	1	27560
107.7812101455974	1.0	NonTarget	1	27592
107.906210099376	1.0	NonTarget	1	27624
108.0312100531546	1.0	NonTarget	1	27656
108.15621000693321	1.0	NonTarget	1	27688
108.2812099607118	1.0	NonTarget	1	27720
108.4062099144904	1.0	NonTarget	1	27752
108.531209868269	1.0	NonTarget	1	27784
108.6562098220476	1.0	NonTarget	1	27816
108.7812097758262	1.0	NonTarget	1	27848
108.9062097296048	1.0	NonTarget	1	27880
109.0312096833834	1.0	NonTarget	1	27912
109.156209637162	1.0	NonTarget	1	27944
109.28120959094059	1.0	NonTarget	1	27976
109.40620954471919	1.0	NonTarget	1	28008
109.5312094984978	1.0	NonTarget	1	28040
109.6562094522764	1.0	NonTarget	1	28072
109.781209406055	1.0	NonTarget	1	28104
109.9062093598336	1.0	NonTarget	1	28136
110.0312093136122	1.0	NonTarget	1	28168
110.15620926739079	1.0	NonTarget	1	28200
110.28120922116939	1.0	NonTarget	1	28232
110.40620917494799	1.0	NonTarget	1	28264
110.53120912872659	1.0	NonTarget	1	28296
110.65620908250519	1.0	NonTarget	1	28328
110.78120903628378	1.0	NonTarget	1	28360
110.9062089900624	1.0	NonTarget	1	28392
111.031208943841	1.0	NonTarget	1	28424
111.15620889761959	1.0	NonTarget	1	28456
111.28120885139819	1.0	NonTarget	1	28488
111.40620880517679	1.0	NonTarget	1	28520
111.53120875895539	1.0	NonTarget	1	28552
111.65620871273399	1.0	NonTarget	1	28584
111.78120866651258	1.0	NonTarget	1	28616
111.90620862029118	1.0	NonTarget	1	28648
112.03120857406978	1.0	NonTarget	1	28680
112.15620852784838	1.0	NonTarget	1	28712
112.28120848162699	1.0	NonTarget	1	28744
112.40620843540559	1.0	NonTarget	1	28776
112.53120838918419	1.0	NonTarget	1	28808
112.65620834296278	1.0	NonTarget	1	28840
112.78120829674138	1.0	NonTarget	1	28872
112.90620825051998	1.0	NonTarget	1	28904
113.03120820429858	1.0	NonTarget	1	28936
113.15620815807718	1.0	NonTarget	1	28968
113.28120811185578	1.0	NonTarget	1	29000
113.40620806563437	1.0	NonTarget	1	29032
113.53120801941297	1.0	NonTarget	1	29064
113.65620797319158	1.0	NonTarget	1	29096
113.78120792697018	1.0	NonTarget	1	29128
113.90620788074878	1.0	NonTarget	1	29160
120.03120561590015	1.0	NonTarget	1	30728
120.15620556967875	1.0	NonTarget	1	30760
120.28120552345734	1.0	NonTarget	1	30792
120.40620547723596	1.0	NonTarget	1	30824
120.53120543101456	1.0	NonTarget	1	30856
120.65620538479315	1.0	NonTarget	1	30888
120.78120533857175	1.0	NonTarget	1	30920
120.90620529235035	1.0	NonTarget	1	30952
121.03120524612895	1.0	NonTarget	1	30984
121.15620519990755	1.0	NonTarget	1	31016
121.28120515368614	1.0	NonTarget	1	31048
121.40620510746474	1.0	NonTarget	1	31080
121.53120506124334	1.0	NonTarget	1	31112
121.65620501502194	1.0	NonTarget	1	31144
121.78120496880055	1.0	NonTarget	1	31176
121.90620492257915	1.0	NonTarget	1	31208
122.03120487635775	1.0	NonTarget	1	31240
122.15620483013635	1.0	NonTarget	1	31272
122.28120478391494	1.0	NonTarget	1	31304
122.40620473769354	1.0	NonTarget	1	31336
122.53120469147214	1.0	NonTarget	1	31368
122.65620464525074	1.0	NonTarget	1	31400
122.78120459902934	1.0	NonTarget	1	31432
122.90620455280794	1.0	NonTarget	1	31464
123.03120450658653	1.0	NonTarget	1	31496
123.15620446036515	1.0	NonTarget	1	31528
123.28120441414374	1.0	NonTarget	1	31560
123.40620436792234	1.0	NonTarget	1	31592
123.53120432170094	1.0	NonTarget	1	31624
123.65620427547954	1.0	NonTarget	1	31656
123.78120422925814	1.0	NonTarget	1	31688
123.90620418303673	1.0	NonTarget	1	31720
124.03120413681533	1.0	NonTarget	1	31752
124.15620409059393	1.0	NonTarget	1	31784
124.28120404437253	1.0	NonTarget	1	31816
124.40620399815113	1.0	NonTarget	1	31848
124.53120395192974	1.0	NonTarget	1	31880
124.65620390570834	1.0	NonTarget	1	31912
124.78120385948694	1.0	NonTarget	1	31944
124.90620381326553	1.0	NonTarget	1	31976
125.03120376704413	1.0	NonTarget	1	32008
125.15620372082273	1.0	NonTarget	1	32040
125.28120367460133	1.0	NonTarget	1	32072
125.40620362837993	1.0	NonTarget	1	32104
125.53120358215853	1.0	NonTarget	1	32136
125.65620353593712	1.0	NonTarget	1	32168
125.78120348971572	1.0	NonTarget	1	32200
125.90620344349433	1.0	NonTarget	1	32232
126.03120339727293	1.0	NonTarget	1	32264
126.15620335105153	1.0	NonTarget	1	32296
126.28120330483013	1.0	NonTarget	1	32328
126.40620325860873	1.0	NonTarget	1	32360
126.53120321238733	1.0	NonTarget	1	32392
126.65620316616592	1.0	NonTarget	1	32424
126.78120311994452	1.0	NonTarget	1	32456
126.90620307372312	1.0	NonTarget	1	32488
127.03120302750172	1.0	NonTarget	1	32520
127.15620298128032	1.0	NonTarget	1	32552
127.28120293505893	1.0	NonTarget	1	32584
127.40620288883753	1.0	NonTarget	1	32616
127.53120284261612	1.0	NonTarget	1	32648
127.65620279639472	1.0	NonTarget	1	32680
127.78120275017332	1.0	NonTarget	1	32712
127.90620270395192	1.0	NonTarget	1	32744
128.03120265773052	1.0	NonTarget	1	32776
128.15620261150912	1.0	NonTarget	1	32808
128.2812025652877	1.0	NonTarget	1	32840
128.4062025190663	1.0	NonTarget	1	32872
128.5312024728449	1.0	NonTarget	1	32904
128.6562024266235	1.0	NonTarget	1	32936
128.7812023804021	1.0	NonTarget	1	32968
128.9062023341807	1.0	NonTarget	1	33000
129.0312022879593	1.0	NonTarget	1	33032
129.1562022417379	1.0	NonTarget	1	33064
129.2812021955165	1.0	NonTarget	1	33096
129.40620214929513	1.0	NonTarget	1	33128
129.53120210307372	1.0	NonTarget	1	33160
129.65620205685232	1.0	NonTarget	1	33192
129.78120201063092	1.0	NonTarget	1	33224
129.90620196440952	1.0	NonTarget	1	33256
130.03120191818812	1.0	NonTarget	1	33288
130.15620187196672	1.0	NonTarget	1	33320
130.2812018257453	1.0	NonTarget	1	33352
130.4062017795239	1.0	NonTarget	1	33384
136.53119951467528	1.0	NonTarget	1	34952
136.65619946845388	1.0	NonTarget	1	34984
136.78119942223248	1.0	NonTarget	1	35016
136.90619937601107	1.0	NonTarget	1	35048
137.03119932978967	1.0	NonTarget	1	35080
137.15619928356827	1.0	NonTarget	1	35112
137.28119923734687	1.0	NonTarget	1	35144
137.40619919112547	1.0	NonTarget	1	35176
137.5311991449041	1.0	NonTarget	1	35208
137.6561990986827	1.0	NonTarget	1	35240
137.7811990524613	1.0	NonTarget	1	35272
137.9061990062399	1.0	NonTarget	1	35304
138.0311989600185	1.0	NonTarget	1	35336
138.15619891379708	1.0	NonTarget	1	35368
138.28119886757568	1.0	NonTarget	1	35400
138.40619882135428	1.0	NonTarget	1	35432
138.53119877513288	1.0	NonTarget	1	35464
138.65619872891148	1.0	NonTarget	1	35496
138.78119868269007	1.0	NonTarget	1	35528
138.90619863646867	1.0	NonTarget	1	35560
139.03119859024727	1.0	NonTarget	1	35592
139.15619854402587	1.0	NonTarget	1	35624
139.28119849780447	1.0	NonTarget	1	35656
139.40619845158307	1.0	NonTarget	1	35688
139.53119840536166	1.0	NonTarget	1	35720
139.65619835914026	1.0	NonTarget	1	35752
139.78119831291886	1.0	NonTarget	1	35784
139.90619826669746	1.0	NonTarget	1	35816
140.03119822047606	1.0	NonTarget	1	35848
140.15619817425465	1.0	NonTarget	1	35880
140.28119812803328	1.0	NonTarget	1	35912
140.40619808181188	1.0	NonTarget	1	35944
140.53119803559048	1.0	NonTarget	1	35976
140.65619798936908	1.0	NonTarget	1	36008
140.78119794314767	1.0	NonTarget	1	36040
140.90619789692627	1.0	NonTarget	1	36072
141.03119785070487	1.0	NonTarget	1	36104
141.15619780448347	1.0	NonTarget	1	36136
141.28119775826207	1.0	NonTarget	1	36168
141.40619771204067	1.0	NonTarget	1	36200
141.53119766581926	1.0	NonTarget	1	36232
141.65619761959786	1.0	NonTarget	1	36264
141.78119757337646	1.0	NonTarget	1	36296
141.90619752715506	1.0	NonTarget	1	36328
142.03119748093366	1.0	NonTarget	1	36360
142.15619743471225	1.0	NonTarget	1	36392
142.28119738849085	1.0	NonTarget	1	36424
142.40619734226945	1.0	NonTarget	1	36456
142.53119729604805	1.0	NonTarget	1	36488
142.65619724982665	1.0	NonTarget	1	36520
142.78119720360525	1.0	NonTarget	1	36552
142.90619715738384	1.0	NonTarget	1	36584
143.03119711116247	1.0	NonTarget	1	36616
143.15619706494107	1.0	NonTarget	1	36648
143.28119701871967	1.0	NonTarget	1	36680
143.40619697249826	1.0	NonTarget	1	36712
143.53119692627686	1.0	NonTarget	1	36744
143.65619688005546	1.0	NonTarget	1	36776
143.78119683383406	1.0	NonTarget	1	36808
143.90619678761266	1.0	NonTarget	1	36840
144.03119674139126	1.0	NonTarget	1	36872
144.15619669516985	1.0	NonTarget	1	36904
144.28119664894845	1.0	NonTarget	1	36936
144.40619660272705	1.0	NonTarget	1	36968
144.53119655650565	1.0	NonTarget	1	37000
144.65619651028425	1.0	NonTarget	1	37032
144.78119646406284	1.0	NonTarget	1	37064
144.90619641784144	1.0	NonTarget	1	37096
145.03119637162004	1.0	NonTarget	1	37128
145.15619632539864	1.0	NonTarget	1	37160
145.28119627917724	1.0	NonTarget	1	37192
145.40619623295584	1.0	NonTarget	1	37224
145.53119618673443	1.0	NonTarget	1	37256
145.65619614051303	1.0	NonTarget	1	37288
145.78119609429166	1.0	NonTarget	1	37320
145.90619604807026	1.0	NonTarget	1	37352
146.03119600184885	1.0	NonTarget	1	37384
146.15619595562745	1.0	NonTarget	1	37416
146.28119590940605	1.0	NonTarget	1	37448
146.40619586318465	1.0	NonTarget	1	37480
146.53119581696325	1.0	NonTarget	1	37512
146.65619577074185	1.0	NonTarget	1	37544
146.78119572452044	1.0	NonTarget	1	37576
146.90619567829904	1.0	NonTarget	1	37608
153.0311934134504	1.0	NonTarget	1	39176
153.156193367229	1.0	NonTarget	1	39208
153.2811933210076	1.0	NonTarget	1	39240
153.4061932747862	1.0	NonTarget	1	39272
153.5311932285648	1.0	NonTarget	1	39304
153.6561931823434	1.0	NonTarget	1	39336
153.781193136122	1.0	NonTarget	1	39368
153.9061930899006	1.0	NonTarget	1	39400
154.03119304367922	1.0	NonTarget	1	39432
154.15619299745782	1.0	NonTarget	1	39464
154.28119295123642	1.0	NonTarget	1	39496
154.40619290501502	1.0	NonTarget	1	39528
154.53119285879362	1.0	NonTarget	1	39560
154.65619281257221	1.0	NonTarget	1	39592
154.7811927663508	1.0	NonTarget	1	39624
154.9061927201294	1.0	NonTarget	1	39656
155.031192673908	1.0	NonTarget	1	39688
155.1561926276866	1.0	NonTarget	1	39720
155.2811925814652	1.0	NonTarget	1	39752
155.4061925352438	1.0	NonTarget	1	39784
155.5311924890224	1.0	NonTarget	1	39816
155.656192442801	1.0	NonTarget	1	39848
155.7811923965796	1.0	NonTarget	1	39880
155.9061923503582	1.0	NonTarget	1	39912
156.0311923041368	1.0	NonTarget	1	39944
156.1561922579154	1.0	NonTarget	1	39976
156.281192211694	1.0	NonTarget	1	40008
156.4061921654726	1.0	NonTarget	1	40040
156.5311921192512	1.0	NonTarget	1	40072
156.6561920730298	1.0	NonTarget	1	40104
156.7811920268084	1.0	NonTarget	1	40136
156.906191980587	1.0	NonTarget	1	40168
157.0311919343656	1.0	NonTarget	1	40200
157.1561918881442	1.0	NonTarget	1	40232
157.2811918419228	1.0	NonTarget	1	40264
157.4061917957014	1.0	NonTarget	1	40296
157.53119174948	1.0	NonTarget	1	40328
157.6561917032586	1.0	NonTarget	1	40360
157.7811916570372	1.0	NonTarget	1	40392
157.9061916108158	1.0	NonTarget	1	40424
158.0311915645944	1.0	NonTarget	1	40456
158.156191518373	1.0	NonTarget	1	40488
158.2811914721516	1.0	NonTarget	1	40520
158.4061914259302	1.0	NonTarget	1	40552
158.5311913797088	1.0	NonTarget	1	40584
158.65619133348739	1.0	NonTarget	1	40616
158.78119128726598	1.0	NonTarget	1	40648
158.90619124104458	1.0	NonTarget	1	40680
159.03119119482318	1.0	NonTarget	1	40712
159.15619114860178	1.0	NonTarget	1	40744
159.28119110238038	1.0	NonTarget	1	40776
159.406191056159	1.0	NonTarget	1	40808
159.5311910099376	1.0	NonTarget	1	40840
159.6561909637162	1.0	NonTarget	1	40872
159.7811909174948	1.0	NonTarget	1	40904
159.9061908712734	1.0	NonTarget	1	40936
160.031190825052	1.0	NonTarget	1	40968
160.1561907788306	1.0	NonTarget	1	41000
160.2811907326092	1.0	NonTarget	1	41032
160.4061906863878	1.0	NonTarget	1	41064
160.5311906401664	1.0	NonTarget	1	41096
160.65619059394498	1.0	NonTarget	1	41128
160.78119054772358	1.0	NonTarget	1	41160
160.90619050150218	1.0	NonTarget	1	41192
161.03119045528078	1.0	NonTarget	1	41224
161.15619040905938	1.0	NonTarget	1	41256
161.28119036283798	1.0	NonTarget	1	41288
161.40619031661657	1.0	NonTarget	1	41320
161.53119027039517	1.0	NonTarget	1	41352
161.65619022417377	1.0	NonTarget	1	41384
161.78119017795237	1.0	NonTarget	1	41416
161.90619013173097	1.0	NonTarget	1	41448
162.03119008550956	1.0	NonTarget	1	41480
162.1561900392882	1.0	NonTarget	1	41512
162.2811899930668	1.0	NonTarget	1	41544
162.4061899468454	1.0	NonTarget	1	41576
162.53118990062399	1.0	NonTarget	1	41608
162.65618985440258	1.0	NonTarget	1	41640
162.78118980818118	1.0	NonTarget	1	41672
162.90618976195978	1.0	NonTarget	1	41704
163.03118971573838	1.0	NonTarget	1	41736
163.15618966951698	1.0	NonTarget	1	41768
163.28118962329557	1.0	NonTarget	1	41800
163.40618957707417	1.0	NonTarget	1	41832
169.53118731222554	1.0	NonTarget	1	43400
169.65618726600414	1.0	NonTarget	1	43432
169.78118721978274	1.0	NonTarget	1	43464
169.90618717356134	1.0	NonTarget	1	43496
170.03118712733993	1.0	NonTarget	1	43528
170.15618708111853	1.0	NonTarget	1	43560
170.28118703489713	1.0	NonTarget	1	43592
170.40618698867576	1.0	NonTarget	1	43624
170.53118694245435	1.0	NonTarget	1	43656
170.65618689623295	1.0	NonTarget	1	43688
170.78118685001155	1.0	NonTarget	1	43720
170.90618680379015	1.0	NonTarget	1	43752
171.03118675756875	1.0	NonTarget	1	43784
171.15618671134735	1.0	NonTarget	1	43816
171.28118666512594	1.0	NonTarget	1	43848
171.40618661890454	1.0	NonTarget	1	43880
171.53118657268314	1.0	NonTarget	1	43912
171.65618652646174	1.0	NonTarget	1	43944
171.78118648024034	1.0	NonTarget	1	43976
171.90618643401893	1.0	NonTarget	1	44008
172.03118638779753	1.0	NonTarget	1	44040
172.15618634157613	1.0	NonTarget	1	44072
172.28118629535473	1.0	NonTarget	1	44104
172.40618624913333	1.0	NonTarget	1	44136
172.53118620291193	1.0	NonTarget	1	44168
172.65618615669052	1.0	NonTarget	1	44200
172.78118611046912	1.0	NonTarget	1	44232
172.90618606424772	1.0	NonTarget	1	44264
173.03118601802632	1.0	NonTarget	1	44296
173.15618597180494	1.0	NonTarget	1	44328
173.28118592558354	1.0	NonTarget	1	44360
173.40618587936214	1.0	NonTarget	1	44392
173.53118583314074	1.0	NonTarget	1	44424
173.65618578691934	1.0	NonTarget	1	44456
173.78118574069794	1.0	NonTarget	1	44488
173.90618569447653	1.0	NonTarget	1	44520
174.03118564825513	1.0	NonTarget	1	44552
174.15618560203373	1.0	NonTarget	1	44584
174.28118555581233	1.0	NonTarget	1	44616
174.40618550959093	1.0	NonTarget	1	44648
174.53118546336952	1.0	NonTarget	1	44680
174.65618541714812	1.0	NonTarget	1	44712
174.78118537092672	1.0	NonTarget	1	44744
174.90618532470532	1.0	NonTarget	1	44776
175.03118527848392	1.0	NonTarget	1	44808
175.15618523226252	1.0	NonTarget	1	44840
175.2811851860411	1.0	NonTarget	1	44872
175.4061851398197	1.0	NonTarget	1	44904
175.5311850935983	1.0	NonTarget	1	44936
175.6561850473769	1.0	NonTarget	1	44968
175.7811850011555	1.0	NonTarget	1	45000
175.90618495493413	1.0	NonTarget	1	45032
176.03118490871273	1.0	NonTarget	1	45064
176.15618486249133	1.0	NonTarget	1	45096
176.28118481626993	1.0	NonTarget	1	45128
176.40618477004853	1.0	NonTarget	1	45160
176.53118472382712	1.0	NonTarget	1	45192
176.65618467760572	1.0	NonTarget	1	45224
176.78118463138432	1.0	NonTarget	1	45256
176.90618458516292	1.0	NonTarget	1	45288
177.03118453894152	1.0	NonTarget	1	45320
177.15618449272012	1.0	NonTarget	1	45352
177.2811844464987	1.0	NonTarget	1	45384
177.4061844002773	1.0	NonTarget	1	45416
177.5311843540559	1.0	NonTarget	1	45448
177.6561843078345	1.0	NonTarget	1	45480
177.7811842616131	1.0	NonTarget	1	45512
177.9061842153917	1.0	NonTarget	1	45544
178.0311841691703	1.0	NonTarget	1	45576
178.1561841229489	1.0	NonTarget	1	45608
178.2811840767275	1.0	NonTarget	1	45640
178.4061840305061	1.0	NonTarget	1	45672
178.5311839842847	1.0	NonTarget	1	45704
178.65618393806332	1.0	NonTarget	1	45736
178.78118389184192	1.0	NonTarget	1	45768
178.90618384562052	1.0	NonTarget	1	45800
179.03118379939912	1.0	NonTarget	1	45832
179.15618375317771	1.0	NonTarget	1	45864
179.2811837069563	1.0	NonTarget	1	45896
179.4061836607349	1.0	NonTarget	1	45928
179.5311836145135	1.0	NonTarget	1	45960
179.6561835682921	1.0	NonTarget	1	45992
179.7811835220707	1.0	NonTarget	1	46024
179.9061834758493	1.0	NonTarget	1	46056
186.03118121100067	1.0	NonTarget	1	47624
186.15618116477927	1.0	NonTarget	1	47656
186.28118111855787	1.0	NonTarget	1	47688
186.40618107233647	1.0	NonTarget	1	47720
186.53118102611506	1.0	NonTarget	1	47752
186.65618097989366	1.0	NonTarget	1	47784
186.7811809336723	1.0	NonTarget	1	47816
186.9061808874509	1.0	NonTarget	1	47848
187.03118084122949	1.0	NonTarget	1	47880
187.15618079500808	1.0	NonTarget	1	47912
187.28118074878668	1.0	NonTarget	1	47944
187.40618070256528	1.0	NonTarget	1	47976
187.53118065634388	1.0	NonTarget	1	48008
187.65618061012248	1.0	NonTarget	1	48040
187.78118056390107	1.0	NonTarget	1	48072
187.90618051767967	1.0	NonTarget	1	48104
188.03118047145827	1.0	NonTarget	1	48136
188.15618042523687	1.0	NonTarget	1	48168
188.28118037901547	1.0	NonTarget	1	48200
188.40618033279407	1.0	NonTarget	1	48232
188.53118028657266	1.0	NonTarget	1	48264
188.65618024035126	1.0	NonTarget	1	48296
188.78118019412986	1.0	NonTarget	1	48328
188.90618014790846	1.0	NonTarget	1	48360
189.03118010168706	1.0	NonTarget	1	48392
189.15618005546565	1.0	NonTarget	1	48424
189.28118000924425	1.0	NonTarget	1	48456
189.40617996302285	1.0	NonTarget	1	48488
189.53117991680148	1.0	NonTarget	1	48520
189.65617987058008	1.0	NonTarget	1	48552
189.78117982435867	1.0	NonTarget	1	48584
189.90617977813727	1.0	NonTarget	1	48616
190.03117973191587	1.0	NonTarget	1	48648
190.15617968569447	1.0	NonTarget	1	48680
190.28117963947307	1.0	NonTarget	1	48712
190.40617959325166	1.0	NonTarget	1	48744
190.53117954703026	1.0	NonTarget	1	48776
190.65617950080886	1.0	NonTarget	1	48808
190.78117945458746	1.0	NonTarget	1	48840
190.90617940836606	1.0	NonTarget	1	48872
191.03117936214466	1.0	NonTarget	1	48904
191.15617931592325	1.0	NonTarget	1	48936
191.28117926970185	1.0	NonTarget	1	48968
191.40617922348045	1.0	NonTarget	1	49000
191.53117917725905	1.0	NonTarget	1	49032
191.65617913103765	1.0	NonTarget	1	49064
191.78117908481624	1.0	NonTarget	1	49096
191.90617903859484	1.0	NonTarget	1	49128
192.03117899237344	1.0	NonTarget	1	49160
192.15617894615204	1.0	NonTarget	1	49192
192.28117889993067	1.0	NonTarget	1	49224
192.40617885370926	1.0	NonTarget	1	49256
192.53117880748786	1.0	NonTarget	1	49288
192.65617876126646	1.0	NonTarget	1	49320
192.78117871504506	1.0	NonTarget	1	49352
192.90617866882366	1.0	NonTarget	1	49384
193.03117862260225	1.0	NonTarget	1	49416
193.15617857638085	1.0	NonTarget	1	49448
193.28117853015945	1.0	NonTarget	1	49480
193.40617848393805	1.0	NonTarget	1	49512
193.53117843771665	1.0	NonTarget	1	49544
193.65617839149525	1.0	NonTarget	1	49576
193.78117834527384	1.0	NonTarget	1	49608
193.90617829905244	1.0	NonTarget	1	49640
194.03117825283104	1.0	NonTarget	1	49672
194.15617820660964	1.0	NonTarget	1	49704
194.28117816038824	1.0	NonTarget	1	49736
194.40617811416683	1.0	NonTarget	1	49768
194.53117806794543	1.0	NonTarget	1	49800
194.65617802172403	1.0	NonTarget	1	49832
194.78117797550263	1.0	NonTarget	1	49864
194.90617792928123	1.0	NonTarget	1	49896
195.03117788305985	1.0	NonTarget	1	49928
195.15617783683845	1.0	NonTarget	1	49960
195.28117779061705	1.0	NonTarget	1	49992
195.40617774439565	1.0	NonTarget	1	50024
195.53117769817425	1.0	NonTarget	1	50056
195.65617765195285	1.0	NonTarget	1	50088
195.78117760573144	1.0	NonTarget	1	50120
195.90617755951004	1.0	NonTarget	1	50152
196.03117751328864	1.0	NonTarget	1	50184
196.15617746706724	1.0	NonTarget	1	50216
196.28117742084584	1.0	NonTarget	1	50248
196.40617737462443	1.0	NonTarget	1	50280
202.5311751097758	1.0	NonTarget	1	51848
202.6561750635544	1.0	NonTarget	1	51880
202.781175017333	1.0	NonTarget	1	51912
202.9061749711116	1.0	NonTarget	1	51944
203.0311749248902	1.0	NonTarget	1	51976
203.1561748786688	1.0	NonTarget	1	52008
203.28117483244742	1.0	NonTarget	1	52040
203.40617478622602	1.0	NonTarget	1	52072
203.53117474000462	1.0	NonTarget	1	52104
203.6561746937832	1.0	NonTarget	1	52136
203.7811746475618	1.0	NonTarget	1	52168
203.9061746013404	1.0	NonTarget	1	52200
204.031174555119	1.0	NonTarget	1	52232
204.1561745088976	1.0	NonTarget	1	52264
204.2811744626762	1.0	NonTarget	1	52296
204.4061744164548	1.0	NonTarget	1	52328
204.5311743702334	1.0	NonTarget	1	52360
204.656174324012	1.0	NonTarget	1	52392
204.7811742777906	1.0	NonTarget	1	52424
204.9061742315692	1.0	NonTarget	1	52456
205.0311741853478	1.0	NonTarget	1	52488
205.1561741391264	1.0	NonTarget	1	52520
205.281174092905	1.0	NonTarget	1	52552
205.4061740466836	1.0	NonTarget	1	52584
205.5311740004622	1.0	NonTarget	1	52616
205.65617395424078	1.0	NonTarget	1	52648
205.78117390801938	1.0	NonTarget	1	52680
205.906173861798	1.0	NonTarget	1	52712
206.0311738155766	1.0	NonTarget	1	52744
206.1561737693552	1.0	NonTarget	1	52776
206.2811737231338	1.0	NonTarget	1	52808
206.4061736769124	1.0	NonTarget	1	52840
206.531173630691	1.0	NonTarget	1	52872
206.6561735844696	1.0	NonTarget	1	52904
206.7811735382482	1.0	NonTarget	1	52936
206.9061734920268	1.0	NonTarget	1	52968
207.0311734458054	1.0	NonTarget	1	53000
207.156173399584	1.0	NonTarget	1	53032
207.2811733533626	1.0	NonTarget	1	53064
207.4061733071412	1.0	NonTarget	1	53096
207.5311732609198	1.0	NonTarget	1	53128
207.65617321469838	1.0	NonTarget	1	53160
207.78117316847698	1.0	NonTarget	1	53192
207.90617312225558	1.0	NonTarget	1	53224
208.03117307603418	1.0	NonTarget	1	53256
208.15617302981278	1.0	NonTarget	1	53288
208.28117298359138	1.0	NonTarget	1	53320
208.40617293736997	1.0	NonTarget	1	53352
208.53117289114857	1.0	NonTarget	1	53384
208.6561728449272	1.0	NonTarget	1	53416
208.7811727987058	1.0	NonTarget	1	53448
208.9061727524844	1.0	NonTarget	1	53480
209.031172706263	1.0	NonTarget	1	53512
209.1561726600416	1.0	NonTarget	1	53544
209.2811726138202	1.0	NonTarget	1	53576
209.4061725675988	1.0	NonTarget	1	53608
209.53117252137739	1.0	NonTarget	1	53640
209.65617247515598	1.0	NonTarget	1	53672
209.78117242893458	1.0	NonTarget	1	53704
209.90617238271318	1.0	NonTarget	1	53736
210.03117233649178	1.0	NonTarget	1	53768
210.15617229027038	1.0	NonTarget	1	53800
210.28117224404897	1.0	NonTarget	1	53832
210.40617219782757	1.0	NonTarget	1	53864
210.53117215160617	1.0	NonTarget	1	53896
210.65617210538477	1.0	NonTarget	1	53928
210.78117205916337	1.0	NonTarget	1	53960
210.90617201294197	1.0	NonTarget	1	53992
211.03117196672056	1.0	NonTarget	1	54024
211.15617192049916	1.0	NonTarget	1	54056
211.28117187427776	1.0	NonTarget	1	54088
211.4061718280564	1.0	NonTarget	1	54120
211.53117178183498	1.0	NonTarget	1	54152
211.65617173561358	1.0	NonTarget	1	54184
211.78117168939218	1.0	NonTarget	1	54216
211.90617164317078	1.0	NonTarget	1	54248
212.03117159694938	1.0	NonTarget	1	54280
212.15617155072798	1.0	NonTarget	1	54312
212.28117150450657	1.0	NonTarget	1	54344
212.40617145828517	1.0	NonTarget	1	54376
212.53117141206377	1.0	NonTarget	1	54408
212.65617136584237	1.0	NonTarget	1	54440
212.78117131962097	1.0	NonTarget	1	54472
212.90617127339956	1.0	NonTarget	1	54504
219.03116900855093	1.0	NonTarget	1	56072
219.15616896232953	1.0	NonTarget	1	56104
219.28116891610813	1.0	NonTarget	1	56136
219.40616886988673	1.0	NonTarget	1	56168
219.53116882366533	1.0	NonTarget	1	56200
219.65616877744395	1.0	NonTarget	1	56232
219.78116873122255	1.0	NonTarget	1	56264
219.90616868500115	1.0	NonTarget	1	56296
220.03116863877975	1.0	NonTarget	1	56328
220.15616859255834	1.0	NonTarget	1	56360
220.28116854633694	1.0	NonTarget	1	56392
220.40616850011554	1.0	NonTarget	1	56424
220.53116845389414	1.0	NonTarget	1	56456
220.65616840767274	1.0	NonTarget	1	56488
220.78116836145134	1.0	NonTarget	1	56520
220.90616831522993	1.0	NonTarget	1	56552
221.03116826900853	1.0	NonTarget	1	56584
221.15616822278713	1.0	NonTarget	1	56616
221.28116817656573	1.0	NonTarget	1	56648
221.40616813034433	1.0	NonTarget	1	56680
221.53116808412292	1.0	NonTarget	1	56712
221.65616803790152	1.0	NonTarget	1	56744
221.78116799168012	1.0	NonTarget	1	56776
221.90616794545872	1.0	NonTarget	1	56808
222.03116789923732	1.0	NonTarget	1	56840
222.15616785301592	1.0	NonTarget	1	56872
222.2811678067945	1.0	NonTarget	1	56904
222.40616776057314	1.0	NonTarget	1	56936
222.53116771435174	1.0	NonTarget	1	56968
222.65616766813034	1.0	NonTarget	1	57000
222.78116762190893	1.0	NonTarget	1	57032
222.90616757568753	1.0	NonTarget	1	57064
223.03116752946613	1.0	NonTarget	1	57096
223.15616748324473	1.0	NonTarget	1	57128
223.28116743702333	1.0	NonTarget	1	57160
223.40616739080193	1.0	NonTarget	1	57192
223.53116734458052	1.0	NonTarget	1	57224
223.65616729835912	1.0	NonTarget	1	57256
223.78116725213772	1.0	NonTarget	1	57288
223.90616720591632	1.0	NonTarget	1	57320
224.03116715969492	1.0	NonTarget	1	57352
224.15616711347351	1.0	NonTarget	1	57384
224.2811670672521	1.0	NonTarget	1	57416
224.4061670210307	1.0	NonTarget	1	57448
224.5311669748093	1.0	NonTarget	1	57480
224.6561669285879	1.0	NonTarget	1	57512
224.7811668823665	1.0	NonTarget	1	57544
224.9061668361451	1.0	NonTarget	1	57576
225.0311667899237	1.0	NonTarget	1	57608
225.15616674370233	1.0	NonTarget	1	57640
225.28116669748093	1.0	NonTarget	1	57672
225.40616665125953	1.0	NonTarget	1	57704
225.53116660503812	1.0	NonTarget	1	57736
225.65616655881672	1.0	NonTarget	1	57768
225.78116651259532	1.0	NonTarget	1	57800
225.90616646637392	1.0	NonTarget	1	57832
226.03116642015252	1.0	NonTarget	1	57864
226.15616637393111	1.0	NonTarget	1	57896
226.2811663277097	1.0	NonTarget	1	57928
226.4061662814883	1.0	NonTarget	1	57960
226.5311662352669	1.0	NonTarget	1	57992
226.6561661890455	1.0	NonTarget	1	58024
226.7811661428241	1.0	NonTarget	1	58056
226.9061660966027	1.0	NonTarget	1	58088
227.0311660503813	1.0	NonTarget	1	58120
227.1561660041599	1.0	NonTarget	1	58152
227.2811659579385	1.0	NonTarget	1	58184
227.4061659117171	1.0	NonTarget	1	58216
227.5311658654957	1.0	NonTarget	1	58248
227.6561658192743	1.0	NonTarget	1	58280
227.7811657730529	1.0	NonTarget	1	58312
227.90616572683152	1.0	NonTarget	1	58344
228.03116568061012	1.0	NonTarget	1	58376
228.1561656343887	1.0	NonTarget	1	58408
228.2811655881673	1.0	NonTarget	1	58440
228.4061655419459	1.0	NonTarget	1	58472
228.5311654957245	1.0	NonTarget	1	58504
228.6561654495031	1.0	NonTarget	1	58536
228.7811654032817	1.0	NonTarget	1	58568
228.9061653570603	1.0	NonTarget	1	58600
229.0311653108389	1.0	NonTarget	1	58632
229.1561652646175	1.0	NonTarget	1	58664
229.2811652183961	1.0	NonTarget	1	58696
229.4061651721747	1.0	NonTarget	1	58728
235.53116290732606	1.0	NonTarget	1	60296
235.65616286110466	1.0	NonTarget	1	60328
235.78116281488326	1.0	NonTarget	1	60360
235.90616276866186	1.0	NonTarget	1	60392
236.03116272244048	1.0	NonTarget	1	60424
236.15616267621908	1.0	NonTarget	1	60456
236.28116262999768	1.0	NonTarget	1	60488
236.40616258377628	1.0	NonTarget	1	60520
236.53116253755488	1.0	NonTarget	1	60552
236.65616249133348	1.0	NonTarget	1	60584
236.78116244511207	1.0	NonTarget	1	60616
236.90616239889067	1.0	NonTarget	1	60648
237.03116235266927	1.0	NonTarget	1	60680
237.15616230644787	1.0	NonTarget	1	60712
237.28116226022647	1.0	NonTarget	1	60744
237.40616221400506	1.0	NonTarget	1	60776
237.53116216778366	1.0	NonTarget	1	60808
237.65616212156226	1.0	NonTarget	1	60840
237.78116207534086	1.0	NonTarget	1	60872
237.90616202911946	1.0	NonTarget	1	60904
238.03116198289806	1.0	NonTarget	1	60936
238.15616193667665	1.0	NonTarget	1	60968
238.28116189045525	1.0	NonTarget	1	61000
238.40616184423385	1.0	NonTarget	1	61032
238.53116179801245	1.0	NonTarget	1	61064
238.65616175179105	1.0	NonTarget	1	61096
238.78116170556967	1.0	NonTarget	1	61128
238.90616165934827	1.0	NonTarget	1	61160
239.03116161312687	1.0	NonTarget	1	61192
239.15616156690547	1.0	NonTarget	1	61224
239.28116152068407	1.0	NonTarget	1	61256
239.40616147446266	1.0	NonTarget	1	61288
239.53116142824126	1.0	NonTarget	1	61320
239.65616138201986	1.0	NonTarget	1	61352
239.78116133579846	1.0	NonTarget	1	61384
239.90616128957706	1.0	NonTarget	1	61416
240.03116124335565	1.0	NonTarget	1	61448
240.15616119713425	1.0	NonTarget	1	61480
240.28116115091285	1.0	NonTarget	1	61512
240.40616110469145	1.0	NonTarget	1	61544
240.53116105847005	1.0	NonTarget	1	61576
240.65616101224865	1.0	NonTarget	1	61608
240.78116096602724	1.0	NonTarget	1	61640
240.90616091980584	1.0	NonTarget	1	61672
241.03116087358444	1.0	NonTarget	1	61704
241.15616082736304	1.0	NonTarget	1	61736
241.28116078114164	1.0	NonTarget	1	61768
241.40616073492023	1.0	NonTarget	1	61800
241.53116068869886	1.0	NonTarget	1	61832
241.65616064247746	1.0	NonTarget	1	61864
241.78116059625606	1.0	NonTarget	1	61896
241.90616055003466	1.0	NonTarget	1	61928
242.03116050381325	1.0	NonTarget	1	61960
242.15616045759185	1.0	NonTarget	1	61992
242.28116041137045	1.0	NonTarget	1	62024
242.40616036514905	1.0	NonTarget	1	62056
242.53116031892765	1.0	NonTarget	1	62088
242.65616027270624	1.0	NonTarget	1	62120
242.78116022648484	1.0	NonTarget	1	62152
242.90616018026344	1.0	NonTarget	1	62184
243.03116013404204	1.0	NonTarget	1	62216
243.15616008782064	1.0	NonTarget	1	62248
243.28116004159924	1.0	NonTarget	1	62280
243.40615999537783	1.0	NonTarget	1	62312
243.53115994915643	1.0	NonTarget	1	62344
243.65615990293503	1.0	NonTarget	1	62376
243.78115985671363	1.0	NonTarget	1	62408
243.90615981049223	1.0	NonTarget	1	62440
244.03115976427083	1.0	NonTarget	1	62472
244.15615971804942	1.0	NonTarget	1	62504
244.28115967182805	1.0	NonTarget	1	62536
244.40615962560665	1.0	NonTarget	1	62568
244.53115957938525	1.0	NonTarget	1	62600
244.65615953316384	1.0	NonTarget	1	62632
244.78115948694244	1.0	NonTarget	1	62664
244.90615944072104	1.0	NonTarget	1	62696
245.03115939449964	1.0	NonTarget	1	62728
245.15615934827824	1.0	NonTarget	1	62760
245.28115930205684	1.0	NonTarget	1	62792
245.40615925583543	1.0	NonTarget	1	62824
245.53115920961403	1.0	NonTarget	1	62856
245.65615916339263	1.0	NonTarget	1	62888
245.78115911717123	1.0	NonTarget	1	62920
245.90615907094983	1.0	NonTarget	1	62952
252.0311568061012	1.0	NonTarget	1	64520
252.1561567598798	1.0	NonTarget	1	64552
252.2811567136584	1.0	NonTarget	1	64584
252.406156667437	1.0	NonTarget	1	64616
252.53115662121562	1.0	NonTarget	1	64648
252.6561565749942	1.0	NonTarget	1	64680
252.7811565287728	1.0	NonTarget	1	64712
252.9061564825514	1.0	NonTarget	1	64744
253.03115643633	1.0	NonTarget	1	64776
253.1561563901086	1.0	NonTarget	1	64808
253.2811563438872	1.0	NonTarget	1	64840
253.4061562976658	1.0	NonTarget	1	64872
253.5311562514444	1.0	NonTarget	1	64904
253.656156205223	1.0	NonTarget	1	64936
253.7811561590016	1.0	NonTarget	1	64968
253.9061561127802	1.0	NonTarget	1	65000
254.0311560665588	1.0	NonTarget	1	65032
254.1561560203374	1.0	NonTarget	1	65064
254.281155974116	1.0	NonTarget	1	65096
254.4061559278946	1.0	NonTarget	1	65128
254.5311558816732	1.0	NonTarget	1	65160
254.65615583545178	1.0	NonTarget	1	65192
254.78115578923038	1.0	NonTarget	1	65224
254.90615574300898	1.0	NonTarget	1	65256
255.03115569678758	1.0	NonTarget	1	65288
255.1561556505662	1.0	NonTarget	1	65320
255.2811556043448	1.0	NonTarget	1	65352
255.4061555581234	1.0	NonTarget	1	65384
255.531155511902	1.0	NonTarget	1	65416
255.6561554656806	1.0	NonTarget	1	65448
255.7811554194592	1.0	NonTarget	1	65480
255.9061553732378	1.0	NonTarget	1	65512
256.0311553270164	1.0	NonTarget	1	65544
256.15615528079496	1.0	NonTarget	1	65576
256.2811552345736	1.0	NonTarget	1	65608
256.40615518835216	1.0	NonTarget	1	65640
256.5311551421308	1.0	NonTarget	1	65672
256.6561550959094	1.0	NonTarget	1	65704
256.781155049688	1.0	NonTarget	1	65736
256.9061550034666	1.0	NonTarget	1	65768
257.0311549572452	1.0	NonTarget	1	65800
257.1561549110238	1.0	NonTarget	1	65832
257.2811548648024	1.0	NonTarget	1	65864
257.406154818581	1.0	NonTarget	1	65896
257.53115477235957	1.0	NonTarget	1	65928
257.6561547261382	1.0	NonTarget	1	65960
257.78115467991677	1.0	NonTarget	1	65992
257.9061546336954	1.0	NonTarget	1	66024
258.03115458747396	1.0	NonTarget	1	66056
258.1561545412526	1.0	NonTarget	1	66088
258.28115449503116	1.0	NonTarget	1	66120
258.4061544488098	1.0	NonTarget	1	66152
258.53115440258836	1.0	NonTarget	1	66184
258.656154356367	1.0	NonTarget	1	66216
258.78115431014555	1.0	NonTarget	1	66248
258.9061542639242	1.0	NonTarget	1	66280
259.03115421770275	1.0	NonTarget	1	66312
259.1561541714814	1.0	NonTarget	1	66344
259.28115412526	1.0	NonTarget	1	66376
259.4061540790386	1.0	NonTarget	1	66408
259.5311540328172	1.0	NonTarget	1	66440
259.65615398659577	1.0	NonTarget	1	66472
259.7811539403744	1.0	NonTarget	1	66504
259.90615389415296	1.0	NonTarget	1	66536
260.0311538479316	1.0	NonTarget	1	66568
260.15615380171016	1.0	NonTarget	1	66600
260.2811537554888	1.0	NonTarget	1	66632
260.40615370926736	1.0	NonTarget	1	66664
260.531153663046	1.0	NonTarget	1	66696
260.65615361682455	1.0	NonTarget	1	66728
260.7811535706032	1.0	NonTarget	1	66760
260.90615352438175	1.0	NonTarget	1	66792
261.0311534781604	1.0	NonTarget	1	66824
261.15615343193895	1.0	NonTarget	1	66856
261.2811533857176	1.0	NonTarget	1	66888
261.40615333949614	1.0	NonTarget	1	66920
261.53115329327477	1.0	NonTarget	1	66952
261.65615324705334	1.0	NonTarget	1	66984
261.78115320083197	1.0	NonTarget	1	67016
261.90615315461054	1.0	NonTarget	1	67048
262.03115310838916	1.0	NonTarget	1	67080
262.1561530621678	1.0	NonTarget	1	67112
262.28115301594636	1.0	NonTarget	1	67144
262.406152969725	1.0	NonTarget	1	67176
268.5311507048763	1.0	NonTarget	1	68744
268.65615065865495	1.0	NonTarget	1	68776
268.7811506124335	1.0	NonTarget	1	68808
268.90615056621215	1.0	NonTarget	1	68840
269.0311505199907	1.0	NonTarget	1	68872
269.15615047376934	1.0	NonTarget	1	68904
269.2811504275479	1.0	NonTarget	1	68936
269.40615038132654	1.0	NonTarget	1	68968
269.5311503351051	1.0	NonTarget	1	69000
269.65615028888374	1.0	NonTarget	1	69032
269.7811502426623	1.0	NonTarget	1	69064
269.90615019644093	1.0	NonTarget	1	69096
270.0311501502195	1.0	NonTarget	1	69128
270.15615010399813	1.0	NonTarget	1	69160
270.28115005777676	1.0	NonTarget	1	69192
270.4061500115553	1.0	NonTarget	1	69224
270.53114996533395	1.0	NonTarget	1	69256
270.6561499191125	1.0	NonTarget	1	69288
270.78114987289115	1.0	NonTarget	1	69320
270.9061498266697	1.0	NonTarget	1	69352
271.03114978044835	1.0	NonTarget	1	69384
271.1561497342269	1.0	NonTarget	1	69416
271.28114968800554	1.0	NonTarget	1	69448
271.4061496417841	1.0	NonTarget	1	69480
271.53114959556274	1.0	NonTarget	1	69512
271.6561495493413	1.0	NonTarget	1	69544
271.78114950311993	1.0	NonTarget	1	69576
271.9061494568985	1.0	NonTarget	1	69608
272.03114941067713	1.0	NonTarget	1	69640
272.1561493644557	1.0	NonTarget	1	69672
272.2811493182343	1.0	NonTarget	1	69704
272.4061492720129	1.0	NonTarget	1	69736
272.5311492257915	1.0	NonTarget	1	69768
272.6561491795701	1.0	NonTarget	1	69800
272.7811491333487	1.0	NonTarget	1	69832
272.9061490871273	1.0	NonTarget	1	69864
273.0311490409059	1.0	NonTarget	1	69896
273.15614899468454	1.0	NonTarget	1	69928
273.2811489484631	1.0	NonTarget	1	69960
273.40614890224174	1.0	NonTarget	1	69992
273.5311488560203	1.0	NonTarget	1	70024
273.65614880979894	1.0	NonTarget	1	70056
273.7811487635775	1.0	NonTarget	1	70088
273.90614871735613	1.0	NonTarget	1	70120
274.0311486711347	1.0	NonTarget	1	70152
274.1561486249133	1.0	NonTarget	1	70184
274.2811485786919	1.0	NonTarget	1	70216
274.4061485324705	1.0	NonTarget	1	70248
274.5311484862491	1.0	NonTarget	1	70280
274.6561484400277	1.0	NonTarget	1	70312
274.7811483938063	1.0	NonTarget	1	70344
274.9061483475849	1.0	NonTarget	1	70376
275.0311483013635	1.0	NonTarget	1	70408
275.1561482551421	1.0	NonTarget	1	70440
275.2811482089207	1.0	NonTarget	1	70472
275.4061481626993	1.0	NonTarget	1	70504
275.5311481164779	1.0	NonTarget	1	70536
275.6561480702565	1.0	NonTarget	1	70568
275.78114802403513	1.0	NonTarget	1	70600
275.9061479778137	1.0	NonTarget	1	70632
276.03114793159233	1.0	NonTarget	1	70664
276.1561478853709	1.0	NonTarget	1	70696
276.2811478391495	1.0	NonTarget	1	70728
276.4061477929281	1.0	NonTarget	1	70760
276.5311477467067	1.0	NonTarget	1	70792
276.6561477004853	1.0	NonTarget	1	70824
276.7811476542639	1.0	NonTarget	1	70856
276.9061476080425	1.0	NonTarget	1	70888
277.0311475618211	1.0	NonTarget	1	70920
277.1561475155997	1.0	NonTarget	1	70952
277.2811474693783	1.0	NonTarget	1	70984
277.4061474231569	1.0	NonTarget	1	71016
277.5311473769355	1.0	NonTarget	1	71048
277.6561473307141	1.0	NonTarget	1	71080
277.7811472844927	1.0	NonTarget	1	71112
277.9061472382713	1.0	NonTarget	1	71144
278.0311471920499	1.0	NonTarget	1	71176
278.15614714582847	1.0	NonTarget	1	71208
278.2811470996071	1.0	NonTarget	1	71240
278.4061470533857	1.0	NonTarget	1	71272
278.5311470071643	1.0	NonTarget	1	71304
278.6561469609429	1.0	NonTarget	1	71336
278.7811469147215	1.0	NonTarget	1	71368
278.9061468685001	1.0	NonTarget	1	71400
285.03114460365146	1.0	NonTarget	1	72968
285.1561445574301	1.0	NonTarget	1	73000
285.28114451120865	1.0	NonTarget	1	73032
285.4061444649873	1.0	NonTarget	1	73064
285.53114441876585	1.0	NonTarget	1	73096
285.6561443725445	1.0	NonTarget	1	73128
285.78114432632304	1.0	NonTarget	1	73160
285.90614428010167	1.0	NonTarget	1	73192
286.03114423388024	1.0	NonTarget	1	73224
286.15614418765887	1.0	NonTarget	1	73256
286.28114414143744	1.0	NonTarget	1	73288
286.40614409521606	1.0	NonTarget	1	73320
286.53114404899463	1.0	NonTarget	1	73352
286.65614400277326	1.0	NonTarget	1	73384
286.7811439565519	1.0	NonTarget	1	73416
286.90614391033046	1.0	NonTarget	1	73448
287.0311438641091	1.0	NonTarget	1	73480
287.15614381788765	1.0	NonTarget	1	73512
287.2811437716663	1.0	NonTarget	1	73544
287.40614372544485	1.0	NonTarget	1	73576
287.5311436792235	1.0	NonTarget	1	73608
287.65614363300205	1.0	NonTarget	1	73640
287.7811435867807	1.0	NonTarget	1	73672
287.90614354055924	1.0	NonTarget	1	73704
288.03114349433787	1.0	NonTarget	1	73736
288.15614344811644	1.0	NonTarget	1	73768
288.28114340189506	1.0	NonTarget	1	73800
288.40614335567363	1.0	NonTarget	1	73832
288.53114330945226	1.0	NonTarget	1	73864
288.65614326323083	1.0	NonTarget	1	73896
288.78114321700946	1.0	NonTarget	1	73928
288.906143170788	1.0	NonTarget	1	73960
289.03114312456665	1.0	NonTarget	1	73992
289.1561430783452	1.0	NonTarget	1	74024
289.28114303212385	1.0	NonTarget	1	74056
289.4061429859025	1.0	NonTarget	1	74088
289.53114293968105	1.0	NonTarget	1	74120
289.6561428934597	1.0	NonTarget	1	74152
289.78114284723824	1.0	NonTarget	1	74184
289.90614280101687	1.0	NonTarget	1	74216
290.03114275479544	1.0	NonTarget	1	74248
290.15614270857407	1.0	NonTarget	1	74280
290.28114266235264	1.0	NonTarget	1	74312
290.40614261613126	1.0	NonTarget	1	74344
290.53114256990983	1.0	NonTarget	1	74376
290.65614252368846	1.0	NonTarget	1	74408
290.78114247746703	1.0	NonTarget	1	74440
290.90614243124566	1.0	NonTarget	1	74472
291.0311423850242	1.0	NonTarget	1	74504
291.15614233880285	1.0	NonTarget	1	74536
291.2811422925814	1.0	NonTarget	1	74568
291.40614224636005	1.0	NonTarget	1	74600
291.5311422001386	1.0	NonTarget	1	74632
291.65614215391724	1.0	NonTarget	1	74664
291.7811421076958	1.0	NonTarget	1	74696
291.90614206147444	1.0	NonTarget	1	74728
292.031142015253	1.0	NonTarget	1	74760
292.15614196903164	1.0	NonTarget	1	74792
292.28114192281026	1.0	NonTarget	1	74824
292.40614187658883	1.0	NonTarget	1	74856
292.53114183036746	1.0	NonTarget	1	74888
292.65614178414603	1.0	NonTarget	1	74920
292.78114173792466	1.0	NonTarget	1	74952
292.9061416917032	1.0	NonTarget	1	74984
293.03114164548185	1.0	NonTarget	1	75016
293.1561415992604	1.0	NonTarget	1	75048
293.28114155303905	1.0	NonTarget	1	75080
293.4061415068176	1.0	NonTarget	1	75112
293.53114146059625	1.0	NonTarget	1	75144
293.6561414143748	1.0	NonTarget	1	75176
293.78114136815344	1.0	NonTarget	1	75208
293.906141321932	1.0	NonTarget	1	75240
294.03114127571064	1.0	NonTarget	1	75272
294.1561412294892	1.0	NonTarget	1	75304
294.28114118326783	1.0	NonTarget	1	75336
294.4061411370464	1.0	NonTarget	1	75368
294.53114109082503	1.0	NonTarget	1	75400
294.6561410446036	1.0	NonTarget	1	75432
294.7811409983822	1.0	NonTarget	1	75464
294.90614095216085	1.0	NonTarget	1	75496
295.0311409059394	1.0	NonTarget	1	75528
295.15614085971805	1.0	NonTarget	1	75560
295.2811408134966	1.0	NonTarget	1	75592
295.40614076727525	1.0	NonTarget	1	75624
301.5311385024266	1.0	NonTarget	1	77192
301.6561384562052	1.0	NonTarget	1	77224
301.7811384099838	1.0	NonTarget	1	77256
301.9061383637624	1.0	NonTarget	1	77288
302.031138317541	1.0	NonTarget	1	77320
302.1561382713196	1.0	NonTarget	1	77352
302.2811382250982	1.0	NonTarget	1	77384
302.4061381788768	1.0	NonTarget	1	77416
302.53113813265537	1.0	NonTarget	1	77448
302.656138086434	1.0	NonTarget	1	77480
302.78113804021257	1.0	NonTarget	1	77512
302.9061379939912	1.0	NonTarget	1	77544
303.0311379477698	1.0	NonTarget	1	77576
303.1561379015484	1.0	NonTarget	1	77608
303.281137855327	1.0	NonTarget	1	77640
303.4061378091056	1.0	NonTarget	1	77672
303.5311377628842	1.0	NonTarget	1	77704
303.6561377166628	1.0	NonTarget	1	77736
303.7811376704414	1.0	NonTarget	1	77768
303.90613762422	1.0	NonTarget	1	77800
304.0311375779986	1.0	NonTarget	1	77832
304.1561375317772	1.0	NonTarget	1	77864
304.2811374855558	1.0	NonTarget	1	77896
304.4061374393344	1.0	NonTarget	1	77928
304.531137393113	1.0	NonTarget	1	77960
304.65613734689157	1.0	NonTarget	1	77992
304.7811373006702	1.0	NonTarget	1	78024
304.90613725444877	1.0	NonTarget	1	78056
305.0311372082274	1.0	NonTarget	1	78088
305.15613716200596	1.0	NonTarget	1	78120
305.2811371157846	1.0	NonTarget	1	78152
305.40613706956316	1.0	NonTarget	1	78184
305.5311370233418	1.0	NonTarget	1	78216
305.65613697712035	1.0	NonTarget	1	78248
305.781136930899	1.0	NonTarget	1	78280
305.9061368846776	1.0	NonTarget	1	78312
306.0311368384562	1.0	NonTarget	1	78344
306.1561367922348	1.0	NonTarget	1	78376
306.2811367460134	1.0	NonTarget	1	78408
306.406136699792	1.0	NonTarget	1	78440
306.53113665357057	1.0	NonTarget	1	78472
306.6561366073492	1.0	NonTarget	1	78504
306.78113656112777	1.0	NonTarget	1	78536
306.9061365149064	1.0	NonTarget	1	78568
307.03113646868496	1.0	NonTarget	1	78600
307.1561364224636	1.0	NonTarget	1	78632
307.28113637624216	1.0	NonTarget	1	78664
307.4061363300208	1.0	NonTarget	1	78696
307.53113628379936	1.0	NonTarget	1	78728
307.656136237578	1.0	NonTarget	1	78760
307.78113619135655	1.0	NonTarget	1	78792
307.9061361451352	1.0	NonTarget	1	78824
308.03113609891375	1.0	NonTarget	1	78856
308.1561360526924	1.0	NonTarget	1	78888
308.28113600647094	1.0	NonTarget	1	78920
308.40613596024957	1.0	NonTarget	1	78952
308.5311359140282	1.0	NonTarget	1	78984
308.65613586780677	1.0	NonTarget	1	79016
308.7811358215854	1.0	NonTarget	1	79048
308.90613577536396	1.0	NonTarget	1	79080
309.0311357291426	1.0	NonTarget	1	79112
309.15613568292116	1.0	NonTarget	1	79144
309.2811356366998	1.0	NonTarget	1	79176
309.40613559047836	1.0	NonTarget	1	79208
309.531135544257	1.0	NonTarget	1	79240
309.65613549803555	1.0	NonTarget	1	79272
309.7811354518142	1.0	NonTarget	1	79304
309.90613540559275	1.0	NonTarget	1	79336
310.0311353593714	1.0	NonTarget	1	79368
310.15613531314995	1.0	NonTarget	1	79400
310.2811352669286	1.0	NonTarget	1	79432
310.40613522070714	1.0	NonTarget	1	79464
310.53113517448577	1.0	NonTarget	1	79496
310.65613512826434	1.0	NonTarget	1	79528
310.78113508204297	1.0	NonTarget	1	79560
310.90613503582153	1.0	NonTarget	1	79592
311.03113498960016	1.0	NonTarget	1	79624
311.15613494337873	1.0	NonTarget	1	79656
311.28113489715736	1.0	NonTarget	1	79688
311.406134850936	1.0	NonTarget	1	79720
311.53113480471455	1.0	NonTarget	1	79752
311.6561347584932	1.0	NonTarget	1	79784
311.78113471227175	1.0	NonTarget	1	79816
311.9061346660504	1.0	NonTarget	1	79848
318.0311324012017	1.0	NonTarget	1	81416
318.15613235498034	1.0	NonTarget	1	81448
318.2811323087589	1.0	NonTarget	1	81480
318.40613226253754	1.0	NonTarget	1	81512
318.5311322163161	1.0	NonTarget	1	81544
318.65613217009474	1.0	NonTarget	1	81576
318.7811321238733	1.0	NonTarget	1	81608
318.90613207765193	1.0	NonTarget	1	81640
319.0311320314305	1.0	NonTarget	1	81672
319.15613198520913	1.0	NonTarget	1	81704
319.2811319389877	1.0	NonTarget	1	81736
319.4061318927663	1.0	NonTarget	1	81768
319.53113184654495	1.0	NonTarget	1	81800
319.6561318003235	1.0	NonTarget	1	81832
319.78113175410215	1.0	NonTarget	1	81864
319.9061317078807	1.0	NonTarget	1	81896
320.03113166165934	1.0	NonTarget	1	81928
320.1561316154379	1.0	NonTarget	1	81960
320.28113156921654	1.0	NonTarget	1	81992
320.4061315229951	1.0	NonTarget	1	82024
320.53113147677374	1.0	NonTarget	1	82056
320.6561314305523	1.0	NonTarget	1	82088
320.78113138433093	1.0	NonTarget	1	82120
320.9061313381095	1.0	NonTarget	1	82152
321.03113129188813	1.0	NonTarget	1	82184
321.1561312456667	1.0	NonTarget	1	82216
321.2811311994453	1.0	NonTarget	1	82248
321.4061311532239	1.0	NonTarget	1	82280
321.5311311070025	1.0	NonTarget	1	82312
321.6561310607811	1.0	NonTarget	1	82344
321.7811310145597	1.0	NonTarget	1	82376
321.9061309683383	1.0	NonTarget	1	82408
322.0311309221169	1.0	NonTarget	1	82440
322.1561308758955	1.0	NonTarget	1	82472
322.2811308296741	1.0	NonTarget	1	82504
322.40613078345274	1.0	NonTarget	1	82536
322.5311307372313	1.0	NonTarget	1	82568
322.65613069100993	1.0	NonTarget	1	82600
322.7811306447885	1.0	NonTarget	1	82632
322.90613059856713	1.0	NonTarget	1	82664
323.0311305523457	1.0	NonTarget	1	82696
323.1561305061243	1.0	NonTarget	1	82728
323.2811304599029	1.0	NonTarget	1	82760
323.4061304136815	1.0	NonTarget	1	82792
323.5311303674601	1.0	NonTarget	1	82824
323.6561303212387	1.0	NonTarget	1	82856
323.7811302750173	1.0	NonTarget	1	82888
323.9061302287959	1.0	NonTarget	1	82920
324.0311301825745	1.0	NonTarget	1	82952
324.1561301363531	1.0	NonTarget	1	82984
324.2811300901317	1.0	NonTarget	1	83016
324.4061300439103	1.0	NonTarget	1	83048
324.5311299976889	1.0	NonTarget	1	83080
324.6561299514675	1.0	NonTarget	1	83112
324.7811299052461	1.0	NonTarget	1	83144
324.9061298590247	1.0	NonTarget	1	83176
325.03112981280333	1.0	NonTarget	1	83208
325.1561297665819	1.0	NonTarget	1	83240
325.2811297203605	1.0	NonTarget	1	83272
325.4061296741391	1.0	NonTarget	1	83304
325.5311296279177	1.0	NonTarget	1	83336
325.6561295816963	1.0	NonTarget	1	83368
325.7811295354749	1.0	NonTarget	1	83400
325.9061294892535	1.0	NonTarget	1	83432
326.0311294430321	1.0	NonTarget	1	83464
326.1561293968107	1.0	NonTarget	1	83496
326.2811293505893	1.0	NonTarget	1	83528
326.4061293043679	1.0	NonTarget	1	83560
326.5311292581465	1.0	NonTarget	1	83592
326.6561292119251	1.0	NonTarget	1	83624
326.7811291657037	1.0	NonTarget	1	83656
326.9061291194823	1.0	NonTarget	1	83688
327.0311290732609	1.0	NonTarget	1	83720
327.15612902703947	1.0	NonTarget	1	83752
327.2811289808181	1.0	NonTarget	1	83784
327.40612893459667	1.0	NonTarget	1	83816
327.5311288883753	1.0	NonTarget	1	83848
327.6561288421539	1.0	NonTarget	1	83880
327.7811287959325	1.0	NonTarget	1	83912
327.9061287497111	1.0	NonTarget	1	83944
328.0311287034897	1.0	NonTarget	1	83976
328.1561286572683	1.0	NonTarget	1	84008
328.2811286110469	1.0	NonTarget	1	84040
328.4061285648255	1.0	NonTarget	1	84072
334.53112629997685	1.0	NonTarget	1	85640
334.6561262537555	1.0	NonTarget	1	85672
334.78112620753404	1.0	NonTarget	1	85704
334.90612616131267	1.0	NonTarget	1	85736
335.03112611509124	1.0	NonTarget	1	85768
335.15612606886987	1.0	NonTarget	1	85800
335.28112602264844	1.0	NonTarget	1	85832
335.40612597642706	1.0	NonTarget	1	85864
335.53112593020563	1.0	NonTarget	1	85896
335.65612588398426	1.0	NonTarget	1	85928
335.78112583776283	1.0	NonTarget	1	85960
335.90612579154146	1.0	NonTarget	1	85992
336.0311257453201	1.0	NonTarget	1	86024
336.15612569909865	1.0	NonTarget	1	86056
336.2811256528773	1.0	NonTarget	1	86088
336.40612560665585	1.0	NonTarget	1	86120
336.5311255604345	1.0	NonTarget	1	86152
336.65612551421304	1.0	NonTarget	1	86184
336.78112546799167	1.0	NonTarget	1	86216
336.90612542177024	1.0	NonTarget	1	86248
337.03112537554887	1.0	NonTarget	1	86280
337.15612532932744	1.0	NonTarget	1	86312
337.28112528310606	1.0	NonTarget	1	86344
337.40612523688463	1.0	NonTarget	1	86376
337.53112519066326	1.0	NonTarget	1	86408
337.65612514444183	1.0	NonTarget	1	86440
337.78112509822046	1.0	NonTarget	1	86472
337.906125051999	1.0	NonTarget	1	86504
338.03112500577765	1.0	NonTarget	1	86536
338.1561249595562	1.0	NonTarget	1	86568
338.28112491333485	1.0	NonTarget	1	86600
338.4061248671134	1.0	NonTarget	1	86632
338.53112482089205	1.0	NonTarget	1	86664
338.6561247746707	1.0	NonTarget	1	86696
338.78112472844924	1.0	NonTarget	1	86728
338.90612468222787	1.0	NonTarget	1	86760
339.03112463600644	1.0	NonTarget	1	86792
339.15612458978507	1.0	NonTarget	1	86824
339.28112454356364	1.0	NonTarget	1	86856
339.40612449734226	1.0	NonTarget	1	86888
339.53112445112083	1.0	NonTarget	1	86920
339.65612440489946	1.0	NonTarget	1	86952
339.781124358678	1.0	NonTarget	1	86984
339.90612431245665	1.0	NonTarget	1	87016
340.0311242662352	1.0	NonTarget	1	87048
340.15612422001385	1.0	NonTarget	1	87080
340.2811241737924	1.0	NonTarget	1	87112
340.40612412757105	1.0	NonTarget	1	87144
340.5311240813496	1.0	NonTarget	1	87176
340.65612403512824	1.0	NonTarget	1	87208
340.7811239889068	1.0	NonTarget	1	87240
340.90612394268544	1.0	NonTarget	1	87272
341.031123896464	1.0	NonTarget	1	87304
341.15612385024264	1.0	NonTarget	1	87336
341.2811238040212	1.0	NonTarget	1	87368
341.40612375779983	1.0	NonTarget	1	87400
341.53112371157846	1.0	NonTarget	1	87432
341.65612366535703	1.0	NonTarget	1	87464
341.78112361913566	1.0	NonTarget	1	87496
341.9061235729142	1.0	NonTarget	1	87528
342.03112352669285	1.0	NonTarget	1	87560
342.1561234804714	1.0	NonTarget	1	87592
342.28112343425005	1.0	NonTarget	1	87624
342.4061233880286	1.0	NonTarget	1	87656
342.53112334180724	1.0	NonTarget	1	87688
342.6561232955858	1.0	NonTarget	1	87720
342.78112324936444	1.0	NonTarget	1	87752
342.906123203143	1.0	NonTarget	1	87784
343.03112315692164	1.0	NonTarget	1	87816
343.1561231107002	1.0	NonTarget	1	87848
343.28112306447883	1.0	NonTarget	1	87880
343.4061230182574	1.0	NonTarget	1	87912
343.53112297203603	1.0	NonTarget	1	87944
343.6561229258146	1.0	NonTarget	1	87976
343.7811228795932	1.0	NonTarget	1	88008
343.9061228333718	1.0	NonTarget	1	88040
344.0311227871504	1.0	NonTarget	1	88072
344.15612274092905	1.0	NonTarget	1	88104
344.2811226947076	1.0	NonTarget	1	88136
344.40612264848625	1.0	NonTarget	1	88168
344.5311226022648	1.0	NonTarget	1	88200
344.65612255604344	1.0	NonTarget	1	88232
344.781122509822	1.0	NonTarget	1	88264
344.90612246360064	1.0	NonTarget	1	88296
351.031120198752	1.0	NonTarget	1	89864
351.1561201525306	1.0	NonTarget	1	89896
351.2811201063092	1.0	NonTarget	1	89928
351.4061200600878	1.0	NonTarget	1	89960
351.53112001386637	1.0	NonTarget	1	89992
351.656119967645	1.0	NonTarget	1	90024
351.78111992142357	1.0	NonTarget	1	90056
351.9061198752022	1.0	NonTarget	1	90088
352.03111982898076	1.0	NonTarget	1	90120
352.1561197827594	1.0	NonTarget	1	90152
352.28111973653796	1.0	NonTarget	1	90184
352.4061196903166	1.0	NonTarget	1	90216
352.5311196440952	1.0	NonTarget	1	90248
352.6561195978738	1.0	NonTarget	1	90280
352.7811195516524	1.0	NonTarget	1	90312
352.906119505431	1.0	NonTarget	1	90344
353.0311194592096	1.0	NonTarget	1	90376
353.1561194129882	1.0	NonTarget	1	90408
353.2811193667668	1.0	NonTarget	1	90440
353.4061193205454	1.0	NonTarget	1	90472
353.531119274324	1.0	NonTarget	1	90504
353.65611922810257	1.0	NonTarget	1	90536
353.7811191818812	1.0	NonTarget	1	90568
353.90611913565976	1.0	NonTarget	1	90600
354.0311190894384	1.0	NonTarget	1	90632
354.15611904321696	1.0	NonTarget	1	90664
354.2811189969956	1.0	NonTarget	1	90696
354.40611895077416	1.0	NonTarget	1	90728
354.5311189045528	1.0	NonTarget	1	90760
354.65611885833135	1.0	NonTarget	1	90792
354.78111881211	1.0	NonTarget	1	90824
354.90611876588855	1.0	NonTarget	1	90856
355.0311187196672	1.0	NonTarget	1	90888
355.1561186734458	1.0	NonTarget	1	90920
355.2811186272244	1.0	NonTarget	1	90952
355.406118581003	1.0	NonTarget	1	90984
355.53111853478157	1.0	NonTarget	1	91016
355.6561184885602	1.0	NonTarget	1	91048
355.78111844233877	1.0	NonTarget	1	91080
355.9061183961174	1.0	NonTarget	1	91112
356.03111834989596	1.0	NonTarget	1	91144
356.1561183036746	1.0	NonTarget	1	91176
356.28111825745316	1.0	NonTarget	1	91208
356.4061182112318	1.0	NonTarget	1	91240
356.53111816501035	1.0	NonTarget	1	91272
356.656118118789	1.0	NonTarget	1	91304
356.78111807256755	1.0	NonTarget	1	91336
356.9061180263462	1.0	NonTarget	1	91368
357.03111798012475	1.0	NonTarget	1	91400
357.1561179339034	1.0	NonTarget	1	91432
357.28111788768194	1.0	NonTarget	1	91464
357.40611784146057	1.0	NonTarget	1	91496
357.53111779523914	1.0	NonTarget	1	91528
357.65611774901777	1.0	NonTarget	1	91560
357.7811177027964	1.0	NonTarget	1	91592
357.90611765657496	1.0	NonTarget	1	91624
358.0311176103536	1.0	NonTarget	1	91656
358.15611756413216	1.0	NonTarget	1	91688
358.2811175179108	1.0	NonTarget	1	91720
358.40611747168936	1.0	NonTarget	1	91752
358.531117425468	1.0	NonTarget	1	91784
358.65611737924655	1.0	NonTarget	1	91816
358.7811173330252	1.0	NonTarget	1	91848
358.90611728680375	1.0	NonTarget	1	91880
359.0311172405824	1.0	NonTarget	1	91912
359.15611719436095	1.0	NonTarget	1	91944
359.2811171481396	1.0	NonTarget	1	91976
359.40611710191814	1.0	NonTarget	1	92008
359.53111705569677	1.0	NonTarget	1	92040
359.65611700947534	1.0	NonTarget	1	92072
359.78111696325396	1.0	NonTarget	1	92104
359.90611691703253	1.0	NonTarget	1	92136
360.03111687081116	1.0	NonTarget	1	92168
360.15611682458973	1.0	NonTarget	1	92200
360.28111677836836	1.0	NonTarget	1	92232
360.4061167321469	1.0	NonTarget	1	92264
360.53111668592555	1.0	NonTarget	1	92296
360.6561166397042	1.0	NonTarget	1	92328
360.78111659348275	1.0	NonTarget	1	92360
360.9061165472614	1.0	NonTarget	1	92392
361.03111650103995	1.0	NonTarget	1	92424
361.1561164548186	1.0	NonTarget	1	92456
361.28111640859714	1.0	NonTarget	1	92488
361.40611636237577	1.0	NonTarget	1	92520
367.5311140975271	1.0	NonTarget	1	94088
367.65611405130574	1.0	NonTarget	1	94120
367.7811140050843	1.0	NonTarget	1	94152
367.90611395886293	1.0	NonTarget	1	94184
368.0311139126415	1.0	NonTarget	1	94216
368.1561138664201	1.0	NonTarget	1	94248
368.2811138201987	1.0	NonTarget	1	94280
368.4061137739773	1.0	NonTarget	1	94312
368.5311137277559	1.0	NonTarget	1	94344
368.6561136815345	1.0	NonTarget	1	94376
368.78111363531315	1.0	NonTarget	1	94408
368.9061135890917	1.0	NonTarget	1	94440
369.03111354287034	1.0	NonTarget	1	94472
369.1561134966489	1.0	NonTarget	1	94504
369.28111345042754	1.0	NonTarget	1	94536
369.4061134042061	1.0	NonTarget	1	94568
369.53111335798474	1.0	NonTarget	1	94600
369.6561133117633	1.0	NonTarget	1	94632
369.78111326554193	1.0	NonTarget	1	94664
369.9061132193205	1.0	NonTarget	1	94696
370.03111317309913	1.0	NonTarget	1	94728
370.1561131268777	1.0	NonTarget	1	94760
370.2811130806563	1.0	NonTarget	1	94792
370.4061130344349	1.0	NonTarget	1	94824
370.5311129882135	1.0	NonTarget	1	94856
370.6561129419921	1.0	NonTarget	1	94888
370.7811128957707	1.0	NonTarget	1	94920
370.9061128495493	1.0	NonTarget	1	94952
371.0311128033279	1.0	NonTarget	1	94984
371.1561127571065	1.0	NonTarget	1	95016
371.2811127108851	1.0	NonTarget	1	95048
371.4061126646637	1.0	NonTarget	1	95080
371.5311126184423	1.0	NonTarget	1	95112
371.65611257222093	1.0	NonTarget	1	95144
371.7811125259995	1.0	NonTarget	1	95176
371.90611247977813	1.0	NonTarget	1	95208
372.0311124335567	1.0	NonTarget	1	95240
372.1561123873353	1.0	NonTarget	1	95272
372.2811123411139	1.0	NonTarget	1	95304
372.4061122948925	1.0	NonTarget	1	95336
372.5311122486711	1.0	NonTarget	1	95368
372.6561122024497	1.0	NonTarget	1	95400
372.7811121562283	1.0	NonTarget	1	95432
372.9061121100069	1.0	NonTarget	1	95464
373.0311120637855	1.0	NonTarget	1	95496
373.1561120175641	1.0	NonTarget	1	95528
373.2811119713427	1.0	NonTarget	1	95560
373.4061119251213	1.0	NonTarget	1	95592
373.5311118788999	1.0	NonTarget	1	95624
373.6561118326785	1.0	NonTarget	1	95656
373.7811117864571	1.0	NonTarget	1	95688
373.9061117402357	1.0	NonTarget	1	95720
374.03111169401427	1.0	NonTarget	1	95752
374.1561116477929	1.0	NonTarget	1	95784
374.2811116015715	1.0	NonTarget	1	95816
374.4061115553501	1.0	NonTarget	1	95848
374.5311115091287	1.0	NonTarget	1	95880
374.6561114629073	1.0	NonTarget	1	95912
374.7811114166859	1.0	NonTarget	1	95944
374.9061113704645	1.0	NonTarget	1	95976
375.0311113242431	1.0	NonTarget	1	96008
375.1561112780217	1.0	NonTarget	1	96040
375.2811112318003	1.0	NonTarget	1	96072
375.4061111855789	1.0	NonTarget	1	96104
375.5311111393575	1.0	NonTarget	1	96136
375.6561110931361	1.0	NonTarget	1	96168
375.7811110469147	1.0	NonTarget	1	96200
375.9061110006933	1.0	NonTarget	1	96232
376.0311109544719	1.0	NonTarget	1	96264
376.15611090825047	1.0	NonTarget	1	96296
376.2811108620291	1.0	NonTarget	1	96328
376.40611081580766	1.0	NonTarget	1	96360
376.5311107695863	1.0	NonTarget	1	96392
376.65611072336486	1.0	NonTarget	1	96424
376.7811106771435	1.0	NonTarget	1	96456
376.90611063092206	1.0	NonTarget	1	96488
377.0311105847007	1.0	NonTarget	1	96520
377.1561105384793	1.0	NonTarget	1	96552
377.2811104922579	1.0	NonTarget	1	96584
377.4061104460365	1.0	NonTarget	1	96616
377.5311103998151	1.0	NonTarget	1	96648
377.6561103535937	1.0	NonTarget	1	96680
377.7811103073723	1.0	NonTarget	1	96712
377.9061102611509	1.0	NonTarget	1	96744
384.03110799630224	1.0	NonTarget	1	98312
384.15610795008087	1.0	NonTarget	1	98344
384.28110790385944	1.0	NonTarget	1	98376
384.40610785763806	1.0	NonTarget	1	98408
384.53110781141663	1.0	NonTarget	1	98440
384.65610776519526	1.0	NonTarget	1	98472
384.78110771897383	1.0	NonTarget	1	98504
384.90610767275246	1.0	NonTarget	1	98536
385.031107626531	1.0	NonTarget	1	98568
385.15610758030965	1.0	NonTarget	1	98600
385.2811075340883	1.0	NonTarget	1	98632
385.40610748786685	1.0	NonTarget	1	98664
385.5311074416455	1.0	NonTarget	1	98696
385.65610739542404	1.0	NonTarget	1	98728
385.78110734920267	1.0	NonTarget	1	98760
385.90610730298124	1.0	NonTarget	1	98792
386.03110725675987	1.0	NonTarget	1	98824
386.15610721053844	1.0	NonTarget	1	98856
386.28110716431706	1.0	NonTarget	1	98888
386.40610711809563	1.0	NonTarget	1	98920
386.53110707187426	1.0	NonTarget	1	98952
386.65610702565283	1.0	NonTarget	1	98984
386.78110697943146	1.0	NonTarget	1	99016
386.90610693321	1.0	NonTarget	1	99048
387.03110688698865	1.0	NonTarget	1	99080
387.1561068407672	1.0	NonTarget	1	99112
387.28110679454585	1.0	NonTarget	1	99144
387.4061067483244	1.0	NonTarget	1	99176
387.53110670210305	1.0	NonTarget	1	99208
387.6561066558816	1.0	NonTarget	1	99240
387.78110660966024	1.0	NonTarget	1	99272
387.90610656343887	1.0	NonTarget	1	99304
388.03110651721744	1.0	NonTarget	1	99336
388.15610647099606	1.0	NonTarget	1	99368
388.28110642477463	1.0	NonTarget	1	99400
388.40610637855326	1.0	NonTarget	1	99432
388.53110633233183	1.0	NonTarget	1	99464
388.65610628611046	1.0	NonTarget	1	99496
388.781106239889	1.0	NonTarget	1	99528
388.90610619366765	1.0	NonTarget	1	99560
389.0311061474462	1.0	NonTarget	1	99592
389.15610610122485	1.0	NonTarget	1	99624
389.2811060550034	1.0	NonTarget	1	99656
389.40610600878205	1.0	NonTarget	1	99688
389.5311059625606	1.0	NonTarget	1	99720
389.65610591633924	1.0	NonTarget	1	99752
389.7811058701178	1.0	NonTarget	1	99784
389.90610582389644	1.0	NonTarget	1	99816
390.031105777675	1.0	NonTarget	1	99848
390.15610573145364	1.0	NonTarget	1	99880
390.2811056852322	1.0	NonTarget	1	99912
390.40610563901083	1.0	NonTarget	1	99944
390.5311055927894	1.0	NonTarget	1	99976
390.656105546568	1.0	NonTarget	1	100008
390.78110550034665	1.0	NonTarget	1	100040
390.9061054541252	1.0	NonTarget	1	100072
391.03110540790385	1.0	NonTarget	1	100104
391.1561053616824	1.0	NonTarget	1	100136
391.28110531546105	1.0	NonTarget	1	100168
391.4061052692396	1.0	NonTarget	1	100200
391.53110522301824	1.0	NonTarget	1	100232
391.6561051767968	1.0	NonTarget	1	100264
391.78110513057544	1.0	NonTarget	1	100296
391.906105084354	1.0	NonTarget	1	100328
392.03110503813264	1.0	NonTarget	1	100360
392.1561049919112	1.0	NonTarget	1	100392
392.28110494568983	1.0	NonTarget	1	100424
392.4061048994684	1.0	NonTarget	1	100456
392.53110485324703	1.0	NonTarget	1	100488
392.6561048070256	1.0	NonTarget	1	100520
392.7811047608042	1.0	NonTarget	1	100552
392.9061047145828	1.0	NonTarget	1	100584
393.0311046683614	1.0	NonTarget	1	100616
393.15610462214	1.0	NonTarget	1	100648
393.2811045759186	1.0	NonTarget	1	100680
393.40610452969725	1.0	NonTarget	1	100712
393.5311044834758	1.0	NonTarget	1	100744
393.65610443725444	1.0	NonTarget	1	100776
393.781104391033	1.0	NonTarget	1	100808
393.90610434481164	1.0	NonTarget	1	100840
394.0311042985902	1.0	NonTarget	1	100872
394.15610425236883	1.0	NonTarget	1	100904
394.2811042061474	1.0	NonTarget	1	100936
394.40610415992603	1.0	NonTarget	1	100968
400.53110189507737	1.0	NonTarget	1	102536
400.656101848856	1.0	NonTarget	1	102568
400.78110180263457	1.0	NonTarget	1	102600
400.9061017564132	1.0	NonTarget	1	102632
401.03110171019176	1.0	NonTarget	1	102664
401.1561016639704	1.0	NonTarget	1	102696
401.28110161774896	1.0	NonTarget	1	102728
401.4061015715276	1.0	NonTarget	1	102760
401.53110152530616	1.0	NonTarget	1	102792
401.6561014790848	1.0	NonTarget	1	102824
401.7811014328634	1.0	NonTarget	1	102856
401.906101386642	1.0	NonTarget	1	102888
402.0311013404206	1.0	NonTarget	1	102920
402.1561012941992	1.0	NonTarget	1	102952
402.2811012479778	1.0	NonTarget	1	102984
402.40610120175637	1.0	NonTarget	1	103016
402.531101155535	1.0	NonTarget	1	103048
402.65610110931357	1.0	NonTarget	1	103080
402.7811010630922	1.0	NonTarget	1	103112
402.90610101687076	1.0	NonTarget	1	103144
403.0311009706494	1.0	NonTarget	1	103176
403.15610092442796	1.0	NonTarget	1	103208
403.2811008782066	1.0	NonTarget	1	103240
403.40610083198516	1.0	NonTarget	1	103272
403.5311007857638	1.0	NonTarget	1	103304
403.65610073954235	1.0	NonTarget	1	103336
403.781100693321	1.0	NonTarget	1	103368
403.90610064709955	1.0	NonTarget	1	103400
404.0311006008782	1.0	NonTarget	1	103432
404.15610055465675	1.0	NonTarget	1	103464
404.2811005084354	1.0	NonTarget	1	103496
404.406100462214	1.0	NonTarget	1	103528
404.53110041599257	1.0	NonTarget	1	103560
404.6561003697712	1.0	NonTarget	1	103592
404.78110032354977	1.0	NonTarget	1	103624
404.9061002773284	1.0	NonTarget	1	103656
405.03110023110696	1.0	NonTarget	1	103688
405.1561001848856	1.0	NonTarget	1	103720
405.28110013866416	1.0	NonTarget	1	103752
405.4061000924428	1.0	NonTarget	1	103784
405.53110004622135	1.0	NonTarget	1	103816
405.6561	1.0	NonTarget	1	103848
405.78109995377855	1.0	NonTarget	1	103880
405.9060999075572	1.0	NonTarget	1	103912
406.03109986133575	1.0	NonTarget	1	103944
406.1560998151144	1.0	NonTarget	1	103976
406.28109976889294	1.0	NonTarget	1	104008
406.40609972267157	1.0	NonTarget	1	104040
406.53109967645014	1.0	NonTarget	1	104072
406.65609963022877	1.0	NonTarget	1	104104
406.78109958400734	1.0	NonTarget	1	104136
406.90609953778596	1.0	NonTarget	1	104168
407.0310994915646	1.0	NonTarget	1	104200
407.15609944534316	1.0	NonTarget	1	104232
407.2810993991218	1.0	NonTarget	1	104264
407.40609935290036	1.0	NonTarget	1	104296
407.531099306679	1.0	NonTarget	1	104328
407.65609926045755	1.0	NonTarget	1	104360
407.7810992142362	1.0	NonTarget	1	104392
407.90609916801475	1.0	NonTarget	1	104424
408.0310991217934	1.0	NonTarget	1	104456
408.15609907557194	1.0	NonTarget	1	104488
408.28109902935057	1.0	NonTarget	1	104520
408.40609898312914	1.0	NonTarget	1	104552
408.53109893690777	1.0	NonTarget	1	104584
408.65609889068634	1.0	NonTarget	1	104616
408.78109884446496	1.0	NonTarget	1	104648
408.90609879824353	1.0	NonTarget	1	104680
409.03109875202216	1.0	NonTarget	1	104712
409.15609870580073	1.0	NonTarget	1	104744
409.28109865957936	1.0	NonTarget	1	104776
409.4060986133579	1.0	NonTarget	1	104808
409.53109856713655	1.0	NonTarget	1	104840
409.6560985209151	1.0	NonTarget	1	104872
409.78109847469375	1.0	NonTarget	1	104904
409.9060984284724	1.0	NonTarget	1	104936
410.03109838225095	1.0	NonTarget	1	104968
410.1560983360296	1.0	NonTarget	1	105000
410.28109828980814	1.0	NonTarget	1	105032
410.40609824358677	1.0	NonTarget	1	105064
410.53109819736534	1.0	NonTarget	1	105096
410.65609815114396	1.0	NonTarget	1	105128
410.78109810492253	1.0	NonTarget	1	105160
410.90609805870116	1.0	NonTarget	1	105192
417.0310957938525	1.0	NonTarget	1	106760
417.1560957476311	1.0	NonTarget	1	106792
417.2810957014097	1.0	NonTarget	1	106824
417.4060956551883	1.0	NonTarget	1	106856
417.5310956089669	1.0	NonTarget	1	106888
417.6560955627455	1.0	NonTarget	1	106920
417.7810955165241	1.0	NonTarget	1	106952
417.9060954703027	1.0	NonTarget	1	106984
418.03109542408134	1.0	NonTarget	1	107016
418.1560953778599	1.0	NonTarget	1	107048
418.28109533163854	1.0	NonTarget	1	107080
418.4060952854171	1.0	NonTarget	1	107112
418.53109523919574	1.0	NonTarget	1	107144
418.6560951929743	1.0	NonTarget	1	107176
418.78109514675293	1.0	NonTarget	1	107208
418.9060951005315	1.0	NonTarget	1	107240
419.03109505431013	1.0	NonTarget	1	107272
419.1560950080887	1.0	NonTarget	1	107304
419.2810949618673	1.0	NonTarget	1	107336
419.4060949156459	1.0	NonTarget	1	107368
419.5310948694245	1.0	NonTarget	1	107400
419.6560948232031	1.0	NonTarget	1	107432
419.7810947769817	1.0	NonTarget	1	107464
419.9060947307603	1.0	NonTarget	1	107496
420.0310946845389	1.0	NonTarget	1	107528
420.1560946383175	1.0	NonTarget	1	107560
420.2810945920961	1.0	NonTarget	1	107592
420.4060945458747	1.0	NonTarget	1	107624
420.5310944996533	1.0	NonTarget	1	107656
420.6560944534319	1.0	NonTarget	1	107688
420.7810944072105	1.0	NonTarget	1	107720
420.90609436098913	1.0	NonTarget	1	107752
421.0310943147677	1.0	NonTarget	1	107784
421.1560942685463	1.0	NonTarget	1	107816
421.2810942223249	1.0	NonTarget	1	107848
421.4060941761035	1.0	NonTarget	1	107880
421.5310941298821	1.0	NonTarget	1	107912
421.6560940836607	1.0	NonTarget	1	107944
421.7810940374393	1.0	NonTarget	1	107976
421.9060939912179	1.0	NonTarget	1	108008
422.0310939449965	1.0	NonTarget	1	108040
422.1560938987751	1.0	NonTarget	1	108072
422.2810938525537	1.0	NonTarget	1	108104
422.4060938063323	1.0	NonTarget	1	108136
422.5310937601109	1.0	NonTarget	1	108168
422.6560937138895	1.0	NonTarget	1	108200
422.7810936676681	1.0	NonTarget	1	108232
422.9060936214467	1.0	NonTarget	1	108264
423.03109357522527	1.0	NonTarget	1	108296
423.1560935290039	1.0	NonTarget	1	108328
423.28109348278247	1.0	NonTarget	1	108360
423.4060934365611	1.0	NonTarget	1	108392
423.5310933903397	1.0	NonTarget	1	108424
423.6560933441183	1.0	NonTarget	1	108456
423.7810932978969	1.0	NonTarget	1	108488
423.9060932516755	1.0	NonTarget	1	108520
424.0310932054541	1.0	NonTarget	1	108552
424.1560931592327	1.0	NonTarget	1	108584
424.2810931130113	1.0	NonTarget	1	108616
424.4060930667899	1.0	NonTarget	1	108648
424.5310930205685	1.0	NonTarget	1	108680
424.6560929743471	1.0	NonTarget	1	108712
424.7810929281257	1.0	NonTarget	1	108744
424.90609288190427	1.0	NonTarget	1	108776
425.0310928356829	1.0	NonTarget	1	108808
425.15609278946147	1.0	NonTarget	1	108840
425.2810927432401	1.0	NonTarget	1	108872
425.40609269701866	1.0	NonTarget	1	108904
425.5310926507973	1.0	NonTarget	1	108936
425.65609260457586	1.0	NonTarget	1	108968
425.7810925583545	1.0	NonTarget	1	109000
425.90609251213306	1.0	NonTarget	1	109032
426.0310924659117	1.0	NonTarget	1	109064
426.15609241969025	1.0	NonTarget	1	109096
426.2810923734689	1.0	NonTarget	1	109128
426.4060923272475	1.0	NonTarget	1	109160
426.5310922810261	1.0	NonTarget	1	109192
426.6560922348047	1.0	NonTarget	1	109224
426.7810921885833	1.0	NonTarget	1	109256
426.9060921423619	1.0	NonTarget	1	109288
427.03109209614047	1.0	NonTarget	1	109320
427.1560920499191	1.0	NonTarget	1	109352
427.28109200369767	1.0	NonTarget	1	109384
427.4060919574763	1.0	NonTarget	1	109416
433.53108969262763	1.0	NonTarget	1	110984
433.65608964640626	1.0	NonTarget	1	111016
433.7810896001848	1.0	NonTarget	1	111048
433.90608955396345	1.0	NonTarget	1	111080
434.031089507742	1.0	NonTarget	1	111112
434.15608946152065	1.0	NonTarget	1	111144
434.2810894152992	1.0	NonTarget	1	111176
434.40608936907785	1.0	NonTarget	1	111208
434.5310893228565	1.0	NonTarget	1	111240
434.65608927663504	1.0	NonTarget	1	111272
434.78108923041367	1.0	NonTarget	1	111304
434.90608918419224	1.0	NonTarget	1	111336
435.03108913797087	1.0	NonTarget	1	111368
435.15608909174944	1.0	NonTarget	1	111400
435.28108904552806	1.0	NonTarget	1	111432
435.40608899930663	1.0	NonTarget	1	111464
435.53108895308526	1.0	NonTarget	1	111496
435.65608890686383	1.0	NonTarget	1	111528
435.78108886064246	1.0	NonTarget	1	111560
435.906088814421	1.0	NonTarget	1	111592
436.03108876819965	1.0	NonTarget	1	111624
436.1560887219782	1.0	NonTarget	1	111656
436.28108867575685	1.0	NonTarget	1	111688
436.4060886295354	1.0	NonTarget	1	111720
436.53108858331404	1.0	NonTarget	1	111752
436.6560885370926	1.0	NonTarget	1	111784
436.78108849087124	1.0	NonTarget	1	111816
436.9060884446498	1.0	NonTarget	1	111848
437.03108839842844	1.0	NonTarget	1	111880
437.15608835220706	1.0	NonTarget	1	111912
437.28108830598563	1.0	NonTarget	1	111944
437.40608825976426	1.0	NonTarget	1	111976
437.53108821354283	1.0	NonTarget	1	112008
437.65608816732146	1.0	NonTarget	1	112040
437.7810881211	1.0	NonTarget	1	112072
437.90608807487865	1.0	NonTarget	1	112104
438.0310880286572	1.0	NonTarget	1	112136
438.15608798243585	1.0	NonTarget	1	112168
438.2810879362144	1.0	NonTarget	1	112200
438.40608788999305	1.0	NonTarget	1	112232
438.5310878437716	1.0	NonTarget	1	112264
438.65608779755024	1.0	NonTarget	1	112296
438.7810877513288	1.0	NonTarget	1	112328
438.90608770510744	1.0	NonTarget	1	112360
439.031087658886	1.0	NonTarget	1	112392
439.15608761266463	1.0	NonTarget	1	112424
439.2810875664432	1.0	NonTarget	1	112456
439.40608752022183	1.0	NonTarget	1	112488
439.5310874740004	1.0	NonTarget	1	112520
439.656087427779	1.0	NonTarget	1	112552
439.7810873815576	1.0	NonTarget	1	112584
439.9060873353362	1.0	NonTarget	1	112616
440.03108728911485	1.0	NonTarget	1	112648
440.1560872428934	1.0	NonTarget	1	112680
440.28108719667205	1.0	NonTarget	1	112712
440.4060871504506	1.0	NonTarget	1	112744
440.53108710422924	1.0	NonTarget	1	112776
440.6560870580078	1.0	NonTarget	1	112808
440.78108701178644	1.0	NonTarget	1	112840
440.906086965565	1.0	NonTarget	1	112872
441.03108691934364	1.0	NonTarget	1	112904
441.1560868731222	1.0	NonTarget	1	112936
441.28108682690083	1.0	NonTarget	1	112968
441.4060867806794	1.0	NonTarget	1	113000
441.53108673445803	1.0	NonTarget	1	113032
441.6560866882366	1.0	NonTarget	1	113064
441.7810866420152	1.0	NonTarget	1	113096
441.9060865957938	1.0	NonTarget	1	113128
442.0310865495724	1.0	NonTarget	1	113160
442.156086503351	1.0	NonTarget	1	113192
442.2810864571296	1.0	NonTarget	1	113224
442.4060864109082	1.0	NonTarget	1	113256
442.5310863646868	1.0	NonTarget	1	113288
442.65608631846544	1.0	NonTarget	1	113320
442.781086272244	1.0	NonTarget	1	113352
442.90608622602264	1.0	NonTarget	1	113384
443.0310861798012	1.0	NonTarget	1	113416
443.15608613357983	1.0	NonTarget	1	113448
443.2810860873584	1.0	NonTarget	1	113480
443.40608604113703	1.0	NonTarget	1	113512
443.5310859949156	1.0	NonTarget	1	113544
443.6560859486942	1.0	NonTarget	1	113576
443.7810859024728	1.0	NonTarget	1	113608
443.9060858562514	1.0	NonTarget	1	113640
450.03108359140276	1.0	NonTarget	1	115208
450.1560835451814	1.0	NonTarget	1	115240
450.28108349895996	1.0	NonTarget	1	115272
450.4060834527386	1.0	NonTarget	1	115304
450.53108340651715	1.0	NonTarget	1	115336
450.6560833602958	1.0	NonTarget	1	115368
450.78108331407435	1.0	NonTarget	1	115400
450.906083267853	1.0	NonTarget	1	115432
451.0310832216316	1.0	NonTarget	1	115464
451.1560831754102	1.0	NonTarget	1	115496
451.2810831291888	1.0	NonTarget	1	115528
451.40608308296737	1.0	NonTarget	1	115560
451.531083036746	1.0	NonTarget	1	115592
451.65608299052457	1.0	NonTarget	1	115624
451.7810829443032	1.0	NonTarget	1	115656
451.90608289808176	1.0	NonTarget	1	115688
452.0310828518604	1.0	NonTarget	1	115720
452.15608280563896	1.0	NonTarget	1	115752
452.2810827594176	1.0	NonTarget	1	115784
452.40608271319616	1.0	NonTarget	1	115816
452.5310826669748	1.0	NonTarget	1	115848
452.65608262075335	1.0	NonTarget	1	115880
452.781082574532	1.0	NonTarget	1	115912
452.90608252831055	1.0	NonTarget	1	115944
453.0310824820892	1.0	NonTarget	1	115976
453.15608243586775	1.0	NonTarget	1	116008
453.2810823896464	1.0	NonTarget	1	116040
453.40608234342494	1.0	NonTarget	1	116072
453.53108229720357	1.0	NonTarget	1	116104
453.6560822509822	1.0	NonTarget	1	116136
453.78108220476076	1.0	NonTarget	1	116168
453.9060821585394	1.0	NonTarget	1	116200
454.03108211231796	1.0	NonTarget	1	116232
454.1560820660966	1.0	NonTarget	1	116264
454.28108201987516	1.0	NonTarget	1	116296
454.4060819736538	1.0	NonTarget	1	116328
454.53108192743235	1.0	NonTarget	1	116360
454.656081881211	1.0	NonTarget	1	116392
454.78108183498955	1.0	NonTarget	1	116424
454.9060817887682	1.0	NonTarget	1	116456
455.03108174254675	1.0	NonTarget	1	116488
455.1560816963254	1.0	NonTarget	1	116520
455.28108165010394	1.0	NonTarget	1	116552
455.40608160388257	1.0	NonTarget	1	116584
455.53108155766114	1.0	NonTarget	1	116616
455.65608151143977	1.0	NonTarget	1	116648
455.78108146521834	1.0	NonTarget	1	116680
455.90608141899696	1.0	NonTarget	1	116712
456.03108137277553	1.0	NonTarget	1	116744
456.15608132655416	1.0	NonTarget	1	116776
456.2810812803328	1.0	NonTarget	1	116808
456.40608123411135	1.0	NonTarget	1	116840
456.53108118789	1.0	NonTarget	1	116872
456.65608114166855	1.0	NonTarget	1	116904
456.7810810954472	1.0	NonTarget	1	116936
456.90608104922575	1.0	NonTarget	1	116968
457.0310810030044	1.0	NonTarget	1	117000
457.15608095678294	1.0	NonTarget	1	117032
457.28108091056157	1.0	NonTarget	1	117064
457.40608086434014	1.0	NonTarget	1	117096
457.53108081811877	1.0	NonTarget	1	117128
457.65608077189734	1.0	NonTarget	1	117160
457.78108072567596	1.0	NonTarget	1	117192
457.90608067945453	1.0	NonTarget	1	117224
458.03108063323316	1.0	NonTarget	1	117256
458.15608058701173	1.0	NonTarget	1	117288
458.28108054079036	1.0	NonTarget	1	117320
458.4060804945689	1.0	NonTarget	1	117352
458.53108044834755	1.0	NonTarget	1	117384
458.6560804021261	1.0	NonTarget	1	117416
458.78108035590475	1.0	NonTarget	1	117448
458.9060803096833	1.0	NonTarget	1	117480
459.03108026346194	1.0	NonTarget	1	117512
459.15608021724057	1.0	NonTarget	1	117544
459.28108017101914	1.0	NonTarget	1	117576
459.40608012479777	1.0	NonTarget	1	117608
459.53108007857634	1.0	NonTarget	1	117640
459.65608003235496	1.0	NonTarget	1	117672
459.78107998613353	1.0	NonTarget	1	117704
459.90607993991216	1.0	NonTarget	1	117736
460.03107989369073	1.0	NonTarget	1	117768
460.15607984746936	1.0	NonTarget	1	117800
460.2810798012479	1.0	NonTarget	1	117832
460.40607975502655	1.0	NonTarget	1	117864
466.5310774901779	1.0	NonTarget	1	119432
466.6560774439565	1.0	NonTarget	1	119464
466.7810773977351	1.0	NonTarget	1	119496
466.9060773515137	1.0	NonTarget	1	119528
467.0310773052923	1.0	NonTarget	1	119560
467.1560772590709	1.0	NonTarget	1	119592
467.28107721284954	1.0	NonTarget	1	119624
467.4060771666281	1.0	NonTarget	1	119656
467.53107712040674	1.0	NonTarget	1	119688
467.6560770741853	1.0	NonTarget	1	119720
467.78107702796393	1.0	NonTarget	1	119752
467.9060769817425	1.0	NonTarget	1	119784
468.0310769355211	1.0	NonTarget	1	119816
468.1560768892997	1.0	NonTarget	1	119848
468.2810768430783	1.0	NonTarget	1	119880
468.4060767968569	1.0	NonTarget	1	119912
468.5310767506355	1.0	NonTarget	1	119944
468.6560767044141	1.0	NonTarget	1	119976
468.7810766581927	1.0	NonTarget	1	120008
468.9060766119713	1.0	NonTarget	1	120040
469.0310765657499	1.0	NonTarget	1	120072
469.1560765195285	1.0	NonTarget	1	120104
469.2810764733071	1.0	NonTarget	1	120136
469.4060764270857	1.0	NonTarget	1	120168
469.5310763808643	1.0	NonTarget	1	120200
469.6560763346429	1.0	NonTarget	1	120232
469.7810762884215	1.0	NonTarget	1	120264
469.9060762422001	1.0	NonTarget	1	120296
470.0310761959787	1.0	NonTarget	1	120328
470.1560761497573	1.0	NonTarget	1	120360
470.2810761035359	1.0	NonTarget	1	120392
470.4060760573145	1.0	NonTarget	1	120424
470.5310760110931	1.0	NonTarget	1	120456
470.6560759648717	1.0	NonTarget	1	120488
470.7810759186503	1.0	NonTarget	1	120520
470.9060758724289	1.0	NonTarget	1	120552
471.0310758262075	1.0	NonTarget	1	120584
471.1560757799861	1.0	NonTarget	1	120616
471.2810757337647	1.0	NonTarget	1	120648
471.4060756875433	1.0	NonTarget	1	120680
471.5310756413219	1.0	NonTarget	1	120712
471.6560755951005	1.0	NonTarget	1	120744
471.7810755488791	1.0	NonTarget	1	120776
471.9060755026577	1.0	NonTarget	1	120808
472.03107545643627	1.0	NonTarget	1	120840
472.1560754102149	1.0	NonTarget	1	120872
472.28107536399347	1.0	NonTarget	1	120904
472.4060753177721	1.0	NonTarget	1	120936
472.53107527155066	1.0	NonTarget	1	120968
472.6560752253293	1.0	NonTarget	1	121000
472.7810751791079	1.0	NonTarget	1	121032
472.9060751328865	1.0	NonTarget	1	121064
473.0310750866651	1.0	NonTarget	1	121096
473.1560750404437	1.0	NonTarget	1	121128
473.2810749942223	1.0	NonTarget	1	121160
473.4060749480009	1.0	NonTarget	1	121192
473.5310749017795	1.0	NonTarget	1	121224
473.6560748555581	1.0	NonTarget	1	121256
473.7810748093367	1.0	NonTarget	1	121288
473.90607476311527	1.0	NonTarget	1	121320
474.0310747168939	1.0	NonTarget	1	121352
474.15607467067247	1.0	NonTarget	1	121384
474.2810746244511	1.0	NonTarget	1	121416
474.40607457822966	1.0	NonTarget	1	121448
474.5310745320083	1.0	NonTarget	1	121480
474.65607448578686	1.0	NonTarget	1	121512
474.7810744395655	1.0	NonTarget	1	121544
474.90607439334406	1.0	NonTarget	1	121576
475.0310743471227	1.0	NonTarget	1	121608
475.15607430090125	1.0	NonTarget	1	121640
475.2810742546799	1.0	NonTarget	1	121672
475.40607420845845	1.0	NonTarget	1	121704
475.5310741622371	1.0	NonTarget	1	121736
475.6560741160157	1.0	NonTarget	1	121768
475.7810740697943	1.0	NonTarget	1	121800
475.9060740235729	1.0	NonTarget	1	121832
476.03107397735147	1.0	NonTarget	1	121864
476.1560739311301	1.0	NonTarget	1	121896
476.28107388490866	1.0	NonTarget	1	121928
476.4060738386873	1.0	NonTarget	1	121960
476.53107379246586	1.0	NonTarget	1	121992
476.6560737462445	1.0	NonTarget	1	122024
476.78107370002306	1.0	NonTarget	1	122056
476.9060736538017	1.0	NonTarget	1	122088
483.031071388953	1.0	NonTarget	1	123656
483.15607134273165	1.0	NonTarget	1	123688
483.2810712965102	1.0	NonTarget	1	123720
483.40607125028885	1.0	NonTarget	1	123752
483.5310712040674	1.0	NonTarget	1	123784
483.65607115784604	1.0	NonTarget	1	123816
483.78107111162467	1.0	NonTarget	1	123848
483.90607106540324	1.0	NonTarget	1	123880
484.03107101918187	1.0	NonTarget	1	123912
484.15607097296044	1.0	NonTarget	1	123944
484.28107092673906	1.0	NonTarget	1	123976
484.40607088051763	1.0	NonTarget	1	124008
484.53107083429626	1.0	NonTarget	1	124040
484.6560707880748	1.0	NonTarget	1	124072
484.78107074185345	1.0	NonTarget	1	124104
484.906070695632	1.0	NonTarget	1	124136
485.03107064941065	1.0	NonTarget	1	124168
485.1560706031892	1.0	NonTarget	1	124200
485.28107055696785	1.0	NonTarget	1	124232
485.4060705107464	1.0	NonTarget	1	124264
485.53107046452504	1.0	NonTarget	1	124296
485.6560704183036	1.0	NonTarget	1	124328
485.78107037208224	1.0	NonTarget	1	124360
485.9060703258608	1.0	NonTarget	1	124392
486.03107027963944	1.0	NonTarget	1	124424
486.156070233418	1.0	NonTarget	1	124456
486.28107018719663	1.0	NonTarget	1	124488
486.40607014097526	1.0	NonTarget	1	124520
486.53107009475383	1.0	NonTarget	1	124552
486.65607004853246	1.0	NonTarget	1	124584
486.781070002311	1.0	NonTarget	1	124616
486.90606995608965	1.0	NonTarget	1	124648
487.0310699098682	1.0	NonTarget	1	124680
487.15606986364685	1.0	NonTarget	1	124712
487.2810698174254	1.0	NonTarget	1	124744
487.40606977120405	1.0	NonTarget	1	124776
487.5310697249826	1.0	NonTarget	1	124808
487.65606967876124	1.0	NonTarget	1	124840
487.7810696325398	1.0	NonTarget	1	124872
487.90606958631844	1.0	NonTarget	1	124904
488.031069540097	1.0	NonTarget	1	124936
488.15606949387563	1.0	NonTarget	1	124968
488.2810694476542	1.0	NonTarget	1	125000
488.40606940143283	1.0	NonTarget	1	125032
488.5310693552114	1.0	NonTarget	1	125064
488.65606930899	1.0	NonTarget	1	125096
488.7810692627686	1.0	NonTarget	1	125128
488.9060692165472	1.0	NonTarget	1	125160
489.0310691703258	1.0	NonTarget	1	125192
489.1560691241044	1.0	NonTarget	1	125224
489.28106907788305	1.0	NonTarget	1	125256
489.4060690316616	1.0	NonTarget	1	125288
489.53106898544024	1.0	NonTarget	1	125320
489.6560689392188	1.0	NonTarget	1	125352
489.78106889299744	1.0	NonTarget	1	125384
489.906068846776	1.0	NonTarget	1	125416
490.03106880055464	1.0	NonTarget	1	125448
490.1560687543332	1.0	NonTarget	1	125480
490.28106870811183	1.0	NonTarget	1	125512
490.4060686618904	1.0	NonTarget	1	125544
490.531068615669	1.0	NonTarget	1	125576
490.6560685694476	1.0	NonTarget	1	125608
490.7810685232262	1.0	NonTarget	1	125640
490.9060684770048	1.0	NonTarget	1	125672
491.0310684307834	1.0	NonTarget	1	125704
491.156068384562	1.0	NonTarget	1	125736
491.2810683383406	1.0	NonTarget	1	125768
491.4060682921192	1.0	NonTarget	1	125800
491.5310682458978	1.0	NonTarget	1	125832
491.6560681996764	1.0	NonTarget	1	125864
491.781068153455	1.0	NonTarget	1	125896
491.90606810723364	1.0	NonTarget	1	125928
492.0310680610122	1.0	NonTarget	1	125960
492.15606801479083	1.0	NonTarget	1	125992
492.2810679685694	1.0	NonTarget	1	126024
492.40606792234803	1.0	NonTarget	1	126056
492.5310678761266	1.0	NonTarget	1	126088
492.6560678299052	1.0	NonTarget	1	126120
492.7810677836838	1.0	NonTarget	1	126152
492.9060677374624	1.0	NonTarget	1	126184
493.031067691241	1.0	NonTarget	1	126216
493.1560676450196	1.0	NonTarget	1	126248
493.2810675987982	1.0	NonTarget	1	126280
493.4060675525768	1.0	NonTarget	1	126312
499.53106528772815	1.0	NonTarget	1	127880
499.6560652415068	1.0	NonTarget	1	127912
499.78106519528535	1.0	NonTarget	1	127944
499.906065149064	1.0	NonTarget	1	127976
500.03106510284255	1.0	NonTarget	1	128008
500.1560650566212	1.0	NonTarget	1	128040
500.2810650103998	1.0	NonTarget	1	128072
500.40606496417837	1.0	NonTarget	1	128104
500.531064917957	1.0	NonTarget	1	128136
500.65606487173557	1.0	NonTarget	1	128168
500.7810648255142	1.0	NonTarget	1	128200
500.90606477929276	1.0	NonTarget	1	128232
501.0310647330714	1.0	NonTarget	1	128264
501.15606468684996	1.0	NonTarget	1	128296
501.2810646406286	1.0	NonTarget	1	128328
501.40606459440716	1.0	NonTarget	1	128360
501.5310645481858	1.0	NonTarget	1	128392
501.65606450196435	1.0	NonTarget	1	128424
501.781064455743	1.0	NonTarget	1	128456
501.90606440952155	1.0	NonTarget	1	128488
502.0310643633002	1.0	NonTarget	1	128520
502.15606431707874	1.0	NonTarget	1	128552
502.28106427085737	1.0	NonTarget	1	128584
502.40606422463594	1.0	NonTarget	1	128616
502.53106417841457	1.0	NonTarget	1	128648
502.65606413219314	1.0	NonTarget	1	128680
502.78106408597176	1.0	NonTarget	1	128712
502.9060640397504	1.0	NonTarget	1	128744
503.03106399352896	1.0	NonTarget	1	128776
503.1560639473076	1.0	NonTarget	1	128808
503.28106390108616	1.0	NonTarget	1	128840
503.4060638548648	1.0	NonTarget	1	128872
503.53106380864335	1.0	NonTarget	1	128904
503.656063762422	1.0	NonTarget	1	128936
503.78106371620055	1.0	NonTarget	1	128968
503.9060636699792	1.0	NonTarget	1	129000
504.03106362375775	1.0	NonTarget	1	129032
504.1560635775364	1.0	NonTarget	1	129064
504.28106353131494	1.0	NonTarget	1	129096
504.40606348509357	1.0	NonTarget	1	129128
504.53106343887214	1.0	NonTarget	1	129160
504.65606339265076	1.0	NonTarget	1	129192
504.78106334642933	1.0	NonTarget	1	129224
504.90606330020796	1.0	NonTarget	1	129256
505.03106325398653	1.0	NonTarget	1	129288
505.15606320776516	1.0	NonTarget	1	129320
505.2810631615437	1.0	NonTarget	1	129352
505.40606311532235	1.0	NonTarget	1	129384
505.531063069101	1.0	NonTarget	1	129416
505.65606302287955	1.0	NonTarget	1	129448
505.7810629766582	1.0	NonTarget	1	129480
505.90606293043675	1.0	NonTarget	1	129512
506.0310628842154	1.0	NonTarget	1	129544
506.15606283799394	1.0	NonTarget	1	129576
506.28106279177257	1.0	NonTarget	1	129608
506.40606274555114	1.0	NonTarget	1	129640
506.53106269932977	1.0	NonTarget	1	129672
506.65606265310834	1.0	NonTarget	1	129704
506.78106260688696	1.0	NonTarget	1	129736
506.90606256066553	1.0	NonTarget	1	129768
507.03106251444416	1.0	NonTarget	1	129800
507.15606246822273	1.0	NonTarget	1	129832
507.28106242200136	1.0	NonTarget	1	129864
507.4060623757799	1.0	NonTarget	1	129896
507.53106232955855	1.0	NonTarget	1	129928
507.6560622833371	1.0	NonTarget	1	129960
507.78106223711575	1.0	NonTarget	1	129992
507.9060621908943	1.0	NonTarget	1	130024
508.03106214467294	1.0	NonTarget	1	130056
508.1560620984515	1.0	NonTarget	1	130088
508.28106205223014	1.0	NonTarget	1	130120
508.40606200600877	1.0	NonTarget	1	130152
508.53106195978734	1.0	NonTarget	1	130184
508.65606191356596	1.0	NonTarget	1	130216
508.78106186734453	1.0	NonTarget	1	130248
508.90606182112316	1.0	NonTarget	1	130280
509.03106177490173	1.0	NonTarget	1	130312
509.15606172868036	1.0	NonTarget	1	130344
509.2810616824589	1.0	NonTarget	1	130376
509.40606163623755	1.0	NonTarget	1	130408
509.5310615900161	1.0	NonTarget	1	130440
509.65606154379475	1.0	NonTarget	1	130472
509.7810614975733	1.0	NonTarget	1	130504
509.90606145135195	1.0	NonTarget	1	130536
516.0310591865033	1.0	NonTarget	1	132104
516.1560591402819	1.0	NonTarget	1	132136
516.2810590940605	1.0	NonTarget	1	132168
516.4060590478391	1.0	NonTarget	1	132200
516.5310590016177	1.0	NonTarget	1	132232
516.6560589553964	1.0	NonTarget	1	132264
516.7810589091749	1.0	NonTarget	1	132296
516.9060588629535	1.0	NonTarget	1	132328
517.0310588167321	1.0	NonTarget	1	132360
517.1560587705108	1.0	NonTarget	1	132392
517.2810587242893	1.0	NonTarget	1	132424
517.4060586780679	1.0	NonTarget	1	132456
517.5310586318465	1.0	NonTarget	1	132488
517.6560585856251	1.0	NonTarget	1	132520
517.7810585394037	1.0	NonTarget	1	132552
517.9060584931823	1.0	NonTarget	1	132584
518.0310584469609	1.0	NonTarget	1	132616
518.1560584007395	1.0	NonTarget	1	132648
518.2810583545181	1.0	NonTarget	1	132680
518.4060583082967	1.0	NonTarget	1	132712
518.5310582620752	1.0	NonTarget	1	132744
518.6560582158539	1.0	NonTarget	1	132776
518.7810581696325	1.0	NonTarget	1	132808
518.9060581234111	1.0	NonTarget	1	132840
519.0310580771896	1.0	NonTarget	1	132872
519.1560580309683	1.0	NonTarget	1	132904
519.2810579847469	1.0	NonTarget	1	132936
519.4060579385255	1.0	NonTarget	1	132968
519.5310578923041	1.0	NonTarget	1	133000
519.6560578460827	1.0	NonTarget	1	133032
519.7810577998613	1.0	NonTarget	1	133064
519.9060577536399	1.0	NonTarget	1	133096
520.0310577074185	1.0	NonTarget	1	133128
520.1560576611971	1.0	NonTarget	1	133160
520.2810576149757	1.0	NonTarget	1	133192
520.4060575687542	1.0	NonTarget	1	133224
520.5310575225329	1.0	NonTarget	1	133256
520.6560574763115	1.0	NonTarget	1	133288
520.7810574300901	1.0	NonTarget	1	133320
520.9060573838686	1.0	NonTarget	1	133352
521.0310573376473	1.0	NonTarget	1	133384
521.1560572914259	1.0	NonTarget	1	133416
521.2810572452045	1.0	NonTarget	1	133448
521.406057198983	1.0	NonTarget	1	133480
521.5310571527617	1.0	NonTarget	1	133512
521.6560571065403	1.0	NonTarget	1	133544
521.7810570603189	1.0	NonTarget	1	133576
521.9060570140974	1.0	NonTarget	1	133608
522.0310569678761	1.0	NonTarget	1	133640
522.1560569216547	1.0	NonTarget	1	133672
522.2810568754333	1.0	NonTarget	1	133704
522.4060568292119	1.0	NonTarget	1	133736
522.5310567829905	1.0	NonTarget	1	133768
522.6560567367691	1.0	NonTarget	1	133800
522.7810566905476	1.0	NonTarget	1	133832
522.9060566443263	1.0	NonTarget	1	133864
523.0310565981049	1.0	NonTarget	1	133896
523.1560565518835	1.0	NonTarget	1	133928
523.281056505662	1.0	NonTarget	1	133960
523.4060564594407	1.0	NonTarget	1	133992
523.5310564132193	1.0	NonTarget	1	134024
523.6560563669979	1.0	NonTarget	1	134056
523.7810563207764	1.0	NonTarget	1	134088
523.9060562745551	1.0	NonTarget	1	134120
524.0310562283337	1.0	NonTarget	1	134152
524.1560561821123	1.0	NonTarget	1	134184
524.2810561358908	1.0	NonTarget	1	134216
524.4060560896695	1.0	NonTarget	1	134248
524.5310560434481	1.0	NonTarget	1	134280
524.6560559972266	1.0	NonTarget	1	134312
524.7810559510053	1.0	NonTarget	1	134344
524.9060559047839	1.0	NonTarget	1	134376
525.0310558585625	1.0	NonTarget	1	134408
525.156055812341	1.0	NonTarget	1	134440
525.2810557661197	1.0	NonTarget	1	134472
525.4060557198983	1.0	NonTarget	1	134504
525.5310556736769	1.0	NonTarget	1	134536
525.6560556274554	1.0	NonTarget	1	134568
525.7810555812341	1.0	NonTarget	1	134600
525.9060555350127	1.0	NonTarget	1	134632
526.0310554887913	1.0	NonTarget	1	134664
526.1560554425698	1.0	NonTarget	1	134696
526.2810553963485	1.0	NonTarget	1	134728
526.4060553501271	1.0	NonTarget	1	134760
532.5310530852785	1.0	NonTarget	1	136328
532.656053039057	1.0	NonTarget	1	136360
532.7810529928356	1.0	NonTarget	1	136392
532.9060529466143	1.0	NonTarget	1	136424
533.0310529003929	1.0	NonTarget	1	136456
533.1560528541714	1.0	NonTarget	1	136488
533.28105280795	1.0	NonTarget	1	136520
533.4060527617287	1.0	NonTarget	1	136552
533.5310527155073	1.0	NonTarget	1	136584
533.6560526692858	1.0	NonTarget	1	136616
533.7810526230644	1.0	NonTarget	1	136648
533.9060525768431	1.0	NonTarget	1	136680
534.0310525306217	1.0	NonTarget	1	136712
534.1560524844002	1.0	NonTarget	1	136744
534.2810524381788	1.0	NonTarget	1	136776
534.4060523919575	1.0	NonTarget	1	136808
534.531052345736	1.0	NonTarget	1	136840
534.6560522995146	1.0	NonTarget	1	136872
534.7810522532932	1.0	NonTarget	1	136904
534.9060522070719	1.0	NonTarget	1	136936
535.0310521608504	1.0	NonTarget	1	136968
535.156052114629	1.0	NonTarget	1	137000
535.2810520684076	1.0	NonTarget	1	137032
535.4060520221863	1.0	NonTarget	1	137064
535.5310519759648	1.0	NonTarget	1	137096
535.6560519297434	1.0	NonTarget	1	137128
535.7810518835221	1.0	NonTarget	1	137160
535.9060518373007	1.0	NonTarget	1	137192
536.0310517910792	1.0	NonTarget	1	137224
536.1560517448578	1.0	NonTarget	1	137256
536.2810516986365	1.0	NonTarget	1	137288
536.406051652415	1.0	NonTarget	1	137320
536.5310516061936	1.0	NonTarget	1	137352
536.6560515599722	1.0	NonTarget	1	137384
536.7810515137509	1.0	NonTarget	1	137416
536.9060514675294	1.0	NonTarget	1	137448
537.031051421308	1.0	NonTarget	1	137480
537.1560513750866	1.0	NonTarget	1	137512
537.2810513288653	1.0	NonTarget	1	137544
537.4060512826438	1.0	NonTarget	1	137576
537.5310512364224	1.0	NonTarget	1	137608
537.656051190201	1.0	NonTarget	1	137640
537.7810511439797	1.0	NonTarget	1	137672
537.9060510977582	1.0	NonTarget	1	137704
538.0310510515368	1.0	NonTarget	1	137736
538.1560510053154	1.0	NonTarget	1	137768
538.281050959094	1.0	NonTarget	1	137800
538.4060509128726	1.0	NonTarget	1	137832
538.5310508666512	1.0	NonTarget	1	137864
538.6560508204299	1.0	NonTarget	1	137896
538.7810507742084	1.0	NonTarget	1	137928
538.906050727987	1.0	NonTarget	1	137960
539.0310506817656	1.0	NonTarget	1	137992
539.1560506355443	1.0	NonTarget	1	138024
539.2810505893228	1.0	NonTarget	1	138056
539.4060505431014	1.0	NonTarget	1	138088
539.53105049688	1.0	NonTarget	1	138120
539.6560504506587	1.0	NonTarget	1	138152
539.7810504044372	1.0	NonTarget	1	138184
539.9060503582158	1.0	NonTarget	1	138216
540.0310503119944	1.0	NonTarget	1	138248
540.156050265773	1.0	NonTarget	1	138280
540.2810502195516	1.0	NonTarget	1	138312
540.4060501733302	1.0	NonTarget	1	138344
540.5310501271088	1.0	NonTarget	1	138376
540.6560500808874	1.0	NonTarget	1	138408
540.781050034666	1.0	NonTarget	1	138440
540.9060499884446	1.0	NonTarget	1	138472
541.0310499422231	1.0	NonTarget	1	138504
541.1560498960018	1.0	NonTarget	1	138536
541.2810498497804	1.0	NonTarget	1	138568
541.406049803559	1.0	NonTarget	1	138600
541.5310497573377	1.0	NonTarget	1	138632
541.6560497111162	1.0	NonTarget	1	138664
541.7810496648948	1.0	NonTarget	1	138696
541.9060496186734	1.0	NonTarget	1	138728
542.031049572452	1.0	NonTarget	1	138760
542.1560495262306	1.0	NonTarget	1	138792
542.2810494800092	1.0	NonTarget	1	138824
542.4060494337878	1.0	NonTarget	1	138856
542.5310493875664	1.0	NonTarget	1	138888
542.656049341345	1.0	NonTarget	1	138920
542.7810492951236	1.0	NonTarget	1	138952
542.9060492489021	1.0	NonTarget	1	138984
549.0310469840535	1.0	NonTarget	1	140552
549.1560469378321	1.0	NonTarget	1	140584
549.2810468916108	1.0	NonTarget	1	140616
549.4060468453894	1.0	NonTarget	1	140648
549.5310467991679	1.0	NonTarget	1	140680
549.6560467529466	1.0	NonTarget	1	140712
549.7810467067252	1.0	NonTarget	1	140744
549.9060466605038	1.0	NonTarget	1	140776
550.0310466142823	1.0	NonTarget	1	140808
550.156046568061	1.0	NonTarget	1	140840
550.2810465218396	1.0	NonTarget	1	140872
550.4060464756182	1.0	NonTarget	1	140904
550.5310464293967	1.0	NonTarget	1	140936
550.6560463831754	1.0	NonTarget	1	140968
550.781046336954	1.0	NonTarget	1	141000
550.9060462907325	1.0	NonTarget	1	141032
551.0310462445111	1.0	NonTarget	1	141064
551.1560461982898	1.0	NonTarget	1	141096
551.2810461520684	1.0	NonTarget	1	141128
551.4060461058469	1.0	NonTarget	1	141160
551.5310460596255	1.0	NonTarget	1	141192
551.6560460134042	1.0	NonTarget	1	141224
551.7810459671828	1.0	NonTarget	1	141256
551.9060459209613	1.0	NonTarget	1	141288
552.03104587474	1.0	NonTarget	1	141320
552.1560458285186	1.0	NonTarget	1	141352
552.2810457822972	1.0	NonTarget	1	141384
552.4060457360757	1.0	NonTarget	1	141416
552.5310456898544	1.0	NonTarget	1	141448
552.656045643633	1.0	NonTarget	1	141480
552.7810455974115	1.0	NonTarget	1	141512
552.9060455511901	1.0	NonTarget	1	141544
553.0310455049688	1.0	NonTarget	1	141576
553.1560454587474	1.0	NonTarget	1	141608
553.2810454125259	1.0	NonTarget	1	141640
553.4060453663045	1.0	NonTarget	1	141672
553.5310453200832	1.0	NonTarget	1	141704
553.6560452738618	1.0	NonTarget	1	141736
553.7810452276403	1.0	NonTarget	1	141768
553.9060451814189	1.0	NonTarget	1	141800
554.0310451351976	1.0	NonTarget	1	141832
554.1560450889762	1.0	NonTarget	1	141864
554.2810450427547	1.0	NonTarget	1	141896
554.4060449965333	1.0	NonTarget	1	141928
554.531044950312	1.0	NonTarget	1	141960
554.6560449040905	1.0	NonTarget	1	141992
554.7810448578691	1.0	NonTarget	1	142024
554.9060448116478	1.0	NonTarget	1	142056
555.0310447654264	1.0	NonTarget	1	142088
555.1560447192049	1.0	NonTarget	1	142120
555.2810446729835	1.0	NonTarget	1	142152
555.4060446267622	1.0	NonTarget	1	142184
555.5310445805408	1.0	NonTarget	1	142216
555.6560445343193	1.0	NonTarget	1	142248
555.7810444880979	1.0	NonTarget	1	142280
555.9060444418766	1.0	NonTarget	1	142312
556.0310443956552	1.0	NonTarget	1	142344
556.1560443494337	1.0	NonTarget	1	142376
556.2810443032123	1.0	NonTarget	1	142408
556.406044256991	1.0	NonTarget	1	142440
556.5310442107696	1.0	NonTarget	1	142472
556.6560441645481	1.0	NonTarget	1	142504
556.7810441183267	1.0	NonTarget	1	142536
556.9060440721054	1.0	NonTarget	1	142568
557.031044025884	1.0	NonTarget	1	142600
557.1560439796625	1.0	NonTarget	1	142632
557.2810439334411	1.0	NonTarget	1	142664
557.4060438872198	1.0	NonTarget	1	142696
557.5310438409983	1.0	NonTarget	1	142728
557.6560437947769	1.0	NonTarget	1	142760
557.7810437485556	1.0	NonTarget	1	142792
557.9060437023342	1.0	NonTarget	1	142824
558.0310436561127	1.0	NonTarget	1	142856
558.1560436098913	1.0	NonTarget	1	142888
558.28104356367	1.0	NonTarget	1	142920
558.4060435174486	1.0	NonTarget	1	142952
558.5310434712271	1.0	NonTarget	1	142984
558.6560434250057	1.0	NonTarget	1	143016
558.7810433787844	1.0	NonTarget	1	143048
558.906043332563	1.0	NonTarget	1	143080
559.0310432863415	1.0	NonTarget	1	143112
559.1560432401201	1.0	NonTarget	1	143144
559.2810431938988	1.0	NonTarget	1	143176
559.4060431476773	1.0	NonTarget	1	143208
565.5310408828287	1.0	NonTarget	1	144776
565.6560408366073	1.0	NonTarget	1	144808
565.7810407903859	1.0	NonTarget	1	144840
565.9060407441646	1.0	NonTarget	1	144872
566.0310406979431	1.0	NonTarget	1	144904
566.1560406517217	1.0	NonTarget	1	144936
566.2810406055003	1.0	NonTarget	1	144968
566.406040559279	1.0	NonTarget	1	145000
566.5310405130575	1.0	NonTarget	1	145032
566.6560404668361	1.0	NonTarget	1	145064
566.7810404206147	1.0	NonTarget	1	145096
566.9060403743933	1.0	NonTarget	1	145128
567.0310403281719	1.0	NonTarget	1	145160
567.1560402819505	1.0	NonTarget	1	145192
567.281040235729	1.0	NonTarget	1	145224
567.4060401895077	1.0	NonTarget	1	145256
567.5310401432863	1.0	NonTarget	1	145288
567.6560400970649	1.0	NonTarget	1	145320
567.7810400508434	1.0	NonTarget	1	145352
567.9060400046221	1.0	NonTarget	1	145384
568.0310399584007	1.0	NonTarget	1	145416
568.1560399121793	1.0	NonTarget	1	145448
568.2810398659578	1.0	NonTarget	1	145480
568.4060398197365	1.0	NonTarget	1	145512
568.5310397735151	1.0	NonTarget	1	145544
568.6560397272937	1.0	NonTarget	1	145576
568.7810396810723	1.0	NonTarget	1	145608
568.9060396348509	1.0	NonTarget	1	145640
569.0310395886295	1.0	NonTarget	1	145672
569.156039542408	1.0	NonTarget	1	145704
569.2810394961867	1.0	NonTarget	1	145736
569.4060394499653	1.0	NonTarget	1	145768
569.5310394037439	1.0	NonTarget	1	145800
569.6560393575224	1.0	NonTarget	1	145832
569.7810393113011	1.0	NonTarget	1	145864
569.9060392650797	1.0	NonTarget	1	145896
570.0310392188583	1.0	NonTarget	1	145928
570.1560391726368	1.0	NonTarget	1	145960
570.2810391264155	1.0	NonTarget	1	145992
570.4060390801941	1.0	NonTarget	1	146024
570.5310390339727	1.0	NonTarget	1	146056
570.6560389877512	1.0	NonTarget	1	146088
570.7810389415299	1.0	NonTarget	1	146120
570.9060388953085	1.0	NonTarget	1	146152
571.031038849087	1.0	NonTarget	1	146184
571.1560388028656	1.0	NonTarget	1	146216
571.2810387566443	1.0	NonTarget	1	146248
571.4060387104229	1.0	NonTarget	1	146280
571.5310386642014	1.0	NonTarget	1	146312
571.6560386179801	1.0	NonTarget	1	146344
571.7810385717587	1.0	NonTarget	1	146376
571.9060385255373	1.0	NonTarget	1	146408
572.0310384793158	1.0	NonTarget	1	146440
572.1560384330945	1.0	NonTarget	1	146472
572.2810383868731	1.0	NonTarget	1	146504
572.4060383406517	1.0	NonTarget	1	146536
572.5310382944302	1.0	NonTarget	1	146568
572.6560382482089	1.0	NonTarget	1	146600
572.7810382019875	1.0	NonTarget	1	146632
572.906038155766	1.0	NonTarget	1	146664
573.0310381095446	1.0	NonTarget	1	146696
573.1560380633233	1.0	NonTarget	1	146728
573.2810380171019	1.0	NonTarget	1	146760
573.4060379708804	1.0	NonTarget	1	146792
573.531037924659	1.0	NonTarget	1	146824
573.6560378784377	1.0	NonTarget	1	146856
573.7810378322163	1.0	NonTarget	1	146888
573.9060377859948	1.0	NonTarget	1	146920
574.0310377397735	1.0	NonTarget	1	146952
574.1560376935521	1.0	NonTarget	1	146984
574.2810376473307	1.0	NonTarget	1	147016
574.4060376011092	1.0	NonTarget	1	147048
574.5310375548879	1.0	NonTarget	1	147080
574.6560375086665	1.0	NonTarget	1	147112
574.781037462445	1.0	NonTarget	1	147144
574.9060374162236	1.0	NonTarget	1	147176
575.0310373700023	1.0	NonTarget	1	147208
575.1560373237809	1.0	NonTarget	1	147240
575.2810372775594	1.0	NonTarget	1	147272
575.406037231338	1.0	NonTarget	1	147304
575.5310371851167	1.0	NonTarget	1	147336
575.6560371388953	1.0	NonTarget	1	147368
575.7810370926738	1.0	NonTarget	1	147400
575.9060370464524	1.0	NonTarget	1	147432
582.0310347816038	1.0	NonTarget	1	149000
582.1560347353825	1.0	NonTarget	1	149032
582.2810346891611	1.0	NonTarget	1	149064
582.4060346429396	1.0	NonTarget	1	149096
582.5310345967182	1.0	NonTarget	1	149128
582.6560345504969	1.0	NonTarget	1	149160
582.7810345042755	1.0	NonTarget	1	149192
582.906034458054	1.0	NonTarget	1	149224
583.0310344118326	1.0	NonTarget	1	149256
583.1560343656113	1.0	NonTarget	1	149288
583.2810343193898	1.0	NonTarget	1	149320
583.4060342731684	1.0	NonTarget	1	149352
583.531034226947	1.0	NonTarget	1	149384
583.6560341807257	1.0	NonTarget	1	149416
583.7810341345042	1.0	NonTarget	1	149448
583.9060340882828	1.0	NonTarget	1	149480
584.0310340420614	1.0	NonTarget	1	149512
584.1560339958401	1.0	NonTarget	1	149544
584.2810339496186	1.0	NonTarget	1	149576
584.4060339033972	1.0	NonTarget	1	149608
584.5310338571758	1.0	NonTarget	1	149640
584.6560338109545	1.0	NonTarget	1	149672
584.781033764733	1.0	NonTarget	1	149704
584.9060337185116	1.0	NonTarget	1	149736
585.0310336722903	1.0	NonTarget	1	149768
585.1560336260688	1.0	NonTarget	1	149800
585.2810335798474	1.0	NonTarget	1	149832
585.406033533626	1.0	NonTarget	1	149864
585.5310334874047	1.0	NonTarget	1	149896
585.6560334411832	1.0	NonTarget	1	149928
585.7810333949618	1.0	NonTarget	1	149960
585.9060333487404	1.0	NonTarget	1	149992
586.0310333025191	1.0	NonTarget	1	150024
586.1560332562976	1.0	NonTarget	1	150056
586.2810332100762	1.0	NonTarget	1	150088
586.4060331638548	1.0	NonTarget	1	150120
586.5310331176335	1.0	NonTarget	1	150152
586.656033071412	1.0	NonTarget	1	150184
586.7810330251906	1.0	NonTarget	1	150216
586.9060329789692	1.0	NonTarget	1	150248
587.0310329327478	1.0	NonTarget	1	150280
587.1560328865264	1.0	NonTarget	1	150312
587.281032840305	1.0	NonTarget	1	150344
587.4060327940836	1.0	NonTarget	1	150376
587.5310327478622	1.0	NonTarget	1	150408
587.6560327016408	1.0	NonTarget	1	150440
587.7810326554194	1.0	NonTarget	1	150472
587.9060326091981	1.0	NonTarget	1	150504
588.0310325629766	1.0	NonTarget	1	150536
588.1560325167552	1.0	NonTarget	1	150568
588.2810324705338	1.0	NonTarget	1	150600
588.4060324243125	1.0	NonTarget	1	150632
588.531032378091	1.0	NonTarget	1	150664
588.6560323318696	1.0	NonTarget	1	150696
588.7810322856482	1.0	NonTarget	1	150728
588.9060322394268	1.0	NonTarget	1	150760
589.0310321932054	1.0	NonTarget	1	150792
589.156032146984	1.0	NonTarget	1	150824
589.2810321007626	1.0	NonTarget	1	150856
589.4060320545412	1.0	NonTarget	1	150888
589.5310320083198	1.0	NonTarget	1	150920
589.6560319620984	1.0	NonTarget	1	150952
589.781031915877	1.0	NonTarget	1	150984
589.9060318696556	1.0	NonTarget	1	151016
590.0310318234342	1.0	NonTarget	1	151048
590.1560317772128	1.0	NonTarget	1	151080
590.2810317309913	1.0	NonTarget	1	151112
590.40603168477	1.0	NonTarget	1	151144
590.5310316385486	1.0	NonTarget	1	151176
590.6560315923272	1.0	NonTarget	1	151208
590.7810315461059	1.0	NonTarget	1	151240
590.9060314998844	1.0	NonTarget	1	151272
591.031031453663	1.0	NonTarget	1	151304
591.1560314074416	1.0	NonTarget	1	151336
591.2810313612202	1.0	NonTarget	1	151368
591.4060313149988	1.0	NonTarget	1	151400
591.5310312687774	1.0	NonTarget	1	151432
591.656031222556	1.0	NonTarget	1	151464
591.7810311763346	1.0	NonTarget	1	151496
591.9060311301132	1.0	NonTarget	1	151528
592.0310310838918	1.0	NonTarget	1	151560
592.1560310376703	1.0	NonTarget	1	151592
592.281030991449	1.0	NonTarget	1	151624
592.4060309452276	1.0	NonTarget	1	151656
598.531028680379	1.0	NonTarget	1	153224
598.6560286341576	1.0	NonTarget	1	153256
598.7810285879361	1.0	NonTarget	1	153288
598.9060285417148	1.0	NonTarget	1	153320
599.0310284954934	1.0	NonTarget	1	153352
599.156028449272	1.0	NonTarget	1	153384
599.2810284030505	1.0	NonTarget	1	153416
599.4060283568292	1.0	NonTarget	1	153448
599.5310283106078	1.0	NonTarget	1	153480
599.6560282643864	1.0	NonTarget	1	153512
599.7810282181649	1.0	NonTarget	1	153544
599.9060281719436	1.0	NonTarget	1	153576
600.0310281257222	1.0	NonTarget	1	153608
600.1560280795007	1.0	NonTarget	1	153640
600.2810280332793	1.0	NonTarget	1	153672
600.406027987058	1.0	NonTarget	1	153704
600.5310279408366	1.0	NonTarget	1	153736
600.6560278946151	1.0	NonTarget	1	153768
600.7810278483937	1.0	NonTarget	1	153800
600.9060278021724	1.0	NonTarget	1	153832
601.031027755951	1.0	NonTarget	1	153864
601.1560277097295	1.0	NonTarget	1	153896
601.2810276635082	1.0	NonTarget	1	153928
601.4060276172868	1.0	NonTarget	1	153960
601.5310275710654	1.0	NonTarget	1	153992
601.6560275248439	1.0	NonTarget	1	154024
601.7810274786226	1.0	NonTarget	1	154056
601.9060274324012	1.0	NonTarget	1	154088
602.0310273861797	1.0	NonTarget	1	154120
602.1560273399583	1.0	NonTarget	1	154152
602.281027293737	1.0	NonTarget	1	154184
602.4060272475156	1.0	NonTarget	1	154216
602.5310272012941	1.0	NonTarget	1	154248
602.6560271550727	1.0	NonTarget	1	154280
602.7810271088514	1.0	NonTarget	1	154312
602.90602706263	1.0	NonTarget	1	154344
603.0310270164085	1.0	NonTarget	1	154376
603.1560269701871	1.0	NonTarget	1	154408
603.2810269239658	1.0	NonTarget	1	154440
603.4060268777444	1.0	NonTarget	1	154472
603.5310268315229	1.0	NonTarget	1	154504
603.6560267853015	1.0	NonTarget	1	154536
603.7810267390802	1.0	NonTarget	1	154568
603.9060266928587	1.0	NonTarget	1	154600
604.0310266466373	1.0	NonTarget	1	154632
604.156026600416	1.0	NonTarget	1	154664
604.2810265541946	1.0	NonTarget	1	154696
604.4060265079731	1.0	NonTarget	1	154728
604.5310264617517	1.0	NonTarget	1	154760
604.6560264155304	1.0	NonTarget	1	154792
604.781026369309	1.0	NonTarget	1	154824
604.9060263230875	1.0	NonTarget	1	154856
605.0310262768661	1.0	NonTarget	1	154888
605.1560262306448	1.0	NonTarget	1	154920
605.2810261844234	1.0	NonTarget	1	154952
605.4060261382019	1.0	NonTarget	1	154984
605.5310260919805	1.0	NonTarget	1	155016
605.6560260457592	1.0	NonTarget	1	155048
605.7810259995377	1.0	NonTarget	1	155080
605.9060259533163	1.0	NonTarget	1	155112
606.0310259070949	1.0	NonTarget	1	155144
606.1560258608736	1.0	NonTarget	1	155176
606.2810258146521	1.0	NonTarget	1	155208
606.4060257684307	1.0	NonTarget	1	155240
606.5310257222093	1.0	NonTarget	1	155272
606.656025675988	1.0	NonTarget	1	155304
606.7810256297665	1.0	NonTarget	1	155336
606.9060255835451	1.0	NonTarget	1	155368
607.0310255373238	1.0	NonTarget	1	155400
607.1560254911024	1.0	NonTarget	1	155432
607.2810254448809	1.0	NonTarget	1	155464
607.4060253986595	1.0	NonTarget	1	155496
607.5310253524382	1.0	NonTarget	1	155528
607.6560253062167	1.0	NonTarget	1	155560
607.7810252599953	1.0	NonTarget	1	155592
607.9060252137739	1.0	NonTarget	1	155624
608.0310251675526	1.0	NonTarget	1	155656
608.1560251213311	1.0	NonTarget	1	155688
608.2810250751097	1.0	NonTarget	1	155720
608.4060250288883	1.0	NonTarget	1	155752
608.531024982667	1.0	NonTarget	1	155784
608.6560249364455	1.0	NonTarget	1	155816
608.7810248902241	1.0	NonTarget	1	155848
608.9060248440027	1.0	NonTarget	1	155880
615.0310225791541	1.0	NonTarget	1	157448
615.1560225329328	1.0	NonTarget	1	157480
615.2810224867113	1.0	NonTarget	1	157512
615.4060224404899	1.0	NonTarget	1	157544
615.5310223942685	1.0	NonTarget	1	157576
615.6560223480471	1.0	NonTarget	1	157608
615.7810223018257	1.0	NonTarget	1	157640
615.9060222556043	1.0	NonTarget	1	157672
616.0310222093829	1.0	NonTarget	1	157704
616.1560221631615	1.0	NonTarget	1	157736
616.2810221169401	1.0	NonTarget	1	157768
616.4060220707187	1.0	NonTarget	1	157800
616.5310220244972	1.0	NonTarget	1	157832
616.6560219782759	1.0	NonTarget	1	157864
616.7810219320545	1.0	NonTarget	1	157896
616.9060218858331	1.0	NonTarget	1	157928
617.0310218396116	1.0	NonTarget	1	157960
617.1560217933903	1.0	NonTarget	1	157992
617.2810217471689	1.0	NonTarget	1	158024
617.4060217009475	1.0	NonTarget	1	158056
617.531021654726	1.0	NonTarget	1	158088
617.6560216085047	1.0	NonTarget	1	158120
617.7810215622833	1.0	NonTarget	1	158152
617.9060215160619	1.0	NonTarget	1	158184
618.0310214698405	1.0	NonTarget	1	158216
618.1560214236191	1.0	NonTarget	1	158248
618.2810213773977	1.0	NonTarget	1	158280
618.4060213311762	1.0	NonTarget	1	158312
618.5310212849549	1.0	NonTarget	1	158344
618.6560212387335	1.0	NonTarget	1	158376
618.7810211925121	1.0	NonTarget	1	158408
618.9060211462906	1.0	NonTarget	1	158440
619.0310211000693	1.0	NonTarget	1	158472
619.1560210538479	1.0	NonTarget	1	158504
619.2810210076265	1.0	NonTarget	1	158536
619.406020961405	1.0	NonTarget	1	158568
619.5310209151837	1.0	NonTarget	1	158600
619.6560208689623	1.0	NonTarget	1	158632
619.7810208227409	1.0	NonTarget	1	158664
619.9060207765194	1.0	NonTarget	1	158696
620.0310207302981	1.0	NonTarget	1	158728
620.1560206840767	1.0	NonTarget	1	158760
620.2810206378552	1.0	NonTarget	1	158792
620.4060205916338	1.0	NonTarget	1	158824
620.5310205454125	1.0	NonTarget	1	158856
620.6560204991911	1.0	NonTarget	1	158888
620.7810204529696	1.0	NonTarget	1	158920
620.9060204067483	1.0	NonTarget	1	158952
621.0310203605269	1.0	NonTarget	1	158984
621.1560203143055	1.0	NonTarget	1	159016
621.281020268084	1.0	NonTarget	1	159048
621.4060202218627	1.0	NonTarget	1	159080
621.5310201756413	1.0	NonTarget	1	159112
621.6560201294199	1.0	NonTarget	1	159144
621.7810200831984	1.0	NonTarget	1	159176
621.9060200369771	1.0	NonTarget	1	159208
622.0310199907557	1.0	NonTarget	1	159240
622.1560199445343	1.0	NonTarget	1	159272
622.2810198983128	1.0	NonTarget	1	159304
622.4060198520915	1.0	NonTarget	1	159336
622.5310198058701	1.0	NonTarget	1	159368
622.6560197596486	1.0	NonTarget	1	159400
622.7810197134272	1.0	NonTarget	1	159432
622.9060196672059	1.0	NonTarget	1	159464
623.0310196209845	1.0	NonTarget	1	159496
623.156019574763	1.0	NonTarget	1	159528
623.2810195285417	1.0	NonTarget	1	159560
623.4060194823203	1.0	NonTarget	1	159592
623.5310194360989	1.0	NonTarget	1	159624
623.6560193898774	1.0	NonTarget	1	159656
623.7810193436561	1.0	NonTarget	1	159688
623.9060192974347	1.0	NonTarget	1	159720
624.0310192512133	1.0	NonTarget	1	159752
624.1560192049918	1.0	NonTarget	1	159784
624.2810191587705	1.0	NonTarget	1	159816
624.4060191125491	1.0	NonTarget	1	159848
624.5310190663276	1.0	NonTarget	1	159880
624.6560190201062	1.0	NonTarget	1	159912
624.7810189738849	1.0	NonTarget	1	159944
624.9060189276635	1.0	NonTarget	1	159976
625.031018881442	1.0	NonTarget	1	160008
625.1560188352206	1.0	NonTarget	1	160040
625.2810187889993	1.0	NonTarget	1	160072
625.4060187427779	1.0	NonTarget	1	160104
631.5310164779293	1.0	NonTarget	1	161672
631.6560164317078	1.0	NonTarget	1	161704
631.7810163854864	1.0	NonTarget	1	161736
631.9060163392651	1.0	NonTarget	1	161768
632.0310162930436	1.0	NonTarget	1	161800
632.1560162468222	1.0	NonTarget	1	161832
632.2810162006008	1.0	NonTarget	1	161864
632.4060161543795	1.0	NonTarget	1	161896
632.531016108158	1.0	NonTarget	1	161928
632.6560160619366	1.0	NonTarget	1	161960
632.7810160157152	1.0	NonTarget	1	161992
632.9060159694939	1.0	NonTarget	1	162024
633.0310159232724	1.0	NonTarget	1	162056
633.156015877051	1.0	NonTarget	1	162088
633.2810158308296	1.0	NonTarget	1	162120
633.4060157846083	1.0	NonTarget	1	162152
633.5310157383868	1.0	NonTarget	1	162184
633.6560156921654	1.0	NonTarget	1	162216
633.781015645944	1.0	NonTarget	1	162248
633.9060155997227	1.0	NonTarget	1	162280
634.0310155535012	1.0	NonTarget	1	162312
634.1560155072798	1.0	NonTarget	1	162344
634.2810154610585	1.0	NonTarget	1	162376
634.406015414837	1.0	NonTarget	1	162408
634.5310153686156	1.0	NonTarget	1	162440
634.6560153223942	1.0	NonTarget	1	162472
634.7810152761729	1.0	NonTarget	1	162504
634.9060152299514	1.0	NonTarget	1	162536
635.03101518373	1.0	NonTarget	1	162568
635.1560151375086	1.0	NonTarget	1	162600
635.2810150912873	1.0	NonTarget	1	162632
635.4060150450658	1.0	NonTarget	1	162664
635.5310149988444	1.0	NonTarget	1	162696
635.656014952623	1.0	NonTarget	1	162728
635.7810149064017	1.0	NonTarget	1	162760
635.9060148601802	1.0	NonTarget	1	162792
636.0310148139588	1.0	NonTarget	1	162824
636.1560147677374	1.0	NonTarget	1	162856
636.281014721516	1.0	NonTarget	1	162888
636.4060146752946	1.0	NonTarget	1	162920
636.5310146290732	1.0	NonTarget	1	162952
636.6560145828518	1.0	NonTarget	1	162984
636.7810145366304	1.0	NonTarget	1	163016
636.906014490409	1.0	NonTarget	1	163048
637.0310144441876	1.0	NonTarget	1	163080
637.1560143979663	1.0	NonTarget	1	163112
637.2810143517448	1.0	NonTarget	1	163144
637.4060143055234	1.0	NonTarget	1	163176
637.531014259302	1.0	NonTarget	1	163208
637.6560142130807	1.0	NonTarget	1	163240
637.7810141668592	1.0	NonTarget	1	163272
637.9060141206378	1.0	NonTarget	1	163304
638.0310140744164	1.0	NonTarget	1	163336
638.156014028195	1.0	NonTarget	1	163368
638.2810139819736	1.0	NonTarget	1	163400
638.4060139357522	1.0	NonTarget	1	163432
638.5310138895308	1.0	NonTarget	1	163464
638.6560138433094	1.0	NonTarget	1	163496
638.781013797088	1.0	NonTarget	1	163528
638.9060137508666	1.0	NonTarget	1	163560
639.0310137046451	1.0	NonTarget	1	163592
639.1560136584238	1.0	NonTarget	1	163624
639.2810136122024	1.0	NonTarget	1	163656
639.406013565981	1.0	NonTarget	1	163688
639.5310135197595	1.0	NonTarget	1	163720
639.6560134735382	1.0	NonTarget	1	163752
639.7810134273168	1.0	NonTarget	1	163784
639.9060133810954	1.0	NonTarget	1	163816
640.031013334874	1.0	NonTarget	1	163848
640.1560132886526	1.0	NonTarget	1	163880
640.2810132424312	1.0	NonTarget	1	163912
640.4060131962098	1.0	NonTarget	1	163944
640.5310131499884	1.0	NonTarget	1	163976
640.656013103767	1.0	NonTarget	1	164008
640.7810130575456	1.0	NonTarget	1	164040
640.9060130113241	1.0	NonTarget	1	164072
641.0310129651028	1.0	NonTarget	1	164104
641.1560129188814	1.0	NonTarget	1	164136
641.28101287266	1.0	NonTarget	1	164168
641.4060128264385	1.0	NonTarget	1	164200
641.5310127802172	1.0	NonTarget	1	164232
641.6560127339958	1.0	NonTarget	1	164264
641.7810126877744	1.0	NonTarget	1	164296
641.9060126415529	1.0	NonTarget	1	164328
648.0310103767043	1.0	NonTarget	1	165896
648.156010330483	1.0	NonTarget	1	165928
648.2810102842616	1.0	NonTarget	1	165960
648.4060102380402	1.0	NonTarget	1	165992
648.5310101918187	1.0	NonTarget	1	166024
648.6560101455974	1.0	NonTarget	1	166056
648.781010099376	1.0	NonTarget	1	166088
648.9060100531545	1.0	NonTarget	1	166120
649.0310100069331	1.0	NonTarget	1	166152
649.1560099607118	1.0	NonTarget	1	166184
649.2810099144904	1.0	NonTarget	1	166216
649.4060098682689	1.0	NonTarget	1	166248
649.5310098220475	1.0	NonTarget	1	166280
649.6560097758262	1.0	NonTarget	1	166312
649.7810097296048	1.0	NonTarget	1	166344
649.9060096833833	1.0	NonTarget	1	166376
650.0310096371619	1.0	NonTarget	1	166408
650.1560095909406	1.0	NonTarget	1	166440
650.2810095447192	1.0	NonTarget	1	166472
650.4060094984977	1.0	NonTarget	1	166504
650.5310094522764	1.0	NonTarget	1	166536
650.656009406055	1.0	NonTarget	1	166568
650.7810093598335	1.0	NonTarget	1	166600
650.9060093136121	1.0	NonTarget	1	166632
651.0310092673908	1.0	NonTarget	1	166664
651.1560092211694	1.0	NonTarget	1	166696
651.2810091749479	1.0	NonTarget	1	166728
651.4060091287265	1.0	NonTarget	1	166760
651.5310090825052	1.0	NonTarget	1	166792
651.6560090362838	1.0	NonTarget	1	166824
651.7810089900623	1.0	NonTarget	1	166856
651.9060089438409	1.0	NonTarget	1	166888
652.0310088976196	1.0	NonTarget	1	166920
652.1560088513982	1.0	NonTarget	1	166952
652.2810088051767	1.0	NonTarget	1	166984
652.4060087589553	1.0	NonTarget	1	167016
652.531008712734	1.0	NonTarget	1	167048
652.6560086665125	1.0	NonTarget	1	167080
652.7810086202911	1.0	NonTarget	1	167112
652.9060085740697	1.0	NonTarget	1	167144
653.0310085278484	1.0	NonTarget	1	167176
653.1560084816269	1.0	NonTarget	1	167208
653.2810084354055	1.0	NonTarget	1	167240
653.4060083891842	1.0	NonTarget	1	167272
653.5310083429628	1.0	NonTarget	1	167304
653.6560082967413	1.0	NonTarget	1	167336
653.7810082505199	1.0	NonTarget	1	167368
653.9060082042986	1.0	NonTarget	1	167400
654.0310081580772	1.0	NonTarget	1	167432
654.1560081118557	1.0	NonTarget	1	167464
654.2810080656343	1.0	NonTarget	1	167496
654.406008019413	1.0	NonTarget	1	167528
654.5310079731915	1.0	NonTarget	1	167560
654.6560079269701	1.0	NonTarget	1	167592
654.7810078807487	1.0	NonTarget	1	167624
654.9060078345274	1.0	NonTarget	1	167656
655.0310077883059	1.0	NonTarget	1	167688
655.1560077420845	1.0	NonTarget	1	167720
655.2810076958631	1.0	NonTarget	1	167752
655.4060076496418	1.0	NonTarget	1	167784
655.5310076034203	1.0	NonTarget	1	167816
655.6560075571989	1.0	NonTarget	1	167848
655.7810075109775	1.0	NonTarget	1	167880
655.9060074647562	1.0	NonTarget	1	167912
656.0310074185347	1.0	NonTarget	1	167944
656.1560073723133	1.0	NonTarget	1	167976
656.281007326092	1.0	NonTarget	1	168008
656.4060072798706	1.0	NonTarget	1	168040
656.5310072336491	1.0	NonTarget	1	168072
656.6560071874277	1.0	NonTarget	1	168104
656.7810071412064	1.0	NonTarget	1	168136
656.906007094985	1.0	NonTarget	1	168168
657.0310070487635	1.0	NonTarget	1	168200
657.1560070025421	1.0	NonTarget	1	168232
657.2810069563208	1.0	NonTarget	1	168264
657.4060069100993	1.0	NonTarget	1	168296
657.5310068638779	1.0	NonTarget	1	168328
657.6560068176565	1.0	NonTarget	1	168360
657.7810067714352	1.0	NonTarget	1	168392
657.9060067252137	1.0	NonTarget	1	168424
658.0310066789923	1.0	NonTarget	1	168456
658.1560066327709	1.0	NonTarget	1	168488
658.2810065865496	1.0	NonTarget	1	168520
658.4060065403281	1.0	NonTarget	1	168552
664.5310042754795	1.0	NonTarget	1	170120
664.6560042292581	1.0	NonTarget	1	170152
664.7810041830367	1.0	NonTarget	1	170184
664.9060041368153	1.0	NonTarget	1	170216
665.0310040905939	1.0	NonTarget	1	170248
665.1560040443725	1.0	NonTarget	1	170280
665.281003998151	1.0	NonTarget	1	170312
665.4060039519297	1.0	NonTarget	1	170344
665.5310039057083	1.0	NonTarget	1	170376
665.6560038594869	1.0	NonTarget	1	170408
665.7810038132654	1.0	NonTarget	1	170440
665.9060037670441	1.0	NonTarget	1	170472
666.0310037208227	1.0	NonTarget	1	170504
666.1560036746013	1.0	NonTarget	1	170536
666.2810036283798	1.0	NonTarget	1	170568
666.4060035821585	1.0	NonTarget	1	170600
666.5310035359371	1.0	NonTarget	1	170632
666.6560034897157	1.0	NonTarget	1	170664
666.7810034434942	1.0	NonTarget	1	170696
666.9060033972729	1.0	NonTarget	1	170728
667.0310033510515	1.0	NonTarget	1	170760
667.15600330483	1.0	NonTarget	1	170792
667.2810032586087	1.0	NonTarget	1	170824
667.4060032123873	1.0	NonTarget	1	170856
667.5310031661659	1.0	NonTarget	1	170888
667.6560031199444	1.0	NonTarget	1	170920
667.7810030737231	1.0	NonTarget	1	170952
667.9060030275017	1.0	NonTarget	1	170984
668.0310029812803	1.0	NonTarget	1	171016
668.1560029350588	1.0	NonTarget	1	171048
668.2810028888375	1.0	NonTarget	1	171080
668.4060028426161	1.0	NonTarget	1	171112
668.5310027963947	1.0	NonTarget	1	171144
668.6560027501732	1.0	NonTarget	1	171176
668.7810027039519	1.0	NonTarget	1	171208
668.9060026577305	1.0	NonTarget	1	171240
669.031002611509	1.0	NonTarget	1	171272
669.1560025652876	1.0	NonTarget	1	171304
669.2810025190663	1.0	NonTarget	1	171336
669.4060024728449	1.0	NonTarget	1	171368
669.5310024266234	1.0	NonTarget	1	171400
669.656002380402	1.0	NonTarget	1	171432
669.7810023341807	1.0	NonTarget	1	171464
669.9060022879593	1.0	NonTarget	1	171496
670.0310022417378	1.0	NonTarget	1	171528
670.1560021955165	1.0	NonTarget	1	171560
670.2810021492951	1.0	NonTarget	1	171592
670.4060021030737	1.0	NonTarget	1	171624
670.5310020568522	1.0	NonTarget	1	171656
670.6560020106309	1.0	NonTarget	1	171688
670.7810019644095	1.0	NonTarget	1	171720
670.906001918188	1.0	NonTarget	1	171752
671.0310018719666	1.0	NonTarget	1	171784
671.1560018257453	1.0	NonTarget	1	171816
671.2810017795239	1.0	NonTarget	1	171848
671.4060017333024	1.0	NonTarget	1	171880
671.531001687081	1.0	NonTarget	1	171912
671.6560016408597	1.0	NonTarget	1	171944
671.7810015946383	1.0	NonTarget	1	171976
671.9060015484168	1.0	NonTarget	1	172008
672.0310015021954	1.0	NonTarget	1	172040
672.1560014559741	1.0	NonTarget	1	172072
672.2810014097527	1.0	NonTarget	1	172104
672.4060013635312	1.0	NonTarget	1	172136
672.5310013173099	1.0	NonTarget	1	172168
672.6560012710885	1.0	NonTarget	1	172200
672.781001224867	1.0	NonTarget	1	172232
672.9060011786456	1.0	NonTarget	1	172264
673.0310011324243	1.0	NonTarget	1	172296
673.1560010862029	1.0	NonTarget	1	172328
673.2810010399814	1.0	NonTarget	1	172360
673.40600099376	1.0	NonTarget	1	172392
673.5310009475387	1.0	NonTarget	1	172424
673.6560009013173	1.0	NonTarget	1	172456
673.7810008550958	1.0	NonTarget	1	172488
673.9060008088744	1.0	NonTarget	1	172520
674.0310007626531	1.0	NonTarget	1	172552
674.1560007164317	1.0	NonTarget	1	172584
674.2810006702102	1.0	NonTarget	1	172616
674.4060006239888	1.0	NonTarget	1	172648
674.5310005777675	1.0	NonTarget	1	172680
674.656000531546	1.0	NonTarget	1	172712
674.7810004853246	1.0	NonTarget	1	172744
674.9060004391032	1.0	NonTarget	1	172776
681.0309981742546	1.0	NonTarget	1	174344
681.1559981280333	1.0	NonTarget	1	174376
681.2809980818118	1.0	NonTarget	1	174408
681.4059980355904	1.0	NonTarget	1	174440
681.530997989369	1.0	NonTarget	1	174472
681.6559979431477	1.0	NonTarget	1	174504
681.7809978969262	1.0	NonTarget	1	174536
681.9059978507048	1.0	NonTarget	1	174568
682.0309978044834	1.0	NonTarget	1	174600
682.1559977582621	1.0	NonTarget	1	174632
682.2809977120406	1.0	NonTarget	1	174664
682.4059976658192	1.0	NonTarget	1	174696
682.5309976195978	1.0	NonTarget	1	174728
682.6559975733765	1.0	NonTarget	1	174760
682.780997527155	1.0	NonTarget	1	174792
682.9059974809336	1.0	NonTarget	1	174824
683.0309974347122	1.0	NonTarget	1	174856
683.1559973884908	1.0	NonTarget	1	174888
683.2809973422694	1.0	NonTarget	1	174920
683.405997296048	1.0	NonTarget	1	174952
683.5309972498267	1.0	NonTarget	1	174984
683.6559972036052	1.0	NonTarget	1	175016
683.7809971573838	1.0	NonTarget	1	175048
683.9059971111624	1.0	NonTarget	1	175080
684.0309970649411	1.0	NonTarget	1	175112
684.1559970187196	1.0	NonTarget	1	175144
684.2809969724982	1.0	NonTarget	1	175176
684.4059969262768	1.0	NonTarget	1	175208
684.5309968800555	1.0	NonTarget	1	175240
684.655996833834	1.0	NonTarget	1	175272
684.7809967876126	1.0	NonTarget	1	175304
684.9059967413912	1.0	NonTarget	1	175336
685.0309966951698	1.0	NonTarget	1	175368
685.1559966489484	1.0	NonTarget	1	175400
685.280996602727	1.0	NonTarget	1	175432
685.4059965565056	1.0	NonTarget	1	175464
685.5309965102842	1.0	NonTarget	1	175496
685.6559964640628	1.0	NonTarget	1	175528
685.7809964178414	1.0	NonTarget	1	175560
685.90599637162	1.0	NonTarget	1	175592
686.0309963253986	1.0	NonTarget	1	175624
686.1559962791772	1.0	NonTarget	1	175656
686.2809962329558	1.0	NonTarget	1	175688
686.4059961867345	1.0	NonTarget	1	175720
686.530996140513	1.0	NonTarget	1	175752
686.6559960942916	1.0	NonTarget	1	175784
686.7809960480702	1.0	NonTarget	1	175816
686.9059960018488	1.0	NonTarget	1	175848
687.0309959556274	1.0	NonTarget	1	175880
687.155995909406	1.0	NonTarget	1	175912
687.2809958631846	1.0	NonTarget	1	175944
687.4059958169632	1.0	NonTarget	1	175976
687.5309957707418	1.0	NonTarget	1	176008
687.6559957245204	1.0	NonTarget	1	176040
687.780995678299	1.0	NonTarget	1	176072
687.9059956320776	1.0	NonTarget	1	176104
688.0309955858562	1.0	NonTarget	1	176136
688.1559955396348	1.0	NonTarget	1	176168
688.2809954934133	1.0	NonTarget	1	176200
688.405995447192	1.0	NonTarget	1	176232
688.5309954009706	1.0	NonTarget	1	176264
688.6559953547492	1.0	NonTarget	1	176296
688.7809953085277	1.0	NonTarget	1	176328
688.9059952623064	1.0	NonTarget	1	176360
689.030995216085	1.0	NonTarget	1	176392
689.1559951698636	1.0	NonTarget	1	176424
689.2809951236422	1.0	NonTarget	1	176456
689.4059950774208	1.0	NonTarget	1	176488
689.5309950311994	1.0	NonTarget	1	176520
689.655994984978	1.0	NonTarget	1	176552
689.7809949387566	1.0	NonTarget	1	176584
689.9059948925352	1.0	NonTarget	1	176616
690.0309948463138	1.0	NonTarget	1	176648
690.1559948000923	1.0	NonTarget	1	176680
690.280994753871	1.0	NonTarget	1	176712
690.4059947076496	1.0	NonTarget	1	176744
690.5309946614282	1.0	NonTarget	1	176776
690.6559946152067	1.0	NonTarget	1	176808
690.7809945689854	1.0	NonTarget	1	176840
690.905994522764	1.0	NonTarget	1	176872
691.0309944765426	1.0	NonTarget	1	176904
691.1559944303211	1.0	NonTarget	1	176936
691.2809943840998	1.0	NonTarget	1	176968
691.4059943378784	1.0	NonTarget	1	177000
697.5309920730298	1.0	NonTarget	1	178568
697.6559920268083	1.0	NonTarget	1	178600
697.7809919805869	1.0	NonTarget	1	178632
697.9059919343656	1.0	NonTarget	1	178664
698.0309918881442	1.0	NonTarget	1	178696
698.1559918419227	1.0	NonTarget	1	178728
698.2809917957013	1.0	NonTarget	1	178760
698.40599174948	1.0	NonTarget	1	178792
698.5309917032586	1.0	NonTarget	1	178824
698.6559916570371	1.0	NonTarget	1	178856
698.7809916108157	1.0	NonTarget	1	178888
698.9059915645944	1.0	NonTarget	1	178920
699.030991518373	1.0	NonTarget	1	178952
699.1559914721515	1.0	NonTarget	1	178984
699.2809914259301	1.0	NonTarget	1	179016
699.4059913797088	1.0	NonTarget	1	179048
699.5309913334873	1.0	NonTarget	1	179080
699.6559912872659	1.0	NonTarget	1	179112
699.7809912410446	1.0	NonTarget	1	179144
699.9059911948232	1.0	NonTarget	1	179176
700.0309911486017	1.0	NonTarget	1	179208
700.1559911023803	1.0	NonTarget	1	179240
700.280991056159	1.0	NonTarget	1	179272
700.4059910099376	1.0	NonTarget	1	179304
700.5309909637161	1.0	NonTarget	1	179336
700.6559909174947	1.0	NonTarget	1	179368
700.7809908712734	1.0	NonTarget	1	179400
700.905990825052	1.0	NonTarget	1	179432
701.0309907788305	1.0	NonTarget	1	179464
701.1559907326091	1.0	NonTarget	1	179496
701.2809906863878	1.0	NonTarget	1	179528
701.4059906401664	1.0	NonTarget	1	179560
701.5309905939449	1.0	NonTarget	1	179592
701.6559905477235	1.0	NonTarget	1	179624
701.7809905015022	1.0	NonTarget	1	179656
701.9059904552807	1.0	NonTarget	1	179688
702.0309904090593	1.0	NonTarget	1	179720
702.1559903628379	1.0	NonTarget	1	179752
702.2809903166166	1.0	NonTarget	1	179784
702.4059902703951	1.0	NonTarget	1	179816
702.5309902241737	1.0	NonTarget	1	179848
702.6559901779524	1.0	NonTarget	1	179880
702.780990131731	1.0	NonTarget	1	179912
702.9059900855095	1.0	NonTarget	1	179944
703.0309900392881	1.0	NonTarget	1	179976
703.1559899930668	1.0	NonTarget	1	180008
703.2809899468454	1.0	NonTarget	1	180040
703.4059899006239	1.0	NonTarget	1	180072
703.5309898544025	1.0	NonTarget	1	180104
703.6559898081812	1.0	NonTarget	1	180136
703.7809897619597	1.0	NonTarget	1	180168
703.9059897157383	1.0	NonTarget	1	180200
704.0309896695169	1.0	NonTarget	1	180232
704.1559896232956	1.0	NonTarget	1	180264
704.2809895770741	1.0	NonTarget	1	180296
704.4059895308527	1.0	NonTarget	1	180328
704.5309894846313	1.0	NonTarget	1	180360
704.65598943841	1.0	NonTarget	1	180392
704.7809893921885	1.0	NonTarget	1	180424
704.9059893459671	1.0	NonTarget	1	180456
705.0309892997457	1.0	NonTarget	1	180488
705.1559892535244	1.0	NonTarget	1	180520
705.2809892073029	1.0	NonTarget	1	180552
705.4059891610815	1.0	NonTarget	1	180584
705.5309891148602	1.0	NonTarget	1	180616
705.6559890686387	1.0	NonTarget	1	180648
705.7809890224173	1.0	NonTarget	1	180680
705.9059889761959	1.0	NonTarget	1	180712
706.0309889299746	1.0	NonTarget	1	180744
706.1559888837531	1.0	NonTarget	1	180776
706.2809888375317	1.0	NonTarget	1	180808
706.4059887913103	1.0	NonTarget	1	180840
706.530988745089	1.0	NonTarget	1	180872
706.6559886988675	1.0	NonTarget	1	180904
706.7809886526461	1.0	NonTarget	1	180936
706.9059886064247	1.0	NonTarget	1	180968
707.0309885602034	1.0	NonTarget	1	181000
707.1559885139819	1.0	NonTarget	1	181032
707.2809884677605	1.0	NonTarget	1	181064
707.4059884215391	1.0	NonTarget	1	181096
707.5309883753177	1.0	NonTarget	1	181128
707.6559883290963	1.0	NonTarget	1	181160
707.7809882828749	1.0	NonTarget	1	181192
707.9059882366535	1.0	NonTarget	1	181224
714.0309859718049	1.0	NonTarget	1	182792
714.1559859255835	1.0	NonTarget	1	182824
714.2809858793621	1.0	NonTarget	1	182856
714.4059858331407	1.0	NonTarget	1	182888
714.5309857869192	1.0	NonTarget	1	182920
714.6559857406979	1.0	NonTarget	1	182952
714.7809856944765	1.0	NonTarget	1	182984
714.9059856482551	1.0	NonTarget	1	183016
715.0309856020336	1.0	NonTarget	1	183048
715.1559855558123	1.0	NonTarget	1	183080
715.2809855095909	1.0	NonTarget	1	183112
715.4059854633695	1.0	NonTarget	1	183144
715.530985417148	1.0	NonTarget	1	183176
715.6559853709267	1.0	NonTarget	1	183208
715.7809853247053	1.0	NonTarget	1	183240
715.9059852784839	1.0	NonTarget	1	183272
716.0309852322624	1.0	NonTarget	1	183304
716.1559851860411	1.0	NonTarget	1	183336
716.2809851398197	1.0	NonTarget	1	183368
716.4059850935982	1.0	NonTarget	1	183400
716.5309850473769	1.0	NonTarget	1	183432
716.6559850011555	1.0	NonTarget	1	183464
716.7809849549341	1.0	NonTarget	1	183496
716.9059849087126	1.0	NonTarget	1	183528
717.0309848624913	1.0	NonTarget	1	183560
717.1559848162699	1.0	NonTarget	1	183592
717.2809847700485	1.0	NonTarget	1	183624
717.405984723827	1.0	NonTarget	1	183656
717.5309846776057	1.0	NonTarget	1	183688
717.6559846313843	1.0	NonTarget	1	183720
717.7809845851629	1.0	NonTarget	1	183752
717.9059845389414	1.0	NonTarget	1	183784
718.0309844927201	1.0	NonTarget	1	183816
718.1559844464987	1.0	NonTarget	1	183848
718.2809844002772	1.0	NonTarget	1	183880
718.4059843540558	1.0	NonTarget	1	183912
718.5309843078345	1.0	NonTarget	1	183944
718.6559842616131	1.0	NonTarget	1	183976
718.7809842153916	1.0	NonTarget	1	184008
718.9059841691702	1.0	NonTarget	1	184040
719.0309841229489	1.0	NonTarget	1	184072
719.1559840767275	1.0	NonTarget	1	184104
719.280984030506	1.0	NonTarget	1	184136
719.4059839842847	1.0	NonTarget	1	184168
719.5309839380633	1.0	NonTarget	1	184200
719.6559838918419	1.0	NonTarget	1	184232
719.7809838456204	1.0	NonTarget	1	184264
719.9059837993991	1.0	NonTarget	1	184296
720.0309837531777	1.0	NonTarget	1	184328
720.1559837069562	1.0	NonTarget	1	184360
720.2809836607348	1.0	NonTarget	1	184392
720.4059836145135	1.0	NonTarget	1	184424
720.5309835682921	1.0	NonTarget	1	184456
720.6559835220706	1.0	NonTarget	1	184488
720.7809834758492	1.0	NonTarget	1	184520
720.9059834296279	1.0	NonTarget	1	184552
721.0309833834065	1.0	NonTarget	1	184584
721.155983337185	1.0	NonTarget	1	184616
721.2809832909636	1.0	NonTarget	1	184648
721.4059832447423	1.0	NonTarget	1	184680
721.5309831985209	1.0	NonTarget	1	184712
721.6559831522994	1.0	NonTarget	1	184744
721.7809831060781	1.0	NonTarget	1	184776
721.9059830598567	1.0	NonTarget	1	184808
722.0309830136353	1.0	NonTarget	1	184840
722.1559829674138	1.0	NonTarget	1	184872
722.2809829211925	1.0	NonTarget	1	184904
722.4059828749711	1.0	NonTarget	1	184936
722.5309828287496	1.0	NonTarget	1	184968
722.6559827825282	1.0	NonTarget	1	185000
722.7809827363069	1.0	NonTarget	1	185032
722.9059826900855	1.0	NonTarget	1	185064
723.030982643864	1.0	NonTarget	1	185096
723.1559825976426	1.0	NonTarget	1	185128
723.2809825514213	1.0	NonTarget	1	185160
723.4059825051999	1.0	NonTarget	1	185192
723.5309824589784	1.0	NonTarget	1	185224
723.655982412757	1.0	NonTarget	1	185256
723.7809823665357	1.0	NonTarget	1	185288
723.9059823203143	1.0	NonTarget	1	185320
724.0309822740928	1.0	NonTarget	1	185352
724.1559822278714	1.0	NonTarget	1	185384
724.2809821816501	1.0	NonTarget	1	185416
724.4059821354286	1.0	NonTarget	1	185448
730.53097987058	1.0	NonTarget	1	187016
730.6559798243586	1.0	NonTarget	1	187048
730.7809797781372	1.0	NonTarget	1	187080
730.9059797319159	1.0	NonTarget	1	187112
731.0309796856944	1.0	NonTarget	1	187144
731.155979639473	1.0	NonTarget	1	187176
731.2809795932516	1.0	NonTarget	1	187208
731.4059795470303	1.0	NonTarget	1	187240
731.5309795008088	1.0	NonTarget	1	187272
731.6559794545874	1.0	NonTarget	1	187304
731.780979408366	1.0	NonTarget	1	187336
731.9059793621446	1.0	NonTarget	1	187368
732.0309793159232	1.0	NonTarget	1	187400
732.1559792697018	1.0	NonTarget	1	187432
732.2809792234804	1.0	NonTarget	1	187464
732.405979177259	1.0	NonTarget	1	187496
732.5309791310376	1.0	NonTarget	1	187528
732.6559790848162	1.0	NonTarget	1	187560
732.7809790385949	1.0	NonTarget	1	187592
732.9059789923734	1.0	NonTarget	1	187624
733.030978946152	1.0	NonTarget	1	187656
733.1559788999306	1.0	NonTarget	1	187688
733.2809788537093	1.0	NonTarget	1	187720
733.4059788074878	1.0	NonTarget	1	187752
733.5309787612664	1.0	NonTarget	1	187784
733.655978715045	1.0	NonTarget	1	187816
733.7809786688236	1.0	NonTarget	1	187848
733.9059786226022	1.0	NonTarget	1	187880
734.0309785763808	1.0	NonTarget	1	187912
734.1559785301594	1.0	NonTarget	1	187944
734.280978483938	1.0	NonTarget	1	187976
734.4059784377166	1.0	NonTarget	1	188008
734.5309783914952	1.0	NonTarget	1	188040
734.6559783452738	1.0	NonTarget	1	188072
734.7809782990524	1.0	NonTarget	1	188104
734.905978252831	1.0	NonTarget	1	188136
735.0309782066096	1.0	NonTarget	1	188168
735.1559781603881	1.0	NonTarget	1	188200
735.2809781141668	1.0	NonTarget	1	188232
735.4059780679454	1.0	NonTarget	1	188264
735.530978021724	1.0	NonTarget	1	188296
735.6559779755027	1.0	NonTarget	1	188328
735.7809779292812	1.0	NonTarget	1	188360
735.9059778830598	1.0	NonTarget	1	188392
736.0309778368384	1.0	NonTarget	1	188424
736.155977790617	1.0	NonTarget	1	188456
736.2809777443956	1.0	NonTarget	1	188488
736.4059776981742	1.0	NonTarget	1	188520
736.5309776519528	1.0	NonTarget	1	188552
736.6559776057314	1.0	NonTarget	1	188584
736.78097755951	1.0	NonTarget	1	188616
736.9059775132886	1.0	NonTarget	1	188648
737.0309774670671	1.0	NonTarget	1	188680
737.1559774208458	1.0	NonTarget	1	188712
737.2809773746244	1.0	NonTarget	1	188744
737.405977328403	1.0	NonTarget	1	188776
737.5309772821815	1.0	NonTarget	1	188808
737.6559772359602	1.0	NonTarget	1	188840
737.7809771897388	1.0	NonTarget	1	188872
737.9059771435174	1.0	NonTarget	1	188904
738.0309770972959	1.0	NonTarget	1	188936
738.1559770510746	1.0	NonTarget	1	188968
738.2809770048532	1.0	NonTarget	1	189000
738.4059769586318	1.0	NonTarget	1	189032
738.5309769124104	1.0	NonTarget	1	189064
738.655976866189	1.0	NonTarget	1	189096
738.7809768199676	1.0	NonTarget	1	189128
738.9059767737461	1.0	NonTarget	1	189160
739.0309767275248	1.0	NonTarget	1	189192
739.1559766813034	1.0	NonTarget	1	189224
739.280976635082	1.0	NonTarget	1	189256
739.4059765888605	1.0	NonTarget	1	189288
739.5309765426392	1.0	NonTarget	1	189320
739.6559764964178	1.0	NonTarget	1	189352
739.7809764501964	1.0	NonTarget	1	189384
739.9059764039749	1.0	NonTarget	1	189416
740.0309763577536	1.0	NonTarget	1	189448
740.1559763115322	1.0	NonTarget	1	189480
740.2809762653108	1.0	NonTarget	1	189512
740.4059762190893	1.0	NonTarget	1	189544
740.530976172868	1.0	NonTarget	1	189576
740.6559761266466	1.0	NonTarget	1	189608
740.7809760804251	1.0	NonTarget	1	189640
740.9059760342038	1.0	NonTarget	1	189672
747.0309737693551	1.0	NonTarget	1	191240
747.1559737231338	1.0	NonTarget	1	191272
747.2809736769124	1.0	NonTarget	1	191304
747.4059736306909	1.0	NonTarget	1	191336
747.5309735844695	1.0	NonTarget	1	191368
747.6559735382482	1.0	NonTarget	1	191400
747.7809734920268	1.0	NonTarget	1	191432
747.9059734458053	1.0	NonTarget	1	191464
748.0309733995839	1.0	NonTarget	1	191496
748.1559733533626	1.0	NonTarget	1	191528
748.2809733071412	1.0	NonTarget	1	191560
748.4059732609197	1.0	NonTarget	1	191592
748.5309732146983	1.0	NonTarget	1	191624
748.655973168477	1.0	NonTarget	1	191656
748.7809731222555	1.0	NonTarget	1	191688
748.9059730760341	1.0	NonTarget	1	191720
749.0309730298128	1.0	NonTarget	1	191752
749.1559729835914	1.0	NonTarget	1	191784
749.2809729373699	1.0	NonTarget	1	191816
749.4059728911485	1.0	NonTarget	1	191848
749.5309728449272	1.0	NonTarget	1	191880
749.6559727987058	1.0	NonTarget	1	191912
749.7809727524843	1.0	NonTarget	1	191944
749.9059727062629	1.0	NonTarget	1	191976
750.0309726600416	1.0	NonTarget	1	192008
750.1559726138202	1.0	NonTarget	1	192040
750.2809725675987	1.0	NonTarget	1	192072
750.4059725213773	1.0	NonTarget	1	192104
750.530972475156	1.0	NonTarget	1	192136
750.6559724289345	1.0	NonTarget	1	192168
750.7809723827131	1.0	NonTarget	1	192200
750.9059723364917	1.0	NonTarget	1	192232
751.0309722902704	1.0	NonTarget	1	192264
751.1559722440489	1.0	NonTarget	1	192296
751.2809721978275	1.0	NonTarget	1	192328
751.4059721516061	1.0	NonTarget	1	192360
751.5309721053848	1.0	NonTarget	1	192392
751.6559720591633	1.0	NonTarget	1	192424
751.7809720129419	1.0	NonTarget	1	192456
751.9059719667206	1.0	NonTarget	1	192488
752.0309719204992	1.0	NonTarget	1	192520
752.1559718742777	1.0	NonTarget	1	192552
752.2809718280563	1.0	NonTarget	1	192584
752.405971781835	1.0	NonTarget	1	192616
752.5309717356135	1.0	NonTarget	1	192648
752.6559716893921	1.0	NonTarget	1	192680
752.7809716431707	1.0	NonTarget	1	192712
752.9059715969494	1.0	NonTarget	1	192744
753.0309715507279	1.0	NonTarget	1	192776
753.1559715045065	1.0	NonTarget	1	192808
753.2809714582851	1.0	NonTarget	1	192840
753.4059714120638	1.0	NonTarget	1	192872
753.5309713658423	1.0	NonTarget	1	192904
753.6559713196209	1.0	NonTarget	1	192936
753.7809712733995	1.0	NonTarget	1	192968
753.9059712271782	1.0	NonTarget	1	193000
754.0309711809567	1.0	NonTarget	1	193032
754.1559711347353	1.0	NonTarget	1	193064
754.2809710885139	1.0	NonTarget	1	193096
754.4059710422925	1.0	NonTarget	1	193128
754.5309709960711	1.0	NonTarget	1	193160
754.6559709498497	1.0	NonTarget	1	193192
754.7809709036284	1.0	NonTarget	1	193224
754.9059708574069	1.0	NonTarget	1	193256
755.0309708111855	1.0	NonTarget	1	193288
755.1559707649641	1.0	NonTarget	1	193320
755.2809707187428	1.0	NonTarget	1	193352
755.4059706725213	1.0	NonTarget	1	193384
755.5309706262999	1.0	NonTarget	1	193416
755.6559705800785	1.0	NonTarget	1	193448
755.7809705338572	1.0	NonTarget	1	193480
755.9059704876357	1.0	NonTarget	1	193512
756.0309704414143	1.0	NonTarget	1	193544
756.1559703951929	1.0	NonTarget	1	193576
756.2809703489716	1.0	NonTarget	1	193608
756.4059703027501	1.0	NonTarget	1	193640
756.5309702565287	1.0	NonTarget	1	193672
756.6559702103073	1.0	NonTarget	1	193704
756.7809701640859	1.0	NonTarget	1	193736
756.9059701178645	1.0	NonTarget	1	193768
757.0309700716431	1.0	NonTarget	1	193800
757.1559700254217	1.0	NonTarget	1	193832
757.2809699792003	1.0	NonTarget	1	193864
757.4059699329789	1.0	NonTarget	1	193896
763.5309676681303	1.0	NonTarget	1	195464
763.6559676219089	1.0	NonTarget	1	195496
763.7809675756874	1.0	NonTarget	1	195528
763.9059675294661	1.0	NonTarget	1	195560
764.0309674832447	1.0	NonTarget	1	195592
764.1559674370233	1.0	NonTarget	1	195624
764.2809673908018	1.0	NonTarget	1	195656
764.4059673445805	1.0	NonTarget	1	195688
764.5309672983591	1.0	NonTarget	1	195720
764.6559672521377	1.0	NonTarget	1	195752
764.7809672059162	1.0	NonTarget	1	195784
764.9059671596949	1.0	NonTarget	1	195816
765.0309671134735	1.0	NonTarget	1	195848
765.155967067252	1.0	NonTarget	1	195880
765.2809670210306	1.0	NonTarget	1	195912
765.4059669748093	1.0	NonTarget	1	195944
765.5309669285879	1.0	NonTarget	1	195976
765.6559668823664	1.0	NonTarget	1	196008
765.7809668361451	1.0	NonTarget	1	196040
765.9059667899237	1.0	NonTarget	1	196072
766.0309667437023	1.0	NonTarget	1	196104
766.1559666974808	1.0	NonTarget	1	196136
766.2809666512595	1.0	NonTarget	1	196168
766.4059666050381	1.0	NonTarget	1	196200
766.5309665588167	1.0	NonTarget	1	196232
766.6559665125952	1.0	NonTarget	1	196264
766.7809664663739	1.0	NonTarget	1	196296
766.9059664201525	1.0	NonTarget	1	196328
767.030966373931	1.0	NonTarget	1	196360
767.1559663277096	1.0	NonTarget	1	196392
767.2809662814883	1.0	NonTarget	1	196424
767.4059662352669	1.0	NonTarget	1	196456
767.5309661890454	1.0	NonTarget	1	196488
767.655966142824	1.0	NonTarget	1	196520
767.7809660966027	1.0	NonTarget	1	196552
767.9059660503813	1.0	NonTarget	1	196584
768.0309660041598	1.0	NonTarget	1	196616
768.1559659579384	1.0	NonTarget	1	196648
768.2809659117171	1.0	NonTarget	1	196680
768.4059658654957	1.0	NonTarget	1	196712
768.5309658192742	1.0	NonTarget	1	196744
768.6559657730529	1.0	NonTarget	1	196776
768.7809657268315	1.0	NonTarget	1	196808
768.90596568061	1.0	NonTarget	1	196840
769.0309656343886	1.0	NonTarget	1	196872
769.1559655881673	1.0	NonTarget	1	196904
769.2809655419459	1.0	NonTarget	1	196936
769.4059654957244	1.0	NonTarget	1	196968
769.530965449503	1.0	NonTarget	1	197000
769.6559654032817	1.0	NonTarget	1	197032
769.7809653570603	1.0	NonTarget	1	197064
769.9059653108388	1.0	NonTarget	1	197096
770.0309652646174	1.0	NonTarget	1	197128
770.1559652183961	1.0	NonTarget	1	197160
770.2809651721747	1.0	NonTarget	1	197192
770.4059651259532	1.0	NonTarget	1	197224
770.5309650797318	1.0	NonTarget	1	197256
770.6559650335105	1.0	NonTarget	1	197288
770.780964987289	1.0	NonTarget	1	197320
770.9059649410676	1.0	NonTarget	1	197352
771.0309648948463	1.0	NonTarget	1	197384
771.1559648486249	1.0	NonTarget	1	197416
771.2809648024034	1.0	NonTarget	1	197448
771.405964756182	1.0	NonTarget	1	197480
771.5309647099607	1.0	NonTarget	1	197512
771.6559646637393	1.0	NonTarget	1	197544
771.7809646175178	1.0	NonTarget	1	197576
771.9059645712964	1.0	NonTarget	1	197608
772.0309645250751	1.0	NonTarget	1	197640
772.1559644788537	1.0	NonTarget	1	197672
772.2809644326322	1.0	NonTarget	1	197704
772.4059643864108	1.0	NonTarget	1	197736
772.5309643401895	1.0	NonTarget	1	197768
772.655964293968	1.0	NonTarget	1	197800
772.7809642477466	1.0	NonTarget	1	197832
772.9059642015252	1.0	NonTarget	1	197864
773.0309641553039	1.0	NonTarget	1	197896
773.1559641090824	1.0	NonTarget	1	197928
773.280964062861	1.0	NonTarget	1	197960
773.4059640166396	1.0	NonTarget	1	197992
773.5309639704183	1.0	NonTarget	1	198024
773.6559639241968	1.0	NonTarget	1	198056
773.7809638779754	1.0	NonTarget	1	198088
773.9059638317541	1.0	NonTarget	1	198120
780.0309615669054	1.0	NonTarget	1	199688
780.1559615206841	1.0	NonTarget	1	199720
780.2809614744626	1.0	NonTarget	1	199752
780.4059614282412	1.0	NonTarget	1	199784
780.5309613820198	1.0	NonTarget	1	199816
780.6559613357985	1.0	NonTarget	1	199848
780.780961289577	1.0	NonTarget	1	199880
780.9059612433556	1.0	NonTarget	1	199912
781.0309611971342	1.0	NonTarget	1	199944
781.1559611509128	1.0	NonTarget	1	199976
781.2809611046914	1.0	NonTarget	1	200008
781.40596105847	1.0	NonTarget	1	200040
781.5309610122486	1.0	NonTarget	1	200072
781.6559609660272	1.0	NonTarget	1	200104
781.7809609198058	1.0	NonTarget	1	200136
781.9059608735844	1.0	NonTarget	1	200168
782.0309608273631	1.0	NonTarget	1	200200
782.1559607811416	1.0	NonTarget	1	200232
782.2809607349202	1.0	NonTarget	1	200264
782.4059606886988	1.0	NonTarget	1	200296
782.5309606424775	1.0	NonTarget	1	200328
782.655960596256	1.0	NonTarget	1	200360
782.7809605500346	1.0	NonTarget	1	200392
782.9059605038132	1.0	NonTarget	1	200424
783.0309604575918	1.0	NonTarget	1	200456
783.1559604113704	1.0	NonTarget	1	200488
783.280960365149	1.0	NonTarget	1	200520
783.4059603189276	1.0	NonTarget	1	200552
783.5309602727062	1.0	NonTarget	1	200584
783.6559602264848	1.0	NonTarget	1	200616
783.7809601802634	1.0	NonTarget	1	200648
783.905960134042	1.0	NonTarget	1	200680
784.0309600878206	1.0	NonTarget	1	200712
784.1559600415992	1.0	NonTarget	1	200744
784.2809599953778	1.0	NonTarget	1	200776
784.4059599491563	1.0	NonTarget	1	200808
784.530959902935	1.0	NonTarget	1	200840
784.6559598567136	1.0	NonTarget	1	200872
784.7809598104922	1.0	NonTarget	1	200904
784.9059597642708	1.0	NonTarget	1	200936
785.0309597180494	1.0	NonTarget	1	200968
785.155959671828	1.0	NonTarget	1	201000
785.2809596256066	1.0	NonTarget	1	201032
785.4059595793852	1.0	NonTarget	1	201064
785.5309595331638	1.0	NonTarget	1	201096
785.6559594869424	1.0	NonTarget	1	201128
785.780959440721	1.0	NonTarget	1	201160
785.9059593944996	1.0	NonTarget	1	201192
786.0309593482782	1.0	NonTarget	1	201224
786.1559593020568	1.0	NonTarget	1	201256
786.2809592558353	1.0	NonTarget	1	201288
786.405959209614	1.0	NonTarget	1	201320
786.5309591633926	1.0	NonTarget	1	201352
786.6559591171712	1.0	NonTarget	1	201384
786.7809590709497	1.0	NonTarget	1	201416
786.9059590247284	1.0	NonTarget	1	201448
787.030958978507	1.0	NonTarget	1	201480
787.1559589322856	1.0	NonTarget	1	201512
787.2809588860641	1.0	NonTarget	1	201544
787.4059588398428	1.0	NonTarget	1	201576
787.5309587936214	1.0	NonTarget	1	201608
787.6559587474	1.0	NonTarget	1	201640
787.7809587011786	1.0	NonTarget	1	201672
787.9059586549572	1.0	NonTarget	1	201704
788.0309586087358	1.0	NonTarget	1	201736
788.1559585625143	1.0	NonTarget	1	201768
788.280958516293	1.0	NonTarget	1	201800
788.4059584700716	1.0	NonTarget	1	201832
788.5309584238502	1.0	NonTarget	1	201864
788.6559583776287	1.0	NonTarget	1	201896
788.7809583314074	1.0	NonTarget	1	201928
788.905958285186	1.0	NonTarget	1	201960
789.0309582389646	1.0	NonTarget	1	201992
789.1559581927431	1.0	NonTarget	1	202024
789.2809581465218	1.0	NonTarget	1	202056
789.4059581003004	1.0	NonTarget	1	202088
789.530958054079	1.0	NonTarget	1	202120
789.6559580078575	1.0	NonTarget	1	202152
789.7809579616362	1.0	NonTarget	1	202184
789.9059579154148	1.0	NonTarget	1	202216
790.0309578691933	1.0	NonTarget	1	202248
790.155957822972	1.0	NonTarget	1	202280
790.2809577767506	1.0	NonTarget	1	202312
790.4059577305292	1.0	NonTarget	1	202344
796.5309554656806	1.0	NonTarget	1	203912
796.6559554194591	1.0	NonTarget	1	203944
796.7809553732377	1.0	NonTarget	1	203976
796.9059553270164	1.0	NonTarget	1	204008
797.030955280795	1.0	NonTarget	1	204040
797.1559552345735	1.0	NonTarget	1	204072
797.2809551883521	1.0	NonTarget	1	204104
797.4059551421308	1.0	NonTarget	1	204136
797.5309550959093	1.0	NonTarget	1	204168
797.6559550496879	1.0	NonTarget	1	204200
797.7809550034665	1.0	NonTarget	1	204232
797.9059549572452	1.0	NonTarget	1	204264
798.0309549110237	1.0	NonTarget	1	204296
798.1559548648023	1.0	NonTarget	1	204328
798.280954818581	1.0	NonTarget	1	204360
798.4059547723596	1.0	NonTarget	1	204392
798.5309547261381	1.0	NonTarget	1	204424
798.6559546799167	1.0	NonTarget	1	204456
798.7809546336954	1.0	NonTarget	1	204488
798.905954587474	1.0	NonTarget	1	204520
799.0309545412525	1.0	NonTarget	1	204552
799.1559544950311	1.0	NonTarget	1	204584
799.2809544488098	1.0	NonTarget	1	204616
799.4059544025883	1.0	NonTarget	1	204648
799.5309543563669	1.0	NonTarget	1	204680
799.6559543101455	1.0	NonTarget	1	204712
799.7809542639242	1.0	NonTarget	1	204744
799.9059542177027	1.0	NonTarget	1	204776
800.0309541714813	1.0	NonTarget	1	204808
800.1559541252599	1.0	NonTarget	1	204840
800.2809540790386	1.0	NonTarget	1	204872
800.4059540328171	1.0	NonTarget	1	204904
800.5309539865957	1.0	NonTarget	1	204936
800.6559539403743	1.0	NonTarget	1	204968
800.780953894153	1.0	NonTarget	1	205000
800.9059538479315	1.0	NonTarget	1	205032
801.0309538017101	1.0	NonTarget	1	205064
801.1559537554888	1.0	NonTarget	1	205096
801.2809537092674	1.0	NonTarget	1	205128
801.4059536630459	1.0	NonTarget	1	205160
801.5309536168245	1.0	NonTarget	1	205192
801.6559535706032	1.0	NonTarget	1	205224
801.7809535243817	1.0	NonTarget	1	205256
801.9059534781603	1.0	NonTarget	1	205288
802.0309534319389	1.0	NonTarget	1	205320
802.1559533857176	1.0	NonTarget	1	205352
802.2809533394961	1.0	NonTarget	1	205384
802.4059532932747	1.0	NonTarget	1	205416
802.5309532470533	1.0	NonTarget	1	205448
802.655953200832	1.0	NonTarget	1	205480
802.7809531546105	1.0	NonTarget	1	205512
802.9059531083891	1.0	NonTarget	1	205544
803.0309530621677	1.0	NonTarget	1	205576
803.1559530159464	1.0	NonTarget	1	205608
803.2809529697249	1.0	NonTarget	1	205640
803.4059529235035	1.0	NonTarget	1	205672
803.5309528772821	1.0	NonTarget	1	205704
803.6559528310607	1.0	NonTarget	1	205736
803.7809527848393	1.0	NonTarget	1	205768
803.9059527386179	1.0	NonTarget	1	205800
804.0309526923966	1.0	NonTarget	1	205832
804.1559526461751	1.0	NonTarget	1	205864
804.2809525999537	1.0	NonTarget	1	205896
804.4059525537323	1.0	NonTarget	1	205928
804.530952507511	1.0	NonTarget	1	205960
804.6559524612895	1.0	NonTarget	1	205992
804.7809524150681	1.0	NonTarget	1	206024
804.9059523688467	1.0	NonTarget	1	206056
805.0309523226254	1.0	NonTarget	1	206088
805.1559522764039	1.0	NonTarget	1	206120
805.2809522301825	1.0	NonTarget	1	206152
805.4059521839611	1.0	NonTarget	1	206184
805.5309521377397	1.0	NonTarget	1	206216
805.6559520915183	1.0	NonTarget	1	206248
805.7809520452969	1.0	NonTarget	1	206280
805.9059519990755	1.0	NonTarget	1	206312
806.0309519528541	1.0	NonTarget	1	206344
806.1559519066327	1.0	NonTarget	1	206376
806.2809518604113	1.0	NonTarget	1	206408
806.4059518141898	1.0	NonTarget	1	206440
806.5309517679685	1.0	NonTarget	1	206472
806.6559517217471	1.0	NonTarget	1	206504
806.7809516755257	1.0	NonTarget	1	206536
806.9059516293044	1.0	NonTarget	1	206568
813.0309493644556	1.0	NonTarget	1	208136
813.1559493182343	1.0	NonTarget	1	208168
813.2809492720129	1.0	NonTarget	1	208200
813.4059492257915	1.0	NonTarget	1	208232
813.53094917957	1.0	NonTarget	1	208264
813.6559491333487	1.0	NonTarget	1	208296
813.7809490871273	1.0	NonTarget	1	208328
813.9059490409059	1.0	NonTarget	1	208360
814.0309489946844	1.0	NonTarget	1	208392
814.1559489484631	1.0	NonTarget	1	208424
814.2809489022417	1.0	NonTarget	1	208456
814.4059488560202	1.0	NonTarget	1	208488
814.5309488097988	1.0	NonTarget	1	208520
814.6559487635775	1.0	NonTarget	1	208552
814.7809487173561	1.0	NonTarget	1	208584
814.9059486711346	1.0	NonTarget	1	208616
815.0309486249133	1.0	NonTarget	1	208648
815.1559485786919	1.0	NonTarget	1	208680
815.2809485324705	1.0	NonTarget	1	208712
815.405948486249	1.0	NonTarget	1	208744
815.5309484400277	1.0	NonTarget	1	208776
815.6559483938063	1.0	NonTarget	1	208808
815.7809483475849	1.0	NonTarget	1	208840
815.9059483013634	1.0	NonTarget	1	208872
816.0309482551421	1.0	NonTarget	1	208904
816.1559482089207	1.0	NonTarget	1	208936
816.2809481626992	1.0	NonTarget	1	208968
816.4059481164778	1.0	NonTarget	1	209000
816.5309480702565	1.0	NonTarget	1	209032
816.6559480240351	1.0	NonTarget	1	209064
816.7809479778136	1.0	NonTarget	1	209096
816.9059479315922	1.0	NonTarget	1	209128
817.0309478853709	1.0	NonTarget	1	209160
817.1559478391495	1.0	NonTarget	1	209192
817.280947792928	1.0	NonTarget	1	209224
817.4059477467066	1.0	NonTarget	1	209256
817.5309477004853	1.0	NonTarget	1	209288
817.6559476542639	1.0	NonTarget	1	209320
817.7809476080424	1.0	NonTarget	1	209352
817.9059475618211	1.0	NonTarget	1	209384
818.0309475155997	1.0	NonTarget	1	209416
818.1559474693782	1.0	NonTarget	1	209448
818.2809474231568	1.0	NonTarget	1	209480
818.4059473769355	1.0	NonTarget	1	209512
818.5309473307141	1.0	NonTarget	1	209544
818.6559472844926	1.0	NonTarget	1	209576
818.7809472382712	1.0	NonTarget	1	209608
818.9059471920499	1.0	NonTarget	1	209640
819.0309471458285	1.0	NonTarget	1	209672
819.155947099607	1.0	NonTarget	1	209704
819.2809470533856	1.0	NonTarget	1	209736
819.4059470071643	1.0	NonTarget	1	209768
819.5309469609429	1.0	NonTarget	1	209800
819.6559469147214	1.0	NonTarget	1	209832
819.7809468685	1.0	NonTarget	1	209864
819.9059468222787	1.0	NonTarget	1	209896
820.0309467760572	1.0	NonTarget	1	209928
820.1559467298358	1.0	NonTarget	1	209960
820.2809466836145	1.0	NonTarget	1	209992
820.4059466373931	1.0	NonTarget	1	210024
820.5309465911716	1.0	NonTarget	1	210056
820.6559465449502	1.0	NonTarget	1	210088
820.7809464987289	1.0	NonTarget	1	210120
820.9059464525075	1.0	NonTarget	1	210152
821.030946406286	1.0	NonTarget	1	210184
821.1559463600646	1.0	NonTarget	1	210216
821.2809463138433	1.0	NonTarget	1	210248
821.4059462676219	1.0	NonTarget	1	210280
821.5309462214004	1.0	NonTarget	1	210312
821.655946175179	1.0	NonTarget	1	210344
821.7809461289577	1.0	NonTarget	1	210376
821.9059460827362	1.0	NonTarget	1	210408
822.0309460365148	1.0	NonTarget	1	210440
822.1559459902934	1.0	NonTarget	1	210472
822.2809459440721	1.0	NonTarget	1	210504
822.4059458978506	1.0	NonTarget	1	210536
822.5309458516292	1.0	NonTarget	1	210568
822.6559458054078	1.0	NonTarget	1	210600
822.7809457591865	1.0	NonTarget	1	210632
822.905945712965	1.0	NonTarget	1	210664
823.0309456667436	1.0	NonTarget	1	210696
823.1559456205223	1.0	NonTarget	1	210728
823.2809455743009	1.0	NonTarget	1	210760
823.4059455280794	1.0	NonTarget	1	210792
829.5309432632308	1.0	NonTarget	1	212360
829.6559432170094	1.0	NonTarget	1	212392
829.780943170788	1.0	NonTarget	1	212424
829.9059431245666	1.0	NonTarget	1	212456
830.0309430783452	1.0	NonTarget	1	212488
830.1559430321238	1.0	NonTarget	1	212520
830.2809429859024	1.0	NonTarget	1	212552
830.405942939681	1.0	NonTarget	1	212584
830.5309428934596	1.0	NonTarget	1	212616
830.6559428472382	1.0	NonTarget	1	212648
830.7809428010167	1.0	NonTarget	1	212680
830.9059427547954	1.0	NonTarget	1	212712
831.030942708574	1.0	NonTarget	1	212744
831.1559426623526	1.0	NonTarget	1	212776
831.2809426161313	1.0	NonTarget	1	212808
831.4059425699098	1.0	NonTarget	1	212840
831.5309425236884	1.0	NonTarget	1	212872
831.655942477467	1.0	NonTarget	1	212904
831.7809424312456	1.0	NonTarget	1	212936
831.9059423850242	1.0	NonTarget	1	212968
832.0309423388028	1.0	NonTarget	1	213000
832.1559422925814	1.0	NonTarget	1	213032
832.28094224636	1.0	NonTarget	1	213064
832.4059422001386	1.0	NonTarget	1	213096
832.5309421539172	1.0	NonTarget	1	213128
832.6559421076958	1.0	NonTarget	1	213160
832.7809420614744	1.0	NonTarget	1	213192
832.905942015253	1.0	NonTarget	1	213224
833.0309419690316	1.0	NonTarget	1	213256
833.1559419228101	1.0	NonTarget	1	213288
833.2809418765888	1.0	NonTarget	1	213320
833.4059418303674	1.0	NonTarget	1	213352
833.530941784146	1.0	NonTarget	1	213384
833.6559417379245	1.0	NonTarget	1	213416
833.7809416917032	1.0	NonTarget	1	213448
833.9059416454818	1.0	NonTarget	1	213480
834.0309415992604	1.0	NonTarget	1	213512
834.155941553039	1.0	NonTarget	1	213544
834.2809415068176	1.0	NonTarget	1	213576
834.4059414605962	1.0	NonTarget	1	213608
834.5309414143748	1.0	NonTarget	1	213640
834.6559413681534	1.0	NonTarget	1	213672
834.780941321932	1.0	NonTarget	1	213704
834.9059412757106	1.0	NonTarget	1	213736
835.0309412294891	1.0	NonTarget	1	213768
835.1559411832678	1.0	NonTarget	1	213800
835.2809411370464	1.0	NonTarget	1	213832
835.405941090825	1.0	NonTarget	1	213864
835.5309410446035	1.0	NonTarget	1	213896
835.6559409983822	1.0	NonTarget	1	213928
835.7809409521608	1.0	NonTarget	1	213960
835.9059409059394	1.0	NonTarget	1	213992
836.0309408597179	1.0	NonTarget	1	214024
836.1559408134966	1.0	NonTarget	1	214056
836.2809407672752	1.0	NonTarget	1	214088
836.4059407210538	1.0	NonTarget	1	214120
836.5309406748323	1.0	NonTarget	1	214152
836.655940628611	1.0	NonTarget	1	214184
836.7809405823896	1.0	NonTarget	1	214216
836.9059405361681	1.0	NonTarget	1	214248
837.0309404899468	1.0	NonTarget	1	214280
837.1559404437254	1.0	NonTarget	1	214312
837.280940397504	1.0	NonTarget	1	214344
837.4059403512825	1.0	NonTarget	1	214376
837.5309403050612	1.0	NonTarget	1	214408
837.6559402588398	1.0	NonTarget	1	214440
837.7809402126184	1.0	NonTarget	1	214472
837.9059401663969	1.0	NonTarget	1	214504
838.0309401201756	1.0	NonTarget	1	214536
838.1559400739542	1.0	NonTarget	1	214568
838.2809400277328	1.0	NonTarget	1	214600
838.4059399815113	1.0	NonTarget	1	214632
838.53093993529	1.0	NonTarget	1	214664
838.6559398890686	1.0	NonTarget	1	214696
838.7809398428471	1.0	NonTarget	1	214728
838.9059397966257	1.0	NonTarget	1	214760
839.0309397504044	1.0	NonTarget	1	214792
839.155939704183	1.0	NonTarget	1	214824
839.2809396579615	1.0	NonTarget	1	214856
839.4059396117402	1.0	NonTarget	1	214888
839.5309395655188	1.0	NonTarget	1	214920
839.6559395192974	1.0	NonTarget	1	214952
839.7809394730759	1.0	NonTarget	1	214984
839.9059394268546	1.0	NonTarget	1	215016
846.0309371620059	1.0	NonTarget	1	216584
846.1559371157846	1.0	NonTarget	1	216616
846.2809370695632	1.0	NonTarget	1	216648
846.4059370233417	1.0	NonTarget	1	216680
846.5309369771203	1.0	NonTarget	1	216712
846.655936930899	1.0	NonTarget	1	216744
846.7809368846775	1.0	NonTarget	1	216776
846.9059368384561	1.0	NonTarget	1	216808
847.0309367922347	1.0	NonTarget	1	216840
847.1559367460134	1.0	NonTarget	1	216872
847.2809366997919	1.0	NonTarget	1	216904
847.4059366535705	1.0	NonTarget	1	216936
847.5309366073492	1.0	NonTarget	1	216968
847.6559365611278	1.0	NonTarget	1	217000
847.7809365149063	1.0	NonTarget	1	217032
847.9059364686849	1.0	NonTarget	1	217064
848.0309364224636	1.0	NonTarget	1	217096
848.1559363762422	1.0	NonTarget	1	217128
848.2809363300207	1.0	NonTarget	1	217160
848.4059362837993	1.0	NonTarget	1	217192
848.530936237578	1.0	NonTarget	1	217224
848.6559361913565	1.0	NonTarget	1	217256
848.7809361451351	1.0	NonTarget	1	217288
848.9059360989137	1.0	NonTarget	1	217320
849.0309360526924	1.0	NonTarget	1	217352
849.1559360064709	1.0	NonTarget	1	217384
849.2809359602495	1.0	NonTarget	1	217416
849.4059359140281	1.0	NonTarget	1	217448
849.5309358678068	1.0	NonTarget	1	217480
849.6559358215853	1.0	NonTarget	1	217512
849.7809357753639	1.0	NonTarget	1	217544
849.9059357291425	1.0	NonTarget	1	217576
850.0309356829212	1.0	NonTarget	1	217608
850.1559356366997	1.0	NonTarget	1	217640
850.2809355904783	1.0	NonTarget	1	217672
850.405935544257	1.0	NonTarget	1	217704
850.5309354980355	1.0	NonTarget	1	217736
850.6559354518141	1.0	NonTarget	1	217768
850.7809354055927	1.0	NonTarget	1	217800
850.9059353593714	1.0	NonTarget	1	217832
851.0309353131499	1.0	NonTarget	1	217864
851.1559352669285	1.0	NonTarget	1	217896
851.2809352207071	1.0	NonTarget	1	217928
851.4059351744858	1.0	NonTarget	1	217960
851.5309351282643	1.0	NonTarget	1	217992
851.6559350820429	1.0	NonTarget	1	218024
851.7809350358215	1.0	NonTarget	1	218056
851.9059349896002	1.0	NonTarget	1	218088
852.0309349433787	1.0	NonTarget	1	218120
852.1559348971573	1.0	NonTarget	1	218152
852.2809348509359	1.0	NonTarget	1	218184
852.4059348047145	1.0	NonTarget	1	218216
852.5309347584931	1.0	NonTarget	1	218248
852.6559347122717	1.0	NonTarget	1	218280
852.7809346660503	1.0	NonTarget	1	218312
852.9059346198289	1.0	NonTarget	1	218344
853.0309345736075	1.0	NonTarget	1	218376
853.1559345273861	1.0	NonTarget	1	218408
853.2809344811648	1.0	NonTarget	1	218440
853.4059344349433	1.0	NonTarget	1	218472
853.5309343887219	1.0	NonTarget	1	218504
853.6559343425005	1.0	NonTarget	1	218536
853.7809342962792	1.0	NonTarget	1	218568
853.9059342500577	1.0	NonTarget	1	218600
854.0309342038363	1.0	NonTarget	1	218632
854.1559341576149	1.0	NonTarget	1	218664
854.2809341113935	1.0	NonTarget	1	218696
854.4059340651721	1.0	NonTarget	1	218728
854.5309340189507	1.0	NonTarget	1	218760
854.6559339727293	1.0	NonTarget	1	218792
854.7809339265079	1.0	NonTarget	1	218824
854.9059338802865	1.0	NonTarget	1	218856
855.0309338340651	1.0	NonTarget	1	218888
855.1559337878437	1.0	NonTarget	1	218920
855.2809337416223	1.0	NonTarget	1	218952
855.4059336954009	1.0	NonTarget	1	218984
855.5309336491795	1.0	NonTarget	1	219016
855.655933602958	1.0	NonTarget	1	219048
855.7809335567367	1.0	NonTarget	1	219080
855.9059335105153	1.0	NonTarget	1	219112
856.0309334642939	1.0	NonTarget	1	219144
856.1559334180726	1.0	NonTarget	1	219176
856.2809333718511	1.0	NonTarget	1	219208
856.4059333256297	1.0	NonTarget	1	219240
862.5309310607811	1.0	NonTarget	1	220808
862.6559310145597	1.0	NonTarget	1	220840
862.7809309683382	1.0	NonTarget	1	220872
862.9059309221169	1.0	NonTarget	1	220904
863.0309308758955	1.0	NonTarget	1	220936
863.155930829674	1.0	NonTarget	1	220968
863.2809307834526	1.0	NonTarget	1	221000
863.4059307372313	1.0	NonTarget	1	221032
863.5309306910099	1.0	NonTarget	1	221064
863.6559306447884	1.0	NonTarget	1	221096
863.780930598567	1.0	NonTarget	1	221128
863.9059305523457	1.0	NonTarget	1	221160
864.0309305061243	1.0	NonTarget	1	221192
864.1559304599028	1.0	NonTarget	1	221224
864.2809304136815	1.0	NonTarget	1	221256
864.4059303674601	1.0	NonTarget	1	221288
864.5309303212387	1.0	NonTarget	1	221320
864.6559302750172	1.0	NonTarget	1	221352
864.7809302287959	1.0	NonTarget	1	221384
864.9059301825745	1.0	NonTarget	1	221416
865.030930136353	1.0	NonTarget	1	221448
865.1559300901316	1.0	NonTarget	1	221480
865.2809300439103	1.0	NonTarget	1	221512
865.4059299976889	1.0	NonTarget	1	221544
865.5309299514674	1.0	NonTarget	1	221576
865.655929905246	1.0	NonTarget	1	221608
865.7809298590247	1.0	NonTarget	1	221640
865.9059298128033	1.0	NonTarget	1	221672
866.0309297665818	1.0	NonTarget	1	221704
866.1559297203604	1.0	NonTarget	1	221736
866.2809296741391	1.0	NonTarget	1	221768
866.4059296279177	1.0	NonTarget	1	221800
866.5309295816962	1.0	NonTarget	1	221832
866.6559295354748	1.0	NonTarget	1	221864
866.7809294892535	1.0	NonTarget	1	221896
866.905929443032	1.0	NonTarget	1	221928
867.0309293968106	1.0	NonTarget	1	221960
867.1559293505893	1.0	NonTarget	1	221992
867.2809293043679	1.0	NonTarget	1	222024
867.4059292581464	1.0	NonTarget	1	222056
867.530929211925	1.0	NonTarget	1	222088
867.6559291657037	1.0	NonTarget	1	222120
867.7809291194823	1.0	NonTarget	1	222152
867.9059290732608	1.0	NonTarget	1	222184
868.0309290270394	1.0	NonTarget	1	222216
868.1559289808181	1.0	NonTarget	1	222248
868.2809289345967	1.0	NonTarget	1	222280
868.4059288883752	1.0	NonTarget	1	222312
868.5309288421538	1.0	NonTarget	1	222344
868.6559287959325	1.0	NonTarget	1	222376
868.780928749711	1.0	NonTarget	1	222408
868.9059287034896	1.0	NonTarget	1	222440
869.0309286572682	1.0	NonTarget	1	222472
869.1559286110469	1.0	NonTarget	1	222504
869.2809285648254	1.0	NonTarget	1	222536
869.405928518604	1.0	NonTarget	1	222568
869.5309284723827	1.0	NonTarget	1	222600
869.6559284261613	1.0	NonTarget	1	222632
869.7809283799398	1.0	NonTarget	1	222664
869.9059283337184	1.0	NonTarget	1	222696
870.0309282874971	1.0	NonTarget	1	222728
870.1559282412757	1.0	NonTarget	1	222760
870.2809281950542	1.0	NonTarget	1	222792
870.4059281488328	1.0	NonTarget	1	222824
870.5309281026115	1.0	NonTarget	1	222856
870.65592805639	1.0	NonTarget	1	222888
870.7809280101686	1.0	NonTarget	1	222920
870.9059279639472	1.0	NonTarget	1	222952
871.0309279177259	1.0	NonTarget	1	222984
871.1559278715044	1.0	NonTarget	1	223016
871.280927825283	1.0	NonTarget	1	223048
871.4059277790616	1.0	NonTarget	1	223080
871.5309277328403	1.0	NonTarget	1	223112
871.6559276866188	1.0	NonTarget	1	223144
871.7809276403974	1.0	NonTarget	1	223176
871.905927594176	1.0	NonTarget	1	223208
872.0309275479547	1.0	NonTarget	1	223240
872.1559275017332	1.0	NonTarget	1	223272
872.2809274555118	1.0	NonTarget	1	223304
872.4059274092905	1.0	NonTarget	1	223336
872.530927363069	1.0	NonTarget	1	223368
872.6559273168476	1.0	NonTarget	1	223400
872.7809272706262	1.0	NonTarget	1	223432
872.9059272244049	1.0	NonTarget	1	223464
879.0309249595562	1.0	NonTarget	1	225032
879.1559249133348	1.0	NonTarget	1	225064
879.2809248671134	1.0	NonTarget	1	225096
879.405924820892	1.0	NonTarget	1	225128
879.5309247746706	1.0	NonTarget	1	225160
879.6559247284492	1.0	NonTarget	1	225192
879.7809246822278	1.0	NonTarget	1	225224
879.9059246360064	1.0	NonTarget	1	225256
880.030924589785	1.0	NonTarget	1	225288
880.1559245435636	1.0	NonTarget	1	225320
880.2809244973422	1.0	NonTarget	1	225352
880.4059244511208	1.0	NonTarget	1	225384
880.5309244048995	1.0	NonTarget	1	225416
880.655924358678	1.0	NonTarget	1	225448
880.7809243124566	1.0	NonTarget	1	225480
880.9059242662352	1.0	NonTarget	1	225512
881.0309242200138	1.0	NonTarget	1	225544
881.1559241737924	1.0	NonTarget	1	225576
881.280924127571	1.0	NonTarget	1	225608
881.4059240813496	1.0	NonTarget	1	225640
881.5309240351282	1.0	NonTarget	1	225672
881.6559239889068	1.0	NonTarget	1	225704
881.7809239426854	1.0	NonTarget	1	225736
881.905923896464	1.0	NonTarget	1	225768
882.0309238502426	1.0	NonTarget	1	225800
882.1559238040212	1.0	NonTarget	1	225832
882.2809237577998	1.0	NonTarget	1	225864
882.4059237115783	1.0	NonTarget	1	225896
882.530923665357	1.0	NonTarget	1	225928
882.6559236191356	1.0	NonTarget	1	225960
882.7809235729142	1.0	NonTarget	1	225992
882.9059235266927	1.0	NonTarget	1	226024
883.0309234804714	1.0	NonTarget	1	226056
883.15592343425	1.0	NonTarget	1	226088
883.2809233880286	1.0	NonTarget	1	226120
883.4059233418072	1.0	NonTarget	1	226152
883.5309232955858	1.0	NonTarget	1	226184
883.6559232493644	1.0	NonTarget	1	226216
883.780923203143	1.0	NonTarget	1	226248
883.9059231569216	1.0	NonTarget	1	226280
884.0309231107002	1.0	NonTarget	1	226312
884.1559230644788	1.0	NonTarget	1	226344
884.2809230182573	1.0	NonTarget	1	226376
884.405922972036	1.0	NonTarget	1	226408
884.5309229258146	1.0	NonTarget	1	226440
884.6559228795932	1.0	NonTarget	1	226472
884.7809228333717	1.0	NonTarget	1	226504
884.9059227871504	1.0	NonTarget	1	226536
885.030922740929	1.0	NonTarget	1	226568
885.1559226947076	1.0	NonTarget	1	226600
885.2809226484861	1.0	NonTarget	1	226632
885.4059226022648	1.0	NonTarget	1	226664
885.5309225560434	1.0	NonTarget	1	226696
885.655922509822	1.0	NonTarget	1	226728
885.7809224636005	1.0	NonTarget	1	226760
885.9059224173792	1.0	NonTarget	1	226792
886.0309223711578	1.0	NonTarget	1	226824
886.1559223249363	1.0	NonTarget	1	226856
886.280922278715	1.0	NonTarget	1	226888
886.4059222324936	1.0	NonTarget	1	226920
886.5309221862722	1.0	NonTarget	1	226952
886.6559221400507	1.0	NonTarget	1	226984
886.7809220938294	1.0	NonTarget	1	227016
886.905922047608	1.0	NonTarget	1	227048
887.0309220013866	1.0	NonTarget	1	227080
887.1559219551651	1.0	NonTarget	1	227112
887.2809219089438	1.0	NonTarget	1	227144
887.4059218627224	1.0	NonTarget	1	227176
887.530921816501	1.0	NonTarget	1	227208
887.6559217702795	1.0	NonTarget	1	227240
887.7809217240582	1.0	NonTarget	1	227272
887.9059216778368	1.0	NonTarget	1	227304
888.0309216316153	1.0	NonTarget	1	227336
888.1559215853939	1.0	NonTarget	1	227368
888.2809215391726	1.0	NonTarget	1	227400
888.4059214929512	1.0	NonTarget	1	227432
888.5309214467297	1.0	NonTarget	1	227464
888.6559214005084	1.0	NonTarget	1	227496
888.780921354287	1.0	NonTarget	1	227528
888.9059213080656	1.0	NonTarget	1	227560
889.0309212618441	1.0	NonTarget	1	227592
889.1559212156228	1.0	NonTarget	1	227624
889.2809211694014	1.0	NonTarget	1	227656
889.40592112318	1.0	NonTarget	1	227688
895.5309188583313	1.0	NonTarget	1	229256
895.6559188121099	1.0	NonTarget	1	229288
895.7809187658885	1.0	NonTarget	1	229320
895.9059187196672	1.0	NonTarget	1	229352
896.0309186734457	1.0	NonTarget	1	229384
896.1559186272243	1.0	NonTarget	1	229416
896.2809185810029	1.0	NonTarget	1	229448
896.4059185347816	1.0	NonTarget	1	229480
896.5309184885601	1.0	NonTarget	1	229512
896.6559184423387	1.0	NonTarget	1	229544
896.7809183961174	1.0	NonTarget	1	229576
896.905918349896	1.0	NonTarget	1	229608
897.0309183036745	1.0	NonTarget	1	229640
897.1559182574531	1.0	NonTarget	1	229672
897.2809182112318	1.0	NonTarget	1	229704
897.4059181650103	1.0	NonTarget	1	229736
897.5309181187889	1.0	NonTarget	1	229768
897.6559180725675	1.0	NonTarget	1	229800
897.7809180263462	1.0	NonTarget	1	229832
897.9059179801247	1.0	NonTarget	1	229864
898.0309179339033	1.0	NonTarget	1	229896
898.1559178876819	1.0	NonTarget	1	229928
898.2809178414606	1.0	NonTarget	1	229960
898.4059177952391	1.0	NonTarget	1	229992
898.5309177490177	1.0	NonTarget	1	230024
898.6559177027963	1.0	NonTarget	1	230056
898.780917656575	1.0	NonTarget	1	230088
898.9059176103535	1.0	NonTarget	1	230120
899.0309175641321	1.0	NonTarget	1	230152
899.1559175179107	1.0	NonTarget	1	230184
899.2809174716893	1.0	NonTarget	1	230216
899.4059174254679	1.0	NonTarget	1	230248
899.5309173792465	1.0	NonTarget	1	230280
899.6559173330252	1.0	NonTarget	1	230312
899.7809172868037	1.0	NonTarget	1	230344
899.9059172405823	1.0	NonTarget	1	230376
900.0309171943609	1.0	NonTarget	1	230408
900.1559171481396	1.0	NonTarget	1	230440
900.2809171019181	1.0	NonTarget	1	230472
900.4059170556967	1.0	NonTarget	1	230504
900.5309170094753	1.0	NonTarget	1	230536
900.655916963254	1.0	NonTarget	1	230568
900.7809169170325	1.0	NonTarget	1	230600
900.9059168708111	1.0	NonTarget	1	230632
901.0309168245897	1.0	NonTarget	1	230664
901.1559167783684	1.0	NonTarget	1	230696
901.2809167321469	1.0	NonTarget	1	230728
901.4059166859255	1.0	NonTarget	1	230760
901.5309166397041	1.0	NonTarget	1	230792
901.6559165934827	1.0	NonTarget	1	230824
901.7809165472613	1.0	NonTarget	1	230856
901.9059165010399	1.0	NonTarget	1	230888
902.0309164548185	1.0	NonTarget	1	230920
902.1559164085971	1.0	NonTarget	1	230952
902.2809163623757	1.0	NonTarget	1	230984
902.4059163161543	1.0	NonTarget	1	231016
902.530916269933	1.0	NonTarget	1	231048
902.6559162237115	1.0	NonTarget	1	231080
902.7809161774901	1.0	NonTarget	1	231112
902.9059161312687	1.0	NonTarget	1	231144
903.0309160850474	1.0	NonTarget	1	231176
903.1559160388259	1.0	NonTarget	1	231208
903.2809159926045	1.0	NonTarget	1	231240
903.4059159463831	1.0	NonTarget	1	231272
903.5309159001617	1.0	NonTarget	1	231304
903.6559158539403	1.0	NonTarget	1	231336
903.7809158077189	1.0	NonTarget	1	231368
903.9059157614975	1.0	NonTarget	1	231400
904.0309157152761	1.0	NonTarget	1	231432
904.1559156690547	1.0	NonTarget	1	231464
904.2809156228333	1.0	NonTarget	1	231496
904.4059155766118	1.0	NonTarget	1	231528
904.5309155303905	1.0	NonTarget	1	231560
904.6559154841691	1.0	NonTarget	1	231592
904.7809154379477	1.0	NonTarget	1	231624
904.9059153917262	1.0	NonTarget	1	231656
905.0309153455049	1.0	NonTarget	1	231688
905.1559152992835	1.0	NonTarget	1	231720
905.2809152530621	1.0	NonTarget	1	231752
905.4059152068407	1.0	NonTarget	1	231784
905.5309151606193	1.0	NonTarget	1	231816
905.6559151143979	1.0	NonTarget	1	231848
905.7809150681765	1.0	NonTarget	1	231880
905.9059150219551	1.0	NonTarget	1	231912
912.0309127571064	1.0	NonTarget	1	233480
912.1559127108851	1.0	NonTarget	1	233512
912.2809126646637	1.0	NonTarget	1	233544
912.4059126184422	1.0	NonTarget	1	233576
912.5309125722208	1.0	NonTarget	1	233608
912.6559125259995	1.0	NonTarget	1	233640
912.7809124797781	1.0	NonTarget	1	233672
912.9059124335566	1.0	NonTarget	1	233704
913.0309123873352	1.0	NonTarget	1	233736
913.1559123411139	1.0	NonTarget	1	233768
913.2809122948925	1.0	NonTarget	1	233800
913.405912248671	1.0	NonTarget	1	233832
913.5309122024497	1.0	NonTarget	1	233864
913.6559121562283	1.0	NonTarget	1	233896
913.7809121100069	1.0	NonTarget	1	233928
913.9059120637854	1.0	NonTarget	1	233960
914.0309120175641	1.0	NonTarget	1	233992
914.1559119713427	1.0	NonTarget	1	234024
914.2809119251212	1.0	NonTarget	1	234056
914.4059118788998	1.0	NonTarget	1	234088
914.5309118326785	1.0	NonTarget	1	234120
914.6559117864571	1.0	NonTarget	1	234152
914.7809117402356	1.0	NonTarget	1	234184
914.9059116940142	1.0	NonTarget	1	234216
915.0309116477929	1.0	NonTarget	1	234248
915.1559116015715	1.0	NonTarget	1	234280
915.28091155535	1.0	NonTarget	1	234312
915.4059115091286	1.0	NonTarget	1	234344
915.5309114629073	1.0	NonTarget	1	234376
915.6559114166859	1.0	NonTarget	1	234408
915.7809113704644	1.0	NonTarget	1	234440
915.905911324243	1.0	NonTarget	1	234472
916.0309112780217	1.0	NonTarget	1	234504
916.1559112318002	1.0	NonTarget	1	234536
916.2809111855788	1.0	NonTarget	1	234568
916.4059111393575	1.0	NonTarget	1	234600
916.5309110931361	1.0	NonTarget	1	234632
916.6559110469146	1.0	NonTarget	1	234664
916.7809110006932	1.0	NonTarget	1	234696
916.9059109544719	1.0	NonTarget	1	234728
917.0309109082505	1.0	NonTarget	1	234760
917.155910862029	1.0	NonTarget	1	234792
917.2809108158076	1.0	NonTarget	1	234824
917.4059107695863	1.0	NonTarget	1	234856
917.5309107233649	1.0	NonTarget	1	234888
917.6559106771434	1.0	NonTarget	1	234920
917.780910630922	1.0	NonTarget	1	234952
917.9059105847007	1.0	NonTarget	1	234984
918.0309105384792	1.0	NonTarget	1	235016
918.1559104922578	1.0	NonTarget	1	235048
918.2809104460364	1.0	NonTarget	1	235080
918.4059103998151	1.0	NonTarget	1	235112
918.5309103535936	1.0	NonTarget	1	235144
918.6559103073722	1.0	NonTarget	1	235176
918.7809102611509	1.0	NonTarget	1	235208
918.9059102149295	1.0	NonTarget	1	235240
919.030910168708	1.0	NonTarget	1	235272
919.1559101224866	1.0	NonTarget	1	235304
919.2809100762653	1.0	NonTarget	1	235336
919.4059100300439	1.0	NonTarget	1	235368
919.5309099838224	1.0	NonTarget	1	235400
919.655909937601	1.0	NonTarget	1	235432
919.7809098913797	1.0	NonTarget	1	235464
919.9059098451582	1.0	NonTarget	1	235496
920.0309097989368	1.0	NonTarget	1	235528
920.1559097527154	1.0	NonTarget	1	235560
920.2809097064941	1.0	NonTarget	1	235592
920.4059096602726	1.0	NonTarget	1	235624
920.5309096140512	1.0	NonTarget	1	235656
920.6559095678298	1.0	NonTarget	1	235688
920.7809095216085	1.0	NonTarget	1	235720
920.905909475387	1.0	NonTarget	1	235752
921.0309094291656	1.0	NonTarget	1	235784
921.1559093829442	1.0	NonTarget	1	235816
921.2809093367229	1.0	NonTarget	1	235848
921.4059092905014	1.0	NonTarget	1	235880
921.53090924428	1.0	NonTarget	1	235912
921.6559091980587	1.0	NonTarget	1	235944
921.7809091518372	1.0	NonTarget	1	235976
921.9059091056158	1.0	NonTarget	1	236008
922.0309090593944	1.0	NonTarget	1	236040
922.1559090131731	1.0	NonTarget	1	236072
922.2809089669516	1.0	NonTarget	1	236104
922.4059089207302	1.0	NonTarget	1	236136
928.5309066558816	1.0	NonTarget	1	237704
928.6559066096602	1.0	NonTarget	1	237736
928.7809065634387	1.0	NonTarget	1	237768
928.9059065172174	1.0	NonTarget	1	237800
929.030906470996	1.0	NonTarget	1	237832
929.1559064247746	1.0	NonTarget	1	237864
929.2809063785531	1.0	NonTarget	1	237896
929.4059063323318	1.0	NonTarget	1	237928
929.5309062861104	1.0	NonTarget	1	237960
929.655906239889	1.0	NonTarget	1	237992
929.7809061936676	1.0	NonTarget	1	238024
929.9059061474462	1.0	NonTarget	1	238056
930.0309061012248	1.0	NonTarget	1	238088
930.1559060550034	1.0	NonTarget	1	238120
930.280906008782	1.0	NonTarget	1	238152
930.4059059625606	1.0	NonTarget	1	238184
930.5309059163392	1.0	NonTarget	1	238216
930.6559058701177	1.0	NonTarget	1	238248
930.7809058238964	1.0	NonTarget	1	238280
930.905905777675	1.0	NonTarget	1	238312
931.0309057314536	1.0	NonTarget	1	238344
931.1559056852321	1.0	NonTarget	1	238376
931.2809056390108	1.0	NonTarget	1	238408
931.4059055927894	1.0	NonTarget	1	238440
931.530905546568	1.0	NonTarget	1	238472
931.6559055003465	1.0	NonTarget	1	238504
931.7809054541252	1.0	NonTarget	1	238536
931.9059054079038	1.0	NonTarget	1	238568
932.0309053616824	1.0	NonTarget	1	238600
932.1559053154609	1.0	NonTarget	1	238632
932.2809052692396	1.0	NonTarget	1	238664
932.4059052230182	1.0	NonTarget	1	238696
932.5309051767968	1.0	NonTarget	1	238728
932.6559051305754	1.0	NonTarget	1	238760
932.780905084354	1.0	NonTarget	1	238792
932.9059050381326	1.0	NonTarget	1	238824
933.0309049919111	1.0	NonTarget	1	238856
933.1559049456898	1.0	NonTarget	1	238888
933.2809048994684	1.0	NonTarget	1	238920
933.405904853247	1.0	NonTarget	1	238952
933.5309048070255	1.0	NonTarget	1	238984
933.6559047608042	1.0	NonTarget	1	239016
933.7809047145828	1.0	NonTarget	1	239048
933.9059046683614	1.0	NonTarget	1	239080
934.0309046221399	1.0	NonTarget	1	239112
934.1559045759186	1.0	NonTarget	1	239144
934.2809045296972	1.0	NonTarget	1	239176
934.4059044834758	1.0	NonTarget	1	239208
934.5309044372543	1.0	NonTarget	1	239240
934.655904391033	1.0	NonTarget	1	239272
934.7809043448116	1.0	NonTarget	1	239304
934.9059042985901	1.0	NonTarget	1	239336
935.0309042523687	1.0	NonTarget	1	239368
935.1559042061474	1.0	NonTarget	1	239400
935.280904159926	1.0	NonTarget	1	239432
935.4059041137045	1.0	NonTarget	1	239464
935.5309040674832	1.0	NonTarget	1	239496
935.6559040212618	1.0	NonTarget	1	239528
935.7809039750404	1.0	NonTarget	1	239560
935.9059039288189	1.0	NonTarget	1	239592
936.0309038825976	1.0	NonTarget	1	239624
936.1559038363762	1.0	NonTarget	1	239656
936.2809037901548	1.0	NonTarget	1	239688
936.4059037439333	1.0	NonTarget	1	239720
936.530903697712	1.0	NonTarget	1	239752
936.6559036514906	1.0	NonTarget	1	239784
936.7809036052691	1.0	NonTarget	1	239816
936.9059035590477	1.0	NonTarget	1	239848
937.0309035128264	1.0	NonTarget	1	239880
937.155903466605	1.0	NonTarget	1	239912
937.2809034203835	1.0	NonTarget	1	239944
937.4059033741621	1.0	NonTarget	1	239976
937.5309033279408	1.0	NonTarget	1	240008
937.6559032817194	1.0	NonTarget	1	240040
937.7809032354979	1.0	NonTarget	1	240072
937.9059031892766	1.0	NonTarget	1	240104
938.0309031430552	1.0	NonTarget	1	240136
938.1559030968338	1.0	NonTarget	1	240168
938.2809030506123	1.0	NonTarget	1	240200
938.405903004391	1.0	NonTarget	1	240232
938.5309029581696	1.0	NonTarget	1	240264
938.6559029119481	1.0	NonTarget	1	240296
938.7809028657267	1.0	NonTarget	1	240328
938.9059028195054	1.0	NonTarget	1	240360
945.0309005546567	1.0	NonTarget	1	241928
945.1559005084354	1.0	NonTarget	1	241960
945.2809004622139	1.0	NonTarget	1	241992
945.4059004159925	1.0	NonTarget	1	242024
945.5309003697711	1.0	NonTarget	1	242056
945.6559003235498	1.0	NonTarget	1	242088
945.7809002773283	1.0	NonTarget	1	242120
945.9059002311069	1.0	NonTarget	1	242152
946.0309001848856	1.0	NonTarget	1	242184
946.1559001386642	1.0	NonTarget	1	242216
946.2809000924427	1.0	NonTarget	1	242248
946.4059000462213	1.0	NonTarget	1	242280
946.5309	1.0	NonTarget	1	242312
946.6558999537785	1.0	NonTarget	1	242344
946.7808999075571	1.0	NonTarget	1	242376
946.9058998613357	1.0	NonTarget	1	242408
947.0308998151144	1.0	NonTarget	1	242440
947.1558997688929	1.0	NonTarget	1	242472
947.2808997226715	1.0	NonTarget	1	242504
947.4058996764501	1.0	NonTarget	1	242536
947.5308996302288	1.0	NonTarget	1	242568
947.6558995840073	1.0	NonTarget	1	242600
947.7808995377859	1.0	NonTarget	1	242632
947.9058994915645	1.0	NonTarget	1	242664
948.0308994453432	1.0	NonTarget	1	242696
948.1558993991217	1.0	NonTarget	1	242728
948.2808993529003	1.0	NonTarget	1	242760
948.4058993066789	1.0	NonTarget	1	242792
948.5308992604575	1.0	NonTarget	1	242824
948.6558992142361	1.0	NonTarget	1	242856
948.7808991680147	1.0	NonTarget	1	242888
948.9058991217934	1.0	NonTarget	1	242920
949.0308990755719	1.0	NonTarget	1	242952
949.1558990293505	1.0	NonTarget	1	242984
949.2808989831291	1.0	NonTarget	1	243016
949.4058989369078	1.0	NonTarget	1	243048
949.5308988906863	1.0	NonTarget	1	243080
949.6558988444649	1.0	NonTarget	1	243112
949.7808987982435	1.0	NonTarget	1	243144
949.9058987520222	1.0	NonTarget	1	243176
950.0308987058007	1.0	NonTarget	1	243208
950.1558986595793	1.0	NonTarget	1	243240
950.2808986133579	1.0	NonTarget	1	243272
950.4058985671365	1.0	NonTarget	1	243304
950.5308985209151	1.0	NonTarget	1	243336
950.6558984746937	1.0	NonTarget	1	243368
950.7808984284723	1.0	NonTarget	1	243400
950.9058983822509	1.0	NonTarget	1	243432
951.0308983360295	1.0	NonTarget	1	243464
951.1558982898081	1.0	NonTarget	1	243496
951.2808982435866	1.0	NonTarget	1	243528
951.4058981973653	1.0	NonTarget	1	243560
951.5308981511439	1.0	NonTarget	1	243592
951.6558981049225	1.0	NonTarget	1	243624
951.7808980587012	1.0	NonTarget	1	243656
951.9058980124797	1.0	NonTarget	1	243688
952.0308979662583	1.0	NonTarget	1	243720
952.1558979200369	1.0	NonTarget	1	243752
952.2808978738155	1.0	NonTarget	1	243784
952.4058978275941	1.0	NonTarget	1	243816
952.5308977813727	1.0	NonTarget	1	243848
952.6558977351513	1.0	NonTarget	1	243880
952.7808976889299	1.0	NonTarget	1	243912
952.9058976427085	1.0	NonTarget	1	243944
953.0308975964871	1.0	NonTarget	1	243976
953.1558975502656	1.0	NonTarget	1	244008
953.2808975040443	1.0	NonTarget	1	244040
953.4058974578229	1.0	NonTarget	1	244072
953.5308974116015	1.0	NonTarget	1	244104
953.65589736538	1.0	NonTarget	1	244136
953.7808973191587	1.0	NonTarget	1	244168
953.9058972729373	1.0	NonTarget	1	244200
954.0308972267159	1.0	NonTarget	1	244232
954.1558971804944	1.0	NonTarget	1	244264
954.2808971342731	1.0	NonTarget	1	244296
954.4058970880517	1.0	NonTarget	1	244328
954.5308970418303	1.0	NonTarget	1	244360
954.6558969956089	1.0	NonTarget	1	244392
954.7808969493875	1.0	NonTarget	1	244424
954.9058969031661	1.0	NonTarget	1	244456
955.0308968569447	1.0	NonTarget	1	244488
955.1558968107233	1.0	NonTarget	1	244520
955.2808967645019	1.0	NonTarget	1	244552
955.4058967182805	1.0	NonTarget	1	244584
961.5308944534319	1.0	NonTarget	1	246152
961.6558944072104	1.0	NonTarget	1	246184
961.780894360989	1.0	NonTarget	1	246216
961.9058943147677	1.0	NonTarget	1	246248
962.0308942685463	1.0	NonTarget	1	246280
962.1558942223248	1.0	NonTarget	1	246312
962.2808941761034	1.0	NonTarget	1	246344
962.4058941298821	1.0	NonTarget	1	246376
962.5308940836607	1.0	NonTarget	1	246408
962.6558940374392	1.0	NonTarget	1	246440
962.7808939912179	1.0	NonTarget	1	246472
962.9058939449965	1.0	NonTarget	1	246504
963.030893898775	1.0	NonTarget	1	246536
963.1558938525536	1.0	NonTarget	1	246568
963.2808938063323	1.0	NonTarget	1	246600
963.4058937601109	1.0	NonTarget	1	246632
963.5308937138894	1.0	NonTarget	1	246664
963.655893667668	1.0	NonTarget	1	246696
963.7808936214467	1.0	NonTarget	1	246728
963.9058935752253	1.0	NonTarget	1	246760
964.0308935290038	1.0	NonTarget	1	246792
964.1558934827824	1.0	NonTarget	1	246824
964.2808934365611	1.0	NonTarget	1	246856
964.4058933903397	1.0	NonTarget	1	246888
964.5308933441182	1.0	NonTarget	1	246920
964.6558932978968	1.0	NonTarget	1	246952
964.7808932516755	1.0	NonTarget	1	246984
964.905893205454	1.0	NonTarget	1	247016
965.0308931592326	1.0	NonTarget	1	247048
965.1558931130112	1.0	NonTarget	1	247080
965.2808930667899	1.0	NonTarget	1	247112
965.4058930205684	1.0	NonTarget	1	247144
965.530892974347	1.0	NonTarget	1	247176
965.6558929281257	1.0	NonTarget	1	247208
965.7808928819043	1.0	NonTarget	1	247240
965.9058928356828	1.0	NonTarget	1	247272
966.0308927894614	1.0	NonTarget	1	247304
966.1558927432401	1.0	NonTarget	1	247336
966.2808926970187	1.0	NonTarget	1	247368
966.4058926507972	1.0	NonTarget	1	247400
966.5308926045758	1.0	NonTarget	1	247432
966.6558925583545	1.0	NonTarget	1	247464
966.780892512133	1.0	NonTarget	1	247496
966.9058924659116	1.0	NonTarget	1	247528
967.0308924196902	1.0	NonTarget	1	247560
967.1558923734689	1.0	NonTarget	1	247592
967.2808923272474	1.0	NonTarget	1	247624
967.405892281026	1.0	NonTarget	1	247656
967.5308922348046	1.0	NonTarget	1	247688
967.6558921885833	1.0	NonTarget	1	247720
967.7808921423618	1.0	NonTarget	1	247752
967.9058920961404	1.0	NonTarget	1	247784
968.0308920499191	1.0	NonTarget	1	247816
968.1558920036977	1.0	NonTarget	1	247848
968.2808919574762	1.0	NonTarget	1	247880
968.4058919112548	1.0	NonTarget	1	247912
968.5308918650335	1.0	NonTarget	1	247944
968.655891818812	1.0	NonTarget	1	247976
968.7808917725906	1.0	NonTarget	1	248008
968.9058917263692	1.0	NonTarget	1	248040
969.0308916801479	1.0	NonTarget	1	248072
969.1558916339264	1.0	NonTarget	1	248104
969.280891587705	1.0	NonTarget	1	248136
969.4058915414836	1.0	NonTarget	1	248168
969.5308914952623	1.0	NonTarget	1	248200
969.6558914490408	1.0	NonTarget	1	248232
969.7808914028194	1.0	NonTarget	1	248264
969.905891356598	1.0	NonTarget	1	248296
970.0308913103767	1.0	NonTarget	1	248328
970.1558912641552	1.0	NonTarget	1	248360
970.2808912179338	1.0	NonTarget	1	248392
970.4058911717124	1.0	NonTarget	1	248424
970.530891125491	1.0	NonTarget	1	248456
970.6558910792696	1.0	NonTarget	1	248488
970.7808910330482	1.0	NonTarget	1	248520
970.9058909868269	1.0	NonTarget	1	248552
971.0308909406054	1.0	NonTarget	1	248584
971.155890894384	1.0	NonTarget	1	248616
971.2808908481626	1.0	NonTarget	1	248648
971.4058908019413	1.0	NonTarget	1	248680
971.5308907557198	1.0	NonTarget	1	248712
971.6558907094984	1.0	NonTarget	1	248744
971.780890663277	1.0	NonTarget	1	248776
971.9058906170557	1.0	NonTarget	1	248808
978.030888352207	1.0	NonTarget	1	250376
978.1558883059856	1.0	NonTarget	1	250408
978.2808882597642	1.0	NonTarget	1	250440
978.4058882135428	1.0	NonTarget	1	250472
978.5308881673213	1.0	NonTarget	1	250504
978.6558881211	1.0	NonTarget	1	250536
978.7808880748786	1.0	NonTarget	1	250568
978.9058880286572	1.0	NonTarget	1	250600
979.0308879824358	1.0	NonTarget	1	250632
979.1558879362144	1.0	NonTarget	1	250664
979.280887889993	1.0	NonTarget	1	250696
979.4058878437716	1.0	NonTarget	1	250728
979.5308877975502	1.0	NonTarget	1	250760
979.6558877513288	1.0	NonTarget	1	250792
979.7808877051074	1.0	NonTarget	1	250824
979.905887658886	1.0	NonTarget	1	250856
980.0308876126646	1.0	NonTarget	1	250888
980.1558875664432	1.0	NonTarget	1	250920
980.2808875202218	1.0	NonTarget	1	250952
980.4058874740003	1.0	NonTarget	1	250984
980.530887427779	1.0	NonTarget	1	251016
980.6558873815576	1.0	NonTarget	1	251048
980.7808873353362	1.0	NonTarget	1	251080
980.9058872891147	1.0	NonTarget	1	251112
981.0308872428934	1.0	NonTarget	1	251144
981.155887196672	1.0	NonTarget	1	251176
981.2808871504506	1.0	NonTarget	1	251208
981.4058871042291	1.0	NonTarget	1	251240
981.5308870580078	1.0	NonTarget	1	251272
981.6558870117864	1.0	NonTarget	1	251304
981.780886965565	1.0	NonTarget	1	251336
981.9058869193436	1.0	NonTarget	1	251368
982.0308868731222	1.0	NonTarget	1	251400
982.1558868269008	1.0	NonTarget	1	251432
982.2808867806793	1.0	NonTarget	1	251464
982.405886734458	1.0	NonTarget	1	251496
982.5308866882366	1.0	NonTarget	1	251528
982.6558866420152	1.0	NonTarget	1	251560
982.7808865957937	1.0	NonTarget	1	251592
982.9058865495724	1.0	NonTarget	1	251624
983.030886503351	1.0	NonTarget	1	251656
983.1558864571296	1.0	NonTarget	1	251688
983.2808864109081	1.0	NonTarget	1	251720
983.4058863646868	1.0	NonTarget	1	251752
983.5308863184654	1.0	NonTarget	1	251784
983.655886272244	1.0	NonTarget	1	251816
983.7808862260225	1.0	NonTarget	1	251848
983.9058861798012	1.0	NonTarget	1	251880
984.0308861335798	1.0	NonTarget	1	251912
984.1558860873583	1.0	NonTarget	1	251944
984.2808860411369	1.0	NonTarget	1	251976
984.4058859949156	1.0	NonTarget	1	252008
984.5308859486942	1.0	NonTarget	1	252040
984.6558859024727	1.0	NonTarget	1	252072
984.7808858562514	1.0	NonTarget	1	252104
984.90588581003	1.0	NonTarget	1	252136
985.0308857638086	1.0	NonTarget	1	252168
985.1558857175871	1.0	NonTarget	1	252200
985.2808856713658	1.0	NonTarget	1	252232
985.4058856251444	1.0	NonTarget	1	252264
985.530885578923	1.0	NonTarget	1	252296
985.6558855327015	1.0	NonTarget	1	252328
985.7808854864802	1.0	NonTarget	1	252360
985.9058854402588	1.0	NonTarget	1	252392
986.0308853940373	1.0	NonTarget	1	252424
986.1558853478159	1.0	NonTarget	1	252456
986.2808853015946	1.0	NonTarget	1	252488
986.4058852553732	1.0	NonTarget	1	252520
986.5308852091517	1.0	NonTarget	1	252552
986.6558851629303	1.0	NonTarget	1	252584
986.780885116709	1.0	NonTarget	1	252616
986.9058850704876	1.0	NonTarget	1	252648
987.0308850242661	1.0	NonTarget	1	252680
987.1558849780448	1.0	NonTarget	1	252712
987.2808849318234	1.0	NonTarget	1	252744
987.405884885602	1.0	NonTarget	1	252776
987.5308848393805	1.0	NonTarget	1	252808
987.6558847931592	1.0	NonTarget	1	252840
987.7808847469378	1.0	NonTarget	1	252872
987.9058847007163	1.0	NonTarget	1	252904
988.0308846544949	1.0	NonTarget	1	252936
988.1558846082736	1.0	NonTarget	1	252968
988.2808845620522	1.0	NonTarget	1	253000
988.4058845158307	1.0	NonTarget	1	253032
994.5308822509821	1.0	NonTarget	1	254600
994.6558822047607	1.0	NonTarget	1	254632
994.7808821585393	1.0	NonTarget	1	254664
994.905882112318	1.0	NonTarget	1	254696
995.0308820660965	1.0	NonTarget	1	254728
995.1558820198751	1.0	NonTarget	1	254760
995.2808819736538	1.0	NonTarget	1	254792
995.4058819274323	1.0	NonTarget	1	254824
995.5308818812109	1.0	NonTarget	1	254856
995.6558818349895	1.0	NonTarget	1	254888
995.7808817887682	1.0	NonTarget	1	254920
995.9058817425467	1.0	NonTarget	1	254952
996.0308816963253	1.0	NonTarget	1	254984
996.1558816501039	1.0	NonTarget	1	255016
996.2808816038826	1.0	NonTarget	1	255048
996.4058815576611	1.0	NonTarget	1	255080
996.5308815114397	1.0	NonTarget	1	255112
996.6558814652183	1.0	NonTarget	1	255144
996.780881418997	1.0	NonTarget	1	255176
996.9058813727755	1.0	NonTarget	1	255208
997.0308813265541	1.0	NonTarget	1	255240
997.1558812803327	1.0	NonTarget	1	255272
997.2808812341113	1.0	NonTarget	1	255304
997.4058811878899	1.0	NonTarget	1	255336
997.5308811416685	1.0	NonTarget	1	255368
997.6558810954471	1.0	NonTarget	1	255400
997.7808810492257	1.0	NonTarget	1	255432
997.9058810030043	1.0	NonTarget	1	255464
998.0308809567829	1.0	NonTarget	1	255496
998.1558809105616	1.0	NonTarget	1	255528
998.2808808643401	1.0	NonTarget	1	255560
998.4058808181187	1.0	NonTarget	1	255592
998.5308807718973	1.0	NonTarget	1	255624
998.655880725676	1.0	NonTarget	1	255656
998.7808806794545	1.0	NonTarget	1	255688
998.9058806332331	1.0	NonTarget	1	255720
999.0308805870117	1.0	NonTarget	1	255752
999.1558805407903	1.0	NonTarget	1	255784
999.2808804945689	1.0	NonTarget	1	255816
999.4058804483475	1.0	NonTarget	1	255848
999.5308804021261	1.0	NonTarget	1	255880
999.6558803559047	1.0	NonTarget	1	255912
999.7808803096833	1.0	NonTarget	1	255944
999.9058802634619	1.0	NonTarget	1	255976
1000.0308802172405	1.0	NonTarget	1	256008
1000.1558801710191	1.0	NonTarget	1	256040
1000.2808801247977	1.0	NonTarget	1	256072
1000.4058800785763	1.0	NonTarget	1	256104
1000.5308800323548	1.0	NonTarget	1	256136
1000.6558799861335	1.0	NonTarget	1	256168
1000.7808799399121	1.0	NonTarget	1	256200
1000.9058798936907	1.0	NonTarget	1	256232
1001.0308798474694	1.0	NonTarget	1	256264
1001.1558798012479	1.0	NonTarget	1	256296
1001.2808797550265	1.0	NonTarget	1	256328
1001.4058797088051	1.0	NonTarget	1	256360
1001.5308796625837	1.0	NonTarget	1	256392
1001.6558796163623	1.0	NonTarget	1	256424
1001.7808795701409	1.0	NonTarget	1	256456
1001.9058795239195	1.0	NonTarget	1	256488
1002.0308794776981	1.0	NonTarget	1	256520
1002.1558794314767	1.0	NonTarget	1	256552
1002.2808793852553	1.0	NonTarget	1	256584
1002.4058793390338	1.0	NonTarget	1	256616
1002.5308792928125	1.0	NonTarget	1	256648
1002.6558792465911	1.0	NonTarget	1	256680
1002.7808792003697	1.0	NonTarget	1	256712
1002.9058791541482	1.0	NonTarget	1	256744
1003.0308791079269	1.0	NonTarget	1	256776
1003.1558790617055	1.0	NonTarget	1	256808
1003.2808790154841	1.0	NonTarget	1	256840
1003.4058789692626	1.0	NonTarget	1	256872
1003.5308789230413	1.0	NonTarget	1	256904
1003.6558788768199	1.0	NonTarget	1	256936
1003.7808788305985	1.0	NonTarget	1	256968
1003.9058787843771	1.0	NonTarget	1	257000
1004.0308787381557	1.0	NonTarget	1	257032
1004.1558786919343	1.0	NonTarget	1	257064
1004.2808786457128	1.0	NonTarget	1	257096
1004.4058785994915	1.0	NonTarget	1	257128
1004.5308785532701	1.0	NonTarget	1	257160
1004.6558785070487	1.0	NonTarget	1	257192
1004.7808784608272	1.0	NonTarget	1	257224
1004.9058784146059	1.0	NonTarget	1	257256
1011.0308761497572	1.0	NonTarget	1	258824
1011.1558761035359	1.0	NonTarget	1	258856
1011.2808760573145	1.0	NonTarget	1	258888
1011.405876011093	1.0	NonTarget	1	258920
1011.5308759648716	1.0	NonTarget	1	258952
1011.6558759186503	1.0	NonTarget	1	258984
1011.7808758724289	1.0	NonTarget	1	259016
1011.9058758262074	1.0	NonTarget	1	259048
1012.0308757799861	1.0	NonTarget	1	259080
1012.1558757337647	1.0	NonTarget	1	259112
1012.2808756875432	1.0	NonTarget	1	259144
1012.4058756413218	1.0	NonTarget	1	259176
1012.5308755951005	1.0	NonTarget	1	259208
1012.6558755488791	1.0	NonTarget	1	259240
1012.7808755026576	1.0	NonTarget	1	259272
1012.9058754564362	1.0	NonTarget	1	259304
1013.0308754102149	1.0	NonTarget	1	259336
1013.1558753639935	1.0	NonTarget	1	259368
1013.280875317772	1.0	NonTarget	1	259400
1013.4058752715506	1.0	NonTarget	1	259432
1013.5308752253293	1.0	NonTarget	1	259464
1013.6558751791079	1.0	NonTarget	1	259496
1013.7808751328864	1.0	NonTarget	1	259528
1013.905875086665	1.0	NonTarget	1	259560
1014.0308750404437	1.0	NonTarget	1	259592
1014.1558749942222	1.0	NonTarget	1	259624
1014.2808749480008	1.0	NonTarget	1	259656
1014.4058749017794	1.0	NonTarget	1	259688
1014.5308748555581	1.0	NonTarget	1	259720
1014.6558748093366	1.0	NonTarget	1	259752
1014.7808747631152	1.0	NonTarget	1	259784
1014.9058747168939	1.0	NonTarget	1	259816
1015.0308746706725	1.0	NonTarget	1	259848
1015.155874624451	1.0	NonTarget	1	259880
1015.2808745782296	1.0	NonTarget	1	259912
1015.4058745320083	1.0	NonTarget	1	259944
1015.5308744857869	1.0	NonTarget	1	259976
1015.6558744395654	1.0	NonTarget	1	260008
1015.780874393344	1.0	NonTarget	1	260040
1015.9058743471227	1.0	NonTarget	1	260072
1016.0308743009012	1.0	NonTarget	1	260104
1016.1558742546798	1.0	NonTarget	1	260136
1016.2808742084584	1.0	NonTarget	1	260168
1016.4058741622371	1.0	NonTarget	1	260200
1016.5308741160156	1.0	NonTarget	1	260232
1016.6558740697942	1.0	NonTarget	1	260264
1016.7808740235728	1.0	NonTarget	1	260296
1016.9058739773515	1.0	NonTarget	1	260328
1017.03087393113	1.0	NonTarget	1	260360
1017.1558738849086	1.0	NonTarget	1	260392
1017.2808738386873	1.0	NonTarget	1	260424
1017.4058737924659	1.0	NonTarget	1	260456
1017.5308737462444	1.0	NonTarget	1	260488
1017.655873700023	1.0	NonTarget	1	260520
1017.7808736538017	1.0	NonTarget	1	260552
1017.9058736075802	1.0	NonTarget	1	260584
1018.0308735613588	1.0	NonTarget	1	260616
1018.1558735151374	1.0	NonTarget	1	260648
1018.2808734689161	1.0	NonTarget	1	260680
1018.4058734226946	1.0	NonTarget	1	260712
1018.5308733764732	1.0	NonTarget	1	260744
1018.6558733302518	1.0	NonTarget	1	260776
1018.7808732840305	1.0	NonTarget	1	260808
1018.905873237809	1.0	NonTarget	1	260840
1019.0308731915876	1.0	NonTarget	1	260872
1019.1558731453662	1.0	NonTarget	1	260904
1019.2808730991449	1.0	NonTarget	1	260936
1019.4058730529234	1.0	NonTarget	1	260968
1019.530873006702	1.0	NonTarget	1	261000
1019.6558729604806	1.0	NonTarget	1	261032
1019.7808729142592	1.0	NonTarget	1	261064
1019.9058728680378	1.0	NonTarget	1	261096
1020.0308728218164	1.0	NonTarget	1	261128
1020.1558727755951	1.0	NonTarget	1	261160
1020.2808727293736	1.0	NonTarget	1	261192
1020.4058726831522	1.0	NonTarget	1	261224
1020.5308726369308	1.0	NonTarget	1	261256
1020.6558725907095	1.0	NonTarget	1	261288
1020.780872544488	1.0	NonTarget	1	261320
1020.9058724982666	1.0	NonTarget	1	261352
1021.0308724520452	1.0	NonTarget	1	261384
1021.1558724058239	1.0	NonTarget	1	261416
1021.2808723596024	1.0	NonTarget	1	261448
1021.405872313381	1.0	NonTarget	1	261480
1027.5308700485323	1.0	NonTarget	1	263048
1027.655870002311	1.0	NonTarget	1	263080
1027.7808699560896	1.0	NonTarget	1	263112
1027.9058699098682	1.0	NonTarget	1	263144
1028.0308698636468	1.0	NonTarget	1	263176
1028.1558698174254	1.0	NonTarget	1	263208
1028.280869771204	1.0	NonTarget	1	263240
1028.4058697249825	1.0	NonTarget	1	263272
1028.5308696787613	1.0	NonTarget	1	263304
1028.6558696325399	1.0	NonTarget	1	263336
1028.7808695863184	1.0	NonTarget	1	263368
1028.905869540097	1.0	NonTarget	1	263400
1029.0308694938756	1.0	NonTarget	1	263432
1029.1558694476541	1.0	NonTarget	1	263464
1029.2808694014327	1.0	NonTarget	1	263496
1029.4058693552113	1.0	NonTarget	1	263528
1029.53086930899	1.0	NonTarget	1	263560
1029.6558692627686	1.0	NonTarget	1	263592
1029.7808692165472	1.0	NonTarget	1	263624
1029.9058691703258	1.0	NonTarget	1	263656
1030.0308691241044	1.0	NonTarget	1	263688
1030.155869077883	1.0	NonTarget	1	263720
1030.2808690316615	1.0	NonTarget	1	263752
1030.40586898544	1.0	NonTarget	1	263784
1030.5308689392189	1.0	NonTarget	1	263816
1030.6558688929974	1.0	NonTarget	1	263848
1030.780868846776	1.0	NonTarget	1	263880
1030.9058688005546	1.0	NonTarget	1	263912
1031.0308687543331	1.0	NonTarget	1	263944
1031.1558687081117	1.0	NonTarget	1	263976
1031.2808686618903	1.0	NonTarget	1	264008
1031.405868615669	1.0	NonTarget	1	264040
1031.5308685694476	1.0	NonTarget	1	264072
1031.6558685232262	1.0	NonTarget	1	264104
1031.7808684770048	1.0	NonTarget	1	264136
1031.9058684307834	1.0	NonTarget	1	264168
1032.030868384562	1.0	NonTarget	1	264200
1032.1558683383405	1.0	NonTarget	1	264232
1032.280868292119	1.0	NonTarget	1	264264
1032.4058682458979	1.0	NonTarget	1	264296
1032.5308681996764	1.0	NonTarget	1	264328
1032.655868153455	1.0	NonTarget	1	264360
1032.7808681072336	1.0	NonTarget	1	264392
1032.9058680610121	1.0	NonTarget	1	264424
1033.0308680147907	1.0	NonTarget	1	264456
1033.1558679685693	1.0	NonTarget	1	264488
1033.2808679223479	1.0	NonTarget	1	264520
1033.4058678761266	1.0	NonTarget	1	264552
1033.5308678299052	1.0	NonTarget	1	264584
1033.6558677836838	1.0	NonTarget	1	264616
1033.7808677374624	1.0	NonTarget	1	264648
1033.905867691241	1.0	NonTarget	1	264680
1034.0308676450195	1.0	NonTarget	1	264712
1034.155867598798	1.0	NonTarget	1	264744
1034.2808675525769	1.0	NonTarget	1	264776
1034.4058675063554	1.0	NonTarget	1	264808
1034.530867460134	1.0	NonTarget	1	264840
1034.6558674139126	1.0	NonTarget	1	264872
1034.7808673676911	1.0	NonTarget	1	264904
1034.9058673214697	1.0	NonTarget	1	264936
1035.0308672752483	1.0	NonTarget	1	264968
1035.1558672290269	1.0	NonTarget	1	265000
1035.2808671828057	1.0	NonTarget	1	265032
1035.4058671365842	1.0	NonTarget	1	265064
1035.5308670903628	1.0	NonTarget	1	265096
1035.6558670441414	1.0	NonTarget	1	265128
1035.78086699792	1.0	NonTarget	1	265160
1035.9058669516985	1.0	NonTarget	1	265192
1036.030866905477	1.0	NonTarget	1	265224
1036.1558668592556	1.0	NonTarget	1	265256
1036.2808668130344	1.0	NonTarget	1	265288
1036.405866766813	1.0	NonTarget	1	265320
1036.5308667205916	1.0	NonTarget	1	265352
1036.6558666743701	1.0	NonTarget	1	265384
1036.7808666281487	1.0	NonTarget	1	265416
1036.9058665819273	1.0	NonTarget	1	265448
1037.0308665357059	1.0	NonTarget	1	265480
1037.1558664894847	1.0	NonTarget	1	265512
1037.2808664432632	1.0	NonTarget	1	265544
1037.4058663970418	1.0	NonTarget	1	265576
1037.5308663508204	1.0	NonTarget	1	265608
1037.655866304599	1.0	NonTarget	1	265640
1037.7808662583775	1.0	NonTarget	1	265672
1037.905866212156	1.0	NonTarget	1	265704
1044.0308639473076	1.0	NonTarget	1	267272
1044.1558639010861	1.0	NonTarget	1	267304
1044.2808638548647	1.0	NonTarget	1	267336
1044.4058638086433	1.0	NonTarget	1	267368
1044.5308637624219	1.0	NonTarget	1	267400
1044.6558637162004	1.0	NonTarget	1	267432
1044.7808636699792	1.0	NonTarget	1	267464
1044.9058636237578	1.0	NonTarget	1	267496
1045.0308635775364	1.0	NonTarget	1	267528
1045.155863531315	1.0	NonTarget	1	267560
1045.2808634850935	1.0	NonTarget	1	267592
1045.405863438872	1.0	NonTarget	1	267624
1045.5308633926506	1.0	NonTarget	1	267656
1045.6558633464292	1.0	NonTarget	1	267688
1045.780863300208	1.0	NonTarget	1	267720
1045.9058632539866	1.0	NonTarget	1	267752
1046.0308632077652	1.0	NonTarget	1	267784
1046.1558631615437	1.0	NonTarget	1	267816
1046.2808631153223	1.0	NonTarget	1	267848
1046.4058630691009	1.0	NonTarget	1	267880
1046.5308630228794	1.0	NonTarget	1	267912
1046.655862976658	1.0	NonTarget	1	267944
1046.7808629304368	1.0	NonTarget	1	267976
1046.9058628842154	1.0	NonTarget	1	268008
1047.030862837994	1.0	NonTarget	1	268040
1047.1558627917725	1.0	NonTarget	1	268072
1047.280862745551	1.0	NonTarget	1	268104
1047.4058626993296	1.0	NonTarget	1	268136
1047.5308626531082	1.0	NonTarget	1	268168
1047.655862606887	1.0	NonTarget	1	268200
1047.7808625606656	1.0	NonTarget	1	268232
1047.9058625144442	1.0	NonTarget	1	268264
1048.0308624682227	1.0	NonTarget	1	268296
1048.1558624220013	1.0	NonTarget	1	268328
1048.2808623757799	1.0	NonTarget	1	268360
1048.4058623295584	1.0	NonTarget	1	268392
1048.530862283337	1.0	NonTarget	1	268424
1048.6558622371158	1.0	NonTarget	1	268456
1048.7808621908944	1.0	NonTarget	1	268488
1048.905862144673	1.0	NonTarget	1	268520
1049.0308620984515	1.0	NonTarget	1	268552
1049.15586205223	1.0	NonTarget	1	268584
1049.2808620060086	1.0	NonTarget	1	268616
1049.4058619597872	1.0	NonTarget	1	268648
1049.5308619135658	1.0	NonTarget	1	268680
1049.6558618673446	1.0	NonTarget	1	268712
1049.7808618211232	1.0	NonTarget	1	268744
1049.9058617749017	1.0	NonTarget	1	268776
1050.0308617286803	1.0	NonTarget	1	268808
1050.1558616824589	1.0	NonTarget	1	268840
1050.2808616362374	1.0	NonTarget	1	268872
1050.405861590016	1.0	NonTarget	1	268904
1050.5308615437948	1.0	NonTarget	1	268936
1050.6558614975734	1.0	NonTarget	1	268968
1050.780861451352	1.0	NonTarget	1	269000
1050.9058614051305	1.0	NonTarget	1	269032
1051.030861358909	1.0	NonTarget	1	269064
1051.1558613126876	1.0	NonTarget	1	269096
1051.2808612664662	1.0	NonTarget	1	269128
1051.4058612202448	1.0	NonTarget	1	269160
1051.5308611740236	1.0	NonTarget	1	269192
1051.6558611278022	1.0	NonTarget	1	269224
1051.7808610815807	1.0	NonTarget	1	269256
1051.9058610353593	1.0	NonTarget	1	269288
1052.0308609891379	1.0	NonTarget	1	269320
1052.1558609429164	1.0	NonTarget	1	269352
1052.280860896695	1.0	NonTarget	1	269384
1052.4058608504736	1.0	NonTarget	1	269416
1052.5308608042524	1.0	NonTarget	1	269448
1052.655860758031	1.0	NonTarget	1	269480
1052.7808607118095	1.0	NonTarget	1	269512
1052.905860665588	1.0	NonTarget	1	269544
1053.0308606193666	1.0	NonTarget	1	269576
1053.1558605731452	1.0	NonTarget	1	269608
1053.2808605269238	1.0	NonTarget	1	269640
1053.4058604807026	1.0	NonTarget	1	269672
1053.5308604344812	1.0	NonTarget	1	269704
1053.6558603882597	1.0	NonTarget	1	269736
1053.7808603420383	1.0	NonTarget	1	269768
1053.9058602958169	1.0	NonTarget	1	269800
1054.0308602495954	1.0	NonTarget	1	269832
1054.155860203374	1.0	NonTarget	1	269864
1054.2808601571526	1.0	NonTarget	1	269896
1054.4058601109314	1.0	NonTarget	1	269928
1060.5308578460827	1.0	NonTarget	1	271496
1060.6558577998612	1.0	NonTarget	1	271528
1060.7808577536398	1.0	NonTarget	1	271560
1060.9058577074184	1.0	NonTarget	1	271592
1061.0308576611972	1.0	NonTarget	1	271624
1061.1558576149757	1.0	NonTarget	1	271656
1061.2808575687543	1.0	NonTarget	1	271688
1061.4058575225329	1.0	NonTarget	1	271720
1061.5308574763114	1.0	NonTarget	1	271752
1061.65585743009	1.0	NonTarget	1	271784
1061.7808573838686	1.0	NonTarget	1	271816
1061.9058573376471	1.0	NonTarget	1	271848
1062.030857291426	1.0	NonTarget	1	271880
1062.1558572452045	1.0	NonTarget	1	271912
1062.280857198983	1.0	NonTarget	1	271944
1062.4058571527617	1.0	NonTarget	1	271976
1062.5308571065402	1.0	NonTarget	1	272008
1062.6558570603188	1.0	NonTarget	1	272040
1062.7808570140974	1.0	NonTarget	1	272072
1062.905856967876	1.0	NonTarget	1	272104
1063.0308569216547	1.0	NonTarget	1	272136
1063.1558568754333	1.0	NonTarget	1	272168
1063.2808568292119	1.0	NonTarget	1	272200
1063.4058567829904	1.0	NonTarget	1	272232
1063.530856736769	1.0	NonTarget	1	272264
1063.6558566905476	1.0	NonTarget	1	272296
1063.7808566443261	1.0	NonTarget	1	272328
1063.905856598105	1.0	NonTarget	1	272360
1064.0308565518835	1.0	NonTarget	1	272392
1064.155856505662	1.0	NonTarget	1	272424
1064.2808564594407	1.0	NonTarget	1	272456
1064.4058564132192	1.0	NonTarget	1	272488
1064.5308563669978	1.0	NonTarget	1	272520
1064.6558563207764	1.0	NonTarget	1	272552
1064.780856274555	1.0	NonTarget	1	272584
1064.9058562283337	1.0	NonTarget	1	272616
1065.0308561821123	1.0	NonTarget	1	272648
1065.1558561358909	1.0	NonTarget	1	272680
1065.2808560896694	1.0	NonTarget	1	272712
1065.405856043448	1.0	NonTarget	1	272744
1065.5308559972266	1.0	NonTarget	1	272776
1065.6558559510052	1.0	NonTarget	1	272808
1065.7808559047837	1.0	NonTarget	1	272840
1065.9058558585625	1.0	NonTarget	1	272872
1066.030855812341	1.0	NonTarget	1	272904
1066.1558557661197	1.0	NonTarget	1	272936
1066.2808557198982	1.0	NonTarget	1	272968
1066.4058556736768	1.0	NonTarget	1	273000
1066.5308556274554	1.0	NonTarget	1	273032
1066.655855581234	1.0	NonTarget	1	273064
1066.7808555350127	1.0	NonTarget	1	273096
1066.9058554887913	1.0	NonTarget	1	273128
1067.0308554425699	1.0	NonTarget	1	273160
1067.1558553963484	1.0	NonTarget	1	273192
1067.280855350127	1.0	NonTarget	1	273224
1067.4058553039056	1.0	NonTarget	1	273256
1067.5308552576842	1.0	NonTarget	1	273288
1067.6558552114627	1.0	NonTarget	1	273320
1067.7808551652415	1.0	NonTarget	1	273352
1067.90585511902	1.0	NonTarget	1	273384
1068.0308550727987	1.0	NonTarget	1	273416
1068.1558550265772	1.0	NonTarget	1	273448
1068.2808549803558	1.0	NonTarget	1	273480
1068.4058549341344	1.0	NonTarget	1	273512
1068.530854887913	1.0	NonTarget	1	273544
1068.6558548416915	1.0	NonTarget	1	273576
1068.7808547954703	1.0	NonTarget	1	273608
1068.9058547492489	1.0	NonTarget	1	273640
1069.0308547030274	1.0	NonTarget	1	273672
1069.155854656806	1.0	NonTarget	1	273704
1069.2808546105846	1.0	NonTarget	1	273736
1069.4058545643632	1.0	NonTarget	1	273768
1069.5308545181417	1.0	NonTarget	1	273800
1069.6558544719205	1.0	NonTarget	1	273832
1069.780854425699	1.0	NonTarget	1	273864
1069.9058543794777	1.0	NonTarget	1	273896
1070.0308543332562	1.0	NonTarget	1	273928
1070.1558542870348	1.0	NonTarget	1	273960
1070.2808542408134	1.0	NonTarget	1	273992
1070.405854194592	1.0	NonTarget	1	274024
1070.5308541483705	1.0	NonTarget	1	274056
1070.6558541021493	1.0	NonTarget	1	274088
1070.7808540559279	1.0	NonTarget	1	274120
1070.9058540097064	1.0	NonTarget	1	274152
1077.0308517448577	1.0	NonTarget	1	275720
1077.1558516986363	1.0	NonTarget	1	275752
1077.2808516524149	1.0	NonTarget	1	275784
1077.4058516061937	1.0	NonTarget	1	275816
1077.5308515599722	1.0	NonTarget	1	275848
1077.6558515137508	1.0	NonTarget	1	275880
1077.7808514675294	1.0	NonTarget	1	275912
1077.905851421308	1.0	NonTarget	1	275944
1078.0308513750865	1.0	NonTarget	1	275976
1078.155851328865	1.0	NonTarget	1	276008
1078.2808512826439	1.0	NonTarget	1	276040
1078.4058512364224	1.0	NonTarget	1	276072
1078.530851190201	1.0	NonTarget	1	276104
1078.6558511439796	1.0	NonTarget	1	276136
1078.7808510977582	1.0	NonTarget	1	276168
1078.9058510515367	1.0	NonTarget	1	276200
1079.0308510053153	1.0	NonTarget	1	276232
1079.1558509590939	1.0	NonTarget	1	276264
1079.2808509128727	1.0	NonTarget	1	276296
1079.4058508666512	1.0	NonTarget	1	276328
1079.5308508204298	1.0	NonTarget	1	276360
1079.6558507742084	1.0	NonTarget	1	276392
1079.780850727987	1.0	NonTarget	1	276424
1079.9058506817655	1.0	NonTarget	1	276456
1080.030850635544	1.0	NonTarget	1	276488
1080.1558505893229	1.0	NonTarget	1	276520
1080.2808505431015	1.0	NonTarget	1	276552
1080.40585049688	1.0	NonTarget	1	276584
1080.5308504506586	1.0	NonTarget	1	276616
1080.6558504044372	1.0	NonTarget	1	276648
1080.7808503582157	1.0	NonTarget	1	276680
1080.9058503119943	1.0	NonTarget	1	276712
1081.0308502657729	1.0	NonTarget	1	276744
1081.1558502195517	1.0	NonTarget	1	276776
1081.2808501733302	1.0	NonTarget	1	276808
1081.4058501271088	1.0	NonTarget	1	276840
1081.5308500808874	1.0	NonTarget	1	276872
1081.655850034666	1.0	NonTarget	1	276904
1081.7808499884445	1.0	NonTarget	1	276936
1081.905849942223	1.0	NonTarget	1	276968
1082.0308498960017	1.0	NonTarget	1	277000
1082.1558498497805	1.0	NonTarget	1	277032
1082.280849803559	1.0	NonTarget	1	277064
1082.4058497573376	1.0	NonTarget	1	277096
1082.5308497111162	1.0	NonTarget	1	277128
1082.6558496648947	1.0	NonTarget	1	277160
1082.7808496186733	1.0	NonTarget	1	277192
1082.9058495724519	1.0	NonTarget	1	277224
1083.0308495262307	1.0	NonTarget	1	277256
1083.1558494800092	1.0	NonTarget	1	277288
1083.2808494337878	1.0	NonTarget	1	277320
1083.4058493875664	1.0	NonTarget	1	277352
1083.530849341345	1.0	NonTarget	1	277384
1083.6558492951235	1.0	NonTarget	1	277416
1083.780849248902	1.0	NonTarget	1	277448
1083.9058492026807	1.0	NonTarget	1	277480
1084.0308491564595	1.0	NonTarget	1	277512
1084.155849110238	1.0	NonTarget	1	277544
1084.2808490640166	1.0	NonTarget	1	277576
1084.4058490177952	1.0	NonTarget	1	277608
1084.5308489715737	1.0	NonTarget	1	277640
1084.6558489253523	1.0	NonTarget	1	277672
1084.7808488791309	1.0	NonTarget	1	277704
1084.9058488329094	1.0	NonTarget	1	277736
1085.0308487866882	1.0	NonTarget	1	277768
1085.1558487404668	1.0	NonTarget	1	277800
1085.2808486942454	1.0	NonTarget	1	277832
1085.405848648024	1.0	NonTarget	1	277864
1085.5308486018025	1.0	NonTarget	1	277896
1085.655848555581	1.0	NonTarget	1	277928
1085.7808485093597	1.0	NonTarget	1	277960
1085.9058484631385	1.0	NonTarget	1	277992
1086.030848416917	1.0	NonTarget	1	278024
1086.1558483706956	1.0	NonTarget	1	278056
1086.2808483244742	1.0	NonTarget	1	278088
1086.4058482782527	1.0	NonTarget	1	278120
1086.5308482320313	1.0	NonTarget	1	278152
1086.6558481858099	1.0	NonTarget	1	278184
1086.7808481395884	1.0	NonTarget	1	278216
1086.9058480933672	1.0	NonTarget	1	278248
1087.0308480471458	1.0	NonTarget	1	278280
1087.1558480009244	1.0	NonTarget	1	278312
1087.280847954703	1.0	NonTarget	1	278344
1087.4058479084815	1.0	NonTarget	1	278376
1093.5308456436328	1.0	NonTarget	1	279944
1093.6558455974116	1.0	NonTarget	1	279976
1093.7808455511902	1.0	NonTarget	1	280008
1093.9058455049687	1.0	NonTarget	1	280040
1094.0308454587473	1.0	NonTarget	1	280072
1094.1558454125259	1.0	NonTarget	1	280104
1094.2808453663044	1.0	NonTarget	1	280136
1094.405845320083	1.0	NonTarget	1	280168
1094.5308452738618	1.0	NonTarget	1	280200
1094.6558452276404	1.0	NonTarget	1	280232
1094.780845181419	1.0	NonTarget	1	280264
1094.9058451351975	1.0	NonTarget	1	280296
1095.030845088976	1.0	NonTarget	1	280328
1095.1558450427547	1.0	NonTarget	1	280360
1095.2808449965332	1.0	NonTarget	1	280392
1095.4058449503118	1.0	NonTarget	1	280424
1095.5308449040906	1.0	NonTarget	1	280456
1095.6558448578692	1.0	NonTarget	1	280488
1095.7808448116477	1.0	NonTarget	1	280520
1095.9058447654263	1.0	NonTarget	1	280552
1096.0308447192049	1.0	NonTarget	1	280584
1096.1558446729834	1.0	NonTarget	1	280616
1096.280844626762	1.0	NonTarget	1	280648
1096.4058445805406	1.0	NonTarget	1	280680
1096.5308445343194	1.0	NonTarget	1	280712
1096.655844488098	1.0	NonTarget	1	280744
1096.7808444418765	1.0	NonTarget	1	280776
1096.905844395655	1.0	NonTarget	1	280808
1097.0308443494337	1.0	NonTarget	1	280840
1097.1558443032122	1.0	NonTarget	1	280872
1097.2808442569908	1.0	NonTarget	1	280904
1097.4058442107696	1.0	NonTarget	1	280936
1097.5308441645482	1.0	NonTarget	1	280968
1097.6558441183267	1.0	NonTarget	1	281000
1097.7808440721053	1.0	NonTarget	1	281032
1097.9058440258839	1.0	NonTarget	1	281064
1098.0308439796624	1.0	NonTarget	1	281096
1098.155843933441	1.0	NonTarget	1	281128
1098.2808438872196	1.0	NonTarget	1	281160
1098.4058438409984	1.0	NonTarget	1	281192
1098.530843794777	1.0	NonTarget	1	281224
1098.6558437485555	1.0	NonTarget	1	281256
1098.780843702334	1.0	NonTarget	1	281288
1098.9058436561127	1.0	NonTarget	1	281320
1099.0308436098912	1.0	NonTarget	1	281352
1099.1558435636698	1.0	NonTarget	1	281384
1099.2808435174486	1.0	NonTarget	1	281416
1099.4058434712272	1.0	NonTarget	1	281448
1099.5308434250057	1.0	NonTarget	1	281480
1099.6558433787843	1.0	NonTarget	1	281512
1099.7808433325629	1.0	NonTarget	1	281544
1099.9058432863415	1.0	NonTarget	1	281576
1100.03084324012	1.0	NonTarget	1	281608
1100.1558431938986	1.0	NonTarget	1	281640
1100.2808431476774	1.0	NonTarget	1	281672
1100.405843101456	1.0	NonTarget	1	281704
1100.5308430552345	1.0	NonTarget	1	281736
1100.655843009013	1.0	NonTarget	1	281768
1100.7808429627917	1.0	NonTarget	1	281800
1100.9058429165702	1.0	NonTarget	1	281832
1101.0308428703488	1.0	NonTarget	1	281864
1101.1558428241274	1.0	NonTarget	1	281896
1101.2808427779062	1.0	NonTarget	1	281928
1101.4058427316847	1.0	NonTarget	1	281960
1101.5308426854633	1.0	NonTarget	1	281992
1101.6558426392419	1.0	NonTarget	1	282024
1101.7808425930205	1.0	NonTarget	1	282056
1101.905842546799	1.0	NonTarget	1	282088
1102.0308425005776	1.0	NonTarget	1	282120
1102.1558424543564	1.0	NonTarget	1	282152
1102.280842408135	1.0	NonTarget	1	282184
1102.4058423619135	1.0	NonTarget	1	282216
1102.530842315692	1.0	NonTarget	1	282248
1102.6558422694707	1.0	NonTarget	1	282280
1102.7808422232492	1.0	NonTarget	1	282312
1102.9058421770278	1.0	NonTarget	1	282344
1103.0308421308064	1.0	NonTarget	1	282376
1103.1558420845852	1.0	NonTarget	1	282408
1103.2808420383637	1.0	NonTarget	1	282440
1103.4058419921423	1.0	NonTarget	1	282472
1103.5308419459209	1.0	NonTarget	1	282504
1103.6558418996995	1.0	NonTarget	1	282536
1103.780841853478	1.0	NonTarget	1	282568
1103.9058418072566	1.0	NonTarget	1	282600
1110.030839542408	1.0	NonTarget	1	284168
1110.1558394961867	1.0	NonTarget	1	284200
1110.2808394499652	1.0	NonTarget	1	284232
1110.4058394037438	1.0	NonTarget	1	284264
1110.5308393575224	1.0	NonTarget	1	284296
1110.655839311301	1.0	NonTarget	1	284328
1110.7808392650797	1.0	NonTarget	1	284360
1110.9058392188583	1.0	NonTarget	1	284392
1111.030839172637	1.0	NonTarget	1	284424
1111.1558391264155	1.0	NonTarget	1	284456
1111.280839080194	1.0	NonTarget	1	284488
1111.4058390339726	1.0	NonTarget	1	284520
1111.5308389877512	1.0	NonTarget	1	284552
1111.6558389415297	1.0	NonTarget	1	284584
1111.7808388953085	1.0	NonTarget	1	284616
1111.905838849087	1.0	NonTarget	1	284648
1112.0308388028657	1.0	NonTarget	1	284680
1112.1558387566442	1.0	NonTarget	1	284712
1112.2808387104228	1.0	NonTarget	1	284744
1112.4058386642014	1.0	NonTarget	1	284776
1112.53083861798	1.0	NonTarget	1	284808
1112.6558385717585	1.0	NonTarget	1	284840
1112.7808385255373	1.0	NonTarget	1	284872
1112.905838479316	1.0	NonTarget	1	284904
1113.0308384330945	1.0	NonTarget	1	284936
1113.155838386873	1.0	NonTarget	1	284968
1113.2808383406516	1.0	NonTarget	1	285000
1113.4058382944302	1.0	NonTarget	1	285032
1113.5308382482087	1.0	NonTarget	1	285064
1113.6558382019875	1.0	NonTarget	1	285096
1113.780838155766	1.0	NonTarget	1	285128
1113.9058381095447	1.0	NonTarget	1	285160
1114.0308380633232	1.0	NonTarget	1	285192
1114.1558380171018	1.0	NonTarget	1	285224
1114.2808379708804	1.0	NonTarget	1	285256
1114.405837924659	1.0	NonTarget	1	285288
1114.5308378784375	1.0	NonTarget	1	285320
1114.6558378322163	1.0	NonTarget	1	285352
1114.780837785995	1.0	NonTarget	1	285384
1114.9058377397735	1.0	NonTarget	1	285416
1115.030837693552	1.0	NonTarget	1	285448
1115.1558376473306	1.0	NonTarget	1	285480
1115.2808376011092	1.0	NonTarget	1	285512
1115.4058375548877	1.0	NonTarget	1	285544
1115.5308375086663	1.0	NonTarget	1	285576
1115.655837462445	1.0	NonTarget	1	285608
1115.7808374162237	1.0	NonTarget	1	285640
1115.9058373700022	1.0	NonTarget	1	285672
1116.0308373237808	1.0	NonTarget	1	285704
1116.1558372775594	1.0	NonTarget	1	285736
1116.280837231338	1.0	NonTarget	1	285768
1116.4058371851165	1.0	NonTarget	1	285800
1116.5308371388953	1.0	NonTarget	1	285832
1116.655837092674	1.0	NonTarget	1	285864
1116.7808370464525	1.0	NonTarget	1	285896
1116.905837000231	1.0	NonTarget	1	285928
1117.0308369540096	1.0	NonTarget	1	285960
1117.1558369077882	1.0	NonTarget	1	285992
1117.2808368615667	1.0	NonTarget	1	286024
1117.4058368153453	1.0	NonTarget	1	286056
1117.530836769124	1.0	NonTarget	1	286088
1117.6558367229027	1.0	NonTarget	1	286120
1117.7808366766812	1.0	NonTarget	1	286152
1117.9058366304598	1.0	NonTarget	1	286184
1118.0308365842384	1.0	NonTarget	1	286216
1118.155836538017	1.0	NonTarget	1	286248
1118.2808364917955	1.0	NonTarget	1	286280
1118.405836445574	1.0	NonTarget	1	286312
1118.530836399353	1.0	NonTarget	1	286344
1118.6558363531315	1.0	NonTarget	1	286376
1118.78083630691	1.0	NonTarget	1	286408
1118.9058362606886	1.0	NonTarget	1	286440
1119.0308362144672	1.0	NonTarget	1	286472
1119.1558361682457	1.0	NonTarget	1	286504
1119.2808361220243	1.0	NonTarget	1	286536
1119.405836075803	1.0	NonTarget	1	286568
1119.5308360295817	1.0	NonTarget	1	286600
1119.6558359833602	1.0	NonTarget	1	286632
1119.7808359371388	1.0	NonTarget	1	286664
1119.9058358909174	1.0	NonTarget	1	286696
1120.030835844696	1.0	NonTarget	1	286728
1120.1558357984745	1.0	NonTarget	1	286760
1120.280835752253	1.0	NonTarget	1	286792
1120.405835706032	1.0	NonTarget	1	286824
1126.5308334411832	1.0	NonTarget	1	288392
1126.6558333949617	1.0	NonTarget	1	288424
1126.7808333487403	1.0	NonTarget	1	288456
1126.9058333025189	1.0	NonTarget	1	288488
1127.0308332562977	1.0	NonTarget	1	288520
1127.1558332100763	1.0	NonTarget	1	288552
1127.2808331638548	1.0	NonTarget	1	288584
1127.4058331176334	1.0	NonTarget	1	288616
1127.530833071412	1.0	NonTarget	1	288648
1127.6558330251905	1.0	NonTarget	1	288680
1127.780832978969	1.0	NonTarget	1	288712
1127.9058329327477	1.0	NonTarget	1	288744
1128.0308328865265	1.0	NonTarget	1	288776
1128.155832840305	1.0	NonTarget	1	288808
1128.2808327940836	1.0	NonTarget	1	288840
1128.4058327478622	1.0	NonTarget	1	288872
1128.5308327016407	1.0	NonTarget	1	288904
1128.6558326554193	1.0	NonTarget	1	288936
1128.780832609198	1.0	NonTarget	1	288968
1128.9058325629765	1.0	NonTarget	1	289000
1129.0308325167553	1.0	NonTarget	1	289032
1129.1558324705338	1.0	NonTarget	1	289064
1129.2808324243124	1.0	NonTarget	1	289096
1129.405832378091	1.0	NonTarget	1	289128
1129.5308323318695	1.0	NonTarget	1	289160
1129.655832285648	1.0	NonTarget	1	289192
1129.7808322394267	1.0	NonTarget	1	289224
1129.9058321932055	1.0	NonTarget	1	289256
1130.030832146984	1.0	NonTarget	1	289288
1130.1558321007626	1.0	NonTarget	1	289320
1130.2808320545412	1.0	NonTarget	1	289352
1130.4058320083197	1.0	NonTarget	1	289384
1130.5308319620983	1.0	NonTarget	1	289416
1130.655831915877	1.0	NonTarget	1	289448
1130.7808318696555	1.0	NonTarget	1	289480
1130.9058318234343	1.0	NonTarget	1	289512
1131.0308317772128	1.0	NonTarget	1	289544
1131.1558317309914	1.0	NonTarget	1	289576
1131.28083168477	1.0	NonTarget	1	289608
1131.4058316385485	1.0	NonTarget	1	289640
1131.530831592327	1.0	NonTarget	1	289672
1131.6558315461057	1.0	NonTarget	1	289704
1131.7808314998842	1.0	NonTarget	1	289736
1131.905831453663	1.0	NonTarget	1	289768
1132.0308314074416	1.0	NonTarget	1	289800
1132.1558313612202	1.0	NonTarget	1	289832
1132.2808313149987	1.0	NonTarget	1	289864
1132.4058312687773	1.0	NonTarget	1	289896
1132.530831222556	1.0	NonTarget	1	289928
1132.6558311763345	1.0	NonTarget	1	289960
1132.7808311301133	1.0	NonTarget	1	289992
1132.9058310838918	1.0	NonTarget	1	290024
1133.0308310376704	1.0	NonTarget	1	290056
1133.155830991449	1.0	NonTarget	1	290088
1133.2808309452275	1.0	NonTarget	1	290120
1133.405830899006	1.0	NonTarget	1	290152
1133.5308308527847	1.0	NonTarget	1	290184
1133.6558308065632	1.0	NonTarget	1	290216
1133.780830760342	1.0	NonTarget	1	290248
1133.9058307141206	1.0	NonTarget	1	290280
1134.0308306678992	1.0	NonTarget	1	290312
1134.1558306216778	1.0	NonTarget	1	290344
1134.2808305754563	1.0	NonTarget	1	290376
1134.405830529235	1.0	NonTarget	1	290408
1134.5308304830135	1.0	NonTarget	1	290440
1134.655830436792	1.0	NonTarget	1	290472
1134.7808303905708	1.0	NonTarget	1	290504
1134.9058303443494	1.0	NonTarget	1	290536
1135.030830298128	1.0	NonTarget	1	290568
1135.1558302519065	1.0	NonTarget	1	290600
1135.280830205685	1.0	NonTarget	1	290632
1135.4058301594637	1.0	NonTarget	1	290664
1135.5308301132422	1.0	NonTarget	1	290696
1135.655830067021	1.0	NonTarget	1	290728
1135.7808300207996	1.0	NonTarget	1	290760
1135.9058299745782	1.0	NonTarget	1	290792
1136.0308299283568	1.0	NonTarget	1	290824
1136.1558298821353	1.0	NonTarget	1	290856
1136.280829835914	1.0	NonTarget	1	290888
1136.4058297896925	1.0	NonTarget	1	290920
1136.530829743471	1.0	NonTarget	1	290952
1136.6558296972498	1.0	NonTarget	1	290984
1136.7808296510284	1.0	NonTarget	1	291016
1136.905829604807	1.0	NonTarget	1	291048
1143.0308273399583	1.0	NonTarget	1	292616
1143.1558272937368	1.0	NonTarget	1	292648
1143.2808272475156	1.0	NonTarget	1	292680
1143.4058272012942	1.0	NonTarget	1	292712
1143.5308271550728	1.0	NonTarget	1	292744
1143.6558271088513	1.0	NonTarget	1	292776
1143.78082706263	1.0	NonTarget	1	292808
1143.9058270164085	1.0	NonTarget	1	292840
1144.030826970187	1.0	NonTarget	1	292872
1144.1558269239656	1.0	NonTarget	1	292904
1144.2808268777444	1.0	NonTarget	1	292936
1144.405826831523	1.0	NonTarget	1	292968
1144.5308267853015	1.0	NonTarget	1	293000
1144.65582673908	1.0	NonTarget	1	293032
1144.7808266928587	1.0	NonTarget	1	293064
1144.9058266466373	1.0	NonTarget	1	293096
1145.0308266004158	1.0	NonTarget	1	293128
1145.1558265541944	1.0	NonTarget	1	293160
1145.2808265079732	1.0	NonTarget	1	293192
1145.4058264617518	1.0	NonTarget	1	293224
1145.5308264155303	1.0	NonTarget	1	293256
1145.655826369309	1.0	NonTarget	1	293288
1145.7808263230875	1.0	NonTarget	1	293320
1145.905826276866	1.0	NonTarget	1	293352
1146.0308262306446	1.0	NonTarget	1	293384
1146.1558261844234	1.0	NonTarget	1	293416
1146.280826138202	1.0	NonTarget	1	293448
1146.4058260919805	1.0	NonTarget	1	293480
1146.530826045759	1.0	NonTarget	1	293512
1146.6558259995377	1.0	NonTarget	1	293544
1146.7808259533163	1.0	NonTarget	1	293576
1146.9058259070948	1.0	NonTarget	1	293608
1147.0308258608734	1.0	NonTarget	1	293640
1147.1558258146522	1.0	NonTarget	1	293672
1147.2808257684308	1.0	NonTarget	1	293704
1147.4058257222093	1.0	NonTarget	1	293736
1147.530825675988	1.0	NonTarget	1	293768
1147.6558256297665	1.0	NonTarget	1	293800
1147.780825583545	1.0	NonTarget	1	293832
1147.9058255373236	1.0	NonTarget	1	293864
1148.0308254911022	1.0	NonTarget	1	293896
1148.155825444881	1.0	NonTarget	1	293928
1148.2808253986595	1.0	NonTarget	1	293960
1148.4058253524381	1.0	NonTarget	1	293992
1148.5308253062167	1.0	NonTarget	1	294024
1148.6558252599953	1.0	NonTarget	1	294056
1148.7808252137738	1.0	NonTarget	1	294088
1148.9058251675524	1.0	NonTarget	1	294120
1149.0308251213312	1.0	NonTarget	1	294152
1149.1558250751098	1.0	NonTarget	1	294184
1149.2808250288883	1.0	NonTarget	1	294216
1149.405824982667	1.0	NonTarget	1	294248
1149.5308249364455	1.0	NonTarget	1	294280
1149.655824890224	1.0	NonTarget	1	294312
1149.7808248440026	1.0	NonTarget	1	294344
1149.9058247977812	1.0	NonTarget	1	294376
1150.03082475156	1.0	NonTarget	1	294408
1150.1558247053385	1.0	NonTarget	1	294440
1150.2808246591171	1.0	NonTarget	1	294472
1150.4058246128957	1.0	NonTarget	1	294504
1150.5308245666743	1.0	NonTarget	1	294536
1150.6558245204528	1.0	NonTarget	1	294568
1150.7808244742314	1.0	NonTarget	1	294600
1150.90582442801	1.0	NonTarget	1	294632
1151.0308243817888	1.0	NonTarget	1	294664
1151.1558243355673	1.0	NonTarget	1	294696
1151.280824289346	1.0	NonTarget	1	294728
1151.4058242431245	1.0	NonTarget	1	294760
1151.530824196903	1.0	NonTarget	1	294792
1151.6558241506816	1.0	NonTarget	1	294824
1151.7808241044602	1.0	NonTarget	1	294856
1151.905824058239	1.0	NonTarget	1	294888
1152.0308240120175	1.0	NonTarget	1	294920
1152.1558239657961	1.0	NonTarget	1	294952
1152.2808239195747	1.0	NonTarget	1	294984
1152.4058238733533	1.0	NonTarget	1	295016
1152.5308238271318	1.0	NonTarget	1	295048
1152.6558237809104	1.0	NonTarget	1	295080
1152.780823734689	1.0	NonTarget	1	295112
1152.9058236884678	1.0	NonTarget	1	295144
1153.0308236422463	1.0	NonTarget	1	295176
1153.155823596025	1.0	NonTarget	1	295208
1153.2808235498035	1.0	NonTarget	1	295240
1153.405823503582	1.0	NonTarget	1	295272
1159.5308212387336	1.0	NonTarget	1	296840
1159.6558211925121	1.0	NonTarget	1	296872
1159.7808211462907	1.0	NonTarget	1	296904
1159.9058211000693	1.0	NonTarget	1	296936
1160.0308210538478	1.0	NonTarget	1	296968
1160.1558210076264	1.0	NonTarget	1	297000
1160.280820961405	1.0	NonTarget	1	297032
1160.4058209151835	1.0	NonTarget	1	297064
1160.5308208689623	1.0	NonTarget	1	297096
1160.655820822741	1.0	NonTarget	1	297128
1160.7808207765195	1.0	NonTarget	1	297160
1160.905820730298	1.0	NonTarget	1	297192
1161.0308206840766	1.0	NonTarget	1	297224
1161.1558206378552	1.0	NonTarget	1	297256
1161.2808205916338	1.0	NonTarget	1	297288
1161.4058205454123	1.0	NonTarget	1	297320
1161.5308204991911	1.0	NonTarget	1	297352
1161.6558204529697	1.0	NonTarget	1	297384
1161.7808204067483	1.0	NonTarget	1	297416
1161.9058203605268	1.0	NonTarget	1	297448
1162.0308203143054	1.0	NonTarget	1	297480
1162.155820268084	1.0	NonTarget	1	297512
1162.2808202218625	1.0	NonTarget	1	297544
1162.4058201756413	1.0	NonTarget	1	297576
1162.53082012942	1.0	NonTarget	1	297608
1162.6558200831985	1.0	NonTarget	1	297640
1162.780820036977	1.0	NonTarget	1	297672
1162.9058199907556	1.0	NonTarget	1	297704
1163.0308199445342	1.0	NonTarget	1	297736
1163.1558198983128	1.0	NonTarget	1	297768
1163.2808198520913	1.0	NonTarget	1	297800
1163.4058198058701	1.0	NonTarget	1	297832
1163.5308197596487	1.0	NonTarget	1	297864
1163.6558197134273	1.0	NonTarget	1	297896
1163.7808196672058	1.0	NonTarget	1	297928
1163.9058196209844	1.0	NonTarget	1	297960
1164.030819574763	1.0	NonTarget	1	297992
1164.1558195285415	1.0	NonTarget	1	298024
1164.28081948232	1.0	NonTarget	1	298056
1164.405819436099	1.0	NonTarget	1	298088
1164.5308193898775	1.0	NonTarget	1	298120
1164.655819343656	1.0	NonTarget	1	298152
1164.7808192974346	1.0	NonTarget	1	298184
1164.9058192512132	1.0	NonTarget	1	298216
1165.0308192049918	1.0	NonTarget	1	298248
1165.1558191587703	1.0	NonTarget	1	298280
1165.2808191125491	1.0	NonTarget	1	298312
1165.4058190663277	1.0	NonTarget	1	298344
1165.5308190201063	1.0	NonTarget	1	298376
1165.6558189738848	1.0	NonTarget	1	298408
1165.7808189276634	1.0	NonTarget	1	298440
1165.905818881442	1.0	NonTarget	1	298472
1166.0308188352205	1.0	NonTarget	1	298504
1166.155818788999	1.0	NonTarget	1	298536
1166.280818742778	1.0	NonTarget	1	298568
1166.4058186965565	1.0	NonTarget	1	298600
1166.530818650335	1.0	NonTarget	1	298632
1166.6558186041136	1.0	NonTarget	1	298664
1166.7808185578922	1.0	NonTarget	1	298696
1166.9058185116708	1.0	NonTarget	1	298728
1167.0308184654493	1.0	NonTarget	1	298760
1167.155818419228	1.0	NonTarget	1	298792
1167.2808183730067	1.0	NonTarget	1	298824
1167.4058183267853	1.0	NonTarget	1	298856
1167.5308182805638	1.0	NonTarget	1	298888
1167.6558182343424	1.0	NonTarget	1	298920
1167.780818188121	1.0	NonTarget	1	298952
1167.9058181418995	1.0	NonTarget	1	298984
1168.0308180956781	1.0	NonTarget	1	299016
1168.155818049457	1.0	NonTarget	1	299048
1168.2808180032355	1.0	NonTarget	1	299080
1168.405817957014	1.0	NonTarget	1	299112
1168.5308179107926	1.0	NonTarget	1	299144
1168.6558178645712	1.0	NonTarget	1	299176
1168.7808178183498	1.0	NonTarget	1	299208
1168.9058177721283	1.0	NonTarget	1	299240
1169.030817725907	1.0	NonTarget	1	299272
1169.1558176796857	1.0	NonTarget	1	299304
1169.2808176334643	1.0	NonTarget	1	299336
1169.4058175872428	1.0	NonTarget	1	299368
1169.5308175410214	1.0	NonTarget	1	299400
1169.6558174948	1.0	NonTarget	1	299432
1169.7808174485785	1.0	NonTarget	1	299464
1169.9058174023571	1.0	NonTarget	1	299496
1176.0308151375086	1.0	NonTarget	1	301064
1176.1558150912872	1.0	NonTarget	1	301096
1176.2808150450658	1.0	NonTarget	1	301128
1176.4058149988443	1.0	NonTarget	1	301160
1176.530814952623	1.0	NonTarget	1	301192
1176.6558149064015	1.0	NonTarget	1	301224
1176.7808148601803	1.0	NonTarget	1	301256
1176.9058148139588	1.0	NonTarget	1	301288
1177.0308147677374	1.0	NonTarget	1	301320
1177.155814721516	1.0	NonTarget	1	301352
1177.2808146752946	1.0	NonTarget	1	301384
1177.4058146290731	1.0	NonTarget	1	301416
1177.5308145828517	1.0	NonTarget	1	301448
1177.6558145366303	1.0	NonTarget	1	301480
1177.780814490409	1.0	NonTarget	1	301512
1177.9058144441876	1.0	NonTarget	1	301544
1178.0308143979662	1.0	NonTarget	1	301576
1178.1558143517448	1.0	NonTarget	1	301608
1178.2808143055233	1.0	NonTarget	1	301640
1178.405814259302	1.0	NonTarget	1	301672
1178.5308142130805	1.0	NonTarget	1	301704
1178.6558141668593	1.0	NonTarget	1	301736
1178.7808141206378	1.0	NonTarget	1	301768
1178.9058140744164	1.0	NonTarget	1	301800
1179.030814028195	1.0	NonTarget	1	301832
1179.1558139819736	1.0	NonTarget	1	301864
1179.2808139357521	1.0	NonTarget	1	301896
1179.4058138895307	1.0	NonTarget	1	301928
1179.5308138433093	1.0	NonTarget	1	301960
1179.655813797088	1.0	NonTarget	1	301992
1179.7808137508666	1.0	NonTarget	1	302024
1179.9058137046452	1.0	NonTarget	1	302056
1180.0308136584238	1.0	NonTarget	1	302088
1180.1558136122023	1.0	NonTarget	1	302120
1180.280813565981	1.0	NonTarget	1	302152
1180.4058135197595	1.0	NonTarget	1	302184
1180.530813473538	1.0	NonTarget	1	302216
1180.6558134273168	1.0	NonTarget	1	302248
1180.7808133810954	1.0	NonTarget	1	302280
1180.905813334874	1.0	NonTarget	1	302312
1181.0308132886526	1.0	NonTarget	1	302344
1181.1558132424311	1.0	NonTarget	1	302376
1181.2808131962097	1.0	NonTarget	1	302408
1181.4058131499883	1.0	NonTarget	1	302440
1181.530813103767	1.0	NonTarget	1	302472
1181.6558130575456	1.0	NonTarget	1	302504
1181.7808130113242	1.0	NonTarget	1	302536
1181.9058129651028	1.0	NonTarget	1	302568
1182.0308129188813	1.0	NonTarget	1	302600
1182.15581287266	1.0	NonTarget	1	302632
1182.2808128264385	1.0	NonTarget	1	302664
1182.405812780217	1.0	NonTarget	1	302696
1182.5308127339958	1.0	NonTarget	1	302728
1182.6558126877744	1.0	NonTarget	1	302760
1182.780812641553	1.0	NonTarget	1	302792
1182.9058125953316	1.0	NonTarget	1	302824
1183.0308125491101	1.0	NonTarget	1	302856
1183.1558125028887	1.0	NonTarget	1	302888
1183.2808124566673	1.0	NonTarget	1	302920
1183.4058124104458	1.0	NonTarget	1	302952
1183.5308123642246	1.0	NonTarget	1	302984
1183.6558123180032	1.0	NonTarget	1	303016
1183.7808122717818	1.0	NonTarget	1	303048
1183.9058122255603	1.0	NonTarget	1	303080
1184.030812179339	1.0	NonTarget	1	303112
1184.1558121331175	1.0	NonTarget	1	303144
1184.280812086896	1.0	NonTarget	1	303176
1184.4058120406748	1.0	NonTarget	1	303208
1184.5308119944534	1.0	NonTarget	1	303240
1184.655811948232	1.0	NonTarget	1	303272
1184.7808119020106	1.0	NonTarget	1	303304
1184.9058118557891	1.0	NonTarget	1	303336
1185.0308118095677	1.0	NonTarget	1	303368
1185.1558117633463	1.0	NonTarget	1	303400
1185.2808117171248	1.0	NonTarget	1	303432
1185.4058116709036	1.0	NonTarget	1	303464
1185.5308116246822	1.0	NonTarget	1	303496
1185.6558115784608	1.0	NonTarget	1	303528
1185.7808115322393	1.0	NonTarget	1	303560
1185.905811486018	1.0	NonTarget	1	303592
1186.0308114397965	1.0	NonTarget	1	303624
1186.155811393575	1.0	NonTarget	1	303656
1186.2808113473536	1.0	NonTarget	1	303688
1186.4058113011324	1.0	NonTarget	1	303720
1192.5308090362837	1.0	NonTarget	1	305288
1192.6558089900623	1.0	NonTarget	1	305320
1192.7808089438408	1.0	NonTarget	1	305352
1192.9058088976194	1.0	NonTarget	1	305384
1193.0308088513982	1.0	NonTarget	1	305416
1193.1558088051768	1.0	NonTarget	1	305448
1193.2808087589553	1.0	NonTarget	1	305480
1193.405808712734	1.0	NonTarget	1	305512
1193.5308086665125	1.0	NonTarget	1	305544
1193.655808620291	1.0	NonTarget	1	305576
1193.7808085740696	1.0	NonTarget	1	305608
1193.9058085278482	1.0	NonTarget	1	305640
1194.030808481627	1.0	NonTarget	1	305672
1194.1558084354056	1.0	NonTarget	1	305704
1194.2808083891841	1.0	NonTarget	1	305736
1194.4058083429627	1.0	NonTarget	1	305768
1194.5308082967413	1.0	NonTarget	1	305800
1194.6558082505198	1.0	NonTarget	1	305832
1194.7808082042984	1.0	NonTarget	1	305864
1194.905808158077	1.0	NonTarget	1	305896
1195.0308081118558	1.0	NonTarget	1	305928
1195.1558080656343	1.0	NonTarget	1	305960
1195.280808019413	1.0	NonTarget	1	305992
1195.4058079731915	1.0	NonTarget	1	306024
1195.53080792697	1.0	NonTarget	1	306056
1195.6558078807486	1.0	NonTarget	1	306088
1195.7808078345272	1.0	NonTarget	1	306120
1195.905807788306	1.0	NonTarget	1	306152
1196.0308077420846	1.0	NonTarget	1	306184
1196.1558076958631	1.0	NonTarget	1	306216
1196.2808076496417	1.0	NonTarget	1	306248
1196.4058076034203	1.0	NonTarget	1	306280
1196.5308075571988	1.0	NonTarget	1	306312
1196.6558075109774	1.0	NonTarget	1	306344
1196.780807464756	1.0	NonTarget	1	306376
1196.9058074185348	1.0	NonTarget	1	306408
1197.0308073723133	1.0	NonTarget	1	306440
1197.155807326092	1.0	NonTarget	1	306472
1197.2808072798705	1.0	NonTarget	1	306504
1197.405807233649	1.0	NonTarget	1	306536
1197.5308071874276	1.0	NonTarget	1	306568
1197.6558071412062	1.0	NonTarget	1	306600
1197.780807094985	1.0	NonTarget	1	306632
1197.9058070487636	1.0	NonTarget	1	306664
1198.0308070025421	1.0	NonTarget	1	306696
1198.1558069563207	1.0	NonTarget	1	306728
1198.2808069100993	1.0	NonTarget	1	306760
1198.4058068638778	1.0	NonTarget	1	306792
1198.5308068176564	1.0	NonTarget	1	306824
1198.655806771435	1.0	NonTarget	1	306856
1198.7808067252138	1.0	NonTarget	1	306888
1198.9058066789923	1.0	NonTarget	1	306920
1199.030806632771	1.0	NonTarget	1	306952
1199.1558065865495	1.0	NonTarget	1	306984
1199.280806540328	1.0	NonTarget	1	307016
1199.4058064941066	1.0	NonTarget	1	307048
1199.5308064478852	1.0	NonTarget	1	307080
1199.6558064016638	1.0	NonTarget	1	307112
1199.7808063554426	1.0	NonTarget	1	307144
1199.9058063092211	1.0	NonTarget	1	307176
1200.0308062629997	1.0	NonTarget	1	307208
1200.1558062167783	1.0	NonTarget	1	307240
1200.2808061705568	1.0	NonTarget	1	307272
1200.4058061243354	1.0	NonTarget	1	307304
1200.530806078114	1.0	NonTarget	1	307336
1200.6558060318928	1.0	NonTarget	1	307368
1200.7808059856713	1.0	NonTarget	1	307400
1200.90580593945	1.0	NonTarget	1	307432
1201.0308058932285	1.0	NonTarget	1	307464
1201.155805847007	1.0	NonTarget	1	307496
1201.2808058007856	1.0	NonTarget	1	307528
1201.4058057545642	1.0	NonTarget	1	307560
1201.5308057083428	1.0	NonTarget	1	307592
1201.6558056621216	1.0	NonTarget	1	307624
1201.7808056159001	1.0	NonTarget	1	307656
1201.9058055696787	1.0	NonTarget	1	307688
1202.0308055234573	1.0	NonTarget	1	307720
1202.1558054772358	1.0	NonTarget	1	307752
1202.2808054310144	1.0	NonTarget	1	307784
1202.405805384793	1.0	NonTarget	1	307816
1202.5308053385716	1.0	NonTarget	1	307848
1202.6558052923504	1.0	NonTarget	1	307880
1202.780805246129	1.0	NonTarget	1	307912
1202.9058051999075	1.0	NonTarget	1	307944
1209.0308029350588	1.0	NonTarget	1	309512
1209.1558028888373	1.0	NonTarget	1	309544
1209.2808028426161	1.0	NonTarget	1	309576
1209.4058027963947	1.0	NonTarget	1	309608
1209.5308027501733	1.0	NonTarget	1	309640
1209.6558027039518	1.0	NonTarget	1	309672
1209.7808026577304	1.0	NonTarget	1	309704
1209.905802611509	1.0	NonTarget	1	309736
1210.0308025652876	1.0	NonTarget	1	309768
1210.1558025190661	1.0	NonTarget	1	309800
1210.280802472845	1.0	NonTarget	1	309832
1210.4058024266235	1.0	NonTarget	1	309864
1210.530802380402	1.0	NonTarget	1	309896
1210.6558023341806	1.0	NonTarget	1	309928
1210.7808022879592	1.0	NonTarget	1	309960
1210.9058022417378	1.0	NonTarget	1	309992
1211.0308021955163	1.0	NonTarget	1	310024
1211.155802149295	1.0	NonTarget	1	310056
1211.2808021030737	1.0	NonTarget	1	310088
1211.4058020568523	1.0	NonTarget	1	310120
1211.5308020106309	1.0	NonTarget	1	310152
1211.6558019644094	1.0	NonTarget	1	310184
1211.780801918188	1.0	NonTarget	1	310216
1211.9058018719666	1.0	NonTarget	1	310248
1212.0308018257451	1.0	NonTarget	1	310280
1212.155801779524	1.0	NonTarget	1	310312
1212.2808017333025	1.0	NonTarget	1	310344
1212.405801687081	1.0	NonTarget	1	310376
1212.5308016408596	1.0	NonTarget	1	310408
1212.6558015946382	1.0	NonTarget	1	310440
1212.7808015484168	1.0	NonTarget	1	310472
1212.9058015021953	1.0	NonTarget	1	310504
1213.030801455974	1.0	NonTarget	1	310536
1213.1558014097527	1.0	NonTarget	1	310568
1213.2808013635313	1.0	NonTarget	1	310600
1213.4058013173099	1.0	NonTarget	1	310632
1213.5308012710884	1.0	NonTarget	1	310664
1213.655801224867	1.0	NonTarget	1	310696
1213.7808011786456	1.0	NonTarget	1	310728
1213.9058011324241	1.0	NonTarget	1	310760
1214.0308010862027	1.0	NonTarget	1	310792
1214.1558010399815	1.0	NonTarget	1	310824
1214.28080099376	1.0	NonTarget	1	310856
1214.4058009475386	1.0	NonTarget	1	310888
1214.5308009013172	1.0	NonTarget	1	310920
1214.6558008550958	1.0	NonTarget	1	310952
1214.7808008088743	1.0	NonTarget	1	310984
1214.905800762653	1.0	NonTarget	1	311016
1215.0308007164317	1.0	NonTarget	1	311048
1215.1558006702103	1.0	NonTarget	1	311080
1215.2808006239889	1.0	NonTarget	1	311112
1215.4058005777674	1.0	NonTarget	1	311144
1215.530800531546	1.0	NonTarget	1	311176
1215.6558004853246	1.0	NonTarget	1	311208
1215.7808004391031	1.0	NonTarget	1	311240
1215.9058003928817	1.0	NonTarget	1	311272
1216.0308003466605	1.0	NonTarget	1	311304
1216.155800300439	1.0	NonTarget	1	311336
1216.2808002542176	1.0	NonTarget	1	311368
1216.4058002079962	1.0	NonTarget	1	311400
1216.5308001617748	1.0	NonTarget	1	311432
1216.6558001155533	1.0	NonTarget	1	311464
1216.780800069332	1.0	NonTarget	1	311496
1216.9058000231105	1.0	NonTarget	1	311528
1217.0307999768893	1.0	NonTarget	1	311560
1217.1557999306679	1.0	NonTarget	1	311592
1217.2807998844464	1.0	NonTarget	1	311624
1217.405799838225	1.0	NonTarget	1	311656
1217.5307997920036	1.0	NonTarget	1	311688
1217.6557997457821	1.0	NonTarget	1	311720
1217.7807996995607	1.0	NonTarget	1	311752
1217.9057996533395	1.0	NonTarget	1	311784
1218.030799607118	1.0	NonTarget	1	311816
1218.1557995608966	1.0	NonTarget	1	311848
1218.2807995146752	1.0	NonTarget	1	311880
1218.4057994684538	1.0	NonTarget	1	311912
1218.5307994222323	1.0	NonTarget	1	311944
1218.655799376011	1.0	NonTarget	1	311976
1218.7807993297895	1.0	NonTarget	1	312008
1218.9057992835683	1.0	NonTarget	1	312040
1219.0307992373469	1.0	NonTarget	1	312072
1219.1557991911254	1.0	NonTarget	1	312104
1219.280799144904	1.0	NonTarget	1	312136
1219.4057990986826	1.0	NonTarget	1	312168
1225.530796833834	1.0	NonTarget	1	313736
1225.6557967876126	1.0	NonTarget	1	313768
1225.7807967413912	1.0	NonTarget	1	313800
1225.9057966951698	1.0	NonTarget	1	313832
1226.0307966489484	1.0	NonTarget	1	313864
1226.155796602727	1.0	NonTarget	1	313896
1226.2807965565055	1.0	NonTarget	1	313928
1226.405796510284	1.0	NonTarget	1	313960
1226.5307964640629	1.0	NonTarget	1	313992
1226.6557964178414	1.0	NonTarget	1	314024
1226.78079637162	1.0	NonTarget	1	314056
1226.9057963253986	1.0	NonTarget	1	314088
1227.0307962791771	1.0	NonTarget	1	314120
1227.1557962329557	1.0	NonTarget	1	314152
1227.2807961867343	1.0	NonTarget	1	314184
1227.4057961405128	1.0	NonTarget	1	314216
1227.5307960942916	1.0	NonTarget	1	314248
1227.6557960480702	1.0	NonTarget	1	314280
1227.7807960018488	1.0	NonTarget	1	314312
1227.9057959556274	1.0	NonTarget	1	314344
1228.030795909406	1.0	NonTarget	1	314376
1228.1557958631845	1.0	NonTarget	1	314408
1228.280795816963	1.0	NonTarget	1	314440
1228.4057957707419	1.0	NonTarget	1	314472
1228.5307957245204	1.0	NonTarget	1	314504
1228.655795678299	1.0	NonTarget	1	314536
1228.7807956320776	1.0	NonTarget	1	314568
1228.9057955858561	1.0	NonTarget	1	314600
1229.0307955396347	1.0	NonTarget	1	314632
1229.1557954934133	1.0	NonTarget	1	314664
1229.2807954471918	1.0	NonTarget	1	314696
1229.4057954009706	1.0	NonTarget	1	314728
1229.5307953547492	1.0	NonTarget	1	314760
1229.6557953085278	1.0	NonTarget	1	314792
1229.7807952623064	1.0	NonTarget	1	314824
1229.905795216085	1.0	NonTarget	1	314856
1230.0307951698635	1.0	NonTarget	1	314888
1230.155795123642	1.0	NonTarget	1	314920
1230.2807950774206	1.0	NonTarget	1	314952
1230.4057950311994	1.0	NonTarget	1	314984
1230.530794984978	1.0	NonTarget	1	315016
1230.6557949387566	1.0	NonTarget	1	315048
1230.7807948925351	1.0	NonTarget	1	315080
1230.9057948463137	1.0	NonTarget	1	315112
1231.0307948000923	1.0	NonTarget	1	315144
1231.1557947538709	1.0	NonTarget	1	315176
1231.2807947076496	1.0	NonTarget	1	315208
1231.4057946614282	1.0	NonTarget	1	315240
1231.5307946152068	1.0	NonTarget	1	315272
1231.6557945689854	1.0	NonTarget	1	315304
1231.780794522764	1.0	NonTarget	1	315336
1231.9057944765425	1.0	NonTarget	1	315368
1232.030794430321	1.0	NonTarget	1	315400
1232.1557943840996	1.0	NonTarget	1	315432
1232.2807943378784	1.0	NonTarget	1	315464
1232.405794291657	1.0	NonTarget	1	315496
1232.5307942454356	1.0	NonTarget	1	315528
1232.6557941992141	1.0	NonTarget	1	315560
1232.7807941529927	1.0	NonTarget	1	315592
1232.9057941067713	1.0	NonTarget	1	315624
1233.0307940605499	1.0	NonTarget	1	315656
1233.1557940143284	1.0	NonTarget	1	315688
1233.2807939681072	1.0	NonTarget	1	315720
1233.4057939218858	1.0	NonTarget	1	315752
1233.5307938756644	1.0	NonTarget	1	315784
1233.655793829443	1.0	NonTarget	1	315816
1233.7807937832215	1.0	NonTarget	1	315848
1233.905793737	1.0	NonTarget	1	315880
1234.0307936907786	1.0	NonTarget	1	315912
1234.1557936445574	1.0	NonTarget	1	315944
1234.280793598336	1.0	NonTarget	1	315976
1234.4057935521146	1.0	NonTarget	1	316008
1234.5307935058931	1.0	NonTarget	1	316040
1234.6557934596717	1.0	NonTarget	1	316072
1234.7807934134503	1.0	NonTarget	1	316104
1234.9057933672289	1.0	NonTarget	1	316136
1235.0307933210074	1.0	NonTarget	1	316168
1235.1557932747862	1.0	NonTarget	1	316200
1235.2807932285648	1.0	NonTarget	1	316232
1235.4057931823434	1.0	NonTarget	1	316264
1235.530793136122	1.0	NonTarget	1	316296
1235.6557930899005	1.0	NonTarget	1	316328
1235.780793043679	1.0	NonTarget	1	316360
1235.9057929974576	1.0	NonTarget	1	316392
1242.0307907326091	1.0	NonTarget	1	317960
1242.1557906863877	1.0	NonTarget	1	317992
1242.2807906401663	1.0	NonTarget	1	318024
1242.4057905939449	1.0	NonTarget	1	318056
1242.5307905477234	1.0	NonTarget	1	318088
1242.655790501502	1.0	NonTarget	1	318120
1242.7807904552808	1.0	NonTarget	1	318152
1242.9057904090594	1.0	NonTarget	1	318184
1243.030790362838	1.0	NonTarget	1	318216
1243.1557903166165	1.0	NonTarget	1	318248
1243.280790270395	1.0	NonTarget	1	318280
1243.4057902241736	1.0	NonTarget	1	318312
1243.5307901779522	1.0	NonTarget	1	318344
1243.6557901317308	1.0	NonTarget	1	318376
1243.7807900855096	1.0	NonTarget	1	318408
1243.9057900392881	1.0	NonTarget	1	318440
1244.0307899930667	1.0	NonTarget	1	318472
1244.1557899468453	1.0	NonTarget	1	318504
1244.2807899006239	1.0	NonTarget	1	318536
1244.4057898544024	1.0	NonTarget	1	318568
1244.530789808181	1.0	NonTarget	1	318600
1244.6557897619598	1.0	NonTarget	1	318632
1244.7807897157384	1.0	NonTarget	1	318664
1244.905789669517	1.0	NonTarget	1	318696
1245.0307896232955	1.0	NonTarget	1	318728
1245.155789577074	1.0	NonTarget	1	318760
1245.2807895308526	1.0	NonTarget	1	318792
1245.4057894846312	1.0	NonTarget	1	318824
1245.5307894384098	1.0	NonTarget	1	318856
1245.6557893921886	1.0	NonTarget	1	318888
1245.7807893459672	1.0	NonTarget	1	318920
1245.9057892997457	1.0	NonTarget	1	318952
1246.0307892535243	1.0	NonTarget	1	318984
1246.1557892073029	1.0	NonTarget	1	319016
1246.2807891610814	1.0	NonTarget	1	319048
1246.40578911486	1.0	NonTarget	1	319080
1246.5307890686386	1.0	NonTarget	1	319112
1246.6557890224174	1.0	NonTarget	1	319144
1246.780788976196	1.0	NonTarget	1	319176
1246.9057889299745	1.0	NonTarget	1	319208
1247.030788883753	1.0	NonTarget	1	319240
1247.1557888375316	1.0	NonTarget	1	319272
1247.2807887913102	1.0	NonTarget	1	319304
1247.4057887450888	1.0	NonTarget	1	319336
1247.5307886988676	1.0	NonTarget	1	319368
1247.6557886526462	1.0	NonTarget	1	319400
1247.7807886064247	1.0	NonTarget	1	319432
1247.9057885602033	1.0	NonTarget	1	319464
1248.0307885139819	1.0	NonTarget	1	319496
1248.1557884677604	1.0	NonTarget	1	319528
1248.280788421539	1.0	NonTarget	1	319560
1248.4057883753176	1.0	NonTarget	1	319592
1248.5307883290964	1.0	NonTarget	1	319624
1248.655788282875	1.0	NonTarget	1	319656
1248.7807882366535	1.0	NonTarget	1	319688
1248.905788190432	1.0	NonTarget	1	319720
1249.0307881442106	1.0	NonTarget	1	319752
1249.1557880979892	1.0	NonTarget	1	319784
1249.2807880517678	1.0	NonTarget	1	319816
1249.4057880055464	1.0	NonTarget	1	319848
1249.5307879593252	1.0	NonTarget	1	319880
1249.6557879131037	1.0	NonTarget	1	319912
1249.7807878668823	1.0	NonTarget	1	319944
1249.9057878206609	1.0	NonTarget	1	319976
1250.0307877744394	1.0	NonTarget	1	320008
1250.155787728218	1.0	NonTarget	1	320040
1250.2807876819966	1.0	NonTarget	1	320072
1250.4057876357754	1.0	NonTarget	1	320104
1250.530787589554	1.0	NonTarget	1	320136
1250.6557875433325	1.0	NonTarget	1	320168
1250.780787497111	1.0	NonTarget	1	320200
1250.9057874508896	1.0	NonTarget	1	320232
1251.0307874046682	1.0	NonTarget	1	320264
1251.1557873584468	1.0	NonTarget	1	320296
1251.2807873122254	1.0	NonTarget	1	320328
1251.4057872660042	1.0	NonTarget	1	320360
1251.5307872197827	1.0	NonTarget	1	320392
1251.6557871735613	1.0	NonTarget	1	320424
1251.7807871273399	1.0	NonTarget	1	320456
1251.9057870811184	1.0	NonTarget	1	320488
1252.030787034897	1.0	NonTarget	1	320520
1252.1557869886756	1.0	NonTarget	1	320552
1252.2807869424541	1.0	NonTarget	1	320584
1252.405786896233	1.0	NonTarget	1	320616
1258.5307846313842	1.0	NonTarget	1	322184
1258.6557845851628	1.0	NonTarget	1	322216
1258.7807845389414	1.0	NonTarget	1	322248
1258.90578449272	1.0	NonTarget	1	322280
1259.0307844464987	1.0	NonTarget	1	322312
1259.1557844002773	1.0	NonTarget	1	322344
1259.2807843540559	1.0	NonTarget	1	322376
1259.4057843078344	1.0	NonTarget	1	322408
1259.530784261613	1.0	NonTarget	1	322440
1259.6557842153916	1.0	NonTarget	1	322472
1259.7807841691701	1.0	NonTarget	1	322504
1259.9057841229487	1.0	NonTarget	1	322536
1260.0307840767275	1.0	NonTarget	1	322568
1260.155784030506	1.0	NonTarget	1	322600
1260.2807839842847	1.0	NonTarget	1	322632
1260.4057839380632	1.0	NonTarget	1	322664
1260.5307838918418	1.0	NonTarget	1	322696
1260.6557838456204	1.0	NonTarget	1	322728
1260.780783799399	1.0	NonTarget	1	322760
1260.9057837531777	1.0	NonTarget	1	322792
1261.0307837069563	1.0	NonTarget	1	322824
1261.1557836607349	1.0	NonTarget	1	322856
1261.2807836145134	1.0	NonTarget	1	322888
1261.405783568292	1.0	NonTarget	1	322920
1261.5307835220706	1.0	NonTarget	1	322952
1261.6557834758491	1.0	NonTarget	1	322984
1261.7807834296277	1.0	NonTarget	1	323016
1261.9057833834065	1.0	NonTarget	1	323048
1262.030783337185	1.0	NonTarget	1	323080
1262.1557832909637	1.0	NonTarget	1	323112
1262.2807832447422	1.0	NonTarget	1	323144
1262.4057831985208	1.0	NonTarget	1	323176
1262.5307831522994	1.0	NonTarget	1	323208
1262.655783106078	1.0	NonTarget	1	323240
1262.7807830598565	1.0	NonTarget	1	323272
1262.9057830136353	1.0	NonTarget	1	323304
1263.0307829674139	1.0	NonTarget	1	323336
1263.1557829211924	1.0	NonTarget	1	323368
1263.280782874971	1.0	NonTarget	1	323400
1263.4057828287496	1.0	NonTarget	1	323432
1263.5307827825281	1.0	NonTarget	1	323464
1263.6557827363067	1.0	NonTarget	1	323496
1263.7807826900855	1.0	NonTarget	1	323528
1263.905782643864	1.0	NonTarget	1	323560
1264.0307825976427	1.0	NonTarget	1	323592
1264.1557825514212	1.0	NonTarget	1	323624
1264.2807825051998	1.0	NonTarget	1	323656
1264.4057824589784	1.0	NonTarget	1	323688
1264.530782412757	1.0	NonTarget	1	323720
1264.6557823665355	1.0	NonTarget	1	323752
1264.7807823203143	1.0	NonTarget	1	323784
1264.9057822740929	1.0	NonTarget	1	323816
1265.0307822278714	1.0	NonTarget	1	323848
1265.15578218165	1.0	NonTarget	1	323880
1265.2807821354286	1.0	NonTarget	1	323912
1265.4057820892072	1.0	NonTarget	1	323944
1265.5307820429857	1.0	NonTarget	1	323976
1265.6557819967643	1.0	NonTarget	1	324008
1265.780781950543	1.0	NonTarget	1	324040
1265.9057819043217	1.0	NonTarget	1	324072
1266.0307818581002	1.0	NonTarget	1	324104
1266.1557818118788	1.0	NonTarget	1	324136
1266.2807817656574	1.0	NonTarget	1	324168
1266.405781719436	1.0	NonTarget	1	324200
1266.5307816732145	1.0	NonTarget	1	324232
1266.6557816269933	1.0	NonTarget	1	324264
1266.7807815807719	1.0	NonTarget	1	324296
1266.9057815345504	1.0	NonTarget	1	324328
1267.030781488329	1.0	NonTarget	1	324360
1267.1557814421076	1.0	NonTarget	1	324392
1267.2807813958862	1.0	NonTarget	1	324424
1267.4057813496647	1.0	NonTarget	1	324456
1267.5307813034433	1.0	NonTarget	1	324488
1267.655781257222	1.0	NonTarget	1	324520
1267.7807812110007	1.0	NonTarget	1	324552
1267.9057811647792	1.0	NonTarget	1	324584
1268.0307811185578	1.0	NonTarget	1	324616
1268.1557810723364	1.0	NonTarget	1	324648
1268.280781026115	1.0	NonTarget	1	324680
1268.4057809798935	1.0	NonTarget	1	324712
1268.530780933672	1.0	NonTarget	1	324744
1268.6557808874509	1.0	NonTarget	1	324776
1268.7807808412294	1.0	NonTarget	1	324808
1268.905780795008	1.0	NonTarget	1	324840
1275.0307785301593	1.0	NonTarget	1	326408
1275.1557784839379	1.0	NonTarget	1	326440
1275.2807784377167	1.0	NonTarget	1	326472
1275.4057783914952	1.0	NonTarget	1	326504
1275.5307783452738	1.0	NonTarget	1	326536
1275.6557782990524	1.0	NonTarget	1	326568
1275.780778252831	1.0	NonTarget	1	326600
1275.9057782066095	1.0	NonTarget	1	326632
1276.030778160388	1.0	NonTarget	1	326664
1276.1557781141667	1.0	NonTarget	1	326696
1276.2807780679454	1.0	NonTarget	1	326728
1276.405778021724	1.0	NonTarget	1	326760
1276.5307779755026	1.0	NonTarget	1	326792
1276.6557779292812	1.0	NonTarget	1	326824
1276.7807778830597	1.0	NonTarget	1	326856
1276.9057778368383	1.0	NonTarget	1	326888
1277.0307777906169	1.0	NonTarget	1	326920
1277.1557777443957	1.0	NonTarget	1	326952
1277.2807776981742	1.0	NonTarget	1	326984
1277.4057776519528	1.0	NonTarget	1	327016
1277.5307776057314	1.0	NonTarget	1	327048
1277.65577755951	1.0	NonTarget	1	327080
1277.7807775132885	1.0	NonTarget	1	327112
1277.905777467067	1.0	NonTarget	1	327144
1278.0307774208457	1.0	NonTarget	1	327176
1278.1557773746244	1.0	NonTarget	1	327208
1278.280777328403	1.0	NonTarget	1	327240
1278.4057772821816	1.0	NonTarget	1	327272
1278.5307772359602	1.0	NonTarget	1	327304
1278.6557771897387	1.0	NonTarget	1	327336
1278.7807771435173	1.0	NonTarget	1	327368
1278.9057770972959	1.0	NonTarget	1	327400
1279.0307770510744	1.0	NonTarget	1	327432
1279.1557770048532	1.0	NonTarget	1	327464
1279.2807769586318	1.0	NonTarget	1	327496
1279.4057769124104	1.0	NonTarget	1	327528
1279.530776866189	1.0	NonTarget	1	327560
1279.6557768199675	1.0	NonTarget	1	327592
1279.780776773746	1.0	NonTarget	1	327624
1279.9057767275247	1.0	NonTarget	1	327656
1280.0307766813035	1.0	NonTarget	1	327688
1280.155776635082	1.0	NonTarget	1	327720
1280.2807765888606	1.0	NonTarget	1	327752
1280.4057765426392	1.0	NonTarget	1	327784
1280.5307764964177	1.0	NonTarget	1	327816
1280.6557764501963	1.0	NonTarget	1	327848
1280.7807764039749	1.0	NonTarget	1	327880
1280.9057763577534	1.0	NonTarget	1	327912
1281.0307763115322	1.0	NonTarget	1	327944
1281.1557762653108	1.0	NonTarget	1	327976
1281.2807762190894	1.0	NonTarget	1	328008
1281.405776172868	1.0	NonTarget	1	328040
1281.5307761266465	1.0	NonTarget	1	328072
1281.655776080425	1.0	NonTarget	1	328104
1281.7807760342037	1.0	NonTarget	1	328136
1281.9057759879822	1.0	NonTarget	1	328168
1282.030775941761	1.0	NonTarget	1	328200
1282.1557758955396	1.0	NonTarget	1	328232
1282.2807758493182	1.0	NonTarget	1	328264
1282.4057758030967	1.0	NonTarget	1	328296
1282.5307757568753	1.0	NonTarget	1	328328
1282.6557757106539	1.0	NonTarget	1	328360
1282.7807756644324	1.0	NonTarget	1	328392
1282.9057756182112	1.0	NonTarget	1	328424
1283.0307755719898	1.0	NonTarget	1	328456
1283.1557755257684	1.0	NonTarget	1	328488
1283.280775479547	1.0	NonTarget	1	328520
1283.4057754333255	1.0	NonTarget	1	328552
1283.530775387104	1.0	NonTarget	1	328584
1283.6557753408827	1.0	NonTarget	1	328616
1283.7807752946612	1.0	NonTarget	1	328648
1283.90577524844	1.0	NonTarget	1	328680
1284.0307752022186	1.0	NonTarget	1	328712
1284.1557751559972	1.0	NonTarget	1	328744
1284.2807751097757	1.0	NonTarget	1	328776
1284.4057750635543	1.0	NonTarget	1	328808
1284.5307750173329	1.0	NonTarget	1	328840
1284.6557749711114	1.0	NonTarget	1	328872
1284.78077492489	1.0	NonTarget	1	328904
1284.9057748786688	1.0	NonTarget	1	328936
1285.0307748324474	1.0	NonTarget	1	328968
1285.155774786226	1.0	NonTarget	1	329000
1285.2807747400045	1.0	NonTarget	1	329032
1285.405774693783	1.0	NonTarget	1	329064
1291.5307724289346	1.0	NonTarget	1	330632
1291.6557723827132	1.0	NonTarget	1	330664
1291.7807723364917	1.0	NonTarget	1	330696
1291.9057722902703	1.0	NonTarget	1	330728
1292.0307722440489	1.0	NonTarget	1	330760
1292.1557721978274	1.0	NonTarget	1	330792
1292.280772151606	1.0	NonTarget	1	330824
1292.4057721053846	1.0	NonTarget	1	330856
1292.5307720591634	1.0	NonTarget	1	330888
1292.655772012942	1.0	NonTarget	1	330920
1292.7807719667205	1.0	NonTarget	1	330952
1292.905771920499	1.0	NonTarget	1	330984
1293.0307718742777	1.0	NonTarget	1	331016
1293.1557718280562	1.0	NonTarget	1	331048
1293.2807717818348	1.0	NonTarget	1	331080
1293.4057717356134	1.0	NonTarget	1	331112
1293.5307716893922	1.0	NonTarget	1	331144
1293.6557716431707	1.0	NonTarget	1	331176
1293.7807715969493	1.0	NonTarget	1	331208
1293.9057715507279	1.0	NonTarget	1	331240
1294.0307715045064	1.0	NonTarget	1	331272
1294.155771458285	1.0	NonTarget	1	331304
1294.2807714120636	1.0	NonTarget	1	331336
1294.4057713658424	1.0	NonTarget	1	331368
1294.530771319621	1.0	NonTarget	1	331400
1294.6557712733995	1.0	NonTarget	1	331432
1294.780771227178	1.0	NonTarget	1	331464
1294.9057711809567	1.0	NonTarget	1	331496
1295.0307711347352	1.0	NonTarget	1	331528
1295.1557710885138	1.0	NonTarget	1	331560
1295.2807710422924	1.0	NonTarget	1	331592
1295.4057709960712	1.0	NonTarget	1	331624
1295.5307709498497	1.0	NonTarget	1	331656
1295.6557709036283	1.0	NonTarget	1	331688
1295.7807708574069	1.0	NonTarget	1	331720
1295.9057708111854	1.0	NonTarget	1	331752
1296.030770764964	1.0	NonTarget	1	331784
1296.1557707187426	1.0	NonTarget	1	331816
1296.2807706725214	1.0	NonTarget	1	331848
1296.4057706263	1.0	NonTarget	1	331880
1296.5307705800785	1.0	NonTarget	1	331912
1296.655770533857	1.0	NonTarget	1	331944
1296.7807704876357	1.0	NonTarget	1	331976
1296.9057704414142	1.0	NonTarget	1	332008
1297.0307703951928	1.0	NonTarget	1	332040
1297.1557703489714	1.0	NonTarget	1	332072
1297.2807703027502	1.0	NonTarget	1	332104
1297.4057702565287	1.0	NonTarget	1	332136
1297.5307702103073	1.0	NonTarget	1	332168
1297.6557701640859	1.0	NonTarget	1	332200
1297.7807701178644	1.0	NonTarget	1	332232
1297.905770071643	1.0	NonTarget	1	332264
1298.0307700254216	1.0	NonTarget	1	332296
1298.1557699792002	1.0	NonTarget	1	332328
1298.280769932979	1.0	NonTarget	1	332360
1298.4057698867575	1.0	NonTarget	1	332392
1298.530769840536	1.0	NonTarget	1	332424
1298.6557697943147	1.0	NonTarget	1	332456
1298.7807697480932	1.0	NonTarget	1	332488
1298.9057697018718	1.0	NonTarget	1	332520
1299.0307696556504	1.0	NonTarget	1	332552
1299.1557696094292	1.0	NonTarget	1	332584
1299.2807695632077	1.0	NonTarget	1	332616
1299.4057695169863	1.0	NonTarget	1	332648
1299.5307694707649	1.0	NonTarget	1	332680
1299.6557694245435	1.0	NonTarget	1	332712
1299.780769378322	1.0	NonTarget	1	332744
1299.9057693321006	1.0	NonTarget	1	332776
1300.0307692858792	1.0	NonTarget	1	332808
1300.155769239658	1.0	NonTarget	1	332840
1300.2807691934365	1.0	NonTarget	1	332872
1300.405769147215	1.0	NonTarget	1	332904
1300.5307691009937	1.0	NonTarget	1	332936
1300.6557690547722	1.0	NonTarget	1	332968
1300.7807690085508	1.0	NonTarget	1	333000
1300.9057689623294	1.0	NonTarget	1	333032
1301.030768916108	1.0	NonTarget	1	333064
1301.1557688698867	1.0	NonTarget	1	333096
1301.2807688236653	1.0	NonTarget	1	333128
1301.4057687774439	1.0	NonTarget	1	333160
1301.5307687312225	1.0	NonTarget	1	333192
1301.655768685001	1.0	NonTarget	1	333224
1301.7807686387796	1.0	NonTarget	1	333256
1301.9057685925582	1.0	NonTarget	1	333288
1308.0307663277097	1.0	NonTarget	1	334856
1308.1557662814882	1.0	NonTarget	1	334888
1308.2807662352668	1.0	NonTarget	1	334920
1308.4057661890454	1.0	NonTarget	1	334952
1308.530766142824	1.0	NonTarget	1	334984
1308.6557660966025	1.0	NonTarget	1	335016
1308.7807660503813	1.0	NonTarget	1	335048
1308.90576600416	1.0	NonTarget	1	335080
1309.0307659579385	1.0	NonTarget	1	335112
1309.155765911717	1.0	NonTarget	1	335144
1309.2807658654956	1.0	NonTarget	1	335176
1309.4057658192742	1.0	NonTarget	1	335208
1309.5307657730527	1.0	NonTarget	1	335240
1309.6557657268313	1.0	NonTarget	1	335272
1309.78076568061	1.0	NonTarget	1	335304
1309.9057656343887	1.0	NonTarget	1	335336
1310.0307655881672	1.0	NonTarget	1	335368
1310.1557655419458	1.0	NonTarget	1	335400
1310.2807654957244	1.0	NonTarget	1	335432
1310.405765449503	1.0	NonTarget	1	335464
1310.5307654032815	1.0	NonTarget	1	335496
1310.6557653570603	1.0	NonTarget	1	335528
1310.780765310839	1.0	NonTarget	1	335560
1310.9057652646175	1.0	NonTarget	1	335592
1311.030765218396	1.0	NonTarget	1	335624
1311.1557651721746	1.0	NonTarget	1	335656
1311.2807651259532	1.0	NonTarget	1	335688
1311.4057650797317	1.0	NonTarget	1	335720
1311.5307650335103	1.0	NonTarget	1	335752
1311.655764987289	1.0	NonTarget	1	335784
1311.7807649410677	1.0	NonTarget	1	335816
1311.9057648948462	1.0	NonTarget	1	335848
1312.0307648486248	1.0	NonTarget	1	335880
1312.1557648024034	1.0	NonTarget	1	335912
1312.280764756182	1.0	NonTarget	1	335944
1312.4057647099605	1.0	NonTarget	1	335976
1312.530764663739	1.0	NonTarget	1	336008
1312.655764617518	1.0	NonTarget	1	336040
1312.7807645712965	1.0	NonTarget	1	336072
1312.905764525075	1.0	NonTarget	1	336104
1313.0307644788536	1.0	NonTarget	1	336136
1313.1557644326322	1.0	NonTarget	1	336168
1313.2807643864107	1.0	NonTarget	1	336200
1313.4057643401893	1.0	NonTarget	1	336232
1313.530764293968	1.0	NonTarget	1	336264
1313.6557642477467	1.0	NonTarget	1	336296
1313.7807642015252	1.0	NonTarget	1	336328
1313.9057641553038	1.0	NonTarget	1	336360
1314.0307641090824	1.0	NonTarget	1	336392
1314.155764062861	1.0	NonTarget	1	336424
1314.2807640166395	1.0	NonTarget	1	336456
1314.405763970418	1.0	NonTarget	1	336488
1314.530763924197	1.0	NonTarget	1	336520
1314.6557638779755	1.0	NonTarget	1	336552
1314.780763831754	1.0	NonTarget	1	336584
1314.9057637855326	1.0	NonTarget	1	336616
1315.0307637393112	1.0	NonTarget	1	336648
1315.1557636930897	1.0	NonTarget	1	336680
1315.2807636468683	1.0	NonTarget	1	336712
1315.4057636006469	1.0	NonTarget	1	336744
1315.5307635544257	1.0	NonTarget	1	336776
1315.6557635082042	1.0	NonTarget	1	336808
1315.7807634619828	1.0	NonTarget	1	336840
1315.9057634157614	1.0	NonTarget	1	336872
1316.03076336954	1.0	NonTarget	1	336904
1316.1557633233185	1.0	NonTarget	1	336936
1316.280763277097	1.0	NonTarget	1	336968
1316.405763230876	1.0	NonTarget	1	337000
1316.5307631846545	1.0	NonTarget	1	337032
1316.655763138433	1.0	NonTarget	1	337064
1316.7807630922116	1.0	NonTarget	1	337096
1316.9057630459902	1.0	NonTarget	1	337128
1317.0307629997687	1.0	NonTarget	1	337160
1317.1557629535473	1.0	NonTarget	1	337192
1317.2807629073259	1.0	NonTarget	1	337224
1317.4057628611047	1.0	NonTarget	1	337256
1317.5307628148832	1.0	NonTarget	1	337288
1317.6557627686618	1.0	NonTarget	1	337320
1317.7807627224404	1.0	NonTarget	1	337352
1317.905762676219	1.0	NonTarget	1	337384
1318.0307626299975	1.0	NonTarget	1	337416
1318.155762583776	1.0	NonTarget	1	337448
1318.280762537555	1.0	NonTarget	1	337480
1318.4057624913335	1.0	NonTarget	1	337512
1324.5307602264847	1.0	NonTarget	1	339080
1324.6557601802633	1.0	NonTarget	1	339112
1324.7807601340419	1.0	NonTarget	1	339144
1324.9057600878205	1.0	NonTarget	1	339176
1325.0307600415993	1.0	NonTarget	1	339208
1325.1557599953778	1.0	NonTarget	1	339240
1325.2807599491564	1.0	NonTarget	1	339272
1325.405759902935	1.0	NonTarget	1	339304
1325.5307598567135	1.0	NonTarget	1	339336
1325.655759810492	1.0	NonTarget	1	339368
1325.7807597642707	1.0	NonTarget	1	339400
1325.9057597180492	1.0	NonTarget	1	339432
1326.030759671828	1.0	NonTarget	1	339464
1326.1557596256066	1.0	NonTarget	1	339496
1326.2807595793852	1.0	NonTarget	1	339528
1326.4057595331637	1.0	NonTarget	1	339560
1326.5307594869423	1.0	NonTarget	1	339592
1326.6557594407209	1.0	NonTarget	1	339624
1326.7807593944995	1.0	NonTarget	1	339656
1326.9057593482783	1.0	NonTarget	1	339688
1327.0307593020568	1.0	NonTarget	1	339720
1327.1557592558354	1.0	NonTarget	1	339752
1327.280759209614	1.0	NonTarget	1	339784
1327.4057591633925	1.0	NonTarget	1	339816
1327.530759117171	1.0	NonTarget	1	339848
1327.6557590709497	1.0	NonTarget	1	339880
1327.7807590247282	1.0	NonTarget	1	339912
1327.905758978507	1.0	NonTarget	1	339944
1328.0307589322856	1.0	NonTarget	1	339976
1328.1557588860642	1.0	NonTarget	1	340008
1328.2807588398427	1.0	NonTarget	1	340040
1328.4057587936213	1.0	NonTarget	1	340072
1328.5307587474	1.0	NonTarget	1	340104
1328.6557587011785	1.0	NonTarget	1	340136
1328.780758654957	1.0	NonTarget	1	340168
1328.9057586087358	1.0	NonTarget	1	340200
1329.0307585625144	1.0	NonTarget	1	340232
1329.155758516293	1.0	NonTarget	1	340264
1329.2807584700715	1.0	NonTarget	1	340296
1329.40575842385	1.0	NonTarget	1	340328
1329.5307583776287	1.0	NonTarget	1	340360
1329.6557583314072	1.0	NonTarget	1	340392
1329.780758285186	1.0	NonTarget	1	340424
1329.9057582389646	1.0	NonTarget	1	340456
1330.0307581927432	1.0	NonTarget	1	340488
1330.1557581465217	1.0	NonTarget	1	340520
1330.2807581003003	1.0	NonTarget	1	340552
1330.405758054079	1.0	NonTarget	1	340584
1330.5307580078575	1.0	NonTarget	1	340616
1330.655757961636	1.0	NonTarget	1	340648
1330.7807579154148	1.0	NonTarget	1	340680
1330.9057578691934	1.0	NonTarget	1	340712
1331.030757822972	1.0	NonTarget	1	340744
1331.1557577767505	1.0	NonTarget	1	340776
1331.280757730529	1.0	NonTarget	1	340808
1331.4057576843077	1.0	NonTarget	1	340840
1331.5307576380862	1.0	NonTarget	1	340872
1331.6557575918648	1.0	NonTarget	1	340904
1331.7807575456436	1.0	NonTarget	1	340936
1331.9057574994222	1.0	NonTarget	1	340968
1332.0307574532007	1.0	NonTarget	1	341000
1332.1557574069793	1.0	NonTarget	1	341032
1332.280757360758	1.0	NonTarget	1	341064
1332.4057573145365	1.0	NonTarget	1	341096
1332.530757268315	1.0	NonTarget	1	341128
1332.6557572220938	1.0	NonTarget	1	341160
1332.7807571758724	1.0	NonTarget	1	341192
1332.905757129651	1.0	NonTarget	1	341224
1333.0307570834295	1.0	NonTarget	1	341256
1333.155757037208	1.0	NonTarget	1	341288
1333.2807569909867	1.0	NonTarget	1	341320
1333.4057569447652	1.0	NonTarget	1	341352
1333.5307568985438	1.0	NonTarget	1	341384
1333.6557568523226	1.0	NonTarget	1	341416
1333.7807568061012	1.0	NonTarget	1	341448
1333.9057567598798	1.0	NonTarget	1	341480
1334.0307567136583	1.0	NonTarget	1	341512
1334.155756667437	1.0	NonTarget	1	341544
1334.2807566212155	1.0	NonTarget	1	341576
1334.405756574994	1.0	NonTarget	1	341608
1334.5307565287726	1.0	NonTarget	1	341640
1334.6557564825514	1.0	NonTarget	1	341672
1334.78075643633	1.0	NonTarget	1	341704
1334.9057563901085	1.0	NonTarget	1	341736
1341.0307541252598	1.0	NonTarget	1	343304
1341.1557540790384	1.0	NonTarget	1	343336
1341.2807540328172	1.0	NonTarget	1	343368
1341.4057539865958	1.0	NonTarget	1	343400
1341.5307539403743	1.0	NonTarget	1	343432
1341.655753894153	1.0	NonTarget	1	343464
1341.7807538479315	1.0	NonTarget	1	343496
1341.90575380171	1.0	NonTarget	1	343528
1342.0307537554886	1.0	NonTarget	1	343560
1342.1557537092672	1.0	NonTarget	1	343592
1342.280753663046	1.0	NonTarget	1	343624
1342.4057536168245	1.0	NonTarget	1	343656
1342.530753570603	1.0	NonTarget	1	343688
1342.6557535243817	1.0	NonTarget	1	343720
1342.7807534781602	1.0	NonTarget	1	343752
1342.9057534319388	1.0	NonTarget	1	343784
1343.0307533857174	1.0	NonTarget	1	343816
1343.1557533394962	1.0	NonTarget	1	343848
1343.2807532932748	1.0	NonTarget	1	343880
1343.4057532470533	1.0	NonTarget	1	343912
1343.530753200832	1.0	NonTarget	1	343944
1343.6557531546105	1.0	NonTarget	1	343976
1343.780753108389	1.0	NonTarget	1	344008
1343.9057530621676	1.0	NonTarget	1	344040
1344.0307530159462	1.0	NonTarget	1	344072
1344.155752969725	1.0	NonTarget	1	344104
1344.2807529235035	1.0	NonTarget	1	344136
1344.405752877282	1.0	NonTarget	1	344168
1344.5307528310607	1.0	NonTarget	1	344200
1344.6557527848393	1.0	NonTarget	1	344232
1344.7807527386178	1.0	NonTarget	1	344264
1344.9057526923964	1.0	NonTarget	1	344296
1345.030752646175	1.0	NonTarget	1	344328
1345.1557525999538	1.0	NonTarget	1	344360
1345.2807525537323	1.0	NonTarget	1	344392
1345.405752507511	1.0	NonTarget	1	344424
1345.5307524612895	1.0	NonTarget	1	344456
1345.655752415068	1.0	NonTarget	1	344488
1345.7807523688466	1.0	NonTarget	1	344520
1345.9057523226252	1.0	NonTarget	1	344552
1346.030752276404	1.0	NonTarget	1	344584
1346.1557522301825	1.0	NonTarget	1	344616
1346.280752183961	1.0	NonTarget	1	344648
1346.4057521377397	1.0	NonTarget	1	344680
1346.5307520915183	1.0	NonTarget	1	344712
1346.6557520452968	1.0	NonTarget	1	344744
1346.7807519990754	1.0	NonTarget	1	344776
1346.905751952854	1.0	NonTarget	1	344808
1347.0307519066328	1.0	NonTarget	1	344840
1347.1557518604113	1.0	NonTarget	1	344872
1347.28075181419	1.0	NonTarget	1	344904
1347.4057517679685	1.0	NonTarget	1	344936
1347.530751721747	1.0	NonTarget	1	344968
1347.6557516755256	1.0	NonTarget	1	345000
1347.7807516293042	1.0	NonTarget	1	345032
1347.9057515830827	1.0	NonTarget	1	345064
1348.0307515368615	1.0	NonTarget	1	345096
1348.1557514906401	1.0	NonTarget	1	345128
1348.2807514444187	1.0	NonTarget	1	345160
1348.4057513981973	1.0	NonTarget	1	345192
1348.5307513519758	1.0	NonTarget	1	345224
1348.6557513057544	1.0	NonTarget	1	345256
1348.780751259533	1.0	NonTarget	1	345288
1348.9057512133118	1.0	NonTarget	1	345320
1349.0307511670903	1.0	NonTarget	1	345352
1349.155751120869	1.0	NonTarget	1	345384
1349.2807510746475	1.0	NonTarget	1	345416
1349.405751028426	1.0	NonTarget	1	345448
1349.5307509822046	1.0	NonTarget	1	345480
1349.6557509359832	1.0	NonTarget	1	345512
1349.7807508897617	1.0	NonTarget	1	345544
1349.9057508435405	1.0	NonTarget	1	345576
1350.0307507973191	1.0	NonTarget	1	345608
1350.1557507510977	1.0	NonTarget	1	345640
1350.2807507048763	1.0	NonTarget	1	345672
1350.4057506586548	1.0	NonTarget	1	345704
1350.5307506124334	1.0	NonTarget	1	345736
1350.655750566212	1.0	NonTarget	1	345768
1350.7807505199905	1.0	NonTarget	1	345800
1350.9057504737693	1.0	NonTarget	1	345832
1351.030750427548	0.96875	NonTarget	1	345864
1351.1557503813265	0.84375	NonTarget	1	345896
1351.280750335105	0.71875	NonTarget	1	345928
1351.4057502888836	0.59375	NonTarget	1	345960
