onset	duration	trial_type	value	sample
4.531248258802056	n/a	NonTarget	1	1160
4.656248210769009	n/a	NonTarget	1	1192
4.781248162735962	n/a	NonTarget	1	1224
4.906248114702915	n/a	NonTarget	1	1256
5.031248066669869	n/a	NonTarget	1	1288
5.1562480186368225	n/a	NonTarget	1	1320
5.281247970603776	n/a	NonTarget	1	1352
5.406247922570729	n/a	NonTarget	1	1384
5.531247874537682	n/a	NonTarget	1	1416
5.656247826504635	n/a	NonTarget	1	1448
5.781247778471588	n/a	NonTarget	1	1480
5.906247730438542	n/a	NonTarget	1	1512
6.031247682405495	n/a	NonTarget	1	1544
6.156247634372448	n/a	NonTarget	1	1576
6.2812475863394015	n/a	NonTarget	1	1608
6.406247538306355	n/a	NonTarget	1	1640
6.531247490273308	n/a	NonTarget	1	1672
6.656247442240262	n/a	NonTarget	1	1704
6.781247394207215	n/a	NonTarget	1	1736
6.906247346174168	n/a	NonTarget	1	1768
7.031247298141121	n/a	NonTarget	1	1800
7.156247250108074	n/a	NonTarget	1	1832
7.281247202075027	n/a	NonTarget	1	1864
7.406247154041981	n/a	NonTarget	1	1896
7.5312471060089345	n/a	NonTarget	1	1928
7.656247057975888	n/a	NonTarget	1	1960
7.781247009942841	n/a	NonTarget	1	1992
7.906246961909794	n/a	NonTarget	1	2024
8.031246913876748	n/a	NonTarget	1	2056
8.1562468658437	n/a	NonTarget	1	2088
8.281246817810654	n/a	NonTarget	1	2120
8.406246769777606	n/a	NonTarget	1	2152
8.53124672174456	n/a	NonTarget	1	2184
8.656246673711514	n/a	NonTarget	1	2216
8.781246625678467	n/a	NonTarget	1	2248
8.90624657764542	n/a	NonTarget	1	2280
9.031246529612373	n/a	NonTarget	1	2312
9.156246481579327	n/a	NonTarget	1	2344
9.28124643354628	n/a	NonTarget	1	2376
9.406246385513233	n/a	NonTarget	1	2408
9.531246337480187	n/a	NonTarget	1	2440
9.65624628944714	n/a	NonTarget	1	2472
9.781246241414093	n/a	NonTarget	1	2504
9.906246193381046	n/a	NonTarget	1	2536
10.031246145348	n/a	NonTarget	1	2568
10.156246097314952	n/a	NonTarget	1	2600
10.281246049281906	n/a	NonTarget	1	2632
10.40624600124886	n/a	NonTarget	1	2664
10.531245953215812	n/a	NonTarget	1	2696
10.656245905182766	n/a	NonTarget	1	2728
10.781245857149719	n/a	NonTarget	1	2760
10.906245809116673	n/a	NonTarget	1	2792
11.031245761083627	n/a	NonTarget	1	2824
11.156245713050579	n/a	NonTarget	1	2856
11.281245665017533	n/a	NonTarget	1	2888
11.406245616984485	n/a	NonTarget	1	2920
11.531245568951439	n/a	NonTarget	1	2952
11.656245520918391	n/a	NonTarget	1	2984
11.781245472885345	n/a	NonTarget	1	3016
11.9062454248523	n/a	NonTarget	1	3048
12.031245376819252	n/a	NonTarget	1	3080
12.156245328786206	n/a	NonTarget	1	3112
12.281245280753158	n/a	NonTarget	1	3144
12.406245232720112	n/a	NonTarget	1	3176
12.531245184687064	n/a	NonTarget	1	3208
12.656245136654018	n/a	NonTarget	1	3240
12.781245088620972	n/a	NonTarget	1	3272
12.906245040587924	n/a	NonTarget	1	3304
13.031244992554878	n/a	NonTarget	1	3336
13.15624494452183	n/a	NonTarget	1	3368
13.281244896488785	n/a	NonTarget	1	3400
13.406244848455739	n/a	NonTarget	1	3432
13.53124480042269	n/a	NonTarget	1	3464
13.656244752389645	n/a	NonTarget	1	3496
13.781244704356597	n/a	NonTarget	1	3528
13.906244656323551	n/a	NonTarget	1	3560
14.031244608290503	n/a	NonTarget	1	3592
14.156244560257457	n/a	NonTarget	1	3624
14.281244512224411	n/a	NonTarget	1	3656
14.406244464191364	n/a	NonTarget	1	3688
14.531244416158318	n/a	NonTarget	1	3720
14.65624436812527	n/a	NonTarget	1	3752
14.781244320092224	n/a	NonTarget	1	3784
14.906244272059176	n/a	NonTarget	1	3816
15.03124422402613	n/a	NonTarget	1	3848
15.156244175993084	n/a	NonTarget	1	3880
15.281244127960036	n/a	NonTarget	1	3912
15.40624407992699	n/a	NonTarget	1	3944
15.531244031893943	n/a	NonTarget	1	3976
15.656243983860897	n/a	NonTarget	1	4008
15.781243935827849	n/a	NonTarget	1	4040
15.906243887794803	n/a	NonTarget	1	4072
16.031243839761757	n/a	NonTarget	1	4104
16.15624379172871	n/a	NonTarget	1	4136
16.28124374369566	n/a	NonTarget	1	4168
16.406243695662617	n/a	NonTarget	1	4200
16.53124364762957	n/a	NonTarget	1	4232
16.65624359959652	n/a	NonTarget	1	4264
16.781243551563477	n/a	NonTarget	1	4296
16.90624350353043	n/a	NonTarget	1	4328
17.031243455497382	n/a	NonTarget	1	4360
17.156243407464334	n/a	NonTarget	1	4392
17.28124335943129	n/a	NonTarget	1	4424
17.406243311398242	n/a	NonTarget	1	4456
17.531243263365194	n/a	NonTarget	1	4488
17.65624321533215	n/a	NonTarget	1	4520
17.781243167299102	n/a	NonTarget	1	4552
17.906243119266055	n/a	NonTarget	1	4584
18.031243071233007	n/a	NonTarget	1	4616
18.156243023199963	n/a	NonTarget	1	4648
18.281242975166915	n/a	NonTarget	1	4680
18.406242927133867	n/a	NonTarget	1	4712
18.531242879100823	n/a	NonTarget	1	4744
18.656242831067775	n/a	NonTarget	1	4776
18.781242783034727	n/a	NonTarget	1	4808
18.90624273500168	n/a	NonTarget	1	4840
19.031242686968636	n/a	NonTarget	1	4872
19.156242638935588	n/a	NonTarget	1	4904
19.28124259090254	n/a	NonTarget	1	4936
19.406242542869496	n/a	NonTarget	1	4968
25.531240189250205	n/a	NonTarget	1	6536
25.656240141217157	n/a	NonTarget	1	6568
25.78124009318411	n/a	NonTarget	1	6600
25.906240045151065	n/a	NonTarget	1	6632
26.031239997118018	n/a	NonTarget	1	6664
26.15623994908497	n/a	NonTarget	1	6696
26.281239901051926	n/a	NonTarget	1	6728
26.406239853018878	n/a	NonTarget	1	6760
26.53123980498583	n/a	NonTarget	1	6792
26.656239756952782	n/a	NonTarget	1	6824
26.78123970891974	n/a	NonTarget	1	6856
26.90623966088669	n/a	NonTarget	1	6888
27.031239612853643	n/a	NonTarget	1	6920
27.1562395648206	n/a	NonTarget	1	6952
27.28123951678755	n/a	NonTarget	1	6984
27.406239468754503	n/a	NonTarget	1	7016
27.531239420721455	n/a	NonTarget	1	7048
27.65623937268841	n/a	NonTarget	1	7080
27.781239324655363	n/a	NonTarget	1	7112
27.906239276622316	n/a	NonTarget	1	7144
28.03123922858927	n/a	NonTarget	1	7176
28.156239180556224	n/a	NonTarget	1	7208
28.281239132523176	n/a	NonTarget	1	7240
28.406239084490128	n/a	NonTarget	1	7272
28.531239036457084	n/a	NonTarget	1	7304
28.656238988424036	n/a	NonTarget	1	7336
28.78123894039099	n/a	NonTarget	1	7368
28.906238892357944	n/a	NonTarget	1	7400
29.031238844324896	n/a	NonTarget	1	7432
29.15623879629185	n/a	NonTarget	1	7464
29.2812387482588	n/a	NonTarget	1	7496
29.406238700225757	n/a	NonTarget	1	7528
29.53123865219271	n/a	NonTarget	1	7560
29.65623860415966	n/a	NonTarget	1	7592
29.781238556126617	n/a	NonTarget	1	7624
29.90623850809357	n/a	NonTarget	1	7656
30.03123846006052	n/a	NonTarget	1	7688
30.156238412027474	n/a	NonTarget	1	7720
30.28123836399443	n/a	NonTarget	1	7752
30.40623831596138	n/a	NonTarget	1	7784
30.531238267928334	n/a	NonTarget	1	7816
30.65623821989529	n/a	NonTarget	1	7848
30.781238171862242	n/a	NonTarget	1	7880
30.906238123829194	n/a	NonTarget	1	7912
31.03123807579615	n/a	NonTarget	1	7944
31.156238027763102	n/a	NonTarget	1	7976
31.281237979730054	n/a	NonTarget	1	8008
31.406237931697007	n/a	NonTarget	1	8040
31.531237883663962	n/a	NonTarget	1	8072
31.656237835630915	n/a	NonTarget	1	8104
31.781237787597867	n/a	NonTarget	1	8136
31.906237739564823	n/a	NonTarget	1	8168
32.03123769153177	n/a	NonTarget	1	8200
32.15623764349873	n/a	NonTarget	1	8232
32.28123759546568	n/a	NonTarget	1	8264
32.40623754743263	n/a	NonTarget	1	8296
32.53123749939959	n/a	NonTarget	1	8328
32.65623745136654	n/a	NonTarget	1	8360
32.78123740333349	n/a	NonTarget	1	8392
32.90623735530045	n/a	NonTarget	1	8424
33.0312373072674	n/a	NonTarget	1	8456
33.15623725923435	n/a	NonTarget	1	8488
33.28123721120131	n/a	NonTarget	1	8520
33.40623716316826	n/a	NonTarget	1	8552
33.53123711513521	n/a	NonTarget	1	8584
33.65623706710217	n/a	NonTarget	1	8616
33.78123701906912	n/a	NonTarget	1	8648
33.90623697103607	n/a	NonTarget	1	8680
34.03123692300303	n/a	NonTarget	1	8712
34.15623687496998	n/a	NonTarget	1	8744
34.28123682693693	n/a	NonTarget	1	8776
34.40623677890389	n/a	NonTarget	1	8808
34.53123673087084	n/a	NonTarget	1	8840
34.65623668283779	n/a	NonTarget	1	8872
34.78123663480475	n/a	NonTarget	1	8904
34.9062365867717	n/a	NonTarget	1	8936
35.03123653873865	n/a	NonTarget	1	8968
35.15623649070561	n/a	NonTarget	1	9000
35.28123644267256	n/a	NonTarget	1	9032
35.406236394639514	n/a	NonTarget	1	9064
35.53123634660646	n/a	NonTarget	1	9096
35.65623629857342	n/a	NonTarget	1	9128
35.781236250540374	n/a	NonTarget	1	9160
35.90623620250732	n/a	NonTarget	1	9192
36.03123615447428	n/a	NonTarget	1	9224
36.156236106441234	n/a	NonTarget	1	9256
36.28123605840818	n/a	NonTarget	1	9288
36.40623601037514	n/a	NonTarget	1	9320
36.531235962342095	n/a	NonTarget	1	9352
36.65623591430904	n/a	NonTarget	1	9384
36.781235866276	n/a	NonTarget	1	9416
36.906235818242955	n/a	NonTarget	1	9448
37.0312357702099	n/a	NonTarget	1	9480
37.15623572217686	n/a	NonTarget	1	9512
37.28123567414381	n/a	NonTarget	1	9544
37.406235626110764	n/a	NonTarget	1	9576
37.53123557807772	n/a	NonTarget	1	9608
37.65623553004467	n/a	NonTarget	1	9640
37.781235482011624	n/a	NonTarget	1	9672
37.90623543397858	n/a	NonTarget	1	9704
38.03123538594553	n/a	NonTarget	1	9736
38.156235337912484	n/a	NonTarget	1	9768
38.28123528987944	n/a	NonTarget	1	9800
38.40623524184639	n/a	NonTarget	1	9832
38.531235193813345	n/a	NonTarget	1	9864
38.6562351457803	n/a	NonTarget	1	9896
38.78123509774725	n/a	NonTarget	1	9928
38.906235049714205	n/a	NonTarget	1	9960
39.03123500168116	n/a	NonTarget	1	9992
39.15623495364811	n/a	NonTarget	1	10024
39.281234905615065	n/a	NonTarget	1	10056
39.406234857582014	n/a	NonTarget	1	10088
39.53123480954897	n/a	NonTarget	1	10120
39.656234761515925	n/a	NonTarget	1	10152
39.781234713482874	n/a	NonTarget	1	10184
39.90623466544983	n/a	NonTarget	1	10216
40.031234617416786	n/a	NonTarget	1	10248
40.156234569383734	n/a	NonTarget	1	10280
40.28123452135069	n/a	NonTarget	1	10312
40.406234473317646	n/a	NonTarget	1	10344
46.53123211969835	n/a	NonTarget	1	11912
46.65623207166531	n/a	NonTarget	1	11944
46.781232023632256	n/a	NonTarget	1	11976
46.90623197559921	n/a	NonTarget	1	12008
47.03123192756617	n/a	NonTarget	1	12040
47.15623187953312	n/a	NonTarget	1	12072
47.28123183150007	n/a	NonTarget	1	12104
47.40623178346703	n/a	NonTarget	1	12136
47.53123173543398	n/a	NonTarget	1	12168
47.65623168740093	n/a	NonTarget	1	12200
47.78123163936789	n/a	NonTarget	1	12232
47.90623159133484	n/a	NonTarget	1	12264
48.03123154330179	n/a	NonTarget	1	12296
48.15623149526875	n/a	NonTarget	1	12328
48.2812314472357	n/a	NonTarget	1	12360
48.40623139920265	n/a	NonTarget	1	12392
48.5312313511696	n/a	NonTarget	1	12424
48.65623130313656	n/a	NonTarget	1	12456
48.78123125510351	n/a	NonTarget	1	12488
48.90623120707046	n/a	NonTarget	1	12520
49.03123115903742	n/a	NonTarget	1	12552
49.156231111004374	n/a	NonTarget	1	12584
49.28123106297132	n/a	NonTarget	1	12616
49.40623101493828	n/a	NonTarget	1	12648
49.531230966905234	n/a	NonTarget	1	12680
49.65623091887218	n/a	NonTarget	1	12712
49.78123087083914	n/a	NonTarget	1	12744
49.906230822806094	n/a	NonTarget	1	12776
50.03123077477304	n/a	NonTarget	1	12808
50.15623072674	n/a	NonTarget	1	12840
50.281230678706955	n/a	NonTarget	1	12872
50.4062306306739	n/a	NonTarget	1	12904
50.53123058264086	n/a	NonTarget	1	12936
50.65623053460781	n/a	NonTarget	1	12968
50.78123048657476	n/a	NonTarget	1	13000
50.90623043854172	n/a	NonTarget	1	13032
51.03123039050867	n/a	NonTarget	1	13064
51.156230342475624	n/a	NonTarget	1	13096
51.28123029444258	n/a	NonTarget	1	13128
51.40623024640953	n/a	NonTarget	1	13160
51.531230198376484	n/a	NonTarget	1	13192
51.65623015034344	n/a	NonTarget	1	13224
51.78123010231039	n/a	NonTarget	1	13256
51.906230054277344	n/a	NonTarget	1	13288
52.0312300062443	n/a	NonTarget	1	13320
52.15622995821125	n/a	NonTarget	1	13352
52.281229910178205	n/a	NonTarget	1	13384
52.40622986214515	n/a	NonTarget	1	13416
52.53122981411211	n/a	NonTarget	1	13448
52.656229766079065	n/a	NonTarget	1	13480
52.78122971804601	n/a	NonTarget	1	13512
52.90622967001297	n/a	NonTarget	1	13544
53.031229621979925	n/a	NonTarget	1	13576
53.156229573946874	n/a	NonTarget	1	13608
53.28122952591383	n/a	NonTarget	1	13640
53.406229477880785	n/a	NonTarget	1	13672
53.531229429847734	n/a	NonTarget	1	13704
53.65622938181469	n/a	NonTarget	1	13736
53.781229333781646	n/a	NonTarget	1	13768
53.906229285748594	n/a	NonTarget	1	13800
54.03122923771555	n/a	NonTarget	1	13832
54.1562291896825	n/a	NonTarget	1	13864
54.281229141649455	n/a	NonTarget	1	13896
54.40622909361641	n/a	NonTarget	1	13928
54.53122904558336	n/a	NonTarget	1	13960
54.656228997550315	n/a	NonTarget	1	13992
54.78122894951727	n/a	NonTarget	1	14024
54.90622890148422	n/a	NonTarget	1	14056
55.031228853451175	n/a	NonTarget	1	14088
55.15622880541813	n/a	NonTarget	1	14120
55.28122875738508	n/a	NonTarget	1	14152
55.406228709352035	n/a	NonTarget	1	14184
55.53122866131899	n/a	NonTarget	1	14216
55.65622861328594	n/a	NonTarget	1	14248
55.781228565252896	n/a	NonTarget	1	14280
55.90622851721985	n/a	NonTarget	1	14312
56.0312284691868	n/a	NonTarget	1	14344
56.156228421153756	n/a	NonTarget	1	14376
56.281228373120705	n/a	NonTarget	1	14408
56.40622832508766	n/a	NonTarget	1	14440
56.531228277054616	n/a	NonTarget	1	14472
56.656228229021565	n/a	NonTarget	1	14504
56.78122818098852	n/a	NonTarget	1	14536
56.906228132955476	n/a	NonTarget	1	14568
57.031228084922425	n/a	NonTarget	1	14600
57.15622803688938	n/a	NonTarget	1	14632
57.28122798885634	n/a	NonTarget	1	14664
57.406227940823285	n/a	NonTarget	1	14696
57.53122789279024	n/a	NonTarget	1	14728
57.6562278447572	n/a	NonTarget	1	14760
57.781227796724146	n/a	NonTarget	1	14792
57.9062277486911	n/a	NonTarget	1	14824
58.03122770065805	n/a	NonTarget	1	14856
58.156227652625006	n/a	NonTarget	1	14888
58.28122760459196	n/a	NonTarget	1	14920
58.40622755655891	n/a	NonTarget	1	14952
58.531227508525866	n/a	NonTarget	1	14984
58.65622746049282	n/a	NonTarget	1	15016
58.78122741245977	n/a	NonTarget	1	15048
58.90622736442673	n/a	NonTarget	1	15080
59.03122731639368	n/a	NonTarget	1	15112
59.15622726836063	n/a	NonTarget	1	15144
59.28122722032759	n/a	NonTarget	1	15176
59.40622717229454	n/a	NonTarget	1	15208
59.53122712426149	n/a	NonTarget	1	15240
59.65622707622845	n/a	NonTarget	1	15272
59.781227028195396	n/a	NonTarget	1	15304
59.90622698016235	n/a	NonTarget	1	15336
60.03122693212931	n/a	NonTarget	1	15368
60.156226884096256	n/a	NonTarget	1	15400
60.28122683606321	n/a	NonTarget	1	15432
60.40622678803017	n/a	NonTarget	1	15464
60.531226739997116	n/a	NonTarget	1	15496
60.65622669196407	n/a	NonTarget	1	15528
60.78122664393103	n/a	NonTarget	1	15560
60.90622659589798	n/a	NonTarget	1	15592
61.03122654786493	n/a	NonTarget	1	15624
61.15622649983189	n/a	NonTarget	1	15656
61.28122645179884	n/a	NonTarget	1	15688
61.40622640376579	n/a	NonTarget	1	15720
67.5312240501465	n/a	NonTarget	1	17288
67.65622400211346	n/a	NonTarget	1	17320
67.7812239540804	n/a	NonTarget	1	17352
67.90622390604736	n/a	NonTarget	1	17384
68.03122385801431	n/a	NonTarget	1	17416
68.15622380998127	n/a	NonTarget	1	17448
68.28122376194823	n/a	NonTarget	1	17480
68.40622371391517	n/a	NonTarget	1	17512
68.53122366588212	n/a	NonTarget	1	17544
68.65622361784908	n/a	NonTarget	1	17576
68.78122356981604	n/a	NonTarget	1	17608
68.90622352178299	n/a	NonTarget	1	17640
69.03122347374995	n/a	NonTarget	1	17672
69.15622342571689	n/a	NonTarget	1	17704
69.28122337768384	n/a	NonTarget	1	17736
69.4062233296508	n/a	NonTarget	1	17768
69.53122328161776	n/a	NonTarget	1	17800
69.65622323358471	n/a	NonTarget	1	17832
69.78122318555167	n/a	NonTarget	1	17864
69.90622313751861	n/a	NonTarget	1	17896
70.03122308948556	n/a	NonTarget	1	17928
70.15622304145252	n/a	NonTarget	1	17960
70.28122299341948	n/a	NonTarget	1	17992
70.40622294538643	n/a	NonTarget	1	18024
70.53122289735337	n/a	NonTarget	1	18056
70.65622284932033	n/a	NonTarget	1	18088
70.78122280128729	n/a	NonTarget	1	18120
70.90622275325424	n/a	NonTarget	1	18152
71.0312227052212	n/a	NonTarget	1	18184
71.15622265718815	n/a	NonTarget	1	18216
71.2812226091551	n/a	NonTarget	1	18248
71.40622256112205	n/a	NonTarget	1	18280
71.531222513089	n/a	NonTarget	1	18312
71.65622246505596	n/a	NonTarget	1	18344
71.78122241702292	n/a	NonTarget	1	18376
71.90622236898987	n/a	NonTarget	1	18408
72.03122232095681	n/a	NonTarget	1	18440
72.15622227292377	n/a	NonTarget	1	18472
72.28122222489073	n/a	NonTarget	1	18504
72.40622217685768	n/a	NonTarget	1	18536
72.53122212882464	n/a	NonTarget	1	18568
72.65622208079158	n/a	NonTarget	1	18600
72.78122203275854	n/a	NonTarget	1	18632
72.90622198472549	n/a	NonTarget	1	18664
73.03122193669245	n/a	NonTarget	1	18696
73.1562218886594	n/a	NonTarget	1	18728
73.28122184062636	n/a	NonTarget	1	18760
73.4062217925933	n/a	NonTarget	1	18792
73.53122174456026	n/a	NonTarget	1	18824
73.65622169652721	n/a	NonTarget	1	18856
73.78122164849417	n/a	NonTarget	1	18888
73.90622160046112	n/a	NonTarget	1	18920
74.03122155242806	n/a	NonTarget	1	18952
74.15622150439502	n/a	NonTarget	1	18984
74.28122145636198	n/a	NonTarget	1	19016
74.40622140832893	n/a	NonTarget	1	19048
74.53122136029589	n/a	NonTarget	1	19080
74.65622131226284	n/a	NonTarget	1	19112
74.78122126422979	n/a	NonTarget	1	19144
74.90622121619674	n/a	NonTarget	1	19176
75.0312211681637	n/a	NonTarget	1	19208
75.15622112013065	n/a	NonTarget	1	19240
75.28122107209761	n/a	NonTarget	1	19272
75.40622102406456	n/a	NonTarget	1	19304
75.5312209760315	n/a	NonTarget	1	19336
75.65622092799846	n/a	NonTarget	1	19368
75.78122087996542	n/a	NonTarget	1	19400
75.90622083193237	n/a	NonTarget	1	19432
76.03122078389933	n/a	NonTarget	1	19464
76.15622073586627	n/a	NonTarget	1	19496
76.28122068783323	n/a	NonTarget	1	19528
76.40622063980018	n/a	NonTarget	1	19560
76.53122059176714	n/a	NonTarget	1	19592
76.6562205437341	n/a	NonTarget	1	19624
76.78122049570105	n/a	NonTarget	1	19656
76.90622044766799	n/a	NonTarget	1	19688
77.03122039963495	n/a	NonTarget	1	19720
77.1562203516019	n/a	NonTarget	1	19752
77.28122030356886	n/a	NonTarget	1	19784
77.40622025553581	n/a	NonTarget	1	19816
77.53122020750277	n/a	NonTarget	1	19848
77.65622015946971	n/a	NonTarget	1	19880
77.78122011143667	n/a	NonTarget	1	19912
77.90622006340362	n/a	NonTarget	1	19944
78.03122001537058	n/a	NonTarget	1	19976
78.15621996733753	n/a	NonTarget	1	20008
78.28121991930448	n/a	NonTarget	1	20040
78.40621987127143	n/a	NonTarget	1	20072
78.53121982323839	n/a	NonTarget	1	20104
78.65621977520534	n/a	NonTarget	1	20136
78.7812197271723	n/a	NonTarget	1	20168
78.90621967913926	n/a	NonTarget	1	20200
79.0312196311062	n/a	NonTarget	1	20232
79.15621958307315	n/a	NonTarget	1	20264
79.28121953504011	n/a	NonTarget	1	20296
79.40621948700706	n/a	NonTarget	1	20328
79.53121943897402	n/a	NonTarget	1	20360
79.65621939094096	n/a	NonTarget	1	20392
79.78121934290792	n/a	NonTarget	1	20424
79.90621929487487	n/a	NonTarget	1	20456
80.03121924684183	n/a	NonTarget	1	20488
80.15621919880878	n/a	NonTarget	1	20520
80.28121915077574	n/a	NonTarget	1	20552
80.40621910274268	n/a	NonTarget	1	20584
80.53121905470964	n/a	NonTarget	1	20616
80.6562190066766	n/a	NonTarget	1	20648
80.78121895864355	n/a	NonTarget	1	20680
80.9062189106105	n/a	NonTarget	1	20712
81.03121886257746	n/a	NonTarget	1	20744
81.1562188145444	n/a	NonTarget	1	20776
81.28121876651136	n/a	NonTarget	1	20808
81.40621871847831	n/a	NonTarget	1	20840
81.53121867044527	n/a	NonTarget	1	20872
81.65621862241223	n/a	NonTarget	1	20904
81.78121857437917	n/a	NonTarget	1	20936
81.90621852634612	n/a	NonTarget	1	20968
82.03121847831308	n/a	NonTarget	1	21000
82.15621843028003	n/a	NonTarget	1	21032
82.28121838224699	n/a	NonTarget	1	21064
82.40621833421395	n/a	NonTarget	1	21096
88.53121598059465	n/a	NonTarget	1	22664
88.65621593256161	n/a	NonTarget	1	22696
88.78121588452856	n/a	NonTarget	1	22728
88.9062158364955	n/a	NonTarget	1	22760
89.03121578846246	n/a	NonTarget	1	22792
89.15621574042942	n/a	NonTarget	1	22824
89.28121569239637	n/a	NonTarget	1	22856
89.40621564436333	n/a	NonTarget	1	22888
89.53121559633027	n/a	NonTarget	1	22920
89.65621554829723	n/a	NonTarget	1	22952
89.78121550026418	n/a	NonTarget	1	22984
89.90621545223114	n/a	NonTarget	1	23016
90.0312154041981	n/a	NonTarget	1	23048
90.15621535616505	n/a	NonTarget	1	23080
90.28121530813199	n/a	NonTarget	1	23112
90.40621526009895	n/a	NonTarget	1	23144
90.5312152120659	n/a	NonTarget	1	23176
90.65621516403286	n/a	NonTarget	1	23208
90.78121511599981	n/a	NonTarget	1	23240
90.90621506796676	n/a	NonTarget	1	23272
91.03121501993371	n/a	NonTarget	1	23304
91.15621497190067	n/a	NonTarget	1	23336
91.28121492386762	n/a	NonTarget	1	23368
91.40621487583458	n/a	NonTarget	1	23400
91.53121482780153	n/a	NonTarget	1	23432
91.65621477976848	n/a	NonTarget	1	23464
91.78121473173543	n/a	NonTarget	1	23496
91.90621468370239	n/a	NonTarget	1	23528
92.03121463566934	n/a	NonTarget	1	23560
92.1562145876363	n/a	NonTarget	1	23592
92.28121453960325	n/a	NonTarget	1	23624
92.4062144915702	n/a	NonTarget	1	23656
92.53121444353715	n/a	NonTarget	1	23688
92.65621439550411	n/a	NonTarget	1	23720
92.78121434747106	n/a	NonTarget	1	23752
92.90621429943802	n/a	NonTarget	1	23784
93.03121425140496	n/a	NonTarget	1	23816
93.15621420337192	n/a	NonTarget	1	23848
93.28121415533887	n/a	NonTarget	1	23880
93.40621410730583	n/a	NonTarget	1	23912
93.53121405927278	n/a	NonTarget	1	23944
93.65621401123974	n/a	NonTarget	1	23976
93.78121396320668	n/a	NonTarget	1	24008
93.90621391517364	n/a	NonTarget	1	24040
94.0312138671406	n/a	NonTarget	1	24072
94.15621381910755	n/a	NonTarget	1	24104
94.2812137710745	n/a	NonTarget	1	24136
94.40621372304146	n/a	NonTarget	1	24168
94.5312136750084	n/a	NonTarget	1	24200
94.65621362697536	n/a	NonTarget	1	24232
94.78121357894231	n/a	NonTarget	1	24264
94.90621353090927	n/a	NonTarget	1	24296
95.03121348287623	n/a	NonTarget	1	24328
95.15621343484317	n/a	NonTarget	1	24360
95.28121338681012	n/a	NonTarget	1	24392
95.40621333877708	n/a	NonTarget	1	24424
95.53121329074403	n/a	NonTarget	1	24456
95.65621324271099	n/a	NonTarget	1	24488
95.78121319467795	n/a	NonTarget	1	24520
95.90621314664489	n/a	NonTarget	1	24552
96.03121309861184	n/a	NonTarget	1	24584
96.1562130505788	n/a	NonTarget	1	24616
96.28121300254575	n/a	NonTarget	1	24648
96.40621295451271	n/a	NonTarget	1	24680
96.53121290647965	n/a	NonTarget	1	24712
96.65621285844661	n/a	NonTarget	1	24744
96.78121281041356	n/a	NonTarget	1	24776
96.90621276238052	n/a	NonTarget	1	24808
97.03121271434748	n/a	NonTarget	1	24840
97.15621266631443	n/a	NonTarget	1	24872
97.28121261828137	n/a	NonTarget	1	24904
97.40621257024833	n/a	NonTarget	1	24936
97.53121252221528	n/a	NonTarget	1	24968
97.65621247418224	n/a	NonTarget	1	25000
97.7812124261492	n/a	NonTarget	1	25032
97.90621237811615	n/a	NonTarget	1	25064
98.0312123300831	n/a	NonTarget	1	25096
98.15621228205005	n/a	NonTarget	1	25128
98.281212234017	n/a	NonTarget	1	25160
98.40621218598396	n/a	NonTarget	1	25192
98.53121213795092	n/a	NonTarget	1	25224
98.65621208991786	n/a	NonTarget	1	25256
98.78121204188481	n/a	NonTarget	1	25288
98.90621199385177	n/a	NonTarget	1	25320
99.03121194581873	n/a	NonTarget	1	25352
99.15621189778568	n/a	NonTarget	1	25384
99.28121184975264	n/a	NonTarget	1	25416
99.40621180171958	n/a	NonTarget	1	25448
99.53121175368653	n/a	NonTarget	1	25480
99.65621170565349	n/a	NonTarget	1	25512
99.78121165762045	n/a	NonTarget	1	25544
99.9062116095874	n/a	NonTarget	1	25576
100.03121156155436	n/a	NonTarget	1	25608
100.1562115135213	n/a	NonTarget	1	25640
100.28121146548825	n/a	NonTarget	1	25672
100.40621141745521	n/a	NonTarget	1	25704
100.53121136942217	n/a	NonTarget	1	25736
100.65621132138912	n/a	NonTarget	1	25768
100.78121127335606	n/a	NonTarget	1	25800
100.90621122532302	n/a	NonTarget	1	25832
101.03121117728998	n/a	NonTarget	1	25864
101.15621112925693	n/a	NonTarget	1	25896
101.28121108122389	n/a	NonTarget	1	25928
101.40621103319084	n/a	NonTarget	1	25960
101.53121098515778	n/a	NonTarget	1	25992
101.65621093712474	n/a	NonTarget	1	26024
101.7812108890917	n/a	NonTarget	1	26056
101.90621084105865	n/a	NonTarget	1	26088
102.03121079302561	n/a	NonTarget	1	26120
102.15621074499255	n/a	NonTarget	1	26152
102.2812106969595	n/a	NonTarget	1	26184
102.40621064892646	n/a	NonTarget	1	26216
102.53121060089342	n/a	NonTarget	1	26248
102.65621055286037	n/a	NonTarget	1	26280
102.78121050482733	n/a	NonTarget	1	26312
102.90621045679427	n/a	NonTarget	1	26344
103.03121040876123	n/a	NonTarget	1	26376
103.15621036072818	n/a	NonTarget	1	26408
103.28121031269514	n/a	NonTarget	1	26440
103.40621026466209	n/a	NonTarget	1	26472
109.5312079110428	n/a	NonTarget	1	28040
109.65620786300975	n/a	NonTarget	1	28072
109.78120781497671	n/a	NonTarget	1	28104
109.90620776694365	n/a	NonTarget	1	28136
110.03120771891061	n/a	NonTarget	1	28168
110.15620767087756	n/a	NonTarget	1	28200
110.28120762284452	n/a	NonTarget	1	28232
110.40620757481148	n/a	NonTarget	1	28264
110.53120752677843	n/a	NonTarget	1	28296
110.65620747874537	n/a	NonTarget	1	28328
110.78120743071233	n/a	NonTarget	1	28360
110.90620738267928	n/a	NonTarget	1	28392
111.03120733464624	n/a	NonTarget	1	28424
111.1562072866132	n/a	NonTarget	1	28456
111.28120723858015	n/a	NonTarget	1	28488
111.4062071905471	n/a	NonTarget	1	28520
111.53120714251405	n/a	NonTarget	1	28552
111.656207094481	n/a	NonTarget	1	28584
111.78120704644796	n/a	NonTarget	1	28616
111.90620699841492	n/a	NonTarget	1	28648
112.03120695038186	n/a	NonTarget	1	28680
112.15620690234881	n/a	NonTarget	1	28712
112.28120685431577	n/a	NonTarget	1	28744
112.40620680628273	n/a	NonTarget	1	28776
112.53120675824968	n/a	NonTarget	1	28808
112.65620671021664	n/a	NonTarget	1	28840
112.78120666218358	n/a	NonTarget	1	28872
112.90620661415053	n/a	NonTarget	1	28904
113.03120656611749	n/a	NonTarget	1	28936
113.15620651808445	n/a	NonTarget	1	28968
113.2812064700514	n/a	NonTarget	1	29000
113.40620642201834	n/a	NonTarget	1	29032
113.5312063739853	n/a	NonTarget	1	29064
113.65620632595225	n/a	NonTarget	1	29096
113.78120627791921	n/a	NonTarget	1	29128
113.90620622988617	n/a	NonTarget	1	29160
114.03120618185312	n/a	NonTarget	1	29192
114.15620613382006	n/a	NonTarget	1	29224
114.28120608578702	n/a	NonTarget	1	29256
114.40620603775398	n/a	NonTarget	1	29288
114.53120598972093	n/a	NonTarget	1	29320
114.65620594168789	n/a	NonTarget	1	29352
114.78120589365484	n/a	NonTarget	1	29384
114.90620584562178	n/a	NonTarget	1	29416
115.03120579758874	n/a	NonTarget	1	29448
115.1562057495557	n/a	NonTarget	1	29480
115.28120570152265	n/a	NonTarget	1	29512
115.40620565348961	n/a	NonTarget	1	29544
115.53120560545655	n/a	NonTarget	1	29576
115.6562055574235	n/a	NonTarget	1	29608
115.78120550939046	n/a	NonTarget	1	29640
115.90620546135742	n/a	NonTarget	1	29672
116.03120541332437	n/a	NonTarget	1	29704
116.15620536529133	n/a	NonTarget	1	29736
116.28120531725827	n/a	NonTarget	1	29768
116.40620526922523	n/a	NonTarget	1	29800
116.53120522119218	n/a	NonTarget	1	29832
116.65620517315914	n/a	NonTarget	1	29864
116.78120512512609	n/a	NonTarget	1	29896
116.90620507709305	n/a	NonTarget	1	29928
117.03120502905999	n/a	NonTarget	1	29960
117.15620498102695	n/a	NonTarget	1	29992
117.2812049329939	n/a	NonTarget	1	30024
117.40620488496086	n/a	NonTarget	1	30056
117.53120483692781	n/a	NonTarget	1	30088
117.65620478889475	n/a	NonTarget	1	30120
117.78120474086171	n/a	NonTarget	1	30152
117.90620469282867	n/a	NonTarget	1	30184
118.03120464479562	n/a	NonTarget	1	30216
118.15620459676258	n/a	NonTarget	1	30248
118.28120454872953	n/a	NonTarget	1	30280
118.40620450069648	n/a	NonTarget	1	30312
118.53120445266343	n/a	NonTarget	1	30344
118.65620440463039	n/a	NonTarget	1	30376
118.78120435659734	n/a	NonTarget	1	30408
118.9062043085643	n/a	NonTarget	1	30440
119.03120426053124	n/a	NonTarget	1	30472
119.1562042124982	n/a	NonTarget	1	30504
119.28120416446515	n/a	NonTarget	1	30536
119.40620411643211	n/a	NonTarget	1	30568
119.53120406839906	n/a	NonTarget	1	30600
119.65620402036602	n/a	NonTarget	1	30632
119.78120397233296	n/a	NonTarget	1	30664
119.90620392429992	n/a	NonTarget	1	30696
120.03120387626687	n/a	NonTarget	1	30728
120.15620382823383	n/a	NonTarget	1	30760
120.28120378020078	n/a	NonTarget	1	30792
120.40620373216774	n/a	NonTarget	1	30824
120.53120368413468	n/a	NonTarget	1	30856
120.65620363610164	n/a	NonTarget	1	30888
120.78120358806859	n/a	NonTarget	1	30920
120.90620354003555	n/a	NonTarget	1	30952
121.0312034920025	n/a	NonTarget	1	30984
121.15620344396945	n/a	NonTarget	1	31016
121.2812033959364	n/a	NonTarget	1	31048
121.40620334790336	n/a	NonTarget	1	31080
121.53120329987031	n/a	NonTarget	1	31112
121.65620325183727	n/a	NonTarget	1	31144
121.78120320380422	n/a	NonTarget	1	31176
121.90620315577117	n/a	NonTarget	1	31208
122.03120310773812	n/a	NonTarget	1	31240
122.15620305970508	n/a	NonTarget	1	31272
122.28120301167203	n/a	NonTarget	1	31304
122.40620296363899	n/a	NonTarget	1	31336
122.53120291560595	n/a	NonTarget	1	31368
122.65620286757289	n/a	NonTarget	1	31400
122.78120281953984	n/a	NonTarget	1	31432
122.9062027715068	n/a	NonTarget	1	31464
123.03120272347375	n/a	NonTarget	1	31496
123.15620267544071	n/a	NonTarget	1	31528
123.28120262740765	n/a	NonTarget	1	31560
123.40620257937461	n/a	NonTarget	1	31592
123.53120253134156	n/a	NonTarget	1	31624
123.65620248330852	n/a	NonTarget	1	31656
123.78120243527547	n/a	NonTarget	1	31688
123.90620238724243	n/a	NonTarget	1	31720
124.03120233920937	n/a	NonTarget	1	31752
124.15620229117633	n/a	NonTarget	1	31784
124.28120224314328	n/a	NonTarget	1	31816
124.40620219511024	n/a	NonTarget	1	31848
130.53119984149095	n/a	NonTarget	1	33416
130.6561997934579	n/a	NonTarget	1	33448
130.78119974542486	n/a	NonTarget	1	33480
130.9061996973918	n/a	NonTarget	1	33512
131.03119964935877	n/a	NonTarget	1	33544
131.1561996013257	n/a	NonTarget	1	33576
131.28119955329268	n/a	NonTarget	1	33608
131.40619950525962	n/a	NonTarget	1	33640
131.53119945722656	n/a	NonTarget	1	33672
131.65619940919353	n/a	NonTarget	1	33704
131.78119936116047	n/a	NonTarget	1	33736
131.90619931312744	n/a	NonTarget	1	33768
132.0311992650944	n/a	NonTarget	1	33800
132.15619921706133	n/a	NonTarget	1	33832
132.2811991690283	n/a	NonTarget	1	33864
132.40619912099524	n/a	NonTarget	1	33896
132.5311990729622	n/a	NonTarget	1	33928
132.65619902492915	n/a	NonTarget	1	33960
132.7811989768961	n/a	NonTarget	1	33992
132.90619892886306	n/a	NonTarget	1	34024
133.03119888083	n/a	NonTarget	1	34056
133.15619883279697	n/a	NonTarget	1	34088
133.28119878476392	n/a	NonTarget	1	34120
133.4061987367309	n/a	NonTarget	1	34152
133.53119868869783	n/a	NonTarget	1	34184
133.65619864066477	n/a	NonTarget	1	34216
133.78119859263174	n/a	NonTarget	1	34248
133.90619854459868	n/a	NonTarget	1	34280
134.03119849656565	n/a	NonTarget	1	34312
134.1561984485326	n/a	NonTarget	1	34344
134.28119840049953	n/a	NonTarget	1	34376
134.4061983524665	n/a	NonTarget	1	34408
134.53119830443345	n/a	NonTarget	1	34440
134.65619825640042	n/a	NonTarget	1	34472
134.78119820836736	n/a	NonTarget	1	34504
134.9061981603343	n/a	NonTarget	1	34536
135.03119811230127	n/a	NonTarget	1	34568
135.1561980642682	n/a	NonTarget	1	34600
135.28119801623518	n/a	NonTarget	1	34632
135.40619796820212	n/a	NonTarget	1	34664
135.5311979201691	n/a	NonTarget	1	34696
135.65619787213603	n/a	NonTarget	1	34728
135.78119782410297	n/a	NonTarget	1	34760
135.90619777606994	n/a	NonTarget	1	34792
136.0311977280369	n/a	NonTarget	1	34824
136.15619768000386	n/a	NonTarget	1	34856
136.2811976319708	n/a	NonTarget	1	34888
136.40619758393774	n/a	NonTarget	1	34920
136.5311975359047	n/a	NonTarget	1	34952
136.65619748787165	n/a	NonTarget	1	34984
136.78119743983862	n/a	NonTarget	1	35016
136.90619739180556	n/a	NonTarget	1	35048
137.0311973437725	n/a	NonTarget	1	35080
137.15619729573947	n/a	NonTarget	1	35112
137.28119724770642	n/a	NonTarget	1	35144
137.4061971996734	n/a	NonTarget	1	35176
137.53119715164033	n/a	NonTarget	1	35208
137.6561971036073	n/a	NonTarget	1	35240
137.78119705557424	n/a	NonTarget	1	35272
137.90619700754118	n/a	NonTarget	1	35304
138.03119695950815	n/a	NonTarget	1	35336
138.1561969114751	n/a	NonTarget	1	35368
138.28119686344206	n/a	NonTarget	1	35400
138.406196815409	n/a	NonTarget	1	35432
138.53119676737595	n/a	NonTarget	1	35464
138.65619671934292	n/a	NonTarget	1	35496
138.78119667130986	n/a	NonTarget	1	35528
138.90619662327683	n/a	NonTarget	1	35560
139.03119657524377	n/a	NonTarget	1	35592
139.1561965272107	n/a	NonTarget	1	35624
139.28119647917768	n/a	NonTarget	1	35656
139.40619643114462	n/a	NonTarget	1	35688
139.5311963831116	n/a	NonTarget	1	35720
139.65619633507853	n/a	NonTarget	1	35752
139.78119628704547	n/a	NonTarget	1	35784
139.90619623901244	n/a	NonTarget	1	35816
140.0311961909794	n/a	NonTarget	1	35848
140.15619614294636	n/a	NonTarget	1	35880
140.2811960949133	n/a	NonTarget	1	35912
140.40619604688027	n/a	NonTarget	1	35944
140.5311959988472	n/a	NonTarget	1	35976
140.65619595081415	n/a	NonTarget	1	36008
140.78119590278112	n/a	NonTarget	1	36040
140.90619585474806	n/a	NonTarget	1	36072
141.03119580671503	n/a	NonTarget	1	36104
141.15619575868197	n/a	NonTarget	1	36136
141.28119571064892	n/a	NonTarget	1	36168
141.4061956626159	n/a	NonTarget	1	36200
141.53119561458283	n/a	NonTarget	1	36232
141.6561955665498	n/a	NonTarget	1	36264
141.78119551851674	n/a	NonTarget	1	36296
141.90619547048368	n/a	NonTarget	1	36328
142.03119542245065	n/a	NonTarget	1	36360
142.1561953744176	n/a	NonTarget	1	36392
142.28119532638456	n/a	NonTarget	1	36424
142.4061952783515	n/a	NonTarget	1	36456
142.53119523031847	n/a	NonTarget	1	36488
142.65619518228542	n/a	NonTarget	1	36520
142.78119513425236	n/a	NonTarget	1	36552
142.90619508621933	n/a	NonTarget	1	36584
143.03119503818627	n/a	NonTarget	1	36616
143.15619499015324	n/a	NonTarget	1	36648
143.28119494212018	n/a	NonTarget	1	36680
143.40619489408712	n/a	NonTarget	1	36712
143.5311948460541	n/a	NonTarget	1	36744
143.65619479802103	n/a	NonTarget	1	36776
143.781194749988	n/a	NonTarget	1	36808
143.90619470195495	n/a	NonTarget	1	36840
144.0311946539219	n/a	NonTarget	1	36872
144.15619460588886	n/a	NonTarget	1	36904
144.2811945578558	n/a	NonTarget	1	36936
144.40619450982277	n/a	NonTarget	1	36968
144.5311944617897	n/a	NonTarget	1	37000
144.65619441375668	n/a	NonTarget	1	37032
144.78119436572362	n/a	NonTarget	1	37064
144.90619431769056	n/a	NonTarget	1	37096
145.03119426965753	n/a	NonTarget	1	37128
145.15619422162447	n/a	NonTarget	1	37160
145.28119417359144	n/a	NonTarget	1	37192
145.4061941255584	n/a	NonTarget	1	37224
151.5311917719391	n/a	NonTarget	1	38792
151.65619172390606	n/a	NonTarget	1	38824
151.781191675873	n/a	NonTarget	1	38856
151.90619162783995	n/a	NonTarget	1	38888
152.03119157980692	n/a	NonTarget	1	38920
152.15619153177386	n/a	NonTarget	1	38952
152.28119148374083	n/a	NonTarget	1	38984
152.40619143570777	n/a	NonTarget	1	39016
152.5311913876747	n/a	NonTarget	1	39048
152.65619133964168	n/a	NonTarget	1	39080
152.78119129160862	n/a	NonTarget	1	39112
152.9061912435756	n/a	NonTarget	1	39144
153.03119119554253	n/a	NonTarget	1	39176
153.15619114750947	n/a	NonTarget	1	39208
153.28119109947644	n/a	NonTarget	1	39240
153.4061910514434	n/a	NonTarget	1	39272
153.53119100341036	n/a	NonTarget	1	39304
153.6561909553773	n/a	NonTarget	1	39336
153.78119090734427	n/a	NonTarget	1	39368
153.9061908593112	n/a	NonTarget	1	39400
154.03119081127815	n/a	NonTarget	1	39432
154.15619076324512	n/a	NonTarget	1	39464
154.28119071521206	n/a	NonTarget	1	39496
154.40619066717903	n/a	NonTarget	1	39528
154.53119061914597	n/a	NonTarget	1	39560
154.65619057111292	n/a	NonTarget	1	39592
154.78119052307989	n/a	NonTarget	1	39624
154.90619047504683	n/a	NonTarget	1	39656
155.0311904270138	n/a	NonTarget	1	39688
155.15619037898074	n/a	NonTarget	1	39720
155.28119033094768	n/a	NonTarget	1	39752
155.40619028291465	n/a	NonTarget	1	39784
155.5311902348816	n/a	NonTarget	1	39816
155.65619018684856	n/a	NonTarget	1	39848
155.7811901388155	n/a	NonTarget	1	39880
155.90619009078247	n/a	NonTarget	1	39912
156.03119004274942	n/a	NonTarget	1	39944
156.15618999471636	n/a	NonTarget	1	39976
156.28118994668333	n/a	NonTarget	1	40008
156.40618989865027	n/a	NonTarget	1	40040
156.53118985061724	n/a	NonTarget	1	40072
156.65618980258418	n/a	NonTarget	1	40104
156.78118975455112	n/a	NonTarget	1	40136
156.9061897065181	n/a	NonTarget	1	40168
157.03118965848503	n/a	NonTarget	1	40200
157.156189610452	n/a	NonTarget	1	40232
157.28118956241894	n/a	NonTarget	1	40264
157.4061895143859	n/a	NonTarget	1	40296
157.53118946635286	n/a	NonTarget	1	40328
157.6561894183198	n/a	NonTarget	1	40360
157.78118937028677	n/a	NonTarget	1	40392
157.9061893222537	n/a	NonTarget	1	40424
158.03118927422068	n/a	NonTarget	1	40456
158.15618922618762	n/a	NonTarget	1	40488
158.28118917815456	n/a	NonTarget	1	40520
158.40618913012153	n/a	NonTarget	1	40552
158.53118908208847	n/a	NonTarget	1	40584
158.65618903405544	n/a	NonTarget	1	40616
158.78118898602239	n/a	NonTarget	1	40648
158.90618893798933	n/a	NonTarget	1	40680
159.0311888899563	n/a	NonTarget	1	40712
159.15618884192324	n/a	NonTarget	1	40744
159.2811887938902	n/a	NonTarget	1	40776
159.40618874585715	n/a	NonTarget	1	40808
159.5311886978241	n/a	NonTarget	1	40840
159.65618864979106	n/a	NonTarget	1	40872
159.781188601758	n/a	NonTarget	1	40904
159.90618855372497	n/a	NonTarget	1	40936
160.03118850569192	n/a	NonTarget	1	40968
160.15618845765889	n/a	NonTarget	1	41000
160.28118840962583	n/a	NonTarget	1	41032
160.40618836159277	n/a	NonTarget	1	41064
160.53118831355974	n/a	NonTarget	1	41096
160.65618826552668	n/a	NonTarget	1	41128
160.78118821749365	n/a	NonTarget	1	41160
160.9061881694606	n/a	NonTarget	1	41192
161.03118812142753	n/a	NonTarget	1	41224
161.1561880733945	n/a	NonTarget	1	41256
161.28118802536144	n/a	NonTarget	1	41288
161.40618797732841	n/a	NonTarget	1	41320
161.53118792929536	n/a	NonTarget	1	41352
161.6561878812623	n/a	NonTarget	1	41384
161.78118783322927	n/a	NonTarget	1	41416
161.9061877851962	n/a	NonTarget	1	41448
162.03118773716318	n/a	NonTarget	1	41480
162.15618768913012	n/a	NonTarget	1	41512
162.2811876410971	n/a	NonTarget	1	41544
162.40618759306403	n/a	NonTarget	1	41576
162.53118754503097	n/a	NonTarget	1	41608
162.65618749699794	n/a	NonTarget	1	41640
162.78118744896489	n/a	NonTarget	1	41672
162.90618740093186	n/a	NonTarget	1	41704
163.0311873528988	n/a	NonTarget	1	41736
163.15618730486574	n/a	NonTarget	1	41768
163.2811872568327	n/a	NonTarget	1	41800
163.40618720879965	n/a	NonTarget	1	41832
163.53118716076662	n/a	NonTarget	1	41864
163.65618711273356	n/a	NonTarget	1	41896
163.7811870647005	n/a	NonTarget	1	41928
163.90618701666747	n/a	NonTarget	1	41960
164.03118696863442	n/a	NonTarget	1	41992
164.15618692060139	n/a	NonTarget	1	42024
164.28118687256833	n/a	NonTarget	1	42056
164.40618682453527	n/a	NonTarget	1	42088
164.53118677650224	n/a	NonTarget	1	42120
164.65618672846918	n/a	NonTarget	1	42152
164.78118668043615	n/a	NonTarget	1	42184
164.9061866324031	n/a	NonTarget	1	42216
165.03118658437006	n/a	NonTarget	1	42248
165.156186536337	n/a	NonTarget	1	42280
165.28118648830394	n/a	NonTarget	1	42312
165.40618644027091	n/a	NonTarget	1	42344
165.53118639223786	n/a	NonTarget	1	42376
165.65618634420483	n/a	NonTarget	1	42408
165.78118629617177	n/a	NonTarget	1	42440
165.9061862481387	n/a	NonTarget	1	42472
166.03118620010568	n/a	NonTarget	1	42504
166.15618615207262	n/a	NonTarget	1	42536
166.2811861040396	n/a	NonTarget	1	42568
166.40618605600653	n/a	NonTarget	1	42600
172.53118370238724	n/a	NonTarget	1	44168
172.6561836543542	n/a	NonTarget	1	44200
172.78118360632115	n/a	NonTarget	1	44232
172.9061835582881	n/a	NonTarget	1	44264
173.03118351025506	n/a	NonTarget	1	44296
173.156183462222	n/a	NonTarget	1	44328
173.28118341418897	n/a	NonTarget	1	44360
173.40618336615591	n/a	NonTarget	1	44392
173.53118331812288	n/a	NonTarget	1	44424
173.65618327008983	n/a	NonTarget	1	44456
173.78118322205677	n/a	NonTarget	1	44488
173.90618317402374	n/a	NonTarget	1	44520
174.03118312599068	n/a	NonTarget	1	44552
174.15618307795765	n/a	NonTarget	1	44584
174.2811830299246	n/a	NonTarget	1	44616
174.40618298189153	n/a	NonTarget	1	44648
174.5311829338585	n/a	NonTarget	1	44680
174.65618288582544	n/a	NonTarget	1	44712
174.78118283779241	n/a	NonTarget	1	44744
174.90618278975936	n/a	NonTarget	1	44776
175.0311827417263	n/a	NonTarget	1	44808
175.15618269369327	n/a	NonTarget	1	44840
175.2811826456602	n/a	NonTarget	1	44872
175.40618259762718	n/a	NonTarget	1	44904
175.53118254959412	n/a	NonTarget	1	44936
175.65618250156106	n/a	NonTarget	1	44968
175.78118245352803	n/a	NonTarget	1	45000
175.90618240549497	n/a	NonTarget	1	45032
176.03118235746194	n/a	NonTarget	1	45064
176.15618230942889	n/a	NonTarget	1	45096
176.28118226139586	n/a	NonTarget	1	45128
176.4061822133628	n/a	NonTarget	1	45160
176.53118216532974	n/a	NonTarget	1	45192
176.6561821172967	n/a	NonTarget	1	45224
176.78118206926365	n/a	NonTarget	1	45256
176.90618202123062	n/a	NonTarget	1	45288
177.03118197319756	n/a	NonTarget	1	45320
177.1561819251645	n/a	NonTarget	1	45352
177.28118187713147	n/a	NonTarget	1	45384
177.40618182909841	n/a	NonTarget	1	45416
177.53118178106538	n/a	NonTarget	1	45448
177.65618173303233	n/a	NonTarget	1	45480
177.78118168499927	n/a	NonTarget	1	45512
177.90618163696624	n/a	NonTarget	1	45544
178.03118158893318	n/a	NonTarget	1	45576
178.15618154090015	n/a	NonTarget	1	45608
178.2811814928671	n/a	NonTarget	1	45640
178.40618144483406	n/a	NonTarget	1	45672
178.531181396801	n/a	NonTarget	1	45704
178.65618134876794	n/a	NonTarget	1	45736
178.78118130073491	n/a	NonTarget	1	45768
178.90618125270186	n/a	NonTarget	1	45800
179.03118120466883	n/a	NonTarget	1	45832
179.15618115663577	n/a	NonTarget	1	45864
179.2811811086027	n/a	NonTarget	1	45896
179.40618106056968	n/a	NonTarget	1	45928
179.53118101253662	n/a	NonTarget	1	45960
179.6561809645036	n/a	NonTarget	1	45992
179.78118091647053	n/a	NonTarget	1	46024
179.90618086843747	n/a	NonTarget	1	46056
180.03118082040444	n/a	NonTarget	1	46088
180.15618077237139	n/a	NonTarget	1	46120
180.28118072433836	n/a	NonTarget	1	46152
180.4061806763053	n/a	NonTarget	1	46184
180.53118062827227	n/a	NonTarget	1	46216
180.6561805802392	n/a	NonTarget	1	46248
180.78118053220615	n/a	NonTarget	1	46280
180.90618048417312	n/a	NonTarget	1	46312
181.03118043614006	n/a	NonTarget	1	46344
181.15618038810703	n/a	NonTarget	1	46376
181.28118034007397	n/a	NonTarget	1	46408
181.40618029204091	n/a	NonTarget	1	46440
181.53118024400788	n/a	NonTarget	1	46472
181.65618019597483	n/a	NonTarget	1	46504
181.7811801479418	n/a	NonTarget	1	46536
181.90618009990874	n/a	NonTarget	1	46568
182.03118005187568	n/a	NonTarget	1	46600
182.15618000384265	n/a	NonTarget	1	46632
182.2811799558096	n/a	NonTarget	1	46664
182.40617990777656	n/a	NonTarget	1	46696
182.5311798597435	n/a	NonTarget	1	46728
182.65617981171047	n/a	NonTarget	1	46760
182.78117976367741	n/a	NonTarget	1	46792
182.90617971564436	n/a	NonTarget	1	46824
183.03117966761133	n/a	NonTarget	1	46856
183.15617961957827	n/a	NonTarget	1	46888
183.28117957154524	n/a	NonTarget	1	46920
183.40617952351218	n/a	NonTarget	1	46952
183.53117947547912	n/a	NonTarget	1	46984
183.6561794274461	n/a	NonTarget	1	47016
183.78117937941303	n/a	NonTarget	1	47048
183.90617933138	n/a	NonTarget	1	47080
184.03117928334694	n/a	NonTarget	1	47112
184.15617923531389	n/a	NonTarget	1	47144
184.28117918728086	n/a	NonTarget	1	47176
184.4061791392478	n/a	NonTarget	1	47208
184.53117909121477	n/a	NonTarget	1	47240
184.6561790431817	n/a	NonTarget	1	47272
184.78117899514868	n/a	NonTarget	1	47304
184.90617894711562	n/a	NonTarget	1	47336
185.03117889908256	n/a	NonTarget	1	47368
185.15617885104953	n/a	NonTarget	1	47400
185.28117880301647	n/a	NonTarget	1	47432
185.40617875498344	n/a	NonTarget	1	47464
185.53117870695039	n/a	NonTarget	1	47496
185.65617865891733	n/a	NonTarget	1	47528
185.7811786108843	n/a	NonTarget	1	47560
185.90617856285124	n/a	NonTarget	1	47592
186.0311785148182	n/a	NonTarget	1	47624
186.15617846678515	n/a	NonTarget	1	47656
186.2811784187521	n/a	NonTarget	1	47688
186.40617837071906	n/a	NonTarget	1	47720
186.531178322686	n/a	NonTarget	1	47752
186.65617827465297	n/a	NonTarget	1	47784
186.78117822661991	n/a	NonTarget	1	47816
186.90617817858686	n/a	NonTarget	1	47848
187.03117813055383	n/a	NonTarget	1	47880
187.15617808252077	n/a	NonTarget	1	47912
187.28117803448774	n/a	NonTarget	1	47944
187.40617798645468	n/a	NonTarget	1	47976
193.53117563283539	n/a	NonTarget	1	49544
193.65617558480236	n/a	NonTarget	1	49576
193.7811755367693	n/a	NonTarget	1	49608
193.90617548873627	n/a	NonTarget	1	49640
194.0311754407032	n/a	NonTarget	1	49672
194.15617539267015	n/a	NonTarget	1	49704
194.28117534463712	n/a	NonTarget	1	49736
194.40617529660406	n/a	NonTarget	1	49768
194.53117524857103	n/a	NonTarget	1	49800
194.65617520053797	n/a	NonTarget	1	49832
194.78117515250491	n/a	NonTarget	1	49864
194.90617510447188	n/a	NonTarget	1	49896
195.03117505643883	n/a	NonTarget	1	49928
195.1561750084058	n/a	NonTarget	1	49960
195.28117496037274	n/a	NonTarget	1	49992
195.40617491233968	n/a	NonTarget	1	50024
195.53117486430665	n/a	NonTarget	1	50056
195.6561748162736	n/a	NonTarget	1	50088
195.78117476824056	n/a	NonTarget	1	50120
195.9061747202075	n/a	NonTarget	1	50152
196.03117467217447	n/a	NonTarget	1	50184
196.1561746241414	n/a	NonTarget	1	50216
196.28117457610836	n/a	NonTarget	1	50248
196.40617452807533	n/a	NonTarget	1	50280
196.53117448004227	n/a	NonTarget	1	50312
196.65617443200924	n/a	NonTarget	1	50344
196.78117438397618	n/a	NonTarget	1	50376
196.90617433594312	n/a	NonTarget	1	50408
197.0311742879101	n/a	NonTarget	1	50440
197.15617423987703	n/a	NonTarget	1	50472
197.281174191844	n/a	NonTarget	1	50504
197.40617414381094	n/a	NonTarget	1	50536
197.53117409577789	n/a	NonTarget	1	50568
197.65617404774486	n/a	NonTarget	1	50600
197.7811739997118	n/a	NonTarget	1	50632
197.90617395167877	n/a	NonTarget	1	50664
198.0311739036457	n/a	NonTarget	1	50696
198.15617385561265	n/a	NonTarget	1	50728
198.28117380757962	n/a	NonTarget	1	50760
198.40617375954656	n/a	NonTarget	1	50792
198.53117371151353	n/a	NonTarget	1	50824
198.65617366348047	n/a	NonTarget	1	50856
198.78117361544744	n/a	NonTarget	1	50888
198.90617356741438	n/a	NonTarget	1	50920
199.03117351938133	n/a	NonTarget	1	50952
199.1561734713483	n/a	NonTarget	1	50984
199.28117342331524	n/a	NonTarget	1	51016
199.4061733752822	n/a	NonTarget	1	51048
199.53117332724915	n/a	NonTarget	1	51080
199.6561732792161	n/a	NonTarget	1	51112
199.78117323118306	n/a	NonTarget	1	51144
199.90617318315	n/a	NonTarget	1	51176
200.03117313511697	n/a	NonTarget	1	51208
200.1561730870839	n/a	NonTarget	1	51240
200.28117303905086	n/a	NonTarget	1	51272
200.40617299101783	n/a	NonTarget	1	51304
200.53117294298477	n/a	NonTarget	1	51336
200.65617289495174	n/a	NonTarget	1	51368
200.78117284691868	n/a	NonTarget	1	51400
200.90617279888565	n/a	NonTarget	1	51432
201.0311727508526	n/a	NonTarget	1	51464
201.15617270281953	n/a	NonTarget	1	51496
201.2811726547865	n/a	NonTarget	1	51528
201.40617260675344	n/a	NonTarget	1	51560
201.5311725587204	n/a	NonTarget	1	51592
201.65617251068736	n/a	NonTarget	1	51624
201.7811724626543	n/a	NonTarget	1	51656
201.90617241462127	n/a	NonTarget	1	51688
202.0311723665882	n/a	NonTarget	1	51720
202.15617231855518	n/a	NonTarget	1	51752
202.28117227052212	n/a	NonTarget	1	51784
202.40617222248906	n/a	NonTarget	1	51816
202.53117217445603	n/a	NonTarget	1	51848
202.65617212642297	n/a	NonTarget	1	51880
202.78117207838994	n/a	NonTarget	1	51912
202.90617203035688	n/a	NonTarget	1	51944
203.03117198232385	n/a	NonTarget	1	51976
203.1561719342908	n/a	NonTarget	1	52008
203.28117188625774	n/a	NonTarget	1	52040
203.4061718382247	n/a	NonTarget	1	52072
203.53117179019165	n/a	NonTarget	1	52104
203.65617174215862	n/a	NonTarget	1	52136
203.78117169412556	n/a	NonTarget	1	52168
203.9061716460925	n/a	NonTarget	1	52200
204.03117159805947	n/a	NonTarget	1	52232
204.15617155002641	n/a	NonTarget	1	52264
204.28117150199338	n/a	NonTarget	1	52296
204.40617145396033	n/a	NonTarget	1	52328
204.53117140592727	n/a	NonTarget	1	52360
204.65617135789424	n/a	NonTarget	1	52392
204.78117130986118	n/a	NonTarget	1	52424
204.90617126182815	n/a	NonTarget	1	52456
205.0311712137951	n/a	NonTarget	1	52488
205.15617116576206	n/a	NonTarget	1	52520
205.281171117729	n/a	NonTarget	1	52552
205.40617106969594	n/a	NonTarget	1	52584
205.5311710216629	n/a	NonTarget	1	52616
205.65617097362986	n/a	NonTarget	1	52648
205.78117092559683	n/a	NonTarget	1	52680
205.90617087756377	n/a	NonTarget	1	52712
206.0311708295307	n/a	NonTarget	1	52744
206.15617078149768	n/a	NonTarget	1	52776
206.28117073346462	n/a	NonTarget	1	52808
206.4061706854316	n/a	NonTarget	1	52840
206.53117063739853	n/a	NonTarget	1	52872
206.65617058936547	n/a	NonTarget	1	52904
206.78117054133244	n/a	NonTarget	1	52936
206.90617049329938	n/a	NonTarget	1	52968
207.03117044526635	n/a	NonTarget	1	53000
207.1561703972333	n/a	NonTarget	1	53032
207.28117034920027	n/a	NonTarget	1	53064
207.4061703011672	n/a	NonTarget	1	53096
207.53117025313415	n/a	NonTarget	1	53128
207.65617020510112	n/a	NonTarget	1	53160
207.78117015706806	n/a	NonTarget	1	53192
207.90617010903503	n/a	NonTarget	1	53224
208.03117006100197	n/a	NonTarget	1	53256
208.15617001296891	n/a	NonTarget	1	53288
208.28116996493588	n/a	NonTarget	1	53320
208.40616991690283	n/a	NonTarget	1	53352
214.53116756328353	n/a	NonTarget	1	54920
214.6561675152505	n/a	NonTarget	1	54952
214.78116746721744	n/a	NonTarget	1	54984
214.9061674191844	n/a	NonTarget	1	55016
215.03116737115135	n/a	NonTarget	1	55048
215.1561673231183	n/a	NonTarget	1	55080
215.28116727508527	n/a	NonTarget	1	55112
215.4061672270522	n/a	NonTarget	1	55144
215.53116717901918	n/a	NonTarget	1	55176
215.65616713098612	n/a	NonTarget	1	55208
215.78116708295306	n/a	NonTarget	1	55240
215.90616703492003	n/a	NonTarget	1	55272
216.03116698688697	n/a	NonTarget	1	55304
216.15616693885394	n/a	NonTarget	1	55336
216.28116689082088	n/a	NonTarget	1	55368
216.40616684278785	n/a	NonTarget	1	55400
216.5311667947548	n/a	NonTarget	1	55432
216.65616674672174	n/a	NonTarget	1	55464
216.7811666986887	n/a	NonTarget	1	55496
216.90616665065565	n/a	NonTarget	1	55528
217.03116660262262	n/a	NonTarget	1	55560
217.15616655458956	n/a	NonTarget	1	55592
217.2811665065565	n/a	NonTarget	1	55624
217.40616645852347	n/a	NonTarget	1	55656
217.5311664104904	n/a	NonTarget	1	55688
217.65616636245738	n/a	NonTarget	1	55720
217.78116631442433	n/a	NonTarget	1	55752
217.90616626639127	n/a	NonTarget	1	55784
218.03116621835824	n/a	NonTarget	1	55816
218.15616617032518	n/a	NonTarget	1	55848
218.28116612229215	n/a	NonTarget	1	55880
218.4061660742591	n/a	NonTarget	1	55912
218.53116602622606	n/a	NonTarget	1	55944
218.656165978193	n/a	NonTarget	1	55976
218.78116593015994	n/a	NonTarget	1	56008
218.9061658821269	n/a	NonTarget	1	56040
219.03116583409385	n/a	NonTarget	1	56072
219.15616578606082	n/a	NonTarget	1	56104
219.28116573802777	n/a	NonTarget	1	56136
219.4061656899947	n/a	NonTarget	1	56168
219.53116564196168	n/a	NonTarget	1	56200
219.65616559392862	n/a	NonTarget	1	56232
219.7811655458956	n/a	NonTarget	1	56264
219.90616549786253	n/a	NonTarget	1	56296
220.03116544982947	n/a	NonTarget	1	56328
220.15616540179644	n/a	NonTarget	1	56360
220.28116535376338	n/a	NonTarget	1	56392
220.40616530573035	n/a	NonTarget	1	56424
220.5311652576973	n/a	NonTarget	1	56456
220.65616520966424	n/a	NonTarget	1	56488
220.7811651616312	n/a	NonTarget	1	56520
220.90616511359815	n/a	NonTarget	1	56552
221.03116506556512	n/a	NonTarget	1	56584
221.15616501753206	n/a	NonTarget	1	56616
221.28116496949903	n/a	NonTarget	1	56648
221.40616492146597	n/a	NonTarget	1	56680
221.5311648734329	n/a	NonTarget	1	56712
221.65616482539988	n/a	NonTarget	1	56744
221.78116477736683	n/a	NonTarget	1	56776
221.9061647293338	n/a	NonTarget	1	56808
222.03116468130074	n/a	NonTarget	1	56840
222.15616463326768	n/a	NonTarget	1	56872
222.28116458523465	n/a	NonTarget	1	56904
222.4061645372016	n/a	NonTarget	1	56936
222.53116448916856	n/a	NonTarget	1	56968
222.6561644411355	n/a	NonTarget	1	57000
222.78116439310244	n/a	NonTarget	1	57032
222.9061643450694	n/a	NonTarget	1	57064
223.03116429703636	n/a	NonTarget	1	57096
223.15616424900333	n/a	NonTarget	1	57128
223.28116420097027	n/a	NonTarget	1	57160
223.40616415293724	n/a	NonTarget	1	57192
223.53116410490418	n/a	NonTarget	1	57224
223.65616405687112	n/a	NonTarget	1	57256
223.7811640088381	n/a	NonTarget	1	57288
223.90616396080503	n/a	NonTarget	1	57320
224.031163912772	n/a	NonTarget	1	57352
224.15616386473894	n/a	NonTarget	1	57384
224.28116381670588	n/a	NonTarget	1	57416
224.40616376867285	n/a	NonTarget	1	57448
224.5311637206398	n/a	NonTarget	1	57480
224.65616367260677	n/a	NonTarget	1	57512
224.7811636245737	n/a	NonTarget	1	57544
224.90616357654065	n/a	NonTarget	1	57576
225.03116352850762	n/a	NonTarget	1	57608
225.15616348047456	n/a	NonTarget	1	57640
225.28116343244153	n/a	NonTarget	1	57672
225.40616338440847	n/a	NonTarget	1	57704
225.53116333637544	n/a	NonTarget	1	57736
225.65616328834238	n/a	NonTarget	1	57768
225.78116324030933	n/a	NonTarget	1	57800
225.9061631922763	n/a	NonTarget	1	57832
226.03116314424324	n/a	NonTarget	1	57864
226.1561630962102	n/a	NonTarget	1	57896
226.28116304817715	n/a	NonTarget	1	57928
226.4061630001441	n/a	NonTarget	1	57960
226.53116295211106	n/a	NonTarget	1	57992
226.656162904078	n/a	NonTarget	1	58024
226.78116285604497	n/a	NonTarget	1	58056
226.9061628080119	n/a	NonTarget	1	58088
227.03116275997886	n/a	NonTarget	1	58120
227.15616271194583	n/a	NonTarget	1	58152
227.28116266391277	n/a	NonTarget	1	58184
227.40616261587974	n/a	NonTarget	1	58216
227.53116256784668	n/a	NonTarget	1	58248
227.65616251981365	n/a	NonTarget	1	58280
227.7811624717806	n/a	NonTarget	1	58312
227.90616242374753	n/a	NonTarget	1	58344
228.0311623757145	n/a	NonTarget	1	58376
228.15616232768144	n/a	NonTarget	1	58408
228.2811622796484	n/a	NonTarget	1	58440
228.40616223161535	n/a	NonTarget	1	58472
228.5311621835823	n/a	NonTarget	1	58504
228.65616213554927	n/a	NonTarget	1	58536
228.7811620875162	n/a	NonTarget	1	58568
228.90616203948318	n/a	NonTarget	1	58600
229.03116199145012	n/a	NonTarget	1	58632
229.15616194341706	n/a	NonTarget	1	58664
229.28116189538403	n/a	NonTarget	1	58696
229.40616184735097	n/a	NonTarget	1	58728
235.53115949373168	n/a	NonTarget	1	60296
235.65615944569865	n/a	NonTarget	1	60328
235.7811593976656	n/a	NonTarget	1	60360
235.90615934963256	n/a	NonTarget	1	60392
236.0311593015995	n/a	NonTarget	1	60424
236.15615925356644	n/a	NonTarget	1	60456
236.2811592055334	n/a	NonTarget	1	60488
236.40615915750035	n/a	NonTarget	1	60520
236.53115910946732	n/a	NonTarget	1	60552
236.65615906143427	n/a	NonTarget	1	60584
236.78115901340124	n/a	NonTarget	1	60616
236.90615896536818	n/a	NonTarget	1	60648
237.03115891733512	n/a	NonTarget	1	60680
237.1561588693021	n/a	NonTarget	1	60712
237.28115882126903	n/a	NonTarget	1	60744
237.406158773236	n/a	NonTarget	1	60776
237.53115872520294	n/a	NonTarget	1	60808
237.65615867716988	n/a	NonTarget	1	60840
237.78115862913685	n/a	NonTarget	1	60872
237.9061585811038	n/a	NonTarget	1	60904
238.03115853307077	n/a	NonTarget	1	60936
238.1561584850377	n/a	NonTarget	1	60968
238.28115843700465	n/a	NonTarget	1	61000
238.40615838897162	n/a	NonTarget	1	61032
238.53115834093856	n/a	NonTarget	1	61064
238.65615829290553	n/a	NonTarget	1	61096
238.78115824487247	n/a	NonTarget	1	61128
238.90615819683944	n/a	NonTarget	1	61160
239.03115814880638	n/a	NonTarget	1	61192
239.15615810077333	n/a	NonTarget	1	61224
239.2811580527403	n/a	NonTarget	1	61256
239.40615800470724	n/a	NonTarget	1	61288
239.5311579566742	n/a	NonTarget	1	61320
239.65615790864115	n/a	NonTarget	1	61352
239.7811578606081	n/a	NonTarget	1	61384
239.90615781257506	n/a	NonTarget	1	61416
240.031157764542	n/a	NonTarget	1	61448
240.15615771650897	n/a	NonTarget	1	61480
240.2811576684759	n/a	NonTarget	1	61512
240.40615762044285	n/a	NonTarget	1	61544
240.53115757240982	n/a	NonTarget	1	61576
240.65615752437677	n/a	NonTarget	1	61608
240.78115747634374	n/a	NonTarget	1	61640
240.90615742831068	n/a	NonTarget	1	61672
241.03115738027765	n/a	NonTarget	1	61704
241.1561573322446	n/a	NonTarget	1	61736
241.28115728421153	n/a	NonTarget	1	61768
241.4061572361785	n/a	NonTarget	1	61800
241.53115718814544	n/a	NonTarget	1	61832
241.6561571401124	n/a	NonTarget	1	61864
241.78115709207935	n/a	NonTarget	1	61896
241.9061570440463	n/a	NonTarget	1	61928
242.03115699601327	n/a	NonTarget	1	61960
242.1561569479802	n/a	NonTarget	1	61992
242.28115689994718	n/a	NonTarget	1	62024
242.40615685191412	n/a	NonTarget	1	62056
242.53115680388106	n/a	NonTarget	1	62088
242.65615675584803	n/a	NonTarget	1	62120
242.78115670781497	n/a	NonTarget	1	62152
242.90615665978194	n/a	NonTarget	1	62184
243.03115661174888	n/a	NonTarget	1	62216
243.15615656371585	n/a	NonTarget	1	62248
243.2811565156828	n/a	NonTarget	1	62280
243.40615646764974	n/a	NonTarget	1	62312
243.5311564196167	n/a	NonTarget	1	62344
243.65615637158365	n/a	NonTarget	1	62376
243.78115632355062	n/a	NonTarget	1	62408
243.90615627551756	n/a	NonTarget	1	62440
244.0311562274845	n/a	NonTarget	1	62472
244.15615617945147	n/a	NonTarget	1	62504
244.2811561314184	n/a	NonTarget	1	62536
244.40615608338538	n/a	NonTarget	1	62568
244.53115603535232	n/a	NonTarget	1	62600
244.65615598731927	n/a	NonTarget	1	62632
244.78115593928624	n/a	NonTarget	1	62664
244.90615589125318	n/a	NonTarget	1	62696
245.03115584322015	n/a	NonTarget	1	62728
245.1561557951871	n/a	NonTarget	1	62760
245.28115574715403	n/a	NonTarget	1	62792
245.406155699121	n/a	NonTarget	1	62824
245.53115565108794	n/a	NonTarget	1	62856
245.6561556030549	n/a	NonTarget	1	62888
245.78115555502185	n/a	NonTarget	1	62920
245.90615550698882	n/a	NonTarget	1	62952
246.03115545895577	n/a	NonTarget	1	62984
246.1561554109227	n/a	NonTarget	1	63016
246.28115536288968	n/a	NonTarget	1	63048
246.40615531485662	n/a	NonTarget	1	63080
246.5311552668236	n/a	NonTarget	1	63112
246.65615521879053	n/a	NonTarget	1	63144
246.78115517075747	n/a	NonTarget	1	63176
246.90615512272444	n/a	NonTarget	1	63208
247.03115507469138	n/a	NonTarget	1	63240
247.15615502665835	n/a	NonTarget	1	63272
247.2811549786253	n/a	NonTarget	1	63304
247.40615493059224	n/a	NonTarget	1	63336
247.5311548825592	n/a	NonTarget	1	63368
247.65615483452615	n/a	NonTarget	1	63400
247.78115478649312	n/a	NonTarget	1	63432
247.90615473846006	n/a	NonTarget	1	63464
248.03115469042703	n/a	NonTarget	1	63496
248.15615464239397	n/a	NonTarget	1	63528
248.2811545943609	n/a	NonTarget	1	63560
248.40615454632788	n/a	NonTarget	1	63592
248.53115449829482	n/a	NonTarget	1	63624
248.6561544502618	n/a	NonTarget	1	63656
248.78115440222874	n/a	NonTarget	1	63688
248.90615435419568	n/a	NonTarget	1	63720
249.03115430616265	n/a	NonTarget	1	63752
249.1561542581296	n/a	NonTarget	1	63784
249.28115421009656	n/a	NonTarget	1	63816
249.4061541620635	n/a	NonTarget	1	63848
249.53115411403044	n/a	NonTarget	1	63880
249.6561540659974	n/a	NonTarget	1	63912
249.78115401796435	n/a	NonTarget	1	63944
249.90615396993132	n/a	NonTarget	1	63976
250.03115392189827	n/a	NonTarget	1	64008
250.15615387386524	n/a	NonTarget	1	64040
250.28115382583218	n/a	NonTarget	1	64072
250.40615377779912	n/a	NonTarget	1	64104
256.5311514241798	n/a	NonTarget	1	65672
256.6561513761468	n/a	NonTarget	1	65704
256.78115132811376	n/a	NonTarget	1	65736
256.9061512800807	n/a	NonTarget	1	65768
257.03115123204765	n/a	NonTarget	1	65800
257.1561511840146	n/a	NonTarget	1	65832
257.28115113598153	n/a	NonTarget	1	65864
257.4061510879485	n/a	NonTarget	1	65896
257.53115103991547	n/a	NonTarget	1	65928
257.65615099188244	n/a	NonTarget	1	65960
257.78115094384935	n/a	NonTarget	1	65992
257.9061508958163	n/a	NonTarget	1	66024
258.0311508477833	n/a	NonTarget	1	66056
258.1561507997502	n/a	NonTarget	1	66088
258.2811507517172	n/a	NonTarget	1	66120
258.40615070368415	n/a	NonTarget	1	66152
258.5311506556511	n/a	NonTarget	1	66184
258.65615060761803	n/a	NonTarget	1	66216
258.781150559585	n/a	NonTarget	1	66248
258.90615051155197	n/a	NonTarget	1	66280
259.0311504635189	n/a	NonTarget	1	66312
259.15615041548585	n/a	NonTarget	1	66344
259.2811503674528	n/a	NonTarget	1	66376
259.40615031941974	n/a	NonTarget	1	66408
259.5311502713867	n/a	NonTarget	1	66440
259.6561502233537	n/a	NonTarget	1	66472
259.78115017532065	n/a	NonTarget	1	66504
259.90615012728756	n/a	NonTarget	1	66536
260.03115007925453	n/a	NonTarget	1	66568
260.1561500312215	n/a	NonTarget	1	66600
260.2811499831884	n/a	NonTarget	1	66632
260.4061499351554	n/a	NonTarget	1	66664
260.53114988712235	n/a	NonTarget	1	66696
260.6561498390893	n/a	NonTarget	1	66728
260.78114979105624	n/a	NonTarget	1	66760
260.9061497430232	n/a	NonTarget	1	66792
261.0311496949902	n/a	NonTarget	1	66824
261.1561496469571	n/a	NonTarget	1	66856
261.28114959892406	n/a	NonTarget	1	66888
261.40614955089103	n/a	NonTarget	1	66920
261.53114950285794	n/a	NonTarget	1	66952
261.6561494548249	n/a	NonTarget	1	66984
261.7811494067919	n/a	NonTarget	1	67016
261.90614935875885	n/a	NonTarget	1	67048
262.03114931072577	n/a	NonTarget	1	67080
262.15614926269274	n/a	NonTarget	1	67112
262.2811492146597	n/a	NonTarget	1	67144
262.4061491666266	n/a	NonTarget	1	67176
262.5311491185936	n/a	NonTarget	1	67208
262.65614907056056	n/a	NonTarget	1	67240
262.78114902252753	n/a	NonTarget	1	67272
262.90614897449444	n/a	NonTarget	1	67304
263.0311489264614	n/a	NonTarget	1	67336
263.1561488784284	n/a	NonTarget	1	67368
263.2811488303953	n/a	NonTarget	1	67400
263.40614878236227	n/a	NonTarget	1	67432
263.53114873432924	n/a	NonTarget	1	67464
263.65614868629615	n/a	NonTarget	1	67496
263.7811486382631	n/a	NonTarget	1	67528
263.9061485902301	n/a	NonTarget	1	67560
264.03114854219706	n/a	NonTarget	1	67592
264.156148494164	n/a	NonTarget	1	67624
264.28114844613094	n/a	NonTarget	1	67656
264.4061483980979	n/a	NonTarget	1	67688
264.5311483500648	n/a	NonTarget	1	67720
264.6561483020318	n/a	NonTarget	1	67752
264.78114825399877	n/a	NonTarget	1	67784
264.90614820596574	n/a	NonTarget	1	67816
265.03114815793265	n/a	NonTarget	1	67848
265.1561481098996	n/a	NonTarget	1	67880
265.2811480618666	n/a	NonTarget	1	67912
265.4061480138335	n/a	NonTarget	1	67944
265.53114796580047	n/a	NonTarget	1	67976
265.65614791776744	n/a	NonTarget	1	68008
265.78114786973435	n/a	NonTarget	1	68040
265.9061478217013	n/a	NonTarget	1	68072
266.0311477736683	n/a	NonTarget	1	68104
266.15614772563526	n/a	NonTarget	1	68136
266.2811476776022	n/a	NonTarget	1	68168
266.40614762956915	n/a	NonTarget	1	68200
266.5311475815361	n/a	NonTarget	1	68232
266.65614753350303	n/a	NonTarget	1	68264
266.78114748547	n/a	NonTarget	1	68296
266.90614743743697	n/a	NonTarget	1	68328
267.03114738940394	n/a	NonTarget	1	68360
267.15614734137085	n/a	NonTarget	1	68392
267.2811472933378	n/a	NonTarget	1	68424
267.4061472453048	n/a	NonTarget	1	68456
267.5311471972717	n/a	NonTarget	1	68488
267.6561471492387	n/a	NonTarget	1	68520
267.78114710120565	n/a	NonTarget	1	68552
267.90614705317256	n/a	NonTarget	1	68584
268.03114700513953	n/a	NonTarget	1	68616
268.1561469571065	n/a	NonTarget	1	68648
268.28114690907347	n/a	NonTarget	1	68680
268.4061468610404	n/a	NonTarget	1	68712
268.53114681300735	n/a	NonTarget	1	68744
268.6561467649743	n/a	NonTarget	1	68776
268.78114671694124	n/a	NonTarget	1	68808
268.9061466689082	n/a	NonTarget	1	68840
269.0311466208752	n/a	NonTarget	1	68872
269.15614657284215	n/a	NonTarget	1	68904
269.28114652480906	n/a	NonTarget	1	68936
269.40614647677603	n/a	NonTarget	1	68968
269.531146428743	n/a	NonTarget	1	69000
269.6561463807099	n/a	NonTarget	1	69032
269.7811463326769	n/a	NonTarget	1	69064
269.90614628464385	n/a	NonTarget	1	69096
270.03114623661077	n/a	NonTarget	1	69128
270.15614618857774	n/a	NonTarget	1	69160
270.2811461405447	n/a	NonTarget	1	69192
270.4061460925117	n/a	NonTarget	1	69224
270.5311460444786	n/a	NonTarget	1	69256
270.65614599644556	n/a	NonTarget	1	69288
270.78114594841253	n/a	NonTarget	1	69320
270.90614590037944	n/a	NonTarget	1	69352
271.0311458523464	n/a	NonTarget	1	69384
271.1561458043134	n/a	NonTarget	1	69416
271.28114575628035	n/a	NonTarget	1	69448
271.40614570824727	n/a	NonTarget	1	69480
277.531143354628	n/a	NonTarget	1	71048
277.6561433065949	n/a	NonTarget	1	71080
277.7811432585619	n/a	NonTarget	1	71112
277.90614321052885	n/a	NonTarget	1	71144
278.0311431624958	n/a	NonTarget	1	71176
278.15614311446274	n/a	NonTarget	1	71208
278.2811430664297	n/a	NonTarget	1	71240
278.4061430183967	n/a	NonTarget	1	71272
278.5311429703636	n/a	NonTarget	1	71304
278.65614292233056	n/a	NonTarget	1	71336
278.78114287429753	n/a	NonTarget	1	71368
278.9061428262645	n/a	NonTarget	1	71400
279.0311427782314	n/a	NonTarget	1	71432
279.1561427301984	n/a	NonTarget	1	71464
279.28114268216535	n/a	NonTarget	1	71496
279.40614263413227	n/a	NonTarget	1	71528
279.53114258609924	n/a	NonTarget	1	71560
279.6561425380662	n/a	NonTarget	1	71592
279.7811424900331	n/a	NonTarget	1	71624
279.9061424420001	n/a	NonTarget	1	71656
280.03114239396706	n/a	NonTarget	1	71688
280.15614234593403	n/a	NonTarget	1	71720
280.28114229790094	n/a	NonTarget	1	71752
280.4061422498679	n/a	NonTarget	1	71784
280.5311422018349	n/a	NonTarget	1	71816
280.6561421538018	n/a	NonTarget	1	71848
280.78114210576877	n/a	NonTarget	1	71880
280.90614205773574	n/a	NonTarget	1	71912
281.0311420097027	n/a	NonTarget	1	71944
281.1561419616696	n/a	NonTarget	1	71976
281.2811419136366	n/a	NonTarget	1	72008
281.40614186560356	n/a	NonTarget	1	72040
281.5311418175705	n/a	NonTarget	1	72072
281.65614176953744	n/a	NonTarget	1	72104
281.7811417215044	n/a	NonTarget	1	72136
281.9061416734713	n/a	NonTarget	1	72168
282.0311416254383	n/a	NonTarget	1	72200
282.15614157740526	n/a	NonTarget	1	72232
282.28114152937223	n/a	NonTarget	1	72264
282.40614148133915	n/a	NonTarget	1	72296
282.5311414333061	n/a	NonTarget	1	72328
282.6561413852731	n/a	NonTarget	1	72360
282.78114133724	n/a	NonTarget	1	72392
282.90614128920697	n/a	NonTarget	1	72424
283.03114124117394	n/a	NonTarget	1	72456
283.1561411931409	n/a	NonTarget	1	72488
283.2811411451078	n/a	NonTarget	1	72520
283.4061410970748	n/a	NonTarget	1	72552
283.53114104904176	n/a	NonTarget	1	72584
283.6561410010087	n/a	NonTarget	1	72616
283.78114095297565	n/a	NonTarget	1	72648
283.9061409049426	n/a	NonTarget	1	72680
284.03114085690953	n/a	NonTarget	1	72712
284.1561408088765	n/a	NonTarget	1	72744
284.28114076084347	n/a	NonTarget	1	72776
284.40614071281044	n/a	NonTarget	1	72808
284.53114066477735	n/a	NonTarget	1	72840
284.6561406167443	n/a	NonTarget	1	72872
284.7811405687113	n/a	NonTarget	1	72904
284.9061405206782	n/a	NonTarget	1	72936
285.0311404726452	n/a	NonTarget	1	72968
285.15614042461215	n/a	NonTarget	1	73000
285.2811403765791	n/a	NonTarget	1	73032
285.40614032854603	n/a	NonTarget	1	73064
285.531140280513	n/a	NonTarget	1	73096
285.65614023247997	n/a	NonTarget	1	73128
285.7811401844469	n/a	NonTarget	1	73160
285.90614013641385	n/a	NonTarget	1	73192
286.0311400883808	n/a	NonTarget	1	73224
286.15614004034774	n/a	NonTarget	1	73256
286.2811399923147	n/a	NonTarget	1	73288
286.4061399442817	n/a	NonTarget	1	73320
286.53113989624865	n/a	NonTarget	1	73352
286.65613984821556	n/a	NonTarget	1	73384
286.78113980018253	n/a	NonTarget	1	73416
286.9061397521495	n/a	NonTarget	1	73448
287.0311397041164	n/a	NonTarget	1	73480
287.1561396560834	n/a	NonTarget	1	73512
287.28113960805035	n/a	NonTarget	1	73544
287.4061395600173	n/a	NonTarget	1	73576
287.53113951198424	n/a	NonTarget	1	73608
287.6561394639512	n/a	NonTarget	1	73640
287.7811394159182	n/a	NonTarget	1	73672
287.9061393678851	n/a	NonTarget	1	73704
288.03113931985206	n/a	NonTarget	1	73736
288.15613927181903	n/a	NonTarget	1	73768
288.28113922378594	n/a	NonTarget	1	73800
288.4061391757529	n/a	NonTarget	1	73832
288.5311391277199	n/a	NonTarget	1	73864
288.65613907968685	n/a	NonTarget	1	73896
288.78113903165377	n/a	NonTarget	1	73928
288.90613898362074	n/a	NonTarget	1	73960
289.0311389355877	n/a	NonTarget	1	73992
289.1561388875546	n/a	NonTarget	1	74024
289.2811388395216	n/a	NonTarget	1	74056
289.40613879148856	n/a	NonTarget	1	74088
289.53113874345553	n/a	NonTarget	1	74120
289.65613869542244	n/a	NonTarget	1	74152
289.7811386473894	n/a	NonTarget	1	74184
289.9061385993564	n/a	NonTarget	1	74216
290.0311385513233	n/a	NonTarget	1	74248
290.15613850329026	n/a	NonTarget	1	74280
290.28113845525723	n/a	NonTarget	1	74312
290.40613840722415	n/a	NonTarget	1	74344
290.5311383591911	n/a	NonTarget	1	74376
290.6561383111581	n/a	NonTarget	1	74408
290.78113826312506	n/a	NonTarget	1	74440
290.90613821509197	n/a	NonTarget	1	74472
291.03113816705894	n/a	NonTarget	1	74504
291.1561381190259	n/a	NonTarget	1	74536
291.2811380709928	n/a	NonTarget	1	74568
291.4061380229598	n/a	NonTarget	1	74600
291.53113797492676	n/a	NonTarget	1	74632
291.65613792689373	n/a	NonTarget	1	74664
291.78113787886065	n/a	NonTarget	1	74696
291.9061378308276	n/a	NonTarget	1	74728
292.0311377827946	n/a	NonTarget	1	74760
292.1561377347615	n/a	NonTarget	1	74792
292.28113768672847	n/a	NonTarget	1	74824
292.40613763869544	n/a	NonTarget	1	74856
298.5311352850761	n/a	NonTarget	1	76424
298.6561352370431	n/a	NonTarget	1	76456
298.78113518901006	n/a	NonTarget	1	76488
298.90613514097697	n/a	NonTarget	1	76520
299.03113509294394	n/a	NonTarget	1	76552
299.1561350449109	n/a	NonTarget	1	76584
299.2811349968779	n/a	NonTarget	1	76616
299.4061349488448	n/a	NonTarget	1	76648
299.53113490081176	n/a	NonTarget	1	76680
299.65613485277873	n/a	NonTarget	1	76712
299.78113480474565	n/a	NonTarget	1	76744
299.9061347567126	n/a	NonTarget	1	76776
300.0311347086796	n/a	NonTarget	1	76808
300.1561346606465	n/a	NonTarget	1	76840
300.28113461261347	n/a	NonTarget	1	76872
300.40613456458044	n/a	NonTarget	1	76904
300.5311345165474	n/a	NonTarget	1	76936
300.6561344685143	n/a	NonTarget	1	76968
300.7811344204813	n/a	NonTarget	1	77000
300.90613437244826	n/a	NonTarget	1	77032
301.0311343244152	n/a	NonTarget	1	77064
301.15613427638215	n/a	NonTarget	1	77096
301.2811342283491	n/a	NonTarget	1	77128
301.4061341803161	n/a	NonTarget	1	77160
301.531134132283	n/a	NonTarget	1	77192
301.65613408424997	n/a	NonTarget	1	77224
301.78113403621694	n/a	NonTarget	1	77256
301.90613398818385	n/a	NonTarget	1	77288
302.0311339401508	n/a	NonTarget	1	77320
302.1561338921178	n/a	NonTarget	1	77352
302.2811338440847	n/a	NonTarget	1	77384
302.4061337960517	n/a	NonTarget	1	77416
302.53113374801865	n/a	NonTarget	1	77448
302.6561336999856	n/a	NonTarget	1	77480
302.78113365195253	n/a	NonTarget	1	77512
302.9061336039195	n/a	NonTarget	1	77544
303.03113355588647	n/a	NonTarget	1	77576
303.1561335078534	n/a	NonTarget	1	77608
303.28113345982035	n/a	NonTarget	1	77640
303.4061334117873	n/a	NonTarget	1	77672
303.5311333637543	n/a	NonTarget	1	77704
303.6561333157212	n/a	NonTarget	1	77736
303.7811332676882	n/a	NonTarget	1	77768
303.90613321965515	n/a	NonTarget	1	77800
304.03113317162206	n/a	NonTarget	1	77832
304.15613312358903	n/a	NonTarget	1	77864
304.281133075556	n/a	NonTarget	1	77896
304.4061330275229	n/a	NonTarget	1	77928
304.5311329794899	n/a	NonTarget	1	77960
304.65613293145685	n/a	NonTarget	1	77992
304.7811328834238	n/a	NonTarget	1	78024
304.90613283539074	n/a	NonTarget	1	78056
305.0311327873577	n/a	NonTarget	1	78088
305.1561327393247	n/a	NonTarget	1	78120
305.2811326912916	n/a	NonTarget	1	78152
305.40613264325856	n/a	NonTarget	1	78184
305.53113259522553	n/a	NonTarget	1	78216
305.6561325471925	n/a	NonTarget	1	78248
305.7811324991594	n/a	NonTarget	1	78280
305.9061324511264	n/a	NonTarget	1	78312
306.03113240309335	n/a	NonTarget	1	78344
306.15613235506027	n/a	NonTarget	1	78376
306.28113230702724	n/a	NonTarget	1	78408
306.4061322589942	n/a	NonTarget	1	78440
306.5311322109611	n/a	NonTarget	1	78472
306.6561321629281	n/a	NonTarget	1	78504
306.78113211489506	n/a	NonTarget	1	78536
306.906132066862	n/a	NonTarget	1	78568
307.03113201882894	n/a	NonTarget	1	78600
307.1561319707959	n/a	NonTarget	1	78632
307.2811319227629	n/a	NonTarget	1	78664
307.4061318747298	n/a	NonTarget	1	78696
307.53113182669676	n/a	NonTarget	1	78728
307.65613177866373	n/a	NonTarget	1	78760
307.7811317306307	n/a	NonTarget	1	78792
307.9061316825976	n/a	NonTarget	1	78824
308.0311316345646	n/a	NonTarget	1	78856
308.15613158653156	n/a	NonTarget	1	78888
308.28113153849847	n/a	NonTarget	1	78920
308.40613149046544	n/a	NonTarget	1	78952
308.5311314424324	n/a	NonTarget	1	78984
308.6561313943993	n/a	NonTarget	1	79016
308.7811313463663	n/a	NonTarget	1	79048
308.90613129833326	n/a	NonTarget	1	79080
309.03113125030023	n/a	NonTarget	1	79112
309.15613120226715	n/a	NonTarget	1	79144
309.2811311542341	n/a	NonTarget	1	79176
309.4061311062011	n/a	NonTarget	1	79208
309.531131058168	n/a	NonTarget	1	79240
309.65613101013497	n/a	NonTarget	1	79272
309.78113096210194	n/a	NonTarget	1	79304
309.9061309140689	n/a	NonTarget	1	79336
310.0311308660358	n/a	NonTarget	1	79368
310.1561308180028	n/a	NonTarget	1	79400
310.28113076996976	n/a	NonTarget	1	79432
310.4061307219367	n/a	NonTarget	1	79464
310.53113067390365	n/a	NonTarget	1	79496
310.6561306258706	n/a	NonTarget	1	79528
310.78113057783753	n/a	NonTarget	1	79560
310.9061305298045	n/a	NonTarget	1	79592
311.03113048177147	n/a	NonTarget	1	79624
311.15613043373844	n/a	NonTarget	1	79656
311.28113038570535	n/a	NonTarget	1	79688
311.4061303376723	n/a	NonTarget	1	79720
311.5311302896393	n/a	NonTarget	1	79752
311.6561302416062	n/a	NonTarget	1	79784
311.7811301935732	n/a	NonTarget	1	79816
311.90613014554015	n/a	NonTarget	1	79848
312.0311300975071	n/a	NonTarget	1	79880
312.15613004947403	n/a	NonTarget	1	79912
312.281130001441	n/a	NonTarget	1	79944
312.40612995340797	n/a	NonTarget	1	79976
312.5311299053749	n/a	NonTarget	1	80008
312.65612985734185	n/a	NonTarget	1	80040
312.7811298093088	n/a	NonTarget	1	80072
312.90612976127574	n/a	NonTarget	1	80104
313.0311297132427	n/a	NonTarget	1	80136
313.1561296652097	n/a	NonTarget	1	80168
313.28112961717665	n/a	NonTarget	1	80200
313.40612956914356	n/a	NonTarget	1	80232
319.5311272155243	n/a	NonTarget	1	81800
319.65612716749126	n/a	NonTarget	1	81832
319.7811271194582	n/a	NonTarget	1	81864
319.90612707142515	n/a	NonTarget	1	81896
320.0311270233921	n/a	NonTarget	1	81928
320.15612697535903	n/a	NonTarget	1	81960
320.281126927326	n/a	NonTarget	1	81992
320.40612687929297	n/a	NonTarget	1	82024
320.5311268312599	n/a	NonTarget	1	82056
320.65612678322685	n/a	NonTarget	1	82088
320.7811267351938	n/a	NonTarget	1	82120
320.9061266871608	n/a	NonTarget	1	82152
321.0311266391277	n/a	NonTarget	1	82184
321.1561265910947	n/a	NonTarget	1	82216
321.28112654306165	n/a	NonTarget	1	82248
321.40612649502856	n/a	NonTarget	1	82280
321.53112644699553	n/a	NonTarget	1	82312
321.6561263989625	n/a	NonTarget	1	82344
321.78112635092947	n/a	NonTarget	1	82376
321.9061263028964	n/a	NonTarget	1	82408
322.03112625486335	n/a	NonTarget	1	82440
322.1561262068303	n/a	NonTarget	1	82472
322.28112615879724	n/a	NonTarget	1	82504
322.4061261107642	n/a	NonTarget	1	82536
322.5311260627312	n/a	NonTarget	1	82568
322.6561260146981	n/a	NonTarget	1	82600
322.78112596666506	n/a	NonTarget	1	82632
322.90612591863203	n/a	NonTarget	1	82664
323.031125870599	n/a	NonTarget	1	82696
323.1561258225659	n/a	NonTarget	1	82728
323.2811257745329	n/a	NonTarget	1	82760
323.40612572649985	n/a	NonTarget	1	82792
323.53112567846676	n/a	NonTarget	1	82824
323.65612563043373	n/a	NonTarget	1	82856
323.7811255824007	n/a	NonTarget	1	82888
323.9061255343677	n/a	NonTarget	1	82920
324.0311254863346	n/a	NonTarget	1	82952
324.15612543830156	n/a	NonTarget	1	82984
324.2811253902685	n/a	NonTarget	1	83016
324.40612534223544	n/a	NonTarget	1	83048
324.5311252942024	n/a	NonTarget	1	83080
324.6561252461694	n/a	NonTarget	1	83112
324.7811251981363	n/a	NonTarget	1	83144
324.90612515010326	n/a	NonTarget	1	83176
325.03112510207023	n/a	NonTarget	1	83208
325.1561250540372	n/a	NonTarget	1	83240
325.2811250060041	n/a	NonTarget	1	83272
325.4061249579711	n/a	NonTarget	1	83304
325.53112490993806	n/a	NonTarget	1	83336
325.65612486190497	n/a	NonTarget	1	83368
325.78112481387194	n/a	NonTarget	1	83400
325.9061247658389	n/a	NonTarget	1	83432
326.0311247178059	n/a	NonTarget	1	83464
326.1561246697728	n/a	NonTarget	1	83496
326.28112462173976	n/a	NonTarget	1	83528
326.40612457370673	n/a	NonTarget	1	83560
326.53112452567365	n/a	NonTarget	1	83592
326.6561244776406	n/a	NonTarget	1	83624
326.7811244296076	n/a	NonTarget	1	83656
326.9061243815745	n/a	NonTarget	1	83688
327.03112433354147	n/a	NonTarget	1	83720
327.15612428550844	n/a	NonTarget	1	83752
327.2811242374754	n/a	NonTarget	1	83784
327.4061241894423	n/a	NonTarget	1	83816
327.5311241414093	n/a	NonTarget	1	83848
327.65612409337626	n/a	NonTarget	1	83880
327.7811240453432	n/a	NonTarget	1	83912
327.90612399731015	n/a	NonTarget	1	83944
328.0311239492771	n/a	NonTarget	1	83976
328.1561239012441	n/a	NonTarget	1	84008
328.281123853211	n/a	NonTarget	1	84040
328.40612380517797	n/a	NonTarget	1	84072
328.53112375714494	n/a	NonTarget	1	84104
328.65612370911185	n/a	NonTarget	1	84136
328.7811236610788	n/a	NonTarget	1	84168
328.9061236130458	n/a	NonTarget	1	84200
329.0311235650127	n/a	NonTarget	1	84232
329.1561235169797	n/a	NonTarget	1	84264
329.28112346894665	n/a	NonTarget	1	84296
329.4061234209136	n/a	NonTarget	1	84328
329.53112337288053	n/a	NonTarget	1	84360
329.6561233248475	n/a	NonTarget	1	84392
329.78112327681447	n/a	NonTarget	1	84424
329.9061232287814	n/a	NonTarget	1	84456
330.03112318074835	n/a	NonTarget	1	84488
330.1561231327153	n/a	NonTarget	1	84520
330.2811230846823	n/a	NonTarget	1	84552
330.4061230366492	n/a	NonTarget	1	84584
330.5311229886162	n/a	NonTarget	1	84616
330.65612294058315	n/a	NonTarget	1	84648
330.78112289255006	n/a	NonTarget	1	84680
330.90612284451703	n/a	NonTarget	1	84712
331.031122796484	n/a	NonTarget	1	84744
331.1561227484509	n/a	NonTarget	1	84776
331.2811227004179	n/a	NonTarget	1	84808
331.40612265238485	n/a	NonTarget	1	84840
331.5311226043518	n/a	NonTarget	1	84872
331.65612255631873	n/a	NonTarget	1	84904
331.7811225082857	n/a	NonTarget	1	84936
331.9061224602527	n/a	NonTarget	1	84968
332.0311224122196	n/a	NonTarget	1	85000
332.15612236418656	n/a	NonTarget	1	85032
332.2811223161535	n/a	NonTarget	1	85064
332.4061222681205	n/a	NonTarget	1	85096
332.5311222200874	n/a	NonTarget	1	85128
332.6561221720544	n/a	NonTarget	1	85160
332.78112212402135	n/a	NonTarget	1	85192
332.90612207598826	n/a	NonTarget	1	85224
333.03112202795523	n/a	NonTarget	1	85256
333.1561219799222	n/a	NonTarget	1	85288
333.2811219318891	n/a	NonTarget	1	85320
333.4061218838561	n/a	NonTarget	1	85352
333.53112183582306	n/a	NonTarget	1	85384
333.65612178779	n/a	NonTarget	1	85416
333.78112173975694	n/a	NonTarget	1	85448
333.9061216917239	n/a	NonTarget	1	85480
334.0311216436909	n/a	NonTarget	1	85512
334.1561215956578	n/a	NonTarget	1	85544
334.28112154762476	n/a	NonTarget	1	85576
334.40612149959173	n/a	NonTarget	1	85608
340.5311191459724	n/a	NonTarget	1	87176
340.6561190979394	n/a	NonTarget	1	87208
340.78111904990635	n/a	NonTarget	1	87240
340.9061190018733	n/a	NonTarget	1	87272
341.03111895384023	n/a	NonTarget	1	87304
341.1561189058072	n/a	NonTarget	1	87336
341.2811188577742	n/a	NonTarget	1	87368
341.4061188097411	n/a	NonTarget	1	87400
341.53111876170806	n/a	NonTarget	1	87432
341.656118713675	n/a	NonTarget	1	87464
341.78111866564194	n/a	NonTarget	1	87496
341.9061186176089	n/a	NonTarget	1	87528
342.0311185695759	n/a	NonTarget	1	87560
342.15611852154285	n/a	NonTarget	1	87592
342.28111847350976	n/a	NonTarget	1	87624
342.40611842547673	n/a	NonTarget	1	87656
342.5311183774437	n/a	NonTarget	1	87688
342.6561183294106	n/a	NonTarget	1	87720
342.7811182813776	n/a	NonTarget	1	87752
342.90611823334456	n/a	NonTarget	1	87784
343.03111818531147	n/a	NonTarget	1	87816
343.15611813727844	n/a	NonTarget	1	87848
343.2811180892454	n/a	NonTarget	1	87880
343.4061180412124	n/a	NonTarget	1	87912
343.5311179931793	n/a	NonTarget	1	87944
343.65611794514626	n/a	NonTarget	1	87976
343.78111789711323	n/a	NonTarget	1	88008
343.90611784908015	n/a	NonTarget	1	88040
344.0311178010471	n/a	NonTarget	1	88072
344.1561177530141	n/a	NonTarget	1	88104
344.28111770498106	n/a	NonTarget	1	88136
344.40611765694797	n/a	NonTarget	1	88168
344.53111760891494	n/a	NonTarget	1	88200
344.6561175608819	n/a	NonTarget	1	88232
344.7811175128488	n/a	NonTarget	1	88264
344.9061174648158	n/a	NonTarget	1	88296
345.03111741678276	n/a	NonTarget	1	88328
345.1561173687497	n/a	NonTarget	1	88360
345.28111732071665	n/a	NonTarget	1	88392
345.4061172726836	n/a	NonTarget	1	88424
345.5311172246506	n/a	NonTarget	1	88456
345.6561171766175	n/a	NonTarget	1	88488
345.78111712858447	n/a	NonTarget	1	88520
345.90611708055144	n/a	NonTarget	1	88552
346.03111703251835	n/a	NonTarget	1	88584
346.1561169844853	n/a	NonTarget	1	88616
346.2811169364523	n/a	NonTarget	1	88648
346.40611688841926	n/a	NonTarget	1	88680
346.5311168403862	n/a	NonTarget	1	88712
346.65611679235315	n/a	NonTarget	1	88744
346.7811167443201	n/a	NonTarget	1	88776
346.90611669628703	n/a	NonTarget	1	88808
347.031116648254	n/a	NonTarget	1	88840
347.15611660022097	n/a	NonTarget	1	88872
347.2811165521879	n/a	NonTarget	1	88904
347.40611650415485	n/a	NonTarget	1	88936
347.5311164561218	n/a	NonTarget	1	88968
347.6561164080888	n/a	NonTarget	1	89000
347.7811163600557	n/a	NonTarget	1	89032
347.9061163120227	n/a	NonTarget	1	89064
348.03111626398965	n/a	NonTarget	1	89096
348.15611621595656	n/a	NonTarget	1	89128
348.2811161679235	n/a	NonTarget	1	89160
348.4061161198905	n/a	NonTarget	1	89192
348.53111607185747	n/a	NonTarget	1	89224
348.6561160238244	n/a	NonTarget	1	89256
348.78111597579135	n/a	NonTarget	1	89288
348.9061159277583	n/a	NonTarget	1	89320
349.03111587972523	n/a	NonTarget	1	89352
349.1561158316922	n/a	NonTarget	1	89384
349.2811157836592	n/a	NonTarget	1	89416
349.4061157356261	n/a	NonTarget	1	89448
349.53111568759306	n/a	NonTarget	1	89480
349.65611563956	n/a	NonTarget	1	89512
349.781115591527	n/a	NonTarget	1	89544
349.9061155434939	n/a	NonTarget	1	89576
350.0311154954609	n/a	NonTarget	1	89608
350.15611544742785	n/a	NonTarget	1	89640
350.28111539939476	n/a	NonTarget	1	89672
350.40611535136173	n/a	NonTarget	1	89704
350.5311153033287	n/a	NonTarget	1	89736
350.6561152552957	n/a	NonTarget	1	89768
350.7811152072626	n/a	NonTarget	1	89800
350.90611515922956	n/a	NonTarget	1	89832
351.0311151111965	n/a	NonTarget	1	89864
351.15611506316344	n/a	NonTarget	1	89896
351.2811150151304	n/a	NonTarget	1	89928
351.4061149670974	n/a	NonTarget	1	89960
351.5311149190643	n/a	NonTarget	1	89992
351.65611487103126	n/a	NonTarget	1	90024
351.78111482299823	n/a	NonTarget	1	90056
351.9061147749652	n/a	NonTarget	1	90088
352.0311147269321	n/a	NonTarget	1	90120
352.1561146788991	n/a	NonTarget	1	90152
352.28111463086606	n/a	NonTarget	1	90184
352.40611458283297	n/a	NonTarget	1	90216
352.53111453479994	n/a	NonTarget	1	90248
352.6561144867669	n/a	NonTarget	1	90280
352.7811144387339	n/a	NonTarget	1	90312
352.9061143907008	n/a	NonTarget	1	90344
353.03111434266776	n/a	NonTarget	1	90376
353.15611429463473	n/a	NonTarget	1	90408
353.28111424660165	n/a	NonTarget	1	90440
353.4061141985686	n/a	NonTarget	1	90472
353.5311141505356	n/a	NonTarget	1	90504
353.6561141025025	n/a	NonTarget	1	90536
353.78111405446947	n/a	NonTarget	1	90568
353.90611400643644	n/a	NonTarget	1	90600
354.0311139584034	n/a	NonTarget	1	90632
354.1561139103703	n/a	NonTarget	1	90664
354.2811138623373	n/a	NonTarget	1	90696
354.40611381430426	n/a	NonTarget	1	90728
354.5311137662712	n/a	NonTarget	1	90760
354.65611371823815	n/a	NonTarget	1	90792
354.7811136702051	n/a	NonTarget	1	90824
354.9061136221721	n/a	NonTarget	1	90856
355.031113574139	n/a	NonTarget	1	90888
355.15611352610597	n/a	NonTarget	1	90920
355.28111347807294	n/a	NonTarget	1	90952
355.40611343003985	n/a	NonTarget	1	90984
361.5311110764206	n/a	NonTarget	1	92552
361.65611102838756	n/a	NonTarget	1	92584
361.78111098035447	n/a	NonTarget	1	92616
361.90611093232144	n/a	NonTarget	1	92648
362.0311108842884	n/a	NonTarget	1	92680
362.1561108362553	n/a	NonTarget	1	92712
362.2811107882223	n/a	NonTarget	1	92744
362.40611074018926	n/a	NonTarget	1	92776
362.53111069215623	n/a	NonTarget	1	92808
362.65611064412315	n/a	NonTarget	1	92840
362.7811105960901	n/a	NonTarget	1	92872
362.9061105480571	n/a	NonTarget	1	92904
363.031110500024	n/a	NonTarget	1	92936
363.15611045199097	n/a	NonTarget	1	92968
363.28111040395794	n/a	NonTarget	1	93000
363.4061103559249	n/a	NonTarget	1	93032
363.5311103078918	n/a	NonTarget	1	93064
363.6561102598588	n/a	NonTarget	1	93096
363.78111021182576	n/a	NonTarget	1	93128
363.9061101637927	n/a	NonTarget	1	93160
364.03111011575965	n/a	NonTarget	1	93192
364.1561100677266	n/a	NonTarget	1	93224
364.28111001969353	n/a	NonTarget	1	93256
364.4061099716605	n/a	NonTarget	1	93288
364.53110992362747	n/a	NonTarget	1	93320
364.65610987559444	n/a	NonTarget	1	93352
364.78110982756135	n/a	NonTarget	1	93384
364.9061097795283	n/a	NonTarget	1	93416
365.0311097314953	n/a	NonTarget	1	93448
365.1561096834622	n/a	NonTarget	1	93480
365.2811096354292	n/a	NonTarget	1	93512
365.40610958739614	n/a	NonTarget	1	93544
365.53110953936306	n/a	NonTarget	1	93576
365.65610949133	n/a	NonTarget	1	93608
365.781109443297	n/a	NonTarget	1	93640
365.90610939526397	n/a	NonTarget	1	93672
366.0311093472309	n/a	NonTarget	1	93704
366.15610929919785	n/a	NonTarget	1	93736
366.2811092511648	n/a	NonTarget	1	93768
366.40610920313173	n/a	NonTarget	1	93800
366.5311091550987	n/a	NonTarget	1	93832
366.6561091070657	n/a	NonTarget	1	93864
366.78110905903264	n/a	NonTarget	1	93896
366.90610901099956	n/a	NonTarget	1	93928
367.0311089629665	n/a	NonTarget	1	93960
367.1561089149335	n/a	NonTarget	1	93992
367.2811088669004	n/a	NonTarget	1	94024
367.4061088188674	n/a	NonTarget	1	94056
367.53110877083435	n/a	NonTarget	1	94088
367.65610872280126	n/a	NonTarget	1	94120
367.78110867476823	n/a	NonTarget	1	94152
367.9061086267352	n/a	NonTarget	1	94184
368.0311085787022	n/a	NonTarget	1	94216
368.1561085306691	n/a	NonTarget	1	94248
368.28110848263606	n/a	NonTarget	1	94280
368.406108434603	n/a	NonTarget	1	94312
368.53110838656994	n/a	NonTarget	1	94344
368.6561083385369	n/a	NonTarget	1	94376
368.7811082905039	n/a	NonTarget	1	94408
368.90610824247085	n/a	NonTarget	1	94440
369.03110819443776	n/a	NonTarget	1	94472
369.15610814640473	n/a	NonTarget	1	94504
369.2811080983717	n/a	NonTarget	1	94536
369.4061080503386	n/a	NonTarget	1	94568
369.5311080023056	n/a	NonTarget	1	94600
369.65610795427256	n/a	NonTarget	1	94632
369.78110790623947	n/a	NonTarget	1	94664
369.90610785820644	n/a	NonTarget	1	94696
370.0311078101734	n/a	NonTarget	1	94728
370.1561077621404	n/a	NonTarget	1	94760
370.2811077141073	n/a	NonTarget	1	94792
370.40610766607426	n/a	NonTarget	1	94824
370.53110761804123	n/a	NonTarget	1	94856
370.65610757000815	n/a	NonTarget	1	94888
370.7811075219751	n/a	NonTarget	1	94920
370.9061074739421	n/a	NonTarget	1	94952
371.03110742590906	n/a	NonTarget	1	94984
371.15610737787597	n/a	NonTarget	1	95016
371.28110732984294	n/a	NonTarget	1	95048
371.4061072818099	n/a	NonTarget	1	95080
371.5311072337768	n/a	NonTarget	1	95112
371.6561071857438	n/a	NonTarget	1	95144
371.78110713771076	n/a	NonTarget	1	95176
371.9061070896777	n/a	NonTarget	1	95208
372.03110704164465	n/a	NonTarget	1	95240
372.1561069936116	n/a	NonTarget	1	95272
372.2811069455786	n/a	NonTarget	1	95304
372.4061068975455	n/a	NonTarget	1	95336
372.53110684951247	n/a	NonTarget	1	95368
372.65610680147944	n/a	NonTarget	1	95400
372.78110675344635	n/a	NonTarget	1	95432
372.9061067054133	n/a	NonTarget	1	95464
373.0311066573803	n/a	NonTarget	1	95496
373.15610660934726	n/a	NonTarget	1	95528
373.2811065613142	n/a	NonTarget	1	95560
373.40610651328114	n/a	NonTarget	1	95592
373.5311064652481	n/a	NonTarget	1	95624
373.656106417215	n/a	NonTarget	1	95656
373.781106369182	n/a	NonTarget	1	95688
373.90610632114897	n/a	NonTarget	1	95720
374.0311062731159	n/a	NonTarget	1	95752
374.15610622508285	n/a	NonTarget	1	95784
374.2811061770498	n/a	NonTarget	1	95816
374.4061061290168	n/a	NonTarget	1	95848
374.5311060809837	n/a	NonTarget	1	95880
374.6561060329507	n/a	NonTarget	1	95912
374.78110598491764	n/a	NonTarget	1	95944
374.90610593688456	n/a	NonTarget	1	95976
375.0311058888515	n/a	NonTarget	1	96008
375.1561058408185	n/a	NonTarget	1	96040
375.28110579278547	n/a	NonTarget	1	96072
375.4061057447524	n/a	NonTarget	1	96104
375.53110569671935	n/a	NonTarget	1	96136
375.6561056486863	n/a	NonTarget	1	96168
375.78110560065323	n/a	NonTarget	1	96200
375.9061055526202	n/a	NonTarget	1	96232
376.0311055045872	n/a	NonTarget	1	96264
376.1561054565541	n/a	NonTarget	1	96296
376.28110540852106	n/a	NonTarget	1	96328
376.406105360488	n/a	NonTarget	1	96360
382.5311030068687	n/a	NonTarget	1	97928
382.6561029588357	n/a	NonTarget	1	97960
382.78110291080264	n/a	NonTarget	1	97992
382.9061028627696	n/a	NonTarget	1	98024
383.0311028147365	n/a	NonTarget	1	98056
383.1561027667035	n/a	NonTarget	1	98088
383.28110271867047	n/a	NonTarget	1	98120
383.4061026706374	n/a	NonTarget	1	98152
383.53110262260435	n/a	NonTarget	1	98184
383.6561025745713	n/a	NonTarget	1	98216
383.7811025265383	n/a	NonTarget	1	98248
383.9061024785052	n/a	NonTarget	1	98280
384.0311024304722	n/a	NonTarget	1	98312
384.15610238243914	n/a	NonTarget	1	98344
384.28110233440606	n/a	NonTarget	1	98376
384.406102286373	n/a	NonTarget	1	98408
384.53110223834	n/a	NonTarget	1	98440
384.6561021903069	n/a	NonTarget	1	98472
384.7811021422739	n/a	NonTarget	1	98504
384.90610209424085	n/a	NonTarget	1	98536
385.0311020462078	n/a	NonTarget	1	98568
385.15610199817473	n/a	NonTarget	1	98600
385.2811019501417	n/a	NonTarget	1	98632
385.4061019021087	n/a	NonTarget	1	98664
385.5311018540756	n/a	NonTarget	1	98696
385.65610180604256	n/a	NonTarget	1	98728
385.7811017580095	n/a	NonTarget	1	98760
385.9061017099765	n/a	NonTarget	1	98792
386.0311016619434	n/a	NonTarget	1	98824
386.1561016139104	n/a	NonTarget	1	98856
386.28110156587735	n/a	NonTarget	1	98888
386.40610151784426	n/a	NonTarget	1	98920
386.53110146981123	n/a	NonTarget	1	98952
386.6561014217782	n/a	NonTarget	1	98984
386.7811013737451	n/a	NonTarget	1	99016
386.9061013257121	n/a	NonTarget	1	99048
387.03110127767906	n/a	NonTarget	1	99080
387.156101229646	n/a	NonTarget	1	99112
387.28110118161294	n/a	NonTarget	1	99144
387.4061011335799	n/a	NonTarget	1	99176
387.5311010855469	n/a	NonTarget	1	99208
387.6561010375138	n/a	NonTarget	1	99240
387.78110098948076	n/a	NonTarget	1	99272
387.90610094144773	n/a	NonTarget	1	99304
388.0311008934147	n/a	NonTarget	1	99336
388.1561008453816	n/a	NonTarget	1	99368
388.2811007973486	n/a	NonTarget	1	99400
388.40610074931556	n/a	NonTarget	1	99432
388.53110070128247	n/a	NonTarget	1	99464
388.65610065324944	n/a	NonTarget	1	99496
388.7811006052164	n/a	NonTarget	1	99528
388.9061005571833	n/a	NonTarget	1	99560
389.0311005091503	n/a	NonTarget	1	99592
389.15610046111726	n/a	NonTarget	1	99624
389.28110041308423	n/a	NonTarget	1	99656
389.40610036505115	n/a	NonTarget	1	99688
389.5311003170181	n/a	NonTarget	1	99720
389.6561002689851	n/a	NonTarget	1	99752
389.781100220952	n/a	NonTarget	1	99784
389.90610017291897	n/a	NonTarget	1	99816
390.03110012488594	n/a	NonTarget	1	99848
390.15610007685285	n/a	NonTarget	1	99880
390.2811000288198	n/a	NonTarget	1	99912
390.4060999807868	n/a	NonTarget	1	99944
390.53109993275376	n/a	NonTarget	1	99976
390.6560998847207	n/a	NonTarget	1	100008
390.78109983668764	n/a	NonTarget	1	100040
390.9060997886546	n/a	NonTarget	1	100072
391.0310997406215	n/a	NonTarget	1	100104
391.1560996925885	n/a	NonTarget	1	100136
391.28109964455547	n/a	NonTarget	1	100168
391.40609959652244	n/a	NonTarget	1	100200
391.53109954848935	n/a	NonTarget	1	100232
391.6560995004563	n/a	NonTarget	1	100264
391.7810994524233	n/a	NonTarget	1	100296
391.9060994043902	n/a	NonTarget	1	100328
392.0310993563572	n/a	NonTarget	1	100360
392.15609930832414	n/a	NonTarget	1	100392
392.28109926029106	n/a	NonTarget	1	100424
392.406099212258	n/a	NonTarget	1	100456
392.531099164225	n/a	NonTarget	1	100488
392.65609911619197	n/a	NonTarget	1	100520
392.7810990681589	n/a	NonTarget	1	100552
392.90609902012585	n/a	NonTarget	1	100584
393.0310989720928	n/a	NonTarget	1	100616
393.15609892405973	n/a	NonTarget	1	100648
393.2810988760267	n/a	NonTarget	1	100680
393.4060988279937	n/a	NonTarget	1	100712
393.53109877996064	n/a	NonTarget	1	100744
393.65609873192756	n/a	NonTarget	1	100776
393.7810986838945	n/a	NonTarget	1	100808
393.9060986358615	n/a	NonTarget	1	100840
394.0310985878284	n/a	NonTarget	1	100872
394.1560985397954	n/a	NonTarget	1	100904
394.28109849176235	n/a	NonTarget	1	100936
394.40609844372926	n/a	NonTarget	1	100968
394.53109839569623	n/a	NonTarget	1	101000
394.6560983476632	n/a	NonTarget	1	101032
394.7810982996302	n/a	NonTarget	1	101064
394.9060982515971	n/a	NonTarget	1	101096
395.03109820356406	n/a	NonTarget	1	101128
395.156098155531	n/a	NonTarget	1	101160
395.28109810749794	n/a	NonTarget	1	101192
395.4060980594649	n/a	NonTarget	1	101224
395.5310980114319	n/a	NonTarget	1	101256
395.65609796339885	n/a	NonTarget	1	101288
395.78109791536576	n/a	NonTarget	1	101320
395.90609786733273	n/a	NonTarget	1	101352
396.0310978192997	n/a	NonTarget	1	101384
396.1560977712666	n/a	NonTarget	1	101416
396.2810977232336	n/a	NonTarget	1	101448
396.40609767520056	n/a	NonTarget	1	101480
396.53109762716747	n/a	NonTarget	1	101512
396.65609757913444	n/a	NonTarget	1	101544
396.7810975311014	n/a	NonTarget	1	101576
396.9060974830684	n/a	NonTarget	1	101608
397.0310974350353	n/a	NonTarget	1	101640
397.15609738700226	n/a	NonTarget	1	101672
397.28109733896923	n/a	NonTarget	1	101704
397.40609729093615	n/a	NonTarget	1	101736
403.5310949373169	n/a	NonTarget	1	103304
403.65609488928385	n/a	NonTarget	1	103336
403.78109484125076	n/a	NonTarget	1	103368
403.90609479321773	n/a	NonTarget	1	103400
404.0310947451847	n/a	NonTarget	1	103432
404.1560946971517	n/a	NonTarget	1	103464
404.2810946491186	n/a	NonTarget	1	103496
404.40609460108556	n/a	NonTarget	1	103528
404.5310945530525	n/a	NonTarget	1	103560
404.65609450501944	n/a	NonTarget	1	103592
404.7810944569864	n/a	NonTarget	1	103624
404.9060944089534	n/a	NonTarget	1	103656
405.0310943609203	n/a	NonTarget	1	103688
405.15609431288726	n/a	NonTarget	1	103720
405.28109426485423	n/a	NonTarget	1	103752
405.4060942168212	n/a	NonTarget	1	103784
405.5310941687881	n/a	NonTarget	1	103816
405.6560941207551	n/a	NonTarget	1	103848
405.78109407272206	n/a	NonTarget	1	103880
405.90609402468897	n/a	NonTarget	1	103912
406.03109397665594	n/a	NonTarget	1	103944
406.1560939286229	n/a	NonTarget	1	103976
406.2810938805899	n/a	NonTarget	1	104008
406.4060938325568	n/a	NonTarget	1	104040
406.53109378452376	n/a	NonTarget	1	104072
406.65609373649073	n/a	NonTarget	1	104104
406.78109368845764	n/a	NonTarget	1	104136
406.9060936404246	n/a	NonTarget	1	104168
407.0310935923916	n/a	NonTarget	1	104200
407.1560935443585	n/a	NonTarget	1	104232
407.28109349632547	n/a	NonTarget	1	104264
407.40609344829244	n/a	NonTarget	1	104296
407.5310934002594	n/a	NonTarget	1	104328
407.6560933522263	n/a	NonTarget	1	104360
407.7810933041933	n/a	NonTarget	1	104392
407.90609325616026	n/a	NonTarget	1	104424
408.0310932081272	n/a	NonTarget	1	104456
408.15609316009414	n/a	NonTarget	1	104488
408.2810931120611	n/a	NonTarget	1	104520
408.4060930640281	n/a	NonTarget	1	104552
408.531093015995	n/a	NonTarget	1	104584
408.65609296796197	n/a	NonTarget	1	104616
408.78109291992894	n/a	NonTarget	1	104648
408.90609287189585	n/a	NonTarget	1	104680
409.0310928238628	n/a	NonTarget	1	104712
409.1560927758298	n/a	NonTarget	1	104744
409.2810927277967	n/a	NonTarget	1	104776
409.4060926797637	n/a	NonTarget	1	104808
409.53109263173064	n/a	NonTarget	1	104840
409.6560925836976	n/a	NonTarget	1	104872
409.7810925356645	n/a	NonTarget	1	104904
409.9060924876315	n/a	NonTarget	1	104936
410.03109243959847	n/a	NonTarget	1	104968
410.1560923915654	n/a	NonTarget	1	105000
410.28109234353235	n/a	NonTarget	1	105032
410.4060922954993	n/a	NonTarget	1	105064
410.5310922474663	n/a	NonTarget	1	105096
410.6560921994332	n/a	NonTarget	1	105128
410.7810921514002	n/a	NonTarget	1	105160
410.90609210336714	n/a	NonTarget	1	105192
411.03109205533406	n/a	NonTarget	1	105224
411.156092007301	n/a	NonTarget	1	105256
411.281091959268	n/a	NonTarget	1	105288
411.4060919112349	n/a	NonTarget	1	105320
411.5310918632019	n/a	NonTarget	1	105352
411.65609181516885	n/a	NonTarget	1	105384
411.7810917671358	n/a	NonTarget	1	105416
411.90609171910273	n/a	NonTarget	1	105448
412.0310916710697	n/a	NonTarget	1	105480
412.1560916230367	n/a	NonTarget	1	105512
412.2810915750036	n/a	NonTarget	1	105544
412.40609152697056	n/a	NonTarget	1	105576
412.5310914789375	n/a	NonTarget	1	105608
412.65609143090444	n/a	NonTarget	1	105640
412.7810913828714	n/a	NonTarget	1	105672
412.9060913348384	n/a	NonTarget	1	105704
413.03109128680535	n/a	NonTarget	1	105736
413.15609123877226	n/a	NonTarget	1	105768
413.28109119073923	n/a	NonTarget	1	105800
413.4060911427062	n/a	NonTarget	1	105832
413.5310910946731	n/a	NonTarget	1	105864
413.6560910466401	n/a	NonTarget	1	105896
413.78109099860706	n/a	NonTarget	1	105928
413.906090950574	n/a	NonTarget	1	105960
414.03109090254094	n/a	NonTarget	1	105992
414.1560908545079	n/a	NonTarget	1	106024
414.2810908064749	n/a	NonTarget	1	106056
414.4060907584418	n/a	NonTarget	1	106088
414.53109071040876	n/a	NonTarget	1	106120
414.65609066237573	n/a	NonTarget	1	106152
414.78109061434265	n/a	NonTarget	1	106184
414.9060905663096	n/a	NonTarget	1	106216
415.0310905182766	n/a	NonTarget	1	106248
415.15609047024356	n/a	NonTarget	1	106280
415.28109042221047	n/a	NonTarget	1	106312
415.40609037417744	n/a	NonTarget	1	106344
415.5310903261444	n/a	NonTarget	1	106376
415.6560902781113	n/a	NonTarget	1	106408
415.7810902300783	n/a	NonTarget	1	106440
415.90609018204526	n/a	NonTarget	1	106472
416.03109013401223	n/a	NonTarget	1	106504
416.15609008597914	n/a	NonTarget	1	106536
416.2810900379461	n/a	NonTarget	1	106568
416.4060899899131	n/a	NonTarget	1	106600
416.53108994188	n/a	NonTarget	1	106632
416.65608989384697	n/a	NonTarget	1	106664
416.78108984581394	n/a	NonTarget	1	106696
416.90608979778085	n/a	NonTarget	1	106728
417.0310897497478	n/a	NonTarget	1	106760
417.1560897017148	n/a	NonTarget	1	106792
417.28108965368176	n/a	NonTarget	1	106824
417.4060896056487	n/a	NonTarget	1	106856
417.53108955761564	n/a	NonTarget	1	106888
417.6560895095826	n/a	NonTarget	1	106920
417.7810894615495	n/a	NonTarget	1	106952
417.9060894135165	n/a	NonTarget	1	106984
418.03108936548347	n/a	NonTarget	1	107016
418.15608931745044	n/a	NonTarget	1	107048
418.28108926941735	n/a	NonTarget	1	107080
418.4060892213843	n/a	NonTarget	1	107112
424.53108686776505	n/a	NonTarget	1	108680
424.65608681973197	n/a	NonTarget	1	108712
424.78108677169894	n/a	NonTarget	1	108744
424.9060867236659	n/a	NonTarget	1	108776
425.0310866756328	n/a	NonTarget	1	108808
425.1560866275998	n/a	NonTarget	1	108840
425.28108657956676	n/a	NonTarget	1	108872
425.4060865315337	n/a	NonTarget	1	108904
425.53108648350064	n/a	NonTarget	1	108936
425.6560864354676	n/a	NonTarget	1	108968
425.7810863874346	n/a	NonTarget	1	109000
425.9060863394015	n/a	NonTarget	1	109032
426.03108629136847	n/a	NonTarget	1	109064
426.15608624333544	n/a	NonTarget	1	109096
426.28108619530235	n/a	NonTarget	1	109128
426.4060861472693	n/a	NonTarget	1	109160
426.5310860992363	n/a	NonTarget	1	109192
426.65608605120326	n/a	NonTarget	1	109224
426.7810860031702	n/a	NonTarget	1	109256
426.90608595513714	n/a	NonTarget	1	109288
427.0310859071041	n/a	NonTarget	1	109320
427.156085859071	n/a	NonTarget	1	109352
427.281085811038	n/a	NonTarget	1	109384
427.40608576300497	n/a	NonTarget	1	109416
427.5310857149719	n/a	NonTarget	1	109448
427.65608566693885	n/a	NonTarget	1	109480
427.7810856189058	n/a	NonTarget	1	109512
427.9060855708728	n/a	NonTarget	1	109544
428.0310855228397	n/a	NonTarget	1	109576
428.1560854748067	n/a	NonTarget	1	109608
428.28108542677364	n/a	NonTarget	1	109640
428.40608537874056	n/a	NonTarget	1	109672
428.5310853307075	n/a	NonTarget	1	109704
428.6560852826745	n/a	NonTarget	1	109736
428.78108523464147	n/a	NonTarget	1	109768
428.9060851866084	n/a	NonTarget	1	109800
429.03108513857535	n/a	NonTarget	1	109832
429.1560850905423	n/a	NonTarget	1	109864
429.28108504250923	n/a	NonTarget	1	109896
429.4060849944762	n/a	NonTarget	1	109928
429.5310849464432	n/a	NonTarget	1	109960
429.6560848984101	n/a	NonTarget	1	109992
429.78108485037706	n/a	NonTarget	1	110024
429.906084802344	n/a	NonTarget	1	110056
430.031084754311	n/a	NonTarget	1	110088
430.1560847062779	n/a	NonTarget	1	110120
430.2810846582449	n/a	NonTarget	1	110152
430.40608461021185	n/a	NonTarget	1	110184
430.53108456217876	n/a	NonTarget	1	110216
430.65608451414573	n/a	NonTarget	1	110248
430.7810844661127	n/a	NonTarget	1	110280
430.9060844180797	n/a	NonTarget	1	110312
431.0310843700466	n/a	NonTarget	1	110344
431.15608432201356	n/a	NonTarget	1	110376
431.2810842739805	n/a	NonTarget	1	110408
431.40608422594744	n/a	NonTarget	1	110440
431.5310841779144	n/a	NonTarget	1	110472
431.6560841298814	n/a	NonTarget	1	110504
431.7810840818483	n/a	NonTarget	1	110536
431.90608403381526	n/a	NonTarget	1	110568
432.03108398578223	n/a	NonTarget	1	110600
432.1560839377492	n/a	NonTarget	1	110632
432.2810838897161	n/a	NonTarget	1	110664
432.4060838416831	n/a	NonTarget	1	110696
432.53108379365005	n/a	NonTarget	1	110728
432.65608374561697	n/a	NonTarget	1	110760
432.78108369758394	n/a	NonTarget	1	110792
432.9060836495509	n/a	NonTarget	1	110824
433.0310836015179	n/a	NonTarget	1	110856
433.1560835534848	n/a	NonTarget	1	110888
433.28108350545176	n/a	NonTarget	1	110920
433.40608345741873	n/a	NonTarget	1	110952
433.53108340938564	n/a	NonTarget	1	110984
433.6560833613526	n/a	NonTarget	1	111016
433.7810833133196	n/a	NonTarget	1	111048
433.9060832652865	n/a	NonTarget	1	111080
434.03108321725347	n/a	NonTarget	1	111112
434.15608316922044	n/a	NonTarget	1	111144
434.2810831211874	n/a	NonTarget	1	111176
434.4060830731543	n/a	NonTarget	1	111208
434.5310830251213	n/a	NonTarget	1	111240
434.65608297708826	n/a	NonTarget	1	111272
434.7810829290552	n/a	NonTarget	1	111304
434.90608288102214	n/a	NonTarget	1	111336
435.0310828329891	n/a	NonTarget	1	111368
435.156082784956	n/a	NonTarget	1	111400
435.281082736923	n/a	NonTarget	1	111432
435.40608268888997	n/a	NonTarget	1	111464
435.53108264085694	n/a	NonTarget	1	111496
435.65608259282385	n/a	NonTarget	1	111528
435.7810825447908	n/a	NonTarget	1	111560
435.9060824967578	n/a	NonTarget	1	111592
436.0310824487247	n/a	NonTarget	1	111624
436.1560824006917	n/a	NonTarget	1	111656
436.28108235265864	n/a	NonTarget	1	111688
436.4060823046256	n/a	NonTarget	1	111720
436.5310822565925	n/a	NonTarget	1	111752
436.6560822085595	n/a	NonTarget	1	111784
436.78108216052647	n/a	NonTarget	1	111816
436.9060821124934	n/a	NonTarget	1	111848
437.03108206446035	n/a	NonTarget	1	111880
437.1560820164273	n/a	NonTarget	1	111912
437.28108196839423	n/a	NonTarget	1	111944
437.4060819203612	n/a	NonTarget	1	111976
437.5310818723282	n/a	NonTarget	1	112008
437.65608182429514	n/a	NonTarget	1	112040
437.78108177626206	n/a	NonTarget	1	112072
437.906081728229	n/a	NonTarget	1	112104
438.031081680196	n/a	NonTarget	1	112136
438.1560816321629	n/a	NonTarget	1	112168
438.2810815841299	n/a	NonTarget	1	112200
438.40608153609685	n/a	NonTarget	1	112232
438.5310814880638	n/a	NonTarget	1	112264
438.65608144003073	n/a	NonTarget	1	112296
438.7810813919977	n/a	NonTarget	1	112328
438.9060813439647	n/a	NonTarget	1	112360
439.0310812959316	n/a	NonTarget	1	112392
439.15608124789856	n/a	NonTarget	1	112424
439.2810811998655	n/a	NonTarget	1	112456
439.40608115183244	n/a	NonTarget	1	112488
445.5310787982132	n/a	NonTarget	1	114056
445.65607875018014	n/a	NonTarget	1	114088
445.78107870214706	n/a	NonTarget	1	114120
445.906078654114	n/a	NonTarget	1	114152
446.031078606081	n/a	NonTarget	1	114184
446.15607855804797	n/a	NonTarget	1	114216
446.2810785100149	n/a	NonTarget	1	114248
446.40607846198185	n/a	NonTarget	1	114280
446.5310784139488	n/a	NonTarget	1	114312
446.65607836591573	n/a	NonTarget	1	114344
446.7810783178827	n/a	NonTarget	1	114376
446.9060782698497	n/a	NonTarget	1	114408
447.03107822181664	n/a	NonTarget	1	114440
447.15607817378356	n/a	NonTarget	1	114472
447.2810781257505	n/a	NonTarget	1	114504
447.4060780777175	n/a	NonTarget	1	114536
447.5310780296844	n/a	NonTarget	1	114568
447.6560779816514	n/a	NonTarget	1	114600
447.78107793361835	n/a	NonTarget	1	114632
447.90607788558526	n/a	NonTarget	1	114664
448.03107783755223	n/a	NonTarget	1	114696
448.1560777895192	n/a	NonTarget	1	114728
448.2810777414862	n/a	NonTarget	1	114760
448.4060776934531	n/a	NonTarget	1	114792
448.53107764542005	n/a	NonTarget	1	114824
448.656077597387	n/a	NonTarget	1	114856
448.78107754935394	n/a	NonTarget	1	114888
448.9060775013209	n/a	NonTarget	1	114920
449.0310774532879	n/a	NonTarget	1	114952
449.15607740525485	n/a	NonTarget	1	114984
449.28107735722176	n/a	NonTarget	1	115016
449.40607730918873	n/a	NonTarget	1	115048
449.5310772611557	n/a	NonTarget	1	115080
449.6560772131226	n/a	NonTarget	1	115112
449.7810771650896	n/a	NonTarget	1	115144
449.90607711705655	n/a	NonTarget	1	115176
450.03107706902347	n/a	NonTarget	1	115208
450.15607702099044	n/a	NonTarget	1	115240
450.2810769729574	n/a	NonTarget	1	115272
450.4060769249244	n/a	NonTarget	1	115304
450.5310768768913	n/a	NonTarget	1	115336
450.65607682885826	n/a	NonTarget	1	115368
450.78107678082523	n/a	NonTarget	1	115400
450.90607673279214	n/a	NonTarget	1	115432
451.0310766847591	n/a	NonTarget	1	115464
451.1560766367261	n/a	NonTarget	1	115496
451.28107658869305	n/a	NonTarget	1	115528
451.40607654065997	n/a	NonTarget	1	115560
451.53107649262694	n/a	NonTarget	1	115592
451.6560764445939	n/a	NonTarget	1	115624
451.7810763965608	n/a	NonTarget	1	115656
451.9060763485278	n/a	NonTarget	1	115688
452.03107630049476	n/a	NonTarget	1	115720
452.1560762524617	n/a	NonTarget	1	115752
452.28107620442864	n/a	NonTarget	1	115784
452.4060761563956	n/a	NonTarget	1	115816
452.5310761083626	n/a	NonTarget	1	115848
452.6560760603295	n/a	NonTarget	1	115880
452.78107601229647	n/a	NonTarget	1	115912
452.90607596426344	n/a	NonTarget	1	115944
453.03107591623035	n/a	NonTarget	1	115976
453.1560758681973	n/a	NonTarget	1	116008
453.2810758201643	n/a	NonTarget	1	116040
453.40607577213126	n/a	NonTarget	1	116072
453.5310757240982	n/a	NonTarget	1	116104
453.65607567606514	n/a	NonTarget	1	116136
453.7810756280321	n/a	NonTarget	1	116168
453.906075579999	n/a	NonTarget	1	116200
454.031075531966	n/a	NonTarget	1	116232
454.15607548393297	n/a	NonTarget	1	116264
454.2810754358999	n/a	NonTarget	1	116296
454.40607538786685	n/a	NonTarget	1	116328
454.5310753398338	n/a	NonTarget	1	116360
454.6560752918008	n/a	NonTarget	1	116392
454.7810752437677	n/a	NonTarget	1	116424
454.9060751957347	n/a	NonTarget	1	116456
455.03107514770164	n/a	NonTarget	1	116488
455.15607509966856	n/a	NonTarget	1	116520
455.2810750516355	n/a	NonTarget	1	116552
455.4060750036025	n/a	NonTarget	1	116584
455.53107495556947	n/a	NonTarget	1	116616
455.6560749075364	n/a	NonTarget	1	116648
455.78107485950335	n/a	NonTarget	1	116680
455.9060748114703	n/a	NonTarget	1	116712
456.03107476343723	n/a	NonTarget	1	116744
456.1560747154042	n/a	NonTarget	1	116776
456.2810746673712	n/a	NonTarget	1	116808
456.4060746193381	n/a	NonTarget	1	116840
456.53107457130506	n/a	NonTarget	1	116872
456.656074523272	n/a	NonTarget	1	116904
456.781074475239	n/a	NonTarget	1	116936
456.9060744272059	n/a	NonTarget	1	116968
457.0310743791729	n/a	NonTarget	1	117000
457.15607433113985	n/a	NonTarget	1	117032
457.28107428310676	n/a	NonTarget	1	117064
457.40607423507373	n/a	NonTarget	1	117096
457.5310741870407	n/a	NonTarget	1	117128
457.65607413900767	n/a	NonTarget	1	117160
457.7810740909746	n/a	NonTarget	1	117192
457.90607404294155	n/a	NonTarget	1	117224
458.0310739949085	n/a	NonTarget	1	117256
458.15607394687544	n/a	NonTarget	1	117288
458.2810738988424	n/a	NonTarget	1	117320
458.4060738508094	n/a	NonTarget	1	117352
458.5310738027763	n/a	NonTarget	1	117384
458.65607375474326	n/a	NonTarget	1	117416
458.78107370671023	n/a	NonTarget	1	117448
458.9060736586772	n/a	NonTarget	1	117480
459.0310736106441	n/a	NonTarget	1	117512
459.1560735626111	n/a	NonTarget	1	117544
459.28107351457805	n/a	NonTarget	1	117576
459.40607346654497	n/a	NonTarget	1	117608
459.53107341851194	n/a	NonTarget	1	117640
459.6560733704789	n/a	NonTarget	1	117672
459.7810733224458	n/a	NonTarget	1	117704
459.9060732744128	n/a	NonTarget	1	117736
460.03107322637976	n/a	NonTarget	1	117768
460.15607317834673	n/a	NonTarget	1	117800
460.28107313031364	n/a	NonTarget	1	117832
460.4060730822806	n/a	NonTarget	1	117864
466.53107072866135	n/a	NonTarget	1	119432
466.65607068062826	n/a	NonTarget	1	119464
466.78107063259523	n/a	NonTarget	1	119496
466.9060705845622	n/a	NonTarget	1	119528
467.0310705365291	n/a	NonTarget	1	119560
467.1560704884961	n/a	NonTarget	1	119592
467.28107044046305	n/a	NonTarget	1	119624
467.40607039243	n/a	NonTarget	1	119656
467.53107034439694	n/a	NonTarget	1	119688
467.6560702963639	n/a	NonTarget	1	119720
467.7810702483309	n/a	NonTarget	1	119752
467.9060702002978	n/a	NonTarget	1	119784
468.03107015226476	n/a	NonTarget	1	119816
468.15607010423173	n/a	NonTarget	1	119848
468.28107005619864	n/a	NonTarget	1	119880
468.4060700081656	n/a	NonTarget	1	119912
468.5310699601326	n/a	NonTarget	1	119944
468.65606991209955	n/a	NonTarget	1	119976
468.78106986406647	n/a	NonTarget	1	120008
468.90606981603344	n/a	NonTarget	1	120040
469.0310697680004	n/a	NonTarget	1	120072
469.1560697199673	n/a	NonTarget	1	120104
469.2810696719343	n/a	NonTarget	1	120136
469.40606962390126	n/a	NonTarget	1	120168
469.53106957586823	n/a	NonTarget	1	120200
469.65606952783514	n/a	NonTarget	1	120232
469.7810694798021	n/a	NonTarget	1	120264
469.9060694317691	n/a	NonTarget	1	120296
470.031069383736	n/a	NonTarget	1	120328
470.15606933570297	n/a	NonTarget	1	120360
470.28106928766994	n/a	NonTarget	1	120392
470.40606923963685	n/a	NonTarget	1	120424
470.5310691916038	n/a	NonTarget	1	120456
470.6560691435708	n/a	NonTarget	1	120488
470.78106909553776	n/a	NonTarget	1	120520
470.9060690475047	n/a	NonTarget	1	120552
471.03106899947164	n/a	NonTarget	1	120584
471.1560689514386	n/a	NonTarget	1	120616
471.2810689034055	n/a	NonTarget	1	120648
471.4060688553725	n/a	NonTarget	1	120680
471.53106880733947	n/a	NonTarget	1	120712
471.65606875930644	n/a	NonTarget	1	120744
471.78106871127335	n/a	NonTarget	1	120776
471.9060686632403	n/a	NonTarget	1	120808
472.0310686152073	n/a	NonTarget	1	120840
472.1560685671742	n/a	NonTarget	1	120872
472.2810685191412	n/a	NonTarget	1	120904
472.40606847110814	n/a	NonTarget	1	120936
472.53106842307506	n/a	NonTarget	1	120968
472.656068375042	n/a	NonTarget	1	121000
472.781068327009	n/a	NonTarget	1	121032
472.90606827897597	n/a	NonTarget	1	121064
473.0310682309429	n/a	NonTarget	1	121096
473.15606818290985	n/a	NonTarget	1	121128
473.2810681348768	n/a	NonTarget	1	121160
473.40606808684373	n/a	NonTarget	1	121192
473.5310680388107	n/a	NonTarget	1	121224
473.6560679907777	n/a	NonTarget	1	121256
473.78106794274464	n/a	NonTarget	1	121288
473.90606789471155	n/a	NonTarget	1	121320
474.0310678466785	n/a	NonTarget	1	121352
474.1560677986455	n/a	NonTarget	1	121384
474.2810677506124	n/a	NonTarget	1	121416
474.4060677025794	n/a	NonTarget	1	121448
474.53106765454635	n/a	NonTarget	1	121480
474.65606760651326	n/a	NonTarget	1	121512
474.78106755848023	n/a	NonTarget	1	121544
474.9060675104472	n/a	NonTarget	1	121576
475.03106746241417	n/a	NonTarget	1	121608
475.1560674143811	n/a	NonTarget	1	121640
475.28106736634805	n/a	NonTarget	1	121672
475.406067318315	n/a	NonTarget	1	121704
475.53106727028194	n/a	NonTarget	1	121736
475.6560672222489	n/a	NonTarget	1	121768
475.7810671742159	n/a	NonTarget	1	121800
475.90606712618285	n/a	NonTarget	1	121832
476.03106707814976	n/a	NonTarget	1	121864
476.15606703011673	n/a	NonTarget	1	121896
476.2810669820837	n/a	NonTarget	1	121928
476.4060669340506	n/a	NonTarget	1	121960
476.5310668860176	n/a	NonTarget	1	121992
476.65606683798455	n/a	NonTarget	1	122024
476.78106678995147	n/a	NonTarget	1	122056
476.90606674191844	n/a	NonTarget	1	122088
477.0310666938854	n/a	NonTarget	1	122120
477.1560666458524	n/a	NonTarget	1	122152
477.2810665978193	n/a	NonTarget	1	122184
477.40606654978626	n/a	NonTarget	1	122216
477.53106650175323	n/a	NonTarget	1	122248
477.65606645372014	n/a	NonTarget	1	122280
477.7810664056871	n/a	NonTarget	1	122312
477.9060663576541	n/a	NonTarget	1	122344
478.03106630962105	n/a	NonTarget	1	122376
478.15606626158797	n/a	NonTarget	1	122408
478.28106621355494	n/a	NonTarget	1	122440
478.4060661655219	n/a	NonTarget	1	122472
478.5310661174888	n/a	NonTarget	1	122504
478.6560660694558	n/a	NonTarget	1	122536
478.78106602142276	n/a	NonTarget	1	122568
478.9060659733897	n/a	NonTarget	1	122600
479.03106592535664	n/a	NonTarget	1	122632
479.1560658773236	n/a	NonTarget	1	122664
479.2810658292906	n/a	NonTarget	1	122696
479.4060657812575	n/a	NonTarget	1	122728
479.53106573322447	n/a	NonTarget	1	122760
479.65606568519144	n/a	NonTarget	1	122792
479.78106563715835	n/a	NonTarget	1	122824
479.9060655891253	n/a	NonTarget	1	122856
480.0310655410923	n/a	NonTarget	1	122888
480.15606549305926	n/a	NonTarget	1	122920
480.2810654450262	n/a	NonTarget	1	122952
480.40606539699314	n/a	NonTarget	1	122984
480.5310653489601	n/a	NonTarget	1	123016
480.656065300927	n/a	NonTarget	1	123048
480.781065252894	n/a	NonTarget	1	123080
480.90606520486097	n/a	NonTarget	1	123112
481.0310651568279	n/a	NonTarget	1	123144
481.15606510879485	n/a	NonTarget	1	123176
481.2810650607618	n/a	NonTarget	1	123208
481.4060650127288	n/a	NonTarget	1	123240
487.53106265910947	n/a	NonTarget	1	124808
487.65606261107644	n/a	NonTarget	1	124840
487.7810625630434	n/a	NonTarget	1	124872
487.9060625150103	n/a	NonTarget	1	124904
488.0310624669773	n/a	NonTarget	1	124936
488.15606241894426	n/a	NonTarget	1	124968
488.2810623709112	n/a	NonTarget	1	125000
488.40606232287814	n/a	NonTarget	1	125032
488.5310622748451	n/a	NonTarget	1	125064
488.656062226812	n/a	NonTarget	1	125096
488.781062178779	n/a	NonTarget	1	125128
488.90606213074597	n/a	NonTarget	1	125160
489.03106208271294	n/a	NonTarget	1	125192
489.15606203467985	n/a	NonTarget	1	125224
489.2810619866468	n/a	NonTarget	1	125256
489.4060619386138	n/a	NonTarget	1	125288
489.5310618905807	n/a	NonTarget	1	125320
489.6560618425477	n/a	NonTarget	1	125352
489.78106179451464	n/a	NonTarget	1	125384
489.9060617464816	n/a	NonTarget	1	125416
490.0310616984485	n/a	NonTarget	1	125448
490.1560616504155	n/a	NonTarget	1	125480
490.28106160238247	n/a	NonTarget	1	125512
490.4060615543494	n/a	NonTarget	1	125544
490.53106150631635	n/a	NonTarget	1	125576
490.6560614582833	n/a	NonTarget	1	125608
490.78106141025023	n/a	NonTarget	1	125640
490.9060613622172	n/a	NonTarget	1	125672
491.03106131418417	n/a	NonTarget	1	125704
491.15606126615114	n/a	NonTarget	1	125736
491.28106121811805	n/a	NonTarget	1	125768
491.406061170085	n/a	NonTarget	1	125800
491.531061122052	n/a	NonTarget	1	125832
491.6560610740189	n/a	NonTarget	1	125864
491.7810610259859	n/a	NonTarget	1	125896
491.90606097795285	n/a	NonTarget	1	125928
492.0310609299198	n/a	NonTarget	1	125960
492.15606088188673	n/a	NonTarget	1	125992
492.2810608338537	n/a	NonTarget	1	126024
492.40606078582067	n/a	NonTarget	1	126056
492.5310607377876	n/a	NonTarget	1	126088
492.65606068975455	n/a	NonTarget	1	126120
492.7810606417215	n/a	NonTarget	1	126152
492.90606059368844	n/a	NonTarget	1	126184
493.0310605456554	n/a	NonTarget	1	126216
493.1560604976224	n/a	NonTarget	1	126248
493.28106044958935	n/a	NonTarget	1	126280
493.40606040155626	n/a	NonTarget	1	126312
493.53106035352323	n/a	NonTarget	1	126344
493.6560603054902	n/a	NonTarget	1	126376
493.7810602574571	n/a	NonTarget	1	126408
493.9060602094241	n/a	NonTarget	1	126440
494.03106016139105	n/a	NonTarget	1	126472
494.156060113358	n/a	NonTarget	1	126504
494.28106006532494	n/a	NonTarget	1	126536
494.4060600172919	n/a	NonTarget	1	126568
494.5310599692589	n/a	NonTarget	1	126600
494.6560599212258	n/a	NonTarget	1	126632
494.78105987319276	n/a	NonTarget	1	126664
494.90605982515973	n/a	NonTarget	1	126696
495.03105977712664	n/a	NonTarget	1	126728
495.1560597290936	n/a	NonTarget	1	126760
495.2810596810606	n/a	NonTarget	1	126792
495.40605963302755	n/a	NonTarget	1	126824
495.53105958499447	n/a	NonTarget	1	126856
495.65605953696144	n/a	NonTarget	1	126888
495.7810594889284	n/a	NonTarget	1	126920
495.9060594408953	n/a	NonTarget	1	126952
496.0310593928623	n/a	NonTarget	1	126984
496.15605934482926	n/a	NonTarget	1	127016
496.28105929679623	n/a	NonTarget	1	127048
496.40605924876314	n/a	NonTarget	1	127080
496.5310592007301	n/a	NonTarget	1	127112
496.6560591526971	n/a	NonTarget	1	127144
496.781059104664	n/a	NonTarget	1	127176
496.90605905663097	n/a	NonTarget	1	127208
497.03105900859794	n/a	NonTarget	1	127240
497.15605896056485	n/a	NonTarget	1	127272
497.2810589125318	n/a	NonTarget	1	127304
497.4060588644988	n/a	NonTarget	1	127336
497.53105881646576	n/a	NonTarget	1	127368
497.6560587684327	n/a	NonTarget	1	127400
497.78105872039964	n/a	NonTarget	1	127432
497.9060586723666	n/a	NonTarget	1	127464
498.0310586243335	n/a	NonTarget	1	127496
498.1560585763005	n/a	NonTarget	1	127528
498.28105852826747	n/a	NonTarget	1	127560
498.40605848023444	n/a	NonTarget	1	127592
498.53105843220135	n/a	NonTarget	1	127624
498.6560583841683	n/a	NonTarget	1	127656
498.7810583361353	n/a	NonTarget	1	127688
498.9060582881022	n/a	NonTarget	1	127720
499.03105824006917	n/a	NonTarget	1	127752
499.15605819203614	n/a	NonTarget	1	127784
499.28105814400305	n/a	NonTarget	1	127816
499.40605809597	n/a	NonTarget	1	127848
499.531058047937	n/a	NonTarget	1	127880
499.65605799990396	n/a	NonTarget	1	127912
499.7810579518709	n/a	NonTarget	1	127944
499.90605790383785	n/a	NonTarget	1	127976
500.0310578558048	n/a	NonTarget	1	128008
500.15605780777173	n/a	NonTarget	1	128040
500.2810577597387	n/a	NonTarget	1	128072
500.40605771170567	n/a	NonTarget	1	128104
500.53105766367264	n/a	NonTarget	1	128136
500.65605761563955	n/a	NonTarget	1	128168
500.7810575676065	n/a	NonTarget	1	128200
500.9060575195735	n/a	NonTarget	1	128232
501.0310574715404	n/a	NonTarget	1	128264
501.1560574235074	n/a	NonTarget	1	128296
501.28105737547435	n/a	NonTarget	1	128328
501.40605732744126	n/a	NonTarget	1	128360
501.53105727940823	n/a	NonTarget	1	128392
501.6560572313752	n/a	NonTarget	1	128424
501.78105718334217	n/a	NonTarget	1	128456
501.9060571353091	n/a	NonTarget	1	128488
502.03105708727605	n/a	NonTarget	1	128520
502.156057039243	n/a	NonTarget	1	128552
502.28105699120994	n/a	NonTarget	1	128584
502.4060569431769	n/a	NonTarget	1	128616
508.53105458955764	n/a	NonTarget	1	130184
508.65605454152455	n/a	NonTarget	1	130216
508.7810544934915	n/a	NonTarget	1	130248
508.9060544454585	n/a	NonTarget	1	130280
509.0310543974254	n/a	NonTarget	1	130312
509.1560543493924	n/a	NonTarget	1	130344
509.28105430135935	n/a	NonTarget	1	130376
509.4060542533263	n/a	NonTarget	1	130408
509.53105420529323	n/a	NonTarget	1	130440
509.6560541572602	n/a	NonTarget	1	130472
509.78105410922717	n/a	NonTarget	1	130504
509.9060540611941	n/a	NonTarget	1	130536
510.03105401316105	n/a	NonTarget	1	130568
510.156053965128	n/a	NonTarget	1	130600
510.281053917095	n/a	NonTarget	1	130632
510.4060538690619	n/a	NonTarget	1	130664
510.5310538210289	n/a	NonTarget	1	130696
510.65605377299585	n/a	NonTarget	1	130728
510.78105372496276	n/a	NonTarget	1	130760
510.90605367692973	n/a	NonTarget	1	130792
511.0310536288967	n/a	NonTarget	1	130824
511.1560535808636	n/a	NonTarget	1	130856
511.2810535328306	n/a	NonTarget	1	130888
511.40605348479755	n/a	NonTarget	1	130920
511.5310534367645	n/a	NonTarget	1	130952
511.65605338873144	n/a	NonTarget	1	130984
511.7810533406984	n/a	NonTarget	1	131016
511.9060532926654	n/a	NonTarget	1	131048
512.0310532446323	n/a	NonTarget	1	131080
512.1560531965993	n/a	NonTarget	1	131112
512.2810531485662	n/a	NonTarget	1	131144
512.4060531005332	n/a	NonTarget	1	131176
512.5310530525002	n/a	NonTarget	1	131208
512.656053004467	n/a	NonTarget	1	131240
512.781052956434	n/a	NonTarget	1	131272
512.906052908401	n/a	NonTarget	1	131304
513.0310528603679	n/a	NonTarget	1	131336
513.1560528123349	n/a	NonTarget	1	131368
513.2810527643019	n/a	NonTarget	1	131400
513.4060527162688	n/a	NonTarget	1	131432
513.5310526682357	n/a	NonTarget	1	131464
513.6560526202027	n/a	NonTarget	1	131496
513.7810525721696	n/a	NonTarget	1	131528
513.9060525241366	n/a	NonTarget	1	131560
514.0310524761036	n/a	NonTarget	1	131592
514.1560524280706	n/a	NonTarget	1	131624
514.2810523800375	n/a	NonTarget	1	131656
514.4060523320044	n/a	NonTarget	1	131688
514.5310522839713	n/a	NonTarget	1	131720
514.6560522359383	n/a	NonTarget	1	131752
514.7810521879053	n/a	NonTarget	1	131784
514.9060521398723	n/a	NonTarget	1	131816
515.0310520918392	n/a	NonTarget	1	131848
515.1560520438062	n/a	NonTarget	1	131880
515.281051995773	n/a	NonTarget	1	131912
515.40605194774	n/a	NonTarget	1	131944
515.531051899707	n/a	NonTarget	1	131976
515.656051851674	n/a	NonTarget	1	132008
515.7810518036409	n/a	NonTarget	1	132040
515.9060517556079	n/a	NonTarget	1	132072
516.0310517075749	n/a	NonTarget	1	132104
516.1560516595417	n/a	NonTarget	1	132136
516.2810516115087	n/a	NonTarget	1	132168
516.4060515634757	n/a	NonTarget	1	132200
516.5310515154426	n/a	NonTarget	1	132232
516.6560514674096	n/a	NonTarget	1	132264
516.7810514193766	n/a	NonTarget	1	132296
516.9060513713434	n/a	NonTarget	1	132328
517.0310513233104	n/a	NonTarget	1	132360
517.1560512752774	n/a	NonTarget	1	132392
517.2810512272443	n/a	NonTarget	1	132424
517.4060511792113	n/a	NonTarget	1	132456
517.5310511311783	n/a	NonTarget	1	132488
517.6560510831453	n/a	NonTarget	1	132520
517.7810510351121	n/a	NonTarget	1	132552
517.9060509870791	n/a	NonTarget	1	132584
518.031050939046	n/a	NonTarget	1	132616
518.156050891013	n/a	NonTarget	1	132648
518.28105084298	n/a	NonTarget	1	132680
518.406050794947	n/a	NonTarget	1	132712
518.5310507469139	n/a	NonTarget	1	132744
518.6560506988808	n/a	NonTarget	1	132776
518.7810506508478	n/a	NonTarget	1	132808
518.9060506028147	n/a	NonTarget	1	132840
519.0310505547817	n/a	NonTarget	1	132872
519.1560505067487	n/a	NonTarget	1	132904
519.2810504587156	n/a	NonTarget	1	132936
519.4060504106826	n/a	NonTarget	1	132968
519.5310503626495	n/a	NonTarget	1	133000
519.6560503146164	n/a	NonTarget	1	133032
519.7810502665834	n/a	NonTarget	1	133064
519.9060502185504	n/a	NonTarget	1	133096
520.0310501705173	n/a	NonTarget	1	133128
520.1560501224843	n/a	NonTarget	1	133160
520.2810500744512	n/a	NonTarget	1	133192
520.4060500264181	n/a	NonTarget	1	133224
520.5310499783851	n/a	NonTarget	1	133256
520.6560499303521	n/a	NonTarget	1	133288
520.781049882319	n/a	NonTarget	1	133320
520.906049834286	n/a	NonTarget	1	133352
521.031049786253	n/a	NonTarget	1	133384
521.1560497382198	n/a	NonTarget	1	133416
521.2810496901868	n/a	NonTarget	1	133448
521.4060496421538	n/a	NonTarget	1	133480
521.5310495941208	n/a	NonTarget	1	133512
521.6560495460877	n/a	NonTarget	1	133544
521.7810494980547	n/a	NonTarget	1	133576
521.9060494500217	n/a	NonTarget	1	133608
522.0310494019885	n/a	NonTarget	1	133640
522.1560493539555	n/a	NonTarget	1	133672
522.2810493059225	n/a	NonTarget	1	133704
522.4060492578894	n/a	NonTarget	1	133736
522.5310492098564	n/a	NonTarget	1	133768
522.6560491618234	n/a	NonTarget	1	133800
522.7810491137903	n/a	NonTarget	1	133832
522.9060490657572	n/a	NonTarget	1	133864
523.0310490177242	n/a	NonTarget	1	133896
523.1560489696911	n/a	NonTarget	1	133928
523.2810489216581	n/a	NonTarget	1	133960
523.4060488736251	n/a	NonTarget	1	133992
529.5310465200058	n/a	NonTarget	1	135560
529.6560464719727	n/a	NonTarget	1	135592
529.7810464239396	n/a	NonTarget	1	135624
529.9060463759066	n/a	NonTarget	1	135656
530.0310463278736	n/a	NonTarget	1	135688
530.1560462798406	n/a	NonTarget	1	135720
530.2810462318075	n/a	NonTarget	1	135752
530.4060461837745	n/a	NonTarget	1	135784
530.5310461357413	n/a	NonTarget	1	135816
530.6560460877083	n/a	NonTarget	1	135848
530.7810460396753	n/a	NonTarget	1	135880
530.9060459916423	n/a	NonTarget	1	135912
531.0310459436092	n/a	NonTarget	1	135944
531.1560458955762	n/a	NonTarget	1	135976
531.2810458475432	n/a	NonTarget	1	136008
531.40604579951	n/a	NonTarget	1	136040
531.531045751477	n/a	NonTarget	1	136072
531.656045703444	n/a	NonTarget	1	136104
531.7810456554109	n/a	NonTarget	1	136136
531.9060456073779	n/a	NonTarget	1	136168
532.0310455593449	n/a	NonTarget	1	136200
532.1560455113118	n/a	NonTarget	1	136232
532.2810454632787	n/a	NonTarget	1	136264
532.4060454152457	n/a	NonTarget	1	136296
532.5310453672126	n/a	NonTarget	1	136328
532.6560453191796	n/a	NonTarget	1	136360
532.7810452711466	n/a	NonTarget	1	136392
532.9060452231136	n/a	NonTarget	1	136424
533.0310451750804	n/a	NonTarget	1	136456
533.1560451270474	n/a	NonTarget	1	136488
533.2810450790143	n/a	NonTarget	1	136520
533.4060450309813	n/a	NonTarget	1	136552
533.5310449829483	n/a	NonTarget	1	136584
533.6560449349153	n/a	NonTarget	1	136616
533.7810448868822	n/a	NonTarget	1	136648
533.9060448388491	n/a	NonTarget	1	136680
534.031044790816	n/a	NonTarget	1	136712
534.156044742783	n/a	NonTarget	1	136744
534.28104469475	n/a	NonTarget	1	136776
534.406044646717	n/a	NonTarget	1	136808
534.5310445986839	n/a	NonTarget	1	136840
534.6560445506509	n/a	NonTarget	1	136872
534.7810445026178	n/a	NonTarget	1	136904
534.9060444545847	n/a	NonTarget	1	136936
535.0310444065517	n/a	NonTarget	1	136968
535.1560443585187	n/a	NonTarget	1	137000
535.2810443104856	n/a	NonTarget	1	137032
535.4060442624526	n/a	NonTarget	1	137064
535.5310442144196	n/a	NonTarget	1	137096
535.6560441663864	n/a	NonTarget	1	137128
535.7810441183534	n/a	NonTarget	1	137160
535.9060440703204	n/a	NonTarget	1	137192
536.0310440222873	n/a	NonTarget	1	137224
536.1560439742543	n/a	NonTarget	1	137256
536.2810439262213	n/a	NonTarget	1	137288
536.4060438781883	n/a	NonTarget	1	137320
536.5310438301551	n/a	NonTarget	1	137352
536.6560437821221	n/a	NonTarget	1	137384
536.781043734089	n/a	NonTarget	1	137416
536.906043686056	n/a	NonTarget	1	137448
537.031043638023	n/a	NonTarget	1	137480
537.15604358999	n/a	NonTarget	1	137512
537.2810435419568	n/a	NonTarget	1	137544
537.4060434939238	n/a	NonTarget	1	137576
537.5310434458908	n/a	NonTarget	1	137608
537.6560433978577	n/a	NonTarget	1	137640
537.7810433498247	n/a	NonTarget	1	137672
537.9060433017917	n/a	NonTarget	1	137704
538.0310432537586	n/a	NonTarget	1	137736
538.1560432057255	n/a	NonTarget	1	137768
538.2810431576925	n/a	NonTarget	1	137800
538.4060431096594	n/a	NonTarget	1	137832
538.5310430616264	n/a	NonTarget	1	137864
538.6560430135934	n/a	NonTarget	1	137896
538.7810429655603	n/a	NonTarget	1	137928
538.9060429175273	n/a	NonTarget	1	137960
539.0310428694942	n/a	NonTarget	1	137992
539.1560428214611	n/a	NonTarget	1	138024
539.2810427734281	n/a	NonTarget	1	138056
539.4060427253951	n/a	NonTarget	1	138088
539.531042677362	n/a	NonTarget	1	138120
539.656042629329	n/a	NonTarget	1	138152
539.781042581296	n/a	NonTarget	1	138184
539.9060425332628	n/a	NonTarget	1	138216
540.0310424852298	n/a	NonTarget	1	138248
540.1560424371968	n/a	NonTarget	1	138280
540.2810423891638	n/a	NonTarget	1	138312
540.4060423411307	n/a	NonTarget	1	138344
540.5310422930977	n/a	NonTarget	1	138376
540.6560422450646	n/a	NonTarget	1	138408
540.7810421970315	n/a	NonTarget	1	138440
540.9060421489985	n/a	NonTarget	1	138472
541.0310421009655	n/a	NonTarget	1	138504
541.1560420529324	n/a	NonTarget	1	138536
541.2810420048994	n/a	NonTarget	1	138568
541.4060419568664	n/a	NonTarget	1	138600
541.5310419088332	n/a	NonTarget	1	138632
541.6560418608002	n/a	NonTarget	1	138664
541.7810418127672	n/a	NonTarget	1	138696
541.9060417647341	n/a	NonTarget	1	138728
542.0310417167011	n/a	NonTarget	1	138760
542.1560416686681	n/a	NonTarget	1	138792
542.281041620635	n/a	NonTarget	1	138824
542.4060415726019	n/a	NonTarget	1	138856
542.5310415245689	n/a	NonTarget	1	138888
542.6560414765358	n/a	NonTarget	1	138920
542.7810414285028	n/a	NonTarget	1	138952
542.9060413804698	n/a	NonTarget	1	138984
543.0310413324368	n/a	NonTarget	1	139016
543.1560412844037	n/a	NonTarget	1	139048
543.2810412363706	n/a	NonTarget	1	139080
543.4060411883376	n/a	NonTarget	1	139112
543.5310411403045	n/a	NonTarget	1	139144
543.6560410922715	n/a	NonTarget	1	139176
543.7810410442385	n/a	NonTarget	1	139208
543.9060409962054	n/a	NonTarget	1	139240
544.0310409481724	n/a	NonTarget	1	139272
544.1560409001393	n/a	NonTarget	1	139304
544.2810408521062	n/a	NonTarget	1	139336
544.4060408040732	n/a	NonTarget	1	139368
550.5310384504539	n/a	NonTarget	1	140936
550.6560384024209	n/a	NonTarget	1	140968
550.7810383543879	n/a	NonTarget	1	141000
550.9060383063547	n/a	NonTarget	1	141032
551.0310382583217	n/a	NonTarget	1	141064
551.1560382102887	n/a	NonTarget	1	141096
551.2810381622556	n/a	NonTarget	1	141128
551.4060381142226	n/a	NonTarget	1	141160
551.5310380661896	n/a	NonTarget	1	141192
551.6560380181566	n/a	NonTarget	1	141224
551.7810379701234	n/a	NonTarget	1	141256
551.9060379220904	n/a	NonTarget	1	141288
552.0310378740573	n/a	NonTarget	1	141320
552.1560378260243	n/a	NonTarget	1	141352
552.2810377779913	n/a	NonTarget	1	141384
552.4060377299583	n/a	NonTarget	1	141416
552.5310376819252	n/a	NonTarget	1	141448
552.6560376338921	n/a	NonTarget	1	141480
552.781037585859	n/a	NonTarget	1	141512
552.906037537826	n/a	NonTarget	1	141544
553.031037489793	n/a	NonTarget	1	141576
553.15603744176	n/a	NonTarget	1	141608
553.2810373937269	n/a	NonTarget	1	141640
553.4060373456938	n/a	NonTarget	1	141672
553.5310372976608	n/a	NonTarget	1	141704
553.6560372496277	n/a	NonTarget	1	141736
553.7810372015947	n/a	NonTarget	1	141768
553.9060371535617	n/a	NonTarget	1	141800
554.0310371055286	n/a	NonTarget	1	141832
554.1560370574956	n/a	NonTarget	1	141864
554.2810370094625	n/a	NonTarget	1	141896
554.4060369614294	n/a	NonTarget	1	141928
554.5310369133964	n/a	NonTarget	1	141960
554.6560368653634	n/a	NonTarget	1	141992
554.7810368173303	n/a	NonTarget	1	142024
554.9060367692973	n/a	NonTarget	1	142056
555.0310367212643	n/a	NonTarget	1	142088
555.1560366732311	n/a	NonTarget	1	142120
555.2810366251981	n/a	NonTarget	1	142152
555.4060365771651	n/a	NonTarget	1	142184
555.531036529132	n/a	NonTarget	1	142216
555.656036481099	n/a	NonTarget	1	142248
555.781036433066	n/a	NonTarget	1	142280
555.906036385033	n/a	NonTarget	1	142312
556.0310363369998	n/a	NonTarget	1	142344
556.1560362889668	n/a	NonTarget	1	142376
556.2810362409338	n/a	NonTarget	1	142408
556.4060361929007	n/a	NonTarget	1	142440
556.5310361448677	n/a	NonTarget	1	142472
556.6560360968347	n/a	NonTarget	1	142504
556.7810360488016	n/a	NonTarget	1	142536
556.9060360007685	n/a	NonTarget	1	142568
557.0310359527355	n/a	NonTarget	1	142600
557.1560359047024	n/a	NonTarget	1	142632
557.2810358566694	n/a	NonTarget	1	142664
557.4060358086364	n/a	NonTarget	1	142696
557.5310357606033	n/a	NonTarget	1	142728
557.6560357125702	n/a	NonTarget	1	142760
557.7810356645372	n/a	NonTarget	1	142792
557.9060356165041	n/a	NonTarget	1	142824
558.0310355684711	n/a	NonTarget	1	142856
558.1560355204381	n/a	NonTarget	1	142888
558.281035472405	n/a	NonTarget	1	142920
558.406035424372	n/a	NonTarget	1	142952
558.5310353763389	n/a	NonTarget	1	142984
558.6560353283058	n/a	NonTarget	1	143016
558.7810352802728	n/a	NonTarget	1	143048
558.9060352322398	n/a	NonTarget	1	143080
559.0310351842068	n/a	NonTarget	1	143112
559.1560351361737	n/a	NonTarget	1	143144
559.2810350881407	n/a	NonTarget	1	143176
559.4060350401076	n/a	NonTarget	1	143208
559.5310349920745	n/a	NonTarget	1	143240
559.6560349440415	n/a	NonTarget	1	143272
559.7810348960085	n/a	NonTarget	1	143304
559.9060348479754	n/a	NonTarget	1	143336
560.0310347999424	n/a	NonTarget	1	143368
560.1560347519094	n/a	NonTarget	1	143400
560.2810347038762	n/a	NonTarget	1	143432
560.4060346558432	n/a	NonTarget	1	143464
560.5310346078102	n/a	NonTarget	1	143496
560.6560345597771	n/a	NonTarget	1	143528
560.7810345117441	n/a	NonTarget	1	143560
560.9060344637111	n/a	NonTarget	1	143592
561.031034415678	n/a	NonTarget	1	143624
561.1560343676449	n/a	NonTarget	1	143656
561.2810343196119	n/a	NonTarget	1	143688
561.4060342715788	n/a	NonTarget	1	143720
561.5310342235458	n/a	NonTarget	1	143752
561.6560341755128	n/a	NonTarget	1	143784
561.7810341274798	n/a	NonTarget	1	143816
561.9060340794466	n/a	NonTarget	1	143848
562.0310340314136	n/a	NonTarget	1	143880
562.1560339833806	n/a	NonTarget	1	143912
562.2810339353475	n/a	NonTarget	1	143944
562.4060338873145	n/a	NonTarget	1	143976
562.5310338392815	n/a	NonTarget	1	144008
562.6560337912484	n/a	NonTarget	1	144040
562.7810337432153	n/a	NonTarget	1	144072
562.9060336951823	n/a	NonTarget	1	144104
563.0310336471492	n/a	NonTarget	1	144136
563.1560335991162	n/a	NonTarget	1	144168
563.2810335510832	n/a	NonTarget	1	144200
563.4060335030501	n/a	NonTarget	1	144232
563.5310334550171	n/a	NonTarget	1	144264
563.656033406984	n/a	NonTarget	1	144296
563.7810333589509	n/a	NonTarget	1	144328
563.9060333109179	n/a	NonTarget	1	144360
564.0310332628849	n/a	NonTarget	1	144392
564.1560332148518	n/a	NonTarget	1	144424
564.2810331668188	n/a	NonTarget	1	144456
564.4060331187858	n/a	NonTarget	1	144488
564.5310330707526	n/a	NonTarget	1	144520
564.6560330227196	n/a	NonTarget	1	144552
564.7810329746866	n/a	NonTarget	1	144584
564.9060329266536	n/a	NonTarget	1	144616
565.0310328786205	n/a	NonTarget	1	144648
565.1560328305875	n/a	NonTarget	1	144680
565.2810327825543	n/a	NonTarget	1	144712
565.4060327345213	n/a	NonTarget	1	144744
571.531030380902	n/a	NonTarget	1	146312
571.656030332869	n/a	NonTarget	1	146344
571.781030284836	n/a	NonTarget	1	146376
571.906030236803	n/a	NonTarget	1	146408
572.0310301887699	n/a	NonTarget	1	146440
572.1560301407368	n/a	NonTarget	1	146472
572.2810300927038	n/a	NonTarget	1	146504
572.4060300446707	n/a	NonTarget	1	146536
572.5310299966377	n/a	NonTarget	1	146568
572.6560299486047	n/a	NonTarget	1	146600
572.7810299005716	n/a	NonTarget	1	146632
572.9060298525386	n/a	NonTarget	1	146664
573.0310298045055	n/a	NonTarget	1	146696
573.1560297564724	n/a	NonTarget	1	146728
573.2810297084394	n/a	NonTarget	1	146760
573.4060296604064	n/a	NonTarget	1	146792
573.5310296123733	n/a	NonTarget	1	146824
573.6560295643403	n/a	NonTarget	1	146856
573.7810295163072	n/a	NonTarget	1	146888
573.9060294682741	n/a	NonTarget	1	146920
574.0310294202411	n/a	NonTarget	1	146952
574.1560293722081	n/a	NonTarget	1	146984
574.281029324175	n/a	NonTarget	1	147016
574.406029276142	n/a	NonTarget	1	147048
574.531029228109	n/a	NonTarget	1	147080
574.6560291800758	n/a	NonTarget	1	147112
574.7810291320428	n/a	NonTarget	1	147144
574.9060290840098	n/a	NonTarget	1	147176
575.0310290359768	n/a	NonTarget	1	147208
575.1560289879437	n/a	NonTarget	1	147240
575.2810289399107	n/a	NonTarget	1	147272
575.4060288918777	n/a	NonTarget	1	147304
575.5310288438445	n/a	NonTarget	1	147336
575.6560287958115	n/a	NonTarget	1	147368
575.7810287477785	n/a	NonTarget	1	147400
575.9060286997454	n/a	NonTarget	1	147432
576.0310286517124	n/a	NonTarget	1	147464
576.1560286036794	n/a	NonTarget	1	147496
576.2810285556463	n/a	NonTarget	1	147528
576.4060285076132	n/a	NonTarget	1	147560
576.5310284595802	n/a	NonTarget	1	147592
576.6560284115471	n/a	NonTarget	1	147624
576.7810283635141	n/a	NonTarget	1	147656
576.9060283154811	n/a	NonTarget	1	147688
577.031028267448	n/a	NonTarget	1	147720
577.156028219415	n/a	NonTarget	1	147752
577.2810281713819	n/a	NonTarget	1	147784
577.4060281233488	n/a	NonTarget	1	147816
577.5310280753158	n/a	NonTarget	1	147848
577.6560280272828	n/a	NonTarget	1	147880
577.7810279792498	n/a	NonTarget	1	147912
577.9060279312167	n/a	NonTarget	1	147944
578.0310278831836	n/a	NonTarget	1	147976
578.1560278351506	n/a	NonTarget	1	148008
578.2810277871175	n/a	NonTarget	1	148040
578.4060277390845	n/a	NonTarget	1	148072
578.5310276910515	n/a	NonTarget	1	148104
578.6560276430184	n/a	NonTarget	1	148136
578.7810275949854	n/a	NonTarget	1	148168
578.9060275469523	n/a	NonTarget	1	148200
579.0310274989192	n/a	NonTarget	1	148232
579.1560274508862	n/a	NonTarget	1	148264
579.2810274028532	n/a	NonTarget	1	148296
579.4060273548201	n/a	NonTarget	1	148328
579.5310273067871	n/a	NonTarget	1	148360
579.6560272587541	n/a	NonTarget	1	148392
579.7810272107209	n/a	NonTarget	1	148424
579.9060271626879	n/a	NonTarget	1	148456
580.0310271146549	n/a	NonTarget	1	148488
580.1560270666218	n/a	NonTarget	1	148520
580.2810270185888	n/a	NonTarget	1	148552
580.4060269705558	n/a	NonTarget	1	148584
580.5310269225228	n/a	NonTarget	1	148616
580.6560268744896	n/a	NonTarget	1	148648
580.7810268264566	n/a	NonTarget	1	148680
580.9060267784236	n/a	NonTarget	1	148712
581.0310267303905	n/a	NonTarget	1	148744
581.1560266823575	n/a	NonTarget	1	148776
581.2810266343245	n/a	NonTarget	1	148808
581.4060265862914	n/a	NonTarget	1	148840
581.5310265382583	n/a	NonTarget	1	148872
581.6560264902253	n/a	NonTarget	1	148904
581.7810264421922	n/a	NonTarget	1	148936
581.9060263941592	n/a	NonTarget	1	148968
582.0310263461262	n/a	NonTarget	1	149000
582.1560262980931	n/a	NonTarget	1	149032
582.28102625006	n/a	NonTarget	1	149064
582.406026202027	n/a	NonTarget	1	149096
582.5310261539939	n/a	NonTarget	1	149128
582.6560261059609	n/a	NonTarget	1	149160
582.7810260579279	n/a	NonTarget	1	149192
582.9060260098948	n/a	NonTarget	1	149224
583.0310259618618	n/a	NonTarget	1	149256
583.1560259138287	n/a	NonTarget	1	149288
583.2810258657956	n/a	NonTarget	1	149320
583.4060258177626	n/a	NonTarget	1	149352
583.5310257697296	n/a	NonTarget	1	149384
583.6560257216966	n/a	NonTarget	1	149416
583.7810256736635	n/a	NonTarget	1	149448
583.9060256256305	n/a	NonTarget	1	149480
584.0310255775973	n/a	NonTarget	1	149512
584.1560255295643	n/a	NonTarget	1	149544
584.2810254815313	n/a	NonTarget	1	149576
584.4060254334983	n/a	NonTarget	1	149608
584.5310253854652	n/a	NonTarget	1	149640
584.6560253374322	n/a	NonTarget	1	149672
584.7810252893992	n/a	NonTarget	1	149704
584.906025241366	n/a	NonTarget	1	149736
585.031025193333	n/a	NonTarget	1	149768
585.1560251453	n/a	NonTarget	1	149800
585.2810250972669	n/a	NonTarget	1	149832
585.4060250492339	n/a	NonTarget	1	149864
585.5310250012009	n/a	NonTarget	1	149896
585.6560249531677	n/a	NonTarget	1	149928
585.7810249051347	n/a	NonTarget	1	149960
585.9060248571017	n/a	NonTarget	1	149992
586.0310248090686	n/a	NonTarget	1	150024
586.1560247610356	n/a	NonTarget	1	150056
586.2810247130026	n/a	NonTarget	1	150088
586.4060246649696	n/a	NonTarget	1	150120
592.5310223113502	n/a	NonTarget	1	151688
592.6560222633171	n/a	NonTarget	1	151720
592.7810222152841	n/a	NonTarget	1	151752
592.9060221672511	n/a	NonTarget	1	151784
593.031022119218	n/a	NonTarget	1	151816
593.156022071185	n/a	NonTarget	1	151848
593.281022023152	n/a	NonTarget	1	151880
593.4060219751188	n/a	NonTarget	1	151912
593.5310219270858	n/a	NonTarget	1	151944
593.6560218790528	n/a	NonTarget	1	151976
593.7810218310198	n/a	NonTarget	1	152008
593.9060217829867	n/a	NonTarget	1	152040
594.0310217349537	n/a	NonTarget	1	152072
594.1560216869206	n/a	NonTarget	1	152104
594.2810216388875	n/a	NonTarget	1	152136
594.4060215908545	n/a	NonTarget	1	152168
594.5310215428215	n/a	NonTarget	1	152200
594.6560214947884	n/a	NonTarget	1	152232
594.7810214467554	n/a	NonTarget	1	152264
594.9060213987224	n/a	NonTarget	1	152296
595.0310213506892	n/a	NonTarget	1	152328
595.1560213026562	n/a	NonTarget	1	152360
595.2810212546232	n/a	NonTarget	1	152392
595.4060212065901	n/a	NonTarget	1	152424
595.5310211585571	n/a	NonTarget	1	152456
595.6560211105241	n/a	NonTarget	1	152488
595.781021062491	n/a	NonTarget	1	152520
595.9060210144579	n/a	NonTarget	1	152552
596.0310209664249	n/a	NonTarget	1	152584
596.1560209183918	n/a	NonTarget	1	152616
596.2810208703588	n/a	NonTarget	1	152648
596.4060208223258	n/a	NonTarget	1	152680
596.5310207742928	n/a	NonTarget	1	152712
596.6560207262597	n/a	NonTarget	1	152744
596.7810206782266	n/a	NonTarget	1	152776
596.9060206301936	n/a	NonTarget	1	152808
597.0310205821605	n/a	NonTarget	1	152840
597.1560205341275	n/a	NonTarget	1	152872
597.2810204860945	n/a	NonTarget	1	152904
597.4060204380614	n/a	NonTarget	1	152936
597.5310203900284	n/a	NonTarget	1	152968
597.6560203419953	n/a	NonTarget	1	153000
597.7810202939622	n/a	NonTarget	1	153032
597.9060202459292	n/a	NonTarget	1	153064
598.0310201978962	n/a	NonTarget	1	153096
598.1560201498631	n/a	NonTarget	1	153128
598.2810201018301	n/a	NonTarget	1	153160
598.406020053797	n/a	NonTarget	1	153192
598.5310200057639	n/a	NonTarget	1	153224
598.6560199577309	n/a	NonTarget	1	153256
598.7810199096979	n/a	NonTarget	1	153288
598.9060198616648	n/a	NonTarget	1	153320
599.0310198136318	n/a	NonTarget	1	153352
599.1560197655988	n/a	NonTarget	1	153384
599.2810197175656	n/a	NonTarget	1	153416
599.4060196695326	n/a	NonTarget	1	153448
599.5310196214996	n/a	NonTarget	1	153480
599.6560195734666	n/a	NonTarget	1	153512
599.7810195254335	n/a	NonTarget	1	153544
599.9060194774005	n/a	NonTarget	1	153576
600.0310194293675	n/a	NonTarget	1	153608
600.1560193813343	n/a	NonTarget	1	153640
600.2810193333013	n/a	NonTarget	1	153672
600.4060192852683	n/a	NonTarget	1	153704
600.5310192372352	n/a	NonTarget	1	153736
600.6560191892022	n/a	NonTarget	1	153768
600.7810191411692	n/a	NonTarget	1	153800
600.9060190931361	n/a	NonTarget	1	153832
601.031019045103	n/a	NonTarget	1	153864
601.15601899707	n/a	NonTarget	1	153896
601.2810189490369	n/a	NonTarget	1	153928
601.4060189010039	n/a	NonTarget	1	153960
601.5310188529709	n/a	NonTarget	1	153992
601.6560188049378	n/a	NonTarget	1	154024
601.7810187569048	n/a	NonTarget	1	154056
601.9060187088717	n/a	NonTarget	1	154088
602.0310186608386	n/a	NonTarget	1	154120
602.1560186128056	n/a	NonTarget	1	154152
602.2810185647726	n/a	NonTarget	1	154184
602.4060185167396	n/a	NonTarget	1	154216
602.5310184687065	n/a	NonTarget	1	154248
602.6560184206734	n/a	NonTarget	1	154280
602.7810183726403	n/a	NonTarget	1	154312
602.9060183246073	n/a	NonTarget	1	154344
603.0310182765743	n/a	NonTarget	1	154376
603.1560182285413	n/a	NonTarget	1	154408
603.2810181805082	n/a	NonTarget	1	154440
603.4060181324752	n/a	NonTarget	1	154472
603.531018084442	n/a	NonTarget	1	154504
603.656018036409	n/a	NonTarget	1	154536
603.781017988376	n/a	NonTarget	1	154568
603.906017940343	n/a	NonTarget	1	154600
604.0310178923099	n/a	NonTarget	1	154632
604.1560178442769	n/a	NonTarget	1	154664
604.2810177962439	n/a	NonTarget	1	154696
604.4060177482107	n/a	NonTarget	1	154728
604.5310177001777	n/a	NonTarget	1	154760
604.6560176521447	n/a	NonTarget	1	154792
604.7810176041116	n/a	NonTarget	1	154824
604.9060175560786	n/a	NonTarget	1	154856
605.0310175080456	n/a	NonTarget	1	154888
605.1560174600125	n/a	NonTarget	1	154920
605.2810174119794	n/a	NonTarget	1	154952
605.4060173639464	n/a	NonTarget	1	154984
605.5310173159133	n/a	NonTarget	1	155016
605.6560172678803	n/a	NonTarget	1	155048
605.7810172198473	n/a	NonTarget	1	155080
605.9060171718143	n/a	NonTarget	1	155112
606.0310171237812	n/a	NonTarget	1	155144
606.1560170757481	n/a	NonTarget	1	155176
606.281017027715	n/a	NonTarget	1	155208
606.406016979682	n/a	NonTarget	1	155240
606.531016931649	n/a	NonTarget	1	155272
606.656016883616	n/a	NonTarget	1	155304
606.7810168355829	n/a	NonTarget	1	155336
606.9060167875498	n/a	NonTarget	1	155368
607.0310167395168	n/a	NonTarget	1	155400
607.1560166914837	n/a	NonTarget	1	155432
607.2810166434507	n/a	NonTarget	1	155464
607.4060165954177	n/a	NonTarget	1	155496
613.5310142417984	n/a	NonTarget	1	157064
613.6560141937654	n/a	NonTarget	1	157096
613.7810141457322	n/a	NonTarget	1	157128
613.9060140976992	n/a	NonTarget	1	157160
614.0310140496662	n/a	NonTarget	1	157192
614.1560140016331	n/a	NonTarget	1	157224
614.2810139536001	n/a	NonTarget	1	157256
614.4060139055671	n/a	NonTarget	1	157288
614.5310138575339	n/a	NonTarget	1	157320
614.6560138095009	n/a	NonTarget	1	157352
614.7810137614679	n/a	NonTarget	1	157384
614.9060137134348	n/a	NonTarget	1	157416
615.0310136654018	n/a	NonTarget	1	157448
615.1560136173688	n/a	NonTarget	1	157480
615.2810135693358	n/a	NonTarget	1	157512
615.4060135213026	n/a	NonTarget	1	157544
615.5310134732696	n/a	NonTarget	1	157576
615.6560134252366	n/a	NonTarget	1	157608
615.7810133772035	n/a	NonTarget	1	157640
615.9060133291705	n/a	NonTarget	1	157672
616.0310132811375	n/a	NonTarget	1	157704
616.1560132331044	n/a	NonTarget	1	157736
616.2810131850713	n/a	NonTarget	1	157768
616.4060131370383	n/a	NonTarget	1	157800
616.5310130890052	n/a	NonTarget	1	157832
616.6560130409722	n/a	NonTarget	1	157864
616.7810129929392	n/a	NonTarget	1	157896
616.9060129449061	n/a	NonTarget	1	157928
617.0310128968731	n/a	NonTarget	1	157960
617.15601284884	n/a	NonTarget	1	157992
617.2810128008069	n/a	NonTarget	1	158024
617.4060127527739	n/a	NonTarget	1	158056
617.5310127047409	n/a	NonTarget	1	158088
617.6560126567078	n/a	NonTarget	1	158120
617.7810126086748	n/a	NonTarget	1	158152
617.9060125606418	n/a	NonTarget	1	158184
618.0310125126086	n/a	NonTarget	1	158216
618.1560124645756	n/a	NonTarget	1	158248
618.2810124165426	n/a	NonTarget	1	158280
618.4060123685096	n/a	NonTarget	1	158312
618.5310123204765	n/a	NonTarget	1	158344
618.6560122724435	n/a	NonTarget	1	158376
618.7810122244103	n/a	NonTarget	1	158408
618.9060121763773	n/a	NonTarget	1	158440
619.0310121283443	n/a	NonTarget	1	158472
619.1560120803113	n/a	NonTarget	1	158504
619.2810120322782	n/a	NonTarget	1	158536
619.4060119842452	n/a	NonTarget	1	158568
619.5310119362122	n/a	NonTarget	1	158600
619.656011888179	n/a	NonTarget	1	158632
619.781011840146	n/a	NonTarget	1	158664
619.906011792113	n/a	NonTarget	1	158696
620.0310117440799	n/a	NonTarget	1	158728
620.1560116960469	n/a	NonTarget	1	158760
620.2810116480139	n/a	NonTarget	1	158792
620.4060115999808	n/a	NonTarget	1	158824
620.5310115519477	n/a	NonTarget	1	158856
620.6560115039147	n/a	NonTarget	1	158888
620.7810114558816	n/a	NonTarget	1	158920
620.9060114078486	n/a	NonTarget	1	158952
621.0310113598156	n/a	NonTarget	1	158984
621.1560113117825	n/a	NonTarget	1	159016
621.2810112637495	n/a	NonTarget	1	159048
621.4060112157164	n/a	NonTarget	1	159080
621.5310111676833	n/a	NonTarget	1	159112
621.6560111196503	n/a	NonTarget	1	159144
621.7810110716173	n/a	NonTarget	1	159176
621.9060110235843	n/a	NonTarget	1	159208
622.0310109755512	n/a	NonTarget	1	159240
622.1560109275182	n/a	NonTarget	1	159272
622.281010879485	n/a	NonTarget	1	159304
622.406010831452	n/a	NonTarget	1	159336
622.531010783419	n/a	NonTarget	1	159368
622.656010735386	n/a	NonTarget	1	159400
622.7810106873529	n/a	NonTarget	1	159432
622.9060106393199	n/a	NonTarget	1	159464
623.0310105912868	n/a	NonTarget	1	159496
623.1560105432537	n/a	NonTarget	1	159528
623.2810104952207	n/a	NonTarget	1	159560
623.4060104471877	n/a	NonTarget	1	159592
623.5310103991546	n/a	NonTarget	1	159624
623.6560103511216	n/a	NonTarget	1	159656
623.7810103030886	n/a	NonTarget	1	159688
623.9060102550554	n/a	NonTarget	1	159720
624.0310102070224	n/a	NonTarget	1	159752
624.1560101589894	n/a	NonTarget	1	159784
624.2810101109563	n/a	NonTarget	1	159816
624.4060100629233	n/a	NonTarget	1	159848
624.5310100148903	n/a	NonTarget	1	159880
624.6560099668573	n/a	NonTarget	1	159912
624.7810099188241	n/a	NonTarget	1	159944
624.9060098707911	n/a	NonTarget	1	159976
625.031009822758	n/a	NonTarget	1	160008
625.156009774725	n/a	NonTarget	1	160040
625.281009726692	n/a	NonTarget	1	160072
625.406009678659	n/a	NonTarget	1	160104
625.5310096306259	n/a	NonTarget	1	160136
625.6560095825928	n/a	NonTarget	1	160168
625.7810095345598	n/a	NonTarget	1	160200
625.9060094865267	n/a	NonTarget	1	160232
626.0310094384937	n/a	NonTarget	1	160264
626.1560093904607	n/a	NonTarget	1	160296
626.2810093424276	n/a	NonTarget	1	160328
626.4060092943946	n/a	NonTarget	1	160360
626.5310092463615	n/a	NonTarget	1	160392
626.6560091983284	n/a	NonTarget	1	160424
626.7810091502954	n/a	NonTarget	1	160456
626.9060091022624	n/a	NonTarget	1	160488
627.0310090542293	n/a	NonTarget	1	160520
627.1560090061963	n/a	NonTarget	1	160552
627.2810089581632	n/a	NonTarget	1	160584
627.4060089101301	n/a	NonTarget	1	160616
627.5310088620971	n/a	NonTarget	1	160648
627.6560088140641	n/a	NonTarget	1	160680
627.781008766031	n/a	NonTarget	1	160712
627.906008717998	n/a	NonTarget	1	160744
628.031008669965	n/a	NonTarget	1	160776
628.1560086219318	n/a	NonTarget	1	160808
628.2810085738988	n/a	NonTarget	1	160840
628.4060085258658	n/a	NonTarget	1	160872
634.5310061722465	n/a	NonTarget	1	162440
634.6560061242135	n/a	NonTarget	1	162472
634.7810060761805	n/a	NonTarget	1	162504
634.9060060281473	n/a	NonTarget	1	162536
635.0310059801143	n/a	NonTarget	1	162568
635.1560059320813	n/a	NonTarget	1	162600
635.2810058840482	n/a	NonTarget	1	162632
635.4060058360152	n/a	NonTarget	1	162664
635.5310057879822	n/a	NonTarget	1	162696
635.6560057399491	n/a	NonTarget	1	162728
635.781005691916	n/a	NonTarget	1	162760
635.906005643883	n/a	NonTarget	1	162792
636.0310055958499	n/a	NonTarget	1	162824
636.1560055478169	n/a	NonTarget	1	162856
636.2810054997839	n/a	NonTarget	1	162888
636.4060054517508	n/a	NonTarget	1	162920
636.5310054037178	n/a	NonTarget	1	162952
636.6560053556847	n/a	NonTarget	1	162984
636.7810053076516	n/a	NonTarget	1	163016
636.9060052596186	n/a	NonTarget	1	163048
637.0310052115856	n/a	NonTarget	1	163080
637.1560051635525	n/a	NonTarget	1	163112
637.2810051155195	n/a	NonTarget	1	163144
637.4060050674865	n/a	NonTarget	1	163176
637.5310050194533	n/a	NonTarget	1	163208
637.6560049714203	n/a	NonTarget	1	163240
637.7810049233873	n/a	NonTarget	1	163272
637.9060048753543	n/a	NonTarget	1	163304
638.0310048273212	n/a	NonTarget	1	163336
638.1560047792882	n/a	NonTarget	1	163368
638.2810047312552	n/a	NonTarget	1	163400
638.406004683222	n/a	NonTarget	1	163432
638.531004635189	n/a	NonTarget	1	163464
638.656004587156	n/a	NonTarget	1	163496
638.7810045391229	n/a	NonTarget	1	163528
638.9060044910899	n/a	NonTarget	1	163560
639.0310044430569	n/a	NonTarget	1	163592
639.1560043950237	n/a	NonTarget	1	163624
639.2810043469907	n/a	NonTarget	1	163656
639.4060042989577	n/a	NonTarget	1	163688
639.5310042509246	n/a	NonTarget	1	163720
639.6560042028916	n/a	NonTarget	1	163752
639.7810041548586	n/a	NonTarget	1	163784
639.9060041068255	n/a	NonTarget	1	163816
640.0310040587924	n/a	NonTarget	1	163848
640.1560040107594	n/a	NonTarget	1	163880
640.2810039627263	n/a	NonTarget	1	163912
640.4060039146933	n/a	NonTarget	1	163944
640.5310038666603	n/a	NonTarget	1	163976
640.6560038186273	n/a	NonTarget	1	164008
640.7810037705942	n/a	NonTarget	1	164040
640.9060037225611	n/a	NonTarget	1	164072
641.031003674528	n/a	NonTarget	1	164104
641.156003626495	n/a	NonTarget	1	164136
641.281003578462	n/a	NonTarget	1	164168
641.406003530429	n/a	NonTarget	1	164200
641.5310034823959	n/a	NonTarget	1	164232
641.6560034343629	n/a	NonTarget	1	164264
641.7810033863298	n/a	NonTarget	1	164296
641.9060033382967	n/a	NonTarget	1	164328
642.0310032902637	n/a	NonTarget	1	164360
642.1560032422307	n/a	NonTarget	1	164392
642.2810031941976	n/a	NonTarget	1	164424
642.4060031461646	n/a	NonTarget	1	164456
642.5310030981316	n/a	NonTarget	1	164488
642.6560030500984	n/a	NonTarget	1	164520
642.7810030020654	n/a	NonTarget	1	164552
642.9060029540324	n/a	NonTarget	1	164584
643.0310029059993	n/a	NonTarget	1	164616
643.1560028579663	n/a	NonTarget	1	164648
643.2810028099333	n/a	NonTarget	1	164680
643.4060027619001	n/a	NonTarget	1	164712
643.5310027138671	n/a	NonTarget	1	164744
643.6560026658341	n/a	NonTarget	1	164776
643.781002617801	n/a	NonTarget	1	164808
643.906002569768	n/a	NonTarget	1	164840
644.031002521735	n/a	NonTarget	1	164872
644.156002473702	n/a	NonTarget	1	164904
644.2810024256688	n/a	NonTarget	1	164936
644.4060023776358	n/a	NonTarget	1	164968
644.5310023296028	n/a	NonTarget	1	165000
644.6560022815697	n/a	NonTarget	1	165032
644.7810022335367	n/a	NonTarget	1	165064
644.9060021855037	n/a	NonTarget	1	165096
645.0310021374706	n/a	NonTarget	1	165128
645.1560020894375	n/a	NonTarget	1	165160
645.2810020414045	n/a	NonTarget	1	165192
645.4060019933714	n/a	NonTarget	1	165224
645.5310019453384	n/a	NonTarget	1	165256
645.6560018973054	n/a	NonTarget	1	165288
645.7810018492723	n/a	NonTarget	1	165320
645.9060018012393	n/a	NonTarget	1	165352
646.0310017532062	n/a	NonTarget	1	165384
646.1560017051731	n/a	NonTarget	1	165416
646.2810016571401	n/a	NonTarget	1	165448
646.4060016091071	n/a	NonTarget	1	165480
646.531001561074	n/a	NonTarget	1	165512
646.656001513041	n/a	NonTarget	1	165544
646.781001465008	n/a	NonTarget	1	165576
646.9060014169748	n/a	NonTarget	1	165608
647.0310013689418	n/a	NonTarget	1	165640
647.1560013209088	n/a	NonTarget	1	165672
647.2810012728758	n/a	NonTarget	1	165704
647.4060012248427	n/a	NonTarget	1	165736
647.5310011768097	n/a	NonTarget	1	165768
647.6560011287766	n/a	NonTarget	1	165800
647.7810010807435	n/a	NonTarget	1	165832
647.9060010327105	n/a	NonTarget	1	165864
648.0310009846775	n/a	NonTarget	1	165896
648.1560009366444	n/a	NonTarget	1	165928
648.2810008886114	n/a	NonTarget	1	165960
648.4060008405784	n/a	NonTarget	1	165992
648.5310007925452	n/a	NonTarget	1	166024
648.6560007445122	n/a	NonTarget	1	166056
648.7810006964792	n/a	NonTarget	1	166088
648.9060006484461	n/a	NonTarget	1	166120
649.0310006004131	n/a	NonTarget	1	166152
649.1560005523801	n/a	NonTarget	1	166184
649.281000504347	n/a	NonTarget	1	166216
649.4060004563139	n/a	NonTarget	1	166248
655.5309981026946	n/a	NonTarget	1	167816
655.6559980546616	n/a	NonTarget	1	167848
655.7809980066286	n/a	NonTarget	1	167880
655.9059979585955	n/a	NonTarget	1	167912
656.0309979105625	n/a	NonTarget	1	167944
656.1559978625294	n/a	NonTarget	1	167976
656.2809978144963	n/a	NonTarget	1	168008
656.4059977664633	n/a	NonTarget	1	168040
656.5309977184303	n/a	NonTarget	1	168072
656.6559976703973	n/a	NonTarget	1	168104
656.7809976223642	n/a	NonTarget	1	168136
656.9059975743312	n/a	NonTarget	1	168168
657.030997526298	n/a	NonTarget	1	168200
657.155997478265	n/a	NonTarget	1	168232
657.280997430232	n/a	NonTarget	1	168264
657.405997382199	n/a	NonTarget	1	168296
657.5309973341659	n/a	NonTarget	1	168328
657.6559972861329	n/a	NonTarget	1	168360
657.7809972380999	n/a	NonTarget	1	168392
657.9059971900667	n/a	NonTarget	1	168424
658.0309971420337	n/a	NonTarget	1	168456
658.1559970940007	n/a	NonTarget	1	168488
658.2809970459676	n/a	NonTarget	1	168520
658.4059969979346	n/a	NonTarget	1	168552
658.5309969499016	n/a	NonTarget	1	168584
658.6559969018685	n/a	NonTarget	1	168616
658.7809968538354	n/a	NonTarget	1	168648
658.9059968058024	n/a	NonTarget	1	168680
659.0309967577693	n/a	NonTarget	1	168712
659.1559967097363	n/a	NonTarget	1	168744
659.2809966617033	n/a	NonTarget	1	168776
659.4059966136703	n/a	NonTarget	1	168808
659.5309965656371	n/a	NonTarget	1	168840
659.6559965176041	n/a	NonTarget	1	168872
659.780996469571	n/a	NonTarget	1	168904
659.905996421538	n/a	NonTarget	1	168936
660.030996373505	n/a	NonTarget	1	168968
660.155996325472	n/a	NonTarget	1	169000
660.2809962774389	n/a	NonTarget	1	169032
660.4059962294058	n/a	NonTarget	1	169064
660.5309961813728	n/a	NonTarget	1	169096
660.6559961333397	n/a	NonTarget	1	169128
660.7809960853067	n/a	NonTarget	1	169160
660.9059960372737	n/a	NonTarget	1	169192
661.0309959892406	n/a	NonTarget	1	169224
661.1559959412076	n/a	NonTarget	1	169256
661.2809958931745	n/a	NonTarget	1	169288
661.4059958451414	n/a	NonTarget	1	169320
661.5309957971084	n/a	NonTarget	1	169352
661.6559957490754	n/a	NonTarget	1	169384
661.7809957010423	n/a	NonTarget	1	169416
661.9059956530093	n/a	NonTarget	1	169448
662.0309956049763	n/a	NonTarget	1	169480
662.1559955569431	n/a	NonTarget	1	169512
662.2809955089101	n/a	NonTarget	1	169544
662.4059954608771	n/a	NonTarget	1	169576
662.530995412844	n/a	NonTarget	1	169608
662.655995364811	n/a	NonTarget	1	169640
662.780995316778	n/a	NonTarget	1	169672
662.905995268745	n/a	NonTarget	1	169704
663.0309952207118	n/a	NonTarget	1	169736
663.1559951726788	n/a	NonTarget	1	169768
663.2809951246458	n/a	NonTarget	1	169800
663.4059950766127	n/a	NonTarget	1	169832
663.5309950285797	n/a	NonTarget	1	169864
663.6559949805467	n/a	NonTarget	1	169896
663.7809949325135	n/a	NonTarget	1	169928
663.9059948844805	n/a	NonTarget	1	169960
664.0309948364475	n/a	NonTarget	1	169992
664.1559947884144	n/a	NonTarget	1	170024
664.2809947403814	n/a	NonTarget	1	170056
664.4059946923484	n/a	NonTarget	1	170088
664.5309946443153	n/a	NonTarget	1	170120
664.6559945962822	n/a	NonTarget	1	170152
664.7809945482492	n/a	NonTarget	1	170184
664.9059945002161	n/a	NonTarget	1	170216
665.0309944521831	n/a	NonTarget	1	170248
665.1559944041501	n/a	NonTarget	1	170280
665.280994356117	n/a	NonTarget	1	170312
665.405994308084	n/a	NonTarget	1	170344
665.5309942600509	n/a	NonTarget	1	170376
665.6559942120178	n/a	NonTarget	1	170408
665.7809941639848	n/a	NonTarget	1	170440
665.9059941159518	n/a	NonTarget	1	170472
666.0309940679188	n/a	NonTarget	1	170504
666.1559940198857	n/a	NonTarget	1	170536
666.2809939718527	n/a	NonTarget	1	170568
666.4059939238196	n/a	NonTarget	1	170600
666.5309938757865	n/a	NonTarget	1	170632
666.6559938277535	n/a	NonTarget	1	170664
666.7809937797205	n/a	NonTarget	1	170696
666.9059937316874	n/a	NonTarget	1	170728
667.0309936836544	n/a	NonTarget	1	170760
667.1559936356214	n/a	NonTarget	1	170792
667.2809935875882	n/a	NonTarget	1	170824
667.4059935395552	n/a	NonTarget	1	170856
667.5309934915222	n/a	NonTarget	1	170888
667.6559934434891	n/a	NonTarget	1	170920
667.7809933954561	n/a	NonTarget	1	170952
667.9059933474231	n/a	NonTarget	1	170984
668.0309932993899	n/a	NonTarget	1	171016
668.1559932513569	n/a	NonTarget	1	171048
668.2809932033239	n/a	NonTarget	1	171080
668.4059931552908	n/a	NonTarget	1	171112
668.5309931072578	n/a	NonTarget	1	171144
668.6559930592248	n/a	NonTarget	1	171176
668.7809930111918	n/a	NonTarget	1	171208
668.9059929631586	n/a	NonTarget	1	171240
669.0309929151256	n/a	NonTarget	1	171272
669.1559928670926	n/a	NonTarget	1	171304
669.2809928190595	n/a	NonTarget	1	171336
669.4059927710265	n/a	NonTarget	1	171368
669.5309927229935	n/a	NonTarget	1	171400
669.6559926749604	n/a	NonTarget	1	171432
669.7809926269273	n/a	NonTarget	1	171464
669.9059925788943	n/a	NonTarget	1	171496
670.0309925308612	n/a	NonTarget	1	171528
670.1559924828282	n/a	NonTarget	1	171560
670.2809924347952	n/a	NonTarget	1	171592
670.4059923867621	n/a	NonTarget	1	171624
676.5309900331428	n/a	NonTarget	1	173192
676.6559899851097	n/a	NonTarget	1	173224
676.7809899370767	n/a	NonTarget	1	173256
676.9059898890437	n/a	NonTarget	1	173288
677.0309898410106	n/a	NonTarget	1	173320
677.1559897929776	n/a	NonTarget	1	173352
677.2809897449446	n/a	NonTarget	1	173384
677.4059896969114	n/a	NonTarget	1	173416
677.5309896488784	n/a	NonTarget	1	173448
677.6559896008454	n/a	NonTarget	1	173480
677.7809895528123	n/a	NonTarget	1	173512
677.9059895047793	n/a	NonTarget	1	173544
678.0309894567463	n/a	NonTarget	1	173576
678.1559894087133	n/a	NonTarget	1	173608
678.2809893606801	n/a	NonTarget	1	173640
678.4059893126471	n/a	NonTarget	1	173672
678.530989264614	n/a	NonTarget	1	173704
678.655989216581	n/a	NonTarget	1	173736
678.780989168548	n/a	NonTarget	1	173768
678.905989120515	n/a	NonTarget	1	173800
679.0309890724819	n/a	NonTarget	1	173832
679.1559890244488	n/a	NonTarget	1	173864
679.2809889764158	n/a	NonTarget	1	173896
679.4059889283827	n/a	NonTarget	1	173928
679.5309888803497	n/a	NonTarget	1	173960
679.6559888323167	n/a	NonTarget	1	173992
679.7809887842836	n/a	NonTarget	1	174024
679.9059887362505	n/a	NonTarget	1	174056
680.0309886882175	n/a	NonTarget	1	174088
680.1559886401844	n/a	NonTarget	1	174120
680.2809885921514	n/a	NonTarget	1	174152
680.4059885441184	n/a	NonTarget	1	174184
680.5309884960853	n/a	NonTarget	1	174216
680.6559884480523	n/a	NonTarget	1	174248
680.7809884000192	n/a	NonTarget	1	174280
680.9059883519861	n/a	NonTarget	1	174312
681.0309883039531	n/a	NonTarget	1	174344
681.1559882559201	n/a	NonTarget	1	174376
681.280988207887	n/a	NonTarget	1	174408
681.405988159854	n/a	NonTarget	1	174440
681.530988111821	n/a	NonTarget	1	174472
681.6559880637878	n/a	NonTarget	1	174504
681.7809880157548	n/a	NonTarget	1	174536
681.9059879677218	n/a	NonTarget	1	174568
682.0309879196888	n/a	NonTarget	1	174600
682.1559878716557	n/a	NonTarget	1	174632
682.2809878236227	n/a	NonTarget	1	174664
682.4059877755897	n/a	NonTarget	1	174696
682.5309877275565	n/a	NonTarget	1	174728
682.6559876795235	n/a	NonTarget	1	174760
682.7809876314905	n/a	NonTarget	1	174792
682.9059875834574	n/a	NonTarget	1	174824
683.0309875354244	n/a	NonTarget	1	174856
683.1559874873914	n/a	NonTarget	1	174888
683.2809874393583	n/a	NonTarget	1	174920
683.4059873913252	n/a	NonTarget	1	174952
683.5309873432922	n/a	NonTarget	1	174984
683.6559872952591	n/a	NonTarget	1	175016
683.7809872472261	n/a	NonTarget	1	175048
683.9059871991931	n/a	NonTarget	1	175080
684.03098715116	n/a	NonTarget	1	175112
684.1559871031269	n/a	NonTarget	1	175144
684.2809870550939	n/a	NonTarget	1	175176
684.4059870070608	n/a	NonTarget	1	175208
684.5309869590278	n/a	NonTarget	1	175240
684.6559869109948	n/a	NonTarget	1	175272
684.7809868629618	n/a	NonTarget	1	175304
684.9059868149287	n/a	NonTarget	1	175336
685.0309867668956	n/a	NonTarget	1	175368
685.1559867188626	n/a	NonTarget	1	175400
685.2809866708295	n/a	NonTarget	1	175432
685.4059866227965	n/a	NonTarget	1	175464
685.5309865747635	n/a	NonTarget	1	175496
685.6559865267304	n/a	NonTarget	1	175528
685.7809864786974	n/a	NonTarget	1	175560
685.9059864306643	n/a	NonTarget	1	175592
686.0309863826312	n/a	NonTarget	1	175624
686.1559863345982	n/a	NonTarget	1	175656
686.2809862865652	n/a	NonTarget	1	175688
686.4059862385321	n/a	NonTarget	1	175720
686.5309861904991	n/a	NonTarget	1	175752
686.6559861424661	n/a	NonTarget	1	175784
686.7809860944329	n/a	NonTarget	1	175816
686.9059860463999	n/a	NonTarget	1	175848
687.0309859983669	n/a	NonTarget	1	175880
687.1559859503338	n/a	NonTarget	1	175912
687.2809859023008	n/a	NonTarget	1	175944
687.4059858542678	n/a	NonTarget	1	175976
687.5309858062348	n/a	NonTarget	1	176008
687.6559857582016	n/a	NonTarget	1	176040
687.7809857101686	n/a	NonTarget	1	176072
687.9059856621355	n/a	NonTarget	1	176104
688.0309856141025	n/a	NonTarget	1	176136
688.1559855660695	n/a	NonTarget	1	176168
688.2809855180365	n/a	NonTarget	1	176200
688.4059854700033	n/a	NonTarget	1	176232
688.5309854219703	n/a	NonTarget	1	176264
688.6559853739373	n/a	NonTarget	1	176296
688.7809853259042	n/a	NonTarget	1	176328
688.9059852778712	n/a	NonTarget	1	176360
689.0309852298382	n/a	NonTarget	1	176392
689.1559851818051	n/a	NonTarget	1	176424
689.280985133772	n/a	NonTarget	1	176456
689.405985085739	n/a	NonTarget	1	176488
689.5309850377059	n/a	NonTarget	1	176520
689.6559849896729	n/a	NonTarget	1	176552
689.7809849416399	n/a	NonTarget	1	176584
689.9059848936068	n/a	NonTarget	1	176616
690.0309848455738	n/a	NonTarget	1	176648
690.1559847975407	n/a	NonTarget	1	176680
690.2809847495076	n/a	NonTarget	1	176712
690.4059847014746	n/a	NonTarget	1	176744
690.5309846534416	n/a	NonTarget	1	176776
690.6559846054085	n/a	NonTarget	1	176808
690.7809845573755	n/a	NonTarget	1	176840
690.9059845093425	n/a	NonTarget	1	176872
691.0309844613093	n/a	NonTarget	1	176904
691.1559844132763	n/a	NonTarget	1	176936
691.2809843652433	n/a	NonTarget	1	176968
691.4059843172103	n/a	NonTarget	1	177000
697.530981963591	n/a	NonTarget	1	178568
697.655981915558	n/a	NonTarget	1	178600
697.7809818675248	n/a	NonTarget	1	178632
697.9059818194918	n/a	NonTarget	1	178664
698.0309817714588	n/a	NonTarget	1	178696
698.1559817234257	n/a	NonTarget	1	178728
698.2809816753927	n/a	NonTarget	1	178760
698.4059816273597	n/a	NonTarget	1	178792
698.5309815793266	n/a	NonTarget	1	178824
698.6559815312935	n/a	NonTarget	1	178856
698.7809814832605	n/a	NonTarget	1	178888
698.9059814352274	n/a	NonTarget	1	178920
699.0309813871944	n/a	NonTarget	1	178952
699.1559813391614	n/a	NonTarget	1	178984
699.2809812911283	n/a	NonTarget	1	179016
699.4059812430953	n/a	NonTarget	1	179048
699.5309811950622	n/a	NonTarget	1	179080
699.6559811470291	n/a	NonTarget	1	179112
699.7809810989961	n/a	NonTarget	1	179144
699.9059810509631	n/a	NonTarget	1	179176
700.03098100293	n/a	NonTarget	1	179208
700.155980954897	n/a	NonTarget	1	179240
700.280980906864	n/a	NonTarget	1	179272
700.4059808588308	n/a	NonTarget	1	179304
700.5309808107978	n/a	NonTarget	1	179336
700.6559807627648	n/a	NonTarget	1	179368
700.7809807147318	n/a	NonTarget	1	179400
700.9059806666987	n/a	NonTarget	1	179432
701.0309806186657	n/a	NonTarget	1	179464
701.1559805706326	n/a	NonTarget	1	179496
701.2809805225995	n/a	NonTarget	1	179528
701.4059804745665	n/a	NonTarget	1	179560
701.5309804265335	n/a	NonTarget	1	179592
701.6559803785004	n/a	NonTarget	1	179624
701.7809803304674	n/a	NonTarget	1	179656
701.9059802824344	n/a	NonTarget	1	179688
702.0309802344012	n/a	NonTarget	1	179720
702.1559801863682	n/a	NonTarget	1	179752
702.2809801383352	n/a	NonTarget	1	179784
702.4059800903021	n/a	NonTarget	1	179816
702.5309800422691	n/a	NonTarget	1	179848
702.6559799942361	n/a	NonTarget	1	179880
702.780979946203	n/a	NonTarget	1	179912
702.9059798981699	n/a	NonTarget	1	179944
703.0309798501369	n/a	NonTarget	1	179976
703.1559798021038	n/a	NonTarget	1	180008
703.2809797540708	n/a	NonTarget	1	180040
703.4059797060378	n/a	NonTarget	1	180072
703.5309796580048	n/a	NonTarget	1	180104
703.6559796099717	n/a	NonTarget	1	180136
703.7809795619386	n/a	NonTarget	1	180168
703.9059795139055	n/a	NonTarget	1	180200
704.0309794658725	n/a	NonTarget	1	180232
704.1559794178395	n/a	NonTarget	1	180264
704.2809793698065	n/a	NonTarget	1	180296
704.4059793217734	n/a	NonTarget	1	180328
704.5309792737403	n/a	NonTarget	1	180360
704.6559792257073	n/a	NonTarget	1	180392
704.7809791776742	n/a	NonTarget	1	180424
704.9059791296412	n/a	NonTarget	1	180456
705.0309790816082	n/a	NonTarget	1	180488
705.1559790335751	n/a	NonTarget	1	180520
705.2809789855421	n/a	NonTarget	1	180552
705.405978937509	n/a	NonTarget	1	180584
705.5309788894759	n/a	NonTarget	1	180616
705.6559788414429	n/a	NonTarget	1	180648
705.7809787934099	n/a	NonTarget	1	180680
705.9059787453768	n/a	NonTarget	1	180712
706.0309786973438	n/a	NonTarget	1	180744
706.1559786493108	n/a	NonTarget	1	180776
706.2809786012776	n/a	NonTarget	1	180808
706.4059785532446	n/a	NonTarget	1	180840
706.5309785052116	n/a	NonTarget	1	180872
706.6559784571785	n/a	NonTarget	1	180904
706.7809784091455	n/a	NonTarget	1	180936
706.9059783611125	n/a	NonTarget	1	180968
707.0309783130795	n/a	NonTarget	1	181000
707.1559782650463	n/a	NonTarget	1	181032
707.2809782170133	n/a	NonTarget	1	181064
707.4059781689803	n/a	NonTarget	1	181096
707.5309781209472	n/a	NonTarget	1	181128
707.6559780729142	n/a	NonTarget	1	181160
707.7809780248812	n/a	NonTarget	1	181192
707.9059779768481	n/a	NonTarget	1	181224
708.030977928815	n/a	NonTarget	1	181256
708.155977880782	n/a	NonTarget	1	181288
708.2809778327489	n/a	NonTarget	1	181320
708.4059777847159	n/a	NonTarget	1	181352
708.5309777366829	n/a	NonTarget	1	181384
708.6559776886498	n/a	NonTarget	1	181416
708.7809776406167	n/a	NonTarget	1	181448
708.9059775925837	n/a	NonTarget	1	181480
709.0309775445506	n/a	NonTarget	1	181512
709.1559774965176	n/a	NonTarget	1	181544
709.2809774484846	n/a	NonTarget	1	181576
709.4059774004515	n/a	NonTarget	1	181608
709.5309773524185	n/a	NonTarget	1	181640
709.6559773043854	n/a	NonTarget	1	181672
709.7809772563523	n/a	NonTarget	1	181704
709.9059772083193	n/a	NonTarget	1	181736
710.0309771602863	n/a	NonTarget	1	181768
710.1559771122533	n/a	NonTarget	1	181800
710.2809770642202	n/a	NonTarget	1	181832
710.4059770161872	n/a	NonTarget	1	181864
710.530976968154	n/a	NonTarget	1	181896
710.655976920121	n/a	NonTarget	1	181928
710.780976872088	n/a	NonTarget	1	181960
710.905976824055	n/a	NonTarget	1	181992
711.0309767760219	n/a	NonTarget	1	182024
711.1559767279889	n/a	NonTarget	1	182056
711.2809766799559	n/a	NonTarget	1	182088
711.4059766319227	n/a	NonTarget	1	182120
711.5309765838897	n/a	NonTarget	1	182152
711.6559765358567	n/a	NonTarget	1	182184
711.7809764878236	n/a	NonTarget	1	182216
711.9059764397906	n/a	NonTarget	1	182248
712.0309763917576	n/a	NonTarget	1	182280
712.1559763437245	n/a	NonTarget	1	182312
712.2809762956914	n/a	NonTarget	1	182344
712.4059762476584	n/a	NonTarget	1	182376
718.5309738940391	n/a	NonTarget	1	183944
718.6559738460061	n/a	NonTarget	1	183976
718.780973797973	n/a	NonTarget	1	184008
718.90597374994	n/a	NonTarget	1	184040
719.0309737019069	n/a	NonTarget	1	184072
719.1559736538738	n/a	NonTarget	1	184104
719.2809736058408	n/a	NonTarget	1	184136
719.4059735578078	n/a	NonTarget	1	184168
719.5309735097748	n/a	NonTarget	1	184200
719.6559734617417	n/a	NonTarget	1	184232
719.7809734137087	n/a	NonTarget	1	184264
719.9059733656755	n/a	NonTarget	1	184296
720.0309733176425	n/a	NonTarget	1	184328
720.1559732696095	n/a	NonTarget	1	184360
720.2809732215765	n/a	NonTarget	1	184392
720.4059731735434	n/a	NonTarget	1	184424
720.5309731255104	n/a	NonTarget	1	184456
720.6559730774774	n/a	NonTarget	1	184488
720.7809730294442	n/a	NonTarget	1	184520
720.9059729814112	n/a	NonTarget	1	184552
721.0309729333782	n/a	NonTarget	1	184584
721.1559728853451	n/a	NonTarget	1	184616
721.2809728373121	n/a	NonTarget	1	184648
721.4059727892791	n/a	NonTarget	1	184680
721.5309727412459	n/a	NonTarget	1	184712
721.6559726932129	n/a	NonTarget	1	184744
721.7809726451799	n/a	NonTarget	1	184776
721.9059725971468	n/a	NonTarget	1	184808
722.0309725491138	n/a	NonTarget	1	184840
722.1559725010808	n/a	NonTarget	1	184872
722.2809724530478	n/a	NonTarget	1	184904
722.4059724050146	n/a	NonTarget	1	184936
722.5309723569816	n/a	NonTarget	1	184968
722.6559723089485	n/a	NonTarget	1	185000
722.7809722609155	n/a	NonTarget	1	185032
722.9059722128825	n/a	NonTarget	1	185064
723.0309721648495	n/a	NonTarget	1	185096
723.1559721168164	n/a	NonTarget	1	185128
723.2809720687833	n/a	NonTarget	1	185160
723.4059720207503	n/a	NonTarget	1	185192
723.5309719727172	n/a	NonTarget	1	185224
723.6559719246842	n/a	NonTarget	1	185256
723.7809718766512	n/a	NonTarget	1	185288
723.9059718286181	n/a	NonTarget	1	185320
724.0309717805851	n/a	NonTarget	1	185352
724.155971732552	n/a	NonTarget	1	185384
724.2809716845189	n/a	NonTarget	1	185416
724.4059716364859	n/a	NonTarget	1	185448
724.5309715884529	n/a	NonTarget	1	185480
724.6559715404198	n/a	NonTarget	1	185512
724.7809714923868	n/a	NonTarget	1	185544
724.9059714443537	n/a	NonTarget	1	185576
725.0309713963206	n/a	NonTarget	1	185608
725.1559713482876	n/a	NonTarget	1	185640
725.2809713002546	n/a	NonTarget	1	185672
725.4059712522215	n/a	NonTarget	1	185704
725.5309712041885	n/a	NonTarget	1	185736
725.6559711561555	n/a	NonTarget	1	185768
725.7809711081223	n/a	NonTarget	1	185800
725.9059710600893	n/a	NonTarget	1	185832
726.0309710120563	n/a	NonTarget	1	185864
726.1559709640233	n/a	NonTarget	1	185896
726.2809709159902	n/a	NonTarget	1	185928
726.4059708679572	n/a	NonTarget	1	185960
726.5309708199242	n/a	NonTarget	1	185992
726.655970771891	n/a	NonTarget	1	186024
726.780970723858	n/a	NonTarget	1	186056
726.905970675825	n/a	NonTarget	1	186088
727.0309706277919	n/a	NonTarget	1	186120
727.1559705797589	n/a	NonTarget	1	186152
727.2809705317259	n/a	NonTarget	1	186184
727.4059704836928	n/a	NonTarget	1	186216
727.5309704356597	n/a	NonTarget	1	186248
727.6559703876267	n/a	NonTarget	1	186280
727.7809703395936	n/a	NonTarget	1	186312
727.9059702915606	n/a	NonTarget	1	186344
728.0309702435276	n/a	NonTarget	1	186376
728.1559701954945	n/a	NonTarget	1	186408
728.2809701474615	n/a	NonTarget	1	186440
728.4059700994284	n/a	NonTarget	1	186472
728.5309700513953	n/a	NonTarget	1	186504
728.6559700033623	n/a	NonTarget	1	186536
728.7809699553293	n/a	NonTarget	1	186568
728.9059699072963	n/a	NonTarget	1	186600
729.0309698592632	n/a	NonTarget	1	186632
729.1559698112301	n/a	NonTarget	1	186664
729.280969763197	n/a	NonTarget	1	186696
729.405969715164	n/a	NonTarget	1	186728
729.530969667131	n/a	NonTarget	1	186760
729.655969619098	n/a	NonTarget	1	186792
729.7809695710649	n/a	NonTarget	1	186824
729.9059695230319	n/a	NonTarget	1	186856
730.0309694749988	n/a	NonTarget	1	186888
730.1559694269657	n/a	NonTarget	1	186920
730.2809693789327	n/a	NonTarget	1	186952
730.4059693308997	n/a	NonTarget	1	186984
730.5309692828666	n/a	NonTarget	1	187016
730.6559692348336	n/a	NonTarget	1	187048
730.7809691868006	n/a	NonTarget	1	187080
730.9059691387674	n/a	NonTarget	1	187112
731.0309690907344	n/a	NonTarget	1	187144
731.1559690427014	n/a	NonTarget	1	187176
731.2809689946683	n/a	NonTarget	1	187208
731.4059689466353	n/a	NonTarget	1	187240
731.5309688986023	n/a	NonTarget	1	187272
731.6559688505693	n/a	NonTarget	1	187304
731.7809688025361	n/a	NonTarget	1	187336
731.9059687545031	n/a	NonTarget	1	187368
732.03096870647	n/a	NonTarget	1	187400
732.155968658437	n/a	NonTarget	1	187432
732.280968610404	n/a	NonTarget	1	187464
732.405968562371	n/a	NonTarget	1	187496
732.5309685143379	n/a	NonTarget	1	187528
732.6559684663048	n/a	NonTarget	1	187560
732.7809684182718	n/a	NonTarget	1	187592
732.9059683702387	n/a	NonTarget	1	187624
733.0309683222057	n/a	NonTarget	1	187656
733.1559682741727	n/a	NonTarget	1	187688
733.2809682261396	n/a	NonTarget	1	187720
733.4059681781065	n/a	NonTarget	1	187752
739.5309658244872	n/a	NonTarget	1	189320
739.6559657764542	n/a	NonTarget	1	189352
739.7809657284212	n/a	NonTarget	1	189384
739.9059656803881	n/a	NonTarget	1	189416
740.0309656323551	n/a	NonTarget	1	189448
740.1559655843221	n/a	NonTarget	1	189480
740.2809655362889	n/a	NonTarget	1	189512
740.4059654882559	n/a	NonTarget	1	189544
740.5309654402229	n/a	NonTarget	1	189576
740.6559653921898	n/a	NonTarget	1	189608
740.7809653441568	n/a	NonTarget	1	189640
740.9059652961238	n/a	NonTarget	1	189672
741.0309652480908	n/a	NonTarget	1	189704
741.1559652000576	n/a	NonTarget	1	189736
741.2809651520246	n/a	NonTarget	1	189768
741.4059651039915	n/a	NonTarget	1	189800
741.5309650559585	n/a	NonTarget	1	189832
741.6559650079255	n/a	NonTarget	1	189864
741.7809649598925	n/a	NonTarget	1	189896
741.9059649118593	n/a	NonTarget	1	189928
742.0309648638263	n/a	NonTarget	1	189960
742.1559648157933	n/a	NonTarget	1	189992
742.2809647677602	n/a	NonTarget	1	190024
742.4059647197272	n/a	NonTarget	1	190056
742.5309646716942	n/a	NonTarget	1	190088
742.6559646236611	n/a	NonTarget	1	190120
742.780964575628	n/a	NonTarget	1	190152
742.905964527595	n/a	NonTarget	1	190184
743.0309644795619	n/a	NonTarget	1	190216
743.1559644315289	n/a	NonTarget	1	190248
743.2809643834959	n/a	NonTarget	1	190280
743.4059643354628	n/a	NonTarget	1	190312
743.5309642874298	n/a	NonTarget	1	190344
743.6559642393967	n/a	NonTarget	1	190376
743.7809641913636	n/a	NonTarget	1	190408
743.9059641433306	n/a	NonTarget	1	190440
744.0309640952976	n/a	NonTarget	1	190472
744.1559640472645	n/a	NonTarget	1	190504
744.2809639992315	n/a	NonTarget	1	190536
744.4059639511985	n/a	NonTarget	1	190568
744.5309639031653	n/a	NonTarget	1	190600
744.6559638551323	n/a	NonTarget	1	190632
744.7809638070993	n/a	NonTarget	1	190664
744.9059637590663	n/a	NonTarget	1	190696
745.0309637110332	n/a	NonTarget	1	190728
745.1559636630002	n/a	NonTarget	1	190760
745.2809636149672	n/a	NonTarget	1	190792
745.405963566934	n/a	NonTarget	1	190824
745.530963518901	n/a	NonTarget	1	190856
745.655963470868	n/a	NonTarget	1	190888
745.7809634228349	n/a	NonTarget	1	190920
745.9059633748019	n/a	NonTarget	1	190952
746.0309633267689	n/a	NonTarget	1	190984
746.1559632787357	n/a	NonTarget	1	191016
746.2809632307027	n/a	NonTarget	1	191048
746.4059631826697	n/a	NonTarget	1	191080
746.5309631346366	n/a	NonTarget	1	191112
746.6559630866036	n/a	NonTarget	1	191144
746.7809630385706	n/a	NonTarget	1	191176
746.9059629905375	n/a	NonTarget	1	191208
747.0309629425044	n/a	NonTarget	1	191240
747.1559628944714	n/a	NonTarget	1	191272
747.2809628464383	n/a	NonTarget	1	191304
747.4059627984053	n/a	NonTarget	1	191336
747.5309627503723	n/a	NonTarget	1	191368
747.6559627023393	n/a	NonTarget	1	191400
747.7809626543062	n/a	NonTarget	1	191432
747.9059626062731	n/a	NonTarget	1	191464
748.03096255824	n/a	NonTarget	1	191496
748.155962510207	n/a	NonTarget	1	191528
748.280962462174	n/a	NonTarget	1	191560
748.405962414141	n/a	NonTarget	1	191592
748.5309623661079	n/a	NonTarget	1	191624
748.6559623180749	n/a	NonTarget	1	191656
748.7809622700418	n/a	NonTarget	1	191688
748.9059622220087	n/a	NonTarget	1	191720
749.0309621739757	n/a	NonTarget	1	191752
749.1559621259427	n/a	NonTarget	1	191784
749.2809620779096	n/a	NonTarget	1	191816
749.4059620298766	n/a	NonTarget	1	191848
749.5309619818435	n/a	NonTarget	1	191880
749.6559619338104	n/a	NonTarget	1	191912
749.7809618857774	n/a	NonTarget	1	191944
749.9059618377444	n/a	NonTarget	1	191976
750.0309617897113	n/a	NonTarget	1	192008
750.1559617416783	n/a	NonTarget	1	192040
750.2809616936453	n/a	NonTarget	1	192072
750.4059616456121	n/a	NonTarget	1	192104
750.5309615975791	n/a	NonTarget	1	192136
750.6559615495461	n/a	NonTarget	1	192168
750.780961501513	n/a	NonTarget	1	192200
750.90596145348	n/a	NonTarget	1	192232
751.030961405447	n/a	NonTarget	1	192264
751.155961357414	n/a	NonTarget	1	192296
751.2809613093808	n/a	NonTarget	1	192328
751.4059612613478	n/a	NonTarget	1	192360
751.5309612133148	n/a	NonTarget	1	192392
751.6559611652817	n/a	NonTarget	1	192424
751.7809611172487	n/a	NonTarget	1	192456
751.9059610692157	n/a	NonTarget	1	192488
752.0309610211826	n/a	NonTarget	1	192520
752.1559609731495	n/a	NonTarget	1	192552
752.2809609251165	n/a	NonTarget	1	192584
752.4059608770834	n/a	NonTarget	1	192616
752.5309608290504	n/a	NonTarget	1	192648
752.6559607810174	n/a	NonTarget	1	192680
752.7809607329843	n/a	NonTarget	1	192712
752.9059606849513	n/a	NonTarget	1	192744
753.0309606369182	n/a	NonTarget	1	192776
753.1559605888851	n/a	NonTarget	1	192808
753.2809605408521	n/a	NonTarget	1	192840
753.4059604928191	n/a	NonTarget	1	192872
753.530960444786	n/a	NonTarget	1	192904
753.655960396753	n/a	NonTarget	1	192936
753.7809603487199	n/a	NonTarget	1	192968
753.9059603006868	n/a	NonTarget	1	193000
754.0309602526538	n/a	NonTarget	1	193032
754.1559602046208	n/a	NonTarget	1	193064
754.2809601565878	n/a	NonTarget	1	193096
754.4059601085547	n/a	NonTarget	1	193128
760.5309577549355	n/a	NonTarget	1	194696
760.6559577069023	n/a	NonTarget	1	194728
760.7809576588693	n/a	NonTarget	1	194760
760.9059576108363	n/a	NonTarget	1	194792
761.0309575628032	n/a	NonTarget	1	194824
761.1559575147702	n/a	NonTarget	1	194856
761.2809574667372	n/a	NonTarget	1	194888
761.4059574187041	n/a	NonTarget	1	194920
761.530957370671	n/a	NonTarget	1	194952
761.655957322638	n/a	NonTarget	1	194984
761.7809572746049	n/a	NonTarget	1	195016
761.9059572265719	n/a	NonTarget	1	195048
762.0309571785389	n/a	NonTarget	1	195080
762.1559571305058	n/a	NonTarget	1	195112
762.2809570824727	n/a	NonTarget	1	195144
762.4059570344397	n/a	NonTarget	1	195176
762.5309569864066	n/a	NonTarget	1	195208
762.6559569383736	n/a	NonTarget	1	195240
762.7809568903406	n/a	NonTarget	1	195272
762.9059568423075	n/a	NonTarget	1	195304
763.0309567942745	n/a	NonTarget	1	195336
763.1559567462414	n/a	NonTarget	1	195368
763.2809566982083	n/a	NonTarget	1	195400
763.4059566501753	n/a	NonTarget	1	195432
763.5309566021423	n/a	NonTarget	1	195464
763.6559565541093	n/a	NonTarget	1	195496
763.7809565060762	n/a	NonTarget	1	195528
763.9059564580432	n/a	NonTarget	1	195560
764.03095641001	n/a	NonTarget	1	195592
764.155956361977	n/a	NonTarget	1	195624
764.280956313944	n/a	NonTarget	1	195656
764.405956265911	n/a	NonTarget	1	195688
764.5309562178779	n/a	NonTarget	1	195720
764.6559561698449	n/a	NonTarget	1	195752
764.7809561218119	n/a	NonTarget	1	195784
764.9059560737787	n/a	NonTarget	1	195816
765.0309560257457	n/a	NonTarget	1	195848
765.1559559777127	n/a	NonTarget	1	195880
765.2809559296796	n/a	NonTarget	1	195912
765.4059558816466	n/a	NonTarget	1	195944
765.5309558336136	n/a	NonTarget	1	195976
765.6559557855805	n/a	NonTarget	1	196008
765.7809557375474	n/a	NonTarget	1	196040
765.9059556895144	n/a	NonTarget	1	196072
766.0309556414813	n/a	NonTarget	1	196104
766.1559555934483	n/a	NonTarget	1	196136
766.2809555454153	n/a	NonTarget	1	196168
766.4059554973823	n/a	NonTarget	1	196200
766.5309554493491	n/a	NonTarget	1	196232
766.6559554013161	n/a	NonTarget	1	196264
766.780955353283	n/a	NonTarget	1	196296
766.90595530525	n/a	NonTarget	1	196328
767.030955257217	n/a	NonTarget	1	196360
767.155955209184	n/a	NonTarget	1	196392
767.2809551611509	n/a	NonTarget	1	196424
767.4059551131178	n/a	NonTarget	1	196456
767.5309550650848	n/a	NonTarget	1	196488
767.6559550170517	n/a	NonTarget	1	196520
767.7809549690187	n/a	NonTarget	1	196552
767.9059549209857	n/a	NonTarget	1	196584
768.0309548729526	n/a	NonTarget	1	196616
768.1559548249196	n/a	NonTarget	1	196648
768.2809547768865	n/a	NonTarget	1	196680
768.4059547288534	n/a	NonTarget	1	196712
768.5309546808204	n/a	NonTarget	1	196744
768.6559546327874	n/a	NonTarget	1	196776
768.7809545847543	n/a	NonTarget	1	196808
768.9059545367213	n/a	NonTarget	1	196840
769.0309544886883	n/a	NonTarget	1	196872
769.1559544406551	n/a	NonTarget	1	196904
769.2809543926221	n/a	NonTarget	1	196936
769.4059543445891	n/a	NonTarget	1	196968
769.530954296556	n/a	NonTarget	1	197000
769.655954248523	n/a	NonTarget	1	197032
769.78095420049	n/a	NonTarget	1	197064
769.905954152457	n/a	NonTarget	1	197096
770.0309541044238	n/a	NonTarget	1	197128
770.1559540563908	n/a	NonTarget	1	197160
770.2809540083578	n/a	NonTarget	1	197192
770.4059539603247	n/a	NonTarget	1	197224
770.5309539122917	n/a	NonTarget	1	197256
770.6559538642587	n/a	NonTarget	1	197288
770.7809538162255	n/a	NonTarget	1	197320
770.9059537681925	n/a	NonTarget	1	197352
771.0309537201595	n/a	NonTarget	1	197384
771.1559536721264	n/a	NonTarget	1	197416
771.2809536240934	n/a	NonTarget	1	197448
771.4059535760604	n/a	NonTarget	1	197480
771.5309535280273	n/a	NonTarget	1	197512
771.6559534799942	n/a	NonTarget	1	197544
771.7809534319612	n/a	NonTarget	1	197576
771.9059533839281	n/a	NonTarget	1	197608
772.0309533358951	n/a	NonTarget	1	197640
772.1559532878621	n/a	NonTarget	1	197672
772.280953239829	n/a	NonTarget	1	197704
772.405953191796	n/a	NonTarget	1	197736
772.5309531437629	n/a	NonTarget	1	197768
772.6559530957298	n/a	NonTarget	1	197800
772.7809530476968	n/a	NonTarget	1	197832
772.9059529996638	n/a	NonTarget	1	197864
773.0309529516308	n/a	NonTarget	1	197896
773.1559529035977	n/a	NonTarget	1	197928
773.2809528555647	n/a	NonTarget	1	197960
773.4059528075315	n/a	NonTarget	1	197992
773.5309527594985	n/a	NonTarget	1	198024
773.6559527114655	n/a	NonTarget	1	198056
773.7809526634325	n/a	NonTarget	1	198088
773.9059526153994	n/a	NonTarget	1	198120
774.0309525673664	n/a	NonTarget	1	198152
774.1559525193333	n/a	NonTarget	1	198184
774.2809524713002	n/a	NonTarget	1	198216
774.4059524232672	n/a	NonTarget	1	198248
774.5309523752342	n/a	NonTarget	1	198280
774.6559523272011	n/a	NonTarget	1	198312
774.7809522791681	n/a	NonTarget	1	198344
774.9059522311351	n/a	NonTarget	1	198376
775.0309521831019	n/a	NonTarget	1	198408
775.1559521350689	n/a	NonTarget	1	198440
775.2809520870359	n/a	NonTarget	1	198472
775.4059520390028	n/a	NonTarget	1	198504
781.5309496853836	n/a	NonTarget	1	200072
781.6559496373505	n/a	NonTarget	1	200104
781.7809495893175	n/a	NonTarget	1	200136
781.9059495412844	n/a	NonTarget	1	200168
782.0309494932513	n/a	NonTarget	1	200200
782.1559494452183	n/a	NonTarget	1	200232
782.2809493971853	n/a	NonTarget	1	200264
782.4059493491523	n/a	NonTarget	1	200296
782.5309493011192	n/a	NonTarget	1	200328
782.6559492530861	n/a	NonTarget	1	200360
782.780949205053	n/a	NonTarget	1	200392
782.90594915702	n/a	NonTarget	1	200424
783.030949108987	n/a	NonTarget	1	200456
783.155949060954	n/a	NonTarget	1	200488
783.2809490129209	n/a	NonTarget	1	200520
783.4059489648879	n/a	NonTarget	1	200552
783.5309489168548	n/a	NonTarget	1	200584
783.6559488688217	n/a	NonTarget	1	200616
783.7809488207887	n/a	NonTarget	1	200648
783.9059487727557	n/a	NonTarget	1	200680
784.0309487247226	n/a	NonTarget	1	200712
784.1559486766896	n/a	NonTarget	1	200744
784.2809486286566	n/a	NonTarget	1	200776
784.4059485806234	n/a	NonTarget	1	200808
784.5309485325904	n/a	NonTarget	1	200840
784.6559484845574	n/a	NonTarget	1	200872
784.7809484365243	n/a	NonTarget	1	200904
784.9059483884913	n/a	NonTarget	1	200936
785.0309483404583	n/a	NonTarget	1	200968
785.1559482924253	n/a	NonTarget	1	201000
785.2809482443921	n/a	NonTarget	1	201032
785.4059481963591	n/a	NonTarget	1	201064
785.530948148326	n/a	NonTarget	1	201096
785.655948100293	n/a	NonTarget	1	201128
785.78094805226	n/a	NonTarget	1	201160
785.905948004227	n/a	NonTarget	1	201192
786.0309479561939	n/a	NonTarget	1	201224
786.1559479081608	n/a	NonTarget	1	201256
786.2809478601278	n/a	NonTarget	1	201288
786.4059478120947	n/a	NonTarget	1	201320
786.5309477640617	n/a	NonTarget	1	201352
786.6559477160287	n/a	NonTarget	1	201384
786.7809476679956	n/a	NonTarget	1	201416
786.9059476199625	n/a	NonTarget	1	201448
787.0309475719295	n/a	NonTarget	1	201480
787.1559475238964	n/a	NonTarget	1	201512
787.2809474758634	n/a	NonTarget	1	201544
787.4059474278304	n/a	NonTarget	1	201576
787.5309473797973	n/a	NonTarget	1	201608
787.6559473317643	n/a	NonTarget	1	201640
787.7809472837312	n/a	NonTarget	1	201672
787.9059472356981	n/a	NonTarget	1	201704
788.0309471876651	n/a	NonTarget	1	201736
788.1559471396321	n/a	NonTarget	1	201768
788.280947091599	n/a	NonTarget	1	201800
788.405947043566	n/a	NonTarget	1	201832
788.530946995533	n/a	NonTarget	1	201864
788.6559469474998	n/a	NonTarget	1	201896
788.7809468994668	n/a	NonTarget	1	201928
788.9059468514338	n/a	NonTarget	1	201960
789.0309468034008	n/a	NonTarget	1	201992
789.1559467553677	n/a	NonTarget	1	202024
789.2809467073347	n/a	NonTarget	1	202056
789.4059466593017	n/a	NonTarget	1	202088
789.5309466112685	n/a	NonTarget	1	202120
789.6559465632355	n/a	NonTarget	1	202152
789.7809465152025	n/a	NonTarget	1	202184
789.9059464671694	n/a	NonTarget	1	202216
790.0309464191364	n/a	NonTarget	1	202248
790.1559463711034	n/a	NonTarget	1	202280
790.2809463230703	n/a	NonTarget	1	202312
790.4059462750372	n/a	NonTarget	1	202344
790.5309462270042	n/a	NonTarget	1	202376
790.6559461789711	n/a	NonTarget	1	202408
790.7809461309381	n/a	NonTarget	1	202440
790.9059460829051	n/a	NonTarget	1	202472
791.030946034872	n/a	NonTarget	1	202504
791.1559459868389	n/a	NonTarget	1	202536
791.2809459388059	n/a	NonTarget	1	202568
791.4059458907728	n/a	NonTarget	1	202600
791.5309458427398	n/a	NonTarget	1	202632
791.6559457947068	n/a	NonTarget	1	202664
791.7809457466738	n/a	NonTarget	1	202696
791.9059456986407	n/a	NonTarget	1	202728
792.0309456506076	n/a	NonTarget	1	202760
792.1559456025745	n/a	NonTarget	1	202792
792.2809455545415	n/a	NonTarget	1	202824
792.4059455065085	n/a	NonTarget	1	202856
792.5309454584755	n/a	NonTarget	1	202888
792.6559454104424	n/a	NonTarget	1	202920
792.7809453624094	n/a	NonTarget	1	202952
792.9059453143763	n/a	NonTarget	1	202984
793.0309452663432	n/a	NonTarget	1	203016
793.1559452183102	n/a	NonTarget	1	203048
793.2809451702772	n/a	NonTarget	1	203080
793.4059451222441	n/a	NonTarget	1	203112
793.5309450742111	n/a	NonTarget	1	203144
793.6559450261781	n/a	NonTarget	1	203176
793.7809449781449	n/a	NonTarget	1	203208
793.9059449301119	n/a	NonTarget	1	203240
794.0309448820789	n/a	NonTarget	1	203272
794.1559448340458	n/a	NonTarget	1	203304
794.2809447860128	n/a	NonTarget	1	203336
794.4059447379798	n/a	NonTarget	1	203368
794.5309446899466	n/a	NonTarget	1	203400
794.6559446419136	n/a	NonTarget	1	203432
794.7809445938806	n/a	NonTarget	1	203464
794.9059445458475	n/a	NonTarget	1	203496
795.0309444978145	n/a	NonTarget	1	203528
795.1559444497815	n/a	NonTarget	1	203560
795.2809444017485	n/a	NonTarget	1	203592
795.4059443537153	n/a	NonTarget	1	203624
795.5309443056823	n/a	NonTarget	1	203656
795.6559442576493	n/a	NonTarget	1	203688
795.7809442096162	n/a	NonTarget	1	203720
795.9059441615832	n/a	NonTarget	1	203752
796.0309441135502	n/a	NonTarget	1	203784
796.1559440655171	n/a	NonTarget	1	203816
796.280944017484	n/a	NonTarget	1	203848
796.405943969451	n/a	NonTarget	1	203880
802.5309416158317	n/a	NonTarget	1	205448
802.6559415677987	n/a	NonTarget	1	205480
802.7809415197656	n/a	NonTarget	1	205512
802.9059414717326	n/a	NonTarget	1	205544
803.0309414236995	n/a	NonTarget	1	205576
803.1559413756664	n/a	NonTarget	1	205608
803.2809413276334	n/a	NonTarget	1	205640
803.4059412796004	n/a	NonTarget	1	205672
803.5309412315673	n/a	NonTarget	1	205704
803.6559411835343	n/a	NonTarget	1	205736
803.7809411355013	n/a	NonTarget	1	205768
803.9059410874681	n/a	NonTarget	1	205800
804.0309410394351	n/a	NonTarget	1	205832
804.1559409914021	n/a	NonTarget	1	205864
804.280940943369	n/a	NonTarget	1	205896
804.405940895336	n/a	NonTarget	1	205928
804.530940847303	n/a	NonTarget	1	205960
804.65594079927	n/a	NonTarget	1	205992
804.7809407512368	n/a	NonTarget	1	206024
804.9059407032038	n/a	NonTarget	1	206056
805.0309406551708	n/a	NonTarget	1	206088
805.1559406071377	n/a	NonTarget	1	206120
805.2809405591047	n/a	NonTarget	1	206152
805.4059405110717	n/a	NonTarget	1	206184
805.5309404630386	n/a	NonTarget	1	206216
805.6559404150055	n/a	NonTarget	1	206248
805.7809403669725	n/a	NonTarget	1	206280
805.9059403189394	n/a	NonTarget	1	206312
806.0309402709064	n/a	NonTarget	1	206344
806.1559402228734	n/a	NonTarget	1	206376
806.2809401748403	n/a	NonTarget	1	206408
806.4059401268073	n/a	NonTarget	1	206440
806.5309400787742	n/a	NonTarget	1	206472
806.6559400307411	n/a	NonTarget	1	206504
806.7809399827081	n/a	NonTarget	1	206536
806.9059399346751	n/a	NonTarget	1	206568
807.030939886642	n/a	NonTarget	1	206600
807.155939838609	n/a	NonTarget	1	206632
807.2809397905759	n/a	NonTarget	1	206664
807.4059397425428	n/a	NonTarget	1	206696
807.5309396945098	n/a	NonTarget	1	206728
807.6559396464768	n/a	NonTarget	1	206760
807.7809395984438	n/a	NonTarget	1	206792
807.9059395504107	n/a	NonTarget	1	206824
808.0309395023777	n/a	NonTarget	1	206856
808.1559394543445	n/a	NonTarget	1	206888
808.2809394063115	n/a	NonTarget	1	206920
808.4059393582785	n/a	NonTarget	1	206952
808.5309393102455	n/a	NonTarget	1	206984
808.6559392622124	n/a	NonTarget	1	207016
808.7809392141794	n/a	NonTarget	1	207048
808.9059391661464	n/a	NonTarget	1	207080
809.0309391181132	n/a	NonTarget	1	207112
809.1559390700802	n/a	NonTarget	1	207144
809.2809390220472	n/a	NonTarget	1	207176
809.4059389740141	n/a	NonTarget	1	207208
809.5309389259811	n/a	NonTarget	1	207240
809.6559388779481	n/a	NonTarget	1	207272
809.780938829915	n/a	NonTarget	1	207304
809.9059387818819	n/a	NonTarget	1	207336
810.0309387338489	n/a	NonTarget	1	207368
810.1559386858158	n/a	NonTarget	1	207400
810.2809386377828	n/a	NonTarget	1	207432
810.4059385897498	n/a	NonTarget	1	207464
810.5309385417168	n/a	NonTarget	1	207496
810.6559384936837	n/a	NonTarget	1	207528
810.7809384456506	n/a	NonTarget	1	207560
810.9059383976175	n/a	NonTarget	1	207592
811.0309383495845	n/a	NonTarget	1	207624
811.1559383015515	n/a	NonTarget	1	207656
811.2809382535185	n/a	NonTarget	1	207688
811.4059382054854	n/a	NonTarget	1	207720
811.5309381574523	n/a	NonTarget	1	207752
811.6559381094193	n/a	NonTarget	1	207784
811.7809380613862	n/a	NonTarget	1	207816
811.9059380133532	n/a	NonTarget	1	207848
812.0309379653202	n/a	NonTarget	1	207880
812.1559379172871	n/a	NonTarget	1	207912
812.2809378692541	n/a	NonTarget	1	207944
812.405937821221	n/a	NonTarget	1	207976
812.5309377731879	n/a	NonTarget	1	208008
812.6559377251549	n/a	NonTarget	1	208040
812.7809376771219	n/a	NonTarget	1	208072
812.9059376290888	n/a	NonTarget	1	208104
813.0309375810558	n/a	NonTarget	1	208136
813.1559375330228	n/a	NonTarget	1	208168
813.2809374849896	n/a	NonTarget	1	208200
813.4059374369566	n/a	NonTarget	1	208232
813.5309373889236	n/a	NonTarget	1	208264
813.6559373408905	n/a	NonTarget	1	208296
813.7809372928575	n/a	NonTarget	1	208328
813.9059372448245	n/a	NonTarget	1	208360
814.0309371967915	n/a	NonTarget	1	208392
814.1559371487583	n/a	NonTarget	1	208424
814.2809371007253	n/a	NonTarget	1	208456
814.4059370526923	n/a	NonTarget	1	208488
814.5309370046592	n/a	NonTarget	1	208520
814.6559369566262	n/a	NonTarget	1	208552
814.7809369085932	n/a	NonTarget	1	208584
814.9059368605601	n/a	NonTarget	1	208616
815.030936812527	n/a	NonTarget	1	208648
815.155936764494	n/a	NonTarget	1	208680
815.2809367164609	n/a	NonTarget	1	208712
815.4059366684279	n/a	NonTarget	1	208744
815.5309366203949	n/a	NonTarget	1	208776
815.6559365723618	n/a	NonTarget	1	208808
815.7809365243287	n/a	NonTarget	1	208840
815.9059364762957	n/a	NonTarget	1	208872
816.0309364282626	n/a	NonTarget	1	208904
816.1559363802296	n/a	NonTarget	1	208936
816.2809363321966	n/a	NonTarget	1	208968
816.4059362841635	n/a	NonTarget	1	209000
816.5309362361305	n/a	NonTarget	1	209032
816.6559361880974	n/a	NonTarget	1	209064
816.7809361400643	n/a	NonTarget	1	209096
816.9059360920313	n/a	NonTarget	1	209128
817.0309360439983	n/a	NonTarget	1	209160
817.1559359959653	n/a	NonTarget	1	209192
817.2809359479322	n/a	NonTarget	1	209224
817.4059358998992	n/a	NonTarget	1	209256
823.5309335462798	n/a	NonTarget	1	210824
823.6559334982468	n/a	NonTarget	1	210856
823.7809334502138	n/a	NonTarget	1	210888
823.9059334021807	n/a	NonTarget	1	210920
824.0309333541477	n/a	NonTarget	1	210952
824.1559333061147	n/a	NonTarget	1	210984
824.2809332580815	n/a	NonTarget	1	211016
824.4059332100485	n/a	NonTarget	1	211048
824.5309331620155	n/a	NonTarget	1	211080
824.6559331139824	n/a	NonTarget	1	211112
824.7809330659494	n/a	NonTarget	1	211144
824.9059330179164	n/a	NonTarget	1	211176
825.0309329698833	n/a	NonTarget	1	211208
825.1559329218502	n/a	NonTarget	1	211240
825.2809328738172	n/a	NonTarget	1	211272
825.4059328257841	n/a	NonTarget	1	211304
825.5309327777511	n/a	NonTarget	1	211336
825.6559327297181	n/a	NonTarget	1	211368
825.780932681685	n/a	NonTarget	1	211400
825.905932633652	n/a	NonTarget	1	211432
826.0309325856189	n/a	NonTarget	1	211464
826.1559325375858	n/a	NonTarget	1	211496
826.2809324895528	n/a	NonTarget	1	211528
826.4059324415198	n/a	NonTarget	1	211560
826.5309323934868	n/a	NonTarget	1	211592
826.6559323454537	n/a	NonTarget	1	211624
826.7809322974207	n/a	NonTarget	1	211656
826.9059322493875	n/a	NonTarget	1	211688
827.0309322013545	n/a	NonTarget	1	211720
827.1559321533215	n/a	NonTarget	1	211752
827.2809321052885	n/a	NonTarget	1	211784
827.4059320572554	n/a	NonTarget	1	211816
827.5309320092224	n/a	NonTarget	1	211848
827.6559319611893	n/a	NonTarget	1	211880
827.7809319131562	n/a	NonTarget	1	211912
827.9059318651232	n/a	NonTarget	1	211944
828.0309318170902	n/a	NonTarget	1	211976
828.1559317690571	n/a	NonTarget	1	212008
828.2809317210241	n/a	NonTarget	1	212040
828.4059316729911	n/a	NonTarget	1	212072
828.5309316249579	n/a	NonTarget	1	212104
828.6559315769249	n/a	NonTarget	1	212136
828.7809315288919	n/a	NonTarget	1	212168
828.9059314808588	n/a	NonTarget	1	212200
829.0309314328258	n/a	NonTarget	1	212232
829.1559313847928	n/a	NonTarget	1	212264
829.2809313367597	n/a	NonTarget	1	212296
829.4059312887266	n/a	NonTarget	1	212328
829.5309312406936	n/a	NonTarget	1	212360
829.6559311926605	n/a	NonTarget	1	212392
829.7809311446275	n/a	NonTarget	1	212424
829.9059310965945	n/a	NonTarget	1	212456
830.0309310485615	n/a	NonTarget	1	212488
830.1559310005284	n/a	NonTarget	1	212520
830.2809309524953	n/a	NonTarget	1	212552
830.4059309044623	n/a	NonTarget	1	212584
830.5309308564292	n/a	NonTarget	1	212616
830.6559308083962	n/a	NonTarget	1	212648
830.7809307603632	n/a	NonTarget	1	212680
830.9059307123301	n/a	NonTarget	1	212712
831.0309306642971	n/a	NonTarget	1	212744
831.155930616264	n/a	NonTarget	1	212776
831.2809305682309	n/a	NonTarget	1	212808
831.4059305201979	n/a	NonTarget	1	212840
831.5309304721649	n/a	NonTarget	1	212872
831.6559304241318	n/a	NonTarget	1	212904
831.7809303760988	n/a	NonTarget	1	212936
831.9059303280657	n/a	NonTarget	1	212968
832.0309302800326	n/a	NonTarget	1	213000
832.1559302319996	n/a	NonTarget	1	213032
832.2809301839666	n/a	NonTarget	1	213064
832.4059301359335	n/a	NonTarget	1	213096
832.5309300879005	n/a	NonTarget	1	213128
832.6559300398675	n/a	NonTarget	1	213160
832.7809299918343	n/a	NonTarget	1	213192
832.9059299438013	n/a	NonTarget	1	213224
833.0309298957683	n/a	NonTarget	1	213256
833.1559298477353	n/a	NonTarget	1	213288
833.2809297997022	n/a	NonTarget	1	213320
833.4059297516692	n/a	NonTarget	1	213352
833.5309297036362	n/a	NonTarget	1	213384
833.655929655603	n/a	NonTarget	1	213416
833.78092960757	n/a	NonTarget	1	213448
833.905929559537	n/a	NonTarget	1	213480
834.0309295115039	n/a	NonTarget	1	213512
834.1559294634709	n/a	NonTarget	1	213544
834.2809294154379	n/a	NonTarget	1	213576
834.4059293674048	n/a	NonTarget	1	213608
834.5309293193717	n/a	NonTarget	1	213640
834.6559292713387	n/a	NonTarget	1	213672
834.7809292233056	n/a	NonTarget	1	213704
834.9059291752726	n/a	NonTarget	1	213736
835.0309291272396	n/a	NonTarget	1	213768
835.1559290792065	n/a	NonTarget	1	213800
835.2809290311735	n/a	NonTarget	1	213832
835.4059289831404	n/a	NonTarget	1	213864
835.5309289351073	n/a	NonTarget	1	213896
835.6559288870743	n/a	NonTarget	1	213928
835.7809288390413	n/a	NonTarget	1	213960
835.9059287910083	n/a	NonTarget	1	213992
836.0309287429752	n/a	NonTarget	1	214024
836.1559286949421	n/a	NonTarget	1	214056
836.280928646909	n/a	NonTarget	1	214088
836.405928598876	n/a	NonTarget	1	214120
836.530928550843	n/a	NonTarget	1	214152
836.65592850281	n/a	NonTarget	1	214184
836.7809284547769	n/a	NonTarget	1	214216
836.9059284067439	n/a	NonTarget	1	214248
837.0309283587108	n/a	NonTarget	1	214280
837.1559283106777	n/a	NonTarget	1	214312
837.2809282626447	n/a	NonTarget	1	214344
837.4059282146117	n/a	NonTarget	1	214376
837.5309281665786	n/a	NonTarget	1	214408
837.6559281185456	n/a	NonTarget	1	214440
837.7809280705126	n/a	NonTarget	1	214472
837.9059280224794	n/a	NonTarget	1	214504
838.0309279744464	n/a	NonTarget	1	214536
838.1559279264134	n/a	NonTarget	1	214568
838.2809278783803	n/a	NonTarget	1	214600
838.4059278303473	n/a	NonTarget	1	214632
844.530925476728	n/a	NonTarget	1	216200
844.6559254286949	n/a	NonTarget	1	216232
844.7809253806619	n/a	NonTarget	1	216264
844.9059253326288	n/a	NonTarget	1	216296
845.0309252845958	n/a	NonTarget	1	216328
845.1559252365628	n/a	NonTarget	1	216360
845.2809251885297	n/a	NonTarget	1	216392
845.4059251404967	n/a	NonTarget	1	216424
845.5309250924636	n/a	NonTarget	1	216456
845.6559250444305	n/a	NonTarget	1	216488
845.7809249963975	n/a	NonTarget	1	216520
845.9059249483645	n/a	NonTarget	1	216552
846.0309249003315	n/a	NonTarget	1	216584
846.1559248522984	n/a	NonTarget	1	216616
846.2809248042654	n/a	NonTarget	1	216648
846.4059247562323	n/a	NonTarget	1	216680
846.5309247081992	n/a	NonTarget	1	216712
846.6559246601662	n/a	NonTarget	1	216744
846.7809246121332	n/a	NonTarget	1	216776
846.9059245641001	n/a	NonTarget	1	216808
847.0309245160671	n/a	NonTarget	1	216840
847.1559244680341	n/a	NonTarget	1	216872
847.2809244200009	n/a	NonTarget	1	216904
847.4059243719679	n/a	NonTarget	1	216936
847.5309243239349	n/a	NonTarget	1	216968
847.6559242759018	n/a	NonTarget	1	217000
847.7809242278688	n/a	NonTarget	1	217032
847.9059241798358	n/a	NonTarget	1	217064
848.0309241318026	n/a	NonTarget	1	217096
848.1559240837696	n/a	NonTarget	1	217128
848.2809240357366	n/a	NonTarget	1	217160
848.4059239877035	n/a	NonTarget	1	217192
848.5309239396705	n/a	NonTarget	1	217224
848.6559238916375	n/a	NonTarget	1	217256
848.7809238436045	n/a	NonTarget	1	217288
848.9059237955713	n/a	NonTarget	1	217320
849.0309237475383	n/a	NonTarget	1	217352
849.1559236995053	n/a	NonTarget	1	217384
849.2809236514722	n/a	NonTarget	1	217416
849.4059236034392	n/a	NonTarget	1	217448
849.5309235554062	n/a	NonTarget	1	217480
849.6559235073731	n/a	NonTarget	1	217512
849.78092345934	n/a	NonTarget	1	217544
849.905923411307	n/a	NonTarget	1	217576
850.0309233632739	n/a	NonTarget	1	217608
850.1559233152409	n/a	NonTarget	1	217640
850.2809232672079	n/a	NonTarget	1	217672
850.4059232191748	n/a	NonTarget	1	217704
850.5309231711418	n/a	NonTarget	1	217736
850.6559231231087	n/a	NonTarget	1	217768
850.7809230750756	n/a	NonTarget	1	217800
850.9059230270426	n/a	NonTarget	1	217832
851.0309229790096	n/a	NonTarget	1	217864
851.1559229309765	n/a	NonTarget	1	217896
851.2809228829435	n/a	NonTarget	1	217928
851.4059228349105	n/a	NonTarget	1	217960
851.5309227868773	n/a	NonTarget	1	217992
851.6559227388443	n/a	NonTarget	1	218024
851.7809226908113	n/a	NonTarget	1	218056
851.9059226427783	n/a	NonTarget	1	218088
852.0309225947452	n/a	NonTarget	1	218120
852.1559225467122	n/a	NonTarget	1	218152
852.280922498679	n/a	NonTarget	1	218184
852.405922450646	n/a	NonTarget	1	218216
852.530922402613	n/a	NonTarget	1	218248
852.65592235458	n/a	NonTarget	1	218280
852.7809223065469	n/a	NonTarget	1	218312
852.9059222585139	n/a	NonTarget	1	218344
853.0309222104809	n/a	NonTarget	1	218376
853.1559221624477	n/a	NonTarget	1	218408
853.2809221144147	n/a	NonTarget	1	218440
853.4059220663817	n/a	NonTarget	1	218472
853.5309220183486	n/a	NonTarget	1	218504
853.6559219703156	n/a	NonTarget	1	218536
853.7809219222826	n/a	NonTarget	1	218568
853.9059218742495	n/a	NonTarget	1	218600
854.0309218262164	n/a	NonTarget	1	218632
854.1559217781834	n/a	NonTarget	1	218664
854.2809217301503	n/a	NonTarget	1	218696
854.4059216821173	n/a	NonTarget	1	218728
854.5309216340843	n/a	NonTarget	1	218760
854.6559215860512	n/a	NonTarget	1	218792
854.7809215380182	n/a	NonTarget	1	218824
854.9059214899851	n/a	NonTarget	1	218856
855.030921441952	n/a	NonTarget	1	218888
855.155921393919	n/a	NonTarget	1	218920
855.280921345886	n/a	NonTarget	1	218952
855.405921297853	n/a	NonTarget	1	218984
855.5309212498199	n/a	NonTarget	1	219016
855.6559212017869	n/a	NonTarget	1	219048
855.7809211537538	n/a	NonTarget	1	219080
855.9059211057207	n/a	NonTarget	1	219112
856.0309210576877	n/a	NonTarget	1	219144
856.1559210096547	n/a	NonTarget	1	219176
856.2809209616216	n/a	NonTarget	1	219208
856.4059209135886	n/a	NonTarget	1	219240
856.5309208655555	n/a	NonTarget	1	219272
856.6559208175224	n/a	NonTarget	1	219304
856.7809207694894	n/a	NonTarget	1	219336
856.9059207214564	n/a	NonTarget	1	219368
857.0309206734233	n/a	NonTarget	1	219400
857.1559206253903	n/a	NonTarget	1	219432
857.2809205773573	n/a	NonTarget	1	219464
857.4059205293241	n/a	NonTarget	1	219496
857.5309204812911	n/a	NonTarget	1	219528
857.6559204332581	n/a	NonTarget	1	219560
857.780920385225	n/a	NonTarget	1	219592
857.905920337192	n/a	NonTarget	1	219624
858.030920289159	n/a	NonTarget	1	219656
858.155920241126	n/a	NonTarget	1	219688
858.2809201930928	n/a	NonTarget	1	219720
858.4059201450598	n/a	NonTarget	1	219752
858.5309200970268	n/a	NonTarget	1	219784
858.6559200489937	n/a	NonTarget	1	219816
858.7809200009607	n/a	NonTarget	1	219848
858.9059199529277	n/a	NonTarget	1	219880
859.0309199048946	n/a	NonTarget	1	219912
859.1559198568615	n/a	NonTarget	1	219944
859.2809198088285	n/a	NonTarget	1	219976
859.4059197607954	n/a	NonTarget	1	220008
865.5309174071762	n/a	NonTarget	1	221576
865.6559173591431	n/a	NonTarget	1	221608
865.7809173111101	n/a	NonTarget	1	221640
865.905917263077	n/a	NonTarget	1	221672
866.0309172150439	n/a	NonTarget	1	221704
866.1559171670109	n/a	NonTarget	1	221736
866.2809171189779	n/a	NonTarget	1	221768
866.4059170709448	n/a	NonTarget	1	221800
866.5309170229118	n/a	NonTarget	1	221832
866.6559169748788	n/a	NonTarget	1	221864
866.7809169268456	n/a	NonTarget	1	221896
866.9059168788126	n/a	NonTarget	1	221928
867.0309168307796	n/a	NonTarget	1	221960
867.1559167827465	n/a	NonTarget	1	221992
867.2809167347135	n/a	NonTarget	1	222024
867.4059166866805	n/a	NonTarget	1	222056
867.5309166386475	n/a	NonTarget	1	222088
867.6559165906143	n/a	NonTarget	1	222120
867.7809165425813	n/a	NonTarget	1	222152
867.9059164945483	n/a	NonTarget	1	222184
868.0309164465152	n/a	NonTarget	1	222216
868.1559163984822	n/a	NonTarget	1	222248
868.2809163504492	n/a	NonTarget	1	222280
868.405916302416	n/a	NonTarget	1	222312
868.530916254383	n/a	NonTarget	1	222344
868.65591620635	n/a	NonTarget	1	222376
868.7809161583169	n/a	NonTarget	1	222408
868.9059161102839	n/a	NonTarget	1	222440
869.0309160622509	n/a	NonTarget	1	222472
869.1559160142178	n/a	NonTarget	1	222504
869.2809159661847	n/a	NonTarget	1	222536
869.4059159181517	n/a	NonTarget	1	222568
869.5309158701186	n/a	NonTarget	1	222600
869.6559158220856	n/a	NonTarget	1	222632
869.7809157740526	n/a	NonTarget	1	222664
869.9059157260195	n/a	NonTarget	1	222696
870.0309156779865	n/a	NonTarget	1	222728
870.1559156299534	n/a	NonTarget	1	222760
870.2809155819203	n/a	NonTarget	1	222792
870.4059155338873	n/a	NonTarget	1	222824
870.5309154858543	n/a	NonTarget	1	222856
870.6559154378212	n/a	NonTarget	1	222888
870.7809153897882	n/a	NonTarget	1	222920
870.9059153417552	n/a	NonTarget	1	222952
871.030915293722	n/a	NonTarget	1	222984
871.155915245689	n/a	NonTarget	1	223016
871.280915197656	n/a	NonTarget	1	223048
871.405915149623	n/a	NonTarget	1	223080
871.5309151015899	n/a	NonTarget	1	223112
871.6559150535569	n/a	NonTarget	1	223144
871.7809150055239	n/a	NonTarget	1	223176
871.9059149574907	n/a	NonTarget	1	223208
872.0309149094577	n/a	NonTarget	1	223240
872.1559148614247	n/a	NonTarget	1	223272
872.2809148133916	n/a	NonTarget	1	223304
872.4059147653586	n/a	NonTarget	1	223336
872.5309147173256	n/a	NonTarget	1	223368
872.6559146692924	n/a	NonTarget	1	223400
872.7809146212594	n/a	NonTarget	1	223432
872.9059145732264	n/a	NonTarget	1	223464
873.0309145251933	n/a	NonTarget	1	223496
873.1559144771603	n/a	NonTarget	1	223528
873.2809144291273	n/a	NonTarget	1	223560
873.4059143810942	n/a	NonTarget	1	223592
873.5309143330611	n/a	NonTarget	1	223624
873.6559142850281	n/a	NonTarget	1	223656
873.780914236995	n/a	NonTarget	1	223688
873.905914188962	n/a	NonTarget	1	223720
874.030914140929	n/a	NonTarget	1	223752
874.155914092896	n/a	NonTarget	1	223784
874.2809140448629	n/a	NonTarget	1	223816
874.4059139968298	n/a	NonTarget	1	223848
874.5309139487968	n/a	NonTarget	1	223880
874.6559139007637	n/a	NonTarget	1	223912
874.7809138527307	n/a	NonTarget	1	223944
874.9059138046977	n/a	NonTarget	1	223976
875.0309137566646	n/a	NonTarget	1	224008
875.1559137086316	n/a	NonTarget	1	224040
875.2809136605985	n/a	NonTarget	1	224072
875.4059136125654	n/a	NonTarget	1	224104
875.5309135645324	n/a	NonTarget	1	224136
875.6559135164994	n/a	NonTarget	1	224168
875.7809134684663	n/a	NonTarget	1	224200
875.9059134204333	n/a	NonTarget	1	224232
876.0309133724003	n/a	NonTarget	1	224264
876.1559133243671	n/a	NonTarget	1	224296
876.2809132763341	n/a	NonTarget	1	224328
876.4059132283011	n/a	NonTarget	1	224360
876.530913180268	n/a	NonTarget	1	224392
876.655913132235	n/a	NonTarget	1	224424
876.780913084202	n/a	NonTarget	1	224456
876.9059130361688	n/a	NonTarget	1	224488
877.0309129881358	n/a	NonTarget	1	224520
877.1559129401028	n/a	NonTarget	1	224552
877.2809128920698	n/a	NonTarget	1	224584
877.4059128440367	n/a	NonTarget	1	224616
877.5309127960037	n/a	NonTarget	1	224648
877.6559127479707	n/a	NonTarget	1	224680
877.7809126999375	n/a	NonTarget	1	224712
877.9059126519045	n/a	NonTarget	1	224744
878.0309126038715	n/a	NonTarget	1	224776
878.1559125558384	n/a	NonTarget	1	224808
878.2809125078054	n/a	NonTarget	1	224840
878.4059124597724	n/a	NonTarget	1	224872
878.5309124117393	n/a	NonTarget	1	224904
878.6559123637062	n/a	NonTarget	1	224936
878.7809123156732	n/a	NonTarget	1	224968
878.9059122676401	n/a	NonTarget	1	225000
879.0309122196071	n/a	NonTarget	1	225032
879.1559121715741	n/a	NonTarget	1	225064
879.280912123541	n/a	NonTarget	1	225096
879.405912075508	n/a	NonTarget	1	225128
879.5309120274749	n/a	NonTarget	1	225160
879.6559119794418	n/a	NonTarget	1	225192
879.7809119314088	n/a	NonTarget	1	225224
879.9059118833758	n/a	NonTarget	1	225256
880.0309118353427	n/a	NonTarget	1	225288
880.1559117873097	n/a	NonTarget	1	225320
880.2809117392767	n/a	NonTarget	1	225352
880.4059116912435	n/a	NonTarget	1	225384
886.5309093376243	n/a	NonTarget	1	226952
886.6559092895912	n/a	NonTarget	1	226984
886.7809092415582	n/a	NonTarget	1	227016
886.9059091935252	n/a	NonTarget	1	227048
887.0309091454922	n/a	NonTarget	1	227080
887.155909097459	n/a	NonTarget	1	227112
887.280909049426	n/a	NonTarget	1	227144
887.405909001393	n/a	NonTarget	1	227176
887.5309089533599	n/a	NonTarget	1	227208
887.6559089053269	n/a	NonTarget	1	227240
887.7809088572939	n/a	NonTarget	1	227272
887.9059088092608	n/a	NonTarget	1	227304
888.0309087612277	n/a	NonTarget	1	227336
888.1559087131947	n/a	NonTarget	1	227368
888.2809086651616	n/a	NonTarget	1	227400
888.4059086171286	n/a	NonTarget	1	227432
888.5309085690956	n/a	NonTarget	1	227464
888.6559085210625	n/a	NonTarget	1	227496
888.7809084730294	n/a	NonTarget	1	227528
888.9059084249964	n/a	NonTarget	1	227560
889.0309083769633	n/a	NonTarget	1	227592
889.1559083289303	n/a	NonTarget	1	227624
889.2809082808973	n/a	NonTarget	1	227656
889.4059082328642	n/a	NonTarget	1	227688
889.5309081848312	n/a	NonTarget	1	227720
889.6559081367981	n/a	NonTarget	1	227752
889.780908088765	n/a	NonTarget	1	227784
889.905908040732	n/a	NonTarget	1	227816
890.030907992699	n/a	NonTarget	1	227848
890.155907944666	n/a	NonTarget	1	227880
890.2809078966329	n/a	NonTarget	1	227912
890.4059078485999	n/a	NonTarget	1	227944
890.5309078005668	n/a	NonTarget	1	227976
890.6559077525337	n/a	NonTarget	1	228008
890.7809077045007	n/a	NonTarget	1	228040
890.9059076564677	n/a	NonTarget	1	228072
891.0309076084346	n/a	NonTarget	1	228104
891.1559075604016	n/a	NonTarget	1	228136
891.2809075123686	n/a	NonTarget	1	228168
891.4059074643354	n/a	NonTarget	1	228200
891.5309074163024	n/a	NonTarget	1	228232
891.6559073682694	n/a	NonTarget	1	228264
891.7809073202363	n/a	NonTarget	1	228296
891.9059072722033	n/a	NonTarget	1	228328
892.0309072241703	n/a	NonTarget	1	228360
892.1559071761372	n/a	NonTarget	1	228392
892.2809071281041	n/a	NonTarget	1	228424
892.4059070800711	n/a	NonTarget	1	228456
892.530907032038	n/a	NonTarget	1	228488
892.655906984005	n/a	NonTarget	1	228520
892.780906935972	n/a	NonTarget	1	228552
892.905906887939	n/a	NonTarget	1	228584
893.0309068399058	n/a	NonTarget	1	228616
893.1559067918728	n/a	NonTarget	1	228648
893.2809067438398	n/a	NonTarget	1	228680
893.4059066958067	n/a	NonTarget	1	228712
893.5309066477737	n/a	NonTarget	1	228744
893.6559065997407	n/a	NonTarget	1	228776
893.7809065517076	n/a	NonTarget	1	228808
893.9059065036745	n/a	NonTarget	1	228840
894.0309064556415	n/a	NonTarget	1	228872
894.1559064076084	n/a	NonTarget	1	228904
894.2809063595754	n/a	NonTarget	1	228936
894.4059063115424	n/a	NonTarget	1	228968
894.5309062635093	n/a	NonTarget	1	229000
894.6559062154763	n/a	NonTarget	1	229032
894.7809061674432	n/a	NonTarget	1	229064
894.9059061194101	n/a	NonTarget	1	229096
895.0309060713771	n/a	NonTarget	1	229128
895.1559060233441	n/a	NonTarget	1	229160
895.280905975311	n/a	NonTarget	1	229192
895.405905927278	n/a	NonTarget	1	229224
895.530905879245	n/a	NonTarget	1	229256
895.6559058312118	n/a	NonTarget	1	229288
895.7809057831788	n/a	NonTarget	1	229320
895.9059057351458	n/a	NonTarget	1	229352
896.0309056871127	n/a	NonTarget	1	229384
896.1559056390797	n/a	NonTarget	1	229416
896.2809055910467	n/a	NonTarget	1	229448
896.4059055430137	n/a	NonTarget	1	229480
896.5309054949805	n/a	NonTarget	1	229512
896.6559054469475	n/a	NonTarget	1	229544
896.7809053989145	n/a	NonTarget	1	229576
896.9059053508814	n/a	NonTarget	1	229608
897.0309053028484	n/a	NonTarget	1	229640
897.1559052548154	n/a	NonTarget	1	229672
897.2809052067822	n/a	NonTarget	1	229704
897.4059051587492	n/a	NonTarget	1	229736
897.5309051107162	n/a	NonTarget	1	229768
897.6559050626831	n/a	NonTarget	1	229800
897.7809050146501	n/a	NonTarget	1	229832
897.9059049666171	n/a	NonTarget	1	229864
898.030904918584	n/a	NonTarget	1	229896
898.1559048705509	n/a	NonTarget	1	229928
898.2809048225179	n/a	NonTarget	1	229960
898.4059047744848	n/a	NonTarget	1	229992
898.5309047264518	n/a	NonTarget	1	230024
898.6559046784188	n/a	NonTarget	1	230056
898.7809046303857	n/a	NonTarget	1	230088
898.9059045823527	n/a	NonTarget	1	230120
899.0309045343196	n/a	NonTarget	1	230152
899.1559044862865	n/a	NonTarget	1	230184
899.2809044382535	n/a	NonTarget	1	230216
899.4059043902205	n/a	NonTarget	1	230248
899.5309043421875	n/a	NonTarget	1	230280
899.6559042941544	n/a	NonTarget	1	230312
899.7809042461214	n/a	NonTarget	1	230344
899.9059041980883	n/a	NonTarget	1	230376
900.0309041500552	n/a	NonTarget	1	230408
900.1559041020222	n/a	NonTarget	1	230440
900.2809040539892	n/a	NonTarget	1	230472
900.4059040059561	n/a	NonTarget	1	230504
900.5309039579231	n/a	NonTarget	1	230536
900.6559039098901	n/a	NonTarget	1	230568
900.7809038618569	n/a	NonTarget	1	230600
900.9059038138239	n/a	NonTarget	1	230632
901.0309037657909	n/a	NonTarget	1	230664
901.1559037177578	n/a	NonTarget	1	230696
901.2809036697248	n/a	NonTarget	1	230728
901.4059036216918	n/a	NonTarget	1	230760
907.5309012680724	n/a	NonTarget	1	232328
907.6559012200394	n/a	NonTarget	1	232360
907.7809011720063	n/a	NonTarget	1	232392
907.9059011239733	n/a	NonTarget	1	232424
908.0309010759403	n/a	NonTarget	1	232456
908.1559010279072	n/a	NonTarget	1	232488
908.2809009798742	n/a	NonTarget	1	232520
908.4059009318411	n/a	NonTarget	1	232552
908.530900883808	n/a	NonTarget	1	232584
908.655900835775	n/a	NonTarget	1	232616
908.780900787742	n/a	NonTarget	1	232648
908.905900739709	n/a	NonTarget	1	232680
909.0309006916759	n/a	NonTarget	1	232712
909.1559006436429	n/a	NonTarget	1	232744
909.2809005956098	n/a	NonTarget	1	232776
909.4059005475767	n/a	NonTarget	1	232808
909.5309004995437	n/a	NonTarget	1	232840
909.6559004515107	n/a	NonTarget	1	232872
909.7809004034776	n/a	NonTarget	1	232904
909.9059003554446	n/a	NonTarget	1	232936
910.0309003074115	n/a	NonTarget	1	232968
910.1559002593784	n/a	NonTarget	1	233000
910.2809002113454	n/a	NonTarget	1	233032
910.4059001633124	n/a	NonTarget	1	233064
910.5309001152793	n/a	NonTarget	1	233096
910.6559000672463	n/a	NonTarget	1	233128
910.7809000192133	n/a	NonTarget	1	233160
910.9058999711801	n/a	NonTarget	1	233192
911.0308999231471	n/a	NonTarget	1	233224
911.1558998751141	n/a	NonTarget	1	233256
911.280899827081	n/a	NonTarget	1	233288
911.405899779048	n/a	NonTarget	1	233320
911.530899731015	n/a	NonTarget	1	233352
911.655899682982	n/a	NonTarget	1	233384
911.7808996349488	n/a	NonTarget	1	233416
911.9058995869158	n/a	NonTarget	1	233448
912.0308995388827	n/a	NonTarget	1	233480
912.1558994908497	n/a	NonTarget	1	233512
912.2808994428167	n/a	NonTarget	1	233544
912.4058993947837	n/a	NonTarget	1	233576
912.5308993467506	n/a	NonTarget	1	233608
912.6558992987175	n/a	NonTarget	1	233640
912.7808992506845	n/a	NonTarget	1	233672
912.9058992026514	n/a	NonTarget	1	233704
913.0308991546184	n/a	NonTarget	1	233736
913.1558991065854	n/a	NonTarget	1	233768
913.2808990585523	n/a	NonTarget	1	233800
913.4058990105192	n/a	NonTarget	1	233832
913.5308989624862	n/a	NonTarget	1	233864
913.6558989144531	n/a	NonTarget	1	233896
913.7808988664201	n/a	NonTarget	1	233928
913.9058988183871	n/a	NonTarget	1	233960
914.030898770354	n/a	NonTarget	1	233992
914.155898722321	n/a	NonTarget	1	234024
914.2808986742879	n/a	NonTarget	1	234056
914.4058986262548	n/a	NonTarget	1	234088
914.5308985782218	n/a	NonTarget	1	234120
914.6558985301888	n/a	NonTarget	1	234152
914.7808984821557	n/a	NonTarget	1	234184
914.9058984341227	n/a	NonTarget	1	234216
915.0308983860897	n/a	NonTarget	1	234248
915.1558983380565	n/a	NonTarget	1	234280
915.2808982900235	n/a	NonTarget	1	234312
915.4058982419905	n/a	NonTarget	1	234344
915.5308981939575	n/a	NonTarget	1	234376
915.6558981459244	n/a	NonTarget	1	234408
915.7808980978914	n/a	NonTarget	1	234440
915.9058980498584	n/a	NonTarget	1	234472
916.0308980018252	n/a	NonTarget	1	234504
916.1558979537922	n/a	NonTarget	1	234536
916.2808979057592	n/a	NonTarget	1	234568
916.4058978577261	n/a	NonTarget	1	234600
916.5308978096931	n/a	NonTarget	1	234632
916.6558977616601	n/a	NonTarget	1	234664
916.780897713627	n/a	NonTarget	1	234696
916.9058976655939	n/a	NonTarget	1	234728
917.0308976175609	n/a	NonTarget	1	234760
917.1558975695278	n/a	NonTarget	1	234792
917.2808975214948	n/a	NonTarget	1	234824
917.4058974734618	n/a	NonTarget	1	234856
917.5308974254287	n/a	NonTarget	1	234888
917.6558973773956	n/a	NonTarget	1	234920
917.7808973293626	n/a	NonTarget	1	234952
917.9058972813295	n/a	NonTarget	1	234984
918.0308972332965	n/a	NonTarget	1	235016
918.1558971852635	n/a	NonTarget	1	235048
918.2808971372305	n/a	NonTarget	1	235080
918.4058970891974	n/a	NonTarget	1	235112
918.5308970411643	n/a	NonTarget	1	235144
918.6558969931313	n/a	NonTarget	1	235176
918.7808969450982	n/a	NonTarget	1	235208
918.9058968970652	n/a	NonTarget	1	235240
919.0308968490322	n/a	NonTarget	1	235272
919.1558968009991	n/a	NonTarget	1	235304
919.2808967529661	n/a	NonTarget	1	235336
919.405896704933	n/a	NonTarget	1	235368
919.5308966568999	n/a	NonTarget	1	235400
919.6558966088669	n/a	NonTarget	1	235432
919.7808965608339	n/a	NonTarget	1	235464
919.9058965128008	n/a	NonTarget	1	235496
920.0308964647678	n/a	NonTarget	1	235528
920.1558964167348	n/a	NonTarget	1	235560
920.2808963687016	n/a	NonTarget	1	235592
920.4058963206686	n/a	NonTarget	1	235624
920.5308962726356	n/a	NonTarget	1	235656
920.6558962246025	n/a	NonTarget	1	235688
920.7808961765695	n/a	NonTarget	1	235720
920.9058961285365	n/a	NonTarget	1	235752
921.0308960805035	n/a	NonTarget	1	235784
921.1558960324703	n/a	NonTarget	1	235816
921.2808959844373	n/a	NonTarget	1	235848
921.4058959364042	n/a	NonTarget	1	235880
921.5308958883712	n/a	NonTarget	1	235912
921.6558958403382	n/a	NonTarget	1	235944
921.7808957923052	n/a	NonTarget	1	235976
921.905895744272	n/a	NonTarget	1	236008
922.030895696239	n/a	NonTarget	1	236040
922.155895648206	n/a	NonTarget	1	236072
922.2808956001729	n/a	NonTarget	1	236104
922.4058955521399	n/a	NonTarget	1	236136
928.5308931985206	n/a	NonTarget	1	237704
928.6558931504876	n/a	NonTarget	1	237736
928.7808931024545	n/a	NonTarget	1	237768
928.9058930544214	n/a	NonTarget	1	237800
929.0308930063884	n/a	NonTarget	1	237832
929.1558929583554	n/a	NonTarget	1	237864
929.2808929103223	n/a	NonTarget	1	237896
929.4058928622893	n/a	NonTarget	1	237928
929.5308928142563	n/a	NonTarget	1	237960
929.6558927662231	n/a	NonTarget	1	237992
929.7808927181901	n/a	NonTarget	1	238024
929.9058926701571	n/a	NonTarget	1	238056
930.030892622124	n/a	NonTarget	1	238088
930.155892574091	n/a	NonTarget	1	238120
930.280892526058	n/a	NonTarget	1	238152
930.4058924780248	n/a	NonTarget	1	238184
930.5308924299918	n/a	NonTarget	1	238216
930.6558923819588	n/a	NonTarget	1	238248
930.7808923339257	n/a	NonTarget	1	238280
930.9058922858927	n/a	NonTarget	1	238312
931.0308922378597	n/a	NonTarget	1	238344
931.1558921898267	n/a	NonTarget	1	238376
931.2808921417935	n/a	NonTarget	1	238408
931.4058920937605	n/a	NonTarget	1	238440
931.5308920457275	n/a	NonTarget	1	238472
931.6558919976944	n/a	NonTarget	1	238504
931.7808919496614	n/a	NonTarget	1	238536
931.9058919016284	n/a	NonTarget	1	238568
932.0308918535953	n/a	NonTarget	1	238600
932.1558918055622	n/a	NonTarget	1	238632
932.2808917575292	n/a	NonTarget	1	238664
932.4058917094961	n/a	NonTarget	1	238696
932.5308916614631	n/a	NonTarget	1	238728
932.6558916134301	n/a	NonTarget	1	238760
932.780891565397	n/a	NonTarget	1	238792
932.905891517364	n/a	NonTarget	1	238824
933.0308914693309	n/a	NonTarget	1	238856
933.1558914212978	n/a	NonTarget	1	238888
933.2808913732648	n/a	NonTarget	1	238920
933.4058913252318	n/a	NonTarget	1	238952
933.5308912771987	n/a	NonTarget	1	238984
933.6558912291657	n/a	NonTarget	1	239016
933.7808911811326	n/a	NonTarget	1	239048
933.9058911330995	n/a	NonTarget	1	239080
934.0308910850665	n/a	NonTarget	1	239112
934.1558910370335	n/a	NonTarget	1	239144
934.2808909890005	n/a	NonTarget	1	239176
934.4058909409674	n/a	NonTarget	1	239208
934.5308908929344	n/a	NonTarget	1	239240
934.6558908449013	n/a	NonTarget	1	239272
934.7808907968682	n/a	NonTarget	1	239304
934.9058907488352	n/a	NonTarget	1	239336
935.0308907008022	n/a	NonTarget	1	239368
935.1558906527691	n/a	NonTarget	1	239400
935.2808906047361	n/a	NonTarget	1	239432
935.4058905567031	n/a	NonTarget	1	239464
935.5308905086699	n/a	NonTarget	1	239496
935.6558904606369	n/a	NonTarget	1	239528
935.7808904126039	n/a	NonTarget	1	239560
935.9058903645708	n/a	NonTarget	1	239592
936.0308903165378	n/a	NonTarget	1	239624
936.1558902685048	n/a	NonTarget	1	239656
936.2808902204717	n/a	NonTarget	1	239688
936.4058901724386	n/a	NonTarget	1	239720
936.5308901244056	n/a	NonTarget	1	239752
936.6558900763725	n/a	NonTarget	1	239784
936.7808900283395	n/a	NonTarget	1	239816
936.9058899803065	n/a	NonTarget	1	239848
937.0308899322735	n/a	NonTarget	1	239880
937.1558898842404	n/a	NonTarget	1	239912
937.2808898362073	n/a	NonTarget	1	239944
937.4058897881742	n/a	NonTarget	1	239976
937.5308897401412	n/a	NonTarget	1	240008
937.6558896921082	n/a	NonTarget	1	240040
937.7808896440752	n/a	NonTarget	1	240072
937.9058895960421	n/a	NonTarget	1	240104
938.030889548009	n/a	NonTarget	1	240136
938.155889499976	n/a	NonTarget	1	240168
938.2808894519429	n/a	NonTarget	1	240200
938.4058894039099	n/a	NonTarget	1	240232
938.5308893558769	n/a	NonTarget	1	240264
938.6558893078438	n/a	NonTarget	1	240296
938.7808892598108	n/a	NonTarget	1	240328
938.9058892117777	n/a	NonTarget	1	240360
939.0308891637446	n/a	NonTarget	1	240392
939.1558891157116	n/a	NonTarget	1	240424
939.2808890676786	n/a	NonTarget	1	240456
939.4058890196455	n/a	NonTarget	1	240488
939.5308889716125	n/a	NonTarget	1	240520
939.6558889235795	n/a	NonTarget	1	240552
939.7808888755463	n/a	NonTarget	1	240584
939.9058888275133	n/a	NonTarget	1	240616
940.0308887794803	n/a	NonTarget	1	240648
940.1558887314472	n/a	NonTarget	1	240680
940.2808886834142	n/a	NonTarget	1	240712
940.4058886353812	n/a	NonTarget	1	240744
940.5308885873482	n/a	NonTarget	1	240776
940.655888539315	n/a	NonTarget	1	240808
940.780888491282	n/a	NonTarget	1	240840
940.905888443249	n/a	NonTarget	1	240872
941.0308883952159	n/a	NonTarget	1	240904
941.1558883471829	n/a	NonTarget	1	240936
941.2808882991499	n/a	NonTarget	1	240968
941.4058882511168	n/a	NonTarget	1	241000
941.5308882030837	n/a	NonTarget	1	241032
941.6558881550507	n/a	NonTarget	1	241064
941.7808881070176	n/a	NonTarget	1	241096
941.9058880589846	n/a	NonTarget	1	241128
942.0308880109516	n/a	NonTarget	1	241160
942.1558879629185	n/a	NonTarget	1	241192
942.2808879148854	n/a	NonTarget	1	241224
942.4058878668524	n/a	NonTarget	1	241256
942.5308878188193	n/a	NonTarget	1	241288
942.6558877707863	n/a	NonTarget	1	241320
942.7808877227533	n/a	NonTarget	1	241352
942.9058876747202	n/a	NonTarget	1	241384
943.0308876266872	n/a	NonTarget	1	241416
943.1558875786541	n/a	NonTarget	1	241448
943.280887530621	n/a	NonTarget	1	241480
943.405887482588	n/a	NonTarget	1	241512
949.5308851289687	n/a	NonTarget	1	243080
949.6558850809357	n/a	NonTarget	1	243112
949.7808850329027	n/a	NonTarget	1	243144
949.9058849848697	n/a	NonTarget	1	243176
950.0308849368365	n/a	NonTarget	1	243208
950.1558848888035	n/a	NonTarget	1	243240
950.2808848407705	n/a	NonTarget	1	243272
950.4058847927374	n/a	NonTarget	1	243304
950.5308847447044	n/a	NonTarget	1	243336
950.6558846966714	n/a	NonTarget	1	243368
950.7808846486382	n/a	NonTarget	1	243400
950.9058846006052	n/a	NonTarget	1	243432
951.0308845525722	n/a	NonTarget	1	243464
951.1558845045391	n/a	NonTarget	1	243496
951.2808844565061	n/a	NonTarget	1	243528
951.4058844084731	n/a	NonTarget	1	243560
951.53088436044	n/a	NonTarget	1	243592
951.6558843124069	n/a	NonTarget	1	243624
951.7808842643739	n/a	NonTarget	1	243656
951.9058842163408	n/a	NonTarget	1	243688
952.0308841683078	n/a	NonTarget	1	243720
952.1558841202748	n/a	NonTarget	1	243752
952.2808840722417	n/a	NonTarget	1	243784
952.4058840242087	n/a	NonTarget	1	243816
952.5308839761756	n/a	NonTarget	1	243848
952.6558839281425	n/a	NonTarget	1	243880
952.7808838801095	n/a	NonTarget	1	243912
952.9058838320765	n/a	NonTarget	1	243944
953.0308837840435	n/a	NonTarget	1	243976
953.1558837360104	n/a	NonTarget	1	244008
953.2808836879774	n/a	NonTarget	1	244040
953.4058836399442	n/a	NonTarget	1	244072
953.5308835919112	n/a	NonTarget	1	244104
953.6558835438782	n/a	NonTarget	1	244136
953.7808834958452	n/a	NonTarget	1	244168
953.9058834478121	n/a	NonTarget	1	244200
954.0308833997791	n/a	NonTarget	1	244232
954.1558833517461	n/a	NonTarget	1	244264
954.2808833037129	n/a	NonTarget	1	244296
954.4058832556799	n/a	NonTarget	1	244328
954.5308832076469	n/a	NonTarget	1	244360
954.6558831596138	n/a	NonTarget	1	244392
954.7808831115808	n/a	NonTarget	1	244424
954.9058830635478	n/a	NonTarget	1	244456
955.0308830155146	n/a	NonTarget	1	244488
955.1558829674816	n/a	NonTarget	1	244520
955.2808829194486	n/a	NonTarget	1	244552
955.4058828714155	n/a	NonTarget	1	244584
955.5308828233825	n/a	NonTarget	1	244616
955.6558827753495	n/a	NonTarget	1	244648
955.7808827273165	n/a	NonTarget	1	244680
955.9058826792833	n/a	NonTarget	1	244712
956.0308826312503	n/a	NonTarget	1	244744
956.1558825832172	n/a	NonTarget	1	244776
956.2808825351842	n/a	NonTarget	1	244808
956.4058824871512	n/a	NonTarget	1	244840
956.5308824391182	n/a	NonTarget	1	244872
956.6558823910851	n/a	NonTarget	1	244904
956.780882343052	n/a	NonTarget	1	244936
956.905882295019	n/a	NonTarget	1	244968
957.0308822469859	n/a	NonTarget	1	245000
957.1558821989529	n/a	NonTarget	1	245032
957.2808821509199	n/a	NonTarget	1	245064
957.4058821028868	n/a	NonTarget	1	245096
957.5308820548538	n/a	NonTarget	1	245128
957.6558820068207	n/a	NonTarget	1	245160
957.7808819587876	n/a	NonTarget	1	245192
957.9058819107546	n/a	NonTarget	1	245224
958.0308818627216	n/a	NonTarget	1	245256
958.1558818146885	n/a	NonTarget	1	245288
958.2808817666555	n/a	NonTarget	1	245320
958.4058817186224	n/a	NonTarget	1	245352
958.5308816705893	n/a	NonTarget	1	245384
958.6558816225563	n/a	NonTarget	1	245416
958.7808815745233	n/a	NonTarget	1	245448
958.9058815264902	n/a	NonTarget	1	245480
959.0308814784572	n/a	NonTarget	1	245512
959.1558814304242	n/a	NonTarget	1	245544
959.280881382391	n/a	NonTarget	1	245576
959.405881334358	n/a	NonTarget	1	245608
959.530881286325	n/a	NonTarget	1	245640
959.655881238292	n/a	NonTarget	1	245672
959.7808811902589	n/a	NonTarget	1	245704
959.9058811422259	n/a	NonTarget	1	245736
960.0308810941929	n/a	NonTarget	1	245768
960.1558810461597	n/a	NonTarget	1	245800
960.2808809981267	n/a	NonTarget	1	245832
960.4058809500937	n/a	NonTarget	1	245864
960.5308809020606	n/a	NonTarget	1	245896
960.6558808540276	n/a	NonTarget	1	245928
960.7808808059946	n/a	NonTarget	1	245960
960.9058807579615	n/a	NonTarget	1	245992
961.0308807099284	n/a	NonTarget	1	246024
961.1558806618954	n/a	NonTarget	1	246056
961.2808806138623	n/a	NonTarget	1	246088
961.4058805658293	n/a	NonTarget	1	246120
961.5308805177963	n/a	NonTarget	1	246152
961.6558804697632	n/a	NonTarget	1	246184
961.7808804217302	n/a	NonTarget	1	246216
961.9058803736971	n/a	NonTarget	1	246248
962.030880325664	n/a	NonTarget	1	246280
962.155880277631	n/a	NonTarget	1	246312
962.280880229598	n/a	NonTarget	1	246344
962.405880181565	n/a	NonTarget	1	246376
962.5308801335319	n/a	NonTarget	1	246408
962.6558800854988	n/a	NonTarget	1	246440
962.7808800374657	n/a	NonTarget	1	246472
962.9058799894327	n/a	NonTarget	1	246504
963.0308799413997	n/a	NonTarget	1	246536
963.1558798933667	n/a	NonTarget	1	246568
963.2808798453336	n/a	NonTarget	1	246600
963.4058797973006	n/a	NonTarget	1	246632
963.5308797492675	n/a	NonTarget	1	246664
963.6558797012344	n/a	NonTarget	1	246696
963.7808796532014	n/a	NonTarget	1	246728
963.9058796051684	n/a	NonTarget	1	246760
964.0308795571353	n/a	NonTarget	1	246792
964.1558795091023	n/a	NonTarget	1	246824
964.2808794610693	n/a	NonTarget	1	246856
964.4058794130361	n/a	NonTarget	1	246888
970.5308770594169	n/a	NonTarget	1	248456
970.6558770113838	n/a	NonTarget	1	248488
970.7808769633508	n/a	NonTarget	1	248520
970.9058769153178	n/a	NonTarget	1	248552
971.0308768672847	n/a	NonTarget	1	248584
971.1558768192516	n/a	NonTarget	1	248616
971.2808767712186	n/a	NonTarget	1	248648
971.4058767231855	n/a	NonTarget	1	248680
971.5308766751525	n/a	NonTarget	1	248712
971.6558766271195	n/a	NonTarget	1	248744
971.7808765790865	n/a	NonTarget	1	248776
971.9058765310534	n/a	NonTarget	1	248808
972.0308764830203	n/a	NonTarget	1	248840
972.1558764349872	n/a	NonTarget	1	248872
972.2808763869542	n/a	NonTarget	1	248904
972.4058763389212	n/a	NonTarget	1	248936
972.5308762908882	n/a	NonTarget	1	248968
972.6558762428551	n/a	NonTarget	1	249000
972.7808761948221	n/a	NonTarget	1	249032
972.905876146789	n/a	NonTarget	1	249064
973.0308760987559	n/a	NonTarget	1	249096
973.1558760507229	n/a	NonTarget	1	249128
973.2808760026899	n/a	NonTarget	1	249160
973.4058759546568	n/a	NonTarget	1	249192
973.5308759066238	n/a	NonTarget	1	249224
973.6558758585908	n/a	NonTarget	1	249256
973.7808758105576	n/a	NonTarget	1	249288
973.9058757625246	n/a	NonTarget	1	249320
974.0308757144916	n/a	NonTarget	1	249352
974.1558756664585	n/a	NonTarget	1	249384
974.2808756184255	n/a	NonTarget	1	249416
974.4058755703925	n/a	NonTarget	1	249448
974.5308755223595	n/a	NonTarget	1	249480
974.6558754743263	n/a	NonTarget	1	249512
974.7808754262933	n/a	NonTarget	1	249544
974.9058753782602	n/a	NonTarget	1	249576
975.0308753302272	n/a	NonTarget	1	249608
975.1558752821942	n/a	NonTarget	1	249640
975.2808752341612	n/a	NonTarget	1	249672
975.405875186128	n/a	NonTarget	1	249704
975.530875138095	n/a	NonTarget	1	249736
975.655875090062	n/a	NonTarget	1	249768
975.7808750420289	n/a	NonTarget	1	249800
975.9058749939959	n/a	NonTarget	1	249832
976.0308749459629	n/a	NonTarget	1	249864
976.1558748979298	n/a	NonTarget	1	249896
976.2808748498967	n/a	NonTarget	1	249928
976.4058748018637	n/a	NonTarget	1	249960
976.5308747538306	n/a	NonTarget	1	249992
976.6558747057976	n/a	NonTarget	1	250024
976.7808746577646	n/a	NonTarget	1	250056
976.9058746097315	n/a	NonTarget	1	250088
977.0308745616985	n/a	NonTarget	1	250120
977.1558745136654	n/a	NonTarget	1	250152
977.2808744656323	n/a	NonTarget	1	250184
977.4058744175993	n/a	NonTarget	1	250216
977.5308743695663	n/a	NonTarget	1	250248
977.6558743215332	n/a	NonTarget	1	250280
977.7808742735002	n/a	NonTarget	1	250312
977.9058742254672	n/a	NonTarget	1	250344
978.030874177434	n/a	NonTarget	1	250376
978.155874129401	n/a	NonTarget	1	250408
978.280874081368	n/a	NonTarget	1	250440
978.405874033335	n/a	NonTarget	1	250472
978.5308739853019	n/a	NonTarget	1	250504
978.6558739372689	n/a	NonTarget	1	250536
978.7808738892359	n/a	NonTarget	1	250568
978.9058738412027	n/a	NonTarget	1	250600
979.0308737931697	n/a	NonTarget	1	250632
979.1558737451367	n/a	NonTarget	1	250664
979.2808736971036	n/a	NonTarget	1	250696
979.4058736490706	n/a	NonTarget	1	250728
979.5308736010376	n/a	NonTarget	1	250760
979.6558735530044	n/a	NonTarget	1	250792
979.7808735049714	n/a	NonTarget	1	250824
979.9058734569384	n/a	NonTarget	1	250856
980.0308734089053	n/a	NonTarget	1	250888
980.1558733608723	n/a	NonTarget	1	250920
980.2808733128393	n/a	NonTarget	1	250952
980.4058732648062	n/a	NonTarget	1	250984
980.5308732167731	n/a	NonTarget	1	251016
980.6558731687401	n/a	NonTarget	1	251048
980.780873120707	n/a	NonTarget	1	251080
980.905873072674	n/a	NonTarget	1	251112
981.030873024641	n/a	NonTarget	1	251144
981.155872976608	n/a	NonTarget	1	251176
981.2808729285749	n/a	NonTarget	1	251208
981.4058728805418	n/a	NonTarget	1	251240
981.5308728325087	n/a	NonTarget	1	251272
981.6558727844757	n/a	NonTarget	1	251304
981.7808727364427	n/a	NonTarget	1	251336
981.9058726884097	n/a	NonTarget	1	251368
982.0308726403766	n/a	NonTarget	1	251400
982.1558725923436	n/a	NonTarget	1	251432
982.2808725443105	n/a	NonTarget	1	251464
982.4058724962774	n/a	NonTarget	1	251496
982.5308724482444	n/a	NonTarget	1	251528
982.6558724002114	n/a	NonTarget	1	251560
982.7808723521783	n/a	NonTarget	1	251592
982.9058723041453	n/a	NonTarget	1	251624
983.0308722561122	n/a	NonTarget	1	251656
983.1558722080791	n/a	NonTarget	1	251688
983.2808721600461	n/a	NonTarget	1	251720
983.4058721120131	n/a	NonTarget	1	251752
983.53087206398	n/a	NonTarget	1	251784
983.655872015947	n/a	NonTarget	1	251816
983.780871967914	n/a	NonTarget	1	251848
983.9058719198808	n/a	NonTarget	1	251880
984.0308718718478	n/a	NonTarget	1	251912
984.1558718238148	n/a	NonTarget	1	251944
984.2808717757817	n/a	NonTarget	1	251976
984.4058717277487	n/a	NonTarget	1	252008
984.5308716797157	n/a	NonTarget	1	252040
984.6558716316827	n/a	NonTarget	1	252072
984.7808715836495	n/a	NonTarget	1	252104
984.9058715356165	n/a	NonTarget	1	252136
985.0308714875835	n/a	NonTarget	1	252168
985.1558714395504	n/a	NonTarget	1	252200
985.2808713915174	n/a	NonTarget	1	252232
985.4058713434844	n/a	NonTarget	1	252264
991.530868989865	n/a	NonTarget	1	253832
991.655868941832	n/a	NonTarget	1	253864
991.7808688937989	n/a	NonTarget	1	253896
991.9058688457659	n/a	NonTarget	1	253928
992.0308687977329	n/a	NonTarget	1	253960
992.1558687496998	n/a	NonTarget	1	253992
992.2808687016668	n/a	NonTarget	1	254024
992.4058686536337	n/a	NonTarget	1	254056
992.5308686056006	n/a	NonTarget	1	254088
992.6558685575676	n/a	NonTarget	1	254120
992.7808685095346	n/a	NonTarget	1	254152
992.9058684615015	n/a	NonTarget	1	254184
993.0308684134685	n/a	NonTarget	1	254216
993.1558683654355	n/a	NonTarget	1	254248
993.2808683174023	n/a	NonTarget	1	254280
993.4058682693693	n/a	NonTarget	1	254312
993.5308682213363	n/a	NonTarget	1	254344
993.6558681733032	n/a	NonTarget	1	254376
993.7808681252702	n/a	NonTarget	1	254408
993.9058680772372	n/a	NonTarget	1	254440
994.0308680292042	n/a	NonTarget	1	254472
994.155867981171	n/a	NonTarget	1	254504
994.280867933138	n/a	NonTarget	1	254536
994.405867885105	n/a	NonTarget	1	254568
994.5308678370719	n/a	NonTarget	1	254600
994.6558677890389	n/a	NonTarget	1	254632
994.7808677410059	n/a	NonTarget	1	254664
994.9058676929728	n/a	NonTarget	1	254696
995.0308676449397	n/a	NonTarget	1	254728
995.1558675969067	n/a	NonTarget	1	254760
995.2808675488736	n/a	NonTarget	1	254792
995.4058675008406	n/a	NonTarget	1	254824
995.5308674528076	n/a	NonTarget	1	254856
995.6558674047745	n/a	NonTarget	1	254888
995.7808673567414	n/a	NonTarget	1	254920
995.9058673087084	n/a	NonTarget	1	254952
996.0308672606753	n/a	NonTarget	1	254984
996.1558672126423	n/a	NonTarget	1	255016
996.2808671646093	n/a	NonTarget	1	255048
996.4058671165762	n/a	NonTarget	1	255080
996.5308670685432	n/a	NonTarget	1	255112
996.6558670205101	n/a	NonTarget	1	255144
996.780866972477	n/a	NonTarget	1	255176
996.905866924444	n/a	NonTarget	1	255208
997.030866876411	n/a	NonTarget	1	255240
997.155866828378	n/a	NonTarget	1	255272
997.2808667803449	n/a	NonTarget	1	255304
997.4058667323119	n/a	NonTarget	1	255336
997.5308666842787	n/a	NonTarget	1	255368
997.6558666362457	n/a	NonTarget	1	255400
997.7808665882127	n/a	NonTarget	1	255432
997.9058665401797	n/a	NonTarget	1	255464
998.0308664921466	n/a	NonTarget	1	255496
998.1558664441136	n/a	NonTarget	1	255528
998.2808663960806	n/a	NonTarget	1	255560
998.4058663480474	n/a	NonTarget	1	255592
998.5308663000144	n/a	NonTarget	1	255624
998.6558662519814	n/a	NonTarget	1	255656
998.7808662039483	n/a	NonTarget	1	255688
998.9058661559153	n/a	NonTarget	1	255720
999.0308661078823	n/a	NonTarget	1	255752
999.1558660598492	n/a	NonTarget	1	255784
999.2808660118161	n/a	NonTarget	1	255816
999.4058659637831	n/a	NonTarget	1	255848
999.53086591575	n/a	NonTarget	1	255880
999.655865867717	n/a	NonTarget	1	255912
999.780865819684	n/a	NonTarget	1	255944
999.905865771651	n/a	NonTarget	1	255976
1000.0308657236178	n/a	NonTarget	1	256008
1000.1558656755848	n/a	NonTarget	1	256040
1000.2808656275517	n/a	NonTarget	1	256072
1000.4058655795187	n/a	NonTarget	1	256104
1000.5308655314857	n/a	NonTarget	1	256136
1000.6558654834527	n/a	NonTarget	1	256168
1000.7808654354196	n/a	NonTarget	1	256200
1000.9058653873865	n/a	NonTarget	1	256232
1001.0308653393535	n/a	NonTarget	1	256264
1001.1558652913204	n/a	NonTarget	1	256296
1001.2808652432874	n/a	NonTarget	1	256328
1001.4058651952544	n/a	NonTarget	1	256360
1001.5308651472213	n/a	NonTarget	1	256392
1001.6558650991883	n/a	NonTarget	1	256424
1001.7808650511552	n/a	NonTarget	1	256456
1001.9058650031221	n/a	NonTarget	1	256488
1002.0308649550891	n/a	NonTarget	1	256520
1002.1558649070561	n/a	NonTarget	1	256552
1002.280864859023	n/a	NonTarget	1	256584
1002.40586481099	n/a	NonTarget	1	256616
1002.530864762957	n/a	NonTarget	1	256648
1002.6558647149238	n/a	NonTarget	1	256680
1002.7808646668908	n/a	NonTarget	1	256712
1002.9058646188578	n/a	NonTarget	1	256744
1003.0308645708247	n/a	NonTarget	1	256776
1003.1558645227917	n/a	NonTarget	1	256808
1003.2808644747587	n/a	NonTarget	1	256840
1003.4058644267255	n/a	NonTarget	1	256872
1003.5308643786925	n/a	NonTarget	1	256904
1003.6558643306595	n/a	NonTarget	1	256936
1003.7808642826265	n/a	NonTarget	1	256968
1003.9058642345934	n/a	NonTarget	1	257000
1004.0308641865604	n/a	NonTarget	1	257032
1004.1558641385274	n/a	NonTarget	1	257064
1004.2808640904942	n/a	NonTarget	1	257096
1004.4058640424612	n/a	NonTarget	1	257128
1004.5308639944282	n/a	NonTarget	1	257160
1004.6558639463951	n/a	NonTarget	1	257192
1004.7808638983621	n/a	NonTarget	1	257224
1004.9058638503291	n/a	NonTarget	1	257256
1005.030863802296	n/a	NonTarget	1	257288
1005.1558637542629	n/a	NonTarget	1	257320
1005.2808637062299	n/a	NonTarget	1	257352
1005.4058636581968	n/a	NonTarget	1	257384
1005.5308636101638	n/a	NonTarget	1	257416
1005.6558635621308	n/a	NonTarget	1	257448
1005.7808635140977	n/a	NonTarget	1	257480
1005.9058634660647	n/a	NonTarget	1	257512
1006.0308634180316	n/a	NonTarget	1	257544
1006.1558633699985	n/a	NonTarget	1	257576
1006.2808633219655	n/a	NonTarget	1	257608
1006.4058632739325	n/a	NonTarget	1	257640
1012.5308609203132	n/a	NonTarget	1	259208
1012.6558608722802	n/a	NonTarget	1	259240
1012.780860824247	n/a	NonTarget	1	259272
1012.905860776214	n/a	NonTarget	1	259304
1013.030860728181	n/a	NonTarget	1	259336
1013.155860680148	n/a	NonTarget	1	259368
1013.2808606321149	n/a	NonTarget	1	259400
1013.4058605840819	n/a	NonTarget	1	259432
1013.5308605360489	n/a	NonTarget	1	259464
1013.6558604880157	n/a	NonTarget	1	259496
1013.7808604399827	n/a	NonTarget	1	259528
1013.9058603919497	n/a	NonTarget	1	259560
1014.0308603439166	n/a	NonTarget	1	259592
1014.1558602958836	n/a	NonTarget	1	259624
1014.2808602478506	n/a	NonTarget	1	259656
1014.4058601998175	n/a	NonTarget	1	259688
1014.5308601517844	n/a	NonTarget	1	259720
1014.6558601037514	n/a	NonTarget	1	259752
1014.7808600557183	n/a	NonTarget	1	259784
1014.9058600076853	n/a	NonTarget	1	259816
1015.0308599596523	n/a	NonTarget	1	259848
1015.1558599116192	n/a	NonTarget	1	259880
1015.2808598635862	n/a	NonTarget	1	259912
1015.4058598155531	n/a	NonTarget	1	259944
1015.53085976752	n/a	NonTarget	1	259976
1015.655859719487	n/a	NonTarget	1	260008
1015.780859671454	n/a	NonTarget	1	260040
1015.905859623421	n/a	NonTarget	1	260072
1016.0308595753879	n/a	NonTarget	1	260104
1016.1558595273548	n/a	NonTarget	1	260136
1016.2808594793217	n/a	NonTarget	1	260168
1016.4058594312887	n/a	NonTarget	1	260200
1016.5308593832557	n/a	NonTarget	1	260232
1016.6558593352227	n/a	NonTarget	1	260264
1016.7808592871896	n/a	NonTarget	1	260296
1016.9058592391566	n/a	NonTarget	1	260328
1017.0308591911235	n/a	NonTarget	1	260360
1017.1558591430904	n/a	NonTarget	1	260392
1017.2808590950574	n/a	NonTarget	1	260424
1017.4058590470244	n/a	NonTarget	1	260456
1017.5308589989913	n/a	NonTarget	1	260488
1017.6558589509583	n/a	NonTarget	1	260520
1017.7808589029253	n/a	NonTarget	1	260552
1017.9058588548921	n/a	NonTarget	1	260584
1018.0308588068591	n/a	NonTarget	1	260616
1018.1558587588261	n/a	NonTarget	1	260648
1018.280858710793	n/a	NonTarget	1	260680
1018.40585866276	n/a	NonTarget	1	260712
1018.530858614727	n/a	NonTarget	1	260744
1018.655858566694	n/a	NonTarget	1	260776
1018.7808585186608	n/a	NonTarget	1	260808
1018.9058584706278	n/a	NonTarget	1	260840
1019.0308584225947	n/a	NonTarget	1	260872
1019.1558583745617	n/a	NonTarget	1	260904
1019.2808583265287	n/a	NonTarget	1	260936
1019.4058582784957	n/a	NonTarget	1	260968
1019.5308582304626	n/a	NonTarget	1	261000
1019.6558581824295	n/a	NonTarget	1	261032
1019.7808581343965	n/a	NonTarget	1	261064
1019.9058580863634	n/a	NonTarget	1	261096
1020.0308580383304	n/a	NonTarget	1	261128
1020.1558579902974	n/a	NonTarget	1	261160
1020.2808579422643	n/a	NonTarget	1	261192
1020.4058578942312	n/a	NonTarget	1	261224
1020.5308578461982	n/a	NonTarget	1	261256
1020.6558577981651	n/a	NonTarget	1	261288
1020.7808577501321	n/a	NonTarget	1	261320
1020.9058577020991	n/a	NonTarget	1	261352
1021.030857654066	n/a	NonTarget	1	261384
1021.155857606033	n/a	NonTarget	1	261416
1021.2808575579999	n/a	NonTarget	1	261448
1021.4058575099668	n/a	NonTarget	1	261480
1021.5308574619338	n/a	NonTarget	1	261512
1021.6558574139008	n/a	NonTarget	1	261544
1021.7808573658677	n/a	NonTarget	1	261576
1021.9058573178347	n/a	NonTarget	1	261608
1022.0308572698017	n/a	NonTarget	1	261640
1022.1558572217685	n/a	NonTarget	1	261672
1022.2808571737355	n/a	NonTarget	1	261704
1022.4058571257025	n/a	NonTarget	1	261736
1022.5308570776695	n/a	NonTarget	1	261768
1022.6558570296364	n/a	NonTarget	1	261800
1022.7808569816034	n/a	NonTarget	1	261832
1022.9058569335704	n/a	NonTarget	1	261864
1023.0308568855372	n/a	NonTarget	1	261896
1023.1558568375042	n/a	NonTarget	1	261928
1023.2808567894712	n/a	NonTarget	1	261960
1023.4058567414381	n/a	NonTarget	1	261992
1023.5308566934051	n/a	NonTarget	1	262024
1023.6558566453721	n/a	NonTarget	1	262056
1023.780856597339	n/a	NonTarget	1	262088
1023.9058565493059	n/a	NonTarget	1	262120
1024.0308565012729	n/a	NonTarget	1	262152
1024.15585645324	n/a	NonTarget	1	262184
1024.2808564052068	n/a	NonTarget	1	262216
1024.4058563571737	n/a	NonTarget	1	262248
1024.5308563091407	n/a	NonTarget	1	262280
1024.6558562611076	n/a	NonTarget	1	262312
1024.7808562130747	n/a	NonTarget	1	262344
1024.9058561650415	n/a	NonTarget	1	262376
1025.0308561170086	n/a	NonTarget	1	262408
1025.1558560689755	n/a	NonTarget	1	262440
1025.2808560209423	n/a	NonTarget	1	262472
1025.4058559729094	n/a	NonTarget	1	262504
1025.5308559248763	n/a	NonTarget	1	262536
1025.6558558768434	n/a	NonTarget	1	262568
1025.7808558288102	n/a	NonTarget	1	262600
1025.9058557807773	n/a	NonTarget	1	262632
1026.0308557327442	n/a	NonTarget	1	262664
1026.155855684711	n/a	NonTarget	1	262696
1026.280855636678	n/a	NonTarget	1	262728
1026.405855588645	n/a	NonTarget	1	262760
1026.530855540612	n/a	NonTarget	1	262792
1026.655855492579	n/a	NonTarget	1	262824
1026.7808554445458	n/a	NonTarget	1	262856
1026.9058553965128	n/a	NonTarget	1	262888
1027.0308553484797	n/a	NonTarget	1	262920
1027.1558553004468	n/a	NonTarget	1	262952
1027.2808552524136	n/a	NonTarget	1	262984
1027.4058552043807	n/a	NonTarget	1	263016
1033.5308528507614	n/a	NonTarget	1	264584
1033.6558528027283	n/a	NonTarget	1	264616
1033.7808527546952	n/a	NonTarget	1	264648
1033.9058527066622	n/a	NonTarget	1	264680
1034.030852658629	n/a	NonTarget	1	264712
1034.1558526105962	n/a	NonTarget	1	264744
1034.280852562563	n/a	NonTarget	1	264776
1034.40585251453	n/a	NonTarget	1	264808
1034.530852466497	n/a	NonTarget	1	264840
1034.6558524184638	n/a	NonTarget	1	264872
1034.780852370431	n/a	NonTarget	1	264904
1034.9058523223978	n/a	NonTarget	1	264936
1035.0308522743649	n/a	NonTarget	1	264968
1035.1558522263317	n/a	NonTarget	1	265000
1035.2808521782986	n/a	NonTarget	1	265032
1035.4058521302657	n/a	NonTarget	1	265064
1035.5308520822325	n/a	NonTarget	1	265096
1035.6558520341996	n/a	NonTarget	1	265128
1035.7808519861665	n/a	NonTarget	1	265160
1035.9058519381335	n/a	NonTarget	1	265192
1036.0308518901004	n/a	NonTarget	1	265224
1036.1558518420672	n/a	NonTarget	1	265256
1036.2808517940343	n/a	NonTarget	1	265288
1036.4058517460012	n/a	NonTarget	1	265320
1036.5308516979683	n/a	NonTarget	1	265352
1036.6558516499351	n/a	NonTarget	1	265384
1036.7808516019022	n/a	NonTarget	1	265416
1036.905851553869	n/a	NonTarget	1	265448
1037.030851505836	n/a	NonTarget	1	265480
1037.155851457803	n/a	NonTarget	1	265512
1037.2808514097699	n/a	NonTarget	1	265544
1037.405851361737	n/a	NonTarget	1	265576
1037.5308513137038	n/a	NonTarget	1	265608
1037.655851265671	n/a	NonTarget	1	265640
1037.7808512176377	n/a	NonTarget	1	265672
1037.9058511696046	n/a	NonTarget	1	265704
1038.0308511215717	n/a	NonTarget	1	265736
1038.1558510735385	n/a	NonTarget	1	265768
1038.2808510255056	n/a	NonTarget	1	265800
1038.4058509774725	n/a	NonTarget	1	265832
1038.5308509294396	n/a	NonTarget	1	265864
1038.6558508814064	n/a	NonTarget	1	265896
1038.7808508333733	n/a	NonTarget	1	265928
1038.9058507853404	n/a	NonTarget	1	265960
1039.0308507373072	n/a	NonTarget	1	265992
1039.1558506892743	n/a	NonTarget	1	266024
1039.2808506412412	n/a	NonTarget	1	266056
1039.4058505932082	n/a	NonTarget	1	266088
1039.530850545175	n/a	NonTarget	1	266120
1039.655850497142	n/a	NonTarget	1	266152
1039.780850449109	n/a	NonTarget	1	266184
1039.905850401076	n/a	NonTarget	1	266216
1040.030850353043	n/a	NonTarget	1	266248
1040.1558503050098	n/a	NonTarget	1	266280
1040.280850256977	n/a	NonTarget	1	266312
1040.4058502089438	n/a	NonTarget	1	266344
1040.5308501609106	n/a	NonTarget	1	266376
1040.6558501128777	n/a	NonTarget	1	266408
1040.7808500648446	n/a	NonTarget	1	266440
1040.9058500168117	n/a	NonTarget	1	266472
1041.0308499687785	n/a	NonTarget	1	266504
1041.1558499207456	n/a	NonTarget	1	266536
1041.2808498727125	n/a	NonTarget	1	266568
1041.4058498246793	n/a	NonTarget	1	266600
1041.5308497766464	n/a	NonTarget	1	266632
1041.6558497286132	n/a	NonTarget	1	266664
1041.7808496805803	n/a	NonTarget	1	266696
1041.9058496325472	n/a	NonTarget	1	266728
1042.0308495845143	n/a	NonTarget	1	266760
1042.1558495364811	n/a	NonTarget	1	266792
1042.280849488448	n/a	NonTarget	1	266824
1042.405849440415	n/a	NonTarget	1	266856
1042.530849392382	n/a	NonTarget	1	266888
1042.655849344349	n/a	NonTarget	1	266920
1042.7808492963159	n/a	NonTarget	1	266952
1042.9058492482827	n/a	NonTarget	1	266984
1043.0308492002498	n/a	NonTarget	1	267016
1043.1558491522167	n/a	NonTarget	1	267048
1043.2808491041837	n/a	NonTarget	1	267080
1043.4058490561506	n/a	NonTarget	1	267112
1043.5308490081177	n/a	NonTarget	1	267144
1043.6558489600845	n/a	NonTarget	1	267176
1043.7808489120514	n/a	NonTarget	1	267208
1043.9058488640185	n/a	NonTarget	1	267240
1044.0308488159853	n/a	NonTarget	1	267272
1044.1558487679524	n/a	NonTarget	1	267304
1044.2808487199193	n/a	NonTarget	1	267336
1044.4058486718864	n/a	NonTarget	1	267368
1044.5308486238532	n/a	NonTarget	1	267400
1044.65584857582	n/a	NonTarget	1	267432
1044.7808485277872	n/a	NonTarget	1	267464
1044.905848479754	n/a	NonTarget	1	267496
1045.030848431721	n/a	NonTarget	1	267528
1045.155848383688	n/a	NonTarget	1	267560
1045.280848335655	n/a	NonTarget	1	267592
1045.405848287622	n/a	NonTarget	1	267624
1045.5308482395887	n/a	NonTarget	1	267656
1045.6558481915558	n/a	NonTarget	1	267688
1045.7808481435227	n/a	NonTarget	1	267720
1045.9058480954898	n/a	NonTarget	1	267752
1046.0308480474566	n/a	NonTarget	1	267784
1046.1558479994237	n/a	NonTarget	1	267816
1046.2808479513906	n/a	NonTarget	1	267848
1046.4058479033574	n/a	NonTarget	1	267880
1046.5308478553245	n/a	NonTarget	1	267912
1046.6558478072914	n/a	NonTarget	1	267944
1046.7808477592584	n/a	NonTarget	1	267976
1046.9058477112253	n/a	NonTarget	1	268008
1047.0308476631924	n/a	NonTarget	1	268040
1047.1558476151592	n/a	NonTarget	1	268072
1047.280847567126	n/a	NonTarget	1	268104
1047.4058475190932	n/a	NonTarget	1	268136
1047.53084747106	n/a	NonTarget	1	268168
1047.6558474230271	n/a	NonTarget	1	268200
1047.780847374994	n/a	NonTarget	1	268232
1047.905847326961	n/a	NonTarget	1	268264
1048.030847278928	n/a	NonTarget	1	268296
1048.1558472308948	n/a	NonTarget	1	268328
1048.2808471828619	n/a	NonTarget	1	268360
1048.4058471348287	n/a	NonTarget	1	268392
1054.5308447812095	n/a	NonTarget	1	269960
1054.6558447331765	n/a	NonTarget	1	269992
1054.7808446851434	n/a	NonTarget	1	270024
1054.9058446371102	n/a	NonTarget	1	270056
1055.0308445890773	n/a	NonTarget	1	270088
1055.1558445410442	n/a	NonTarget	1	270120
1055.2808444930113	n/a	NonTarget	1	270152
1055.4058444449781	n/a	NonTarget	1	270184
1055.5308443969452	n/a	NonTarget	1	270216
1055.655844348912	n/a	NonTarget	1	270248
1055.780844300879	n/a	NonTarget	1	270280
1055.905844252846	n/a	NonTarget	1	270312
1056.0308442048129	n/a	NonTarget	1	270344
1056.15584415678	n/a	NonTarget	1	270376
1056.2808441087468	n/a	NonTarget	1	270408
1056.405844060714	n/a	NonTarget	1	270440
1056.5308440126807	n/a	NonTarget	1	270472
1056.6558439646476	n/a	NonTarget	1	270504
1056.7808439166147	n/a	NonTarget	1	270536
1056.9058438685815	n/a	NonTarget	1	270568
1057.0308438205486	n/a	NonTarget	1	270600
1057.1558437725155	n/a	NonTarget	1	270632
1057.2808437244826	n/a	NonTarget	1	270664
1057.4058436764494	n/a	NonTarget	1	270696
1057.5308436284163	n/a	NonTarget	1	270728
1057.6558435803834	n/a	NonTarget	1	270760
1057.7808435323502	n/a	NonTarget	1	270792
1057.9058434843173	n/a	NonTarget	1	270824
1058.0308434362842	n/a	NonTarget	1	270856
1058.1558433882512	n/a	NonTarget	1	270888
1058.280843340218	n/a	NonTarget	1	270920
1058.405843292185	n/a	NonTarget	1	270952
1058.530843244152	n/a	NonTarget	1	270984
1058.655843196119	n/a	NonTarget	1	271016
1058.780843148086	n/a	NonTarget	1	271048
1058.9058431000528	n/a	NonTarget	1	271080
1059.0308430520197	n/a	NonTarget	1	271112
1059.1558430039868	n/a	NonTarget	1	271144
1059.2808429559536	n/a	NonTarget	1	271176
1059.4058429079207	n/a	NonTarget	1	271208
1059.5308428598876	n/a	NonTarget	1	271240
1059.6558428118547	n/a	NonTarget	1	271272
1059.7808427638215	n/a	NonTarget	1	271304
1059.9058427157884	n/a	NonTarget	1	271336
1060.0308426677555	n/a	NonTarget	1	271368
1060.1558426197223	n/a	NonTarget	1	271400
1060.2808425716894	n/a	NonTarget	1	271432
1060.4058425236562	n/a	NonTarget	1	271464
1060.5308424756233	n/a	NonTarget	1	271496
1060.6558424275902	n/a	NonTarget	1	271528
1060.780842379557	n/a	NonTarget	1	271560
1060.9058423315241	n/a	NonTarget	1	271592
1061.030842283491	n/a	NonTarget	1	271624
1061.155842235458	n/a	NonTarget	1	271656
1061.280842187425	n/a	NonTarget	1	271688
1061.405842139392	n/a	NonTarget	1	271720
1061.5308420913589	n/a	NonTarget	1	271752
1061.6558420433257	n/a	NonTarget	1	271784
1061.7808419952928	n/a	NonTarget	1	271816
1061.9058419472597	n/a	NonTarget	1	271848
1062.0308418992267	n/a	NonTarget	1	271880
1062.1558418511936	n/a	NonTarget	1	271912
1062.2808418031607	n/a	NonTarget	1	271944
1062.4058417551275	n/a	NonTarget	1	271976
1062.5308417070944	n/a	NonTarget	1	272008
1062.6558416590615	n/a	NonTarget	1	272040
1062.7808416110283	n/a	NonTarget	1	272072
1062.9058415629954	n/a	NonTarget	1	272104
1063.0308415149623	n/a	NonTarget	1	272136
1063.1558414669294	n/a	NonTarget	1	272168
1063.2808414188962	n/a	NonTarget	1	272200
1063.405841370863	n/a	NonTarget	1	272232
1063.5308413228302	n/a	NonTarget	1	272264
1063.655841274797	n/a	NonTarget	1	272296
1063.780841226764	n/a	NonTarget	1	272328
1063.905841178731	n/a	NonTarget	1	272360
1064.030841130698	n/a	NonTarget	1	272392
1064.155841082665	n/a	NonTarget	1	272424
1064.2808410346317	n/a	NonTarget	1	272456
1064.4058409865988	n/a	NonTarget	1	272488
1064.5308409385657	n/a	NonTarget	1	272520
1064.6558408905328	n/a	NonTarget	1	272552
1064.7808408424996	n/a	NonTarget	1	272584
1064.9058407944667	n/a	NonTarget	1	272616
1065.0308407464336	n/a	NonTarget	1	272648
1065.1558406984004	n/a	NonTarget	1	272680
1065.2808406503675	n/a	NonTarget	1	272712
1065.4058406023344	n/a	NonTarget	1	272744
1065.5308405543014	n/a	NonTarget	1	272776
1065.6558405062683	n/a	NonTarget	1	272808
1065.7808404582354	n/a	NonTarget	1	272840
1065.9058404102022	n/a	NonTarget	1	272872
1066.030840362169	n/a	NonTarget	1	272904
1066.1558403141362	n/a	NonTarget	1	272936
1066.280840266103	n/a	NonTarget	1	272968
1066.4058402180701	n/a	NonTarget	1	273000
1066.530840170037	n/a	NonTarget	1	273032
1066.655840122004	n/a	NonTarget	1	273064
1066.780840073971	n/a	NonTarget	1	273096
1066.9058400259378	n/a	NonTarget	1	273128
1067.0308399779049	n/a	NonTarget	1	273160
1067.1558399298717	n/a	NonTarget	1	273192
1067.2808398818388	n/a	NonTarget	1	273224
1067.4058398338057	n/a	NonTarget	1	273256
1067.5308397857725	n/a	NonTarget	1	273288
1067.6558397377396	n/a	NonTarget	1	273320
1067.7808396897065	n/a	NonTarget	1	273352
1067.9058396416735	n/a	NonTarget	1	273384
1068.0308395936404	n/a	NonTarget	1	273416
1068.1558395456075	n/a	NonTarget	1	273448
1068.2808394975743	n/a	NonTarget	1	273480
1068.4058394495412	n/a	NonTarget	1	273512
1068.5308394015083	n/a	NonTarget	1	273544
1068.6558393534751	n/a	NonTarget	1	273576
1068.7808393054422	n/a	NonTarget	1	273608
1068.905839257409	n/a	NonTarget	1	273640
1069.0308392093762	n/a	NonTarget	1	273672
1069.155839161343	n/a	NonTarget	1	273704
1069.2808391133099	n/a	NonTarget	1	273736
1069.405839065277	n/a	NonTarget	1	273768
1075.5308367116577	n/a	NonTarget	1	275336
1075.6558366636245	n/a	NonTarget	1	275368
1075.7808366155916	n/a	NonTarget	1	275400
1075.9058365675585	n/a	NonTarget	1	275432
1076.0308365195253	n/a	NonTarget	1	275464
1076.1558364714924	n/a	NonTarget	1	275496
1076.2808364234593	n/a	NonTarget	1	275528
1076.4058363754264	n/a	NonTarget	1	275560
1076.5308363273932	n/a	NonTarget	1	275592
1076.6558362793603	n/a	NonTarget	1	275624
1076.7808362313272	n/a	NonTarget	1	275656
1076.905836183294	n/a	NonTarget	1	275688
1077.030836135261	n/a	NonTarget	1	275720
1077.155836087228	n/a	NonTarget	1	275752
1077.280836039195	n/a	NonTarget	1	275784
1077.405835991162	n/a	NonTarget	1	275816
1077.530835943129	n/a	NonTarget	1	275848
1077.6558358950958	n/a	NonTarget	1	275880
1077.7808358470627	n/a	NonTarget	1	275912
1077.9058357990298	n/a	NonTarget	1	275944
1078.0308357509966	n/a	NonTarget	1	275976
1078.1558357029637	n/a	NonTarget	1	276008
1078.2808356549306	n/a	NonTarget	1	276040
1078.4058356068977	n/a	NonTarget	1	276072
1078.5308355588645	n/a	NonTarget	1	276104
1078.6558355108314	n/a	NonTarget	1	276136
1078.7808354627984	n/a	NonTarget	1	276168
1078.9058354147653	n/a	NonTarget	1	276200
1079.0308353667324	n/a	NonTarget	1	276232
1079.1558353186992	n/a	NonTarget	1	276264
1079.2808352706663	n/a	NonTarget	1	276296
1079.4058352226332	n/a	NonTarget	1	276328
1079.5308351746	n/a	NonTarget	1	276360
1079.6558351265671	n/a	NonTarget	1	276392
1079.780835078534	n/a	NonTarget	1	276424
1079.905835030501	n/a	NonTarget	1	276456
1080.030834982468	n/a	NonTarget	1	276488
1080.155834934435	n/a	NonTarget	1	276520
1080.2808348864019	n/a	NonTarget	1	276552
1080.4058348383687	n/a	NonTarget	1	276584
1080.5308347903358	n/a	NonTarget	1	276616
1080.6558347423027	n/a	NonTarget	1	276648
1080.7808346942697	n/a	NonTarget	1	276680
1080.9058346462366	n/a	NonTarget	1	276712
1081.0308345982037	n/a	NonTarget	1	276744
1081.1558345501705	n/a	NonTarget	1	276776
1081.2808345021374	n/a	NonTarget	1	276808
1081.4058344541045	n/a	NonTarget	1	276840
1081.5308344060713	n/a	NonTarget	1	276872
1081.6558343580384	n/a	NonTarget	1	276904
1081.7808343100053	n/a	NonTarget	1	276936
1081.9058342619724	n/a	NonTarget	1	276968
1082.0308342139392	n/a	NonTarget	1	277000
1082.155834165906	n/a	NonTarget	1	277032
1082.2808341178732	n/a	NonTarget	1	277064
1082.40583406984	n/a	NonTarget	1	277096
1082.530834021807	n/a	NonTarget	1	277128
1082.655833973774	n/a	NonTarget	1	277160
1082.780833925741	n/a	NonTarget	1	277192
1082.905833877708	n/a	NonTarget	1	277224
1083.0308338296747	n/a	NonTarget	1	277256
1083.1558337816418	n/a	NonTarget	1	277288
1083.2808337336087	n/a	NonTarget	1	277320
1083.4058336855758	n/a	NonTarget	1	277352
1083.5308336375426	n/a	NonTarget	1	277384
1083.6558335895095	n/a	NonTarget	1	277416
1083.7808335414766	n/a	NonTarget	1	277448
1083.9058334934434	n/a	NonTarget	1	277480
1084.0308334454105	n/a	NonTarget	1	277512
1084.1558333973774	n/a	NonTarget	1	277544
1084.2808333493444	n/a	NonTarget	1	277576
1084.4058333013113	n/a	NonTarget	1	277608
1084.5308332532782	n/a	NonTarget	1	277640
1084.6558332052452	n/a	NonTarget	1	277672
1084.780833157212	n/a	NonTarget	1	277704
1084.9058331091792	n/a	NonTarget	1	277736
1085.030833061146	n/a	NonTarget	1	277768
1085.1558330131131	n/a	NonTarget	1	277800
1085.28083296508	n/a	NonTarget	1	277832
1085.4058329170468	n/a	NonTarget	1	277864
1085.530832869014	n/a	NonTarget	1	277896
1085.6558328209808	n/a	NonTarget	1	277928
1085.7808327729479	n/a	NonTarget	1	277960
1085.9058327249147	n/a	NonTarget	1	277992
1086.0308326768818	n/a	NonTarget	1	278024
1086.1558326288487	n/a	NonTarget	1	278056
1086.2808325808155	n/a	NonTarget	1	278088
1086.4058325327826	n/a	NonTarget	1	278120
1086.5308324847495	n/a	NonTarget	1	278152
1086.6558324367165	n/a	NonTarget	1	278184
1086.7808323886834	n/a	NonTarget	1	278216
1086.9058323406505	n/a	NonTarget	1	278248
1087.0308322926173	n/a	NonTarget	1	278280
1087.1558322445842	n/a	NonTarget	1	278312
1087.2808321965513	n/a	NonTarget	1	278344
1087.4058321485181	n/a	NonTarget	1	278376
1087.5308321004852	n/a	NonTarget	1	278408
1087.655832052452	n/a	NonTarget	1	278440
1087.7808320044192	n/a	NonTarget	1	278472
1087.905831956386	n/a	NonTarget	1	278504
1088.0308319083529	n/a	NonTarget	1	278536
1088.15583186032	n/a	NonTarget	1	278568
1088.2808318122868	n/a	NonTarget	1	278600
1088.405831764254	n/a	NonTarget	1	278632
1088.5308317162207	n/a	NonTarget	1	278664
1088.6558316681878	n/a	NonTarget	1	278696
1088.7808316201547	n/a	NonTarget	1	278728
1088.9058315721215	n/a	NonTarget	1	278760
1089.0308315240886	n/a	NonTarget	1	278792
1089.1558314760555	n/a	NonTarget	1	278824
1089.2808314280226	n/a	NonTarget	1	278856
1089.4058313799894	n/a	NonTarget	1	278888
1089.5308313319565	n/a	NonTarget	1	278920
1089.6558312839234	n/a	NonTarget	1	278952
1089.7808312358902	n/a	NonTarget	1	278984
1089.9058311878573	n/a	NonTarget	1	279016
1090.0308311398242	n/a	NonTarget	1	279048
1090.1558310917912	n/a	NonTarget	1	279080
1090.280831043758	n/a	NonTarget	1	279112
1090.4058309957252	n/a	NonTarget	1	279144
1096.5308286421057	n/a	NonTarget	1	280712
1096.6558285940728	n/a	NonTarget	1	280744
1096.7808285460396	n/a	NonTarget	1	280776
1096.9058284980067	n/a	NonTarget	1	280808
1097.0308284499736	n/a	NonTarget	1	280840
1097.1558284019407	n/a	NonTarget	1	280872
1097.2808283539075	n/a	NonTarget	1	280904
1097.4058283058744	n/a	NonTarget	1	280936
1097.5308282578414	n/a	NonTarget	1	280968
1097.6558282098083	n/a	NonTarget	1	281000
1097.7808281617754	n/a	NonTarget	1	281032
1097.9058281137422	n/a	NonTarget	1	281064
1098.0308280657093	n/a	NonTarget	1	281096
1098.1558280176762	n/a	NonTarget	1	281128
1098.280827969643	n/a	NonTarget	1	281160
1098.4058279216101	n/a	NonTarget	1	281192
1098.530827873577	n/a	NonTarget	1	281224
1098.655827825544	n/a	NonTarget	1	281256
1098.780827777511	n/a	NonTarget	1	281288
1098.905827729478	n/a	NonTarget	1	281320
1099.0308276814449	n/a	NonTarget	1	281352
1099.1558276334117	n/a	NonTarget	1	281384
1099.2808275853788	n/a	NonTarget	1	281416
1099.4058275373457	n/a	NonTarget	1	281448
1099.5308274893127	n/a	NonTarget	1	281480
1099.6558274412796	n/a	NonTarget	1	281512
1099.7808273932465	n/a	NonTarget	1	281544
1099.9058273452135	n/a	NonTarget	1	281576
1100.0308272971804	n/a	NonTarget	1	281608
1100.1558272491475	n/a	NonTarget	1	281640
1100.2808272011143	n/a	NonTarget	1	281672
1100.4058271530814	n/a	NonTarget	1	281704
1100.5308271050483	n/a	NonTarget	1	281736
1100.6558270570151	n/a	NonTarget	1	281768
1100.7808270089822	n/a	NonTarget	1	281800
1100.905826960949	n/a	NonTarget	1	281832
1101.0308269129162	n/a	NonTarget	1	281864
1101.155826864883	n/a	NonTarget	1	281896
1101.28082681685	n/a	NonTarget	1	281928
1101.405826768817	n/a	NonTarget	1	281960
1101.5308267207838	n/a	NonTarget	1	281992
1101.655826672751	n/a	NonTarget	1	282024
1101.7808266247177	n/a	NonTarget	1	282056
1101.9058265766848	n/a	NonTarget	1	282088
1102.0308265286517	n/a	NonTarget	1	282120
1102.1558264806188	n/a	NonTarget	1	282152
1102.2808264325856	n/a	NonTarget	1	282184
1102.4058263845525	n/a	NonTarget	1	282216
1102.5308263365196	n/a	NonTarget	1	282248
1102.6558262884864	n/a	NonTarget	1	282280
1102.7808262404535	n/a	NonTarget	1	282312
1102.9058261924204	n/a	NonTarget	1	282344
1103.0308261443874	n/a	NonTarget	1	282376
1103.1558260963543	n/a	NonTarget	1	282408
1103.2808260483212	n/a	NonTarget	1	282440
1103.4058260002882	n/a	NonTarget	1	282472
1103.530825952255	n/a	NonTarget	1	282504
1103.6558259042222	n/a	NonTarget	1	282536
1103.780825856189	n/a	NonTarget	1	282568
1103.9058258081561	n/a	NonTarget	1	282600
1104.030825760123	n/a	NonTarget	1	282632
1104.1558257120898	n/a	NonTarget	1	282664
1104.280825664057	n/a	NonTarget	1	282696
1104.4058256160238	n/a	NonTarget	1	282728
1104.5308255679909	n/a	NonTarget	1	282760
1104.6558255199577	n/a	NonTarget	1	282792
1104.7808254719248	n/a	NonTarget	1	282824
1104.9058254238917	n/a	NonTarget	1	282856
1105.0308253758585	n/a	NonTarget	1	282888
1105.1558253278256	n/a	NonTarget	1	282920
1105.2808252797925	n/a	NonTarget	1	282952
1105.4058252317595	n/a	NonTarget	1	282984
1105.5308251837264	n/a	NonTarget	1	283016
1105.6558251356935	n/a	NonTarget	1	283048
1105.7808250876603	n/a	NonTarget	1	283080
1105.9058250396272	n/a	NonTarget	1	283112
1106.0308249915943	n/a	NonTarget	1	283144
1106.1558249435611	n/a	NonTarget	1	283176
1106.2808248955282	n/a	NonTarget	1	283208
1106.405824847495	n/a	NonTarget	1	283240
1106.5308247994622	n/a	NonTarget	1	283272
1106.655824751429	n/a	NonTarget	1	283304
1106.7808247033959	n/a	NonTarget	1	283336
1106.905824655363	n/a	NonTarget	1	283368
1107.0308246073298	n/a	NonTarget	1	283400
1107.155824559297	n/a	NonTarget	1	283432
1107.2808245112637	n/a	NonTarget	1	283464
1107.4058244632308	n/a	NonTarget	1	283496
1107.5308244151977	n/a	NonTarget	1	283528
1107.6558243671645	n/a	NonTarget	1	283560
1107.7808243191316	n/a	NonTarget	1	283592
1107.9058242710985	n/a	NonTarget	1	283624
1108.0308242230656	n/a	NonTarget	1	283656
1108.1558241750324	n/a	NonTarget	1	283688
1108.2808241269993	n/a	NonTarget	1	283720
1108.4058240789664	n/a	NonTarget	1	283752
1108.5308240309332	n/a	NonTarget	1	283784
1108.6558239829003	n/a	NonTarget	1	283816
1108.7808239348672	n/a	NonTarget	1	283848
1108.9058238868342	n/a	NonTarget	1	283880
1109.030823838801	n/a	NonTarget	1	283912
1109.155823790768	n/a	NonTarget	1	283944
1109.280823742735	n/a	NonTarget	1	283976
1109.405823694702	n/a	NonTarget	1	284008
1109.530823646669	n/a	NonTarget	1	284040
1109.6558235986358	n/a	NonTarget	1	284072
1109.780823550603	n/a	NonTarget	1	284104
1109.9058235025698	n/a	NonTarget	1	284136
1110.0308234545366	n/a	NonTarget	1	284168
1110.1558234065037	n/a	NonTarget	1	284200
1110.2808233584706	n/a	NonTarget	1	284232
1110.4058233104377	n/a	NonTarget	1	284264
1110.5308232624045	n/a	NonTarget	1	284296
1110.6558232143716	n/a	NonTarget	1	284328
1110.7808231663385	n/a	NonTarget	1	284360
1110.9058231183053	n/a	NonTarget	1	284392
1111.0308230702724	n/a	NonTarget	1	284424
1111.1558230222392	n/a	NonTarget	1	284456
1111.2808229742063	n/a	NonTarget	1	284488
1111.4058229261732	n/a	NonTarget	1	284520
1117.530820572554	n/a	NonTarget	1	286088
1117.6558205245208	n/a	NonTarget	1	286120
1117.7808204764879	n/a	NonTarget	1	286152
1117.9058204284547	n/a	NonTarget	1	286184
1118.0308203804218	n/a	NonTarget	1	286216
1118.1558203323887	n/a	NonTarget	1	286248
1118.2808202843557	n/a	NonTarget	1	286280
1118.4058202363226	n/a	NonTarget	1	286312
1118.5308201882895	n/a	NonTarget	1	286344
1118.6558201402565	n/a	NonTarget	1	286376
1118.7808200922234	n/a	NonTarget	1	286408
1118.9058200441905	n/a	NonTarget	1	286440
1119.0308199961573	n/a	NonTarget	1	286472
1119.1558199481244	n/a	NonTarget	1	286504
1119.2808199000913	n/a	NonTarget	1	286536
1119.4058198520581	n/a	NonTarget	1	286568
1119.5308198040252	n/a	NonTarget	1	286600
1119.655819755992	n/a	NonTarget	1	286632
1119.7808197079592	n/a	NonTarget	1	286664
1119.905819659926	n/a	NonTarget	1	286696
1120.030819611893	n/a	NonTarget	1	286728
1120.15581956386	n/a	NonTarget	1	286760
1120.2808195158268	n/a	NonTarget	1	286792
1120.405819467794	n/a	NonTarget	1	286824
1120.5308194197607	n/a	NonTarget	1	286856
1120.6558193717278	n/a	NonTarget	1	286888
1120.7808193236947	n/a	NonTarget	1	286920
1120.9058192756618	n/a	NonTarget	1	286952
1121.0308192276286	n/a	NonTarget	1	286984
1121.1558191795955	n/a	NonTarget	1	287016
1121.2808191315626	n/a	NonTarget	1	287048
1121.4058190835294	n/a	NonTarget	1	287080
1121.5308190354965	n/a	NonTarget	1	287112
1121.6558189874634	n/a	NonTarget	1	287144
1121.7808189394304	n/a	NonTarget	1	287176
1121.9058188913973	n/a	NonTarget	1	287208
1122.0308188433642	n/a	NonTarget	1	287240
1122.1558187953312	n/a	NonTarget	1	287272
1122.280818747298	n/a	NonTarget	1	287304
1122.4058186992652	n/a	NonTarget	1	287336
1122.530818651232	n/a	NonTarget	1	287368
1122.6558186031991	n/a	NonTarget	1	287400
1122.780818555166	n/a	NonTarget	1	287432
1122.9058185071328	n/a	NonTarget	1	287464
1123.0308184591	n/a	NonTarget	1	287496
1123.1558184110668	n/a	NonTarget	1	287528
1123.2808183630339	n/a	NonTarget	1	287560
1123.4058183150007	n/a	NonTarget	1	287592
1123.5308182669678	n/a	NonTarget	1	287624
1123.6558182189347	n/a	NonTarget	1	287656
1123.7808181709015	n/a	NonTarget	1	287688
1123.9058181228686	n/a	NonTarget	1	287720
1124.0308180748355	n/a	NonTarget	1	287752
1124.1558180268025	n/a	NonTarget	1	287784
1124.2808179787694	n/a	NonTarget	1	287816
1124.4058179307362	n/a	NonTarget	1	287848
1124.5308178827033	n/a	NonTarget	1	287880
1124.6558178346702	n/a	NonTarget	1	287912
1124.7808177866373	n/a	NonTarget	1	287944
1124.9058177386041	n/a	NonTarget	1	287976
1125.0308176905712	n/a	NonTarget	1	288008
1125.155817642538	n/a	NonTarget	1	288040
1125.280817594505	n/a	NonTarget	1	288072
1125.405817546472	n/a	NonTarget	1	288104
1125.5308174984389	n/a	NonTarget	1	288136
1125.655817450406	n/a	NonTarget	1	288168
1125.7808174023728	n/a	NonTarget	1	288200
1125.90581735434	n/a	NonTarget	1	288232
1126.0308173063067	n/a	NonTarget	1	288264
1126.1558172582736	n/a	NonTarget	1	288296
1126.2808172102407	n/a	NonTarget	1	288328
1126.4058171622075	n/a	NonTarget	1	288360
1126.5308171141746	n/a	NonTarget	1	288392
1126.6558170661415	n/a	NonTarget	1	288424
1126.7808170181086	n/a	NonTarget	1	288456
1126.9058169700754	n/a	NonTarget	1	288488
1127.0308169220423	n/a	NonTarget	1	288520
1127.1558168740094	n/a	NonTarget	1	288552
1127.2808168259762	n/a	NonTarget	1	288584
1127.4058167779433	n/a	NonTarget	1	288616
1127.5308167299102	n/a	NonTarget	1	288648
1127.6558166818772	n/a	NonTarget	1	288680
1127.780816633844	n/a	NonTarget	1	288712
1127.905816585811	n/a	NonTarget	1	288744
1128.030816537778	n/a	NonTarget	1	288776
1128.155816489745	n/a	NonTarget	1	288808
1128.280816441712	n/a	NonTarget	1	288840
1128.4058163936788	n/a	NonTarget	1	288872
1128.530816345646	n/a	NonTarget	1	288904
1128.6558162976128	n/a	NonTarget	1	288936
1128.7808162495796	n/a	NonTarget	1	288968
1128.9058162015467	n/a	NonTarget	1	289000
1129.0308161535136	n/a	NonTarget	1	289032
1129.1558161054807	n/a	NonTarget	1	289064
1129.2808160574475	n/a	NonTarget	1	289096
1129.4058160094146	n/a	NonTarget	1	289128
1129.5308159613814	n/a	NonTarget	1	289160
1129.6558159133483	n/a	NonTarget	1	289192
1129.7808158653154	n/a	NonTarget	1	289224
1129.9058158172822	n/a	NonTarget	1	289256
1130.0308157692493	n/a	NonTarget	1	289288
1130.1558157212162	n/a	NonTarget	1	289320
1130.2808156731833	n/a	NonTarget	1	289352
1130.4058156251501	n/a	NonTarget	1	289384
1130.530815577117	n/a	NonTarget	1	289416
1130.655815529084	n/a	NonTarget	1	289448
1130.780815481051	n/a	NonTarget	1	289480
1130.905815433018	n/a	NonTarget	1	289512
1131.0308153849849	n/a	NonTarget	1	289544
1131.155815336952	n/a	NonTarget	1	289576
1131.2808152889188	n/a	NonTarget	1	289608
1131.4058152408857	n/a	NonTarget	1	289640
1131.5308151928527	n/a	NonTarget	1	289672
1131.6558151448196	n/a	NonTarget	1	289704
1131.7808150967867	n/a	NonTarget	1	289736
1131.9058150487535	n/a	NonTarget	1	289768
1132.0308150007206	n/a	NonTarget	1	289800
1132.1558149526875	n/a	NonTarget	1	289832
1132.2808149046543	n/a	NonTarget	1	289864
1132.4058148566214	n/a	NonTarget	1	289896
1138.5308125030022	n/a	NonTarget	1	291464
1138.655812454969	n/a	NonTarget	1	291496
1138.780812406936	n/a	NonTarget	1	291528
1138.905812358903	n/a	NonTarget	1	291560
1139.0308123108698	n/a	NonTarget	1	291592
1139.155812262837	n/a	NonTarget	1	291624
1139.2808122148037	n/a	NonTarget	1	291656
1139.4058121667708	n/a	NonTarget	1	291688
1139.5308121187377	n/a	NonTarget	1	291720
1139.6558120707048	n/a	NonTarget	1	291752
1139.7808120226716	n/a	NonTarget	1	291784
1139.9058119746385	n/a	NonTarget	1	291816
1140.0308119266056	n/a	NonTarget	1	291848
1140.1558118785724	n/a	NonTarget	1	291880
1140.2808118305395	n/a	NonTarget	1	291912
1140.4058117825064	n/a	NonTarget	1	291944
1140.5308117344734	n/a	NonTarget	1	291976
1140.6558116864403	n/a	NonTarget	1	292008
1140.7808116384072	n/a	NonTarget	1	292040
1140.9058115903742	n/a	NonTarget	1	292072
1141.030811542341	n/a	NonTarget	1	292104
1141.1558114943082	n/a	NonTarget	1	292136
1141.280811446275	n/a	NonTarget	1	292168
1141.405811398242	n/a	NonTarget	1	292200
1141.530811350209	n/a	NonTarget	1	292232
1141.6558113021758	n/a	NonTarget	1	292264
1141.780811254143	n/a	NonTarget	1	292296
1141.9058112061098	n/a	NonTarget	1	292328
1142.0308111580769	n/a	NonTarget	1	292360
1142.1558111100437	n/a	NonTarget	1	292392
1142.2808110620106	n/a	NonTarget	1	292424
1142.4058110139777	n/a	NonTarget	1	292456
1142.5308109659445	n/a	NonTarget	1	292488
1142.6558109179116	n/a	NonTarget	1	292520
1142.7808108698785	n/a	NonTarget	1	292552
1142.9058108218455	n/a	NonTarget	1	292584
1143.0308107738124	n/a	NonTarget	1	292616
1143.1558107257792	n/a	NonTarget	1	292648
1143.2808106777463	n/a	NonTarget	1	292680
1143.4058106297132	n/a	NonTarget	1	292712
1143.5308105816803	n/a	NonTarget	1	292744
1143.6558105336471	n/a	NonTarget	1	292776
1143.7808104856142	n/a	NonTarget	1	292808
1143.905810437581	n/a	NonTarget	1	292840
1144.030810389548	n/a	NonTarget	1	292872
1144.155810341515	n/a	NonTarget	1	292904
1144.2808102934819	n/a	NonTarget	1	292936
1144.405810245449	n/a	NonTarget	1	292968
1144.5308101974158	n/a	NonTarget	1	293000
1144.655810149383	n/a	NonTarget	1	293032
1144.7808101013497	n/a	NonTarget	1	293064
1144.9058100533166	n/a	NonTarget	1	293096
1145.0308100052837	n/a	NonTarget	1	293128
1145.1558099572505	n/a	NonTarget	1	293160
1145.2808099092176	n/a	NonTarget	1	293192
1145.4058098611845	n/a	NonTarget	1	293224
1145.5308098131516	n/a	NonTarget	1	293256
1145.6558097651184	n/a	NonTarget	1	293288
1145.7808097170853	n/a	NonTarget	1	293320
1145.9058096690524	n/a	NonTarget	1	293352
1146.0308096210192	n/a	NonTarget	1	293384
1146.1558095729863	n/a	NonTarget	1	293416
1146.2808095249532	n/a	NonTarget	1	293448
1146.4058094769202	n/a	NonTarget	1	293480
1146.530809428887	n/a	NonTarget	1	293512
1146.655809380854	n/a	NonTarget	1	293544
1146.780809332821	n/a	NonTarget	1	293576
1146.905809284788	n/a	NonTarget	1	293608
1147.030809236755	n/a	NonTarget	1	293640
1147.1558091887218	n/a	NonTarget	1	293672
1147.280809140689	n/a	NonTarget	1	293704
1147.4058090926558	n/a	NonTarget	1	293736
1147.5308090446226	n/a	NonTarget	1	293768
1147.6558089965897	n/a	NonTarget	1	293800
1147.7808089485566	n/a	NonTarget	1	293832
1147.9058089005237	n/a	NonTarget	1	293864
1148.0308088524905	n/a	NonTarget	1	293896
1148.1558088044576	n/a	NonTarget	1	293928
1148.2808087564244	n/a	NonTarget	1	293960
1148.4058087083913	n/a	NonTarget	1	293992
1148.5308086603584	n/a	NonTarget	1	294024
1148.6558086123252	n/a	NonTarget	1	294056
1148.7808085642923	n/a	NonTarget	1	294088
1148.9058085162592	n/a	NonTarget	1	294120
1149.030808468226	n/a	NonTarget	1	294152
1149.1558084201931	n/a	NonTarget	1	294184
1149.28080837216	n/a	NonTarget	1	294216
1149.405808324127	n/a	NonTarget	1	294248
1149.530808276094	n/a	NonTarget	1	294280
1149.655808228061	n/a	NonTarget	1	294312
1149.7808081800279	n/a	NonTarget	1	294344
1149.9058081319947	n/a	NonTarget	1	294376
1150.0308080839618	n/a	NonTarget	1	294408
1150.1558080359287	n/a	NonTarget	1	294440
1150.2808079878957	n/a	NonTarget	1	294472
1150.4058079398626	n/a	NonTarget	1	294504
1150.5308078918297	n/a	NonTarget	1	294536
1150.6558078437965	n/a	NonTarget	1	294568
1150.7808077957634	n/a	NonTarget	1	294600
1150.9058077477305	n/a	NonTarget	1	294632
1151.0308076996973	n/a	NonTarget	1	294664
1151.1558076516644	n/a	NonTarget	1	294696
1151.2808076036313	n/a	NonTarget	1	294728
1151.4058075555984	n/a	NonTarget	1	294760
1151.5308075075652	n/a	NonTarget	1	294792
1151.655807459532	n/a	NonTarget	1	294824
1151.7808074114992	n/a	NonTarget	1	294856
1151.905807363466	n/a	NonTarget	1	294888
1152.030807315433	n/a	NonTarget	1	294920
1152.1558072674	n/a	NonTarget	1	294952
1152.280807219367	n/a	NonTarget	1	294984
1152.405807171334	n/a	NonTarget	1	295016
1152.5308071233007	n/a	NonTarget	1	295048
1152.6558070752678	n/a	NonTarget	1	295080
1152.7808070272347	n/a	NonTarget	1	295112
1152.9058069792018	n/a	NonTarget	1	295144
1153.0308069311686	n/a	NonTarget	1	295176
1153.1558068831357	n/a	NonTarget	1	295208
1153.2808068351026	n/a	NonTarget	1	295240
1153.4058067870694	n/a	NonTarget	1	295272
1159.5308044334502	n/a	NonTarget	1	296840
1159.6558043854172	n/a	NonTarget	1	296872
1159.780804337384	n/a	NonTarget	1	296904
1159.9058042893512	n/a	NonTarget	1	296936
1160.030804241318	n/a	NonTarget	1	296968
1160.155804193285	n/a	NonTarget	1	297000
1160.280804145252	n/a	NonTarget	1	297032
1160.4058040972188	n/a	NonTarget	1	297064
1160.530804049186	n/a	NonTarget	1	297096
1160.6558040011528	n/a	NonTarget	1	297128
1160.7808039531199	n/a	NonTarget	1	297160
1160.9058039050867	n/a	NonTarget	1	297192
1161.0308038570536	n/a	NonTarget	1	297224
1161.1558038090207	n/a	NonTarget	1	297256
1161.2808037609875	n/a	NonTarget	1	297288
1161.4058037129546	n/a	NonTarget	1	297320
1161.5308036649215	n/a	NonTarget	1	297352
1161.6558036168885	n/a	NonTarget	1	297384
1161.7808035688554	n/a	NonTarget	1	297416
1161.9058035208222	n/a	NonTarget	1	297448
1162.0308034727893	n/a	NonTarget	1	297480
1162.1558034247562	n/a	NonTarget	1	297512
1162.2808033767233	n/a	NonTarget	1	297544
1162.4058033286901	n/a	NonTarget	1	297576
1162.5308032806572	n/a	NonTarget	1	297608
1162.655803232624	n/a	NonTarget	1	297640
1162.780803184591	n/a	NonTarget	1	297672
1162.905803136558	n/a	NonTarget	1	297704
1163.0308030885249	n/a	NonTarget	1	297736
1163.155803040492	n/a	NonTarget	1	297768
1163.2808029924588	n/a	NonTarget	1	297800
1163.405802944426	n/a	NonTarget	1	297832
1163.5308028963927	n/a	NonTarget	1	297864
1163.6558028483596	n/a	NonTarget	1	297896
1163.7808028003267	n/a	NonTarget	1	297928
1163.9058027522935	n/a	NonTarget	1	297960
1164.0308027042606	n/a	NonTarget	1	297992
1164.1558026562275	n/a	NonTarget	1	298024
1164.2808026081946	n/a	NonTarget	1	298056
1164.4058025601614	n/a	NonTarget	1	298088
1164.5308025121283	n/a	NonTarget	1	298120
1164.6558024640954	n/a	NonTarget	1	298152
1164.7808024160622	n/a	NonTarget	1	298184
1164.9058023680293	n/a	NonTarget	1	298216
1165.0308023199962	n/a	NonTarget	1	298248
1165.1558022719632	n/a	NonTarget	1	298280
1165.28080222393	n/a	NonTarget	1	298312
1165.405802175897	n/a	NonTarget	1	298344
1165.530802127864	n/a	NonTarget	1	298376
1165.655802079831	n/a	NonTarget	1	298408
1165.780802031798	n/a	NonTarget	1	298440
1165.9058019837648	n/a	NonTarget	1	298472
1166.0308019357317	n/a	NonTarget	1	298504
1166.1558018876988	n/a	NonTarget	1	298536
1166.2808018396656	n/a	NonTarget	1	298568
1166.4058017916327	n/a	NonTarget	1	298600
1166.5308017435996	n/a	NonTarget	1	298632
1166.6558016955667	n/a	NonTarget	1	298664
1166.7808016475335	n/a	NonTarget	1	298696
1166.9058015995004	n/a	NonTarget	1	298728
1167.0308015514674	n/a	NonTarget	1	298760
1167.1558015034343	n/a	NonTarget	1	298792
1167.2808014554014	n/a	NonTarget	1	298824
1167.4058014073682	n/a	NonTarget	1	298856
1167.5308013593353	n/a	NonTarget	1	298888
1167.6558013113022	n/a	NonTarget	1	298920
1167.780801263269	n/a	NonTarget	1	298952
1167.9058012152361	n/a	NonTarget	1	298984
1168.030801167203	n/a	NonTarget	1	299016
1168.15580111917	n/a	NonTarget	1	299048
1168.280801071137	n/a	NonTarget	1	299080
1168.405801023104	n/a	NonTarget	1	299112
1168.5308009750709	n/a	NonTarget	1	299144
1168.6558009270377	n/a	NonTarget	1	299176
1168.7808008790048	n/a	NonTarget	1	299208
1168.9058008309717	n/a	NonTarget	1	299240
1169.0308007829387	n/a	NonTarget	1	299272
1169.1558007349056	n/a	NonTarget	1	299304
1169.2808006868727	n/a	NonTarget	1	299336
1169.4058006388395	n/a	NonTarget	1	299368
1169.5308005908064	n/a	NonTarget	1	299400
1169.6558005427735	n/a	NonTarget	1	299432
1169.7808004947403	n/a	NonTarget	1	299464
1169.9058004467074	n/a	NonTarget	1	299496
1170.0308003986743	n/a	NonTarget	1	299528
1170.1558003506414	n/a	NonTarget	1	299560
1170.2808003026082	n/a	NonTarget	1	299592
1170.405800254575	n/a	NonTarget	1	299624
1170.5308002065422	n/a	NonTarget	1	299656
1170.655800158509	n/a	NonTarget	1	299688
1170.780800110476	n/a	NonTarget	1	299720
1170.905800062443	n/a	NonTarget	1	299752
1171.03080001441	n/a	NonTarget	1	299784
1171.155799966377	n/a	NonTarget	1	299816
1171.2807999183437	n/a	NonTarget	1	299848
1171.4057998703108	n/a	NonTarget	1	299880
1171.5307998222777	n/a	NonTarget	1	299912
1171.6557997742448	n/a	NonTarget	1	299944
1171.7807997262116	n/a	NonTarget	1	299976
1171.9057996781787	n/a	NonTarget	1	300008
1172.0307996301456	n/a	NonTarget	1	300040
1172.1557995821124	n/a	NonTarget	1	300072
1172.2807995340795	n/a	NonTarget	1	300104
1172.4057994860464	n/a	NonTarget	1	300136
1172.5307994380134	n/a	NonTarget	1	300168
1172.6557993899803	n/a	NonTarget	1	300200
1172.7807993419474	n/a	NonTarget	1	300232
1172.9057992939142	n/a	NonTarget	1	300264
1173.030799245881	n/a	NonTarget	1	300296
1173.1557991978482	n/a	NonTarget	1	300328
1173.280799149815	n/a	NonTarget	1	300360
1173.4057991017821	n/a	NonTarget	1	300392
1173.530799053749	n/a	NonTarget	1	300424
1173.6557990057158	n/a	NonTarget	1	300456
1173.780798957683	n/a	NonTarget	1	300488
1173.9057989096498	n/a	NonTarget	1	300520
1174.0307988616169	n/a	NonTarget	1	300552
1174.1557988135837	n/a	NonTarget	1	300584
1174.2807987655508	n/a	NonTarget	1	300616
1174.4057987175177	n/a	NonTarget	1	300648
1180.5307963638984	n/a	NonTarget	1	302216
1180.6557963158652	n/a	NonTarget	1	302248
1180.7807962678323	n/a	NonTarget	1	302280
1180.9057962197992	n/a	NonTarget	1	302312
1181.0307961717663	n/a	NonTarget	1	302344
1181.1557961237331	n/a	NonTarget	1	302376
1181.2807960757002	n/a	NonTarget	1	302408
1181.405796027667	n/a	NonTarget	1	302440
1181.530795979634	n/a	NonTarget	1	302472
1181.655795931601	n/a	NonTarget	1	302504
1181.7807958835679	n/a	NonTarget	1	302536
1181.905795835535	n/a	NonTarget	1	302568
1182.0307957875018	n/a	NonTarget	1	302600
1182.1557957394687	n/a	NonTarget	1	302632
1182.2807956914357	n/a	NonTarget	1	302664
1182.4057956434026	n/a	NonTarget	1	302696
1182.5307955953697	n/a	NonTarget	1	302728
1182.6557955473365	n/a	NonTarget	1	302760
1182.7807954993036	n/a	NonTarget	1	302792
1182.9057954512705	n/a	NonTarget	1	302824
1183.0307954032373	n/a	NonTarget	1	302856
1183.1557953552044	n/a	NonTarget	1	302888
1183.2807953071713	n/a	NonTarget	1	302920
1183.4057952591384	n/a	NonTarget	1	302952
1183.5307952111052	n/a	NonTarget	1	302984
1183.6557951630723	n/a	NonTarget	1	303016
1183.7807951150392	n/a	NonTarget	1	303048
1183.905795067006	n/a	NonTarget	1	303080
1184.030795018973	n/a	NonTarget	1	303112
1184.15579497094	n/a	NonTarget	1	303144
1184.280794922907	n/a	NonTarget	1	303176
1184.405794874874	n/a	NonTarget	1	303208
1184.530794826841	n/a	NonTarget	1	303240
1184.6557947788078	n/a	NonTarget	1	303272
1184.7807947307747	n/a	NonTarget	1	303304
1184.9057946827418	n/a	NonTarget	1	303336
1185.0307946347086	n/a	NonTarget	1	303368
1185.1557945866757	n/a	NonTarget	1	303400
1185.2807945386426	n/a	NonTarget	1	303432
1185.4057944906097	n/a	NonTarget	1	303464
1185.5307944425765	n/a	NonTarget	1	303496
1185.6557943945434	n/a	NonTarget	1	303528
1185.7807943465104	n/a	NonTarget	1	303560
1185.9057942984773	n/a	NonTarget	1	303592
1186.0307942504444	n/a	NonTarget	1	303624
1186.1557942024112	n/a	NonTarget	1	303656
1186.2807941543783	n/a	NonTarget	1	303688
1186.4057941063452	n/a	NonTarget	1	303720
1186.530794058312	n/a	NonTarget	1	303752
1186.6557940102791	n/a	NonTarget	1	303784
1186.780793962246	n/a	NonTarget	1	303816
1186.905793914213	n/a	NonTarget	1	303848
1187.03079386618	n/a	NonTarget	1	303880
1187.155793818147	n/a	NonTarget	1	303912
1187.2807937701139	n/a	NonTarget	1	303944
1187.4057937220807	n/a	NonTarget	1	303976
1187.5307936740478	n/a	NonTarget	1	304008
1187.6557936260147	n/a	NonTarget	1	304040
1187.7807935779817	n/a	NonTarget	1	304072
1187.9057935299486	n/a	NonTarget	1	304104
1188.0307934819157	n/a	NonTarget	1	304136
1188.1557934338825	n/a	NonTarget	1	304168
1188.2807933858494	n/a	NonTarget	1	304200
1188.4057933378165	n/a	NonTarget	1	304232
1188.5307932897833	n/a	NonTarget	1	304264
1188.6557932417504	n/a	NonTarget	1	304296
1188.7807931937173	n/a	NonTarget	1	304328
1188.9057931456844	n/a	NonTarget	1	304360
1189.0307930976512	n/a	NonTarget	1	304392
1189.155793049618	n/a	NonTarget	1	304424
1189.2807930015852	n/a	NonTarget	1	304456
1189.405792953552	n/a	NonTarget	1	304488
1189.530792905519	n/a	NonTarget	1	304520
1189.655792857486	n/a	NonTarget	1	304552
1189.7807928094528	n/a	NonTarget	1	304584
1189.90579276142	n/a	NonTarget	1	304616
1190.0307927133867	n/a	NonTarget	1	304648
1190.1557926653538	n/a	NonTarget	1	304680
1190.2807926173207	n/a	NonTarget	1	304712
1190.4057925692878	n/a	NonTarget	1	304744
1190.5307925212546	n/a	NonTarget	1	304776
1190.6557924732215	n/a	NonTarget	1	304808
1190.7807924251886	n/a	NonTarget	1	304840
1190.9057923771554	n/a	NonTarget	1	304872
1191.0307923291225	n/a	NonTarget	1	304904
1191.1557922810894	n/a	NonTarget	1	304936
1191.2807922330564	n/a	NonTarget	1	304968
1191.4057921850233	n/a	NonTarget	1	305000
1191.5307921369902	n/a	NonTarget	1	305032
1191.6557920889572	n/a	NonTarget	1	305064
1191.780792040924	n/a	NonTarget	1	305096
1191.9057919928912	n/a	NonTarget	1	305128
1192.030791944858	n/a	NonTarget	1	305160
1192.1557918968251	n/a	NonTarget	1	305192
1192.280791848792	n/a	NonTarget	1	305224
1192.4057918007588	n/a	NonTarget	1	305256
1192.530791752726	n/a	NonTarget	1	305288
1192.6557917046928	n/a	NonTarget	1	305320
1192.7807916566599	n/a	NonTarget	1	305352
1192.9057916086267	n/a	NonTarget	1	305384
1193.0307915605938	n/a	NonTarget	1	305416
1193.1557915125607	n/a	NonTarget	1	305448
1193.2807914645275	n/a	NonTarget	1	305480
1193.4057914164946	n/a	NonTarget	1	305512
1193.5307913684615	n/a	NonTarget	1	305544
1193.6557913204285	n/a	NonTarget	1	305576
1193.7807912723954	n/a	NonTarget	1	305608
1193.9057912243625	n/a	NonTarget	1	305640
1194.0307911763293	n/a	NonTarget	1	305672
1194.1557911282962	n/a	NonTarget	1	305704
1194.2807910802633	n/a	NonTarget	1	305736
1194.4057910322301	n/a	NonTarget	1	305768
1194.5307909841972	n/a	NonTarget	1	305800
1194.655790936164	n/a	NonTarget	1	305832
1194.7807908881312	n/a	NonTarget	1	305864
1194.905790840098	n/a	NonTarget	1	305896
1195.0307907920649	n/a	NonTarget	1	305928
1195.155790744032	n/a	NonTarget	1	305960
1195.2807906959988	n/a	NonTarget	1	305992
1195.405790647966	n/a	NonTarget	1	306024
1201.5307882943466	n/a	NonTarget	1	307592
1201.6557882463135	n/a	NonTarget	1	307624
1201.7807881982803	n/a	NonTarget	1	307656
1201.9057881502474	n/a	NonTarget	1	307688
1202.0307881022143	n/a	NonTarget	1	307720
1202.1557880541814	n/a	NonTarget	1	307752
1202.2807880061482	n/a	NonTarget	1	307784
1202.4057879581153	n/a	NonTarget	1	307816
1202.5307879100822	n/a	NonTarget	1	307848
1202.655787862049	n/a	NonTarget	1	307880
1202.780787814016	n/a	NonTarget	1	307912
1202.905787765983	n/a	NonTarget	1	307944
1203.03078771795	n/a	NonTarget	1	307976
1203.155787669917	n/a	NonTarget	1	308008
1203.280787621884	n/a	NonTarget	1	308040
1203.4057875738508	n/a	NonTarget	1	308072
1203.5307875258177	n/a	NonTarget	1	308104
1203.6557874777848	n/a	NonTarget	1	308136
1203.7807874297516	n/a	NonTarget	1	308168
1203.9057873817187	n/a	NonTarget	1	308200
1204.0307873336856	n/a	NonTarget	1	308232
1204.1557872856527	n/a	NonTarget	1	308264
1204.2807872376195	n/a	NonTarget	1	308296
1204.4057871895864	n/a	NonTarget	1	308328
1204.5307871415534	n/a	NonTarget	1	308360
1204.6557870935203	n/a	NonTarget	1	308392
1204.7807870454874	n/a	NonTarget	1	308424
1204.9057869974542	n/a	NonTarget	1	308456
1205.0307869494213	n/a	NonTarget	1	308488
1205.1557869013882	n/a	NonTarget	1	308520
1205.280786853355	n/a	NonTarget	1	308552
1205.4057868053221	n/a	NonTarget	1	308584
1205.530786757289	n/a	NonTarget	1	308616
1205.655786709256	n/a	NonTarget	1	308648
1205.780786661223	n/a	NonTarget	1	308680
1205.90578661319	n/a	NonTarget	1	308712
1206.0307865651569	n/a	NonTarget	1	308744
1206.1557865171237	n/a	NonTarget	1	308776
1206.2807864690908	n/a	NonTarget	1	308808
1206.4057864210577	n/a	NonTarget	1	308840
1206.5307863730247	n/a	NonTarget	1	308872
1206.6557863249916	n/a	NonTarget	1	308904
1206.7807862769585	n/a	NonTarget	1	308936
1206.9057862289255	n/a	NonTarget	1	308968
1207.0307861808924	n/a	NonTarget	1	309000
1207.1557861328595	n/a	NonTarget	1	309032
1207.2807860848263	n/a	NonTarget	1	309064
1207.4057860367934	n/a	NonTarget	1	309096
1207.5307859887603	n/a	NonTarget	1	309128
1207.6557859407271	n/a	NonTarget	1	309160
1207.7807858926942	n/a	NonTarget	1	309192
1207.905785844661	n/a	NonTarget	1	309224
1208.0307857966282	n/a	NonTarget	1	309256
1208.155785748595	n/a	NonTarget	1	309288
1208.280785700562	n/a	NonTarget	1	309320
1208.405785652529	n/a	NonTarget	1	309352
1208.5307856044958	n/a	NonTarget	1	309384
1208.655785556463	n/a	NonTarget	1	309416
1208.7807855084297	n/a	NonTarget	1	309448
1208.9057854603968	n/a	NonTarget	1	309480
1209.0307854123637	n/a	NonTarget	1	309512
1209.1557853643308	n/a	NonTarget	1	309544
1209.2807853162976	n/a	NonTarget	1	309576
1209.4057852682645	n/a	NonTarget	1	309608
1209.5307852202316	n/a	NonTarget	1	309640
1209.6557851721984	n/a	NonTarget	1	309672
1209.7807851241655	n/a	NonTarget	1	309704
1209.9057850761324	n/a	NonTarget	1	309736
1210.0307850280994	n/a	NonTarget	1	309768
1210.1557849800663	n/a	NonTarget	1	309800
1210.2807849320332	n/a	NonTarget	1	309832
1210.4057848840002	n/a	NonTarget	1	309864
1210.530784835967	n/a	NonTarget	1	309896
1210.6557847879342	n/a	NonTarget	1	309928
1210.780784739901	n/a	NonTarget	1	309960
1210.9057846918681	n/a	NonTarget	1	309992
1211.030784643835	n/a	NonTarget	1	310024
1211.1557845958018	n/a	NonTarget	1	310056
1211.280784547769	n/a	NonTarget	1	310088
1211.4057844997358	n/a	NonTarget	1	310120
1211.5307844517029	n/a	NonTarget	1	310152
1211.6557844036697	n/a	NonTarget	1	310184
1211.7807843556368	n/a	NonTarget	1	310216
1211.9057843076037	n/a	NonTarget	1	310248
1212.0307842595705	n/a	NonTarget	1	310280
1212.1557842115376	n/a	NonTarget	1	310312
1212.2807841635044	n/a	NonTarget	1	310344
1212.4057841154715	n/a	NonTarget	1	310376
1212.5307840674384	n/a	NonTarget	1	310408
1212.6557840194055	n/a	NonTarget	1	310440
1212.7807839713723	n/a	NonTarget	1	310472
1212.9057839233392	n/a	NonTarget	1	310504
1213.0307838753063	n/a	NonTarget	1	310536
1213.1557838272731	n/a	NonTarget	1	310568
1213.2807837792402	n/a	NonTarget	1	310600
1213.405783731207	n/a	NonTarget	1	310632
1213.5307836831741	n/a	NonTarget	1	310664
1213.655783635141	n/a	NonTarget	1	310696
1213.7807835871079	n/a	NonTarget	1	310728
1213.905783539075	n/a	NonTarget	1	310760
1214.0307834910418	n/a	NonTarget	1	310792
1214.1557834430089	n/a	NonTarget	1	310824
1214.2807833949757	n/a	NonTarget	1	310856
1214.4057833469426	n/a	NonTarget	1	310888
1214.5307832989097	n/a	NonTarget	1	310920
1214.6557832508765	n/a	NonTarget	1	310952
1214.7807832028436	n/a	NonTarget	1	310984
1214.9057831548105	n/a	NonTarget	1	311016
1215.0307831067776	n/a	NonTarget	1	311048
1215.1557830587444	n/a	NonTarget	1	311080
1215.2807830107113	n/a	NonTarget	1	311112
1215.4057829626784	n/a	NonTarget	1	311144
1215.5307829146452	n/a	NonTarget	1	311176
1215.6557828666123	n/a	NonTarget	1	311208
1215.7807828185792	n/a	NonTarget	1	311240
1215.9057827705462	n/a	NonTarget	1	311272
1216.030782722513	n/a	NonTarget	1	311304
1216.15578267448	n/a	NonTarget	1	311336
1216.280782626447	n/a	NonTarget	1	311368
1216.405782578414	n/a	NonTarget	1	311400
1222.5307802247946	n/a	NonTarget	1	312968
1222.6557801767617	n/a	NonTarget	1	313000
1222.7807801287286	n/a	NonTarget	1	313032
1222.9057800806954	n/a	NonTarget	1	313064
1223.0307800326625	n/a	NonTarget	1	313096
1223.1557799846294	n/a	NonTarget	1	313128
1223.2807799365964	n/a	NonTarget	1	313160
1223.4057798885633	n/a	NonTarget	1	313192
1223.5307798405304	n/a	NonTarget	1	313224
1223.6557797924972	n/a	NonTarget	1	313256
1223.780779744464	n/a	NonTarget	1	313288
1223.9057796964312	n/a	NonTarget	1	313320
1224.030779648398	n/a	NonTarget	1	313352
1224.1557796003651	n/a	NonTarget	1	313384
1224.280779552332	n/a	NonTarget	1	313416
1224.405779504299	n/a	NonTarget	1	313448
1224.530779456266	n/a	NonTarget	1	313480
1224.6557794082328	n/a	NonTarget	1	313512
1224.7807793601999	n/a	NonTarget	1	313544
1224.9057793121667	n/a	NonTarget	1	313576
1225.0307792641338	n/a	NonTarget	1	313608
1225.1557792161007	n/a	NonTarget	1	313640
1225.2807791680677	n/a	NonTarget	1	313672
1225.4057791200346	n/a	NonTarget	1	313704
1225.5307790720015	n/a	NonTarget	1	313736
1225.6557790239685	n/a	NonTarget	1	313768
1225.7807789759354	n/a	NonTarget	1	313800
1225.9057789279025	n/a	NonTarget	1	313832
1226.0307788798693	n/a	NonTarget	1	313864
1226.1557788318364	n/a	NonTarget	1	313896
1226.2807787838033	n/a	NonTarget	1	313928
1226.4057787357701	n/a	NonTarget	1	313960
1226.5307786877372	n/a	NonTarget	1	313992
1226.655778639704	n/a	NonTarget	1	314024
1226.7807785916712	n/a	NonTarget	1	314056
1226.905778543638	n/a	NonTarget	1	314088
1227.030778495605	n/a	NonTarget	1	314120
1227.155778447572	n/a	NonTarget	1	314152
1227.2807783995388	n/a	NonTarget	1	314184
1227.405778351506	n/a	NonTarget	1	314216
1227.5307783034727	n/a	NonTarget	1	314248
1227.6557782554398	n/a	NonTarget	1	314280
1227.7807782074067	n/a	NonTarget	1	314312
1227.9057781593738	n/a	NonTarget	1	314344
1228.0307781113406	n/a	NonTarget	1	314376
1228.1557780633075	n/a	NonTarget	1	314408
1228.2807780152746	n/a	NonTarget	1	314440
1228.4057779672414	n/a	NonTarget	1	314472
1228.5307779192085	n/a	NonTarget	1	314504
1228.6557778711754	n/a	NonTarget	1	314536
1228.7807778231424	n/a	NonTarget	1	314568
1228.9057777751093	n/a	NonTarget	1	314600
1229.0307777270762	n/a	NonTarget	1	314632
1229.1557776790432	n/a	NonTarget	1	314664
1229.28077763101	n/a	NonTarget	1	314696
1229.4057775829772	n/a	NonTarget	1	314728
1229.530777534944	n/a	NonTarget	1	314760
1229.6557774869111	n/a	NonTarget	1	314792
1229.780777438878	n/a	NonTarget	1	314824
1229.9057773908448	n/a	NonTarget	1	314856
1230.030777342812	n/a	NonTarget	1	314888
1230.1557772947788	n/a	NonTarget	1	314920
1230.2807772467459	n/a	NonTarget	1	314952
1230.4057771987127	n/a	NonTarget	1	314984
1230.5307771506798	n/a	NonTarget	1	315016
1230.6557771026467	n/a	NonTarget	1	315048
1230.7807770546135	n/a	NonTarget	1	315080
1230.9057770065806	n/a	NonTarget	1	315112
1231.0307769585474	n/a	NonTarget	1	315144
1231.1557769105145	n/a	NonTarget	1	315176
1231.2807768624814	n/a	NonTarget	1	315208
1231.4057768144482	n/a	NonTarget	1	315240
1231.5307767664153	n/a	NonTarget	1	315272
1231.6557767183822	n/a	NonTarget	1	315304
1231.7807766703493	n/a	NonTarget	1	315336
1231.9057766223161	n/a	NonTarget	1	315368
1232.0307765742832	n/a	NonTarget	1	315400
1232.15577652625	n/a	NonTarget	1	315432
1232.280776478217	n/a	NonTarget	1	315464
1232.405776430184	n/a	NonTarget	1	315496
1232.5307763821509	n/a	NonTarget	1	315528
1232.655776334118	n/a	NonTarget	1	315560
1232.7807762860848	n/a	NonTarget	1	315592
1232.9057762380519	n/a	NonTarget	1	315624
1233.0307761900187	n/a	NonTarget	1	315656
1233.1557761419856	n/a	NonTarget	1	315688
1233.2807760939527	n/a	NonTarget	1	315720
1233.4057760459195	n/a	NonTarget	1	315752
1233.5307759978866	n/a	NonTarget	1	315784
1233.6557759498535	n/a	NonTarget	1	315816
1233.7807759018206	n/a	NonTarget	1	315848
1233.9057758537874	n/a	NonTarget	1	315880
1234.0307758057543	n/a	NonTarget	1	315912
1234.1557757577214	n/a	NonTarget	1	315944
1234.2807757096882	n/a	NonTarget	1	315976
1234.4057756616553	n/a	NonTarget	1	316008
1234.5307756136222	n/a	NonTarget	1	316040
1234.6557755655892	n/a	NonTarget	1	316072
1234.780775517556	n/a	NonTarget	1	316104
1234.905775469523	n/a	NonTarget	1	316136
1235.03077542149	n/a	NonTarget	1	316168
1235.155775373457	n/a	NonTarget	1	316200
1235.280775325424	n/a	NonTarget	1	316232
1235.4057752773908	n/a	NonTarget	1	316264
1235.530775229358	n/a	NonTarget	1	316296
1235.6557751813248	n/a	NonTarget	1	316328
1235.7807751332916	n/a	NonTarget	1	316360
1235.9057750852587	n/a	NonTarget	1	316392
1236.0307750372256	n/a	NonTarget	1	316424
1236.1557749891927	n/a	NonTarget	1	316456
1236.2807749411595	n/a	NonTarget	1	316488
1236.4057748931266	n/a	NonTarget	1	316520
1236.5307748450934	n/a	NonTarget	1	316552
1236.6557747970603	n/a	NonTarget	1	316584
1236.7807747490274	n/a	NonTarget	1	316616
1236.9057747009942	n/a	NonTarget	1	316648
1237.0307746529613	n/a	NonTarget	1	316680
1237.1557746049282	n/a	NonTarget	1	316712
1237.2807745568953	n/a	NonTarget	1	316744
1237.4057745088621	n/a	NonTarget	1	316776
1243.5307721552429	n/a	NonTarget	1	318344
1243.6557721072097	n/a	NonTarget	1	318376
1243.7807720591768	n/a	NonTarget	1	318408
1243.9057720111437	n/a	NonTarget	1	318440
1244.0307719631107	n/a	NonTarget	1	318472
1244.1557719150776	n/a	NonTarget	1	318504
1244.2807718670445	n/a	NonTarget	1	318536
1244.4057718190115	n/a	NonTarget	1	318568
1244.5307717709784	n/a	NonTarget	1	318600
1244.6557717229455	n/a	NonTarget	1	318632
1244.7807716749123	n/a	NonTarget	1	318664
1244.9057716268794	n/a	NonTarget	1	318696
1245.0307715788463	n/a	NonTarget	1	318728
1245.1557715308131	n/a	NonTarget	1	318760
1245.2807714827802	n/a	NonTarget	1	318792
1245.405771434747	n/a	NonTarget	1	318824
1245.5307713867142	n/a	NonTarget	1	318856
1245.655771338681	n/a	NonTarget	1	318888
1245.780771290648	n/a	NonTarget	1	318920
1245.905771242615	n/a	NonTarget	1	318952
1246.0307711945818	n/a	NonTarget	1	318984
1246.155771146549	n/a	NonTarget	1	319016
1246.2807710985157	n/a	NonTarget	1	319048
1246.4057710504828	n/a	NonTarget	1	319080
1246.5307710024497	n/a	NonTarget	1	319112
1246.6557709544168	n/a	NonTarget	1	319144
1246.7807709063836	n/a	NonTarget	1	319176
1246.9057708583505	n/a	NonTarget	1	319208
1247.0307708103176	n/a	NonTarget	1	319240
1247.1557707622844	n/a	NonTarget	1	319272
1247.2807707142515	n/a	NonTarget	1	319304
1247.4057706662184	n/a	NonTarget	1	319336
1247.5307706181852	n/a	NonTarget	1	319368
1247.6557705701523	n/a	NonTarget	1	319400
1247.7807705221192	n/a	NonTarget	1	319432
1247.9057704740862	n/a	NonTarget	1	319464
1248.030770426053	n/a	NonTarget	1	319496
1248.1557703780202	n/a	NonTarget	1	319528
1248.280770329987	n/a	NonTarget	1	319560
1248.405770281954	n/a	NonTarget	1	319592
1248.530770233921	n/a	NonTarget	1	319624
1248.6557701858878	n/a	NonTarget	1	319656
1248.780770137855	n/a	NonTarget	1	319688
1248.9057700898218	n/a	NonTarget	1	319720
1249.0307700417889	n/a	NonTarget	1	319752
1249.1557699937557	n/a	NonTarget	1	319784
1249.2807699457226	n/a	NonTarget	1	319816
1249.4057698976897	n/a	NonTarget	1	319848
1249.5307698496565	n/a	NonTarget	1	319880
1249.6557698016236	n/a	NonTarget	1	319912
1249.7807697535904	n/a	NonTarget	1	319944
1249.9057697055575	n/a	NonTarget	1	319976
1250.0307696575244	n/a	NonTarget	1	320008
1250.1557696094912	n/a	NonTarget	1	320040
1250.2807695614583	n/a	NonTarget	1	320072
1250.4057695134252	n/a	NonTarget	1	320104
1250.5307694653923	n/a	NonTarget	1	320136
1250.6557694173591	n/a	NonTarget	1	320168
1250.7807693693262	n/a	NonTarget	1	320200
1250.905769321293	n/a	NonTarget	1	320232
1251.03076927326	n/a	NonTarget	1	320264
1251.155769225227	n/a	NonTarget	1	320296
1251.2807691771939	n/a	NonTarget	1	320328
1251.405769129161	n/a	NonTarget	1	320360
1251.5307690811278	n/a	NonTarget	1	320392
1251.6557690330949	n/a	NonTarget	1	320424
1251.7807689850617	n/a	NonTarget	1	320456
1251.9057689370286	n/a	NonTarget	1	320488
1252.0307688889957	n/a	NonTarget	1	320520
1252.1557688409625	n/a	NonTarget	1	320552
1252.2807687929296	n/a	NonTarget	1	320584
1252.4057687448965	n/a	NonTarget	1	320616
1252.5307686968636	n/a	NonTarget	1	320648
1252.6557686488304	n/a	NonTarget	1	320680
1252.7807686007973	n/a	NonTarget	1	320712
1252.9057685527644	n/a	NonTarget	1	320744
1253.0307685047312	n/a	NonTarget	1	320776
1253.1557684566983	n/a	NonTarget	1	320808
1253.2807684086652	n/a	NonTarget	1	320840
1253.4057683606322	n/a	NonTarget	1	320872
1253.530768312599	n/a	NonTarget	1	320904
1253.655768264566	n/a	NonTarget	1	320936
1253.780768216533	n/a	NonTarget	1	320968
1253.9057681685	n/a	NonTarget	1	321000
1254.030768120467	n/a	NonTarget	1	321032
1254.1557680724338	n/a	NonTarget	1	321064
1254.280768024401	n/a	NonTarget	1	321096
1254.4057679763678	n/a	NonTarget	1	321128
1254.5307679283346	n/a	NonTarget	1	321160
1254.6557678803017	n/a	NonTarget	1	321192
1254.7807678322686	n/a	NonTarget	1	321224
1254.9057677842356	n/a	NonTarget	1	321256
1255.0307677362025	n/a	NonTarget	1	321288
1255.1557676881696	n/a	NonTarget	1	321320
1255.2807676401364	n/a	NonTarget	1	321352
1255.4057675921033	n/a	NonTarget	1	321384
1255.5307675440704	n/a	NonTarget	1	321416
1255.6557674960372	n/a	NonTarget	1	321448
1255.7807674480043	n/a	NonTarget	1	321480
1255.9057673999712	n/a	NonTarget	1	321512
1256.030767351938	n/a	NonTarget	1	321544
1256.1557673039051	n/a	NonTarget	1	321576
1256.280767255872	n/a	NonTarget	1	321608
1256.405767207839	n/a	NonTarget	1	321640
1256.530767159806	n/a	NonTarget	1	321672
1256.655767111773	n/a	NonTarget	1	321704
1256.7807670637399	n/a	NonTarget	1	321736
1256.9057670157067	n/a	NonTarget	1	321768
1257.0307669676738	n/a	NonTarget	1	321800
1257.1557669196407	n/a	NonTarget	1	321832
1257.2807668716077	n/a	NonTarget	1	321864
1257.4057668235746	n/a	NonTarget	1	321896
1257.5307667755417	n/a	NonTarget	1	321928
1257.6557667275085	n/a	NonTarget	1	321960
1257.7807666794754	n/a	NonTarget	1	321992
1257.9057666314425	n/a	NonTarget	1	322024
1258.0307665834093	n/a	NonTarget	1	322056
1258.1557665353764	n/a	NonTarget	1	322088
1258.2807664873433	n/a	NonTarget	1	322120
1258.4057664393104	n/a	NonTarget	1	322152
1264.5307640856909	n/a	NonTarget	1	323720
1264.655764037658	n/a	NonTarget	1	323752
1264.7807639896248	n/a	NonTarget	1	323784
1264.9057639415919	n/a	NonTarget	1	323816
1265.0307638935587	n/a	NonTarget	1	323848
1265.1557638455258	n/a	NonTarget	1	323880
1265.2807637974927	n/a	NonTarget	1	323912
1265.4057637494595	n/a	NonTarget	1	323944
1265.5307637014266	n/a	NonTarget	1	323976
1265.6557636533935	n/a	NonTarget	1	324008
1265.7807636053606	n/a	NonTarget	1	324040
1265.9057635573274	n/a	NonTarget	1	324072
1266.0307635092945	n/a	NonTarget	1	324104
1266.1557634612614	n/a	NonTarget	1	324136
1266.2807634132282	n/a	NonTarget	1	324168
1266.4057633651953	n/a	NonTarget	1	324200
1266.5307633171622	n/a	NonTarget	1	324232
1266.6557632691292	n/a	NonTarget	1	324264
1266.780763221096	n/a	NonTarget	1	324296
1266.9057631730632	n/a	NonTarget	1	324328
1267.03076312503	n/a	NonTarget	1	324360
1267.155763076997	n/a	NonTarget	1	324392
1267.280763028964	n/a	NonTarget	1	324424
1267.4057629809308	n/a	NonTarget	1	324456
1267.530762932898	n/a	NonTarget	1	324488
1267.6557628848648	n/a	NonTarget	1	324520
1267.7807628368319	n/a	NonTarget	1	324552
1267.9057627887987	n/a	NonTarget	1	324584
1268.0307627407656	n/a	NonTarget	1	324616
1268.1557626927327	n/a	NonTarget	1	324648
1268.2807626446995	n/a	NonTarget	1	324680
1268.4057625966666	n/a	NonTarget	1	324712
1268.5307625486334	n/a	NonTarget	1	324744
1268.6557625006005	n/a	NonTarget	1	324776
1268.7807624525674	n/a	NonTarget	1	324808
1268.9057624045342	n/a	NonTarget	1	324840
1269.0307623565013	n/a	NonTarget	1	324872
1269.1557623084682	n/a	NonTarget	1	324904
1269.2807622604353	n/a	NonTarget	1	324936
1269.4057622124021	n/a	NonTarget	1	324968
1269.5307621643692	n/a	NonTarget	1	325000
1269.655762116336	n/a	NonTarget	1	325032
1269.780762068303	n/a	NonTarget	1	325064
1269.90576202027	n/a	NonTarget	1	325096
1270.0307619722369	n/a	NonTarget	1	325128
1270.155761924204	n/a	NonTarget	1	325160
1270.2807618761708	n/a	NonTarget	1	325192
1270.4057618281379	n/a	NonTarget	1	325224
1270.5307617801047	n/a	NonTarget	1	325256
1270.6557617320716	n/a	NonTarget	1	325288
1270.7807616840387	n/a	NonTarget	1	325320
1270.9057616360055	n/a	NonTarget	1	325352
1271.0307615879726	n/a	NonTarget	1	325384
1271.1557615399395	n/a	NonTarget	1	325416
1271.2807614919066	n/a	NonTarget	1	325448
1271.4057614438734	n/a	NonTarget	1	325480
1271.5307613958403	n/a	NonTarget	1	325512
1271.6557613478074	n/a	NonTarget	1	325544
1271.7807612997742	n/a	NonTarget	1	325576
1271.9057612517413	n/a	NonTarget	1	325608
1272.0307612037082	n/a	NonTarget	1	325640
1272.155761155675	n/a	NonTarget	1	325672
1272.280761107642	n/a	NonTarget	1	325704
1272.405761059609	n/a	NonTarget	1	325736
1272.530761011576	n/a	NonTarget	1	325768
1272.655760963543	n/a	NonTarget	1	325800
1272.78076091551	n/a	NonTarget	1	325832
1272.9057608674768	n/a	NonTarget	1	325864
1273.0307608194437	n/a	NonTarget	1	325896
1273.1557607714108	n/a	NonTarget	1	325928
1273.2807607233776	n/a	NonTarget	1	325960
1273.4057606753447	n/a	NonTarget	1	325992
1273.5307606273116	n/a	NonTarget	1	326024
1273.6557605792786	n/a	NonTarget	1	326056
1273.7807605312455	n/a	NonTarget	1	326088
1273.9057604832124	n/a	NonTarget	1	326120
1274.0307604351794	n/a	NonTarget	1	326152
1274.1557603871463	n/a	NonTarget	1	326184
1274.2807603391134	n/a	NonTarget	1	326216
1274.4057602910802	n/a	NonTarget	1	326248
1274.5307602430473	n/a	NonTarget	1	326280
1274.6557601950142	n/a	NonTarget	1	326312
1274.780760146981	n/a	NonTarget	1	326344
1274.9057600989481	n/a	NonTarget	1	326376
1275.030760050915	n/a	NonTarget	1	326408
1275.155760002882	n/a	NonTarget	1	326440
1275.280759954849	n/a	NonTarget	1	326472
1275.405759906816	n/a	NonTarget	1	326504
1275.5307598587829	n/a	NonTarget	1	326536
1275.6557598107497	n/a	NonTarget	1	326568
1275.7807597627168	n/a	NonTarget	1	326600
1275.9057597146837	n/a	NonTarget	1	326632
1276.0307596666507	n/a	NonTarget	1	326664
1276.1557596186176	n/a	NonTarget	1	326696
1276.2807595705847	n/a	NonTarget	1	326728
1276.4057595225515	n/a	NonTarget	1	326760
1276.5307594745184	n/a	NonTarget	1	326792
1276.6557594264855	n/a	NonTarget	1	326824
1276.7807593784523	n/a	NonTarget	1	326856
1276.9057593304194	n/a	NonTarget	1	326888
1277.0307592823863	n/a	NonTarget	1	326920
1277.1557592343534	n/a	NonTarget	1	326952
1277.2807591863202	n/a	NonTarget	1	326984
1277.405759138287	n/a	NonTarget	1	327016
1277.5307590902542	n/a	NonTarget	1	327048
1277.655759042221	n/a	NonTarget	1	327080
1277.780758994188	n/a	NonTarget	1	327112
1277.905758946155	n/a	NonTarget	1	327144
1278.030758898122	n/a	NonTarget	1	327176
1278.155758850089	n/a	NonTarget	1	327208
1278.2807588020557	n/a	NonTarget	1	327240
1278.4057587540228	n/a	NonTarget	1	327272
1278.5307587059897	n/a	NonTarget	1	327304
1278.6557586579568	n/a	NonTarget	1	327336
1278.7807586099236	n/a	NonTarget	1	327368
1278.9057585618907	n/a	NonTarget	1	327400
1279.0307585138576	n/a	NonTarget	1	327432
1279.1557584658244	n/a	NonTarget	1	327464
1279.2807584177915	n/a	NonTarget	1	327496
1279.4057583697584	n/a	NonTarget	1	327528
1285.530756016139	n/a	NonTarget	1	329096
1285.6557559681062	n/a	NonTarget	1	329128
1285.780755920073	n/a	NonTarget	1	329160
1285.90575587204	n/a	NonTarget	1	329192
1286.030755824007	n/a	NonTarget	1	329224
1286.1557557759738	n/a	NonTarget	1	329256
1286.280755727941	n/a	NonTarget	1	329288
1286.4057556799078	n/a	NonTarget	1	329320
1286.5307556318749	n/a	NonTarget	1	329352
1286.6557555838417	n/a	NonTarget	1	329384
1286.7807555358086	n/a	NonTarget	1	329416
1286.9057554877757	n/a	NonTarget	1	329448
1287.0307554397425	n/a	NonTarget	1	329480
1287.1557553917096	n/a	NonTarget	1	329512
1287.2807553436764	n/a	NonTarget	1	329544
1287.4057552956435	n/a	NonTarget	1	329576
1287.5307552476104	n/a	NonTarget	1	329608
1287.6557551995772	n/a	NonTarget	1	329640
1287.7807551515443	n/a	NonTarget	1	329672
1287.9057551035112	n/a	NonTarget	1	329704
1288.0307550554783	n/a	NonTarget	1	329736
1288.1557550074451	n/a	NonTarget	1	329768
1288.280754959412	n/a	NonTarget	1	329800
1288.405754911379	n/a	NonTarget	1	329832
1288.530754863346	n/a	NonTarget	1	329864
1288.655754815313	n/a	NonTarget	1	329896
1288.7807547672799	n/a	NonTarget	1	329928
1288.905754719247	n/a	NonTarget	1	329960
1289.0307546712138	n/a	NonTarget	1	329992
1289.1557546231807	n/a	NonTarget	1	330024
1289.2807545751477	n/a	NonTarget	1	330056
1289.4057545271146	n/a	NonTarget	1	330088
1289.5307544790817	n/a	NonTarget	1	330120
1289.6557544310485	n/a	NonTarget	1	330152
1289.7807543830156	n/a	NonTarget	1	330184
1289.9057543349825	n/a	NonTarget	1	330216
1290.0307542869493	n/a	NonTarget	1	330248
1290.1557542389164	n/a	NonTarget	1	330280
1290.2807541908833	n/a	NonTarget	1	330312
1290.4057541428504	n/a	NonTarget	1	330344
1290.5307540948172	n/a	NonTarget	1	330376
1290.6557540467843	n/a	NonTarget	1	330408
1290.7807539987512	n/a	NonTarget	1	330440
1290.905753950718	n/a	NonTarget	1	330472
1291.030753902685	n/a	NonTarget	1	330504
1291.155753854652	n/a	NonTarget	1	330536
1291.280753806619	n/a	NonTarget	1	330568
1291.405753758586	n/a	NonTarget	1	330600
1291.530753710553	n/a	NonTarget	1	330632
1291.6557536625198	n/a	NonTarget	1	330664
1291.7807536144867	n/a	NonTarget	1	330696
1291.9057535664538	n/a	NonTarget	1	330728
1292.0307535184206	n/a	NonTarget	1	330760
1292.1557534703877	n/a	NonTarget	1	330792
1292.2807534223546	n/a	NonTarget	1	330824
1292.4057533743216	n/a	NonTarget	1	330856
1292.5307533262885	n/a	NonTarget	1	330888
1292.6557532782554	n/a	NonTarget	1	330920
1292.7807532302224	n/a	NonTarget	1	330952
1292.9057531821893	n/a	NonTarget	1	330984
1293.0307531341564	n/a	NonTarget	1	331016
1293.1557530861232	n/a	NonTarget	1	331048
1293.2807530380903	n/a	NonTarget	1	331080
1293.4057529900572	n/a	NonTarget	1	331112
1293.530752942024	n/a	NonTarget	1	331144
1293.6557528939911	n/a	NonTarget	1	331176
1293.780752845958	n/a	NonTarget	1	331208
1293.905752797925	n/a	NonTarget	1	331240
1294.030752749892	n/a	NonTarget	1	331272
1294.155752701859	n/a	NonTarget	1	331304
1294.2807526538259	n/a	NonTarget	1	331336
1294.4057526057927	n/a	NonTarget	1	331368
1294.5307525577598	n/a	NonTarget	1	331400
1294.6557525097267	n/a	NonTarget	1	331432
1294.7807524616937	n/a	NonTarget	1	331464
1294.9057524136606	n/a	NonTarget	1	331496
1295.0307523656277	n/a	NonTarget	1	331528
1295.1557523175945	n/a	NonTarget	1	331560
1295.2807522695614	n/a	NonTarget	1	331592
1295.4057522215285	n/a	NonTarget	1	331624
1295.5307521734953	n/a	NonTarget	1	331656
1295.6557521254624	n/a	NonTarget	1	331688
1295.7807520774293	n/a	NonTarget	1	331720
1295.9057520293964	n/a	NonTarget	1	331752
1296.0307519813632	n/a	NonTarget	1	331784
1296.15575193333	n/a	NonTarget	1	331816
1296.2807518852971	n/a	NonTarget	1	331848
1296.405751837264	n/a	NonTarget	1	331880
1296.530751789231	n/a	NonTarget	1	331912
1296.655751741198	n/a	NonTarget	1	331944
1296.7807516931648	n/a	NonTarget	1	331976
1296.9057516451319	n/a	NonTarget	1	332008
1297.0307515970987	n/a	NonTarget	1	332040
1297.1557515490658	n/a	NonTarget	1	332072
1297.2807515010327	n/a	NonTarget	1	332104
1297.4057514529998	n/a	NonTarget	1	332136
1297.5307514049666	n/a	NonTarget	1	332168
1297.6557513569335	n/a	NonTarget	1	332200
1297.7807513089006	n/a	NonTarget	1	332232
1297.9057512608674	n/a	NonTarget	1	332264
1298.0307512128345	n/a	NonTarget	1	332296
1298.1557511648014	n/a	NonTarget	1	332328
1298.2807511167684	n/a	NonTarget	1	332360
1298.4057510687353	n/a	NonTarget	1	332392
1298.5307510207022	n/a	NonTarget	1	332424
1298.6557509726692	n/a	NonTarget	1	332456
1298.780750924636	n/a	NonTarget	1	332488
1298.9057508766032	n/a	NonTarget	1	332520
1299.03075082857	n/a	NonTarget	1	332552
1299.1557507805371	n/a	NonTarget	1	332584
1299.280750732504	n/a	NonTarget	1	332616
1299.4057506844708	n/a	NonTarget	1	332648
1299.530750636438	n/a	NonTarget	1	332680
1299.6557505884048	n/a	NonTarget	1	332712
1299.7807505403719	n/a	NonTarget	1	332744
1299.9057504923387	n/a	NonTarget	1	332776
1300.0307504443058	n/a	NonTarget	1	332808
1300.1557503962727	n/a	NonTarget	1	332840
1300.2807503482395	n/a	NonTarget	1	332872
1300.4057503002066	n/a	NonTarget	1	332904
