onset	duration	trial_type	value	sample
4.531248464178282	1.0	NonTarget	1	1160
4.656248421810786	1.0	NonTarget	1	1192
4.781248379443291	1.0	NonTarget	1	1224
4.906248337075795	1.0	NonTarget	1	1256
5.031248294708299	1.0	NonTarget	1	1288
5.156248252340804	1.0	NonTarget	1	1320
5.281248209973308	1.0	NonTarget	1	1352
5.4062481676058125	1.0	NonTarget	1	1384
5.531248125238316	1.0	NonTarget	1	1416
5.656248082870821	1.0	NonTarget	1	1448
5.781248040503326	1.0	NonTarget	1	1480
5.90624799813583	1.0	NonTarget	1	1512
6.031247955768334	1.0	NonTarget	1	1544
6.156247913400838	1.0	NonTarget	1	1576
6.281247871033343	1.0	NonTarget	1	1608
6.406247828665847	1.0	NonTarget	1	1640
6.531247786298351	1.0	NonTarget	1	1672
6.656247743930856	1.0	NonTarget	1	1704
6.78124770156336	1.0	NonTarget	1	1736
6.906247659195865	1.0	NonTarget	1	1768
7.031247616828368	1.0	NonTarget	1	1800
7.156247574460873	1.0	NonTarget	1	1832
7.281247532093377	1.0	NonTarget	1	1864
7.406247489725882	1.0	NonTarget	1	1896
7.531247447358386	1.0	NonTarget	1	1928
7.65624740499089	1.0	NonTarget	1	1960
7.781247362623395	1.0	NonTarget	1	1992
7.906247320255899	1.0	NonTarget	1	2024
8.031247277888403	1.0	NonTarget	1	2056
8.156247235520908	1.0	NonTarget	1	2088
8.281247193153412	1.0	NonTarget	1	2120
8.406247150785916	1.0	NonTarget	1	2152
8.531247108418421	1.0	NonTarget	1	2184
8.656247066050925	1.0	NonTarget	1	2216
8.781247023683429	1.0	NonTarget	1	2248
8.906246981315933	1.0	NonTarget	1	2280
9.031246938948438	1.0	NonTarget	1	2312
9.156246896580942	1.0	NonTarget	1	2344
9.281246854213446	1.0	NonTarget	1	2376
9.406246811845952	1.0	NonTarget	1	2408
9.531246769478456	1.0	NonTarget	1	2440
9.65624672711096	1.0	NonTarget	1	2472
9.781246684743463	1.0	NonTarget	1	2504
9.906246642375969	1.0	NonTarget	1	2536
10.031246600008473	1.0	NonTarget	1	2568
10.156246557640976	1.0	NonTarget	1	2600
10.281246515273482	1.0	NonTarget	1	2632
10.406246472905986	1.0	NonTarget	1	2664
10.53124643053849	1.0	NonTarget	1	2696
10.656246388170993	1.0	NonTarget	1	2728
10.781246345803499	1.0	NonTarget	1	2760
10.906246303436003	1.0	NonTarget	1	2792
11.031246261068507	1.0	NonTarget	1	2824
11.156246218701012	1.0	NonTarget	1	2856
11.281246176333516	1.0	NonTarget	1	2888
11.40624613396602	1.0	NonTarget	1	2920
11.531246091598524	1.0	NonTarget	1	2952
11.65624604923103	1.0	NonTarget	1	2984
11.781246006863533	1.0	NonTarget	1	3016
11.906245964496037	1.0	NonTarget	1	3048
12.031245922128543	1.0	NonTarget	1	3080
12.156245879761046	1.0	NonTarget	1	3112
12.28124583739355	1.0	NonTarget	1	3144
12.406245795026054	1.0	NonTarget	1	3176
12.53124575265856	1.0	NonTarget	1	3208
12.656245710291063	1.0	NonTarget	1	3240
12.781245667923567	1.0	NonTarget	1	3272
12.906245625556073	1.0	NonTarget	1	3304
13.031245583188577	1.0	NonTarget	1	3336
13.15624554082108	1.0	NonTarget	1	3368
13.281245498453586	1.0	NonTarget	1	3400
13.40624545608609	1.0	NonTarget	1	3432
13.531245413718594	1.0	NonTarget	1	3464
13.656245371351098	1.0	NonTarget	1	3496
13.781245328983603	1.0	NonTarget	1	3528
13.906245286616107	1.0	NonTarget	1	3560
14.03124524424861	1.0	NonTarget	1	3592
14.156245201881116	1.0	NonTarget	1	3624
14.28124515951362	1.0	NonTarget	1	3656
14.406245117146124	1.0	NonTarget	1	3688
14.531245074778628	1.0	NonTarget	1	3720
14.656245032411134	1.0	NonTarget	1	3752
14.781244990043637	1.0	NonTarget	1	3784
14.906244947676141	1.0	NonTarget	1	3816
15.031244905308647	1.0	NonTarget	1	3848
15.15624486294115	1.0	NonTarget	1	3880
15.281244820573654	1.0	NonTarget	1	3912
15.406244778206158	1.0	NonTarget	1	3944
15.531244735838664	1.0	NonTarget	1	3976
15.656244693471168	1.0	NonTarget	1	4008
15.781244651103671	1.0	NonTarget	1	4040
15.906244608736177	1.0	NonTarget	1	4072
16.03124456636868	1.0	NonTarget	1	4104
16.156244524001185	1.0	NonTarget	1	4136
16.28124448163369	1.0	NonTarget	1	4168
16.406244439266192	1.0	NonTarget	1	4200
22.531242363258905	1.0	NonTarget	1	5768
22.656242320891412	1.0	NonTarget	1	5800
22.781242278523916	1.0	NonTarget	1	5832
22.90624223615642	1.0	NonTarget	1	5864
23.031242193788923	1.0	NonTarget	1	5896
23.156242151421427	1.0	NonTarget	1	5928
23.28124210905393	1.0	NonTarget	1	5960
23.406242066686435	1.0	NonTarget	1	5992
23.531242024318942	1.0	NonTarget	1	6024
23.656241981951446	1.0	NonTarget	1	6056
23.78124193958395	1.0	NonTarget	1	6088
23.906241897216454	1.0	NonTarget	1	6120
24.031241854848957	1.0	NonTarget	1	6152
24.15624181248146	1.0	NonTarget	1	6184
24.281241770113965	1.0	NonTarget	1	6216
24.406241727746472	1.0	NonTarget	1	6248
24.531241685378976	1.0	NonTarget	1	6280
24.65624164301148	1.0	NonTarget	1	6312
24.781241600643984	1.0	NonTarget	1	6344
24.906241558276488	1.0	NonTarget	1	6376
25.03124151590899	1.0	NonTarget	1	6408
25.156241473541495	1.0	NonTarget	1	6440
25.281241431174003	1.0	NonTarget	1	6472
25.406241388806507	1.0	NonTarget	1	6504
25.53124134643901	1.0	NonTarget	1	6536
25.656241304071514	1.0	NonTarget	1	6568
25.781241261704018	1.0	NonTarget	1	6600
25.906241219336522	1.0	NonTarget	1	6632
26.031241176969026	1.0	NonTarget	1	6664
26.156241134601533	1.0	NonTarget	1	6696
26.281241092234037	1.0	NonTarget	1	6728
26.40624104986654	1.0	NonTarget	1	6760
26.531241007499045	1.0	NonTarget	1	6792
26.65624096513155	1.0	NonTarget	1	6824
26.781240922764052	1.0	NonTarget	1	6856
26.906240880396556	1.0	NonTarget	1	6888
27.031240838029063	1.0	NonTarget	1	6920
27.156240795661567	1.0	NonTarget	1	6952
27.28124075329407	1.0	NonTarget	1	6984
27.406240710926575	1.0	NonTarget	1	7016
27.53124066855908	1.0	NonTarget	1	7048
27.656240626191583	1.0	NonTarget	1	7080
27.781240583824086	1.0	NonTarget	1	7112
27.906240541456594	1.0	NonTarget	1	7144
28.031240499089098	1.0	NonTarget	1	7176
28.1562404567216	1.0	NonTarget	1	7208
28.281240414354105	1.0	NonTarget	1	7240
28.40624037198661	1.0	NonTarget	1	7272
28.531240329619113	1.0	NonTarget	1	7304
28.656240287251617	1.0	NonTarget	1	7336
28.781240244884124	1.0	NonTarget	1	7368
28.906240202516628	1.0	NonTarget	1	7400
29.03124016014913	1.0	NonTarget	1	7432
29.156240117781635	1.0	NonTarget	1	7464
29.28124007541414	1.0	NonTarget	1	7496
29.406240033046643	1.0	NonTarget	1	7528
29.531239990679147	1.0	NonTarget	1	7560
29.656239948311654	1.0	NonTarget	1	7592
29.781239905944158	1.0	NonTarget	1	7624
29.906239863576662	1.0	NonTarget	1	7656
30.031239821209166	1.0	NonTarget	1	7688
30.15623977884167	1.0	NonTarget	1	7720
30.281239736474173	1.0	NonTarget	1	7752
30.406239694106677	1.0	NonTarget	1	7784
30.531239651739185	1.0	NonTarget	1	7816
30.65623960937169	1.0	NonTarget	1	7848
30.781239567004192	1.0	NonTarget	1	7880
30.906239524636696	1.0	NonTarget	1	7912
31.0312394822692	1.0	NonTarget	1	7944
31.156239439901704	1.0	NonTarget	1	7976
31.281239397534208	1.0	NonTarget	1	8008
31.406239355166715	1.0	NonTarget	1	8040
31.53123931279922	1.0	NonTarget	1	8072
31.656239270431723	1.0	NonTarget	1	8104
31.781239228064226	1.0	NonTarget	1	8136
31.90623918569673	1.0	NonTarget	1	8168
32.03123914332924	1.0	NonTarget	1	8200
32.15623910096174	1.0	NonTarget	1	8232
32.281239058594245	1.0	NonTarget	1	8264
32.40623901622675	1.0	NonTarget	1	8296
32.53123897385925	1.0	NonTarget	1	8328
32.65623893149176	1.0	NonTarget	1	8360
32.78123888912426	1.0	NonTarget	1	8392
32.906238846756764	1.0	NonTarget	1	8424
33.03123880438927	1.0	NonTarget	1	8456
33.15623876202177	1.0	NonTarget	1	8488
33.281238719654276	1.0	NonTarget	1	8520
33.40623867728678	1.0	NonTarget	1	8552
33.53123863491929	1.0	NonTarget	1	8584
33.656238592551794	1.0	NonTarget	1	8616
33.7812385501843	1.0	NonTarget	1	8648
33.9062385078168	1.0	NonTarget	1	8680
34.031238465449306	1.0	NonTarget	1	8712
34.15623842308181	1.0	NonTarget	1	8744
34.28123838071431	1.0	NonTarget	1	8776
34.40623833834682	1.0	NonTarget	1	8808
40.53123626233953	1.0	NonTarget	1	10376
40.65623621997204	1.0	NonTarget	1	10408
40.78123617760454	1.0	NonTarget	1	10440
40.906236135237044	1.0	NonTarget	1	10472
41.03123609286955	1.0	NonTarget	1	10504
41.15623605050205	1.0	NonTarget	1	10536
41.281236008134556	1.0	NonTarget	1	10568
41.40623596576706	1.0	NonTarget	1	10600
41.531235923399564	1.0	NonTarget	1	10632
41.65623588103207	1.0	NonTarget	1	10664
41.78123583866457	1.0	NonTarget	1	10696
41.906235796297075	1.0	NonTarget	1	10728
42.03123575392958	1.0	NonTarget	1	10760
42.15623571156208	1.0	NonTarget	1	10792
42.281235669194594	1.0	NonTarget	1	10824
42.4062356268271	1.0	NonTarget	1	10856
42.5312355844596	1.0	NonTarget	1	10888
42.656235542092105	1.0	NonTarget	1	10920
42.78123549972461	1.0	NonTarget	1	10952
42.90623545735711	1.0	NonTarget	1	10984
43.03123541498962	1.0	NonTarget	1	11016
43.15623537262212	1.0	NonTarget	1	11048
43.281235330254624	1.0	NonTarget	1	11080
43.40623528788713	1.0	NonTarget	1	11112
43.53123524551963	1.0	NonTarget	1	11144
43.656235203152136	1.0	NonTarget	1	11176
43.78123516078464	1.0	NonTarget	1	11208
43.90623511841714	1.0	NonTarget	1	11240
44.031235076049654	1.0	NonTarget	1	11272
44.15623503368216	1.0	NonTarget	1	11304
44.28123499131466	1.0	NonTarget	1	11336
44.406234948947166	1.0	NonTarget	1	11368
44.53123490657967	1.0	NonTarget	1	11400
44.65623486421217	1.0	NonTarget	1	11432
44.78123482184468	1.0	NonTarget	1	11464
44.90623477947718	1.0	NonTarget	1	11496
45.031234737109685	1.0	NonTarget	1	11528
45.15623469474219	1.0	NonTarget	1	11560
45.28123465237469	1.0	NonTarget	1	11592
45.406234610007196	1.0	NonTarget	1	11624
45.5312345676397	1.0	NonTarget	1	11656
45.656234525272204	1.0	NonTarget	1	11688
45.781234482904715	1.0	NonTarget	1	11720
45.90623444053722	1.0	NonTarget	1	11752
46.03123439816972	1.0	NonTarget	1	11784
46.156234355802226	1.0	NonTarget	1	11816
46.28123431343473	1.0	NonTarget	1	11848
46.406234271067234	1.0	NonTarget	1	11880
46.53123422869974	1.0	NonTarget	1	11912
46.65623418633224	1.0	NonTarget	1	11944
46.781234143964745	1.0	NonTarget	1	11976
46.90623410159725	1.0	NonTarget	1	12008
47.03123405922975	1.0	NonTarget	1	12040
47.15623401686226	1.0	NonTarget	1	12072
47.28123397449476	1.0	NonTarget	1	12104
47.406233932127265	1.0	NonTarget	1	12136
47.531233889759775	1.0	NonTarget	1	12168
47.65623384739228	1.0	NonTarget	1	12200
47.78123380502478	1.0	NonTarget	1	12232
47.90623376265729	1.0	NonTarget	1	12264
48.03123372028979	1.0	NonTarget	1	12296
48.156233677922295	1.0	NonTarget	1	12328
48.2812336355548	1.0	NonTarget	1	12360
48.4062335931873	1.0	NonTarget	1	12392
48.531233550819806	1.0	NonTarget	1	12424
48.65623350845231	1.0	NonTarget	1	12456
48.781233466084814	1.0	NonTarget	1	12488
48.90623342371732	1.0	NonTarget	1	12520
49.03123338134982	1.0	NonTarget	1	12552
49.156233338982325	1.0	NonTarget	1	12584
49.281233296614836	1.0	NonTarget	1	12616
49.40623325424734	1.0	NonTarget	1	12648
49.531233211879844	1.0	NonTarget	1	12680
49.65623316951235	1.0	NonTarget	1	12712
49.78123312714485	1.0	NonTarget	1	12744
49.906233084777355	1.0	NonTarget	1	12776
50.03123304240986	1.0	NonTarget	1	12808
50.15623300004236	1.0	NonTarget	1	12840
50.28123295767487	1.0	NonTarget	1	12872
50.40623291530737	1.0	NonTarget	1	12904
50.531232872939874	1.0	NonTarget	1	12936
50.65623283057238	1.0	NonTarget	1	12968
50.78123278820488	1.0	NonTarget	1	13000
50.906232745837386	1.0	NonTarget	1	13032
51.0312327034699	1.0	NonTarget	1	13064
51.1562326611024	1.0	NonTarget	1	13096
51.281232618734904	1.0	NonTarget	1	13128
51.40623257636741	1.0	NonTarget	1	13160
51.53123253399991	1.0	NonTarget	1	13192
51.656232491632416	1.0	NonTarget	1	13224
51.78123244926492	1.0	NonTarget	1	13256
51.90623240689742	1.0	NonTarget	1	13288
52.03123236452993	1.0	NonTarget	1	13320
52.15623232216243	1.0	NonTarget	1	13352
52.281232279794935	1.0	NonTarget	1	13384
52.40623223742744	1.0	NonTarget	1	13416
58.531230161420154	1.0	NonTarget	1	14984
58.65623011905266	1.0	NonTarget	1	15016
58.78123007668516	1.0	NonTarget	1	15048
58.906230034317666	1.0	NonTarget	1	15080
59.03122999195017	1.0	NonTarget	1	15112
59.156229949582674	1.0	NonTarget	1	15144
59.28122990721518	1.0	NonTarget	1	15176
59.40622986484768	1.0	NonTarget	1	15208
59.531229822480185	1.0	NonTarget	1	15240
59.656229780112696	1.0	NonTarget	1	15272
59.7812297377452	1.0	NonTarget	1	15304
59.906229695377704	1.0	NonTarget	1	15336
60.03122965301021	1.0	NonTarget	1	15368
60.15622961064271	1.0	NonTarget	1	15400
60.281229568275215	1.0	NonTarget	1	15432
60.40622952590772	1.0	NonTarget	1	15464
60.53122948354022	1.0	NonTarget	1	15496
60.65622944117273	1.0	NonTarget	1	15528
60.78122939880523	1.0	NonTarget	1	15560
60.906229356437734	1.0	NonTarget	1	15592
61.03122931407024	1.0	NonTarget	1	15624
61.15622927170274	1.0	NonTarget	1	15656
61.281229229335246	1.0	NonTarget	1	15688
61.40622918696776	1.0	NonTarget	1	15720
61.53122914460026	1.0	NonTarget	1	15752
61.656229102232764	1.0	NonTarget	1	15784
61.78122905986527	1.0	NonTarget	1	15816
61.90622901749777	1.0	NonTarget	1	15848
62.031228975130276	1.0	NonTarget	1	15880
62.15622893276278	1.0	NonTarget	1	15912
62.28122889039528	1.0	NonTarget	1	15944
62.40622884802779	1.0	NonTarget	1	15976
62.53122880566029	1.0	NonTarget	1	16008
62.656228763292795	1.0	NonTarget	1	16040
62.7812287209253	1.0	NonTarget	1	16072
62.9062286785578	1.0	NonTarget	1	16104
63.031228636190306	1.0	NonTarget	1	16136
63.15622859382282	1.0	NonTarget	1	16168
63.28122855145532	1.0	NonTarget	1	16200
63.406228509087825	1.0	NonTarget	1	16232
63.53122846672033	1.0	NonTarget	1	16264
63.65622842435283	1.0	NonTarget	1	16296
63.781228381985336	1.0	NonTarget	1	16328
63.90622833961784	1.0	NonTarget	1	16360
64.03122829725035	1.0	NonTarget	1	16392
64.15622825488285	1.0	NonTarget	1	16424
64.28122821251536	1.0	NonTarget	1	16456
64.40622817014786	1.0	NonTarget	1	16488
64.53122812778037	1.0	NonTarget	1	16520
64.65622808541286	1.0	NonTarget	1	16552
64.78122804304537	1.0	NonTarget	1	16584
64.90622800067787	1.0	NonTarget	1	16616
65.03122795831038	1.0	NonTarget	1	16648
65.15622791594288	1.0	NonTarget	1	16680
65.28122787357539	1.0	NonTarget	1	16712
65.40622783120789	1.0	NonTarget	1	16744
65.5312277888404	1.0	NonTarget	1	16776
65.6562277464729	1.0	NonTarget	1	16808
65.7812277041054	1.0	NonTarget	1	16840
65.90622766173792	1.0	NonTarget	1	16872
66.03122761937041	1.0	NonTarget	1	16904
66.15622757700292	1.0	NonTarget	1	16936
66.28122753463542	1.0	NonTarget	1	16968
66.40622749226793	1.0	NonTarget	1	17000
66.53122744990043	1.0	NonTarget	1	17032
66.65622740753294	1.0	NonTarget	1	17064
66.78122736516544	1.0	NonTarget	1	17096
66.90622732279795	1.0	NonTarget	1	17128
67.03122728043044	1.0	NonTarget	1	17160
67.15622723806295	1.0	NonTarget	1	17192
67.28122719569545	1.0	NonTarget	1	17224
67.40622715332796	1.0	NonTarget	1	17256
67.53122711096047	1.0	NonTarget	1	17288
67.65622706859297	1.0	NonTarget	1	17320
67.78122702622548	1.0	NonTarget	1	17352
67.90622698385798	1.0	NonTarget	1	17384
68.03122694149049	1.0	NonTarget	1	17416
68.15622689912298	1.0	NonTarget	1	17448
68.2812268567555	1.0	NonTarget	1	17480
68.40622681438799	1.0	NonTarget	1	17512
68.5312267720205	1.0	NonTarget	1	17544
68.656226729653	1.0	NonTarget	1	17576
68.78122668728551	1.0	NonTarget	1	17608
68.90622664491801	1.0	NonTarget	1	17640
69.03122660255052	1.0	NonTarget	1	17672
69.15622656018301	1.0	NonTarget	1	17704
69.28122651781553	1.0	NonTarget	1	17736
69.40622647544804	1.0	NonTarget	1	17768
69.53122643308053	1.0	NonTarget	1	17800
69.65622639071304	1.0	NonTarget	1	17832
69.78122634834554	1.0	NonTarget	1	17864
69.90622630597805	1.0	NonTarget	1	17896
70.03122626361055	1.0	NonTarget	1	17928
70.15622622124306	1.0	NonTarget	1	17960
70.28122617887556	1.0	NonTarget	1	17992
70.40622613650807	1.0	NonTarget	1	18024
76.53122406050078	1.0	NonTarget	1	19592
76.65622401813329	1.0	NonTarget	1	19624
76.78122397576578	1.0	NonTarget	1	19656
76.9062239333983	1.0	NonTarget	1	19688
77.03122389103079	1.0	NonTarget	1	19720
77.1562238486633	1.0	NonTarget	1	19752
77.2812238062958	1.0	NonTarget	1	19784
77.40622376392831	1.0	NonTarget	1	19816
77.5312237215608	1.0	NonTarget	1	19848
77.65622367919332	1.0	NonTarget	1	19880
77.78122363682581	1.0	NonTarget	1	19912
77.90622359445833	1.0	NonTarget	1	19944
78.03122355209084	1.0	NonTarget	1	19976
78.15622350972333	1.0	NonTarget	1	20008
78.28122346735584	1.0	NonTarget	1	20040
78.40622342498834	1.0	NonTarget	1	20072
78.53122338262085	1.0	NonTarget	1	20104
78.65622334025335	1.0	NonTarget	1	20136
78.78122329788586	1.0	NonTarget	1	20168
78.90622325551836	1.0	NonTarget	1	20200
79.03122321315087	1.0	NonTarget	1	20232
79.15622317078336	1.0	NonTarget	1	20264
79.28122312841587	1.0	NonTarget	1	20296
79.40622308604837	1.0	NonTarget	1	20328
79.53122304368088	1.0	NonTarget	1	20360
79.65622300131338	1.0	NonTarget	1	20392
79.78122295894589	1.0	NonTarget	1	20424
79.9062229165784	1.0	NonTarget	1	20456
80.0312228742109	1.0	NonTarget	1	20488
80.15622283184341	1.0	NonTarget	1	20520
80.2812227894759	1.0	NonTarget	1	20552
80.40622274710842	1.0	NonTarget	1	20584
80.53122270474091	1.0	NonTarget	1	20616
80.65622266237342	1.0	NonTarget	1	20648
80.78122262000592	1.0	NonTarget	1	20680
80.90622257763843	1.0	NonTarget	1	20712
81.03122253527093	1.0	NonTarget	1	20744
81.15622249290344	1.0	NonTarget	1	20776
81.28122245053594	1.0	NonTarget	1	20808
81.40622240816845	1.0	NonTarget	1	20840
81.53122236580096	1.0	NonTarget	1	20872
81.65622232343345	1.0	NonTarget	1	20904
81.78122228106596	1.0	NonTarget	1	20936
81.90622223869846	1.0	NonTarget	1	20968
82.03122219633097	1.0	NonTarget	1	21000
82.15622215396347	1.0	NonTarget	1	21032
82.28122211159598	1.0	NonTarget	1	21064
82.40622206922848	1.0	NonTarget	1	21096
82.53122202686099	1.0	NonTarget	1	21128
82.65622198449348	1.0	NonTarget	1	21160
82.781221942126	1.0	NonTarget	1	21192
82.90622189975849	1.0	NonTarget	1	21224
83.031221857391	1.0	NonTarget	1	21256
83.15622181502351	1.0	NonTarget	1	21288
83.28122177265601	1.0	NonTarget	1	21320
83.40622173028852	1.0	NonTarget	1	21352
83.53122168792102	1.0	NonTarget	1	21384
83.65622164555353	1.0	NonTarget	1	21416
83.78122160318603	1.0	NonTarget	1	21448
83.90622156081854	1.0	NonTarget	1	21480
84.03122151845103	1.0	NonTarget	1	21512
84.15622147608354	1.0	NonTarget	1	21544
84.28122143371604	1.0	NonTarget	1	21576
84.40622139134855	1.0	NonTarget	1	21608
84.53122134898105	1.0	NonTarget	1	21640
84.65622130661356	1.0	NonTarget	1	21672
84.78122126424606	1.0	NonTarget	1	21704
84.90622122187857	1.0	NonTarget	1	21736
85.03122117951108	1.0	NonTarget	1	21768
85.15622113714358	1.0	NonTarget	1	21800
85.28122109477609	1.0	NonTarget	1	21832
85.40622105240858	1.0	NonTarget	1	21864
85.5312210100411	1.0	NonTarget	1	21896
85.65622096767359	1.0	NonTarget	1	21928
85.7812209253061	1.0	NonTarget	1	21960
85.9062208829386	1.0	NonTarget	1	21992
86.03122084057111	1.0	NonTarget	1	22024
86.1562207982036	1.0	NonTarget	1	22056
86.28122075583612	1.0	NonTarget	1	22088
86.40622071346861	1.0	NonTarget	1	22120
86.53122067110112	1.0	NonTarget	1	22152
86.65622062873364	1.0	NonTarget	1	22184
86.78122058636613	1.0	NonTarget	1	22216
86.90622054399864	1.0	NonTarget	1	22248
87.03122050163114	1.0	NonTarget	1	22280
87.15622045926365	1.0	NonTarget	1	22312
87.28122041689615	1.0	NonTarget	1	22344
87.40622037452866	1.0	NonTarget	1	22376
87.53122033216115	1.0	NonTarget	1	22408
87.65622028979367	1.0	NonTarget	1	22440
87.78122024742616	1.0	NonTarget	1	22472
87.90622020505867	1.0	NonTarget	1	22504
88.03122016269117	1.0	NonTarget	1	22536
88.15622012032368	1.0	NonTarget	1	22568
88.28122007795618	1.0	NonTarget	1	22600
88.40622003558869	1.0	NonTarget	1	22632
94.5312179595814	1.0	NonTarget	1	24200
94.65621791721391	1.0	NonTarget	1	24232
94.7812178748464	1.0	NonTarget	1	24264
94.90621783247892	1.0	NonTarget	1	24296
95.03121779011141	1.0	NonTarget	1	24328
95.15621774774392	1.0	NonTarget	1	24360
95.28121770537642	1.0	NonTarget	1	24392
95.40621766300893	1.0	NonTarget	1	24424
95.53121762064144	1.0	NonTarget	1	24456
95.65621757827394	1.0	NonTarget	1	24488
95.78121753590645	1.0	NonTarget	1	24520
95.90621749353895	1.0	NonTarget	1	24552
96.03121745117146	1.0	NonTarget	1	24584
96.15621740880395	1.0	NonTarget	1	24616
96.28121736643646	1.0	NonTarget	1	24648
96.40621732406896	1.0	NonTarget	1	24680
96.53121728170147	1.0	NonTarget	1	24712
96.65621723933397	1.0	NonTarget	1	24744
96.78121719696648	1.0	NonTarget	1	24776
96.90621715459898	1.0	NonTarget	1	24808
97.03121711223149	1.0	NonTarget	1	24840
97.156217069864	1.0	NonTarget	1	24872
97.2812170274965	1.0	NonTarget	1	24904
97.406216985129	1.0	NonTarget	1	24936
97.5312169427615	1.0	NonTarget	1	24968
97.65621690039401	1.0	NonTarget	1	25000
97.78121685802651	1.0	NonTarget	1	25032
97.90621681565902	1.0	NonTarget	1	25064
98.03121677329152	1.0	NonTarget	1	25096
98.15621673092403	1.0	NonTarget	1	25128
98.28121668855653	1.0	NonTarget	1	25160
98.40621664618904	1.0	NonTarget	1	25192
98.53121660382153	1.0	NonTarget	1	25224
98.65621656145404	1.0	NonTarget	1	25256
98.78121651908654	1.0	NonTarget	1	25288
98.90621647671905	1.0	NonTarget	1	25320
99.03121643435156	1.0	NonTarget	1	25352
99.15621639198406	1.0	NonTarget	1	25384
99.28121634961657	1.0	NonTarget	1	25416
99.40621630724907	1.0	NonTarget	1	25448
99.53121626488158	1.0	NonTarget	1	25480
99.65621622251408	1.0	NonTarget	1	25512
99.78121618014659	1.0	NonTarget	1	25544
99.90621613777908	1.0	NonTarget	1	25576
100.0312160954116	1.0	NonTarget	1	25608
100.15621605304409	1.0	NonTarget	1	25640
100.2812160106766	1.0	NonTarget	1	25672
100.4062159683091	1.0	NonTarget	1	25704
100.53121592594161	1.0	NonTarget	1	25736
100.65621588357412	1.0	NonTarget	1	25768
100.78121584120662	1.0	NonTarget	1	25800
100.90621579883913	1.0	NonTarget	1	25832
101.03121575647162	1.0	NonTarget	1	25864
101.15621571410414	1.0	NonTarget	1	25896
101.28121567173663	1.0	NonTarget	1	25928
101.40621562936914	1.0	NonTarget	1	25960
101.53121558700164	1.0	NonTarget	1	25992
101.65621554463415	1.0	NonTarget	1	26024
101.78121550226665	1.0	NonTarget	1	26056
101.90621545989916	1.0	NonTarget	1	26088
102.03121541753166	1.0	NonTarget	1	26120
102.15621537516417	1.0	NonTarget	1	26152
102.28121533279666	1.0	NonTarget	1	26184
102.40621529042917	1.0	NonTarget	1	26216
102.53121524806168	1.0	NonTarget	1	26248
102.65621520569418	1.0	NonTarget	1	26280
102.78121516332669	1.0	NonTarget	1	26312
102.90621512095919	1.0	NonTarget	1	26344
103.0312150785917	1.0	NonTarget	1	26376
103.1562150362242	1.0	NonTarget	1	26408
103.28121499385671	1.0	NonTarget	1	26440
103.4062149514892	1.0	NonTarget	1	26472
103.53121490912172	1.0	NonTarget	1	26504
103.65621486675421	1.0	NonTarget	1	26536
103.78121482438672	1.0	NonTarget	1	26568
103.90621478201922	1.0	NonTarget	1	26600
104.03121473965173	1.0	NonTarget	1	26632
104.15621469728424	1.0	NonTarget	1	26664
104.28121465491674	1.0	NonTarget	1	26696
104.40621461254925	1.0	NonTarget	1	26728
104.53121457018175	1.0	NonTarget	1	26760
104.65621452781426	1.0	NonTarget	1	26792
104.78121448544675	1.0	NonTarget	1	26824
104.90621444307926	1.0	NonTarget	1	26856
105.03121440071176	1.0	NonTarget	1	26888
105.15621435834427	1.0	NonTarget	1	26920
105.28121431597677	1.0	NonTarget	1	26952
105.40621427360928	1.0	NonTarget	1	26984
105.53121423124178	1.0	NonTarget	1	27016
105.65621418887429	1.0	NonTarget	1	27048
105.78121414650678	1.0	NonTarget	1	27080
105.9062141041393	1.0	NonTarget	1	27112
106.0312140617718	1.0	NonTarget	1	27144
106.1562140194043	1.0	NonTarget	1	27176
106.28121397703681	1.0	NonTarget	1	27208
106.40621393466931	1.0	NonTarget	1	27240
112.53121185866202	1.0	NonTarget	1	28808
112.65621181629453	1.0	NonTarget	1	28840
112.78121177392704	1.0	NonTarget	1	28872
112.90621173155954	1.0	NonTarget	1	28904
113.03121168919205	1.0	NonTarget	1	28936
113.15621164682454	1.0	NonTarget	1	28968
113.28121160445706	1.0	NonTarget	1	29000
113.40621156208955	1.0	NonTarget	1	29032
113.53121151972206	1.0	NonTarget	1	29064
113.65621147735456	1.0	NonTarget	1	29096
113.78121143498707	1.0	NonTarget	1	29128
113.90621139261957	1.0	NonTarget	1	29160
114.03121135025208	1.0	NonTarget	1	29192
114.15621130788458	1.0	NonTarget	1	29224
114.28121126551709	1.0	NonTarget	1	29256
114.40621122314958	1.0	NonTarget	1	29288
114.5312111807821	1.0	NonTarget	1	29320
114.6562111384146	1.0	NonTarget	1	29352
114.7812110960471	1.0	NonTarget	1	29384
114.90621105367961	1.0	NonTarget	1	29416
115.03121101131211	1.0	NonTarget	1	29448
115.15621096894462	1.0	NonTarget	1	29480
115.28121092657712	1.0	NonTarget	1	29512
115.40621088420963	1.0	NonTarget	1	29544
115.53121084184212	1.0	NonTarget	1	29576
115.65621079947464	1.0	NonTarget	1	29608
115.78121075710713	1.0	NonTarget	1	29640
115.90621071473964	1.0	NonTarget	1	29672
116.03121067237214	1.0	NonTarget	1	29704
116.15621063000465	1.0	NonTarget	1	29736
116.28121058763716	1.0	NonTarget	1	29768
116.40621054526966	1.0	NonTarget	1	29800
116.53121050290217	1.0	NonTarget	1	29832
116.65621046053467	1.0	NonTarget	1	29864
116.78121041816718	1.0	NonTarget	1	29896
116.90621037579967	1.0	NonTarget	1	29928
117.03121033343218	1.0	NonTarget	1	29960
117.15621029106468	1.0	NonTarget	1	29992
117.28121024869719	1.0	NonTarget	1	30024
117.40621020632969	1.0	NonTarget	1	30056
117.5312101639622	1.0	NonTarget	1	30088
117.6562101215947	1.0	NonTarget	1	30120
117.78121007922721	1.0	NonTarget	1	30152
117.9062100368597	1.0	NonTarget	1	30184
118.03120999449222	1.0	NonTarget	1	30216
118.15620995212473	1.0	NonTarget	1	30248
118.28120990975722	1.0	NonTarget	1	30280
118.40620986738973	1.0	NonTarget	1	30312
118.53120982502223	1.0	NonTarget	1	30344
118.65620978265474	1.0	NonTarget	1	30376
118.78120974028724	1.0	NonTarget	1	30408
118.90620969791975	1.0	NonTarget	1	30440
119.03120965555225	1.0	NonTarget	1	30472
119.15620961318476	1.0	NonTarget	1	30504
119.28120957081725	1.0	NonTarget	1	30536
119.40620952844976	1.0	NonTarget	1	30568
119.53120948608226	1.0	NonTarget	1	30600
119.65620944371477	1.0	NonTarget	1	30632
119.78120940134728	1.0	NonTarget	1	30664
119.90620935897978	1.0	NonTarget	1	30696
120.03120931661229	1.0	NonTarget	1	30728
120.15620927424479	1.0	NonTarget	1	30760
120.2812092318773	1.0	NonTarget	1	30792
120.4062091895098	1.0	NonTarget	1	30824
120.5312091471423	1.0	NonTarget	1	30856
120.6562091047748	1.0	NonTarget	1	30888
120.78120906240731	1.0	NonTarget	1	30920
120.90620902003981	1.0	NonTarget	1	30952
121.03120897767232	1.0	NonTarget	1	30984
121.15620893530482	1.0	NonTarget	1	31016
121.28120889293733	1.0	NonTarget	1	31048
121.40620885056983	1.0	NonTarget	1	31080
121.53120880820234	1.0	NonTarget	1	31112
121.65620876583485	1.0	NonTarget	1	31144
121.78120872346734	1.0	NonTarget	1	31176
121.90620868109986	1.0	NonTarget	1	31208
122.03120863873235	1.0	NonTarget	1	31240
122.15620859636486	1.0	NonTarget	1	31272
122.28120855399736	1.0	NonTarget	1	31304
122.40620851162987	1.0	NonTarget	1	31336
122.53120846926237	1.0	NonTarget	1	31368
122.65620842689488	1.0	NonTarget	1	31400
122.78120838452737	1.0	NonTarget	1	31432
122.90620834215989	1.0	NonTarget	1	31464
123.03120829979238	1.0	NonTarget	1	31496
123.1562082574249	1.0	NonTarget	1	31528
123.2812082150574	1.0	NonTarget	1	31560
123.4062081726899	1.0	NonTarget	1	31592
123.53120813032241	1.0	NonTarget	1	31624
123.65620808795491	1.0	NonTarget	1	31656
123.78120804558742	1.0	NonTarget	1	31688
123.90620800321992	1.0	NonTarget	1	31720
124.03120796085243	1.0	NonTarget	1	31752
124.15620791848492	1.0	NonTarget	1	31784
124.28120787611743	1.0	NonTarget	1	31816
124.40620783374993	1.0	NonTarget	1	31848
130.53120575774264	1.0	NonTarget	1	33416
130.65620571537517	1.0	NonTarget	1	33448
130.78120567300766	1.0	NonTarget	1	33480
130.90620563064016	1.0	NonTarget	1	33512
131.03120558827266	1.0	NonTarget	1	33544
131.15620554590518	1.0	NonTarget	1	33576
131.28120550353768	1.0	NonTarget	1	33608
131.40620546117017	1.0	NonTarget	1	33640
131.53120541880267	1.0	NonTarget	1	33672
131.6562053764352	1.0	NonTarget	1	33704
131.7812053340677	1.0	NonTarget	1	33736
131.9062052917002	1.0	NonTarget	1	33768
132.03120524933271	1.0	NonTarget	1	33800
132.1562052069652	1.0	NonTarget	1	33832
132.2812051645977	1.0	NonTarget	1	33864
132.4062051222302	1.0	NonTarget	1	33896
132.53120507986273	1.0	NonTarget	1	33928
132.65620503749523	1.0	NonTarget	1	33960
132.78120499512772	1.0	NonTarget	1	33992
132.90620495276022	1.0	NonTarget	1	34024
133.03120491039274	1.0	NonTarget	1	34056
133.15620486802524	1.0	NonTarget	1	34088
133.28120482565774	1.0	NonTarget	1	34120
133.40620478329024	1.0	NonTarget	1	34152
133.53120474092276	1.0	NonTarget	1	34184
133.65620469855526	1.0	NonTarget	1	34216
133.78120465618775	1.0	NonTarget	1	34248
133.90620461382028	1.0	NonTarget	1	34280
134.03120457145278	1.0	NonTarget	1	34312
134.15620452908527	1.0	NonTarget	1	34344
134.28120448671777	1.0	NonTarget	1	34376
134.4062044443503	1.0	NonTarget	1	34408
134.5312044019828	1.0	NonTarget	1	34440
134.6562043596153	1.0	NonTarget	1	34472
134.78120431724778	1.0	NonTarget	1	34504
134.9062042748803	1.0	NonTarget	1	34536
135.0312042325128	1.0	NonTarget	1	34568
135.1562041901453	1.0	NonTarget	1	34600
135.2812041477778	1.0	NonTarget	1	34632
135.40620410541032	1.0	NonTarget	1	34664
135.53120406304282	1.0	NonTarget	1	34696
135.65620402067532	1.0	NonTarget	1	34728
135.78120397830784	1.0	NonTarget	1	34760
135.90620393594034	1.0	NonTarget	1	34792
136.03120389357284	1.0	NonTarget	1	34824
136.15620385120533	1.0	NonTarget	1	34856
136.28120380883786	1.0	NonTarget	1	34888
136.40620376647036	1.0	NonTarget	1	34920
136.53120372410285	1.0	NonTarget	1	34952
136.65620368173535	1.0	NonTarget	1	34984
136.78120363936787	1.0	NonTarget	1	35016
136.90620359700037	1.0	NonTarget	1	35048
137.03120355463287	1.0	NonTarget	1	35080
137.1562035122654	1.0	NonTarget	1	35112
137.2812034698979	1.0	NonTarget	1	35144
137.4062034275304	1.0	NonTarget	1	35176
137.53120338516288	1.0	NonTarget	1	35208
137.6562033427954	1.0	NonTarget	1	35240
137.7812033004279	1.0	NonTarget	1	35272
137.9062032580604	1.0	NonTarget	1	35304
138.0312032156929	1.0	NonTarget	1	35336
138.15620317332542	1.0	NonTarget	1	35368
138.28120313095792	1.0	NonTarget	1	35400
138.40620308859042	1.0	NonTarget	1	35432
138.5312030462229	1.0	NonTarget	1	35464
138.65620300385544	1.0	NonTarget	1	35496
138.78120296148793	1.0	NonTarget	1	35528
138.90620291912043	1.0	NonTarget	1	35560
139.03120287675296	1.0	NonTarget	1	35592
139.15620283438545	1.0	NonTarget	1	35624
139.28120279201795	1.0	NonTarget	1	35656
139.40620274965045	1.0	NonTarget	1	35688
139.53120270728297	1.0	NonTarget	1	35720
139.65620266491547	1.0	NonTarget	1	35752
139.78120262254797	1.0	NonTarget	1	35784
139.90620258018046	1.0	NonTarget	1	35816
140.031202537813	1.0	NonTarget	1	35848
140.15620249544548	1.0	NonTarget	1	35880
140.28120245307798	1.0	NonTarget	1	35912
140.40620241071048	1.0	NonTarget	1	35944
140.531202368343	1.0	NonTarget	1	35976
140.6562023259755	1.0	NonTarget	1	36008
140.781202283608	1.0	NonTarget	1	36040
140.90620224124052	1.0	NonTarget	1	36072
141.03120219887302	1.0	NonTarget	1	36104
141.15620215650551	1.0	NonTarget	1	36136
141.281202114138	1.0	NonTarget	1	36168
141.40620207177054	1.0	NonTarget	1	36200
141.53120202940303	1.0	NonTarget	1	36232
141.65620198703553	1.0	NonTarget	1	36264
141.78120194466803	1.0	NonTarget	1	36296
141.90620190230055	1.0	NonTarget	1	36328
142.03120185993305	1.0	NonTarget	1	36360
142.15620181756555	1.0	NonTarget	1	36392
142.28120177519804	1.0	NonTarget	1	36424
142.40620173283057	1.0	NonTarget	1	36456
148.53119965682328	1.0	NonTarget	1	38024
148.65619961445577	1.0	NonTarget	1	38056
148.78119957208827	1.0	NonTarget	1	38088
148.9061995297208	1.0	NonTarget	1	38120
149.0311994873533	1.0	NonTarget	1	38152
149.1561994449858	1.0	NonTarget	1	38184
149.28119940261828	1.0	NonTarget	1	38216
149.4061993602508	1.0	NonTarget	1	38248
149.5311993178833	1.0	NonTarget	1	38280
149.6561992755158	1.0	NonTarget	1	38312
149.78119923314833	1.0	NonTarget	1	38344
149.90619919078082	1.0	NonTarget	1	38376
150.03119914841332	1.0	NonTarget	1	38408
150.15619910604582	1.0	NonTarget	1	38440
150.28119906367834	1.0	NonTarget	1	38472
150.40619902131084	1.0	NonTarget	1	38504
150.53119897894334	1.0	NonTarget	1	38536
150.65619893657583	1.0	NonTarget	1	38568
150.78119889420836	1.0	NonTarget	1	38600
150.90619885184086	1.0	NonTarget	1	38632
151.03119880947335	1.0	NonTarget	1	38664
151.15619876710588	1.0	NonTarget	1	38696
151.28119872473837	1.0	NonTarget	1	38728
151.40619868237087	1.0	NonTarget	1	38760
151.53119864000337	1.0	NonTarget	1	38792
151.6561985976359	1.0	NonTarget	1	38824
151.7811985552684	1.0	NonTarget	1	38856
151.9061985129009	1.0	NonTarget	1	38888
152.03119847053338	1.0	NonTarget	1	38920
152.1561984281659	1.0	NonTarget	1	38952
152.2811983857984	1.0	NonTarget	1	38984
152.4061983434309	1.0	NonTarget	1	39016
152.5311983010634	1.0	NonTarget	1	39048
152.65619825869592	1.0	NonTarget	1	39080
152.78119821632842	1.0	NonTarget	1	39112
152.90619817396092	1.0	NonTarget	1	39144
153.03119813159344	1.0	NonTarget	1	39176
153.15619808922594	1.0	NonTarget	1	39208
153.28119804685844	1.0	NonTarget	1	39240
153.40619800449093	1.0	NonTarget	1	39272
153.53119796212346	1.0	NonTarget	1	39304
153.65619791975595	1.0	NonTarget	1	39336
153.78119787738845	1.0	NonTarget	1	39368
153.90619783502095	1.0	NonTarget	1	39400
154.03119779265347	1.0	NonTarget	1	39432
154.15619775028597	1.0	NonTarget	1	39464
154.28119770791847	1.0	NonTarget	1	39496
154.40619766555096	1.0	NonTarget	1	39528
154.5311976231835	1.0	NonTarget	1	39560
154.65619758081598	1.0	NonTarget	1	39592
154.78119753844848	1.0	NonTarget	1	39624
154.906197496081	1.0	NonTarget	1	39656
155.0311974537135	1.0	NonTarget	1	39688
155.156197411346	1.0	NonTarget	1	39720
155.2811973689785	1.0	NonTarget	1	39752
155.40619732661102	1.0	NonTarget	1	39784
155.53119728424352	1.0	NonTarget	1	39816
155.65619724187601	1.0	NonTarget	1	39848
155.7811971995085	1.0	NonTarget	1	39880
155.90619715714104	1.0	NonTarget	1	39912
156.03119711477353	1.0	NonTarget	1	39944
156.15619707240603	1.0	NonTarget	1	39976
156.28119703003853	1.0	NonTarget	1	40008
156.40619698767105	1.0	NonTarget	1	40040
156.53119694530355	1.0	NonTarget	1	40072
156.65619690293605	1.0	NonTarget	1	40104
156.78119686056857	1.0	NonTarget	1	40136
156.90619681820107	1.0	NonTarget	1	40168
157.03119677583356	1.0	NonTarget	1	40200
157.15619673346606	1.0	NonTarget	1	40232
157.2811966910986	1.0	NonTarget	1	40264
157.40619664873108	1.0	NonTarget	1	40296
157.53119660636358	1.0	NonTarget	1	40328
157.65619656399608	1.0	NonTarget	1	40360
157.7811965216286	1.0	NonTarget	1	40392
157.9061964792611	1.0	NonTarget	1	40424
158.0311964368936	1.0	NonTarget	1	40456
158.15619639452612	1.0	NonTarget	1	40488
158.28119635215862	1.0	NonTarget	1	40520
158.4061963097911	1.0	NonTarget	1	40552
158.5311962674236	1.0	NonTarget	1	40584
158.65619622505614	1.0	NonTarget	1	40616
158.78119618268863	1.0	NonTarget	1	40648
158.90619614032113	1.0	NonTarget	1	40680
159.03119609795363	1.0	NonTarget	1	40712
159.15619605558615	1.0	NonTarget	1	40744
159.28119601321865	1.0	NonTarget	1	40776
159.40619597085114	1.0	NonTarget	1	40808
159.53119592848364	1.0	NonTarget	1	40840
159.65619588611617	1.0	NonTarget	1	40872
159.78119584374866	1.0	NonTarget	1	40904
159.90619580138116	1.0	NonTarget	1	40936
160.03119575901368	1.0	NonTarget	1	40968
160.15619571664618	1.0	NonTarget	1	41000
160.28119567427868	1.0	NonTarget	1	41032
160.40619563191117	1.0	NonTarget	1	41064
166.53119355590388	1.0	NonTarget	1	42632
166.6561935135364	1.0	NonTarget	1	42664
166.7811934711689	1.0	NonTarget	1	42696
166.9061934288014	1.0	NonTarget	1	42728
167.03119338643393	1.0	NonTarget	1	42760
167.15619334406642	1.0	NonTarget	1	42792
167.28119330169892	1.0	NonTarget	1	42824
167.40619325933142	1.0	NonTarget	1	42856
167.53119321696394	1.0	NonTarget	1	42888
167.65619317459644	1.0	NonTarget	1	42920
167.78119313222894	1.0	NonTarget	1	42952
167.90619308986143	1.0	NonTarget	1	42984
168.03119304749396	1.0	NonTarget	1	43016
168.15619300512645	1.0	NonTarget	1	43048
168.28119296275895	1.0	NonTarget	1	43080
168.40619292039145	1.0	NonTarget	1	43112
168.53119287802397	1.0	NonTarget	1	43144
168.65619283565647	1.0	NonTarget	1	43176
168.78119279328897	1.0	NonTarget	1	43208
168.9061927509215	1.0	NonTarget	1	43240
169.031192708554	1.0	NonTarget	1	43272
169.15619266618648	1.0	NonTarget	1	43304
169.28119262381898	1.0	NonTarget	1	43336
169.4061925814515	1.0	NonTarget	1	43368
169.531192539084	1.0	NonTarget	1	43400
169.6561924967165	1.0	NonTarget	1	43432
169.781192454349	1.0	NonTarget	1	43464
169.90619241198152	1.0	NonTarget	1	43496
170.03119236961402	1.0	NonTarget	1	43528
170.15619232724652	1.0	NonTarget	1	43560
170.28119228487904	1.0	NonTarget	1	43592
170.40619224251154	1.0	NonTarget	1	43624
170.53119220014403	1.0	NonTarget	1	43656
170.65619215777653	1.0	NonTarget	1	43688
170.78119211540906	1.0	NonTarget	1	43720
170.90619207304155	1.0	NonTarget	1	43752
171.03119203067405	1.0	NonTarget	1	43784
171.15619198830655	1.0	NonTarget	1	43816
171.28119194593907	1.0	NonTarget	1	43848
171.40619190357157	1.0	NonTarget	1	43880
171.53119186120406	1.0	NonTarget	1	43912
171.65619181883656	1.0	NonTarget	1	43944
171.7811917764691	1.0	NonTarget	1	43976
171.90619173410158	1.0	NonTarget	1	44008
172.03119169173408	1.0	NonTarget	1	44040
172.1561916493666	1.0	NonTarget	1	44072
172.2811916069991	1.0	NonTarget	1	44104
172.4061915646316	1.0	NonTarget	1	44136
172.5311915222641	1.0	NonTarget	1	44168
172.65619147989662	1.0	NonTarget	1	44200
172.78119143752912	1.0	NonTarget	1	44232
172.9061913951616	1.0	NonTarget	1	44264
173.0311913527941	1.0	NonTarget	1	44296
173.15619131042664	1.0	NonTarget	1	44328
173.28119126805913	1.0	NonTarget	1	44360
173.40619122569163	1.0	NonTarget	1	44392
173.53119118332413	1.0	NonTarget	1	44424
173.65619114095665	1.0	NonTarget	1	44456
173.78119109858915	1.0	NonTarget	1	44488
173.90619105622164	1.0	NonTarget	1	44520
174.03119101385417	1.0	NonTarget	1	44552
174.15619097148667	1.0	NonTarget	1	44584
174.28119092911916	1.0	NonTarget	1	44616
174.40619088675166	1.0	NonTarget	1	44648
174.53119084438418	1.0	NonTarget	1	44680
174.65619080201668	1.0	NonTarget	1	44712
174.78119075964918	1.0	NonTarget	1	44744
174.90619071728167	1.0	NonTarget	1	44776
175.0311906749142	1.0	NonTarget	1	44808
175.1561906325467	1.0	NonTarget	1	44840
175.2811905901792	1.0	NonTarget	1	44872
175.4061905478117	1.0	NonTarget	1	44904
175.53119050544421	1.0	NonTarget	1	44936
175.6561904630767	1.0	NonTarget	1	44968
175.7811904207092	1.0	NonTarget	1	45000
175.90619037834173	1.0	NonTarget	1	45032
176.03119033597423	1.0	NonTarget	1	45064
176.15619029360673	1.0	NonTarget	1	45096
176.28119025123922	1.0	NonTarget	1	45128
176.40619020887175	1.0	NonTarget	1	45160
176.53119016650425	1.0	NonTarget	1	45192
176.65619012413674	1.0	NonTarget	1	45224
176.78119008176924	1.0	NonTarget	1	45256
176.90619003940176	1.0	NonTarget	1	45288
177.03118999703426	1.0	NonTarget	1	45320
177.15618995466676	1.0	NonTarget	1	45352
177.28118991229928	1.0	NonTarget	1	45384
177.40618986993178	1.0	NonTarget	1	45416
177.53118982756428	1.0	NonTarget	1	45448
177.65618978519677	1.0	NonTarget	1	45480
177.7811897428293	1.0	NonTarget	1	45512
177.9061897004618	1.0	NonTarget	1	45544
178.0311896580943	1.0	NonTarget	1	45576
178.1561896157268	1.0	NonTarget	1	45608
178.2811895733593	1.0	NonTarget	1	45640
178.4061895309918	1.0	NonTarget	1	45672
184.53118745498452	1.0	NonTarget	1	47240
184.65618741261702	1.0	NonTarget	1	47272
184.78118737024954	1.0	NonTarget	1	47304
184.90618732788204	1.0	NonTarget	1	47336
185.03118728551453	1.0	NonTarget	1	47368
185.15618724314703	1.0	NonTarget	1	47400
185.28118720077956	1.0	NonTarget	1	47432
185.40618715841205	1.0	NonTarget	1	47464
185.53118711604455	1.0	NonTarget	1	47496
185.65618707367705	1.0	NonTarget	1	47528
185.78118703130957	1.0	NonTarget	1	47560
185.90618698894207	1.0	NonTarget	1	47592
186.03118694657456	1.0	NonTarget	1	47624
186.1561869042071	1.0	NonTarget	1	47656
186.2811868618396	1.0	NonTarget	1	47688
186.40618681947208	1.0	NonTarget	1	47720
186.53118677710458	1.0	NonTarget	1	47752
186.6561867347371	1.0	NonTarget	1	47784
186.7811866923696	1.0	NonTarget	1	47816
186.9061866500021	1.0	NonTarget	1	47848
187.0311866076346	1.0	NonTarget	1	47880
187.15618656526712	1.0	NonTarget	1	47912
187.28118652289962	1.0	NonTarget	1	47944
187.4061864805321	1.0	NonTarget	1	47976
187.5311864381646	1.0	NonTarget	1	48008
187.65618639579714	1.0	NonTarget	1	48040
187.78118635342963	1.0	NonTarget	1	48072
187.90618631106213	1.0	NonTarget	1	48104
188.03118626869465	1.0	NonTarget	1	48136
188.15618622632715	1.0	NonTarget	1	48168
188.28118618395965	1.0	NonTarget	1	48200
188.40618614159214	1.0	NonTarget	1	48232
188.53118609922467	1.0	NonTarget	1	48264
188.65618605685717	1.0	NonTarget	1	48296
188.78118601448966	1.0	NonTarget	1	48328
188.90618597212216	1.0	NonTarget	1	48360
189.03118592975468	1.0	NonTarget	1	48392
189.15618588738718	1.0	NonTarget	1	48424
189.28118584501968	1.0	NonTarget	1	48456
189.4061858026522	1.0	NonTarget	1	48488
189.5311857602847	1.0	NonTarget	1	48520
189.6561857179172	1.0	NonTarget	1	48552
189.7811856755497	1.0	NonTarget	1	48584
189.90618563318222	1.0	NonTarget	1	48616
190.03118559081472	1.0	NonTarget	1	48648
190.1561855484472	1.0	NonTarget	1	48680
190.2811855060797	1.0	NonTarget	1	48712
190.40618546371223	1.0	NonTarget	1	48744
190.53118542134473	1.0	NonTarget	1	48776
190.65618537897723	1.0	NonTarget	1	48808
190.78118533660972	1.0	NonTarget	1	48840
190.90618529424225	1.0	NonTarget	1	48872
191.03118525187475	1.0	NonTarget	1	48904
191.15618520950724	1.0	NonTarget	1	48936
191.28118516713977	1.0	NonTarget	1	48968
191.40618512477226	1.0	NonTarget	1	49000
191.53118508240476	1.0	NonTarget	1	49032
191.65618504003726	1.0	NonTarget	1	49064
191.78118499766978	1.0	NonTarget	1	49096
191.90618495530228	1.0	NonTarget	1	49128
192.03118491293478	1.0	NonTarget	1	49160
192.15618487056727	1.0	NonTarget	1	49192
192.2811848281998	1.0	NonTarget	1	49224
192.4061847858323	1.0	NonTarget	1	49256
192.5311847434648	1.0	NonTarget	1	49288
192.6561847010973	1.0	NonTarget	1	49320
192.7811846587298	1.0	NonTarget	1	49352
192.9061846163623	1.0	NonTarget	1	49384
193.0311845739948	1.0	NonTarget	1	49416
193.15618453162733	1.0	NonTarget	1	49448
193.28118448925983	1.0	NonTarget	1	49480
193.40618444689233	1.0	NonTarget	1	49512
193.53118440452482	1.0	NonTarget	1	49544
193.65618436215735	1.0	NonTarget	1	49576
193.78118431978984	1.0	NonTarget	1	49608
193.90618427742234	1.0	NonTarget	1	49640
194.03118423505484	1.0	NonTarget	1	49672
194.15618419268736	1.0	NonTarget	1	49704
194.28118415031986	1.0	NonTarget	1	49736
194.40618410795236	1.0	NonTarget	1	49768
194.53118406558485	1.0	NonTarget	1	49800
194.65618402321738	1.0	NonTarget	1	49832
194.78118398084987	1.0	NonTarget	1	49864
194.90618393848237	1.0	NonTarget	1	49896
195.0311838961149	1.0	NonTarget	1	49928
195.1561838537474	1.0	NonTarget	1	49960
195.2811838113799	1.0	NonTarget	1	49992
195.4061837690124	1.0	NonTarget	1	50024
195.5311837266449	1.0	NonTarget	1	50056
195.6561836842774	1.0	NonTarget	1	50088
195.7811836419099	1.0	NonTarget	1	50120
195.9061835995424	1.0	NonTarget	1	50152
196.03118355717493	1.0	NonTarget	1	50184
196.15618351480742	1.0	NonTarget	1	50216
196.28118347243992	1.0	NonTarget	1	50248
196.40618343007245	1.0	NonTarget	1	50280
202.53118135406515	1.0	NonTarget	1	51848
202.65618131169765	1.0	NonTarget	1	51880
202.78118126933015	1.0	NonTarget	1	51912
202.90618122696264	1.0	NonTarget	1	51944
203.03118118459517	1.0	NonTarget	1	51976
203.15618114222767	1.0	NonTarget	1	52008
203.28118109986016	1.0	NonTarget	1	52040
203.4061810574927	1.0	NonTarget	1	52072
203.53118101512518	1.0	NonTarget	1	52104
203.65618097275768	1.0	NonTarget	1	52136
203.78118093039018	1.0	NonTarget	1	52168
203.9061808880227	1.0	NonTarget	1	52200
204.0311808456552	1.0	NonTarget	1	52232
204.1561808032877	1.0	NonTarget	1	52264
204.2811807609202	1.0	NonTarget	1	52296
204.40618071855272	1.0	NonTarget	1	52328
204.53118067618522	1.0	NonTarget	1	52360
204.6561806338177	1.0	NonTarget	1	52392
204.7811805914502	1.0	NonTarget	1	52424
204.90618054908273	1.0	NonTarget	1	52456
205.03118050671523	1.0	NonTarget	1	52488
205.15618046434773	1.0	NonTarget	1	52520
205.28118042198025	1.0	NonTarget	1	52552
205.40618037961275	1.0	NonTarget	1	52584
205.53118033724525	1.0	NonTarget	1	52616
205.65618029487774	1.0	NonTarget	1	52648
205.78118025251027	1.0	NonTarget	1	52680
205.90618021014276	1.0	NonTarget	1	52712
206.03118016777526	1.0	NonTarget	1	52744
206.15618012540776	1.0	NonTarget	1	52776
206.28118008304028	1.0	NonTarget	1	52808
206.40618004067278	1.0	NonTarget	1	52840
206.53117999830528	1.0	NonTarget	1	52872
206.65617995593777	1.0	NonTarget	1	52904
206.7811799135703	1.0	NonTarget	1	52936
206.9061798712028	1.0	NonTarget	1	52968
207.0311798288353	1.0	NonTarget	1	53000
207.15617978646782	1.0	NonTarget	1	53032
207.2811797441003	1.0	NonTarget	1	53064
207.4061797017328	1.0	NonTarget	1	53096
207.5311796593653	1.0	NonTarget	1	53128
207.65617961699783	1.0	NonTarget	1	53160
207.78117957463033	1.0	NonTarget	1	53192
207.90617953226283	1.0	NonTarget	1	53224
208.03117948989532	1.0	NonTarget	1	53256
208.15617944752785	1.0	NonTarget	1	53288
208.28117940516034	1.0	NonTarget	1	53320
208.40617936279284	1.0	NonTarget	1	53352
208.53117932042534	1.0	NonTarget	1	53384
208.65617927805786	1.0	NonTarget	1	53416
208.78117923569036	1.0	NonTarget	1	53448
208.90617919332286	1.0	NonTarget	1	53480
209.03117915095538	1.0	NonTarget	1	53512
209.15617910858788	1.0	NonTarget	1	53544
209.28117906622037	1.0	NonTarget	1	53576
209.40617902385287	1.0	NonTarget	1	53608
209.5311789814854	1.0	NonTarget	1	53640
209.6561789391179	1.0	NonTarget	1	53672
209.7811788967504	1.0	NonTarget	1	53704
209.9061788543829	1.0	NonTarget	1	53736
210.0311788120154	1.0	NonTarget	1	53768
210.1561787696479	1.0	NonTarget	1	53800
210.2811787272804	1.0	NonTarget	1	53832
210.40617868491293	1.0	NonTarget	1	53864
210.53117864254543	1.0	NonTarget	1	53896
210.65617860017792	1.0	NonTarget	1	53928
210.78117855781042	1.0	NonTarget	1	53960
210.90617851544295	1.0	NonTarget	1	53992
211.03117847307544	1.0	NonTarget	1	54024
211.15617843070794	1.0	NonTarget	1	54056
211.28117838834044	1.0	NonTarget	1	54088
211.40617834597296	1.0	NonTarget	1	54120
211.53117830360546	1.0	NonTarget	1	54152
211.65617826123795	1.0	NonTarget	1	54184
211.78117821887045	1.0	NonTarget	1	54216
211.90617817650298	1.0	NonTarget	1	54248
212.03117813413547	1.0	NonTarget	1	54280
212.15617809176797	1.0	NonTarget	1	54312
212.2811780494005	1.0	NonTarget	1	54344
212.406178007033	1.0	NonTarget	1	54376
212.5311779646655	1.0	NonTarget	1	54408
212.65617792229799	1.0	NonTarget	1	54440
212.7811778799305	1.0	NonTarget	1	54472
212.906177837563	1.0	NonTarget	1	54504
213.0311777951955	1.0	NonTarget	1	54536
213.156177752828	1.0	NonTarget	1	54568
213.28117771046053	1.0	NonTarget	1	54600
213.40617766809302	1.0	NonTarget	1	54632
213.53117762572552	1.0	NonTarget	1	54664
213.65617758335802	1.0	NonTarget	1	54696
213.78117754099054	1.0	NonTarget	1	54728
213.90617749862304	1.0	NonTarget	1	54760
214.03117745625553	1.0	NonTarget	1	54792
214.15617741388806	1.0	NonTarget	1	54824
214.28117737152056	1.0	NonTarget	1	54856
214.40617732915305	1.0	NonTarget	1	54888
220.53117525314576	1.0	NonTarget	1	56456
220.65617521077826	1.0	NonTarget	1	56488
220.78117516841078	1.0	NonTarget	1	56520
220.90617512604328	1.0	NonTarget	1	56552
221.03117508367578	1.0	NonTarget	1	56584
221.1561750413083	1.0	NonTarget	1	56616
221.2811749989408	1.0	NonTarget	1	56648
221.4061749565733	1.0	NonTarget	1	56680
221.5311749142058	1.0	NonTarget	1	56712
221.65617487183832	1.0	NonTarget	1	56744
221.7811748294708	1.0	NonTarget	1	56776
221.9061747871033	1.0	NonTarget	1	56808
222.0311747447358	1.0	NonTarget	1	56840
222.15617470236833	1.0	NonTarget	1	56872
222.28117466000083	1.0	NonTarget	1	56904
222.40617461763333	1.0	NonTarget	1	56936
222.53117457526585	1.0	NonTarget	1	56968
222.65617453289835	1.0	NonTarget	1	57000
222.78117449053084	1.0	NonTarget	1	57032
222.90617444816334	1.0	NonTarget	1	57064
223.03117440579587	1.0	NonTarget	1	57096
223.15617436342836	1.0	NonTarget	1	57128
223.28117432106086	1.0	NonTarget	1	57160
223.40617427869336	1.0	NonTarget	1	57192
223.53117423632588	1.0	NonTarget	1	57224
223.65617419395838	1.0	NonTarget	1	57256
223.78117415159087	1.0	NonTarget	1	57288
223.90617410922337	1.0	NonTarget	1	57320
224.0311740668559	1.0	NonTarget	1	57352
224.1561740244884	1.0	NonTarget	1	57384
224.2811739821209	1.0	NonTarget	1	57416
224.40617393975342	1.0	NonTarget	1	57448
224.5311738973859	1.0	NonTarget	1	57480
224.6561738550184	1.0	NonTarget	1	57512
224.7811738126509	1.0	NonTarget	1	57544
224.90617377028343	1.0	NonTarget	1	57576
225.03117372791593	1.0	NonTarget	1	57608
225.15617368554842	1.0	NonTarget	1	57640
225.28117364318092	1.0	NonTarget	1	57672
225.40617360081345	1.0	NonTarget	1	57704
225.53117355844594	1.0	NonTarget	1	57736
225.65617351607844	1.0	NonTarget	1	57768
225.78117347371094	1.0	NonTarget	1	57800
225.90617343134346	1.0	NonTarget	1	57832
226.03117338897596	1.0	NonTarget	1	57864
226.15617334660845	1.0	NonTarget	1	57896
226.28117330424098	1.0	NonTarget	1	57928
226.40617326187348	1.0	NonTarget	1	57960
226.53117321950597	1.0	NonTarget	1	57992
226.65617317713847	1.0	NonTarget	1	58024
226.781173134771	1.0	NonTarget	1	58056
226.9061730924035	1.0	NonTarget	1	58088
227.031173050036	1.0	NonTarget	1	58120
227.15617300766849	1.0	NonTarget	1	58152
227.281172965301	1.0	NonTarget	1	58184
227.4061729229335	1.0	NonTarget	1	58216
227.531172880566	1.0	NonTarget	1	58248
227.6561728381985	1.0	NonTarget	1	58280
227.78117279583103	1.0	NonTarget	1	58312
227.90617275346352	1.0	NonTarget	1	58344
228.03117271109602	1.0	NonTarget	1	58376
228.15617266872854	1.0	NonTarget	1	58408
228.28117262636104	1.0	NonTarget	1	58440
228.40617258399354	1.0	NonTarget	1	58472
228.53117254162603	1.0	NonTarget	1	58504
228.65617249925856	1.0	NonTarget	1	58536
228.78117245689106	1.0	NonTarget	1	58568
228.90617241452355	1.0	NonTarget	1	58600
229.03117237215605	1.0	NonTarget	1	58632
229.15617232978857	1.0	NonTarget	1	58664
229.28117228742107	1.0	NonTarget	1	58696
229.40617224505357	1.0	NonTarget	1	58728
229.5311722026861	1.0	NonTarget	1	58760
229.6561721603186	1.0	NonTarget	1	58792
229.7811721179511	1.0	NonTarget	1	58824
229.90617207558358	1.0	NonTarget	1	58856
230.0311720332161	1.0	NonTarget	1	58888
230.1561719908486	1.0	NonTarget	1	58920
230.2811719484811	1.0	NonTarget	1	58952
230.4061719061136	1.0	NonTarget	1	58984
230.53117186374612	1.0	NonTarget	1	59016
230.65617182137862	1.0	NonTarget	1	59048
230.78117177901112	1.0	NonTarget	1	59080
230.9061717366436	1.0	NonTarget	1	59112
231.03117169427614	1.0	NonTarget	1	59144
231.15617165190864	1.0	NonTarget	1	59176
231.28117160954113	1.0	NonTarget	1	59208
231.40617156717366	1.0	NonTarget	1	59240
231.53117152480615	1.0	NonTarget	1	59272
231.65617148243865	1.0	NonTarget	1	59304
231.78117144007115	1.0	NonTarget	1	59336
231.90617139770367	1.0	NonTarget	1	59368
232.03117135533617	1.0	NonTarget	1	59400
232.15617131296867	1.0	NonTarget	1	59432
232.28117127060116	1.0	NonTarget	1	59464
232.4061712282337	1.0	NonTarget	1	59496
238.5311691522264	1.0	NonTarget	1	61064
238.6561691098589	1.0	NonTarget	1	61096
238.7811690674914	1.0	NonTarget	1	61128
238.90616902512392	1.0	NonTarget	1	61160
239.0311689827564	1.0	NonTarget	1	61192
239.1561689403889	1.0	NonTarget	1	61224
239.2811688980214	1.0	NonTarget	1	61256
239.40616885565393	1.0	NonTarget	1	61288
239.53116881328643	1.0	NonTarget	1	61320
239.65616877091892	1.0	NonTarget	1	61352
239.78116872855142	1.0	NonTarget	1	61384
239.90616868618395	1.0	NonTarget	1	61416
240.03116864381644	1.0	NonTarget	1	61448
240.15616860144894	1.0	NonTarget	1	61480
240.28116855908146	1.0	NonTarget	1	61512
240.40616851671396	1.0	NonTarget	1	61544
240.53116847434646	1.0	NonTarget	1	61576
240.65616843197895	1.0	NonTarget	1	61608
240.78116838961148	1.0	NonTarget	1	61640
240.90616834724398	1.0	NonTarget	1	61672
241.03116830487647	1.0	NonTarget	1	61704
241.15616826250897	1.0	NonTarget	1	61736
241.2811682201415	1.0	NonTarget	1	61768
241.406168177774	1.0	NonTarget	1	61800
241.5311681354065	1.0	NonTarget	1	61832
241.656168093039	1.0	NonTarget	1	61864
241.7811680506715	1.0	NonTarget	1	61896
241.906168008304	1.0	NonTarget	1	61928
242.0311679659365	1.0	NonTarget	1	61960
242.15616792356903	1.0	NonTarget	1	61992
242.28116788120153	1.0	NonTarget	1	62024
242.40616783883402	1.0	NonTarget	1	62056
242.53116779646652	1.0	NonTarget	1	62088
242.65616775409904	1.0	NonTarget	1	62120
242.78116771173154	1.0	NonTarget	1	62152
242.90616766936404	1.0	NonTarget	1	62184
243.03116762699653	1.0	NonTarget	1	62216
243.15616758462906	1.0	NonTarget	1	62248
243.28116754226156	1.0	NonTarget	1	62280
243.40616749989405	1.0	NonTarget	1	62312
243.53116745752658	1.0	NonTarget	1	62344
243.65616741515908	1.0	NonTarget	1	62376
243.78116737279157	1.0	NonTarget	1	62408
243.90616733042407	1.0	NonTarget	1	62440
244.0311672880566	1.0	NonTarget	1	62472
244.1561672456891	1.0	NonTarget	1	62504
244.2811672033216	1.0	NonTarget	1	62536
244.40616716095408	1.0	NonTarget	1	62568
244.5311671185866	1.0	NonTarget	1	62600
244.6561670762191	1.0	NonTarget	1	62632
244.7811670338516	1.0	NonTarget	1	62664
244.9061669914841	1.0	NonTarget	1	62696
245.03116694911662	1.0	NonTarget	1	62728
245.15616690674912	1.0	NonTarget	1	62760
245.28116686438162	1.0	NonTarget	1	62792
245.40616682201414	1.0	NonTarget	1	62824
245.53116677964664	1.0	NonTarget	1	62856
245.65616673727914	1.0	NonTarget	1	62888
245.78116669491163	1.0	NonTarget	1	62920
245.90616665254416	1.0	NonTarget	1	62952
246.03116661017665	1.0	NonTarget	1	62984
246.15616656780915	1.0	NonTarget	1	63016
246.28116652544165	1.0	NonTarget	1	63048
246.40616648307417	1.0	NonTarget	1	63080
246.53116644070667	1.0	NonTarget	1	63112
246.65616639833917	1.0	NonTarget	1	63144
246.78116635597166	1.0	NonTarget	1	63176
246.9061663136042	1.0	NonTarget	1	63208
247.03116627123669	1.0	NonTarget	1	63240
247.15616622886918	1.0	NonTarget	1	63272
247.2811661865017	1.0	NonTarget	1	63304
247.4061661441342	1.0	NonTarget	1	63336
247.5311661017667	1.0	NonTarget	1	63368
247.6561660593992	1.0	NonTarget	1	63400
247.78116601703172	1.0	NonTarget	1	63432
247.90616597466422	1.0	NonTarget	1	63464
248.03116593229672	1.0	NonTarget	1	63496
248.1561658899292	1.0	NonTarget	1	63528
248.28116584756174	1.0	NonTarget	1	63560
248.40616580519423	1.0	NonTarget	1	63592
248.53116576282673	1.0	NonTarget	1	63624
248.65616572045926	1.0	NonTarget	1	63656
248.78116567809175	1.0	NonTarget	1	63688
248.90616563572425	1.0	NonTarget	1	63720
249.03116559335675	1.0	NonTarget	1	63752
249.15616555098927	1.0	NonTarget	1	63784
249.28116550862177	1.0	NonTarget	1	63816
249.40616546625427	1.0	NonTarget	1	63848
249.53116542388676	1.0	NonTarget	1	63880
249.6561653815193	1.0	NonTarget	1	63912
249.78116533915178	1.0	NonTarget	1	63944
249.90616529678428	1.0	NonTarget	1	63976
250.03116525441678	1.0	NonTarget	1	64008
250.1561652120493	1.0	NonTarget	1	64040
250.2811651696818	1.0	NonTarget	1	64072
250.4061651273143	1.0	NonTarget	1	64104
256.53116305130703	1.0	NonTarget	1	65672
256.65616300893953	1.0	NonTarget	1	65704
256.781162966572	1.0	NonTarget	1	65736
256.9061629242045	1.0	NonTarget	1	65768
257.031162881837	1.0	NonTarget	1	65800
257.1561628394695	1.0	NonTarget	1	65832
257.281162797102	1.0	NonTarget	1	65864
257.40616275473457	1.0	NonTarget	1	65896
257.53116271236706	1.0	NonTarget	1	65928
257.65616266999956	1.0	NonTarget	1	65960
257.78116262763206	1.0	NonTarget	1	65992
257.90616258526455	1.0	NonTarget	1	66024
258.03116254289705	1.0	NonTarget	1	66056
258.15616250052955	1.0	NonTarget	1	66088
258.2811624581621	1.0	NonTarget	1	66120
258.4061624157946	1.0	NonTarget	1	66152
258.5311623734271	1.0	NonTarget	1	66184
258.6561623310596	1.0	NonTarget	1	66216
258.7811622886921	1.0	NonTarget	1	66248
258.9061622463246	1.0	NonTarget	1	66280
259.0311622039571	1.0	NonTarget	1	66312
259.15616216158963	1.0	NonTarget	1	66344
259.28116211922213	1.0	NonTarget	1	66376
259.4061620768546	1.0	NonTarget	1	66408
259.5311620344871	1.0	NonTarget	1	66440
259.6561619921196	1.0	NonTarget	1	66472
259.7811619497521	1.0	NonTarget	1	66504
259.9061619073846	1.0	NonTarget	1	66536
260.0311618650171	1.0	NonTarget	1	66568
260.15616182264966	1.0	NonTarget	1	66600
260.28116178028216	1.0	NonTarget	1	66632
260.40616173791466	1.0	NonTarget	1	66664
260.53116169554715	1.0	NonTarget	1	66696
260.65616165317965	1.0	NonTarget	1	66728
260.78116161081215	1.0	NonTarget	1	66760
260.90616156844465	1.0	NonTarget	1	66792
261.0311615260772	1.0	NonTarget	1	66824
261.1561614837097	1.0	NonTarget	1	66856
261.2811614413422	1.0	NonTarget	1	66888
261.4061613989747	1.0	NonTarget	1	66920
261.5311613566072	1.0	NonTarget	1	66952
261.6561613142397	1.0	NonTarget	1	66984
261.7811612718722	1.0	NonTarget	1	67016
261.9061612295047	1.0	NonTarget	1	67048
262.03116118713723	1.0	NonTarget	1	67080
262.1561611447697	1.0	NonTarget	1	67112
262.2811611024022	1.0	NonTarget	1	67144
262.4061610600347	1.0	NonTarget	1	67176
262.5311610176672	1.0	NonTarget	1	67208
262.6561609752997	1.0	NonTarget	1	67240
262.7811609329322	1.0	NonTarget	1	67272
262.90616089056476	1.0	NonTarget	1	67304
263.03116084819726	1.0	NonTarget	1	67336
263.15616080582976	1.0	NonTarget	1	67368
263.28116076346225	1.0	NonTarget	1	67400
263.40616072109475	1.0	NonTarget	1	67432
263.53116067872725	1.0	NonTarget	1	67464
263.65616063635974	1.0	NonTarget	1	67496
263.78116059399224	1.0	NonTarget	1	67528
263.9061605516248	1.0	NonTarget	1	67560
264.0311605092573	1.0	NonTarget	1	67592
264.1561604668898	1.0	NonTarget	1	67624
264.2811604245223	1.0	NonTarget	1	67656
264.4061603821548	1.0	NonTarget	1	67688
264.5311603397873	1.0	NonTarget	1	67720
264.6561602974198	1.0	NonTarget	1	67752
264.7811602550523	1.0	NonTarget	1	67784
264.9061602126848	1.0	NonTarget	1	67816
265.0311601703173	1.0	NonTarget	1	67848
265.1561601279498	1.0	NonTarget	1	67880
265.2811600855823	1.0	NonTarget	1	67912
265.4061600432148	1.0	NonTarget	1	67944
265.5311600008473	1.0	NonTarget	1	67976
265.6561599584798	1.0	NonTarget	1	68008
265.78115991611236	1.0	NonTarget	1	68040
265.90615987374485	1.0	NonTarget	1	68072
266.03115983137735	1.0	NonTarget	1	68104
266.15615978900985	1.0	NonTarget	1	68136
266.28115974664234	1.0	NonTarget	1	68168
266.40615970427484	1.0	NonTarget	1	68200
266.53115966190734	1.0	NonTarget	1	68232
266.6561596195399	1.0	NonTarget	1	68264
266.7811595771724	1.0	NonTarget	1	68296
266.9061595348049	1.0	NonTarget	1	68328
267.0311594924374	1.0	NonTarget	1	68360
267.1561594500699	1.0	NonTarget	1	68392
267.2811594077024	1.0	NonTarget	1	68424
267.4061593653349	1.0	NonTarget	1	68456
267.53115932296737	1.0	NonTarget	1	68488
267.6561592805999	1.0	NonTarget	1	68520
267.7811592382324	1.0	NonTarget	1	68552
267.9061591958649	1.0	NonTarget	1	68584
268.0311591534974	1.0	NonTarget	1	68616
268.1561591111299	1.0	NonTarget	1	68648
268.2811590687624	1.0	NonTarget	1	68680
268.4061590263949	1.0	NonTarget	1	68712
274.53115695038764	1.0	NonTarget	1	70280
274.65615690802014	1.0	NonTarget	1	70312
274.78115686565263	1.0	NonTarget	1	70344
274.90615682328513	1.0	NonTarget	1	70376
275.0311567809177	1.0	NonTarget	1	70408
275.1561567385502	1.0	NonTarget	1	70440
275.2811566961827	1.0	NonTarget	1	70472
275.4061566538152	1.0	NonTarget	1	70504
275.53115661144767	1.0	NonTarget	1	70536
275.65615656908017	1.0	NonTarget	1	70568
275.78115652671266	1.0	NonTarget	1	70600
275.90615648434516	1.0	NonTarget	1	70632
276.0311564419777	1.0	NonTarget	1	70664
276.1561563996102	1.0	NonTarget	1	70696
276.2811563572427	1.0	NonTarget	1	70728
276.4061563148752	1.0	NonTarget	1	70760
276.5311562725077	1.0	NonTarget	1	70792
276.6561562301402	1.0	NonTarget	1	70824
276.7811561877727	1.0	NonTarget	1	70856
276.90615614540525	1.0	NonTarget	1	70888
277.03115610303774	1.0	NonTarget	1	70920
277.15615606067024	1.0	NonTarget	1	70952
277.28115601830274	1.0	NonTarget	1	70984
277.40615597593523	1.0	NonTarget	1	71016
277.53115593356773	1.0	NonTarget	1	71048
277.6561558912002	1.0	NonTarget	1	71080
277.7811558488327	1.0	NonTarget	1	71112
277.9061558064653	1.0	NonTarget	1	71144
278.0311557640978	1.0	NonTarget	1	71176
278.1561557217303	1.0	NonTarget	1	71208
278.28115567936277	1.0	NonTarget	1	71240
278.40615563699527	1.0	NonTarget	1	71272
278.53115559462776	1.0	NonTarget	1	71304
278.65615555226026	1.0	NonTarget	1	71336
278.7811555098928	1.0	NonTarget	1	71368
278.9061554675253	1.0	NonTarget	1	71400
279.0311554251578	1.0	NonTarget	1	71432
279.1561553827903	1.0	NonTarget	1	71464
279.2811553404228	1.0	NonTarget	1	71496
279.4061552980553	1.0	NonTarget	1	71528
279.5311552556878	1.0	NonTarget	1	71560
279.6561552133203	1.0	NonTarget	1	71592
279.78115517095284	1.0	NonTarget	1	71624
279.90615512858534	1.0	NonTarget	1	71656
280.03115508621784	1.0	NonTarget	1	71688
280.15615504385033	1.0	NonTarget	1	71720
280.28115500148283	1.0	NonTarget	1	71752
280.4061549591153	1.0	NonTarget	1	71784
280.5311549167478	1.0	NonTarget	1	71816
280.6561548743804	1.0	NonTarget	1	71848
280.7811548320129	1.0	NonTarget	1	71880
280.90615478964537	1.0	NonTarget	1	71912
281.03115474727787	1.0	NonTarget	1	71944
281.15615470491036	1.0	NonTarget	1	71976
281.28115466254286	1.0	NonTarget	1	72008
281.40615462017536	1.0	NonTarget	1	72040
281.53115457780785	1.0	NonTarget	1	72072
281.6561545354404	1.0	NonTarget	1	72104
281.7811544930729	1.0	NonTarget	1	72136
281.9061544507054	1.0	NonTarget	1	72168
282.0311544083379	1.0	NonTarget	1	72200
282.1561543659704	1.0	NonTarget	1	72232
282.2811543236029	1.0	NonTarget	1	72264
282.4061542812354	1.0	NonTarget	1	72296
282.53115423886794	1.0	NonTarget	1	72328
282.65615419650044	1.0	NonTarget	1	72360
282.78115415413293	1.0	NonTarget	1	72392
282.90615411176543	1.0	NonTarget	1	72424
283.0311540693979	1.0	NonTarget	1	72456
283.1561540270304	1.0	NonTarget	1	72488
283.2811539846629	1.0	NonTarget	1	72520
283.4061539422954	1.0	NonTarget	1	72552
283.531153899928	1.0	NonTarget	1	72584
283.65615385756047	1.0	NonTarget	1	72616
283.78115381519297	1.0	NonTarget	1	72648
283.90615377282546	1.0	NonTarget	1	72680
284.03115373045796	1.0	NonTarget	1	72712
284.15615368809046	1.0	NonTarget	1	72744
284.28115364572295	1.0	NonTarget	1	72776
284.4061536033555	1.0	NonTarget	1	72808
284.531153560988	1.0	NonTarget	1	72840
284.6561535186205	1.0	NonTarget	1	72872
284.781153476253	1.0	NonTarget	1	72904
284.9061534338855	1.0	NonTarget	1	72936
285.031153391518	1.0	NonTarget	1	72968
285.1561533491505	1.0	NonTarget	1	73000
285.28115330678304	1.0	NonTarget	1	73032
285.40615326441554	1.0	NonTarget	1	73064
285.53115322204803	1.0	NonTarget	1	73096
285.65615317968053	1.0	NonTarget	1	73128
285.781153137313	1.0	NonTarget	1	73160
285.9061530949455	1.0	NonTarget	1	73192
286.031153052578	1.0	NonTarget	1	73224
286.1561530102105	1.0	NonTarget	1	73256
286.28115296784307	1.0	NonTarget	1	73288
286.40615292547557	1.0	NonTarget	1	73320
292.53115084946825	1.0	NonTarget	1	74888
292.65615080710074	1.0	NonTarget	1	74920
292.7811507647333	1.0	NonTarget	1	74952
292.9061507223658	1.0	NonTarget	1	74984
293.0311506799983	1.0	NonTarget	1	75016
293.1561506376308	1.0	NonTarget	1	75048
293.2811505952633	1.0	NonTarget	1	75080
293.4061505528958	1.0	NonTarget	1	75112
293.5311505105283	1.0	NonTarget	1	75144
293.6561504681608	1.0	NonTarget	1	75176
293.7811504257933	1.0	NonTarget	1	75208
293.9061503834258	1.0	NonTarget	1	75240
294.0311503410583	1.0	NonTarget	1	75272
294.1561502986908	1.0	NonTarget	1	75304
294.2811502563233	1.0	NonTarget	1	75336
294.4061502139558	1.0	NonTarget	1	75368
294.5311501715883	1.0	NonTarget	1	75400
294.65615012922086	1.0	NonTarget	1	75432
294.78115008685336	1.0	NonTarget	1	75464
294.90615004448586	1.0	NonTarget	1	75496
295.03115000211835	1.0	NonTarget	1	75528
295.15614995975085	1.0	NonTarget	1	75560
295.28114991738335	1.0	NonTarget	1	75592
295.40614987501584	1.0	NonTarget	1	75624
295.53114983264834	1.0	NonTarget	1	75656
295.6561497902809	1.0	NonTarget	1	75688
295.7811497479134	1.0	NonTarget	1	75720
295.9061497055459	1.0	NonTarget	1	75752
296.0311496631784	1.0	NonTarget	1	75784
296.1561496208109	1.0	NonTarget	1	75816
296.2811495784434	1.0	NonTarget	1	75848
296.4061495360759	1.0	NonTarget	1	75880
296.5311494937084	1.0	NonTarget	1	75912
296.6561494513409	1.0	NonTarget	1	75944
296.7811494089734	1.0	NonTarget	1	75976
296.9061493666059	1.0	NonTarget	1	76008
297.0311493242384	1.0	NonTarget	1	76040
297.1561492818709	1.0	NonTarget	1	76072
297.2811492395034	1.0	NonTarget	1	76104
297.40614919713596	1.0	NonTarget	1	76136
297.53114915476846	1.0	NonTarget	1	76168
297.65614911240095	1.0	NonTarget	1	76200
297.78114907003345	1.0	NonTarget	1	76232
297.90614902766595	1.0	NonTarget	1	76264
298.03114898529844	1.0	NonTarget	1	76296
298.15614894293094	1.0	NonTarget	1	76328
298.28114890056344	1.0	NonTarget	1	76360
298.406148858196	1.0	NonTarget	1	76392
298.5311488158285	1.0	NonTarget	1	76424
298.656148773461	1.0	NonTarget	1	76456
298.7811487310935	1.0	NonTarget	1	76488
298.906148688726	1.0	NonTarget	1	76520
299.0311486463585	1.0	NonTarget	1	76552
299.15614860399097	1.0	NonTarget	1	76584
299.2811485616235	1.0	NonTarget	1	76616
299.406148519256	1.0	NonTarget	1	76648
299.5311484768885	1.0	NonTarget	1	76680
299.656148434521	1.0	NonTarget	1	76712
299.7811483921535	1.0	NonTarget	1	76744
299.906148349786	1.0	NonTarget	1	76776
300.0311483074185	1.0	NonTarget	1	76808
300.156148265051	1.0	NonTarget	1	76840
300.28114822268356	1.0	NonTarget	1	76872
300.40614818031605	1.0	NonTarget	1	76904
300.53114813794855	1.0	NonTarget	1	76936
300.65614809558105	1.0	NonTarget	1	76968
300.78114805321354	1.0	NonTarget	1	77000
300.90614801084604	1.0	NonTarget	1	77032
301.03114796847854	1.0	NonTarget	1	77064
301.1561479261111	1.0	NonTarget	1	77096
301.2811478837436	1.0	NonTarget	1	77128
301.4061478413761	1.0	NonTarget	1	77160
301.5311477990086	1.0	NonTarget	1	77192
301.6561477566411	1.0	NonTarget	1	77224
301.7811477142736	1.0	NonTarget	1	77256
301.90614767190607	1.0	NonTarget	1	77288
302.03114762953857	1.0	NonTarget	1	77320
302.1561475871711	1.0	NonTarget	1	77352
302.2811475448036	1.0	NonTarget	1	77384
302.4061475024361	1.0	NonTarget	1	77416
302.5311474600686	1.0	NonTarget	1	77448
302.6561474177011	1.0	NonTarget	1	77480
302.7811473753336	1.0	NonTarget	1	77512
302.9061473329661	1.0	NonTarget	1	77544
303.03114729059865	1.0	NonTarget	1	77576
303.15614724823115	1.0	NonTarget	1	77608
303.28114720586365	1.0	NonTarget	1	77640
303.40614716349614	1.0	NonTarget	1	77672
303.53114712112864	1.0	NonTarget	1	77704
303.65614707876114	1.0	NonTarget	1	77736
303.78114703639363	1.0	NonTarget	1	77768
303.90614699402613	1.0	NonTarget	1	77800
304.0311469516587	1.0	NonTarget	1	77832
304.1561469092912	1.0	NonTarget	1	77864
304.2811468669237	1.0	NonTarget	1	77896
304.4061468245562	1.0	NonTarget	1	77928
310.5311447485489	1.0	NonTarget	1	79496
310.6561447061814	1.0	NonTarget	1	79528
310.7811446638139	1.0	NonTarget	1	79560
310.9061446214464	1.0	NonTarget	1	79592
311.0311445790789	1.0	NonTarget	1	79624
311.1561445367114	1.0	NonTarget	1	79656
311.2811444943439	1.0	NonTarget	1	79688
311.40614445197644	1.0	NonTarget	1	79720
311.53114440960894	1.0	NonTarget	1	79752
311.65614436724144	1.0	NonTarget	1	79784
311.78114432487394	1.0	NonTarget	1	79816
311.90614428250643	1.0	NonTarget	1	79848
312.03114424013893	1.0	NonTarget	1	79880
312.1561441977714	1.0	NonTarget	1	79912
312.2811441554039	1.0	NonTarget	1	79944
312.4061441130365	1.0	NonTarget	1	79976
312.531144070669	1.0	NonTarget	1	80008
312.65614402830147	1.0	NonTarget	1	80040
312.78114398593397	1.0	NonTarget	1	80072
312.90614394356646	1.0	NonTarget	1	80104
313.03114390119896	1.0	NonTarget	1	80136
313.15614385883146	1.0	NonTarget	1	80168
313.281143816464	1.0	NonTarget	1	80200
313.4061437740965	1.0	NonTarget	1	80232
313.531143731729	1.0	NonTarget	1	80264
313.6561436893615	1.0	NonTarget	1	80296
313.781143646994	1.0	NonTarget	1	80328
313.9061436046265	1.0	NonTarget	1	80360
314.031143562259	1.0	NonTarget	1	80392
314.1561435198915	1.0	NonTarget	1	80424
314.28114347752404	1.0	NonTarget	1	80456
314.40614343515654	1.0	NonTarget	1	80488
314.53114339278903	1.0	NonTarget	1	80520
314.65614335042153	1.0	NonTarget	1	80552
314.781143308054	1.0	NonTarget	1	80584
314.9061432656865	1.0	NonTarget	1	80616
315.031143223319	1.0	NonTarget	1	80648
315.1561431809516	1.0	NonTarget	1	80680
315.28114313858407	1.0	NonTarget	1	80712
315.40614309621657	1.0	NonTarget	1	80744
315.53114305384906	1.0	NonTarget	1	80776
315.65614301148156	1.0	NonTarget	1	80808
315.78114296911406	1.0	NonTarget	1	80840
315.90614292674655	1.0	NonTarget	1	80872
316.03114288437905	1.0	NonTarget	1	80904
316.1561428420116	1.0	NonTarget	1	80936
316.2811427996441	1.0	NonTarget	1	80968
316.4061427572766	1.0	NonTarget	1	81000
316.5311427149091	1.0	NonTarget	1	81032
316.6561426725416	1.0	NonTarget	1	81064
316.7811426301741	1.0	NonTarget	1	81096
316.9061425878066	1.0	NonTarget	1	81128
317.03114254543914	1.0	NonTarget	1	81160
317.15614250307164	1.0	NonTarget	1	81192
317.28114246070413	1.0	NonTarget	1	81224
317.40614241833663	1.0	NonTarget	1	81256
317.5311423759691	1.0	NonTarget	1	81288
317.6561423336016	1.0	NonTarget	1	81320
317.7811422912341	1.0	NonTarget	1	81352
317.9061422488666	1.0	NonTarget	1	81384
318.03114220649917	1.0	NonTarget	1	81416
318.15614216413167	1.0	NonTarget	1	81448
318.28114212176416	1.0	NonTarget	1	81480
318.40614207939666	1.0	NonTarget	1	81512
318.53114203702916	1.0	NonTarget	1	81544
318.65614199466165	1.0	NonTarget	1	81576
318.78114195229415	1.0	NonTarget	1	81608
318.9061419099267	1.0	NonTarget	1	81640
319.0311418675592	1.0	NonTarget	1	81672
319.1561418251917	1.0	NonTarget	1	81704
319.2811417828242	1.0	NonTarget	1	81736
319.4061417404567	1.0	NonTarget	1	81768
319.5311416980892	1.0	NonTarget	1	81800
319.6561416557217	1.0	NonTarget	1	81832
319.7811416133542	1.0	NonTarget	1	81864
319.90614157098673	1.0	NonTarget	1	81896
320.03114152861923	1.0	NonTarget	1	81928
320.1561414862517	1.0	NonTarget	1	81960
320.2811414438842	1.0	NonTarget	1	81992
320.4061414015167	1.0	NonTarget	1	82024
320.5311413591492	1.0	NonTarget	1	82056
320.6561413167817	1.0	NonTarget	1	82088
320.78114127441427	1.0	NonTarget	1	82120
320.90614123204676	1.0	NonTarget	1	82152
321.03114118967926	1.0	NonTarget	1	82184
321.15614114731176	1.0	NonTarget	1	82216
321.28114110494425	1.0	NonTarget	1	82248
321.40614106257675	1.0	NonTarget	1	82280
321.53114102020925	1.0	NonTarget	1	82312
321.65614097784174	1.0	NonTarget	1	82344
321.7811409354743	1.0	NonTarget	1	82376
321.9061408931068	1.0	NonTarget	1	82408
322.0311408507393	1.0	NonTarget	1	82440
322.1561408083718	1.0	NonTarget	1	82472
322.2811407660043	1.0	NonTarget	1	82504
322.4061407236368	1.0	NonTarget	1	82536
328.5311386476295	1.0	NonTarget	1	84104
328.656138605262	1.0	NonTarget	1	84136
328.7811385628945	1.0	NonTarget	1	84168
328.906138520527	1.0	NonTarget	1	84200
329.0311384781595	1.0	NonTarget	1	84232
329.15613843579206	1.0	NonTarget	1	84264
329.28113839342456	1.0	NonTarget	1	84296
329.40613835105705	1.0	NonTarget	1	84328
329.53113830868955	1.0	NonTarget	1	84360
329.65613826632205	1.0	NonTarget	1	84392
329.78113822395454	1.0	NonTarget	1	84424
329.90613818158704	1.0	NonTarget	1	84456
330.03113813921954	1.0	NonTarget	1	84488
330.1561380968521	1.0	NonTarget	1	84520
330.2811380544846	1.0	NonTarget	1	84552
330.4061380121171	1.0	NonTarget	1	84584
330.5311379697496	1.0	NonTarget	1	84616
330.6561379273821	1.0	NonTarget	1	84648
330.7811378850146	1.0	NonTarget	1	84680
330.90613784264707	1.0	NonTarget	1	84712
331.0311378002796	1.0	NonTarget	1	84744
331.1561377579121	1.0	NonTarget	1	84776
331.2811377155446	1.0	NonTarget	1	84808
331.4061376731771	1.0	NonTarget	1	84840
331.5311376308096	1.0	NonTarget	1	84872
331.6561375884421	1.0	NonTarget	1	84904
331.7811375460746	1.0	NonTarget	1	84936
331.9061375037071	1.0	NonTarget	1	84968
332.03113746133965	1.0	NonTarget	1	85000
332.15613741897215	1.0	NonTarget	1	85032
332.28113737660465	1.0	NonTarget	1	85064
332.40613733423714	1.0	NonTarget	1	85096
332.53113729186964	1.0	NonTarget	1	85128
332.65613724950214	1.0	NonTarget	1	85160
332.78113720713463	1.0	NonTarget	1	85192
332.9061371647672	1.0	NonTarget	1	85224
333.0311371223997	1.0	NonTarget	1	85256
333.1561370800322	1.0	NonTarget	1	85288
333.2811370376647	1.0	NonTarget	1	85320
333.4061369952972	1.0	NonTarget	1	85352
333.53113695292967	1.0	NonTarget	1	85384
333.65613691056217	1.0	NonTarget	1	85416
333.78113686819466	1.0	NonTarget	1	85448
333.9061368258272	1.0	NonTarget	1	85480
334.0311367834597	1.0	NonTarget	1	85512
334.1561367410922	1.0	NonTarget	1	85544
334.2811366987247	1.0	NonTarget	1	85576
334.4061366563572	1.0	NonTarget	1	85608
334.5311366139897	1.0	NonTarget	1	85640
334.6561365716222	1.0	NonTarget	1	85672
334.78113652925475	1.0	NonTarget	1	85704
334.90613648688725	1.0	NonTarget	1	85736
335.03113644451975	1.0	NonTarget	1	85768
335.15613640215224	1.0	NonTarget	1	85800
335.28113635978474	1.0	NonTarget	1	85832
335.40613631741724	1.0	NonTarget	1	85864
335.53113627504973	1.0	NonTarget	1	85896
335.65613623268223	1.0	NonTarget	1	85928
335.7811361903148	1.0	NonTarget	1	85960
335.9061361479473	1.0	NonTarget	1	85992
336.0311361055798	1.0	NonTarget	1	86024
336.1561360632123	1.0	NonTarget	1	86056
336.28113602084477	1.0	NonTarget	1	86088
336.40613597847727	1.0	NonTarget	1	86120
336.53113593610976	1.0	NonTarget	1	86152
336.6561358937423	1.0	NonTarget	1	86184
336.7811358513748	1.0	NonTarget	1	86216
336.9061358090073	1.0	NonTarget	1	86248
337.0311357666398	1.0	NonTarget	1	86280
337.1561357242723	1.0	NonTarget	1	86312
337.2811356819048	1.0	NonTarget	1	86344
337.4061356395373	1.0	NonTarget	1	86376
337.53113559716985	1.0	NonTarget	1	86408
337.65613555480235	1.0	NonTarget	1	86440
337.78113551243484	1.0	NonTarget	1	86472
337.90613547006734	1.0	NonTarget	1	86504
338.03113542769984	1.0	NonTarget	1	86536
338.15613538533233	1.0	NonTarget	1	86568
338.28113534296483	1.0	NonTarget	1	86600
338.4061353005973	1.0	NonTarget	1	86632
338.5311352582299	1.0	NonTarget	1	86664
338.6561352158624	1.0	NonTarget	1	86696
338.7811351734949	1.0	NonTarget	1	86728
338.90613513112737	1.0	NonTarget	1	86760
339.03113508875987	1.0	NonTarget	1	86792
339.15613504639236	1.0	NonTarget	1	86824
339.28113500402486	1.0	NonTarget	1	86856
339.4061349616574	1.0	NonTarget	1	86888
339.5311349192899	1.0	NonTarget	1	86920
339.6561348769224	1.0	NonTarget	1	86952
339.7811348345549	1.0	NonTarget	1	86984
339.9061347921874	1.0	NonTarget	1	87016
340.0311347498199	1.0	NonTarget	1	87048
340.1561347074524	1.0	NonTarget	1	87080
340.2811346650849	1.0	NonTarget	1	87112
340.40613462271745	1.0	NonTarget	1	87144
346.5311325467101	1.0	NonTarget	1	88712
346.6561325043426	1.0	NonTarget	1	88744
346.7811324619751	1.0	NonTarget	1	88776
346.9061324196077	1.0	NonTarget	1	88808
347.03113237724017	1.0	NonTarget	1	88840
347.15613233487267	1.0	NonTarget	1	88872
347.28113229250516	1.0	NonTarget	1	88904
347.40613225013766	1.0	NonTarget	1	88936
347.53113220777016	1.0	NonTarget	1	88968
347.65613216540265	1.0	NonTarget	1	89000
347.78113212303515	1.0	NonTarget	1	89032
347.9061320806677	1.0	NonTarget	1	89064
348.0311320383002	1.0	NonTarget	1	89096
348.1561319959327	1.0	NonTarget	1	89128
348.2811319535652	1.0	NonTarget	1	89160
348.4061319111977	1.0	NonTarget	1	89192
348.5311318688302	1.0	NonTarget	1	89224
348.6561318264627	1.0	NonTarget	1	89256
348.78113178409524	1.0	NonTarget	1	89288
348.90613174172773	1.0	NonTarget	1	89320
349.03113169936023	1.0	NonTarget	1	89352
349.1561316569927	1.0	NonTarget	1	89384
349.2811316146252	1.0	NonTarget	1	89416
349.4061315722577	1.0	NonTarget	1	89448
349.5311315298902	1.0	NonTarget	1	89480
349.65613148752277	1.0	NonTarget	1	89512
349.78113144515527	1.0	NonTarget	1	89544
349.90613140278776	1.0	NonTarget	1	89576
350.03113136042026	1.0	NonTarget	1	89608
350.15613131805276	1.0	NonTarget	1	89640
350.28113127568525	1.0	NonTarget	1	89672
350.40613123331775	1.0	NonTarget	1	89704
350.53113119095025	1.0	NonTarget	1	89736
350.6561311485828	1.0	NonTarget	1	89768
350.7811311062153	1.0	NonTarget	1	89800
350.9061310638478	1.0	NonTarget	1	89832
351.0311310214803	1.0	NonTarget	1	89864
351.1561309791128	1.0	NonTarget	1	89896
351.2811309367453	1.0	NonTarget	1	89928
351.4061308943778	1.0	NonTarget	1	89960
351.53113085201034	1.0	NonTarget	1	89992
351.65613080964283	1.0	NonTarget	1	90024
351.78113076727533	1.0	NonTarget	1	90056
351.9061307249078	1.0	NonTarget	1	90088
352.0311306825403	1.0	NonTarget	1	90120
352.1561306401728	1.0	NonTarget	1	90152
352.2811305978053	1.0	NonTarget	1	90184
352.4061305554378	1.0	NonTarget	1	90216
352.53113051307037	1.0	NonTarget	1	90248
352.65613047070286	1.0	NonTarget	1	90280
352.78113042833536	1.0	NonTarget	1	90312
352.90613038596786	1.0	NonTarget	1	90344
353.03113034360035	1.0	NonTarget	1	90376
353.15613030123285	1.0	NonTarget	1	90408
353.28113025886535	1.0	NonTarget	1	90440
353.4061302164979	1.0	NonTarget	1	90472
353.5311301741304	1.0	NonTarget	1	90504
353.6561301317629	1.0	NonTarget	1	90536
353.7811300893954	1.0	NonTarget	1	90568
353.9061300470279	1.0	NonTarget	1	90600
354.0311300046604	1.0	NonTarget	1	90632
354.1561299622929	1.0	NonTarget	1	90664
354.2811299199254	1.0	NonTarget	1	90696
354.40612987755793	1.0	NonTarget	1	90728
354.5311298351904	1.0	NonTarget	1	90760
354.6561297928229	1.0	NonTarget	1	90792
354.7811297504554	1.0	NonTarget	1	90824
354.9061297080879	1.0	NonTarget	1	90856
355.0311296657204	1.0	NonTarget	1	90888
355.1561296233529	1.0	NonTarget	1	90920
355.28112958098546	1.0	NonTarget	1	90952
355.40612953861796	1.0	NonTarget	1	90984
355.53112949625046	1.0	NonTarget	1	91016
355.65612945388295	1.0	NonTarget	1	91048
355.78112941151545	1.0	NonTarget	1	91080
355.90612936914795	1.0	NonTarget	1	91112
356.03112932678044	1.0	NonTarget	1	91144
356.15612928441294	1.0	NonTarget	1	91176
356.2811292420455	1.0	NonTarget	1	91208
356.406129199678	1.0	NonTarget	1	91240
356.5311291573105	1.0	NonTarget	1	91272
356.656129114943	1.0	NonTarget	1	91304
356.7811290725755	1.0	NonTarget	1	91336
356.906129030208	1.0	NonTarget	1	91368
357.0311289878405	1.0	NonTarget	1	91400
357.15612894547303	1.0	NonTarget	1	91432
357.2811289031055	1.0	NonTarget	1	91464
357.406128860738	1.0	NonTarget	1	91496
357.5311288183705	1.0	NonTarget	1	91528
357.656128776003	1.0	NonTarget	1	91560
357.7811287336355	1.0	NonTarget	1	91592
357.906128691268	1.0	NonTarget	1	91624
358.0311286489005	1.0	NonTarget	1	91656
358.15612860653306	1.0	NonTarget	1	91688
358.28112856416556	1.0	NonTarget	1	91720
358.40612852179805	1.0	NonTarget	1	91752
364.53112644579073	1.0	NonTarget	1	93320
364.6561264034233	1.0	NonTarget	1	93352
364.7811263610558	1.0	NonTarget	1	93384
364.9061263186883	1.0	NonTarget	1	93416
365.0311262763208	1.0	NonTarget	1	93448
365.1561262339533	1.0	NonTarget	1	93480
365.28112619158577	1.0	NonTarget	1	93512
365.40612614921827	1.0	NonTarget	1	93544
365.5311261068508	1.0	NonTarget	1	93576
365.6561260644833	1.0	NonTarget	1	93608
365.7811260221158	1.0	NonTarget	1	93640
365.9061259797483	1.0	NonTarget	1	93672
366.0311259373808	1.0	NonTarget	1	93704
366.1561258950133	1.0	NonTarget	1	93736
366.2811258526458	1.0	NonTarget	1	93768
366.4061258102783	1.0	NonTarget	1	93800
366.53112576791085	1.0	NonTarget	1	93832
366.65612572554335	1.0	NonTarget	1	93864
366.78112568317584	1.0	NonTarget	1	93896
366.90612564080834	1.0	NonTarget	1	93928
367.03112559844084	1.0	NonTarget	1	93960
367.15612555607333	1.0	NonTarget	1	93992
367.28112551370583	1.0	NonTarget	1	94024
367.4061254713384	1.0	NonTarget	1	94056
367.5311254289709	1.0	NonTarget	1	94088
367.6561253866034	1.0	NonTarget	1	94120
367.7811253442359	1.0	NonTarget	1	94152
367.90612530186837	1.0	NonTarget	1	94184
368.03112525950087	1.0	NonTarget	1	94216
368.15612521713336	1.0	NonTarget	1	94248
368.28112517476586	1.0	NonTarget	1	94280
368.4061251323984	1.0	NonTarget	1	94312
368.5311250900309	1.0	NonTarget	1	94344
368.6561250476634	1.0	NonTarget	1	94376
368.7811250052959	1.0	NonTarget	1	94408
368.9061249629284	1.0	NonTarget	1	94440
369.0311249205609	1.0	NonTarget	1	94472
369.1561248781934	1.0	NonTarget	1	94504
369.28112483582595	1.0	NonTarget	1	94536
369.40612479345845	1.0	NonTarget	1	94568
369.53112475109094	1.0	NonTarget	1	94600
369.65612470872344	1.0	NonTarget	1	94632
369.78112466635594	1.0	NonTarget	1	94664
369.90612462398843	1.0	NonTarget	1	94696
370.03112458162093	1.0	NonTarget	1	94728
370.1561245392534	1.0	NonTarget	1	94760
370.281124496886	1.0	NonTarget	1	94792
370.4061244545185	1.0	NonTarget	1	94824
370.531124412151	1.0	NonTarget	1	94856
370.65612436978347	1.0	NonTarget	1	94888
370.78112432741597	1.0	NonTarget	1	94920
370.90612428504846	1.0	NonTarget	1	94952
371.03112424268096	1.0	NonTarget	1	94984
371.1561242003135	1.0	NonTarget	1	95016
371.281124157946	1.0	NonTarget	1	95048
371.4061241155785	1.0	NonTarget	1	95080
371.531124073211	1.0	NonTarget	1	95112
371.6561240308435	1.0	NonTarget	1	95144
371.781123988476	1.0	NonTarget	1	95176
371.9061239461085	1.0	NonTarget	1	95208
372.031123903741	1.0	NonTarget	1	95240
372.15612386137354	1.0	NonTarget	1	95272
372.28112381900604	1.0	NonTarget	1	95304
372.40612377663854	1.0	NonTarget	1	95336
372.53112373427103	1.0	NonTarget	1	95368
372.65612369190353	1.0	NonTarget	1	95400
372.781123649536	1.0	NonTarget	1	95432
372.9061236071685	1.0	NonTarget	1	95464
373.0311235648011	1.0	NonTarget	1	95496
373.1561235224336	1.0	NonTarget	1	95528
373.28112348006607	1.0	NonTarget	1	95560
373.40612343769857	1.0	NonTarget	1	95592
373.53112339533106	1.0	NonTarget	1	95624
373.65612335296356	1.0	NonTarget	1	95656
373.78112331059606	1.0	NonTarget	1	95688
373.90612326822855	1.0	NonTarget	1	95720
374.0311232258611	1.0	NonTarget	1	95752
374.1561231834936	1.0	NonTarget	1	95784
374.2811231411261	1.0	NonTarget	1	95816
374.4061230987586	1.0	NonTarget	1	95848
374.5311230563911	1.0	NonTarget	1	95880
374.6561230140236	1.0	NonTarget	1	95912
374.7811229716561	1.0	NonTarget	1	95944
374.90612292928864	1.0	NonTarget	1	95976
375.03112288692114	1.0	NonTarget	1	96008
375.15612284455364	1.0	NonTarget	1	96040
375.28112280218613	1.0	NonTarget	1	96072
375.40612275981863	1.0	NonTarget	1	96104
375.5311227174511	1.0	NonTarget	1	96136
375.6561226750836	1.0	NonTarget	1	96168
375.7811226327162	1.0	NonTarget	1	96200
375.9061225903487	1.0	NonTarget	1	96232
376.03112254798117	1.0	NonTarget	1	96264
376.15612250561367	1.0	NonTarget	1	96296
376.28112246324616	1.0	NonTarget	1	96328
376.40612242087866	1.0	NonTarget	1	96360
382.5311203448714	1.0	NonTarget	1	97928
382.6561203025039	1.0	NonTarget	1	97960
382.7811202601364	1.0	NonTarget	1	97992
382.9061202177689	1.0	NonTarget	1	98024
383.0311201754014	1.0	NonTarget	1	98056
383.1561201330339	1.0	NonTarget	1	98088
383.28112009066643	1.0	NonTarget	1	98120
383.40612004829893	1.0	NonTarget	1	98152
383.5311200059314	1.0	NonTarget	1	98184
383.6561199635639	1.0	NonTarget	1	98216
383.7811199211964	1.0	NonTarget	1	98248
383.9061198788289	1.0	NonTarget	1	98280
384.0311198364614	1.0	NonTarget	1	98312
384.1561197940939	1.0	NonTarget	1	98344
384.28111975172646	1.0	NonTarget	1	98376
384.40611970935896	1.0	NonTarget	1	98408
384.53111966699146	1.0	NonTarget	1	98440
384.65611962462395	1.0	NonTarget	1	98472
384.78111958225645	1.0	NonTarget	1	98504
384.90611953988895	1.0	NonTarget	1	98536
385.03111949752144	1.0	NonTarget	1	98568
385.156119455154	1.0	NonTarget	1	98600
385.2811194127865	1.0	NonTarget	1	98632
385.406119370419	1.0	NonTarget	1	98664
385.5311193280515	1.0	NonTarget	1	98696
385.656119285684	1.0	NonTarget	1	98728
385.7811192433165	1.0	NonTarget	1	98760
385.906119200949	1.0	NonTarget	1	98792
386.0311191585815	1.0	NonTarget	1	98824
386.15611911621403	1.0	NonTarget	1	98856
386.2811190738465	1.0	NonTarget	1	98888
386.406119031479	1.0	NonTarget	1	98920
386.5311189891115	1.0	NonTarget	1	98952
386.656118946744	1.0	NonTarget	1	98984
386.7811189043765	1.0	NonTarget	1	99016
386.906118862009	1.0	NonTarget	1	99048
387.03111881964156	1.0	NonTarget	1	99080
387.15611877727406	1.0	NonTarget	1	99112
387.28111873490656	1.0	NonTarget	1	99144
387.40611869253905	1.0	NonTarget	1	99176
387.53111865017155	1.0	NonTarget	1	99208
387.65611860780405	1.0	NonTarget	1	99240
387.78111856543654	1.0	NonTarget	1	99272
387.90611852306904	1.0	NonTarget	1	99304
388.0311184807016	1.0	NonTarget	1	99336
388.1561184383341	1.0	NonTarget	1	99368
388.2811183959666	1.0	NonTarget	1	99400
388.4061183535991	1.0	NonTarget	1	99432
388.5311183112316	1.0	NonTarget	1	99464
388.6561182688641	1.0	NonTarget	1	99496
388.7811182264966	1.0	NonTarget	1	99528
388.9061181841291	1.0	NonTarget	1	99560
389.0311181417616	1.0	NonTarget	1	99592
389.1561180993941	1.0	NonTarget	1	99624
389.2811180570266	1.0	NonTarget	1	99656
389.4061180146591	1.0	NonTarget	1	99688
389.5311179722916	1.0	NonTarget	1	99720
389.6561179299241	1.0	NonTarget	1	99752
389.78111788755666	1.0	NonTarget	1	99784
389.90611784518916	1.0	NonTarget	1	99816
390.03111780282165	1.0	NonTarget	1	99848
390.15611776045415	1.0	NonTarget	1	99880
390.28111771808665	1.0	NonTarget	1	99912
390.40611767571914	1.0	NonTarget	1	99944
390.53111763335164	1.0	NonTarget	1	99976
390.65611759098414	1.0	NonTarget	1	100008
390.7811175486167	1.0	NonTarget	1	100040
390.9061175062492	1.0	NonTarget	1	100072
391.0311174638817	1.0	NonTarget	1	100104
391.1561174215142	1.0	NonTarget	1	100136
391.2811173791467	1.0	NonTarget	1	100168
391.4061173367792	1.0	NonTarget	1	100200
391.5311172944117	1.0	NonTarget	1	100232
391.6561172520442	1.0	NonTarget	1	100264
391.7811172096767	1.0	NonTarget	1	100296
391.9061171673092	1.0	NonTarget	1	100328
392.0311171249417	1.0	NonTarget	1	100360
392.1561170825742	1.0	NonTarget	1	100392
392.2811170402067	1.0	NonTarget	1	100424
392.4061169978392	1.0	NonTarget	1	100456
392.5311169554717	1.0	NonTarget	1	100488
392.65611691310426	1.0	NonTarget	1	100520
392.78111687073675	1.0	NonTarget	1	100552
392.90611682836925	1.0	NonTarget	1	100584
393.03111678600175	1.0	NonTarget	1	100616
393.15611674363424	1.0	NonTarget	1	100648
393.28111670126674	1.0	NonTarget	1	100680
393.40611665889924	1.0	NonTarget	1	100712
393.5311166165318	1.0	NonTarget	1	100744
393.6561165741643	1.0	NonTarget	1	100776
393.7811165317968	1.0	NonTarget	1	100808
393.9061164894293	1.0	NonTarget	1	100840
394.0311164470618	1.0	NonTarget	1	100872
394.1561164046943	1.0	NonTarget	1	100904
394.28111636232677	1.0	NonTarget	1	100936
394.40611631995927	1.0	NonTarget	1	100968
400.531114243952	1.0	NonTarget	1	102536
400.6561142015845	1.0	NonTarget	1	102568
400.781114159217	1.0	NonTarget	1	102600
400.9061141168495	1.0	NonTarget	1	102632
401.03111407448205	1.0	NonTarget	1	102664
401.15611403211454	1.0	NonTarget	1	102696
401.28111398974704	1.0	NonTarget	1	102728
401.40611394737954	1.0	NonTarget	1	102760
401.53111390501203	1.0	NonTarget	1	102792
401.65611386264453	1.0	NonTarget	1	102824
401.781113820277	1.0	NonTarget	1	102856
401.9061137779096	1.0	NonTarget	1	102888
402.0311137355421	1.0	NonTarget	1	102920
402.1561136931746	1.0	NonTarget	1	102952
402.2811136508071	1.0	NonTarget	1	102984
402.40611360843957	1.0	NonTarget	1	103016
402.53111356607207	1.0	NonTarget	1	103048
402.65611352370456	1.0	NonTarget	1	103080
402.78111348133706	1.0	NonTarget	1	103112
402.9061134389696	1.0	NonTarget	1	103144
403.0311133966021	1.0	NonTarget	1	103176
403.1561133542346	1.0	NonTarget	1	103208
403.2811133118671	1.0	NonTarget	1	103240
403.4061132694996	1.0	NonTarget	1	103272
403.5311132271321	1.0	NonTarget	1	103304
403.6561131847646	1.0	NonTarget	1	103336
403.78111314239715	1.0	NonTarget	1	103368
403.90611310002964	1.0	NonTarget	1	103400
404.03111305766214	1.0	NonTarget	1	103432
404.15611301529464	1.0	NonTarget	1	103464
404.28111297292713	1.0	NonTarget	1	103496
404.40611293055963	1.0	NonTarget	1	103528
404.5311128881921	1.0	NonTarget	1	103560
404.6561128458246	1.0	NonTarget	1	103592
404.7811128034572	1.0	NonTarget	1	103624
404.9061127610897	1.0	NonTarget	1	103656
405.03111271872217	1.0	NonTarget	1	103688
405.15611267635467	1.0	NonTarget	1	103720
405.28111263398716	1.0	NonTarget	1	103752
405.40611259161966	1.0	NonTarget	1	103784
405.53111254925216	1.0	NonTarget	1	103816
405.6561125068847	1.0	NonTarget	1	103848
405.7811124645172	1.0	NonTarget	1	103880
405.9061124221497	1.0	NonTarget	1	103912
406.0311123797822	1.0	NonTarget	1	103944
406.1561123374147	1.0	NonTarget	1	103976
406.2811122950472	1.0	NonTarget	1	104008
406.4061122526797	1.0	NonTarget	1	104040
406.5311122103122	1.0	NonTarget	1	104072
406.65611216794474	1.0	NonTarget	1	104104
406.78111212557724	1.0	NonTarget	1	104136
406.90611208320973	1.0	NonTarget	1	104168
407.03111204084223	1.0	NonTarget	1	104200
407.1561119984747	1.0	NonTarget	1	104232
407.2811119561072	1.0	NonTarget	1	104264
407.4061119137397	1.0	NonTarget	1	104296
407.5311118713723	1.0	NonTarget	1	104328
407.6561118290048	1.0	NonTarget	1	104360
407.78111178663727	1.0	NonTarget	1	104392
407.90611174426977	1.0	NonTarget	1	104424
408.03111170190226	1.0	NonTarget	1	104456
408.15611165953476	1.0	NonTarget	1	104488
408.28111161716726	1.0	NonTarget	1	104520
408.40611157479975	1.0	NonTarget	1	104552
408.5311115324323	1.0	NonTarget	1	104584
408.6561114900648	1.0	NonTarget	1	104616
408.7811114476973	1.0	NonTarget	1	104648
408.9061114053298	1.0	NonTarget	1	104680
409.0311113629623	1.0	NonTarget	1	104712
409.1561113205948	1.0	NonTarget	1	104744
409.2811112782273	1.0	NonTarget	1	104776
409.40611123585984	1.0	NonTarget	1	104808
409.53111119349234	1.0	NonTarget	1	104840
409.65611115112483	1.0	NonTarget	1	104872
409.78111110875733	1.0	NonTarget	1	104904
409.9061110663898	1.0	NonTarget	1	104936
410.0311110240223	1.0	NonTarget	1	104968
410.1561109816548	1.0	NonTarget	1	105000
410.2811109392873	1.0	NonTarget	1	105032
410.40611089691987	1.0	NonTarget	1	105064
410.53111085455237	1.0	NonTarget	1	105096
410.65611081218486	1.0	NonTarget	1	105128
410.78111076981736	1.0	NonTarget	1	105160
410.90611072744986	1.0	NonTarget	1	105192
411.03111068508235	1.0	NonTarget	1	105224
411.15611064271485	1.0	NonTarget	1	105256
411.2811106003474	1.0	NonTarget	1	105288
411.4061105579799	1.0	NonTarget	1	105320
411.5311105156124	1.0	NonTarget	1	105352
411.6561104732449	1.0	NonTarget	1	105384
411.7811104308774	1.0	NonTarget	1	105416
411.9061103885099	1.0	NonTarget	1	105448
412.0311103461424	1.0	NonTarget	1	105480
412.1561103037749	1.0	NonTarget	1	105512
412.28111026140743	1.0	NonTarget	1	105544
412.40611021903993	1.0	NonTarget	1	105576
418.5311081430326	1.0	NonTarget	1	107144
418.6561081006651	1.0	NonTarget	1	107176
418.78110805829766	1.0	NonTarget	1	107208
418.90610801593016	1.0	NonTarget	1	107240
419.03110797356265	1.0	NonTarget	1	107272
419.15610793119515	1.0	NonTarget	1	107304
419.28110788882765	1.0	NonTarget	1	107336
419.40610784646015	1.0	NonTarget	1	107368
419.53110780409264	1.0	NonTarget	1	107400
419.6561077617252	1.0	NonTarget	1	107432
419.7811077193577	1.0	NonTarget	1	107464
419.9061076769902	1.0	NonTarget	1	107496
420.0311076346227	1.0	NonTarget	1	107528
420.1561075922552	1.0	NonTarget	1	107560
420.2811075498877	1.0	NonTarget	1	107592
420.4061075075202	1.0	NonTarget	1	107624
420.5311074651527	1.0	NonTarget	1	107656
420.6561074227852	1.0	NonTarget	1	107688
420.7811073804177	1.0	NonTarget	1	107720
420.9061073380502	1.0	NonTarget	1	107752
421.0311072956827	1.0	NonTarget	1	107784
421.1561072533152	1.0	NonTarget	1	107816
421.2811072109477	1.0	NonTarget	1	107848
421.4061071685802	1.0	NonTarget	1	107880
421.53110712621276	1.0	NonTarget	1	107912
421.65610708384526	1.0	NonTarget	1	107944
421.78110704147775	1.0	NonTarget	1	107976
421.90610699911025	1.0	NonTarget	1	108008
422.03110695674275	1.0	NonTarget	1	108040
422.15610691437524	1.0	NonTarget	1	108072
422.28110687200774	1.0	NonTarget	1	108104
422.40610682964024	1.0	NonTarget	1	108136
422.5311067872728	1.0	NonTarget	1	108168
422.6561067449053	1.0	NonTarget	1	108200
422.7811067025378	1.0	NonTarget	1	108232
422.9061066601703	1.0	NonTarget	1	108264
423.0311066178028	1.0	NonTarget	1	108296
423.1561065754353	1.0	NonTarget	1	108328
423.28110653306777	1.0	NonTarget	1	108360
423.4061064907003	1.0	NonTarget	1	108392
423.5311064483328	1.0	NonTarget	1	108424
423.6561064059653	1.0	NonTarget	1	108456
423.7811063635978	1.0	NonTarget	1	108488
423.9061063212303	1.0	NonTarget	1	108520
424.0311062788628	1.0	NonTarget	1	108552
424.1561062364953	1.0	NonTarget	1	108584
424.2811061941278	1.0	NonTarget	1	108616
424.40610615176035	1.0	NonTarget	1	108648
424.53110610939285	1.0	NonTarget	1	108680
424.65610606702535	1.0	NonTarget	1	108712
424.78110602465784	1.0	NonTarget	1	108744
424.90610598229034	1.0	NonTarget	1	108776
425.03110593992284	1.0	NonTarget	1	108808
425.15610589755534	1.0	NonTarget	1	108840
425.2811058551879	1.0	NonTarget	1	108872
425.4061058128204	1.0	NonTarget	1	108904
425.5311057704529	1.0	NonTarget	1	108936
425.6561057280854	1.0	NonTarget	1	108968
425.7811056857179	1.0	NonTarget	1	109000
425.9061056433504	1.0	NonTarget	1	109032
426.03110560098287	1.0	NonTarget	1	109064
426.15610555861537	1.0	NonTarget	1	109096
426.2811055162479	1.0	NonTarget	1	109128
426.4061054738804	1.0	NonTarget	1	109160
426.5311054315129	1.0	NonTarget	1	109192
426.6561053891454	1.0	NonTarget	1	109224
426.7811053467779	1.0	NonTarget	1	109256
426.9061053044104	1.0	NonTarget	1	109288
427.0311052620429	1.0	NonTarget	1	109320
427.15610521967545	1.0	NonTarget	1	109352
427.28110517730795	1.0	NonTarget	1	109384
427.40610513494045	1.0	NonTarget	1	109416
427.53110509257294	1.0	NonTarget	1	109448
427.65610505020544	1.0	NonTarget	1	109480
427.78110500783794	1.0	NonTarget	1	109512
427.90610496547043	1.0	NonTarget	1	109544
428.031104923103	1.0	NonTarget	1	109576
428.1561048807355	1.0	NonTarget	1	109608
428.281104838368	1.0	NonTarget	1	109640
428.4061047960005	1.0	NonTarget	1	109672
428.531104753633	1.0	NonTarget	1	109704
428.65610471126547	1.0	NonTarget	1	109736
428.78110466889797	1.0	NonTarget	1	109768
428.90610462653046	1.0	NonTarget	1	109800
429.031104584163	1.0	NonTarget	1	109832
429.1561045417955	1.0	NonTarget	1	109864
429.281104499428	1.0	NonTarget	1	109896
429.4061044570605	1.0	NonTarget	1	109928
429.531104414693	1.0	NonTarget	1	109960
429.6561043723255	1.0	NonTarget	1	109992
429.781104329958	1.0	NonTarget	1	110024
429.90610428759055	1.0	NonTarget	1	110056
430.03110424522305	1.0	NonTarget	1	110088
430.15610420285554	1.0	NonTarget	1	110120
430.28110416048804	1.0	NonTarget	1	110152
430.40610411812054	1.0	NonTarget	1	110184
436.5311020421133	1.0	NonTarget	1	111752
436.6561019997458	1.0	NonTarget	1	111784
436.78110195737827	1.0	NonTarget	1	111816
436.90610191501077	1.0	NonTarget	1	111848
437.03110187264326	1.0	NonTarget	1	111880
437.15610183027576	1.0	NonTarget	1	111912
437.28110178790826	1.0	NonTarget	1	111944
437.4061017455408	1.0	NonTarget	1	111976
437.5311017031733	1.0	NonTarget	1	112008
437.6561016608058	1.0	NonTarget	1	112040
437.7811016184383	1.0	NonTarget	1	112072
437.9061015760708	1.0	NonTarget	1	112104
438.0311015337033	1.0	NonTarget	1	112136
438.1561014913358	1.0	NonTarget	1	112168
438.2811014489683	1.0	NonTarget	1	112200
438.40610140660084	1.0	NonTarget	1	112232
438.53110136423334	1.0	NonTarget	1	112264
438.65610132186583	1.0	NonTarget	1	112296
438.78110127949833	1.0	NonTarget	1	112328
438.9061012371308	1.0	NonTarget	1	112360
439.0311011947633	1.0	NonTarget	1	112392
439.1561011523958	1.0	NonTarget	1	112424
439.2811011100284	1.0	NonTarget	1	112456
439.40610106766087	1.0	NonTarget	1	112488
439.53110102529337	1.0	NonTarget	1	112520
439.65610098292586	1.0	NonTarget	1	112552
439.78110094055836	1.0	NonTarget	1	112584
439.90610089819086	1.0	NonTarget	1	112616
440.03110085582335	1.0	NonTarget	1	112648
440.15610081345585	1.0	NonTarget	1	112680
440.2811007710884	1.0	NonTarget	1	112712
440.4061007287209	1.0	NonTarget	1	112744
440.5311006863534	1.0	NonTarget	1	112776
440.6561006439859	1.0	NonTarget	1	112808
440.7811006016184	1.0	NonTarget	1	112840
440.9061005592509	1.0	NonTarget	1	112872
441.0311005168834	1.0	NonTarget	1	112904
441.15610047451594	1.0	NonTarget	1	112936
441.28110043214843	1.0	NonTarget	1	112968
441.40610038978093	1.0	NonTarget	1	113000
441.5311003474134	1.0	NonTarget	1	113032
441.6561003050459	1.0	NonTarget	1	113064
441.7811002626784	1.0	NonTarget	1	113096
441.9061002203109	1.0	NonTarget	1	113128
442.0311001779435	1.0	NonTarget	1	113160
442.15610013557597	1.0	NonTarget	1	113192
442.28110009320847	1.0	NonTarget	1	113224
442.40610005084096	1.0	NonTarget	1	113256
442.53110000847346	1.0	NonTarget	1	113288
442.65609996610596	1.0	NonTarget	1	113320
442.78109992373845	1.0	NonTarget	1	113352
442.90609988137095	1.0	NonTarget	1	113384
443.0310998390035	1.0	NonTarget	1	113416
443.156099796636	1.0	NonTarget	1	113448
443.2810997542685	1.0	NonTarget	1	113480
443.406099711901	1.0	NonTarget	1	113512
443.5310996695335	1.0	NonTarget	1	113544
443.656099627166	1.0	NonTarget	1	113576
443.7810995847985	1.0	NonTarget	1	113608
443.90609954243104	1.0	NonTarget	1	113640
444.03109950006353	1.0	NonTarget	1	113672
444.15609945769603	1.0	NonTarget	1	113704
444.2810994153285	1.0	NonTarget	1	113736
444.406099372961	1.0	NonTarget	1	113768
444.5310993305935	1.0	NonTarget	1	113800
444.656099288226	1.0	NonTarget	1	113832
444.7810992458585	1.0	NonTarget	1	113864
444.90609920349107	1.0	NonTarget	1	113896
445.03109916112356	1.0	NonTarget	1	113928
445.15609911875606	1.0	NonTarget	1	113960
445.28109907638856	1.0	NonTarget	1	113992
445.40609903402105	1.0	NonTarget	1	114024
445.53109899165355	1.0	NonTarget	1	114056
445.65609894928605	1.0	NonTarget	1	114088
445.7810989069186	1.0	NonTarget	1	114120
445.9060988645511	1.0	NonTarget	1	114152
446.0310988221836	1.0	NonTarget	1	114184
446.1560987798161	1.0	NonTarget	1	114216
446.2810987374486	1.0	NonTarget	1	114248
446.4060986950811	1.0	NonTarget	1	114280
446.5310986527136	1.0	NonTarget	1	114312
446.6560986103461	1.0	NonTarget	1	114344
446.78109856797863	1.0	NonTarget	1	114376
446.9060985256111	1.0	NonTarget	1	114408
447.0310984832436	1.0	NonTarget	1	114440
447.1560984408761	1.0	NonTarget	1	114472
447.2810983985086	1.0	NonTarget	1	114504
447.4060983561411	1.0	NonTarget	1	114536
447.5310983137736	1.0	NonTarget	1	114568
447.65609827140617	1.0	NonTarget	1	114600
447.78109822903866	1.0	NonTarget	1	114632
447.90609818667116	1.0	NonTarget	1	114664
448.03109814430366	1.0	NonTarget	1	114696
448.15609810193615	1.0	NonTarget	1	114728
448.28109805956865	1.0	NonTarget	1	114760
448.40609801720115	1.0	NonTarget	1	114792
454.5310959411939	1.0	NonTarget	1	116360
454.6560958988264	1.0	NonTarget	1	116392
454.7810958564589	1.0	NonTarget	1	116424
454.9060958140914	1.0	NonTarget	1	116456
455.03109577172387	1.0	NonTarget	1	116488
455.1560957293564	1.0	NonTarget	1	116520
455.2810956869889	1.0	NonTarget	1	116552
455.4060956446214	1.0	NonTarget	1	116584
455.5310956022539	1.0	NonTarget	1	116616
455.6560955598864	1.0	NonTarget	1	116648
455.7810955175189	1.0	NonTarget	1	116680
455.9060954751514	1.0	NonTarget	1	116712
456.03109543278396	1.0	NonTarget	1	116744
456.15609539041645	1.0	NonTarget	1	116776
456.28109534804895	1.0	NonTarget	1	116808
456.40609530568145	1.0	NonTarget	1	116840
456.53109526331394	1.0	NonTarget	1	116872
456.65609522094644	1.0	NonTarget	1	116904
456.78109517857894	1.0	NonTarget	1	116936
456.90609513621143	1.0	NonTarget	1	116968
457.031095093844	1.0	NonTarget	1	117000
457.1560950514765	1.0	NonTarget	1	117032
457.281095009109	1.0	NonTarget	1	117064
457.4060949667415	1.0	NonTarget	1	117096
457.531094924374	1.0	NonTarget	1	117128
457.65609488200647	1.0	NonTarget	1	117160
457.78109483963897	1.0	NonTarget	1	117192
457.9060947972715	1.0	NonTarget	1	117224
458.031094754904	1.0	NonTarget	1	117256
458.1560947125365	1.0	NonTarget	1	117288
458.281094670169	1.0	NonTarget	1	117320
458.4060946278015	1.0	NonTarget	1	117352
458.531094585434	1.0	NonTarget	1	117384
458.6560945430665	1.0	NonTarget	1	117416
458.781094500699	1.0	NonTarget	1	117448
458.90609445833155	1.0	NonTarget	1	117480
459.03109441596405	1.0	NonTarget	1	117512
459.15609437359655	1.0	NonTarget	1	117544
459.28109433122904	1.0	NonTarget	1	117576
459.40609428886154	1.0	NonTarget	1	117608
459.53109424649404	1.0	NonTarget	1	117640
459.65609420412653	1.0	NonTarget	1	117672
459.7810941617591	1.0	NonTarget	1	117704
459.9060941193916	1.0	NonTarget	1	117736
460.0310940770241	1.0	NonTarget	1	117768
460.1560940346566	1.0	NonTarget	1	117800
460.2810939922891	1.0	NonTarget	1	117832
460.40609394992157	1.0	NonTarget	1	117864
460.53109390755407	1.0	NonTarget	1	117896
460.65609386518656	1.0	NonTarget	1	117928
460.7810938228191	1.0	NonTarget	1	117960
460.9060937804516	1.0	NonTarget	1	117992
461.0310937380841	1.0	NonTarget	1	118024
461.1560936957166	1.0	NonTarget	1	118056
461.2810936533491	1.0	NonTarget	1	118088
461.4060936109816	1.0	NonTarget	1	118120
461.5310935686141	1.0	NonTarget	1	118152
461.65609352624665	1.0	NonTarget	1	118184
461.78109348387915	1.0	NonTarget	1	118216
461.90609344151164	1.0	NonTarget	1	118248
462.03109339914414	1.0	NonTarget	1	118280
462.15609335677664	1.0	NonTarget	1	118312
462.28109331440913	1.0	NonTarget	1	118344
462.40609327204163	1.0	NonTarget	1	118376
462.5310932296741	1.0	NonTarget	1	118408
462.6560931873067	1.0	NonTarget	1	118440
462.7810931449392	1.0	NonTarget	1	118472
462.9060931025717	1.0	NonTarget	1	118504
463.03109306020417	1.0	NonTarget	1	118536
463.15609301783667	1.0	NonTarget	1	118568
463.28109297546916	1.0	NonTarget	1	118600
463.40609293310166	1.0	NonTarget	1	118632
463.5310928907342	1.0	NonTarget	1	118664
463.6560928483667	1.0	NonTarget	1	118696
463.7810928059992	1.0	NonTarget	1	118728
463.9060927636317	1.0	NonTarget	1	118760
464.0310927212642	1.0	NonTarget	1	118792
464.1560926788967	1.0	NonTarget	1	118824
464.2810926365292	1.0	NonTarget	1	118856
464.4060925941617	1.0	NonTarget	1	118888
464.53109255179425	1.0	NonTarget	1	118920
464.65609250942674	1.0	NonTarget	1	118952
464.78109246705924	1.0	NonTarget	1	118984
464.90609242469174	1.0	NonTarget	1	119016
465.03109238232423	1.0	NonTarget	1	119048
465.15609233995673	1.0	NonTarget	1	119080
465.2810922975892	1.0	NonTarget	1	119112
465.4060922552218	1.0	NonTarget	1	119144
465.5310922128543	1.0	NonTarget	1	119176
465.6560921704868	1.0	NonTarget	1	119208
465.78109212811927	1.0	NonTarget	1	119240
465.90609208575177	1.0	NonTarget	1	119272
466.03109204338426	1.0	NonTarget	1	119304
466.15609200101676	1.0	NonTarget	1	119336
466.28109195864926	1.0	NonTarget	1	119368
466.4060919162818	1.0	NonTarget	1	119400
472.5310898402745	1.0	NonTarget	1	120968
472.656089797907	1.0	NonTarget	1	121000
472.7810897555395	1.0	NonTarget	1	121032
472.90608971317204	1.0	NonTarget	1	121064
473.03108967080453	1.0	NonTarget	1	121096
473.15608962843703	1.0	NonTarget	1	121128
473.2810895860695	1.0	NonTarget	1	121160
473.406089543702	1.0	NonTarget	1	121192
473.5310895013345	1.0	NonTarget	1	121224
473.656089458967	1.0	NonTarget	1	121256
473.78108941659957	1.0	NonTarget	1	121288
473.90608937423207	1.0	NonTarget	1	121320
474.03108933186456	1.0	NonTarget	1	121352
474.15608928949706	1.0	NonTarget	1	121384
474.28108924712956	1.0	NonTarget	1	121416
474.40608920476205	1.0	NonTarget	1	121448
474.53108916239455	1.0	NonTarget	1	121480
474.65608912002705	1.0	NonTarget	1	121512
474.7810890776596	1.0	NonTarget	1	121544
474.9060890352921	1.0	NonTarget	1	121576
475.0310889929246	1.0	NonTarget	1	121608
475.1560889505571	1.0	NonTarget	1	121640
475.2810889081896	1.0	NonTarget	1	121672
475.4060888658221	1.0	NonTarget	1	121704
475.5310888234546	1.0	NonTarget	1	121736
475.65608878108713	1.0	NonTarget	1	121768
475.78108873871963	1.0	NonTarget	1	121800
475.9060886963521	1.0	NonTarget	1	121832
476.0310886539846	1.0	NonTarget	1	121864
476.1560886116171	1.0	NonTarget	1	121896
476.2810885692496	1.0	NonTarget	1	121928
476.4060885268821	1.0	NonTarget	1	121960
476.5310884845146	1.0	NonTarget	1	121992
476.65608844214717	1.0	NonTarget	1	122024
476.78108839977966	1.0	NonTarget	1	122056
476.90608835741216	1.0	NonTarget	1	122088
477.03108831504466	1.0	NonTarget	1	122120
477.15608827267715	1.0	NonTarget	1	122152
477.28108823030965	1.0	NonTarget	1	122184
477.40608818794215	1.0	NonTarget	1	122216
477.5310881455747	1.0	NonTarget	1	122248
477.6560881032072	1.0	NonTarget	1	122280
477.7810880608397	1.0	NonTarget	1	122312
477.9060880184722	1.0	NonTarget	1	122344
478.0310879761047	1.0	NonTarget	1	122376
478.1560879337372	1.0	NonTarget	1	122408
478.2810878913697	1.0	NonTarget	1	122440
478.4060878490022	1.0	NonTarget	1	122472
478.53108780663473	1.0	NonTarget	1	122504
478.6560877642672	1.0	NonTarget	1	122536
478.7810877218997	1.0	NonTarget	1	122568
478.9060876795322	1.0	NonTarget	1	122600
479.0310876371647	1.0	NonTarget	1	122632
479.1560875947972	1.0	NonTarget	1	122664
479.2810875524297	1.0	NonTarget	1	122696
479.40608751006226	1.0	NonTarget	1	122728
479.53108746769476	1.0	NonTarget	1	122760
479.65608742532726	1.0	NonTarget	1	122792
479.78108738295975	1.0	NonTarget	1	122824
479.90608734059225	1.0	NonTarget	1	122856
480.03108729822475	1.0	NonTarget	1	122888
480.15608725585724	1.0	NonTarget	1	122920
480.2810872134898	1.0	NonTarget	1	122952
480.4060871711223	1.0	NonTarget	1	122984
480.5310871287548	1.0	NonTarget	1	123016
480.6560870863873	1.0	NonTarget	1	123048
480.7810870440198	1.0	NonTarget	1	123080
480.9060870016523	1.0	NonTarget	1	123112
481.0310869592848	1.0	NonTarget	1	123144
481.1560869169173	1.0	NonTarget	1	123176
481.2810868745498	1.0	NonTarget	1	123208
481.4060868321823	1.0	NonTarget	1	123240
481.5310867898148	1.0	NonTarget	1	123272
481.6560867474473	1.0	NonTarget	1	123304
481.7810867050798	1.0	NonTarget	1	123336
481.9060866627123	1.0	NonTarget	1	123368
482.0310866203448	1.0	NonTarget	1	123400
482.15608657797736	1.0	NonTarget	1	123432
482.28108653560986	1.0	NonTarget	1	123464
482.40608649324236	1.0	NonTarget	1	123496
482.53108645087485	1.0	NonTarget	1	123528
482.65608640850735	1.0	NonTarget	1	123560
482.78108636613985	1.0	NonTarget	1	123592
482.90608632377234	1.0	NonTarget	1	123624
483.03108628140484	1.0	NonTarget	1	123656
483.1560862390374	1.0	NonTarget	1	123688
483.2810861966699	1.0	NonTarget	1	123720
483.4060861543024	1.0	NonTarget	1	123752
483.5310861119349	1.0	NonTarget	1	123784
483.6560860695674	1.0	NonTarget	1	123816
483.7810860271999	1.0	NonTarget	1	123848
483.9060859848324	1.0	NonTarget	1	123880
484.0310859424649	1.0	NonTarget	1	123912
484.1560859000974	1.0	NonTarget	1	123944
484.2810858577299	1.0	NonTarget	1	123976
484.4060858153624	1.0	NonTarget	1	124008
490.5310837393551	1.0	NonTarget	1	125576
490.65608369698765	1.0	NonTarget	1	125608
490.78108365462015	1.0	NonTarget	1	125640
490.90608361225264	1.0	NonTarget	1	125672
491.03108356988514	1.0	NonTarget	1	125704
491.15608352751764	1.0	NonTarget	1	125736
491.28108348515013	1.0	NonTarget	1	125768
491.40608344278263	1.0	NonTarget	1	125800
491.5310834004152	1.0	NonTarget	1	125832
491.6560833580477	1.0	NonTarget	1	125864
491.7810833156802	1.0	NonTarget	1	125896
491.9060832733127	1.0	NonTarget	1	125928
492.03108323094517	1.0	NonTarget	1	125960
492.15608318857767	1.0	NonTarget	1	125992
492.28108314621016	1.0	NonTarget	1	126024
492.40608310384266	1.0	NonTarget	1	126056
492.5310830614752	1.0	NonTarget	1	126088
492.6560830191077	1.0	NonTarget	1	126120
492.7810829767402	1.0	NonTarget	1	126152
492.9060829343727	1.0	NonTarget	1	126184
493.0310828920052	1.0	NonTarget	1	126216
493.1560828496377	1.0	NonTarget	1	126248
493.2810828072702	1.0	NonTarget	1	126280
493.40608276490275	1.0	NonTarget	1	126312
493.53108272253525	1.0	NonTarget	1	126344
493.65608268016774	1.0	NonTarget	1	126376
493.78108263780024	1.0	NonTarget	1	126408
493.90608259543274	1.0	NonTarget	1	126440
494.03108255306523	1.0	NonTarget	1	126472
494.15608251069773	1.0	NonTarget	1	126504
494.2810824683303	1.0	NonTarget	1	126536
494.4060824259628	1.0	NonTarget	1	126568
494.5310823835953	1.0	NonTarget	1	126600
494.6560823412278	1.0	NonTarget	1	126632
494.78108229886027	1.0	NonTarget	1	126664
494.90608225649277	1.0	NonTarget	1	126696
495.03108221412526	1.0	NonTarget	1	126728
495.15608217175776	1.0	NonTarget	1	126760
495.2810821293903	1.0	NonTarget	1	126792
495.4060820870228	1.0	NonTarget	1	126824
495.5310820446553	1.0	NonTarget	1	126856
495.6560820022878	1.0	NonTarget	1	126888
495.7810819599203	1.0	NonTarget	1	126920
495.9060819175528	1.0	NonTarget	1	126952
496.0310818751853	1.0	NonTarget	1	126984
496.15608183281785	1.0	NonTarget	1	127016
496.28108179045034	1.0	NonTarget	1	127048
496.40608174808284	1.0	NonTarget	1	127080
496.53108170571534	1.0	NonTarget	1	127112
496.65608166334783	1.0	NonTarget	1	127144
496.78108162098033	1.0	NonTarget	1	127176
496.9060815786128	1.0	NonTarget	1	127208
497.0310815362453	1.0	NonTarget	1	127240
497.1560814938779	1.0	NonTarget	1	127272
497.2810814515104	1.0	NonTarget	1	127304
497.40608140914287	1.0	NonTarget	1	127336
497.53108136677537	1.0	NonTarget	1	127368
497.65608132440786	1.0	NonTarget	1	127400
497.78108128204036	1.0	NonTarget	1	127432
497.90608123967286	1.0	NonTarget	1	127464
498.0310811973054	1.0	NonTarget	1	127496
498.1560811549379	1.0	NonTarget	1	127528
498.2810811125704	1.0	NonTarget	1	127560
498.4060810702029	1.0	NonTarget	1	127592
498.5310810278354	1.0	NonTarget	1	127624
498.6560809854679	1.0	NonTarget	1	127656
498.7810809431004	1.0	NonTarget	1	127688
498.9060809007329	1.0	NonTarget	1	127720
499.03108085836544	1.0	NonTarget	1	127752
499.15608081599794	1.0	NonTarget	1	127784
499.28108077363044	1.0	NonTarget	1	127816
499.40608073126293	1.0	NonTarget	1	127848
499.53108068889543	1.0	NonTarget	1	127880
499.6560806465279	1.0	NonTarget	1	127912
499.7810806041604	1.0	NonTarget	1	127944
499.906080561793	1.0	NonTarget	1	127976
500.0310805194255	1.0	NonTarget	1	128008
500.15608047705797	1.0	NonTarget	1	128040
500.28108043469047	1.0	NonTarget	1	128072
500.40608039232296	1.0	NonTarget	1	128104
500.53108034995546	1.0	NonTarget	1	128136
500.65608030758796	1.0	NonTarget	1	128168
500.78108026522045	1.0	NonTarget	1	128200
500.906080222853	1.0	NonTarget	1	128232
501.0310801804855	1.0	NonTarget	1	128264
501.156080138118	1.0	NonTarget	1	128296
501.2810800957505	1.0	NonTarget	1	128328
501.406080053383	1.0	NonTarget	1	128360
501.5310800110155	1.0	NonTarget	1	128392
501.656079968648	1.0	NonTarget	1	128424
501.78107992628054	1.0	NonTarget	1	128456
501.90607988391304	1.0	NonTarget	1	128488
502.03107984154553	1.0	NonTarget	1	128520
502.15607979917803	1.0	NonTarget	1	128552
502.2810797568105	1.0	NonTarget	1	128584
502.406079714443	1.0	NonTarget	1	128616
508.53107763843576	1.0	NonTarget	1	130184
508.65607759606826	1.0	NonTarget	1	130216
508.78107755370075	1.0	NonTarget	1	130248
508.90607751133325	1.0	NonTarget	1	130280
509.03107746896575	1.0	NonTarget	1	130312
509.15607742659824	1.0	NonTarget	1	130344
509.2810773842308	1.0	NonTarget	1	130376
509.4060773418633	1.0	NonTarget	1	130408
509.5310772994958	1.0	NonTarget	1	130440
509.6560772571283	1.0	NonTarget	1	130472
509.7810772147608	1.0	NonTarget	1	130504
509.9060771723933	1.0	NonTarget	1	130536
510.0310771300258	1.0	NonTarget	1	130568
510.15607708765833	1.0	NonTarget	1	130600
510.28107704529083	1.0	NonTarget	1	130632
510.4060770029233	1.0	NonTarget	1	130664
510.5310769605558	1.0	NonTarget	1	130696
510.6560769181883	1.0	NonTarget	1	130728
510.7810768758208	1.0	NonTarget	1	130760
510.9060768334533	1.0	NonTarget	1	130792
511.0310767910858	1.0	NonTarget	1	130824
511.15607674871836	1.0	NonTarget	1	130856
511.28107670635086	1.0	NonTarget	1	130888
511.40607666398336	1.0	NonTarget	1	130920
511.53107662161585	1.0	NonTarget	1	130952
511.65607657924835	1.0	NonTarget	1	130984
511.78107653688085	1.0	NonTarget	1	131016
511.90607649451334	1.0	NonTarget	1	131048
512.0310764521458	1.0	NonTarget	1	131080
512.1560764097784	1.0	NonTarget	1	131112
512.2810763674108	1.0	NonTarget	1	131144
512.4060763250434	1.0	NonTarget	1	131176
512.5310762826759	1.0	NonTarget	1	131208
512.6560762403084	1.0	NonTarget	1	131240
512.7810761979409	1.0	NonTarget	1	131272
512.9060761555734	1.0	NonTarget	1	131304
513.0310761132059	1.0	NonTarget	1	131336
513.1560760708384	1.0	NonTarget	1	131368
513.2810760284709	1.0	NonTarget	1	131400
513.4060759861035	1.0	NonTarget	1	131432
513.5310759437359	1.0	NonTarget	1	131464
513.6560759013685	1.0	NonTarget	1	131496
513.7810758590009	1.0	NonTarget	1	131528
513.9060758166335	1.0	NonTarget	1	131560
514.0310757742659	1.0	NonTarget	1	131592
514.1560757318985	1.0	NonTarget	1	131624
514.2810756895309	1.0	NonTarget	1	131656
514.4060756471634	1.0	NonTarget	1	131688
514.531075604796	1.0	NonTarget	1	131720
514.6560755624284	1.0	NonTarget	1	131752
514.781075520061	1.0	NonTarget	1	131784
514.9060754776934	1.0	NonTarget	1	131816
515.031075435326	1.0	NonTarget	1	131848
515.1560753929584	1.0	NonTarget	1	131880
515.281075350591	1.0	NonTarget	1	131912
515.4060753082235	1.0	NonTarget	1	131944
515.531075265856	1.0	NonTarget	1	131976
515.6560752234885	1.0	NonTarget	1	132008
515.781075181121	1.0	NonTarget	1	132040
515.9060751387535	1.0	NonTarget	1	132072
516.031075096386	1.0	NonTarget	1	132104
516.1560750540185	1.0	NonTarget	1	132136
516.2810750116511	1.0	NonTarget	1	132168
516.4060749692835	1.0	NonTarget	1	132200
516.5310749269161	1.0	NonTarget	1	132232
516.6560748845485	1.0	NonTarget	1	132264
516.781074842181	1.0	NonTarget	1	132296
516.9060747998135	1.0	NonTarget	1	132328
517.031074757446	1.0	NonTarget	1	132360
517.1560747150786	1.0	NonTarget	1	132392
517.281074672711	1.0	NonTarget	1	132424
517.4060746303436	1.0	NonTarget	1	132456
517.531074587976	1.0	NonTarget	1	132488
517.6560745456086	1.0	NonTarget	1	132520
517.781074503241	1.0	NonTarget	1	132552
517.9060744608736	1.0	NonTarget	1	132584
518.031074418506	1.0	NonTarget	1	132616
518.1560743761386	1.0	NonTarget	1	132648
518.2810743337711	1.0	NonTarget	1	132680
518.4060742914036	1.0	NonTarget	1	132712
518.5310742490361	1.0	NonTarget	1	132744
518.6560742066686	1.0	NonTarget	1	132776
518.7810741643011	1.0	NonTarget	1	132808
518.9060741219336	1.0	NonTarget	1	132840
519.0310740795661	1.0	NonTarget	1	132872
519.1560740371987	1.0	NonTarget	1	132904
519.2810739948311	1.0	NonTarget	1	132936
519.4060739524637	1.0	NonTarget	1	132968
519.5310739100961	1.0	NonTarget	1	133000
519.6560738677287	1.0	NonTarget	1	133032
519.7810738253611	1.0	NonTarget	1	133064
519.9060737829936	1.0	NonTarget	1	133096
520.0310737406262	1.0	NonTarget	1	133128
520.1560736982586	1.0	NonTarget	1	133160
520.2810736558912	1.0	NonTarget	1	133192
520.4060736135236	1.0	NonTarget	1	133224
526.5310715375164	1.0	NonTarget	1	134792
526.6560714951489	1.0	NonTarget	1	134824
526.7810714527814	1.0	NonTarget	1	134856
526.9060714104139	1.0	NonTarget	1	134888
527.0310713680464	1.0	NonTarget	1	134920
527.1560713256789	1.0	NonTarget	1	134952
527.2810712833113	1.0	NonTarget	1	134984
527.4060712409439	1.0	NonTarget	1	135016
527.5310711985765	1.0	NonTarget	1	135048
527.6560711562089	1.0	NonTarget	1	135080
527.7810711138414	1.0	NonTarget	1	135112
527.9060710714739	1.0	NonTarget	1	135144
528.0310710291064	1.0	NonTarget	1	135176
528.1560709867389	1.0	NonTarget	1	135208
528.2810709443714	1.0	NonTarget	1	135240
528.406070902004	1.0	NonTarget	1	135272
528.5310708596364	1.0	NonTarget	1	135304
528.656070817269	1.0	NonTarget	1	135336
528.7810707749014	1.0	NonTarget	1	135368
528.906070732534	1.0	NonTarget	1	135400
529.0310706901664	1.0	NonTarget	1	135432
529.156070647799	1.0	NonTarget	1	135464
529.2810706054315	1.0	NonTarget	1	135496
529.406070563064	1.0	NonTarget	1	135528
529.5310705206965	1.0	NonTarget	1	135560
529.656070478329	1.0	NonTarget	1	135592
529.7810704359615	1.0	NonTarget	1	135624
529.906070393594	1.0	NonTarget	1	135656
530.0310703512265	1.0	NonTarget	1	135688
530.156070308859	1.0	NonTarget	1	135720
530.2810702664915	1.0	NonTarget	1	135752
530.406070224124	1.0	NonTarget	1	135784
530.5310701817565	1.0	NonTarget	1	135816
530.656070139389	1.0	NonTarget	1	135848
530.7810700970215	1.0	NonTarget	1	135880
530.906070054654	1.0	NonTarget	1	135912
531.0310700122865	1.0	NonTarget	1	135944
531.156069969919	1.0	NonTarget	1	135976
531.2810699275516	1.0	NonTarget	1	136008
531.406069885184	1.0	NonTarget	1	136040
531.5310698428166	1.0	NonTarget	1	136072
531.656069800449	1.0	NonTarget	1	136104
531.7810697580816	1.0	NonTarget	1	136136
531.906069715714	1.0	NonTarget	1	136168
532.0310696733466	1.0	NonTarget	1	136200
532.1560696309791	1.0	NonTarget	1	136232
532.2810695886116	1.0	NonTarget	1	136264
532.4060695462441	1.0	NonTarget	1	136296
532.5310695038766	1.0	NonTarget	1	136328
532.6560694615091	1.0	NonTarget	1	136360
532.7810694191415	1.0	NonTarget	1	136392
532.9060693767741	1.0	NonTarget	1	136424
533.0310693344067	1.0	NonTarget	1	136456
533.1560692920391	1.0	NonTarget	1	136488
533.2810692496716	1.0	NonTarget	1	136520
533.4060692073041	1.0	NonTarget	1	136552
533.5310691649366	1.0	NonTarget	1	136584
533.6560691225691	1.0	NonTarget	1	136616
533.7810690802016	1.0	NonTarget	1	136648
533.9060690378341	1.0	NonTarget	1	136680
534.0310689954666	1.0	NonTarget	1	136712
534.1560689530992	1.0	NonTarget	1	136744
534.2810689107316	1.0	NonTarget	1	136776
534.4060688683642	1.0	NonTarget	1	136808
534.5310688259966	1.0	NonTarget	1	136840
534.6560687836292	1.0	NonTarget	1	136872
534.7810687412616	1.0	NonTarget	1	136904
534.9060686988942	1.0	NonTarget	1	136936
535.0310686565267	1.0	NonTarget	1	136968
535.1560686141592	1.0	NonTarget	1	137000
535.2810685717917	1.0	NonTarget	1	137032
535.4060685294241	1.0	NonTarget	1	137064
535.5310684870567	1.0	NonTarget	1	137096
535.6560684446891	1.0	NonTarget	1	137128
535.7810684023217	1.0	NonTarget	1	137160
535.9060683599542	1.0	NonTarget	1	137192
536.0310683175867	1.0	NonTarget	1	137224
536.1560682752192	1.0	NonTarget	1	137256
536.2810682328517	1.0	NonTarget	1	137288
536.4060681904842	1.0	NonTarget	1	137320
536.5310681481167	1.0	NonTarget	1	137352
536.6560681057492	1.0	NonTarget	1	137384
536.7810680633818	1.0	NonTarget	1	137416
536.9060680210142	1.0	NonTarget	1	137448
537.0310679786468	1.0	NonTarget	1	137480
537.1560679362792	1.0	NonTarget	1	137512
537.2810678939118	1.0	NonTarget	1	137544
537.4060678515442	1.0	NonTarget	1	137576
537.5310678091768	1.0	NonTarget	1	137608
537.6560677668092	1.0	NonTarget	1	137640
537.7810677244418	1.0	NonTarget	1	137672
537.9060676820743	1.0	NonTarget	1	137704
538.0310676397067	1.0	NonTarget	1	137736
538.1560675973393	1.0	NonTarget	1	137768
538.2810675549717	1.0	NonTarget	1	137800
538.4060675126043	1.0	NonTarget	1	137832
544.531065436597	1.0	NonTarget	1	139400
544.6560653942295	1.0	NonTarget	1	139432
544.781065351862	1.0	NonTarget	1	139464
544.9060653094945	1.0	NonTarget	1	139496
545.031065267127	1.0	NonTarget	1	139528
545.1560652247596	1.0	NonTarget	1	139560
545.281065182392	1.0	NonTarget	1	139592
545.4060651400246	1.0	NonTarget	1	139624
545.531065097657	1.0	NonTarget	1	139656
545.6560650552896	1.0	NonTarget	1	139688
545.781065012922	1.0	NonTarget	1	139720
545.9060649705546	1.0	NonTarget	1	139752
546.031064928187	1.0	NonTarget	1	139784
546.1560648858195	1.0	NonTarget	1	139816
546.2810648434521	1.0	NonTarget	1	139848
546.4060648010845	1.0	NonTarget	1	139880
546.5310647587171	1.0	NonTarget	1	139912
546.6560647163495	1.0	NonTarget	1	139944
546.7810646739821	1.0	NonTarget	1	139976
546.9060646316145	1.0	NonTarget	1	140008
547.0310645892471	1.0	NonTarget	1	140040
547.1560645468796	1.0	NonTarget	1	140072
547.2810645045121	1.0	NonTarget	1	140104
547.4060644621446	1.0	NonTarget	1	140136
547.5310644197771	1.0	NonTarget	1	140168
547.6560643774096	1.0	NonTarget	1	140200
547.7810643350421	1.0	NonTarget	1	140232
547.9060642926746	1.0	NonTarget	1	140264
548.0310642503072	1.0	NonTarget	1	140296
548.1560642079396	1.0	NonTarget	1	140328
548.2810641655722	1.0	NonTarget	1	140360
548.4060641232046	1.0	NonTarget	1	140392
548.5310640808372	1.0	NonTarget	1	140424
548.6560640384696	1.0	NonTarget	1	140456
548.7810639961021	1.0	NonTarget	1	140488
548.9060639537347	1.0	NonTarget	1	140520
549.0310639113671	1.0	NonTarget	1	140552
549.1560638689997	1.0	NonTarget	1	140584
549.2810638266321	1.0	NonTarget	1	140616
549.4060637842647	1.0	NonTarget	1	140648
549.5310637418971	1.0	NonTarget	1	140680
549.6560636995297	1.0	NonTarget	1	140712
549.7810636571621	1.0	NonTarget	1	140744
549.9060636147947	1.0	NonTarget	1	140776
550.0310635724272	1.0	NonTarget	1	140808
550.1560635300597	1.0	NonTarget	1	140840
550.2810634876922	1.0	NonTarget	1	140872
550.4060634453247	1.0	NonTarget	1	140904
550.5310634029572	1.0	NonTarget	1	140936
550.6560633605897	1.0	NonTarget	1	140968
550.7810633182222	1.0	NonTarget	1	141000
550.9060632758548	1.0	NonTarget	1	141032
551.0310632334872	1.0	NonTarget	1	141064
551.1560631911198	1.0	NonTarget	1	141096
551.2810631487522	1.0	NonTarget	1	141128
551.4060631063847	1.0	NonTarget	1	141160
551.5310630640172	1.0	NonTarget	1	141192
551.6560630216497	1.0	NonTarget	1	141224
551.7810629792823	1.0	NonTarget	1	141256
551.9060629369147	1.0	NonTarget	1	141288
552.0310628945473	1.0	NonTarget	1	141320
552.1560628521797	1.0	NonTarget	1	141352
552.2810628098123	1.0	NonTarget	1	141384
552.4060627674447	1.0	NonTarget	1	141416
552.5310627250773	1.0	NonTarget	1	141448
552.6560626827098	1.0	NonTarget	1	141480
552.7810626403423	1.0	NonTarget	1	141512
552.9060625979748	1.0	NonTarget	1	141544
553.0310625556073	1.0	NonTarget	1	141576
553.1560625132398	1.0	NonTarget	1	141608
553.2810624708723	1.0	NonTarget	1	141640
553.4060624285048	1.0	NonTarget	1	141672
553.5310623861374	1.0	NonTarget	1	141704
553.6560623437698	1.0	NonTarget	1	141736
553.7810623014024	1.0	NonTarget	1	141768
553.9060622590348	1.0	NonTarget	1	141800
554.0310622166674	1.0	NonTarget	1	141832
554.1560621742998	1.0	NonTarget	1	141864
554.2810621319323	1.0	NonTarget	1	141896
554.4060620895648	1.0	NonTarget	1	141928
554.5310620471973	1.0	NonTarget	1	141960
554.6560620048299	1.0	NonTarget	1	141992
554.7810619624623	1.0	NonTarget	1	142024
554.9060619200949	1.0	NonTarget	1	142056
555.0310618777273	1.0	NonTarget	1	142088
555.1560618353599	1.0	NonTarget	1	142120
555.2810617929923	1.0	NonTarget	1	142152
555.4060617506249	1.0	NonTarget	1	142184
555.5310617082574	1.0	NonTarget	1	142216
555.6560616658899	1.0	NonTarget	1	142248
555.7810616235224	1.0	NonTarget	1	142280
555.9060615811549	1.0	NonTarget	1	142312
556.0310615387874	1.0	NonTarget	1	142344
556.1560614964199	1.0	NonTarget	1	142376
556.2810614540524	1.0	NonTarget	1	142408
556.406061411685	1.0	NonTarget	1	142440
562.5310593356776	1.0	NonTarget	1	144008
562.6560592933101	1.0	NonTarget	1	144040
562.7810592509426	1.0	NonTarget	1	144072
562.9060592085751	1.0	NonTarget	1	144104
563.0310591662077	1.0	NonTarget	1	144136
563.1560591238401	1.0	NonTarget	1	144168
563.2810590814727	1.0	NonTarget	1	144200
563.4060590391051	1.0	NonTarget	1	144232
563.5310589967377	1.0	NonTarget	1	144264
563.6560589543701	1.0	NonTarget	1	144296
563.7810589120027	1.0	NonTarget	1	144328
563.9060588696352	1.0	NonTarget	1	144360
564.0310588272677	1.0	NonTarget	1	144392
564.1560587849002	1.0	NonTarget	1	144424
564.2810587425327	1.0	NonTarget	1	144456
564.4060587001652	1.0	NonTarget	1	144488
564.5310586577976	1.0	NonTarget	1	144520
564.6560586154302	1.0	NonTarget	1	144552
564.7810585730628	1.0	NonTarget	1	144584
564.9060585306952	1.0	NonTarget	1	144616
565.0310584883277	1.0	NonTarget	1	144648
565.1560584459602	1.0	NonTarget	1	144680
565.2810584035927	1.0	NonTarget	1	144712
565.4060583612252	1.0	NonTarget	1	144744
565.5310583188577	1.0	NonTarget	1	144776
565.6560582764903	1.0	NonTarget	1	144808
565.7810582341227	1.0	NonTarget	1	144840
565.9060581917553	1.0	NonTarget	1	144872
566.0310581493877	1.0	NonTarget	1	144904
566.1560581070203	1.0	NonTarget	1	144936
566.2810580646527	1.0	NonTarget	1	144968
566.4060580222853	1.0	NonTarget	1	145000
566.5310579799177	1.0	NonTarget	1	145032
566.6560579375503	1.0	NonTarget	1	145064
566.7810578951828	1.0	NonTarget	1	145096
566.9060578528153	1.0	NonTarget	1	145128
567.0310578104478	1.0	NonTarget	1	145160
567.1560577680802	1.0	NonTarget	1	145192
567.2810577257128	1.0	NonTarget	1	145224
567.4060576833452	1.0	NonTarget	1	145256
567.5310576409778	1.0	NonTarget	1	145288
567.6560575986103	1.0	NonTarget	1	145320
567.7810575562428	1.0	NonTarget	1	145352
567.9060575138753	1.0	NonTarget	1	145384
568.0310574715078	1.0	NonTarget	1	145416
568.1560574291403	1.0	NonTarget	1	145448
568.2810573867728	1.0	NonTarget	1	145480
568.4060573444053	1.0	NonTarget	1	145512
568.5310573020379	1.0	NonTarget	1	145544
568.6560572596703	1.0	NonTarget	1	145576
568.7810572173029	1.0	NonTarget	1	145608
568.9060571749353	1.0	NonTarget	1	145640
569.0310571325679	1.0	NonTarget	1	145672
569.1560570902003	1.0	NonTarget	1	145704
569.2810570478329	1.0	NonTarget	1	145736
569.4060570054654	1.0	NonTarget	1	145768
569.5310569630979	1.0	NonTarget	1	145800
569.6560569207304	1.0	NonTarget	1	145832
569.7810568783628	1.0	NonTarget	1	145864
569.9060568359954	1.0	NonTarget	1	145896
570.0310567936278	1.0	NonTarget	1	145928
570.1560567512604	1.0	NonTarget	1	145960
570.2810567088928	1.0	NonTarget	1	145992
570.4060566665254	1.0	NonTarget	1	146024
570.5310566241579	1.0	NonTarget	1	146056
570.6560565817904	1.0	NonTarget	1	146088
570.7810565394229	1.0	NonTarget	1	146120
570.9060564970554	1.0	NonTarget	1	146152
571.0310564546879	1.0	NonTarget	1	146184
571.1560564123204	1.0	NonTarget	1	146216
571.2810563699529	1.0	NonTarget	1	146248
571.4060563275855	1.0	NonTarget	1	146280
571.5310562852179	1.0	NonTarget	1	146312
571.6560562428505	1.0	NonTarget	1	146344
571.7810562004829	1.0	NonTarget	1	146376
571.9060561581155	1.0	NonTarget	1	146408
572.0310561157479	1.0	NonTarget	1	146440
572.1560560733805	1.0	NonTarget	1	146472
572.281056031013	1.0	NonTarget	1	146504
572.4060559886454	1.0	NonTarget	1	146536
572.531055946278	1.0	NonTarget	1	146568
572.6560559039104	1.0	NonTarget	1	146600
572.781055861543	1.0	NonTarget	1	146632
572.9060558191754	1.0	NonTarget	1	146664
573.031055776808	1.0	NonTarget	1	146696
573.1560557344405	1.0	NonTarget	1	146728
573.281055692073	1.0	NonTarget	1	146760
573.4060556497055	1.0	NonTarget	1	146792
573.531055607338	1.0	NonTarget	1	146824
573.6560555649705	1.0	NonTarget	1	146856
573.781055522603	1.0	NonTarget	1	146888
573.9060554802355	1.0	NonTarget	1	146920
574.031055437868	1.0	NonTarget	1	146952
574.1560553955005	1.0	NonTarget	1	146984
574.2810553531331	1.0	NonTarget	1	147016
574.4060553107655	1.0	NonTarget	1	147048
580.5310532347582	1.0	NonTarget	1	148616
580.6560531923908	1.0	NonTarget	1	148648
580.7810531500232	1.0	NonTarget	1	148680
580.9060531076558	1.0	NonTarget	1	148712
581.0310530652882	1.0	NonTarget	1	148744
581.1560530229208	1.0	NonTarget	1	148776
581.2810529805532	1.0	NonTarget	1	148808
581.4060529381858	1.0	NonTarget	1	148840
581.5310528958183	1.0	NonTarget	1	148872
581.6560528534508	1.0	NonTarget	1	148904
581.7810528110833	1.0	NonTarget	1	148936
581.9060527687158	1.0	NonTarget	1	148968
582.0310527263483	1.0	NonTarget	1	149000
582.1560526839808	1.0	NonTarget	1	149032
582.2810526416133	1.0	NonTarget	1	149064
582.4060525992458	1.0	NonTarget	1	149096
582.5310525568783	1.0	NonTarget	1	149128
582.6560525145109	1.0	NonTarget	1	149160
582.7810524721433	1.0	NonTarget	1	149192
582.9060524297759	1.0	NonTarget	1	149224
583.0310523874083	1.0	NonTarget	1	149256
583.1560523450408	1.0	NonTarget	1	149288
583.2810523026733	1.0	NonTarget	1	149320
583.4060522603058	1.0	NonTarget	1	149352
583.5310522179384	1.0	NonTarget	1	149384
583.6560521755708	1.0	NonTarget	1	149416
583.7810521332034	1.0	NonTarget	1	149448
583.9060520908358	1.0	NonTarget	1	149480
584.0310520484684	1.0	NonTarget	1	149512
584.1560520061008	1.0	NonTarget	1	149544
584.2810519637334	1.0	NonTarget	1	149576
584.4060519213659	1.0	NonTarget	1	149608
584.5310518789984	1.0	NonTarget	1	149640
584.6560518366309	1.0	NonTarget	1	149672
584.7810517942634	1.0	NonTarget	1	149704
584.9060517518959	1.0	NonTarget	1	149736
585.0310517095284	1.0	NonTarget	1	149768
585.1560516671609	1.0	NonTarget	1	149800
585.2810516247935	1.0	NonTarget	1	149832
585.4060515824259	1.0	NonTarget	1	149864
585.5310515400585	1.0	NonTarget	1	149896
585.6560514976909	1.0	NonTarget	1	149928
585.7810514553234	1.0	NonTarget	1	149960
585.9060514129559	1.0	NonTarget	1	149992
586.0310513705884	1.0	NonTarget	1	150024
586.1560513282209	1.0	NonTarget	1	150056
586.2810512858534	1.0	NonTarget	1	150088
586.406051243486	1.0	NonTarget	1	150120
586.5310512011184	1.0	NonTarget	1	150152
586.656051158751	1.0	NonTarget	1	150184
586.7810511163834	1.0	NonTarget	1	150216
586.906051074016	1.0	NonTarget	1	150248
587.0310510316484	1.0	NonTarget	1	150280
587.156050989281	1.0	NonTarget	1	150312
587.2810509469135	1.0	NonTarget	1	150344
587.406050904546	1.0	NonTarget	1	150376
587.5310508621785	1.0	NonTarget	1	150408
587.656050819811	1.0	NonTarget	1	150440
587.7810507774435	1.0	NonTarget	1	150472
587.906050735076	1.0	NonTarget	1	150504
588.0310506927085	1.0	NonTarget	1	150536
588.1560506503411	1.0	NonTarget	1	150568
588.2810506079735	1.0	NonTarget	1	150600
588.406050565606	1.0	NonTarget	1	150632
588.5310505232385	1.0	NonTarget	1	150664
588.656050480871	1.0	NonTarget	1	150696
588.7810504385035	1.0	NonTarget	1	150728
588.906050396136	1.0	NonTarget	1	150760
589.0310503537686	1.0	NonTarget	1	150792
589.156050311401	1.0	NonTarget	1	150824
589.2810502690336	1.0	NonTarget	1	150856
589.406050226666	1.0	NonTarget	1	150888
589.5310501842986	1.0	NonTarget	1	150920
589.656050141931	1.0	NonTarget	1	150952
589.7810500995636	1.0	NonTarget	1	150984
589.906050057196	1.0	NonTarget	1	151016
590.0310500148286	1.0	NonTarget	1	151048
590.1560499724611	1.0	NonTarget	1	151080
590.2810499300936	1.0	NonTarget	1	151112
590.4060498877261	1.0	NonTarget	1	151144
590.5310498453586	1.0	NonTarget	1	151176
590.6560498029911	1.0	NonTarget	1	151208
590.7810497606235	1.0	NonTarget	1	151240
590.9060497182561	1.0	NonTarget	1	151272
591.0310496758887	1.0	NonTarget	1	151304
591.1560496335211	1.0	NonTarget	1	151336
591.2810495911536	1.0	NonTarget	1	151368
591.4060495487861	1.0	NonTarget	1	151400
591.5310495064186	1.0	NonTarget	1	151432
591.6560494640511	1.0	NonTarget	1	151464
591.7810494216836	1.0	NonTarget	1	151496
591.9060493793162	1.0	NonTarget	1	151528
592.0310493369486	1.0	NonTarget	1	151560
592.1560492945812	1.0	NonTarget	1	151592
592.2810492522136	1.0	NonTarget	1	151624
592.4060492098462	1.0	NonTarget	1	151656
598.5310471338389	1.0	NonTarget	1	153224
598.6560470914714	1.0	NonTarget	1	153256
598.7810470491039	1.0	NonTarget	1	153288
598.9060470067363	1.0	NonTarget	1	153320
599.0310469643689	1.0	NonTarget	1	153352
599.1560469220013	1.0	NonTarget	1	153384
599.2810468796339	1.0	NonTarget	1	153416
599.4060468372664	1.0	NonTarget	1	153448
599.5310467948989	1.0	NonTarget	1	153480
599.6560467525314	1.0	NonTarget	1	153512
599.7810467101639	1.0	NonTarget	1	153544
599.9060466677964	1.0	NonTarget	1	153576
600.0310466254289	1.0	NonTarget	1	153608
600.1560465830614	1.0	NonTarget	1	153640
600.281046540694	1.0	NonTarget	1	153672
600.4060464983264	1.0	NonTarget	1	153704
600.531046455959	1.0	NonTarget	1	153736
600.6560464135914	1.0	NonTarget	1	153768
600.781046371224	1.0	NonTarget	1	153800
600.9060463288564	1.0	NonTarget	1	153832
601.031046286489	1.0	NonTarget	1	153864
601.1560462441215	1.0	NonTarget	1	153896
601.281046201754	1.0	NonTarget	1	153928
601.4060461593865	1.0	NonTarget	1	153960
601.531046117019	1.0	NonTarget	1	153992
601.6560460746515	1.0	NonTarget	1	154024
601.7810460322839	1.0	NonTarget	1	154056
601.9060459899165	1.0	NonTarget	1	154088
602.0310459475489	1.0	NonTarget	1	154120
602.1560459051815	1.0	NonTarget	1	154152
602.281045862814	1.0	NonTarget	1	154184
602.4060458204465	1.0	NonTarget	1	154216
602.531045778079	1.0	NonTarget	1	154248
602.6560457357115	1.0	NonTarget	1	154280
602.781045693344	1.0	NonTarget	1	154312
602.9060456509765	1.0	NonTarget	1	154344
603.031045608609	1.0	NonTarget	1	154376
603.1560455662416	1.0	NonTarget	1	154408
603.281045523874	1.0	NonTarget	1	154440
603.4060454815066	1.0	NonTarget	1	154472
603.531045439139	1.0	NonTarget	1	154504
603.6560453967716	1.0	NonTarget	1	154536
603.781045354404	1.0	NonTarget	1	154568
603.9060453120366	1.0	NonTarget	1	154600
604.0310452696691	1.0	NonTarget	1	154632
604.1560452273015	1.0	NonTarget	1	154664
604.2810451849341	1.0	NonTarget	1	154696
604.4060451425665	1.0	NonTarget	1	154728
604.5310451001991	1.0	NonTarget	1	154760
604.6560450578315	1.0	NonTarget	1	154792
604.7810450154641	1.0	NonTarget	1	154824
604.9060449730966	1.0	NonTarget	1	154856
605.0310449307291	1.0	NonTarget	1	154888
605.1560448883616	1.0	NonTarget	1	154920
605.2810448459941	1.0	NonTarget	1	154952
605.4060448036266	1.0	NonTarget	1	154984
605.5310447612591	1.0	NonTarget	1	155016
605.6560447188916	1.0	NonTarget	1	155048
605.7810446765242	1.0	NonTarget	1	155080
605.9060446341566	1.0	NonTarget	1	155112
606.0310445917892	1.0	NonTarget	1	155144
606.1560445494216	1.0	NonTarget	1	155176
606.2810445070542	1.0	NonTarget	1	155208
606.4060444646866	1.0	NonTarget	1	155240
606.5310444223192	1.0	NonTarget	1	155272
606.6560443799516	1.0	NonTarget	1	155304
606.7810443375841	1.0	NonTarget	1	155336
606.9060442952167	1.0	NonTarget	1	155368
607.0310442528491	1.0	NonTarget	1	155400
607.1560442104817	1.0	NonTarget	1	155432
607.2810441681141	1.0	NonTarget	1	155464
607.4060441257467	1.0	NonTarget	1	155496
607.5310440833791	1.0	NonTarget	1	155528
607.6560440410117	1.0	NonTarget	1	155560
607.7810439986442	1.0	NonTarget	1	155592
607.9060439562767	1.0	NonTarget	1	155624
608.0310439139092	1.0	NonTarget	1	155656
608.1560438715417	1.0	NonTarget	1	155688
608.2810438291742	1.0	NonTarget	1	155720
608.4060437868067	1.0	NonTarget	1	155752
608.5310437444392	1.0	NonTarget	1	155784
608.6560437020718	1.0	NonTarget	1	155816
608.7810436597042	1.0	NonTarget	1	155848
608.9060436173368	1.0	NonTarget	1	155880
609.0310435749692	1.0	NonTarget	1	155912
609.1560435326018	1.0	NonTarget	1	155944
609.2810434902342	1.0	NonTarget	1	155976
609.4060434478668	1.0	NonTarget	1	156008
609.5310434054993	1.0	NonTarget	1	156040
609.6560433631317	1.0	NonTarget	1	156072
609.7810433207643	1.0	NonTarget	1	156104
609.9060432783967	1.0	NonTarget	1	156136
610.0310432360293	1.0	NonTarget	1	156168
610.1560431936617	1.0	NonTarget	1	156200
610.2810431512943	1.0	NonTarget	1	156232
610.4060431089267	1.0	NonTarget	1	156264
616.5310410329195	1.0	NonTarget	1	157832
616.656040990552	1.0	NonTarget	1	157864
616.7810409481845	1.0	NonTarget	1	157896
616.906040905817	1.0	NonTarget	1	157928
617.0310408634496	1.0	NonTarget	1	157960
617.156040821082	1.0	NonTarget	1	157992
617.2810407787146	1.0	NonTarget	1	158024
617.406040736347	1.0	NonTarget	1	158056
617.5310406939795	1.0	NonTarget	1	158088
617.656040651612	1.0	NonTarget	1	158120
617.7810406092445	1.0	NonTarget	1	158152
617.9060405668771	1.0	NonTarget	1	158184
618.0310405245095	1.0	NonTarget	1	158216
618.1560404821421	1.0	NonTarget	1	158248
618.2810404397745	1.0	NonTarget	1	158280
618.4060403974071	1.0	NonTarget	1	158312
618.5310403550395	1.0	NonTarget	1	158344
618.6560403126721	1.0	NonTarget	1	158376
618.7810402703045	1.0	NonTarget	1	158408
618.9060402279371	1.0	NonTarget	1	158440
619.0310401855696	1.0	NonTarget	1	158472
619.1560401432021	1.0	NonTarget	1	158504
619.2810401008346	1.0	NonTarget	1	158536
619.406040058467	1.0	NonTarget	1	158568
619.5310400160996	1.0	NonTarget	1	158600
619.656039973732	1.0	NonTarget	1	158632
619.7810399313646	1.0	NonTarget	1	158664
619.9060398889972	1.0	NonTarget	1	158696
620.0310398466296	1.0	NonTarget	1	158728
620.1560398042622	1.0	NonTarget	1	158760
620.2810397618946	1.0	NonTarget	1	158792
620.4060397195271	1.0	NonTarget	1	158824
620.5310396771596	1.0	NonTarget	1	158856
620.6560396347921	1.0	NonTarget	1	158888
620.7810395924247	1.0	NonTarget	1	158920
620.9060395500571	1.0	NonTarget	1	158952
621.0310395076897	1.0	NonTarget	1	158984
621.1560394653221	1.0	NonTarget	1	159016
621.2810394229547	1.0	NonTarget	1	159048
621.4060393805871	1.0	NonTarget	1	159080
621.5310393382197	1.0	NonTarget	1	159112
621.6560392958522	1.0	NonTarget	1	159144
621.7810392534847	1.0	NonTarget	1	159176
621.9060392111172	1.0	NonTarget	1	159208
622.0310391687497	1.0	NonTarget	1	159240
622.1560391263822	1.0	NonTarget	1	159272
622.2810390840147	1.0	NonTarget	1	159304
622.4060390416472	1.0	NonTarget	1	159336
622.5310389992796	1.0	NonTarget	1	159368
622.6560389569122	1.0	NonTarget	1	159400
622.7810389145448	1.0	NonTarget	1	159432
622.9060388721772	1.0	NonTarget	1	159464
623.0310388298097	1.0	NonTarget	1	159496
623.1560387874422	1.0	NonTarget	1	159528
623.2810387450747	1.0	NonTarget	1	159560
623.4060387027072	1.0	NonTarget	1	159592
623.5310386603397	1.0	NonTarget	1	159624
623.6560386179723	1.0	NonTarget	1	159656
623.7810385756047	1.0	NonTarget	1	159688
623.9060385332373	1.0	NonTarget	1	159720
624.0310384908697	1.0	NonTarget	1	159752
624.1560384485023	1.0	NonTarget	1	159784
624.2810384061347	1.0	NonTarget	1	159816
624.4060383637673	1.0	NonTarget	1	159848
624.5310383213998	1.0	NonTarget	1	159880
624.6560382790323	1.0	NonTarget	1	159912
624.7810382366648	1.0	NonTarget	1	159944
624.9060381942973	1.0	NonTarget	1	159976
625.0310381519298	1.0	NonTarget	1	160008
625.1560381095622	1.0	NonTarget	1	160040
625.2810380671948	1.0	NonTarget	1	160072
625.4060380248274	1.0	NonTarget	1	160104
625.5310379824598	1.0	NonTarget	1	160136
625.6560379400923	1.0	NonTarget	1	160168
625.7810378977248	1.0	NonTarget	1	160200
625.9060378553573	1.0	NonTarget	1	160232
626.0310378129898	1.0	NonTarget	1	160264
626.1560377706223	1.0	NonTarget	1	160296
626.2810377282548	1.0	NonTarget	1	160328
626.4060376858873	1.0	NonTarget	1	160360
626.5310376435199	1.0	NonTarget	1	160392
626.6560376011523	1.0	NonTarget	1	160424
626.7810375587849	1.0	NonTarget	1	160456
626.9060375164173	1.0	NonTarget	1	160488
627.0310374740499	1.0	NonTarget	1	160520
627.1560374316823	1.0	NonTarget	1	160552
627.2810373893149	1.0	NonTarget	1	160584
627.4060373469474	1.0	NonTarget	1	160616
627.5310373045799	1.0	NonTarget	1	160648
627.6560372622124	1.0	NonTarget	1	160680
627.7810372198448	1.0	NonTarget	1	160712
627.9060371774774	1.0	NonTarget	1	160744
628.0310371351098	1.0	NonTarget	1	160776
628.1560370927424	1.0	NonTarget	1	160808
628.281037050375	1.0	NonTarget	1	160840
628.4060370080074	1.0	NonTarget	1	160872
634.5310349320001	1.0	NonTarget	1	162440
634.6560348896326	1.0	NonTarget	1	162472
634.7810348472651	1.0	NonTarget	1	162504
634.9060348048977	1.0	NonTarget	1	162536
635.0310347625301	1.0	NonTarget	1	162568
635.1560347201627	1.0	NonTarget	1	162600
635.2810346777951	1.0	NonTarget	1	162632
635.4060346354277	1.0	NonTarget	1	162664
635.5310345930601	1.0	NonTarget	1	162696
635.6560345506927	1.0	NonTarget	1	162728
635.7810345083252	1.0	NonTarget	1	162760
635.9060344659576	1.0	NonTarget	1	162792
636.0310344235902	1.0	NonTarget	1	162824
636.1560343812226	1.0	NonTarget	1	162856
636.2810343388552	1.0	NonTarget	1	162888
636.4060342964876	1.0	NonTarget	1	162920
636.5310342541202	1.0	NonTarget	1	162952
636.6560342117527	1.0	NonTarget	1	162984
636.7810341693852	1.0	NonTarget	1	163016
636.9060341270177	1.0	NonTarget	1	163048
637.0310340846502	1.0	NonTarget	1	163080
637.1560340422827	1.0	NonTarget	1	163112
637.2810339999152	1.0	NonTarget	1	163144
637.4060339575477	1.0	NonTarget	1	163176
637.5310339151803	1.0	NonTarget	1	163208
637.6560338728127	1.0	NonTarget	1	163240
637.7810338304453	1.0	NonTarget	1	163272
637.9060337880777	1.0	NonTarget	1	163304
638.0310337457103	1.0	NonTarget	1	163336
638.1560337033427	1.0	NonTarget	1	163368
638.2810336609753	1.0	NonTarget	1	163400
638.4060336186077	1.0	NonTarget	1	163432
638.5310335762402	1.0	NonTarget	1	163464
638.6560335338728	1.0	NonTarget	1	163496
638.7810334915052	1.0	NonTarget	1	163528
638.9060334491378	1.0	NonTarget	1	163560
639.0310334067702	1.0	NonTarget	1	163592
639.1560333644028	1.0	NonTarget	1	163624
639.2810333220352	1.0	NonTarget	1	163656
639.4060332796678	1.0	NonTarget	1	163688
639.5310332373003	1.0	NonTarget	1	163720
639.6560331949328	1.0	NonTarget	1	163752
639.7810331525653	1.0	NonTarget	1	163784
639.9060331101978	1.0	NonTarget	1	163816
640.0310330678303	1.0	NonTarget	1	163848
640.1560330254628	1.0	NonTarget	1	163880
640.2810329830953	1.0	NonTarget	1	163912
640.4060329407279	1.0	NonTarget	1	163944
640.5310328983603	1.0	NonTarget	1	163976
640.6560328559929	1.0	NonTarget	1	164008
640.7810328136253	1.0	NonTarget	1	164040
640.9060327712579	1.0	NonTarget	1	164072
641.0310327288903	1.0	NonTarget	1	164104
641.1560326865228	1.0	NonTarget	1	164136
641.2810326441554	1.0	NonTarget	1	164168
641.4060326017878	1.0	NonTarget	1	164200
641.5310325594204	1.0	NonTarget	1	164232
641.6560325170528	1.0	NonTarget	1	164264
641.7810324746854	1.0	NonTarget	1	164296
641.9060324323178	1.0	NonTarget	1	164328
642.0310323899504	1.0	NonTarget	1	164360
642.1560323475828	1.0	NonTarget	1	164392
642.2810323052154	1.0	NonTarget	1	164424
642.4060322628479	1.0	NonTarget	1	164456
642.5310322204804	1.0	NonTarget	1	164488
642.6560321781129	1.0	NonTarget	1	164520
642.7810321357454	1.0	NonTarget	1	164552
642.9060320933779	1.0	NonTarget	1	164584
643.0310320510104	1.0	NonTarget	1	164616
643.1560320086429	1.0	NonTarget	1	164648
643.2810319662755	1.0	NonTarget	1	164680
643.4060319239079	1.0	NonTarget	1	164712
643.5310318815405	1.0	NonTarget	1	164744
643.6560318391729	1.0	NonTarget	1	164776
643.7810317968055	1.0	NonTarget	1	164808
643.9060317544379	1.0	NonTarget	1	164840
644.0310317120704	1.0	NonTarget	1	164872
644.156031669703	1.0	NonTarget	1	164904
644.2810316273354	1.0	NonTarget	1	164936
644.406031584968	1.0	NonTarget	1	164968
644.5310315426004	1.0	NonTarget	1	165000
644.656031500233	1.0	NonTarget	1	165032
644.7810314578654	1.0	NonTarget	1	165064
644.906031415498	1.0	NonTarget	1	165096
645.0310313731305	1.0	NonTarget	1	165128
645.156031330763	1.0	NonTarget	1	165160
645.2810312883955	1.0	NonTarget	1	165192
645.406031246028	1.0	NonTarget	1	165224
645.5310312036605	1.0	NonTarget	1	165256
645.656031161293	1.0	NonTarget	1	165288
645.7810311189255	1.0	NonTarget	1	165320
645.9060310765581	1.0	NonTarget	1	165352
646.0310310341905	1.0	NonTarget	1	165384
646.1560309918231	1.0	NonTarget	1	165416
646.2810309494555	1.0	NonTarget	1	165448
646.406030907088	1.0	NonTarget	1	165480
652.5310288310808	1.0	NonTarget	1	167048
652.6560287887132	1.0	NonTarget	1	167080
652.7810287463458	1.0	NonTarget	1	167112
652.9060287039782	1.0	NonTarget	1	167144
653.0310286616108	1.0	NonTarget	1	167176
653.1560286192432	1.0	NonTarget	1	167208
653.2810285768758	1.0	NonTarget	1	167240
653.4060285345083	1.0	NonTarget	1	167272
653.5310284921408	1.0	NonTarget	1	167304
653.6560284497733	1.0	NonTarget	1	167336
653.7810284074058	1.0	NonTarget	1	167368
653.9060283650383	1.0	NonTarget	1	167400
654.0310283226707	1.0	NonTarget	1	167432
654.1560282803033	1.0	NonTarget	1	167464
654.2810282379357	1.0	NonTarget	1	167496
654.4060281955683	1.0	NonTarget	1	167528
654.5310281532009	1.0	NonTarget	1	167560
654.6560281108333	1.0	NonTarget	1	167592
654.7810280684658	1.0	NonTarget	1	167624
654.9060280260983	1.0	NonTarget	1	167656
655.0310279837308	1.0	NonTarget	1	167688
655.1560279413633	1.0	NonTarget	1	167720
655.2810278989958	1.0	NonTarget	1	167752
655.4060278566284	1.0	NonTarget	1	167784
655.5310278142608	1.0	NonTarget	1	167816
655.6560277718934	1.0	NonTarget	1	167848
655.7810277295258	1.0	NonTarget	1	167880
655.9060276871584	1.0	NonTarget	1	167912
656.0310276447908	1.0	NonTarget	1	167944
656.1560276024234	1.0	NonTarget	1	167976
656.2810275600559	1.0	NonTarget	1	168008
656.4060275176884	1.0	NonTarget	1	168040
656.5310274753209	1.0	NonTarget	1	168072
656.6560274329534	1.0	NonTarget	1	168104
656.7810273905859	1.0	NonTarget	1	168136
656.9060273482183	1.0	NonTarget	1	168168
657.0310273058509	1.0	NonTarget	1	168200
657.1560272634835	1.0	NonTarget	1	168232
657.2810272211159	1.0	NonTarget	1	168264
657.4060271787484	1.0	NonTarget	1	168296
657.5310271363809	1.0	NonTarget	1	168328
657.6560270940134	1.0	NonTarget	1	168360
657.7810270516459	1.0	NonTarget	1	168392
657.9060270092784	1.0	NonTarget	1	168424
658.031026966911	1.0	NonTarget	1	168456
658.1560269245434	1.0	NonTarget	1	168488
658.281026882176	1.0	NonTarget	1	168520
658.4060268398084	1.0	NonTarget	1	168552
658.531026797441	1.0	NonTarget	1	168584
658.6560267550734	1.0	NonTarget	1	168616
658.781026712706	1.0	NonTarget	1	168648
658.9060266703384	1.0	NonTarget	1	168680
659.031026627971	1.0	NonTarget	1	168712
659.1560265856035	1.0	NonTarget	1	168744
659.281026543236	1.0	NonTarget	1	168776
659.4060265008685	1.0	NonTarget	1	168808
659.531026458501	1.0	NonTarget	1	168840
659.6560264161335	1.0	NonTarget	1	168872
659.7810263737659	1.0	NonTarget	1	168904
659.9060263313985	1.0	NonTarget	1	168936
660.031026289031	1.0	NonTarget	1	168968
660.1560262466635	1.0	NonTarget	1	169000
660.281026204296	1.0	NonTarget	1	169032
660.4060261619285	1.0	NonTarget	1	169064
660.531026119561	1.0	NonTarget	1	169096
660.6560260771935	1.0	NonTarget	1	169128
660.781026034826	1.0	NonTarget	1	169160
660.9060259924586	1.0	NonTarget	1	169192
661.031025950091	1.0	NonTarget	1	169224
661.1560259077236	1.0	NonTarget	1	169256
661.281025865356	1.0	NonTarget	1	169288
661.4060258229886	1.0	NonTarget	1	169320
661.531025780621	1.0	NonTarget	1	169352
661.6560257382536	1.0	NonTarget	1	169384
661.7810256958861	1.0	NonTarget	1	169416
661.9060256535186	1.0	NonTarget	1	169448
662.0310256111511	1.0	NonTarget	1	169480
662.1560255687835	1.0	NonTarget	1	169512
662.2810255264161	1.0	NonTarget	1	169544
662.4060254840485	1.0	NonTarget	1	169576
662.5310254416811	1.0	NonTarget	1	169608
662.6560253993135	1.0	NonTarget	1	169640
662.7810253569461	1.0	NonTarget	1	169672
662.9060253145786	1.0	NonTarget	1	169704
663.0310252722111	1.0	NonTarget	1	169736
663.1560252298436	1.0	NonTarget	1	169768
663.2810251874761	1.0	NonTarget	1	169800
663.4060251451086	1.0	NonTarget	1	169832
663.5310251027411	1.0	NonTarget	1	169864
663.6560250603736	1.0	NonTarget	1	169896
663.7810250180062	1.0	NonTarget	1	169928
663.9060249756386	1.0	NonTarget	1	169960
664.0310249332712	1.0	NonTarget	1	169992
664.1560248909036	1.0	NonTarget	1	170024
664.2810248485362	1.0	NonTarget	1	170056
664.4060248061686	1.0	NonTarget	1	170088
670.5310227301613	1.0	NonTarget	1	171656
670.6560226877939	1.0	NonTarget	1	171688
670.7810226454263	1.0	NonTarget	1	171720
670.9060226030589	1.0	NonTarget	1	171752
671.0310225606913	1.0	NonTarget	1	171784
671.1560225183239	1.0	NonTarget	1	171816
671.2810224759564	1.0	NonTarget	1	171848
671.4060224335889	1.0	NonTarget	1	171880
671.5310223912214	1.0	NonTarget	1	171912
671.6560223488539	1.0	NonTarget	1	171944
671.7810223064864	1.0	NonTarget	1	171976
671.9060222641189	1.0	NonTarget	1	172008
672.0310222217514	1.0	NonTarget	1	172040
672.156022179384	1.0	NonTarget	1	172072
672.2810221370164	1.0	NonTarget	1	172104
672.406022094649	1.0	NonTarget	1	172136
672.5310220522814	1.0	NonTarget	1	172168
672.656022009914	1.0	NonTarget	1	172200
672.7810219675464	1.0	NonTarget	1	172232
672.906021925179	1.0	NonTarget	1	172264
673.0310218828115	1.0	NonTarget	1	172296
673.1560218404439	1.0	NonTarget	1	172328
673.2810217980765	1.0	NonTarget	1	172360
673.4060217557089	1.0	NonTarget	1	172392
673.5310217133415	1.0	NonTarget	1	172424
673.6560216709739	1.0	NonTarget	1	172456
673.7810216286065	1.0	NonTarget	1	172488
673.906021586239	1.0	NonTarget	1	172520
674.0310215438715	1.0	NonTarget	1	172552
674.156021501504	1.0	NonTarget	1	172584
674.2810214591365	1.0	NonTarget	1	172616
674.406021416769	1.0	NonTarget	1	172648
674.5310213744015	1.0	NonTarget	1	172680
674.656021332034	1.0	NonTarget	1	172712
674.7810212896665	1.0	NonTarget	1	172744
674.906021247299	1.0	NonTarget	1	172776
675.0310212049316	1.0	NonTarget	1	172808
675.156021162564	1.0	NonTarget	1	172840
675.2810211201966	1.0	NonTarget	1	172872
675.406021077829	1.0	NonTarget	1	172904
675.5310210354615	1.0	NonTarget	1	172936
675.656020993094	1.0	NonTarget	1	172968
675.7810209507265	1.0	NonTarget	1	173000
675.9060209083591	1.0	NonTarget	1	173032
676.0310208659915	1.0	NonTarget	1	173064
676.1560208236241	1.0	NonTarget	1	173096
676.2810207812565	1.0	NonTarget	1	173128
676.4060207388891	1.0	NonTarget	1	173160
676.5310206965215	1.0	NonTarget	1	173192
676.6560206541541	1.0	NonTarget	1	173224
676.7810206117866	1.0	NonTarget	1	173256
676.9060205694191	1.0	NonTarget	1	173288
677.0310205270516	1.0	NonTarget	1	173320
677.1560204846841	1.0	NonTarget	1	173352
677.2810204423166	1.0	NonTarget	1	173384
677.406020399949	1.0	NonTarget	1	173416
677.5310203575816	1.0	NonTarget	1	173448
677.6560203152142	1.0	NonTarget	1	173480
677.7810202728466	1.0	NonTarget	1	173512
677.9060202304792	1.0	NonTarget	1	173544
678.0310201881116	1.0	NonTarget	1	173576
678.1560201457442	1.0	NonTarget	1	173608
678.2810201033766	1.0	NonTarget	1	173640
678.4060200610091	1.0	NonTarget	1	173672
678.5310200186416	1.0	NonTarget	1	173704
678.6560199762741	1.0	NonTarget	1	173736
678.7810199339067	1.0	NonTarget	1	173768
678.9060198915391	1.0	NonTarget	1	173800
679.0310198491717	1.0	NonTarget	1	173832
679.1560198068041	1.0	NonTarget	1	173864
679.2810197644367	1.0	NonTarget	1	173896
679.4060197220691	1.0	NonTarget	1	173928
679.5310196797017	1.0	NonTarget	1	173960
679.6560196373342	1.0	NonTarget	1	173992
679.7810195949667	1.0	NonTarget	1	174024
679.9060195525992	1.0	NonTarget	1	174056
680.0310195102317	1.0	NonTarget	1	174088
680.1560194678642	1.0	NonTarget	1	174120
680.2810194254967	1.0	NonTarget	1	174152
680.4060193831292	1.0	NonTarget	1	174184
680.5310193407618	1.0	NonTarget	1	174216
680.6560192983942	1.0	NonTarget	1	174248
680.7810192560268	1.0	NonTarget	1	174280
680.9060192136592	1.0	NonTarget	1	174312
681.0310191712917	1.0	NonTarget	1	174344
681.1560191289242	1.0	NonTarget	1	174376
681.2810190865567	1.0	NonTarget	1	174408
681.4060190441893	1.0	NonTarget	1	174440
681.5310190018217	1.0	NonTarget	1	174472
681.6560189594543	1.0	NonTarget	1	174504
681.7810189170867	1.0	NonTarget	1	174536
681.9060188747193	1.0	NonTarget	1	174568
682.0310188323517	1.0	NonTarget	1	174600
682.1560187899843	1.0	NonTarget	1	174632
682.2810187476168	1.0	NonTarget	1	174664
682.4060187052493	1.0	NonTarget	1	174696
688.531016629242	1.0	NonTarget	1	176264
688.6560165868744	1.0	NonTarget	1	176296
688.781016544507	1.0	NonTarget	1	176328
688.9060165021396	1.0	NonTarget	1	176360
689.031016459772	1.0	NonTarget	1	176392
689.1560164174045	1.0	NonTarget	1	176424
689.281016375037	1.0	NonTarget	1	176456
689.4060163326695	1.0	NonTarget	1	176488
689.531016290302	1.0	NonTarget	1	176520
689.6560162479345	1.0	NonTarget	1	176552
689.7810162055671	1.0	NonTarget	1	176584
689.9060161631995	1.0	NonTarget	1	176616
690.0310161208321	1.0	NonTarget	1	176648
690.1560160784645	1.0	NonTarget	1	176680
690.2810160360971	1.0	NonTarget	1	176712
690.4060159937295	1.0	NonTarget	1	176744
690.5310159513621	1.0	NonTarget	1	176776
690.6560159089945	1.0	NonTarget	1	176808
690.7810158666271	1.0	NonTarget	1	176840
690.9060158242596	1.0	NonTarget	1	176872
691.031015781892	1.0	NonTarget	1	176904
691.1560157395246	1.0	NonTarget	1	176936
691.281015697157	1.0	NonTarget	1	176968
691.4060156547896	1.0	NonTarget	1	177000
691.531015612422	1.0	NonTarget	1	177032
691.6560155700546	1.0	NonTarget	1	177064
691.7810155276871	1.0	NonTarget	1	177096
691.9060154853196	1.0	NonTarget	1	177128
692.0310154429521	1.0	NonTarget	1	177160
692.1560154005846	1.0	NonTarget	1	177192
692.2810153582171	1.0	NonTarget	1	177224
692.4060153158496	1.0	NonTarget	1	177256
692.5310152734821	1.0	NonTarget	1	177288
692.6560152311147	1.0	NonTarget	1	177320
692.7810151887471	1.0	NonTarget	1	177352
692.9060151463797	1.0	NonTarget	1	177384
693.0310151040121	1.0	NonTarget	1	177416
693.1560150616447	1.0	NonTarget	1	177448
693.2810150192771	1.0	NonTarget	1	177480
693.4060149769097	1.0	NonTarget	1	177512
693.5310149345422	1.0	NonTarget	1	177544
693.6560148921747	1.0	NonTarget	1	177576
693.7810148498072	1.0	NonTarget	1	177608
693.9060148074396	1.0	NonTarget	1	177640
694.0310147650722	1.0	NonTarget	1	177672
694.1560147227046	1.0	NonTarget	1	177704
694.2810146803372	1.0	NonTarget	1	177736
694.4060146379696	1.0	NonTarget	1	177768
694.5310145956022	1.0	NonTarget	1	177800
694.6560145532347	1.0	NonTarget	1	177832
694.7810145108672	1.0	NonTarget	1	177864
694.9060144684997	1.0	NonTarget	1	177896
695.0310144261322	1.0	NonTarget	1	177928
695.1560143837647	1.0	NonTarget	1	177960
695.2810143413972	1.0	NonTarget	1	177992
695.4060142990297	1.0	NonTarget	1	178024
695.5310142566623	1.0	NonTarget	1	178056
695.6560142142947	1.0	NonTarget	1	178088
695.7810141719273	1.0	NonTarget	1	178120
695.9060141295597	1.0	NonTarget	1	178152
696.0310140871923	1.0	NonTarget	1	178184
696.1560140448247	1.0	NonTarget	1	178216
696.2810140024573	1.0	NonTarget	1	178248
696.4060139600898	1.0	NonTarget	1	178280
696.5310139177222	1.0	NonTarget	1	178312
696.6560138753548	1.0	NonTarget	1	178344
696.7810138329872	1.0	NonTarget	1	178376
696.9060137906198	1.0	NonTarget	1	178408
697.0310137482522	1.0	NonTarget	1	178440
697.1560137058848	1.0	NonTarget	1	178472
697.2810136635173	1.0	NonTarget	1	178504
697.4060136211498	1.0	NonTarget	1	178536
697.5310135787823	1.0	NonTarget	1	178568
697.6560135364148	1.0	NonTarget	1	178600
697.7810134940473	1.0	NonTarget	1	178632
697.9060134516798	1.0	NonTarget	1	178664
698.0310134093123	1.0	NonTarget	1	178696
698.1560133669449	1.0	NonTarget	1	178728
698.2810133245773	1.0	NonTarget	1	178760
698.4060132822099	1.0	NonTarget	1	178792
698.5310132398423	1.0	NonTarget	1	178824
698.6560131974749	1.0	NonTarget	1	178856
698.7810131551073	1.0	NonTarget	1	178888
698.9060131127399	1.0	NonTarget	1	178920
699.0310130703723	1.0	NonTarget	1	178952
699.1560130280048	1.0	NonTarget	1	178984
699.2810129856374	1.0	NonTarget	1	179016
699.4060129432698	1.0	NonTarget	1	179048
699.5310129009024	1.0	NonTarget	1	179080
699.6560128585348	1.0	NonTarget	1	179112
699.7810128161674	1.0	NonTarget	1	179144
699.9060127737998	1.0	NonTarget	1	179176
700.0310127314324	1.0	NonTarget	1	179208
700.1560126890649	1.0	NonTarget	1	179240
700.2810126466974	1.0	NonTarget	1	179272
700.4060126043299	1.0	NonTarget	1	179304
706.5310105283226	1.0	NonTarget	1	180872
706.6560104859551	1.0	NonTarget	1	180904
706.7810104435877	1.0	NonTarget	1	180936
706.9060104012201	1.0	NonTarget	1	180968
707.0310103588527	1.0	NonTarget	1	181000
707.1560103164851	1.0	NonTarget	1	181032
707.2810102741176	1.0	NonTarget	1	181064
707.4060102317501	1.0	NonTarget	1	181096
707.5310101893826	1.0	NonTarget	1	181128
707.6560101470152	1.0	NonTarget	1	181160
707.7810101046476	1.0	NonTarget	1	181192
707.9060100622802	1.0	NonTarget	1	181224
708.0310100199126	1.0	NonTarget	1	181256
708.1560099775452	1.0	NonTarget	1	181288
708.2810099351776	1.0	NonTarget	1	181320
708.4060098928102	1.0	NonTarget	1	181352
708.5310098504427	1.0	NonTarget	1	181384
708.6560098080752	1.0	NonTarget	1	181416
708.7810097657077	1.0	NonTarget	1	181448
708.9060097233402	1.0	NonTarget	1	181480
709.0310096809727	1.0	NonTarget	1	181512
709.1560096386052	1.0	NonTarget	1	181544
709.2810095962377	1.0	NonTarget	1	181576
709.4060095538703	1.0	NonTarget	1	181608
709.5310095115027	1.0	NonTarget	1	181640
709.6560094691353	1.0	NonTarget	1	181672
709.7810094267677	1.0	NonTarget	1	181704
709.9060093844002	1.0	NonTarget	1	181736
710.0310093420327	1.0	NonTarget	1	181768
710.1560092996652	1.0	NonTarget	1	181800
710.2810092572978	1.0	NonTarget	1	181832
710.4060092149302	1.0	NonTarget	1	181864
710.5310091725628	1.0	NonTarget	1	181896
710.6560091301952	1.0	NonTarget	1	181928
710.7810090878278	1.0	NonTarget	1	181960
710.9060090454602	1.0	NonTarget	1	181992
711.0310090030928	1.0	NonTarget	1	182024
711.1560089607252	1.0	NonTarget	1	182056
711.2810089183578	1.0	NonTarget	1	182088
711.4060088759903	1.0	NonTarget	1	182120
711.5310088336228	1.0	NonTarget	1	182152
711.6560087912553	1.0	NonTarget	1	182184
711.7810087488878	1.0	NonTarget	1	182216
711.9060087065203	1.0	NonTarget	1	182248
712.0310086641528	1.0	NonTarget	1	182280
712.1560086217853	1.0	NonTarget	1	182312
712.2810085794179	1.0	NonTarget	1	182344
712.4060085370503	1.0	NonTarget	1	182376
712.5310084946829	1.0	NonTarget	1	182408
712.6560084523153	1.0	NonTarget	1	182440
712.7810084099478	1.0	NonTarget	1	182472
712.9060083675803	1.0	NonTarget	1	182504
713.0310083252128	1.0	NonTarget	1	182536
713.1560082828454	1.0	NonTarget	1	182568
713.2810082404778	1.0	NonTarget	1	182600
713.4060081981104	1.0	NonTarget	1	182632
713.5310081557428	1.0	NonTarget	1	182664
713.6560081133754	1.0	NonTarget	1	182696
713.7810080710078	1.0	NonTarget	1	182728
713.9060080286404	1.0	NonTarget	1	182760
714.0310079862729	1.0	NonTarget	1	182792
714.1560079439054	1.0	NonTarget	1	182824
714.2810079015379	1.0	NonTarget	1	182856
714.4060078591704	1.0	NonTarget	1	182888
714.5310078168029	1.0	NonTarget	1	182920
714.6560077744354	1.0	NonTarget	1	182952
714.7810077320679	1.0	NonTarget	1	182984
714.9060076897003	1.0	NonTarget	1	183016
715.0310076473329	1.0	NonTarget	1	183048
715.1560076049655	1.0	NonTarget	1	183080
715.2810075625979	1.0	NonTarget	1	183112
715.4060075202304	1.0	NonTarget	1	183144
715.5310074778629	1.0	NonTarget	1	183176
715.6560074354954	1.0	NonTarget	1	183208
715.7810073931279	1.0	NonTarget	1	183240
715.9060073507604	1.0	NonTarget	1	183272
716.031007308393	1.0	NonTarget	1	183304
716.1560072660254	1.0	NonTarget	1	183336
716.281007223658	1.0	NonTarget	1	183368
716.4060071812904	1.0	NonTarget	1	183400
716.531007138923	1.0	NonTarget	1	183432
716.6560070965554	1.0	NonTarget	1	183464
716.781007054188	1.0	NonTarget	1	183496
716.9060070118205	1.0	NonTarget	1	183528
717.031006969453	1.0	NonTarget	1	183560
717.1560069270855	1.0	NonTarget	1	183592
717.281006884718	1.0	NonTarget	1	183624
717.4060068423505	1.0	NonTarget	1	183656
717.531006799983	1.0	NonTarget	1	183688
717.6560067576155	1.0	NonTarget	1	183720
717.781006715248	1.0	NonTarget	1	183752
717.9060066728805	1.0	NonTarget	1	183784
718.031006630513	1.0	NonTarget	1	183816
718.1560065881455	1.0	NonTarget	1	183848
718.281006545778	1.0	NonTarget	1	183880
718.4060065034105	1.0	NonTarget	1	183912
724.5310044274032	1.0	NonTarget	1	185480
724.6560043850358	1.0	NonTarget	1	185512
724.7810043426682	1.0	NonTarget	1	185544
724.9060043003008	1.0	NonTarget	1	185576
725.0310042579332	1.0	NonTarget	1	185608
725.1560042155658	1.0	NonTarget	1	185640
725.2810041731983	1.0	NonTarget	1	185672
725.4060041308308	1.0	NonTarget	1	185704
725.5310040884633	1.0	NonTarget	1	185736
725.6560040460957	1.0	NonTarget	1	185768
725.7810040037283	1.0	NonTarget	1	185800
725.9060039613607	1.0	NonTarget	1	185832
726.0310039189933	1.0	NonTarget	1	185864
726.1560038766258	1.0	NonTarget	1	185896
726.2810038342583	1.0	NonTarget	1	185928
726.4060037918908	1.0	NonTarget	1	185960
726.5310037495233	1.0	NonTarget	1	185992
726.6560037071558	1.0	NonTarget	1	186024
726.7810036647883	1.0	NonTarget	1	186056
726.9060036224208	1.0	NonTarget	1	186088
727.0310035800533	1.0	NonTarget	1	186120
727.1560035376858	1.0	NonTarget	1	186152
727.2810034953184	1.0	NonTarget	1	186184
727.4060034529508	1.0	NonTarget	1	186216
727.5310034105834	1.0	NonTarget	1	186248
727.6560033682158	1.0	NonTarget	1	186280
727.7810033258484	1.0	NonTarget	1	186312
727.9060032834808	1.0	NonTarget	1	186344
728.0310032411134	1.0	NonTarget	1	186376
728.1560031987459	1.0	NonTarget	1	186408
728.2810031563783	1.0	NonTarget	1	186440
728.4060031140109	1.0	NonTarget	1	186472
728.5310030716433	1.0	NonTarget	1	186504
728.6560030292759	1.0	NonTarget	1	186536
728.7810029869083	1.0	NonTarget	1	186568
728.9060029445409	1.0	NonTarget	1	186600
729.0310029021734	1.0	NonTarget	1	186632
729.1560028598059	1.0	NonTarget	1	186664
729.2810028174384	1.0	NonTarget	1	186696
729.4060027750709	1.0	NonTarget	1	186728
729.5310027327034	1.0	NonTarget	1	186760
729.6560026903359	1.0	NonTarget	1	186792
729.7810026479684	1.0	NonTarget	1	186824
729.906002605601	1.0	NonTarget	1	186856
730.0310025632334	1.0	NonTarget	1	186888
730.156002520866	1.0	NonTarget	1	186920
730.2810024784984	1.0	NonTarget	1	186952
730.406002436131	1.0	NonTarget	1	186984
730.5310023937634	1.0	NonTarget	1	187016
730.656002351396	1.0	NonTarget	1	187048
730.7810023090284	1.0	NonTarget	1	187080
730.906002266661	1.0	NonTarget	1	187112
731.0310022242935	1.0	NonTarget	1	187144
731.1560021819259	1.0	NonTarget	1	187176
731.2810021395585	1.0	NonTarget	1	187208
731.4060020971909	1.0	NonTarget	1	187240
731.5310020548235	1.0	NonTarget	1	187272
731.6560020124559	1.0	NonTarget	1	187304
731.7810019700885	1.0	NonTarget	1	187336
731.906001927721	1.0	NonTarget	1	187368
732.0310018853535	1.0	NonTarget	1	187400
732.156001842986	1.0	NonTarget	1	187432
732.2810018006185	1.0	NonTarget	1	187464
732.406001758251	1.0	NonTarget	1	187496
732.5310017158835	1.0	NonTarget	1	187528
732.656001673516	1.0	NonTarget	1	187560
732.7810016311486	1.0	NonTarget	1	187592
732.906001588781	1.0	NonTarget	1	187624
733.0310015464136	1.0	NonTarget	1	187656
733.156001504046	1.0	NonTarget	1	187688
733.2810014616786	1.0	NonTarget	1	187720
733.406001419311	1.0	NonTarget	1	187752
733.5310013769435	1.0	NonTarget	1	187784
733.6560013345761	1.0	NonTarget	1	187816
733.7810012922085	1.0	NonTarget	1	187848
733.9060012498411	1.0	NonTarget	1	187880
734.0310012074735	1.0	NonTarget	1	187912
734.1560011651061	1.0	NonTarget	1	187944
734.2810011227385	1.0	NonTarget	1	187976
734.4060010803711	1.0	NonTarget	1	188008
734.5310010380036	1.0	NonTarget	1	188040
734.6560009956361	1.0	NonTarget	1	188072
734.7810009532686	1.0	NonTarget	1	188104
734.9060009109011	1.0	NonTarget	1	188136
735.0310008685336	1.0	NonTarget	1	188168
735.1560008261661	1.0	NonTarget	1	188200
735.2810007837986	1.0	NonTarget	1	188232
735.4060007414311	1.0	NonTarget	1	188264
735.5310006990636	1.0	NonTarget	1	188296
735.6560006566962	1.0	NonTarget	1	188328
735.7810006143286	1.0	NonTarget	1	188360
735.9060005719612	1.0	NonTarget	1	188392
736.0310005295936	1.0	NonTarget	1	188424
736.1560004872262	1.0	NonTarget	1	188456
736.2810004448586	1.0	NonTarget	1	188488
736.4060004024911	1.0	NonTarget	1	188520
742.5309983264839	1.0	NonTarget	1	190088
742.6559982841163	1.0	NonTarget	1	190120
742.7809982417489	1.0	NonTarget	1	190152
742.9059981993813	1.0	NonTarget	1	190184
743.0309981570139	1.0	NonTarget	1	190216
743.1559981146464	1.0	NonTarget	1	190248
743.2809980722789	1.0	NonTarget	1	190280
743.4059980299114	1.0	NonTarget	1	190312
743.5309979875439	1.0	NonTarget	1	190344
743.6559979451764	1.0	NonTarget	1	190376
743.7809979028088	1.0	NonTarget	1	190408
743.9059978604414	1.0	NonTarget	1	190440
744.030997818074	1.0	NonTarget	1	190472
744.1559977757064	1.0	NonTarget	1	190504
744.280997733339	1.0	NonTarget	1	190536
744.4059976909714	1.0	NonTarget	1	190568
744.530997648604	1.0	NonTarget	1	190600
744.6559976062364	1.0	NonTarget	1	190632
744.7809975638689	1.0	NonTarget	1	190664
744.9059975215015	1.0	NonTarget	1	190696
745.0309974791339	1.0	NonTarget	1	190728
745.1559974367665	1.0	NonTarget	1	190760
745.2809973943989	1.0	NonTarget	1	190792
745.4059973520315	1.0	NonTarget	1	190824
745.5309973096639	1.0	NonTarget	1	190856
745.6559972672965	1.0	NonTarget	1	190888
745.780997224929	1.0	NonTarget	1	190920
745.9059971825615	1.0	NonTarget	1	190952
746.030997140194	1.0	NonTarget	1	190984
746.1559970978265	1.0	NonTarget	1	191016
746.280997055459	1.0	NonTarget	1	191048
746.4059970130915	1.0	NonTarget	1	191080
746.530996970724	1.0	NonTarget	1	191112
746.6559969283564	1.0	NonTarget	1	191144
746.780996885989	1.0	NonTarget	1	191176
746.9059968436216	1.0	NonTarget	1	191208
747.030996801254	1.0	NonTarget	1	191240
747.1559967588865	1.0	NonTarget	1	191272
747.280996716519	1.0	NonTarget	1	191304
747.4059966741515	1.0	NonTarget	1	191336
747.530996631784	1.0	NonTarget	1	191368
747.6559965894165	1.0	NonTarget	1	191400
747.7809965470491	1.0	NonTarget	1	191432
747.9059965046815	1.0	NonTarget	1	191464
748.0309964623141	1.0	NonTarget	1	191496
748.1559964199465	1.0	NonTarget	1	191528
748.2809963775791	1.0	NonTarget	1	191560
748.4059963352115	1.0	NonTarget	1	191592
748.5309962928441	1.0	NonTarget	1	191624
748.6559962504766	1.0	NonTarget	1	191656
748.7809962081091	1.0	NonTarget	1	191688
748.9059961657416	1.0	NonTarget	1	191720
749.030996123374	1.0	NonTarget	1	191752
749.1559960810066	1.0	NonTarget	1	191784
749.280996038639	1.0	NonTarget	1	191816
749.4059959962716	1.0	NonTarget	1	191848
749.5309959539042	1.0	NonTarget	1	191880
749.6559959115366	1.0	NonTarget	1	191912
749.7809958691691	1.0	NonTarget	1	191944
749.9059958268016	1.0	NonTarget	1	191976
750.0309957844341	1.0	NonTarget	1	192008
750.1559957420666	1.0	NonTarget	1	192040
750.2809956996991	1.0	NonTarget	1	192072
750.4059956573317	1.0	NonTarget	1	192104
750.5309956149641	1.0	NonTarget	1	192136
750.6559955725967	1.0	NonTarget	1	192168
750.7809955302291	1.0	NonTarget	1	192200
750.9059954878617	1.0	NonTarget	1	192232
751.0309954454941	1.0	NonTarget	1	192264
751.1559954031267	1.0	NonTarget	1	192296
751.2809953607591	1.0	NonTarget	1	192328
751.4059953183917	1.0	NonTarget	1	192360
751.5309952760242	1.0	NonTarget	1	192392
751.6559952336567	1.0	NonTarget	1	192424
751.7809951912892	1.0	NonTarget	1	192456
751.9059951489216	1.0	NonTarget	1	192488
752.0309951065542	1.0	NonTarget	1	192520
752.1559950641866	1.0	NonTarget	1	192552
752.2809950218192	1.0	NonTarget	1	192584
752.4059949794517	1.0	NonTarget	1	192616
752.5309949370842	1.0	NonTarget	1	192648
752.6559948947167	1.0	NonTarget	1	192680
752.7809948523492	1.0	NonTarget	1	192712
752.9059948099817	1.0	NonTarget	1	192744
753.0309947676142	1.0	NonTarget	1	192776
753.1559947252467	1.0	NonTarget	1	192808
753.2809946828793	1.0	NonTarget	1	192840
753.4059946405117	1.0	NonTarget	1	192872
753.5309945981443	1.0	NonTarget	1	192904
753.6559945557767	1.0	NonTarget	1	192936
753.7809945134093	1.0	NonTarget	1	192968
753.9059944710417	1.0	NonTarget	1	193000
754.0309944286743	1.0	NonTarget	1	193032
754.1559943863068	1.0	NonTarget	1	193064
754.2809943439393	1.0	NonTarget	1	193096
754.4059943015718	1.0	NonTarget	1	193128
760.5309922255644	1.0	NonTarget	1	194696
760.655992183197	1.0	NonTarget	1	194728
760.7809921408295	1.0	NonTarget	1	194760
760.905992098462	1.0	NonTarget	1	194792
761.0309920560945	1.0	NonTarget	1	194824
761.155992013727	1.0	NonTarget	1	194856
761.2809919713595	1.0	NonTarget	1	194888
761.405991928992	1.0	NonTarget	1	194920
761.5309918866245	1.0	NonTarget	1	194952
761.6559918442571	1.0	NonTarget	1	194984
761.7809918018895	1.0	NonTarget	1	195016
761.9059917595221	1.0	NonTarget	1	195048
762.0309917171545	1.0	NonTarget	1	195080
762.1559916747871	1.0	NonTarget	1	195112
762.2809916324195	1.0	NonTarget	1	195144
762.405991590052	1.0	NonTarget	1	195176
762.5309915476846	1.0	NonTarget	1	195208
762.655991505317	1.0	NonTarget	1	195240
762.7809914629496	1.0	NonTarget	1	195272
762.905991420582	1.0	NonTarget	1	195304
763.0309913782146	1.0	NonTarget	1	195336
763.155991335847	1.0	NonTarget	1	195368
763.2809912934796	1.0	NonTarget	1	195400
763.405991251112	1.0	NonTarget	1	195432
763.5309912087446	1.0	NonTarget	1	195464
763.6559911663771	1.0	NonTarget	1	195496
763.7809911240096	1.0	NonTarget	1	195528
763.9059910816421	1.0	NonTarget	1	195560
764.0309910392746	1.0	NonTarget	1	195592
764.1559909969071	1.0	NonTarget	1	195624
764.2809909545396	1.0	NonTarget	1	195656
764.4059909121721	1.0	NonTarget	1	195688
764.5309908698047	1.0	NonTarget	1	195720
764.6559908274371	1.0	NonTarget	1	195752
764.7809907850697	1.0	NonTarget	1	195784
764.9059907427021	1.0	NonTarget	1	195816
765.0309907003347	1.0	NonTarget	1	195848
765.1559906579671	1.0	NonTarget	1	195880
765.2809906155996	1.0	NonTarget	1	195912
765.4059905732322	1.0	NonTarget	1	195944
765.5309905308646	1.0	NonTarget	1	195976
765.6559904884972	1.0	NonTarget	1	196008
765.7809904461296	1.0	NonTarget	1	196040
765.9059904037622	1.0	NonTarget	1	196072
766.0309903613946	1.0	NonTarget	1	196104
766.1559903190272	1.0	NonTarget	1	196136
766.2809902766597	1.0	NonTarget	1	196168
766.4059902342922	1.0	NonTarget	1	196200
766.5309901919247	1.0	NonTarget	1	196232
766.6559901495572	1.0	NonTarget	1	196264
766.7809901071897	1.0	NonTarget	1	196296
766.9059900648222	1.0	NonTarget	1	196328
767.0309900224547	1.0	NonTarget	1	196360
767.1559899800872	1.0	NonTarget	1	196392
767.2809899377197	1.0	NonTarget	1	196424
767.4059898953523	1.0	NonTarget	1	196456
767.5309898529847	1.0	NonTarget	1	196488
767.6559898106173	1.0	NonTarget	1	196520
767.7809897682497	1.0	NonTarget	1	196552
767.9059897258823	1.0	NonTarget	1	196584
768.0309896835147	1.0	NonTarget	1	196616
768.1559896411472	1.0	NonTarget	1	196648
768.2809895987798	1.0	NonTarget	1	196680
768.4059895564122	1.0	NonTarget	1	196712
768.5309895140448	1.0	NonTarget	1	196744
768.6559894716772	1.0	NonTarget	1	196776
768.7809894293098	1.0	NonTarget	1	196808
768.9059893869422	1.0	NonTarget	1	196840
769.0309893445748	1.0	NonTarget	1	196872
769.1559893022073	1.0	NonTarget	1	196904
769.2809892598398	1.0	NonTarget	1	196936
769.4059892174723	1.0	NonTarget	1	196968
769.5309891751048	1.0	NonTarget	1	197000
769.6559891327373	1.0	NonTarget	1	197032
769.7809890903698	1.0	NonTarget	1	197064
769.9059890480023	1.0	NonTarget	1	197096
770.0309890056349	1.0	NonTarget	1	197128
770.1559889632673	1.0	NonTarget	1	197160
770.2809889208999	1.0	NonTarget	1	197192
770.4059888785323	1.0	NonTarget	1	197224
770.5309888361649	1.0	NonTarget	1	197256
770.6559887937973	1.0	NonTarget	1	197288
770.7809887514298	1.0	NonTarget	1	197320
770.9059887090623	1.0	NonTarget	1	197352
771.0309886666948	1.0	NonTarget	1	197384
771.1559886243274	1.0	NonTarget	1	197416
771.2809885819598	1.0	NonTarget	1	197448
771.4059885395924	1.0	NonTarget	1	197480
771.5309884972248	1.0	NonTarget	1	197512
771.6559884548574	1.0	NonTarget	1	197544
771.7809884124898	1.0	NonTarget	1	197576
771.9059883701224	1.0	NonTarget	1	197608
772.0309883277549	1.0	NonTarget	1	197640
772.1559882853874	1.0	NonTarget	1	197672
772.2809882430199	1.0	NonTarget	1	197704
772.4059882006524	1.0	NonTarget	1	197736
778.5309861246451	1.0	NonTarget	1	199304
778.6559860822776	1.0	NonTarget	1	199336
778.7809860399101	1.0	NonTarget	1	199368
778.9059859975426	1.0	NonTarget	1	199400
779.0309859551751	1.0	NonTarget	1	199432
779.1559859128076	1.0	NonTarget	1	199464
779.2809858704401	1.0	NonTarget	1	199496
779.4059858280726	1.0	NonTarget	1	199528
779.5309857857052	1.0	NonTarget	1	199560
779.6559857433376	1.0	NonTarget	1	199592
779.7809857009702	1.0	NonTarget	1	199624
779.9059856586026	1.0	NonTarget	1	199656
780.0309856162352	1.0	NonTarget	1	199688
780.1559855738676	1.0	NonTarget	1	199720
780.2809855315002	1.0	NonTarget	1	199752
780.4059854891327	1.0	NonTarget	1	199784
780.5309854467652	1.0	NonTarget	1	199816
780.6559854043977	1.0	NonTarget	1	199848
780.7809853620302	1.0	NonTarget	1	199880
780.9059853196627	1.0	NonTarget	1	199912
781.0309852772951	1.0	NonTarget	1	199944
781.1559852349277	1.0	NonTarget	1	199976
781.2809851925603	1.0	NonTarget	1	200008
781.4059851501927	1.0	NonTarget	1	200040
781.5309851078252	1.0	NonTarget	1	200072
781.6559850654577	1.0	NonTarget	1	200104
781.7809850230902	1.0	NonTarget	1	200136
781.9059849807227	1.0	NonTarget	1	200168
782.0309849383552	1.0	NonTarget	1	200200
782.1559848959878	1.0	NonTarget	1	200232
782.2809848536202	1.0	NonTarget	1	200264
782.4059848112528	1.0	NonTarget	1	200296
782.5309847688852	1.0	NonTarget	1	200328
782.6559847265178	1.0	NonTarget	1	200360
782.7809846841502	1.0	NonTarget	1	200392
782.9059846417828	1.0	NonTarget	1	200424
783.0309845994152	1.0	NonTarget	1	200456
783.1559845570478	1.0	NonTarget	1	200488
783.2809845146803	1.0	NonTarget	1	200520
783.4059844723128	1.0	NonTarget	1	200552
783.5309844299453	1.0	NonTarget	1	200584
783.6559843875777	1.0	NonTarget	1	200616
783.7809843452103	1.0	NonTarget	1	200648
783.9059843028427	1.0	NonTarget	1	200680
784.0309842604753	1.0	NonTarget	1	200712
784.1559842181078	1.0	NonTarget	1	200744
784.2809841757403	1.0	NonTarget	1	200776
784.4059841333728	1.0	NonTarget	1	200808
784.5309840910053	1.0	NonTarget	1	200840
784.6559840486378	1.0	NonTarget	1	200872
784.7809840062703	1.0	NonTarget	1	200904
784.9059839639028	1.0	NonTarget	1	200936
785.0309839215354	1.0	NonTarget	1	200968
785.1559838791678	1.0	NonTarget	1	201000
785.2809838368004	1.0	NonTarget	1	201032
785.4059837944328	1.0	NonTarget	1	201064
785.5309837520654	1.0	NonTarget	1	201096
785.6559837096978	1.0	NonTarget	1	201128
785.7809836673304	1.0	NonTarget	1	201160
785.9059836249629	1.0	NonTarget	1	201192
786.0309835825954	1.0	NonTarget	1	201224
786.1559835402279	1.0	NonTarget	1	201256
786.2809834978603	1.0	NonTarget	1	201288
786.4059834554929	1.0	NonTarget	1	201320
786.5309834131253	1.0	NonTarget	1	201352
786.6559833707579	1.0	NonTarget	1	201384
786.7809833283904	1.0	NonTarget	1	201416
786.9059832860229	1.0	NonTarget	1	201448
787.0309832436554	1.0	NonTarget	1	201480
787.1559832012879	1.0	NonTarget	1	201512
787.2809831589204	1.0	NonTarget	1	201544
787.4059831165529	1.0	NonTarget	1	201576
787.5309830741854	1.0	NonTarget	1	201608
787.6559830318179	1.0	NonTarget	1	201640
787.7809829894504	1.0	NonTarget	1	201672
787.905982947083	1.0	NonTarget	1	201704
788.0309829047154	1.0	NonTarget	1	201736
788.155982862348	1.0	NonTarget	1	201768
788.2809828199804	1.0	NonTarget	1	201800
788.405982777613	1.0	NonTarget	1	201832
788.5309827352454	1.0	NonTarget	1	201864
788.655982692878	1.0	NonTarget	1	201896
788.7809826505105	1.0	NonTarget	1	201928
788.905982608143	1.0	NonTarget	1	201960
789.0309825657755	1.0	NonTarget	1	201992
789.1559825234079	1.0	NonTarget	1	202024
789.2809824810405	1.0	NonTarget	1	202056
789.4059824386729	1.0	NonTarget	1	202088
789.5309823963055	1.0	NonTarget	1	202120
789.655982353938	1.0	NonTarget	1	202152
789.7809823115705	1.0	NonTarget	1	202184
789.905982269203	1.0	NonTarget	1	202216
790.0309822268355	1.0	NonTarget	1	202248
790.155982184468	1.0	NonTarget	1	202280
790.2809821421005	1.0	NonTarget	1	202312
790.405982099733	1.0	NonTarget	1	202344
796.5309800237258	1.0	NonTarget	1	203912
796.6559799813582	1.0	NonTarget	1	203944
796.7809799389908	1.0	NonTarget	1	203976
796.9059798966232	1.0	NonTarget	1	204008
797.0309798542557	1.0	NonTarget	1	204040
797.1559798118883	1.0	NonTarget	1	204072
797.2809797695207	1.0	NonTarget	1	204104
797.4059797271533	1.0	NonTarget	1	204136
797.5309796847857	1.0	NonTarget	1	204168
797.6559796424183	1.0	NonTarget	1	204200
797.7809796000507	1.0	NonTarget	1	204232
797.9059795576833	1.0	NonTarget	1	204264
798.0309795153158	1.0	NonTarget	1	204296
798.1559794729483	1.0	NonTarget	1	204328
798.2809794305808	1.0	NonTarget	1	204360
798.4059793882133	1.0	NonTarget	1	204392
798.5309793458458	1.0	NonTarget	1	204424
798.6559793034783	1.0	NonTarget	1	204456
798.7809792611108	1.0	NonTarget	1	204488
798.9059792187433	1.0	NonTarget	1	204520
799.0309791763758	1.0	NonTarget	1	204552
799.1559791340084	1.0	NonTarget	1	204584
799.2809790916408	1.0	NonTarget	1	204616
799.4059790492734	1.0	NonTarget	1	204648
799.5309790069058	1.0	NonTarget	1	204680
799.6559789645383	1.0	NonTarget	1	204712
799.7809789221708	1.0	NonTarget	1	204744
799.9059788798033	1.0	NonTarget	1	204776
800.0309788374359	1.0	NonTarget	1	204808
800.1559787950683	1.0	NonTarget	1	204840
800.2809787527009	1.0	NonTarget	1	204872
800.4059787103333	1.0	NonTarget	1	204904
800.5309786679659	1.0	NonTarget	1	204936
800.6559786255983	1.0	NonTarget	1	204968
800.7809785832309	1.0	NonTarget	1	205000
800.9059785408634	1.0	NonTarget	1	205032
801.0309784984959	1.0	NonTarget	1	205064
801.1559784561284	1.0	NonTarget	1	205096
801.2809784137609	1.0	NonTarget	1	205128
801.4059783713934	1.0	NonTarget	1	205160
801.5309783290259	1.0	NonTarget	1	205192
801.6559782866584	1.0	NonTarget	1	205224
801.780978244291	1.0	NonTarget	1	205256
801.9059782019234	1.0	NonTarget	1	205288
802.030978159556	1.0	NonTarget	1	205320
802.1559781171884	1.0	NonTarget	1	205352
802.280978074821	1.0	NonTarget	1	205384
802.4059780324534	1.0	NonTarget	1	205416
802.530977990086	1.0	NonTarget	1	205448
802.6559779477185	1.0	NonTarget	1	205480
802.7809779053509	1.0	NonTarget	1	205512
802.9059778629835	1.0	NonTarget	1	205544
803.0309778206159	1.0	NonTarget	1	205576
803.1559777782485	1.0	NonTarget	1	205608
803.2809777358809	1.0	NonTarget	1	205640
803.4059776935135	1.0	NonTarget	1	205672
803.5309776511459	1.0	NonTarget	1	205704
803.6559776087785	1.0	NonTarget	1	205736
803.780977566411	1.0	NonTarget	1	205768
803.9059775240435	1.0	NonTarget	1	205800
804.030977481676	1.0	NonTarget	1	205832
804.1559774393085	1.0	NonTarget	1	205864
804.280977396941	1.0	NonTarget	1	205896
804.4059773545735	1.0	NonTarget	1	205928
804.530977312206	1.0	NonTarget	1	205960
804.6559772698386	1.0	NonTarget	1	205992
804.780977227471	1.0	NonTarget	1	206024
804.9059771851036	1.0	NonTarget	1	206056
805.030977142736	1.0	NonTarget	1	206088
805.1559771003685	1.0	NonTarget	1	206120
805.280977058001	1.0	NonTarget	1	206152
805.4059770156335	1.0	NonTarget	1	206184
805.5309769732661	1.0	NonTarget	1	206216
805.6559769308985	1.0	NonTarget	1	206248
805.7809768885311	1.0	NonTarget	1	206280
805.9059768461635	1.0	NonTarget	1	206312
806.0309768037961	1.0	NonTarget	1	206344
806.1559767614285	1.0	NonTarget	1	206376
806.2809767190611	1.0	NonTarget	1	206408
806.4059766766936	1.0	NonTarget	1	206440
806.5309766343261	1.0	NonTarget	1	206472
806.6559765919586	1.0	NonTarget	1	206504
806.7809765495911	1.0	NonTarget	1	206536
806.9059765072236	1.0	NonTarget	1	206568
807.030976464856	1.0	NonTarget	1	206600
807.1559764224886	1.0	NonTarget	1	206632
807.280976380121	1.0	NonTarget	1	206664
807.4059763377536	1.0	NonTarget	1	206696
807.5309762953862	1.0	NonTarget	1	206728
807.6559762530186	1.0	NonTarget	1	206760
807.7809762106511	1.0	NonTarget	1	206792
807.9059761682836	1.0	NonTarget	1	206824
808.0309761259161	1.0	NonTarget	1	206856
808.1559760835486	1.0	NonTarget	1	206888
808.2809760411811	1.0	NonTarget	1	206920
808.4059759988137	1.0	NonTarget	1	206952
814.5309739228063	1.0	NonTarget	1	208520
814.6559738804389	1.0	NonTarget	1	208552
814.7809738380714	1.0	NonTarget	1	208584
814.9059737957039	1.0	NonTarget	1	208616
815.0309737533364	1.0	NonTarget	1	208648
815.1559737109689	1.0	NonTarget	1	208680
815.2809736686014	1.0	NonTarget	1	208712
815.4059736262338	1.0	NonTarget	1	208744
815.5309735838664	1.0	NonTarget	1	208776
815.6559735414988	1.0	NonTarget	1	208808
815.7809734991314	1.0	NonTarget	1	208840
815.905973456764	1.0	NonTarget	1	208872
816.0309734143964	1.0	NonTarget	1	208904
816.1559733720289	1.0	NonTarget	1	208936
816.2809733296614	1.0	NonTarget	1	208968
816.4059732872939	1.0	NonTarget	1	209000
816.5309732449264	1.0	NonTarget	1	209032
816.6559732025589	1.0	NonTarget	1	209064
816.7809731601915	1.0	NonTarget	1	209096
816.9059731178239	1.0	NonTarget	1	209128
817.0309730754565	1.0	NonTarget	1	209160
817.1559730330889	1.0	NonTarget	1	209192
817.2809729907215	1.0	NonTarget	1	209224
817.4059729483539	1.0	NonTarget	1	209256
817.5309729059865	1.0	NonTarget	1	209288
817.655972863619	1.0	NonTarget	1	209320
817.7809728212515	1.0	NonTarget	1	209352
817.905972778884	1.0	NonTarget	1	209384
818.0309727365164	1.0	NonTarget	1	209416
818.155972694149	1.0	NonTarget	1	209448
818.2809726517814	1.0	NonTarget	1	209480
818.405972609414	1.0	NonTarget	1	209512
818.5309725670465	1.0	NonTarget	1	209544
818.655972524679	1.0	NonTarget	1	209576
818.7809724823115	1.0	NonTarget	1	209608
818.905972439944	1.0	NonTarget	1	209640
819.0309723975765	1.0	NonTarget	1	209672
819.155972355209	1.0	NonTarget	1	209704
819.2809723128415	1.0	NonTarget	1	209736
819.405972270474	1.0	NonTarget	1	209768
819.5309722281065	1.0	NonTarget	1	209800
819.6559721857391	1.0	NonTarget	1	209832
819.7809721433715	1.0	NonTarget	1	209864
819.9059721010041	1.0	NonTarget	1	209896
820.0309720586365	1.0	NonTarget	1	209928
820.1559720162691	1.0	NonTarget	1	209960
820.2809719739015	1.0	NonTarget	1	209992
820.405971931534	1.0	NonTarget	1	210024
820.5309718891666	1.0	NonTarget	1	210056
820.655971846799	1.0	NonTarget	1	210088
820.7809718044316	1.0	NonTarget	1	210120
820.905971762064	1.0	NonTarget	1	210152
821.0309717196966	1.0	NonTarget	1	210184
821.155971677329	1.0	NonTarget	1	210216
821.2809716349616	1.0	NonTarget	1	210248
821.4059715925941	1.0	NonTarget	1	210280
821.5309715502266	1.0	NonTarget	1	210312
821.6559715078591	1.0	NonTarget	1	210344
821.7809714654916	1.0	NonTarget	1	210376
821.9059714231241	1.0	NonTarget	1	210408
822.0309713807566	1.0	NonTarget	1	210440
822.1559713383891	1.0	NonTarget	1	210472
822.2809712960217	1.0	NonTarget	1	210504
822.4059712536541	1.0	NonTarget	1	210536
822.5309712112867	1.0	NonTarget	1	210568
822.6559711689191	1.0	NonTarget	1	210600
822.7809711265517	1.0	NonTarget	1	210632
822.9059710841841	1.0	NonTarget	1	210664
823.0309710418167	1.0	NonTarget	1	210696
823.1559709994491	1.0	NonTarget	1	210728
823.2809709570816	1.0	NonTarget	1	210760
823.4059709147142	1.0	NonTarget	1	210792
823.5309708723466	1.0	NonTarget	1	210824
823.6559708299792	1.0	NonTarget	1	210856
823.7809707876116	1.0	NonTarget	1	210888
823.9059707452442	1.0	NonTarget	1	210920
824.0309707028766	1.0	NonTarget	1	210952
824.1559706605092	1.0	NonTarget	1	210984
824.2809706181417	1.0	NonTarget	1	211016
824.4059705757742	1.0	NonTarget	1	211048
824.5309705334067	1.0	NonTarget	1	211080
824.6559704910392	1.0	NonTarget	1	211112
824.7809704486717	1.0	NonTarget	1	211144
824.9059704063042	1.0	NonTarget	1	211176
825.0309703639367	1.0	NonTarget	1	211208
825.1559703215693	1.0	NonTarget	1	211240
825.2809702792017	1.0	NonTarget	1	211272
825.4059702368343	1.0	NonTarget	1	211304
825.5309701944667	1.0	NonTarget	1	211336
825.6559701520993	1.0	NonTarget	1	211368
825.7809701097317	1.0	NonTarget	1	211400
825.9059700673643	1.0	NonTarget	1	211432
826.0309700249968	1.0	NonTarget	1	211464
826.1559699826292	1.0	NonTarget	1	211496
826.2809699402618	1.0	NonTarget	1	211528
826.4059698978942	1.0	NonTarget	1	211560
832.530967821887	1.0	NonTarget	1	213128
832.6559677795195	1.0	NonTarget	1	213160
832.780967737152	1.0	NonTarget	1	213192
832.9059676947845	1.0	NonTarget	1	213224
833.030967652417	1.0	NonTarget	1	213256
833.1559676100495	1.0	NonTarget	1	213288
833.280967567682	1.0	NonTarget	1	213320
833.4059675253145	1.0	NonTarget	1	213352
833.5309674829471	1.0	NonTarget	1	213384
833.6559674405795	1.0	NonTarget	1	213416
833.780967398212	1.0	NonTarget	1	213448
833.9059673558445	1.0	NonTarget	1	213480
834.030967313477	1.0	NonTarget	1	213512
834.1559672711095	1.0	NonTarget	1	213544
834.280967228742	1.0	NonTarget	1	213576
834.4059671863746	1.0	NonTarget	1	213608
834.530967144007	1.0	NonTarget	1	213640
834.6559671016396	1.0	NonTarget	1	213672
834.780967059272	1.0	NonTarget	1	213704
834.9059670169046	1.0	NonTarget	1	213736
835.030966974537	1.0	NonTarget	1	213768
835.1559669321696	1.0	NonTarget	1	213800
835.280966889802	1.0	NonTarget	1	213832
835.4059668474346	1.0	NonTarget	1	213864
835.5309668050671	1.0	NonTarget	1	213896
835.6559667626996	1.0	NonTarget	1	213928
835.7809667203321	1.0	NonTarget	1	213960
835.9059666779646	1.0	NonTarget	1	213992
836.0309666355971	1.0	NonTarget	1	214024
836.1559665932296	1.0	NonTarget	1	214056
836.2809665508621	1.0	NonTarget	1	214088
836.4059665084947	1.0	NonTarget	1	214120
836.5309664661271	1.0	NonTarget	1	214152
836.6559664237597	1.0	NonTarget	1	214184
836.7809663813921	1.0	NonTarget	1	214216
836.9059663390246	1.0	NonTarget	1	214248
837.0309662966571	1.0	NonTarget	1	214280
837.1559662542896	1.0	NonTarget	1	214312
837.2809662119222	1.0	NonTarget	1	214344
837.4059661695546	1.0	NonTarget	1	214376
837.5309661271872	1.0	NonTarget	1	214408
837.6559660848196	1.0	NonTarget	1	214440
837.7809660424522	1.0	NonTarget	1	214472
837.9059660000846	1.0	NonTarget	1	214504
838.0309659577172	1.0	NonTarget	1	214536
838.1559659153497	1.0	NonTarget	1	214568
838.2809658729822	1.0	NonTarget	1	214600
838.4059658306147	1.0	NonTarget	1	214632
838.5309657882472	1.0	NonTarget	1	214664
838.6559657458797	1.0	NonTarget	1	214696
838.7809657035122	1.0	NonTarget	1	214728
838.9059656611447	1.0	NonTarget	1	214760
839.0309656187773	1.0	NonTarget	1	214792
839.1559655764097	1.0	NonTarget	1	214824
839.2809655340423	1.0	NonTarget	1	214856
839.4059654916747	1.0	NonTarget	1	214888
839.5309654493072	1.0	NonTarget	1	214920
839.6559654069397	1.0	NonTarget	1	214952
839.7809653645722	1.0	NonTarget	1	214984
839.9059653222047	1.0	NonTarget	1	215016
840.0309652798372	1.0	NonTarget	1	215048
840.1559652374698	1.0	NonTarget	1	215080
840.2809651951022	1.0	NonTarget	1	215112
840.4059651527348	1.0	NonTarget	1	215144
840.5309651103672	1.0	NonTarget	1	215176
840.6559650679998	1.0	NonTarget	1	215208
840.7809650256322	1.0	NonTarget	1	215240
840.9059649832648	1.0	NonTarget	1	215272
841.0309649408973	1.0	NonTarget	1	215304
841.1559648985298	1.0	NonTarget	1	215336
841.2809648561623	1.0	NonTarget	1	215368
841.4059648137948	1.0	NonTarget	1	215400
841.5309647714273	1.0	NonTarget	1	215432
841.6559647290597	1.0	NonTarget	1	215464
841.7809646866923	1.0	NonTarget	1	215496
841.9059646443249	1.0	NonTarget	1	215528
842.0309646019573	1.0	NonTarget	1	215560
842.1559645595898	1.0	NonTarget	1	215592
842.2809645172223	1.0	NonTarget	1	215624
842.4059644748548	1.0	NonTarget	1	215656
842.5309644324873	1.0	NonTarget	1	215688
842.6559643901198	1.0	NonTarget	1	215720
842.7809643477524	1.0	NonTarget	1	215752
842.9059643053848	1.0	NonTarget	1	215784
843.0309642630174	1.0	NonTarget	1	215816
843.1559642206498	1.0	NonTarget	1	215848
843.2809641782824	1.0	NonTarget	1	215880
843.4059641359148	1.0	NonTarget	1	215912
843.5309640935474	1.0	NonTarget	1	215944
843.6559640511798	1.0	NonTarget	1	215976
843.7809640088124	1.0	NonTarget	1	216008
843.9059639664449	1.0	NonTarget	1	216040
844.0309639240774	1.0	NonTarget	1	216072
844.1559638817099	1.0	NonTarget	1	216104
844.2809638393423	1.0	NonTarget	1	216136
844.4059637969749	1.0	NonTarget	1	216168
850.5309617209676	1.0	NonTarget	1	217736
850.6559616786001	1.0	NonTarget	1	217768
850.7809616362326	1.0	NonTarget	1	217800
850.9059615938651	1.0	NonTarget	1	217832
851.0309615514976	1.0	NonTarget	1	217864
851.1559615091302	1.0	NonTarget	1	217896
851.2809614667626	1.0	NonTarget	1	217928
851.4059614243952	1.0	NonTarget	1	217960
851.5309613820276	1.0	NonTarget	1	217992
851.6559613396602	1.0	NonTarget	1	218024
851.7809612972926	1.0	NonTarget	1	218056
851.9059612549252	1.0	NonTarget	1	218088
852.0309612125576	1.0	NonTarget	1	218120
852.1559611701902	1.0	NonTarget	1	218152
852.2809611278227	1.0	NonTarget	1	218184
852.4059610854551	1.0	NonTarget	1	218216
852.5309610430877	1.0	NonTarget	1	218248
852.6559610007201	1.0	NonTarget	1	218280
852.7809609583527	1.0	NonTarget	1	218312
852.9059609159851	1.0	NonTarget	1	218344
853.0309608736177	1.0	NonTarget	1	218376
853.1559608312502	1.0	NonTarget	1	218408
853.2809607888827	1.0	NonTarget	1	218440
853.4059607465152	1.0	NonTarget	1	218472
853.5309607041477	1.0	NonTarget	1	218504
853.6559606617802	1.0	NonTarget	1	218536
853.7809606194127	1.0	NonTarget	1	218568
853.9059605770452	1.0	NonTarget	1	218600
854.0309605346778	1.0	NonTarget	1	218632
854.1559604923102	1.0	NonTarget	1	218664
854.2809604499428	1.0	NonTarget	1	218696
854.4059604075752	1.0	NonTarget	1	218728
854.5309603652078	1.0	NonTarget	1	218760
854.6559603228402	1.0	NonTarget	1	218792
854.7809602804728	1.0	NonTarget	1	218824
854.9059602381053	1.0	NonTarget	1	218856
855.0309601957377	1.0	NonTarget	1	218888
855.1559601533703	1.0	NonTarget	1	218920
855.2809601110027	1.0	NonTarget	1	218952
855.4059600686353	1.0	NonTarget	1	218984
855.5309600262677	1.0	NonTarget	1	219016
855.6559599839003	1.0	NonTarget	1	219048
855.7809599415327	1.0	NonTarget	1	219080
855.9059598991653	1.0	NonTarget	1	219112
856.0309598567978	1.0	NonTarget	1	219144
856.1559598144303	1.0	NonTarget	1	219176
856.2809597720628	1.0	NonTarget	1	219208
856.4059597296953	1.0	NonTarget	1	219240
856.5309596873278	1.0	NonTarget	1	219272
856.6559596449603	1.0	NonTarget	1	219304
856.7809596025928	1.0	NonTarget	1	219336
856.9059595602254	1.0	NonTarget	1	219368
857.0309595178578	1.0	NonTarget	1	219400
857.1559594754904	1.0	NonTarget	1	219432
857.2809594331228	1.0	NonTarget	1	219464
857.4059593907554	1.0	NonTarget	1	219496
857.5309593483878	1.0	NonTarget	1	219528
857.6559593060203	1.0	NonTarget	1	219560
857.7809592636529	1.0	NonTarget	1	219592
857.9059592212853	1.0	NonTarget	1	219624
858.0309591789179	1.0	NonTarget	1	219656
858.1559591365503	1.0	NonTarget	1	219688
858.2809590941829	1.0	NonTarget	1	219720
858.4059590518153	1.0	NonTarget	1	219752
858.5309590094479	1.0	NonTarget	1	219784
858.6559589670804	1.0	NonTarget	1	219816
858.7809589247129	1.0	NonTarget	1	219848
858.9059588823454	1.0	NonTarget	1	219880
859.0309588399779	1.0	NonTarget	1	219912
859.1559587976104	1.0	NonTarget	1	219944
859.2809587552429	1.0	NonTarget	1	219976
859.4059587128754	1.0	NonTarget	1	220008
859.5309586705079	1.0	NonTarget	1	220040
859.6559586281404	1.0	NonTarget	1	220072
859.780958585773	1.0	NonTarget	1	220104
859.9059585434054	1.0	NonTarget	1	220136
860.030958501038	1.0	NonTarget	1	220168
860.1559584586704	1.0	NonTarget	1	220200
860.280958416303	1.0	NonTarget	1	220232
860.4059583739354	1.0	NonTarget	1	220264
860.530958331568	1.0	NonTarget	1	220296
860.6559582892005	1.0	NonTarget	1	220328
860.7809582468329	1.0	NonTarget	1	220360
860.9059582044655	1.0	NonTarget	1	220392
861.0309581620979	1.0	NonTarget	1	220424
861.1559581197305	1.0	NonTarget	1	220456
861.2809580773629	1.0	NonTarget	1	220488
861.4059580349955	1.0	NonTarget	1	220520
861.530957992628	1.0	NonTarget	1	220552
861.6559579502605	1.0	NonTarget	1	220584
861.780957907893	1.0	NonTarget	1	220616
861.9059578655255	1.0	NonTarget	1	220648
862.030957823158	1.0	NonTarget	1	220680
862.1559577807905	1.0	NonTarget	1	220712
862.280957738423	1.0	NonTarget	1	220744
862.4059576960556	1.0	NonTarget	1	220776
868.5309556200482	1.0	NonTarget	1	222344
868.6559555776807	1.0	NonTarget	1	222376
868.7809555353132	1.0	NonTarget	1	222408
868.9059554929457	1.0	NonTarget	1	222440
869.0309554505783	1.0	NonTarget	1	222472
869.1559554082107	1.0	NonTarget	1	222504
869.2809553658433	1.0	NonTarget	1	222536
869.4059553234757	1.0	NonTarget	1	222568
869.5309552811083	1.0	NonTarget	1	222600
869.6559552387407	1.0	NonTarget	1	222632
869.7809551963733	1.0	NonTarget	1	222664
869.9059551540058	1.0	NonTarget	1	222696
870.0309551116383	1.0	NonTarget	1	222728
870.1559550692708	1.0	NonTarget	1	222760
870.2809550269033	1.0	NonTarget	1	222792
870.4059549845358	1.0	NonTarget	1	222824
870.5309549421683	1.0	NonTarget	1	222856
870.6559548998008	1.0	NonTarget	1	222888
870.7809548574334	1.0	NonTarget	1	222920
870.9059548150658	1.0	NonTarget	1	222952
871.0309547726984	1.0	NonTarget	1	222984
871.1559547303308	1.0	NonTarget	1	223016
871.2809546879633	1.0	NonTarget	1	223048
871.4059546455958	1.0	NonTarget	1	223080
871.5309546032283	1.0	NonTarget	1	223112
871.6559545608608	1.0	NonTarget	1	223144
871.7809545184933	1.0	NonTarget	1	223176
871.9059544761259	1.0	NonTarget	1	223208
872.0309544337583	1.0	NonTarget	1	223240
872.1559543913909	1.0	NonTarget	1	223272
872.2809543490233	1.0	NonTarget	1	223304
872.4059543066559	1.0	NonTarget	1	223336
872.5309542642883	1.0	NonTarget	1	223368
872.6559542219209	1.0	NonTarget	1	223400
872.7809541795534	1.0	NonTarget	1	223432
872.9059541371859	1.0	NonTarget	1	223464
873.0309540948184	1.0	NonTarget	1	223496
873.1559540524509	1.0	NonTarget	1	223528
873.2809540100834	1.0	NonTarget	1	223560
873.4059539677158	1.0	NonTarget	1	223592
873.5309539253484	1.0	NonTarget	1	223624
873.655953882981	1.0	NonTarget	1	223656
873.7809538406134	1.0	NonTarget	1	223688
873.905953798246	1.0	NonTarget	1	223720
874.0309537558784	1.0	NonTarget	1	223752
874.1559537135109	1.0	NonTarget	1	223784
874.2809536711434	1.0	NonTarget	1	223816
874.4059536287759	1.0	NonTarget	1	223848
874.5309535864085	1.0	NonTarget	1	223880
874.6559535440409	1.0	NonTarget	1	223912
874.7809535016735	1.0	NonTarget	1	223944
874.9059534593059	1.0	NonTarget	1	223976
875.0309534169385	1.0	NonTarget	1	224008
875.1559533745709	1.0	NonTarget	1	224040
875.2809533322035	1.0	NonTarget	1	224072
875.4059532898359	1.0	NonTarget	1	224104
875.5309532474685	1.0	NonTarget	1	224136
875.655953205101	1.0	NonTarget	1	224168
875.7809531627335	1.0	NonTarget	1	224200
875.905953120366	1.0	NonTarget	1	224232
876.0309530779984	1.0	NonTarget	1	224264
876.155953035631	1.0	NonTarget	1	224296
876.2809529932634	1.0	NonTarget	1	224328
876.405952950896	1.0	NonTarget	1	224360
876.5309529085285	1.0	NonTarget	1	224392
876.655952866161	1.0	NonTarget	1	224424
876.7809528237935	1.0	NonTarget	1	224456
876.905952781426	1.0	NonTarget	1	224488
877.0309527390585	1.0	NonTarget	1	224520
877.155952696691	1.0	NonTarget	1	224552
877.2809526543235	1.0	NonTarget	1	224584
877.4059526119561	1.0	NonTarget	1	224616
877.5309525695885	1.0	NonTarget	1	224648
877.6559525272211	1.0	NonTarget	1	224680
877.7809524848535	1.0	NonTarget	1	224712
877.9059524424861	1.0	NonTarget	1	224744
878.0309524001185	1.0	NonTarget	1	224776
878.1559523577511	1.0	NonTarget	1	224808
878.2809523153836	1.0	NonTarget	1	224840
878.405952273016	1.0	NonTarget	1	224872
878.5309522306486	1.0	NonTarget	1	224904
878.655952188281	1.0	NonTarget	1	224936
878.7809521459136	1.0	NonTarget	1	224968
878.905952103546	1.0	NonTarget	1	225000
879.0309520611786	1.0	NonTarget	1	225032
879.1559520188111	1.0	NonTarget	1	225064
879.2809519764436	1.0	NonTarget	1	225096
879.4059519340761	1.0	NonTarget	1	225128
879.5309518917086	1.0	NonTarget	1	225160
879.6559518493411	1.0	NonTarget	1	225192
879.7809518069736	1.0	NonTarget	1	225224
879.9059517646061	1.0	NonTarget	1	225256
880.0309517222386	1.0	NonTarget	1	225288
880.1559516798711	1.0	NonTarget	1	225320
880.2809516375037	1.0	NonTarget	1	225352
880.4059515951361	1.0	NonTarget	1	225384
886.5309495191289	1.0	NonTarget	1	226952
886.6559494767614	1.0	NonTarget	1	226984
886.7809494343938	1.0	NonTarget	1	227016
886.9059493920264	1.0	NonTarget	1	227048
887.0309493496588	1.0	NonTarget	1	227080
887.1559493072914	1.0	NonTarget	1	227112
887.2809492649238	1.0	NonTarget	1	227144
887.4059492225564	1.0	NonTarget	1	227176
887.5309491801888	1.0	NonTarget	1	227208
887.6559491378214	1.0	NonTarget	1	227240
887.7809490954539	1.0	NonTarget	1	227272
887.9059490530864	1.0	NonTarget	1	227304
888.0309490107189	1.0	NonTarget	1	227336
888.1559489683514	1.0	NonTarget	1	227368
888.2809489259839	1.0	NonTarget	1	227400
888.4059488836164	1.0	NonTarget	1	227432
888.5309488412489	1.0	NonTarget	1	227464
888.6559487988815	1.0	NonTarget	1	227496
888.7809487565139	1.0	NonTarget	1	227528
888.9059487141465	1.0	NonTarget	1	227560
889.0309486717789	1.0	NonTarget	1	227592
889.1559486294115	1.0	NonTarget	1	227624
889.2809485870439	1.0	NonTarget	1	227656
889.4059485446764	1.0	NonTarget	1	227688
889.530948502309	1.0	NonTarget	1	227720
889.6559484599414	1.0	NonTarget	1	227752
889.780948417574	1.0	NonTarget	1	227784
889.9059483752064	1.0	NonTarget	1	227816
890.030948332839	1.0	NonTarget	1	227848
890.1559482904714	1.0	NonTarget	1	227880
890.280948248104	1.0	NonTarget	1	227912
890.4059482057365	1.0	NonTarget	1	227944
890.530948163369	1.0	NonTarget	1	227976
890.6559481210015	1.0	NonTarget	1	228008
890.780948078634	1.0	NonTarget	1	228040
890.9059480362665	1.0	NonTarget	1	228072
891.030947993899	1.0	NonTarget	1	228104
891.1559479515315	1.0	NonTarget	1	228136
891.2809479091641	1.0	NonTarget	1	228168
891.4059478667965	1.0	NonTarget	1	228200
891.5309478244291	1.0	NonTarget	1	228232
891.6559477820615	1.0	NonTarget	1	228264
891.780947739694	1.0	NonTarget	1	228296
891.9059476973265	1.0	NonTarget	1	228328
892.030947654959	1.0	NonTarget	1	228360
892.1559476125915	1.0	NonTarget	1	228392
892.280947570224	1.0	NonTarget	1	228424
892.4059475278566	1.0	NonTarget	1	228456
892.530947485489	1.0	NonTarget	1	228488
892.6559474431216	1.0	NonTarget	1	228520
892.780947400754	1.0	NonTarget	1	228552
892.9059473583866	1.0	NonTarget	1	228584
893.030947316019	1.0	NonTarget	1	228616
893.1559472736516	1.0	NonTarget	1	228648
893.2809472312841	1.0	NonTarget	1	228680
893.4059471889166	1.0	NonTarget	1	228712
893.5309471465491	1.0	NonTarget	1	228744
893.6559471041816	1.0	NonTarget	1	228776
893.7809470618141	1.0	NonTarget	1	228808
893.9059470194466	1.0	NonTarget	1	228840
894.0309469770791	1.0	NonTarget	1	228872
894.1559469347117	1.0	NonTarget	1	228904
894.2809468923441	1.0	NonTarget	1	228936
894.4059468499767	1.0	NonTarget	1	228968
894.5309468076091	1.0	NonTarget	1	229000
894.6559467652417	1.0	NonTarget	1	229032
894.7809467228741	1.0	NonTarget	1	229064
894.9059466805066	1.0	NonTarget	1	229096
895.0309466381392	1.0	NonTarget	1	229128
895.1559465957716	1.0	NonTarget	1	229160
895.2809465534042	1.0	NonTarget	1	229192
895.4059465110366	1.0	NonTarget	1	229224
895.5309464686692	1.0	NonTarget	1	229256
895.6559464263016	1.0	NonTarget	1	229288
895.7809463839342	1.0	NonTarget	1	229320
895.9059463415666	1.0	NonTarget	1	229352
896.0309462991992	1.0	NonTarget	1	229384
896.1559462568317	1.0	NonTarget	1	229416
896.2809462144642	1.0	NonTarget	1	229448
896.4059461720967	1.0	NonTarget	1	229480
896.5309461297292	1.0	NonTarget	1	229512
896.6559460873617	1.0	NonTarget	1	229544
896.7809460449942	1.0	NonTarget	1	229576
896.9059460026267	1.0	NonTarget	1	229608
897.0309459602593	1.0	NonTarget	1	229640
897.1559459178917	1.0	NonTarget	1	229672
897.2809458755243	1.0	NonTarget	1	229704
897.4059458331567	1.0	NonTarget	1	229736
897.5309457907892	1.0	NonTarget	1	229768
897.6559457484217	1.0	NonTarget	1	229800
897.7809457060542	1.0	NonTarget	1	229832
897.9059456636868	1.0	NonTarget	1	229864
898.0309456213192	1.0	NonTarget	1	229896
898.1559455789518	1.0	NonTarget	1	229928
898.2809455365842	1.0	NonTarget	1	229960
898.4059454942168	1.0	NonTarget	1	229992
904.5309434182095	1.0	NonTarget	1	231560
904.655943375842	1.0	NonTarget	1	231592
904.7809433334745	1.0	NonTarget	1	231624
904.905943291107	1.0	NonTarget	1	231656
905.0309432487395	1.0	NonTarget	1	231688
905.155943206372	1.0	NonTarget	1	231720
905.2809431640045	1.0	NonTarget	1	231752
905.405943121637	1.0	NonTarget	1	231784
905.5309430792695	1.0	NonTarget	1	231816
905.655943036902	1.0	NonTarget	1	231848
905.7809429945345	1.0	NonTarget	1	231880
905.905942952167	1.0	NonTarget	1	231912
906.0309429097995	1.0	NonTarget	1	231944
906.155942867432	1.0	NonTarget	1	231976
906.2809428250646	1.0	NonTarget	1	232008
906.405942782697	1.0	NonTarget	1	232040
906.5309427403296	1.0	NonTarget	1	232072
906.655942697962	1.0	NonTarget	1	232104
906.7809426555946	1.0	NonTarget	1	232136
906.905942613227	1.0	NonTarget	1	232168
907.0309425708596	1.0	NonTarget	1	232200
907.1559425284921	1.0	NonTarget	1	232232
907.2809424861246	1.0	NonTarget	1	232264
907.4059424437571	1.0	NonTarget	1	232296
907.5309424013896	1.0	NonTarget	1	232328
907.6559423590221	1.0	NonTarget	1	232360
907.7809423166545	1.0	NonTarget	1	232392
907.9059422742871	1.0	NonTarget	1	232424
908.0309422319195	1.0	NonTarget	1	232456
908.1559421895521	1.0	NonTarget	1	232488
908.2809421471846	1.0	NonTarget	1	232520
908.4059421048171	1.0	NonTarget	1	232552
908.5309420624496	1.0	NonTarget	1	232584
908.6559420200821	1.0	NonTarget	1	232616
908.7809419777146	1.0	NonTarget	1	232648
908.9059419353471	1.0	NonTarget	1	232680
909.0309418929796	1.0	NonTarget	1	232712
909.1559418506122	1.0	NonTarget	1	232744
909.2809418082446	1.0	NonTarget	1	232776
909.4059417658772	1.0	NonTarget	1	232808
909.5309417235096	1.0	NonTarget	1	232840
909.6559416811422	1.0	NonTarget	1	232872
909.7809416387746	1.0	NonTarget	1	232904
909.9059415964072	1.0	NonTarget	1	232936
910.0309415540397	1.0	NonTarget	1	232968
910.1559415116722	1.0	NonTarget	1	233000
910.2809414693047	1.0	NonTarget	1	233032
910.4059414269371	1.0	NonTarget	1	233064
910.5309413845697	1.0	NonTarget	1	233096
910.6559413422021	1.0	NonTarget	1	233128
910.7809412998347	1.0	NonTarget	1	233160
910.9059412574672	1.0	NonTarget	1	233192
911.0309412150997	1.0	NonTarget	1	233224
911.1559411727322	1.0	NonTarget	1	233256
911.2809411303647	1.0	NonTarget	1	233288
911.4059410879972	1.0	NonTarget	1	233320
911.5309410456297	1.0	NonTarget	1	233352
911.6559410032622	1.0	NonTarget	1	233384
911.7809409608947	1.0	NonTarget	1	233416
911.9059409185272	1.0	NonTarget	1	233448
912.0309408761598	1.0	NonTarget	1	233480
912.1559408337922	1.0	NonTarget	1	233512
912.2809407914248	1.0	NonTarget	1	233544
912.4059407490572	1.0	NonTarget	1	233576
912.5309407066898	1.0	NonTarget	1	233608
912.6559406643222	1.0	NonTarget	1	233640
912.7809406219548	1.0	NonTarget	1	233672
912.9059405795873	1.0	NonTarget	1	233704
913.0309405372197	1.0	NonTarget	1	233736
913.1559404948523	1.0	NonTarget	1	233768
913.2809404524847	1.0	NonTarget	1	233800
913.4059404101173	1.0	NonTarget	1	233832
913.5309403677497	1.0	NonTarget	1	233864
913.6559403253823	1.0	NonTarget	1	233896
913.7809402830148	1.0	NonTarget	1	233928
913.9059402406473	1.0	NonTarget	1	233960
914.0309401982798	1.0	NonTarget	1	233992
914.1559401559123	1.0	NonTarget	1	234024
914.2809401135448	1.0	NonTarget	1	234056
914.4059400711773	1.0	NonTarget	1	234088
914.5309400288098	1.0	NonTarget	1	234120
914.6559399864424	1.0	NonTarget	1	234152
914.7809399440748	1.0	NonTarget	1	234184
914.9059399017074	1.0	NonTarget	1	234216
915.0309398593398	1.0	NonTarget	1	234248
915.1559398169724	1.0	NonTarget	1	234280
915.2809397746048	1.0	NonTarget	1	234312
915.4059397322374	1.0	NonTarget	1	234344
915.5309396898698	1.0	NonTarget	1	234376
915.6559396475024	1.0	NonTarget	1	234408
915.7809396051349	1.0	NonTarget	1	234440
915.9059395627673	1.0	NonTarget	1	234472
916.0309395203999	1.0	NonTarget	1	234504
916.1559394780323	1.0	NonTarget	1	234536
916.2809394356649	1.0	NonTarget	1	234568
916.4059393932973	1.0	NonTarget	1	234600
922.5309373172901	1.0	NonTarget	1	236168
922.6559372749226	1.0	NonTarget	1	236200
922.7809372325551	1.0	NonTarget	1	236232
922.9059371901876	1.0	NonTarget	1	236264
923.0309371478202	1.0	NonTarget	1	236296
923.1559371054526	1.0	NonTarget	1	236328
923.2809370630852	1.0	NonTarget	1	236360
923.4059370207176	1.0	NonTarget	1	236392
923.5309369783502	1.0	NonTarget	1	236424
923.6559369359826	1.0	NonTarget	1	236456
923.7809368936151	1.0	NonTarget	1	236488
923.9059368512476	1.0	NonTarget	1	236520
924.0309368088801	1.0	NonTarget	1	236552
924.1559367665127	1.0	NonTarget	1	236584
924.2809367241451	1.0	NonTarget	1	236616
924.4059366817777	1.0	NonTarget	1	236648
924.5309366394101	1.0	NonTarget	1	236680
924.6559365970427	1.0	NonTarget	1	236712
924.7809365546751	1.0	NonTarget	1	236744
924.9059365123077	1.0	NonTarget	1	236776
925.0309364699402	1.0	NonTarget	1	236808
925.1559364275727	1.0	NonTarget	1	236840
925.2809363852052	1.0	NonTarget	1	236872
925.4059363428377	1.0	NonTarget	1	236904
925.5309363004702	1.0	NonTarget	1	236936
925.6559362581027	1.0	NonTarget	1	236968
925.7809362157352	1.0	NonTarget	1	237000
925.9059361733678	1.0	NonTarget	1	237032
926.0309361310002	1.0	NonTarget	1	237064
926.1559360886328	1.0	NonTarget	1	237096
926.2809360462652	1.0	NonTarget	1	237128
926.4059360038978	1.0	NonTarget	1	237160
926.5309359615302	1.0	NonTarget	1	237192
926.6559359191627	1.0	NonTarget	1	237224
926.7809358767953	1.0	NonTarget	1	237256
926.9059358344277	1.0	NonTarget	1	237288
927.0309357920603	1.0	NonTarget	1	237320
927.1559357496927	1.0	NonTarget	1	237352
927.2809357073253	1.0	NonTarget	1	237384
927.4059356649577	1.0	NonTarget	1	237416
927.5309356225903	1.0	NonTarget	1	237448
927.6559355802227	1.0	NonTarget	1	237480
927.7809355378553	1.0	NonTarget	1	237512
927.9059354954878	1.0	NonTarget	1	237544
928.0309354531203	1.0	NonTarget	1	237576
928.1559354107528	1.0	NonTarget	1	237608
928.2809353683853	1.0	NonTarget	1	237640
928.4059353260178	1.0	NonTarget	1	237672
928.5309352836503	1.0	NonTarget	1	237704
928.6559352412828	1.0	NonTarget	1	237736
928.7809351989154	1.0	NonTarget	1	237768
928.9059351565478	1.0	NonTarget	1	237800
929.0309351141804	1.0	NonTarget	1	237832
929.1559350718128	1.0	NonTarget	1	237864
929.2809350294453	1.0	NonTarget	1	237896
929.4059349870778	1.0	NonTarget	1	237928
929.5309349447103	1.0	NonTarget	1	237960
929.6559349023429	1.0	NonTarget	1	237992
929.7809348599753	1.0	NonTarget	1	238024
929.9059348176079	1.0	NonTarget	1	238056
930.0309347752403	1.0	NonTarget	1	238088
930.1559347328729	1.0	NonTarget	1	238120
930.2809346905053	1.0	NonTarget	1	238152
930.4059346481379	1.0	NonTarget	1	238184
930.5309346057704	1.0	NonTarget	1	238216
930.6559345634029	1.0	NonTarget	1	238248
930.7809345210354	1.0	NonTarget	1	238280
930.9059344786679	1.0	NonTarget	1	238312
931.0309344363004	1.0	NonTarget	1	238344
931.1559343939329	1.0	NonTarget	1	238376
931.2809343515654	1.0	NonTarget	1	238408
931.405934309198	1.0	NonTarget	1	238440
931.5309342668304	1.0	NonTarget	1	238472
931.655934224463	1.0	NonTarget	1	238504
931.7809341820954	1.0	NonTarget	1	238536
931.905934139728	1.0	NonTarget	1	238568
932.0309340973604	1.0	NonTarget	1	238600
932.1559340549929	1.0	NonTarget	1	238632
932.2809340126254	1.0	NonTarget	1	238664
932.4059339702579	1.0	NonTarget	1	238696
932.5309339278905	1.0	NonTarget	1	238728
932.6559338855229	1.0	NonTarget	1	238760
932.7809338431555	1.0	NonTarget	1	238792
932.9059338007879	1.0	NonTarget	1	238824
933.0309337584205	1.0	NonTarget	1	238856
933.1559337160529	1.0	NonTarget	1	238888
933.2809336736855	1.0	NonTarget	1	238920
933.405933631318	1.0	NonTarget	1	238952
933.5309335889505	1.0	NonTarget	1	238984
933.655933546583	1.0	NonTarget	1	239016
933.7809335042155	1.0	NonTarget	1	239048
933.905933461848	1.0	NonTarget	1	239080
934.0309334194804	1.0	NonTarget	1	239112
934.155933377113	1.0	NonTarget	1	239144
934.2809333347456	1.0	NonTarget	1	239176
934.405933292378	1.0	NonTarget	1	239208
940.5309312163707	1.0	NonTarget	1	240776
940.6559311740032	1.0	NonTarget	1	240808
940.7809311316357	1.0	NonTarget	1	240840
940.9059310892683	1.0	NonTarget	1	240872
941.0309310469007	1.0	NonTarget	1	240904
941.1559310045333	1.0	NonTarget	1	240936
941.2809309621657	1.0	NonTarget	1	240968
941.4059309197983	1.0	NonTarget	1	241000
941.5309308774307	1.0	NonTarget	1	241032
941.6559308350633	1.0	NonTarget	1	241064
941.7809307926958	1.0	NonTarget	1	241096
941.9059307503283	1.0	NonTarget	1	241128
942.0309307079608	1.0	NonTarget	1	241160
942.1559306655932	1.0	NonTarget	1	241192
942.2809306232258	1.0	NonTarget	1	241224
942.4059305808582	1.0	NonTarget	1	241256
942.5309305384908	1.0	NonTarget	1	241288
942.6559304961233	1.0	NonTarget	1	241320
942.7809304537558	1.0	NonTarget	1	241352
942.9059304113883	1.0	NonTarget	1	241384
943.0309303690208	1.0	NonTarget	1	241416
943.1559303266533	1.0	NonTarget	1	241448
943.2809302842858	1.0	NonTarget	1	241480
943.4059302419183	1.0	NonTarget	1	241512
943.5309301995509	1.0	NonTarget	1	241544
943.6559301571833	1.0	NonTarget	1	241576
943.7809301148159	1.0	NonTarget	1	241608
943.9059300724483	1.0	NonTarget	1	241640
944.0309300300809	1.0	NonTarget	1	241672
944.1559299877133	1.0	NonTarget	1	241704
944.2809299453459	1.0	NonTarget	1	241736
944.4059299029783	1.0	NonTarget	1	241768
944.5309298606109	1.0	NonTarget	1	241800
944.6559298182434	1.0	NonTarget	1	241832
944.7809297758758	1.0	NonTarget	1	241864
944.9059297335084	1.0	NonTarget	1	241896
945.0309296911408	1.0	NonTarget	1	241928
945.1559296487734	1.0	NonTarget	1	241960
945.2809296064058	1.0	NonTarget	1	241992
945.4059295640384	1.0	NonTarget	1	242024
945.5309295216709	1.0	NonTarget	1	242056
945.6559294793034	1.0	NonTarget	1	242088
945.7809294369359	1.0	NonTarget	1	242120
945.9059293945684	1.0	NonTarget	1	242152
946.0309293522009	1.0	NonTarget	1	242184
946.1559293098334	1.0	NonTarget	1	242216
946.2809292674659	1.0	NonTarget	1	242248
946.4059292250985	1.0	NonTarget	1	242280
946.5309291827309	1.0	NonTarget	1	242312
946.6559291403635	1.0	NonTarget	1	242344
946.7809290979959	1.0	NonTarget	1	242376
946.9059290556285	1.0	NonTarget	1	242408
947.0309290132609	1.0	NonTarget	1	242440
947.1559289708935	1.0	NonTarget	1	242472
947.280928928526	1.0	NonTarget	1	242504
947.4059288861584	1.0	NonTarget	1	242536
947.530928843791	1.0	NonTarget	1	242568
947.6559288014234	1.0	NonTarget	1	242600
947.780928759056	1.0	NonTarget	1	242632
947.9059287166884	1.0	NonTarget	1	242664
948.030928674321	1.0	NonTarget	1	242696
948.1559286319534	1.0	NonTarget	1	242728
948.280928589586	1.0	NonTarget	1	242760
948.4059285472185	1.0	NonTarget	1	242792
948.530928504851	1.0	NonTarget	1	242824
948.6559284624835	1.0	NonTarget	1	242856
948.780928420116	1.0	NonTarget	1	242888
948.9059283777485	1.0	NonTarget	1	242920
949.030928335381	1.0	NonTarget	1	242952
949.1559282930135	1.0	NonTarget	1	242984
949.2809282506461	1.0	NonTarget	1	243016
949.4059282082785	1.0	NonTarget	1	243048
949.5309281659111	1.0	NonTarget	1	243080
949.6559281235435	1.0	NonTarget	1	243112
949.7809280811761	1.0	NonTarget	1	243144
949.9059280388085	1.0	NonTarget	1	243176
950.030927996441	1.0	NonTarget	1	243208
950.1559279540736	1.0	NonTarget	1	243240
950.280927911706	1.0	NonTarget	1	243272
950.4059278693386	1.0	NonTarget	1	243304
950.530927826971	1.0	NonTarget	1	243336
950.6559277846036	1.0	NonTarget	1	243368
950.780927742236	1.0	NonTarget	1	243400
950.9059276998686	1.0	NonTarget	1	243432
951.0309276575011	1.0	NonTarget	1	243464
951.1559276151336	1.0	NonTarget	1	243496
951.2809275727661	1.0	NonTarget	1	243528
951.4059275303986	1.0	NonTarget	1	243560
951.5309274880311	1.0	NonTarget	1	243592
951.6559274456636	1.0	NonTarget	1	243624
951.7809274032961	1.0	NonTarget	1	243656
951.9059273609286	1.0	NonTarget	1	243688
952.0309273185611	1.0	NonTarget	1	243720
952.1559272761937	1.0	NonTarget	1	243752
952.2809272338261	1.0	NonTarget	1	243784
952.4059271914587	1.0	NonTarget	1	243816
958.5309251154514	1.0	NonTarget	1	245384
958.6559250730838	1.0	NonTarget	1	245416
958.7809250307164	1.0	NonTarget	1	245448
958.9059249883488	1.0	NonTarget	1	245480
959.0309249459814	1.0	NonTarget	1	245512
959.1559249036138	1.0	NonTarget	1	245544
959.2809248612464	1.0	NonTarget	1	245576
959.4059248188789	1.0	NonTarget	1	245608
959.5309247765114	1.0	NonTarget	1	245640
959.6559247341439	1.0	NonTarget	1	245672
959.7809246917764	1.0	NonTarget	1	245704
959.9059246494089	1.0	NonTarget	1	245736
960.0309246070414	1.0	NonTarget	1	245768
960.1559245646739	1.0	NonTarget	1	245800
960.2809245223063	1.0	NonTarget	1	245832
960.4059244799389	1.0	NonTarget	1	245864
960.5309244375715	1.0	NonTarget	1	245896
960.6559243952039	1.0	NonTarget	1	245928
960.7809243528365	1.0	NonTarget	1	245960
960.9059243104689	1.0	NonTarget	1	245992
961.0309242681014	1.0	NonTarget	1	246024
961.1559242257339	1.0	NonTarget	1	246056
961.2809241833664	1.0	NonTarget	1	246088
961.405924140999	1.0	NonTarget	1	246120
961.5309240986314	1.0	NonTarget	1	246152
961.655924056264	1.0	NonTarget	1	246184
961.7809240138964	1.0	NonTarget	1	246216
961.905923971529	1.0	NonTarget	1	246248
962.0309239291614	1.0	NonTarget	1	246280
962.155923886794	1.0	NonTarget	1	246312
962.2809238444265	1.0	NonTarget	1	246344
962.405923802059	1.0	NonTarget	1	246376
962.5309237596915	1.0	NonTarget	1	246408
962.655923717324	1.0	NonTarget	1	246440
962.7809236749565	1.0	NonTarget	1	246472
962.905923632589	1.0	NonTarget	1	246504
963.0309235902215	1.0	NonTarget	1	246536
963.1559235478541	1.0	NonTarget	1	246568
963.2809235054865	1.0	NonTarget	1	246600
963.405923463119	1.0	NonTarget	1	246632
963.5309234207515	1.0	NonTarget	1	246664
963.655923378384	1.0	NonTarget	1	246696
963.7809233360165	1.0	NonTarget	1	246728
963.905923293649	1.0	NonTarget	1	246760
964.0309232512815	1.0	NonTarget	1	246792
964.155923208914	1.0	NonTarget	1	246824
964.2809231665466	1.0	NonTarget	1	246856
964.405923124179	1.0	NonTarget	1	246888
964.5309230818116	1.0	NonTarget	1	246920
964.655923039444	1.0	NonTarget	1	246952
964.7809229970766	1.0	NonTarget	1	246984
964.905922954709	1.0	NonTarget	1	247016
965.0309229123416	1.0	NonTarget	1	247048
965.1559228699741	1.0	NonTarget	1	247080
965.2809228276066	1.0	NonTarget	1	247112
965.4059227852391	1.0	NonTarget	1	247144
965.5309227428716	1.0	NonTarget	1	247176
965.6559227005041	1.0	NonTarget	1	247208
965.7809226581365	1.0	NonTarget	1	247240
965.9059226157691	1.0	NonTarget	1	247272
966.0309225734017	1.0	NonTarget	1	247304
966.1559225310341	1.0	NonTarget	1	247336
966.2809224886666	1.0	NonTarget	1	247368
966.4059224462991	1.0	NonTarget	1	247400
966.5309224039316	1.0	NonTarget	1	247432
966.6559223615641	1.0	NonTarget	1	247464
966.7809223191966	1.0	NonTarget	1	247496
966.9059222768292	1.0	NonTarget	1	247528
967.0309222344616	1.0	NonTarget	1	247560
967.1559221920942	1.0	NonTarget	1	247592
967.2809221497266	1.0	NonTarget	1	247624
967.4059221073592	1.0	NonTarget	1	247656
967.5309220649916	1.0	NonTarget	1	247688
967.6559220226242	1.0	NonTarget	1	247720
967.7809219802566	1.0	NonTarget	1	247752
967.9059219378892	1.0	NonTarget	1	247784
968.0309218955217	1.0	NonTarget	1	247816
968.1559218531542	1.0	NonTarget	1	247848
968.2809218107867	1.0	NonTarget	1	247880
968.4059217684191	1.0	NonTarget	1	247912
968.5309217260517	1.0	NonTarget	1	247944
968.6559216836841	1.0	NonTarget	1	247976
968.7809216413167	1.0	NonTarget	1	248008
968.9059215989492	1.0	NonTarget	1	248040
969.0309215565817	1.0	NonTarget	1	248072
969.1559215142142	1.0	NonTarget	1	248104
969.2809214718467	1.0	NonTarget	1	248136
969.4059214294792	1.0	NonTarget	1	248168
969.5309213871117	1.0	NonTarget	1	248200
969.6559213447442	1.0	NonTarget	1	248232
969.7809213023768	1.0	NonTarget	1	248264
969.9059212600092	1.0	NonTarget	1	248296
970.0309212176418	1.0	NonTarget	1	248328
970.1559211752742	1.0	NonTarget	1	248360
970.2809211329068	1.0	NonTarget	1	248392
970.4059210905392	1.0	NonTarget	1	248424
976.530919014532	1.0	NonTarget	1	249992
976.6559189721645	1.0	NonTarget	1	250024
976.7809189297969	1.0	NonTarget	1	250056
976.9059188874295	1.0	NonTarget	1	250088
977.0309188450619	1.0	NonTarget	1	250120
977.1559188026945	1.0	NonTarget	1	250152
977.280918760327	1.0	NonTarget	1	250184
977.4059187179595	1.0	NonTarget	1	250216
977.530918675592	1.0	NonTarget	1	250248
977.6559186332245	1.0	NonTarget	1	250280
977.780918590857	1.0	NonTarget	1	250312
977.9059185484895	1.0	NonTarget	1	250344
978.030918506122	1.0	NonTarget	1	250376
978.1559184637546	1.0	NonTarget	1	250408
978.280918421387	1.0	NonTarget	1	250440
978.4059183790196	1.0	NonTarget	1	250472
978.530918336652	1.0	NonTarget	1	250504
978.6559182942846	1.0	NonTarget	1	250536
978.780918251917	1.0	NonTarget	1	250568
978.9059182095496	1.0	NonTarget	1	250600
979.0309181671821	1.0	NonTarget	1	250632
979.1559181248145	1.0	NonTarget	1	250664
979.2809180824471	1.0	NonTarget	1	250696
979.4059180400795	1.0	NonTarget	1	250728
979.5309179977121	1.0	NonTarget	1	250760
979.6559179553445	1.0	NonTarget	1	250792
979.7809179129771	1.0	NonTarget	1	250824
979.9059178706095	1.0	NonTarget	1	250856
980.0309178282421	1.0	NonTarget	1	250888
980.1559177858746	1.0	NonTarget	1	250920
980.2809177435071	1.0	NonTarget	1	250952
980.4059177011396	1.0	NonTarget	1	250984
980.5309176587721	1.0	NonTarget	1	251016
980.6559176164046	1.0	NonTarget	1	251048
980.7809175740371	1.0	NonTarget	1	251080
980.9059175316696	1.0	NonTarget	1	251112
981.0309174893022	1.0	NonTarget	1	251144
981.1559174469346	1.0	NonTarget	1	251176
981.2809174045672	1.0	NonTarget	1	251208
981.4059173621996	1.0	NonTarget	1	251240
981.5309173198322	1.0	NonTarget	1	251272
981.6559172774646	1.0	NonTarget	1	251304
981.7809172350971	1.0	NonTarget	1	251336
981.9059171927297	1.0	NonTarget	1	251368
982.0309171503621	1.0	NonTarget	1	251400
982.1559171079947	1.0	NonTarget	1	251432
982.2809170656271	1.0	NonTarget	1	251464
982.4059170232597	1.0	NonTarget	1	251496
982.5309169808921	1.0	NonTarget	1	251528
982.6559169385247	1.0	NonTarget	1	251560
982.7809168961572	1.0	NonTarget	1	251592
982.9059168537897	1.0	NonTarget	1	251624
983.0309168114222	1.0	NonTarget	1	251656
983.1559167690547	1.0	NonTarget	1	251688
983.2809167266872	1.0	NonTarget	1	251720
983.4059166843197	1.0	NonTarget	1	251752
983.5309166419522	1.0	NonTarget	1	251784
983.6559165995848	1.0	NonTarget	1	251816
983.7809165572172	1.0	NonTarget	1	251848
983.9059165148498	1.0	NonTarget	1	251880
984.0309164724822	1.0	NonTarget	1	251912
984.1559164301148	1.0	NonTarget	1	251944
984.2809163877472	1.0	NonTarget	1	251976
984.4059163453798	1.0	NonTarget	1	252008
984.5309163030122	1.0	NonTarget	1	252040
984.6559162606447	1.0	NonTarget	1	252072
984.7809162182773	1.0	NonTarget	1	252104
984.9059161759097	1.0	NonTarget	1	252136
985.0309161335423	1.0	NonTarget	1	252168
985.1559160911747	1.0	NonTarget	1	252200
985.2809160488073	1.0	NonTarget	1	252232
985.4059160064397	1.0	NonTarget	1	252264
985.5309159640723	1.0	NonTarget	1	252296
985.6559159217048	1.0	NonTarget	1	252328
985.7809158793373	1.0	NonTarget	1	252360
985.9059158369698	1.0	NonTarget	1	252392
986.0309157946023	1.0	NonTarget	1	252424
986.1559157522348	1.0	NonTarget	1	252456
986.2809157098673	1.0	NonTarget	1	252488
986.4059156674998	1.0	NonTarget	1	252520
986.5309156251324	1.0	NonTarget	1	252552
986.6559155827648	1.0	NonTarget	1	252584
986.7809155403974	1.0	NonTarget	1	252616
986.9059154980298	1.0	NonTarget	1	252648
987.0309154556624	1.0	NonTarget	1	252680
987.1559154132948	1.0	NonTarget	1	252712
987.2809153709273	1.0	NonTarget	1	252744
987.4059153285599	1.0	NonTarget	1	252776
987.5309152861923	1.0	NonTarget	1	252808
987.6559152438249	1.0	NonTarget	1	252840
987.7809152014573	1.0	NonTarget	1	252872
987.9059151590899	1.0	NonTarget	1	252904
988.0309151167223	1.0	NonTarget	1	252936
988.1559150743549	1.0	NonTarget	1	252968
988.2809150319873	1.0	NonTarget	1	253000
988.4059149896199	1.0	NonTarget	1	253032
994.5309129136126	1.0	NonTarget	1	254600
994.655912871245	1.0	NonTarget	1	254632
994.7809128288776	1.0	NonTarget	1	254664
994.9059127865102	1.0	NonTarget	1	254696
995.0309127441426	1.0	NonTarget	1	254728
995.1559127017752	1.0	NonTarget	1	254760
995.2809126594076	1.0	NonTarget	1	254792
995.4059126170401	1.0	NonTarget	1	254824
995.5309125746726	1.0	NonTarget	1	254856
995.6559125323051	1.0	NonTarget	1	254888
995.7809124899377	1.0	NonTarget	1	254920
995.9059124475701	1.0	NonTarget	1	254952
996.0309124052027	1.0	NonTarget	1	254984
996.1559123628351	1.0	NonTarget	1	255016
996.2809123204677	1.0	NonTarget	1	255048
996.4059122781001	1.0	NonTarget	1	255080
996.5309122357327	1.0	NonTarget	1	255112
996.6559121933651	1.0	NonTarget	1	255144
996.7809121509977	1.0	NonTarget	1	255176
996.9059121086302	1.0	NonTarget	1	255208
997.0309120662627	1.0	NonTarget	1	255240
997.1559120238952	1.0	NonTarget	1	255272
997.2809119815277	1.0	NonTarget	1	255304
997.4059119391602	1.0	NonTarget	1	255336
997.5309118967926	1.0	NonTarget	1	255368
997.6559118544252	1.0	NonTarget	1	255400
997.7809118120578	1.0	NonTarget	1	255432
997.9059117696902	1.0	NonTarget	1	255464
998.0309117273227	1.0	NonTarget	1	255496
998.1559116849552	1.0	NonTarget	1	255528
998.2809116425877	1.0	NonTarget	1	255560
998.4059116002202	1.0	NonTarget	1	255592
998.5309115578527	1.0	NonTarget	1	255624
998.6559115154853	1.0	NonTarget	1	255656
998.7809114731177	1.0	NonTarget	1	255688
998.9059114307503	1.0	NonTarget	1	255720
999.0309113883827	1.0	NonTarget	1	255752
999.1559113460153	1.0	NonTarget	1	255784
999.2809113036477	1.0	NonTarget	1	255816
999.4059112612803	1.0	NonTarget	1	255848
999.5309112189128	1.0	NonTarget	1	255880
999.6559111765453	1.0	NonTarget	1	255912
999.7809111341778	1.0	NonTarget	1	255944
999.9059110918103	1.0	NonTarget	1	255976
1000.0309110494428	1.0	NonTarget	1	256008
1000.1559110070752	1.0	NonTarget	1	256040
1000.2809109647078	1.0	NonTarget	1	256072
1000.4059109223402	1.0	NonTarget	1	256104
1000.5309108799728	1.0	NonTarget	1	256136
1000.6559108376053	1.0	NonTarget	1	256168
1000.7809107952378	1.0	NonTarget	1	256200
1000.9059107528703	1.0	NonTarget	1	256232
1001.0309107105028	1.0	NonTarget	1	256264
1001.1559106681353	1.0	NonTarget	1	256296
1001.2809106257678	1.0	NonTarget	1	256328
1001.4059105834003	1.0	NonTarget	1	256360
1001.5309105410329	1.0	NonTarget	1	256392
1001.6559104986653	1.0	NonTarget	1	256424
1001.7809104562979	1.0	NonTarget	1	256456
1001.9059104139303	1.0	NonTarget	1	256488
1002.0309103715629	1.0	NonTarget	1	256520
1002.1559103291953	1.0	NonTarget	1	256552
1002.2809102868279	1.0	NonTarget	1	256584
1002.4059102444604	1.0	NonTarget	1	256616
1002.5309102020929	1.0	NonTarget	1	256648
1002.6559101597254	1.0	NonTarget	1	256680
1002.7809101173578	1.0	NonTarget	1	256712
1002.9059100749904	1.0	NonTarget	1	256744
1003.0309100326228	1.0	NonTarget	1	256776
1003.1559099902554	1.0	NonTarget	1	256808
1003.280909947888	1.0	NonTarget	1	256840
1003.4059099055204	1.0	NonTarget	1	256872
1003.5309098631529	1.0	NonTarget	1	256904
1003.6559098207854	1.0	NonTarget	1	256936
1003.7809097784179	1.0	NonTarget	1	256968
1003.9059097360504	1.0	NonTarget	1	257000
1004.0309096936829	1.0	NonTarget	1	257032
1004.1559096513154	1.0	NonTarget	1	257064
1004.2809096089479	1.0	NonTarget	1	257096
1004.4059095665805	1.0	NonTarget	1	257128
1004.5309095242129	1.0	NonTarget	1	257160
1004.6559094818455	1.0	NonTarget	1	257192
1004.7809094394779	1.0	NonTarget	1	257224
1004.9059093971105	1.0	NonTarget	1	257256
1005.0309093547429	1.0	NonTarget	1	257288
1005.1559093123755	1.0	NonTarget	1	257320
1005.280909270008	1.0	NonTarget	1	257352
1005.4059092276404	1.0	NonTarget	1	257384
1005.530909185273	1.0	NonTarget	1	257416
1005.6559091429054	1.0	NonTarget	1	257448
1005.780909100538	1.0	NonTarget	1	257480
1005.9059090581704	1.0	NonTarget	1	257512
1006.030909015803	1.0	NonTarget	1	257544
1006.1559089734355	1.0	NonTarget	1	257576
1006.280908931068	1.0	NonTarget	1	257608
1006.4059088887005	1.0	NonTarget	1	257640
1012.5309068126932	1.0	NonTarget	1	259208
1012.6559067703257	1.0	NonTarget	1	259240
1012.7809067279583	1.0	NonTarget	1	259272
1012.9059066855907	1.0	NonTarget	1	259304
1013.0309066432233	1.0	NonTarget	1	259336
1013.1559066008557	1.0	NonTarget	1	259368
1013.2809065584883	1.0	NonTarget	1	259400
1013.4059065161207	1.0	NonTarget	1	259432
1013.5309064737532	1.0	NonTarget	1	259464
1013.6559064313858	1.0	NonTarget	1	259496
1013.7809063890182	1.0	NonTarget	1	259528
1013.9059063466508	1.0	NonTarget	1	259560
1014.0309063042832	1.0	NonTarget	1	259592
1014.1559062619158	1.0	NonTarget	1	259624
1014.2809062195482	1.0	NonTarget	1	259656
1014.4059061771808	1.0	NonTarget	1	259688
1014.5309061348133	1.0	NonTarget	1	259720
1014.6559060924458	1.0	NonTarget	1	259752
1014.7809060500783	1.0	NonTarget	1	259784
1014.9059060077108	1.0	NonTarget	1	259816
1015.0309059653433	1.0	NonTarget	1	259848
1015.1559059229758	1.0	NonTarget	1	259880
1015.2809058806083	1.0	NonTarget	1	259912
1015.4059058382409	1.0	NonTarget	1	259944
1015.5309057958733	1.0	NonTarget	1	259976
1015.6559057535059	1.0	NonTarget	1	260008
1015.7809057111383	1.0	NonTarget	1	260040
1015.9059056687709	1.0	NonTarget	1	260072
1016.0309056264033	1.0	NonTarget	1	260104
1016.1559055840358	1.0	NonTarget	1	260136
1016.2809055416683	1.0	NonTarget	1	260168
1016.4059054993008	1.0	NonTarget	1	260200
1016.5309054569334	1.0	NonTarget	1	260232
1016.6559054145658	1.0	NonTarget	1	260264
1016.7809053721984	1.0	NonTarget	1	260296
1016.9059053298308	1.0	NonTarget	1	260328
1017.0309052874634	1.0	NonTarget	1	260360
1017.1559052450958	1.0	NonTarget	1	260392
1017.2809052027284	1.0	NonTarget	1	260424
1017.4059051603609	1.0	NonTarget	1	260456
1017.5309051179934	1.0	NonTarget	1	260488
1017.6559050756259	1.0	NonTarget	1	260520
1017.7809050332584	1.0	NonTarget	1	260552
1017.9059049908909	1.0	NonTarget	1	260584
1018.0309049485234	1.0	NonTarget	1	260616
1018.1559049061559	1.0	NonTarget	1	260648
1018.2809048637885	1.0	NonTarget	1	260680
1018.4059048214209	1.0	NonTarget	1	260712
1018.5309047790535	1.0	NonTarget	1	260744
1018.6559047366859	1.0	NonTarget	1	260776
1018.7809046943185	1.0	NonTarget	1	260808
1018.9059046519509	1.0	NonTarget	1	260840
1019.0309046095834	1.0	NonTarget	1	260872
1019.155904567216	1.0	NonTarget	1	260904
1019.2809045248484	1.0	NonTarget	1	260936
1019.405904482481	1.0	NonTarget	1	260968
1019.5309044401134	1.0	NonTarget	1	261000
1019.655904397746	1.0	NonTarget	1	261032
1019.7809043553784	1.0	NonTarget	1	261064
1019.905904313011	1.0	NonTarget	1	261096
1020.0309042706434	1.0	NonTarget	1	261128
1020.155904228276	1.0	NonTarget	1	261160
1020.2809041859085	1.0	NonTarget	1	261192
1020.405904143541	1.0	NonTarget	1	261224
1020.5309041011735	1.0	NonTarget	1	261256
1020.655904058806	1.0	NonTarget	1	261288
1020.7809040164385	1.0	NonTarget	1	261320
1020.905903974071	1.0	NonTarget	1	261352
1021.0309039317035	1.0	NonTarget	1	261384
1021.1559038893361	1.0	NonTarget	1	261416
1021.2809038469685	1.0	NonTarget	1	261448
1021.405903804601	1.0	NonTarget	1	261480
1021.5309037622335	1.0	NonTarget	1	261512
1021.655903719866	1.0	NonTarget	1	261544
1021.7809036774985	1.0	NonTarget	1	261576
1021.905903635131	1.0	NonTarget	1	261608
1022.0309035927636	1.0	NonTarget	1	261640
1022.155903550396	1.0	NonTarget	1	261672
1022.2809035080286	1.0	NonTarget	1	261704
1022.405903465661	1.0	NonTarget	1	261736
1022.5309034232936	1.0	NonTarget	1	261768
1022.655903380926	1.0	NonTarget	1	261800
1022.7809033385586	1.0	NonTarget	1	261832
1022.9059032961911	1.0	NonTarget	1	261864
1023.0309032538236	1.0	NonTarget	1	261896
1023.1559032114561	1.0	NonTarget	1	261928
1023.2809031690886	1.0	NonTarget	1	261960
1023.4059031267211	1.0	NonTarget	1	261992
1023.5309030843536	1.0	NonTarget	1	262024
1023.6559030419861	1.0	NonTarget	1	262056
1023.7809029996187	1.0	NonTarget	1	262088
1023.9059029572511	1.0	NonTarget	1	262120
1024.0309029148837	1.0	NonTarget	1	262152
1024.1559028725162	1.0	NonTarget	1	262184
1024.2809028301485	1.0	NonTarget	1	262216
1024.405902787781	1.0	NonTarget	1	262248
1030.530900711774	1.0	NonTarget	1	263816
1030.6559006694063	1.0	NonTarget	1	263848
1030.7809006270388	1.0	NonTarget	1	263880
1030.9059005846714	1.0	NonTarget	1	263912
1031.030900542304	1.0	NonTarget	1	263944
1031.1559004999363	1.0	NonTarget	1	263976
1031.2809004575688	1.0	NonTarget	1	264008
1031.4059004152014	1.0	NonTarget	1	264040
1031.530900372834	1.0	NonTarget	1	264072
1031.6559003304665	1.0	NonTarget	1	264104
1031.7809002880988	1.0	NonTarget	1	264136
1031.9059002457313	1.0	NonTarget	1	264168
1032.030900203364	1.0	NonTarget	1	264200
1032.1559001609965	1.0	NonTarget	1	264232
1032.280900118629	1.0	NonTarget	1	264264
1032.4059000762613	1.0	NonTarget	1	264296
1032.5309000338939	1.0	NonTarget	1	264328
1032.6558999915264	1.0	NonTarget	1	264360
1032.780899949159	1.0	NonTarget	1	264392
1032.9058999067913	1.0	NonTarget	1	264424
1033.0308998644239	1.0	NonTarget	1	264456
1033.1558998220564	1.0	NonTarget	1	264488
1033.280899779689	1.0	NonTarget	1	264520
1033.4058997373215	1.0	NonTarget	1	264552
1033.5308996949539	1.0	NonTarget	1	264584
1033.6558996525864	1.0	NonTarget	1	264616
1033.780899610219	1.0	NonTarget	1	264648
1033.9058995678515	1.0	NonTarget	1	264680
1034.030899525484	1.0	NonTarget	1	264712
1034.1558994831164	1.0	NonTarget	1	264744
1034.280899440749	1.0	NonTarget	1	264776
1034.4058993983815	1.0	NonTarget	1	264808
1034.530899356014	1.0	NonTarget	1	264840
1034.6558993136464	1.0	NonTarget	1	264872
1034.780899271279	1.0	NonTarget	1	264904
1034.9058992289115	1.0	NonTarget	1	264936
1035.030899186544	1.0	NonTarget	1	264968
1035.1558991441766	1.0	NonTarget	1	265000
1035.280899101809	1.0	NonTarget	1	265032
1035.4058990594415	1.0	NonTarget	1	265064
1035.530899017074	1.0	NonTarget	1	265096
1035.6558989747066	1.0	NonTarget	1	265128
1035.780898932339	1.0	NonTarget	1	265160
1035.9058988899715	1.0	NonTarget	1	265192
1036.030898847604	1.0	NonTarget	1	265224
1036.1558988052366	1.0	NonTarget	1	265256
1036.2808987628691	1.0	NonTarget	1	265288
1036.4058987205015	1.0	NonTarget	1	265320
1036.530898678134	1.0	NonTarget	1	265352
1036.6558986357666	1.0	NonTarget	1	265384
1036.7808985933991	1.0	NonTarget	1	265416
1036.9058985510317	1.0	NonTarget	1	265448
1037.030898508664	1.0	NonTarget	1	265480
1037.1558984662965	1.0	NonTarget	1	265512
1037.280898423929	1.0	NonTarget	1	265544
1037.4058983815617	1.0	NonTarget	1	265576
1037.530898339194	1.0	NonTarget	1	265608
1037.6558982968265	1.0	NonTarget	1	265640
1037.780898254459	1.0	NonTarget	1	265672
1037.9058982120916	1.0	NonTarget	1	265704
1038.0308981697242	1.0	NonTarget	1	265736
1038.1558981273565	1.0	NonTarget	1	265768
1038.280898084989	1.0	NonTarget	1	265800
1038.4058980426216	1.0	NonTarget	1	265832
1038.5308980002542	1.0	NonTarget	1	265864
1038.6558979578865	1.0	NonTarget	1	265896
1038.780897915519	1.0	NonTarget	1	265928
1038.9058978731516	1.0	NonTarget	1	265960
1039.0308978307842	1.0	NonTarget	1	265992
1039.1558977884167	1.0	NonTarget	1	266024
1039.280897746049	1.0	NonTarget	1	266056
1039.4058977036816	1.0	NonTarget	1	266088
1039.5308976613142	1.0	NonTarget	1	266120
1039.6558976189467	1.0	NonTarget	1	266152
1039.7808975765793	1.0	NonTarget	1	266184
1039.9058975342116	1.0	NonTarget	1	266216
1040.0308974918441	1.0	NonTarget	1	266248
1040.1558974494767	1.0	NonTarget	1	266280
1040.2808974071093	1.0	NonTarget	1	266312
1040.4058973647416	1.0	NonTarget	1	266344
1040.5308973223741	1.0	NonTarget	1	266376
1040.6558972800067	1.0	NonTarget	1	266408
1040.7808972376392	1.0	NonTarget	1	266440
1040.9058971952718	1.0	NonTarget	1	266472
1041.0308971529041	1.0	NonTarget	1	266504
1041.1558971105367	1.0	NonTarget	1	266536
1041.2808970681692	1.0	NonTarget	1	266568
1041.4058970258018	1.0	NonTarget	1	266600
1041.5308969834343	1.0	NonTarget	1	266632
1041.6558969410667	1.0	NonTarget	1	266664
1041.7808968986992	1.0	NonTarget	1	266696
1041.9058968563318	1.0	NonTarget	1	266728
1042.0308968139643	1.0	NonTarget	1	266760
1042.1558967715966	1.0	NonTarget	1	266792
1042.2808967292292	1.0	NonTarget	1	266824
1042.4058966868618	1.0	NonTarget	1	266856
1048.5308946108544	1.0	NonTarget	1	268424
1048.655894568487	1.0	NonTarget	1	268456
1048.7808945261195	1.0	NonTarget	1	268488
1048.905894483752	1.0	NonTarget	1	268520
1049.0308944413846	1.0	NonTarget	1	268552
1049.155894399017	1.0	NonTarget	1	268584
1049.2808943566495	1.0	NonTarget	1	268616
1049.405894314282	1.0	NonTarget	1	268648
1049.5308942719146	1.0	NonTarget	1	268680
1049.655894229547	1.0	NonTarget	1	268712
1049.7808941871795	1.0	NonTarget	1	268744
1049.905894144812	1.0	NonTarget	1	268776
1050.0308941024446	1.0	NonTarget	1	268808
1050.1558940600771	1.0	NonTarget	1	268840
1050.2808940177094	1.0	NonTarget	1	268872
1050.405893975342	1.0	NonTarget	1	268904
1050.5308939329745	1.0	NonTarget	1	268936
1050.655893890607	1.0	NonTarget	1	268968
1050.7808938482394	1.0	NonTarget	1	269000
1050.905893805872	1.0	NonTarget	1	269032
1051.0308937635045	1.0	NonTarget	1	269064
1051.155893721137	1.0	NonTarget	1	269096
1051.2808936787696	1.0	NonTarget	1	269128
1051.405893636402	1.0	NonTarget	1	269160
1051.5308935940345	1.0	NonTarget	1	269192
1051.655893551667	1.0	NonTarget	1	269224
1051.7808935092996	1.0	NonTarget	1	269256
1051.9058934669322	1.0	NonTarget	1	269288
1052.0308934245645	1.0	NonTarget	1	269320
1052.155893382197	1.0	NonTarget	1	269352
1052.2808933398296	1.0	NonTarget	1	269384
1052.4058932974622	1.0	NonTarget	1	269416
1052.5308932550945	1.0	NonTarget	1	269448
1052.655893212727	1.0	NonTarget	1	269480
1052.7808931703596	1.0	NonTarget	1	269512
1052.9058931279922	1.0	NonTarget	1	269544
1053.0308930856247	1.0	NonTarget	1	269576
1053.155893043257	1.0	NonTarget	1	269608
1053.2808930008896	1.0	NonTarget	1	269640
1053.4058929585221	1.0	NonTarget	1	269672
1053.5308929161547	1.0	NonTarget	1	269704
1053.6558928737873	1.0	NonTarget	1	269736
1053.7808928314196	1.0	NonTarget	1	269768
1053.9058927890521	1.0	NonTarget	1	269800
1054.0308927466847	1.0	NonTarget	1	269832
1054.1558927043172	1.0	NonTarget	1	269864
1054.2808926619496	1.0	NonTarget	1	269896
1054.4058926195821	1.0	NonTarget	1	269928
1054.5308925772147	1.0	NonTarget	1	269960
1054.6558925348472	1.0	NonTarget	1	269992
1054.7808924924798	1.0	NonTarget	1	270024
1054.905892450112	1.0	NonTarget	1	270056
1055.0308924077447	1.0	NonTarget	1	270088
1055.1558923653772	1.0	NonTarget	1	270120
1055.2808923230098	1.0	NonTarget	1	270152
1055.405892280642	1.0	NonTarget	1	270184
1055.5308922382746	1.0	NonTarget	1	270216
1055.6558921959072	1.0	NonTarget	1	270248
1055.7808921535398	1.0	NonTarget	1	270280
1055.9058921111723	1.0	NonTarget	1	270312
1056.0308920688046	1.0	NonTarget	1	270344
1056.1558920264372	1.0	NonTarget	1	270376
1056.2808919840697	1.0	NonTarget	1	270408
1056.4058919417023	1.0	NonTarget	1	270440
1056.5308918993348	1.0	NonTarget	1	270472
1056.6558918569672	1.0	NonTarget	1	270504
1056.7808918145997	1.0	NonTarget	1	270536
1056.9058917722323	1.0	NonTarget	1	270568
1057.0308917298648	1.0	NonTarget	1	270600
1057.1558916874972	1.0	NonTarget	1	270632
1057.2808916451297	1.0	NonTarget	1	270664
1057.4058916027623	1.0	NonTarget	1	270696
1057.5308915603948	1.0	NonTarget	1	270728
1057.6558915180274	1.0	NonTarget	1	270760
1057.7808914756597	1.0	NonTarget	1	270792
1057.9058914332923	1.0	NonTarget	1	270824
1058.0308913909248	1.0	NonTarget	1	270856
1058.1558913485574	1.0	NonTarget	1	270888
1058.2808913061897	1.0	NonTarget	1	270920
1058.4058912638222	1.0	NonTarget	1	270952
1058.5308912214548	1.0	NonTarget	1	270984
1058.6558911790873	1.0	NonTarget	1	271016
1058.78089113672	1.0	NonTarget	1	271048
1058.9058910943522	1.0	NonTarget	1	271080
1059.0308910519848	1.0	NonTarget	1	271112
1059.1558910096173	1.0	NonTarget	1	271144
1059.28089096725	1.0	NonTarget	1	271176
1059.4058909248824	1.0	NonTarget	1	271208
1059.5308908825148	1.0	NonTarget	1	271240
1059.6558908401473	1.0	NonTarget	1	271272
1059.7808907977799	1.0	NonTarget	1	271304
1059.9058907554124	1.0	NonTarget	1	271336
1060.0308907130448	1.0	NonTarget	1	271368
1060.1558906706773	1.0	NonTarget	1	271400
1060.2808906283099	1.0	NonTarget	1	271432
1060.4058905859424	1.0	NonTarget	1	271464
1066.530888509935	1.0	NonTarget	1	273032
1066.6558884675676	1.0	NonTarget	1	273064
1066.7808884252001	1.0	NonTarget	1	273096
1066.9058883828327	1.0	NonTarget	1	273128
1067.030888340465	1.0	NonTarget	1	273160
1067.1558882980976	1.0	NonTarget	1	273192
1067.2808882557301	1.0	NonTarget	1	273224
1067.4058882133627	1.0	NonTarget	1	273256
1067.530888170995	1.0	NonTarget	1	273288
1067.6558881286276	1.0	NonTarget	1	273320
1067.7808880862601	1.0	NonTarget	1	273352
1067.9058880438927	1.0	NonTarget	1	273384
1068.0308880015252	1.0	NonTarget	1	273416
1068.1558879591576	1.0	NonTarget	1	273448
1068.28088791679	1.0	NonTarget	1	273480
1068.4058878744227	1.0	NonTarget	1	273512
1068.5308878320552	1.0	NonTarget	1	273544
1068.6558877896878	1.0	NonTarget	1	273576
1068.78088774732	1.0	NonTarget	1	273608
1068.9058877049526	1.0	NonTarget	1	273640
1069.0308876625852	1.0	NonTarget	1	273672
1069.1558876202178	1.0	NonTarget	1	273704
1069.28088757785	1.0	NonTarget	1	273736
1069.4058875354826	1.0	NonTarget	1	273768
1069.5308874931152	1.0	NonTarget	1	273800
1069.6558874507477	1.0	NonTarget	1	273832
1069.7808874083803	1.0	NonTarget	1	273864
1069.9058873660126	1.0	NonTarget	1	273896
1070.0308873236452	1.0	NonTarget	1	273928
1070.1558872812777	1.0	NonTarget	1	273960
1070.2808872389103	1.0	NonTarget	1	273992
1070.4058871965426	1.0	NonTarget	1	274024
1070.5308871541752	1.0	NonTarget	1	274056
1070.6558871118077	1.0	NonTarget	1	274088
1070.7808870694403	1.0	NonTarget	1	274120
1070.9058870270728	1.0	NonTarget	1	274152
1071.0308869847051	1.0	NonTarget	1	274184
1071.1558869423377	1.0	NonTarget	1	274216
1071.2808868999703	1.0	NonTarget	1	274248
1071.4058868576028	1.0	NonTarget	1	274280
1071.5308868152354	1.0	NonTarget	1	274312
1071.6558867728677	1.0	NonTarget	1	274344
1071.7808867305002	1.0	NonTarget	1	274376
1071.9058866881328	1.0	NonTarget	1	274408
1072.0308866457653	1.0	NonTarget	1	274440
1072.1558866033977	1.0	NonTarget	1	274472
1072.2808865610302	1.0	NonTarget	1	274504
1072.4058865186628	1.0	NonTarget	1	274536
1072.5308864762953	1.0	NonTarget	1	274568
1072.655886433928	1.0	NonTarget	1	274600
1072.7808863915602	1.0	NonTarget	1	274632
1072.9058863491928	1.0	NonTarget	1	274664
1073.0308863068253	1.0	NonTarget	1	274696
1073.1558862644579	1.0	NonTarget	1	274728
1073.2808862220904	1.0	NonTarget	1	274760
1073.4058861797228	1.0	NonTarget	1	274792
1073.5308861373553	1.0	NonTarget	1	274824
1073.6558860949879	1.0	NonTarget	1	274856
1073.7808860526204	1.0	NonTarget	1	274888
1073.9058860102527	1.0	NonTarget	1	274920
1074.0308859678853	1.0	NonTarget	1	274952
1074.1558859255179	1.0	NonTarget	1	274984
1074.2808858831504	1.0	NonTarget	1	275016
1074.405885840783	1.0	NonTarget	1	275048
1074.5308857984153	1.0	NonTarget	1	275080
1074.6558857560478	1.0	NonTarget	1	275112
1074.7808857136804	1.0	NonTarget	1	275144
1074.905885671313	1.0	NonTarget	1	275176
1075.0308856289453	1.0	NonTarget	1	275208
1075.1558855865778	1.0	NonTarget	1	275240
1075.2808855442104	1.0	NonTarget	1	275272
1075.405885501843	1.0	NonTarget	1	275304
1075.5308854594755	1.0	NonTarget	1	275336
1075.6558854171078	1.0	NonTarget	1	275368
1075.7808853747404	1.0	NonTarget	1	275400
1075.905885332373	1.0	NonTarget	1	275432
1076.0308852900055	1.0	NonTarget	1	275464
1076.155885247638	1.0	NonTarget	1	275496
1076.2808852052704	1.0	NonTarget	1	275528
1076.405885162903	1.0	NonTarget	1	275560
1076.5308851205355	1.0	NonTarget	1	275592
1076.655885078168	1.0	NonTarget	1	275624
1076.7808850358003	1.0	NonTarget	1	275656
1076.905884993433	1.0	NonTarget	1	275688
1077.0308849510654	1.0	NonTarget	1	275720
1077.155884908698	1.0	NonTarget	1	275752
1077.2808848663306	1.0	NonTarget	1	275784
1077.4058848239629	1.0	NonTarget	1	275816
1077.5308847815954	1.0	NonTarget	1	275848
1077.655884739228	1.0	NonTarget	1	275880
1077.7808846968605	1.0	NonTarget	1	275912
1077.905884654493	1.0	NonTarget	1	275944
1078.0308846121254	1.0	NonTarget	1	275976
1078.155884569758	1.0	NonTarget	1	276008
1078.2808845273905	1.0	NonTarget	1	276040
1078.405884485023	1.0	NonTarget	1	276072
1084.5308824090157	1.0	NonTarget	1	277640
1084.6558823666483	1.0	NonTarget	1	277672
1084.7808823242808	1.0	NonTarget	1	277704
1084.9058822819131	1.0	NonTarget	1	277736
1085.0308822395457	1.0	NonTarget	1	277768
1085.1558821971782	1.0	NonTarget	1	277800
1085.2808821548108	1.0	NonTarget	1	277832
1085.4058821124434	1.0	NonTarget	1	277864
1085.5308820700757	1.0	NonTarget	1	277896
1085.6558820277082	1.0	NonTarget	1	277928
1085.7808819853408	1.0	NonTarget	1	277960
1085.9058819429733	1.0	NonTarget	1	277992
1086.0308819006057	1.0	NonTarget	1	278024
1086.1558818582382	1.0	NonTarget	1	278056
1086.2808818158708	1.0	NonTarget	1	278088
1086.4058817735033	1.0	NonTarget	1	278120
1086.5308817311359	1.0	NonTarget	1	278152
1086.6558816887682	1.0	NonTarget	1	278184
1086.7808816464008	1.0	NonTarget	1	278216
1086.9058816040333	1.0	NonTarget	1	278248
1087.0308815616659	1.0	NonTarget	1	278280
1087.1558815192982	1.0	NonTarget	1	278312
1087.2808814769307	1.0	NonTarget	1	278344
1087.4058814345633	1.0	NonTarget	1	278376
1087.5308813921959	1.0	NonTarget	1	278408
1087.6558813498284	1.0	NonTarget	1	278440
1087.7808813074607	1.0	NonTarget	1	278472
1087.9058812650933	1.0	NonTarget	1	278504
1088.0308812227258	1.0	NonTarget	1	278536
1088.1558811803584	1.0	NonTarget	1	278568
1088.280881137991	1.0	NonTarget	1	278600
1088.4058810956233	1.0	NonTarget	1	278632
1088.5308810532558	1.0	NonTarget	1	278664
1088.6558810108884	1.0	NonTarget	1	278696
1088.780880968521	1.0	NonTarget	1	278728
1088.9058809261533	1.0	NonTarget	1	278760
1089.0308808837858	1.0	NonTarget	1	278792
1089.1558808414184	1.0	NonTarget	1	278824
1089.280880799051	1.0	NonTarget	1	278856
1089.4058807566835	1.0	NonTarget	1	278888
1089.5308807143158	1.0	NonTarget	1	278920
1089.6558806719484	1.0	NonTarget	1	278952
1089.780880629581	1.0	NonTarget	1	278984
1089.9058805872135	1.0	NonTarget	1	279016
1090.030880544846	1.0	NonTarget	1	279048
1090.1558805024783	1.0	NonTarget	1	279080
1090.280880460111	1.0	NonTarget	1	279112
1090.4058804177434	1.0	NonTarget	1	279144
1090.530880375376	1.0	NonTarget	1	279176
1090.6558803330083	1.0	NonTarget	1	279208
1090.7808802906409	1.0	NonTarget	1	279240
1090.9058802482734	1.0	NonTarget	1	279272
1091.030880205906	1.0	NonTarget	1	279304
1091.1558801635385	1.0	NonTarget	1	279336
1091.2808801211709	1.0	NonTarget	1	279368
1091.4058800788034	1.0	NonTarget	1	279400
1091.530880036436	1.0	NonTarget	1	279432
1091.6558799940685	1.0	NonTarget	1	279464
1091.7808799517009	1.0	NonTarget	1	279496
1091.9058799093334	1.0	NonTarget	1	279528
1092.030879866966	1.0	NonTarget	1	279560
1092.1558798245985	1.0	NonTarget	1	279592
1092.280879782231	1.0	NonTarget	1	279624
1092.4058797398634	1.0	NonTarget	1	279656
1092.530879697496	1.0	NonTarget	1	279688
1092.6558796551285	1.0	NonTarget	1	279720
1092.780879612761	1.0	NonTarget	1	279752
1092.9058795703936	1.0	NonTarget	1	279784
1093.030879528026	1.0	NonTarget	1	279816
1093.1558794856585	1.0	NonTarget	1	279848
1093.280879443291	1.0	NonTarget	1	279880
1093.4058794009236	1.0	NonTarget	1	279912
1093.530879358556	1.0	NonTarget	1	279944
1093.6558793161885	1.0	NonTarget	1	279976
1093.780879273821	1.0	NonTarget	1	280008
1093.9058792314536	1.0	NonTarget	1	280040
1094.0308791890861	1.0	NonTarget	1	280072
1094.1558791467185	1.0	NonTarget	1	280104
1094.280879104351	1.0	NonTarget	1	280136
1094.4058790619836	1.0	NonTarget	1	280168
1094.5308790196161	1.0	NonTarget	1	280200
1094.6558789772484	1.0	NonTarget	1	280232
1094.780878934881	1.0	NonTarget	1	280264
1094.9058788925136	1.0	NonTarget	1	280296
1095.030878850146	1.0	NonTarget	1	280328
1095.1558788077787	1.0	NonTarget	1	280360
1095.280878765411	1.0	NonTarget	1	280392
1095.4058787230435	1.0	NonTarget	1	280424
1095.530878680676	1.0	NonTarget	1	280456
1095.6558786383086	1.0	NonTarget	1	280488
1095.7808785959412	1.0	NonTarget	1	280520
1095.9058785535735	1.0	NonTarget	1	280552
1096.030878511206	1.0	NonTarget	1	280584
1096.1558784688386	1.0	NonTarget	1	280616
1096.2808784264712	1.0	NonTarget	1	280648
1096.4058783841035	1.0	NonTarget	1	280680
1102.5308763080964	1.0	NonTarget	1	282248
1102.655876265729	1.0	NonTarget	1	282280
1102.7808762233612	1.0	NonTarget	1	282312
1102.9058761809938	1.0	NonTarget	1	282344
1103.0308761386264	1.0	NonTarget	1	282376
1103.155876096259	1.0	NonTarget	1	282408
1103.2808760538915	1.0	NonTarget	1	282440
1103.4058760115238	1.0	NonTarget	1	282472
1103.5308759691563	1.0	NonTarget	1	282504
1103.655875926789	1.0	NonTarget	1	282536
1103.7808758844214	1.0	NonTarget	1	282568
1103.9058758420538	1.0	NonTarget	1	282600
1104.0308757996863	1.0	NonTarget	1	282632
1104.1558757573189	1.0	NonTarget	1	282664
1104.2808757149514	1.0	NonTarget	1	282696
1104.405875672584	1.0	NonTarget	1	282728
1104.5308756302163	1.0	NonTarget	1	282760
1104.6558755878489	1.0	NonTarget	1	282792
1104.7808755454814	1.0	NonTarget	1	282824
1104.905875503114	1.0	NonTarget	1	282856
1105.0308754607465	1.0	NonTarget	1	282888
1105.1558754183789	1.0	NonTarget	1	282920
1105.2808753760114	1.0	NonTarget	1	282952
1105.405875333644	1.0	NonTarget	1	282984
1105.5308752912765	1.0	NonTarget	1	283016
1105.6558752489088	1.0	NonTarget	1	283048
1105.7808752065414	1.0	NonTarget	1	283080
1105.905875164174	1.0	NonTarget	1	283112
1106.0308751218065	1.0	NonTarget	1	283144
1106.155875079439	1.0	NonTarget	1	283176
1106.2808750370714	1.0	NonTarget	1	283208
1106.405874994704	1.0	NonTarget	1	283240
1106.5308749523365	1.0	NonTarget	1	283272
1106.655874909969	1.0	NonTarget	1	283304
1106.7808748676014	1.0	NonTarget	1	283336
1106.905874825234	1.0	NonTarget	1	283368
1107.0308747828665	1.0	NonTarget	1	283400
1107.155874740499	1.0	NonTarget	1	283432
1107.2808746981316	1.0	NonTarget	1	283464
1107.405874655764	1.0	NonTarget	1	283496
1107.5308746133965	1.0	NonTarget	1	283528
1107.655874571029	1.0	NonTarget	1	283560
1107.7808745286616	1.0	NonTarget	1	283592
1107.9058744862941	1.0	NonTarget	1	283624
1108.0308744439265	1.0	NonTarget	1	283656
1108.155874401559	1.0	NonTarget	1	283688
1108.2808743591916	1.0	NonTarget	1	283720
1108.405874316824	1.0	NonTarget	1	283752
1108.5308742744564	1.0	NonTarget	1	283784
1108.655874232089	1.0	NonTarget	1	283816
1108.7808741897215	1.0	NonTarget	1	283848
1108.905874147354	1.0	NonTarget	1	283880
1109.0308741049867	1.0	NonTarget	1	283912
1109.155874062619	1.0	NonTarget	1	283944
1109.2808740202515	1.0	NonTarget	1	283976
1109.405873977884	1.0	NonTarget	1	284008
1109.5308739355166	1.0	NonTarget	1	284040
1109.6558738931492	1.0	NonTarget	1	284072
1109.7808738507815	1.0	NonTarget	1	284104
1109.905873808414	1.0	NonTarget	1	284136
1110.0308737660466	1.0	NonTarget	1	284168
1110.1558737236792	1.0	NonTarget	1	284200
1110.2808736813115	1.0	NonTarget	1	284232
1110.405873638944	1.0	NonTarget	1	284264
1110.5308735965766	1.0	NonTarget	1	284296
1110.6558735542092	1.0	NonTarget	1	284328
1110.7808735118417	1.0	NonTarget	1	284360
1110.905873469474	1.0	NonTarget	1	284392
1111.0308734271066	1.0	NonTarget	1	284424
1111.1558733847392	1.0	NonTarget	1	284456
1111.2808733423717	1.0	NonTarget	1	284488
1111.405873300004	1.0	NonTarget	1	284520
1111.5308732576366	1.0	NonTarget	1	284552
1111.6558732152691	1.0	NonTarget	1	284584
1111.7808731729017	1.0	NonTarget	1	284616
1111.9058731305342	1.0	NonTarget	1	284648
1112.0308730881666	1.0	NonTarget	1	284680
1112.1558730457991	1.0	NonTarget	1	284712
1112.2808730034317	1.0	NonTarget	1	284744
1112.4058729610642	1.0	NonTarget	1	284776
1112.5308729186968	1.0	NonTarget	1	284808
1112.655872876329	1.0	NonTarget	1	284840
1112.7808728339617	1.0	NonTarget	1	284872
1112.9058727915942	1.0	NonTarget	1	284904
1113.0308727492268	1.0	NonTarget	1	284936
1113.155872706859	1.0	NonTarget	1	284968
1113.2808726644917	1.0	NonTarget	1	285000
1113.4058726221242	1.0	NonTarget	1	285032
1113.5308725797568	1.0	NonTarget	1	285064
1113.6558725373893	1.0	NonTarget	1	285096
1113.7808724950216	1.0	NonTarget	1	285128
1113.9058724526542	1.0	NonTarget	1	285160
1114.0308724102867	1.0	NonTarget	1	285192
1114.1558723679193	1.0	NonTarget	1	285224
1114.2808723255519	1.0	NonTarget	1	285256
1114.4058722831842	1.0	NonTarget	1	285288
1120.530870207177	1.0	NonTarget	1	286856
1120.6558701648094	1.0	NonTarget	1	286888
1120.780870122442	1.0	NonTarget	1	286920
1120.9058700800745	1.0	NonTarget	1	286952
1121.030870037707	1.0	NonTarget	1	286984
1121.1558699953396	1.0	NonTarget	1	287016
1121.280869952972	1.0	NonTarget	1	287048
1121.4058699106045	1.0	NonTarget	1	287080
1121.530869868237	1.0	NonTarget	1	287112
1121.6558698258696	1.0	NonTarget	1	287144
1121.780869783502	1.0	NonTarget	1	287176
1121.9058697411344	1.0	NonTarget	1	287208
1122.030869698767	1.0	NonTarget	1	287240
1122.1558696563995	1.0	NonTarget	1	287272
1122.280869614032	1.0	NonTarget	1	287304
1122.4058695716644	1.0	NonTarget	1	287336
1122.530869529297	1.0	NonTarget	1	287368
1122.6558694869295	1.0	NonTarget	1	287400
1122.780869444562	1.0	NonTarget	1	287432
1122.9058694021946	1.0	NonTarget	1	287464
1123.030869359827	1.0	NonTarget	1	287496
1123.1558693174595	1.0	NonTarget	1	287528
1123.280869275092	1.0	NonTarget	1	287560
1123.4058692327246	1.0	NonTarget	1	287592
1123.530869190357	1.0	NonTarget	1	287624
1123.6558691479895	1.0	NonTarget	1	287656
1123.780869105622	1.0	NonTarget	1	287688
1123.9058690632546	1.0	NonTarget	1	287720
1124.0308690208872	1.0	NonTarget	1	287752
1124.1558689785195	1.0	NonTarget	1	287784
1124.280868936152	1.0	NonTarget	1	287816
1124.4058688937846	1.0	NonTarget	1	287848
1124.5308688514172	1.0	NonTarget	1	287880
1124.6558688090497	1.0	NonTarget	1	287912
1124.780868766682	1.0	NonTarget	1	287944
1124.9058687243146	1.0	NonTarget	1	287976
1125.0308686819471	1.0	NonTarget	1	288008
1125.1558686395797	1.0	NonTarget	1	288040
1125.280868597212	1.0	NonTarget	1	288072
1125.4058685548446	1.0	NonTarget	1	288104
1125.5308685124771	1.0	NonTarget	1	288136
1125.6558684701097	1.0	NonTarget	1	288168
1125.7808684277422	1.0	NonTarget	1	288200
1125.9058683853746	1.0	NonTarget	1	288232
1126.0308683430071	1.0	NonTarget	1	288264
1126.1558683006397	1.0	NonTarget	1	288296
1126.2808682582722	1.0	NonTarget	1	288328
1126.4058682159048	1.0	NonTarget	1	288360
1126.530868173537	1.0	NonTarget	1	288392
1126.6558681311697	1.0	NonTarget	1	288424
1126.7808680888022	1.0	NonTarget	1	288456
1126.9058680464348	1.0	NonTarget	1	288488
1127.030868004067	1.0	NonTarget	1	288520
1127.1558679616996	1.0	NonTarget	1	288552
1127.2808679193322	1.0	NonTarget	1	288584
1127.4058678769647	1.0	NonTarget	1	288616
1127.5308678345973	1.0	NonTarget	1	288648
1127.6558677922296	1.0	NonTarget	1	288680
1127.7808677498622	1.0	NonTarget	1	288712
1127.9058677074947	1.0	NonTarget	1	288744
1128.0308676651273	1.0	NonTarget	1	288776
1128.1558676227596	1.0	NonTarget	1	288808
1128.2808675803922	1.0	NonTarget	1	288840
1128.4058675380247	1.0	NonTarget	1	288872
1128.5308674956573	1.0	NonTarget	1	288904
1128.6558674532898	1.0	NonTarget	1	288936
1128.7808674109222	1.0	NonTarget	1	288968
1128.9058673685547	1.0	NonTarget	1	289000
1129.0308673261873	1.0	NonTarget	1	289032
1129.1558672838198	1.0	NonTarget	1	289064
1129.2808672414524	1.0	NonTarget	1	289096
1129.4058671990847	1.0	NonTarget	1	289128
1129.5308671567172	1.0	NonTarget	1	289160
1129.6558671143498	1.0	NonTarget	1	289192
1129.7808670719824	1.0	NonTarget	1	289224
1129.9058670296147	1.0	NonTarget	1	289256
1130.0308669872472	1.0	NonTarget	1	289288
1130.1558669448798	1.0	NonTarget	1	289320
1130.2808669025123	1.0	NonTarget	1	289352
1130.405866860145	1.0	NonTarget	1	289384
1130.5308668177772	1.0	NonTarget	1	289416
1130.6558667754098	1.0	NonTarget	1	289448
1130.7808667330423	1.0	NonTarget	1	289480
1130.9058666906749	1.0	NonTarget	1	289512
1131.0308666483072	1.0	NonTarget	1	289544
1131.1558666059398	1.0	NonTarget	1	289576
1131.2808665635723	1.0	NonTarget	1	289608
1131.4058665212049	1.0	NonTarget	1	289640
1131.5308664788374	1.0	NonTarget	1	289672
1131.6558664364698	1.0	NonTarget	1	289704
1131.7808663941023	1.0	NonTarget	1	289736
1131.9058663517349	1.0	NonTarget	1	289768
1132.0308663093674	1.0	NonTarget	1	289800
1132.155866267	1.0	NonTarget	1	289832
1132.2808662246323	1.0	NonTarget	1	289864
1132.4058661822648	1.0	NonTarget	1	289896
1138.5308641062577	1.0	NonTarget	1	291464
1138.65586406389	1.0	NonTarget	1	291496
1138.7808640215226	1.0	NonTarget	1	291528
1138.9058639791551	1.0	NonTarget	1	291560
1139.0308639367877	1.0	NonTarget	1	291592
1139.15586389442	1.0	NonTarget	1	291624
1139.2808638520526	1.0	NonTarget	1	291656
1139.4058638096851	1.0	NonTarget	1	291688
1139.5308637673177	1.0	NonTarget	1	291720
1139.6558637249502	1.0	NonTarget	1	291752
1139.7808636825825	1.0	NonTarget	1	291784
1139.905863640215	1.0	NonTarget	1	291816
1140.0308635978477	1.0	NonTarget	1	291848
1140.1558635554802	1.0	NonTarget	1	291880
1140.2808635131125	1.0	NonTarget	1	291912
1140.405863470745	1.0	NonTarget	1	291944
1140.5308634283776	1.0	NonTarget	1	291976
1140.6558633860102	1.0	NonTarget	1	292008
1140.7808633436427	1.0	NonTarget	1	292040
1140.905863301275	1.0	NonTarget	1	292072
1141.0308632589076	1.0	NonTarget	1	292104
1141.1558632165402	1.0	NonTarget	1	292136
1141.2808631741727	1.0	NonTarget	1	292168
1141.4058631318053	1.0	NonTarget	1	292200
1141.5308630894376	1.0	NonTarget	1	292232
1141.6558630470702	1.0	NonTarget	1	292264
1141.7808630047027	1.0	NonTarget	1	292296
1141.9058629623353	1.0	NonTarget	1	292328
1142.0308629199676	1.0	NonTarget	1	292360
1142.1558628776002	1.0	NonTarget	1	292392
1142.2808628352327	1.0	NonTarget	1	292424
1142.4058627928653	1.0	NonTarget	1	292456
1142.5308627504978	1.0	NonTarget	1	292488
1142.6558627081301	1.0	NonTarget	1	292520
1142.7808626657627	1.0	NonTarget	1	292552
1142.9058626233953	1.0	NonTarget	1	292584
1143.0308625810278	1.0	NonTarget	1	292616
1143.1558625386601	1.0	NonTarget	1	292648
1143.2808624962927	1.0	NonTarget	1	292680
1143.4058624539252	1.0	NonTarget	1	292712
1143.5308624115578	1.0	NonTarget	1	292744
1143.6558623691903	1.0	NonTarget	1	292776
1143.7808623268227	1.0	NonTarget	1	292808
1143.9058622844552	1.0	NonTarget	1	292840
1144.0308622420878	1.0	NonTarget	1	292872
1144.1558621997203	1.0	NonTarget	1	292904
1144.2808621573529	1.0	NonTarget	1	292936
1144.4058621149852	1.0	NonTarget	1	292968
1144.5308620726178	1.0	NonTarget	1	293000
1144.6558620302503	1.0	NonTarget	1	293032
1144.7808619878829	1.0	NonTarget	1	293064
1144.9058619455152	1.0	NonTarget	1	293096
1145.0308619031478	1.0	NonTarget	1	293128
1145.1558618607803	1.0	NonTarget	1	293160
1145.2808618184129	1.0	NonTarget	1	293192
1145.4058617760454	1.0	NonTarget	1	293224
1145.5308617336777	1.0	NonTarget	1	293256
1145.6558616913103	1.0	NonTarget	1	293288
1145.7808616489428	1.0	NonTarget	1	293320
1145.9058616065754	1.0	NonTarget	1	293352
1146.030861564208	1.0	NonTarget	1	293384
1146.1558615218403	1.0	NonTarget	1	293416
1146.2808614794728	1.0	NonTarget	1	293448
1146.4058614371054	1.0	NonTarget	1	293480
1146.530861394738	1.0	NonTarget	1	293512
1146.6558613523703	1.0	NonTarget	1	293544
1146.7808613100028	1.0	NonTarget	1	293576
1146.9058612676354	1.0	NonTarget	1	293608
1147.030861225268	1.0	NonTarget	1	293640
1147.1558611829005	1.0	NonTarget	1	293672
1147.2808611405328	1.0	NonTarget	1	293704
1147.4058610981654	1.0	NonTarget	1	293736
1147.530861055798	1.0	NonTarget	1	293768
1147.6558610134305	1.0	NonTarget	1	293800
1147.7808609710628	1.0	NonTarget	1	293832
1147.9058609286953	1.0	NonTarget	1	293864
1148.030860886328	1.0	NonTarget	1	293896
1148.1558608439605	1.0	NonTarget	1	293928
1148.280860801593	1.0	NonTarget	1	293960
1148.4058607592253	1.0	NonTarget	1	293992
1148.530860716858	1.0	NonTarget	1	294024
1148.6558606744904	1.0	NonTarget	1	294056
1148.780860632123	1.0	NonTarget	1	294088
1148.9058605897555	1.0	NonTarget	1	294120
1149.0308605473879	1.0	NonTarget	1	294152
1149.1558605050204	1.0	NonTarget	1	294184
1149.280860462653	1.0	NonTarget	1	294216
1149.4058604202855	1.0	NonTarget	1	294248
1149.5308603779179	1.0	NonTarget	1	294280
1149.6558603355504	1.0	NonTarget	1	294312
1149.780860293183	1.0	NonTarget	1	294344
1149.9058602508155	1.0	NonTarget	1	294376
1150.030860208448	1.0	NonTarget	1	294408
1150.1558601660804	1.0	NonTarget	1	294440
1150.280860123713	1.0	NonTarget	1	294472
1150.4058600813455	1.0	NonTarget	1	294504
1156.5308580053381	1.0	NonTarget	1	296072
1156.6558579629707	1.0	NonTarget	1	296104
1156.7808579206032	1.0	NonTarget	1	296136
1156.9058578782358	1.0	NonTarget	1	296168
1157.0308578358681	1.0	NonTarget	1	296200
1157.1558577935007	1.0	NonTarget	1	296232
1157.2808577511332	1.0	NonTarget	1	296264
1157.4058577087658	1.0	NonTarget	1	296296
1157.5308576663983	1.0	NonTarget	1	296328
1157.6558576240307	1.0	NonTarget	1	296360
1157.7808575816632	1.0	NonTarget	1	296392
1157.9058575392958	1.0	NonTarget	1	296424
1158.0308574969283	1.0	NonTarget	1	296456
1158.1558574545609	1.0	NonTarget	1	296488
1158.2808574121932	1.0	NonTarget	1	296520
1158.4058573698258	1.0	NonTarget	1	296552
1158.5308573274583	1.0	NonTarget	1	296584
1158.6558572850909	1.0	NonTarget	1	296616
1158.7808572427232	1.0	NonTarget	1	296648
1158.9058572003557	1.0	NonTarget	1	296680
1159.0308571579883	1.0	NonTarget	1	296712
1159.1558571156208	1.0	NonTarget	1	296744
1159.2808570732534	1.0	NonTarget	1	296776
1159.4058570308857	1.0	NonTarget	1	296808
1159.5308569885183	1.0	NonTarget	1	296840
1159.6558569461508	1.0	NonTarget	1	296872
1159.7808569037834	1.0	NonTarget	1	296904
1159.9058568614157	1.0	NonTarget	1	296936
1160.0308568190483	1.0	NonTarget	1	296968
1160.1558567766808	1.0	NonTarget	1	297000
1160.2808567343134	1.0	NonTarget	1	297032
1160.405856691946	1.0	NonTarget	1	297064
1160.5308566495783	1.0	NonTarget	1	297096
1160.6558566072108	1.0	NonTarget	1	297128
1160.7808565648434	1.0	NonTarget	1	297160
1160.905856522476	1.0	NonTarget	1	297192
1161.0308564801085	1.0	NonTarget	1	297224
1161.1558564377408	1.0	NonTarget	1	297256
1161.2808563953733	1.0	NonTarget	1	297288
1161.405856353006	1.0	NonTarget	1	297320
1161.5308563106385	1.0	NonTarget	1	297352
1161.6558562682708	1.0	NonTarget	1	297384
1161.7808562259033	1.0	NonTarget	1	297416
1161.905856183536	1.0	NonTarget	1	297448
1162.0308561411684	1.0	NonTarget	1	297480
1162.155856098801	1.0	NonTarget	1	297512
1162.2808560564333	1.0	NonTarget	1	297544
1162.4058560140659	1.0	NonTarget	1	297576
1162.5308559716984	1.0	NonTarget	1	297608
1162.655855929331	1.0	NonTarget	1	297640
1162.7808558869633	1.0	NonTarget	1	297672
1162.9058558445959	1.0	NonTarget	1	297704
1163.0308558022284	1.0	NonTarget	1	297736
1163.155855759861	1.0	NonTarget	1	297768
1163.2808557174935	1.0	NonTarget	1	297800
1163.4058556751258	1.0	NonTarget	1	297832
1163.5308556327584	1.0	NonTarget	1	297864
1163.655855590391	1.0	NonTarget	1	297896
1163.7808555480235	1.0	NonTarget	1	297928
1163.905855505656	1.0	NonTarget	1	297960
1164.0308554632884	1.0	NonTarget	1	297992
1164.155855420921	1.0	NonTarget	1	298024
1164.2808553785535	1.0	NonTarget	1	298056
1164.405855336186	1.0	NonTarget	1	298088
1164.5308552938184	1.0	NonTarget	1	298120
1164.655855251451	1.0	NonTarget	1	298152
1164.7808552090835	1.0	NonTarget	1	298184
1164.905855166716	1.0	NonTarget	1	298216
1165.0308551243486	1.0	NonTarget	1	298248
1165.155855081981	1.0	NonTarget	1	298280
1165.2808550396135	1.0	NonTarget	1	298312
1165.405854997246	1.0	NonTarget	1	298344
1165.5308549548786	1.0	NonTarget	1	298376
1165.6558549125111	1.0	NonTarget	1	298408
1165.7808548701435	1.0	NonTarget	1	298440
1165.905854827776	1.0	NonTarget	1	298472
1166.0308547854086	1.0	NonTarget	1	298504
1166.1558547430411	1.0	NonTarget	1	298536
1166.2808547006734	1.0	NonTarget	1	298568
1166.405854658306	1.0	NonTarget	1	298600
1166.5308546159386	1.0	NonTarget	1	298632
1166.655854573571	1.0	NonTarget	1	298664
1166.7808545312037	1.0	NonTarget	1	298696
1166.905854488836	1.0	NonTarget	1	298728
1167.0308544464685	1.0	NonTarget	1	298760
1167.155854404101	1.0	NonTarget	1	298792
1167.2808543617336	1.0	NonTarget	1	298824
1167.405854319366	1.0	NonTarget	1	298856
1167.5308542769985	1.0	NonTarget	1	298888
1167.655854234631	1.0	NonTarget	1	298920
1167.7808541922636	1.0	NonTarget	1	298952
1167.9058541498962	1.0	NonTarget	1	298984
1168.0308541075285	1.0	NonTarget	1	299016
1168.155854065161	1.0	NonTarget	1	299048
1168.2808540227936	1.0	NonTarget	1	299080
1168.4058539804262	1.0	NonTarget	1	299112
1174.5308519044188	1.0	NonTarget	1	300680
1174.6558518620513	1.0	NonTarget	1	300712
1174.780851819684	1.0	NonTarget	1	300744
1174.9058517773162	1.0	NonTarget	1	300776
1175.0308517349488	1.0	NonTarget	1	300808
1175.1558516925813	1.0	NonTarget	1	300840
1175.280851650214	1.0	NonTarget	1	300872
1175.4058516078464	1.0	NonTarget	1	300904
1175.5308515654788	1.0	NonTarget	1	300936
1175.6558515231113	1.0	NonTarget	1	300968
1175.7808514807439	1.0	NonTarget	1	301000
1175.9058514383764	1.0	NonTarget	1	301032
1176.030851396009	1.0	NonTarget	1	301064
1176.1558513536413	1.0	NonTarget	1	301096
1176.2808513112739	1.0	NonTarget	1	301128
1176.4058512689064	1.0	NonTarget	1	301160
1176.530851226539	1.0	NonTarget	1	301192
1176.6558511841713	1.0	NonTarget	1	301224
1176.7808511418039	1.0	NonTarget	1	301256
1176.9058510994364	1.0	NonTarget	1	301288
1177.030851057069	1.0	NonTarget	1	301320
1177.1558510147015	1.0	NonTarget	1	301352
1177.2808509723338	1.0	NonTarget	1	301384
1177.4058509299664	1.0	NonTarget	1	301416
1177.530850887599	1.0	NonTarget	1	301448
1177.6558508452315	1.0	NonTarget	1	301480
1177.780850802864	1.0	NonTarget	1	301512
1177.9058507604964	1.0	NonTarget	1	301544
1178.030850718129	1.0	NonTarget	1	301576
1178.1558506757615	1.0	NonTarget	1	301608
1178.280850633394	1.0	NonTarget	1	301640
1178.4058505910264	1.0	NonTarget	1	301672
1178.530850548659	1.0	NonTarget	1	301704
1178.6558505062915	1.0	NonTarget	1	301736
1178.780850463924	1.0	NonTarget	1	301768
1178.9058504215566	1.0	NonTarget	1	301800
1179.030850379189	1.0	NonTarget	1	301832
1179.1558503368215	1.0	NonTarget	1	301864
1179.280850294454	1.0	NonTarget	1	301896
1179.4058502520866	1.0	NonTarget	1	301928
1179.530850209719	1.0	NonTarget	1	301960
1179.6558501673514	1.0	NonTarget	1	301992
1179.780850124984	1.0	NonTarget	1	302024
1179.9058500826166	1.0	NonTarget	1	302056
1180.030850040249	1.0	NonTarget	1	302088
1180.1558499978814	1.0	NonTarget	1	302120
1180.280849955514	1.0	NonTarget	1	302152
1180.4058499131465	1.0	NonTarget	1	302184
1180.530849870779	1.0	NonTarget	1	302216
1180.6558498284116	1.0	NonTarget	1	302248
1180.780849786044	1.0	NonTarget	1	302280
1180.9058497436765	1.0	NonTarget	1	302312
1181.030849701309	1.0	NonTarget	1	302344
1181.1558496589416	1.0	NonTarget	1	302376
1181.280849616574	1.0	NonTarget	1	302408
1181.4058495742065	1.0	NonTarget	1	302440
1181.530849531839	1.0	NonTarget	1	302472
1181.6558494894716	1.0	NonTarget	1	302504
1181.7808494471042	1.0	NonTarget	1	302536
1181.9058494047365	1.0	NonTarget	1	302568
1182.030849362369	1.0	NonTarget	1	302600
1182.1558493200016	1.0	NonTarget	1	302632
1182.2808492776342	1.0	NonTarget	1	302664
1182.4058492352667	1.0	NonTarget	1	302696
1182.530849192899	1.0	NonTarget	1	302728
1182.6558491505316	1.0	NonTarget	1	302760
1182.7808491081641	1.0	NonTarget	1	302792
1182.9058490657967	1.0	NonTarget	1	302824
1183.030849023429	1.0	NonTarget	1	302856
1183.1558489810616	1.0	NonTarget	1	302888
1183.2808489386941	1.0	NonTarget	1	302920
1183.4058488963267	1.0	NonTarget	1	302952
1183.5308488539592	1.0	NonTarget	1	302984
1183.6558488115916	1.0	NonTarget	1	303016
1183.7808487692241	1.0	NonTarget	1	303048
1183.9058487268567	1.0	NonTarget	1	303080
1184.0308486844892	1.0	NonTarget	1	303112
1184.1558486421216	1.0	NonTarget	1	303144
1184.280848599754	1.0	NonTarget	1	303176
1184.4058485573867	1.0	NonTarget	1	303208
1184.5308485150192	1.0	NonTarget	1	303240
1184.6558484726518	1.0	NonTarget	1	303272
1184.780848430284	1.0	NonTarget	1	303304
1184.9058483879166	1.0	NonTarget	1	303336
1185.0308483455492	1.0	NonTarget	1	303368
1185.1558483031818	1.0	NonTarget	1	303400
1185.2808482608143	1.0	NonTarget	1	303432
1185.4058482184466	1.0	NonTarget	1	303464
1185.5308481760792	1.0	NonTarget	1	303496
1185.6558481337117	1.0	NonTarget	1	303528
1185.7808480913443	1.0	NonTarget	1	303560
1185.9058480489766	1.0	NonTarget	1	303592
1186.0308480066092	1.0	NonTarget	1	303624
1186.1558479642417	1.0	NonTarget	1	303656
1186.2808479218743	1.0	NonTarget	1	303688
1186.4058478795068	1.0	NonTarget	1	303720
1192.5308458034995	1.0	NonTarget	1	305288
1192.655845761132	1.0	NonTarget	1	305320
1192.7808457187646	1.0	NonTarget	1	305352
1192.905845676397	1.0	NonTarget	1	305384
1193.0308456340294	1.0	NonTarget	1	305416
1193.155845591662	1.0	NonTarget	1	305448
1193.2808455492946	1.0	NonTarget	1	305480
1193.4058455069269	1.0	NonTarget	1	305512
1193.5308454645594	1.0	NonTarget	1	305544
1193.655845422192	1.0	NonTarget	1	305576
1193.7808453798245	1.0	NonTarget	1	305608
1193.905845337457	1.0	NonTarget	1	305640
1194.0308452950894	1.0	NonTarget	1	305672
1194.155845252722	1.0	NonTarget	1	305704
1194.2808452103545	1.0	NonTarget	1	305736
1194.405845167987	1.0	NonTarget	1	305768
1194.5308451256196	1.0	NonTarget	1	305800
1194.655845083252	1.0	NonTarget	1	305832
1194.7808450408845	1.0	NonTarget	1	305864
1194.905844998517	1.0	NonTarget	1	305896
1195.0308449561496	1.0	NonTarget	1	305928
1195.155844913782	1.0	NonTarget	1	305960
1195.2808448714145	1.0	NonTarget	1	305992
1195.405844829047	1.0	NonTarget	1	306024
1195.5308447866796	1.0	NonTarget	1	306056
1195.6558447443122	1.0	NonTarget	1	306088
1195.7808447019445	1.0	NonTarget	1	306120
1195.905844659577	1.0	NonTarget	1	306152
1196.0308446172096	1.0	NonTarget	1	306184
1196.1558445748421	1.0	NonTarget	1	306216
1196.2808445324745	1.0	NonTarget	1	306248
1196.405844490107	1.0	NonTarget	1	306280
1196.5308444477396	1.0	NonTarget	1	306312
1196.6558444053721	1.0	NonTarget	1	306344
1196.7808443630047	1.0	NonTarget	1	306376
1196.905844320637	1.0	NonTarget	1	306408
1197.0308442782696	1.0	NonTarget	1	306440
1197.1558442359021	1.0	NonTarget	1	306472
1197.2808441935347	1.0	NonTarget	1	306504
1197.4058441511672	1.0	NonTarget	1	306536
1197.5308441087996	1.0	NonTarget	1	306568
1197.655844066432	1.0	NonTarget	1	306600
1197.7808440240647	1.0	NonTarget	1	306632
1197.9058439816972	1.0	NonTarget	1	306664
1198.0308439393295	1.0	NonTarget	1	306696
1198.155843896962	1.0	NonTarget	1	306728
1198.2808438545947	1.0	NonTarget	1	306760
1198.4058438122272	1.0	NonTarget	1	306792
1198.5308437698598	1.0	NonTarget	1	306824
1198.655843727492	1.0	NonTarget	1	306856
1198.7808436851246	1.0	NonTarget	1	306888
1198.9058436427572	1.0	NonTarget	1	306920
1199.0308436003897	1.0	NonTarget	1	306952
1199.155843558022	1.0	NonTarget	1	306984
1199.2808435156546	1.0	NonTarget	1	307016
1199.4058434732872	1.0	NonTarget	1	307048
1199.5308434309197	1.0	NonTarget	1	307080
1199.6558433885523	1.0	NonTarget	1	307112
1199.7808433461846	1.0	NonTarget	1	307144
1199.9058433038172	1.0	NonTarget	1	307176
1200.0308432614497	1.0	NonTarget	1	307208
1200.1558432190823	1.0	NonTarget	1	307240
1200.2808431767148	1.0	NonTarget	1	307272
1200.4058431343472	1.0	NonTarget	1	307304
1200.5308430919797	1.0	NonTarget	1	307336
1200.6558430496123	1.0	NonTarget	1	307368
1200.7808430072448	1.0	NonTarget	1	307400
1200.9058429648771	1.0	NonTarget	1	307432
1201.0308429225097	1.0	NonTarget	1	307464
1201.1558428801422	1.0	NonTarget	1	307496
1201.2808428377748	1.0	NonTarget	1	307528
1201.4058427954074	1.0	NonTarget	1	307560
1201.5308427530397	1.0	NonTarget	1	307592
1201.6558427106722	1.0	NonTarget	1	307624
1201.7808426683048	1.0	NonTarget	1	307656
1201.9058426259373	1.0	NonTarget	1	307688
1202.03084258357	1.0	NonTarget	1	307720
1202.1558425412022	1.0	NonTarget	1	307752
1202.2808424988348	1.0	NonTarget	1	307784
1202.4058424564673	1.0	NonTarget	1	307816
1202.5308424140999	1.0	NonTarget	1	307848
1202.6558423717322	1.0	NonTarget	1	307880
1202.7808423293648	1.0	NonTarget	1	307912
1202.9058422869973	1.0	NonTarget	1	307944
1203.0308422446299	1.0	NonTarget	1	307976
1203.1558422022624	1.0	NonTarget	1	308008
1203.2808421598947	1.0	NonTarget	1	308040
1203.4058421175273	1.0	NonTarget	1	308072
1203.5308420751599	1.0	NonTarget	1	308104
1203.6558420327924	1.0	NonTarget	1	308136
1203.7808419904247	1.0	NonTarget	1	308168
1203.9058419480573	1.0	NonTarget	1	308200
1204.0308419056898	1.0	NonTarget	1	308232
1204.1558418633224	1.0	NonTarget	1	308264
1204.280841820955	1.0	NonTarget	1	308296
1204.4058417785873	1.0	NonTarget	1	308328
1210.5308397025801	1.0	NonTarget	1	309896
1210.6558396602127	1.0	NonTarget	1	309928
1210.780839617845	1.0	NonTarget	1	309960
1210.9058395754776	1.0	NonTarget	1	309992
1211.03083953311	1.0	NonTarget	1	310024
1211.1558394907427	1.0	NonTarget	1	310056
1211.280839448375	1.0	NonTarget	1	310088
1211.4058394060075	1.0	NonTarget	1	310120
1211.53083936364	1.0	NonTarget	1	310152
1211.6558393212727	1.0	NonTarget	1	310184
1211.7808392789052	1.0	NonTarget	1	310216
1211.9058392365375	1.0	NonTarget	1	310248
1212.03083919417	1.0	NonTarget	1	310280
1212.1558391518026	1.0	NonTarget	1	310312
1212.2808391094352	1.0	NonTarget	1	310344
1212.4058390670677	1.0	NonTarget	1	310376
1212.5308390247	1.0	NonTarget	1	310408
1212.6558389823326	1.0	NonTarget	1	310440
1212.7808389399652	1.0	NonTarget	1	310472
1212.9058388975977	1.0	NonTarget	1	310504
1213.03083885523	1.0	NonTarget	1	310536
1213.1558388128626	1.0	NonTarget	1	310568
1213.2808387704952	1.0	NonTarget	1	310600
1213.4058387281277	1.0	NonTarget	1	310632
1213.5308386857603	1.0	NonTarget	1	310664
1213.6558386433926	1.0	NonTarget	1	310696
1213.7808386010252	1.0	NonTarget	1	310728
1213.9058385586577	1.0	NonTarget	1	310760
1214.0308385162903	1.0	NonTarget	1	310792
1214.1558384739228	1.0	NonTarget	1	310824
1214.2808384315551	1.0	NonTarget	1	310856
1214.4058383891877	1.0	NonTarget	1	310888
1214.5308383468202	1.0	NonTarget	1	310920
1214.6558383044528	1.0	NonTarget	1	310952
1214.7808382620851	1.0	NonTarget	1	310984
1214.9058382197177	1.0	NonTarget	1	311016
1215.0308381773502	1.0	NonTarget	1	311048
1215.1558381349828	1.0	NonTarget	1	311080
1215.2808380926153	1.0	NonTarget	1	311112
1215.4058380502477	1.0	NonTarget	1	311144
1215.5308380078802	1.0	NonTarget	1	311176
1215.6558379655128	1.0	NonTarget	1	311208
1215.7808379231453	1.0	NonTarget	1	311240
1215.9058378807777	1.0	NonTarget	1	311272
1216.0308378384102	1.0	NonTarget	1	311304
1216.1558377960428	1.0	NonTarget	1	311336
1216.2808377536753	1.0	NonTarget	1	311368
1216.4058377113079	1.0	NonTarget	1	311400
1216.5308376689402	1.0	NonTarget	1	311432
1216.6558376265727	1.0	NonTarget	1	311464
1216.7808375842053	1.0	NonTarget	1	311496
1216.9058375418379	1.0	NonTarget	1	311528
1217.0308374994704	1.0	NonTarget	1	311560
1217.1558374571027	1.0	NonTarget	1	311592
1217.2808374147353	1.0	NonTarget	1	311624
1217.4058373723678	1.0	NonTarget	1	311656
1217.5308373300004	1.0	NonTarget	1	311688
1217.6558372876327	1.0	NonTarget	1	311720
1217.7808372452653	1.0	NonTarget	1	311752
1217.9058372028978	1.0	NonTarget	1	311784
1218.0308371605304	1.0	NonTarget	1	311816
1218.155837118163	1.0	NonTarget	1	311848
1218.2808370757953	1.0	NonTarget	1	311880
1218.4058370334278	1.0	NonTarget	1	311912
1218.5308369910604	1.0	NonTarget	1	311944
1218.655836948693	1.0	NonTarget	1	311976
1218.7808369063255	1.0	NonTarget	1	312008
1218.9058368639578	1.0	NonTarget	1	312040
1219.0308368215904	1.0	NonTarget	1	312072
1219.155836779223	1.0	NonTarget	1	312104
1219.2808367368555	1.0	NonTarget	1	312136
1219.4058366944878	1.0	NonTarget	1	312168
1219.5308366521203	1.0	NonTarget	1	312200
1219.655836609753	1.0	NonTarget	1	312232
1219.7808365673854	1.0	NonTarget	1	312264
1219.905836525018	1.0	NonTarget	1	312296
1220.0308364826503	1.0	NonTarget	1	312328
1220.1558364402829	1.0	NonTarget	1	312360
1220.2808363979154	1.0	NonTarget	1	312392
1220.405836355548	1.0	NonTarget	1	312424
1220.5308363131803	1.0	NonTarget	1	312456
1220.6558362708129	1.0	NonTarget	1	312488
1220.7808362284454	1.0	NonTarget	1	312520
1220.905836186078	1.0	NonTarget	1	312552
1221.0308361437105	1.0	NonTarget	1	312584
1221.1558361013429	1.0	NonTarget	1	312616
1221.2808360589754	1.0	NonTarget	1	312648
1221.405836016608	1.0	NonTarget	1	312680
1221.5308359742405	1.0	NonTarget	1	312712
1221.655835931873	1.0	NonTarget	1	312744
1221.7808358895054	1.0	NonTarget	1	312776
1221.905835847138	1.0	NonTarget	1	312808
1222.0308358047705	1.0	NonTarget	1	312840
1222.155835762403	1.0	NonTarget	1	312872
1222.2808357200354	1.0	NonTarget	1	312904
1222.405835677668	1.0	NonTarget	1	312936
1228.5308336016608	1.0	NonTarget	1	314504
1228.6558335592931	1.0	NonTarget	1	314536
1228.7808335169257	1.0	NonTarget	1	314568
1228.9058334745582	1.0	NonTarget	1	314600
1229.0308334321908	1.0	NonTarget	1	314632
1229.1558333898233	1.0	NonTarget	1	314664
1229.2808333474557	1.0	NonTarget	1	314696
1229.4058333050882	1.0	NonTarget	1	314728
1229.5308332627208	1.0	NonTarget	1	314760
1229.6558332203533	1.0	NonTarget	1	314792
1229.7808331779856	1.0	NonTarget	1	314824
1229.9058331356182	1.0	NonTarget	1	314856
1230.0308330932507	1.0	NonTarget	1	314888
1230.1558330508833	1.0	NonTarget	1	314920
1230.2808330085159	1.0	NonTarget	1	314952
1230.4058329661482	1.0	NonTarget	1	314984
1230.5308329237807	1.0	NonTarget	1	315016
1230.6558328814133	1.0	NonTarget	1	315048
1230.7808328390458	1.0	NonTarget	1	315080
1230.9058327966784	1.0	NonTarget	1	315112
1231.0308327543107	1.0	NonTarget	1	315144
1231.1558327119433	1.0	NonTarget	1	315176
1231.2808326695758	1.0	NonTarget	1	315208
1231.4058326272084	1.0	NonTarget	1	315240
1231.5308325848407	1.0	NonTarget	1	315272
1231.6558325424733	1.0	NonTarget	1	315304
1231.7808325001058	1.0	NonTarget	1	315336
1231.9058324577384	1.0	NonTarget	1	315368
1232.030832415371	1.0	NonTarget	1	315400
1232.1558323730032	1.0	NonTarget	1	315432
1232.2808323306358	1.0	NonTarget	1	315464
1232.4058322882684	1.0	NonTarget	1	315496
1232.530832245901	1.0	NonTarget	1	315528
1232.6558322035332	1.0	NonTarget	1	315560
1232.7808321611658	1.0	NonTarget	1	315592
1232.9058321187983	1.0	NonTarget	1	315624
1233.030832076431	1.0	NonTarget	1	315656
1233.1558320340635	1.0	NonTarget	1	315688
1233.2808319916958	1.0	NonTarget	1	315720
1233.4058319493283	1.0	NonTarget	1	315752
1233.5308319069609	1.0	NonTarget	1	315784
1233.6558318645934	1.0	NonTarget	1	315816
1233.780831822226	1.0	NonTarget	1	315848
1233.9058317798583	1.0	NonTarget	1	315880
1234.0308317374909	1.0	NonTarget	1	315912
1234.1558316951234	1.0	NonTarget	1	315944
1234.280831652756	1.0	NonTarget	1	315976
1234.4058316103883	1.0	NonTarget	1	316008
1234.5308315680209	1.0	NonTarget	1	316040
1234.6558315256534	1.0	NonTarget	1	316072
1234.780831483286	1.0	NonTarget	1	316104
1234.9058314409185	1.0	NonTarget	1	316136
1235.0308313985508	1.0	NonTarget	1	316168
1235.1558313561834	1.0	NonTarget	1	316200
1235.280831313816	1.0	NonTarget	1	316232
1235.4058312714485	1.0	NonTarget	1	316264
1235.5308312290808	1.0	NonTarget	1	316296
1235.6558311867134	1.0	NonTarget	1	316328
1235.780831144346	1.0	NonTarget	1	316360
1235.9058311019785	1.0	NonTarget	1	316392
1236.030831059611	1.0	NonTarget	1	316424
1236.1558310172434	1.0	NonTarget	1	316456
1236.280830974876	1.0	NonTarget	1	316488
1236.4058309325085	1.0	NonTarget	1	316520
1236.530830890141	1.0	NonTarget	1	316552
1236.6558308477736	1.0	NonTarget	1	316584
1236.780830805406	1.0	NonTarget	1	316616
1236.9058307630385	1.0	NonTarget	1	316648
1237.030830720671	1.0	NonTarget	1	316680
1237.1558306783036	1.0	NonTarget	1	316712
1237.280830635936	1.0	NonTarget	1	316744
1237.4058305935685	1.0	NonTarget	1	316776
1237.530830551201	1.0	NonTarget	1	316808
1237.6558305088336	1.0	NonTarget	1	316840
1237.780830466466	1.0	NonTarget	1	316872
1237.9058304240984	1.0	NonTarget	1	316904
1238.030830381731	1.0	NonTarget	1	316936
1238.1558303393635	1.0	NonTarget	1	316968
1238.280830296996	1.0	NonTarget	1	317000
1238.4058302546287	1.0	NonTarget	1	317032
1238.530830212261	1.0	NonTarget	1	317064
1238.6558301698935	1.0	NonTarget	1	317096
1238.780830127526	1.0	NonTarget	1	317128
1238.9058300851586	1.0	NonTarget	1	317160
1239.030830042791	1.0	NonTarget	1	317192
1239.1558300004235	1.0	NonTarget	1	317224
1239.280829958056	1.0	NonTarget	1	317256
1239.4058299156886	1.0	NonTarget	1	317288
1239.5308298733212	1.0	NonTarget	1	317320
1239.6558298309535	1.0	NonTarget	1	317352
1239.780829788586	1.0	NonTarget	1	317384
1239.9058297462186	1.0	NonTarget	1	317416
1240.0308297038512	1.0	NonTarget	1	317448
1240.1558296614835	1.0	NonTarget	1	317480
1240.280829619116	1.0	NonTarget	1	317512
1240.4058295767486	1.0	NonTarget	1	317544
1246.5308275007412	1.0	NonTarget	1	319112
1246.6558274583738	1.0	NonTarget	1	319144
1246.7808274160063	1.0	NonTarget	1	319176
1246.9058273736389	1.0	NonTarget	1	319208
1247.0308273312714	1.0	NonTarget	1	319240
1247.1558272889038	1.0	NonTarget	1	319272
1247.2808272465363	1.0	NonTarget	1	319304
1247.4058272041689	1.0	NonTarget	1	319336
1247.5308271618014	1.0	NonTarget	1	319368
1247.6558271194338	1.0	NonTarget	1	319400
1247.7808270770663	1.0	NonTarget	1	319432
1247.9058270346989	1.0	NonTarget	1	319464
1248.0308269923314	1.0	NonTarget	1	319496
1248.155826949964	1.0	NonTarget	1	319528
1248.2808269075963	1.0	NonTarget	1	319560
1248.4058268652288	1.0	NonTarget	1	319592
1248.5308268228614	1.0	NonTarget	1	319624
1248.655826780494	1.0	NonTarget	1	319656
1248.7808267381265	1.0	NonTarget	1	319688
1248.9058266957588	1.0	NonTarget	1	319720
1249.0308266533914	1.0	NonTarget	1	319752
1249.155826611024	1.0	NonTarget	1	319784
1249.2808265686565	1.0	NonTarget	1	319816
1249.4058265262888	1.0	NonTarget	1	319848
1249.5308264839214	1.0	NonTarget	1	319880
1249.655826441554	1.0	NonTarget	1	319912
1249.7808263991865	1.0	NonTarget	1	319944
1249.905826356819	1.0	NonTarget	1	319976
1250.0308263144514	1.0	NonTarget	1	320008
1250.155826272084	1.0	NonTarget	1	320040
1250.2808262297165	1.0	NonTarget	1	320072
1250.405826187349	1.0	NonTarget	1	320104
1250.5308261449816	1.0	NonTarget	1	320136
1250.655826102614	1.0	NonTarget	1	320168
1250.7808260602465	1.0	NonTarget	1	320200
1250.905826017879	1.0	NonTarget	1	320232
1251.0308259755116	1.0	NonTarget	1	320264
1251.155825933144	1.0	NonTarget	1	320296
1251.2808258907764	1.0	NonTarget	1	320328
1251.405825848409	1.0	NonTarget	1	320360
1251.5308258060415	1.0	NonTarget	1	320392
1251.655825763674	1.0	NonTarget	1	320424
1251.7808257213064	1.0	NonTarget	1	320456
1251.905825678939	1.0	NonTarget	1	320488
1252.0308256365715	1.0	NonTarget	1	320520
1252.155825594204	1.0	NonTarget	1	320552
1252.2808255518364	1.0	NonTarget	1	320584
1252.405825509469	1.0	NonTarget	1	320616
1252.5308254671015	1.0	NonTarget	1	320648
1252.655825424734	1.0	NonTarget	1	320680
1252.7808253823666	1.0	NonTarget	1	320712
1252.905825339999	1.0	NonTarget	1	320744
1253.0308252976315	1.0	NonTarget	1	320776
1253.155825255264	1.0	NonTarget	1	320808
1253.2808252128966	1.0	NonTarget	1	320840
1253.4058251705292	1.0	NonTarget	1	320872
1253.5308251281615	1.0	NonTarget	1	320904
1253.655825085794	1.0	NonTarget	1	320936
1253.7808250434266	1.0	NonTarget	1	320968
1253.9058250010592	1.0	NonTarget	1	321000
1254.0308249586915	1.0	NonTarget	1	321032
1254.155824916324	1.0	NonTarget	1	321064
1254.2808248739566	1.0	NonTarget	1	321096
1254.4058248315891	1.0	NonTarget	1	321128
1254.5308247892217	1.0	NonTarget	1	321160
1254.655824746854	1.0	NonTarget	1	321192
1254.7808247044866	1.0	NonTarget	1	321224
1254.9058246621191	1.0	NonTarget	1	321256
1255.0308246197517	1.0	NonTarget	1	321288
1255.155824577384	1.0	NonTarget	1	321320
1255.2808245350166	1.0	NonTarget	1	321352
1255.4058244926491	1.0	NonTarget	1	321384
1255.5308244502817	1.0	NonTarget	1	321416
1255.6558244079142	1.0	NonTarget	1	321448
1255.7808243655466	1.0	NonTarget	1	321480
1255.905824323179	1.0	NonTarget	1	321512
1256.0308242808117	1.0	NonTarget	1	321544
1256.1558242384442	1.0	NonTarget	1	321576
1256.2808241960768	1.0	NonTarget	1	321608
1256.405824153709	1.0	NonTarget	1	321640
1256.5308241113416	1.0	NonTarget	1	321672
1256.6558240689742	1.0	NonTarget	1	321704
1256.7808240266068	1.0	NonTarget	1	321736
1256.905823984239	1.0	NonTarget	1	321768
1257.0308239418716	1.0	NonTarget	1	321800
1257.1558238995042	1.0	NonTarget	1	321832
1257.2808238571367	1.0	NonTarget	1	321864
1257.4058238147693	1.0	NonTarget	1	321896
1257.5308237724016	1.0	NonTarget	1	321928
1257.6558237300342	1.0	NonTarget	1	321960
1257.7808236876667	1.0	NonTarget	1	321992
1257.9058236452993	1.0	NonTarget	1	322024
1258.0308236029318	1.0	NonTarget	1	322056
1258.1558235605642	1.0	NonTarget	1	322088
1258.2808235181967	1.0	NonTarget	1	322120
1258.4058234758293	1.0	NonTarget	1	322152
1264.530821399822	1.0	NonTarget	1	323720
1264.6558213574544	1.0	NonTarget	1	323752
1264.780821315087	1.0	NonTarget	1	323784
1264.9058212727195	1.0	NonTarget	1	323816
1265.0308212303519	1.0	NonTarget	1	323848
1265.1558211879844	1.0	NonTarget	1	323880
1265.280821145617	1.0	NonTarget	1	323912
1265.4058211032495	1.0	NonTarget	1	323944
1265.530821060882	1.0	NonTarget	1	323976
1265.6558210185144	1.0	NonTarget	1	324008
1265.780820976147	1.0	NonTarget	1	324040
1265.9058209337795	1.0	NonTarget	1	324072
1266.030820891412	1.0	NonTarget	1	324104
1266.1558208490444	1.0	NonTarget	1	324136
1266.280820806677	1.0	NonTarget	1	324168
1266.4058207643095	1.0	NonTarget	1	324200
1266.530820721942	1.0	NonTarget	1	324232
1266.6558206795746	1.0	NonTarget	1	324264
1266.780820637207	1.0	NonTarget	1	324296
1266.9058205948395	1.0	NonTarget	1	324328
1267.030820552472	1.0	NonTarget	1	324360
1267.1558205101046	1.0	NonTarget	1	324392
1267.280820467737	1.0	NonTarget	1	324424
1267.4058204253695	1.0	NonTarget	1	324456
1267.530820383002	1.0	NonTarget	1	324488
1267.6558203406346	1.0	NonTarget	1	324520
1267.7808202982671	1.0	NonTarget	1	324552
1267.9058202558995	1.0	NonTarget	1	324584
1268.030820213532	1.0	NonTarget	1	324616
1268.1558201711646	1.0	NonTarget	1	324648
1268.2808201287971	1.0	NonTarget	1	324680
1268.4058200864297	1.0	NonTarget	1	324712
1268.530820044062	1.0	NonTarget	1	324744
1268.6558200016946	1.0	NonTarget	1	324776
1268.7808199593271	1.0	NonTarget	1	324808
1268.9058199169597	1.0	NonTarget	1	324840
1269.030819874592	1.0	NonTarget	1	324872
1269.1558198322246	1.0	NonTarget	1	324904
1269.280819789857	1.0	NonTarget	1	324936
1269.4058197474897	1.0	NonTarget	1	324968
1269.5308197051222	1.0	NonTarget	1	325000
1269.6558196627545	1.0	NonTarget	1	325032
1269.780819620387	1.0	NonTarget	1	325064
1269.9058195780196	1.0	NonTarget	1	325096
1270.0308195356522	1.0	NonTarget	1	325128
1270.1558194932848	1.0	NonTarget	1	325160
1270.280819450917	1.0	NonTarget	1	325192
1270.4058194085496	1.0	NonTarget	1	325224
1270.5308193661822	1.0	NonTarget	1	325256
1270.6558193238147	1.0	NonTarget	1	325288
1270.780819281447	1.0	NonTarget	1	325320
1270.9058192390796	1.0	NonTarget	1	325352
1271.0308191967122	1.0	NonTarget	1	325384
1271.1558191543447	1.0	NonTarget	1	325416
1271.2808191119773	1.0	NonTarget	1	325448
1271.4058190696096	1.0	NonTarget	1	325480
1271.5308190272422	1.0	NonTarget	1	325512
1271.6558189848747	1.0	NonTarget	1	325544
1271.7808189425073	1.0	NonTarget	1	325576
1271.9058189001396	1.0	NonTarget	1	325608
1272.0308188577721	1.0	NonTarget	1	325640
1272.1558188154047	1.0	NonTarget	1	325672
1272.2808187730373	1.0	NonTarget	1	325704
1272.4058187306698	1.0	NonTarget	1	325736
1272.5308186883021	1.0	NonTarget	1	325768
1272.6558186459347	1.0	NonTarget	1	325800
1272.7808186035672	1.0	NonTarget	1	325832
1272.9058185611998	1.0	NonTarget	1	325864
1273.0308185188323	1.0	NonTarget	1	325896
1273.1558184764647	1.0	NonTarget	1	325928
1273.2808184340972	1.0	NonTarget	1	325960
1273.4058183917298	1.0	NonTarget	1	325992
1273.5308183493623	1.0	NonTarget	1	326024
1273.6558183069947	1.0	NonTarget	1	326056
1273.7808182646272	1.0	NonTarget	1	326088
1273.9058182222598	1.0	NonTarget	1	326120
1274.0308181798923	1.0	NonTarget	1	326152
1274.1558181375249	1.0	NonTarget	1	326184
1274.2808180951572	1.0	NonTarget	1	326216
1274.4058180527898	1.0	NonTarget	1	326248
1274.5308180104223	1.0	NonTarget	1	326280
1274.6558179680549	1.0	NonTarget	1	326312
1274.7808179256874	1.0	NonTarget	1	326344
1274.9058178833197	1.0	NonTarget	1	326376
1275.0308178409523	1.0	NonTarget	1	326408
1275.1558177985848	1.0	NonTarget	1	326440
1275.2808177562174	1.0	NonTarget	1	326472
1275.4058177138497	1.0	NonTarget	1	326504
1275.5308176714823	1.0	NonTarget	1	326536
1275.6558176291148	1.0	NonTarget	1	326568
1275.7808175867474	1.0	NonTarget	1	326600
1275.90581754438	1.0	NonTarget	1	326632
1276.0308175020123	1.0	NonTarget	1	326664
1276.1558174596448	1.0	NonTarget	1	326696
1276.2808174172774	1.0	NonTarget	1	326728
1276.40581737491	1.0	NonTarget	1	326760
1282.5308152989026	1.0	NonTarget	1	328328
1282.655815256535	1.0	NonTarget	1	328360
1282.7808152141677	1.0	NonTarget	1	328392
1282.9058151718	1.0	NonTarget	1	328424
1283.0308151294325	1.0	NonTarget	1	328456
1283.155815087065	1.0	NonTarget	1	328488
1283.2808150446976	1.0	NonTarget	1	328520
1283.4058150023302	1.0	NonTarget	1	328552
1283.5308149599625	1.0	NonTarget	1	328584
1283.655814917595	1.0	NonTarget	1	328616
1283.7808148752276	1.0	NonTarget	1	328648
1283.9058148328602	1.0	NonTarget	1	328680
1284.0308147904925	1.0	NonTarget	1	328712
1284.155814748125	1.0	NonTarget	1	328744
1284.2808147057576	1.0	NonTarget	1	328776
1284.4058146633902	1.0	NonTarget	1	328808
1284.5308146210227	1.0	NonTarget	1	328840
1284.655814578655	1.0	NonTarget	1	328872
1284.7808145362876	1.0	NonTarget	1	328904
1284.9058144939202	1.0	NonTarget	1	328936
1285.0308144515527	1.0	NonTarget	1	328968
1285.1558144091853	1.0	NonTarget	1	329000
1285.2808143668176	1.0	NonTarget	1	329032
1285.4058143244501	1.0	NonTarget	1	329064
1285.5308142820827	1.0	NonTarget	1	329096
1285.6558142397153	1.0	NonTarget	1	329128
1285.7808141973476	1.0	NonTarget	1	329160
1285.9058141549801	1.0	NonTarget	1	329192
1286.0308141126127	1.0	NonTarget	1	329224
1286.1558140702452	1.0	NonTarget	1	329256
1286.2808140278778	1.0	NonTarget	1	329288
1286.4058139855101	1.0	NonTarget	1	329320
1286.5308139431427	1.0	NonTarget	1	329352
1286.6558139007752	1.0	NonTarget	1	329384
1286.7808138584078	1.0	NonTarget	1	329416
1286.9058138160403	1.0	NonTarget	1	329448
1287.0308137736727	1.0	NonTarget	1	329480
1287.1558137313052	1.0	NonTarget	1	329512
1287.2808136889378	1.0	NonTarget	1	329544
1287.4058136465703	1.0	NonTarget	1	329576
1287.5308136042026	1.0	NonTarget	1	329608
1287.6558135618352	1.0	NonTarget	1	329640
1287.7808135194678	1.0	NonTarget	1	329672
1287.9058134771003	1.0	NonTarget	1	329704
1288.0308134347329	1.0	NonTarget	1	329736
1288.1558133923652	1.0	NonTarget	1	329768
1288.2808133499977	1.0	NonTarget	1	329800
1288.4058133076303	1.0	NonTarget	1	329832
1288.5308132652629	1.0	NonTarget	1	329864
1288.6558132228952	1.0	NonTarget	1	329896
1288.7808131805277	1.0	NonTarget	1	329928
1288.9058131381603	1.0	NonTarget	1	329960
1289.0308130957928	1.0	NonTarget	1	329992
1289.1558130534254	1.0	NonTarget	1	330024
1289.2808130110577	1.0	NonTarget	1	330056
1289.4058129686903	1.0	NonTarget	1	330088
1289.5308129263228	1.0	NonTarget	1	330120
1289.6558128839554	1.0	NonTarget	1	330152
1289.780812841588	1.0	NonTarget	1	330184
1289.9058127992203	1.0	NonTarget	1	330216
1290.0308127568528	1.0	NonTarget	1	330248
1290.1558127144854	1.0	NonTarget	1	330280
1290.280812672118	1.0	NonTarget	1	330312
1290.4058126297502	1.0	NonTarget	1	330344
1290.5308125873828	1.0	NonTarget	1	330376
1290.6558125450154	1.0	NonTarget	1	330408
1290.780812502648	1.0	NonTarget	1	330440
1290.9058124602805	1.0	NonTarget	1	330472
1291.0308124179128	1.0	NonTarget	1	330504
1291.1558123755453	1.0	NonTarget	1	330536
1291.280812333178	1.0	NonTarget	1	330568
1291.4058122908104	1.0	NonTarget	1	330600
1291.5308122484428	1.0	NonTarget	1	330632
1291.6558122060753	1.0	NonTarget	1	330664
1291.7808121637079	1.0	NonTarget	1	330696
1291.9058121213404	1.0	NonTarget	1	330728
1292.030812078973	1.0	NonTarget	1	330760
1292.1558120366053	1.0	NonTarget	1	330792
1292.2808119942379	1.0	NonTarget	1	330824
1292.4058119518704	1.0	NonTarget	1	330856
1292.530811909503	1.0	NonTarget	1	330888
1292.6558118671355	1.0	NonTarget	1	330920
1292.7808118247679	1.0	NonTarget	1	330952
1292.9058117824004	1.0	NonTarget	1	330984
1293.030811740033	1.0	NonTarget	1	331016
1293.1558116976655	1.0	NonTarget	1	331048
1293.2808116552978	1.0	NonTarget	1	331080
1293.4058116129304	1.0	NonTarget	1	331112
1293.530811570563	1.0	NonTarget	1	331144
1293.6558115281955	1.0	NonTarget	1	331176
1293.780811485828	1.0	NonTarget	1	331208
1293.9058114434604	1.0	NonTarget	1	331240
1294.030811401093	1.0	NonTarget	1	331272
1294.1558113587255	1.0	NonTarget	1	331304
1294.280811316358	1.0	NonTarget	1	331336
1294.4058112739906	1.0	NonTarget	1	331368
1300.5308091979832	1.0	NonTarget	1	332936
1300.6558091556158	1.0	NonTarget	1	332968
1300.780809113248	1.0	NonTarget	1	333000
1300.9058090708807	1.0	NonTarget	1	333032
1301.0308090285132	1.0	NonTarget	1	333064
1301.1558089861458	1.0	NonTarget	1	333096
1301.2808089437783	1.0	NonTarget	1	333128
1301.4058089014106	1.0	NonTarget	1	333160
1301.5308088590432	1.0	NonTarget	1	333192
1301.6558088166757	1.0	NonTarget	1	333224
1301.7808087743083	1.0	NonTarget	1	333256
1301.9058087319409	1.0	NonTarget	1	333288
1302.0308086895732	1.0	NonTarget	1	333320
1302.1558086472057	1.0	NonTarget	1	333352
1302.2808086048383	1.0	NonTarget	1	333384
1302.4058085624708	1.0	NonTarget	1	333416
1302.5308085201032	1.0	NonTarget	1	333448
1302.6558084777357	1.0	NonTarget	1	333480
1302.7808084353683	1.0	NonTarget	1	333512
1302.9058083930008	1.0	NonTarget	1	333544
1303.0308083506334	1.0	NonTarget	1	333576
1303.1558083082657	1.0	NonTarget	1	333608
1303.2808082658983	1.0	NonTarget	1	333640
1303.4058082235308	1.0	NonTarget	1	333672
1303.5308081811634	1.0	NonTarget	1	333704
1303.6558081387957	1.0	NonTarget	1	333736
1303.7808080964282	1.0	NonTarget	1	333768
1303.9058080540608	1.0	NonTarget	1	333800
1304.0308080116934	1.0	NonTarget	1	333832
1304.155807969326	1.0	NonTarget	1	333864
1304.2808079269582	1.0	NonTarget	1	333896
1304.4058078845908	1.0	NonTarget	1	333928
1304.5308078422233	1.0	NonTarget	1	333960
1304.655807799856	1.0	NonTarget	1	333992
1304.7808077574884	1.0	NonTarget	1	334024
1304.9058077151208	1.0	NonTarget	1	334056
1305.0308076727533	1.0	NonTarget	1	334088
1305.1558076303859	1.0	NonTarget	1	334120
1305.2808075880184	1.0	NonTarget	1	334152
1305.4058075456508	1.0	NonTarget	1	334184
1305.5308075032833	1.0	NonTarget	1	334216
1305.6558074609159	1.0	NonTarget	1	334248
1305.7808074185484	1.0	NonTarget	1	334280
1305.905807376181	1.0	NonTarget	1	334312
1306.0308073338133	1.0	NonTarget	1	334344
1306.1558072914459	1.0	NonTarget	1	334376
1306.2808072490784	1.0	NonTarget	1	334408
1306.405807206711	1.0	NonTarget	1	334440
1306.5308071643435	1.0	NonTarget	1	334472
1306.6558071219758	1.0	NonTarget	1	334504
1306.7808070796084	1.0	NonTarget	1	334536
1306.905807037241	1.0	NonTarget	1	334568
1307.0308069948735	1.0	NonTarget	1	334600
1307.1558069525058	1.0	NonTarget	1	334632
1307.2808069101384	1.0	NonTarget	1	334664
1307.405806867771	1.0	NonTarget	1	334696
1307.5308068254035	1.0	NonTarget	1	334728
1307.655806783036	1.0	NonTarget	1	334760
1307.7808067406684	1.0	NonTarget	1	334792
1307.905806698301	1.0	NonTarget	1	334824
1308.0308066559335	1.0	NonTarget	1	334856
1308.155806613566	1.0	NonTarget	1	334888
1308.2808065711984	1.0	NonTarget	1	334920
1308.405806528831	1.0	NonTarget	1	334952
1308.5308064864635	1.0	NonTarget	1	334984
1308.655806444096	1.0	NonTarget	1	335016
1308.7808064017286	1.0	NonTarget	1	335048
1308.905806359361	1.0	NonTarget	1	335080
1309.0308063169934	1.0	NonTarget	1	335112
1309.155806274626	1.0	NonTarget	1	335144
1309.2808062322586	1.0	NonTarget	1	335176
1309.405806189891	1.0	NonTarget	1	335208
1309.5308061475234	1.0	NonTarget	1	335240
1309.655806105156	1.0	NonTarget	1	335272
1309.7808060627885	1.0	NonTarget	1	335304
1309.905806020421	1.0	NonTarget	1	335336
1310.0308059780534	1.0	NonTarget	1	335368
1310.155805935686	1.0	NonTarget	1	335400
1310.2808058933185	1.0	NonTarget	1	335432
1310.405805850951	1.0	NonTarget	1	335464
1310.5308058085836	1.0	NonTarget	1	335496
1310.655805766216	1.0	NonTarget	1	335528
1310.7808057238485	1.0	NonTarget	1	335560
1310.905805681481	1.0	NonTarget	1	335592
1311.0308056391136	1.0	NonTarget	1	335624
1311.1558055967462	1.0	NonTarget	1	335656
1311.2808055543785	1.0	NonTarget	1	335688
1311.405805512011	1.0	NonTarget	1	335720
1311.5308054696436	1.0	NonTarget	1	335752
1311.6558054272762	1.0	NonTarget	1	335784
1311.7808053849085	1.0	NonTarget	1	335816
1311.905805342541	1.0	NonTarget	1	335848
1312.0308053001736	1.0	NonTarget	1	335880
1312.1558052578062	1.0	NonTarget	1	335912
1312.2808052154387	1.0	NonTarget	1	335944
1312.405805173071	1.0	NonTarget	1	335976
1318.5308030970639	1.0	NonTarget	1	337544
1318.6558030546964	1.0	NonTarget	1	337576
1318.7808030123288	1.0	NonTarget	1	337608
1318.9058029699613	1.0	NonTarget	1	337640
1319.0308029275939	1.0	NonTarget	1	337672
1319.1558028852264	1.0	NonTarget	1	337704
1319.2808028428587	1.0	NonTarget	1	337736
1319.4058028004913	1.0	NonTarget	1	337768
1319.5308027581239	1.0	NonTarget	1	337800
1319.6558027157564	1.0	NonTarget	1	337832
1319.780802673389	1.0	NonTarget	1	337864
1319.9058026310213	1.0	NonTarget	1	337896
1320.0308025886538	1.0	NonTarget	1	337928
1320.1558025462864	1.0	NonTarget	1	337960
1320.280802503919	1.0	NonTarget	1	337992
1320.4058024615513	1.0	NonTarget	1	338024
1320.5308024191838	1.0	NonTarget	1	338056
1320.6558023768164	1.0	NonTarget	1	338088
1320.780802334449	1.0	NonTarget	1	338120
1320.9058022920815	1.0	NonTarget	1	338152
1321.0308022497138	1.0	NonTarget	1	338184
1321.1558022073464	1.0	NonTarget	1	338216
1321.280802164979	1.0	NonTarget	1	338248
1321.4058021226115	1.0	NonTarget	1	338280
1321.530802080244	1.0	NonTarget	1	338312
1321.6558020378764	1.0	NonTarget	1	338344
1321.780801995509	1.0	NonTarget	1	338376
1321.9058019531415	1.0	NonTarget	1	338408
1322.030801910774	1.0	NonTarget	1	338440
1322.1558018684063	1.0	NonTarget	1	338472
1322.280801826039	1.0	NonTarget	1	338504
1322.4058017836714	1.0	NonTarget	1	338536
1322.530801741304	1.0	NonTarget	1	338568
1322.6558016989366	1.0	NonTarget	1	338600
1322.7808016565689	1.0	NonTarget	1	338632
1322.9058016142014	1.0	NonTarget	1	338664
1323.030801571834	1.0	NonTarget	1	338696
1323.1558015294665	1.0	NonTarget	1	338728
1323.280801487099	1.0	NonTarget	1	338760
1323.4058014447314	1.0	NonTarget	1	338792
1323.530801402364	1.0	NonTarget	1	338824
1323.6558013599965	1.0	NonTarget	1	338856
1323.780801317629	1.0	NonTarget	1	338888
1323.9058012752614	1.0	NonTarget	1	338920
1324.030801232894	1.0	NonTarget	1	338952
1324.1558011905265	1.0	NonTarget	1	338984
1324.280801148159	1.0	NonTarget	1	339016
1324.4058011057916	1.0	NonTarget	1	339048
1324.530801063424	1.0	NonTarget	1	339080
1324.6558010210565	1.0	NonTarget	1	339112
1324.780800978689	1.0	NonTarget	1	339144
1324.9058009363216	1.0	NonTarget	1	339176
1325.030800893954	1.0	NonTarget	1	339208
1325.1558008515865	1.0	NonTarget	1	339240
1325.280800809219	1.0	NonTarget	1	339272
1325.4058007668516	1.0	NonTarget	1	339304
1325.5308007244842	1.0	NonTarget	1	339336
1325.6558006821165	1.0	NonTarget	1	339368
1325.780800639749	1.0	NonTarget	1	339400
1325.9058005973816	1.0	NonTarget	1	339432
1326.0308005550141	1.0	NonTarget	1	339464
1326.1558005126467	1.0	NonTarget	1	339496
1326.280800470279	1.0	NonTarget	1	339528
1326.4058004279116	1.0	NonTarget	1	339560
1326.5308003855441	1.0	NonTarget	1	339592
1326.6558003431767	1.0	NonTarget	1	339624
1326.780800300809	1.0	NonTarget	1	339656
1326.9058002584416	1.0	NonTarget	1	339688
1327.030800216074	1.0	NonTarget	1	339720
1327.1558001737067	1.0	NonTarget	1	339752
1327.2808001313392	1.0	NonTarget	1	339784
1327.4058000889715	1.0	NonTarget	1	339816
1327.530800046604	1.0	NonTarget	1	339848
1327.6558000042367	1.0	NonTarget	1	339880
1327.7807999618692	1.0	NonTarget	1	339912
1327.9057999195015	1.0	NonTarget	1	339944
1328.030799877134	1.0	NonTarget	1	339976
1328.1557998347666	1.0	NonTarget	1	340008
1328.2807997923992	1.0	NonTarget	1	340040
1328.4057997500317	1.0	NonTarget	1	340072
1328.530799707664	1.0	NonTarget	1	340104
1328.6557996652966	1.0	NonTarget	1	340136
1328.7807996229292	1.0	NonTarget	1	340168
1328.9057995805617	1.0	NonTarget	1	340200
1329.0307995381943	1.0	NonTarget	1	340232
1329.1557994958266	1.0	NonTarget	1	340264
1329.2807994534592	1.0	NonTarget	1	340296
1329.4057994110917	1.0	NonTarget	1	340328
1329.5307993687243	1.0	NonTarget	1	340360
1329.6557993263566	1.0	NonTarget	1	340392
1329.7807992839892	1.0	NonTarget	1	340424
1329.9057992416217	1.0	NonTarget	1	340456
1330.0307991992543	1.0	NonTarget	1	340488
1330.1557991568868	1.0	NonTarget	1	340520
1330.2807991145191	1.0	NonTarget	1	340552
1330.4057990721517	1.0	NonTarget	1	340584
1336.5307969961445	1.0	NonTarget	1	342152
1336.6557969537769	1.0	NonTarget	1	342184
1336.7807969114094	1.0	NonTarget	1	342216
1336.905796869042	1.0	NonTarget	1	342248
1337.0307968266745	1.0	NonTarget	1	342280
1337.1557967843069	1.0	NonTarget	1	342312
1337.2807967419394	1.0	NonTarget	1	342344
1337.405796699572	1.0	NonTarget	1	342376
1337.5307966572045	1.0	NonTarget	1	342408
1337.655796614837	1.0	NonTarget	1	342440
1337.7807965724694	1.0	NonTarget	1	342472
1337.905796530102	1.0	NonTarget	1	342504
1338.0307964877345	1.0	NonTarget	1	342536
1338.155796445367	1.0	NonTarget	1	342568
1338.2807964029996	1.0	NonTarget	1	342600
1338.405796360632	1.0	NonTarget	1	342632
1338.5307963182645	1.0	NonTarget	1	342664
1338.655796275897	1.0	NonTarget	1	342696
1338.7807962335296	1.0	NonTarget	1	342728
1338.905796191162	1.0	NonTarget	1	342760
1339.0307961487945	1.0	NonTarget	1	342792
1339.155796106427	1.0	NonTarget	1	342824
1339.2807960640596	1.0	NonTarget	1	342856
1339.4057960216921	1.0	NonTarget	1	342888
1339.5307959793245	1.0	NonTarget	1	342920
1339.655795936957	1.0	NonTarget	1	342952
1339.7807958945896	1.0	NonTarget	1	342984
1339.9057958522221	1.0	NonTarget	1	343016
1340.0307958098545	1.0	NonTarget	1	343048
1340.155795767487	1.0	NonTarget	1	343080
1340.2807957251196	1.0	NonTarget	1	343112
1340.4057956827521	1.0	NonTarget	1	343144
1340.5307956403847	1.0	NonTarget	1	343176
1340.655795598017	1.0	NonTarget	1	343208
1340.7807955556495	1.0	NonTarget	1	343240
1340.905795513282	1.0	NonTarget	1	343272
1341.0307954709147	1.0	NonTarget	1	343304
1341.1557954285472	1.0	NonTarget	1	343336
1341.2807953861795	1.0	NonTarget	1	343368
1341.405795343812	1.0	NonTarget	1	343400
1341.5307953014446	1.0	NonTarget	1	343432
1341.6557952590772	1.0	NonTarget	1	343464
1341.7807952167095	1.0	NonTarget	1	343496
1341.905795174342	1.0	NonTarget	1	343528
1342.0307951319746	1.0	NonTarget	1	343560
1342.1557950896072	1.0	NonTarget	1	343592
1342.2807950472397	1.0	NonTarget	1	343624
1342.405795004872	1.0	NonTarget	1	343656
1342.5307949625046	1.0	NonTarget	1	343688
1342.6557949201372	1.0	NonTarget	1	343720
1342.7807948777697	1.0	NonTarget	1	343752
1342.9057948354023	1.0	NonTarget	1	343784
1343.0307947930346	1.0	NonTarget	1	343816
1343.1557947506672	1.0	NonTarget	1	343848
1343.2807947082997	1.0	NonTarget	1	343880
1343.4057946659323	1.0	NonTarget	1	343912
1343.5307946235646	1.0	NonTarget	1	343944
1343.6557945811971	1.0	NonTarget	1	343976
1343.7807945388297	1.0	NonTarget	1	344008
1343.9057944964622	1.0	NonTarget	1	344040
1344.0307944540948	1.0	NonTarget	1	344072
1344.1557944117271	1.0	NonTarget	1	344104
1344.2807943693597	1.0	NonTarget	1	344136
1344.4057943269922	1.0	NonTarget	1	344168
1344.5307942846248	1.0	NonTarget	1	344200
1344.6557942422571	1.0	NonTarget	1	344232
1344.7807941998897	1.0	NonTarget	1	344264
1344.9057941575222	1.0	NonTarget	1	344296
1345.0307941151548	1.0	NonTarget	1	344328
1345.1557940727873	1.0	NonTarget	1	344360
1345.2807940304197	1.0	NonTarget	1	344392
1345.4057939880522	1.0	NonTarget	1	344424
1345.5307939456848	1.0	NonTarget	1	344456
1345.6557939033173	1.0	NonTarget	1	344488
1345.7807938609499	1.0	NonTarget	1	344520
1345.9057938185822	1.0	NonTarget	1	344552
1346.0307937762148	1.0	NonTarget	1	344584
1346.1557937338473	1.0	NonTarget	1	344616
1346.2807936914799	1.0	NonTarget	1	344648
1346.4057936491122	1.0	NonTarget	1	344680
1346.5307936067447	1.0	NonTarget	1	344712
1346.6557935643773	1.0	NonTarget	1	344744
1346.7807935220098	1.0	NonTarget	1	344776
1346.9057934796424	1.0	NonTarget	1	344808
1347.0307934372747	1.0	NonTarget	1	344840
1347.1557933949073	1.0	NonTarget	1	344872
1347.2807933525398	1.0	NonTarget	1	344904
1347.4057933101724	1.0	NonTarget	1	344936
1347.530793267805	1.0	NonTarget	1	344968
1347.6557932254373	1.0	NonTarget	1	345000
1347.7807931830698	1.0	NonTarget	1	345032
1347.9057931407024	1.0	NonTarget	1	345064
1348.030793098335	1.0	NonTarget	1	345096
1348.1557930559673	1.0	NonTarget	1	345128
1348.2807930135998	1.0	NonTarget	1	345160
1348.4057929712324	1.0	NonTarget	1	345192
1354.530790895225	1.0	NonTarget	1	346760
1354.6557908528575	1.0	NonTarget	1	346792
1354.78079081049	1.0	NonTarget	1	346824
1354.9057907681226	1.0	NonTarget	1	346856
1355.0307907257552	1.0	NonTarget	1	346888
1355.1557906833875	1.0	NonTarget	1	346920
1355.28079064102	1.0	NonTarget	1	346952
1355.4057905986526	1.0	NonTarget	1	346984
1355.5307905562852	1.0	NonTarget	1	347016
1355.6557905139175	1.0	NonTarget	1	347048
1355.78079047155	1.0	NonTarget	1	347080
1355.9057904291826	1.0	NonTarget	1	347112
1356.0307903868152	1.0	NonTarget	1	347144
1356.1557903444477	1.0	NonTarget	1	347176
1356.28079030208	1.0	NonTarget	1	347208
1356.4057902597126	1.0	NonTarget	1	347240
1356.5307902173452	1.0	NonTarget	1	347272
1356.6557901749777	1.0	NonTarget	1	347304
1356.78079013261	1.0	NonTarget	1	347336
1356.9057900902426	1.0	NonTarget	1	347368
1357.0307900478751	1.0	NonTarget	1	347400
1357.1557900055077	1.0	NonTarget	1	347432
1357.2807899631403	1.0	NonTarget	1	347464
1357.4057899207726	1.0	NonTarget	1	347496
1357.5307898784051	1.0	NonTarget	1	347528
1357.6557898360377	1.0	NonTarget	1	347560
1357.7807897936702	1.0	NonTarget	1	347592
1357.9057897513028	1.0	NonTarget	1	347624
1358.0307897089351	1.0	NonTarget	1	347656
1358.1557896665677	1.0	NonTarget	1	347688
1358.2807896242002	1.0	NonTarget	1	347720
1358.4057895818328	1.0	NonTarget	1	347752
1358.530789539465	1.0	NonTarget	1	347784
1358.6557894970977	1.0	NonTarget	1	347816
1358.7807894547302	1.0	NonTarget	1	347848
1358.9057894123628	1.0	NonTarget	1	347880
1359.0307893699953	1.0	NonTarget	1	347912
1359.1557893276276	1.0	NonTarget	1	347944
1359.2807892852602	1.0	NonTarget	1	347976
1359.4057892428928	1.0	NonTarget	1	348008
1359.5307892005253	1.0	NonTarget	1	348040
1359.6557891581576	1.0	NonTarget	1	348072
1359.7807891157902	1.0	NonTarget	1	348104
1359.9057890734227	1.0	NonTarget	1	348136
1360.0307890310553	1.0	NonTarget	1	348168
1360.1557889886878	1.0	NonTarget	1	348200
1360.2807889463202	1.0	NonTarget	1	348232
1360.4057889039527	1.0	NonTarget	1	348264
1360.5307888615853	1.0	NonTarget	1	348296
1360.6557888192178	1.0	NonTarget	1	348328
1360.7807887768504	1.0	NonTarget	1	348360
1360.9057887344827	1.0	NonTarget	1	348392
1361.0307886921153	1.0	NonTarget	1	348424
1361.1557886497478	1.0	NonTarget	1	348456
1361.2807886073804	1.0	NonTarget	1	348488
1361.4057885650127	1.0	NonTarget	1	348520
1361.5307885226453	1.0	NonTarget	1	348552
1361.6557884802778	1.0	NonTarget	1	348584
1361.7807884379104	1.0	NonTarget	1	348616
1361.905788395543	1.0	NonTarget	1	348648
1362.0307883531752	1.0	NonTarget	1	348680
1362.1557883108078	1.0	NonTarget	1	348712
1362.2807882684403	1.0	NonTarget	1	348744
1362.405788226073	1.0	NonTarget	1	348776
1362.5307881837055	1.0	NonTarget	1	348808
1362.6557881413378	1.0	NonTarget	1	348840
1362.7807880989703	1.0	NonTarget	1	348872
1362.905788056603	1.0	NonTarget	1	348904
1363.0307880142354	1.0	NonTarget	1	348936
1363.1557879718678	1.0	NonTarget	1	348968
1363.2807879295003	1.0	NonTarget	1	349000
1363.4057878871329	1.0	NonTarget	1	349032
1363.5307878447654	1.0	NonTarget	1	349064
1363.655787802398	1.0	NonTarget	1	349096
1363.7807877600303	1.0	NonTarget	1	349128
1363.9057877176629	1.0	NonTarget	1	349160
1364.0307876752954	1.0	NonTarget	1	349192
1364.155787632928	1.0	NonTarget	1	349224
1364.2807875905603	1.0	NonTarget	1	349256
1364.4057875481928	1.0	NonTarget	1	349288
1364.5307875058254	1.0	NonTarget	1	349320
1364.655787463458	1.0	NonTarget	1	349352
1364.7807874210905	1.0	NonTarget	1	349384
1364.9057873787228	1.0	NonTarget	1	349416
1365.0307873363554	1.0	NonTarget	1	349448
1365.155787293988	1.0	NonTarget	1	349480
1365.2807872516205	1.0	NonTarget	1	349512
1365.405787209253	1.0	NonTarget	1	349544
1365.5307871668854	1.0	NonTarget	1	349576
1365.655787124518	1.0	NonTarget	1	349608
1365.7807870821505	1.0	NonTarget	1	349640
1365.905787039783	1.0	NonTarget	1	349672
1366.0307869974154	1.0	NonTarget	1	349704
1366.155786955048	1.0	NonTarget	1	349736
1366.2807869126805	1.0	NonTarget	1	349768
1366.405786870313	1.0	NonTarget	1	349800
1372.5307847943056	1.0	NonTarget	1	351368
1372.6557847519382	1.0	NonTarget	1	351400
1372.7807847095708	1.0	NonTarget	1	351432
1372.9057846672033	1.0	NonTarget	1	351464
1373.0307846248356	1.0	NonTarget	1	351496
1373.1557845824682	1.0	NonTarget	1	351528
1373.2807845401007	1.0	NonTarget	1	351560
1373.4057844977333	1.0	NonTarget	1	351592
1373.5307844553656	1.0	NonTarget	1	351624
1373.6557844129982	1.0	NonTarget	1	351656
1373.7807843706307	1.0	NonTarget	1	351688
1373.9057843282633	1.0	NonTarget	1	351720
1374.0307842858958	1.0	NonTarget	1	351752
1374.1557842435282	1.0	NonTarget	1	351784
1374.2807842011607	1.0	NonTarget	1	351816
1374.4057841587933	1.0	NonTarget	1	351848
1374.5307841164258	1.0	NonTarget	1	351880
1374.6557840740584	1.0	NonTarget	1	351912
1374.7807840316907	1.0	NonTarget	1	351944
1374.9057839893233	1.0	NonTarget	1	351976
1375.0307839469558	1.0	NonTarget	1	352008
1375.1557839045884	1.0	NonTarget	1	352040
1375.2807838622207	1.0	NonTarget	1	352072
1375.4057838198532	1.0	NonTarget	1	352104
1375.5307837774858	1.0	NonTarget	1	352136
1375.6557837351183	1.0	NonTarget	1	352168
1375.780783692751	1.0	NonTarget	1	352200
1375.9057836503832	1.0	NonTarget	1	352232
1376.0307836080158	1.0	NonTarget	1	352264
1376.1557835656483	1.0	NonTarget	1	352296
1376.280783523281	1.0	NonTarget	1	352328
1376.4057834809132	1.0	NonTarget	1	352360
1376.5307834385458	1.0	NonTarget	1	352392
1376.6557833961783	1.0	NonTarget	1	352424
1376.7807833538109	1.0	NonTarget	1	352456
1376.9057833114434	1.0	NonTarget	1	352488
1377.0307832690758	1.0	NonTarget	1	352520
1377.1557832267083	1.0	NonTarget	1	352552
1377.2807831843409	1.0	NonTarget	1	352584
1377.4057831419734	1.0	NonTarget	1	352616
1377.530783099606	1.0	NonTarget	1	352648
1377.6557830572383	1.0	NonTarget	1	352680
1377.7807830148708	1.0	NonTarget	1	352712
1377.9057829725034	1.0	NonTarget	1	352744
1378.030782930136	1.0	NonTarget	1	352776
1378.1557828877683	1.0	NonTarget	1	352808
1378.2807828454008	1.0	NonTarget	1	352840
1378.4057828030334	1.0	NonTarget	1	352872
1378.530782760666	1.0	NonTarget	1	352904
1378.6557827182985	1.0	NonTarget	1	352936
1378.7807826759308	1.0	NonTarget	1	352968
1378.9057826335634	1.0	NonTarget	1	353000
1379.030782591196	1.0	NonTarget	1	353032
1379.1557825488285	1.0	NonTarget	1	353064
1379.280782506461	1.0	NonTarget	1	353096
1379.4057824640934	1.0	NonTarget	1	353128
1379.530782421726	1.0	NonTarget	1	353160
1379.6557823793585	1.0	NonTarget	1	353192
1379.780782336991	1.0	NonTarget	1	353224
1379.9057822946234	1.0	NonTarget	1	353256
1380.030782252256	1.0	NonTarget	1	353288
1380.1557822098885	1.0	NonTarget	1	353320
1380.280782167521	1.0	NonTarget	1	353352
1380.4057821251536	1.0	NonTarget	1	353384
1380.530782082786	1.0	NonTarget	1	353416
1380.6557820404184	1.0	NonTarget	1	353448
1380.780781998051	1.0	NonTarget	1	353480
1380.9057819556836	1.0	NonTarget	1	353512
1381.0307819133159	1.0	NonTarget	1	353544
1381.1557818709484	1.0	NonTarget	1	353576
1381.280781828581	1.0	NonTarget	1	353608
1381.4057817862135	1.0	NonTarget	1	353640
1381.530781743846	1.0	NonTarget	1	353672
1381.6557817014784	1.0	NonTarget	1	353704
1381.780781659111	1.0	NonTarget	1	353736
1381.9057816167435	1.0	NonTarget	1	353768
1382.030781574376	1.0	NonTarget	1	353800
1382.1557815320086	1.0	NonTarget	1	353832
1382.280781489641	1.0	NonTarget	1	353864
1382.4057814472735	1.0	NonTarget	1	353896
1382.530781404906	1.0	NonTarget	1	353928
1382.6557813625386	1.0	NonTarget	1	353960
1382.780781320171	1.0	NonTarget	1	353992
1382.9057812778035	1.0	NonTarget	1	354024
1383.030781235436	1.0	NonTarget	1	354056
1383.1557811930686	1.0	NonTarget	1	354088
1383.2807811507012	1.0	NonTarget	1	354120
1383.4057811083335	1.0	NonTarget	1	354152
1383.530781065966	1.0	NonTarget	1	354184
1383.6557810235986	1.0	NonTarget	1	354216
1383.7807809812311	1.0	NonTarget	1	354248
1383.9057809388635	1.0	NonTarget	1	354280
1384.030780896496	1.0	NonTarget	1	354312
1384.1557808541286	1.0	NonTarget	1	354344
1384.2807808117611	1.0	NonTarget	1	354376
1384.4057807693937	1.0	NonTarget	1	354408
1390.5307786933863	1.0	NonTarget	1	355976
1390.6557786510189	1.0	NonTarget	1	356008
1390.7807786086514	1.0	NonTarget	1	356040
1390.9057785662837	1.0	NonTarget	1	356072
1391.0307785239163	1.0	NonTarget	1	356104
1391.1557784815489	1.0	NonTarget	1	356136
1391.2807784391814	1.0	NonTarget	1	356168
1391.405778396814	1.0	NonTarget	1	356200
1391.5307783544463	1.0	NonTarget	1	356232
1391.6557783120788	1.0	NonTarget	1	356264
1391.7807782697114	1.0	NonTarget	1	356296
1391.905778227344	1.0	NonTarget	1	356328
1392.0307781849763	1.0	NonTarget	1	356360
1392.1557781426088	1.0	NonTarget	1	356392
1392.2807781002414	1.0	NonTarget	1	356424
1392.405778057874	1.0	NonTarget	1	356456
1392.5307780155065	1.0	NonTarget	1	356488
1392.6557779731388	1.0	NonTarget	1	356520
1392.7807779307714	1.0	NonTarget	1	356552
1392.905777888404	1.0	NonTarget	1	356584
1393.0307778460365	1.0	NonTarget	1	356616
1393.1557778036688	1.0	NonTarget	1	356648
1393.2807777613014	1.0	NonTarget	1	356680
1393.405777718934	1.0	NonTarget	1	356712
1393.5307776765665	1.0	NonTarget	1	356744
1393.655777634199	1.0	NonTarget	1	356776
1393.7807775918313	1.0	NonTarget	1	356808
1393.905777549464	1.0	NonTarget	1	356840
1394.0307775070964	1.0	NonTarget	1	356872
1394.155777464729	1.0	NonTarget	1	356904
1394.2807774223616	1.0	NonTarget	1	356936
1394.4057773799939	1.0	NonTarget	1	356968
1394.5307773376264	1.0	NonTarget	1	357000
1394.655777295259	1.0	NonTarget	1	357032
1394.7807772528915	1.0	NonTarget	1	357064
1394.9057772105239	1.0	NonTarget	1	357096
1395.0307771681564	1.0	NonTarget	1	357128
1395.155777125789	1.0	NonTarget	1	357160
1395.2807770834215	1.0	NonTarget	1	357192
1395.405777041054	1.0	NonTarget	1	357224
1395.5307769986864	1.0	NonTarget	1	357256
1395.655776956319	1.0	NonTarget	1	357288
1395.7807769139515	1.0	NonTarget	1	357320
1395.905776871584	1.0	NonTarget	1	357352
1396.0307768292164	1.0	NonTarget	1	357384
1396.155776786849	1.0	NonTarget	1	357416
1396.2807767444815	1.0	NonTarget	1	357448
1396.405776702114	1.0	NonTarget	1	357480
1396.5307766597466	1.0	NonTarget	1	357512
1396.655776617379	1.0	NonTarget	1	357544
1396.7807765750115	1.0	NonTarget	1	357576
1396.905776532644	1.0	NonTarget	1	357608
1397.0307764902766	1.0	NonTarget	1	357640
1397.1557764479091	1.0	NonTarget	1	357672
1397.2807764055415	1.0	NonTarget	1	357704
1397.405776363174	1.0	NonTarget	1	357736
1397.5307763208066	1.0	NonTarget	1	357768
1397.6557762784391	1.0	NonTarget	1	357800
1397.7807762360715	1.0	NonTarget	1	357832
1397.905776193704	1.0	NonTarget	1	357864
1398.0307761513366	1.0	NonTarget	1	357896
1398.1557761089691	1.0	NonTarget	1	357928
1398.2807760666017	1.0	NonTarget	1	357960
1398.405776024234	1.0	NonTarget	1	357992
1398.5307759818666	1.0	NonTarget	1	358024
1398.655775939499	1.0	NonTarget	1	358056
1398.7807758971317	1.0	NonTarget	1	358088
1398.9057758547642	1.0	NonTarget	1	358120
1399.0307758123965	1.0	NonTarget	1	358152
1399.155775770029	1.0	NonTarget	1	358184
1399.2807757276616	1.0	NonTarget	1	358216
1399.4057756852942	1.0	NonTarget	1	358248
1399.5307756429265	1.0	NonTarget	1	358280
1399.655775600559	1.0	NonTarget	1	358312
1399.7807755581916	1.0	NonTarget	1	358344
1399.9057755158242	1.0	NonTarget	1	358376
1400.0307754734567	1.0	NonTarget	1	358408
1400.155775431089	1.0	NonTarget	1	358440
1400.2807753887216	1.0	NonTarget	1	358472
1400.4057753463542	1.0	NonTarget	1	358504
1400.5307753039867	1.0	NonTarget	1	358536
1400.655775261619	1.0	NonTarget	1	358568
1400.7807752192516	1.0	NonTarget	1	358600
1400.9057751768842	1.0	NonTarget	1	358632
1401.0307751345167	1.0	NonTarget	1	358664
1401.1557750921493	1.0	NonTarget	1	358696
1401.2807750497816	1.0	NonTarget	1	358728
1401.4057750074141	1.0	NonTarget	1	358760
1401.5307749650467	1.0	NonTarget	1	358792
1401.6557749226793	1.0	NonTarget	1	358824
1401.7807748803118	1.0	NonTarget	1	358856
1401.9057748379441	1.0	NonTarget	1	358888
1402.0307747955767	1.0	NonTarget	1	358920
1402.1557747532092	1.0	NonTarget	1	358952
1402.2807747108418	1.0	NonTarget	1	358984
1402.4057746684741	1.0	NonTarget	1	359016
1408.530772592467	1.0	NonTarget	1	360584
1408.6557725500995	1.0	NonTarget	1	360616
1408.7807725077319	1.0	NonTarget	1	360648
1408.9057724653644	1.0	NonTarget	1	360680
1409.030772422997	1.0	NonTarget	1	360712
1409.1557723806295	1.0	NonTarget	1	360744
1409.280772338262	1.0	NonTarget	1	360776
1409.4057722958944	1.0	NonTarget	1	360808
1409.530772253527	1.0	NonTarget	1	360840
1409.6557722111595	1.0	NonTarget	1	360872
1409.780772168792	1.0	NonTarget	1	360904
1409.9057721264244	1.0	NonTarget	1	360936
1410.030772084057	1.0	NonTarget	1	360968
1410.1557720416895	1.0	NonTarget	1	361000
1410.280771999322	1.0	NonTarget	1	361032
1410.4057719569546	1.0	NonTarget	1	361064
1410.530771914587	1.0	NonTarget	1	361096
1410.6557718722195	1.0	NonTarget	1	361128
1410.780771829852	1.0	NonTarget	1	361160
1410.9057717874846	1.0	NonTarget	1	361192
1411.0307717451171	1.0	NonTarget	1	361224
1411.1557717027495	1.0	NonTarget	1	361256
1411.280771660382	1.0	NonTarget	1	361288
1411.4057716180146	1.0	NonTarget	1	361320
1411.5307715756471	1.0	NonTarget	1	361352
1411.6557715332794	1.0	NonTarget	1	361384
1411.780771490912	1.0	NonTarget	1	361416
1411.9057714485446	1.0	NonTarget	1	361448
1412.030771406177	1.0	NonTarget	1	361480
1412.1557713638097	1.0	NonTarget	1	361512
1412.280771321442	1.0	NonTarget	1	361544
1412.4057712790745	1.0	NonTarget	1	361576
1412.530771236707	1.0	NonTarget	1	361608
1412.6557711943396	1.0	NonTarget	1	361640
1412.780771151972	1.0	NonTarget	1	361672
1412.9057711096045	1.0	NonTarget	1	361704
1413.030771067237	1.0	NonTarget	1	361736
1413.1557710248696	1.0	NonTarget	1	361768
1413.2807709825022	1.0	NonTarget	1	361800
1413.4057709401345	1.0	NonTarget	1	361832
1413.530770897767	1.0	NonTarget	1	361864
1413.6557708553996	1.0	NonTarget	1	361896
1413.7807708130322	1.0	NonTarget	1	361928
1413.9057707706647	1.0	NonTarget	1	361960
1414.030770728297	1.0	NonTarget	1	361992
1414.1557706859296	1.0	NonTarget	1	362024
1414.2807706435622	1.0	NonTarget	1	362056
1414.4057706011947	1.0	NonTarget	1	362088
1414.530770558827	1.0	NonTarget	1	362120
1414.6557705164596	1.0	NonTarget	1	362152
1414.7807704740922	1.0	NonTarget	1	362184
1414.9057704317247	1.0	NonTarget	1	362216
1415.0307703893573	1.0	NonTarget	1	362248
1415.1557703469896	1.0	NonTarget	1	362280
1415.2807703046221	1.0	NonTarget	1	362312
1415.4057702622547	1.0	NonTarget	1	362344
1415.5307702198872	1.0	NonTarget	1	362376
1415.6557701775198	1.0	NonTarget	1	362408
1415.7807701351521	1.0	NonTarget	1	362440
1415.9057700927847	1.0	NonTarget	1	362472
1416.0307700504172	1.0	NonTarget	1	362504
1416.1557700080498	1.0	NonTarget	1	362536
1416.280769965682	1.0	NonTarget	1	362568
1416.4057699233147	1.0	NonTarget	1	362600
1416.5307698809472	1.0	NonTarget	1	362632
1416.6557698385798	1.0	NonTarget	1	362664
1416.7807697962123	1.0	NonTarget	1	362696
1416.9057697538447	1.0	NonTarget	1	362728
1417.0307697114772	1.0	NonTarget	1	362760
1417.1557696691098	1.0	NonTarget	1	362792
1417.2807696267423	1.0	NonTarget	1	362824
1417.4057695843746	1.0	NonTarget	1	362856
1417.5307695420072	1.0	NonTarget	1	362888
1417.6557694996397	1.0	NonTarget	1	362920
1417.7807694572723	1.0	NonTarget	1	362952
1417.9057694149049	1.0	NonTarget	1	362984
1418.0307693725372	1.0	NonTarget	1	363016
1418.1557693301697	1.0	NonTarget	1	363048
1418.2807692878023	1.0	NonTarget	1	363080
1418.4057692454348	1.0	NonTarget	1	363112
1418.5307692030674	1.0	NonTarget	1	363144
1418.6557691606997	1.0	NonTarget	1	363176
1418.7807691183323	1.0	NonTarget	1	363208
1418.9057690759648	1.0	NonTarget	1	363240
1419.0307690335974	1.0	NonTarget	1	363272
1419.1557689912297	1.0	NonTarget	1	363304
1419.2807689488623	1.0	NonTarget	1	363336
1419.4057689064948	1.0	NonTarget	1	363368
1419.5307688641274	1.0	NonTarget	1	363400
1419.65576882176	1.0	NonTarget	1	363432
1419.7807687793922	1.0	NonTarget	1	363464
1419.9057687370248	1.0	NonTarget	1	363496
1420.0307686946574	1.0	NonTarget	1	363528
1420.15576865229	1.0	NonTarget	1	363560
1420.2807686099222	1.0	NonTarget	1	363592
1420.4057685675548	1.0	NonTarget	1	363624
1426.5307664915476	1.0	NonTarget	1	365192
1426.65576644918	1.0	NonTarget	1	365224
1426.7807664068125	1.0	NonTarget	1	365256
1426.905766364445	1.0	NonTarget	1	365288
1427.0307663220776	1.0	NonTarget	1	365320
1427.1557662797102	1.0	NonTarget	1	365352
1427.2807662373425	1.0	NonTarget	1	365384
1427.405766194975	1.0	NonTarget	1	365416
1427.5307661526076	1.0	NonTarget	1	365448
1427.6557661102402	1.0	NonTarget	1	365480
1427.7807660678727	1.0	NonTarget	1	365512
1427.905766025505	1.0	NonTarget	1	365544
1428.0307659831376	1.0	NonTarget	1	365576
1428.1557659407702	1.0	NonTarget	1	365608
1428.2807658984027	1.0	NonTarget	1	365640
1428.405765856035	1.0	NonTarget	1	365672
1428.5307658136676	1.0	NonTarget	1	365704
1428.6557657713001	1.0	NonTarget	1	365736
1428.7807657289327	1.0	NonTarget	1	365768
1428.9057656865652	1.0	NonTarget	1	365800
1429.0307656441976	1.0	NonTarget	1	365832
1429.1557656018301	1.0	NonTarget	1	365864
1429.2807655594627	1.0	NonTarget	1	365896
1429.4057655170952	1.0	NonTarget	1	365928
1429.5307654747276	1.0	NonTarget	1	365960
1429.65576543236	1.0	NonTarget	1	365992
1429.7807653899927	1.0	NonTarget	1	366024
1429.9057653476252	1.0	NonTarget	1	366056
1430.0307653052578	1.0	NonTarget	1	366088
1430.15576526289	1.0	NonTarget	1	366120
1430.2807652205227	1.0	NonTarget	1	366152
1430.4057651781552	1.0	NonTarget	1	366184
1430.5307651357878	1.0	NonTarget	1	366216
1430.6557650934203	1.0	NonTarget	1	366248
1430.7807650510526	1.0	NonTarget	1	366280
1430.9057650086852	1.0	NonTarget	1	366312
1431.0307649663177	1.0	NonTarget	1	366344
1431.1557649239503	1.0	NonTarget	1	366376
1431.2807648815826	1.0	NonTarget	1	366408
1431.4057648392152	1.0	NonTarget	1	366440
1431.5307647968477	1.0	NonTarget	1	366472
1431.6557647544803	1.0	NonTarget	1	366504
1431.7807647121128	1.0	NonTarget	1	366536
1431.9057646697452	1.0	NonTarget	1	366568
1432.0307646273777	1.0	NonTarget	1	366600
1432.1557645850103	1.0	NonTarget	1	366632
1432.2807645426428	1.0	NonTarget	1	366664
1432.4057645002752	1.0	NonTarget	1	366696
1432.5307644579077	1.0	NonTarget	1	366728
1432.6557644155403	1.0	NonTarget	1	366760
1432.7807643731728	1.0	NonTarget	1	366792
1432.9057643308054	1.0	NonTarget	1	366824
1433.0307642884377	1.0	NonTarget	1	366856
1433.1557642460702	1.0	NonTarget	1	366888
1433.2807642037028	1.0	NonTarget	1	366920
1433.4057641613354	1.0	NonTarget	1	366952
1433.530764118968	1.0	NonTarget	1	366984
1433.6557640766002	1.0	NonTarget	1	367016
1433.7807640342328	1.0	NonTarget	1	367048
1433.9057639918653	1.0	NonTarget	1	367080
1434.030763949498	1.0	NonTarget	1	367112
1434.1557639071302	1.0	NonTarget	1	367144
1434.2807638647628	1.0	NonTarget	1	367176
1434.4057638223953	1.0	NonTarget	1	367208
1434.5307637800279	1.0	NonTarget	1	367240
1434.6557637376604	1.0	NonTarget	1	367272
1434.7807636952928	1.0	NonTarget	1	367304
1434.9057636529253	1.0	NonTarget	1	367336
1435.0307636105579	1.0	NonTarget	1	367368
1435.1557635681904	1.0	NonTarget	1	367400
1435.280763525823	1.0	NonTarget	1	367432
1435.4057634834553	1.0	NonTarget	1	367464
1435.5307634410879	1.0	NonTarget	1	367496
1435.6557633987204	1.0	NonTarget	1	367528
1435.780763356353	1.0	NonTarget	1	367560
1435.9057633139853	1.0	NonTarget	1	367592
1436.0307632716178	1.0	NonTarget	1	367624
1436.1557632292504	1.0	NonTarget	1	367656
1436.280763186883	1.0	NonTarget	1	367688
1436.4057631445155	1.0	NonTarget	1	367720
1436.5307631021478	1.0	NonTarget	1	367752
1436.6557630597804	1.0	NonTarget	1	367784
1436.780763017413	1.0	NonTarget	1	367816
1436.9057629750455	1.0	NonTarget	1	367848
1437.0307629326778	1.0	NonTarget	1	367880
1437.1557628903104	1.0	NonTarget	1	367912
1437.280762847943	1.0	NonTarget	1	367944
1437.4057628055755	1.0	NonTarget	1	367976
1437.530762763208	1.0	NonTarget	1	368008
1437.6557627208404	1.0	NonTarget	1	368040
1437.780762678473	1.0	NonTarget	1	368072
1437.9057626361055	1.0	NonTarget	1	368104
1438.030762593738	1.0	NonTarget	1	368136
1438.1557625513706	1.0	NonTarget	1	368168
1438.280762509003	1.0	NonTarget	1	368200
1438.4057624666355	1.0	NonTarget	1	368232
1444.530760390628	1.0	NonTarget	1	369800
1444.6557603482606	1.0	NonTarget	1	369832
1444.7807603058932	1.0	NonTarget	1	369864
1444.9057602635257	1.0	NonTarget	1	369896
1445.0307602211583	1.0	NonTarget	1	369928
1445.1557601787906	1.0	NonTarget	1	369960
1445.2807601364232	1.0	NonTarget	1	369992
1445.4057600940557	1.0	NonTarget	1	370024
1445.5307600516883	1.0	NonTarget	1	370056
1445.6557600093208	1.0	NonTarget	1	370088
1445.7807599669532	1.0	NonTarget	1	370120
1445.9057599245857	1.0	NonTarget	1	370152
1446.0307598822183	1.0	NonTarget	1	370184
1446.1557598398508	1.0	NonTarget	1	370216
1446.2807597974831	1.0	NonTarget	1	370248
1446.4057597551157	1.0	NonTarget	1	370280
1446.5307597127482	1.0	NonTarget	1	370312
1446.6557596703808	1.0	NonTarget	1	370344
1446.7807596280134	1.0	NonTarget	1	370376
1446.9057595856457	1.0	NonTarget	1	370408
1447.0307595432782	1.0	NonTarget	1	370440
1447.1557595009108	1.0	NonTarget	1	370472
1447.2807594585433	1.0	NonTarget	1	370504
1447.405759416176	1.0	NonTarget	1	370536
1447.5307593738082	1.0	NonTarget	1	370568
1447.6557593314408	1.0	NonTarget	1	370600
1447.7807592890733	1.0	NonTarget	1	370632
1447.9057592467059	1.0	NonTarget	1	370664
1448.0307592043382	1.0	NonTarget	1	370696
1448.1557591619708	1.0	NonTarget	1	370728
1448.2807591196033	1.0	NonTarget	1	370760
1448.4057590772359	1.0	NonTarget	1	370792
1448.5307590348684	1.0	NonTarget	1	370824
1448.6557589925008	1.0	NonTarget	1	370856
1448.7807589501333	1.0	NonTarget	1	370888
1448.9057589077659	1.0	NonTarget	1	370920
1449.0307588653984	1.0	NonTarget	1	370952
1449.1557588230307	1.0	NonTarget	1	370984
1449.2807587806633	1.0	NonTarget	1	371016
1449.4057587382958	1.0	NonTarget	1	371048
1449.5307586959284	1.0	NonTarget	1	371080
1449.655758653561	1.0	NonTarget	1	371112
1449.7807586111933	1.0	NonTarget	1	371144
1449.9057585688258	1.0	NonTarget	1	371176
1450.0307585264584	1.0	NonTarget	1	371208
1450.155758484091	1.0	NonTarget	1	371240
1450.2807584417235	1.0	NonTarget	1	371272
1450.4057583993558	1.0	NonTarget	1	371304
1450.5307583569884	1.0	NonTarget	1	371336
1450.655758314621	1.0	NonTarget	1	371368
1450.7807582722535	1.0	NonTarget	1	371400
1450.9057582298858	1.0	NonTarget	1	371432
1451.0307581875184	1.0	NonTarget	1	371464
1451.155758145151	1.0	NonTarget	1	371496
1451.2807581027835	1.0	NonTarget	1	371528
1451.405758060416	1.0	NonTarget	1	371560
1451.5307580180483	1.0	NonTarget	1	371592
1451.655757975681	1.0	NonTarget	1	371624
1451.7807579333135	1.0	NonTarget	1	371656
1451.905757890946	1.0	NonTarget	1	371688
1452.0307578485786	1.0	NonTarget	1	371720
1452.1557578062109	1.0	NonTarget	1	371752
1452.2807577638434	1.0	NonTarget	1	371784
1452.405757721476	1.0	NonTarget	1	371816
1452.5307576791085	1.0	NonTarget	1	371848
1452.6557576367409	1.0	NonTarget	1	371880
1452.7807575943734	1.0	NonTarget	1	371912
1452.905757552006	1.0	NonTarget	1	371944
1453.0307575096385	1.0	NonTarget	1	371976
1453.155757467271	1.0	NonTarget	1	372008
1453.2807574249034	1.0	NonTarget	1	372040
1453.405757382536	1.0	NonTarget	1	372072
1453.5307573401685	1.0	NonTarget	1	372104
1453.655757297801	1.0	NonTarget	1	372136
1453.7807572554334	1.0	NonTarget	1	372168
1453.905757213066	1.0	NonTarget	1	372200
1454.0307571706985	1.0	NonTarget	1	372232
1454.155757128331	1.0	NonTarget	1	372264
1454.2807570859636	1.0	NonTarget	1	372296
1454.405757043596	1.0	NonTarget	1	372328
1454.5307570012285	1.0	NonTarget	1	372360
1454.655756958861	1.0	NonTarget	1	372392
1454.7807569164936	1.0	NonTarget	1	372424
1454.9057568741262	1.0	NonTarget	1	372456
1455.0307568317585	1.0	NonTarget	1	372488
1455.155756789391	1.0	NonTarget	1	372520
1455.2807567470236	1.0	NonTarget	1	372552
1455.4057567046561	1.0	NonTarget	1	372584
1455.5307566622885	1.0	NonTarget	1	372616
1455.655756619921	1.0	NonTarget	1	372648
1455.7807565775536	1.0	NonTarget	1	372680
1455.9057565351861	1.0	NonTarget	1	372712
1456.0307564928187	1.0	NonTarget	1	372744
1456.155756450451	1.0	NonTarget	1	372776
1456.2807564080836	1.0	NonTarget	1	372808
1456.4057563657161	1.0	NonTarget	1	372840
1462.5307542897087	1.0	NonTarget	1	374408
1462.6557542473413	1.0	NonTarget	1	374440
1462.7807542049738	1.0	NonTarget	1	374472
1462.9057541626064	1.0	NonTarget	1	374504
1463.0307541202387	1.0	NonTarget	1	374536
1463.1557540778713	1.0	NonTarget	1	374568
1463.2807540355038	1.0	NonTarget	1	374600
1463.4057539931364	1.0	NonTarget	1	374632
1463.530753950769	1.0	NonTarget	1	374664
1463.6557539084013	1.0	NonTarget	1	374696
1463.7807538660338	1.0	NonTarget	1	374728
1463.9057538236664	1.0	NonTarget	1	374760
1464.030753781299	1.0	NonTarget	1	374792
1464.1557537389313	1.0	NonTarget	1	374824
1464.2807536965638	1.0	NonTarget	1	374856
1464.4057536541964	1.0	NonTarget	1	374888
1464.530753611829	1.0	NonTarget	1	374920
1464.6557535694615	1.0	NonTarget	1	374952
1464.7807535270938	1.0	NonTarget	1	374984
1464.9057534847263	1.0	NonTarget	1	375016
1465.030753442359	1.0	NonTarget	1	375048
1465.1557533999915	1.0	NonTarget	1	375080
1465.280753357624	1.0	NonTarget	1	375112
1465.4057533152563	1.0	NonTarget	1	375144
1465.530753272889	1.0	NonTarget	1	375176
1465.6557532305214	1.0	NonTarget	1	375208
1465.780753188154	1.0	NonTarget	1	375240
1465.9057531457863	1.0	NonTarget	1	375272
1466.0307531034189	1.0	NonTarget	1	375304
1466.1557530610514	1.0	NonTarget	1	375336
1466.280753018684	1.0	NonTarget	1	375368
1466.4057529763165	1.0	NonTarget	1	375400
1466.5307529339489	1.0	NonTarget	1	375432
1466.6557528915814	1.0	NonTarget	1	375464
1466.780752849214	1.0	NonTarget	1	375496
1466.9057528068465	1.0	NonTarget	1	375528
1467.030752764479	1.0	NonTarget	1	375560
1467.1557527221114	1.0	NonTarget	1	375592
1467.280752679744	1.0	NonTarget	1	375624
1467.4057526373765	1.0	NonTarget	1	375656
1467.530752595009	1.0	NonTarget	1	375688
1467.6557525526414	1.0	NonTarget	1	375720
1467.780752510274	1.0	NonTarget	1	375752
1467.9057524679065	1.0	NonTarget	1	375784
1468.030752425539	1.0	NonTarget	1	375816
1468.1557523831716	1.0	NonTarget	1	375848
1468.280752340804	1.0	NonTarget	1	375880
1468.4057522984365	1.0	NonTarget	1	375912
1468.530752256069	1.0	NonTarget	1	375944
1468.6557522137016	1.0	NonTarget	1	375976
1468.780752171334	1.0	NonTarget	1	376008
1468.9057521289665	1.0	NonTarget	1	376040
1469.030752086599	1.0	NonTarget	1	376072
1469.1557520442316	1.0	NonTarget	1	376104
1469.2807520018641	1.0	NonTarget	1	376136
1469.4057519594965	1.0	NonTarget	1	376168
1469.530751917129	1.0	NonTarget	1	376200
1469.6557518747616	1.0	NonTarget	1	376232
1469.7807518323941	1.0	NonTarget	1	376264
1469.9057517900267	1.0	NonTarget	1	376296
1470.030751747659	1.0	NonTarget	1	376328
1470.1557517052916	1.0	NonTarget	1	376360
1470.280751662924	1.0	NonTarget	1	376392
1470.4057516205567	1.0	NonTarget	1	376424
1470.530751578189	1.0	NonTarget	1	376456
1470.6557515358215	1.0	NonTarget	1	376488
1470.780751493454	1.0	NonTarget	1	376520
1470.9057514510866	1.0	NonTarget	1	376552
1471.0307514087192	1.0	NonTarget	1	376584
1471.1557513663515	1.0	NonTarget	1	376616
1471.280751323984	1.0	NonTarget	1	376648
1471.4057512816166	1.0	NonTarget	1	376680
1471.5307512392492	1.0	NonTarget	1	376712
1471.6557511968817	1.0	NonTarget	1	376744
1471.780751154514	1.0	NonTarget	1	376776
1471.9057511121466	1.0	NonTarget	1	376808
1472.0307510697792	1.0	NonTarget	1	376840
1472.1557510274117	1.0	NonTarget	1	376872
1472.280750985044	1.0	NonTarget	1	376904
1472.4057509426766	1.0	NonTarget	1	376936
1472.5307509003092	1.0	NonTarget	1	376968
1472.6557508579417	1.0	NonTarget	1	377000
1472.7807508155743	1.0	NonTarget	1	377032
1472.9057507732066	1.0	NonTarget	1	377064
1473.0307507308391	1.0	NonTarget	1	377096
1473.1557506884717	1.0	NonTarget	1	377128
1473.2807506461043	1.0	NonTarget	1	377160
1473.4057506037366	1.0	NonTarget	1	377192
1473.5307505613691	1.0	NonTarget	1	377224
1473.6557505190017	1.0	NonTarget	1	377256
1473.7807504766342	1.0	NonTarget	1	377288
1473.9057504342668	1.0	NonTarget	1	377320
1474.0307503918991	0.96875	NonTarget	1	377352
1474.1557503495317	0.84375	NonTarget	1	377384
1474.2807503071642	0.71875	NonTarget	1	377416
1474.4057502647968	0.59375	NonTarget	1	377448
