onset	duration	trial_type	value	sample
4.531248342857142	1.0	NonTarget	1	1160
4.656248297142857	1.0	NonTarget	1	1192
4.781248251428571	1.0	NonTarget	1	1224
4.906248205714284	1.0	NonTarget	1	1256
5.031248159999999	1.0	NonTarget	1	1288
5.156248114285713	1.0	NonTarget	1	1320
5.281248068571427	1.0	NonTarget	1	1352
5.406248022857142	1.0	NonTarget	1	1384
5.531247977142856	1.0	NonTarget	1	1416
5.65624793142857	1.0	NonTarget	1	1448
5.781247885714285	1.0	NonTarget	1	1480
5.906247839999999	1.0	NonTarget	1	1512
6.031247794285713	1.0	NonTarget	1	1544
6.1562477485714275	1.0	NonTarget	1	1576
6.281247702857142	1.0	NonTarget	1	1608
6.406247657142856	1.0	NonTarget	1	1640
6.5312476114285705	1.0	NonTarget	1	1672
6.656247565714285	1.0	NonTarget	1	1704
6.781247519999999	1.0	NonTarget	1	1736
6.906247474285713	1.0	NonTarget	1	1768
7.031247428571428	1.0	NonTarget	1	1800
7.156247382857142	1.0	NonTarget	1	1832
7.281247337142855	1.0	NonTarget	1	1864
7.40624729142857	1.0	NonTarget	1	1896
7.531247245714284	1.0	NonTarget	1	1928
7.656247199999998	1.0	NonTarget	1	1960
7.781247154285713	1.0	NonTarget	1	1992
7.906247108571427	1.0	NonTarget	1	2024
8.031247062857142	1.0	NonTarget	1	2056
8.156247017142856	1.0	NonTarget	1	2088
8.28124697142857	1.0	NonTarget	1	2120
8.406246925714285	1.0	NonTarget	1	2152
8.531246879999998	1.0	NonTarget	1	2184
8.656246834285712	1.0	NonTarget	1	2216
8.781246788571426	1.0	NonTarget	1	2248
8.90624674285714	1.0	NonTarget	1	2280
9.031246697142855	1.0	NonTarget	1	2312
9.15624665142857	1.0	NonTarget	1	2344
9.281246605714284	1.0	NonTarget	1	2376
9.406246559999998	1.0	NonTarget	1	2408
9.531246514285712	1.0	NonTarget	1	2440
9.656246468571426	1.0	NonTarget	1	2472
9.78124642285714	1.0	NonTarget	1	2504
9.906246377142855	1.0	NonTarget	1	2536
10.03124633142857	1.0	NonTarget	1	2568
10.156246285714284	1.0	NonTarget	1	2600
10.281246239999998	1.0	NonTarget	1	2632
10.406246194285712	1.0	NonTarget	1	2664
10.531246148571427	1.0	NonTarget	1	2696
10.656246102857141	1.0	NonTarget	1	2728
10.781246057142855	1.0	NonTarget	1	2760
10.90624601142857	1.0	NonTarget	1	2792
11.031245965714284	1.0	NonTarget	1	2824
11.156245919999998	1.0	NonTarget	1	2856
11.281245874285712	1.0	NonTarget	1	2888
11.406245828571427	1.0	NonTarget	1	2920
11.531245782857141	1.0	NonTarget	1	2952
11.656245737142855	1.0	NonTarget	1	2984
11.78124569142857	1.0	NonTarget	1	3016
11.906245645714284	1.0	NonTarget	1	3048
12.031245599999998	1.0	NonTarget	1	3080
12.156245554285713	1.0	NonTarget	1	3112
12.281245508571427	1.0	NonTarget	1	3144
12.406245462857141	1.0	NonTarget	1	3176
12.531245417142856	1.0	NonTarget	1	3208
12.65624537142857	1.0	NonTarget	1	3240
12.781245325714284	1.0	NonTarget	1	3272
12.906245279999998	1.0	NonTarget	1	3304
13.031245234285713	1.0	NonTarget	1	3336
13.156245188571427	1.0	NonTarget	1	3368
13.28124514285714	1.0	NonTarget	1	3400
13.406245097142854	1.0	NonTarget	1	3432
13.531245051428568	1.0	NonTarget	1	3464
13.656245005714283	1.0	NonTarget	1	3496
13.781244959999997	1.0	NonTarget	1	3528
13.906244914285711	1.0	NonTarget	1	3560
14.031244868571425	1.0	NonTarget	1	3592
14.15624482285714	1.0	NonTarget	1	3624
14.281244777142854	1.0	NonTarget	1	3656
14.406244731428568	1.0	NonTarget	1	3688
14.531244685714283	1.0	NonTarget	1	3720
14.656244639999997	1.0	NonTarget	1	3752
14.781244594285711	1.0	NonTarget	1	3784
14.906244548571426	1.0	NonTarget	1	3816
15.03124450285714	1.0	NonTarget	1	3848
15.156244457142854	1.0	NonTarget	1	3880
15.281244411428569	1.0	NonTarget	1	3912
15.406244365714283	1.0	NonTarget	1	3944
15.531244319999997	1.0	NonTarget	1	3976
15.656244274285712	1.0	NonTarget	1	4008
15.781244228571426	1.0	NonTarget	1	4040
15.90624418285714	1.0	NonTarget	1	4072
16.031244137142853	1.0	NonTarget	1	4104
16.15624409142857	1.0	NonTarget	1	4136
16.28124404571428	1.0	NonTarget	1	4168
16.406243999999997	1.0	NonTarget	1	4200
22.531241759999997	1.0	NonTarget	1	5768
22.65624171428571	1.0	NonTarget	1	5800
22.781241668571425	1.0	NonTarget	1	5832
22.906241622857138	1.0	NonTarget	1	5864
23.031241577142854	1.0	NonTarget	1	5896
23.156241531428567	1.0	NonTarget	1	5928
23.281241485714283	1.0	NonTarget	1	5960
23.406241439999995	1.0	NonTarget	1	5992
23.53124139428571	1.0	NonTarget	1	6024
23.656241348571424	1.0	NonTarget	1	6056
23.78124130285714	1.0	NonTarget	1	6088
23.906241257142852	1.0	NonTarget	1	6120
24.03124121142857	1.0	NonTarget	1	6152
24.15624116571428	1.0	NonTarget	1	6184
24.281241119999997	1.0	NonTarget	1	6216
24.40624107428571	1.0	NonTarget	1	6248
24.531241028571426	1.0	NonTarget	1	6280
24.65624098285714	1.0	NonTarget	1	6312
24.781240937142854	1.0	NonTarget	1	6344
24.906240891428567	1.0	NonTarget	1	6376
25.031240845714283	1.0	NonTarget	1	6408
25.156240799999996	1.0	NonTarget	1	6440
25.28124075428571	1.0	NonTarget	1	6472
25.406240708571424	1.0	NonTarget	1	6504
25.531240662857137	1.0	NonTarget	1	6536
25.656240617142853	1.0	NonTarget	1	6568
25.781240571428565	1.0	NonTarget	1	6600
25.90624052571428	1.0	NonTarget	1	6632
26.031240479999994	1.0	NonTarget	1	6664
26.15624043428571	1.0	NonTarget	1	6696
26.281240388571423	1.0	NonTarget	1	6728
26.40624034285714	1.0	NonTarget	1	6760
26.53124029714285	1.0	NonTarget	1	6792
26.656240251428567	1.0	NonTarget	1	6824
26.78124020571428	1.0	NonTarget	1	6856
26.906240159999996	1.0	NonTarget	1	6888
27.03124011428571	1.0	NonTarget	1	6920
27.156240068571424	1.0	NonTarget	1	6952
27.281240022857137	1.0	NonTarget	1	6984
27.406239977142853	1.0	NonTarget	1	7016
27.531239931428566	1.0	NonTarget	1	7048
27.65623988571428	1.0	NonTarget	1	7080
27.781239839999994	1.0	NonTarget	1	7112
27.90623979428571	1.0	NonTarget	1	7144
28.031239748571423	1.0	NonTarget	1	7176
28.15623970285714	1.0	NonTarget	1	7208
28.28123965714285	1.0	NonTarget	1	7240
28.406239611428568	1.0	NonTarget	1	7272
28.53123956571428	1.0	NonTarget	1	7304
28.656239519999996	1.0	NonTarget	1	7336
28.78123947428571	1.0	NonTarget	1	7368
28.906239428571425	1.0	NonTarget	1	7400
29.031239382857137	1.0	NonTarget	1	7432
29.156239337142853	1.0	NonTarget	1	7464
29.281239291428566	1.0	NonTarget	1	7496
29.406239245714282	1.0	NonTarget	1	7528
29.531239199999995	1.0	NonTarget	1	7560
29.65623915428571	1.0	NonTarget	1	7592
29.781239108571423	1.0	NonTarget	1	7624
29.90623906285714	1.0	NonTarget	1	7656
30.031239017142852	1.0	NonTarget	1	7688
30.156238971428568	1.0	NonTarget	1	7720
30.28123892571428	1.0	NonTarget	1	7752
30.406238879999993	1.0	NonTarget	1	7784
30.53123883428571	1.0	NonTarget	1	7816
30.65623878857142	1.0	NonTarget	1	7848
30.781238742857138	1.0	NonTarget	1	7880
30.90623869714285	1.0	NonTarget	1	7912
31.031238651428566	1.0	NonTarget	1	7944
31.15623860571428	1.0	NonTarget	1	7976
31.281238559999995	1.0	NonTarget	1	8008
31.406238514285707	1.0	NonTarget	1	8040
31.531238468571424	1.0	NonTarget	1	8072
31.656238422857136	1.0	NonTarget	1	8104
31.781238377142852	1.0	NonTarget	1	8136
31.906238331428565	1.0	NonTarget	1	8168
32.03123828571428	1.0	NonTarget	1	8200
32.15623823999999	1.0	NonTarget	1	8232
32.281238194285706	1.0	NonTarget	1	8264
32.406238148571425	1.0	NonTarget	1	8296
32.53123810285714	1.0	NonTarget	1	8328
32.65623805714285	1.0	NonTarget	1	8360
32.78123801142856	1.0	NonTarget	1	8392
32.90623796571428	1.0	NonTarget	1	8424
33.031237919999995	1.0	NonTarget	1	8456
33.15623787428571	1.0	NonTarget	1	8488
33.28123782857142	1.0	NonTarget	1	8520
33.40623778285714	1.0	NonTarget	1	8552
33.53123773714285	1.0	NonTarget	1	8584
33.656237691428565	1.0	NonTarget	1	8616
33.78123764571428	1.0	NonTarget	1	8648
33.9062376	1.0	NonTarget	1	8680
34.03123755428571	1.0	NonTarget	1	8712
34.15623750857142	1.0	NonTarget	1	8744
34.281237462857135	1.0	NonTarget	1	8776
34.406237417142854	1.0	NonTarget	1	8808
40.53123517714285	1.0	NonTarget	1	10376
40.656235131428566	1.0	NonTarget	1	10408
40.78123508571428	1.0	NonTarget	1	10440
40.90623503999999	1.0	NonTarget	1	10472
41.031234994285704	1.0	NonTarget	1	10504
41.156234948571424	1.0	NonTarget	1	10536
41.281234902857136	1.0	NonTarget	1	10568
41.40623485714285	1.0	NonTarget	1	10600
41.53123481142856	1.0	NonTarget	1	10632
41.65623476571428	1.0	NonTarget	1	10664
41.78123471999999	1.0	NonTarget	1	10696
41.906234674285706	1.0	NonTarget	1	10728
42.03123462857142	1.0	NonTarget	1	10760
42.15623458285714	1.0	NonTarget	1	10792
42.28123453714285	1.0	NonTarget	1	10824
42.40623449142856	1.0	NonTarget	1	10856
42.531234445714276	1.0	NonTarget	1	10888
42.656234399999995	1.0	NonTarget	1	10920
42.78123435428571	1.0	NonTarget	1	10952
42.90623430857142	1.0	NonTarget	1	10984
43.03123426285713	1.0	NonTarget	1	11016
43.15623421714285	1.0	NonTarget	1	11048
43.281234171428565	1.0	NonTarget	1	11080
43.40623412571428	1.0	NonTarget	1	11112
43.53123407999999	1.0	NonTarget	1	11144
43.65623403428571	1.0	NonTarget	1	11176
43.78123398857142	1.0	NonTarget	1	11208
43.906233942857135	1.0	NonTarget	1	11240
44.03123389714285	1.0	NonTarget	1	11272
44.15623385142857	1.0	NonTarget	1	11304
44.28123380571428	1.0	NonTarget	1	11336
44.40623375999999	1.0	NonTarget	1	11368
44.531233714285705	1.0	NonTarget	1	11400
44.65623366857142	1.0	NonTarget	1	11432
44.78123362285714	1.0	NonTarget	1	11464
44.90623357714285	1.0	NonTarget	1	11496
45.03123353142856	1.0	NonTarget	1	11528
45.156233485714274	1.0	NonTarget	1	11560
45.281233439999994	1.0	NonTarget	1	11592
45.40623339428571	1.0	NonTarget	1	11624
45.53123334857142	1.0	NonTarget	1	11656
45.65623330285713	1.0	NonTarget	1	11688
45.78123325714285	1.0	NonTarget	1	11720
45.906233211428564	1.0	NonTarget	1	11752
46.031233165714276	1.0	NonTarget	1	11784
46.15623311999999	1.0	NonTarget	1	11816
46.28123307428571	1.0	NonTarget	1	11848
46.40623302857142	1.0	NonTarget	1	11880
46.531232982857134	1.0	NonTarget	1	11912
46.656232937142846	1.0	NonTarget	1	11944
46.781232891428566	1.0	NonTarget	1	11976
46.90623284571428	1.0	NonTarget	1	12008
47.03123279999999	1.0	NonTarget	1	12040
47.1562327542857	1.0	NonTarget	1	12072
47.28123270857142	1.0	NonTarget	1	12104
47.406232662857136	1.0	NonTarget	1	12136
47.53123261714285	1.0	NonTarget	1	12168
47.65623257142856	1.0	NonTarget	1	12200
47.78123252571428	1.0	NonTarget	1	12232
47.90623247999999	1.0	NonTarget	1	12264
48.031232434285705	1.0	NonTarget	1	12296
48.15623238857142	1.0	NonTarget	1	12328
48.28123234285714	1.0	NonTarget	1	12360
48.40623229714285	1.0	NonTarget	1	12392
48.53123225142856	1.0	NonTarget	1	12424
48.656232205714275	1.0	NonTarget	1	12456
48.781232159999995	1.0	NonTarget	1	12488
48.90623211428571	1.0	NonTarget	1	12520
49.03123206857142	1.0	NonTarget	1	12552
49.15623202285713	1.0	NonTarget	1	12584
49.28123197714285	1.0	NonTarget	1	12616
49.406231931428565	1.0	NonTarget	1	12648
49.53123188571428	1.0	NonTarget	1	12680
49.65623183999999	1.0	NonTarget	1	12712
49.7812317942857	1.0	NonTarget	1	12744
49.90623174857142	1.0	NonTarget	1	12776
50.031231702857134	1.0	NonTarget	1	12808
50.15623165714285	1.0	NonTarget	1	12840
50.28123161142856	1.0	NonTarget	1	12872
50.40623156571428	1.0	NonTarget	1	12904
50.53123151999999	1.0	NonTarget	1	12936
50.656231474285704	1.0	NonTarget	1	12968
50.78123142857142	1.0	NonTarget	1	13000
50.906231382857136	1.0	NonTarget	1	13032
51.03123133714285	1.0	NonTarget	1	13064
51.15623129142856	1.0	NonTarget	1	13096
51.281231245714274	1.0	NonTarget	1	13128
51.40623119999999	1.0	NonTarget	1	13160
51.531231154285706	1.0	NonTarget	1	13192
51.65623110857142	1.0	NonTarget	1	13224
51.78123106285713	1.0	NonTarget	1	13256
51.90623101714285	1.0	NonTarget	1	13288
52.03123097142856	1.0	NonTarget	1	13320
52.156230925714276	1.0	NonTarget	1	13352
52.28123087999999	1.0	NonTarget	1	13384
52.40623083428571	1.0	NonTarget	1	13416
58.53122859428571	1.0	NonTarget	1	14984
58.65622854857142	1.0	NonTarget	1	15016
58.78122850285713	1.0	NonTarget	1	15048
58.906228457142845	1.0	NonTarget	1	15080
59.031228411428565	1.0	NonTarget	1	15112
59.15622836571428	1.0	NonTarget	1	15144
59.28122831999999	1.0	NonTarget	1	15176
59.4062282742857	1.0	NonTarget	1	15208
59.531228228571415	1.0	NonTarget	1	15240
59.656228182857134	1.0	NonTarget	1	15272
59.78122813714285	1.0	NonTarget	1	15304
59.90622809142856	1.0	NonTarget	1	15336
60.03122804571427	1.0	NonTarget	1	15368
60.15622799999999	1.0	NonTarget	1	15400
60.281227954285704	1.0	NonTarget	1	15432
60.40622790857142	1.0	NonTarget	1	15464
60.53122786285713	1.0	NonTarget	1	15496
60.65622781714285	1.0	NonTarget	1	15528
60.78122777142856	1.0	NonTarget	1	15560
60.906227725714274	1.0	NonTarget	1	15592
61.031227679999986	1.0	NonTarget	1	15624
61.156227634285706	1.0	NonTarget	1	15656
61.28122758857142	1.0	NonTarget	1	15688
61.40622754285713	1.0	NonTarget	1	15720
61.531227497142844	1.0	NonTarget	1	15752
61.65622745142856	1.0	NonTarget	1	15784
61.781227405714276	1.0	NonTarget	1	15816
61.90622735999999	1.0	NonTarget	1	15848
62.0312273142857	1.0	NonTarget	1	15880
62.15622726857142	1.0	NonTarget	1	15912
62.28122722285713	1.0	NonTarget	1	15944
62.406227177142846	1.0	NonTarget	1	15976
62.53122713142856	1.0	NonTarget	1	16008
62.65622708571428	1.0	NonTarget	1	16040
62.78122703999999	1.0	NonTarget	1	16072
62.9062269942857	1.0	NonTarget	1	16104
63.031226948571415	1.0	NonTarget	1	16136
63.156226902857135	1.0	NonTarget	1	16168
63.28122685714285	1.0	NonTarget	1	16200
63.40622681142856	1.0	NonTarget	1	16232
63.53122676571427	1.0	NonTarget	1	16264
63.65622671999999	1.0	NonTarget	1	16296
63.781226674285705	1.0	NonTarget	1	16328
63.90622662857142	1.0	NonTarget	1	16360
64.03122658285713	1.0	NonTarget	1	16392
64.15622653714284	1.0	NonTarget	1	16424
64.28122649142855	1.0	NonTarget	1	16456
64.40622644571427	1.0	NonTarget	1	16488
64.5312264	1.0	NonTarget	1	16520
64.6562263542857	1.0	NonTarget	1	16552
64.78122630857142	1.0	NonTarget	1	16584
64.90622626285713	1.0	NonTarget	1	16616
65.03122621714284	1.0	NonTarget	1	16648
65.15622617142856	1.0	NonTarget	1	16680
65.28122612571427	1.0	NonTarget	1	16712
65.40622607999998	1.0	NonTarget	1	16744
65.53122603428571	1.0	NonTarget	1	16776
65.65622598857142	1.0	NonTarget	1	16808
65.78122594285713	1.0	NonTarget	1	16840
65.90622589714285	1.0	NonTarget	1	16872
66.03122585142856	1.0	NonTarget	1	16904
66.15622580571427	1.0	NonTarget	1	16936
66.28122575999998	1.0	NonTarget	1	16968
66.4062257142857	1.0	NonTarget	1	17000
66.53122566857142	1.0	NonTarget	1	17032
66.65622562285714	1.0	NonTarget	1	17064
66.78122557714285	1.0	NonTarget	1	17096
66.90622553142856	1.0	NonTarget	1	17128
67.03122548571427	1.0	NonTarget	1	17160
67.15622543999999	1.0	NonTarget	1	17192
67.2812253942857	1.0	NonTarget	1	17224
67.40622534857141	1.0	NonTarget	1	17256
67.53122530285714	1.0	NonTarget	1	17288
67.65622525714285	1.0	NonTarget	1	17320
67.78122521142856	1.0	NonTarget	1	17352
67.90622516571428	1.0	NonTarget	1	17384
68.03122511999999	1.0	NonTarget	1	17416
68.1562250742857	1.0	NonTarget	1	17448
68.28122502857141	1.0	NonTarget	1	17480
68.40622498285713	1.0	NonTarget	1	17512
68.53122493714285	1.0	NonTarget	1	17544
68.65622489142856	1.0	NonTarget	1	17576
68.78122484571428	1.0	NonTarget	1	17608
68.90622479999999	1.0	NonTarget	1	17640
69.0312247542857	1.0	NonTarget	1	17672
69.15622470857141	1.0	NonTarget	1	17704
69.28122466285713	1.0	NonTarget	1	17736
69.40622461714284	1.0	NonTarget	1	17768
69.53122457142855	1.0	NonTarget	1	17800
69.65622452571428	1.0	NonTarget	1	17832
69.78122447999999	1.0	NonTarget	1	17864
69.9062244342857	1.0	NonTarget	1	17896
70.03122438857142	1.0	NonTarget	1	17928
70.15622434285713	1.0	NonTarget	1	17960
70.28122429714284	1.0	NonTarget	1	17992
70.40622425142855	1.0	NonTarget	1	18024
76.53122201142855	1.0	NonTarget	1	19592
76.65622196571427	1.0	NonTarget	1	19624
76.78122192	1.0	NonTarget	1	19656
76.9062218742857	1.0	NonTarget	1	19688
77.03122182857142	1.0	NonTarget	1	19720
77.15622178285713	1.0	NonTarget	1	19752
77.28122173714284	1.0	NonTarget	1	19784
77.40622169142856	1.0	NonTarget	1	19816
77.53122164571427	1.0	NonTarget	1	19848
77.65622159999998	1.0	NonTarget	1	19880
77.78122155428571	1.0	NonTarget	1	19912
77.90622150857142	1.0	NonTarget	1	19944
78.03122146285713	1.0	NonTarget	1	19976
78.15622141714285	1.0	NonTarget	1	20008
78.28122137142856	1.0	NonTarget	1	20040
78.40622132571427	1.0	NonTarget	1	20072
78.53122127999998	1.0	NonTarget	1	20104
78.6562212342857	1.0	NonTarget	1	20136
78.78122118857141	1.0	NonTarget	1	20168
78.90622114285713	1.0	NonTarget	1	20200
79.03122109714285	1.0	NonTarget	1	20232
79.15622105142856	1.0	NonTarget	1	20264
79.28122100571427	1.0	NonTarget	1	20296
79.40622095999998	1.0	NonTarget	1	20328
79.5312209142857	1.0	NonTarget	1	20360
79.65622086857141	1.0	NonTarget	1	20392
79.78122082285712	1.0	NonTarget	1	20424
79.90622077714285	1.0	NonTarget	1	20456
80.03122073142856	1.0	NonTarget	1	20488
80.15622068571427	1.0	NonTarget	1	20520
80.28122063999999	1.0	NonTarget	1	20552
80.4062205942857	1.0	NonTarget	1	20584
80.53122054857141	1.0	NonTarget	1	20616
80.65622050285712	1.0	NonTarget	1	20648
80.78122045714284	1.0	NonTarget	1	20680
80.90622041142856	1.0	NonTarget	1	20712
81.03122036571428	1.0	NonTarget	1	20744
81.15622031999999	1.0	NonTarget	1	20776
81.2812202742857	1.0	NonTarget	1	20808
81.40622022857141	1.0	NonTarget	1	20840
81.53122018285713	1.0	NonTarget	1	20872
81.65622013714284	1.0	NonTarget	1	20904
81.78122009142855	1.0	NonTarget	1	20936
81.90622004571428	1.0	NonTarget	1	20968
82.03121999999999	1.0	NonTarget	1	21000
82.1562199542857	1.0	NonTarget	1	21032
82.28121990857142	1.0	NonTarget	1	21064
82.40621986285713	1.0	NonTarget	1	21096
82.53121981714284	1.0	NonTarget	1	21128
82.65621977142855	1.0	NonTarget	1	21160
82.78121972571427	1.0	NonTarget	1	21192
82.90621967999999	1.0	NonTarget	1	21224
83.0312196342857	1.0	NonTarget	1	21256
83.15621958857142	1.0	NonTarget	1	21288
83.28121954285713	1.0	NonTarget	1	21320
83.40621949714284	1.0	NonTarget	1	21352
83.53121945142856	1.0	NonTarget	1	21384
83.65621940571427	1.0	NonTarget	1	21416
83.78121935999998	1.0	NonTarget	1	21448
83.90621931428569	1.0	NonTarget	1	21480
84.03121926857142	1.0	NonTarget	1	21512
84.15621922285713	1.0	NonTarget	1	21544
84.28121917714284	1.0	NonTarget	1	21576
84.40621913142856	1.0	NonTarget	1	21608
84.53121908571427	1.0	NonTarget	1	21640
84.65621903999998	1.0	NonTarget	1	21672
84.7812189942857	1.0	NonTarget	1	21704
84.90621894857141	1.0	NonTarget	1	21736
85.03121890285713	1.0	NonTarget	1	21768
85.15621885714285	1.0	NonTarget	1	21800
85.28121881142856	1.0	NonTarget	1	21832
85.40621876571427	1.0	NonTarget	1	21864
85.53121871999998	1.0	NonTarget	1	21896
85.6562186742857	1.0	NonTarget	1	21928
85.78121862857141	1.0	NonTarget	1	21960
85.90621858285712	1.0	NonTarget	1	21992
86.03121853714285	1.0	NonTarget	1	22024
86.15621849142856	1.0	NonTarget	1	22056
86.28121844571427	1.0	NonTarget	1	22088
86.40621839999999	1.0	NonTarget	1	22120
86.5312183542857	1.0	NonTarget	1	22152
86.65621830857141	1.0	NonTarget	1	22184
86.78121826285712	1.0	NonTarget	1	22216
86.90621821714284	1.0	NonTarget	1	22248
87.03121817142856	1.0	NonTarget	1	22280
87.15621812571428	1.0	NonTarget	1	22312
87.28121807999999	1.0	NonTarget	1	22344
87.4062180342857	1.0	NonTarget	1	22376
87.53121798857141	1.0	NonTarget	1	22408
87.65621794285713	1.0	NonTarget	1	22440
87.78121789714284	1.0	NonTarget	1	22472
87.90621785142855	1.0	NonTarget	1	22504
88.03121780571428	1.0	NonTarget	1	22536
88.15621775999999	1.0	NonTarget	1	22568
88.2812177142857	1.0	NonTarget	1	22600
88.40621766857141	1.0	NonTarget	1	22632
94.53121542857141	1.0	NonTarget	1	24200
94.65621538285713	1.0	NonTarget	1	24232
94.78121533714284	1.0	NonTarget	1	24264
94.90621529142855	1.0	NonTarget	1	24296
95.03121524571426	1.0	NonTarget	1	24328
95.15621519999998	1.0	NonTarget	1	24360
95.2812151542857	1.0	NonTarget	1	24392
95.40621510857142	1.0	NonTarget	1	24424
95.53121506285713	1.0	NonTarget	1	24456
95.65621501714284	1.0	NonTarget	1	24488
95.78121497142855	1.0	NonTarget	1	24520
95.90621492571427	1.0	NonTarget	1	24552
96.03121487999998	1.0	NonTarget	1	24584
96.15621483428569	1.0	NonTarget	1	24616
96.28121478857142	1.0	NonTarget	1	24648
96.40621474285713	1.0	NonTarget	1	24680
96.53121469714284	1.0	NonTarget	1	24712
96.65621465142856	1.0	NonTarget	1	24744
96.78121460571427	1.0	NonTarget	1	24776
96.90621455999998	1.0	NonTarget	1	24808
97.0312145142857	1.0	NonTarget	1	24840
97.1562144685714	1.0	NonTarget	1	24872
97.28121442285713	1.0	NonTarget	1	24904
97.40621437714285	1.0	NonTarget	1	24936
97.53121433142856	1.0	NonTarget	1	24968
97.65621428571427	1.0	NonTarget	1	25000
97.78121423999998	1.0	NonTarget	1	25032
97.9062141942857	1.0	NonTarget	1	25064
98.03121414857141	1.0	NonTarget	1	25096
98.15621410285712	1.0	NonTarget	1	25128
98.28121405714283	1.0	NonTarget	1	25160
98.40621401142856	1.0	NonTarget	1	25192
98.53121396571427	1.0	NonTarget	1	25224
98.65621391999998	1.0	NonTarget	1	25256
98.7812138742857	1.0	NonTarget	1	25288
98.90621382857141	1.0	NonTarget	1	25320
99.03121378285712	1.0	NonTarget	1	25352
99.15621373714283	1.0	NonTarget	1	25384
99.28121369142855	1.0	NonTarget	1	25416
99.40621364571427	1.0	NonTarget	1	25448
99.53121359999999	1.0	NonTarget	1	25480
99.6562135542857	1.0	NonTarget	1	25512
99.78121350857141	1.0	NonTarget	1	25544
99.90621346285712	1.0	NonTarget	1	25576
100.03121341714284	1.0	NonTarget	1	25608
100.15621337142855	1.0	NonTarget	1	25640
100.28121332571426	1.0	NonTarget	1	25672
100.40621327999999	1.0	NonTarget	1	25704
100.5312132342857	1.0	NonTarget	1	25736
100.65621318857141	1.0	NonTarget	1	25768
100.78121314285713	1.0	NonTarget	1	25800
100.90621309714284	1.0	NonTarget	1	25832
101.03121305142855	1.0	NonTarget	1	25864
101.15621300571426	1.0	NonTarget	1	25896
101.28121295999998	1.0	NonTarget	1	25928
101.4062129142857	1.0	NonTarget	1	25960
101.53121286857142	1.0	NonTarget	1	25992
101.65621282285713	1.0	NonTarget	1	26024
101.78121277714284	1.0	NonTarget	1	26056
101.90621273142855	1.0	NonTarget	1	26088
102.03121268571427	1.0	NonTarget	1	26120
102.15621263999998	1.0	NonTarget	1	26152
102.28121259428569	1.0	NonTarget	1	26184
102.40621254857142	1.0	NonTarget	1	26216
102.53121250285713	1.0	NonTarget	1	26248
102.65621245714284	1.0	NonTarget	1	26280
102.78121241142856	1.0	NonTarget	1	26312
102.90621236571427	1.0	NonTarget	1	26344
103.03121231999998	1.0	NonTarget	1	26376
103.15621227428569	1.0	NonTarget	1	26408
103.2812122285714	1.0	NonTarget	1	26440
103.40621218285712	1.0	NonTarget	1	26472
103.53121213714284	1.0	NonTarget	1	26504
103.65621209142856	1.0	NonTarget	1	26536
103.78121204571427	1.0	NonTarget	1	26568
103.90621199999998	1.0	NonTarget	1	26600
104.0312119542857	1.0	NonTarget	1	26632
104.15621190857141	1.0	NonTarget	1	26664
104.28121186285712	1.0	NonTarget	1	26696
104.40621181714283	1.0	NonTarget	1	26728
104.53121177142856	1.0	NonTarget	1	26760
104.65621172571427	1.0	NonTarget	1	26792
104.78121167999998	1.0	NonTarget	1	26824
104.9062116342857	1.0	NonTarget	1	26856
105.03121158857141	1.0	NonTarget	1	26888
105.15621154285712	1.0	NonTarget	1	26920
105.28121149714283	1.0	NonTarget	1	26952
105.40621145142855	1.0	NonTarget	1	26984
105.53121140571427	1.0	NonTarget	1	27016
105.65621135999999	1.0	NonTarget	1	27048
105.7812113142857	1.0	NonTarget	1	27080
105.90621126857141	1.0	NonTarget	1	27112
106.03121122285712	1.0	NonTarget	1	27144
106.15621117714284	1.0	NonTarget	1	27176
106.28121113142855	1.0	NonTarget	1	27208
106.40621108571426	1.0	NonTarget	1	27240
112.53120884571426	1.0	NonTarget	1	28808
112.65620879999997	1.0	NonTarget	1	28840
112.7812087542857	1.0	NonTarget	1	28872
112.90620870857141	1.0	NonTarget	1	28904
113.03120866285713	1.0	NonTarget	1	28936
113.15620861714284	1.0	NonTarget	1	28968
113.28120857142855	1.0	NonTarget	1	29000
113.40620852571426	1.0	NonTarget	1	29032
113.53120847999998	1.0	NonTarget	1	29064
113.65620843428569	1.0	NonTarget	1	29096
113.78120838857141	1.0	NonTarget	1	29128
113.90620834285713	1.0	NonTarget	1	29160
114.03120829714284	1.0	NonTarget	1	29192
114.15620825142855	1.0	NonTarget	1	29224
114.28120820571426	1.0	NonTarget	1	29256
114.40620815999998	1.0	NonTarget	1	29288
114.53120811428569	1.0	NonTarget	1	29320
114.6562080685714	1.0	NonTarget	1	29352
114.78120802285713	1.0	NonTarget	1	29384
114.90620797714284	1.0	NonTarget	1	29416
115.03120793142855	1.0	NonTarget	1	29448
115.15620788571427	1.0	NonTarget	1	29480
115.28120783999998	1.0	NonTarget	1	29512
115.40620779428569	1.0	NonTarget	1	29544
115.5312077485714	1.0	NonTarget	1	29576
115.65620770285712	1.0	NonTarget	1	29608
115.78120765714284	1.0	NonTarget	1	29640
115.90620761142856	1.0	NonTarget	1	29672
116.03120756571427	1.0	NonTarget	1	29704
116.15620751999998	1.0	NonTarget	1	29736
116.2812074742857	1.0	NonTarget	1	29768
116.4062074285714	1.0	NonTarget	1	29800
116.53120738285712	1.0	NonTarget	1	29832
116.65620733714283	1.0	NonTarget	1	29864
116.78120729142856	1.0	NonTarget	1	29896
116.90620724571427	1.0	NonTarget	1	29928
117.03120719999998	1.0	NonTarget	1	29960
117.1562071542857	1.0	NonTarget	1	29992
117.28120710857141	1.0	NonTarget	1	30024
117.40620706285712	1.0	NonTarget	1	30056
117.53120701714283	1.0	NonTarget	1	30088
117.65620697142855	1.0	NonTarget	1	30120
117.78120692571426	1.0	NonTarget	1	30152
117.90620687999998	1.0	NonTarget	1	30184
118.0312068342857	1.0	NonTarget	1	30216
118.15620678857141	1.0	NonTarget	1	30248
118.28120674285712	1.0	NonTarget	1	30280
118.40620669714284	1.0	NonTarget	1	30312
118.53120665142855	1.0	NonTarget	1	30344
118.65620660571426	1.0	NonTarget	1	30376
118.78120655999997	1.0	NonTarget	1	30408
118.9062065142857	1.0	NonTarget	1	30440
119.03120646857141	1.0	NonTarget	1	30472
119.15620642285712	1.0	NonTarget	1	30504
119.28120637714284	1.0	NonTarget	1	30536
119.40620633142855	1.0	NonTarget	1	30568
119.53120628571426	1.0	NonTarget	1	30600
119.65620623999997	1.0	NonTarget	1	30632
119.78120619428569	1.0	NonTarget	1	30664
119.90620614857141	1.0	NonTarget	1	30696
120.03120610285713	1.0	NonTarget	1	30728
120.15620605714284	1.0	NonTarget	1	30760
120.28120601142855	1.0	NonTarget	1	30792
120.40620596571426	1.0	NonTarget	1	30824
120.53120591999998	1.0	NonTarget	1	30856
120.65620587428569	1.0	NonTarget	1	30888
120.7812058285714	1.0	NonTarget	1	30920
120.90620578285713	1.0	NonTarget	1	30952
121.03120573714284	1.0	NonTarget	1	30984
121.15620569142855	1.0	NonTarget	1	31016
121.28120564571427	1.0	NonTarget	1	31048
121.40620559999998	1.0	NonTarget	1	31080
121.53120555428569	1.0	NonTarget	1	31112
121.6562055085714	1.0	NonTarget	1	31144
121.78120546285712	1.0	NonTarget	1	31176
121.90620541714283	1.0	NonTarget	1	31208
122.03120537142856	1.0	NonTarget	1	31240
122.15620532571427	1.0	NonTarget	1	31272
122.28120527999998	1.0	NonTarget	1	31304
122.4062052342857	1.0	NonTarget	1	31336
122.5312051885714	1.0	NonTarget	1	31368
122.65620514285712	1.0	NonTarget	1	31400
122.78120509714283	1.0	NonTarget	1	31432
122.90620505142854	1.0	NonTarget	1	31464
123.03120500571427	1.0	NonTarget	1	31496
123.15620495999998	1.0	NonTarget	1	31528
123.2812049142857	1.0	NonTarget	1	31560
123.40620486857141	1.0	NonTarget	1	31592
123.53120482285712	1.0	NonTarget	1	31624
123.65620477714283	1.0	NonTarget	1	31656
123.78120473142855	1.0	NonTarget	1	31688
123.90620468571426	1.0	NonTarget	1	31720
124.03120463999998	1.0	NonTarget	1	31752
124.1562045942857	1.0	NonTarget	1	31784
124.28120454857141	1.0	NonTarget	1	31816
124.40620450285712	1.0	NonTarget	1	31848
130.5312022628571	1.0	NonTarget	1	33416
130.65620221714283	1.0	NonTarget	1	33448
130.78120217142856	1.0	NonTarget	1	33480
130.90620212571426	1.0	NonTarget	1	33512
131.03120207999999	1.0	NonTarget	1	33544
131.15620203428568	1.0	NonTarget	1	33576
131.2812019885714	1.0	NonTarget	1	33608
131.4062019428571	1.0	NonTarget	1	33640
131.53120189714284	1.0	NonTarget	1	33672
131.65620185142853	1.0	NonTarget	1	33704
131.78120180571426	1.0	NonTarget	1	33736
131.90620176	1.0	NonTarget	1	33768
132.0312017142857	1.0	NonTarget	1	33800
132.1562016685714	1.0	NonTarget	1	33832
132.2812016228571	1.0	NonTarget	1	33864
132.40620157714284	1.0	NonTarget	1	33896
132.53120153142854	1.0	NonTarget	1	33928
132.65620148571426	1.0	NonTarget	1	33960
132.78120144	1.0	NonTarget	1	33992
132.9062013942857	1.0	NonTarget	1	34024
133.03120134857141	1.0	NonTarget	1	34056
133.1562013028571	1.0	NonTarget	1	34088
133.28120125714284	1.0	NonTarget	1	34120
133.40620121142854	1.0	NonTarget	1	34152
133.53120116571426	1.0	NonTarget	1	34184
133.65620111999996	1.0	NonTarget	1	34216
133.7812010742857	1.0	NonTarget	1	34248
133.90620102857142	1.0	NonTarget	1	34280
134.03120098285711	1.0	NonTarget	1	34312
134.15620093714284	1.0	NonTarget	1	34344
134.28120089142854	1.0	NonTarget	1	34376
134.40620084571427	1.0	NonTarget	1	34408
134.53120079999997	1.0	NonTarget	1	34440
134.6562007542857	1.0	NonTarget	1	34472
134.78120070857142	1.0	NonTarget	1	34504
134.90620066285712	1.0	NonTarget	1	34536
135.03120061714284	1.0	NonTarget	1	34568
135.15620057142854	1.0	NonTarget	1	34600
135.28120052571427	1.0	NonTarget	1	34632
135.40620047999997	1.0	NonTarget	1	34664
135.5312004342857	1.0	NonTarget	1	34696
135.6562003885714	1.0	NonTarget	1	34728
135.78120034285712	1.0	NonTarget	1	34760
135.90620029714285	1.0	NonTarget	1	34792
136.03120025142854	1.0	NonTarget	1	34824
136.15620020571427	1.0	NonTarget	1	34856
136.28120015999997	1.0	NonTarget	1	34888
136.4062001142857	1.0	NonTarget	1	34920
136.5312000685714	1.0	NonTarget	1	34952
136.65620002285712	1.0	NonTarget	1	34984
136.78119997714282	1.0	NonTarget	1	35016
136.90619993142855	1.0	NonTarget	1	35048
137.03119988571427	1.0	NonTarget	1	35080
137.15619983999997	1.0	NonTarget	1	35112
137.2811997942857	1.0	NonTarget	1	35144
137.4061997485714	1.0	NonTarget	1	35176
137.53119970285712	1.0	NonTarget	1	35208
137.65619965714282	1.0	NonTarget	1	35240
137.78119961142855	1.0	NonTarget	1	35272
137.90619956571427	1.0	NonTarget	1	35304
138.03119951999997	1.0	NonTarget	1	35336
138.1561994742857	1.0	NonTarget	1	35368
138.2811994285714	1.0	NonTarget	1	35400
138.40619938285712	1.0	NonTarget	1	35432
138.53119933714282	1.0	NonTarget	1	35464
138.65619929142855	1.0	NonTarget	1	35496
138.78119924571425	1.0	NonTarget	1	35528
138.90619919999997	1.0	NonTarget	1	35560
139.0311991542857	1.0	NonTarget	1	35592
139.1561991085714	1.0	NonTarget	1	35624
139.28119906285713	1.0	NonTarget	1	35656
139.40619901714282	1.0	NonTarget	1	35688
139.53119897142855	1.0	NonTarget	1	35720
139.65619892571425	1.0	NonTarget	1	35752
139.78119887999998	1.0	NonTarget	1	35784
139.9061988342857	1.0	NonTarget	1	35816
140.0311987885714	1.0	NonTarget	1	35848
140.15619874285713	1.0	NonTarget	1	35880
140.28119869714283	1.0	NonTarget	1	35912
140.40619865142855	1.0	NonTarget	1	35944
140.53119860571425	1.0	NonTarget	1	35976
140.65619855999998	1.0	NonTarget	1	36008
140.78119851428568	1.0	NonTarget	1	36040
140.9061984685714	1.0	NonTarget	1	36072
141.03119842285713	1.0	NonTarget	1	36104
141.15619837714283	1.0	NonTarget	1	36136
141.28119833142856	1.0	NonTarget	1	36168
141.40619828571425	1.0	NonTarget	1	36200
141.53119823999998	1.0	NonTarget	1	36232
141.65619819428568	1.0	NonTarget	1	36264
141.7811981485714	1.0	NonTarget	1	36296
141.9061981028571	1.0	NonTarget	1	36328
142.03119805714283	1.0	NonTarget	1	36360
142.15619801142856	1.0	NonTarget	1	36392
142.28119796571426	1.0	NonTarget	1	36424
142.40619791999998	1.0	NonTarget	1	36456
148.53119567999997	1.0	NonTarget	1	38024
148.6561956342857	1.0	NonTarget	1	38056
148.7811955885714	1.0	NonTarget	1	38088
148.90619554285712	1.0	NonTarget	1	38120
149.03119549714282	1.0	NonTarget	1	38152
149.15619545142854	1.0	NonTarget	1	38184
149.28119540571427	1.0	NonTarget	1	38216
149.40619535999997	1.0	NonTarget	1	38248
149.5311953142857	1.0	NonTarget	1	38280
149.6561952685714	1.0	NonTarget	1	38312
149.78119522285712	1.0	NonTarget	1	38344
149.90619517714282	1.0	NonTarget	1	38376
150.03119513142855	1.0	NonTarget	1	38408
150.15619508571427	1.0	NonTarget	1	38440
150.28119503999997	1.0	NonTarget	1	38472
150.4061949942857	1.0	NonTarget	1	38504
150.5311949485714	1.0	NonTarget	1	38536
150.65619490285712	1.0	NonTarget	1	38568
150.78119485714282	1.0	NonTarget	1	38600
150.90619481142855	1.0	NonTarget	1	38632
151.03119476571425	1.0	NonTarget	1	38664
151.15619471999997	1.0	NonTarget	1	38696
151.2811946742857	1.0	NonTarget	1	38728
151.4061946285714	1.0	NonTarget	1	38760
151.53119458285713	1.0	NonTarget	1	38792
151.65619453714282	1.0	NonTarget	1	38824
151.78119449142855	1.0	NonTarget	1	38856
151.90619444571425	1.0	NonTarget	1	38888
152.03119439999998	1.0	NonTarget	1	38920
152.15619435428567	1.0	NonTarget	1	38952
152.2811943085714	1.0	NonTarget	1	38984
152.40619426285713	1.0	NonTarget	1	39016
152.53119421714283	1.0	NonTarget	1	39048
152.65619417142855	1.0	NonTarget	1	39080
152.78119412571425	1.0	NonTarget	1	39112
152.90619407999998	1.0	NonTarget	1	39144
153.03119403428568	1.0	NonTarget	1	39176
153.1561939885714	1.0	NonTarget	1	39208
153.28119394285713	1.0	NonTarget	1	39240
153.40619389714283	1.0	NonTarget	1	39272
153.53119385142855	1.0	NonTarget	1	39304
153.65619380571425	1.0	NonTarget	1	39336
153.78119375999998	1.0	NonTarget	1	39368
153.90619371428568	1.0	NonTarget	1	39400
154.0311936685714	1.0	NonTarget	1	39432
154.1561936228571	1.0	NonTarget	1	39464
154.28119357714283	1.0	NonTarget	1	39496
154.40619353142856	1.0	NonTarget	1	39528
154.53119348571425	1.0	NonTarget	1	39560
154.65619343999998	1.0	NonTarget	1	39592
154.78119339428568	1.0	NonTarget	1	39624
154.9061933485714	1.0	NonTarget	1	39656
155.0311933028571	1.0	NonTarget	1	39688
155.15619325714283	1.0	NonTarget	1	39720
155.28119321142856	1.0	NonTarget	1	39752
155.40619316571426	1.0	NonTarget	1	39784
155.53119311999998	1.0	NonTarget	1	39816
155.65619307428568	1.0	NonTarget	1	39848
155.7811930285714	1.0	NonTarget	1	39880
155.9061929828571	1.0	NonTarget	1	39912
156.03119293714283	1.0	NonTarget	1	39944
156.15619289142853	1.0	NonTarget	1	39976
156.28119284571426	1.0	NonTarget	1	40008
156.40619279999999	1.0	NonTarget	1	40040
156.53119275428568	1.0	NonTarget	1	40072
156.6561927085714	1.0	NonTarget	1	40104
156.7811926628571	1.0	NonTarget	1	40136
156.90619261714284	1.0	NonTarget	1	40168
157.03119257142853	1.0	NonTarget	1	40200
157.15619252571426	1.0	NonTarget	1	40232
157.28119247999996	1.0	NonTarget	1	40264
157.40619243428569	1.0	NonTarget	1	40296
157.5311923885714	1.0	NonTarget	1	40328
157.6561923428571	1.0	NonTarget	1	40360
157.78119229714284	1.0	NonTarget	1	40392
157.90619225142854	1.0	NonTarget	1	40424
158.03119220571426	1.0	NonTarget	1	40456
158.15619215999996	1.0	NonTarget	1	40488
158.2811921142857	1.0	NonTarget	1	40520
158.40619206857141	1.0	NonTarget	1	40552
158.5311920228571	1.0	NonTarget	1	40584
158.65619197714284	1.0	NonTarget	1	40616
158.78119193142854	1.0	NonTarget	1	40648
158.90619188571426	1.0	NonTarget	1	40680
159.03119183999996	1.0	NonTarget	1	40712
159.1561917942857	1.0	NonTarget	1	40744
159.2811917485714	1.0	NonTarget	1	40776
159.40619170285711	1.0	NonTarget	1	40808
159.53119165714284	1.0	NonTarget	1	40840
159.65619161142854	1.0	NonTarget	1	40872
159.78119156571427	1.0	NonTarget	1	40904
159.90619151999996	1.0	NonTarget	1	40936
160.0311914742857	1.0	NonTarget	1	40968
160.1561914285714	1.0	NonTarget	1	41000
160.28119138285712	1.0	NonTarget	1	41032
160.40619133714284	1.0	NonTarget	1	41064
166.53118909714283	1.0	NonTarget	1	42632
166.65618905142856	1.0	NonTarget	1	42664
166.78118900571425	1.0	NonTarget	1	42696
166.90618895999998	1.0	NonTarget	1	42728
167.03118891428568	1.0	NonTarget	1	42760
167.1561888685714	1.0	NonTarget	1	42792
167.2811888228571	1.0	NonTarget	1	42824
167.40618877714283	1.0	NonTarget	1	42856
167.53118873142853	1.0	NonTarget	1	42888
167.65618868571426	1.0	NonTarget	1	42920
167.78118863999998	1.0	NonTarget	1	42952
167.90618859428568	1.0	NonTarget	1	42984
168.0311885485714	1.0	NonTarget	1	43016
168.1561885028571	1.0	NonTarget	1	43048
168.28118845714283	1.0	NonTarget	1	43080
168.40618841142853	1.0	NonTarget	1	43112
168.53118836571426	1.0	NonTarget	1	43144
168.65618831999998	1.0	NonTarget	1	43176
168.78118827428568	1.0	NonTarget	1	43208
168.9061882285714	1.0	NonTarget	1	43240
169.0311881828571	1.0	NonTarget	1	43272
169.15618813714283	1.0	NonTarget	1	43304
169.28118809142853	1.0	NonTarget	1	43336
169.40618804571426	1.0	NonTarget	1	43368
169.53118799999996	1.0	NonTarget	1	43400
169.65618795428568	1.0	NonTarget	1	43432
169.7811879085714	1.0	NonTarget	1	43464
169.9061878628571	1.0	NonTarget	1	43496
170.03118781714284	1.0	NonTarget	1	43528
170.15618777142853	1.0	NonTarget	1	43560
170.28118772571426	1.0	NonTarget	1	43592
170.40618767999996	1.0	NonTarget	1	43624
170.5311876342857	1.0	NonTarget	1	43656
170.65618758857138	1.0	NonTarget	1	43688
170.7811875428571	1.0	NonTarget	1	43720
170.90618749714284	1.0	NonTarget	1	43752
171.03118745142854	1.0	NonTarget	1	43784
171.15618740571426	1.0	NonTarget	1	43816
171.28118735999996	1.0	NonTarget	1	43848
171.4061873142857	1.0	NonTarget	1	43880
171.5311872685714	1.0	NonTarget	1	43912
171.6561872228571	1.0	NonTarget	1	43944
171.78118717714284	1.0	NonTarget	1	43976
171.90618713142854	1.0	NonTarget	1	44008
172.03118708571427	1.0	NonTarget	1	44040
172.15618703999996	1.0	NonTarget	1	44072
172.2811869942857	1.0	NonTarget	1	44104
172.4061869485714	1.0	NonTarget	1	44136
172.53118690285712	1.0	NonTarget	1	44168
172.6561868571428	1.0	NonTarget	1	44200
172.78118681142854	1.0	NonTarget	1	44232
172.90618676571427	1.0	NonTarget	1	44264
173.03118671999997	1.0	NonTarget	1	44296
173.1561866742857	1.0	NonTarget	1	44328
173.2811866285714	1.0	NonTarget	1	44360
173.40618658285712	1.0	NonTarget	1	44392
173.53118653714282	1.0	NonTarget	1	44424
173.65618649142854	1.0	NonTarget	1	44456
173.78118644571427	1.0	NonTarget	1	44488
173.90618639999997	1.0	NonTarget	1	44520
174.0311863542857	1.0	NonTarget	1	44552
174.1561863085714	1.0	NonTarget	1	44584
174.28118626285712	1.0	NonTarget	1	44616
174.40618621714282	1.0	NonTarget	1	44648
174.53118617142854	1.0	NonTarget	1	44680
174.65618612571424	1.0	NonTarget	1	44712
174.78118607999997	1.0	NonTarget	1	44744
174.9061860342857	1.0	NonTarget	1	44776
175.0311859885714	1.0	NonTarget	1	44808
175.15618594285712	1.0	NonTarget	1	44840
175.28118589714282	1.0	NonTarget	1	44872
175.40618585142855	1.0	NonTarget	1	44904
175.53118580571424	1.0	NonTarget	1	44936
175.65618575999997	1.0	NonTarget	1	44968
175.78118571428567	1.0	NonTarget	1	45000
175.9061856685714	1.0	NonTarget	1	45032
176.03118562285712	1.0	NonTarget	1	45064
176.15618557714282	1.0	NonTarget	1	45096
176.28118553142855	1.0	NonTarget	1	45128
176.40618548571425	1.0	NonTarget	1	45160
176.53118543999997	1.0	NonTarget	1	45192
176.65618539428567	1.0	NonTarget	1	45224
176.7811853485714	1.0	NonTarget	1	45256
176.90618530285712	1.0	NonTarget	1	45288
177.03118525714282	1.0	NonTarget	1	45320
177.15618521142855	1.0	NonTarget	1	45352
177.28118516571425	1.0	NonTarget	1	45384
177.40618511999998	1.0	NonTarget	1	45416
177.53118507428567	1.0	NonTarget	1	45448
177.6561850285714	1.0	NonTarget	1	45480
177.7811849828571	1.0	NonTarget	1	45512
177.90618493714283	1.0	NonTarget	1	45544
178.03118489142855	1.0	NonTarget	1	45576
178.15618484571425	1.0	NonTarget	1	45608
178.28118479999998	1.0	NonTarget	1	45640
178.40618475428568	1.0	NonTarget	1	45672
184.5311825142857	1.0	NonTarget	1	47240
184.6561824685714	1.0	NonTarget	1	47272
184.7811824228571	1.0	NonTarget	1	47304
184.9061823771428	1.0	NonTarget	1	47336
185.03118233142854	1.0	NonTarget	1	47368
185.15618228571427	1.0	NonTarget	1	47400
185.28118223999996	1.0	NonTarget	1	47432
185.4061821942857	1.0	NonTarget	1	47464
185.5311821485714	1.0	NonTarget	1	47496
185.65618210285712	1.0	NonTarget	1	47528
185.78118205714281	1.0	NonTarget	1	47560
185.90618201142854	1.0	NonTarget	1	47592
186.03118196571424	1.0	NonTarget	1	47624
186.15618191999997	1.0	NonTarget	1	47656
186.2811818742857	1.0	NonTarget	1	47688
186.4061818285714	1.0	NonTarget	1	47720
186.53118178285712	1.0	NonTarget	1	47752
186.65618173714282	1.0	NonTarget	1	47784
186.78118169142854	1.0	NonTarget	1	47816
186.90618164571424	1.0	NonTarget	1	47848
187.03118159999997	1.0	NonTarget	1	47880
187.1561815542857	1.0	NonTarget	1	47912
187.2811815085714	1.0	NonTarget	1	47944
187.40618146285712	1.0	NonTarget	1	47976
187.53118141714282	1.0	NonTarget	1	48008
187.65618137142854	1.0	NonTarget	1	48040
187.78118132571424	1.0	NonTarget	1	48072
187.90618127999997	1.0	NonTarget	1	48104
188.03118123428567	1.0	NonTarget	1	48136
188.1561811885714	1.0	NonTarget	1	48168
188.28118114285712	1.0	NonTarget	1	48200
188.40618109714282	1.0	NonTarget	1	48232
188.53118105142855	1.0	NonTarget	1	48264
188.65618100571425	1.0	NonTarget	1	48296
188.78118095999997	1.0	NonTarget	1	48328
188.90618091428567	1.0	NonTarget	1	48360
189.0311808685714	1.0	NonTarget	1	48392
189.15618082285712	1.0	NonTarget	1	48424
189.28118077714282	1.0	NonTarget	1	48456
189.40618073142855	1.0	NonTarget	1	48488
189.53118068571425	1.0	NonTarget	1	48520
189.65618063999997	1.0	NonTarget	1	48552
189.78118059428567	1.0	NonTarget	1	48584
189.9061805485714	1.0	NonTarget	1	48616
190.0311805028571	1.0	NonTarget	1	48648
190.15618045714282	1.0	NonTarget	1	48680
190.28118041142855	1.0	NonTarget	1	48712
190.40618036571425	1.0	NonTarget	1	48744
190.53118031999998	1.0	NonTarget	1	48776
190.65618027428567	1.0	NonTarget	1	48808
190.7811802285714	1.0	NonTarget	1	48840
190.9061801828571	1.0	NonTarget	1	48872
191.03118013714283	1.0	NonTarget	1	48904
191.15618009142852	1.0	NonTarget	1	48936
191.28118004571425	1.0	NonTarget	1	48968
191.40617999999998	1.0	NonTarget	1	49000
191.53117995428568	1.0	NonTarget	1	49032
191.6561799085714	1.0	NonTarget	1	49064
191.7811798628571	1.0	NonTarget	1	49096
191.90617981714283	1.0	NonTarget	1	49128
192.03117977142853	1.0	NonTarget	1	49160
192.15617972571425	1.0	NonTarget	1	49192
192.28117967999998	1.0	NonTarget	1	49224
192.40617963428568	1.0	NonTarget	1	49256
192.5311795885714	1.0	NonTarget	1	49288
192.6561795428571	1.0	NonTarget	1	49320
192.78117949714283	1.0	NonTarget	1	49352
192.90617945142853	1.0	NonTarget	1	49384
193.03117940571425	1.0	NonTarget	1	49416
193.15617935999995	1.0	NonTarget	1	49448
193.28117931428568	1.0	NonTarget	1	49480
193.4061792685714	1.0	NonTarget	1	49512
193.5311792228571	1.0	NonTarget	1	49544
193.65617917714283	1.0	NonTarget	1	49576
193.78117913142853	1.0	NonTarget	1	49608
193.90617908571426	1.0	NonTarget	1	49640
194.03117903999996	1.0	NonTarget	1	49672
194.15617899428568	1.0	NonTarget	1	49704
194.2811789485714	1.0	NonTarget	1	49736
194.4061789028571	1.0	NonTarget	1	49768
194.53117885714283	1.0	NonTarget	1	49800
194.65617881142853	1.0	NonTarget	1	49832
194.78117876571426	1.0	NonTarget	1	49864
194.90617871999996	1.0	NonTarget	1	49896
195.03117867428568	1.0	NonTarget	1	49928
195.15617862857138	1.0	NonTarget	1	49960
195.2811785828571	1.0	NonTarget	1	49992
195.40617853714284	1.0	NonTarget	1	50024
195.53117849142853	1.0	NonTarget	1	50056
195.65617844571426	1.0	NonTarget	1	50088
195.78117839999996	1.0	NonTarget	1	50120
195.9061783542857	1.0	NonTarget	1	50152
196.03117830857138	1.0	NonTarget	1	50184
196.1561782628571	1.0	NonTarget	1	50216
196.2811782171428	1.0	NonTarget	1	50248
196.40617817142854	1.0	NonTarget	1	50280
202.53117593142855	1.0	NonTarget	1	51848
202.65617588571425	1.0	NonTarget	1	51880
202.78117583999997	1.0	NonTarget	1	51912
202.90617579428567	1.0	NonTarget	1	51944
203.0311757485714	1.0	NonTarget	1	51976
203.1561757028571	1.0	NonTarget	1	52008
203.28117565714282	1.0	NonTarget	1	52040
203.40617561142852	1.0	NonTarget	1	52072
203.53117556571425	1.0	NonTarget	1	52104
203.65617551999998	1.0	NonTarget	1	52136
203.78117547428567	1.0	NonTarget	1	52168
203.9061754285714	1.0	NonTarget	1	52200
204.0311753828571	1.0	NonTarget	1	52232
204.15617533714283	1.0	NonTarget	1	52264
204.28117529142853	1.0	NonTarget	1	52296
204.40617524571425	1.0	NonTarget	1	52328
204.53117519999995	1.0	NonTarget	1	52360
204.65617515428568	1.0	NonTarget	1	52392
204.7811751085714	1.0	NonTarget	1	52424
204.9061750628571	1.0	NonTarget	1	52456
205.03117501714283	1.0	NonTarget	1	52488
205.15617497142853	1.0	NonTarget	1	52520
205.28117492571425	1.0	NonTarget	1	52552
205.40617487999995	1.0	NonTarget	1	52584
205.53117483428568	1.0	NonTarget	1	52616
205.6561747885714	1.0	NonTarget	1	52648
205.7811747428571	1.0	NonTarget	1	52680
205.90617469714283	1.0	NonTarget	1	52712
206.03117465142853	1.0	NonTarget	1	52744
206.15617460571426	1.0	NonTarget	1	52776
206.28117455999995	1.0	NonTarget	1	52808
206.40617451428568	1.0	NonTarget	1	52840
206.53117446857138	1.0	NonTarget	1	52872
206.6561744228571	1.0	NonTarget	1	52904
206.78117437714283	1.0	NonTarget	1	52936
206.90617433142853	1.0	NonTarget	1	52968
207.03117428571426	1.0	NonTarget	1	53000
207.15617423999996	1.0	NonTarget	1	53032
207.28117419428568	1.0	NonTarget	1	53064
207.40617414857138	1.0	NonTarget	1	53096
207.5311741028571	1.0	NonTarget	1	53128
207.65617405714283	1.0	NonTarget	1	53160
207.78117401142853	1.0	NonTarget	1	53192
207.90617396571426	1.0	NonTarget	1	53224
208.03117391999996	1.0	NonTarget	1	53256
208.15617387428568	1.0	NonTarget	1	53288
208.28117382857138	1.0	NonTarget	1	53320
208.4061737828571	1.0	NonTarget	1	53352
208.5311737371428	1.0	NonTarget	1	53384
208.65617369142853	1.0	NonTarget	1	53416
208.78117364571426	1.0	NonTarget	1	53448
208.90617359999996	1.0	NonTarget	1	53480
209.0311735542857	1.0	NonTarget	1	53512
209.15617350857138	1.0	NonTarget	1	53544
209.2811734628571	1.0	NonTarget	1	53576
209.4061734171428	1.0	NonTarget	1	53608
209.53117337142854	1.0	NonTarget	1	53640
209.65617332571424	1.0	NonTarget	1	53672
209.78117327999996	1.0	NonTarget	1	53704
209.9061732342857	1.0	NonTarget	1	53736
210.0311731885714	1.0	NonTarget	1	53768
210.1561731428571	1.0	NonTarget	1	53800
210.2811730971428	1.0	NonTarget	1	53832
210.40617305142854	1.0	NonTarget	1	53864
210.53117300571424	1.0	NonTarget	1	53896
210.65617295999996	1.0	NonTarget	1	53928
210.7811729142857	1.0	NonTarget	1	53960
210.9061728685714	1.0	NonTarget	1	53992
211.03117282285712	1.0	NonTarget	1	54024
211.1561727771428	1.0	NonTarget	1	54056
211.28117273142854	1.0	NonTarget	1	54088
211.40617268571424	1.0	NonTarget	1	54120
211.53117263999997	1.0	NonTarget	1	54152
211.65617259428566	1.0	NonTarget	1	54184
211.7811725485714	1.0	NonTarget	1	54216
211.90617250285712	1.0	NonTarget	1	54248
212.03117245714282	1.0	NonTarget	1	54280
212.15617241142854	1.0	NonTarget	1	54312
212.28117236571424	1.0	NonTarget	1	54344
212.40617231999997	1.0	NonTarget	1	54376
212.53117227428567	1.0	NonTarget	1	54408
212.6561722285714	1.0	NonTarget	1	54440
212.78117218285712	1.0	NonTarget	1	54472
212.90617213714282	1.0	NonTarget	1	54504
213.03117209142854	1.0	NonTarget	1	54536
213.15617204571424	1.0	NonTarget	1	54568
213.28117199999997	1.0	NonTarget	1	54600
213.40617195428567	1.0	NonTarget	1	54632
213.5311719085714	1.0	NonTarget	1	54664
213.6561718628571	1.0	NonTarget	1	54696
213.78117181714282	1.0	NonTarget	1	54728
213.90617177142855	1.0	NonTarget	1	54760
214.03117172571424	1.0	NonTarget	1	54792
214.15617167999997	1.0	NonTarget	1	54824
214.28117163428567	1.0	NonTarget	1	54856
214.4061715885714	1.0	NonTarget	1	54888
220.53116934857138	1.0	NonTarget	1	56456
220.6561693028571	1.0	NonTarget	1	56488
220.7811692571428	1.0	NonTarget	1	56520
220.90616921142853	1.0	NonTarget	1	56552
221.03116916571426	1.0	NonTarget	1	56584
221.15616911999996	1.0	NonTarget	1	56616
221.28116907428569	1.0	NonTarget	1	56648
221.40616902857138	1.0	NonTarget	1	56680
221.5311689828571	1.0	NonTarget	1	56712
221.6561689371428	1.0	NonTarget	1	56744
221.78116889142854	1.0	NonTarget	1	56776
221.90616884571423	1.0	NonTarget	1	56808
222.03116879999996	1.0	NonTarget	1	56840
222.1561687542857	1.0	NonTarget	1	56872
222.28116870857139	1.0	NonTarget	1	56904
222.4061686628571	1.0	NonTarget	1	56936
222.5311686171428	1.0	NonTarget	1	56968
222.65616857142854	1.0	NonTarget	1	57000
222.78116852571424	1.0	NonTarget	1	57032
222.90616847999996	1.0	NonTarget	1	57064
223.0311684342857	1.0	NonTarget	1	57096
223.1561683885714	1.0	NonTarget	1	57128
223.28116834285711	1.0	NonTarget	1	57160
223.4061682971428	1.0	NonTarget	1	57192
223.53116825142854	1.0	NonTarget	1	57224
223.65616820571424	1.0	NonTarget	1	57256
223.78116815999996	1.0	NonTarget	1	57288
223.90616811428566	1.0	NonTarget	1	57320
224.0311680685714	1.0	NonTarget	1	57352
224.15616802285712	1.0	NonTarget	1	57384
224.28116797714281	1.0	NonTarget	1	57416
224.40616793142854	1.0	NonTarget	1	57448
224.53116788571424	1.0	NonTarget	1	57480
224.65616783999997	1.0	NonTarget	1	57512
224.78116779428566	1.0	NonTarget	1	57544
224.9061677485714	1.0	NonTarget	1	57576
225.0311677028571	1.0	NonTarget	1	57608
225.15616765714282	1.0	NonTarget	1	57640
225.28116761142854	1.0	NonTarget	1	57672
225.40616756571424	1.0	NonTarget	1	57704
225.53116751999997	1.0	NonTarget	1	57736
225.65616747428567	1.0	NonTarget	1	57768
225.7811674285714	1.0	NonTarget	1	57800
225.9061673828571	1.0	NonTarget	1	57832
226.03116733714282	1.0	NonTarget	1	57864
226.15616729142855	1.0	NonTarget	1	57896
226.28116724571424	1.0	NonTarget	1	57928
226.40616719999997	1.0	NonTarget	1	57960
226.53116715428567	1.0	NonTarget	1	57992
226.6561671085714	1.0	NonTarget	1	58024
226.7811670628571	1.0	NonTarget	1	58056
226.90616701714282	1.0	NonTarget	1	58088
227.03116697142852	1.0	NonTarget	1	58120
227.15616692571425	1.0	NonTarget	1	58152
227.28116687999997	1.0	NonTarget	1	58184
227.40616683428567	1.0	NonTarget	1	58216
227.5311667885714	1.0	NonTarget	1	58248
227.6561667428571	1.0	NonTarget	1	58280
227.78116669714282	1.0	NonTarget	1	58312
227.90616665142852	1.0	NonTarget	1	58344
228.03116660571425	1.0	NonTarget	1	58376
228.15616655999995	1.0	NonTarget	1	58408
228.28116651428567	1.0	NonTarget	1	58440
228.4061664685714	1.0	NonTarget	1	58472
228.5311664228571	1.0	NonTarget	1	58504
228.65616637714282	1.0	NonTarget	1	58536
228.78116633142852	1.0	NonTarget	1	58568
228.90616628571425	1.0	NonTarget	1	58600
229.03116623999995	1.0	NonTarget	1	58632
229.15616619428567	1.0	NonTarget	1	58664
229.2811661485714	1.0	NonTarget	1	58696
229.4061661028571	1.0	NonTarget	1	58728
229.53116605714283	1.0	NonTarget	1	58760
229.65616601142852	1.0	NonTarget	1	58792
229.78116596571425	1.0	NonTarget	1	58824
229.90616591999995	1.0	NonTarget	1	58856
230.03116587428568	1.0	NonTarget	1	58888
230.15616582857137	1.0	NonTarget	1	58920
230.2811657828571	1.0	NonTarget	1	58952
230.40616573714283	1.0	NonTarget	1	58984
230.53116569142853	1.0	NonTarget	1	59016
230.65616564571425	1.0	NonTarget	1	59048
230.78116559999995	1.0	NonTarget	1	59080
230.90616555428568	1.0	NonTarget	1	59112
231.03116550857138	1.0	NonTarget	1	59144
231.1561654628571	1.0	NonTarget	1	59176
231.28116541714283	1.0	NonTarget	1	59208
231.40616537142853	1.0	NonTarget	1	59240
231.53116532571426	1.0	NonTarget	1	59272
231.65616527999995	1.0	NonTarget	1	59304
231.78116523428568	1.0	NonTarget	1	59336
231.90616518857138	1.0	NonTarget	1	59368
232.0311651428571	1.0	NonTarget	1	59400
232.1561650971428	1.0	NonTarget	1	59432
232.28116505142853	1.0	NonTarget	1	59464
232.40616500571426	1.0	NonTarget	1	59496
238.53116276571424	1.0	NonTarget	1	61064
238.65616271999997	1.0	NonTarget	1	61096
238.78116267428567	1.0	NonTarget	1	61128
238.9061626285714	1.0	NonTarget	1	61160
239.0311625828571	1.0	NonTarget	1	61192
239.15616253714282	1.0	NonTarget	1	61224
239.28116249142852	1.0	NonTarget	1	61256
239.40616244571424	1.0	NonTarget	1	61288
239.53116239999997	1.0	NonTarget	1	61320
239.65616235428567	1.0	NonTarget	1	61352
239.7811623085714	1.0	NonTarget	1	61384
239.9061622628571	1.0	NonTarget	1	61416
240.03116221714282	1.0	NonTarget	1	61448
240.15616217142852	1.0	NonTarget	1	61480
240.28116212571425	1.0	NonTarget	1	61512
240.40616207999994	1.0	NonTarget	1	61544
240.53116203428567	1.0	NonTarget	1	61576
240.6561619885714	1.0	NonTarget	1	61608
240.7811619428571	1.0	NonTarget	1	61640
240.90616189714282	1.0	NonTarget	1	61672
241.03116185142852	1.0	NonTarget	1	61704
241.15616180571425	1.0	NonTarget	1	61736
241.28116175999995	1.0	NonTarget	1	61768
241.40616171428567	1.0	NonTarget	1	61800
241.5311616685714	1.0	NonTarget	1	61832
241.6561616228571	1.0	NonTarget	1	61864
241.78116157714283	1.0	NonTarget	1	61896
241.90616153142852	1.0	NonTarget	1	61928
242.03116148571425	1.0	NonTarget	1	61960
242.15616143999995	1.0	NonTarget	1	61992
242.28116139428568	1.0	NonTarget	1	62024
242.40616134857137	1.0	NonTarget	1	62056
242.5311613028571	1.0	NonTarget	1	62088
242.65616125714283	1.0	NonTarget	1	62120
242.78116121142853	1.0	NonTarget	1	62152
242.90616116571425	1.0	NonTarget	1	62184
243.03116111999995	1.0	NonTarget	1	62216
243.15616107428568	1.0	NonTarget	1	62248
243.28116102857138	1.0	NonTarget	1	62280
243.4061609828571	1.0	NonTarget	1	62312
243.5311609371428	1.0	NonTarget	1	62344
243.65616089142853	1.0	NonTarget	1	62376
243.78116084571425	1.0	NonTarget	1	62408
243.90616079999995	1.0	NonTarget	1	62440
244.03116075428568	1.0	NonTarget	1	62472
244.15616070857138	1.0	NonTarget	1	62504
244.2811606628571	1.0	NonTarget	1	62536
244.4061606171428	1.0	NonTarget	1	62568
244.53116057142853	1.0	NonTarget	1	62600
244.65616052571426	1.0	NonTarget	1	62632
244.78116047999995	1.0	NonTarget	1	62664
244.90616043428568	1.0	NonTarget	1	62696
245.03116038857138	1.0	NonTarget	1	62728
245.1561603428571	1.0	NonTarget	1	62760
245.2811602971428	1.0	NonTarget	1	62792
245.40616025142853	1.0	NonTarget	1	62824
245.53116020571423	1.0	NonTarget	1	62856
245.65616015999996	1.0	NonTarget	1	62888
245.78116011428568	1.0	NonTarget	1	62920
245.90616006857138	1.0	NonTarget	1	62952
246.0311600228571	1.0	NonTarget	1	62984
246.1561599771428	1.0	NonTarget	1	63016
246.28115993142853	1.0	NonTarget	1	63048
246.40615988571423	1.0	NonTarget	1	63080
246.53115983999996	1.0	NonTarget	1	63112
246.65615979428568	1.0	NonTarget	1	63144
246.78115974857138	1.0	NonTarget	1	63176
246.9061597028571	1.0	NonTarget	1	63208
247.0311596571428	1.0	NonTarget	1	63240
247.15615961142854	1.0	NonTarget	1	63272
247.28115956571423	1.0	NonTarget	1	63304
247.40615951999996	1.0	NonTarget	1	63336
247.53115947428566	1.0	NonTarget	1	63368
247.65615942857139	1.0	NonTarget	1	63400
247.7811593828571	1.0	NonTarget	1	63432
247.9061593371428	1.0	NonTarget	1	63464
248.03115929142854	1.0	NonTarget	1	63496
248.15615924571424	1.0	NonTarget	1	63528
248.28115919999996	1.0	NonTarget	1	63560
248.40615915428566	1.0	NonTarget	1	63592
248.5311591085714	1.0	NonTarget	1	63624
248.65615906285709	1.0	NonTarget	1	63656
248.7811590171428	1.0	NonTarget	1	63688
248.90615897142854	1.0	NonTarget	1	63720
249.03115892571424	1.0	NonTarget	1	63752
249.15615887999996	1.0	NonTarget	1	63784
249.28115883428566	1.0	NonTarget	1	63816
249.4061587885714	1.0	NonTarget	1	63848
249.5311587428571	1.0	NonTarget	1	63880
249.6561586971428	1.0	NonTarget	1	63912
249.78115865142854	1.0	NonTarget	1	63944
249.90615860571424	1.0	NonTarget	1	63976
250.03115855999997	1.0	NonTarget	1	64008
250.15615851428566	1.0	NonTarget	1	64040
250.2811584685714	1.0	NonTarget	1	64072
250.4061584228571	1.0	NonTarget	1	64104
256.5311561828571	1.0	NonTarget	1	65672
256.65615613714283	1.0	NonTarget	1	65704
256.7811560914285	1.0	NonTarget	1	65736
256.9061560457142	1.0	NonTarget	1	65768
257.03115599999995	1.0	NonTarget	1	65800
257.1561559542857	1.0	NonTarget	1	65832
257.2811559085714	1.0	NonTarget	1	65864
257.4061558628571	1.0	NonTarget	1	65896
257.5311558171428	1.0	NonTarget	1	65928
257.65615577142853	1.0	NonTarget	1	65960
257.78115572571426	1.0	NonTarget	1	65992
257.9061556799999	1.0	NonTarget	1	66024
258.03115563428565	1.0	NonTarget	1	66056
258.1561555885714	1.0	NonTarget	1	66088
258.2811555428571	1.0	NonTarget	1	66120
258.40615549714283	1.0	NonTarget	1	66152
258.5311554514285	1.0	NonTarget	1	66184
258.65615540571423	1.0	NonTarget	1	66216
258.78115535999996	1.0	NonTarget	1	66248
258.9061553142857	1.0	NonTarget	1	66280
259.0311552685714	1.0	NonTarget	1	66312
259.1561552228571	1.0	NonTarget	1	66344
259.2811551771428	1.0	NonTarget	1	66376
259.40615513142853	1.0	NonTarget	1	66408
259.53115508571426	1.0	NonTarget	1	66440
259.65615503999993	1.0	NonTarget	1	66472
259.78115499428566	1.0	NonTarget	1	66504
259.9061549485714	1.0	NonTarget	1	66536
260.0311549028571	1.0	NonTarget	1	66568
260.15615485714284	1.0	NonTarget	1	66600
260.2811548114285	1.0	NonTarget	1	66632
260.40615476571423	1.0	NonTarget	1	66664
260.53115471999996	1.0	NonTarget	1	66696
260.6561546742857	1.0	NonTarget	1	66728
260.78115462857136	1.0	NonTarget	1	66760
260.9061545828571	1.0	NonTarget	1	66792
261.0311545371428	1.0	NonTarget	1	66824
261.15615449142854	1.0	NonTarget	1	66856
261.28115444571426	1.0	NonTarget	1	66888
261.40615439999993	1.0	NonTarget	1	66920
261.53115435428566	1.0	NonTarget	1	66952
261.6561543085714	1.0	NonTarget	1	66984
261.7811542628571	1.0	NonTarget	1	67016
261.9061542171428	1.0	NonTarget	1	67048
262.0311541714285	1.0	NonTarget	1	67080
262.15615412571424	1.0	NonTarget	1	67112
262.28115407999996	1.0	NonTarget	1	67144
262.4061540342857	1.0	NonTarget	1	67176
262.53115398857136	1.0	NonTarget	1	67208
262.6561539428571	1.0	NonTarget	1	67240
262.7811538971428	1.0	NonTarget	1	67272
262.90615385142854	1.0	NonTarget	1	67304
263.0311538057142	1.0	NonTarget	1	67336
263.15615375999994	1.0	NonTarget	1	67368
263.28115371428567	1.0	NonTarget	1	67400
263.4061536685714	1.0	NonTarget	1	67432
263.5311536228571	1.0	NonTarget	1	67464
263.6561535771428	1.0	NonTarget	1	67496
263.7811535314285	1.0	NonTarget	1	67528
263.90615348571424	1.0	NonTarget	1	67560
264.03115343999997	1.0	NonTarget	1	67592
264.1561533942857	1.0	NonTarget	1	67624
264.28115334857137	1.0	NonTarget	1	67656
264.4061533028571	1.0	NonTarget	1	67688
264.5311532571428	1.0	NonTarget	1	67720
264.65615321142855	1.0	NonTarget	1	67752
264.7811531657142	1.0	NonTarget	1	67784
264.90615311999994	1.0	NonTarget	1	67816
265.03115307428567	1.0	NonTarget	1	67848
265.1561530285714	1.0	NonTarget	1	67880
265.2811529828571	1.0	NonTarget	1	67912
265.4061529371428	1.0	NonTarget	1	67944
265.5311528914285	1.0	NonTarget	1	67976
265.65615284571425	1.0	NonTarget	1	68008
265.7811528	1.0	NonTarget	1	68040
265.90615275428564	1.0	NonTarget	1	68072
266.03115270857137	1.0	NonTarget	1	68104
266.1561526628571	1.0	NonTarget	1	68136
266.2811526171428	1.0	NonTarget	1	68168
266.40615257142855	1.0	NonTarget	1	68200
266.5311525257142	1.0	NonTarget	1	68232
266.65615247999995	1.0	NonTarget	1	68264
266.7811524342857	1.0	NonTarget	1	68296
266.9061523885714	1.0	NonTarget	1	68328
267.03115234285707	1.0	NonTarget	1	68360
267.1561522971428	1.0	NonTarget	1	68392
267.2811522514285	1.0	NonTarget	1	68424
267.40615220571425	1.0	NonTarget	1	68456
267.53115216	1.0	NonTarget	1	68488
267.65615211428565	1.0	NonTarget	1	68520
267.7811520685714	1.0	NonTarget	1	68552
267.9061520228571	1.0	NonTarget	1	68584
268.0311519771428	1.0	NonTarget	1	68616
268.1561519314285	1.0	NonTarget	1	68648
268.2811518857142	1.0	NonTarget	1	68680
268.40615183999995	1.0	NonTarget	1	68712
274.53114959999994	1.0	NonTarget	1	70280
274.65614955428566	1.0	NonTarget	1	70312
274.7811495085714	1.0	NonTarget	1	70344
274.9061494628571	1.0	NonTarget	1	70376
275.0311494171428	1.0	NonTarget	1	70408
275.1561493714285	1.0	NonTarget	1	70440
275.28114932571424	1.0	NonTarget	1	70472
275.40614927999997	1.0	NonTarget	1	70504
275.5311492342857	1.0	NonTarget	1	70536
275.65614918857136	1.0	NonTarget	1	70568
275.7811491428571	1.0	NonTarget	1	70600
275.9061490971428	1.0	NonTarget	1	70632
276.03114905142854	1.0	NonTarget	1	70664
276.1561490057142	1.0	NonTarget	1	70696
276.28114895999994	1.0	NonTarget	1	70728
276.40614891428567	1.0	NonTarget	1	70760
276.5311488685714	1.0	NonTarget	1	70792
276.6561488228571	1.0	NonTarget	1	70824
276.7811487771428	1.0	NonTarget	1	70856
276.9061487314285	1.0	NonTarget	1	70888
277.03114868571424	1.0	NonTarget	1	70920
277.15614863999997	1.0	NonTarget	1	70952
277.28114859428564	1.0	NonTarget	1	70984
277.40614854857137	1.0	NonTarget	1	71016
277.5311485028571	1.0	NonTarget	1	71048
277.6561484571428	1.0	NonTarget	1	71080
277.78114841142855	1.0	NonTarget	1	71112
277.9061483657142	1.0	NonTarget	1	71144
278.03114831999994	1.0	NonTarget	1	71176
278.15614827428567	1.0	NonTarget	1	71208
278.2811482285714	1.0	NonTarget	1	71240
278.40614818285707	1.0	NonTarget	1	71272
278.5311481371428	1.0	NonTarget	1	71304
278.6561480914285	1.0	NonTarget	1	71336
278.78114804571425	1.0	NonTarget	1	71368
278.906148	1.0	NonTarget	1	71400
279.03114795428564	1.0	NonTarget	1	71432
279.15614790857137	1.0	NonTarget	1	71464
279.2811478628571	1.0	NonTarget	1	71496
279.4061478171428	1.0	NonTarget	1	71528
279.53114777142855	1.0	NonTarget	1	71560
279.6561477257142	1.0	NonTarget	1	71592
279.78114767999995	1.0	NonTarget	1	71624
279.9061476342857	1.0	NonTarget	1	71656
280.0311475885714	1.0	NonTarget	1	71688
280.15614754285707	1.0	NonTarget	1	71720
280.2811474971428	1.0	NonTarget	1	71752
280.4061474514285	1.0	NonTarget	1	71784
280.53114740571425	1.0	NonTarget	1	71816
280.65614736	1.0	NonTarget	1	71848
280.78114731428565	1.0	NonTarget	1	71880
280.9061472685714	1.0	NonTarget	1	71912
281.0311472228571	1.0	NonTarget	1	71944
281.1561471771428	1.0	NonTarget	1	71976
281.2811471314285	1.0	NonTarget	1	72008
281.4061470857142	1.0	NonTarget	1	72040
281.53114703999995	1.0	NonTarget	1	72072
281.6561469942857	1.0	NonTarget	1	72104
281.7811469485714	1.0	NonTarget	1	72136
281.9061469028571	1.0	NonTarget	1	72168
282.0311468571428	1.0	NonTarget	1	72200
282.1561468114285	1.0	NonTarget	1	72232
282.28114676571425	1.0	NonTarget	1	72264
282.4061467199999	1.0	NonTarget	1	72296
282.53114667428565	1.0	NonTarget	1	72328
282.6561466285714	1.0	NonTarget	1	72360
282.7811465828571	1.0	NonTarget	1	72392
282.90614653714283	1.0	NonTarget	1	72424
283.0311464914285	1.0	NonTarget	1	72456
283.1561464457142	1.0	NonTarget	1	72488
283.28114639999995	1.0	NonTarget	1	72520
283.4061463542857	1.0	NonTarget	1	72552
283.53114630857135	1.0	NonTarget	1	72584
283.6561462628571	1.0	NonTarget	1	72616
283.7811462171428	1.0	NonTarget	1	72648
283.90614617142853	1.0	NonTarget	1	72680
284.03114612571426	1.0	NonTarget	1	72712
284.1561460799999	1.0	NonTarget	1	72744
284.28114603428565	1.0	NonTarget	1	72776
284.4061459885714	1.0	NonTarget	1	72808
284.5311459428571	1.0	NonTarget	1	72840
284.65614589714284	1.0	NonTarget	1	72872
284.7811458514285	1.0	NonTarget	1	72904
284.90614580571423	1.0	NonTarget	1	72936
285.03114575999996	1.0	NonTarget	1	72968
285.1561457142857	1.0	NonTarget	1	73000
285.28114566857136	1.0	NonTarget	1	73032
285.4061456228571	1.0	NonTarget	1	73064
285.5311455771428	1.0	NonTarget	1	73096
285.65614553142854	1.0	NonTarget	1	73128
285.78114548571426	1.0	NonTarget	1	73160
285.90614543999993	1.0	NonTarget	1	73192
286.03114539428566	1.0	NonTarget	1	73224
286.1561453485714	1.0	NonTarget	1	73256
286.2811453028571	1.0	NonTarget	1	73288
286.4061452571428	1.0	NonTarget	1	73320
292.5311430171428	1.0	NonTarget	1	74888
292.6561429714285	1.0	NonTarget	1	74920
292.7811429257142	1.0	NonTarget	1	74952
292.90614287999995	1.0	NonTarget	1	74984
293.0311428342857	1.0	NonTarget	1	75016
293.1561427885714	1.0	NonTarget	1	75048
293.28114274285707	1.0	NonTarget	1	75080
293.4061426971428	1.0	NonTarget	1	75112
293.5311426514285	1.0	NonTarget	1	75144
293.65614260571425	1.0	NonTarget	1	75176
293.7811425599999	1.0	NonTarget	1	75208
293.90614251428565	1.0	NonTarget	1	75240
294.0311424685714	1.0	NonTarget	1	75272
294.1561424228571	1.0	NonTarget	1	75304
294.2811423771428	1.0	NonTarget	1	75336
294.4061423314285	1.0	NonTarget	1	75368
294.5311422857142	1.0	NonTarget	1	75400
294.65614223999995	1.0	NonTarget	1	75432
294.7811421942857	1.0	NonTarget	1	75464
294.9061421485714	1.0	NonTarget	1	75496
295.0311421028571	1.0	NonTarget	1	75528
295.1561420571428	1.0	NonTarget	1	75560
295.2811420114285	1.0	NonTarget	1	75592
295.40614196571426	1.0	NonTarget	1	75624
295.5311419199999	1.0	NonTarget	1	75656
295.65614187428565	1.0	NonTarget	1	75688
295.7811418285714	1.0	NonTarget	1	75720
295.9061417828571	1.0	NonTarget	1	75752
296.03114173714283	1.0	NonTarget	1	75784
296.1561416914285	1.0	NonTarget	1	75816
296.28114164571423	1.0	NonTarget	1	75848
296.40614159999996	1.0	NonTarget	1	75880
296.5311415542857	1.0	NonTarget	1	75912
296.65614150857135	1.0	NonTarget	1	75944
296.7811414628571	1.0	NonTarget	1	75976
296.9061414171428	1.0	NonTarget	1	76008
297.03114137142853	1.0	NonTarget	1	76040
297.15614132571426	1.0	NonTarget	1	76072
297.28114127999993	1.0	NonTarget	1	76104
297.40614123428566	1.0	NonTarget	1	76136
297.5311411885714	1.0	NonTarget	1	76168
297.6561411428571	1.0	NonTarget	1	76200
297.7811410971428	1.0	NonTarget	1	76232
297.9061410514285	1.0	NonTarget	1	76264
298.03114100571423	1.0	NonTarget	1	76296
298.15614095999996	1.0	NonTarget	1	76328
298.2811409142857	1.0	NonTarget	1	76360
298.40614086857136	1.0	NonTarget	1	76392
298.5311408228571	1.0	NonTarget	1	76424
298.6561407771428	1.0	NonTarget	1	76456
298.78114073142854	1.0	NonTarget	1	76488
298.9061406857142	1.0	NonTarget	1	76520
299.03114063999993	1.0	NonTarget	1	76552
299.15614059428566	1.0	NonTarget	1	76584
299.2811405485714	1.0	NonTarget	1	76616
299.4061405028571	1.0	NonTarget	1	76648
299.5311404571428	1.0	NonTarget	1	76680
299.6561404114285	1.0	NonTarget	1	76712
299.78114036571424	1.0	NonTarget	1	76744
299.90614031999996	1.0	NonTarget	1	76776
300.0311402742857	1.0	NonTarget	1	76808
300.15614022857136	1.0	NonTarget	1	76840
300.2811401828571	1.0	NonTarget	1	76872
300.4061401371428	1.0	NonTarget	1	76904
300.53114009142854	1.0	NonTarget	1	76936
300.6561400457142	1.0	NonTarget	1	76968
300.78113999999994	1.0	NonTarget	1	77000
300.90613995428566	1.0	NonTarget	1	77032
301.0311399085714	1.0	NonTarget	1	77064
301.1561398628571	1.0	NonTarget	1	77096
301.2811398171428	1.0	NonTarget	1	77128
301.4061397714285	1.0	NonTarget	1	77160
301.53113972571424	1.0	NonTarget	1	77192
301.65613967999997	1.0	NonTarget	1	77224
301.78113963428564	1.0	NonTarget	1	77256
301.90613958857136	1.0	NonTarget	1	77288
302.0311395428571	1.0	NonTarget	1	77320
302.1561394971428	1.0	NonTarget	1	77352
302.28113945142854	1.0	NonTarget	1	77384
302.4061394057142	1.0	NonTarget	1	77416
302.53113935999994	1.0	NonTarget	1	77448
302.65613931428567	1.0	NonTarget	1	77480
302.7811392685714	1.0	NonTarget	1	77512
302.90613922285706	1.0	NonTarget	1	77544
303.0311391771428	1.0	NonTarget	1	77576
303.1561391314285	1.0	NonTarget	1	77608
303.28113908571424	1.0	NonTarget	1	77640
303.40613903999997	1.0	NonTarget	1	77672
303.53113899428564	1.0	NonTarget	1	77704
303.65613894857137	1.0	NonTarget	1	77736
303.7811389028571	1.0	NonTarget	1	77768
303.9061388571428	1.0	NonTarget	1	77800
304.0311388114285	1.0	NonTarget	1	77832
304.1561387657142	1.0	NonTarget	1	77864
304.28113871999994	1.0	NonTarget	1	77896
304.40613867428567	1.0	NonTarget	1	77928
310.53113643428566	1.0	NonTarget	1	79496
310.6561363885714	1.0	NonTarget	1	79528
310.7811363428571	1.0	NonTarget	1	79560
310.9061362971428	1.0	NonTarget	1	79592
311.0311362514285	1.0	NonTarget	1	79624
311.15613620571423	1.0	NonTarget	1	79656
311.28113615999996	1.0	NonTarget	1	79688
311.4061361142857	1.0	NonTarget	1	79720
311.53113606857136	1.0	NonTarget	1	79752
311.6561360228571	1.0	NonTarget	1	79784
311.7811359771428	1.0	NonTarget	1	79816
311.90613593142854	1.0	NonTarget	1	79848
312.0311358857142	1.0	NonTarget	1	79880
312.15613583999993	1.0	NonTarget	1	79912
312.28113579428566	1.0	NonTarget	1	79944
312.4061357485714	1.0	NonTarget	1	79976
312.5311357028571	1.0	NonTarget	1	80008
312.6561356571428	1.0	NonTarget	1	80040
312.7811356114285	1.0	NonTarget	1	80072
312.90613556571424	1.0	NonTarget	1	80104
313.03113551999996	1.0	NonTarget	1	80136
313.15613547428563	1.0	NonTarget	1	80168
313.28113542857136	1.0	NonTarget	1	80200
313.4061353828571	1.0	NonTarget	1	80232
313.5311353371428	1.0	NonTarget	1	80264
313.65613529142854	1.0	NonTarget	1	80296
313.7811352457142	1.0	NonTarget	1	80328
313.90613519999994	1.0	NonTarget	1	80360
314.03113515428566	1.0	NonTarget	1	80392
314.1561351085714	1.0	NonTarget	1	80424
314.28113506285706	1.0	NonTarget	1	80456
314.4061350171428	1.0	NonTarget	1	80488
314.5311349714285	1.0	NonTarget	1	80520
314.65613492571424	1.0	NonTarget	1	80552
314.78113487999997	1.0	NonTarget	1	80584
314.90613483428564	1.0	NonTarget	1	80616
315.03113478857136	1.0	NonTarget	1	80648
315.1561347428571	1.0	NonTarget	1	80680
315.2811346971428	1.0	NonTarget	1	80712
315.4061346514285	1.0	NonTarget	1	80744
315.5311346057142	1.0	NonTarget	1	80776
315.65613455999994	1.0	NonTarget	1	80808
315.78113451428567	1.0	NonTarget	1	80840
315.9061344685714	1.0	NonTarget	1	80872
316.03113442285706	1.0	NonTarget	1	80904
316.1561343771428	1.0	NonTarget	1	80936
316.2811343314285	1.0	NonTarget	1	80968
316.40613428571424	1.0	NonTarget	1	81000
316.53113424	1.0	NonTarget	1	81032
316.65613419428564	1.0	NonTarget	1	81064
316.78113414857137	1.0	NonTarget	1	81096
316.9061341028571	1.0	NonTarget	1	81128
317.0311340571428	1.0	NonTarget	1	81160
317.1561340114285	1.0	NonTarget	1	81192
317.2811339657142	1.0	NonTarget	1	81224
317.40613391999995	1.0	NonTarget	1	81256
317.5311338742857	1.0	NonTarget	1	81288
317.6561338285714	1.0	NonTarget	1	81320
317.78113378285707	1.0	NonTarget	1	81352
317.9061337371428	1.0	NonTarget	1	81384
318.0311336914285	1.0	NonTarget	1	81416
318.15613364571425	1.0	NonTarget	1	81448
318.2811335999999	1.0	NonTarget	1	81480
318.40613355428565	1.0	NonTarget	1	81512
318.5311335085714	1.0	NonTarget	1	81544
318.6561334628571	1.0	NonTarget	1	81576
318.7811334171428	1.0	NonTarget	1	81608
318.9061333714285	1.0	NonTarget	1	81640
319.0311333257142	1.0	NonTarget	1	81672
319.15613327999995	1.0	NonTarget	1	81704
319.2811332342857	1.0	NonTarget	1	81736
319.40613318857135	1.0	NonTarget	1	81768
319.5311331428571	1.0	NonTarget	1	81800
319.6561330971428	1.0	NonTarget	1	81832
319.7811330514285	1.0	NonTarget	1	81864
319.90613300571425	1.0	NonTarget	1	81896
320.0311329599999	1.0	NonTarget	1	81928
320.15613291428565	1.0	NonTarget	1	81960
320.2811328685714	1.0	NonTarget	1	81992
320.4061328228571	1.0	NonTarget	1	82024
320.5311327771428	1.0	NonTarget	1	82056
320.6561327314285	1.0	NonTarget	1	82088
320.7811326857142	1.0	NonTarget	1	82120
320.90613263999995	1.0	NonTarget	1	82152
321.0311325942857	1.0	NonTarget	1	82184
321.15613254857135	1.0	NonTarget	1	82216
321.2811325028571	1.0	NonTarget	1	82248
321.4061324571428	1.0	NonTarget	1	82280
321.53113241142853	1.0	NonTarget	1	82312
321.65613236571426	1.0	NonTarget	1	82344
321.7811323199999	1.0	NonTarget	1	82376
321.90613227428565	1.0	NonTarget	1	82408
322.0311322285714	1.0	NonTarget	1	82440
322.1561321828571	1.0	NonTarget	1	82472
322.2811321371428	1.0	NonTarget	1	82504
322.4061320914285	1.0	NonTarget	1	82536
328.5311298514285	1.0	NonTarget	1	84104
328.6561298057142	1.0	NonTarget	1	84136
328.78112975999994	1.0	NonTarget	1	84168
328.90612971428567	1.0	NonTarget	1	84200
329.0311296685714	1.0	NonTarget	1	84232
329.15612962285707	1.0	NonTarget	1	84264
329.2811295771428	1.0	NonTarget	1	84296
329.4061295314285	1.0	NonTarget	1	84328
329.53112948571425	1.0	NonTarget	1	84360
329.6561294399999	1.0	NonTarget	1	84392
329.78112939428564	1.0	NonTarget	1	84424
329.90612934857137	1.0	NonTarget	1	84456
330.0311293028571	1.0	NonTarget	1	84488
330.1561292571428	1.0	NonTarget	1	84520
330.2811292114285	1.0	NonTarget	1	84552
330.4061291657142	1.0	NonTarget	1	84584
330.53112911999995	1.0	NonTarget	1	84616
330.6561290742857	1.0	NonTarget	1	84648
330.78112902857134	1.0	NonTarget	1	84680
330.90612898285707	1.0	NonTarget	1	84712
331.0311289371428	1.0	NonTarget	1	84744
331.1561288914285	1.0	NonTarget	1	84776
331.28112884571425	1.0	NonTarget	1	84808
331.4061287999999	1.0	NonTarget	1	84840
331.53112875428565	1.0	NonTarget	1	84872
331.6561287085714	1.0	NonTarget	1	84904
331.7811286628571	1.0	NonTarget	1	84936
331.9061286171428	1.0	NonTarget	1	84968
332.0311285714285	1.0	NonTarget	1	85000
332.1561285257142	1.0	NonTarget	1	85032
332.28112847999995	1.0	NonTarget	1	85064
332.4061284342857	1.0	NonTarget	1	85096
332.53112838857135	1.0	NonTarget	1	85128
332.6561283428571	1.0	NonTarget	1	85160
332.7811282971428	1.0	NonTarget	1	85192
332.9061282514285	1.0	NonTarget	1	85224
333.03112820571425	1.0	NonTarget	1	85256
333.1561281599999	1.0	NonTarget	1	85288
333.28112811428565	1.0	NonTarget	1	85320
333.4061280685714	1.0	NonTarget	1	85352
333.5311280228571	1.0	NonTarget	1	85384
333.6561279771428	1.0	NonTarget	1	85416
333.7811279314285	1.0	NonTarget	1	85448
333.9061278857142	1.0	NonTarget	1	85480
334.03112783999995	1.0	NonTarget	1	85512
334.1561277942857	1.0	NonTarget	1	85544
334.28112774857135	1.0	NonTarget	1	85576
334.4061277028571	1.0	NonTarget	1	85608
334.5311276571428	1.0	NonTarget	1	85640
334.65612761142853	1.0	NonTarget	1	85672
334.7811275657142	1.0	NonTarget	1	85704
334.9061275199999	1.0	NonTarget	1	85736
335.03112747428565	1.0	NonTarget	1	85768
335.1561274285714	1.0	NonTarget	1	85800
335.2811273828571	1.0	NonTarget	1	85832
335.4061273371428	1.0	NonTarget	1	85864
335.5311272914285	1.0	NonTarget	1	85896
335.65612724571423	1.0	NonTarget	1	85928
335.78112719999996	1.0	NonTarget	1	85960
335.9061271542856	1.0	NonTarget	1	85992
336.03112710857135	1.0	NonTarget	1	86024
336.1561270628571	1.0	NonTarget	1	86056
336.2811270171428	1.0	NonTarget	1	86088
336.40612697142853	1.0	NonTarget	1	86120
336.5311269257142	1.0	NonTarget	1	86152
336.65612687999993	1.0	NonTarget	1	86184
336.78112683428566	1.0	NonTarget	1	86216
336.9061267885714	1.0	NonTarget	1	86248
337.0311267428571	1.0	NonTarget	1	86280
337.1561266971428	1.0	NonTarget	1	86312
337.2811266514285	1.0	NonTarget	1	86344
337.40612660571423	1.0	NonTarget	1	86376
337.53112655999996	1.0	NonTarget	1	86408
337.65612651428563	1.0	NonTarget	1	86440
337.78112646857136	1.0	NonTarget	1	86472
337.9061264228571	1.0	NonTarget	1	86504
338.0311263771428	1.0	NonTarget	1	86536
338.15612633142854	1.0	NonTarget	1	86568
338.2811262857142	1.0	NonTarget	1	86600
338.40612623999994	1.0	NonTarget	1	86632
338.53112619428566	1.0	NonTarget	1	86664
338.6561261485714	1.0	NonTarget	1	86696
338.78112610285706	1.0	NonTarget	1	86728
338.9061260571428	1.0	NonTarget	1	86760
339.0311260114285	1.0	NonTarget	1	86792
339.15612596571424	1.0	NonTarget	1	86824
339.28112591999997	1.0	NonTarget	1	86856
339.40612587428564	1.0	NonTarget	1	86888
339.53112582857136	1.0	NonTarget	1	86920
339.6561257828571	1.0	NonTarget	1	86952
339.7811257371428	1.0	NonTarget	1	86984
339.9061256914285	1.0	NonTarget	1	87016
340.0311256457142	1.0	NonTarget	1	87048
340.15612559999994	1.0	NonTarget	1	87080
340.28112555428567	1.0	NonTarget	1	87112
340.4061255085714	1.0	NonTarget	1	87144
346.5311232685714	1.0	NonTarget	1	88712
346.6561232228571	1.0	NonTarget	1	88744
346.7811231771428	1.0	NonTarget	1	88776
346.9061231314285	1.0	NonTarget	1	88808
347.0311230857142	1.0	NonTarget	1	88840
347.15612303999995	1.0	NonTarget	1	88872
347.2811229942857	1.0	NonTarget	1	88904
347.40612294857135	1.0	NonTarget	1	88936
347.5311229028571	1.0	NonTarget	1	88968
347.6561228571428	1.0	NonTarget	1	89000
347.78112281142853	1.0	NonTarget	1	89032
347.9061227657142	1.0	NonTarget	1	89064
348.0311227199999	1.0	NonTarget	1	89096
348.15612267428565	1.0	NonTarget	1	89128
348.2811226285714	1.0	NonTarget	1	89160
348.4061225828571	1.0	NonTarget	1	89192
348.5311225371428	1.0	NonTarget	1	89224
348.6561224914285	1.0	NonTarget	1	89256
348.78112244571423	1.0	NonTarget	1	89288
348.90612239999996	1.0	NonTarget	1	89320
349.0311223542856	1.0	NonTarget	1	89352
349.15612230857136	1.0	NonTarget	1	89384
349.2811222628571	1.0	NonTarget	1	89416
349.4061222171428	1.0	NonTarget	1	89448
349.53112217142854	1.0	NonTarget	1	89480
349.6561221257142	1.0	NonTarget	1	89512
349.78112207999993	1.0	NonTarget	1	89544
349.90612203428566	1.0	NonTarget	1	89576
350.0311219885714	1.0	NonTarget	1	89608
350.15612194285706	1.0	NonTarget	1	89640
350.2811218971428	1.0	NonTarget	1	89672
350.4061218514285	1.0	NonTarget	1	89704
350.53112180571424	1.0	NonTarget	1	89736
350.65612175999996	1.0	NonTarget	1	89768
350.78112171428563	1.0	NonTarget	1	89800
350.90612166857136	1.0	NonTarget	1	89832
351.0311216228571	1.0	NonTarget	1	89864
351.1561215771428	1.0	NonTarget	1	89896
351.2811215314285	1.0	NonTarget	1	89928
351.4061214857142	1.0	NonTarget	1	89960
351.53112143999994	1.0	NonTarget	1	89992
351.65612139428566	1.0	NonTarget	1	90024
351.7811213485714	1.0	NonTarget	1	90056
351.90612130285706	1.0	NonTarget	1	90088
352.0311212571428	1.0	NonTarget	1	90120
352.1561212114285	1.0	NonTarget	1	90152
352.28112116571424	1.0	NonTarget	1	90184
352.40612111999997	1.0	NonTarget	1	90216
352.53112107428564	1.0	NonTarget	1	90248
352.65612102857136	1.0	NonTarget	1	90280
352.7811209828571	1.0	NonTarget	1	90312
352.9061209371428	1.0	NonTarget	1	90344
353.0311208914285	1.0	NonTarget	1	90376
353.1561208457142	1.0	NonTarget	1	90408
353.28112079999994	1.0	NonTarget	1	90440
353.40612075428567	1.0	NonTarget	1	90472
353.5311207085714	1.0	NonTarget	1	90504
353.65612066285706	1.0	NonTarget	1	90536
353.7811206171428	1.0	NonTarget	1	90568
353.9061205714285	1.0	NonTarget	1	90600
354.03112052571424	1.0	NonTarget	1	90632
354.1561204799999	1.0	NonTarget	1	90664
354.28112043428564	1.0	NonTarget	1	90696
354.40612038857137	1.0	NonTarget	1	90728
354.5311203428571	1.0	NonTarget	1	90760
354.6561202971428	1.0	NonTarget	1	90792
354.7811202514285	1.0	NonTarget	1	90824
354.9061202057142	1.0	NonTarget	1	90856
355.03112015999994	1.0	NonTarget	1	90888
355.15612011428567	1.0	NonTarget	1	90920
355.28112006857134	1.0	NonTarget	1	90952
355.40612002285707	1.0	NonTarget	1	90984
355.5311199771428	1.0	NonTarget	1	91016
355.6561199314285	1.0	NonTarget	1	91048
355.78111988571425	1.0	NonTarget	1	91080
355.9061198399999	1.0	NonTarget	1	91112
356.03111979428564	1.0	NonTarget	1	91144
356.15611974857137	1.0	NonTarget	1	91176
356.2811197028571	1.0	NonTarget	1	91208
356.40611965714277	1.0	NonTarget	1	91240
356.5311196114285	1.0	NonTarget	1	91272
356.6561195657142	1.0	NonTarget	1	91304
356.78111951999995	1.0	NonTarget	1	91336
356.9061194742857	1.0	NonTarget	1	91368
357.03111942857134	1.0	NonTarget	1	91400
357.15611938285707	1.0	NonTarget	1	91432
357.2811193371428	1.0	NonTarget	1	91464
357.4061192914285	1.0	NonTarget	1	91496
357.53111924571425	1.0	NonTarget	1	91528
357.6561191999999	1.0	NonTarget	1	91560
357.78111915428565	1.0	NonTarget	1	91592
357.9061191085714	1.0	NonTarget	1	91624
358.0311190628571	1.0	NonTarget	1	91656
358.15611901714277	1.0	NonTarget	1	91688
358.2811189714285	1.0	NonTarget	1	91720
358.4061189257142	1.0	NonTarget	1	91752
364.5311166857142	1.0	NonTarget	1	93320
364.65611663999994	1.0	NonTarget	1	93352
364.78111659428566	1.0	NonTarget	1	93384
364.9061165485714	1.0	NonTarget	1	93416
365.03111650285706	1.0	NonTarget	1	93448
365.1561164571428	1.0	NonTarget	1	93480
365.2811164114285	1.0	NonTarget	1	93512
365.40611636571424	1.0	NonTarget	1	93544
365.5311163199999	1.0	NonTarget	1	93576
365.65611627428564	1.0	NonTarget	1	93608
365.78111622857136	1.0	NonTarget	1	93640
365.9061161828571	1.0	NonTarget	1	93672
366.0311161371428	1.0	NonTarget	1	93704
366.1561160914285	1.0	NonTarget	1	93736
366.2811160457142	1.0	NonTarget	1	93768
366.40611599999994	1.0	NonTarget	1	93800
366.53111595428567	1.0	NonTarget	1	93832
366.65611590857134	1.0	NonTarget	1	93864
366.78111586285706	1.0	NonTarget	1	93896
366.9061158171428	1.0	NonTarget	1	93928
367.0311157714285	1.0	NonTarget	1	93960
367.15611572571424	1.0	NonTarget	1	93992
367.2811156799999	1.0	NonTarget	1	94024
367.40611563428564	1.0	NonTarget	1	94056
367.53111558857137	1.0	NonTarget	1	94088
367.6561155428571	1.0	NonTarget	1	94120
367.7811154971428	1.0	NonTarget	1	94152
367.9061154514285	1.0	NonTarget	1	94184
368.0311154057142	1.0	NonTarget	1	94216
368.15611535999994	1.0	NonTarget	1	94248
368.28111531428567	1.0	NonTarget	1	94280
368.40611526857134	1.0	NonTarget	1	94312
368.53111522285707	1.0	NonTarget	1	94344
368.6561151771428	1.0	NonTarget	1	94376
368.7811151314285	1.0	NonTarget	1	94408
368.90611508571425	1.0	NonTarget	1	94440
369.0311150399999	1.0	NonTarget	1	94472
369.15611499428564	1.0	NonTarget	1	94504
369.28111494857137	1.0	NonTarget	1	94536
369.4061149028571	1.0	NonTarget	1	94568
369.53111485714277	1.0	NonTarget	1	94600
369.6561148114285	1.0	NonTarget	1	94632
369.7811147657142	1.0	NonTarget	1	94664
369.90611471999995	1.0	NonTarget	1	94696
370.0311146742857	1.0	NonTarget	1	94728
370.15611462857134	1.0	NonTarget	1	94760
370.2811145828571	1.0	NonTarget	1	94792
370.4061145371428	1.0	NonTarget	1	94824
370.5311144914285	1.0	NonTarget	1	94856
370.6561144457142	1.0	NonTarget	1	94888
370.7811143999999	1.0	NonTarget	1	94920
370.90611435428565	1.0	NonTarget	1	94952
371.0311143085714	1.0	NonTarget	1	94984
371.1561142628571	1.0	NonTarget	1	95016
371.2811142171428	1.0	NonTarget	1	95048
371.4061141714285	1.0	NonTarget	1	95080
371.5311141257142	1.0	NonTarget	1	95112
371.65611407999995	1.0	NonTarget	1	95144
371.7811140342856	1.0	NonTarget	1	95176
371.90611398857135	1.0	NonTarget	1	95208
372.0311139428571	1.0	NonTarget	1	95240
372.1561138971428	1.0	NonTarget	1	95272
372.28111385142853	1.0	NonTarget	1	95304
372.4061138057142	1.0	NonTarget	1	95336
372.5311137599999	1.0	NonTarget	1	95368
372.65611371428565	1.0	NonTarget	1	95400
372.7811136685714	1.0	NonTarget	1	95432
372.9061136228571	1.0	NonTarget	1	95464
373.0311135771428	1.0	NonTarget	1	95496
373.1561135314285	1.0	NonTarget	1	95528
373.28111348571423	1.0	NonTarget	1	95560
373.40611343999996	1.0	NonTarget	1	95592
373.5311133942856	1.0	NonTarget	1	95624
373.65611334857135	1.0	NonTarget	1	95656
373.7811133028571	1.0	NonTarget	1	95688
373.9061132571428	1.0	NonTarget	1	95720
374.03111321142853	1.0	NonTarget	1	95752
374.1561131657142	1.0	NonTarget	1	95784
374.28111311999993	1.0	NonTarget	1	95816
374.40611307428566	1.0	NonTarget	1	95848
374.5311130285714	1.0	NonTarget	1	95880
374.65611298285705	1.0	NonTarget	1	95912
374.7811129371428	1.0	NonTarget	1	95944
374.9061128914285	1.0	NonTarget	1	95976
375.03111284571423	1.0	NonTarget	1	96008
375.15611279999996	1.0	NonTarget	1	96040
375.28111275428563	1.0	NonTarget	1	96072
375.40611270857136	1.0	NonTarget	1	96104
375.5311126628571	1.0	NonTarget	1	96136
375.6561126171428	1.0	NonTarget	1	96168
375.7811125714285	1.0	NonTarget	1	96200
375.9061125257142	1.0	NonTarget	1	96232
376.03111247999993	1.0	NonTarget	1	96264
376.15611243428566	1.0	NonTarget	1	96296
376.2811123885714	1.0	NonTarget	1	96328
376.40611234285706	1.0	NonTarget	1	96360
382.5311101028571	1.0	NonTarget	1	97928
382.65611005714277	1.0	NonTarget	1	97960
382.7811100114285	1.0	NonTarget	1	97992
382.9061099657142	1.0	NonTarget	1	98024
383.03110991999995	1.0	NonTarget	1	98056
383.1561098742856	1.0	NonTarget	1	98088
383.28110982857135	1.0	NonTarget	1	98120
383.4061097828571	1.0	NonTarget	1	98152
383.5311097371428	1.0	NonTarget	1	98184
383.6561096914285	1.0	NonTarget	1	98216
383.7811096457142	1.0	NonTarget	1	98248
383.9061095999999	1.0	NonTarget	1	98280
384.03110955428565	1.0	NonTarget	1	98312
384.1561095085714	1.0	NonTarget	1	98344
384.2811094628571	1.0	NonTarget	1	98376
384.4061094171428	1.0	NonTarget	1	98408
384.5311093714285	1.0	NonTarget	1	98440
384.6561093257142	1.0	NonTarget	1	98472
384.78110927999995	1.0	NonTarget	1	98504
384.9061092342856	1.0	NonTarget	1	98536
385.03110918857135	1.0	NonTarget	1	98568
385.1561091428571	1.0	NonTarget	1	98600
385.2811090971428	1.0	NonTarget	1	98632
385.40610905142853	1.0	NonTarget	1	98664
385.5311090057142	1.0	NonTarget	1	98696
385.6561089599999	1.0	NonTarget	1	98728
385.78110891428565	1.0	NonTarget	1	98760
385.9061088685714	1.0	NonTarget	1	98792
386.03110882285705	1.0	NonTarget	1	98824
386.1561087771428	1.0	NonTarget	1	98856
386.2811087314285	1.0	NonTarget	1	98888
386.40610868571423	1.0	NonTarget	1	98920
386.53110863999996	1.0	NonTarget	1	98952
386.6561085942856	1.0	NonTarget	1	98984
386.78110854857135	1.0	NonTarget	1	99016
386.9061085028571	1.0	NonTarget	1	99048
387.0311084571428	1.0	NonTarget	1	99080
387.1561084114285	1.0	NonTarget	1	99112
387.2811083657142	1.0	NonTarget	1	99144
387.40610831999993	1.0	NonTarget	1	99176
387.53110827428566	1.0	NonTarget	1	99208
387.6561082285714	1.0	NonTarget	1	99240
387.78110818285705	1.0	NonTarget	1	99272
387.9061081371428	1.0	NonTarget	1	99304
388.0311080914285	1.0	NonTarget	1	99336
388.15610804571423	1.0	NonTarget	1	99368
388.2811079999999	1.0	NonTarget	1	99400
388.40610795428563	1.0	NonTarget	1	99432
388.53110790857136	1.0	NonTarget	1	99464
388.6561078628571	1.0	NonTarget	1	99496
388.7811078171428	1.0	NonTarget	1	99528
388.9061077714285	1.0	NonTarget	1	99560
389.0311077257142	1.0	NonTarget	1	99592
389.15610767999993	1.0	NonTarget	1	99624
389.28110763428566	1.0	NonTarget	1	99656
389.4061075885714	1.0	NonTarget	1	99688
389.53110754285706	1.0	NonTarget	1	99720
389.6561074971428	1.0	NonTarget	1	99752
389.7811074514285	1.0	NonTarget	1	99784
389.90610740571424	1.0	NonTarget	1	99816
390.0311073599999	1.0	NonTarget	1	99848
390.15610731428563	1.0	NonTarget	1	99880
390.28110726857136	1.0	NonTarget	1	99912
390.4061072228571	1.0	NonTarget	1	99944
390.5311071771428	1.0	NonTarget	1	99976
390.6561071314285	1.0	NonTarget	1	100008
390.7811070857142	1.0	NonTarget	1	100040
390.90610703999994	1.0	NonTarget	1	100072
391.03110699428566	1.0	NonTarget	1	100104
391.15610694857133	1.0	NonTarget	1	100136
391.28110690285706	1.0	NonTarget	1	100168
391.4061068571428	1.0	NonTarget	1	100200
391.5311068114285	1.0	NonTarget	1	100232
391.65610676571424	1.0	NonTarget	1	100264
391.7811067199999	1.0	NonTarget	1	100296
391.90610667428564	1.0	NonTarget	1	100328
392.03110662857137	1.0	NonTarget	1	100360
392.1561065828571	1.0	NonTarget	1	100392
392.28110653714276	1.0	NonTarget	1	100424
392.4061064914285	1.0	NonTarget	1	100456
392.5311064457142	1.0	NonTarget	1	100488
392.65610639999994	1.0	NonTarget	1	100520
392.78110635428567	1.0	NonTarget	1	100552
392.90610630857134	1.0	NonTarget	1	100584
393.03110626285707	1.0	NonTarget	1	100616
393.1561062171428	1.0	NonTarget	1	100648
393.2811061714285	1.0	NonTarget	1	100680
393.4061061257142	1.0	NonTarget	1	100712
393.5311060799999	1.0	NonTarget	1	100744
393.65610603428564	1.0	NonTarget	1	100776
393.78110598857137	1.0	NonTarget	1	100808
393.9061059428571	1.0	NonTarget	1	100840
394.03110589714277	1.0	NonTarget	1	100872
394.1561058514285	1.0	NonTarget	1	100904
394.2811058057142	1.0	NonTarget	1	100936
394.40610575999995	1.0	NonTarget	1	100968
400.53110351999993	1.0	NonTarget	1	102536
400.65610347428566	1.0	NonTarget	1	102568
400.7811034285714	1.0	NonTarget	1	102600
400.90610338285705	1.0	NonTarget	1	102632
401.0311033371428	1.0	NonTarget	1	102664
401.1561032914285	1.0	NonTarget	1	102696
401.28110324571423	1.0	NonTarget	1	102728
401.4061031999999	1.0	NonTarget	1	102760
401.53110315428563	1.0	NonTarget	1	102792
401.65610310857136	1.0	NonTarget	1	102824
401.7811030628571	1.0	NonTarget	1	102856
401.9061030171428	1.0	NonTarget	1	102888
402.0311029714285	1.0	NonTarget	1	102920
402.1561029257142	1.0	NonTarget	1	102952
402.28110287999993	1.0	NonTarget	1	102984
402.40610283428566	1.0	NonTarget	1	103016
402.53110278857133	1.0	NonTarget	1	103048
402.65610274285706	1.0	NonTarget	1	103080
402.7811026971428	1.0	NonTarget	1	103112
402.9061026514285	1.0	NonTarget	1	103144
403.03110260571424	1.0	NonTarget	1	103176
403.1561025599999	1.0	NonTarget	1	103208
403.28110251428564	1.0	NonTarget	1	103240
403.40610246857136	1.0	NonTarget	1	103272
403.5311024228571	1.0	NonTarget	1	103304
403.65610237714276	1.0	NonTarget	1	103336
403.7811023314285	1.0	NonTarget	1	103368
403.9061022857142	1.0	NonTarget	1	103400
404.03110223999994	1.0	NonTarget	1	103432
404.15610219428567	1.0	NonTarget	1	103464
404.28110214857134	1.0	NonTarget	1	103496
404.40610210285706	1.0	NonTarget	1	103528
404.5311020571428	1.0	NonTarget	1	103560
404.6561020114285	1.0	NonTarget	1	103592
404.78110196571424	1.0	NonTarget	1	103624
404.9061019199999	1.0	NonTarget	1	103656
405.03110187428564	1.0	NonTarget	1	103688
405.15610182857137	1.0	NonTarget	1	103720
405.2811017828571	1.0	NonTarget	1	103752
405.40610173714276	1.0	NonTarget	1	103784
405.5311016914285	1.0	NonTarget	1	103816
405.6561016457142	1.0	NonTarget	1	103848
405.78110159999994	1.0	NonTarget	1	103880
405.90610155428567	1.0	NonTarget	1	103912
406.03110150857134	1.0	NonTarget	1	103944
406.15610146285707	1.0	NonTarget	1	103976
406.2811014171428	1.0	NonTarget	1	104008
406.4061013714285	1.0	NonTarget	1	104040
406.5311013257142	1.0	NonTarget	1	104072
406.6561012799999	1.0	NonTarget	1	104104
406.78110123428564	1.0	NonTarget	1	104136
406.90610118857137	1.0	NonTarget	1	104168
407.0311011428571	1.0	NonTarget	1	104200
407.15610109714277	1.0	NonTarget	1	104232
407.2811010514285	1.0	NonTarget	1	104264
407.4061010057142	1.0	NonTarget	1	104296
407.53110095999995	1.0	NonTarget	1	104328
407.6561009142856	1.0	NonTarget	1	104360
407.78110086857134	1.0	NonTarget	1	104392
407.90610082285707	1.0	NonTarget	1	104424
408.0311007771428	1.0	NonTarget	1	104456
408.1561007314285	1.0	NonTarget	1	104488
408.2811006857142	1.0	NonTarget	1	104520
408.4061006399999	1.0	NonTarget	1	104552
408.53110059428565	1.0	NonTarget	1	104584
408.6561005485714	1.0	NonTarget	1	104616
408.78110050285704	1.0	NonTarget	1	104648
408.90610045714277	1.0	NonTarget	1	104680
409.0311004114285	1.0	NonTarget	1	104712
409.1561003657142	1.0	NonTarget	1	104744
409.28110031999995	1.0	NonTarget	1	104776
409.4061002742856	1.0	NonTarget	1	104808
409.53110022857135	1.0	NonTarget	1	104840
409.6561001828571	1.0	NonTarget	1	104872
409.7811001371428	1.0	NonTarget	1	104904
409.9061000914285	1.0	NonTarget	1	104936
410.0311000457142	1.0	NonTarget	1	104968
410.1560999999999	1.0	NonTarget	1	105000
410.28109995428565	1.0	NonTarget	1	105032
410.4060999085714	1.0	NonTarget	1	105064
410.53109986285705	1.0	NonTarget	1	105096
410.6560998171428	1.0	NonTarget	1	105128
410.7810997714285	1.0	NonTarget	1	105160
410.9060997257142	1.0	NonTarget	1	105192
411.03109967999995	1.0	NonTarget	1	105224
411.1560996342856	1.0	NonTarget	1	105256
411.28109958857135	1.0	NonTarget	1	105288
411.4060995428571	1.0	NonTarget	1	105320
411.5310994971428	1.0	NonTarget	1	105352
411.6560994514285	1.0	NonTarget	1	105384
411.7810994057142	1.0	NonTarget	1	105416
411.9060993599999	1.0	NonTarget	1	105448
412.03109931428565	1.0	NonTarget	1	105480
412.1560992685714	1.0	NonTarget	1	105512
412.28109922285705	1.0	NonTarget	1	105544
412.4060991771428	1.0	NonTarget	1	105576
418.53109693714276	1.0	NonTarget	1	107144
418.6560968914285	1.0	NonTarget	1	107176
418.7810968457142	1.0	NonTarget	1	107208
418.90609679999994	1.0	NonTarget	1	107240
419.0310967542856	1.0	NonTarget	1	107272
419.15609670857134	1.0	NonTarget	1	107304
419.28109666285707	1.0	NonTarget	1	107336
419.4060966171428	1.0	NonTarget	1	107368
419.5310965714285	1.0	NonTarget	1	107400
419.6560965257142	1.0	NonTarget	1	107432
419.7810964799999	1.0	NonTarget	1	107464
419.90609643428564	1.0	NonTarget	1	107496
420.03109638857137	1.0	NonTarget	1	107528
420.1560963428571	1.0	NonTarget	1	107560
420.28109629714277	1.0	NonTarget	1	107592
420.4060962514285	1.0	NonTarget	1	107624
420.5310962057142	1.0	NonTarget	1	107656
420.65609615999995	1.0	NonTarget	1	107688
420.7810961142856	1.0	NonTarget	1	107720
420.90609606857134	1.0	NonTarget	1	107752
421.03109602285707	1.0	NonTarget	1	107784
421.1560959771428	1.0	NonTarget	1	107816
421.2810959314285	1.0	NonTarget	1	107848
421.4060958857142	1.0	NonTarget	1	107880
421.5310958399999	1.0	NonTarget	1	107912
421.65609579428565	1.0	NonTarget	1	107944
421.7810957485714	1.0	NonTarget	1	107976
421.90609570285704	1.0	NonTarget	1	108008
422.03109565714277	1.0	NonTarget	1	108040
422.1560956114285	1.0	NonTarget	1	108072
422.2810955657142	1.0	NonTarget	1	108104
422.40609551999995	1.0	NonTarget	1	108136
422.5310954742856	1.0	NonTarget	1	108168
422.65609542857135	1.0	NonTarget	1	108200
422.7810953828571	1.0	NonTarget	1	108232
422.9060953371428	1.0	NonTarget	1	108264
423.03109529142847	1.0	NonTarget	1	108296
423.1560952457142	1.0	NonTarget	1	108328
423.2810951999999	1.0	NonTarget	1	108360
423.40609515428565	1.0	NonTarget	1	108392
423.5310951085714	1.0	NonTarget	1	108424
423.65609506285705	1.0	NonTarget	1	108456
423.7810950171428	1.0	NonTarget	1	108488
423.9060949714285	1.0	NonTarget	1	108520
424.0310949257142	1.0	NonTarget	1	108552
424.1560948799999	1.0	NonTarget	1	108584
424.2810948342856	1.0	NonTarget	1	108616
424.40609478857135	1.0	NonTarget	1	108648
424.5310947428571	1.0	NonTarget	1	108680
424.6560946971428	1.0	NonTarget	1	108712
424.7810946514285	1.0	NonTarget	1	108744
424.9060946057142	1.0	NonTarget	1	108776
425.03109455999993	1.0	NonTarget	1	108808
425.15609451428566	1.0	NonTarget	1	108840
425.2810944685714	1.0	NonTarget	1	108872
425.40609442285705	1.0	NonTarget	1	108904
425.5310943771428	1.0	NonTarget	1	108936
425.6560943314285	1.0	NonTarget	1	108968
425.78109428571423	1.0	NonTarget	1	109000
425.9060942399999	1.0	NonTarget	1	109032
426.03109419428563	1.0	NonTarget	1	109064
426.15609414857136	1.0	NonTarget	1	109096
426.2810941028571	1.0	NonTarget	1	109128
426.4060940571428	1.0	NonTarget	1	109160
426.5310940114285	1.0	NonTarget	1	109192
426.6560939657142	1.0	NonTarget	1	109224
426.78109391999993	1.0	NonTarget	1	109256
426.90609387428566	1.0	NonTarget	1	109288
427.03109382857133	1.0	NonTarget	1	109320
427.15609378285706	1.0	NonTarget	1	109352
427.2810937371428	1.0	NonTarget	1	109384
427.4060936914285	1.0	NonTarget	1	109416
427.53109364571424	1.0	NonTarget	1	109448
427.6560935999999	1.0	NonTarget	1	109480
427.78109355428563	1.0	NonTarget	1	109512
427.90609350857136	1.0	NonTarget	1	109544
428.0310934628571	1.0	NonTarget	1	109576
428.15609341714276	1.0	NonTarget	1	109608
428.2810933714285	1.0	NonTarget	1	109640
428.4060933257142	1.0	NonTarget	1	109672
428.53109327999994	1.0	NonTarget	1	109704
428.65609323428566	1.0	NonTarget	1	109736
428.78109318857133	1.0	NonTarget	1	109768
428.90609314285706	1.0	NonTarget	1	109800
429.0310930971428	1.0	NonTarget	1	109832
429.1560930514285	1.0	NonTarget	1	109864
429.2810930057142	1.0	NonTarget	1	109896
429.4060929599999	1.0	NonTarget	1	109928
429.53109291428564	1.0	NonTarget	1	109960
429.65609286857136	1.0	NonTarget	1	109992
429.7810928228571	1.0	NonTarget	1	110024
429.90609277714276	1.0	NonTarget	1	110056
430.0310927314285	1.0	NonTarget	1	110088
430.1560926857142	1.0	NonTarget	1	110120
430.28109263999994	1.0	NonTarget	1	110152
430.40609259428567	1.0	NonTarget	1	110184
436.53109035428565	1.0	NonTarget	1	111752
436.6560903085714	1.0	NonTarget	1	111784
436.78109026285705	1.0	NonTarget	1	111816
436.9060902171428	1.0	NonTarget	1	111848
437.0310901714285	1.0	NonTarget	1	111880
437.15609012571423	1.0	NonTarget	1	111912
437.2810900799999	1.0	NonTarget	1	111944
437.4060900342856	1.0	NonTarget	1	111976
437.53108998857135	1.0	NonTarget	1	112008
437.6560899428571	1.0	NonTarget	1	112040
437.7810898971428	1.0	NonTarget	1	112072
437.9060898514285	1.0	NonTarget	1	112104
438.0310898057142	1.0	NonTarget	1	112136
438.15608975999993	1.0	NonTarget	1	112168
438.28108971428566	1.0	NonTarget	1	112200
438.4060896685713	1.0	NonTarget	1	112232
438.53108962285705	1.0	NonTarget	1	112264
438.6560895771428	1.0	NonTarget	1	112296
438.7810895314285	1.0	NonTarget	1	112328
438.90608948571423	1.0	NonTarget	1	112360
439.0310894399999	1.0	NonTarget	1	112392
439.15608939428563	1.0	NonTarget	1	112424
439.28108934857136	1.0	NonTarget	1	112456
439.4060893028571	1.0	NonTarget	1	112488
439.53108925714275	1.0	NonTarget	1	112520
439.6560892114285	1.0	NonTarget	1	112552
439.7810891657142	1.0	NonTarget	1	112584
439.90608911999993	1.0	NonTarget	1	112616
440.03108907428566	1.0	NonTarget	1	112648
440.15608902857133	1.0	NonTarget	1	112680
440.28108898285706	1.0	NonTarget	1	112712
440.4060889371428	1.0	NonTarget	1	112744
440.5310888914285	1.0	NonTarget	1	112776
440.6560888457142	1.0	NonTarget	1	112808
440.7810887999999	1.0	NonTarget	1	112840
440.90608875428563	1.0	NonTarget	1	112872
441.03108870857136	1.0	NonTarget	1	112904
441.1560886628571	1.0	NonTarget	1	112936
441.28108861714276	1.0	NonTarget	1	112968
441.4060885714285	1.0	NonTarget	1	113000
441.5310885257142	1.0	NonTarget	1	113032
441.65608847999994	1.0	NonTarget	1	113064
441.78108843428566	1.0	NonTarget	1	113096
441.90608838857133	1.0	NonTarget	1	113128
442.03108834285706	1.0	NonTarget	1	113160
442.1560882971428	1.0	NonTarget	1	113192
442.2810882514285	1.0	NonTarget	1	113224
442.4060882057142	1.0	NonTarget	1	113256
442.5310881599999	1.0	NonTarget	1	113288
442.65608811428564	1.0	NonTarget	1	113320
442.78108806857136	1.0	NonTarget	1	113352
442.9060880228571	1.0	NonTarget	1	113384
443.03108797714276	1.0	NonTarget	1	113416
443.1560879314285	1.0	NonTarget	1	113448
443.2810878857142	1.0	NonTarget	1	113480
443.40608783999994	1.0	NonTarget	1	113512
443.5310877942856	1.0	NonTarget	1	113544
443.65608774857134	1.0	NonTarget	1	113576
443.78108770285706	1.0	NonTarget	1	113608
443.9060876571428	1.0	NonTarget	1	113640
444.0310876114285	1.0	NonTarget	1	113672
444.1560875657142	1.0	NonTarget	1	113704
444.2810875199999	1.0	NonTarget	1	113736
444.40608747428564	1.0	NonTarget	1	113768
444.53108742857137	1.0	NonTarget	1	113800
444.65608738285704	1.0	NonTarget	1	113832
444.78108733714276	1.0	NonTarget	1	113864
444.9060872914285	1.0	NonTarget	1	113896
445.0310872457142	1.0	NonTarget	1	113928
445.15608719999994	1.0	NonTarget	1	113960
445.2810871542856	1.0	NonTarget	1	113992
445.40608710857134	1.0	NonTarget	1	114024
445.53108706285707	1.0	NonTarget	1	114056
445.6560870171428	1.0	NonTarget	1	114088
445.78108697142846	1.0	NonTarget	1	114120
445.9060869257142	1.0	NonTarget	1	114152
446.0310868799999	1.0	NonTarget	1	114184
446.15608683428565	1.0	NonTarget	1	114216
446.2810867885714	1.0	NonTarget	1	114248
446.40608674285704	1.0	NonTarget	1	114280
446.53108669714277	1.0	NonTarget	1	114312
446.6560866514285	1.0	NonTarget	1	114344
446.7810866057142	1.0	NonTarget	1	114376
446.90608655999995	1.0	NonTarget	1	114408
447.0310865142856	1.0	NonTarget	1	114440
447.15608646857135	1.0	NonTarget	1	114472
447.2810864228571	1.0	NonTarget	1	114504
447.4060863771428	1.0	NonTarget	1	114536
447.53108633142847	1.0	NonTarget	1	114568
447.6560862857142	1.0	NonTarget	1	114600
447.7810862399999	1.0	NonTarget	1	114632
447.90608619428565	1.0	NonTarget	1	114664
448.0310861485714	1.0	NonTarget	1	114696
448.15608610285705	1.0	NonTarget	1	114728
448.2810860571428	1.0	NonTarget	1	114760
448.4060860114285	1.0	NonTarget	1	114792
454.5310837714285	1.0	NonTarget	1	116360
454.6560837257142	1.0	NonTarget	1	116392
454.78108367999994	1.0	NonTarget	1	116424
454.9060836342856	1.0	NonTarget	1	116456
455.03108358857133	1.0	NonTarget	1	116488
455.15608354285706	1.0	NonTarget	1	116520
455.2810834971428	1.0	NonTarget	1	116552
455.4060834514285	1.0	NonTarget	1	116584
455.5310834057142	1.0	NonTarget	1	116616
455.6560833599999	1.0	NonTarget	1	116648
455.78108331428564	1.0	NonTarget	1	116680
455.90608326857136	1.0	NonTarget	1	116712
456.03108322285703	1.0	NonTarget	1	116744
456.15608317714276	1.0	NonTarget	1	116776
456.2810831314285	1.0	NonTarget	1	116808
456.4060830857142	1.0	NonTarget	1	116840
456.53108303999994	1.0	NonTarget	1	116872
456.6560829942856	1.0	NonTarget	1	116904
456.78108294857134	1.0	NonTarget	1	116936
456.90608290285707	1.0	NonTarget	1	116968
457.0310828571428	1.0	NonTarget	1	117000
457.1560828114285	1.0	NonTarget	1	117032
457.2810827657142	1.0	NonTarget	1	117064
457.4060827199999	1.0	NonTarget	1	117096
457.53108267428564	1.0	NonTarget	1	117128
457.65608262857137	1.0	NonTarget	1	117160
457.78108258285704	1.0	NonTarget	1	117192
457.90608253714277	1.0	NonTarget	1	117224
458.0310824914285	1.0	NonTarget	1	117256
458.1560824457142	1.0	NonTarget	1	117288
458.28108239999995	1.0	NonTarget	1	117320
458.4060823542856	1.0	NonTarget	1	117352
458.53108230857134	1.0	NonTarget	1	117384
458.65608226285707	1.0	NonTarget	1	117416
458.7810822171428	1.0	NonTarget	1	117448
458.90608217142847	1.0	NonTarget	1	117480
459.0310821257142	1.0	NonTarget	1	117512
459.1560820799999	1.0	NonTarget	1	117544
459.28108203428565	1.0	NonTarget	1	117576
459.4060819885714	1.0	NonTarget	1	117608
459.53108194285704	1.0	NonTarget	1	117640
459.65608189714277	1.0	NonTarget	1	117672
459.7810818514285	1.0	NonTarget	1	117704
459.9060818057142	1.0	NonTarget	1	117736
460.0310817599999	1.0	NonTarget	1	117768
460.1560817142856	1.0	NonTarget	1	117800
460.28108166857135	1.0	NonTarget	1	117832
460.4060816228571	1.0	NonTarget	1	117864
460.5310815771428	1.0	NonTarget	1	117896
460.65608153142847	1.0	NonTarget	1	117928
460.7810814857142	1.0	NonTarget	1	117960
460.9060814399999	1.0	NonTarget	1	117992
461.03108139428565	1.0	NonTarget	1	118024
461.1560813485713	1.0	NonTarget	1	118056
461.28108130285705	1.0	NonTarget	1	118088
461.4060812571428	1.0	NonTarget	1	118120
461.5310812114285	1.0	NonTarget	1	118152
461.6560811657142	1.0	NonTarget	1	118184
461.7810811199999	1.0	NonTarget	1	118216
461.9060810742856	1.0	NonTarget	1	118248
462.03108102857135	1.0	NonTarget	1	118280
462.1560809828571	1.0	NonTarget	1	118312
462.2810809371428	1.0	NonTarget	1	118344
462.4060808914285	1.0	NonTarget	1	118376
462.5310808457142	1.0	NonTarget	1	118408
462.6560807999999	1.0	NonTarget	1	118440
462.78108075428565	1.0	NonTarget	1	118472
462.9060807085713	1.0	NonTarget	1	118504
463.03108066285705	1.0	NonTarget	1	118536
463.1560806171428	1.0	NonTarget	1	118568
463.2810805714285	1.0	NonTarget	1	118600
463.40608052571423	1.0	NonTarget	1	118632
463.5310804799999	1.0	NonTarget	1	118664
463.6560804342856	1.0	NonTarget	1	118696
463.78108038857135	1.0	NonTarget	1	118728
463.9060803428571	1.0	NonTarget	1	118760
464.03108029714275	1.0	NonTarget	1	118792
464.1560802514285	1.0	NonTarget	1	118824
464.2810802057142	1.0	NonTarget	1	118856
464.40608015999993	1.0	NonTarget	1	118888
464.53108011428566	1.0	NonTarget	1	118920
464.6560800685713	1.0	NonTarget	1	118952
464.78108002285705	1.0	NonTarget	1	118984
464.9060799771428	1.0	NonTarget	1	119016
465.0310799314285	1.0	NonTarget	1	119048
465.1560798857142	1.0	NonTarget	1	119080
465.2810798399999	1.0	NonTarget	1	119112
465.40607979428563	1.0	NonTarget	1	119144
465.53107974857136	1.0	NonTarget	1	119176
465.6560797028571	1.0	NonTarget	1	119208
465.78107965714275	1.0	NonTarget	1	119240
465.9060796114285	1.0	NonTarget	1	119272
466.0310795657142	1.0	NonTarget	1	119304
466.15607951999993	1.0	NonTarget	1	119336
466.2810794742856	1.0	NonTarget	1	119368
466.40607942857133	1.0	NonTarget	1	119400
472.5310771885714	1.0	NonTarget	1	120968
472.65607714285704	1.0	NonTarget	1	121000
472.78107709714277	1.0	NonTarget	1	121032
472.9060770514285	1.0	NonTarget	1	121064
473.0310770057142	1.0	NonTarget	1	121096
473.1560769599999	1.0	NonTarget	1	121128
473.2810769142856	1.0	NonTarget	1	121160
473.40607686857135	1.0	NonTarget	1	121192
473.5310768228571	1.0	NonTarget	1	121224
473.6560767771428	1.0	NonTarget	1	121256
473.78107673142847	1.0	NonTarget	1	121288
473.9060766857142	1.0	NonTarget	1	121320
474.0310766399999	1.0	NonTarget	1	121352
474.15607659428565	1.0	NonTarget	1	121384
474.2810765485713	1.0	NonTarget	1	121416
474.40607650285705	1.0	NonTarget	1	121448
474.5310764571428	1.0	NonTarget	1	121480
474.6560764114285	1.0	NonTarget	1	121512
474.7810763657142	1.0	NonTarget	1	121544
474.9060763199999	1.0	NonTarget	1	121576
475.0310762742856	1.0	NonTarget	1	121608
475.15607622857135	1.0	NonTarget	1	121640
475.2810761828571	1.0	NonTarget	1	121672
475.40607613714275	1.0	NonTarget	1	121704
475.5310760914285	1.0	NonTarget	1	121736
475.6560760457142	1.0	NonTarget	1	121768
475.7810759999999	1.0	NonTarget	1	121800
475.90607595428565	1.0	NonTarget	1	121832
476.0310759085713	1.0	NonTarget	1	121864
476.15607586285705	1.0	NonTarget	1	121896
476.2810758171428	1.0	NonTarget	1	121928
476.4060757714285	1.0	NonTarget	1	121960
476.5310757257142	1.0	NonTarget	1	121992
476.6560756799999	1.0	NonTarget	1	122024
476.7810756342856	1.0	NonTarget	1	122056
476.90607558857135	1.0	NonTarget	1	122088
477.0310755428571	1.0	NonTarget	1	122120
477.15607549714275	1.0	NonTarget	1	122152
477.2810754514285	1.0	NonTarget	1	122184
477.4060754057142	1.0	NonTarget	1	122216
477.53107535999993	1.0	NonTarget	1	122248
477.65607531428566	1.0	NonTarget	1	122280
477.7810752685713	1.0	NonTarget	1	122312
477.90607522285705	1.0	NonTarget	1	122344
478.0310751771428	1.0	NonTarget	1	122376
478.1560751314285	1.0	NonTarget	1	122408
478.2810750857142	1.0	NonTarget	1	122440
478.4060750399999	1.0	NonTarget	1	122472
478.53107499428563	1.0	NonTarget	1	122504
478.65607494857136	1.0	NonTarget	1	122536
478.7810749028571	1.0	NonTarget	1	122568
478.90607485714276	1.0	NonTarget	1	122600
479.0310748114285	1.0	NonTarget	1	122632
479.1560747657142	1.0	NonTarget	1	122664
479.28107471999994	1.0	NonTarget	1	122696
479.4060746742856	1.0	NonTarget	1	122728
479.53107462857133	1.0	NonTarget	1	122760
479.65607458285706	1.0	NonTarget	1	122792
479.7810745371428	1.0	NonTarget	1	122824
479.9060744914285	1.0	NonTarget	1	122856
480.0310744457142	1.0	NonTarget	1	122888
480.1560743999999	1.0	NonTarget	1	122920
480.28107435428564	1.0	NonTarget	1	122952
480.40607430857136	1.0	NonTarget	1	122984
480.53107426285703	1.0	NonTarget	1	123016
480.65607421714276	1.0	NonTarget	1	123048
480.7810741714285	1.0	NonTarget	1	123080
480.9060741257142	1.0	NonTarget	1	123112
481.03107407999994	1.0	NonTarget	1	123144
481.1560740342856	1.0	NonTarget	1	123176
481.28107398857134	1.0	NonTarget	1	123208
481.40607394285706	1.0	NonTarget	1	123240
481.5310738971428	1.0	NonTarget	1	123272
481.65607385142846	1.0	NonTarget	1	123304
481.7810738057142	1.0	NonTarget	1	123336
481.9060737599999	1.0	NonTarget	1	123368
482.03107371428564	1.0	NonTarget	1	123400
482.15607366857137	1.0	NonTarget	1	123432
482.28107362285704	1.0	NonTarget	1	123464
482.40607357714276	1.0	NonTarget	1	123496
482.5310735314285	1.0	NonTarget	1	123528
482.6560734857142	1.0	NonTarget	1	123560
482.78107343999994	1.0	NonTarget	1	123592
482.9060733942856	1.0	NonTarget	1	123624
483.03107334857134	1.0	NonTarget	1	123656
483.15607330285707	1.0	NonTarget	1	123688
483.2810732571428	1.0	NonTarget	1	123720
483.40607321142846	1.0	NonTarget	1	123752
483.5310731657142	1.0	NonTarget	1	123784
483.6560731199999	1.0	NonTarget	1	123816
483.78107307428564	1.0	NonTarget	1	123848
483.90607302857137	1.0	NonTarget	1	123880
484.03107298285704	1.0	NonTarget	1	123912
484.15607293714277	1.0	NonTarget	1	123944
484.2810728914285	1.0	NonTarget	1	123976
484.4060728457142	1.0	NonTarget	1	124008
490.5310706057142	1.0	NonTarget	1	125576
490.65607055999993	1.0	NonTarget	1	125608
490.7810705142856	1.0	NonTarget	1	125640
490.90607046857133	1.0	NonTarget	1	125672
491.03107042285706	1.0	NonTarget	1	125704
491.1560703771428	1.0	NonTarget	1	125736
491.2810703314285	1.0	NonTarget	1	125768
491.4060702857142	1.0	NonTarget	1	125800
491.5310702399999	1.0	NonTarget	1	125832
491.65607019428563	1.0	NonTarget	1	125864
491.78107014857136	1.0	NonTarget	1	125896
491.90607010285703	1.0	NonTarget	1	125928
492.03107005714276	1.0	NonTarget	1	125960
492.1560700114285	1.0	NonTarget	1	125992
492.2810699657142	1.0	NonTarget	1	126024
492.40606991999994	1.0	NonTarget	1	126056
492.5310698742856	1.0	NonTarget	1	126088
492.65606982857133	1.0	NonTarget	1	126120
492.78106978285706	1.0	NonTarget	1	126152
492.9060697371428	1.0	NonTarget	1	126184
493.0310696914285	1.0	NonTarget	1	126216
493.1560696457142	1.0	NonTarget	1	126248
493.2810695999999	1.0	NonTarget	1	126280
493.40606955428564	1.0	NonTarget	1	126312
493.53106950857136	1.0	NonTarget	1	126344
493.65606946285703	1.0	NonTarget	1	126376
493.78106941714276	1.0	NonTarget	1	126408
493.9060693714285	1.0	NonTarget	1	126440
494.0310693257142	1.0	NonTarget	1	126472
494.15606927999994	1.0	NonTarget	1	126504
494.2810692342856	1.0	NonTarget	1	126536
494.40606918857134	1.0	NonTarget	1	126568
494.53106914285706	1.0	NonTarget	1	126600
494.6560690971428	1.0	NonTarget	1	126632
494.78106905142846	1.0	NonTarget	1	126664
494.9060690057142	1.0	NonTarget	1	126696
495.0310689599999	1.0	NonTarget	1	126728
495.15606891428564	1.0	NonTarget	1	126760
495.28106886857137	1.0	NonTarget	1	126792
495.40606882285704	1.0	NonTarget	1	126824
495.53106877714276	1.0	NonTarget	1	126856
495.6560687314285	1.0	NonTarget	1	126888
495.7810686857142	1.0	NonTarget	1	126920
495.9060686399999	1.0	NonTarget	1	126952
496.0310685942856	1.0	NonTarget	1	126984
496.15606854857134	1.0	NonTarget	1	127016
496.28106850285707	1.0	NonTarget	1	127048
496.4060684571428	1.0	NonTarget	1	127080
496.53106841142846	1.0	NonTarget	1	127112
496.6560683657142	1.0	NonTarget	1	127144
496.7810683199999	1.0	NonTarget	1	127176
496.90606827428564	1.0	NonTarget	1	127208
497.0310682285713	1.0	NonTarget	1	127240
497.15606818285704	1.0	NonTarget	1	127272
497.28106813714277	1.0	NonTarget	1	127304
497.4060680914285	1.0	NonTarget	1	127336
497.5310680457142	1.0	NonTarget	1	127368
497.6560679999999	1.0	NonTarget	1	127400
497.7810679542856	1.0	NonTarget	1	127432
497.90606790857134	1.0	NonTarget	1	127464
498.03106786285707	1.0	NonTarget	1	127496
498.1560678171428	1.0	NonTarget	1	127528
498.28106777142847	1.0	NonTarget	1	127560
498.4060677257142	1.0	NonTarget	1	127592
498.5310676799999	1.0	NonTarget	1	127624
498.65606763428565	1.0	NonTarget	1	127656
498.7810675885713	1.0	NonTarget	1	127688
498.90606754285704	1.0	NonTarget	1	127720
499.03106749714277	1.0	NonTarget	1	127752
499.1560674514285	1.0	NonTarget	1	127784
499.2810674057142	1.0	NonTarget	1	127816
499.4060673599999	1.0	NonTarget	1	127848
499.5310673142856	1.0	NonTarget	1	127880
499.65606726857135	1.0	NonTarget	1	127912
499.7810672228571	1.0	NonTarget	1	127944
499.90606717714275	1.0	NonTarget	1	127976
500.0310671314285	1.0	NonTarget	1	128008
500.1560670857142	1.0	NonTarget	1	128040
500.2810670399999	1.0	NonTarget	1	128072
500.40606699428565	1.0	NonTarget	1	128104
500.5310669485713	1.0	NonTarget	1	128136
500.65606690285705	1.0	NonTarget	1	128168
500.7810668571428	1.0	NonTarget	1	128200
500.9060668114285	1.0	NonTarget	1	128232
501.0310667657142	1.0	NonTarget	1	128264
501.1560667199999	1.0	NonTarget	1	128296
501.2810666742856	1.0	NonTarget	1	128328
501.40606662857135	1.0	NonTarget	1	128360
501.5310665828571	1.0	NonTarget	1	128392
501.65606653714275	1.0	NonTarget	1	128424
501.7810664914285	1.0	NonTarget	1	128456
501.9060664457142	1.0	NonTarget	1	128488
502.03106639999993	1.0	NonTarget	1	128520
502.1560663542856	1.0	NonTarget	1	128552
502.2810663085713	1.0	NonTarget	1	128584
502.40606626285705	1.0	NonTarget	1	128616
508.53106402285704	1.0	NonTarget	1	130184
508.65606397714276	1.0	NonTarget	1	130216
508.7810639314285	1.0	NonTarget	1	130248
508.9060638857142	1.0	NonTarget	1	130280
509.0310638399999	1.0	NonTarget	1	130312
509.1560637942856	1.0	NonTarget	1	130344
509.28106374857134	1.0	NonTarget	1	130376
509.40606370285707	1.0	NonTarget	1	130408
509.5310636571428	1.0	NonTarget	1	130440
509.65606361142846	1.0	NonTarget	1	130472
509.7810635657142	1.0	NonTarget	1	130504
509.9060635199999	1.0	NonTarget	1	130536
510.03106347428565	1.0	NonTarget	1	130568
510.1560634285713	1.0	NonTarget	1	130600
510.28106338285704	1.0	NonTarget	1	130632
510.40606333714277	1.0	NonTarget	1	130664
510.5310632914285	1.0	NonTarget	1	130696
510.6560632457142	1.0	NonTarget	1	130728
510.7810631999999	1.0	NonTarget	1	130760
510.9060631542856	1.0	NonTarget	1	130792
511.03106310857135	1.0	NonTarget	1	130824
511.1560630628571	1.0	NonTarget	1	130856
511.28106301714274	1.0	NonTarget	1	130888
511.40606297142847	1.0	NonTarget	1	130920
511.5310629257142	1.0	NonTarget	1	130952
511.6560628799999	1.0	NonTarget	1	130984
511.78106283428565	1.0	NonTarget	1	131016
511.9060627885713	1.0	NonTarget	1	131048
512.0310627428571	1.0	NonTarget	1	131080
512.1560626971427	1.0	NonTarget	1	131112
512.2810626514284	1.0	NonTarget	1	131144
512.4060626057142	1.0	NonTarget	1	131176
512.5310625599999	1.0	NonTarget	1	131208
512.6560625142856	1.0	NonTarget	1	131240
512.7810624685713	1.0	NonTarget	1	131272
512.9060624228571	1.0	NonTarget	1	131304
513.0310623771428	1.0	NonTarget	1	131336
513.1560623314285	1.0	NonTarget	1	131368
513.2810622857141	1.0	NonTarget	1	131400
513.4060622399999	1.0	NonTarget	1	131432
513.5310621942856	1.0	NonTarget	1	131464
513.6560621485713	1.0	NonTarget	1	131496
513.781062102857	1.0	NonTarget	1	131528
513.9060620571428	1.0	NonTarget	1	131560
514.0310620114285	1.0	NonTarget	1	131592
514.1560619657142	1.0	NonTarget	1	131624
514.28106192	1.0	NonTarget	1	131656
514.4060618742856	1.0	NonTarget	1	131688
514.5310618285713	1.0	NonTarget	1	131720
514.656061782857	1.0	NonTarget	1	131752
514.7810617371427	1.0	NonTarget	1	131784
514.9060616914285	1.0	NonTarget	1	131816
515.0310616457142	1.0	NonTarget	1	131848
515.1560615999999	1.0	NonTarget	1	131880
515.2810615542857	1.0	NonTarget	1	131912
515.4060615085714	1.0	NonTarget	1	131944
515.531061462857	1.0	NonTarget	1	131976
515.6560614171427	1.0	NonTarget	1	132008
515.7810613714285	1.0	NonTarget	1	132040
515.9060613257142	1.0	NonTarget	1	132072
516.0310612799999	1.0	NonTarget	1	132104
516.1560612342856	1.0	NonTarget	1	132136
516.2810611885714	1.0	NonTarget	1	132168
516.4060611428571	1.0	NonTarget	1	132200
516.5310610971428	1.0	NonTarget	1	132232
516.6560610514285	1.0	NonTarget	1	132264
516.7810610057142	1.0	NonTarget	1	132296
516.9060609599999	1.0	NonTarget	1	132328
517.0310609142856	1.0	NonTarget	1	132360
517.1560608685713	1.0	NonTarget	1	132392
517.2810608228571	1.0	NonTarget	1	132424
517.4060607771428	1.0	NonTarget	1	132456
517.5310607314285	1.0	NonTarget	1	132488
517.6560606857142	1.0	NonTarget	1	132520
517.78106064	1.0	NonTarget	1	132552
517.9060605942856	1.0	NonTarget	1	132584
518.0310605485713	1.0	NonTarget	1	132616
518.156060502857	1.0	NonTarget	1	132648
518.2810604571428	1.0	NonTarget	1	132680
518.4060604114285	1.0	NonTarget	1	132712
518.5310603657142	1.0	NonTarget	1	132744
518.6560603199999	1.0	NonTarget	1	132776
518.7810602742857	1.0	NonTarget	1	132808
518.9060602285714	1.0	NonTarget	1	132840
519.031060182857	1.0	NonTarget	1	132872
519.1560601371427	1.0	NonTarget	1	132904
519.2810600914285	1.0	NonTarget	1	132936
519.4060600457142	1.0	NonTarget	1	132968
519.5310599999999	1.0	NonTarget	1	133000
519.6560599542856	1.0	NonTarget	1	133032
519.7810599085714	1.0	NonTarget	1	133064
519.9060598628571	1.0	NonTarget	1	133096
520.0310598171428	1.0	NonTarget	1	133128
520.1560597714284	1.0	NonTarget	1	133160
520.2810597257142	1.0	NonTarget	1	133192
520.4060596799999	1.0	NonTarget	1	133224
526.5310574399999	1.0	NonTarget	1	134792
526.6560573942857	1.0	NonTarget	1	134824
526.7810573485714	1.0	NonTarget	1	134856
526.9060573028571	1.0	NonTarget	1	134888
527.0310572571427	1.0	NonTarget	1	134920
527.1560572114284	1.0	NonTarget	1	134952
527.2810571657142	1.0	NonTarget	1	134984
527.4060571199999	1.0	NonTarget	1	135016
527.5310570742856	1.0	NonTarget	1	135048
527.6560570285714	1.0	NonTarget	1	135080
527.7810569828571	1.0	NonTarget	1	135112
527.9060569371428	1.0	NonTarget	1	135144
528.0310568914285	1.0	NonTarget	1	135176
528.1560568457141	1.0	NonTarget	1	135208
528.2810567999999	1.0	NonTarget	1	135240
528.4060567542856	1.0	NonTarget	1	135272
528.5310567085713	1.0	NonTarget	1	135304
528.656056662857	1.0	NonTarget	1	135336
528.7810566171428	1.0	NonTarget	1	135368
528.9060565714285	1.0	NonTarget	1	135400
529.0310565257142	1.0	NonTarget	1	135432
529.15605648	1.0	NonTarget	1	135464
529.2810564342856	1.0	NonTarget	1	135496
529.4060563885713	1.0	NonTarget	1	135528
529.531056342857	1.0	NonTarget	1	135560
529.6560562971428	1.0	NonTarget	1	135592
529.7810562514285	1.0	NonTarget	1	135624
529.9060562057142	1.0	NonTarget	1	135656
530.0310561599999	1.0	NonTarget	1	135688
530.1560561142857	1.0	NonTarget	1	135720
530.2810560685714	1.0	NonTarget	1	135752
530.406056022857	1.0	NonTarget	1	135784
530.5310559771427	1.0	NonTarget	1	135816
530.6560559314285	1.0	NonTarget	1	135848
530.7810558857142	1.0	NonTarget	1	135880
530.9060558399999	1.0	NonTarget	1	135912
531.0310557942856	1.0	NonTarget	1	135944
531.1560557485714	1.0	NonTarget	1	135976
531.2810557028571	1.0	NonTarget	1	136008
531.4060556571428	1.0	NonTarget	1	136040
531.5310556114284	1.0	NonTarget	1	136072
531.6560555657142	1.0	NonTarget	1	136104
531.7810555199999	1.0	NonTarget	1	136136
531.9060554742856	1.0	NonTarget	1	136168
532.0310554285713	1.0	NonTarget	1	136200
532.1560553828571	1.0	NonTarget	1	136232
532.2810553371428	1.0	NonTarget	1	136264
532.4060552914285	1.0	NonTarget	1	136296
532.5310552457142	1.0	NonTarget	1	136328
532.6560551999999	1.0	NonTarget	1	136360
532.7810551542856	1.0	NonTarget	1	136392
532.9060551085713	1.0	NonTarget	1	136424
533.031055062857	1.0	NonTarget	1	136456
533.1560550171428	1.0	NonTarget	1	136488
533.2810549714285	1.0	NonTarget	1	136520
533.4060549257142	1.0	NonTarget	1	136552
533.5310548799999	1.0	NonTarget	1	136584
533.6560548342857	1.0	NonTarget	1	136616
533.7810547885713	1.0	NonTarget	1	136648
533.906054742857	1.0	NonTarget	1	136680
534.0310546971427	1.0	NonTarget	1	136712
534.1560546514285	1.0	NonTarget	1	136744
534.2810546057142	1.0	NonTarget	1	136776
534.4060545599999	1.0	NonTarget	1	136808
534.5310545142856	1.0	NonTarget	1	136840
534.6560544685714	1.0	NonTarget	1	136872
534.7810544228571	1.0	NonTarget	1	136904
534.9060543771427	1.0	NonTarget	1	136936
535.0310543314284	1.0	NonTarget	1	136968
535.1560542857142	1.0	NonTarget	1	137000
535.2810542399999	1.0	NonTarget	1	137032
535.4060541942856	1.0	NonTarget	1	137064
535.5310541485713	1.0	NonTarget	1	137096
535.6560541028571	1.0	NonTarget	1	137128
535.7810540571428	1.0	NonTarget	1	137160
535.9060540114285	1.0	NonTarget	1	137192
536.0310539657141	1.0	NonTarget	1	137224
536.1560539199999	1.0	NonTarget	1	137256
536.2810538742856	1.0	NonTarget	1	137288
536.4060538285713	1.0	NonTarget	1	137320
536.531053782857	1.0	NonTarget	1	137352
536.6560537371428	1.0	NonTarget	1	137384
536.7810536914285	1.0	NonTarget	1	137416
536.9060536457142	1.0	NonTarget	1	137448
537.0310536	1.0	NonTarget	1	137480
537.1560535542856	1.0	NonTarget	1	137512
537.2810535085713	1.0	NonTarget	1	137544
537.406053462857	1.0	NonTarget	1	137576
537.5310534171427	1.0	NonTarget	1	137608
537.6560533714285	1.0	NonTarget	1	137640
537.7810533257142	1.0	NonTarget	1	137672
537.9060532799999	1.0	NonTarget	1	137704
538.0310532342857	1.0	NonTarget	1	137736
538.1560531885714	1.0	NonTarget	1	137768
538.2810531428571	1.0	NonTarget	1	137800
538.4060530971427	1.0	NonTarget	1	137832
544.5310508571428	1.0	NonTarget	1	139400
544.6560508114285	1.0	NonTarget	1	139432
544.7810507657142	1.0	NonTarget	1	139464
544.9060507199999	1.0	NonTarget	1	139496
545.0310506742857	1.0	NonTarget	1	139528
545.1560506285713	1.0	NonTarget	1	139560
545.281050582857	1.0	NonTarget	1	139592
545.4060505371427	1.0	NonTarget	1	139624
545.5310504914285	1.0	NonTarget	1	139656
545.6560504457142	1.0	NonTarget	1	139688
545.7810503999999	1.0	NonTarget	1	139720
545.9060503542856	1.0	NonTarget	1	139752
546.0310503085714	1.0	NonTarget	1	139784
546.1560502628571	1.0	NonTarget	1	139816
546.2810502171427	1.0	NonTarget	1	139848
546.4060501714284	1.0	NonTarget	1	139880
546.5310501257142	1.0	NonTarget	1	139912
546.6560500799999	1.0	NonTarget	1	139944
546.7810500342856	1.0	NonTarget	1	139976
546.9060499885713	1.0	NonTarget	1	140008
547.0310499428571	1.0	NonTarget	1	140040
547.1560498971428	1.0	NonTarget	1	140072
547.2810498514285	1.0	NonTarget	1	140104
547.4060498057141	1.0	NonTarget	1	140136
547.5310497599999	1.0	NonTarget	1	140168
547.6560497142856	1.0	NonTarget	1	140200
547.7810496685713	1.0	NonTarget	1	140232
547.906049622857	1.0	NonTarget	1	140264
548.0310495771428	1.0	NonTarget	1	140296
548.1560495314285	1.0	NonTarget	1	140328
548.2810494857142	1.0	NonTarget	1	140360
548.40604944	1.0	NonTarget	1	140392
548.5310493942857	1.0	NonTarget	1	140424
548.6560493485713	1.0	NonTarget	1	140456
548.781049302857	1.0	NonTarget	1	140488
548.9060492571427	1.0	NonTarget	1	140520
549.0310492114285	1.0	NonTarget	1	140552
549.1560491657142	1.0	NonTarget	1	140584
549.2810491199999	1.0	NonTarget	1	140616
549.4060490742856	1.0	NonTarget	1	140648
549.5310490285714	1.0	NonTarget	1	140680
549.6560489828571	1.0	NonTarget	1	140712
549.7810489371427	1.0	NonTarget	1	140744
549.9060488914284	1.0	NonTarget	1	140776
550.0310488457142	1.0	NonTarget	1	140808
550.1560487999999	1.0	NonTarget	1	140840
550.2810487542856	1.0	NonTarget	1	140872
550.4060487085713	1.0	NonTarget	1	140904
550.5310486628571	1.0	NonTarget	1	140936
550.6560486171428	1.0	NonTarget	1	140968
550.7810485714285	1.0	NonTarget	1	141000
550.9060485257141	1.0	NonTarget	1	141032
551.0310484799999	1.0	NonTarget	1	141064
551.1560484342856	1.0	NonTarget	1	141096
551.2810483885713	1.0	NonTarget	1	141128
551.406048342857	1.0	NonTarget	1	141160
551.5310482971428	1.0	NonTarget	1	141192
551.6560482514285	1.0	NonTarget	1	141224
551.7810482057142	1.0	NonTarget	1	141256
551.90604816	1.0	NonTarget	1	141288
552.0310481142856	1.0	NonTarget	1	141320
552.1560480685713	1.0	NonTarget	1	141352
552.281048022857	1.0	NonTarget	1	141384
552.4060479771427	1.0	NonTarget	1	141416
552.5310479314285	1.0	NonTarget	1	141448
552.6560478857142	1.0	NonTarget	1	141480
552.7810478399999	1.0	NonTarget	1	141512
552.9060477942857	1.0	NonTarget	1	141544
553.0310477485714	1.0	NonTarget	1	141576
553.156047702857	1.0	NonTarget	1	141608
553.2810476571427	1.0	NonTarget	1	141640
553.4060476114284	1.0	NonTarget	1	141672
553.5310475657142	1.0	NonTarget	1	141704
553.6560475199999	1.0	NonTarget	1	141736
553.7810474742856	1.0	NonTarget	1	141768
553.9060474285714	1.0	NonTarget	1	141800
554.0310473828571	1.0	NonTarget	1	141832
554.1560473371428	1.0	NonTarget	1	141864
554.2810472914284	1.0	NonTarget	1	141896
554.4060472457141	1.0	NonTarget	1	141928
554.5310471999999	1.0	NonTarget	1	141960
554.6560471542856	1.0	NonTarget	1	141992
554.7810471085713	1.0	NonTarget	1	142024
554.906047062857	1.0	NonTarget	1	142056
555.0310470171428	1.0	NonTarget	1	142088
555.1560469714285	1.0	NonTarget	1	142120
555.2810469257142	1.0	NonTarget	1	142152
555.4060468799998	1.0	NonTarget	1	142184
555.5310468342856	1.0	NonTarget	1	142216
555.6560467885713	1.0	NonTarget	1	142248
555.781046742857	1.0	NonTarget	1	142280
555.9060466971428	1.0	NonTarget	1	142312
556.0310466514285	1.0	NonTarget	1	142344
556.1560466057142	1.0	NonTarget	1	142376
556.2810465599999	1.0	NonTarget	1	142408
556.4060465142857	1.0	NonTarget	1	142440
562.5310442742856	1.0	NonTarget	1	144008
562.6560442285713	1.0	NonTarget	1	144040
562.781044182857	1.0	NonTarget	1	144072
562.9060441371428	1.0	NonTarget	1	144104
563.0310440914285	1.0	NonTarget	1	144136
563.1560440457142	1.0	NonTarget	1	144168
563.281044	1.0	NonTarget	1	144200
563.4060439542856	1.0	NonTarget	1	144232
563.5310439085713	1.0	NonTarget	1	144264
563.656043862857	1.0	NonTarget	1	144296
563.7810438171427	1.0	NonTarget	1	144328
563.9060437714285	1.0	NonTarget	1	144360
564.0310437257142	1.0	NonTarget	1	144392
564.1560436799999	1.0	NonTarget	1	144424
564.2810436342857	1.0	NonTarget	1	144456
564.4060435885714	1.0	NonTarget	1	144488
564.531043542857	1.0	NonTarget	1	144520
564.6560434971427	1.0	NonTarget	1	144552
564.7810434514284	1.0	NonTarget	1	144584
564.9060434057142	1.0	NonTarget	1	144616
565.0310433599999	1.0	NonTarget	1	144648
565.1560433142856	1.0	NonTarget	1	144680
565.2810432685714	1.0	NonTarget	1	144712
565.4060432228571	1.0	NonTarget	1	144744
565.5310431771428	1.0	NonTarget	1	144776
565.6560431314284	1.0	NonTarget	1	144808
565.7810430857141	1.0	NonTarget	1	144840
565.9060430399999	1.0	NonTarget	1	144872
566.0310429942856	1.0	NonTarget	1	144904
566.1560429485713	1.0	NonTarget	1	144936
566.281042902857	1.0	NonTarget	1	144968
566.4060428571428	1.0	NonTarget	1	145000
566.5310428114285	1.0	NonTarget	1	145032
566.6560427657142	1.0	NonTarget	1	145064
566.7810427199998	1.0	NonTarget	1	145096
566.9060426742856	1.0	NonTarget	1	145128
567.0310426285713	1.0	NonTarget	1	145160
567.156042582857	1.0	NonTarget	1	145192
567.2810425371428	1.0	NonTarget	1	145224
567.4060424914285	1.0	NonTarget	1	145256
567.5310424457142	1.0	NonTarget	1	145288
567.6560423999999	1.0	NonTarget	1	145320
567.7810423542857	1.0	NonTarget	1	145352
567.9060423085713	1.0	NonTarget	1	145384
568.031042262857	1.0	NonTarget	1	145416
568.1560422171427	1.0	NonTarget	1	145448
568.2810421714285	1.0	NonTarget	1	145480
568.4060421257142	1.0	NonTarget	1	145512
568.5310420799999	1.0	NonTarget	1	145544
568.6560420342856	1.0	NonTarget	1	145576
568.7810419885714	1.0	NonTarget	1	145608
568.9060419428571	1.0	NonTarget	1	145640
569.0310418971428	1.0	NonTarget	1	145672
569.1560418514284	1.0	NonTarget	1	145704
569.2810418057142	1.0	NonTarget	1	145736
569.4060417599999	1.0	NonTarget	1	145768
569.5310417142856	1.0	NonTarget	1	145800
569.6560416685713	1.0	NonTarget	1	145832
569.7810416228571	1.0	NonTarget	1	145864
569.9060415771428	1.0	NonTarget	1	145896
570.0310415314285	1.0	NonTarget	1	145928
570.1560414857142	1.0	NonTarget	1	145960
570.2810414399999	1.0	NonTarget	1	145992
570.4060413942856	1.0	NonTarget	1	146024
570.5310413485713	1.0	NonTarget	1	146056
570.656041302857	1.0	NonTarget	1	146088
570.7810412571428	1.0	NonTarget	1	146120
570.9060412114285	1.0	NonTarget	1	146152
571.0310411657142	1.0	NonTarget	1	146184
571.1560411199999	1.0	NonTarget	1	146216
571.2810410742857	1.0	NonTarget	1	146248
571.4060410285713	1.0	NonTarget	1	146280
571.531040982857	1.0	NonTarget	1	146312
571.6560409371427	1.0	NonTarget	1	146344
571.7810408914285	1.0	NonTarget	1	146376
571.9060408457142	1.0	NonTarget	1	146408
572.0310407999999	1.0	NonTarget	1	146440
572.1560407542856	1.0	NonTarget	1	146472
572.2810407085714	1.0	NonTarget	1	146504
572.4060406628571	1.0	NonTarget	1	146536
572.5310406171427	1.0	NonTarget	1	146568
572.6560405714284	1.0	NonTarget	1	146600
572.7810405257142	1.0	NonTarget	1	146632
572.9060404799999	1.0	NonTarget	1	146664
573.0310404342856	1.0	NonTarget	1	146696
573.1560403885713	1.0	NonTarget	1	146728
573.2810403428571	1.0	NonTarget	1	146760
573.4060402971428	1.0	NonTarget	1	146792
573.5310402514285	1.0	NonTarget	1	146824
573.6560402057141	1.0	NonTarget	1	146856
573.7810401599999	1.0	NonTarget	1	146888
573.9060401142856	1.0	NonTarget	1	146920
574.0310400685713	1.0	NonTarget	1	146952
574.156040022857	1.0	NonTarget	1	146984
574.2810399771428	1.0	NonTarget	1	147016
574.4060399314285	1.0	NonTarget	1	147048
580.5310376914284	1.0	NonTarget	1	148616
580.6560376457142	1.0	NonTarget	1	148648
580.7810375999999	1.0	NonTarget	1	148680
580.9060375542856	1.0	NonTarget	1	148712
581.0310375085713	1.0	NonTarget	1	148744
581.1560374628571	1.0	NonTarget	1	148776
581.2810374171428	1.0	NonTarget	1	148808
581.4060373714285	1.0	NonTarget	1	148840
581.5310373257142	1.0	NonTarget	1	148872
581.6560372799999	1.0	NonTarget	1	148904
581.7810372342856	1.0	NonTarget	1	148936
581.9060371885713	1.0	NonTarget	1	148968
582.031037142857	1.0	NonTarget	1	149000
582.1560370971428	1.0	NonTarget	1	149032
582.2810370514285	1.0	NonTarget	1	149064
582.4060370057142	1.0	NonTarget	1	149096
582.5310369599999	1.0	NonTarget	1	149128
582.6560369142857	1.0	NonTarget	1	149160
582.7810368685713	1.0	NonTarget	1	149192
582.906036822857	1.0	NonTarget	1	149224
583.0310367771427	1.0	NonTarget	1	149256
583.1560367314285	1.0	NonTarget	1	149288
583.2810366857142	1.0	NonTarget	1	149320
583.4060366399999	1.0	NonTarget	1	149352
583.5310365942856	1.0	NonTarget	1	149384
583.6560365485714	1.0	NonTarget	1	149416
583.7810365028571	1.0	NonTarget	1	149448
583.9060364571427	1.0	NonTarget	1	149480
584.0310364114284	1.0	NonTarget	1	149512
584.1560363657142	1.0	NonTarget	1	149544
584.2810363199999	1.0	NonTarget	1	149576
584.4060362742856	1.0	NonTarget	1	149608
584.5310362285713	1.0	NonTarget	1	149640
584.6560361828571	1.0	NonTarget	1	149672
584.7810361371428	1.0	NonTarget	1	149704
584.9060360914285	1.0	NonTarget	1	149736
585.0310360457141	1.0	NonTarget	1	149768
585.1560359999999	1.0	NonTarget	1	149800
585.2810359542856	1.0	NonTarget	1	149832
585.4060359085713	1.0	NonTarget	1	149864
585.531035862857	1.0	NonTarget	1	149896
585.6560358171428	1.0	NonTarget	1	149928
585.7810357714285	1.0	NonTarget	1	149960
585.9060357257142	1.0	NonTarget	1	149992
586.03103568	1.0	NonTarget	1	150024
586.1560356342856	1.0	NonTarget	1	150056
586.2810355885713	1.0	NonTarget	1	150088
586.406035542857	1.0	NonTarget	1	150120
586.5310354971427	1.0	NonTarget	1	150152
586.6560354514285	1.0	NonTarget	1	150184
586.7810354057142	1.0	NonTarget	1	150216
586.9060353599999	1.0	NonTarget	1	150248
587.0310353142856	1.0	NonTarget	1	150280
587.1560352685714	1.0	NonTarget	1	150312
587.281035222857	1.0	NonTarget	1	150344
587.4060351771427	1.0	NonTarget	1	150376
587.5310351314284	1.0	NonTarget	1	150408
587.6560350857142	1.0	NonTarget	1	150440
587.7810350399999	1.0	NonTarget	1	150472
587.9060349942856	1.0	NonTarget	1	150504
588.0310349485713	1.0	NonTarget	1	150536
588.1560349028571	1.0	NonTarget	1	150568
588.2810348571428	1.0	NonTarget	1	150600
588.4060348114284	1.0	NonTarget	1	150632
588.5310347657141	1.0	NonTarget	1	150664
588.6560347199999	1.0	NonTarget	1	150696
588.7810346742856	1.0	NonTarget	1	150728
588.9060346285713	1.0	NonTarget	1	150760
589.031034582857	1.0	NonTarget	1	150792
589.1560345371428	1.0	NonTarget	1	150824
589.2810344914285	1.0	NonTarget	1	150856
589.4060344457142	1.0	NonTarget	1	150888
589.5310344	1.0	NonTarget	1	150920
589.6560343542856	1.0	NonTarget	1	150952
589.7810343085713	1.0	NonTarget	1	150984
589.906034262857	1.0	NonTarget	1	151016
590.0310342171427	1.0	NonTarget	1	151048
590.1560341714285	1.0	NonTarget	1	151080
590.2810341257142	1.0	NonTarget	1	151112
590.4060340799999	1.0	NonTarget	1	151144
590.5310340342857	1.0	NonTarget	1	151176
590.6560339885714	1.0	NonTarget	1	151208
590.781033942857	1.0	NonTarget	1	151240
590.9060338971427	1.0	NonTarget	1	151272
591.0310338514284	1.0	NonTarget	1	151304
591.1560338057142	1.0	NonTarget	1	151336
591.2810337599999	1.0	NonTarget	1	151368
591.4060337142856	1.0	NonTarget	1	151400
591.5310336685714	1.0	NonTarget	1	151432
591.6560336228571	1.0	NonTarget	1	151464
591.7810335771428	1.0	NonTarget	1	151496
591.9060335314284	1.0	NonTarget	1	151528
592.0310334857141	1.0	NonTarget	1	151560
592.1560334399999	1.0	NonTarget	1	151592
592.2810333942856	1.0	NonTarget	1	151624
592.4060333485713	1.0	NonTarget	1	151656
598.5310311085714	1.0	NonTarget	1	153224
598.656031062857	1.0	NonTarget	1	153256
598.7810310171427	1.0	NonTarget	1	153288
598.9060309714284	1.0	NonTarget	1	153320
599.0310309257142	1.0	NonTarget	1	153352
599.1560308799999	1.0	NonTarget	1	153384
599.2810308342856	1.0	NonTarget	1	153416
599.4060307885713	1.0	NonTarget	1	153448
599.5310307428571	1.0	NonTarget	1	153480
599.6560306971428	1.0	NonTarget	1	153512
599.7810306514285	1.0	NonTarget	1	153544
599.9060306057141	1.0	NonTarget	1	153576
600.0310305599999	1.0	NonTarget	1	153608
600.1560305142856	1.0	NonTarget	1	153640
600.2810304685713	1.0	NonTarget	1	153672
600.406030422857	1.0	NonTarget	1	153704
600.5310303771428	1.0	NonTarget	1	153736
600.6560303314285	1.0	NonTarget	1	153768
600.7810302857142	1.0	NonTarget	1	153800
600.90603024	1.0	NonTarget	1	153832
601.0310301942856	1.0	NonTarget	1	153864
601.1560301485713	1.0	NonTarget	1	153896
601.281030102857	1.0	NonTarget	1	153928
601.4060300571427	1.0	NonTarget	1	153960
601.5310300114285	1.0	NonTarget	1	153992
601.6560299657142	1.0	NonTarget	1	154024
601.7810299199999	1.0	NonTarget	1	154056
601.9060298742857	1.0	NonTarget	1	154088
602.0310298285714	1.0	NonTarget	1	154120
602.156029782857	1.0	NonTarget	1	154152
602.2810297371427	1.0	NonTarget	1	154184
602.4060296914284	1.0	NonTarget	1	154216
602.5310296457142	1.0	NonTarget	1	154248
602.6560295999999	1.0	NonTarget	1	154280
602.7810295542856	1.0	NonTarget	1	154312
602.9060295085714	1.0	NonTarget	1	154344
603.0310294628571	1.0	NonTarget	1	154376
603.1560294171428	1.0	NonTarget	1	154408
603.2810293714284	1.0	NonTarget	1	154440
603.4060293257141	1.0	NonTarget	1	154472
603.5310292799999	1.0	NonTarget	1	154504
603.6560292342856	1.0	NonTarget	1	154536
603.7810291885713	1.0	NonTarget	1	154568
603.906029142857	1.0	NonTarget	1	154600
604.0310290971428	1.0	NonTarget	1	154632
604.1560290514285	1.0	NonTarget	1	154664
604.2810290057142	1.0	NonTarget	1	154696
604.4060289599998	1.0	NonTarget	1	154728
604.5310289142856	1.0	NonTarget	1	154760
604.6560288685713	1.0	NonTarget	1	154792
604.781028822857	1.0	NonTarget	1	154824
604.9060287771428	1.0	NonTarget	1	154856
605.0310287314285	1.0	NonTarget	1	154888
605.1560286857142	1.0	NonTarget	1	154920
605.2810286399999	1.0	NonTarget	1	154952
605.4060285942857	1.0	NonTarget	1	154984
605.5310285485713	1.0	NonTarget	1	155016
605.656028502857	1.0	NonTarget	1	155048
605.7810284571427	1.0	NonTarget	1	155080
605.9060284114285	1.0	NonTarget	1	155112
606.0310283657142	1.0	NonTarget	1	155144
606.1560283199999	1.0	NonTarget	1	155176
606.2810282742856	1.0	NonTarget	1	155208
606.4060282285714	1.0	NonTarget	1	155240
606.5310281828571	1.0	NonTarget	1	155272
606.6560281371427	1.0	NonTarget	1	155304
606.7810280914284	1.0	NonTarget	1	155336
606.9060280457142	1.0	NonTarget	1	155368
607.0310279999999	1.0	NonTarget	1	155400
607.1560279542856	1.0	NonTarget	1	155432
607.2810279085713	1.0	NonTarget	1	155464
607.4060278628571	1.0	NonTarget	1	155496
607.5310278171428	1.0	NonTarget	1	155528
607.6560277714285	1.0	NonTarget	1	155560
607.7810277257141	1.0	NonTarget	1	155592
607.9060276799999	1.0	NonTarget	1	155624
608.0310276342856	1.0	NonTarget	1	155656
608.1560275885713	1.0	NonTarget	1	155688
608.281027542857	1.0	NonTarget	1	155720
608.4060274971428	1.0	NonTarget	1	155752
608.5310274514285	1.0	NonTarget	1	155784
608.6560274057142	1.0	NonTarget	1	155816
608.7810273599999	1.0	NonTarget	1	155848
608.9060273142856	1.0	NonTarget	1	155880
609.0310272685713	1.0	NonTarget	1	155912
609.156027222857	1.0	NonTarget	1	155944
609.2810271771427	1.0	NonTarget	1	155976
609.4060271314285	1.0	NonTarget	1	156008
609.5310270857142	1.0	NonTarget	1	156040
609.6560270399999	1.0	NonTarget	1	156072
609.7810269942856	1.0	NonTarget	1	156104
609.9060269485714	1.0	NonTarget	1	156136
610.031026902857	1.0	NonTarget	1	156168
610.1560268571427	1.0	NonTarget	1	156200
610.2810268114284	1.0	NonTarget	1	156232
610.4060267657142	1.0	NonTarget	1	156264
616.5310245257142	1.0	NonTarget	1	157832
616.6560244799999	1.0	NonTarget	1	157864
616.7810244342857	1.0	NonTarget	1	157896
616.9060243885713	1.0	NonTarget	1	157928
617.031024342857	1.0	NonTarget	1	157960
617.1560242971427	1.0	NonTarget	1	157992
617.2810242514284	1.0	NonTarget	1	158024
617.4060242057142	1.0	NonTarget	1	158056
617.5310241599999	1.0	NonTarget	1	158088
617.6560241142856	1.0	NonTarget	1	158120
617.7810240685714	1.0	NonTarget	1	158152
617.9060240228571	1.0	NonTarget	1	158184
618.0310239771427	1.0	NonTarget	1	158216
618.1560239314284	1.0	NonTarget	1	158248
618.2810238857141	1.0	NonTarget	1	158280
618.4060238399999	1.0	NonTarget	1	158312
618.5310237942856	1.0	NonTarget	1	158344
618.6560237485713	1.0	NonTarget	1	158376
618.781023702857	1.0	NonTarget	1	158408
618.9060236571428	1.0	NonTarget	1	158440
619.0310236114285	1.0	NonTarget	1	158472
619.1560235657141	1.0	NonTarget	1	158504
619.2810235199998	1.0	NonTarget	1	158536
619.4060234742856	1.0	NonTarget	1	158568
619.5310234285713	1.0	NonTarget	1	158600
619.656023382857	1.0	NonTarget	1	158632
619.7810233371428	1.0	NonTarget	1	158664
619.9060232914285	1.0	NonTarget	1	158696
620.0310232457142	1.0	NonTarget	1	158728
620.1560231999999	1.0	NonTarget	1	158760
620.2810231542855	1.0	NonTarget	1	158792
620.4060231085713	1.0	NonTarget	1	158824
620.531023062857	1.0	NonTarget	1	158856
620.6560230171427	1.0	NonTarget	1	158888
620.7810229714285	1.0	NonTarget	1	158920
620.9060229257142	1.0	NonTarget	1	158952
621.0310228799999	1.0	NonTarget	1	158984
621.1560228342856	1.0	NonTarget	1	159016
621.2810227885714	1.0	NonTarget	1	159048
621.4060227428571	1.0	NonTarget	1	159080
621.5310226971427	1.0	NonTarget	1	159112
621.6560226514284	1.0	NonTarget	1	159144
621.7810226057142	1.0	NonTarget	1	159176
621.9060225599999	1.0	NonTarget	1	159208
622.0310225142856	1.0	NonTarget	1	159240
622.1560224685713	1.0	NonTarget	1	159272
622.2810224228571	1.0	NonTarget	1	159304
622.4060223771428	1.0	NonTarget	1	159336
622.5310223314285	1.0	NonTarget	1	159368
622.6560222857141	1.0	NonTarget	1	159400
622.7810222399999	1.0	NonTarget	1	159432
622.9060221942856	1.0	NonTarget	1	159464
623.0310221485713	1.0	NonTarget	1	159496
623.156022102857	1.0	NonTarget	1	159528
623.2810220571428	1.0	NonTarget	1	159560
623.4060220114285	1.0	NonTarget	1	159592
623.5310219657142	1.0	NonTarget	1	159624
623.65602192	1.0	NonTarget	1	159656
623.7810218742856	1.0	NonTarget	1	159688
623.9060218285713	1.0	NonTarget	1	159720
624.031021782857	1.0	NonTarget	1	159752
624.1560217371427	1.0	NonTarget	1	159784
624.2810216914285	1.0	NonTarget	1	159816
624.4060216457142	1.0	NonTarget	1	159848
624.5310215999999	1.0	NonTarget	1	159880
624.6560215542856	1.0	NonTarget	1	159912
624.7810215085714	1.0	NonTarget	1	159944
624.906021462857	1.0	NonTarget	1	159976
625.0310214171427	1.0	NonTarget	1	160008
625.1560213714284	1.0	NonTarget	1	160040
625.2810213257142	1.0	NonTarget	1	160072
625.4060212799999	1.0	NonTarget	1	160104
625.5310212342856	1.0	NonTarget	1	160136
625.6560211885713	1.0	NonTarget	1	160168
625.7810211428571	1.0	NonTarget	1	160200
625.9060210971428	1.0	NonTarget	1	160232
626.0310210514284	1.0	NonTarget	1	160264
626.1560210057141	1.0	NonTarget	1	160296
626.2810209599999	1.0	NonTarget	1	160328
626.4060209142856	1.0	NonTarget	1	160360
626.5310208685713	1.0	NonTarget	1	160392
626.656020822857	1.0	NonTarget	1	160424
626.7810207771428	1.0	NonTarget	1	160456
626.9060207314285	1.0	NonTarget	1	160488
627.0310206857142	1.0	NonTarget	1	160520
627.1560206399998	1.0	NonTarget	1	160552
627.2810205942856	1.0	NonTarget	1	160584
627.4060205485713	1.0	NonTarget	1	160616
627.531020502857	1.0	NonTarget	1	160648
627.6560204571427	1.0	NonTarget	1	160680
627.7810204114285	1.0	NonTarget	1	160712
627.9060203657142	1.0	NonTarget	1	160744
628.0310203199999	1.0	NonTarget	1	160776
628.1560202742857	1.0	NonTarget	1	160808
628.2810202285713	1.0	NonTarget	1	160840
628.406020182857	1.0	NonTarget	1	160872
634.531017942857	1.0	NonTarget	1	162440
634.6560178971428	1.0	NonTarget	1	162472
634.7810178514285	1.0	NonTarget	1	162504
634.9060178057142	1.0	NonTarget	1	162536
635.0310177599999	1.0	NonTarget	1	162568
635.1560177142856	1.0	NonTarget	1	162600
635.2810176685713	1.0	NonTarget	1	162632
635.406017622857	1.0	NonTarget	1	162664
635.5310175771427	1.0	NonTarget	1	162696
635.6560175314285	1.0	NonTarget	1	162728
635.7810174857142	1.0	NonTarget	1	162760
635.9060174399999	1.0	NonTarget	1	162792
636.0310173942856	1.0	NonTarget	1	162824
636.1560173485714	1.0	NonTarget	1	162856
636.281017302857	1.0	NonTarget	1	162888
636.4060172571427	1.0	NonTarget	1	162920
636.5310172114284	1.0	NonTarget	1	162952
636.6560171657142	1.0	NonTarget	1	162984
636.7810171199999	1.0	NonTarget	1	163016
636.9060170742856	1.0	NonTarget	1	163048
637.0310170285713	1.0	NonTarget	1	163080
637.1560169828571	1.0	NonTarget	1	163112
637.2810169371428	1.0	NonTarget	1	163144
637.4060168914284	1.0	NonTarget	1	163176
637.5310168457141	1.0	NonTarget	1	163208
637.6560167999999	1.0	NonTarget	1	163240
637.7810167542856	1.0	NonTarget	1	163272
637.9060167085713	1.0	NonTarget	1	163304
638.031016662857	1.0	NonTarget	1	163336
638.1560166171428	1.0	NonTarget	1	163368
638.2810165714285	1.0	NonTarget	1	163400
638.4060165257142	1.0	NonTarget	1	163432
638.5310164799998	1.0	NonTarget	1	163464
638.6560164342856	1.0	NonTarget	1	163496
638.7810163885713	1.0	NonTarget	1	163528
638.906016342857	1.0	NonTarget	1	163560
639.0310162971427	1.0	NonTarget	1	163592
639.1560162514285	1.0	NonTarget	1	163624
639.2810162057142	1.0	NonTarget	1	163656
639.4060161599999	1.0	NonTarget	1	163688
639.5310161142856	1.0	NonTarget	1	163720
639.6560160685713	1.0	NonTarget	1	163752
639.781016022857	1.0	NonTarget	1	163784
639.9060159771427	1.0	NonTarget	1	163816
640.0310159314284	1.0	NonTarget	1	163848
640.1560158857142	1.0	NonTarget	1	163880
640.2810158399999	1.0	NonTarget	1	163912
640.4060157942856	1.0	NonTarget	1	163944
640.5310157485713	1.0	NonTarget	1	163976
640.6560157028571	1.0	NonTarget	1	164008
640.7810156571427	1.0	NonTarget	1	164040
640.9060156114284	1.0	NonTarget	1	164072
641.0310155657141	1.0	NonTarget	1	164104
641.1560155199999	1.0	NonTarget	1	164136
641.2810154742856	1.0	NonTarget	1	164168
641.4060154285713	1.0	NonTarget	1	164200
641.531015382857	1.0	NonTarget	1	164232
641.6560153371428	1.0	NonTarget	1	164264
641.7810152914285	1.0	NonTarget	1	164296
641.9060152457142	1.0	NonTarget	1	164328
642.0310151999998	1.0	NonTarget	1	164360
642.1560151542856	1.0	NonTarget	1	164392
642.2810151085713	1.0	NonTarget	1	164424
642.406015062857	1.0	NonTarget	1	164456
642.5310150171427	1.0	NonTarget	1	164488
642.6560149714285	1.0	NonTarget	1	164520
642.7810149257142	1.0	NonTarget	1	164552
642.9060148799999	1.0	NonTarget	1	164584
643.0310148342857	1.0	NonTarget	1	164616
643.1560147885713	1.0	NonTarget	1	164648
643.281014742857	1.0	NonTarget	1	164680
643.4060146971427	1.0	NonTarget	1	164712
643.5310146514284	1.0	NonTarget	1	164744
643.6560146057142	1.0	NonTarget	1	164776
643.7810145599999	1.0	NonTarget	1	164808
643.9060145142856	1.0	NonTarget	1	164840
644.0310144685714	1.0	NonTarget	1	164872
644.1560144228571	1.0	NonTarget	1	164904
644.2810143771427	1.0	NonTarget	1	164936
644.4060143314284	1.0	NonTarget	1	164968
644.5310142857141	1.0	NonTarget	1	165000
644.6560142399999	1.0	NonTarget	1	165032
644.7810141942856	1.0	NonTarget	1	165064
644.9060141485713	1.0	NonTarget	1	165096
645.0310141028571	1.0	NonTarget	1	165128
645.1560140571428	1.0	NonTarget	1	165160
645.2810140114285	1.0	NonTarget	1	165192
645.4060139657141	1.0	NonTarget	1	165224
645.5310139199999	1.0	NonTarget	1	165256
645.6560138742856	1.0	NonTarget	1	165288
645.7810138285713	1.0	NonTarget	1	165320
645.906013782857	1.0	NonTarget	1	165352
646.0310137371428	1.0	NonTarget	1	165384
646.1560136914285	1.0	NonTarget	1	165416
646.2810136457142	1.0	NonTarget	1	165448
646.4060135999999	1.0	NonTarget	1	165480
652.5310113599999	1.0	NonTarget	1	167048
652.6560113142856	1.0	NonTarget	1	167080
652.7810112685713	1.0	NonTarget	1	167112
652.906011222857	1.0	NonTarget	1	167144
653.0310111771428	1.0	NonTarget	1	167176
653.1560111314285	1.0	NonTarget	1	167208
653.2810110857142	1.0	NonTarget	1	167240
653.4060110399998	1.0	NonTarget	1	167272
653.5310109942856	1.0	NonTarget	1	167304
653.6560109485713	1.0	NonTarget	1	167336
653.781010902857	1.0	NonTarget	1	167368
653.9060108571427	1.0	NonTarget	1	167400
654.0310108114285	1.0	NonTarget	1	167432
654.1560107657142	1.0	NonTarget	1	167464
654.2810107199999	1.0	NonTarget	1	167496
654.4060106742857	1.0	NonTarget	1	167528
654.5310106285713	1.0	NonTarget	1	167560
654.656010582857	1.0	NonTarget	1	167592
654.7810105371427	1.0	NonTarget	1	167624
654.9060104914284	1.0	NonTarget	1	167656
655.0310104457142	1.0	NonTarget	1	167688
655.1560103999999	1.0	NonTarget	1	167720
655.2810103542856	1.0	NonTarget	1	167752
655.4060103085714	1.0	NonTarget	1	167784
655.5310102628571	1.0	NonTarget	1	167816
655.6560102171427	1.0	NonTarget	1	167848
655.7810101714284	1.0	NonTarget	1	167880
655.9060101257141	1.0	NonTarget	1	167912
656.0310100799999	1.0	NonTarget	1	167944
656.1560100342856	1.0	NonTarget	1	167976
656.2810099885713	1.0	NonTarget	1	168008
656.406009942857	1.0	NonTarget	1	168040
656.5310098971428	1.0	NonTarget	1	168072
656.6560098514285	1.0	NonTarget	1	168104
656.7810098057141	1.0	NonTarget	1	168136
656.9060097599998	1.0	NonTarget	1	168168
657.0310097142856	1.0	NonTarget	1	168200
657.1560096685713	1.0	NonTarget	1	168232
657.281009622857	1.0	NonTarget	1	168264
657.4060095771428	1.0	NonTarget	1	168296
657.5310095314285	1.0	NonTarget	1	168328
657.6560094857142	1.0	NonTarget	1	168360
657.7810094399999	1.0	NonTarget	1	168392
657.9060093942855	1.0	NonTarget	1	168424
658.0310093485713	1.0	NonTarget	1	168456
658.156009302857	1.0	NonTarget	1	168488
658.2810092571427	1.0	NonTarget	1	168520
658.4060092114285	1.0	NonTarget	1	168552
658.5310091657142	1.0	NonTarget	1	168584
658.6560091199999	1.0	NonTarget	1	168616
658.7810090742856	1.0	NonTarget	1	168648
658.9060090285714	1.0	NonTarget	1	168680
659.031008982857	1.0	NonTarget	1	168712
659.1560089371427	1.0	NonTarget	1	168744
659.2810088914284	1.0	NonTarget	1	168776
659.4060088457142	1.0	NonTarget	1	168808
659.5310087999999	1.0	NonTarget	1	168840
659.6560087542856	1.0	NonTarget	1	168872
659.7810087085713	1.0	NonTarget	1	168904
659.9060086628571	1.0	NonTarget	1	168936
660.0310086171428	1.0	NonTarget	1	168968
660.1560085714284	1.0	NonTarget	1	169000
660.2810085257141	1.0	NonTarget	1	169032
660.4060084799999	1.0	NonTarget	1	169064
660.5310084342856	1.0	NonTarget	1	169096
660.6560083885713	1.0	NonTarget	1	169128
660.781008342857	1.0	NonTarget	1	169160
660.9060082971428	1.0	NonTarget	1	169192
661.0310082514285	1.0	NonTarget	1	169224
661.1560082057142	1.0	NonTarget	1	169256
661.2810081599998	1.0	NonTarget	1	169288
661.4060081142856	1.0	NonTarget	1	169320
661.5310080685713	1.0	NonTarget	1	169352
661.656008022857	1.0	NonTarget	1	169384
661.7810079771427	1.0	NonTarget	1	169416
661.9060079314285	1.0	NonTarget	1	169448
662.0310078857142	1.0	NonTarget	1	169480
662.1560078399999	1.0	NonTarget	1	169512
662.2810077942856	1.0	NonTarget	1	169544
662.4060077485714	1.0	NonTarget	1	169576
662.531007702857	1.0	NonTarget	1	169608
662.6560076571427	1.0	NonTarget	1	169640
662.7810076114284	1.0	NonTarget	1	169672
662.9060075657142	1.0	NonTarget	1	169704
663.0310075199999	1.0	NonTarget	1	169736
663.1560074742856	1.0	NonTarget	1	169768
663.2810074285713	1.0	NonTarget	1	169800
663.4060073828571	1.0	NonTarget	1	169832
663.5310073371428	1.0	NonTarget	1	169864
663.6560072914284	1.0	NonTarget	1	169896
663.7810072457141	1.0	NonTarget	1	169928
663.9060071999999	1.0	NonTarget	1	169960
664.0310071542856	1.0	NonTarget	1	169992
664.1560071085713	1.0	NonTarget	1	170024
664.281007062857	1.0	NonTarget	1	170056
664.4060070171428	1.0	NonTarget	1	170088
670.5310047771427	1.0	NonTarget	1	171656
670.6560047314284	1.0	NonTarget	1	171688
670.7810046857142	1.0	NonTarget	1	171720
670.9060046399999	1.0	NonTarget	1	171752
671.0310045942856	1.0	NonTarget	1	171784
671.1560045485713	1.0	NonTarget	1	171816
671.2810045028571	1.0	NonTarget	1	171848
671.4060044571428	1.0	NonTarget	1	171880
671.5310044114284	1.0	NonTarget	1	171912
671.6560043657141	1.0	NonTarget	1	171944
671.7810043199999	1.0	NonTarget	1	171976
671.9060042742856	1.0	NonTarget	1	172008
672.0310042285713	1.0	NonTarget	1	172040
672.156004182857	1.0	NonTarget	1	172072
672.2810041371428	1.0	NonTarget	1	172104
672.4060040914285	1.0	NonTarget	1	172136
672.5310040457142	1.0	NonTarget	1	172168
672.6560039999998	1.0	NonTarget	1	172200
672.7810039542856	1.0	NonTarget	1	172232
672.9060039085713	1.0	NonTarget	1	172264
673.031003862857	1.0	NonTarget	1	172296
673.1560038171427	1.0	NonTarget	1	172328
673.2810037714285	1.0	NonTarget	1	172360
673.4060037257142	1.0	NonTarget	1	172392
673.5310036799999	1.0	NonTarget	1	172424
673.6560036342856	1.0	NonTarget	1	172456
673.7810035885714	1.0	NonTarget	1	172488
673.906003542857	1.0	NonTarget	1	172520
674.0310034971427	1.0	NonTarget	1	172552
674.1560034514284	1.0	NonTarget	1	172584
674.2810034057142	1.0	NonTarget	1	172616
674.4060033599999	1.0	NonTarget	1	172648
674.5310033142856	1.0	NonTarget	1	172680
674.6560032685713	1.0	NonTarget	1	172712
674.7810032228571	1.0	NonTarget	1	172744
674.9060031771428	1.0	NonTarget	1	172776
675.0310031314284	1.0	NonTarget	1	172808
675.1560030857141	1.0	NonTarget	1	172840
675.2810030399999	1.0	NonTarget	1	172872
675.4060029942856	1.0	NonTarget	1	172904
675.5310029485713	1.0	NonTarget	1	172936
675.656002902857	1.0	NonTarget	1	172968
675.7810028571428	1.0	NonTarget	1	173000
675.9060028114285	1.0	NonTarget	1	173032
676.0310027657142	1.0	NonTarget	1	173064
676.1560027199998	1.0	NonTarget	1	173096
676.2810026742856	1.0	NonTarget	1	173128
676.4060026285713	1.0	NonTarget	1	173160
676.531002582857	1.0	NonTarget	1	173192
676.6560025371427	1.0	NonTarget	1	173224
676.7810024914285	1.0	NonTarget	1	173256
676.9060024457142	1.0	NonTarget	1	173288
677.0310023999999	1.0	NonTarget	1	173320
677.1560023542856	1.0	NonTarget	1	173352
677.2810023085713	1.0	NonTarget	1	173384
677.406002262857	1.0	NonTarget	1	173416
677.5310022171427	1.0	NonTarget	1	173448
677.6560021714284	1.0	NonTarget	1	173480
677.7810021257142	1.0	NonTarget	1	173512
677.9060020799999	1.0	NonTarget	1	173544
678.0310020342856	1.0	NonTarget	1	173576
678.1560019885713	1.0	NonTarget	1	173608
678.2810019428571	1.0	NonTarget	1	173640
678.4060018971427	1.0	NonTarget	1	173672
678.5310018514284	1.0	NonTarget	1	173704
678.6560018057141	1.0	NonTarget	1	173736
678.7810017599999	1.0	NonTarget	1	173768
678.9060017142856	1.0	NonTarget	1	173800
679.0310016685713	1.0	NonTarget	1	173832
679.156001622857	1.0	NonTarget	1	173864
679.2810015771428	1.0	NonTarget	1	173896
679.4060015314285	1.0	NonTarget	1	173928
679.5310014857141	1.0	NonTarget	1	173960
679.6560014399998	1.0	NonTarget	1	173992
679.7810013942856	1.0	NonTarget	1	174024
679.9060013485713	1.0	NonTarget	1	174056
680.031001302857	1.0	NonTarget	1	174088
680.1560012571427	1.0	NonTarget	1	174120
680.2810012114285	1.0	NonTarget	1	174152
680.4060011657142	1.0	NonTarget	1	174184
680.5310011199999	1.0	NonTarget	1	174216
680.6560010742855	1.0	NonTarget	1	174248
680.7810010285713	1.0	NonTarget	1	174280
680.906000982857	1.0	NonTarget	1	174312
681.0310009371427	1.0	NonTarget	1	174344
681.1560008914284	1.0	NonTarget	1	174376
681.2810008457142	1.0	NonTarget	1	174408
681.4060007999999	1.0	NonTarget	1	174440
681.5310007542856	1.0	NonTarget	1	174472
681.6560007085714	1.0	NonTarget	1	174504
681.781000662857	1.0	NonTarget	1	174536
681.9060006171427	1.0	NonTarget	1	174568
682.0310005714284	1.0	NonTarget	1	174600
682.1560005257141	1.0	NonTarget	1	174632
682.2810004799999	1.0	NonTarget	1	174664
682.4060004342856	1.0	NonTarget	1	174696
688.5309981942856	1.0	NonTarget	1	176264
688.6559981485713	1.0	NonTarget	1	176296
688.780998102857	1.0	NonTarget	1	176328
688.9059980571427	1.0	NonTarget	1	176360
689.0309980114284	1.0	NonTarget	1	176392
689.1559979657142	1.0	NonTarget	1	176424
689.2809979199999	1.0	NonTarget	1	176456
689.4059978742856	1.0	NonTarget	1	176488
689.5309978285713	1.0	NonTarget	1	176520
689.6559977828571	1.0	NonTarget	1	176552
689.7809977371427	1.0	NonTarget	1	176584
689.9059976914284	1.0	NonTarget	1	176616
690.0309976457141	1.0	NonTarget	1	176648
690.1559975999999	1.0	NonTarget	1	176680
690.2809975542856	1.0	NonTarget	1	176712
690.4059975085713	1.0	NonTarget	1	176744
690.530997462857	1.0	NonTarget	1	176776
690.6559974171428	1.0	NonTarget	1	176808
690.7809973714285	1.0	NonTarget	1	176840
690.9059973257141	1.0	NonTarget	1	176872
691.0309972799998	1.0	NonTarget	1	176904
691.1559972342856	1.0	NonTarget	1	176936
691.2809971885713	1.0	NonTarget	1	176968
691.405997142857	1.0	NonTarget	1	177000
691.5309970971427	1.0	NonTarget	1	177032
691.6559970514285	1.0	NonTarget	1	177064
691.7809970057142	1.0	NonTarget	1	177096
691.9059969599999	1.0	NonTarget	1	177128
692.0309969142855	1.0	NonTarget	1	177160
692.1559968685713	1.0	NonTarget	1	177192
692.280996822857	1.0	NonTarget	1	177224
692.4059967771427	1.0	NonTarget	1	177256
692.5309967314284	1.0	NonTarget	1	177288
692.6559966857142	1.0	NonTarget	1	177320
692.7809966399999	1.0	NonTarget	1	177352
692.9059965942856	1.0	NonTarget	1	177384
693.0309965485714	1.0	NonTarget	1	177416
693.155996502857	1.0	NonTarget	1	177448
693.2809964571427	1.0	NonTarget	1	177480
693.4059964114284	1.0	NonTarget	1	177512
693.5309963657141	1.0	NonTarget	1	177544
693.6559963199999	1.0	NonTarget	1	177576
693.7809962742856	1.0	NonTarget	1	177608
693.9059962285713	1.0	NonTarget	1	177640
694.030996182857	1.0	NonTarget	1	177672
694.1559961371428	1.0	NonTarget	1	177704
694.2809960914285	1.0	NonTarget	1	177736
694.4059960457141	1.0	NonTarget	1	177768
694.5309959999998	1.0	NonTarget	1	177800
694.6559959542856	1.0	NonTarget	1	177832
694.7809959085713	1.0	NonTarget	1	177864
694.905995862857	1.0	NonTarget	1	177896
695.0309958171428	1.0	NonTarget	1	177928
695.1559957714285	1.0	NonTarget	1	177960
695.2809957257142	1.0	NonTarget	1	177992
695.4059956799999	1.0	NonTarget	1	178024
695.5309956342855	1.0	NonTarget	1	178056
695.6559955885713	1.0	NonTarget	1	178088
695.780995542857	1.0	NonTarget	1	178120
695.9059954971427	1.0	NonTarget	1	178152
696.0309954514285	1.0	NonTarget	1	178184
696.1559954057142	1.0	NonTarget	1	178216
696.2809953599999	1.0	NonTarget	1	178248
696.4059953142856	1.0	NonTarget	1	178280
696.5309952685714	1.0	NonTarget	1	178312
696.655995222857	1.0	NonTarget	1	178344
696.7809951771427	1.0	NonTarget	1	178376
696.9059951314284	1.0	NonTarget	1	178408
697.0309950857142	1.0	NonTarget	1	178440
697.1559950399999	1.0	NonTarget	1	178472
697.2809949942856	1.0	NonTarget	1	178504
697.4059949485713	1.0	NonTarget	1	178536
697.5309949028571	1.0	NonTarget	1	178568
697.6559948571428	1.0	NonTarget	1	178600
697.7809948114284	1.0	NonTarget	1	178632
697.9059947657141	1.0	NonTarget	1	178664
698.0309947199999	1.0	NonTarget	1	178696
698.1559946742856	1.0	NonTarget	1	178728
698.2809946285713	1.0	NonTarget	1	178760
698.405994582857	1.0	NonTarget	1	178792
698.5309945371428	1.0	NonTarget	1	178824
698.6559944914285	1.0	NonTarget	1	178856
698.7809944457142	1.0	NonTarget	1	178888
698.9059943999998	1.0	NonTarget	1	178920
699.0309943542856	1.0	NonTarget	1	178952
699.1559943085713	1.0	NonTarget	1	178984
699.280994262857	1.0	NonTarget	1	179016
699.4059942171427	1.0	NonTarget	1	179048
699.5309941714285	1.0	NonTarget	1	179080
699.6559941257142	1.0	NonTarget	1	179112
699.7809940799999	1.0	NonTarget	1	179144
699.9059940342856	1.0	NonTarget	1	179176
700.0309939885713	1.0	NonTarget	1	179208
700.155993942857	1.0	NonTarget	1	179240
700.2809938971427	1.0	NonTarget	1	179272
700.4059938514284	1.0	NonTarget	1	179304
706.5309916114285	1.0	NonTarget	1	180872
706.6559915657142	1.0	NonTarget	1	180904
706.7809915199999	1.0	NonTarget	1	180936
706.9059914742855	1.0	NonTarget	1	180968
707.0309914285713	1.0	NonTarget	1	181000
707.155991382857	1.0	NonTarget	1	181032
707.2809913371427	1.0	NonTarget	1	181064
707.4059912914284	1.0	NonTarget	1	181096
707.5309912457142	1.0	NonTarget	1	181128
707.6559911999999	1.0	NonTarget	1	181160
707.7809911542856	1.0	NonTarget	1	181192
707.9059911085714	1.0	NonTarget	1	181224
708.030991062857	1.0	NonTarget	1	181256
708.1559910171427	1.0	NonTarget	1	181288
708.2809909714284	1.0	NonTarget	1	181320
708.4059909257141	1.0	NonTarget	1	181352
708.5309908799999	1.0	NonTarget	1	181384
708.6559908342856	1.0	NonTarget	1	181416
708.7809907885713	1.0	NonTarget	1	181448
708.905990742857	1.0	NonTarget	1	181480
709.0309906971428	1.0	NonTarget	1	181512
709.1559906514284	1.0	NonTarget	1	181544
709.2809906057141	1.0	NonTarget	1	181576
709.4059905599999	1.0	NonTarget	1	181608
709.5309905142856	1.0	NonTarget	1	181640
709.6559904685713	1.0	NonTarget	1	181672
709.780990422857	1.0	NonTarget	1	181704
709.9059903771428	1.0	NonTarget	1	181736
710.0309903314285	1.0	NonTarget	1	181768
710.1559902857142	1.0	NonTarget	1	181800
710.2809902399998	1.0	NonTarget	1	181832
710.4059901942856	1.0	NonTarget	1	181864
710.5309901485713	1.0	NonTarget	1	181896
710.655990102857	1.0	NonTarget	1	181928
710.7809900571427	1.0	NonTarget	1	181960
710.9059900114285	1.0	NonTarget	1	181992
711.0309899657142	1.0	NonTarget	1	182024
711.1559899199999	1.0	NonTarget	1	182056
711.2809898742856	1.0	NonTarget	1	182088
711.4059898285713	1.0	NonTarget	1	182120
711.530989782857	1.0	NonTarget	1	182152
711.6559897371427	1.0	NonTarget	1	182184
711.7809896914284	1.0	NonTarget	1	182216
711.9059896457142	1.0	NonTarget	1	182248
712.0309895999999	1.0	NonTarget	1	182280
712.1559895542856	1.0	NonTarget	1	182312
712.2809895085713	1.0	NonTarget	1	182344
712.4059894628571	1.0	NonTarget	1	182376
712.5309894171427	1.0	NonTarget	1	182408
712.6559893714284	1.0	NonTarget	1	182440
712.7809893257141	1.0	NonTarget	1	182472
712.9059892799999	1.0	NonTarget	1	182504
713.0309892342856	1.0	NonTarget	1	182536
713.1559891885713	1.0	NonTarget	1	182568
713.280989142857	1.0	NonTarget	1	182600
713.4059890971428	1.0	NonTarget	1	182632
713.5309890514285	1.0	NonTarget	1	182664
713.6559890057141	1.0	NonTarget	1	182696
713.7809889599998	1.0	NonTarget	1	182728
713.9059889142856	1.0	NonTarget	1	182760
714.0309888685713	1.0	NonTarget	1	182792
714.155988822857	1.0	NonTarget	1	182824
714.2809887771427	1.0	NonTarget	1	182856
714.4059887314285	1.0	NonTarget	1	182888
714.5309886857142	1.0	NonTarget	1	182920
714.6559886399999	1.0	NonTarget	1	182952
714.7809885942856	1.0	NonTarget	1	182984
714.9059885485713	1.0	NonTarget	1	183016
715.030988502857	1.0	NonTarget	1	183048
715.1559884571427	1.0	NonTarget	1	183080
715.2809884114284	1.0	NonTarget	1	183112
715.4059883657142	1.0	NonTarget	1	183144
715.5309883199999	1.0	NonTarget	1	183176
715.6559882742856	1.0	NonTarget	1	183208
715.7809882285713	1.0	NonTarget	1	183240
715.9059881828571	1.0	NonTarget	1	183272
716.0309881371427	1.0	NonTarget	1	183304
716.1559880914284	1.0	NonTarget	1	183336
716.2809880457141	1.0	NonTarget	1	183368
716.4059879999999	1.0	NonTarget	1	183400
716.5309879542856	1.0	NonTarget	1	183432
716.6559879085713	1.0	NonTarget	1	183464
716.780987862857	1.0	NonTarget	1	183496
716.9059878171428	1.0	NonTarget	1	183528
717.0309877714285	1.0	NonTarget	1	183560
717.1559877257141	1.0	NonTarget	1	183592
717.2809876799998	1.0	NonTarget	1	183624
717.4059876342856	1.0	NonTarget	1	183656
717.5309875885713	1.0	NonTarget	1	183688
717.655987542857	1.0	NonTarget	1	183720
717.7809874971427	1.0	NonTarget	1	183752
717.9059874514285	1.0	NonTarget	1	183784
718.0309874057142	1.0	NonTarget	1	183816
718.1559873599999	1.0	NonTarget	1	183848
718.2809873142855	1.0	NonTarget	1	183880
718.4059872685713	1.0	NonTarget	1	183912
724.5309850285713	1.0	NonTarget	1	185480
724.655984982857	1.0	NonTarget	1	185512
724.7809849371428	1.0	NonTarget	1	185544
724.9059848914285	1.0	NonTarget	1	185576
725.0309848457142	1.0	NonTarget	1	185608
725.1559847999998	1.0	NonTarget	1	185640
725.2809847542856	1.0	NonTarget	1	185672
725.4059847085713	1.0	NonTarget	1	185704
725.530984662857	1.0	NonTarget	1	185736
725.6559846171427	1.0	NonTarget	1	185768
725.7809845714285	1.0	NonTarget	1	185800
725.9059845257142	1.0	NonTarget	1	185832
726.0309844799999	1.0	NonTarget	1	185864
726.1559844342856	1.0	NonTarget	1	185896
726.2809843885713	1.0	NonTarget	1	185928
726.405984342857	1.0	NonTarget	1	185960
726.5309842971427	1.0	NonTarget	1	185992
726.6559842514284	1.0	NonTarget	1	186024
726.7809842057142	1.0	NonTarget	1	186056
726.9059841599999	1.0	NonTarget	1	186088
727.0309841142856	1.0	NonTarget	1	186120
727.1559840685713	1.0	NonTarget	1	186152
727.2809840228571	1.0	NonTarget	1	186184
727.4059839771427	1.0	NonTarget	1	186216
727.5309839314284	1.0	NonTarget	1	186248
727.6559838857141	1.0	NonTarget	1	186280
727.7809838399999	1.0	NonTarget	1	186312
727.9059837942856	1.0	NonTarget	1	186344
728.0309837485713	1.0	NonTarget	1	186376
728.155983702857	1.0	NonTarget	1	186408
728.2809836571428	1.0	NonTarget	1	186440
728.4059836114285	1.0	NonTarget	1	186472
728.5309835657141	1.0	NonTarget	1	186504
728.6559835199998	1.0	NonTarget	1	186536
728.7809834742856	1.0	NonTarget	1	186568
728.9059834285713	1.0	NonTarget	1	186600
729.030983382857	1.0	NonTarget	1	186632
729.1559833371427	1.0	NonTarget	1	186664
729.2809832914285	1.0	NonTarget	1	186696
729.4059832457142	1.0	NonTarget	1	186728
729.5309831999999	1.0	NonTarget	1	186760
729.6559831542855	1.0	NonTarget	1	186792
729.7809831085713	1.0	NonTarget	1	186824
729.905983062857	1.0	NonTarget	1	186856
730.0309830171427	1.0	NonTarget	1	186888
730.1559829714284	1.0	NonTarget	1	186920
730.2809829257142	1.0	NonTarget	1	186952
730.4059828799999	1.0	NonTarget	1	186984
730.5309828342856	1.0	NonTarget	1	187016
730.6559827885714	1.0	NonTarget	1	187048
730.780982742857	1.0	NonTarget	1	187080
730.9059826971427	1.0	NonTarget	1	187112
731.0309826514284	1.0	NonTarget	1	187144
731.1559826057141	1.0	NonTarget	1	187176
731.2809825599999	1.0	NonTarget	1	187208
731.4059825142856	1.0	NonTarget	1	187240
731.5309824685713	1.0	NonTarget	1	187272
731.655982422857	1.0	NonTarget	1	187304
731.7809823771428	1.0	NonTarget	1	187336
731.9059823314284	1.0	NonTarget	1	187368
732.0309822857141	1.0	NonTarget	1	187400
732.1559822399998	1.0	NonTarget	1	187432
732.2809821942856	1.0	NonTarget	1	187464
732.4059821485713	1.0	NonTarget	1	187496
732.530982102857	1.0	NonTarget	1	187528
732.6559820571428	1.0	NonTarget	1	187560
732.7809820114285	1.0	NonTarget	1	187592
732.9059819657142	1.0	NonTarget	1	187624
733.0309819199998	1.0	NonTarget	1	187656
733.1559818742855	1.0	NonTarget	1	187688
733.2809818285713	1.0	NonTarget	1	187720
733.405981782857	1.0	NonTarget	1	187752
733.5309817371427	1.0	NonTarget	1	187784
733.6559816914285	1.0	NonTarget	1	187816
733.7809816457142	1.0	NonTarget	1	187848
733.9059815999999	1.0	NonTarget	1	187880
734.0309815542856	1.0	NonTarget	1	187912
734.1559815085712	1.0	NonTarget	1	187944
734.280981462857	1.0	NonTarget	1	187976
734.4059814171427	1.0	NonTarget	1	188008
734.5309813714284	1.0	NonTarget	1	188040
734.6559813257142	1.0	NonTarget	1	188072
734.7809812799999	1.0	NonTarget	1	188104
734.9059812342856	1.0	NonTarget	1	188136
735.0309811885713	1.0	NonTarget	1	188168
735.1559811428571	1.0	NonTarget	1	188200
735.2809810971427	1.0	NonTarget	1	188232
735.4059810514284	1.0	NonTarget	1	188264
735.5309810057141	1.0	NonTarget	1	188296
735.6559809599999	1.0	NonTarget	1	188328
735.7809809142856	1.0	NonTarget	1	188360
735.9059808685713	1.0	NonTarget	1	188392
736.030980822857	1.0	NonTarget	1	188424
736.1559807771428	1.0	NonTarget	1	188456
736.2809807314285	1.0	NonTarget	1	188488
736.4059806857142	1.0	NonTarget	1	188520
742.5309784457141	1.0	NonTarget	1	190088
742.6559783999999	1.0	NonTarget	1	190120
742.7809783542856	1.0	NonTarget	1	190152
742.9059783085713	1.0	NonTarget	1	190184
743.030978262857	1.0	NonTarget	1	190216
743.1559782171428	1.0	NonTarget	1	190248
743.2809781714284	1.0	NonTarget	1	190280
743.4059781257141	1.0	NonTarget	1	190312
743.5309780799998	1.0	NonTarget	1	190344
743.6559780342856	1.0	NonTarget	1	190376
743.7809779885713	1.0	NonTarget	1	190408
743.905977942857	1.0	NonTarget	1	190440
744.0309778971427	1.0	NonTarget	1	190472
744.1559778514285	1.0	NonTarget	1	190504
744.2809778057142	1.0	NonTarget	1	190536
744.4059777599998	1.0	NonTarget	1	190568
744.5309777142855	1.0	NonTarget	1	190600
744.6559776685713	1.0	NonTarget	1	190632
744.780977622857	1.0	NonTarget	1	190664
744.9059775771427	1.0	NonTarget	1	190696
745.0309775314284	1.0	NonTarget	1	190728
745.1559774857142	1.0	NonTarget	1	190760
745.2809774399999	1.0	NonTarget	1	190792
745.4059773942856	1.0	NonTarget	1	190824
745.5309773485712	1.0	NonTarget	1	190856
745.655977302857	1.0	NonTarget	1	190888
745.7809772571427	1.0	NonTarget	1	190920
745.9059772114284	1.0	NonTarget	1	190952
746.0309771657141	1.0	NonTarget	1	190984
746.1559771199999	1.0	NonTarget	1	191016
746.2809770742856	1.0	NonTarget	1	191048
746.4059770285713	1.0	NonTarget	1	191080
746.530976982857	1.0	NonTarget	1	191112
746.6559769371428	1.0	NonTarget	1	191144
746.7809768914284	1.0	NonTarget	1	191176
746.9059768457141	1.0	NonTarget	1	191208
747.0309767999998	1.0	NonTarget	1	191240
747.1559767542856	1.0	NonTarget	1	191272
747.2809767085713	1.0	NonTarget	1	191304
747.405976662857	1.0	NonTarget	1	191336
747.5309766171428	1.0	NonTarget	1	191368
747.6559765714285	1.0	NonTarget	1	191400
747.7809765257142	1.0	NonTarget	1	191432
747.9059764799998	1.0	NonTarget	1	191464
748.0309764342855	1.0	NonTarget	1	191496
748.1559763885713	1.0	NonTarget	1	191528
748.280976342857	1.0	NonTarget	1	191560
748.4059762971427	1.0	NonTarget	1	191592
748.5309762514285	1.0	NonTarget	1	191624
748.6559762057142	1.0	NonTarget	1	191656
748.7809761599999	1.0	NonTarget	1	191688
748.9059761142856	1.0	NonTarget	1	191720
749.0309760685712	1.0	NonTarget	1	191752
749.155976022857	1.0	NonTarget	1	191784
749.2809759771427	1.0	NonTarget	1	191816
749.4059759314284	1.0	NonTarget	1	191848
749.5309758857142	1.0	NonTarget	1	191880
749.6559758399999	1.0	NonTarget	1	191912
749.7809757942856	1.0	NonTarget	1	191944
749.9059757485713	1.0	NonTarget	1	191976
750.0309757028571	1.0	NonTarget	1	192008
750.1559756571427	1.0	NonTarget	1	192040
750.2809756114284	1.0	NonTarget	1	192072
750.4059755657141	1.0	NonTarget	1	192104
750.5309755199999	1.0	NonTarget	1	192136
750.6559754742856	1.0	NonTarget	1	192168
750.7809754285713	1.0	NonTarget	1	192200
750.905975382857	1.0	NonTarget	1	192232
751.0309753371428	1.0	NonTarget	1	192264
751.1559752914285	1.0	NonTarget	1	192296
751.2809752457141	1.0	NonTarget	1	192328
751.4059751999998	1.0	NonTarget	1	192360
751.5309751542856	1.0	NonTarget	1	192392
751.6559751085713	1.0	NonTarget	1	192424
751.780975062857	1.0	NonTarget	1	192456
751.9059750171427	1.0	NonTarget	1	192488
752.0309749714285	1.0	NonTarget	1	192520
752.1559749257142	1.0	NonTarget	1	192552
752.2809748799999	1.0	NonTarget	1	192584
752.4059748342855	1.0	NonTarget	1	192616
752.5309747885713	1.0	NonTarget	1	192648
752.655974742857	1.0	NonTarget	1	192680
752.7809746971427	1.0	NonTarget	1	192712
752.9059746514284	1.0	NonTarget	1	192744
753.0309746057142	1.0	NonTarget	1	192776
753.1559745599999	1.0	NonTarget	1	192808
753.2809745142856	1.0	NonTarget	1	192840
753.4059744685713	1.0	NonTarget	1	192872
753.530974422857	1.0	NonTarget	1	192904
753.6559743771427	1.0	NonTarget	1	192936
753.7809743314284	1.0	NonTarget	1	192968
753.9059742857141	1.0	NonTarget	1	193000
754.0309742399999	1.0	NonTarget	1	193032
754.1559741942856	1.0	NonTarget	1	193064
754.2809741485713	1.0	NonTarget	1	193096
754.405974102857	1.0	NonTarget	1	193128
760.530971862857	1.0	NonTarget	1	194696
760.6559718171427	1.0	NonTarget	1	194728
760.7809717714284	1.0	NonTarget	1	194760
760.9059717257142	1.0	NonTarget	1	194792
761.0309716799999	1.0	NonTarget	1	194824
761.1559716342856	1.0	NonTarget	1	194856
761.2809715885713	1.0	NonTarget	1	194888
761.4059715428571	1.0	NonTarget	1	194920
761.5309714971427	1.0	NonTarget	1	194952
761.6559714514284	1.0	NonTarget	1	194984
761.7809714057141	1.0	NonTarget	1	195016
761.9059713599999	1.0	NonTarget	1	195048
762.0309713142856	1.0	NonTarget	1	195080
762.1559712685713	1.0	NonTarget	1	195112
762.280971222857	1.0	NonTarget	1	195144
762.4059711771428	1.0	NonTarget	1	195176
762.5309711314285	1.0	NonTarget	1	195208
762.6559710857141	1.0	NonTarget	1	195240
762.7809710399998	1.0	NonTarget	1	195272
762.9059709942856	1.0	NonTarget	1	195304
763.0309709485713	1.0	NonTarget	1	195336
763.155970902857	1.0	NonTarget	1	195368
763.2809708571427	1.0	NonTarget	1	195400
763.4059708114285	1.0	NonTarget	1	195432
763.5309707657142	1.0	NonTarget	1	195464
763.6559707199999	1.0	NonTarget	1	195496
763.7809706742855	1.0	NonTarget	1	195528
763.9059706285713	1.0	NonTarget	1	195560
764.030970582857	1.0	NonTarget	1	195592
764.1559705371427	1.0	NonTarget	1	195624
764.2809704914284	1.0	NonTarget	1	195656
764.4059704457142	1.0	NonTarget	1	195688
764.5309703999999	1.0	NonTarget	1	195720
764.6559703542856	1.0	NonTarget	1	195752
764.7809703085713	1.0	NonTarget	1	195784
764.905970262857	1.0	NonTarget	1	195816
765.0309702171427	1.0	NonTarget	1	195848
765.1559701714284	1.0	NonTarget	1	195880
765.2809701257141	1.0	NonTarget	1	195912
765.4059700799999	1.0	NonTarget	1	195944
765.5309700342856	1.0	NonTarget	1	195976
765.6559699885713	1.0	NonTarget	1	196008
765.780969942857	1.0	NonTarget	1	196040
765.9059698971428	1.0	NonTarget	1	196072
766.0309698514284	1.0	NonTarget	1	196104
766.1559698057141	1.0	NonTarget	1	196136
766.2809697599998	1.0	NonTarget	1	196168
766.4059697142856	1.0	NonTarget	1	196200
766.5309696685713	1.0	NonTarget	1	196232
766.655969622857	1.0	NonTarget	1	196264
766.7809695771427	1.0	NonTarget	1	196296
766.9059695314285	1.0	NonTarget	1	196328
767.0309694857142	1.0	NonTarget	1	196360
767.1559694399999	1.0	NonTarget	1	196392
767.2809693942855	1.0	NonTarget	1	196424
767.4059693485713	1.0	NonTarget	1	196456
767.530969302857	1.0	NonTarget	1	196488
767.6559692571427	1.0	NonTarget	1	196520
767.7809692114284	1.0	NonTarget	1	196552
767.9059691657142	1.0	NonTarget	1	196584
768.0309691199999	1.0	NonTarget	1	196616
768.1559690742856	1.0	NonTarget	1	196648
768.2809690285713	1.0	NonTarget	1	196680
768.405968982857	1.0	NonTarget	1	196712
768.5309689371427	1.0	NonTarget	1	196744
768.6559688914284	1.0	NonTarget	1	196776
768.7809688457141	1.0	NonTarget	1	196808
768.9059687999999	1.0	NonTarget	1	196840
769.0309687542856	1.0	NonTarget	1	196872
769.1559687085713	1.0	NonTarget	1	196904
769.280968662857	1.0	NonTarget	1	196936
769.4059686171428	1.0	NonTarget	1	196968
769.5309685714284	1.0	NonTarget	1	197000
769.6559685257141	1.0	NonTarget	1	197032
769.7809684799998	1.0	NonTarget	1	197064
769.9059684342856	1.0	NonTarget	1	197096
770.0309683885713	1.0	NonTarget	1	197128
770.155968342857	1.0	NonTarget	1	197160
770.2809682971427	1.0	NonTarget	1	197192
770.4059682514285	1.0	NonTarget	1	197224
770.5309682057142	1.0	NonTarget	1	197256
770.6559681599998	1.0	NonTarget	1	197288
770.7809681142855	1.0	NonTarget	1	197320
770.9059680685713	1.0	NonTarget	1	197352
771.030968022857	1.0	NonTarget	1	197384
771.1559679771427	1.0	NonTarget	1	197416
771.2809679314284	1.0	NonTarget	1	197448
771.4059678857142	1.0	NonTarget	1	197480
771.5309678399999	1.0	NonTarget	1	197512
771.6559677942856	1.0	NonTarget	1	197544
771.7809677485712	1.0	NonTarget	1	197576
771.905967702857	1.0	NonTarget	1	197608
772.0309676571427	1.0	NonTarget	1	197640
772.1559676114284	1.0	NonTarget	1	197672
772.2809675657141	1.0	NonTarget	1	197704
772.4059675199999	1.0	NonTarget	1	197736
778.5309652799999	1.0	NonTarget	1	199304
778.6559652342855	1.0	NonTarget	1	199336
778.7809651885713	1.0	NonTarget	1	199368
778.905965142857	1.0	NonTarget	1	199400
779.0309650971427	1.0	NonTarget	1	199432
779.1559650514284	1.0	NonTarget	1	199464
779.2809650057142	1.0	NonTarget	1	199496
779.4059649599999	1.0	NonTarget	1	199528
779.5309649142856	1.0	NonTarget	1	199560
779.6559648685713	1.0	NonTarget	1	199592
779.780964822857	1.0	NonTarget	1	199624
779.9059647771427	1.0	NonTarget	1	199656
780.0309647314284	1.0	NonTarget	1	199688
780.1559646857141	1.0	NonTarget	1	199720
780.2809646399999	1.0	NonTarget	1	199752
780.4059645942856	1.0	NonTarget	1	199784
780.5309645485713	1.0	NonTarget	1	199816
780.655964502857	1.0	NonTarget	1	199848
780.7809644571428	1.0	NonTarget	1	199880
780.9059644114284	1.0	NonTarget	1	199912
781.0309643657141	1.0	NonTarget	1	199944
781.1559643199998	1.0	NonTarget	1	199976
781.2809642742856	1.0	NonTarget	1	200008
781.4059642285713	1.0	NonTarget	1	200040
781.530964182857	1.0	NonTarget	1	200072
781.6559641371427	1.0	NonTarget	1	200104
781.7809640914285	1.0	NonTarget	1	200136
781.9059640457142	1.0	NonTarget	1	200168
782.0309639999998	1.0	NonTarget	1	200200
782.1559639542855	1.0	NonTarget	1	200232
782.2809639085713	1.0	NonTarget	1	200264
782.405963862857	1.0	NonTarget	1	200296
782.5309638171427	1.0	NonTarget	1	200328
782.6559637714284	1.0	NonTarget	1	200360
782.7809637257142	1.0	NonTarget	1	200392
782.9059636799999	1.0	NonTarget	1	200424
783.0309636342856	1.0	NonTarget	1	200456
783.1559635885712	1.0	NonTarget	1	200488
783.280963542857	1.0	NonTarget	1	200520
783.4059634971427	1.0	NonTarget	1	200552
783.5309634514284	1.0	NonTarget	1	200584
783.6559634057141	1.0	NonTarget	1	200616
783.7809633599999	1.0	NonTarget	1	200648
783.9059633142856	1.0	NonTarget	1	200680
784.0309632685713	1.0	NonTarget	1	200712
784.155963222857	1.0	NonTarget	1	200744
784.2809631771427	1.0	NonTarget	1	200776
784.4059631314284	1.0	NonTarget	1	200808
784.5309630857141	1.0	NonTarget	1	200840
784.6559630399998	1.0	NonTarget	1	200872
784.7809629942856	1.0	NonTarget	1	200904
784.9059629485713	1.0	NonTarget	1	200936
785.030962902857	1.0	NonTarget	1	200968
785.1559628571428	1.0	NonTarget	1	201000
785.2809628114285	1.0	NonTarget	1	201032
785.4059627657141	1.0	NonTarget	1	201064
785.5309627199998	1.0	NonTarget	1	201096
785.6559626742855	1.0	NonTarget	1	201128
785.7809626285713	1.0	NonTarget	1	201160
785.905962582857	1.0	NonTarget	1	201192
786.0309625371427	1.0	NonTarget	1	201224
786.1559624914285	1.0	NonTarget	1	201256
786.2809624457142	1.0	NonTarget	1	201288
786.4059623999999	1.0	NonTarget	1	201320
786.5309623542855	1.0	NonTarget	1	201352
786.6559623085712	1.0	NonTarget	1	201384
786.780962262857	1.0	NonTarget	1	201416
786.9059622171427	1.0	NonTarget	1	201448
787.0309621714284	1.0	NonTarget	1	201480
787.1559621257142	1.0	NonTarget	1	201512
787.2809620799999	1.0	NonTarget	1	201544
787.4059620342856	1.0	NonTarget	1	201576
787.5309619885713	1.0	NonTarget	1	201608
787.6559619428571	1.0	NonTarget	1	201640
787.7809618971427	1.0	NonTarget	1	201672
787.9059618514284	1.0	NonTarget	1	201704
788.0309618057141	1.0	NonTarget	1	201736
788.1559617599999	1.0	NonTarget	1	201768
788.2809617142856	1.0	NonTarget	1	201800
788.4059616685713	1.0	NonTarget	1	201832
788.530961622857	1.0	NonTarget	1	201864
788.6559615771428	1.0	NonTarget	1	201896
788.7809615314285	1.0	NonTarget	1	201928
788.9059614857141	1.0	NonTarget	1	201960
789.0309614399998	1.0	NonTarget	1	201992
789.1559613942856	1.0	NonTarget	1	202024
789.2809613485713	1.0	NonTarget	1	202056
789.405961302857	1.0	NonTarget	1	202088
789.5309612571427	1.0	NonTarget	1	202120
789.6559612114285	1.0	NonTarget	1	202152
789.7809611657142	1.0	NonTarget	1	202184
789.9059611199999	1.0	NonTarget	1	202216
790.0309610742855	1.0	NonTarget	1	202248
790.1559610285713	1.0	NonTarget	1	202280
790.280960982857	1.0	NonTarget	1	202312
790.4059609371427	1.0	NonTarget	1	202344
796.5309586971428	1.0	NonTarget	1	203912
796.6559586514285	1.0	NonTarget	1	203944
796.7809586057141	1.0	NonTarget	1	203976
796.9059585599998	1.0	NonTarget	1	204008
797.0309585142855	1.0	NonTarget	1	204040
797.1559584685713	1.0	NonTarget	1	204072
797.280958422857	1.0	NonTarget	1	204104
797.4059583771427	1.0	NonTarget	1	204136
797.5309583314285	1.0	NonTarget	1	204168
797.6559582857142	1.0	NonTarget	1	204200
797.7809582399999	1.0	NonTarget	1	204232
797.9059581942855	1.0	NonTarget	1	204264
798.0309581485712	1.0	NonTarget	1	204296
798.155958102857	1.0	NonTarget	1	204328
798.2809580571427	1.0	NonTarget	1	204360
798.4059580114284	1.0	NonTarget	1	204392
798.5309579657142	1.0	NonTarget	1	204424
798.6559579199999	1.0	NonTarget	1	204456
798.7809578742856	1.0	NonTarget	1	204488
798.9059578285713	1.0	NonTarget	1	204520
799.0309577828571	1.0	NonTarget	1	204552
799.1559577371427	1.0	NonTarget	1	204584
799.2809576914284	1.0	NonTarget	1	204616
799.4059576457141	1.0	NonTarget	1	204648
799.5309575999999	1.0	NonTarget	1	204680
799.6559575542856	1.0	NonTarget	1	204712
799.7809575085713	1.0	NonTarget	1	204744
799.905957462857	1.0	NonTarget	1	204776
800.0309574171428	1.0	NonTarget	1	204808
800.1559573714285	1.0	NonTarget	1	204840
800.2809573257141	1.0	NonTarget	1	204872
800.4059572799998	1.0	NonTarget	1	204904
800.5309572342856	1.0	NonTarget	1	204936
800.6559571885713	1.0	NonTarget	1	204968
800.780957142857	1.0	NonTarget	1	205000
800.9059570971427	1.0	NonTarget	1	205032
801.0309570514285	1.0	NonTarget	1	205064
801.1559570057142	1.0	NonTarget	1	205096
801.2809569599999	1.0	NonTarget	1	205128
801.4059569142855	1.0	NonTarget	1	205160
801.5309568685713	1.0	NonTarget	1	205192
801.655956822857	1.0	NonTarget	1	205224
801.7809567771427	1.0	NonTarget	1	205256
801.9059567314284	1.0	NonTarget	1	205288
802.0309566857142	1.0	NonTarget	1	205320
802.1559566399999	1.0	NonTarget	1	205352
802.2809565942856	1.0	NonTarget	1	205384
802.4059565485713	1.0	NonTarget	1	205416
802.530956502857	1.0	NonTarget	1	205448
802.6559564571427	1.0	NonTarget	1	205480
802.7809564114284	1.0	NonTarget	1	205512
802.9059563657141	1.0	NonTarget	1	205544
803.0309563199999	1.0	NonTarget	1	205576
803.1559562742856	1.0	NonTarget	1	205608
803.2809562285713	1.0	NonTarget	1	205640
803.405956182857	1.0	NonTarget	1	205672
803.5309561371428	1.0	NonTarget	1	205704
803.6559560914284	1.0	NonTarget	1	205736
803.7809560457141	1.0	NonTarget	1	205768
803.9059559999998	1.0	NonTarget	1	205800
804.0309559542856	1.0	NonTarget	1	205832
804.1559559085713	1.0	NonTarget	1	205864
804.280955862857	1.0	NonTarget	1	205896
804.4059558171427	1.0	NonTarget	1	205928
804.5309557714285	1.0	NonTarget	1	205960
804.6559557257142	1.0	NonTarget	1	205992
804.7809556799998	1.0	NonTarget	1	206024
804.9059556342855	1.0	NonTarget	1	206056
805.0309555885713	1.0	NonTarget	1	206088
805.155955542857	1.0	NonTarget	1	206120
805.2809554971427	1.0	NonTarget	1	206152
805.4059554514284	1.0	NonTarget	1	206184
805.5309554057142	1.0	NonTarget	1	206216
805.6559553599999	1.0	NonTarget	1	206248
805.7809553142856	1.0	NonTarget	1	206280
805.9059552685712	1.0	NonTarget	1	206312
806.030955222857	1.0	NonTarget	1	206344
806.1559551771427	1.0	NonTarget	1	206376
806.2809551314284	1.0	NonTarget	1	206408
806.4059550857141	1.0	NonTarget	1	206440
806.5309550399999	1.0	NonTarget	1	206472
806.6559549942856	1.0	NonTarget	1	206504
806.7809549485713	1.0	NonTarget	1	206536
806.905954902857	1.0	NonTarget	1	206568
807.0309548571427	1.0	NonTarget	1	206600
807.1559548114284	1.0	NonTarget	1	206632
807.2809547657141	1.0	NonTarget	1	206664
807.4059547199998	1.0	NonTarget	1	206696
807.5309546742856	1.0	NonTarget	1	206728
807.6559546285713	1.0	NonTarget	1	206760
807.780954582857	1.0	NonTarget	1	206792
807.9059545371427	1.0	NonTarget	1	206824
808.0309544914285	1.0	NonTarget	1	206856
808.1559544457141	1.0	NonTarget	1	206888
808.2809543999998	1.0	NonTarget	1	206920
808.4059543542855	1.0	NonTarget	1	206952
814.5309521142856	1.0	NonTarget	1	208520
814.6559520685713	1.0	NonTarget	1	208552
814.780952022857	1.0	NonTarget	1	208584
814.9059519771428	1.0	NonTarget	1	208616
815.0309519314284	1.0	NonTarget	1	208648
815.1559518857141	1.0	NonTarget	1	208680
815.2809518399998	1.0	NonTarget	1	208712
815.4059517942856	1.0	NonTarget	1	208744
815.5309517485713	1.0	NonTarget	1	208776
815.655951702857	1.0	NonTarget	1	208808
815.7809516571427	1.0	NonTarget	1	208840
815.9059516114285	1.0	NonTarget	1	208872
816.0309515657142	1.0	NonTarget	1	208904
816.1559515199998	1.0	NonTarget	1	208936
816.2809514742855	1.0	NonTarget	1	208968
816.4059514285713	1.0	NonTarget	1	209000
816.530951382857	1.0	NonTarget	1	209032
816.6559513371427	1.0	NonTarget	1	209064
816.7809512914284	1.0	NonTarget	1	209096
816.9059512457142	1.0	NonTarget	1	209128
817.0309511999999	1.0	NonTarget	1	209160
817.1559511542856	1.0	NonTarget	1	209192
817.2809511085712	1.0	NonTarget	1	209224
817.405951062857	1.0	NonTarget	1	209256
817.5309510171427	1.0	NonTarget	1	209288
817.6559509714284	1.0	NonTarget	1	209320
817.7809509257141	1.0	NonTarget	1	209352
817.9059508799999	1.0	NonTarget	1	209384
818.0309508342856	1.0	NonTarget	1	209416
818.1559507885713	1.0	NonTarget	1	209448
818.280950742857	1.0	NonTarget	1	209480
818.4059506971427	1.0	NonTarget	1	209512
818.5309506514284	1.0	NonTarget	1	209544
818.6559506057141	1.0	NonTarget	1	209576
818.7809505599998	1.0	NonTarget	1	209608
818.9059505142856	1.0	NonTarget	1	209640
819.0309504685713	1.0	NonTarget	1	209672
819.155950422857	1.0	NonTarget	1	209704
819.2809503771427	1.0	NonTarget	1	209736
819.4059503314285	1.0	NonTarget	1	209768
819.5309502857142	1.0	NonTarget	1	209800
819.6559502399998	1.0	NonTarget	1	209832
819.7809501942855	1.0	NonTarget	1	209864
819.9059501485713	1.0	NonTarget	1	209896
820.030950102857	1.0	NonTarget	1	209928
820.1559500571427	1.0	NonTarget	1	209960
820.2809500114284	1.0	NonTarget	1	209992
820.4059499657142	1.0	NonTarget	1	210024
820.5309499199999	1.0	NonTarget	1	210056
820.6559498742856	1.0	NonTarget	1	210088
820.7809498285712	1.0	NonTarget	1	210120
820.905949782857	1.0	NonTarget	1	210152
821.0309497371427	1.0	NonTarget	1	210184
821.1559496914284	1.0	NonTarget	1	210216
821.2809496457141	1.0	NonTarget	1	210248
821.4059495999999	1.0	NonTarget	1	210280
821.5309495542856	1.0	NonTarget	1	210312
821.6559495085713	1.0	NonTarget	1	210344
821.780949462857	1.0	NonTarget	1	210376
821.9059494171427	1.0	NonTarget	1	210408
822.0309493714284	1.0	NonTarget	1	210440
822.1559493257141	1.0	NonTarget	1	210472
822.2809492799998	1.0	NonTarget	1	210504
822.4059492342856	1.0	NonTarget	1	210536
822.5309491885713	1.0	NonTarget	1	210568
822.655949142857	1.0	NonTarget	1	210600
822.7809490971428	1.0	NonTarget	1	210632
822.9059490514285	1.0	NonTarget	1	210664
823.0309490057141	1.0	NonTarget	1	210696
823.1559489599998	1.0	NonTarget	1	210728
823.2809489142855	1.0	NonTarget	1	210760
823.4059488685713	1.0	NonTarget	1	210792
823.530948822857	1.0	NonTarget	1	210824
823.6559487771427	1.0	NonTarget	1	210856
823.7809487314285	1.0	NonTarget	1	210888
823.9059486857142	1.0	NonTarget	1	210920
824.0309486399999	1.0	NonTarget	1	210952
824.1559485942855	1.0	NonTarget	1	210984
824.2809485485712	1.0	NonTarget	1	211016
824.405948502857	1.0	NonTarget	1	211048
824.5309484571427	1.0	NonTarget	1	211080
824.6559484114284	1.0	NonTarget	1	211112
824.7809483657142	1.0	NonTarget	1	211144
824.9059483199999	1.0	NonTarget	1	211176
825.0309482742856	1.0	NonTarget	1	211208
825.1559482285713	1.0	NonTarget	1	211240
825.280948182857	1.0	NonTarget	1	211272
825.4059481371427	1.0	NonTarget	1	211304
825.5309480914284	1.0	NonTarget	1	211336
825.6559480457141	1.0	NonTarget	1	211368
825.7809479999999	1.0	NonTarget	1	211400
825.9059479542856	1.0	NonTarget	1	211432
826.0309479085713	1.0	NonTarget	1	211464
826.155947862857	1.0	NonTarget	1	211496
826.2809478171428	1.0	NonTarget	1	211528
826.4059477714284	1.0	NonTarget	1	211560
832.5309455314284	1.0	NonTarget	1	213128
832.6559454857141	1.0	NonTarget	1	213160
832.7809454399999	1.0	NonTarget	1	213192
832.9059453942856	1.0	NonTarget	1	213224
833.0309453485713	1.0	NonTarget	1	213256
833.155945302857	1.0	NonTarget	1	213288
833.2809452571427	1.0	NonTarget	1	213320
833.4059452114284	1.0	NonTarget	1	213352
833.5309451657141	1.0	NonTarget	1	213384
833.6559451199998	1.0	NonTarget	1	213416
833.7809450742856	1.0	NonTarget	1	213448
833.9059450285713	1.0	NonTarget	1	213480
834.030944982857	1.0	NonTarget	1	213512
834.1559449371427	1.0	NonTarget	1	213544
834.2809448914285	1.0	NonTarget	1	213576
834.4059448457141	1.0	NonTarget	1	213608
834.5309447999998	1.0	NonTarget	1	213640
834.6559447542855	1.0	NonTarget	1	213672
834.7809447085713	1.0	NonTarget	1	213704
834.905944662857	1.0	NonTarget	1	213736
835.0309446171427	1.0	NonTarget	1	213768
835.1559445714284	1.0	NonTarget	1	213800
835.2809445257142	1.0	NonTarget	1	213832
835.4059444799999	1.0	NonTarget	1	213864
835.5309444342855	1.0	NonTarget	1	213896
835.6559443885712	1.0	NonTarget	1	213928
835.780944342857	1.0	NonTarget	1	213960
835.9059442971427	1.0	NonTarget	1	213992
836.0309442514284	1.0	NonTarget	1	214024
836.1559442057141	1.0	NonTarget	1	214056
836.2809441599999	1.0	NonTarget	1	214088
836.4059441142856	1.0	NonTarget	1	214120
836.5309440685713	1.0	NonTarget	1	214152
836.6559440228569	1.0	NonTarget	1	214184
836.7809439771427	1.0	NonTarget	1	214216
836.9059439314284	1.0	NonTarget	1	214248
837.0309438857141	1.0	NonTarget	1	214280
837.1559438399998	1.0	NonTarget	1	214312
837.2809437942856	1.0	NonTarget	1	214344
837.4059437485713	1.0	NonTarget	1	214376
837.530943702857	1.0	NonTarget	1	214408
837.6559436571428	1.0	NonTarget	1	214440
837.7809436114284	1.0	NonTarget	1	214472
837.9059435657141	1.0	NonTarget	1	214504
838.0309435199998	1.0	NonTarget	1	214536
838.1559434742856	1.0	NonTarget	1	214568
838.2809434285713	1.0	NonTarget	1	214600
838.405943382857	1.0	NonTarget	1	214632
838.5309433371427	1.0	NonTarget	1	214664
838.6559432914285	1.0	NonTarget	1	214696
838.7809432457142	1.0	NonTarget	1	214728
838.9059431999998	1.0	NonTarget	1	214760
839.0309431542855	1.0	NonTarget	1	214792
839.1559431085713	1.0	NonTarget	1	214824
839.280943062857	1.0	NonTarget	1	214856
839.4059430171427	1.0	NonTarget	1	214888
839.5309429714284	1.0	NonTarget	1	214920
839.6559429257142	1.0	NonTarget	1	214952
839.7809428799999	1.0	NonTarget	1	214984
839.9059428342856	1.0	NonTarget	1	215016
840.0309427885713	1.0	NonTarget	1	215048
840.155942742857	1.0	NonTarget	1	215080
840.2809426971427	1.0	NonTarget	1	215112
840.4059426514284	1.0	NonTarget	1	215144
840.5309426057141	1.0	NonTarget	1	215176
840.6559425599999	1.0	NonTarget	1	215208
840.7809425142856	1.0	NonTarget	1	215240
840.9059424685713	1.0	NonTarget	1	215272
841.030942422857	1.0	NonTarget	1	215304
841.1559423771428	1.0	NonTarget	1	215336
841.2809423314284	1.0	NonTarget	1	215368
841.4059422857141	1.0	NonTarget	1	215400
841.5309422399998	1.0	NonTarget	1	215432
841.6559421942856	1.0	NonTarget	1	215464
841.7809421485713	1.0	NonTarget	1	215496
841.905942102857	1.0	NonTarget	1	215528
842.0309420571427	1.0	NonTarget	1	215560
842.1559420114285	1.0	NonTarget	1	215592
842.2809419657142	1.0	NonTarget	1	215624
842.4059419199998	1.0	NonTarget	1	215656
842.5309418742855	1.0	NonTarget	1	215688
842.6559418285713	1.0	NonTarget	1	215720
842.780941782857	1.0	NonTarget	1	215752
842.9059417371427	1.0	NonTarget	1	215784
843.0309416914284	1.0	NonTarget	1	215816
843.1559416457142	1.0	NonTarget	1	215848
843.2809415999999	1.0	NonTarget	1	215880
843.4059415542856	1.0	NonTarget	1	215912
843.5309415085712	1.0	NonTarget	1	215944
843.655941462857	1.0	NonTarget	1	215976
843.7809414171427	1.0	NonTarget	1	216008
843.9059413714284	1.0	NonTarget	1	216040
844.0309413257141	1.0	NonTarget	1	216072
844.1559412799999	1.0	NonTarget	1	216104
844.2809412342856	1.0	NonTarget	1	216136
844.4059411885713	1.0	NonTarget	1	216168
850.5309389485712	1.0	NonTarget	1	217736
850.655938902857	1.0	NonTarget	1	217768
850.7809388571427	1.0	NonTarget	1	217800
850.9059388114284	1.0	NonTarget	1	217832
851.0309387657142	1.0	NonTarget	1	217864
851.1559387199999	1.0	NonTarget	1	217896
851.2809386742856	1.0	NonTarget	1	217928
851.4059386285713	1.0	NonTarget	1	217960
851.530938582857	1.0	NonTarget	1	217992
851.6559385371427	1.0	NonTarget	1	218024
851.7809384914284	1.0	NonTarget	1	218056
851.9059384457141	1.0	NonTarget	1	218088
852.0309383999999	1.0	NonTarget	1	218120
852.1559383542856	1.0	NonTarget	1	218152
852.2809383085713	1.0	NonTarget	1	218184
852.405938262857	1.0	NonTarget	1	218216
852.5309382171428	1.0	NonTarget	1	218248
852.6559381714284	1.0	NonTarget	1	218280
852.7809381257141	1.0	NonTarget	1	218312
852.9059380799998	1.0	NonTarget	1	218344
853.0309380342856	1.0	NonTarget	1	218376
853.1559379885713	1.0	NonTarget	1	218408
853.280937942857	1.0	NonTarget	1	218440
853.4059378971427	1.0	NonTarget	1	218472
853.5309378514285	1.0	NonTarget	1	218504
853.6559378057142	1.0	NonTarget	1	218536
853.7809377599998	1.0	NonTarget	1	218568
853.9059377142855	1.0	NonTarget	1	218600
854.0309376685713	1.0	NonTarget	1	218632
854.155937622857	1.0	NonTarget	1	218664
854.2809375771427	1.0	NonTarget	1	218696
854.4059375314284	1.0	NonTarget	1	218728
854.5309374857142	1.0	NonTarget	1	218760
854.6559374399999	1.0	NonTarget	1	218792
854.7809373942856	1.0	NonTarget	1	218824
854.9059373485712	1.0	NonTarget	1	218856
855.030937302857	1.0	NonTarget	1	218888
855.1559372571427	1.0	NonTarget	1	218920
855.2809372114284	1.0	NonTarget	1	218952
855.4059371657141	1.0	NonTarget	1	218984
855.5309371199999	1.0	NonTarget	1	219016
855.6559370742856	1.0	NonTarget	1	219048
855.7809370285713	1.0	NonTarget	1	219080
855.905936982857	1.0	NonTarget	1	219112
856.0309369371427	1.0	NonTarget	1	219144
856.1559368914284	1.0	NonTarget	1	219176
856.2809368457141	1.0	NonTarget	1	219208
856.4059367999998	1.0	NonTarget	1	219240
856.5309367542856	1.0	NonTarget	1	219272
856.6559367085713	1.0	NonTarget	1	219304
856.780936662857	1.0	NonTarget	1	219336
856.9059366171427	1.0	NonTarget	1	219368
857.0309365714285	1.0	NonTarget	1	219400
857.1559365257141	1.0	NonTarget	1	219432
857.2809364799998	1.0	NonTarget	1	219464
857.4059364342855	1.0	NonTarget	1	219496
857.5309363885713	1.0	NonTarget	1	219528
857.655936342857	1.0	NonTarget	1	219560
857.7809362971427	1.0	NonTarget	1	219592
857.9059362514284	1.0	NonTarget	1	219624
858.0309362057142	1.0	NonTarget	1	219656
858.1559361599999	1.0	NonTarget	1	219688
858.2809361142855	1.0	NonTarget	1	219720
858.4059360685712	1.0	NonTarget	1	219752
858.530936022857	1.0	NonTarget	1	219784
858.6559359771427	1.0	NonTarget	1	219816
858.7809359314284	1.0	NonTarget	1	219848
858.9059358857141	1.0	NonTarget	1	219880
859.0309358399999	1.0	NonTarget	1	219912
859.1559357942856	1.0	NonTarget	1	219944
859.2809357485713	1.0	NonTarget	1	219976
859.4059357028569	1.0	NonTarget	1	220008
859.5309356571427	1.0	NonTarget	1	220040
859.6559356114284	1.0	NonTarget	1	220072
859.7809355657141	1.0	NonTarget	1	220104
859.9059355199998	1.0	NonTarget	1	220136
860.0309354742856	1.0	NonTarget	1	220168
860.1559354285713	1.0	NonTarget	1	220200
860.280935382857	1.0	NonTarget	1	220232
860.4059353371428	1.0	NonTarget	1	220264
860.5309352914285	1.0	NonTarget	1	220296
860.6559352457141	1.0	NonTarget	1	220328
860.7809351999998	1.0	NonTarget	1	220360
860.9059351542855	1.0	NonTarget	1	220392
861.0309351085713	1.0	NonTarget	1	220424
861.155935062857	1.0	NonTarget	1	220456
861.2809350171427	1.0	NonTarget	1	220488
861.4059349714285	1.0	NonTarget	1	220520
861.5309349257142	1.0	NonTarget	1	220552
861.6559348799999	1.0	NonTarget	1	220584
861.7809348342855	1.0	NonTarget	1	220616
861.9059347885712	1.0	NonTarget	1	220648
862.030934742857	1.0	NonTarget	1	220680
862.1559346971427	1.0	NonTarget	1	220712
862.2809346514284	1.0	NonTarget	1	220744
862.4059346057142	1.0	NonTarget	1	220776
868.5309323657141	1.0	NonTarget	1	222344
868.6559323199998	1.0	NonTarget	1	222376
868.7809322742855	1.0	NonTarget	1	222408
868.9059322285713	1.0	NonTarget	1	222440
869.030932182857	1.0	NonTarget	1	222472
869.1559321371427	1.0	NonTarget	1	222504
869.2809320914284	1.0	NonTarget	1	222536
869.4059320457142	1.0	NonTarget	1	222568
869.5309319999999	1.0	NonTarget	1	222600
869.6559319542855	1.0	NonTarget	1	222632
869.7809319085712	1.0	NonTarget	1	222664
869.905931862857	1.0	NonTarget	1	222696
870.0309318171427	1.0	NonTarget	1	222728
870.1559317714284	1.0	NonTarget	1	222760
870.2809317257141	1.0	NonTarget	1	222792
870.4059316799999	1.0	NonTarget	1	222824
870.5309316342856	1.0	NonTarget	1	222856
870.6559315885713	1.0	NonTarget	1	222888
870.7809315428569	1.0	NonTarget	1	222920
870.9059314971427	1.0	NonTarget	1	222952
871.0309314514284	1.0	NonTarget	1	222984
871.1559314057141	1.0	NonTarget	1	223016
871.2809313599998	1.0	NonTarget	1	223048
871.4059313142856	1.0	NonTarget	1	223080
871.5309312685713	1.0	NonTarget	1	223112
871.655931222857	1.0	NonTarget	1	223144
871.7809311771427	1.0	NonTarget	1	223176
871.9059311314285	1.0	NonTarget	1	223208
872.0309310857141	1.0	NonTarget	1	223240
872.1559310399998	1.0	NonTarget	1	223272
872.2809309942855	1.0	NonTarget	1	223304
872.4059309485713	1.0	NonTarget	1	223336
872.530930902857	1.0	NonTarget	1	223368
872.6559308571427	1.0	NonTarget	1	223400
872.7809308114284	1.0	NonTarget	1	223432
872.9059307657142	1.0	NonTarget	1	223464
873.0309307199999	1.0	NonTarget	1	223496
873.1559306742855	1.0	NonTarget	1	223528
873.2809306285712	1.0	NonTarget	1	223560
873.405930582857	1.0	NonTarget	1	223592
873.5309305371427	1.0	NonTarget	1	223624
873.6559304914284	1.0	NonTarget	1	223656
873.7809304457141	1.0	NonTarget	1	223688
873.9059303999999	1.0	NonTarget	1	223720
874.0309303542856	1.0	NonTarget	1	223752
874.1559303085713	1.0	NonTarget	1	223784
874.2809302628569	1.0	NonTarget	1	223816
874.4059302171427	1.0	NonTarget	1	223848
874.5309301714284	1.0	NonTarget	1	223880
874.6559301257141	1.0	NonTarget	1	223912
874.7809300799998	1.0	NonTarget	1	223944
874.9059300342856	1.0	NonTarget	1	223976
875.0309299885713	1.0	NonTarget	1	224008
875.155929942857	1.0	NonTarget	1	224040
875.2809298971428	1.0	NonTarget	1	224072
875.4059298514284	1.0	NonTarget	1	224104
875.5309298057141	1.0	NonTarget	1	224136
875.6559297599998	1.0	NonTarget	1	224168
875.7809297142855	1.0	NonTarget	1	224200
875.9059296685713	1.0	NonTarget	1	224232
876.030929622857	1.0	NonTarget	1	224264
876.1559295771427	1.0	NonTarget	1	224296
876.2809295314285	1.0	NonTarget	1	224328
876.4059294857142	1.0	NonTarget	1	224360
876.5309294399998	1.0	NonTarget	1	224392
876.6559293942855	1.0	NonTarget	1	224424
876.7809293485712	1.0	NonTarget	1	224456
876.905929302857	1.0	NonTarget	1	224488
877.0309292571427	1.0	NonTarget	1	224520
877.1559292114284	1.0	NonTarget	1	224552
877.2809291657142	1.0	NonTarget	1	224584
877.4059291199999	1.0	NonTarget	1	224616
877.5309290742856	1.0	NonTarget	1	224648
877.6559290285712	1.0	NonTarget	1	224680
877.780928982857	1.0	NonTarget	1	224712
877.9059289371427	1.0	NonTarget	1	224744
878.0309288914284	1.0	NonTarget	1	224776
878.1559288457141	1.0	NonTarget	1	224808
878.2809287999999	1.0	NonTarget	1	224840
878.4059287542856	1.0	NonTarget	1	224872
878.5309287085713	1.0	NonTarget	1	224904
878.655928662857	1.0	NonTarget	1	224936
878.7809286171426	1.0	NonTarget	1	224968
878.9059285714284	1.0	NonTarget	1	225000
879.0309285257141	1.0	NonTarget	1	225032
879.1559284799998	1.0	NonTarget	1	225064
879.2809284342856	1.0	NonTarget	1	225096
879.4059283885713	1.0	NonTarget	1	225128
879.530928342857	1.0	NonTarget	1	225160
879.6559282971427	1.0	NonTarget	1	225192
879.7809282514285	1.0	NonTarget	1	225224
879.9059282057141	1.0	NonTarget	1	225256
880.0309281599998	1.0	NonTarget	1	225288
880.1559281142855	1.0	NonTarget	1	225320
880.2809280685713	1.0	NonTarget	1	225352
880.405928022857	1.0	NonTarget	1	225384
886.530925782857	1.0	NonTarget	1	226952
886.6559257371428	1.0	NonTarget	1	226984
886.7809256914284	1.0	NonTarget	1	227016
886.9059256457141	1.0	NonTarget	1	227048
887.0309255999998	1.0	NonTarget	1	227080
887.1559255542855	1.0	NonTarget	1	227112
887.2809255085713	1.0	NonTarget	1	227144
887.405925462857	1.0	NonTarget	1	227176
887.5309254171427	1.0	NonTarget	1	227208
887.6559253714285	1.0	NonTarget	1	227240
887.7809253257142	1.0	NonTarget	1	227272
887.9059252799998	1.0	NonTarget	1	227304
888.0309252342855	1.0	NonTarget	1	227336
888.1559251885712	1.0	NonTarget	1	227368
888.280925142857	1.0	NonTarget	1	227400
888.4059250971427	1.0	NonTarget	1	227432
888.5309250514284	1.0	NonTarget	1	227464
888.6559250057142	1.0	NonTarget	1	227496
888.7809249599999	1.0	NonTarget	1	227528
888.9059249142856	1.0	NonTarget	1	227560
889.0309248685712	1.0	NonTarget	1	227592
889.155924822857	1.0	NonTarget	1	227624
889.2809247771427	1.0	NonTarget	1	227656
889.4059247314284	1.0	NonTarget	1	227688
889.5309246857141	1.0	NonTarget	1	227720
889.6559246399999	1.0	NonTarget	1	227752
889.7809245942856	1.0	NonTarget	1	227784
889.9059245485713	1.0	NonTarget	1	227816
890.030924502857	1.0	NonTarget	1	227848
890.1559244571426	1.0	NonTarget	1	227880
890.2809244114284	1.0	NonTarget	1	227912
890.4059243657141	1.0	NonTarget	1	227944
890.5309243199998	1.0	NonTarget	1	227976
890.6559242742856	1.0	NonTarget	1	228008
890.7809242285713	1.0	NonTarget	1	228040
890.905924182857	1.0	NonTarget	1	228072
891.0309241371427	1.0	NonTarget	1	228104
891.1559240914285	1.0	NonTarget	1	228136
891.2809240457141	1.0	NonTarget	1	228168
891.4059239999998	1.0	NonTarget	1	228200
891.5309239542855	1.0	NonTarget	1	228232
891.6559239085713	1.0	NonTarget	1	228264
891.780923862857	1.0	NonTarget	1	228296
891.9059238171427	1.0	NonTarget	1	228328
892.0309237714284	1.0	NonTarget	1	228360
892.1559237257142	1.0	NonTarget	1	228392
892.2809236799999	1.0	NonTarget	1	228424
892.4059236342856	1.0	NonTarget	1	228456
892.5309235885712	1.0	NonTarget	1	228488
892.655923542857	1.0	NonTarget	1	228520
892.7809234971427	1.0	NonTarget	1	228552
892.9059234514284	1.0	NonTarget	1	228584
893.0309234057141	1.0	NonTarget	1	228616
893.1559233599999	1.0	NonTarget	1	228648
893.2809233142856	1.0	NonTarget	1	228680
893.4059232685713	1.0	NonTarget	1	228712
893.530923222857	1.0	NonTarget	1	228744
893.6559231771427	1.0	NonTarget	1	228776
893.7809231314284	1.0	NonTarget	1	228808
893.9059230857141	1.0	NonTarget	1	228840
894.0309230399998	1.0	NonTarget	1	228872
894.1559229942856	1.0	NonTarget	1	228904
894.2809229485713	1.0	NonTarget	1	228936
894.405922902857	1.0	NonTarget	1	228968
894.5309228571427	1.0	NonTarget	1	229000
894.6559228114285	1.0	NonTarget	1	229032
894.7809227657141	1.0	NonTarget	1	229064
894.9059227199998	1.0	NonTarget	1	229096
895.0309226742855	1.0	NonTarget	1	229128
895.1559226285713	1.0	NonTarget	1	229160
895.280922582857	1.0	NonTarget	1	229192
895.4059225371427	1.0	NonTarget	1	229224
895.5309224914284	1.0	NonTarget	1	229256
895.6559224457142	1.0	NonTarget	1	229288
895.7809223999999	1.0	NonTarget	1	229320
895.9059223542855	1.0	NonTarget	1	229352
896.0309223085712	1.0	NonTarget	1	229384
896.155922262857	1.0	NonTarget	1	229416
896.2809222171427	1.0	NonTarget	1	229448
896.4059221714284	1.0	NonTarget	1	229480
896.5309221257141	1.0	NonTarget	1	229512
896.6559220799999	1.0	NonTarget	1	229544
896.7809220342856	1.0	NonTarget	1	229576
896.9059219885713	1.0	NonTarget	1	229608
897.0309219428569	1.0	NonTarget	1	229640
897.1559218971427	1.0	NonTarget	1	229672
897.2809218514284	1.0	NonTarget	1	229704
897.4059218057141	1.0	NonTarget	1	229736
897.5309217599998	1.0	NonTarget	1	229768
897.6559217142856	1.0	NonTarget	1	229800
897.7809216685713	1.0	NonTarget	1	229832
897.905921622857	1.0	NonTarget	1	229864
898.0309215771427	1.0	NonTarget	1	229896
898.1559215314284	1.0	NonTarget	1	229928
898.2809214857141	1.0	NonTarget	1	229960
898.4059214399998	1.0	NonTarget	1	229992
904.5309191999999	1.0	NonTarget	1	231560
904.6559191542856	1.0	NonTarget	1	231592
904.7809191085713	1.0	NonTarget	1	231624
904.905919062857	1.0	NonTarget	1	231656
905.0309190171427	1.0	NonTarget	1	231688
905.1559189714284	1.0	NonTarget	1	231720
905.2809189257141	1.0	NonTarget	1	231752
905.4059188799998	1.0	NonTarget	1	231784
905.5309188342856	1.0	NonTarget	1	231816
905.6559187885713	1.0	NonTarget	1	231848
905.780918742857	1.0	NonTarget	1	231880
905.9059186971427	1.0	NonTarget	1	231912
906.0309186514285	1.0	NonTarget	1	231944
906.1559186057141	1.0	NonTarget	1	231976
906.2809185599998	1.0	NonTarget	1	232008
906.4059185142855	1.0	NonTarget	1	232040
906.5309184685713	1.0	NonTarget	1	232072
906.655918422857	1.0	NonTarget	1	232104
906.7809183771427	1.0	NonTarget	1	232136
906.9059183314284	1.0	NonTarget	1	232168
907.0309182857142	1.0	NonTarget	1	232200
907.1559182399999	1.0	NonTarget	1	232232
907.2809181942855	1.0	NonTarget	1	232264
907.4059181485712	1.0	NonTarget	1	232296
907.530918102857	1.0	NonTarget	1	232328
907.6559180571427	1.0	NonTarget	1	232360
907.7809180114284	1.0	NonTarget	1	232392
907.9059179657141	1.0	NonTarget	1	232424
908.0309179199999	1.0	NonTarget	1	232456
908.1559178742856	1.0	NonTarget	1	232488
908.2809178285713	1.0	NonTarget	1	232520
908.4059177828569	1.0	NonTarget	1	232552
908.5309177371427	1.0	NonTarget	1	232584
908.6559176914284	1.0	NonTarget	1	232616
908.7809176457141	1.0	NonTarget	1	232648
908.9059175999998	1.0	NonTarget	1	232680
909.0309175542856	1.0	NonTarget	1	232712
909.1559175085713	1.0	NonTarget	1	232744
909.280917462857	1.0	NonTarget	1	232776
909.4059174171427	1.0	NonTarget	1	232808
909.5309173714284	1.0	NonTarget	1	232840
909.6559173257141	1.0	NonTarget	1	232872
909.7809172799998	1.0	NonTarget	1	232904
909.9059172342855	1.0	NonTarget	1	232936
910.0309171885713	1.0	NonTarget	1	232968
910.155917142857	1.0	NonTarget	1	233000
910.2809170971427	1.0	NonTarget	1	233032
910.4059170514284	1.0	NonTarget	1	233064
910.5309170057142	1.0	NonTarget	1	233096
910.6559169599998	1.0	NonTarget	1	233128
910.7809169142855	1.0	NonTarget	1	233160
910.9059168685712	1.0	NonTarget	1	233192
911.030916822857	1.0	NonTarget	1	233224
911.1559167771427	1.0	NonTarget	1	233256
911.2809167314284	1.0	NonTarget	1	233288
911.4059166857141	1.0	NonTarget	1	233320
911.5309166399999	1.0	NonTarget	1	233352
911.6559165942856	1.0	NonTarget	1	233384
911.7809165485712	1.0	NonTarget	1	233416
911.9059165028569	1.0	NonTarget	1	233448
912.0309164571427	1.0	NonTarget	1	233480
912.1559164114284	1.0	NonTarget	1	233512
912.2809163657141	1.0	NonTarget	1	233544
912.4059163199998	1.0	NonTarget	1	233576
912.5309162742856	1.0	NonTarget	1	233608
912.6559162285713	1.0	NonTarget	1	233640
912.780916182857	1.0	NonTarget	1	233672
912.9059161371428	1.0	NonTarget	1	233704
913.0309160914284	1.0	NonTarget	1	233736
913.1559160457141	1.0	NonTarget	1	233768
913.2809159999998	1.0	NonTarget	1	233800
913.4059159542855	1.0	NonTarget	1	233832
913.5309159085713	1.0	NonTarget	1	233864
913.655915862857	1.0	NonTarget	1	233896
913.7809158171427	1.0	NonTarget	1	233928
913.9059157714285	1.0	NonTarget	1	233960
914.0309157257142	1.0	NonTarget	1	233992
914.1559156799998	1.0	NonTarget	1	234024
914.2809156342855	1.0	NonTarget	1	234056
914.4059155885712	1.0	NonTarget	1	234088
914.530915542857	1.0	NonTarget	1	234120
914.6559154971427	1.0	NonTarget	1	234152
914.7809154514284	1.0	NonTarget	1	234184
914.9059154057142	1.0	NonTarget	1	234216
915.0309153599999	1.0	NonTarget	1	234248
915.1559153142856	1.0	NonTarget	1	234280
915.2809152685712	1.0	NonTarget	1	234312
915.405915222857	1.0	NonTarget	1	234344
915.5309151771427	1.0	NonTarget	1	234376
915.6559151314284	1.0	NonTarget	1	234408
915.7809150857141	1.0	NonTarget	1	234440
915.9059150399999	1.0	NonTarget	1	234472
916.0309149942856	1.0	NonTarget	1	234504
916.1559149485713	1.0	NonTarget	1	234536
916.280914902857	1.0	NonTarget	1	234568
916.4059148571426	1.0	NonTarget	1	234600
922.5309126171427	1.0	NonTarget	1	236168
922.6559125714284	1.0	NonTarget	1	236200
922.7809125257141	1.0	NonTarget	1	236232
922.9059124799999	1.0	NonTarget	1	236264
923.0309124342856	1.0	NonTarget	1	236296
923.1559123885713	1.0	NonTarget	1	236328
923.2809123428569	1.0	NonTarget	1	236360
923.4059122971427	1.0	NonTarget	1	236392
923.5309122514284	1.0	NonTarget	1	236424
923.6559122057141	1.0	NonTarget	1	236456
923.7809121599998	1.0	NonTarget	1	236488
923.9059121142856	1.0	NonTarget	1	236520
924.0309120685713	1.0	NonTarget	1	236552
924.155912022857	1.0	NonTarget	1	236584
924.2809119771428	1.0	NonTarget	1	236616
924.4059119314284	1.0	NonTarget	1	236648
924.5309118857141	1.0	NonTarget	1	236680
924.6559118399998	1.0	NonTarget	1	236712
924.7809117942855	1.0	NonTarget	1	236744
924.9059117485713	1.0	NonTarget	1	236776
925.030911702857	1.0	NonTarget	1	236808
925.1559116571427	1.0	NonTarget	1	236840
925.2809116114285	1.0	NonTarget	1	236872
925.4059115657142	1.0	NonTarget	1	236904
925.5309115199998	1.0	NonTarget	1	236936
925.6559114742855	1.0	NonTarget	1	236968
925.7809114285712	1.0	NonTarget	1	237000
925.905911382857	1.0	NonTarget	1	237032
926.0309113371427	1.0	NonTarget	1	237064
926.1559112914284	1.0	NonTarget	1	237096
926.2809112457142	1.0	NonTarget	1	237128
926.4059111999999	1.0	NonTarget	1	237160
926.5309111542856	1.0	NonTarget	1	237192
926.6559111085712	1.0	NonTarget	1	237224
926.780911062857	1.0	NonTarget	1	237256
926.9059110171427	1.0	NonTarget	1	237288
927.0309109714284	1.0	NonTarget	1	237320
927.1559109257141	1.0	NonTarget	1	237352
927.2809108799999	1.0	NonTarget	1	237384
927.4059108342856	1.0	NonTarget	1	237416
927.5309107885713	1.0	NonTarget	1	237448
927.655910742857	1.0	NonTarget	1	237480
927.7809106971426	1.0	NonTarget	1	237512
927.9059106514284	1.0	NonTarget	1	237544
928.0309106057141	1.0	NonTarget	1	237576
928.1559105599998	1.0	NonTarget	1	237608
928.2809105142856	1.0	NonTarget	1	237640
928.4059104685713	1.0	NonTarget	1	237672
928.530910422857	1.0	NonTarget	1	237704
928.6559103771427	1.0	NonTarget	1	237736
928.7809103314285	1.0	NonTarget	1	237768
928.9059102857141	1.0	NonTarget	1	237800
929.0309102399998	1.0	NonTarget	1	237832
929.1559101942855	1.0	NonTarget	1	237864
929.2809101485713	1.0	NonTarget	1	237896
929.405910102857	1.0	NonTarget	1	237928
929.5309100571427	1.0	NonTarget	1	237960
929.6559100114284	1.0	NonTarget	1	237992
929.7809099657142	1.0	NonTarget	1	238024
929.9059099199999	1.0	NonTarget	1	238056
930.0309098742855	1.0	NonTarget	1	238088
930.1559098285712	1.0	NonTarget	1	238120
930.280909782857	1.0	NonTarget	1	238152
930.4059097371427	1.0	NonTarget	1	238184
930.5309096914284	1.0	NonTarget	1	238216
930.6559096457141	1.0	NonTarget	1	238248
930.7809095999999	1.0	NonTarget	1	238280
930.9059095542856	1.0	NonTarget	1	238312
931.0309095085713	1.0	NonTarget	1	238344
931.1559094628569	1.0	NonTarget	1	238376
931.2809094171427	1.0	NonTarget	1	238408
931.4059093714284	1.0	NonTarget	1	238440
931.5309093257141	1.0	NonTarget	1	238472
931.6559092799998	1.0	NonTarget	1	238504
931.7809092342856	1.0	NonTarget	1	238536
931.9059091885713	1.0	NonTarget	1	238568
932.030909142857	1.0	NonTarget	1	238600
932.1559090971427	1.0	NonTarget	1	238632
932.2809090514284	1.0	NonTarget	1	238664
932.4059090057141	1.0	NonTarget	1	238696
932.5309089599998	1.0	NonTarget	1	238728
932.6559089142855	1.0	NonTarget	1	238760
932.7809088685713	1.0	NonTarget	1	238792
932.905908822857	1.0	NonTarget	1	238824
933.0309087771427	1.0	NonTarget	1	238856
933.1559087314284	1.0	NonTarget	1	238888
933.2809086857142	1.0	NonTarget	1	238920
933.4059086399998	1.0	NonTarget	1	238952
933.5309085942855	1.0	NonTarget	1	238984
933.6559085485712	1.0	NonTarget	1	239016
933.780908502857	1.0	NonTarget	1	239048
933.9059084571427	1.0	NonTarget	1	239080
934.0309084114284	1.0	NonTarget	1	239112
934.1559083657141	1.0	NonTarget	1	239144
934.2809083199999	1.0	NonTarget	1	239176
934.4059082742856	1.0	NonTarget	1	239208
940.5309060342855	1.0	NonTarget	1	240776
940.6559059885712	1.0	NonTarget	1	240808
940.780905942857	1.0	NonTarget	1	240840
940.9059058971427	1.0	NonTarget	1	240872
941.0309058514284	1.0	NonTarget	1	240904
941.1559058057142	1.0	NonTarget	1	240936
941.2809057599999	1.0	NonTarget	1	240968
941.4059057142855	1.0	NonTarget	1	241000
941.5309056685712	1.0	NonTarget	1	241032
941.655905622857	1.0	NonTarget	1	241064
941.7809055771427	1.0	NonTarget	1	241096
941.9059055314284	1.0	NonTarget	1	241128
942.0309054857141	1.0	NonTarget	1	241160
942.1559054399999	1.0	NonTarget	1	241192
942.2809053942856	1.0	NonTarget	1	241224
942.4059053485713	1.0	NonTarget	1	241256
942.5309053028569	1.0	NonTarget	1	241288
942.6559052571426	1.0	NonTarget	1	241320
942.7809052114284	1.0	NonTarget	1	241352
942.9059051657141	1.0	NonTarget	1	241384
943.0309051199998	1.0	NonTarget	1	241416
943.1559050742856	1.0	NonTarget	1	241448
943.2809050285713	1.0	NonTarget	1	241480
943.405904982857	1.0	NonTarget	1	241512
943.5309049371427	1.0	NonTarget	1	241544
943.6559048914283	1.0	NonTarget	1	241576
943.7809048457141	1.0	NonTarget	1	241608
943.9059047999998	1.0	NonTarget	1	241640
944.0309047542855	1.0	NonTarget	1	241672
944.1559047085713	1.0	NonTarget	1	241704
944.280904662857	1.0	NonTarget	1	241736
944.4059046171427	1.0	NonTarget	1	241768
944.5309045714284	1.0	NonTarget	1	241800
944.6559045257142	1.0	NonTarget	1	241832
944.7809044799999	1.0	NonTarget	1	241864
944.9059044342855	1.0	NonTarget	1	241896
945.0309043885712	1.0	NonTarget	1	241928
945.155904342857	1.0	NonTarget	1	241960
945.2809042971427	1.0	NonTarget	1	241992
945.4059042514284	1.0	NonTarget	1	242024
945.5309042057141	1.0	NonTarget	1	242056
945.6559041599999	1.0	NonTarget	1	242088
945.7809041142856	1.0	NonTarget	1	242120
945.9059040685713	1.0	NonTarget	1	242152
946.0309040228569	1.0	NonTarget	1	242184
946.1559039771427	1.0	NonTarget	1	242216
946.2809039314284	1.0	NonTarget	1	242248
946.4059038857141	1.0	NonTarget	1	242280
946.5309038399998	1.0	NonTarget	1	242312
946.6559037942856	1.0	NonTarget	1	242344
946.7809037485713	1.0	NonTarget	1	242376
946.905903702857	1.0	NonTarget	1	242408
947.0309036571427	1.0	NonTarget	1	242440
947.1559036114284	1.0	NonTarget	1	242472
947.2809035657141	1.0	NonTarget	1	242504
947.4059035199998	1.0	NonTarget	1	242536
947.5309034742855	1.0	NonTarget	1	242568
947.6559034285713	1.0	NonTarget	1	242600
947.780903382857	1.0	NonTarget	1	242632
947.9059033371427	1.0	NonTarget	1	242664
948.0309032914284	1.0	NonTarget	1	242696
948.1559032457142	1.0	NonTarget	1	242728
948.2809031999998	1.0	NonTarget	1	242760
948.4059031542855	1.0	NonTarget	1	242792
948.5309031085712	1.0	NonTarget	1	242824
948.655903062857	1.0	NonTarget	1	242856
948.7809030171427	1.0	NonTarget	1	242888
948.9059029714284	1.0	NonTarget	1	242920
949.0309029257141	1.0	NonTarget	1	242952
949.1559028799999	1.0	NonTarget	1	242984
949.2809028342856	1.0	NonTarget	1	243016
949.4059027885712	1.0	NonTarget	1	243048
949.5309027428569	1.0	NonTarget	1	243080
949.6559026971427	1.0	NonTarget	1	243112
949.7809026514284	1.0	NonTarget	1	243144
949.9059026057141	1.0	NonTarget	1	243176
950.0309025599998	1.0	NonTarget	1	243208
950.1559025142856	1.0	NonTarget	1	243240
950.2809024685713	1.0	NonTarget	1	243272
950.405902422857	1.0	NonTarget	1	243304
950.5309023771426	1.0	NonTarget	1	243336
950.6559023314284	1.0	NonTarget	1	243368
950.7809022857141	1.0	NonTarget	1	243400
950.9059022399998	1.0	NonTarget	1	243432
951.0309021942855	1.0	NonTarget	1	243464
951.1559021485713	1.0	NonTarget	1	243496
951.280902102857	1.0	NonTarget	1	243528
951.4059020571427	1.0	NonTarget	1	243560
951.5309020114285	1.0	NonTarget	1	243592
951.6559019657141	1.0	NonTarget	1	243624
951.7809019199998	1.0	NonTarget	1	243656
951.9059018742855	1.0	NonTarget	1	243688
952.0309018285712	1.0	NonTarget	1	243720
952.155901782857	1.0	NonTarget	1	243752
952.2809017371427	1.0	NonTarget	1	243784
952.4059016914284	1.0	NonTarget	1	243816
958.5308994514284	1.0	NonTarget	1	245384
958.6558994057141	1.0	NonTarget	1	245416
958.7808993599998	1.0	NonTarget	1	245448
958.9058993142855	1.0	NonTarget	1	245480
959.0308992685713	1.0	NonTarget	1	245512
959.155899222857	1.0	NonTarget	1	245544
959.2808991771427	1.0	NonTarget	1	245576
959.4058991314284	1.0	NonTarget	1	245608
959.5308990857142	1.0	NonTarget	1	245640
959.6558990399998	1.0	NonTarget	1	245672
959.7808989942855	1.0	NonTarget	1	245704
959.9058989485712	1.0	NonTarget	1	245736
960.030898902857	1.0	NonTarget	1	245768
960.1558988571427	1.0	NonTarget	1	245800
960.2808988114284	1.0	NonTarget	1	245832
960.4058987657141	1.0	NonTarget	1	245864
960.5308987199999	1.0	NonTarget	1	245896
960.6558986742856	1.0	NonTarget	1	245928
960.7808986285712	1.0	NonTarget	1	245960
960.9058985828569	1.0	NonTarget	1	245992
961.0308985371427	1.0	NonTarget	1	246024
961.1558984914284	1.0	NonTarget	1	246056
961.2808984457141	1.0	NonTarget	1	246088
961.4058983999998	1.0	NonTarget	1	246120
961.5308983542856	1.0	NonTarget	1	246152
961.6558983085713	1.0	NonTarget	1	246184
961.780898262857	1.0	NonTarget	1	246216
961.9058982171426	1.0	NonTarget	1	246248
962.0308981714284	1.0	NonTarget	1	246280
962.1558981257141	1.0	NonTarget	1	246312
962.2808980799998	1.0	NonTarget	1	246344
962.4058980342855	1.0	NonTarget	1	246376
962.5308979885713	1.0	NonTarget	1	246408
962.655897942857	1.0	NonTarget	1	246440
962.7808978971427	1.0	NonTarget	1	246472
962.9058978514284	1.0	NonTarget	1	246504
963.0308978057141	1.0	NonTarget	1	246536
963.1558977599998	1.0	NonTarget	1	246568
963.2808977142855	1.0	NonTarget	1	246600
963.4058976685712	1.0	NonTarget	1	246632
963.530897622857	1.0	NonTarget	1	246664
963.6558975771427	1.0	NonTarget	1	246696
963.7808975314284	1.0	NonTarget	1	246728
963.9058974857141	1.0	NonTarget	1	246760
964.0308974399999	1.0	NonTarget	1	246792
964.1558973942855	1.0	NonTarget	1	246824
964.2808973485712	1.0	NonTarget	1	246856
964.4058973028569	1.0	NonTarget	1	246888
964.5308972571427	1.0	NonTarget	1	246920
964.6558972114284	1.0	NonTarget	1	246952
964.7808971657141	1.0	NonTarget	1	246984
964.9058971199998	1.0	NonTarget	1	247016
965.0308970742856	1.0	NonTarget	1	247048
965.1558970285713	1.0	NonTarget	1	247080
965.280896982857	1.0	NonTarget	1	247112
965.4058969371426	1.0	NonTarget	1	247144
965.5308968914284	1.0	NonTarget	1	247176
965.6558968457141	1.0	NonTarget	1	247208
965.7808967999998	1.0	NonTarget	1	247240
965.9058967542855	1.0	NonTarget	1	247272
966.0308967085713	1.0	NonTarget	1	247304
966.155896662857	1.0	NonTarget	1	247336
966.2808966171427	1.0	NonTarget	1	247368
966.4058965714285	1.0	NonTarget	1	247400
966.5308965257141	1.0	NonTarget	1	247432
966.6558964799998	1.0	NonTarget	1	247464
966.7808964342855	1.0	NonTarget	1	247496
966.9058963885713	1.0	NonTarget	1	247528
967.030896342857	1.0	NonTarget	1	247560
967.1558962971427	1.0	NonTarget	1	247592
967.2808962514284	1.0	NonTarget	1	247624
967.4058962057142	1.0	NonTarget	1	247656
967.5308961599999	1.0	NonTarget	1	247688
967.6558961142855	1.0	NonTarget	1	247720
967.7808960685712	1.0	NonTarget	1	247752
967.905896022857	1.0	NonTarget	1	247784
968.0308959771427	1.0	NonTarget	1	247816
968.1558959314284	1.0	NonTarget	1	247848
968.2808958857141	1.0	NonTarget	1	247880
968.4058958399999	1.0	NonTarget	1	247912
968.5308957942856	1.0	NonTarget	1	247944
968.6558957485713	1.0	NonTarget	1	247976
968.7808957028569	1.0	NonTarget	1	248008
968.9058956571427	1.0	NonTarget	1	248040
969.0308956114284	1.0	NonTarget	1	248072
969.1558955657141	1.0	NonTarget	1	248104
969.2808955199998	1.0	NonTarget	1	248136
969.4058954742856	1.0	NonTarget	1	248168
969.5308954285713	1.0	NonTarget	1	248200
969.655895382857	1.0	NonTarget	1	248232
969.7808953371427	1.0	NonTarget	1	248264
969.9058952914284	1.0	NonTarget	1	248296
970.0308952457141	1.0	NonTarget	1	248328
970.1558951999998	1.0	NonTarget	1	248360
970.2808951542855	1.0	NonTarget	1	248392
970.4058951085713	1.0	NonTarget	1	248424
976.5308928685713	1.0	NonTarget	1	249992
976.655892822857	1.0	NonTarget	1	250024
976.7808927771426	1.0	NonTarget	1	250056
976.9058927314284	1.0	NonTarget	1	250088
977.0308926857141	1.0	NonTarget	1	250120
977.1558926399998	1.0	NonTarget	1	250152
977.2808925942855	1.0	NonTarget	1	250184
977.4058925485713	1.0	NonTarget	1	250216
977.530892502857	1.0	NonTarget	1	250248
977.6558924571427	1.0	NonTarget	1	250280
977.7808924114285	1.0	NonTarget	1	250312
977.9058923657141	1.0	NonTarget	1	250344
978.0308923199998	1.0	NonTarget	1	250376
978.1558922742855	1.0	NonTarget	1	250408
978.2808922285712	1.0	NonTarget	1	250440
978.405892182857	1.0	NonTarget	1	250472
978.5308921371427	1.0	NonTarget	1	250504
978.6558920914284	1.0	NonTarget	1	250536
978.7808920457142	1.0	NonTarget	1	250568
978.9058919999999	1.0	NonTarget	1	250600
979.0308919542855	1.0	NonTarget	1	250632
979.1558919085712	1.0	NonTarget	1	250664
979.280891862857	1.0	NonTarget	1	250696
979.4058918171427	1.0	NonTarget	1	250728
979.5308917714284	1.0	NonTarget	1	250760
979.6558917257141	1.0	NonTarget	1	250792
979.7808916799999	1.0	NonTarget	1	250824
979.9058916342856	1.0	NonTarget	1	250856
980.0308915885713	1.0	NonTarget	1	250888
980.1558915428569	1.0	NonTarget	1	250920
980.2808914971426	1.0	NonTarget	1	250952
980.4058914514284	1.0	NonTarget	1	250984
980.5308914057141	1.0	NonTarget	1	251016
980.6558913599998	1.0	NonTarget	1	251048
980.7808913142856	1.0	NonTarget	1	251080
980.9058912685713	1.0	NonTarget	1	251112
981.030891222857	1.0	NonTarget	1	251144
981.1558911771427	1.0	NonTarget	1	251176
981.2808911314283	1.0	NonTarget	1	251208
981.4058910857141	1.0	NonTarget	1	251240
981.5308910399998	1.0	NonTarget	1	251272
981.6558909942855	1.0	NonTarget	1	251304
981.7808909485713	1.0	NonTarget	1	251336
981.905890902857	1.0	NonTarget	1	251368
982.0308908571427	1.0	NonTarget	1	251400
982.1558908114284	1.0	NonTarget	1	251432
982.2808907657142	1.0	NonTarget	1	251464
982.4058907199998	1.0	NonTarget	1	251496
982.5308906742855	1.0	NonTarget	1	251528
982.6558906285712	1.0	NonTarget	1	251560
982.780890582857	1.0	NonTarget	1	251592
982.9058905371427	1.0	NonTarget	1	251624
983.0308904914284	1.0	NonTarget	1	251656
983.1558904457141	1.0	NonTarget	1	251688
983.2808903999999	1.0	NonTarget	1	251720
983.4058903542856	1.0	NonTarget	1	251752
983.5308903085712	1.0	NonTarget	1	251784
983.6558902628569	1.0	NonTarget	1	251816
983.7808902171427	1.0	NonTarget	1	251848
983.9058901714284	1.0	NonTarget	1	251880
984.0308901257141	1.0	NonTarget	1	251912
984.1558900799998	1.0	NonTarget	1	251944
984.2808900342856	1.0	NonTarget	1	251976
984.4058899885713	1.0	NonTarget	1	252008
984.530889942857	1.0	NonTarget	1	252040
984.6558898971426	1.0	NonTarget	1	252072
984.7808898514284	1.0	NonTarget	1	252104
984.9058898057141	1.0	NonTarget	1	252136
985.0308897599998	1.0	NonTarget	1	252168
985.1558897142855	1.0	NonTarget	1	252200
985.2808896685713	1.0	NonTarget	1	252232
985.405889622857	1.0	NonTarget	1	252264
985.5308895771427	1.0	NonTarget	1	252296
985.6558895314284	1.0	NonTarget	1	252328
985.7808894857142	1.0	NonTarget	1	252360
985.9058894399998	1.0	NonTarget	1	252392
986.0308893942855	1.0	NonTarget	1	252424
986.1558893485712	1.0	NonTarget	1	252456
986.280889302857	1.0	NonTarget	1	252488
986.4058892571427	1.0	NonTarget	1	252520
986.5308892114284	1.0	NonTarget	1	252552
986.6558891657141	1.0	NonTarget	1	252584
986.7808891199999	1.0	NonTarget	1	252616
986.9058890742856	1.0	NonTarget	1	252648
987.0308890285712	1.0	NonTarget	1	252680
987.1558889828569	1.0	NonTarget	1	252712
987.2808889371427	1.0	NonTarget	1	252744
987.4058888914284	1.0	NonTarget	1	252776
987.5308888457141	1.0	NonTarget	1	252808
987.6558887999998	1.0	NonTarget	1	252840
987.7808887542856	1.0	NonTarget	1	252872
987.9058887085713	1.0	NonTarget	1	252904
988.030888662857	1.0	NonTarget	1	252936
988.1558886171426	1.0	NonTarget	1	252968
988.2808885714284	1.0	NonTarget	1	253000
988.4058885257141	1.0	NonTarget	1	253032
994.5308862857141	1.0	NonTarget	1	254600
994.6558862399999	1.0	NonTarget	1	254632
994.7808861942856	1.0	NonTarget	1	254664
994.9058861485712	1.0	NonTarget	1	254696
995.0308861028569	1.0	NonTarget	1	254728
995.1558860571427	1.0	NonTarget	1	254760
995.2808860114284	1.0	NonTarget	1	254792
995.4058859657141	1.0	NonTarget	1	254824
995.5308859199998	1.0	NonTarget	1	254856
995.6558858742856	1.0	NonTarget	1	254888
995.7808858285713	1.0	NonTarget	1	254920
995.905885782857	1.0	NonTarget	1	254952
996.0308857371426	1.0	NonTarget	1	254984
996.1558856914284	1.0	NonTarget	1	255016
996.2808856457141	1.0	NonTarget	1	255048
996.4058855999998	1.0	NonTarget	1	255080
996.5308855542855	1.0	NonTarget	1	255112
996.6558855085713	1.0	NonTarget	1	255144
996.780885462857	1.0	NonTarget	1	255176
996.9058854171427	1.0	NonTarget	1	255208
997.0308853714284	1.0	NonTarget	1	255240
997.1558853257142	1.0	NonTarget	1	255272
997.2808852799998	1.0	NonTarget	1	255304
997.4058852342855	1.0	NonTarget	1	255336
997.5308851885712	1.0	NonTarget	1	255368
997.655885142857	1.0	NonTarget	1	255400
997.7808850971427	1.0	NonTarget	1	255432
997.9058850514284	1.0	NonTarget	1	255464
998.0308850057141	1.0	NonTarget	1	255496
998.1558849599999	1.0	NonTarget	1	255528
998.2808849142856	1.0	NonTarget	1	255560
998.4058848685712	1.0	NonTarget	1	255592
998.5308848228569	1.0	NonTarget	1	255624
998.6558847771427	1.0	NonTarget	1	255656
998.7808847314284	1.0	NonTarget	1	255688
998.9058846857141	1.0	NonTarget	1	255720
999.0308846399998	1.0	NonTarget	1	255752
999.1558845942856	1.0	NonTarget	1	255784
999.2808845485713	1.0	NonTarget	1	255816
999.405884502857	1.0	NonTarget	1	255848
999.5308844571426	1.0	NonTarget	1	255880
999.6558844114284	1.0	NonTarget	1	255912
999.7808843657141	1.0	NonTarget	1	255944
999.9058843199998	1.0	NonTarget	1	255976
1000.0308842742855	1.0	NonTarget	1	256008
1000.1558842285713	1.0	NonTarget	1	256040
1000.280884182857	1.0	NonTarget	1	256072
1000.4058841371427	1.0	NonTarget	1	256104
1000.5308840914284	1.0	NonTarget	1	256136
1000.6558840457141	1.0	NonTarget	1	256168
1000.7808839999998	1.0	NonTarget	1	256200
1000.9058839542855	1.0	NonTarget	1	256232
1001.0308839085712	1.0	NonTarget	1	256264
1001.155883862857	1.0	NonTarget	1	256296
1001.2808838171427	1.0	NonTarget	1	256328
1001.4058837714284	1.0	NonTarget	1	256360
1001.5308837257141	1.0	NonTarget	1	256392
1001.6558836799999	1.0	NonTarget	1	256424
1001.7808836342855	1.0	NonTarget	1	256456
1001.9058835885712	1.0	NonTarget	1	256488
1002.0308835428569	1.0	NonTarget	1	256520
1002.1558834971427	1.0	NonTarget	1	256552
1002.2808834514284	1.0	NonTarget	1	256584
1002.4058834057141	1.0	NonTarget	1	256616
1002.5308833599998	1.0	NonTarget	1	256648
1002.6558833142856	1.0	NonTarget	1	256680
1002.7808832685713	1.0	NonTarget	1	256712
1002.9058832228569	1.0	NonTarget	1	256744
1003.0308831771426	1.0	NonTarget	1	256776
1003.1558831314284	1.0	NonTarget	1	256808
1003.2808830857141	1.0	NonTarget	1	256840
1003.4058830399998	1.0	NonTarget	1	256872
1003.5308829942855	1.0	NonTarget	1	256904
1003.6558829485713	1.0	NonTarget	1	256936
1003.780882902857	1.0	NonTarget	1	256968
1003.9058828571427	1.0	NonTarget	1	257000
1004.0308828114283	1.0	NonTarget	1	257032
1004.1558827657141	1.0	NonTarget	1	257064
1004.2808827199998	1.0	NonTarget	1	257096
1004.4058826742855	1.0	NonTarget	1	257128
1004.5308826285712	1.0	NonTarget	1	257160
1004.655882582857	1.0	NonTarget	1	257192
1004.7808825371427	1.0	NonTarget	1	257224
1004.9058824914284	1.0	NonTarget	1	257256
1005.0308824457142	1.0	NonTarget	1	257288
1005.1558823999998	1.0	NonTarget	1	257320
1005.2808823542855	1.0	NonTarget	1	257352
1005.4058823085712	1.0	NonTarget	1	257384
1005.530882262857	1.0	NonTarget	1	257416
1005.6558822171427	1.0	NonTarget	1	257448
1005.7808821714284	1.0	NonTarget	1	257480
1005.9058821257141	1.0	NonTarget	1	257512
1006.0308820799999	1.0	NonTarget	1	257544
1006.1558820342856	1.0	NonTarget	1	257576
1006.2808819885712	1.0	NonTarget	1	257608
1006.4058819428569	1.0	NonTarget	1	257640
1012.530879702857	1.0	NonTarget	1	259208
1012.6558796571427	1.0	NonTarget	1	259240
1012.7808796114284	1.0	NonTarget	1	259272
1012.9058795657141	1.0	NonTarget	1	259304
1013.0308795199999	1.0	NonTarget	1	259336
1013.1558794742855	1.0	NonTarget	1	259368
1013.2808794285712	1.0	NonTarget	1	259400
1013.4058793828569	1.0	NonTarget	1	259432
1013.5308793371427	1.0	NonTarget	1	259464
1013.6558792914284	1.0	NonTarget	1	259496
1013.7808792457141	1.0	NonTarget	1	259528
1013.9058791999998	1.0	NonTarget	1	259560
1014.0308791542856	1.0	NonTarget	1	259592
1014.1558791085713	1.0	NonTarget	1	259624
1014.2808790628569	1.0	NonTarget	1	259656
1014.4058790171426	1.0	NonTarget	1	259688
1014.5308789714284	1.0	NonTarget	1	259720
1014.6558789257141	1.0	NonTarget	1	259752
1014.7808788799998	1.0	NonTarget	1	259784
1014.9058788342855	1.0	NonTarget	1	259816
1015.0308787885713	1.0	NonTarget	1	259848
1015.155878742857	1.0	NonTarget	1	259880
1015.2808786971427	1.0	NonTarget	1	259912
1015.4058786514283	1.0	NonTarget	1	259944
1015.5308786057141	1.0	NonTarget	1	259976
1015.6558785599998	1.0	NonTarget	1	260008
1015.7808785142855	1.0	NonTarget	1	260040
1015.9058784685712	1.0	NonTarget	1	260072
1016.030878422857	1.0	NonTarget	1	260104
1016.1558783771427	1.0	NonTarget	1	260136
1016.2808783314284	1.0	NonTarget	1	260168
1016.4058782857142	1.0	NonTarget	1	260200
1016.5308782399998	1.0	NonTarget	1	260232
1016.6558781942855	1.0	NonTarget	1	260264
1016.7808781485712	1.0	NonTarget	1	260296
1016.905878102857	1.0	NonTarget	1	260328
1017.0308780571427	1.0	NonTarget	1	260360
1017.1558780114284	1.0	NonTarget	1	260392
1017.2808779657141	1.0	NonTarget	1	260424
1017.4058779199999	1.0	NonTarget	1	260456
1017.5308778742856	1.0	NonTarget	1	260488
1017.6558778285713	1.0	NonTarget	1	260520
1017.7808777828569	1.0	NonTarget	1	260552
1017.9058777371426	1.0	NonTarget	1	260584
1018.0308776914284	1.0	NonTarget	1	260616
1018.1558776457141	1.0	NonTarget	1	260648
1018.2808775999998	1.0	NonTarget	1	260680
1018.4058775542856	1.0	NonTarget	1	260712
1018.5308775085713	1.0	NonTarget	1	260744
1018.655877462857	1.0	NonTarget	1	260776
1018.7808774171427	1.0	NonTarget	1	260808
1018.9058773714283	1.0	NonTarget	1	260840
1019.0308773257141	1.0	NonTarget	1	260872
1019.1558772799998	1.0	NonTarget	1	260904
1019.2808772342855	1.0	NonTarget	1	260936
1019.4058771885713	1.0	NonTarget	1	260968
1019.530877142857	1.0	NonTarget	1	261000
1019.6558770971427	1.0	NonTarget	1	261032
1019.7808770514284	1.0	NonTarget	1	261064
1019.9058770057142	1.0	NonTarget	1	261096
1020.0308769599998	1.0	NonTarget	1	261128
1020.1558769142855	1.0	NonTarget	1	261160
1020.2808768685712	1.0	NonTarget	1	261192
1020.405876822857	1.0	NonTarget	1	261224
1020.5308767771427	1.0	NonTarget	1	261256
1020.6558767314284	1.0	NonTarget	1	261288
1020.7808766857141	1.0	NonTarget	1	261320
1020.9058766399999	1.0	NonTarget	1	261352
1021.0308765942856	1.0	NonTarget	1	261384
1021.1558765485712	1.0	NonTarget	1	261416
1021.2808765028569	1.0	NonTarget	1	261448
1021.4058764571427	1.0	NonTarget	1	261480
1021.5308764114284	1.0	NonTarget	1	261512
1021.6558763657141	1.0	NonTarget	1	261544
1021.7808763199998	1.0	NonTarget	1	261576
1021.9058762742856	1.0	NonTarget	1	261608
1022.0308762285713	1.0	NonTarget	1	261640
1022.155876182857	1.0	NonTarget	1	261672
1022.2808761371426	1.0	NonTarget	1	261704
1022.4058760914284	1.0	NonTarget	1	261736
1022.5308760457141	1.0	NonTarget	1	261768
1022.6558759999998	1.0	NonTarget	1	261800
1022.7808759542855	1.0	NonTarget	1	261832
1022.9058759085713	1.0	NonTarget	1	261864
1023.030875862857	1.0	NonTarget	1	261896
1023.1558758171427	1.0	NonTarget	1	261928
1023.2808757714284	1.0	NonTarget	1	261960
1023.405875725714	1.0	NonTarget	1	261992
1023.5308756799998	1.0	NonTarget	1	262024
1023.6558756342855	1.0	NonTarget	1	262056
1023.7808755885712	1.0	NonTarget	1	262088
1023.905875542857	1.0	NonTarget	1	262120
1024.0308754971427	1.0	NonTarget	1	262152
1024.1558754514283	1.0	NonTarget	1	262184
1024.2808754057141	1.0	NonTarget	1	262216
1024.4058753599998	1.0	NonTarget	1	262248
1030.5308731199998	1.0	NonTarget	1	263816
1030.6558730742856	1.0	NonTarget	1	263848
1030.7808730285712	1.0	NonTarget	1	263880
1030.9058729828569	1.0	NonTarget	1	263912
1031.0308729371427	1.0	NonTarget	1	263944
1031.1558728914283	1.0	NonTarget	1	263976
1031.2808728457142	1.0	NonTarget	1	264008
1031.4058727999998	1.0	NonTarget	1	264040
1031.5308727542856	1.0	NonTarget	1	264072
1031.6558727085712	1.0	NonTarget	1	264104
1031.780872662857	1.0	NonTarget	1	264136
1031.9058726171427	1.0	NonTarget	1	264168
1032.0308725714283	1.0	NonTarget	1	264200
1032.1558725257141	1.0	NonTarget	1	264232
1032.2808724799997	1.0	NonTarget	1	264264
1032.4058724342856	1.0	NonTarget	1	264296
1032.5308723885712	1.0	NonTarget	1	264328
1032.655872342857	1.0	NonTarget	1	264360
1032.7808722971427	1.0	NonTarget	1	264392
1032.9058722514285	1.0	NonTarget	1	264424
1033.030872205714	1.0	NonTarget	1	264456
1033.1558721599997	1.0	NonTarget	1	264488
1033.2808721142856	1.0	NonTarget	1	264520
1033.4058720685712	1.0	NonTarget	1	264552
1033.530872022857	1.0	NonTarget	1	264584
1033.6558719771426	1.0	NonTarget	1	264616
1033.7808719314285	1.0	NonTarget	1	264648
1033.905871885714	1.0	NonTarget	1	264680
1034.03087184	1.0	NonTarget	1	264712
1034.1558717942855	1.0	NonTarget	1	264744
1034.2808717485711	1.0	NonTarget	1	264776
1034.405871702857	1.0	NonTarget	1	264808
1034.5308716571426	1.0	NonTarget	1	264840
1034.6558716114284	1.0	NonTarget	1	264872
1034.780871565714	1.0	NonTarget	1	264904
1034.90587152	1.0	NonTarget	1	264936
1035.0308714742855	1.0	NonTarget	1	264968
1035.1558714285713	1.0	NonTarget	1	265000
1035.280871382857	1.0	NonTarget	1	265032
1035.4058713371426	1.0	NonTarget	1	265064
1035.5308712914284	1.0	NonTarget	1	265096
1035.655871245714	1.0	NonTarget	1	265128
1035.7808711999999	1.0	NonTarget	1	265160
1035.9058711542855	1.0	NonTarget	1	265192
1036.0308711085713	1.0	NonTarget	1	265224
1036.155871062857	1.0	NonTarget	1	265256
1036.2808710171428	1.0	NonTarget	1	265288
1036.4058709714284	1.0	NonTarget	1	265320
1036.530870925714	1.0	NonTarget	1	265352
1036.6558708799998	1.0	NonTarget	1	265384
1036.7808708342855	1.0	NonTarget	1	265416
1036.9058707885713	1.0	NonTarget	1	265448
1037.030870742857	1.0	NonTarget	1	265480
1037.1558706971427	1.0	NonTarget	1	265512
1037.2808706514284	1.0	NonTarget	1	265544
1037.4058706057142	1.0	NonTarget	1	265576
1037.5308705599998	1.0	NonTarget	1	265608
1037.6558705142854	1.0	NonTarget	1	265640
1037.7808704685713	1.0	NonTarget	1	265672
1037.9058704228569	1.0	NonTarget	1	265704
1038.0308703771427	1.0	NonTarget	1	265736
1038.1558703314283	1.0	NonTarget	1	265768
1038.2808702857142	1.0	NonTarget	1	265800
1038.4058702399998	1.0	NonTarget	1	265832
1038.5308701942856	1.0	NonTarget	1	265864
1038.6558701485712	1.0	NonTarget	1	265896
1038.7808701028569	1.0	NonTarget	1	265928
1038.9058700571427	1.0	NonTarget	1	265960
1039.0308700114283	1.0	NonTarget	1	265992
1039.1558699657141	1.0	NonTarget	1	266024
1039.2808699199998	1.0	NonTarget	1	266056
1039.4058698742856	1.0	NonTarget	1	266088
1039.5308698285712	1.0	NonTarget	1	266120
1039.655869782857	1.0	NonTarget	1	266152
1039.7808697371427	1.0	NonTarget	1	266184
1039.9058696914283	1.0	NonTarget	1	266216
1040.0308696457141	1.0	NonTarget	1	266248
1040.1558695999997	1.0	NonTarget	1	266280
1040.2808695542856	1.0	NonTarget	1	266312
1040.4058695085712	1.0	NonTarget	1	266344
1040.530869462857	1.0	NonTarget	1	266376
1040.6558694171426	1.0	NonTarget	1	266408
1040.7808693714285	1.0	NonTarget	1	266440
1040.905869325714	1.0	NonTarget	1	266472
1041.0308692799997	1.0	NonTarget	1	266504
1041.1558692342855	1.0	NonTarget	1	266536
1041.2808691885712	1.0	NonTarget	1	266568
1041.405869142857	1.0	NonTarget	1	266600
1041.5308690971426	1.0	NonTarget	1	266632
1041.6558690514285	1.0	NonTarget	1	266664
1041.780869005714	1.0	NonTarget	1	266696
1041.90586896	1.0	NonTarget	1	266728
1042.0308689142855	1.0	NonTarget	1	266760
1042.1558688685711	1.0	NonTarget	1	266792
1042.280868822857	1.0	NonTarget	1	266824
1042.4058687771426	1.0	NonTarget	1	266856
1048.5308665371426	1.0	NonTarget	1	268424
1048.6558664914285	1.0	NonTarget	1	268456
1048.780866445714	1.0	NonTarget	1	268488
1048.9058664	1.0	NonTarget	1	268520
1049.0308663542855	1.0	NonTarget	1	268552
1049.1558663085711	1.0	NonTarget	1	268584
1049.280866262857	1.0	NonTarget	1	268616
1049.4058662171426	1.0	NonTarget	1	268648
1049.5308661714284	1.0	NonTarget	1	268680
1049.655866125714	1.0	NonTarget	1	268712
1049.78086608	1.0	NonTarget	1	268744
1049.9058660342855	1.0	NonTarget	1	268776
1050.0308659885713	1.0	NonTarget	1	268808
1050.155865942857	1.0	NonTarget	1	268840
1050.2808658971426	1.0	NonTarget	1	268872
1050.4058658514284	1.0	NonTarget	1	268904
1050.530865805714	1.0	NonTarget	1	268936
1050.6558657599999	1.0	NonTarget	1	268968
1050.7808657142855	1.0	NonTarget	1	269000
1050.9058656685713	1.0	NonTarget	1	269032
1051.030865622857	1.0	NonTarget	1	269064
1051.1558655771428	1.0	NonTarget	1	269096
1051.2808655314284	1.0	NonTarget	1	269128
1051.405865485714	1.0	NonTarget	1	269160
1051.5308654399998	1.0	NonTarget	1	269192
1051.6558653942855	1.0	NonTarget	1	269224
1051.7808653485713	1.0	NonTarget	1	269256
1051.905865302857	1.0	NonTarget	1	269288
1052.0308652571428	1.0	NonTarget	1	269320
1052.1558652114284	1.0	NonTarget	1	269352
1052.2808651657142	1.0	NonTarget	1	269384
1052.4058651199998	1.0	NonTarget	1	269416
1052.5308650742854	1.0	NonTarget	1	269448
1052.6558650285713	1.0	NonTarget	1	269480
1052.7808649828569	1.0	NonTarget	1	269512
1052.9058649371427	1.0	NonTarget	1	269544
1053.0308648914283	1.0	NonTarget	1	269576
1053.1558648457142	1.0	NonTarget	1	269608
1053.2808647999998	1.0	NonTarget	1	269640
1053.4058647542856	1.0	NonTarget	1	269672
1053.5308647085712	1.0	NonTarget	1	269704
1053.6558646628569	1.0	NonTarget	1	269736
1053.7808646171427	1.0	NonTarget	1	269768
1053.9058645714283	1.0	NonTarget	1	269800
1054.0308645257142	1.0	NonTarget	1	269832
1054.1558644799998	1.0	NonTarget	1	269864
1054.2808644342856	1.0	NonTarget	1	269896
1054.4058643885712	1.0	NonTarget	1	269928
1054.530864342857	1.0	NonTarget	1	269960
1054.6558642971427	1.0	NonTarget	1	269992
1054.7808642514283	1.0	NonTarget	1	270024
1054.9058642057141	1.0	NonTarget	1	270056
1055.0308641599997	1.0	NonTarget	1	270088
1055.1558641142856	1.0	NonTarget	1	270120
1055.2808640685712	1.0	NonTarget	1	270152
1055.405864022857	1.0	NonTarget	1	270184
1055.5308639771426	1.0	NonTarget	1	270216
1055.6558639314285	1.0	NonTarget	1	270248
1055.780863885714	1.0	NonTarget	1	270280
1055.9058638399997	1.0	NonTarget	1	270312
1056.0308637942856	1.0	NonTarget	1	270344
1056.1558637485712	1.0	NonTarget	1	270376
1056.280863702857	1.0	NonTarget	1	270408
1056.4058636571426	1.0	NonTarget	1	270440
1056.5308636114285	1.0	NonTarget	1	270472
1056.655863565714	1.0	NonTarget	1	270504
1056.78086352	1.0	NonTarget	1	270536
1056.9058634742855	1.0	NonTarget	1	270568
1057.0308634285711	1.0	NonTarget	1	270600
1057.155863382857	1.0	NonTarget	1	270632
1057.2808633371426	1.0	NonTarget	1	270664
1057.4058632914284	1.0	NonTarget	1	270696
1057.530863245714	1.0	NonTarget	1	270728
1057.6558631999999	1.0	NonTarget	1	270760
1057.7808631542855	1.0	NonTarget	1	270792
1057.9058631085713	1.0	NonTarget	1	270824
1058.030863062857	1.0	NonTarget	1	270856
1058.1558630171426	1.0	NonTarget	1	270888
1058.2808629714284	1.0	NonTarget	1	270920
1058.405862925714	1.0	NonTarget	1	270952
1058.5308628799999	1.0	NonTarget	1	270984
1058.6558628342855	1.0	NonTarget	1	271016
1058.7808627885713	1.0	NonTarget	1	271048
1058.905862742857	1.0	NonTarget	1	271080
1059.0308626971428	1.0	NonTarget	1	271112
1059.1558626514284	1.0	NonTarget	1	271144
1059.280862605714	1.0	NonTarget	1	271176
1059.4058625599998	1.0	NonTarget	1	271208
1059.5308625142854	1.0	NonTarget	1	271240
1059.6558624685713	1.0	NonTarget	1	271272
1059.780862422857	1.0	NonTarget	1	271304
1059.9058623771427	1.0	NonTarget	1	271336
1060.0308623314284	1.0	NonTarget	1	271368
1060.1558622857142	1.0	NonTarget	1	271400
1060.2808622399998	1.0	NonTarget	1	271432
1060.4058621942854	1.0	NonTarget	1	271464
1066.5308599542855	1.0	NonTarget	1	273032
1066.6558599085713	1.0	NonTarget	1	273064
1066.780859862857	1.0	NonTarget	1	273096
1066.9058598171428	1.0	NonTarget	1	273128
1067.0308597714284	1.0	NonTarget	1	273160
1067.1558597257142	1.0	NonTarget	1	273192
1067.2808596799998	1.0	NonTarget	1	273224
1067.4058596342854	1.0	NonTarget	1	273256
1067.5308595885713	1.0	NonTarget	1	273288
1067.655859542857	1.0	NonTarget	1	273320
1067.7808594971427	1.0	NonTarget	1	273352
1067.9058594514283	1.0	NonTarget	1	273384
1068.0308594057142	1.0	NonTarget	1	273416
1068.1558593599998	1.0	NonTarget	1	273448
1068.2808593142856	1.0	NonTarget	1	273480
1068.4058592685712	1.0	NonTarget	1	273512
1068.5308592228569	1.0	NonTarget	1	273544
1068.6558591771427	1.0	NonTarget	1	273576
1068.7808591314283	1.0	NonTarget	1	273608
1068.9058590857142	1.0	NonTarget	1	273640
1069.0308590399998	1.0	NonTarget	1	273672
1069.1558589942856	1.0	NonTarget	1	273704
1069.2808589485712	1.0	NonTarget	1	273736
1069.405858902857	1.0	NonTarget	1	273768
1069.5308588571427	1.0	NonTarget	1	273800
1069.6558588114283	1.0	NonTarget	1	273832
1069.7808587657141	1.0	NonTarget	1	273864
1069.9058587199997	1.0	NonTarget	1	273896
1070.0308586742856	1.0	NonTarget	1	273928
1070.1558586285712	1.0	NonTarget	1	273960
1070.280858582857	1.0	NonTarget	1	273992
1070.4058585371426	1.0	NonTarget	1	274024
1070.5308584914285	1.0	NonTarget	1	274056
1070.655858445714	1.0	NonTarget	1	274088
1070.7808583999997	1.0	NonTarget	1	274120
1070.9058583542856	1.0	NonTarget	1	274152
1071.0308583085712	1.0	NonTarget	1	274184
1071.155858262857	1.0	NonTarget	1	274216
1071.2808582171426	1.0	NonTarget	1	274248
1071.4058581714285	1.0	NonTarget	1	274280
1071.530858125714	1.0	NonTarget	1	274312
1071.65585808	1.0	NonTarget	1	274344
1071.7808580342855	1.0	NonTarget	1	274376
1071.9058579885711	1.0	NonTarget	1	274408
1072.030857942857	1.0	NonTarget	1	274440
1072.1558578971426	1.0	NonTarget	1	274472
1072.2808578514284	1.0	NonTarget	1	274504
1072.405857805714	1.0	NonTarget	1	274536
1072.53085776	1.0	NonTarget	1	274568
1072.6558577142855	1.0	NonTarget	1	274600
1072.7808576685713	1.0	NonTarget	1	274632
1072.905857622857	1.0	NonTarget	1	274664
1073.0308575771426	1.0	NonTarget	1	274696
1073.1558575314284	1.0	NonTarget	1	274728
1073.280857485714	1.0	NonTarget	1	274760
1073.4058574399999	1.0	NonTarget	1	274792
1073.5308573942855	1.0	NonTarget	1	274824
1073.6558573485713	1.0	NonTarget	1	274856
1073.780857302857	1.0	NonTarget	1	274888
1073.9058572571428	1.0	NonTarget	1	274920
1074.0308572114284	1.0	NonTarget	1	274952
1074.155857165714	1.0	NonTarget	1	274984
1074.2808571199998	1.0	NonTarget	1	275016
1074.4058570742854	1.0	NonTarget	1	275048
1074.5308570285713	1.0	NonTarget	1	275080
1074.655856982857	1.0	NonTarget	1	275112
1074.7808569371427	1.0	NonTarget	1	275144
1074.9058568914284	1.0	NonTarget	1	275176
1075.0308568457142	1.0	NonTarget	1	275208
1075.1558567999998	1.0	NonTarget	1	275240
1075.2808567542854	1.0	NonTarget	1	275272
1075.4058567085713	1.0	NonTarget	1	275304
1075.5308566628569	1.0	NonTarget	1	275336
1075.6558566171427	1.0	NonTarget	1	275368
1075.7808565714283	1.0	NonTarget	1	275400
1075.9058565257142	1.0	NonTarget	1	275432
1076.0308564799998	1.0	NonTarget	1	275464
1076.1558564342856	1.0	NonTarget	1	275496
1076.2808563885712	1.0	NonTarget	1	275528
1076.4058563428569	1.0	NonTarget	1	275560
1076.5308562971427	1.0	NonTarget	1	275592
1076.6558562514283	1.0	NonTarget	1	275624
1076.7808562057141	1.0	NonTarget	1	275656
1076.9058561599998	1.0	NonTarget	1	275688
1077.0308561142856	1.0	NonTarget	1	275720
1077.1558560685712	1.0	NonTarget	1	275752
1077.280856022857	1.0	NonTarget	1	275784
1077.4058559771427	1.0	NonTarget	1	275816
1077.5308559314283	1.0	NonTarget	1	275848
1077.6558558857141	1.0	NonTarget	1	275880
1077.7808558399997	1.0	NonTarget	1	275912
1077.9058557942856	1.0	NonTarget	1	275944
1078.0308557485712	1.0	NonTarget	1	275976
1078.155855702857	1.0	NonTarget	1	276008
1078.2808556571426	1.0	NonTarget	1	276040
1078.4058556114285	1.0	NonTarget	1	276072
1084.5308533714283	1.0	NonTarget	1	277640
1084.6558533257141	1.0	NonTarget	1	277672
1084.7808532799997	1.0	NonTarget	1	277704
1084.9058532342856	1.0	NonTarget	1	277736
1085.0308531885712	1.0	NonTarget	1	277768
1085.155853142857	1.0	NonTarget	1	277800
1085.2808530971427	1.0	NonTarget	1	277832
1085.4058530514285	1.0	NonTarget	1	277864
1085.530853005714	1.0	NonTarget	1	277896
1085.6558529599997	1.0	NonTarget	1	277928
1085.7808529142856	1.0	NonTarget	1	277960
1085.9058528685712	1.0	NonTarget	1	277992
1086.030852822857	1.0	NonTarget	1	278024
1086.1558527771426	1.0	NonTarget	1	278056
1086.2808527314285	1.0	NonTarget	1	278088
1086.405852685714	1.0	NonTarget	1	278120
1086.53085264	1.0	NonTarget	1	278152
1086.6558525942855	1.0	NonTarget	1	278184
1086.7808525485711	1.0	NonTarget	1	278216
1086.905852502857	1.0	NonTarget	1	278248
1087.0308524571426	1.0	NonTarget	1	278280
1087.1558524114284	1.0	NonTarget	1	278312
1087.280852365714	1.0	NonTarget	1	278344
1087.40585232	1.0	NonTarget	1	278376
1087.5308522742855	1.0	NonTarget	1	278408
1087.6558522285713	1.0	NonTarget	1	278440
1087.780852182857	1.0	NonTarget	1	278472
1087.9058521371426	1.0	NonTarget	1	278504
1088.0308520914284	1.0	NonTarget	1	278536
1088.155852045714	1.0	NonTarget	1	278568
1088.2808519999999	1.0	NonTarget	1	278600
1088.4058519542855	1.0	NonTarget	1	278632
1088.5308519085713	1.0	NonTarget	1	278664
1088.655851862857	1.0	NonTarget	1	278696
1088.7808518171428	1.0	NonTarget	1	278728
1088.9058517714284	1.0	NonTarget	1	278760
1089.030851725714	1.0	NonTarget	1	278792
1089.1558516799998	1.0	NonTarget	1	278824
1089.2808516342855	1.0	NonTarget	1	278856
1089.4058515885713	1.0	NonTarget	1	278888
1089.530851542857	1.0	NonTarget	1	278920
1089.6558514971427	1.0	NonTarget	1	278952
1089.7808514514284	1.0	NonTarget	1	278984
1089.9058514057142	1.0	NonTarget	1	279016
1090.0308513599998	1.0	NonTarget	1	279048
1090.1558513142854	1.0	NonTarget	1	279080
1090.2808512685713	1.0	NonTarget	1	279112
1090.4058512228569	1.0	NonTarget	1	279144
1090.5308511771427	1.0	NonTarget	1	279176
1090.6558511314283	1.0	NonTarget	1	279208
1090.7808510857142	1.0	NonTarget	1	279240
1090.9058510399998	1.0	NonTarget	1	279272
1091.0308509942856	1.0	NonTarget	1	279304
1091.1558509485712	1.0	NonTarget	1	279336
1091.2808509028569	1.0	NonTarget	1	279368
1091.4058508571427	1.0	NonTarget	1	279400
1091.5308508114283	1.0	NonTarget	1	279432
1091.6558507657141	1.0	NonTarget	1	279464
1091.7808507199998	1.0	NonTarget	1	279496
1091.9058506742856	1.0	NonTarget	1	279528
1092.0308506285712	1.0	NonTarget	1	279560
1092.155850582857	1.0	NonTarget	1	279592
1092.2808505371427	1.0	NonTarget	1	279624
1092.4058504914283	1.0	NonTarget	1	279656
1092.5308504457141	1.0	NonTarget	1	279688
1092.6558503999997	1.0	NonTarget	1	279720
1092.7808503542856	1.0	NonTarget	1	279752
1092.9058503085712	1.0	NonTarget	1	279784
1093.030850262857	1.0	NonTarget	1	279816
1093.1558502171426	1.0	NonTarget	1	279848
1093.2808501714285	1.0	NonTarget	1	279880
1093.405850125714	1.0	NonTarget	1	279912
1093.5308500799997	1.0	NonTarget	1	279944
1093.6558500342855	1.0	NonTarget	1	279976
1093.7808499885712	1.0	NonTarget	1	280008
1093.905849942857	1.0	NonTarget	1	280040
1094.0308498971426	1.0	NonTarget	1	280072
1094.1558498514285	1.0	NonTarget	1	280104
1094.280849805714	1.0	NonTarget	1	280136
1094.40584976	1.0	NonTarget	1	280168
1094.5308497142855	1.0	NonTarget	1	280200
1094.6558496685711	1.0	NonTarget	1	280232
1094.780849622857	1.0	NonTarget	1	280264
1094.9058495771426	1.0	NonTarget	1	280296
1095.0308495314284	1.0	NonTarget	1	280328
1095.155849485714	1.0	NonTarget	1	280360
1095.2808494399999	1.0	NonTarget	1	280392
1095.4058493942855	1.0	NonTarget	1	280424
1095.5308493485713	1.0	NonTarget	1	280456
1095.655849302857	1.0	NonTarget	1	280488
1095.7808492571426	1.0	NonTarget	1	280520
1095.9058492114284	1.0	NonTarget	1	280552
1096.030849165714	1.0	NonTarget	1	280584
1096.1558491199999	1.0	NonTarget	1	280616
1096.2808490742855	1.0	NonTarget	1	280648
1096.4058490285713	1.0	NonTarget	1	280680
1102.5308467885711	1.0	NonTarget	1	282248
1102.655846742857	1.0	NonTarget	1	282280
1102.7808466971426	1.0	NonTarget	1	282312
1102.9058466514284	1.0	NonTarget	1	282344
1103.030846605714	1.0	NonTarget	1	282376
1103.1558465599999	1.0	NonTarget	1	282408
1103.2808465142855	1.0	NonTarget	1	282440
1103.4058464685713	1.0	NonTarget	1	282472
1103.530846422857	1.0	NonTarget	1	282504
1103.6558463771426	1.0	NonTarget	1	282536
1103.7808463314284	1.0	NonTarget	1	282568
1103.905846285714	1.0	NonTarget	1	282600
1104.0308462399998	1.0	NonTarget	1	282632
1104.1558461942855	1.0	NonTarget	1	282664
1104.2808461485713	1.0	NonTarget	1	282696
1104.405846102857	1.0	NonTarget	1	282728
1104.5308460571428	1.0	NonTarget	1	282760
1104.6558460114284	1.0	NonTarget	1	282792
1104.780845965714	1.0	NonTarget	1	282824
1104.9058459199998	1.0	NonTarget	1	282856
1105.0308458742854	1.0	NonTarget	1	282888
1105.1558458285713	1.0	NonTarget	1	282920
1105.2808457828569	1.0	NonTarget	1	282952
1105.4058457371427	1.0	NonTarget	1	282984
1105.5308456914283	1.0	NonTarget	1	283016
1105.6558456457142	1.0	NonTarget	1	283048
1105.7808455999998	1.0	NonTarget	1	283080
1105.9058455542856	1.0	NonTarget	1	283112
1106.0308455085712	1.0	NonTarget	1	283144
1106.1558454628569	1.0	NonTarget	1	283176
1106.2808454171427	1.0	NonTarget	1	283208
1106.4058453714283	1.0	NonTarget	1	283240
1106.5308453257142	1.0	NonTarget	1	283272
1106.6558452799998	1.0	NonTarget	1	283304
1106.7808452342856	1.0	NonTarget	1	283336
1106.9058451885712	1.0	NonTarget	1	283368
1107.030845142857	1.0	NonTarget	1	283400
1107.1558450971427	1.0	NonTarget	1	283432
1107.2808450514283	1.0	NonTarget	1	283464
1107.4058450057141	1.0	NonTarget	1	283496
1107.5308449599997	1.0	NonTarget	1	283528
1107.6558449142856	1.0	NonTarget	1	283560
1107.7808448685712	1.0	NonTarget	1	283592
1107.905844822857	1.0	NonTarget	1	283624
1108.0308447771426	1.0	NonTarget	1	283656
1108.1558447314285	1.0	NonTarget	1	283688
1108.280844685714	1.0	NonTarget	1	283720
1108.4058446399997	1.0	NonTarget	1	283752
1108.5308445942856	1.0	NonTarget	1	283784
1108.6558445485712	1.0	NonTarget	1	283816
1108.780844502857	1.0	NonTarget	1	283848
1108.9058444571426	1.0	NonTarget	1	283880
1109.0308444114285	1.0	NonTarget	1	283912
1109.155844365714	1.0	NonTarget	1	283944
1109.28084432	1.0	NonTarget	1	283976
1109.4058442742855	1.0	NonTarget	1	284008
1109.5308442285711	1.0	NonTarget	1	284040
1109.655844182857	1.0	NonTarget	1	284072
1109.7808441371426	1.0	NonTarget	1	284104
1109.9058440914284	1.0	NonTarget	1	284136
1110.030844045714	1.0	NonTarget	1	284168
1110.155844	1.0	NonTarget	1	284200
1110.2808439542855	1.0	NonTarget	1	284232
1110.4058439085713	1.0	NonTarget	1	284264
1110.530843862857	1.0	NonTarget	1	284296
1110.6558438171426	1.0	NonTarget	1	284328
1110.7808437714284	1.0	NonTarget	1	284360
1110.905843725714	1.0	NonTarget	1	284392
1111.0308436799999	1.0	NonTarget	1	284424
1111.1558436342855	1.0	NonTarget	1	284456
1111.2808435885713	1.0	NonTarget	1	284488
1111.405843542857	1.0	NonTarget	1	284520
1111.5308434971428	1.0	NonTarget	1	284552
1111.6558434514284	1.0	NonTarget	1	284584
1111.780843405714	1.0	NonTarget	1	284616
1111.9058433599998	1.0	NonTarget	1	284648
1112.0308433142854	1.0	NonTarget	1	284680
1112.1558432685713	1.0	NonTarget	1	284712
1112.280843222857	1.0	NonTarget	1	284744
1112.4058431771427	1.0	NonTarget	1	284776
1112.5308431314284	1.0	NonTarget	1	284808
1112.6558430857142	1.0	NonTarget	1	284840
1112.7808430399998	1.0	NonTarget	1	284872
1112.9058429942854	1.0	NonTarget	1	284904
1113.0308429485713	1.0	NonTarget	1	284936
1113.1558429028569	1.0	NonTarget	1	284968
1113.2808428571427	1.0	NonTarget	1	285000
1113.4058428114283	1.0	NonTarget	1	285032
1113.5308427657142	1.0	NonTarget	1	285064
1113.6558427199998	1.0	NonTarget	1	285096
1113.7808426742856	1.0	NonTarget	1	285128
1113.9058426285712	1.0	NonTarget	1	285160
1114.0308425828568	1.0	NonTarget	1	285192
1114.1558425371427	1.0	NonTarget	1	285224
1114.2808424914283	1.0	NonTarget	1	285256
1114.4058424457141	1.0	NonTarget	1	285288
1120.5308402057142	1.0	NonTarget	1	286856
1120.6558401599998	1.0	NonTarget	1	286888
1120.7808401142854	1.0	NonTarget	1	286920
1120.9058400685713	1.0	NonTarget	1	286952
1121.0308400228569	1.0	NonTarget	1	286984
1121.1558399771427	1.0	NonTarget	1	287016
1121.2808399314283	1.0	NonTarget	1	287048
1121.4058398857142	1.0	NonTarget	1	287080
1121.5308398399998	1.0	NonTarget	1	287112
1121.6558397942856	1.0	NonTarget	1	287144
1121.7808397485712	1.0	NonTarget	1	287176
1121.9058397028568	1.0	NonTarget	1	287208
1122.0308396571427	1.0	NonTarget	1	287240
1122.1558396114283	1.0	NonTarget	1	287272
1122.2808395657141	1.0	NonTarget	1	287304
1122.4058395199997	1.0	NonTarget	1	287336
1122.5308394742856	1.0	NonTarget	1	287368
1122.6558394285712	1.0	NonTarget	1	287400
1122.780839382857	1.0	NonTarget	1	287432
1122.9058393371427	1.0	NonTarget	1	287464
1123.0308392914283	1.0	NonTarget	1	287496
1123.155839245714	1.0	NonTarget	1	287528
1123.2808391999997	1.0	NonTarget	1	287560
1123.4058391542856	1.0	NonTarget	1	287592
1123.5308391085712	1.0	NonTarget	1	287624
1123.655839062857	1.0	NonTarget	1	287656
1123.7808390171426	1.0	NonTarget	1	287688
1123.9058389714285	1.0	NonTarget	1	287720
1124.030838925714	1.0	NonTarget	1	287752
1124.1558388799997	1.0	NonTarget	1	287784
1124.2808388342855	1.0	NonTarget	1	287816
1124.4058387885711	1.0	NonTarget	1	287848
1124.530838742857	1.0	NonTarget	1	287880
1124.6558386971426	1.0	NonTarget	1	287912
1124.7808386514284	1.0	NonTarget	1	287944
1124.905838605714	1.0	NonTarget	1	287976
1125.03083856	1.0	NonTarget	1	288008
1125.1558385142855	1.0	NonTarget	1	288040
1125.2808384685711	1.0	NonTarget	1	288072
1125.405838422857	1.0	NonTarget	1	288104
1125.5308383771426	1.0	NonTarget	1	288136
1125.6558383314284	1.0	NonTarget	1	288168
1125.780838285714	1.0	NonTarget	1	288200
1125.9058382399999	1.0	NonTarget	1	288232
1126.0308381942855	1.0	NonTarget	1	288264
1126.1558381485713	1.0	NonTarget	1	288296
1126.280838102857	1.0	NonTarget	1	288328
1126.4058380571425	1.0	NonTarget	1	288360
1126.5308380114284	1.0	NonTarget	1	288392
1126.655837965714	1.0	NonTarget	1	288424
1126.7808379199998	1.0	NonTarget	1	288456
1126.9058378742855	1.0	NonTarget	1	288488
1127.0308378285713	1.0	NonTarget	1	288520
1127.155837782857	1.0	NonTarget	1	288552
1127.2808377371427	1.0	NonTarget	1	288584
1127.4058376914284	1.0	NonTarget	1	288616
1127.5308376457142	1.0	NonTarget	1	288648
1127.6558375999998	1.0	NonTarget	1	288680
1127.7808375542854	1.0	NonTarget	1	288712
1127.9058375085713	1.0	NonTarget	1	288744
1128.0308374628569	1.0	NonTarget	1	288776
1128.1558374171427	1.0	NonTarget	1	288808
1128.2808373714283	1.0	NonTarget	1	288840
1128.4058373257142	1.0	NonTarget	1	288872
1128.5308372799998	1.0	NonTarget	1	288904
1128.6558372342856	1.0	NonTarget	1	288936
1128.7808371885712	1.0	NonTarget	1	288968
1128.9058371428569	1.0	NonTarget	1	289000
1129.0308370971427	1.0	NonTarget	1	289032
1129.1558370514283	1.0	NonTarget	1	289064
1129.2808370057141	1.0	NonTarget	1	289096
1129.4058369599998	1.0	NonTarget	1	289128
1129.5308369142856	1.0	NonTarget	1	289160
1129.6558368685712	1.0	NonTarget	1	289192
1129.780836822857	1.0	NonTarget	1	289224
1129.9058367771427	1.0	NonTarget	1	289256
1130.0308367314283	1.0	NonTarget	1	289288
1130.1558366857141	1.0	NonTarget	1	289320
1130.2808366399997	1.0	NonTarget	1	289352
1130.4058365942856	1.0	NonTarget	1	289384
1130.5308365485712	1.0	NonTarget	1	289416
1130.655836502857	1.0	NonTarget	1	289448
1130.7808364571426	1.0	NonTarget	1	289480
1130.9058364114285	1.0	NonTarget	1	289512
1131.030836365714	1.0	NonTarget	1	289544
1131.1558363199997	1.0	NonTarget	1	289576
1131.2808362742855	1.0	NonTarget	1	289608
1131.4058362285712	1.0	NonTarget	1	289640
1131.530836182857	1.0	NonTarget	1	289672
1131.6558361371426	1.0	NonTarget	1	289704
1131.7808360914285	1.0	NonTarget	1	289736
1131.905836045714	1.0	NonTarget	1	289768
1132.030836	1.0	NonTarget	1	289800
1132.1558359542855	1.0	NonTarget	1	289832
1132.2808359085711	1.0	NonTarget	1	289864
1132.405835862857	1.0	NonTarget	1	289896
1138.530833622857	1.0	NonTarget	1	291464
1138.6558335771426	1.0	NonTarget	1	291496
1138.7808335314285	1.0	NonTarget	1	291528
1138.905833485714	1.0	NonTarget	1	291560
1139.0308334399997	1.0	NonTarget	1	291592
1139.1558333942855	1.0	NonTarget	1	291624
1139.2808333485712	1.0	NonTarget	1	291656
1139.405833302857	1.0	NonTarget	1	291688
1139.5308332571426	1.0	NonTarget	1	291720
1139.6558332114284	1.0	NonTarget	1	291752
1139.780833165714	1.0	NonTarget	1	291784
1139.90583312	1.0	NonTarget	1	291816
1140.0308330742855	1.0	NonTarget	1	291848
1140.1558330285711	1.0	NonTarget	1	291880
1140.280832982857	1.0	NonTarget	1	291912
1140.4058329371426	1.0	NonTarget	1	291944
1140.5308328914284	1.0	NonTarget	1	291976
1140.655832845714	1.0	NonTarget	1	292008
1140.7808327999999	1.0	NonTarget	1	292040
1140.9058327542855	1.0	NonTarget	1	292072
1141.0308327085713	1.0	NonTarget	1	292104
1141.155832662857	1.0	NonTarget	1	292136
1141.2808326171426	1.0	NonTarget	1	292168
1141.4058325714284	1.0	NonTarget	1	292200
1141.530832525714	1.0	NonTarget	1	292232
1141.6558324799998	1.0	NonTarget	1	292264
1141.7808324342855	1.0	NonTarget	1	292296
1141.9058323885713	1.0	NonTarget	1	292328
1142.030832342857	1.0	NonTarget	1	292360
1142.1558322971428	1.0	NonTarget	1	292392
1142.2808322514284	1.0	NonTarget	1	292424
1142.405832205714	1.0	NonTarget	1	292456
1142.5308321599998	1.0	NonTarget	1	292488
1142.6558321142854	1.0	NonTarget	1	292520
1142.7808320685713	1.0	NonTarget	1	292552
1142.9058320228569	1.0	NonTarget	1	292584
1143.0308319771427	1.0	NonTarget	1	292616
1143.1558319314283	1.0	NonTarget	1	292648
1143.2808318857142	1.0	NonTarget	1	292680
1143.4058318399998	1.0	NonTarget	1	292712
1143.5308317942854	1.0	NonTarget	1	292744
1143.6558317485712	1.0	NonTarget	1	292776
1143.7808317028569	1.0	NonTarget	1	292808
1143.9058316571427	1.0	NonTarget	1	292840
1144.0308316114283	1.0	NonTarget	1	292872
1144.1558315657142	1.0	NonTarget	1	292904
1144.2808315199998	1.0	NonTarget	1	292936
1144.4058314742856	1.0	NonTarget	1	292968
1144.5308314285712	1.0	NonTarget	1	293000
1144.6558313828568	1.0	NonTarget	1	293032
1144.7808313371427	1.0	NonTarget	1	293064
1144.9058312914283	1.0	NonTarget	1	293096
1145.0308312457141	1.0	NonTarget	1	293128
1145.1558311999997	1.0	NonTarget	1	293160
1145.2808311542856	1.0	NonTarget	1	293192
1145.4058311085712	1.0	NonTarget	1	293224
1145.530831062857	1.0	NonTarget	1	293256
1145.6558310171426	1.0	NonTarget	1	293288
1145.7808309714283	1.0	NonTarget	1	293320
1145.905830925714	1.0	NonTarget	1	293352
1146.0308308799997	1.0	NonTarget	1	293384
1146.1558308342856	1.0	NonTarget	1	293416
1146.2808307885712	1.0	NonTarget	1	293448
1146.405830742857	1.0	NonTarget	1	293480
1146.5308306971426	1.0	NonTarget	1	293512
1146.6558306514285	1.0	NonTarget	1	293544
1146.780830605714	1.0	NonTarget	1	293576
1146.9058305599997	1.0	NonTarget	1	293608
1147.0308305142855	1.0	NonTarget	1	293640
1147.1558304685711	1.0	NonTarget	1	293672
1147.280830422857	1.0	NonTarget	1	293704
1147.4058303771426	1.0	NonTarget	1	293736
1147.5308303314284	1.0	NonTarget	1	293768
1147.655830285714	1.0	NonTarget	1	293800
1147.78083024	1.0	NonTarget	1	293832
1147.9058301942855	1.0	NonTarget	1	293864
1148.0308301485713	1.0	NonTarget	1	293896
1148.155830102857	1.0	NonTarget	1	293928
1148.2808300571426	1.0	NonTarget	1	293960
1148.4058300114284	1.0	NonTarget	1	293992
1148.530829965714	1.0	NonTarget	1	294024
1148.6558299199999	1.0	NonTarget	1	294056
1148.7808298742855	1.0	NonTarget	1	294088
1148.9058298285713	1.0	NonTarget	1	294120
1149.030829782857	1.0	NonTarget	1	294152
1149.1558297371428	1.0	NonTarget	1	294184
1149.2808296914284	1.0	NonTarget	1	294216
1149.405829645714	1.0	NonTarget	1	294248
1149.5308295999998	1.0	NonTarget	1	294280
1149.6558295542854	1.0	NonTarget	1	294312
1149.7808295085713	1.0	NonTarget	1	294344
1149.905829462857	1.0	NonTarget	1	294376
1150.0308294171427	1.0	NonTarget	1	294408
1150.1558293714284	1.0	NonTarget	1	294440
1150.2808293257142	1.0	NonTarget	1	294472
1150.4058292799998	1.0	NonTarget	1	294504
1156.5308270399998	1.0	NonTarget	1	296072
1156.6558269942855	1.0	NonTarget	1	296104
1156.7808269485713	1.0	NonTarget	1	296136
1156.905826902857	1.0	NonTarget	1	296168
1157.0308268571428	1.0	NonTarget	1	296200
1157.1558268114284	1.0	NonTarget	1	296232
1157.280826765714	1.0	NonTarget	1	296264
1157.4058267199998	1.0	NonTarget	1	296296
1157.5308266742854	1.0	NonTarget	1	296328
1157.6558266285713	1.0	NonTarget	1	296360
1157.780826582857	1.0	NonTarget	1	296392
1157.9058265371427	1.0	NonTarget	1	296424
1158.0308264914283	1.0	NonTarget	1	296456
1158.1558264457142	1.0	NonTarget	1	296488
1158.2808263999998	1.0	NonTarget	1	296520
1158.4058263542854	1.0	NonTarget	1	296552
1158.5308263085712	1.0	NonTarget	1	296584
1158.6558262628569	1.0	NonTarget	1	296616
1158.7808262171427	1.0	NonTarget	1	296648
1158.9058261714283	1.0	NonTarget	1	296680
1159.0308261257142	1.0	NonTarget	1	296712
1159.1558260799998	1.0	NonTarget	1	296744
1159.2808260342856	1.0	NonTarget	1	296776
1159.4058259885712	1.0	NonTarget	1	296808
1159.5308259428568	1.0	NonTarget	1	296840
1159.6558258971427	1.0	NonTarget	1	296872
1159.7808258514283	1.0	NonTarget	1	296904
1159.9058258057141	1.0	NonTarget	1	296936
1160.0308257599997	1.0	NonTarget	1	296968
1160.1558257142856	1.0	NonTarget	1	297000
1160.2808256685712	1.0	NonTarget	1	297032
1160.405825622857	1.0	NonTarget	1	297064
1160.5308255771427	1.0	NonTarget	1	297096
1160.6558255314283	1.0	NonTarget	1	297128
1160.780825485714	1.0	NonTarget	1	297160
1160.9058254399997	1.0	NonTarget	1	297192
1161.0308253942856	1.0	NonTarget	1	297224
1161.1558253485712	1.0	NonTarget	1	297256
1161.280825302857	1.0	NonTarget	1	297288
1161.4058252571426	1.0	NonTarget	1	297320
1161.5308252114285	1.0	NonTarget	1	297352
1161.655825165714	1.0	NonTarget	1	297384
1161.7808251199997	1.0	NonTarget	1	297416
1161.9058250742855	1.0	NonTarget	1	297448
1162.0308250285711	1.0	NonTarget	1	297480
1162.155824982857	1.0	NonTarget	1	297512
1162.2808249371426	1.0	NonTarget	1	297544
1162.4058248914284	1.0	NonTarget	1	297576
1162.530824845714	1.0	NonTarget	1	297608
1162.6558248	1.0	NonTarget	1	297640
1162.7808247542855	1.0	NonTarget	1	297672
1162.9058247085711	1.0	NonTarget	1	297704
1163.030824662857	1.0	NonTarget	1	297736
1163.1558246171426	1.0	NonTarget	1	297768
1163.2808245714284	1.0	NonTarget	1	297800
1163.405824525714	1.0	NonTarget	1	297832
1163.5308244799999	1.0	NonTarget	1	297864
1163.6558244342855	1.0	NonTarget	1	297896
1163.7808243885713	1.0	NonTarget	1	297928
1163.905824342857	1.0	NonTarget	1	297960
1164.0308242971425	1.0	NonTarget	1	297992
1164.1558242514284	1.0	NonTarget	1	298024
1164.280824205714	1.0	NonTarget	1	298056
1164.4058241599998	1.0	NonTarget	1	298088
1164.5308241142855	1.0	NonTarget	1	298120
1164.6558240685713	1.0	NonTarget	1	298152
1164.780824022857	1.0	NonTarget	1	298184
1164.9058239771427	1.0	NonTarget	1	298216
1165.0308239314284	1.0	NonTarget	1	298248
1165.155823885714	1.0	NonTarget	1	298280
1165.2808238399998	1.0	NonTarget	1	298312
1165.4058237942854	1.0	NonTarget	1	298344
1165.5308237485713	1.0	NonTarget	1	298376
1165.6558237028569	1.0	NonTarget	1	298408
1165.7808236571427	1.0	NonTarget	1	298440
1165.9058236114283	1.0	NonTarget	1	298472
1166.0308235657142	1.0	NonTarget	1	298504
1166.1558235199998	1.0	NonTarget	1	298536
1166.2808234742854	1.0	NonTarget	1	298568
1166.4058234285712	1.0	NonTarget	1	298600
1166.5308233828569	1.0	NonTarget	1	298632
1166.6558233371427	1.0	NonTarget	1	298664
1166.7808232914283	1.0	NonTarget	1	298696
1166.9058232457141	1.0	NonTarget	1	298728
1167.0308231999998	1.0	NonTarget	1	298760
1167.1558231542856	1.0	NonTarget	1	298792
1167.2808231085712	1.0	NonTarget	1	298824
1167.4058230628568	1.0	NonTarget	1	298856
1167.5308230171427	1.0	NonTarget	1	298888
1167.6558229714283	1.0	NonTarget	1	298920
1167.7808229257141	1.0	NonTarget	1	298952
1167.9058228799997	1.0	NonTarget	1	298984
1168.0308228342856	1.0	NonTarget	1	299016
1168.1558227885712	1.0	NonTarget	1	299048
1168.280822742857	1.0	NonTarget	1	299080
1168.4058226971426	1.0	NonTarget	1	299112
1174.5308204571427	1.0	NonTarget	1	300680
1174.6558204114283	1.0	NonTarget	1	300712
1174.7808203657141	1.0	NonTarget	1	300744
1174.9058203199997	1.0	NonTarget	1	300776
1175.0308202742856	1.0	NonTarget	1	300808
1175.1558202285712	1.0	NonTarget	1	300840
1175.280820182857	1.0	NonTarget	1	300872
1175.4058201371427	1.0	NonTarget	1	300904
1175.5308200914283	1.0	NonTarget	1	300936
1175.655820045714	1.0	NonTarget	1	300968
1175.7808199999997	1.0	NonTarget	1	301000
1175.9058199542856	1.0	NonTarget	1	301032
1176.0308199085712	1.0	NonTarget	1	301064
1176.155819862857	1.0	NonTarget	1	301096
1176.2808198171426	1.0	NonTarget	1	301128
1176.4058197714285	1.0	NonTarget	1	301160
1176.530819725714	1.0	NonTarget	1	301192
1176.6558196799997	1.0	NonTarget	1	301224
1176.7808196342855	1.0	NonTarget	1	301256
1176.9058195885711	1.0	NonTarget	1	301288
1177.030819542857	1.0	NonTarget	1	301320
1177.1558194971426	1.0	NonTarget	1	301352
1177.2808194514284	1.0	NonTarget	1	301384
1177.405819405714	1.0	NonTarget	1	301416
1177.53081936	1.0	NonTarget	1	301448
1177.6558193142855	1.0	NonTarget	1	301480
1177.7808192685711	1.0	NonTarget	1	301512
1177.905819222857	1.0	NonTarget	1	301544
1178.0308191771426	1.0	NonTarget	1	301576
1178.1558191314284	1.0	NonTarget	1	301608
1178.280819085714	1.0	NonTarget	1	301640
1178.4058190399999	1.0	NonTarget	1	301672
1178.5308189942855	1.0	NonTarget	1	301704
1178.6558189485713	1.0	NonTarget	1	301736
1178.780818902857	1.0	NonTarget	1	301768
1178.9058188571425	1.0	NonTarget	1	301800
1179.0308188114284	1.0	NonTarget	1	301832
1179.155818765714	1.0	NonTarget	1	301864
1179.2808187199998	1.0	NonTarget	1	301896
1179.4058186742855	1.0	NonTarget	1	301928
1179.5308186285713	1.0	NonTarget	1	301960
1179.655818582857	1.0	NonTarget	1	301992
1179.7808185371427	1.0	NonTarget	1	302024
1179.9058184914284	1.0	NonTarget	1	302056
1180.030818445714	1.0	NonTarget	1	302088
1180.1558183999998	1.0	NonTarget	1	302120
1180.2808183542854	1.0	NonTarget	1	302152
1180.4058183085713	1.0	NonTarget	1	302184
1180.5308182628569	1.0	NonTarget	1	302216
1180.6558182171427	1.0	NonTarget	1	302248
1180.7808181714283	1.0	NonTarget	1	302280
1180.9058181257142	1.0	NonTarget	1	302312
1181.0308180799998	1.0	NonTarget	1	302344
1181.1558180342854	1.0	NonTarget	1	302376
1181.2808179885712	1.0	NonTarget	1	302408
1181.4058179428569	1.0	NonTarget	1	302440
1181.5308178971427	1.0	NonTarget	1	302472
1181.6558178514283	1.0	NonTarget	1	302504
1181.7808178057142	1.0	NonTarget	1	302536
1181.9058177599998	1.0	NonTarget	1	302568
1182.0308177142856	1.0	NonTarget	1	302600
1182.1558176685712	1.0	NonTarget	1	302632
1182.2808176228568	1.0	NonTarget	1	302664
1182.4058175771427	1.0	NonTarget	1	302696
1182.5308175314283	1.0	NonTarget	1	302728
1182.6558174857141	1.0	NonTarget	1	302760
1182.7808174399997	1.0	NonTarget	1	302792
1182.9058173942856	1.0	NonTarget	1	302824
1183.0308173485712	1.0	NonTarget	1	302856
1183.155817302857	1.0	NonTarget	1	302888
1183.2808172571426	1.0	NonTarget	1	302920
1183.4058172114283	1.0	NonTarget	1	302952
1183.530817165714	1.0	NonTarget	1	302984
1183.6558171199997	1.0	NonTarget	1	303016
1183.7808170742856	1.0	NonTarget	1	303048
1183.9058170285712	1.0	NonTarget	1	303080
1184.030816982857	1.0	NonTarget	1	303112
1184.1558169371426	1.0	NonTarget	1	303144
1184.2808168914285	1.0	NonTarget	1	303176
1184.405816845714	1.0	NonTarget	1	303208
1184.5308167999997	1.0	NonTarget	1	303240
1184.6558167542855	1.0	NonTarget	1	303272
1184.7808167085711	1.0	NonTarget	1	303304
1184.905816662857	1.0	NonTarget	1	303336
1185.0308166171426	1.0	NonTarget	1	303368
1185.1558165714284	1.0	NonTarget	1	303400
1185.280816525714	1.0	NonTarget	1	303432
1185.4058164799999	1.0	NonTarget	1	303464
1185.5308164342855	1.0	NonTarget	1	303496
1185.655816388571	1.0	NonTarget	1	303528
1185.780816342857	1.0	NonTarget	1	303560
1185.9058162971426	1.0	NonTarget	1	303592
1186.0308162514284	1.0	NonTarget	1	303624
1186.155816205714	1.0	NonTarget	1	303656
1186.2808161599999	1.0	NonTarget	1	303688
1186.4058161142855	1.0	NonTarget	1	303720
1192.5308138742855	1.0	NonTarget	1	305288
1192.6558138285711	1.0	NonTarget	1	305320
1192.780813782857	1.0	NonTarget	1	305352
1192.9058137371426	1.0	NonTarget	1	305384
1193.0308136914284	1.0	NonTarget	1	305416
1193.155813645714	1.0	NonTarget	1	305448
1193.2808135999999	1.0	NonTarget	1	305480
1193.4058135542855	1.0	NonTarget	1	305512
1193.5308135085713	1.0	NonTarget	1	305544
1193.655813462857	1.0	NonTarget	1	305576
1193.7808134171426	1.0	NonTarget	1	305608
1193.9058133714284	1.0	NonTarget	1	305640
1194.030813325714	1.0	NonTarget	1	305672
1194.1558132799998	1.0	NonTarget	1	305704
1194.2808132342855	1.0	NonTarget	1	305736
1194.4058131885713	1.0	NonTarget	1	305768
1194.530813142857	1.0	NonTarget	1	305800
1194.6558130971428	1.0	NonTarget	1	305832
1194.7808130514284	1.0	NonTarget	1	305864
1194.905813005714	1.0	NonTarget	1	305896
1195.0308129599998	1.0	NonTarget	1	305928
1195.1558129142854	1.0	NonTarget	1	305960
1195.2808128685713	1.0	NonTarget	1	305992
1195.405812822857	1.0	NonTarget	1	306024
1195.5308127771427	1.0	NonTarget	1	306056
1195.6558127314283	1.0	NonTarget	1	306088
1195.7808126857142	1.0	NonTarget	1	306120
1195.9058126399998	1.0	NonTarget	1	306152
1196.0308125942854	1.0	NonTarget	1	306184
1196.1558125485712	1.0	NonTarget	1	306216
1196.2808125028569	1.0	NonTarget	1	306248
1196.4058124571427	1.0	NonTarget	1	306280
1196.5308124114283	1.0	NonTarget	1	306312
1196.6558123657142	1.0	NonTarget	1	306344
1196.7808123199998	1.0	NonTarget	1	306376
1196.9058122742856	1.0	NonTarget	1	306408
1197.0308122285712	1.0	NonTarget	1	306440
1197.1558121828568	1.0	NonTarget	1	306472
1197.2808121371427	1.0	NonTarget	1	306504
1197.4058120914283	1.0	NonTarget	1	306536
1197.5308120457141	1.0	NonTarget	1	306568
1197.6558119999997	1.0	NonTarget	1	306600
1197.7808119542856	1.0	NonTarget	1	306632
1197.9058119085712	1.0	NonTarget	1	306664
1198.030811862857	1.0	NonTarget	1	306696
1198.1558118171426	1.0	NonTarget	1	306728
1198.2808117714283	1.0	NonTarget	1	306760
1198.405811725714	1.0	NonTarget	1	306792
1198.5308116799997	1.0	NonTarget	1	306824
1198.6558116342856	1.0	NonTarget	1	306856
1198.7808115885712	1.0	NonTarget	1	306888
1198.905811542857	1.0	NonTarget	1	306920
1199.0308114971426	1.0	NonTarget	1	306952
1199.1558114514285	1.0	NonTarget	1	306984
1199.280811405714	1.0	NonTarget	1	307016
1199.4058113599997	1.0	NonTarget	1	307048
1199.5308113142855	1.0	NonTarget	1	307080
1199.6558112685711	1.0	NonTarget	1	307112
1199.780811222857	1.0	NonTarget	1	307144
1199.9058111771426	1.0	NonTarget	1	307176
1200.0308111314284	1.0	NonTarget	1	307208
1200.155811085714	1.0	NonTarget	1	307240
1200.28081104	1.0	NonTarget	1	307272
1200.4058109942855	1.0	NonTarget	1	307304
1200.5308109485711	1.0	NonTarget	1	307336
1200.655810902857	1.0	NonTarget	1	307368
1200.7808108571426	1.0	NonTarget	1	307400
1200.9058108114284	1.0	NonTarget	1	307432
1201.030810765714	1.0	NonTarget	1	307464
1201.1558107199999	1.0	NonTarget	1	307496
1201.2808106742855	1.0	NonTarget	1	307528
1201.4058106285713	1.0	NonTarget	1	307560
1201.530810582857	1.0	NonTarget	1	307592
1201.6558105371425	1.0	NonTarget	1	307624
1201.7808104914284	1.0	NonTarget	1	307656
1201.905810445714	1.0	NonTarget	1	307688
1202.0308103999998	1.0	NonTarget	1	307720
1202.1558103542854	1.0	NonTarget	1	307752
1202.2808103085713	1.0	NonTarget	1	307784
1202.405810262857	1.0	NonTarget	1	307816
1202.5308102171427	1.0	NonTarget	1	307848
1202.6558101714284	1.0	NonTarget	1	307880
1202.780810125714	1.0	NonTarget	1	307912
1202.9058100799998	1.0	NonTarget	1	307944
1203.0308100342854	1.0	NonTarget	1	307976
1203.1558099885713	1.0	NonTarget	1	308008
1203.2808099428569	1.0	NonTarget	1	308040
1203.4058098971427	1.0	NonTarget	1	308072
1203.5308098514283	1.0	NonTarget	1	308104
1203.6558098057142	1.0	NonTarget	1	308136
1203.7808097599998	1.0	NonTarget	1	308168
1203.9058097142854	1.0	NonTarget	1	308200
1204.0308096685712	1.0	NonTarget	1	308232
1204.1558096228569	1.0	NonTarget	1	308264
1204.2808095771427	1.0	NonTarget	1	308296
1204.4058095314283	1.0	NonTarget	1	308328
1210.5308072914283	1.0	NonTarget	1	309896
1210.6558072457142	1.0	NonTarget	1	309928
1210.7808071999998	1.0	NonTarget	1	309960
1210.9058071542854	1.0	NonTarget	1	309992
1211.0308071085713	1.0	NonTarget	1	310024
1211.1558070628569	1.0	NonTarget	1	310056
1211.2808070171427	1.0	NonTarget	1	310088
1211.4058069714283	1.0	NonTarget	1	310120
1211.5308069257142	1.0	NonTarget	1	310152
1211.6558068799998	1.0	NonTarget	1	310184
1211.7808068342856	1.0	NonTarget	1	310216
1211.9058067885712	1.0	NonTarget	1	310248
1212.0308067428568	1.0	NonTarget	1	310280
1212.1558066971427	1.0	NonTarget	1	310312
1212.2808066514283	1.0	NonTarget	1	310344
1212.4058066057141	1.0	NonTarget	1	310376
1212.5308065599997	1.0	NonTarget	1	310408
1212.6558065142856	1.0	NonTarget	1	310440
1212.7808064685712	1.0	NonTarget	1	310472
1212.905806422857	1.0	NonTarget	1	310504
1213.0308063771427	1.0	NonTarget	1	310536
1213.1558063314283	1.0	NonTarget	1	310568
1213.280806285714	1.0	NonTarget	1	310600
1213.4058062399997	1.0	NonTarget	1	310632
1213.5308061942856	1.0	NonTarget	1	310664
1213.6558061485712	1.0	NonTarget	1	310696
1213.780806102857	1.0	NonTarget	1	310728
1213.9058060571426	1.0	NonTarget	1	310760
1214.0308060114285	1.0	NonTarget	1	310792
1214.155805965714	1.0	NonTarget	1	310824
1214.2808059199997	1.0	NonTarget	1	310856
1214.4058058742855	1.0	NonTarget	1	310888
1214.5308058285711	1.0	NonTarget	1	310920
1214.655805782857	1.0	NonTarget	1	310952
1214.7808057371426	1.0	NonTarget	1	310984
1214.9058056914284	1.0	NonTarget	1	311016
1215.030805645714	1.0	NonTarget	1	311048
1215.1558056	1.0	NonTarget	1	311080
1215.2808055542855	1.0	NonTarget	1	311112
1215.4058055085711	1.0	NonTarget	1	311144
1215.530805462857	1.0	NonTarget	1	311176
1215.6558054171426	1.0	NonTarget	1	311208
1215.7808053714284	1.0	NonTarget	1	311240
1215.905805325714	1.0	NonTarget	1	311272
1216.0308052799999	1.0	NonTarget	1	311304
1216.1558052342855	1.0	NonTarget	1	311336
1216.2808051885713	1.0	NonTarget	1	311368
1216.405805142857	1.0	NonTarget	1	311400
1216.5308050971425	1.0	NonTarget	1	311432
1216.6558050514284	1.0	NonTarget	1	311464
1216.780805005714	1.0	NonTarget	1	311496
1216.9058049599998	1.0	NonTarget	1	311528
1217.0308049142855	1.0	NonTarget	1	311560
1217.1558048685713	1.0	NonTarget	1	311592
1217.280804822857	1.0	NonTarget	1	311624
1217.4058047771427	1.0	NonTarget	1	311656
1217.5308047314284	1.0	NonTarget	1	311688
1217.655804685714	1.0	NonTarget	1	311720
1217.7808046399998	1.0	NonTarget	1	311752
1217.9058045942854	1.0	NonTarget	1	311784
1218.0308045485713	1.0	NonTarget	1	311816
1218.1558045028569	1.0	NonTarget	1	311848
1218.2808044571427	1.0	NonTarget	1	311880
1218.4058044114283	1.0	NonTarget	1	311912
1218.5308043657142	1.0	NonTarget	1	311944
1218.6558043199998	1.0	NonTarget	1	311976
1218.7808042742854	1.0	NonTarget	1	312008
1218.9058042285712	1.0	NonTarget	1	312040
1219.0308041828569	1.0	NonTarget	1	312072
1219.1558041371427	1.0	NonTarget	1	312104
1219.2808040914283	1.0	NonTarget	1	312136
1219.4058040457141	1.0	NonTarget	1	312168
1219.5308039999998	1.0	NonTarget	1	312200
1219.6558039542856	1.0	NonTarget	1	312232
1219.7808039085712	1.0	NonTarget	1	312264
1219.9058038628568	1.0	NonTarget	1	312296
1220.0308038171427	1.0	NonTarget	1	312328
1220.1558037714283	1.0	NonTarget	1	312360
1220.2808037257141	1.0	NonTarget	1	312392
1220.4058036799997	1.0	NonTarget	1	312424
1220.5308036342856	1.0	NonTarget	1	312456
1220.6558035885712	1.0	NonTarget	1	312488
1220.780803542857	1.0	NonTarget	1	312520
1220.9058034971426	1.0	NonTarget	1	312552
1221.0308034514283	1.0	NonTarget	1	312584
1221.155803405714	1.0	NonTarget	1	312616
1221.2808033599997	1.0	NonTarget	1	312648
1221.4058033142855	1.0	NonTarget	1	312680
1221.5308032685712	1.0	NonTarget	1	312712
1221.655803222857	1.0	NonTarget	1	312744
1221.7808031771426	1.0	NonTarget	1	312776
1221.9058031314285	1.0	NonTarget	1	312808
1222.030803085714	1.0	NonTarget	1	312840
1222.1558030399997	1.0	NonTarget	1	312872
1222.2808029942855	1.0	NonTarget	1	312904
1222.4058029485711	1.0	NonTarget	1	312936
1228.5308007085712	1.0	NonTarget	1	314504
1228.655800662857	1.0	NonTarget	1	314536
1228.7808006171426	1.0	NonTarget	1	314568
1228.9058005714282	1.0	NonTarget	1	314600
1229.030800525714	1.0	NonTarget	1	314632
1229.1558004799997	1.0	NonTarget	1	314664
1229.2808004342855	1.0	NonTarget	1	314696
1229.4058003885712	1.0	NonTarget	1	314728
1229.530800342857	1.0	NonTarget	1	314760
1229.6558002971426	1.0	NonTarget	1	314792
1229.7808002514284	1.0	NonTarget	1	314824
1229.905800205714	1.0	NonTarget	1	314856
1230.0308001599997	1.0	NonTarget	1	314888
1230.1558001142855	1.0	NonTarget	1	314920
1230.2808000685711	1.0	NonTarget	1	314952
1230.405800022857	1.0	NonTarget	1	314984
1230.5307999771426	1.0	NonTarget	1	315016
1230.6557999314284	1.0	NonTarget	1	315048
1230.780799885714	1.0	NonTarget	1	315080
1230.9057998399999	1.0	NonTarget	1	315112
1231.0307997942855	1.0	NonTarget	1	315144
1231.1557997485713	1.0	NonTarget	1	315176
1231.280799702857	1.0	NonTarget	1	315208
1231.4057996571426	1.0	NonTarget	1	315240
1231.5307996114284	1.0	NonTarget	1	315272
1231.655799565714	1.0	NonTarget	1	315304
1231.7807995199998	1.0	NonTarget	1	315336
1231.9057994742855	1.0	NonTarget	1	315368
1232.0307994285713	1.0	NonTarget	1	315400
1232.155799382857	1.0	NonTarget	1	315432
1232.2807993371428	1.0	NonTarget	1	315464
1232.4057992914284	1.0	NonTarget	1	315496
1232.530799245714	1.0	NonTarget	1	315528
1232.6557991999998	1.0	NonTarget	1	315560
1232.7807991542854	1.0	NonTarget	1	315592
1232.9057991085713	1.0	NonTarget	1	315624
1233.0307990628569	1.0	NonTarget	1	315656
1233.1557990171427	1.0	NonTarget	1	315688
1233.2807989714283	1.0	NonTarget	1	315720
1233.4057989257142	1.0	NonTarget	1	315752
1233.5307988799998	1.0	NonTarget	1	315784
1233.6557988342854	1.0	NonTarget	1	315816
1233.7807987885712	1.0	NonTarget	1	315848
1233.9057987428569	1.0	NonTarget	1	315880
1234.0307986971427	1.0	NonTarget	1	315912
1234.1557986514283	1.0	NonTarget	1	315944
1234.2807986057142	1.0	NonTarget	1	315976
1234.4057985599998	1.0	NonTarget	1	316008
1234.5307985142856	1.0	NonTarget	1	316040
1234.6557984685712	1.0	NonTarget	1	316072
1234.7807984228568	1.0	NonTarget	1	316104
1234.9057983771427	1.0	NonTarget	1	316136
1235.0307983314283	1.0	NonTarget	1	316168
1235.1557982857141	1.0	NonTarget	1	316200
1235.2807982399997	1.0	NonTarget	1	316232
1235.4057981942856	1.0	NonTarget	1	316264
1235.5307981485712	1.0	NonTarget	1	316296
1235.655798102857	1.0	NonTarget	1	316328
1235.7807980571426	1.0	NonTarget	1	316360
1235.9057980114283	1.0	NonTarget	1	316392
1236.030797965714	1.0	NonTarget	1	316424
1236.1557979199997	1.0	NonTarget	1	316456
1236.2807978742856	1.0	NonTarget	1	316488
1236.4057978285712	1.0	NonTarget	1	316520
1236.530797782857	1.0	NonTarget	1	316552
1236.6557977371426	1.0	NonTarget	1	316584
1236.7807976914285	1.0	NonTarget	1	316616
1236.905797645714	1.0	NonTarget	1	316648
1237.0307975999997	1.0	NonTarget	1	316680
1237.1557975542855	1.0	NonTarget	1	316712
1237.2807975085711	1.0	NonTarget	1	316744
1237.405797462857	1.0	NonTarget	1	316776
1237.5307974171426	1.0	NonTarget	1	316808
1237.6557973714284	1.0	NonTarget	1	316840
1237.780797325714	1.0	NonTarget	1	316872
1237.90579728	1.0	NonTarget	1	316904
1238.0307972342855	1.0	NonTarget	1	316936
1238.1557971885711	1.0	NonTarget	1	316968
1238.280797142857	1.0	NonTarget	1	317000
1238.4057970971426	1.0	NonTarget	1	317032
1238.5307970514284	1.0	NonTarget	1	317064
1238.655797005714	1.0	NonTarget	1	317096
1238.7807969599999	1.0	NonTarget	1	317128
1238.9057969142855	1.0	NonTarget	1	317160
1239.0307968685713	1.0	NonTarget	1	317192
1239.155796822857	1.0	NonTarget	1	317224
1239.2807967771425	1.0	NonTarget	1	317256
1239.4057967314284	1.0	NonTarget	1	317288
1239.530796685714	1.0	NonTarget	1	317320
1239.6557966399998	1.0	NonTarget	1	317352
1239.7807965942854	1.0	NonTarget	1	317384
1239.9057965485713	1.0	NonTarget	1	317416
1240.030796502857	1.0	NonTarget	1	317448
1240.1557964571427	1.0	NonTarget	1	317480
1240.2807964114284	1.0	NonTarget	1	317512
1240.405796365714	1.0	NonTarget	1	317544
1246.530794125714	1.0	NonTarget	1	319112
1246.6557940799999	1.0	NonTarget	1	319144
1246.7807940342855	1.0	NonTarget	1	319176
1246.9057939885713	1.0	NonTarget	1	319208
1247.030793942857	1.0	NonTarget	1	319240
1247.1557938971425	1.0	NonTarget	1	319272
1247.2807938514284	1.0	NonTarget	1	319304
1247.405793805714	1.0	NonTarget	1	319336
1247.5307937599998	1.0	NonTarget	1	319368
1247.6557937142854	1.0	NonTarget	1	319400
1247.7807936685713	1.0	NonTarget	1	319432
1247.905793622857	1.0	NonTarget	1	319464
1248.0307935771427	1.0	NonTarget	1	319496
1248.1557935314283	1.0	NonTarget	1	319528
1248.280793485714	1.0	NonTarget	1	319560
1248.4057934399998	1.0	NonTarget	1	319592
1248.5307933942854	1.0	NonTarget	1	319624
1248.6557933485713	1.0	NonTarget	1	319656
1248.7807933028569	1.0	NonTarget	1	319688
1248.9057932571427	1.0	NonTarget	1	319720
1249.0307932114283	1.0	NonTarget	1	319752
1249.1557931657142	1.0	NonTarget	1	319784
1249.2807931199998	1.0	NonTarget	1	319816
1249.4057930742854	1.0	NonTarget	1	319848
1249.5307930285712	1.0	NonTarget	1	319880
1249.6557929828568	1.0	NonTarget	1	319912
1249.7807929371427	1.0	NonTarget	1	319944
1249.9057928914283	1.0	NonTarget	1	319976
1250.0307928457141	1.0	NonTarget	1	320008
1250.1557927999997	1.0	NonTarget	1	320040
1250.2807927542856	1.0	NonTarget	1	320072
1250.4057927085712	1.0	NonTarget	1	320104
1250.5307926628568	1.0	NonTarget	1	320136
1250.6557926171427	1.0	NonTarget	1	320168
1250.7807925714283	1.0	NonTarget	1	320200
1250.905792525714	1.0	NonTarget	1	320232
1251.0307924799997	1.0	NonTarget	1	320264
1251.1557924342856	1.0	NonTarget	1	320296
1251.2807923885712	1.0	NonTarget	1	320328
1251.405792342857	1.0	NonTarget	1	320360
1251.5307922971426	1.0	NonTarget	1	320392
1251.6557922514282	1.0	NonTarget	1	320424
1251.780792205714	1.0	NonTarget	1	320456
1251.9057921599997	1.0	NonTarget	1	320488
1252.0307921142855	1.0	NonTarget	1	320520
1252.1557920685711	1.0	NonTarget	1	320552
1252.280792022857	1.0	NonTarget	1	320584
1252.4057919771426	1.0	NonTarget	1	320616
1252.5307919314284	1.0	NonTarget	1	320648
1252.655791885714	1.0	NonTarget	1	320680
1252.78079184	1.0	NonTarget	1	320712
1252.9057917942855	1.0	NonTarget	1	320744
1253.0307917485711	1.0	NonTarget	1	320776
1253.155791702857	1.0	NonTarget	1	320808
1253.2807916571426	1.0	NonTarget	1	320840
1253.4057916114284	1.0	NonTarget	1	320872
1253.530791565714	1.0	NonTarget	1	320904
1253.6557915199999	1.0	NonTarget	1	320936
1253.7807914742855	1.0	NonTarget	1	320968
1253.9057914285713	1.0	NonTarget	1	321000
1254.030791382857	1.0	NonTarget	1	321032
1254.1557913371425	1.0	NonTarget	1	321064
1254.2807912914284	1.0	NonTarget	1	321096
1254.405791245714	1.0	NonTarget	1	321128
1254.5307911999998	1.0	NonTarget	1	321160
1254.6557911542855	1.0	NonTarget	1	321192
1254.7807911085713	1.0	NonTarget	1	321224
1254.905791062857	1.0	NonTarget	1	321256
1255.0307910171427	1.0	NonTarget	1	321288
1255.1557909714284	1.0	NonTarget	1	321320
1255.280790925714	1.0	NonTarget	1	321352
1255.4057908799998	1.0	NonTarget	1	321384
1255.5307908342854	1.0	NonTarget	1	321416
1255.6557907885713	1.0	NonTarget	1	321448
1255.7807907428569	1.0	NonTarget	1	321480
1255.9057906971427	1.0	NonTarget	1	321512
1256.0307906514283	1.0	NonTarget	1	321544
1256.1557906057142	1.0	NonTarget	1	321576
1256.2807905599998	1.0	NonTarget	1	321608
1256.4057905142854	1.0	NonTarget	1	321640
1256.5307904685712	1.0	NonTarget	1	321672
1256.6557904228569	1.0	NonTarget	1	321704
1256.7807903771427	1.0	NonTarget	1	321736
1256.9057903314283	1.0	NonTarget	1	321768
1257.0307902857141	1.0	NonTarget	1	321800
1257.1557902399998	1.0	NonTarget	1	321832
1257.2807901942856	1.0	NonTarget	1	321864
1257.4057901485712	1.0	NonTarget	1	321896
1257.5307901028568	1.0	NonTarget	1	321928
1257.6557900571427	1.0	NonTarget	1	321960
1257.7807900114283	1.0	NonTarget	1	321992
1257.9057899657141	1.0	NonTarget	1	322024
1258.0307899199997	1.0	NonTarget	1	322056
1258.1557898742856	1.0	NonTarget	1	322088
1258.2807898285712	1.0	NonTarget	1	322120
1258.405789782857	1.0	NonTarget	1	322152
1264.5307875428568	1.0	NonTarget	1	323720
1264.6557874971427	1.0	NonTarget	1	323752
1264.7807874514283	1.0	NonTarget	1	323784
1264.9057874057141	1.0	NonTarget	1	323816
1265.0307873599997	1.0	NonTarget	1	323848
1265.1557873142856	1.0	NonTarget	1	323880
1265.2807872685712	1.0	NonTarget	1	323912
1265.4057872228568	1.0	NonTarget	1	323944
1265.5307871771427	1.0	NonTarget	1	323976
1265.6557871314283	1.0	NonTarget	1	324008
1265.780787085714	1.0	NonTarget	1	324040
1265.9057870399997	1.0	NonTarget	1	324072
1266.0307869942856	1.0	NonTarget	1	324104
1266.1557869485712	1.0	NonTarget	1	324136
1266.280786902857	1.0	NonTarget	1	324168
1266.4057868571426	1.0	NonTarget	1	324200
1266.5307868114282	1.0	NonTarget	1	324232
1266.655786765714	1.0	NonTarget	1	324264
1266.7807867199997	1.0	NonTarget	1	324296
1266.9057866742855	1.0	NonTarget	1	324328
1267.0307866285711	1.0	NonTarget	1	324360
1267.155786582857	1.0	NonTarget	1	324392
1267.2807865371426	1.0	NonTarget	1	324424
1267.4057864914284	1.0	NonTarget	1	324456
1267.530786445714	1.0	NonTarget	1	324488
1267.6557863999997	1.0	NonTarget	1	324520
1267.7807863542855	1.0	NonTarget	1	324552
1267.9057863085711	1.0	NonTarget	1	324584
1268.030786262857	1.0	NonTarget	1	324616
1268.1557862171426	1.0	NonTarget	1	324648
1268.2807861714284	1.0	NonTarget	1	324680
1268.405786125714	1.0	NonTarget	1	324712
1268.5307860799999	1.0	NonTarget	1	324744
1268.6557860342855	1.0	NonTarget	1	324776
1268.780785988571	1.0	NonTarget	1	324808
1268.905785942857	1.0	NonTarget	1	324840
1269.0307858971426	1.0	NonTarget	1	324872
1269.1557858514284	1.0	NonTarget	1	324904
1269.280785805714	1.0	NonTarget	1	324936
1269.4057857599998	1.0	NonTarget	1	324968
1269.5307857142855	1.0	NonTarget	1	325000
1269.6557856685713	1.0	NonTarget	1	325032
1269.780785622857	1.0	NonTarget	1	325064
1269.9057855771425	1.0	NonTarget	1	325096
1270.0307855314284	1.0	NonTarget	1	325128
1270.155785485714	1.0	NonTarget	1	325160
1270.2807854399998	1.0	NonTarget	1	325192
1270.4057853942854	1.0	NonTarget	1	325224
1270.5307853485713	1.0	NonTarget	1	325256
1270.6557853028569	1.0	NonTarget	1	325288
1270.7807852571427	1.0	NonTarget	1	325320
1270.9057852114283	1.0	NonTarget	1	325352
1271.030785165714	1.0	NonTarget	1	325384
1271.1557851199998	1.0	NonTarget	1	325416
1271.2807850742854	1.0	NonTarget	1	325448
1271.4057850285712	1.0	NonTarget	1	325480
1271.5307849828569	1.0	NonTarget	1	325512
1271.6557849371427	1.0	NonTarget	1	325544
1271.7807848914283	1.0	NonTarget	1	325576
1271.9057848457142	1.0	NonTarget	1	325608
1272.0307847999998	1.0	NonTarget	1	325640
1272.1557847542854	1.0	NonTarget	1	325672
1272.2807847085712	1.0	NonTarget	1	325704
1272.4057846628568	1.0	NonTarget	1	325736
1272.5307846171427	1.0	NonTarget	1	325768
1272.6557845714283	1.0	NonTarget	1	325800
1272.7807845257141	1.0	NonTarget	1	325832
1272.9057844799997	1.0	NonTarget	1	325864
1273.0307844342856	1.0	NonTarget	1	325896
1273.1557843885712	1.0	NonTarget	1	325928
1273.280784342857	1.0	NonTarget	1	325960
1273.4057842971426	1.0	NonTarget	1	325992
1273.5307842514283	1.0	NonTarget	1	326024
1273.655784205714	1.0	NonTarget	1	326056
1273.7807841599997	1.0	NonTarget	1	326088
1273.9057841142856	1.0	NonTarget	1	326120
1274.0307840685712	1.0	NonTarget	1	326152
1274.155784022857	1.0	NonTarget	1	326184
1274.2807839771426	1.0	NonTarget	1	326216
1274.4057839314285	1.0	NonTarget	1	326248
1274.530783885714	1.0	NonTarget	1	326280
1274.6557838399997	1.0	NonTarget	1	326312
1274.7807837942855	1.0	NonTarget	1	326344
1274.9057837485711	1.0	NonTarget	1	326376
1275.030783702857	1.0	NonTarget	1	326408
1275.1557836571426	1.0	NonTarget	1	326440
1275.2807836114284	1.0	NonTarget	1	326472
1275.405783565714	1.0	NonTarget	1	326504
1275.5307835199999	1.0	NonTarget	1	326536
1275.6557834742855	1.0	NonTarget	1	326568
1275.780783428571	1.0	NonTarget	1	326600
1275.905783382857	1.0	NonTarget	1	326632
1276.0307833371426	1.0	NonTarget	1	326664
1276.1557832914284	1.0	NonTarget	1	326696
1276.280783245714	1.0	NonTarget	1	326728
1276.4057831999999	1.0	NonTarget	1	326760
1282.5307809599997	1.0	NonTarget	1	328328
1282.6557809142855	1.0	NonTarget	1	328360
1282.7807808685711	1.0	NonTarget	1	328392
1282.905780822857	1.0	NonTarget	1	328424
1283.0307807771426	1.0	NonTarget	1	328456
1283.1557807314284	1.0	NonTarget	1	328488
1283.280780685714	1.0	NonTarget	1	328520
1283.4057806399999	1.0	NonTarget	1	328552
1283.5307805942855	1.0	NonTarget	1	328584
1283.655780548571	1.0	NonTarget	1	328616
1283.780780502857	1.0	NonTarget	1	328648
1283.9057804571426	1.0	NonTarget	1	328680
1284.0307804114284	1.0	NonTarget	1	328712
1284.155780365714	1.0	NonTarget	1	328744
1284.2807803199998	1.0	NonTarget	1	328776
1284.4057802742855	1.0	NonTarget	1	328808
1284.5307802285713	1.0	NonTarget	1	328840
1284.655780182857	1.0	NonTarget	1	328872
1284.7807801371425	1.0	NonTarget	1	328904
1284.9057800914284	1.0	NonTarget	1	328936
1285.030780045714	1.0	NonTarget	1	328968
1285.1557799999998	1.0	NonTarget	1	329000
1285.2807799542854	1.0	NonTarget	1	329032
1285.4057799085713	1.0	NonTarget	1	329064
1285.530779862857	1.0	NonTarget	1	329096
1285.6557798171427	1.0	NonTarget	1	329128
1285.7807797714283	1.0	NonTarget	1	329160
1285.905779725714	1.0	NonTarget	1	329192
1286.0307796799998	1.0	NonTarget	1	329224
1286.1557796342854	1.0	NonTarget	1	329256
1286.2807795885712	1.0	NonTarget	1	329288
1286.4057795428569	1.0	NonTarget	1	329320
1286.5307794971427	1.0	NonTarget	1	329352
1286.6557794514283	1.0	NonTarget	1	329384
1286.7807794057142	1.0	NonTarget	1	329416
1286.9057793599998	1.0	NonTarget	1	329448
1287.0307793142854	1.0	NonTarget	1	329480
1287.1557792685712	1.0	NonTarget	1	329512
1287.2807792228568	1.0	NonTarget	1	329544
1287.4057791771427	1.0	NonTarget	1	329576
1287.5307791314283	1.0	NonTarget	1	329608
1287.6557790857141	1.0	NonTarget	1	329640
1287.7807790399997	1.0	NonTarget	1	329672
1287.9057789942856	1.0	NonTarget	1	329704
1288.0307789485712	1.0	NonTarget	1	329736
1288.1557789028568	1.0	NonTarget	1	329768
1288.2807788571426	1.0	NonTarget	1	329800
1288.4057788114283	1.0	NonTarget	1	329832
1288.530778765714	1.0	NonTarget	1	329864
1288.6557787199997	1.0	NonTarget	1	329896
1288.7807786742856	1.0	NonTarget	1	329928
1288.9057786285712	1.0	NonTarget	1	329960
1289.030778582857	1.0	NonTarget	1	329992
1289.1557785371426	1.0	NonTarget	1	330024
1289.2807784914282	1.0	NonTarget	1	330056
1289.405778445714	1.0	NonTarget	1	330088
1289.5307783999997	1.0	NonTarget	1	330120
1289.6557783542855	1.0	NonTarget	1	330152
1289.7807783085711	1.0	NonTarget	1	330184
1289.905778262857	1.0	NonTarget	1	330216
1290.0307782171426	1.0	NonTarget	1	330248
1290.1557781714284	1.0	NonTarget	1	330280
1290.280778125714	1.0	NonTarget	1	330312
1290.4057780799997	1.0	NonTarget	1	330344
1290.5307780342855	1.0	NonTarget	1	330376
1290.6557779885711	1.0	NonTarget	1	330408
1290.780777942857	1.0	NonTarget	1	330440
1290.9057778971426	1.0	NonTarget	1	330472
1291.0307778514284	1.0	NonTarget	1	330504
1291.155777805714	1.0	NonTarget	1	330536
1291.2807777599999	1.0	NonTarget	1	330568
1291.4057777142855	1.0	NonTarget	1	330600
1291.530777668571	1.0	NonTarget	1	330632
1291.655777622857	1.0	NonTarget	1	330664
1291.7807775771425	1.0	NonTarget	1	330696
1291.9057775314284	1.0	NonTarget	1	330728
1292.030777485714	1.0	NonTarget	1	330760
1292.1557774399998	1.0	NonTarget	1	330792
1292.2807773942855	1.0	NonTarget	1	330824
1292.4057773485713	1.0	NonTarget	1	330856
1292.530777302857	1.0	NonTarget	1	330888
1292.6557772571425	1.0	NonTarget	1	330920
1292.7807772114284	1.0	NonTarget	1	330952
1292.905777165714	1.0	NonTarget	1	330984
1293.0307771199998	1.0	NonTarget	1	331016
1293.1557770742854	1.0	NonTarget	1	331048
1293.2807770285713	1.0	NonTarget	1	331080
1293.4057769828569	1.0	NonTarget	1	331112
1293.5307769371427	1.0	NonTarget	1	331144
1293.6557768914283	1.0	NonTarget	1	331176
1293.7807768457142	1.0	NonTarget	1	331208
1293.9057767999998	1.0	NonTarget	1	331240
1294.0307767542854	1.0	NonTarget	1	331272
1294.1557767085712	1.0	NonTarget	1	331304
1294.2807766628569	1.0	NonTarget	1	331336
1294.4057766171427	1.0	NonTarget	1	331368
1300.5307743771427	1.0	NonTarget	1	332936
1300.6557743314283	1.0	NonTarget	1	332968
1300.780774285714	1.0	NonTarget	1	333000
1300.9057742399998	1.0	NonTarget	1	333032
1301.0307741942854	1.0	NonTarget	1	333064
1301.1557741485713	1.0	NonTarget	1	333096
1301.2807741028569	1.0	NonTarget	1	333128
1301.4057740571427	1.0	NonTarget	1	333160
1301.5307740114283	1.0	NonTarget	1	333192
1301.6557739657142	1.0	NonTarget	1	333224
1301.7807739199998	1.0	NonTarget	1	333256
1301.9057738742854	1.0	NonTarget	1	333288
1302.0307738285712	1.0	NonTarget	1	333320
1302.1557737828568	1.0	NonTarget	1	333352
1302.2807737371427	1.0	NonTarget	1	333384
1302.4057736914283	1.0	NonTarget	1	333416
1302.5307736457141	1.0	NonTarget	1	333448
1302.6557735999997	1.0	NonTarget	1	333480
1302.7807735542856	1.0	NonTarget	1	333512
1302.9057735085712	1.0	NonTarget	1	333544
1303.0307734628568	1.0	NonTarget	1	333576
1303.1557734171427	1.0	NonTarget	1	333608
1303.2807733714283	1.0	NonTarget	1	333640
1303.405773325714	1.0	NonTarget	1	333672
1303.5307732799997	1.0	NonTarget	1	333704
1303.6557732342856	1.0	NonTarget	1	333736
1303.7807731885712	1.0	NonTarget	1	333768
1303.905773142857	1.0	NonTarget	1	333800
1304.0307730971426	1.0	NonTarget	1	333832
1304.1557730514282	1.0	NonTarget	1	333864
1304.280773005714	1.0	NonTarget	1	333896
1304.4057729599997	1.0	NonTarget	1	333928
1304.5307729142855	1.0	NonTarget	1	333960
1304.6557728685711	1.0	NonTarget	1	333992
1304.780772822857	1.0	NonTarget	1	334024
1304.9057727771426	1.0	NonTarget	1	334056
1305.0307727314284	1.0	NonTarget	1	334088
1305.155772685714	1.0	NonTarget	1	334120
1305.2807726399997	1.0	NonTarget	1	334152
1305.4057725942855	1.0	NonTarget	1	334184
1305.5307725485711	1.0	NonTarget	1	334216
1305.655772502857	1.0	NonTarget	1	334248
1305.7807724571426	1.0	NonTarget	1	334280
1305.9057724114284	1.0	NonTarget	1	334312
1306.030772365714	1.0	NonTarget	1	334344
1306.1557723199999	1.0	NonTarget	1	334376
1306.2807722742855	1.0	NonTarget	1	334408
1306.405772228571	1.0	NonTarget	1	334440
1306.530772182857	1.0	NonTarget	1	334472
1306.6557721371425	1.0	NonTarget	1	334504
1306.7807720914284	1.0	NonTarget	1	334536
1306.905772045714	1.0	NonTarget	1	334568
1307.0307719999998	1.0	NonTarget	1	334600
1307.1557719542855	1.0	NonTarget	1	334632
1307.2807719085713	1.0	NonTarget	1	334664
1307.405771862857	1.0	NonTarget	1	334696
1307.5307718171425	1.0	NonTarget	1	334728
1307.6557717714284	1.0	NonTarget	1	334760
1307.780771725714	1.0	NonTarget	1	334792
1307.9057716799998	1.0	NonTarget	1	334824
1308.0307716342854	1.0	NonTarget	1	334856
1308.1557715885713	1.0	NonTarget	1	334888
1308.2807715428569	1.0	NonTarget	1	334920
1308.4057714971427	1.0	NonTarget	1	334952
1308.5307714514283	1.0	NonTarget	1	334984
1308.655771405714	1.0	NonTarget	1	335016
1308.7807713599998	1.0	NonTarget	1	335048
1308.9057713142854	1.0	NonTarget	1	335080
1309.0307712685712	1.0	NonTarget	1	335112
1309.1557712228569	1.0	NonTarget	1	335144
1309.2807711771427	1.0	NonTarget	1	335176
1309.4057711314283	1.0	NonTarget	1	335208
1309.5307710857142	1.0	NonTarget	1	335240
1309.6557710399998	1.0	NonTarget	1	335272
1309.7807709942854	1.0	NonTarget	1	335304
1309.9057709485712	1.0	NonTarget	1	335336
1310.0307709028568	1.0	NonTarget	1	335368
1310.1557708571427	1.0	NonTarget	1	335400
1310.2807708114283	1.0	NonTarget	1	335432
1310.4057707657141	1.0	NonTarget	1	335464
1310.5307707199997	1.0	NonTarget	1	335496
1310.6557706742856	1.0	NonTarget	1	335528
1310.7807706285712	1.0	NonTarget	1	335560
1310.9057705828568	1.0	NonTarget	1	335592
1311.0307705371426	1.0	NonTarget	1	335624
1311.1557704914283	1.0	NonTarget	1	335656
1311.280770445714	1.0	NonTarget	1	335688
1311.4057703999997	1.0	NonTarget	1	335720
1311.5307703542856	1.0	NonTarget	1	335752
1311.6557703085712	1.0	NonTarget	1	335784
1311.780770262857	1.0	NonTarget	1	335816
1311.9057702171426	1.0	NonTarget	1	335848
1312.0307701714282	1.0	NonTarget	1	335880
1312.155770125714	1.0	NonTarget	1	335912
1312.2807700799997	1.0	NonTarget	1	335944
1312.4057700342855	1.0	NonTarget	1	335976
1318.5307677942856	1.0	NonTarget	1	337544
1318.6557677485712	1.0	NonTarget	1	337576
1318.780767702857	1.0	NonTarget	1	337608
1318.9057676571426	1.0	NonTarget	1	337640
1319.0307676114282	1.0	NonTarget	1	337672
1319.155767565714	1.0	NonTarget	1	337704
1319.2807675199997	1.0	NonTarget	1	337736
1319.4057674742855	1.0	NonTarget	1	337768
1319.5307674285712	1.0	NonTarget	1	337800
1319.655767382857	1.0	NonTarget	1	337832
1319.7807673371426	1.0	NonTarget	1	337864
1319.9057672914284	1.0	NonTarget	1	337896
1320.030767245714	1.0	NonTarget	1	337928
1320.1557671999997	1.0	NonTarget	1	337960
1320.2807671542855	1.0	NonTarget	1	337992
1320.4057671085711	1.0	NonTarget	1	338024
1320.530767062857	1.0	NonTarget	1	338056
1320.6557670171426	1.0	NonTarget	1	338088
1320.7807669714284	1.0	NonTarget	1	338120
1320.905766925714	1.0	NonTarget	1	338152
1321.0307668799999	1.0	NonTarget	1	338184
1321.1557668342855	1.0	NonTarget	1	338216
1321.280766788571	1.0	NonTarget	1	338248
1321.405766742857	1.0	NonTarget	1	338280
1321.5307666971426	1.0	NonTarget	1	338312
1321.6557666514284	1.0	NonTarget	1	338344
1321.780766605714	1.0	NonTarget	1	338376
1321.9057665599998	1.0	NonTarget	1	338408
1322.0307665142855	1.0	NonTarget	1	338440
1322.1557664685713	1.0	NonTarget	1	338472
1322.280766422857	1.0	NonTarget	1	338504
1322.4057663771425	1.0	NonTarget	1	338536
1322.5307663314284	1.0	NonTarget	1	338568
1322.655766285714	1.0	NonTarget	1	338600
1322.7807662399998	1.0	NonTarget	1	338632
1322.9057661942854	1.0	NonTarget	1	338664
1323.0307661485713	1.0	NonTarget	1	338696
1323.155766102857	1.0	NonTarget	1	338728
1323.2807660571427	1.0	NonTarget	1	338760
1323.4057660114283	1.0	NonTarget	1	338792
1323.530765965714	1.0	NonTarget	1	338824
1323.6557659199998	1.0	NonTarget	1	338856
1323.7807658742854	1.0	NonTarget	1	338888
1323.9057658285712	1.0	NonTarget	1	338920
1324.0307657828569	1.0	NonTarget	1	338952
1324.1557657371427	1.0	NonTarget	1	338984
1324.2807656914283	1.0	NonTarget	1	339016
1324.4057656457142	1.0	NonTarget	1	339048
1324.5307655999998	1.0	NonTarget	1	339080
1324.6557655542854	1.0	NonTarget	1	339112
1324.7807655085712	1.0	NonTarget	1	339144
1324.9057654628568	1.0	NonTarget	1	339176
1325.0307654171427	1.0	NonTarget	1	339208
1325.1557653714283	1.0	NonTarget	1	339240
1325.2807653257141	1.0	NonTarget	1	339272
1325.4057652799997	1.0	NonTarget	1	339304
1325.5307652342856	1.0	NonTarget	1	339336
1325.6557651885712	1.0	NonTarget	1	339368
1325.7807651428568	1.0	NonTarget	1	339400
1325.9057650971426	1.0	NonTarget	1	339432
1326.0307650514283	1.0	NonTarget	1	339464
1326.155765005714	1.0	NonTarget	1	339496
1326.2807649599997	1.0	NonTarget	1	339528
1326.4057649142856	1.0	NonTarget	1	339560
1326.5307648685712	1.0	NonTarget	1	339592
1326.655764822857	1.0	NonTarget	1	339624
1326.7807647771426	1.0	NonTarget	1	339656
1326.9057647314282	1.0	NonTarget	1	339688
1327.030764685714	1.0	NonTarget	1	339720
1327.1557646399997	1.0	NonTarget	1	339752
1327.2807645942855	1.0	NonTarget	1	339784
1327.4057645485711	1.0	NonTarget	1	339816
1327.530764502857	1.0	NonTarget	1	339848
1327.6557644571426	1.0	NonTarget	1	339880
1327.7807644114284	1.0	NonTarget	1	339912
1327.905764365714	1.0	NonTarget	1	339944
1328.0307643199997	1.0	NonTarget	1	339976
1328.1557642742855	1.0	NonTarget	1	340008
1328.2807642285711	1.0	NonTarget	1	340040
1328.405764182857	1.0	NonTarget	1	340072
1328.5307641371426	1.0	NonTarget	1	340104
1328.6557640914284	1.0	NonTarget	1	340136
1328.780764045714	1.0	NonTarget	1	340168
1328.9057639999999	1.0	NonTarget	1	340200
1329.0307639542855	1.0	NonTarget	1	340232
1329.155763908571	1.0	NonTarget	1	340264
1329.280763862857	1.0	NonTarget	1	340296
1329.4057638171425	1.0	NonTarget	1	340328
1329.5307637714284	1.0	NonTarget	1	340360
1329.655763725714	1.0	NonTarget	1	340392
1329.7807636799998	1.0	NonTarget	1	340424
1329.9057636342854	1.0	NonTarget	1	340456
1330.0307635885713	1.0	NonTarget	1	340488
1330.155763542857	1.0	NonTarget	1	340520
1330.2807634971425	1.0	NonTarget	1	340552
1330.4057634514284	1.0	NonTarget	1	340584
1336.5307612114284	1.0	NonTarget	1	342152
1336.655761165714	1.0	NonTarget	1	342184
1336.7807611199999	1.0	NonTarget	1	342216
1336.9057610742855	1.0	NonTarget	1	342248
1337.0307610285713	1.0	NonTarget	1	342280
1337.155760982857	1.0	NonTarget	1	342312
1337.2807609371425	1.0	NonTarget	1	342344
1337.4057608914284	1.0	NonTarget	1	342376
1337.530760845714	1.0	NonTarget	1	342408
1337.6557607999998	1.0	NonTarget	1	342440
1337.7807607542854	1.0	NonTarget	1	342472
1337.9057607085713	1.0	NonTarget	1	342504
1338.030760662857	1.0	NonTarget	1	342536
1338.1557606171427	1.0	NonTarget	1	342568
1338.2807605714283	1.0	NonTarget	1	342600
1338.405760525714	1.0	NonTarget	1	342632
1338.5307604799998	1.0	NonTarget	1	342664
1338.6557604342854	1.0	NonTarget	1	342696
1338.7807603885713	1.0	NonTarget	1	342728
1338.9057603428569	1.0	NonTarget	1	342760
1339.0307602971427	1.0	NonTarget	1	342792
1339.1557602514283	1.0	NonTarget	1	342824
1339.2807602057142	1.0	NonTarget	1	342856
1339.4057601599998	1.0	NonTarget	1	342888
1339.5307601142854	1.0	NonTarget	1	342920
1339.6557600685712	1.0	NonTarget	1	342952
1339.7807600228568	1.0	NonTarget	1	342984
1339.9057599771427	1.0	NonTarget	1	343016
1340.0307599314283	1.0	NonTarget	1	343048
1340.1557598857141	1.0	NonTarget	1	343080
1340.2807598399997	1.0	NonTarget	1	343112
1340.4057597942856	1.0	NonTarget	1	343144
1340.5307597485712	1.0	NonTarget	1	343176
1340.6557597028568	1.0	NonTarget	1	343208
1340.7807596571427	1.0	NonTarget	1	343240
1340.9057596114283	1.0	NonTarget	1	343272
1341.030759565714	1.0	NonTarget	1	343304
1341.1557595199997	1.0	NonTarget	1	343336
1341.2807594742856	1.0	NonTarget	1	343368
1341.4057594285712	1.0	NonTarget	1	343400
1341.530759382857	1.0	NonTarget	1	343432
1341.6557593371426	1.0	NonTarget	1	343464
1341.7807592914282	1.0	NonTarget	1	343496
1341.905759245714	1.0	NonTarget	1	343528
1342.0307591999997	1.0	NonTarget	1	343560
1342.1557591542855	1.0	NonTarget	1	343592
1342.2807591085711	1.0	NonTarget	1	343624
1342.405759062857	1.0	NonTarget	1	343656
1342.5307590171426	1.0	NonTarget	1	343688
1342.6557589714284	1.0	NonTarget	1	343720
1342.780758925714	1.0	NonTarget	1	343752
1342.9057588799997	1.0	NonTarget	1	343784
1343.0307588342855	1.0	NonTarget	1	343816
1343.1557587885711	1.0	NonTarget	1	343848
1343.280758742857	1.0	NonTarget	1	343880
1343.4057586971426	1.0	NonTarget	1	343912
1343.5307586514284	1.0	NonTarget	1	343944
1343.655758605714	1.0	NonTarget	1	343976
1343.7807585599999	1.0	NonTarget	1	344008
1343.9057585142855	1.0	NonTarget	1	344040
1344.030758468571	1.0	NonTarget	1	344072
1344.155758422857	1.0	NonTarget	1	344104
1344.2807583771425	1.0	NonTarget	1	344136
1344.4057583314284	1.0	NonTarget	1	344168
1344.530758285714	1.0	NonTarget	1	344200
1344.6557582399998	1.0	NonTarget	1	344232
1344.7807581942855	1.0	NonTarget	1	344264
1344.9057581485713	1.0	NonTarget	1	344296
1345.030758102857	1.0	NonTarget	1	344328
1345.1557580571425	1.0	NonTarget	1	344360
1345.2807580114284	1.0	NonTarget	1	344392
1345.405757965714	1.0	NonTarget	1	344424
1345.5307579199998	1.0	NonTarget	1	344456
1345.6557578742854	1.0	NonTarget	1	344488
1345.7807578285713	1.0	NonTarget	1	344520
1345.9057577828569	1.0	NonTarget	1	344552
1346.0307577371427	1.0	NonTarget	1	344584
1346.1557576914283	1.0	NonTarget	1	344616
1346.280757645714	1.0	NonTarget	1	344648
1346.4057575999998	1.0	NonTarget	1	344680
1346.5307575542854	1.0	NonTarget	1	344712
1346.6557575085712	1.0	NonTarget	1	344744
1346.7807574628569	1.0	NonTarget	1	344776
1346.9057574171427	1.0	NonTarget	1	344808
1347.0307573714283	1.0	NonTarget	1	344840
1347.1557573257141	1.0	NonTarget	1	344872
1347.2807572799998	1.0	NonTarget	1	344904
1347.4057572342854	1.0	NonTarget	1	344936
1347.5307571885712	1.0	NonTarget	1	344968
1347.6557571428568	1.0	NonTarget	1	345000
1347.7807570971427	1.0	NonTarget	1	345032
1347.9057570514283	1.0	NonTarget	1	345064
1348.0307570057141	1.0	NonTarget	1	345096
1348.1557569599997	1.0	NonTarget	1	345128
1348.2807569142856	1.0	NonTarget	1	345160
1348.4057568685712	1.0	NonTarget	1	345192
1354.5307546285712	1.0	NonTarget	1	346760
1354.6557545828568	1.0	NonTarget	1	346792
1354.7807545371427	1.0	NonTarget	1	346824
1354.9057544914283	1.0	NonTarget	1	346856
1355.0307544457141	1.0	NonTarget	1	346888
1355.1557543999998	1.0	NonTarget	1	346920
1355.2807543542854	1.0	NonTarget	1	346952
1355.4057543085712	1.0	NonTarget	1	346984
1355.5307542628568	1.0	NonTarget	1	347016
1355.6557542171427	1.0	NonTarget	1	347048
1355.7807541714283	1.0	NonTarget	1	347080
1355.905754125714	1.0	NonTarget	1	347112
1356.0307540799997	1.0	NonTarget	1	347144
1356.1557540342856	1.0	NonTarget	1	347176
1356.2807539885712	1.0	NonTarget	1	347208
1356.405753942857	1.0	NonTarget	1	347240
1356.5307538971426	1.0	NonTarget	1	347272
1356.6557538514282	1.0	NonTarget	1	347304
1356.780753805714	1.0	NonTarget	1	347336
1356.9057537599997	1.0	NonTarget	1	347368
1357.0307537142855	1.0	NonTarget	1	347400
1357.1557536685712	1.0	NonTarget	1	347432
1357.280753622857	1.0	NonTarget	1	347464
1357.4057535771426	1.0	NonTarget	1	347496
1357.5307535314284	1.0	NonTarget	1	347528
1357.655753485714	1.0	NonTarget	1	347560
1357.7807534399997	1.0	NonTarget	1	347592
1357.9057533942855	1.0	NonTarget	1	347624
1358.0307533485711	1.0	NonTarget	1	347656
1358.155753302857	1.0	NonTarget	1	347688
1358.2807532571426	1.0	NonTarget	1	347720
1358.4057532114284	1.0	NonTarget	1	347752
1358.530753165714	1.0	NonTarget	1	347784
1358.6557531199999	1.0	NonTarget	1	347816
1358.7807530742855	1.0	NonTarget	1	347848
1358.905753028571	1.0	NonTarget	1	347880
1359.030752982857	1.0	NonTarget	1	347912
1359.1557529371426	1.0	NonTarget	1	347944
1359.2807528914284	1.0	NonTarget	1	347976
1359.405752845714	1.0	NonTarget	1	348008
1359.5307527999998	1.0	NonTarget	1	348040
1359.6557527542855	1.0	NonTarget	1	348072
1359.7807527085713	1.0	NonTarget	1	348104
1359.905752662857	1.0	NonTarget	1	348136
1360.0307526171425	1.0	NonTarget	1	348168
1360.1557525714284	1.0	NonTarget	1	348200
1360.280752525714	1.0	NonTarget	1	348232
1360.4057524799998	1.0	NonTarget	1	348264
1360.5307524342854	1.0	NonTarget	1	348296
1360.6557523885713	1.0	NonTarget	1	348328
1360.7807523428569	1.0	NonTarget	1	348360
1360.9057522971427	1.0	NonTarget	1	348392
1361.0307522514283	1.0	NonTarget	1	348424
1361.155752205714	1.0	NonTarget	1	348456
1361.2807521599998	1.0	NonTarget	1	348488
1361.4057521142854	1.0	NonTarget	1	348520
1361.5307520685712	1.0	NonTarget	1	348552
1361.6557520228569	1.0	NonTarget	1	348584
1361.7807519771427	1.0	NonTarget	1	348616
1361.9057519314283	1.0	NonTarget	1	348648
1362.0307518857142	1.0	NonTarget	1	348680
1362.1557518399998	1.0	NonTarget	1	348712
1362.2807517942854	1.0	NonTarget	1	348744
1362.4057517485712	1.0	NonTarget	1	348776
1362.5307517028568	1.0	NonTarget	1	348808
1362.6557516571427	1.0	NonTarget	1	348840
1362.7807516114283	1.0	NonTarget	1	348872
1362.9057515657141	1.0	NonTarget	1	348904
1363.0307515199997	1.0	NonTarget	1	348936
1363.1557514742856	1.0	NonTarget	1	348968
1363.2807514285712	1.0	NonTarget	1	349000
1363.4057513828568	1.0	NonTarget	1	349032
1363.5307513371426	1.0	NonTarget	1	349064
1363.6557512914283	1.0	NonTarget	1	349096
1363.780751245714	1.0	NonTarget	1	349128
1363.9057511999997	1.0	NonTarget	1	349160
1364.0307511542856	1.0	NonTarget	1	349192
1364.1557511085712	1.0	NonTarget	1	349224
1364.280751062857	1.0	NonTarget	1	349256
1364.4057510171426	1.0	NonTarget	1	349288
1364.5307509714282	1.0	NonTarget	1	349320
1364.655750925714	1.0	NonTarget	1	349352
1364.7807508799997	1.0	NonTarget	1	349384
1364.9057508342855	1.0	NonTarget	1	349416
1365.0307507885711	1.0	NonTarget	1	349448
1365.155750742857	1.0	NonTarget	1	349480
1365.2807506971426	1.0	NonTarget	1	349512
1365.4057506514284	1.0	NonTarget	1	349544
1365.530750605714	1.0	NonTarget	1	349576
1365.6557505599997	1.0	NonTarget	1	349608
1365.7807505142855	1.0	NonTarget	1	349640
1365.9057504685711	1.0	NonTarget	1	349672
1366.030750422857	0.96875	NonTarget	1	349704
1366.1557503771426	0.84375	NonTarget	1	349736
1366.2807503314284	0.71875	NonTarget	1	349768
1366.405750285714	0.59375	NonTarget	1	349800
